date,open,high,low,close,volume,trading_value,change_rate,individual_net,foreign_net,institution_net,pension_net,trust_net,privateequity_net,insurance_net,bank_net,financial_net,other_corp_net,other_foreign_net,other_finance_net
2016-05-25,106224,106714,104755,105735,209914,0,0.9346,0,0,0,0,0,0,0,0,0,0,0,0
2016-05-26,106225,107204,105245,106225,103166,0,0.4634,0,0,0,0,0,0,0,0,0,0,0,0
2016-05-27,106224,106224,105245,105735,74433,0,-0.4613,0,0,0,0,0,0,0,0,0,0,0,0
2016-05-30,104756,105245,104266,104756,91584,0,-0.9259,0,0,0,0,0,0,0,0,0,0,0,0
2016-05-31,104756,112099,104756,110141,565372,0,5.1405,0,0,0,0,0,0,0,0,0,0,0,0
2016-06-01,110140,115525,109650,114546,545751,0,3.9994,0,0,0,0,0,0,0,0,0,0,0,0
2016-06-02,114545,116993,114056,115525,411348,0,0.8547,0,0,0,0,0,0,0,0,0,0,0,0
2016-06-03,116015,116504,108672,109162,609309,0,-5.5079,0,0,0,0,0,0,0,0,0,0,0,0
2016-06-07,116015,117973,113567,116015,699564,0,6.2778,0,0,0,0,0,0,0,0,0,0,0,0
2016-06-08,116014,116014,104755,106714,1251575,0,-8.0171,0,0,0,0,0,0,0,0,0,0,0,0
2016-06-09,108671,111119,106224,109651,612808,0,2.7522,0,0,0,0,0,0,0,0,0,0,0,0
2016-06-10,110141,110141,107693,108183,194869,0,-1.3388,0,0,0,0,0,0,0,0,0,0,0,0
2016-06-13,106713,111609,106224,110630,290360,0,2.2619,0,0,0,0,0,0,0,0,0,0,0,0
2016-06-14,110630,111120,108182,108183,196212,0,-2.2119,0,0,0,0,0,0,0,0,0,0,0,0
2016-06-15,107203,109651,106714,106714,157764,0,-1.3579,0,0,0,0,0,0,0,0,0,0,0,0
2016-06-16,108182,108672,106714,106714,145828,0,0.0,0,0,0,0,0,0,0,0,0,0,0,0
2016-06-17,107203,108672,105734,106714,173441,0,0.0,0,0,0,0,0,0,0,0,0,0,0,0
2016-06-20,108182,110630,107693,110141,170036,0,3.2114,0,0,0,0,0,0,0,0,0,0,0,0
2016-06-21,105245,108672,102798,108183,417368,0,-1.7777,0,0,0,0,0,0,0,0,0,0,0,0
2016-06-22,108182,108182,105735,105735,312334,0,-2.2628,0,0,0,0,0,0,0,0,0,0,0,0
2016-06-23,106224,108182,105734,107693,159341,0,1.8518,0,0,0,0,0,0,0,0,0,0,0,0
2016-06-24,109162,109162,101819,103288,494489,0,-4.0903,0,0,0,0,0,0,0,0,0,0,0,0
2016-06-27,99860,102798,99371,100840,293563,0,-2.3701,0,0,0,0,0,0,0,0,0,0,0,0
2016-06-28,99371,100350,97902,99371,240894,0,-1.4568,0,0,0,0,0,0,0,0,0,0,0,0
2016-06-29,101818,105245,100350,103777,287548,0,4.4339,0,0,0,0,0,0,0,0,0,0,0,0
2016-06-30,105245,107203,104266,105735,257909,0,1.8867,0,0,0,0,0,0,0,0,0,0,0,0
2016-07-01,105245,106225,104756,106225,130595,0,0.4634,0,0,0,0,0,0,0,0,0,0,0,0
2016-07-04,105734,108672,105734,108672,142494,0,2.3036,0,0,0,0,0,0,0,0,0,0,0,0
2016-07-05,108182,109162,107203,108183,145225,0,-0.45,0,0,0,0,0,0,0,0,0,0,0,0
2016-07-06,108183,108183,103777,105246,212338,0,-2.7148,0,0,0,0,0,0,0,0,0,0,0,0
2016-07-07,106714,106714,105245,106714,79026,0,1.3948,0,0,0,0,0,0,0,0,0,0,0,0
2016-07-08,106713,107692,101328,102308,300732,0,-4.1288,0,0,0,0,0,0,0,0,0,0,0,0
2016-07-11,102308,104756,101329,103777,314293,0,1.4359,0,0,0,0,0,0,0,0,0,0,0,0
2016-07-12,101329,103287,100350,102798,347905,0,-0.9434,0,0,0,0,0,0,0,0,0,0,0,0
2016-07-13,103777,104267,102798,103288,146623,0,0.4767,0,0,0,0,0,0,0,0,0,0,0,0
2016-07-14,102797,106224,102797,105735,239179,0,2.3691,0,0,0,0,0,0,0,0,0,0,0,0
2016-07-15,114057,114546,105245,106225,871692,0,0.4634,0,0,0,0,0,0,0,0,0,0,0,0
2016-07-18,106714,108672,105245,105735,190943,0,-0.4613,0,0,0,0,0,0,0,0,0,0,0,0
2016-07-19,106714,107204,104756,105246,158228,0,-0.4625,0,0,0,0,0,0,0,0,0,0,0,0
2016-07-20,104756,104756,102798,102798,183174,0,-2.326,0,0,0,0,0,0,0,0,0,0,0,0
2016-07-21,102798,105735,102798,105246,178754,0,2.3814,0,0,0,0,0,0,0,0,0,0,0,0
2016-07-22,105245,106224,104756,104756,96127,0,-0.4656,0,0,0,0,0,0,0,0,0,0,0,0
2016-07-25,105245,105735,104266,104756,113028,0,0.0,0,0,0,0,0,0,0,0,0,0,0,0
2016-07-26,104266,105735,104266,104756,103372,0,0.0,0,0,0,0,0,0,0,0,0,0,0,0
2016-07-27,104756,105735,104756,105246,92754,0,0.4678,0,0,0,0,0,0,0,0,0,0,0,0
2016-07-28,105245,107204,104266,107204,155362,0,1.8604,0,0,0,0,0,0,0,0,0,0,0,0
2016-07-29,106225,106714,102798,103288,324579,0,-3.6528,0,0,0,0,0,0,0,0,0,0,0,0
2016-08-01,103776,105735,103287,105735,181516,0,2.3691,0,0,0,0,0,0,0,0,0,0,0,0
2016-08-02,105735,105735,103776,104756,136819,0,-0.9259,0,0,0,0,0,0,0,0,0,0,0,0
2016-08-03,103776,110630,103776,109651,478225,0,4.6728,0,0,0,0,0,0,0,0,0,0,0,0
2016-08-04,110629,113567,110629,112588,460590,0,2.6785,0,0,0,0,0,0,0,0,0,0,0,0
2016-08-05,112098,114546,111609,114057,302169,0,1.3048,0,0,0,0,0,0,0,0,0,0,0,0
2016-08-08,113566,115525,112587,114546,230533,0,0.4287,0,0,0,0,0,0,0,0,0,0,0,0
2016-08-09,114056,116015,113567,115036,300072,0,0.4278,0,0,0,0,0,0,0,0,0,0,0,0
2016-08-10,115035,117483,114056,116994,320906,0,1.7021,0,0,0,0,0,0,0,0,0,0,0,0
2016-08-11,116993,117483,116014,117483,182628,0,0.418,0,0,0,0,0,0,0,0,0,0,0,0
2016-08-12,117973,117973,115035,116994,206672,0,-0.4162,0,0,0,0,0,0,0,0,0,0,0,0
2016-08-16,116504,116504,113078,113078,236528,0,-3.3472,0,0,0,0,0,0,0,0,0,0,0,0
2016-08-17,113566,116993,113077,115525,221611,0,2.164,0,0,0,0,0,0,0,0,0,0,0,0
2016-08-18,115035,117483,113566,116504,235036,0,0.8474,0,0,0,0,0,0,0,0,0,0,0,0
2016-08-19,116994,117483,115525,116015,151253,0,-0.4197,0,0,0,0,0,0,0,0,0,0,0,0
2016-08-22,117483,121400,117483,121400,431599,0,4.6416,0,0,0,0,0,0,0,0,0,0,0,0
2016-08-23,121400,121889,118462,119442,172755,0,-1.6129,0,0,0,0,0,0,0,0,0,0,0,0
2016-08-24,118952,120421,116504,118463,204683,0,-0.8196,0,0,0,0,0,0,0,0,0,0,0,0
2016-08-25,118462,119441,117483,118952,101792,0,0.4128,0,0,0,0,0,0,0,0,0,0,0,0
2016-08-26,118462,118951,116014,116504,174573,0,-2.058,0,0,0,0,0,0,0,0,0,0,0,0
2016-08-29,116504,117483,114546,115036,133524,0,-1.26,0,0,0,0,0,0,0,0,0,0,0,0
2016-08-30,115525,116993,113077,113567,181228,0,-1.277,0,0,0,0,0,0,0,0,0,0,0,0
2016-08-31,114057,115525,110630,113078,347543,0,-0.4306,0,0,0,0,0,0,0,0,0,0,0,0
2016-09-01,109162,110630,105245,106225,940597,0,-6.0604,0,0,0,0,0,0,0,0,0,0,0,0
2016-09-02,103287,106714,102308,106225,712530,0,0.0,0,0,0,0,0,0,0,0,0,0,0,0
2016-09-05,100840,105246,99371,103288,779634,0,-2.7649,0,0,0,0,0,0,0,0,0,0,0,0
2016-09-06,104266,106714,103777,106225,460667,0,2.8435,0,0,0,0,0,0,0,0,0,0,0,0
2016-09-07,106714,107204,103777,104267,284414,0,-1.8433,0,0,0,0,0,0,0,0,0,0,0,0
2016-09-08,104756,105246,102308,103288,387195,0,-0.9389,0,0,0,0,0,0,0,0,0,0,0,0
2016-09-09,102308,102308,100350,100350,252740,0,-2.8445,0,0,0,0,0,0,0,0,0,0,0,0
2016-09-12,95455,96336,94182,94476,639882,0,-5.8535,0,0,0,0,0,0,0,0,0,0,0,0
2016-09-13,95944,97315,95651,95847,451619,0,1.4512,0,0,0,0,0,0,0,0,0,0,0,0
2016-09-19,95945,97315,95945,96141,265020,0,0.3067,0,0,0,0,0,0,0,0,0,0,0,0
2016-09-20,96531,96531,94965,95259,228080,0,-0.9174,0,0,0,0,0,0,0,0,0,0,0,0
2016-09-21,95259,99371,95063,97903,467710,0,2.7756,0,0,0,0,0,0,0,0,0,0,0,0
2016-09-22,98881,98881,96433,97413,224584,0,-0.5005,0,0,0,0,0,0,0,0,0,0,0,0
2016-09-23,97902,98392,96140,96532,325450,0,-0.9044,0,0,0,0,0,0,0,0,0,0,0,0
2016-09-26,95944,97315,95259,96434,164925,0,-0.1015,0,0,0,0,0,0,0,0,0,0,0,0
2016-09-27,95650,97119,95650,96238,201922,0,-0.2032,0,0,0,0,0,0,0,0,0,0,0,0
2016-09-28,96532,97021,95749,95749,128776,0,-0.5081,0,0,0,0,0,0,0,0,0,0,0,0
2016-09-29,96042,96630,95945,95945,171607,0,0.2047,0,0,0,0,0,0,0,0,0,0,0,0
2016-09-30,96042,96140,93987,93987,279659,0,-2.0408,0,0,0,0,0,0,0,0,0,0,0,0
2016-10-04,94769,96238,94671,95357,239816,0,1.4576,0,0,0,0,0,0,0,0,0,0,0,0
2016-10-05,94573,94769,93301,93497,212692,0,-1.9506,0,0,0,0,0,0,0,0,0,0,0,0
2016-10-06,93497,94476,92910,94085,183443,0,0.6289,0,0,0,0,0,0,0,0,0,0,0,0
2016-10-07,94182,94280,93105,93693,111738,0,-0.4166,0,0,0,0,0,0,0,0,0,0,0,0
2016-10-10,93399,93399,90658,90658,351917,0,-3.2393,0,0,0,0,0,0,0,0,0,0,0,0
2016-10-11,91441,93301,91049,91637,332968,0,1.0799,0,0,0,0,0,0,0,0,0,0,0,0
2016-10-12,92616,94867,92518,93693,414801,0,2.2436,0,0,0,0,0,0,0,0,0,0,0,0
2016-10-13,94084,94476,92028,92714,195422,0,-1.0449,0,0,0,0,0,0,0,0,0,0,0,0
2016-10-14,92714,93399,91833,92029,135740,0,-0.7388,0,0,0,0,0,0,0,0,0,0,0,0
2016-10-17,91049,91538,90266,90462,194897,0,-1.7027,0,0,0,0,0,0,0,0,0,0,0,0
2016-10-18,90363,92419,89874,92322,171897,0,2.0561,0,0,0,0,0,0,0,0,0,0,0,0
2016-10-19,92713,93105,91147,91539,167947,0,-0.8481,0,0,0,0,0,0,0,0,0,0,0,0
2016-10-20,91049,92322,91049,91539,173077,0,0.0,0,0,0,0,0,0,0,0,0,0,0,0
2016-10-21,91832,91832,90462,90658,163577,0,-0.9624,0,0,0,0,0,0,0,0,0,0,0,0
2016-10-24,90657,91245,90462,90560,191850,0,-0.1081,0,0,0,0,0,0,0,0,0,0,0,0
2016-10-25,90657,91147,90364,90364,148922,0,-0.2164,0,0,0,0,0,0,0,0,0,0,0,0
2016-10-26,90364,90364,87231,87427,312656,0,-3.2502,0,0,0,0,0,0,0,0,0,0,0,0
2016-10-27,87426,88405,87328,88112,271556,0,0.7835,0,0,0,0,0,0,0,0,0,0,0,0
2016-10-28,91441,91735,90364,91050,595049,0,3.3344,0,0,0,0,0,0,0,0,0,0,0,0
2016-10-31,90657,92713,90266,92322,493560,0,1.397,0,0,0,0,0,0,0,0,0,0,0,0
2016-11-01,92713,92713,91147,92616,277143,0,0.3185,0,0,0,0,0,0,0,0,0,0,0,0
2016-11-02,92126,92615,91441,91441,336352,0,-1.2687,0,0,0,0,0,0,0,0,0,0,0,0
2016-11-03,91049,92714,90756,91931,187461,0,0.5359,0,0,0,0,0,0,0,0,0,0,0,0
2016-11-04,92420,92420,91441,91735,144838,0,-0.2132,0,0,0,0,0,0,0,0,0,0,0,0
2016-11-07,92518,93007,91637,92812,241282,0,1.174,0,0,0,0,0,0,0,0,0,0,0,0
2016-11-08,93007,93203,92224,92812,266255,0,0.0,0,0,0,0,0,0,0,0,0,0,0,0
2016-11-09,93007,93301,90364,91539,428358,0,-1.3716,0,0,0,0,0,0,0,0,0,0,0,0
2016-11-10,92224,92420,91441,91735,292205,0,0.2141,0,0,0,0,0,0,0,0,0,0,0,0
2016-11-11,91049,91343,89580,90364,214797,0,-1.4945,0,0,0,0,0,0,0,0,0,0,0,0
2016-11-14,89776,90657,89091,90266,219907,0,-0.1085,0,0,0,0,0,0,0,0,0,0,0,0
2016-11-15,90364,95259,90364,92812,533193,0,2.8206,0,0,0,0,0,0,0,0,0,0,0,0
2016-11-16,93497,93693,92420,92714,198655,0,-0.1056,0,0,0,0,0,0,0,0,0,0,0,0
2016-11-17,92713,93301,92028,93301,245217,0,0.6331,0,0,0,0,0,0,0,0,0,0,0,0
2016-11-18,92713,92811,90364,91441,286031,0,-1.9935,0,0,0,0,0,0,0,0,0,0,0,0
2016-11-21,91833,91931,89679,90952,162122,0,-0.5348,0,0,0,0,0,0,0,0,0,0,0,0
2016-11-22,90559,92028,90559,91539,124457,0,0.6454,0,0,0,0,0,0,0,0,0,0,0,0
2016-11-23,90658,92028,90658,91931,96774,0,0.4282,0,0,0,0,0,0,0,0,0,0,0,0
2016-11-24,90559,91440,88210,88308,348044,0,-3.941,0,0,0,0,0,0,0,0,0,0,0,0
2016-11-25,87916,88993,86252,88798,234056,0,0.5549,0,0,0,0,0,0,0,0,0,0,0,0
2016-11-28,88504,91147,88210,89581,159517,0,0.8818,0,0,0,0,0,0,0,0,0,0,0,0
2016-11-29,89189,91441,89091,91050,158510,0,1.6399,0,0,0,0,0,0,0,0,0,0,0,0
2016-11-30,91049,91147,90070,90364,234756,0,-0.7534,0,0,0,0,0,0,0,0,0,0,0,0
2016-12-01,89972,90364,89679,89875,133536,0,-0.5411,0,0,0,0,0,0,0,0,0,0,0,0
2016-12-02,89287,90070,88601,89385,190939,0,-0.5452,0,0,0,0,0,0,0,0,0,0,0,0
2016-12-05,88700,88798,87721,87917,211403,0,-1.6423,0,0,0,0,0,0,0,0,0,0,0,0
2016-12-06,87721,89091,87721,88015,186280,0,0.1115,0,0,0,0,0,0,0,0,0,0,0,0
2016-12-07,87721,89385,87721,88798,197084,0,0.8896,0,0,0,0,0,0,0,0,0,0,0,0
2016-12-08,89580,93497,89580,92518,421870,0,4.1893,0,0,0,0,0,0,0,0,0,0,0,0
2016-12-09,92518,92616,91539,91931,272048,0,-0.6345,0,0,0,0,0,0,0,0,0,0,0,0
2016-12-12,93203,95552,93203,94280,407118,0,2.5552,0,0,0,0,0,0,0,0,0,0,0,0
2016-12-13,94378,96336,94378,95749,306610,0,1.5581,0,0,0,0,0,0,0,0,0,0,0,0
2016-12-14,96042,96140,94965,95651,309027,0,-0.1024,0,0,0,0,0,0,0,0,0,0,0,0
2016-12-15,95651,100350,94867,99861,519305,0,4.4014,0,0,0,0,0,0,0,0,0,0,0,0
2016-12-16,99371,102308,98392,101819,462366,0,1.9607,0,0,0,0,0,0,0,0,0,0,0,0
2016-12-19,101329,105735,101329,105246,493636,0,3.3658,0,0,0,0,0,0,0,0,0,0,0,0
2016-12-20,105245,108672,104266,107693,441996,0,2.325,0,0,0,0,0,0,0,0,0,0,0,0
2016-12-21,107203,108182,104755,105735,365060,0,-1.8181,0,0,0,0,0,0,0,0,0,0,0,0
2016-12-22,104756,105735,103287,104267,240799,0,-1.3884,0,0,0,0,0,0,0,0,0,0,0,0
2016-12-23,103777,106714,103777,106225,226761,0,1.8779,0,0,0,0,0,0,0,0,0,0,0,0
2016-12-26,106225,107204,105245,106225,147912,0,0.0,0,0,0,0,0,0,0,0,0,0,0,0
2016-12-27,106224,107204,105735,107204,127247,0,0.9216,0,0,0,0,0,0,0,0,0,0,0,0
2016-12-28,106225,107204,104756,105246,182304,0,-1.8264,0,0,0,0,0,0,0,0,0,0,0,0
2016-12-29,104266,106714,101818,106714,182154,0,1.3948,0,0,0,0,0,0,0,0,0,0,0,0
2017-01-02,101329,105245,99860,103777,352444,0,-2.7522,0,0,0,0,0,0,0,0,0,0,0,0
2017-01-03,103287,107693,103287,107693,279864,0,3.7735,0,0,0,0,0,0,0,0,0,0,0,0
2017-01-04,107693,108672,105735,106225,231636,0,-1.3631,0,0,0,0,0,0,0,0,0,0,0,0
2017-01-05,106713,110140,106224,109651,230586,0,3.2252,0,0,0,0,0,0,0,0,0,0,0,0
2017-01-06,109161,111609,108671,110630,219065,0,0.8928,0,0,0,0,0,0,0,0,0,0,0,0
2017-01-09,111119,114056,110629,113567,295948,0,2.6548,0,0,0,0,0,0,0,0,0,0,0,0
2017-01-10,113567,115525,112588,114057,283110,0,0.4315,0,0,0,0,0,0,0,0,0,0,0,0
2017-01-11,113077,114057,113077,114057,172714,0,0.0,0,0,0,0,0,0,0,0,0,0,0,0
2017-01-12,114057,114546,112588,114057,178006,0,0.0,0,0,0,0,0,0,0,0,0,0,0,0
2017-01-13,112588,115525,112588,115036,207837,0,0.8583,0,0,0,0,0,0,0,0,0,0,0,0
2017-01-16,114546,114546,110630,111120,242972,0,-3.4042,0,0,0,0,0,0,0,0,0,0,0,0
2017-01-17,109650,113077,109161,111609,199308,0,0.4401,0,0,0,0,0,0,0,0,0,0,0,0
2017-01-18,111120,112588,109651,110141,195907,0,-1.3153,0,0,0,0,0,0,0,0,0,0,0,0
2017-01-19,111120,111609,103288,103288,709747,0,-6.222,0,0,0,0,0,0,0,0,0,0,0,0
2017-01-20,103287,106225,102798,105246,208300,0,1.8957,0,0,0,0,0,0,0,0,0,0,0,0
2017-01-23,104267,105246,102308,104267,302735,0,-0.9302,0,0,0,0,0,0,0,0,0,0,0,0
2017-01-24,104755,108672,104755,107693,348167,0,3.2858,0,0,0,0,0,0,0,0,0,0,0,0
2017-01-25,107203,113567,106714,110141,483751,0,2.2731,0,0,0,0,0,0,0,0,0,0,0,0
2017-01-26,112098,115525,111608,113567,441562,0,3.1106,0,0,0,0,0,0,0,0,0,0,0,0
2017-01-31,113078,114546,111119,113078,198477,0,-0.4306,0,0,0,0,0,0,0,0,0,0,0,0
2017-02-01,114056,116504,113077,115525,295527,0,2.164,0,0,0,0,0,0,0,0,0,0,0,0
2017-02-02,114546,116504,114056,116015,323890,0,0.4242,0,0,0,0,0,0,0,0,0,0,0,0
2017-02-03,116015,116504,114546,116015,304159,0,0.0,0,0,0,0,0,0,0,0,0,0,0,0
2017-02-06,117483,119931,115525,119442,391903,0,2.9539,0,0,0,0,0,0,0,0,0,0,0,0
2017-02-07,119931,120421,118462,120421,221564,0,0.8196,0,0,0,0,0,0,0,0,0,0,0,0
2017-02-08,119931,120420,118951,119931,373248,0,-0.4069,0,0,0,0,0,0,0,0,0,0,0,0
2017-02-09,119931,123358,119441,123358,431975,0,2.8575,0,0,0,0,0,0,0,0,0,0,0,0
2017-02-10,123358,124337,121889,122379,418142,0,-0.7936,0,0,0,0,0,0,0,0,0,0,0,0
2017-02-13,120420,122379,119441,121400,413365,0,-0.8,0,0,0,0,0,0,0,0,0,0,0,0
2017-02-14,121888,125315,121399,122868,405800,0,1.2092,0,0,0,0,0,0,0,0,0,0,0,0
2017-02-15,121889,124826,121889,124337,366719,0,1.1956,0,0,0,0,0,0,0,0,0,0,0,0
2017-02-16,124826,125316,119441,120421,393467,0,-3.1495,0,0,0,0,0,0,0,0,0,0,0,0
2017-02-17,117973,121889,117973,121400,235952,0,0.813,0,0,0,0,0,0,0,0,0,0,0,0
2017-02-20,121399,122868,119930,120910,171354,0,-0.4036,0,0,0,0,0,0,0,0,0,0,0,0
2017-02-21,119931,123358,119931,122379,211245,0,1.215,0,0,0,0,0,0,0,0,0,0,0,0
2017-02-22,122868,123358,120421,120421,143645,0,-1.5999,0,0,0,0,0,0,0,0,0,0,0,0
2017-02-23,120909,123357,120909,122868,201308,0,2.032,0,0,0,0,0,0,0,0,0,0,0,0
2017-02-24,122379,122868,120910,122379,161047,0,-0.398,0,0,0,0,0,0,0,0,0,0,0,0
2017-02-27,122868,127763,122868,124337,361197,0,1.5999,0,0,0,0,0,0,0,0,0,0,0,0
2017-02-28,125315,126784,124826,126295,378261,0,1.5748,0,0,0,0,0,0,0,0,0,0,0,0
2017-03-02,125805,127274,124336,126295,274847,0,0.0,0,0,0,0,0,0,0,0,0,0,0,0
2017-03-03,125316,125316,121399,122379,188271,0,-3.1007,0,0,0,0,0,0,0,0,0,0,0,0
2017-03-06,121889,122868,119931,122379,150594,0,0.0,0,0,0,0,0,0,0,0,0,0,0,0
2017-03-07,122379,122868,121399,122379,180623,0,0.0,0,0,0,0,0,0,0,0,0,0,0,0
2017-03-08,122868,130211,122378,127274,667780,0,3.9999,0,0,0,0,0,0,0,0,0,0,0,0
2017-03-09,127273,128252,124826,124826,328445,0,-1.9234,0,0,0,0,0,0,0,0,0,0,0,0
2017-03-10,125315,125805,122378,123847,331261,0,-0.7843,0,0,0,0,0,0,0,0,0,0,0,0
2017-03-13,123847,128253,123357,128253,245372,0,3.5576,0,0,0,0,0,0,0,0,0,0,0,0
2017-03-14,129231,132168,127762,130700,402368,0,1.9079,0,0,0,0,0,0,0,0,0,0,0,0
2017-03-15,131189,133147,130210,132658,325547,0,1.4981,0,0,0,0,0,0,0,0,0,0,0,0
2017-03-16,134616,134616,129721,133148,402805,0,0.3694,0,0,0,0,0,0,0,0,0,0,0,0
2017-03-17,131679,134127,131189,133148,254775,0,0.0,0,0,0,0,0,0,0,0,0,0,0,0
2017-03-20,133148,133637,130700,131190,127245,0,-1.4705,0,0,0,0,0,0,0,0,0,0,0,0
2017-03-21,130700,132169,129721,131190,225105,0,0.0,0,0,0,0,0,0,0,0,0,0,0,0
2017-03-22,130210,133148,130210,132169,208679,0,0.7462,0,0,0,0,0,0,0,0,0,0,0,0
2017-03-23,133147,133147,131678,132658,153048,0,0.37,0,0,0,0,0,0,0,0,0,0,0,0
2017-03-24,132168,133147,131189,132658,160372,0,0.0,0,0,0,0,0,0,0,0,0,0,0,0
2017-03-27,133637,135595,131679,131679,304381,0,-0.738,0,0,0,0,0,0,0,0,0,0,0,0
2017-03-28,132658,133147,131678,132658,248069,0,0.7435,0,0,0,0,0,0,0,0,0,0,0,0
2017-03-29,133148,136575,132658,136575,356880,0,2.9527,0,0,0,0,0,0,0,0,0,0,0,0
2017-03-30,137554,138533,132658,133638,250349,0,-2.1505,0,0,0,0,0,0,0,0,0,0,0,0
2017-03-31,135106,135595,133147,135106,197021,0,1.0985,0,0,0,0,0,0,0,0,0,0,0,0
2017-04-03,135106,136574,134126,135106,144246,0,0.0,0,0,0,0,0,0,0,0,0,0,0,0
2017-04-04,135106,135596,132169,133638,123312,0,-1.0866,0,0,0,0,0,0,0,0,0,0,0,0
2017-04-05,133637,135596,132169,135596,162457,0,1.4652,0,0,0,0,0,0,0,0,0,0,0,0
2017-04-06,134617,135596,133148,134617,118629,0,-0.722,0,0,0,0,0,0,0,0,0,0,0,0
2017-04-07,135106,135596,133637,134617,96572,0,0.0,0,0,0,0,0,0,0,0,0,0,0,0
2017-04-10,133637,135596,133148,134617,116055,0,0.0,0,0,0,0,0,0,0,0,0,0,0,0
2017-04-11,134616,135106,132658,133148,103417,0,-1.0912,0,0,0,0,0,0,0,0,0,0,0,0
2017-04-12,133148,133637,129721,130211,186991,0,-2.2058,0,0,0,0,0,0,0,0,0,0,0,0
2017-04-13,131679,134127,130700,134127,175837,0,3.0074,0,0,0,0,0,0,0,0,0,0,0,0
2017-04-14,134127,134127,131189,132169,89650,0,-1.4598,0,0,0,0,0,0,0,0,0,0,0,0
2017-04-17,132169,133637,130210,131190,83814,0,-0.7407,0,0,0,0,0,0,0,0,0,0,0,0
2017-04-18,132168,132168,130700,130700,104667,0,-0.3735,0,0,0,0,0,0,0,0,0,0,0,0
2017-04-19,132658,134127,130700,131190,175481,0,0.3749,0,0,0,0,0,0,0,0,0,0,0,0
2017-04-20,131189,135595,131189,135106,193461,0,2.985,0,0,0,0,0,0,0,0,0,0,0,0
2017-04-21,134616,136574,133637,135106,132273,0,0.0,0,0,0,0,0,0,0,0,0,0,0,0
2017-04-24,136574,136574,134126,135106,93474,0,0.0,0,0,0,0,0,0,0,0,0,0,0,0
2017-04-25,135106,136575,133637,136575,175210,0,1.0873,0,0,0,0,0,0,0,0,0,0,0,0
2017-04-26,136084,138043,136084,137064,227980,0,0.358,0,0,0,0,0,0,0,0,0,0,0,0
2017-04-27,138043,138043,133148,133148,225844,0,-2.8571,0,0,0,0,0,0,0,0,0,0,0,0
2017-04-28,133148,135106,133148,134617,192252,0,1.1033,0,0,0,0,0,0,0,0,0,0,0,0
2017-05-02,135596,137064,134617,134617,162440,0,0.0,0,0,0,0,0,0,0,0,0,0,0,0
2017-05-04,134126,137064,134126,136085,154271,0,1.0905,0,0,0,0,0,0,0,0,0,0,0,0
2017-05-08,136574,139022,135595,139022,266485,0,2.1582,0,0,0,0,0,0,0,0,0,0,0,0
2017-05-10,139022,141470,137553,138533,376294,0,-0.3517,0,0,0,0,0,0,0,0,0,0,0,0
2017-05-11,139511,146854,139021,146854,678742,0,6.0065,0,0,0,0,0,0,0,0,0,0,0,0
2017-05-12,146365,151750,145875,149792,430800,0,2.0006,0,0,0,0,0,0,0,0,0,0,0,0
2017-05-15,150281,151260,147833,150771,230918,0,0.6536,0,0,0,0,0,0,0,0,0,0,0,0
2017-05-16,150771,152729,148812,149792,163556,0,-0.6493,0,0,0,0,0,0,0,0,0,0,0,0
2017-05-17,149302,153708,148812,151750,251343,0,1.3071,0,0,0,0,0,0,0,0,0,0,0,0
2017-05-18,148812,150281,146854,148323,298277,0,-2.2583,0,0,0,0,0,0,0,0,0,0,0,0
2017-05-19,148323,153218,148323,152729,250807,0,2.9705,0,0,0,0,0,0,0,0,0,0,0,0
2017-05-22,152728,153707,151259,153218,181093,0,0.3202,0,0,0,0,0,0,0,0,0,0,0,0
2017-05-23,152728,155176,152238,154197,184711,0,0.639,0,0,0,0,0,0,0,0,0,0,0,0
2017-05-24,155176,155666,154197,154687,170799,0,0.3178,0,0,0,0,0,0,0,0,0,0,0,0
2017-05-25,155176,155176,150770,153218,189817,0,-0.9497,0,0,0,0,0,0,0,0,0,0,0,0
2017-05-26,154196,157134,153217,156155,273582,0,1.9169,0,0,0,0,0,0,0,0,0,0,0,0
2017-05-29,159092,162519,158113,161540,342834,0,3.4485,0,0,0,0,0,0,0,0,0,0,0,0
2017-05-30,161539,164476,159581,161050,273960,0,-0.3033,0,0,0,0,0,0,0,0,0,0,0,0
2017-05-31,161539,163008,159091,162029,339109,0,0.6079,0,0,0,0,0,0,0,0,0,0,0,0
2017-06-01,159581,160560,153707,155176,408825,0,-4.2295,0,0,0,0,0,0,0,0,0,0,0,0
2017-06-02,156155,156644,153217,155176,299189,0,0.0,0,0,0,0,0,0,0,0,0,0,0,0
2017-06-05,153707,157134,153707,155176,182396,0,0.0,0,0,0,0,0,0,0,0,0,0,0,0
2017-06-07,156644,158113,155176,157624,202695,0,1.5776,0,0,0,0,0,0,0,0,0,0,0,0
2017-06-08,157623,157623,153707,156155,301743,0,-0.932,0,0,0,0,0,0,0,0,0,0,0,0
2017-06-09,156155,156155,150280,152239,357291,0,-2.5078,0,0,0,0,0,0,0,0,0,0,0,0
2017-06-12,150280,150280,142937,144896,612393,0,-4.8233,0,0,0,0,0,0,0,0,0,0,0,0
2017-06-13,145386,148323,144896,147834,276486,0,2.0277,0,0,0,0,0,0,0,0,0,0,0,0
2017-06-14,148323,150770,146364,147344,301733,0,-0.3315,0,0,0,0,0,0,0,0,0,0,0,0
2017-06-15,146365,149792,146365,148813,175880,0,0.997,0,0,0,0,0,0,0,0,0,0,0,0
2017-06-16,149302,149791,143917,144407,300953,0,-2.9608,0,0,0,0,0,0,0,0,0,0,0,0
2017-06-19,144896,152729,144896,151750,383479,0,5.0849,0,0,0,0,0,0,0,0,0,0,0,0
2017-06-20,153708,154197,150770,152729,238725,0,0.6451,0,0,0,0,0,0,0,0,0,0,0,0
2017-06-21,152239,154687,148812,154687,270853,0,1.282,0,0,0,0,0,0,0,0,0,0,0,0
2017-06-22,156155,160561,155176,160561,552622,0,3.7973,0,0,0,0,0,0,0,0,0,0,0,0
2017-06-23,161539,161539,158112,161050,313728,0,0.3046,0,0,0,0,0,0,0,0,0,0,0,0
2017-06-26,162519,168883,161540,168883,620356,0,4.8637,0,0,0,0,0,0,0,0,0,0,0,0
2017-06-27,169861,172309,165455,172309,603788,0,2.0286,0,0,0,0,0,0,0,0,0,0,0,0
2017-06-28,169862,171330,165456,166925,507938,0,-3.1246,0,0,0,0,0,0,0,0,0,0,0,0
2017-06-29,168882,168882,162518,164477,282499,0,-1.4665,0,0,0,0,0,0,0,0,0,0,0,0
2017-06-30,162029,167904,161540,167904,263102,0,2.0836,0,0,0,0,0,0,0,0,0,0,0,0
2017-07-03,168393,169372,164966,166435,210669,0,-0.8749,0,0,0,0,0,0,0,0,0,0,0,0
2017-07-04,164967,167904,163008,164967,269402,0,-0.882,0,0,0,0,0,0,0,0,0,0,0,0
2017-07-05,164476,175246,164476,173288,527383,0,5.044,0,0,0,0,0,0,0,0,0,0,0,0
2017-07-06,173288,175246,170840,173288,396571,0,0.0,0,0,0,0,0,0,0,0,0,0,0,0
2017-07-07,171819,175735,171329,173288,333828,0,0.0,0,0,0,0,0,0,0,0,0,0,0,0
2017-07-10,174267,175735,170840,172309,284171,0,-0.565,0,0,0,0,0,0,0,0,0,0,0,0
2017-07-11,172309,173288,170351,172799,195074,0,0.2844,0,0,0,0,0,0,0,0,0,0,0,0
2017-07-12,171820,173778,166924,168883,262630,0,-2.2662,0,0,0,0,0,0,0,0,0,0,0,0
2017-07-13,170351,177694,169862,177205,569666,0,4.9277,0,0,0,0,0,0,0,0,0,0,0,0
2017-07-14,177694,180142,175246,177205,269471,0,0.0,0,0,0,0,0,0,0,0,0,0,0,0
2017-07-17,179162,183079,178673,183079,342927,0,3.3148,0,0,0,0,0,0,0,0,0,0,0,0
2017-07-18,184057,187484,182099,185037,355388,0,1.0695,0,0,0,0,0,0,0,0,0,0,0,0
2017-07-19,184057,184057,173287,174267,658099,0,-5.8205,0,0,0,0,0,0,0,0,0,0,0,0
2017-07-20,175736,175736,169861,173778,412780,0,-0.2806,0,0,0,0,0,0,0,0,0,0,0,0
2017-07-21,172799,177205,172799,177205,271067,0,1.9721,0,0,0,0,0,0,0,0,0,0,0,0
2017-07-24,177204,178183,174266,176225,218086,0,-0.553,0,0,0,0,0,0,0,0,0,0,0,0
2017-07-25,176225,179652,175246,178184,252593,0,1.1116,0,0,0,0,0,0,0,0,0,0,0,0
2017-07-26,178673,178673,166924,167904,492448,0,-5.7693,0,0,0,0,0,0,0,0,0,0,0,0
2017-07-27,166434,172309,163497,169372,570181,0,0.8743,0,0,0,0,0,0,0,0,0,0,0,0
2017-07-28,171819,171819,160560,162519,798057,0,-4.0461,0,0,0,0,0,0,0,0,0,0,0,0
2017-07-31,160071,165946,160071,164967,337469,0,1.5063,0,0,0,0,0,0,0,0,0,0,0,0
2017-08-01,164966,169372,163008,168393,253437,0,2.0768,0,0,0,0,0,0,0,0,0,0,0,0
2017-08-02,170840,176225,168882,175736,372731,0,4.3606,0,0,0,0,0,0,0,0,0,0,0,0
2017-08-03,176225,176225,169861,171820,305223,0,-2.2283,0,0,0,0,0,0,0,0,0,0,0,0
2017-08-04,174756,178183,174267,177694,413154,0,3.4187,0,0,0,0,0,0,0,0,0,0,0,0
2017-08-07,180142,180631,176715,177205,273018,0,-0.2752,0,0,0,0,0,0,0,0,0,0,0,0
2017-08-08,177694,179162,172798,173778,230229,0,-1.9339,0,0,0,0,0,0,0,0,0,0,0,0
2017-08-09,172799,173778,165945,166925,316317,0,-3.9435,0,0,0,0,0,0,0,0,0,0,0,0
2017-08-10,165455,169372,163497,167414,318435,0,0.2929,0,0,0,0,0,0,0,0,0,0,0,0
2017-08-11,163987,166924,162518,165456,392366,0,-1.1696,0,0,0,0,0,0,0,0,0,0,0,0
2017-08-14,167903,172799,167414,172799,223630,0,4.438,0,0,0,0,0,0,0,0,0,0,0,0
2017-08-16,176225,176715,173777,174757,334620,0,1.1331,0,0,0,0,0,0,0,0,0,0,0,0
2017-08-17,173777,174756,172308,174267,159443,0,-0.2804,0,0,0,0,0,0,0,0,0,0,0,0
2017-08-18,172309,174267,169372,172799,245198,0,-0.8424,0,0,0,0,0,0,0,0,0,0,0,0
2017-08-21,172798,177694,172309,174757,274260,0,1.1331,0,0,0,0,0,0,0,0,0,0,0,0
2017-08-22,175735,182099,175246,181610,474222,0,3.9214,0,0,0,0,0,0,0,0,0,0,0,0
2017-08-23,184057,185037,181610,185037,433863,0,1.887,0,0,0,0,0,0,0,0,0,0,0,0
2017-08-24,184547,187974,183568,186995,475533,0,1.0582,0,0,0,0,0,0,0,0,0,0,0,0
2017-08-25,187974,188953,184057,186995,284055,0,0.0,0,0,0,0,0,0,0,0,0,0,0,0
2017-08-28,186505,186505,183079,183079,276817,0,-2.0942,0,0,0,0,0,0,0,0,0,0,0,0
2017-08-29,180141,182589,179162,181610,326520,0,-0.8024,0,0,0,0,0,0,0,0,0,0,0,0
2017-08-30,182588,188463,182588,188463,430883,0,3.7735,0,0,0,0,0,0,0,0,0,0,0,0
2017-08-31,189932,192869,187484,192380,421532,0,2.0784,0,0,0,0,0,0,0,0,0,0,0,0
2017-09-01,193848,193848,188952,192869,336498,0,0.2542,0,0,0,0,0,0,0,0,0,0,0,0
2017-09-04,186994,191890,186994,188953,356638,0,-2.0304,0,0,0,0,0,0,0,0,0,0,0,0
2017-09-05,189442,189931,185036,186505,300181,0,-1.2956,0,0,0,0,0,0,0,0,0,0,0,0
2017-09-06,187973,189931,186994,188463,272339,0,1.0498,0,0,0,0,0,0,0,0,0,0,0,0
2017-09-07,187973,191890,187973,188953,261449,0,0.26,0,0,0,0,0,0,0,0,0,0,0,0
2017-09-08,189442,191889,187483,188463,211679,0,-0.2593,0,0,0,0,0,0,0,0,0,0,0,0
2017-09-11,189932,198743,189442,198254,631858,0,5.1952,0,0,0,0,0,0,0,0,0,0,0,0
2017-09-12,199722,200211,194826,195806,406190,0,-1.2348,0,0,0,0,0,0,0,0,0,0,0,0
2017-09-13,197274,205596,195806,204128,566538,0,4.2501,0,0,0,0,0,0,0,0,0,0,0,0
2017-09-14,204616,205596,201679,205596,434823,0,0.7192,0,0,0,0,0,0,0,0,0,0,0,0
2017-09-15,203638,210491,203148,210002,409303,0,2.143,0,0,0,0,0,0,0,0,0,0,0,0
2017-09-18,212938,215876,210001,215876,419591,0,2.7971,0,0,0,0,0,0,0,0,0,0,0,0
2017-09-19,216365,219792,212449,218324,445632,0,1.134,0,0,0,0,0,0,0,0,0,0,0,0
2017-09-20,218813,219303,211470,214408,341123,0,-1.7937,0,0,0,0,0,0,0,0,0,0,0,0
2017-09-21,210981,212450,206086,208534,441633,0,-2.7396,0,0,0,0,0,0,0,0,0,0,0,0
2017-09-22,208533,210491,202659,204128,312380,0,-2.1128,0,0,0,0,0,0,0,0,0,0,0,0
2017-09-25,205596,212939,205107,211471,290190,0,3.5973,0,0,0,0,0,0,0,0,0,0,0,0
2017-09-26,209022,210491,204127,205596,314414,0,-2.7782,0,0,0,0,0,0,0,0,0,0,0,0
2017-09-27,207554,207554,201680,205107,214686,0,-0.2378,0,0,0,0,0,0,0,0,0,0,0,0
2017-09-28,202659,203148,194337,195806,692176,0,-4.5347,0,0,0,0,0,0,0,0,0,0,0,0
2017-09-29,195317,196785,188463,194338,700530,0,-0.7497,0,0,0,0,0,0,0,0,0,0,0,0
2017-10-10,198743,211960,196785,209023,645852,0,7.5564,0,0,0,0,0,0,0,0,0,0,0,0
2017-10-11,210002,212450,207065,212450,368552,0,1.6395,0,0,0,0,0,0,0,0,0,0,0,0
2017-10-12,211960,211960,208044,210492,283841,0,-0.9216,0,0,0,0,0,0,0,0,0,0,0,0
2017-10-13,210491,215387,205107,211471,446273,0,0.4651,0,0,0,0,0,0,0,0,0,0,0,0
2017-10-16,209512,210981,196295,199233,787622,0,-5.7871,0,0,0,0,0,0,0,0,0,0,0,0
2017-10-17,200701,202659,195316,198254,429209,0,-0.4914,0,0,0,0,0,0,0,0,0,0,0,0
2017-10-18,198743,200211,192868,193848,455227,0,-2.2224,0,0,0,0,0,0,0,0,0,0,0,0
2017-10-19,192869,196295,191889,192869,317948,0,-0.505,0,0,0,0,0,0,0,0,0,0,0,0
2017-10-20,193848,197275,192869,195317,278204,0,1.2693,0,0,0,0,0,0,0,0,0,0,0,0
2017-10-23,197274,200701,197274,200701,308015,0,2.7565,0,0,0,0,0,0,0,0,0,0,0,0
2017-10-24,200701,200701,192869,193359,372107,0,-3.6582,0,0,0,0,0,0,0,0,0,0,0,0
2017-10-25,193358,195317,190911,194338,241006,0,0.5063,0,0,0,0,0,0,0,0,0,0,0,0
2017-10-26,194337,196295,190910,191400,224059,0,-1.5118,0,0,0,0,0,0,0,0,0,0,0,0
2017-10-27,190421,192379,186994,190911,352905,0,-0.2555,0,0,0,0,0,0,0,0,0,0,0,0
2017-10-30,192869,198743,191400,198254,389509,0,3.8463,0,0,0,0,0,0,0,0,0,0,0,0
2017-10-31,199721,202169,196784,201680,404071,0,1.7281,0,0,0,0,0,0,0,0,0,0,0,0
2017-11-01,215386,219792,210491,219792,1353720,0,8.9806,0,0,0,0,0,0,0,0,0,0,0,0
2017-11-02,221261,222729,216855,220282,482634,0,0.2229,0,0,0,0,0,0,0,0,0,0,0,0
2017-11-03,215876,217345,208044,215387,642773,0,-2.2222,0,0,0,0,0,0,0,0,0,0,0,0
2017-11-06,211470,214407,209022,212939,273306,0,-1.1366,0,0,0,0,0,0,0,0,0,0,0,0
2017-11-07,212449,216365,210491,216366,290195,0,1.6094,0,0,0,0,0,0,0,0,0,0,0,0
2017-11-08,214407,218813,211960,216366,226033,0,0.0,0,0,0,0,0,0,0,0,0,0,0,0
2017-11-09,216855,218323,214896,216855,232130,0,0.226,0,0,0,0,0,0,0,0,0,0,0,0
2017-11-10,215876,218324,213918,216366,134350,0,-0.2255,0,0,0,0,0,0,0,0,0,0,0,0
2017-11-13,213428,215876,205596,208044,325362,0,-3.8463,0,0,0,0,0,0,0,0,0,0,0,0
2017-11-14,208533,210002,203638,209513,275420,0,0.7061,0,0,0,0,0,0,0,0,0,0,0,0
2017-11-15,206085,212939,205106,212939,305887,0,1.6352,0,0,0,0,0,0,0,0,0,0,0,0
2017-11-16,212939,213428,209022,210981,213440,0,-0.9195,0,0,0,0,0,0,0,0,0,0,0,0
2017-11-17,214407,219303,212449,215387,333052,0,2.0883,0,0,0,0,0,0,0,0,0,0,0,0
2017-11-20,216365,216365,207064,210002,253584,0,-2.5002,0,0,0,0,0,0,0,0,0,0,0,0
2017-11-21,210980,213918,209512,213918,153733,0,1.8647,0,0,0,0,0,0,0,0,0,0,0,0
2017-11-22,215387,223709,212450,222730,566235,0,4.1193,0,0,0,0,0,0,0,0,0,0,0,0
2017-11-23,224688,227625,222240,224688,359297,0,0.8791,0,0,0,0,0,0,0,0,0,0,0,0
2017-11-24,223708,228604,223219,227625,235848,0,1.3071,0,0,0,0,0,0,0,0,0,0,0,0
2017-11-27,229092,229092,216854,217834,471999,0,-4.3014,0,0,0,0,0,0,0,0,0,0,0,0
2017-11-28,218324,219303,210491,215387,285859,0,-1.1233,0,0,0,0,0,0,0,0,0,0,0,0
2017-11-29,215386,219302,214896,215876,180735,0,0.227,0,0,0,0,0,0,0,0,0,0,0,0
2017-11-30,209513,211960,207555,207555,406100,0,-3.8545,0,0,0,0,0,0,0,0,0,0,0,0
2017-12-01,209022,212449,207064,210002,245624,0,1.179,0,0,0,0,0,0,0,0,0,0,0,0
2017-12-04,210981,212939,207554,209513,313284,0,-0.2329,0,0,0,0,0,0,0,0,0,0,0,0
2017-12-05,206085,207064,197763,199722,525303,0,-4.6732,0,0,0,0,0,0,0,0,0,0,0,0
2017-12-06,199722,203149,197274,198254,310840,0,-0.735,0,0,0,0,0,0,0,0,0,0,0,0
2017-12-07,200211,204617,198742,203638,390493,0,2.7157,0,0,0,0,0,0,0,0,0,0,0,0
2017-12-08,204617,207065,203148,205107,232878,0,0.7214,0,0,0,0,0,0,0,0,0,0,0,0
2017-12-11,207064,207554,203637,205596,190696,0,0.2384,0,0,0,0,0,0,0,0,0,0,0,0
2017-12-12,208533,213428,205106,209023,364102,0,1.6669,0,0,0,0,0,0,0,0,0,0,0,0
2017-12-13,210491,212450,207065,212450,290202,0,1.6395,0,0,0,0,0,0,0,0,0,0,0,0
2017-12-14,212939,213428,206086,206086,419333,0,-2.9955,0,0,0,0,0,0,0,0,0,0,0,0
2017-12-15,209022,211470,204617,204617,247290,0,-0.7128,0,0,0,0,0,0,0,0,0,0,0,0
2017-12-18,206085,206575,200700,203638,155771,0,-0.4785,0,0,0,0,0,0,0,0,0,0,0,0
2017-12-19,205596,209022,203637,204617,216158,0,0.4808,0,0,0,0,0,0,0,0,0,0,0,0
2017-12-20,205107,208044,203638,206576,185191,0,0.9574,0,0,0,0,0,0,0,0,0,0,0,0
2017-12-21,205596,205596,196784,197764,287344,0,-4.2657,0,0,0,0,0,0,0,0,0,0,0,0
2017-12-22,197274,200212,195316,198254,266386,0,0.2478,0,0,0,0,0,0,0,0,0,0,0,0
2017-12-26,198253,198743,190911,190911,397172,0,-3.7038,0,0,0,0,0,0,0,0,0,0,0,0
2017-12-27,190911,195317,190911,193359,293052,0,1.2823,0,0,0,0,0,0,0,0,0,0,0,0
2017-12-28,192379,201191,192379,200212,269081,0,3.5442,0,0,0,0,0,0,0,0,0,0,0,0
2018-01-02,203149,208044,202170,207555,261695,0,3.6676,0,0,0,0,0,0,0,0,0,0,0,0
2018-01-03,205107,208533,202659,203149,248640,0,-2.1228,0,0,0,0,0,0,0,0,0,0,0,0
2018-01-04,205596,207065,202659,204128,294704,0,0.4819,0,0,0,0,0,0,0,0,0,0,0,0
2018-01-05,205106,216365,205106,215876,644566,0,5.7552,0,0,0,0,0,0,0,0,0,0,0,0
2018-01-08,219791,222239,217344,220771,404345,0,2.2675,0,0,0,0,0,0,0,0,0,0,0,0
2018-01-09,220281,222239,212449,214897,325464,0,-2.6607,0,0,0,0,0,0,0,0,0,0,0,0
2018-01-10,216855,216855,206575,209023,327522,0,-2.7334,0,0,0,0,0,0,0,0,0,0,0,0
2018-01-11,211470,212449,207064,210002,352241,0,0.4684,0,0,0,0,0,0,0,0,0,0,0,0
2018-01-12,212939,213918,207554,210981,212161,0,0.4662,0,0,0,0,0,0,0,0,0,0,0,0
2018-01-15,208534,210981,206575,208534,201899,0,-1.1598,0,0,0,0,0,0,0,0,0,0,0,0
2018-01-16,210980,212939,209022,211960,220007,0,1.6429,0,0,0,0,0,0,0,0,0,0,0,0
2018-01-17,211960,214407,207554,210002,302461,0,-0.9238,0,0,0,0,0,0,0,0,0,0,0,0
2018-01-18,213918,218813,211470,213429,386810,0,1.6319,0,0,0,0,0,0,0,0,0,0,0,0
2018-01-19,213428,215875,197763,199722,989825,0,-6.4223,0,0,0,0,0,0,0,0,0,0,0,0
2018-01-22,197763,200701,193847,198743,592755,0,-0.4902,0,0,0,0,0,0,0,0,0,0,0,0
2018-01-23,199722,200701,195316,196785,621974,0,-0.9852,0,0,0,0,0,0,0,0,0,0,0,0
2018-01-24,203148,206085,200211,203638,659550,0,3.4825,0,0,0,0,0,0,0,0,0,0,0,0
2018-01-25,210491,210980,204616,205596,655931,0,0.9615,0,0,0,0,0,0,0,0,0,0,0,0
2018-01-26,206575,207554,200211,202659,392551,0,-1.4285,0,0,0,0,0,0,0,0,0,0,0,0
2018-01-29,204617,205596,203637,204617,205279,0,0.9662,0,0,0,0,0,0,0,0,0,0,0,0
2018-01-30,203149,203638,199232,200212,367445,0,-2.1528,0,0,0,0,0,0,0,0,0,0,0,0
2018-01-31,198253,198743,191889,192869,908867,0,-3.6676,0,0,0,0,0,0,0,0,0,0,0,0
2018-02-01,192868,193847,181120,183568,1324631,0,-4.8224,0,0,0,0,0,0,0,0,0,0,0,0
2018-02-02,180630,181120,171329,175246,1574982,0,-4.5335,0,0,0,0,0,0,0,0,0,0,0,0
2018-02-05,170350,172309,167413,171330,1172110,0,-2.2346,0,0,0,0,0,0,0,0,0,0,0,0
2018-02-06,165455,173777,164966,173288,700657,0,1.1428,0,0,0,0,0,0,0,0,0,0,0,0
2018-02-07,175735,176225,168393,168393,676279,0,-2.8248,0,0,0,0,0,0,0,0,0,0,0,0
2018-02-08,167903,173777,167903,171330,468466,0,1.7441,0,0,0,0,0,0,0,0,0,0,0,0
2018-02-09,165455,167903,164476,166435,390860,0,-2.8571,0,0,0,0,0,0,0,0,0,0,0,0
2018-02-12,167903,172309,166924,170351,355630,0,2.3529,0,0,0,0,0,0,0,0,0,0,0,0
2018-02-13,172799,173288,168393,168883,372799,0,-0.8618,0,0,0,0,0,0,0,0,0,0,0,0
2018-02-14,170840,176715,170351,176715,394531,0,4.6375,0,0,0,0,0,0,0,0,0,0,0,0
2018-02-19,180141,181120,176225,178673,288518,0,1.108,0,0,0,0,0,0,0,0,0,0,0,0
2018-02-20,178183,178673,174756,175736,227900,0,-1.6438,0,0,0,0,0,0,0,0,0,0,0,0
2018-02-21,175246,176225,173287,174267,224748,0,-0.8359,0,0,0,0,0,0,0,0,0,0,0,0
2018-02-22,172798,175735,172308,175246,153772,0,0.5618,0,0,0,0,0,0,0,0,0,0,0,0
2018-02-23,176715,179163,176225,178184,183849,0,1.6765,0,0,0,0,0,0,0,0,0,0,0,0
2018-02-26,180141,180141,171819,173288,336504,0,-2.7477,0,0,0,0,0,0,0,0,0,0,0,0
2018-02-27,174267,175736,171330,171820,305052,0,-0.8471,0,0,0,0,0,0,0,0,0,0,0,0
2018-02-28,170351,170840,166434,167414,389012,0,-2.5643,0,0,0,0,0,0,0,0,0,0,0,0
2018-03-02,165945,168393,164966,166925,254674,0,-0.2921,0,0,0,0,0,0,0,0,0,0,0,0
2018-03-05,168393,169861,166435,166435,172058,0,-0.2935,0,0,0,0,0,0,0,0,0,0,0,0
2018-03-06,168882,175736,168393,175736,386770,0,5.5884,0,0,0,0,0,0,0,0,0,0,0,0
2018-03-07,175735,178672,173287,174267,324913,0,-0.8359,0,0,0,0,0,0,0,0,0,0,0,0
2018-03-08,175246,178184,174757,178184,343088,0,2.2477,0,0,0,0,0,0,0,0,0,0,0,0
2018-03-09,181121,192379,180631,192380,1203453,0,7.967,0,0,0,0,0,0,0,0,0,0,0,0
2018-03-12,197764,201680,195316,198254,611511,0,3.0533,0,0,0,0,0,0,0,0,0,0,0,0
2018-03-13,194826,199232,194826,197764,412079,0,-0.2472,0,0,0,0,0,0,0,0,0,0,0,0
2018-03-14,201190,208044,199722,202170,973969,0,2.2279,0,0,0,0,0,0,0,0,0,0,0,0
2018-03-15,206085,210491,202659,210002,647140,0,3.874,0,0,0,0,0,0,0,0,0,0,0,0
2018-03-16,210981,212449,206575,210981,509397,0,0.4662,0,0,0,0,0,0,0,0,0,0,0,0
2018-03-19,210001,210491,200700,201680,649611,0,-4.4085,0,0,0,0,0,0,0,0,0,0,0,0
2018-03-20,199232,204617,197274,204128,295257,0,1.2138,0,0,0,0,0,0,0,0,0,0,0,0
2018-03-21,203638,203638,198743,200212,371945,0,-1.9184,0,0,0,0,0,0,0,0,0,0,0,0
2018-03-22,199721,205596,199232,203638,362612,0,1.7112,0,0,0,0,0,0,0,0,0,0,0,0
2018-03-23,197764,198743,194827,195317,463251,0,-4.0862,0,0,0,0,0,0,0,0,0,0,0,0
2018-03-26,196785,198743,192379,197275,257385,0,1.0025,0,0,0,0,0,0,0,0,0,0,0,0
2018-03-27,199722,201190,195805,196785,283211,0,-0.2484,0,0,0,0,0,0,0,0,0,0,0,0
2018-03-28,194827,194827,191889,192869,422492,0,-1.99,0,0,0,0,0,0,0,0,0,0,0,0
2018-03-29,192869,193358,186015,186995,456654,0,-3.0456,0,0,0,0,0,0,0,0,0,0,0,0
2018-03-30,190421,190910,188463,188463,232750,0,0.785,0,0,0,0,0,0,0,0,0,0,0,0
2018-04-02,195806,199722,194827,195317,595514,0,3.6368,0,0,0,0,0,0,0,0,0,0,0,0
2018-04-03,192869,194827,189442,193359,293506,0,-1.0025,0,0,0,0,0,0,0,0,0,0,0,0
2018-04-04,192868,193358,185036,185526,371097,0,-4.051,0,0,0,0,0,0,0,0,0,0,0,0
2018-04-05,186505,189932,185526,186995,243604,0,0.7918,0,0,0,0,0,0,0,0,0,0,0,0
2018-04-06,187484,188953,186015,186995,192835,0,0.0,0,0,0,0,0,0,0,0,0,0,0,0
2018-04-09,186994,188952,186015,187484,146606,0,0.2615,0,0,0,0,0,0,0,0,0,0,0,0
2018-04-10,186505,186995,180141,182100,356595,0,-2.8717,0,0,0,0,0,0,0,0,0,0,0,0
2018-04-11,186995,188463,182099,183079,285487,0,0.5376,0,0,0,0,0,0,0,0,0,0,0,0
2018-04-12,185036,187973,183078,185526,382941,0,1.3366,0,0,0,0,0,0,0,0,0,0,0,0
2018-04-13,187483,191889,186994,188463,450686,0,1.5831,0,0,0,0,0,0,0,0,0,0,0,0
2018-04-16,189931,191400,187483,188463,171740,0,0.0,0,0,0,0,0,0,0,0,0,0,0,0
2018-04-17,187973,190421,186015,188953,149431,0,0.26,0,0,0,0,0,0,0,0,0,0,0,0
2018-04-18,189932,190421,187974,187974,153504,0,-0.5181,0,0,0,0,0,0,0,0,0,0,0,0
2018-04-19,187973,187973,184057,185526,235329,0,-1.3023,0,0,0,0,0,0,0,0,0,0,0,0
2018-04-20,184547,185037,181610,182100,249811,0,-1.8466,0,0,0,0,0,0,0,0,0,0,0,0
2018-04-23,183078,185526,182099,184058,164977,0,1.0752,0,0,0,0,0,0,0,0,0,0,0,0
2018-04-24,184057,184547,178183,178673,292880,0,-2.9257,0,0,0,0,0,0,0,0,0,0,0,0
2018-04-25,178183,178183,170840,172309,451558,0,-3.5618,0,0,0,0,0,0,0,0,0,0,0,0
2018-04-26,172309,177694,171819,174757,255773,0,1.4207,0,0,0,0,0,0,0,0,0,0,0,0
2018-04-27,175735,179162,175735,176715,180661,0,1.1204,0,0,0,0,0,0,0,0,0,0,0,0
2018-04-30,176225,180631,176225,179652,168227,0,1.662,0,0,0,0,0,0,0,0,0,0,0,0
2018-05-02,180631,181121,177204,179163,239743,0,-0.2722,0,0,0,0,0,0,0,0,0,0,0,0
2018-05-03,181609,184547,180630,182589,473186,0,1.9122,0,0,0,0,0,0,0,0,0,0,0,0
2018-05-04,179162,179652,176225,176715,325368,0,-3.2171,0,0,0,0,0,0,0,0,0,0,0,0
2018-05-08,175246,182100,175246,180142,236197,0,1.9393,0,0,0,0,0,0,0,0,0,0,0,0
2018-05-09,179162,188463,178183,186995,330949,0,3.8042,0,0,0,0,0,0,0,0,0,0,0,0
2018-05-10,186015,188463,185036,186505,403492,0,-0.262,0,0,0,0,0,0,0,0,0,0,0,0
2018-05-11,189442,189442,185526,186995,184599,0,0.2627,0,0,0,0,0,0,0,0,0,0,0,0
2018-05-14,188952,197274,187973,195806,465791,0,4.7119,0,0,0,0,0,0,0,0,0,0,0,0
2018-05-15,194827,194827,188952,191890,226800,0,-1.9999,0,0,0,0,0,0,0,0,0,0,0,0
2018-05-16,189931,193358,188463,191890,136573,0,0.0,0,0,0,0,0,0,0,0,0,0,0,0
2018-05-17,194826,200211,193847,195806,405406,0,2.0408,0,0,0,0,0,0,0,0,0,0,0,0
2018-05-18,197274,197274,189931,190911,230250,0,-2.4999,0,0,0,0,0,0,0,0,0,0,0,0
2018-05-21,190910,194827,188463,193848,192640,0,1.5384,0,0,0,0,0,0,0,0,0,0,0,0
2018-05-23,201191,205596,199722,200212,674273,0,3.283,0,0,0,0,0,0,0,0,0,0,0,0
2018-05-24,197764,202170,195806,200212,272596,0,0.0,0,0,0,0,0,0,0,0,0,0,0,0
2018-05-25,200211,204127,197763,202659,437236,0,1.2222,0,0,0,0,0,0,0,0,0,0,0,0
2018-05-28,202658,206575,199232,204617,277039,0,0.9662,0,0,0,0,0,0,0,0,0,0,0,0
2018-05-29,206575,207065,203148,207065,323472,0,1.1964,0,0,0,0,0,0,0,0,0,0,0,0
2018-05-30,204617,205596,199232,201680,351336,0,-2.6006,0,0,0,0,0,0,0,0,0,0,0,0
2018-05-31,202170,202170,196296,196296,476427,0,-2.6696,0,0,0,0,0,0,0,0,0,0,0,0
2018-06-01,196784,206085,195805,204617,365660,0,4.239,0,0,0,0,0,0,0,0,0,0,0,0
2018-06-04,204617,214408,204128,214408,623696,0,4.785,0,0,0,0,0,0,0,0,0,0,0,0
2018-06-05,212939,213429,208533,210492,334641,0,-1.8264,0,0,0,0,0,0,0,0,0,0,0,0
2018-06-07,215876,221750,214407,217345,807006,0,3.2557,0,0,0,0,0,0,0,0,0,0,0,0
2018-06-08,216854,221260,216365,220771,409698,0,1.5763,0,0,0,0,0,0,0,0,0,0,0,0
2018-06-11,215876,221261,215386,219303,369470,0,-0.6649,0,0,0,0,0,0,0,0,0,0,0,0
2018-06-12,221750,225177,220281,225177,495907,0,2.6785,0,0,0,0,0,0,0,0,0,0,0,0
2018-06-14,225177,230072,222239,222240,540334,0,-1.3043,0,0,0,0,0,0,0,0,0,0,0,0
2018-06-15,228114,232030,226156,230562,648952,0,3.7446,0,0,0,0,0,0,0,0,0,0,0,0
2018-06-18,230561,231051,215876,218324,660320,0,-5.3079,0,0,0,0,0,0,0,0,0,0,0,0
2018-06-19,217345,220771,210981,211471,542702,0,-3.1389,0,0,0,0,0,0,0,0,0,0,0,0
2018-06-20,212449,228114,212449,224198,464692,0,6.0183,0,0,0,0,0,0,0,0,0,0,0,0
2018-06-21,226645,227135,220281,221261,376664,0,-1.31,0,0,0,0,0,0,0,0,0,0,0,0
2018-06-22,218813,224198,215386,222240,267563,0,0.4425,0,0,0,0,0,0,0,0,0,0,0,0
2018-06-25,221750,223218,220281,220771,233900,0,-0.661,0,0,0,0,0,0,0,0,0,0,0,0
2018-06-26,215876,222240,215386,219303,299881,0,-0.6649,0,0,0,0,0,0,0,0,0,0,0,0
2018-06-27,219302,225666,218812,220771,296633,0,0.6694,0,0,0,0,0,0,0,0,0,0,0,0
2018-06-28,218324,218813,213918,215387,276526,0,-2.4387,0,0,0,0,0,0,0,0,0,0,0,0
2018-06-29,214897,215876,205596,209513,607533,0,-2.7272,0,0,0,0,0,0,0,0,0,0,0,0
2018-07-02,210492,215387,208044,209513,286546,0,0.0,0,0,0,0,0,0,0,0,0,0,0,0
2018-07-03,214897,219302,203148,208044,436299,0,-0.7011,0,0,0,0,0,0,0,0,0,0,0,0
2018-07-04,208534,213429,207554,208534,163220,0,0.2355,0,0,0,0,0,0,0,0,0,0,0,0
2018-07-05,208044,211471,202659,210492,269906,0,0.9389,0,0,0,0,0,0,0,0,0,0,0,0
2018-07-06,208533,227135,203148,226156,872246,0,7.4416,0,0,0,0,0,0,0,0,0,0,0,0
2018-07-09,225666,232520,224687,227625,429452,0,0.6496,0,0,0,0,0,0,0,0,0,0,0,0
2018-07-10,231541,231541,219792,223709,380498,0,-1.7204,0,0,0,0,0,0,0,0,0,0,0,0
2018-07-11,218323,224198,218323,220282,290350,0,-1.5319,0,0,0,0,0,0,0,0,0,0,0,0
2018-07-12,218324,230072,218324,228604,464600,0,3.7779,0,0,0,0,0,0,0,0,0,0,0,0
2018-07-13,230071,238883,229092,232030,449234,0,1.4987,0,0,0,0,0,0,0,0,0,0,0,0
2018-07-16,233009,233009,221750,224198,310060,0,-3.3754,0,0,0,0,0,0,0,0,0,0,0,0
2018-07-17,224198,226646,220771,223709,199337,0,-0.2181,0,0,0,0,0,0,0,0,0,0,0,0
2018-07-18,226645,230072,221750,222240,260063,0,-0.6567,0,0,0,0,0,0,0,0,0,0,0,0
2018-07-19,222729,233988,221750,230072,385552,0,3.5241,0,0,0,0,0,0,0,0,0,0,0,0
2018-07-20,230561,231051,224687,227135,321047,0,-1.2766,0,0,0,0,0,0,0,0,0,0,0,0
2018-07-23,224197,226155,214407,215876,450323,0,-4.957,0,0,0,0,0,0,0,0,0,0,0,0
2018-07-24,216365,223708,215386,223219,308644,0,3.4015,0,0,0,0,0,0,0,0,0,0,0,0
2018-07-25,224197,233498,222729,225177,465577,0,0.8772,0,0,0,0,0,0,0,0,0,0,0,0
2018-07-26,225666,227625,221750,226646,333996,0,0.6524,0,0,0,0,0,0,0,0,0,0,0,0
2018-07-27,225666,231051,224198,229583,276719,0,1.2959,0,0,0,0,0,0,0,0,0,0,0,0
2018-07-30,232030,235456,220281,223219,634820,0,-2.772,0,0,0,0,0,0,0,0,0,0,0,0
2018-07-31,222729,228114,219792,224198,330996,0,0.4386,0,0,0,0,0,0,0,0,0,0,0,0
2018-08-01,225177,228114,219302,221261,320699,0,-1.31,0,0,0,0,0,0,0,0,0,0,0,0
2018-08-02,221751,227135,220282,221751,328031,0,0.2215,0,0,0,0,0,0,0,0,0,0,0,0
2018-08-03,224687,227135,221260,226156,251478,0,1.9865,0,0,0,0,0,0,0,0,0,0,0,0
2018-08-06,227135,228114,219302,220282,308478,0,-2.5973,0,0,0,0,0,0,0,0,0,0,0,0
2018-08-07,218324,222240,218324,221751,172148,0,0.6669,0,0,0,0,0,0,0,0,0,0,0,0
2018-08-08,222239,224687,220281,220771,230484,0,-0.4419,0,0,0,0,0,0,0,0,0,0,0,0
2018-08-09,221261,225177,217834,223709,325681,0,1.3308,0,0,0,0,0,0,0,0,0,0,0,0
2018-08-10,223218,223218,208043,209023,638455,0,-6.5648,0,0,0,0,0,0,0,0,0,0,0,0
2018-08-13,208533,212450,207065,210492,309899,0,0.7028,0,0,0,0,0,0,0,0,0,0,0,0
2018-08-14,211470,211470,206575,210002,221196,0,-0.2328,0,0,0,0,0,0,0,0,0,0,0,0
2018-08-16,205596,212939,205596,211960,255415,0,0.9324,0,0,0,0,0,0,0,0,0,0,0,0
2018-08-17,213428,214897,208533,209023,177540,0,-1.3856,0,0,0,0,0,0,0,0,0,0,0,0
2018-08-20,210980,212938,203638,203638,357075,0,-2.5763,0,0,0,0,0,0,0,0,0,0,0,0
2018-08-21,204617,213429,203149,212450,325744,0,4.3273,0,0,0,0,0,0,0,0,0,0,0,0
2018-08-22,212939,213918,209512,210981,221831,0,-0.6915,0,0,0,0,0,0,0,0,0,0,0,0
2018-08-23,211470,216365,210001,214897,200960,0,1.8561,0,0,0,0,0,0,0,0,0,0,0,0
2018-08-24,213918,220282,212939,219303,208454,0,2.0503,0,0,0,0,0,0,0,0,0,0,0,0
2018-08-27,221260,229093,219792,228114,402584,0,4.0177,0,0,0,0,0,0,0,0,0,0,0,0
2018-08-28,229582,233988,225177,225177,436262,0,-1.2875,0,0,0,0,0,0,0,0,0,0,0,0
2018-08-29,227135,231051,224687,230562,363664,0,2.3915,0,0,0,0,0,0,0,0,0,0,0,0
2018-08-30,230562,233988,228114,230562,304186,0,0.0,0,0,0,0,0,0,0,0,0,0,0,0
2018-08-31,230071,234967,227134,231051,290360,0,0.2121,0,0,0,0,0,0,0,0,0,0,0,0
2018-09-03,232519,238883,230561,237415,437420,0,2.7544,0,0,0,0,0,0,0,0,0,0,0,0
2018-09-04,239373,239863,236436,239863,276619,0,1.0311,0,0,0,0,0,0,0,0,0,0,0,0
2018-09-05,240841,240841,235456,237415,307942,0,-1.0206,0,0,0,0,0,0,0,0,0,0,0,0
2018-09-06,235457,239863,232520,236926,286538,0,-0.206,0,0,0,0,0,0,0,0,0,0,0,0
2018-09-07,236925,239372,230561,233988,369772,0,-1.24,0,0,0,0,0,0,0,0,0,0,0,0
2018-09-10,233009,239373,233009,238884,222984,0,2.0924,0,0,0,0,0,0,0,0,0,0,0,0
2018-09-11,240841,249652,240351,244268,509290,0,2.2538,0,0,0,0,0,0,0,0,0,0,0,0
2018-09-12,246226,248673,236435,242310,418082,0,-0.8016,0,0,0,0,0,0,0,0,0,0,0,0
2018-09-13,239862,242799,233009,233499,583983,0,-3.6363,0,0,0,0,0,0,0,0,0,0,0,0
2018-09-14,236925,242800,236436,239863,257278,0,2.7255,0,0,0,0,0,0,0,0,0,0,0,0
2018-09-17,240351,243289,236925,241331,202629,0,0.612,0,0,0,0,0,0,0,0,0,0,0,0
2018-09-18,237904,249653,235457,249653,437248,0,3.4484,0,0,0,0,0,0,0,0,0,0,0,0
2018-09-19,251611,253080,248184,251122,362793,0,0.5884,0,0,0,0,0,0,0,0,0,0,0,0
2018-09-20,249652,253079,246225,248184,303883,0,-1.1699,0,0,0,0,0,0,0,0,0,0,0,0
2018-09-21,251121,251611,246715,250632,305394,0,0.9864,0,0,0,0,0,0,0,0,0,0,0,0
2018-09-27,256506,257974,252100,255527,365726,0,1.9531,0,0,0,0,0,0,0,0,0,0,0,0
2018-09-28,256017,256506,249163,253080,343002,0,-0.9576,0,0,0,0,0,0,0,0,0,0,0,0
2018-10-01,254058,255526,245736,247205,324395,0,-2.3214,0,0,0,0,0,0,0,0,0,0,0,0
2018-10-02,249163,253569,244758,244758,234091,0,-0.9899,0,0,0,0,0,0,0,0,0,0,0,0
2018-10-04,244758,247205,235946,238884,399079,0,-2.3999,0,0,0,0,0,0,0,0,0,0,0,0
2018-10-05,236925,237904,226155,232030,608667,0,-2.8692,0,0,0,0,0,0,0,0,0,0,0,0
2018-10-08,230561,242309,229092,233988,364323,0,0.8439,0,0,0,0,0,0,0,0,0,0,0,0
2018-10-10,237415,237904,227624,233499,348507,0,-0.209,0,0,0,0,0,0,0,0,0,0,0,0
2018-10-11,225177,229582,221750,222240,428939,0,-4.8219,0,0,0,0,0,0,0,0,0,0,0,0
2018-10-12,223709,239863,223709,238884,527102,0,7.4892,0,0,0,0,0,0,0,0,0,0,0,0
2018-10-15,238883,244268,235946,238394,289720,0,-0.2051,0,0,0,0,0,0,0,0,0,0,0,0
2018-10-16,240352,244268,237414,238394,192305,0,0.0,0,0,0,0,0,0,0,0,0,0,0,0
2018-10-17,245736,249652,242799,245247,283332,0,2.8747,0,0,0,0,0,0,0,0,0,0,0,0
2018-10-18,247205,251121,245246,247205,270791,0,0.7984,0,0,0,0,0,0,0,0,0,0,0,0
2018-10-19,243288,248673,238883,247205,291522,0,0.0,0,0,0,0,0,0,0,0,0,0,0,0
2018-10-22,245737,248674,242310,245737,172007,0,-0.5938,0,0,0,0,0,0,0,0,0,0,0,0
2018-10-23,245736,245736,231051,234478,525089,0,-4.5817,0,0,0,0,0,0,0,0,0,0,0,0
2018-10-24,234967,236435,214896,217834,828793,0,-7.0983,0,0,0,0,0,0,0,0,0,0,0,0
2018-10-25,209512,224688,209512,224688,691211,0,3.1464,0,0,0,0,0,0,0,0,0,0,0,0
2018-10-26,228603,230561,213428,227135,690665,0,1.0891,0,0,0,0,0,0,0,0,0,0,0,0
2018-10-29,233009,234477,221260,224198,658039,0,-1.2931,0,0,0,0,0,0,0,0,0,0,0,0
2018-10-30,223218,233009,217344,230072,530860,0,2.62,0,0,0,0,0,0,0,0,0,0,0,0
2018-10-31,232030,233009,225177,230562,353578,0,0.213,0,0,0,0,0,0,0,0,0,0,0,0
2018-11-01,234478,235946,222729,223709,500860,0,-2.9723,0,0,0,0,0,0,0,0,0,0,0,0
2018-11-02,225666,229583,221261,229583,613820,0,2.6257,0,0,0,0,0,0,0,0,0,0,0,0
2018-11-05,228603,233009,224197,231051,313921,0,0.6394,0,0,0,0,0,0,0,0,0,0,0,0
2018-11-06,233009,233499,225666,229583,271112,0,-0.6354,0,0,0,0,0,0,0,0,0,0,0,0
2018-11-07,228114,230562,222729,224688,286171,0,-2.1321,0,0,0,0,0,0,0,0,0,0,0,0
2018-11-08,230072,232030,224198,224198,465880,0,-0.2181,0,0,0,0,0,0,0,0,0,0,0,0
2018-11-09,224197,224197,210980,211960,713548,0,-5.4586,0,0,0,0,0,0,0,0,0,0,0,0
2018-11-12,208533,214897,206575,214408,435510,0,1.1549,0,0,0,0,0,0,0,0,0,0,0,0
2018-11-13,208044,212939,203638,211471,490744,0,-1.3698,0,0,0,0,0,0,0,0,0,0,0,0
2018-11-14,211470,215876,211470,212939,275729,0,0.6942,0,0,0,0,0,0,0,0,0,0,0,0
2018-11-15,210981,218324,209023,217345,260380,0,2.0691,0,0,0,0,0,0,0,0,0,0,0,0
2018-11-16,217834,219303,214897,215387,275550,0,-0.9009,0,0,0,0,0,0,0,0,0,0,0,0
2018-11-19,216854,221260,215386,217834,250156,0,1.1361,0,0,0,0,0,0,0,0,0,0,0,0
2018-11-20,213428,213917,202658,204617,606799,0,-6.0675,0,0,0,0,0,0,0,0,0,0,0,0
2018-11-21,198253,206575,195806,206086,571813,0,0.7179,0,0,0,0,0,0,0,0,0,0,0,0
2018-11-22,206575,206575,203148,204128,236914,0,-0.9501,0,0,0,0,0,0,0,0,0,0,0,0
2018-11-23,203638,205107,195806,197275,495674,0,-3.3572,0,0,0,0,0,0,0,0,0,0,0,0
2018-11-26,195316,203148,194826,201680,335769,0,2.2329,0,0,0,0,0,0,0,0,0,0,0,0
2018-11-27,204617,206086,199232,205107,407710,0,1.6992,0,0,0,0,0,0,0,0,0,0,0,0
2018-11-28,205596,205596,201679,204617,232795,0,-0.2389,0,0,0,0,0,0,0,0,0,0,0,0
2018-11-29,209023,210491,204127,205107,283067,0,0.2395,0,0,0,0,0,0,0,0,0,0,0,0
2018-11-30,206086,210002,201680,202170,416480,0,-1.4319,0,0,0,0,0,0,0,0,0,0,0,0
2018-12-03,207065,217345,206575,216366,521989,0,7.0218,0,0,0,0,0,0,0,0,0,0,0,0
2018-12-04,216365,218813,212449,213918,449951,0,-1.1314,0,0,0,0,0,0,0,0,0,0,0,0
2018-12-05,209022,212449,207554,211960,229094,0,-0.9153,0,0,0,0,0,0,0,0,0,0,0,0
2018-12-06,211959,212449,201679,203638,384626,0,-3.9262,0,0,0,0,0,0,0,0,0,0,0,0
2018-12-07,205596,207554,203148,203638,209718,0,0.0,0,0,0,0,0,0,0,0,0,0,0,0
2018-12-10,200211,201680,196784,199722,272083,0,-1.923,0,0,0,0,0,0,0,0,0,0,0,0
2018-12-11,201680,203149,197764,199233,284328,0,-0.2448,0,0,0,0,0,0,0,0,0,0,0,0
2018-12-12,202169,206086,199232,204128,430799,0,2.4569,0,0,0,0,0,0,0,0,0,0,0,0
2018-12-13,206575,213429,205107,211471,670317,0,3.5973,0,0,0,0,0,0,0,0,0,0,0,0
2018-12-14,210491,210981,198743,201191,468886,0,-4.8612,0,0,0,0,0,0,0,0,0,0,0,0
2018-12-17,200211,203638,197274,202659,288530,0,0.7297,0,0,0,0,0,0,0,0,0,0,0,0
2018-12-18,198254,202659,197274,198254,234412,0,-2.1736,0,0,0,0,0,0,0,0,0,0,0,0
2018-12-19,199722,208534,199233,206576,344134,0,4.1976,0,0,0,0,0,0,0,0,0,0,0,0
2018-12-20,204616,208533,202658,205596,300656,0,-0.4744,0,0,0,0,0,0,0,0,0,0,0,0
2018-12-21,207065,217834,207065,216366,722010,0,5.2384,0,0,0,0,0,0,0,0,0,0,0,0
2018-12-24,217344,218323,210491,213918,316509,0,-1.1314,0,0,0,0,0,0,0,0,0,0,0,0
2018-12-26,209023,219792,209023,213429,450396,0,-0.2286,0,0,0,0,0,0,0,0,0,0,0,0
2018-12-27,221260,221750,214407,215876,318227,0,1.1465,0,0,0,0,0,0,0,0,0,0,0,0
2018-12-28,216366,218324,211470,214408,200123,0,-0.68,0,0,0,0,0,0,0,0,0,0,0,0
2019-01-02,217344,219302,204127,206086,352948,0,-3.8814,0,0,0,0,0,0,0,0,0,0,0,0
2019-01-03,204617,205106,197763,198743,494726,0,-3.5631,0,0,0,0,0,0,0,0,0,0,0,0
2019-01-04,197274,199722,189931,196785,484430,0,-0.9852,0,0,0,0,0,0,0,0,0,0,0,0
2019-01-07,204617,214897,204128,212450,561689,0,7.9605,0,0,0,0,0,0,0,0,0,0,0,0
2019-01-08,213428,214897,208533,213918,316701,0,0.691,0,0,0,0,0,0,0,0,0,0,0,0
2019-01-09,215876,222240,214408,221751,464811,0,3.6617,0,0,0,0,0,0,0,0,0,0,0,0
2019-01-10,221260,223708,219302,222240,283216,0,0.2205,0,0,0,0,0,0,0,0,0,0,0,0
2019-01-11,222729,227135,221750,226156,251817,0,1.7621,0,0,0,0,0,0,0,0,0,0,0,0
2019-01-14,224687,229093,223218,227135,196546,0,0.4329,0,0,0,0,0,0,0,0,0,0,0,0
2019-01-15,227135,233009,226156,231541,316376,0,1.9398,0,0,0,0,0,0,0,0,0,0,0,0
2019-01-16,231540,234967,228603,234967,285119,0,1.4797,0,0,0,0,0,0,0,0,0,0,0,0
2019-01-17,234967,234967,226155,227135,376458,0,-3.3332,0,0,0,0,0,0,0,0,0,0,0,0
2019-01-18,228114,233499,225177,227625,347057,0,0.2157,0,0,0,0,0,0,0,0,0,0,0,0
2019-01-21,228114,231540,223708,231541,263079,0,1.7204,0,0,0,0,0,0,0,0,0,0,0,0
2019-01-22,231540,232519,224198,224198,267889,0,-3.1714,0,0,0,0,0,0,0,0,0,0,0,0
2019-01-23,223219,228604,223219,225667,235603,0,0.6552,0,0,0,0,0,0,0,0,0,0,0,0
2019-01-24,224197,225176,220281,220771,479105,0,-2.1696,0,0,0,0,0,0,0,0,0,0,0,0
2019-01-25,219792,227625,218813,227625,397563,0,3.1046,0,0,0,0,0,0,0,0,0,0,0,0
2019-01-28,228603,228603,221260,227135,745650,0,-0.2153,0,0,0,0,0,0,0,0,0,0,0,0
2019-01-29,225177,228603,221750,224198,399494,0,-1.2931,0,0,0,0,0,0,0,0,0,0,0,0
2019-01-30,224198,225177,220281,223219,331543,0,-0.4367,0,0,0,0,0,0,0,0,0,0,0,0
2019-01-31,225176,225666,218813,218813,377816,0,-1.9738,0,0,0,0,0,0,0,0,0,0,0,0
2019-02-01,219302,223708,219302,222240,293537,0,1.5662,0,0,0,0,0,0,0,0,0,0,0,0
2019-02-07,225176,235946,225176,234967,707497,0,5.7267,0,0,0,0,0,0,0,0,0,0,0,0
2019-02-08,233009,239862,232519,233499,357909,0,-0.6248,0,0,0,0,0,0,0,0,0,0,0,0
2019-02-11,234967,237415,229582,231541,254408,0,-0.8385,0,0,0,0,0,0,0,0,0,0,0,0
2019-02-12,232030,235946,230072,231541,368477,0,0.0,0,0,0,0,0,0,0,0,0,0,0,0
2019-02-13,233499,236925,231051,233499,411370,0,0.8456,0,0,0,0,0,0,0,0,0,0,0,0
2019-02-14,233498,235457,231051,235457,407205,0,0.8385,0,0,0,0,0,0,0,0,0,0,0,0
2019-02-15,234477,234967,229092,231051,317163,0,-1.8713,0,0,0,0,0,0,0,0,0,0,0,0
2019-02-18,233009,239863,232030,239863,458462,0,3.8139,0,0,0,0,0,0,0,0,0,0,0,0
2019-02-19,240351,245736,237904,242310,498764,0,1.0202,0,0,0,0,0,0,0,0,0,0,0,0
2019-02-20,242310,243779,238883,242800,338170,0,0.2022,0,0,0,0,0,0,0,0,0,0,0,0
2019-02-21,241331,241331,236925,238394,322415,0,-1.8147,0,0,0,0,0,0,0,0,0,0,0,0
2019-02-22,237905,237905,231051,235947,460593,0,-1.0265,0,0,0,0,0,0,0,0,0,0,0,0
2019-02-25,236435,240841,235946,240352,279885,0,1.8669,0,0,0,0,0,0,0,0,0,0,0,0
2019-02-26,239862,242310,233988,235457,261274,0,-2.0366,0,0,0,0,0,0,0,0,0,0,0,0
2019-02-27,235456,235946,232519,233988,325512,0,-0.6239,0,0,0,0,0,0,0,0,0,0,0,0
2019-02-28,235946,238883,231051,232520,397864,0,-0.6274,0,0,0,0,0,0,0,0,0,0,0,0
2019-03-04,236436,236436,232030,233499,380813,0,0.421,0,0,0,0,0,0,0,0,0,0,0,0
2019-03-05,232030,232030,223219,225667,497234,0,-3.3542,0,0,0,0,0,0,0,0,0,0,0,0
2019-03-06,225666,228604,222729,227625,266011,0,0.8677,0,0,0,0,0,0,0,0,0,0,0,0
2019-03-07,227134,228603,217344,219792,504840,0,-3.4412,0,0,0,0,0,0,0,0,0,0,0,0
2019-03-08,216365,219302,213428,215876,372036,0,-1.7817,0,0,0,0,0,0,0,0,0,0,0,0
2019-03-11,215876,216365,210491,212939,357904,0,-1.3605,0,0,0,0,0,0,0,0,0,0,0,0
2019-03-12,215876,216365,209512,210981,491843,0,-0.9195,0,0,0,0,0,0,0,0,0,0,0,0
2019-03-13,210981,214408,209023,213429,447561,0,1.1603,0,0,0,0,0,0,0,0,0,0,0,0
2019-03-14,213918,213918,206575,207555,841791,0,-2.7522,0,0,0,0,0,0,0,0,0,0,0,0
2019-03-15,207554,209023,204617,207065,636292,0,-0.2361,0,0,0,0,0,0,0,0,0,0,0,0
2019-03-18,206575,206575,202659,205107,520826,0,-0.9456,0,0,0,0,0,0,0,0,0,0,0,0
2019-03-19,205106,209022,204127,205596,507290,0,0.2384,0,0,0,0,0,0,0,0,0,0,0,0
2019-03-20,204127,204617,199721,203638,461048,0,-0.9524,0,0,0,0,0,0,0,0,0,0,0,0
2019-03-21,212449,217345,210002,213429,1204292,0,4.808,0,0,0,0,0,0,0,0,0,0,0,0
2019-03-22,212939,214407,209022,210002,391114,0,-1.6057,0,0,0,0,0,0,0,0,0,0,0,0
2019-03-25,205106,207554,203148,204617,461241,0,-2.5643,0,0,0,0,0,0,0,0,0,0,0,0
2019-03-26,204617,207065,203148,205107,265115,0,0.2395,0,0,0,0,0,0,0,0,0,0,0,0
2019-03-27,204127,206575,202169,205596,330381,0,0.2384,0,0,0,0,0,0,0,0,0,0,0,0
2019-03-28,204127,210491,203638,207065,298147,0,0.7145,0,0,0,0,0,0,0,0,0,0,0,0
2019-03-29,207554,210491,205106,210002,259055,0,1.4184,0,0,0,0,0,0,0,0,0,0,0,0
2019-04-01,213428,214897,210980,211960,255045,0,0.9324,0,0,0,0,0,0,0,0,0,0,0,0
2019-04-02,213918,213918,211959,212939,213233,0,0.4619,0,0,0,0,0,0,0,0,0,0,0,0
2019-04-03,212938,216365,212449,214897,260854,0,0.9195,0,0,0,0,0,0,0,0,0,0,0,0
2019-04-04,214897,217345,213428,215387,238442,0,0.228,0,0,0,0,0,0,0,0,0,0,0,0
2019-04-05,214897,214897,211960,213429,234015,0,-0.9091,0,0,0,0,0,0,0,0,0,0,0,0
2019-04-08,215386,215876,212938,213918,150897,0,0.2291,0,0,0,0,0,0,0,0,0,0,0,0
2019-04-09,217834,218813,215387,215387,372613,0,0.6867,0,0,0,0,0,0,0,0,0,0,0,0
2019-04-10,214407,216855,213428,215876,255333,0,0.227,0,0,0,0,0,0,0,0,0,0,0,0
2019-04-11,217345,221751,216855,221751,475845,0,2.7215,0,0,0,0,0,0,0,0,0,0,0,0
2019-04-12,221260,224687,220281,224198,319237,0,1.1035,0,0,0,0,0,0,0,0,0,0,0,0
2019-04-15,224687,225177,220281,223219,243478,0,-0.4367,0,0,0,0,0,0,0,0,0,0,0,0
2019-04-16,223219,224198,221260,223219,163032,0,0.0,0,0,0,0,0,0,0,0,0,0,0,0
2019-04-17,223219,226156,222240,225667,210838,0,1.0967,0,0,0,0,0,0,0,0,0,0,0,0
2019-04-18,227135,230072,221750,222730,294271,0,-1.3015,0,0,0,0,0,0,0,0,0,0,0,0
2019-04-19,225667,226156,223219,224688,155191,0,0.8791,0,0,0,0,0,0,0,0,0,0,0,0
2019-04-22,225176,229582,224687,228114,180400,0,1.5248,0,0,0,0,0,0,0,0,0,0,0,0
2019-04-23,226645,229093,225177,225177,263338,0,-1.2875,0,0,0,0,0,0,0,0,0,0,0,0
2019-04-24,222240,224688,218324,223709,368951,0,-0.6519,0,0,0,0,0,0,0,0,0,0,0,0
2019-04-25,221260,227135,221260,225177,218714,0,0.6562,0,0,0,0,0,0,0,0,0,0,0,0
2019-04-26,224687,225177,221750,224198,255727,0,-0.4348,0,0,0,0,0,0,0,0,0,0,0,0
2019-04-29,223218,229093,223218,229093,183299,0,2.1833,0,0,0,0,0,0,0,0,0,0,0,0
2019-04-30,229093,232030,226645,231541,247012,0,1.0686,0,0,0,0,0,0,0,0,0,0,0,0
2019-05-02,230071,233498,229582,233009,296249,0,0.634,0,0,0,0,0,0,0,0,0,0,0,0
2019-05-03,231540,233988,231050,233988,200298,0,0.4202,0,0,0,0,0,0,0,0,0,0,0,0
2019-05-07,230561,234477,230071,233988,267868,0,0.0,0,0,0,0,0,0,0,0,0,0,0,0
2019-05-08,231050,233988,230071,233988,199961,0,0.0,0,0,0,0,0,0,0,0,0,0,0,0
2019-05-09,231540,233009,217345,217345,741145,0,-7.1128,0,0,0,0,0,0,0,0,0,0,0,0
2019-05-10,217834,220281,210491,216855,397649,0,-0.2254,0,0,0,0,0,0,0,0,0,0,0,0
2019-05-13,213918,219303,211960,214408,195272,0,-1.1284,0,0,0,0,0,0,0,0,0,0,0,0
2019-05-14,210981,213428,208043,209023,426037,0,-2.5116,0,0,0,0,0,0,0,0,0,0,0,0
2019-05-15,210002,217834,209023,216366,290442,0,3.513,0,0,0,0,0,0,0,0,0,0,0,0
2019-05-16,216366,216855,210981,211471,216960,0,-2.2624,0,0,0,0,0,0,0,0,0,0,0,0
2019-05-17,212450,215876,210002,210492,164815,0,-0.4629,0,0,0,0,0,0,0,0,0,0,0,0
2019-05-20,210491,212449,203638,203638,236092,0,-3.2562,0,0,0,0,0,0,0,0,0,0,0,0
2019-05-21,202658,208533,202658,205596,257919,0,0.9615,0,0,0,0,0,0,0,0,0,0,0,0
2019-05-22,206575,209513,205107,208534,143346,0,1.429,0,0,0,0,0,0,0,0,0,0,0,0
2019-05-23,209512,210981,206086,210492,174767,0,0.9389,0,0,0,0,0,0,0,0,0,0,0,0
2019-05-24,210001,213428,208533,210981,237765,0,0.2323,0,0,0,0,0,0,0,0,0,0,0,0
2019-05-27,210002,214408,209023,211471,121787,0,0.2322,0,0,0,0,0,0,0,0,0,0,0,0
2019-05-28,203638,209023,201190,204128,642375,0,-3.4723,0,0,0,0,0,0,0,0,0,0,0,0
2019-05-29,202170,203638,197274,199233,375636,0,-2.398,0,0,0,0,0,0,0,0,0,0,0,0
2019-05-30,203638,210491,203148,209023,462629,0,4.9138,0,0,0,0,0,0,0,0,0,0,0,0
2019-05-31,210001,214407,208043,213918,279125,0,2.3418,0,0,0,0,0,0,0,0,0,0,0,0
2019-06-03,212449,220282,211960,220282,282905,0,2.975,0,0,0,0,0,0,0,0,0,0,0,0
2019-06-04,220282,224688,217345,223709,336907,0,1.5557,0,0,0,0,0,0,0,0,0,0,0,0
2019-06-05,225177,227624,218813,220282,217083,0,-1.5319,0,0,0,0,0,0,0,0,0,0,0,0
2019-06-07,224197,226156,221260,225177,383880,0,2.2222,0,0,0,0,0,0,0,0,0,0,0,0
2019-06-10,227624,230072,226155,230072,247844,0,2.1738,0,0,0,0,0,0,0,0,0,0,0,0
2019-06-11,232519,233988,223218,232030,479772,0,0.851,0,0,0,0,0,0,0,0,0,0,0,0
2019-06-12,231051,231540,226645,229093,201918,0,-1.2658,0,0,0,0,0,0,0,0,0,0,0,0
2019-06-13,228114,233499,228114,233499,312775,0,1.9232,0,0,0,0,0,0,0,0,0,0,0,0
2019-06-14,232030,234478,229093,231541,191344,0,-0.8385,0,0,0,0,0,0,0,0,0,0,0,0
2019-06-17,231051,232519,229582,231051,139891,0,-0.2116,0,0,0,0,0,0,0,0,0,0,0,0
2019-06-18,229093,231051,227624,228604,187066,0,-1.0591,0,0,0,0,0,0,0,0,0,0,0,0
2019-06-19,231051,233499,226645,229583,247173,0,0.4283,0,0,0,0,0,0,0,0,0,0,0,0
2019-06-20,230072,232520,229582,232520,144797,0,1.2793,0,0,0,0,0,0,0,0,0,0,0,0
2019-06-21,230561,232030,227134,228114,213888,0,-1.8949,0,0,0,0,0,0,0,0,0,0,0,0
2019-06-24,227135,228114,223219,224688,217288,0,-1.5019,0,0,0,0,0,0,0,0,0,0,0,0
2019-06-25,228114,230072,224198,224198,208839,0,-0.2181,0,0,0,0,0,0,0,0,0,0,0,0
2019-06-26,224198,226645,223218,224198,123664,0,0.0,0,0,0,0,0,0,0,0,0,0,0,0
2019-06-27,225177,233009,224198,232520,302394,0,3.7119,0,0,0,0,0,0,0,0,0,0,0,0
2019-06-28,231540,233499,230561,231541,180042,0,-0.421,0,0,0,0,0,0,0,0,0,0,0,0
2019-07-01,234477,234477,230071,233009,159762,0,0.634,0,0,0,0,0,0,0,0,0,0,0,0
2019-07-02,232520,234478,228603,229583,160574,0,-1.4703,0,0,0,0,0,0,0,0,0,0,0,0
2019-07-03,231051,232030,226645,228114,132562,0,-0.6399,0,0,0,0,0,0,0,0,0,0,0,0
2019-07-04,226645,233988,226645,233988,231590,0,2.575,0,0,0,0,0,0,0,0,0,0,0,0
2019-07-05,234478,234478,230072,233499,124085,0,-0.209,0,0,0,0,0,0,0,0,0,0,0,0
2019-07-08,231540,232030,224197,229093,250542,0,-1.8869,0,0,0,0,0,0,0,0,0,0,0,0
2019-07-09,228114,229583,222730,222730,176201,0,-2.7775,0,0,0,0,0,0,0,0,0,0,0,0
2019-07-10,224198,228114,221750,226646,138924,0,1.7582,0,0,0,0,0,0,0,0,0,0,0,0
2019-07-11,226156,228114,224197,226156,188414,0,-0.2162,0,0,0,0,0,0,0,0,0,0,0,0
2019-07-12,226645,233009,225176,233009,194319,0,3.0302,0,0,0,0,0,0,0,0,0,0,0,0
2019-07-15,232519,234477,231540,233988,180315,0,0.4202,0,0,0,0,0,0,0,0,0,0,0,0
2019-07-16,234478,237905,233988,235947,196780,0,0.8372,0,0,0,0,0,0,0,0,0,0,0,0
2019-07-17,235457,236436,233009,235947,140921,0,0.0,0,0,0,0,0,0,0,0,0,0,0,0
2019-07-18,235946,238884,233988,236926,158613,0,0.4149,0,0,0,0,0,0,0,0,0,0,0,0
2019-07-19,238884,238884,236436,236926,129815,0,0.0,0,0,0,0,0,0,0,0,0,0,0,0
2019-07-22,236436,237415,233988,236436,91097,0,-0.2068,0,0,0,0,0,0,0,0,0,0,0,0
2019-07-23,237415,238883,235456,237415,143227,0,0.4141,0,0,0,0,0,0,0,0,0,0,0,0
2019-07-24,234477,238883,233988,233988,189435,0,-1.4435,0,0,0,0,0,0,0,0,0,0,0,0
2019-07-25,231540,233988,226155,228114,294620,0,-2.5104,0,0,0,0,0,0,0,0,0,0,0,0
2019-07-26,228114,230561,224687,227135,176885,0,-0.4292,0,0,0,0,0,0,0,0,0,0,0,0
2019-07-29,226645,227624,220771,224198,184196,0,-1.2931,0,0,0,0,0,0,0,0,0,0,0,0
2019-07-30,224687,233988,222729,232030,241266,0,3.4933,0,0,0,0,0,0,0,0,0,0,0,0
2019-07-31,240841,244268,236436,243779,630963,0,5.0636,0,0,0,0,0,0,0,0,0,0,0,0
2019-08-01,242309,244757,239862,243289,257672,0,-0.201,0,0,0,0,0,0,0,0,0,0,0,0
2019-08-02,239372,246715,239372,246226,346638,0,1.2072,0,0,0,0,0,0,0,0,0,0,0,0
2019-08-05,244758,245247,234967,237905,281161,0,-3.3794,0,0,0,0,0,0,0,0,0,0,0,0
2019-08-06,230071,235946,227134,231051,365514,0,-2.881,0,0,0,0,0,0,0,0,0,0,0,0
2019-08-07,234478,235946,230072,230562,171121,0,-0.2116,0,0,0,0,0,0,0,0,0,0,0,0
2019-08-08,233988,238393,230071,231051,346686,0,0.2121,0,0,0,0,0,0,0,0,0,0,0,0
2019-08-09,233988,242310,233009,242310,283693,0,4.873,0,0,0,0,0,0,0,0,0,0,0,0
2019-08-12,241330,245736,239372,244268,149885,0,0.8081,0,0,0,0,0,0,0,0,0,0,0,0
2019-08-13,241331,243289,238883,240352,142609,0,-1.6032,0,0,0,0,0,0,0,0,0,0,0,0
2019-08-14,242799,250631,242309,250142,356969,0,4.0732,0,0,0,0,0,0,0,0,0,0,0,0
2019-08-16,244757,248184,243778,247205,250022,0,-1.1741,0,0,0,0,0,0,0,0,0,0,0,0
2019-08-19,247695,248674,244268,247695,111109,0,0.1982,0,0,0,0,0,0,0,0,0,0,0,0
2019-08-20,247205,249163,245247,248674,133826,0,0.3952,0,0,0,0,0,0,0,0,0,0,0,0
2019-08-21,248184,248184,243288,244268,179654,0,-1.7718,0,0,0,0,0,0,0,0,0,0,0,0
2019-08-22,243289,243778,235456,236436,328462,0,-3.2063,0,0,0,0,0,0,0,0,0,0,0,0
2019-08-23,232519,242310,232519,241331,230025,0,2.0703,0,0,0,0,0,0,0,0,0,0,0,0
2019-08-26,237904,240352,233988,237415,193850,0,-1.6227,0,0,0,0,0,0,0,0,0,0,0,0
2019-08-27,239862,241331,236435,239373,217095,0,0.8247,0,0,0,0,0,0,0,0,0,0,0,0
2019-08-28,242309,244757,239372,243289,167912,0,1.6359,0,0,0,0,0,0,0,0,0,0,0,0
2019-08-29,244268,244268,240351,242310,141348,0,-0.4024,0,0,0,0,0,0,0,0,0,0,0,0
2019-08-30,243288,245736,241330,244268,171596,0,0.8081,0,0,0,0,0,0,0,0,0,0,0,0
2019-09-02,227625,240842,226646,240842,362675,0,-1.4026,0,0,0,0,0,0,0,0,0,0,0,0
2019-09-03,239862,242799,238393,241331,173811,0,0.203,0,0,0,0,0,0,0,0,0,0,0,0
2019-09-04,240352,241821,235946,240842,242499,0,-0.2026,0,0,0,0,0,0,0,0,0,0,0,0
2019-09-05,239373,242310,238394,238884,219447,0,-0.813,0,0,0,0,0,0,0,0,0,0,0,0
2019-09-06,243289,243289,237904,238884,175987,0,0.0,0,0,0,0,0,0,0,0,0,0,0,0
2019-09-09,239863,240842,233988,235947,260561,0,-1.2295,0,0,0,0,0,0,0,0,0,0,0,0
2019-09-10,234478,234478,227135,227625,578990,0,-3.5271,0,0,0,0,0,0,0,0,0,0,0,0
2019-09-11,228604,229093,221750,228604,454073,0,0.4301,0,0,0,0,0,0,0,0,0,0,0,0
2019-09-16,228604,229093,224687,228604,252823,0,0.0,0,0,0,0,0,0,0,0,0,0,0,0
2019-09-17,230562,232520,229093,229583,246645,0,0.4283,0,0,0,0,0,0,0,0,0,0,0,0
2019-09-18,229583,231051,228114,229583,155111,0,0.0,0,0,0,0,0,0,0,0,0,0,0,0
2019-09-19,229093,233009,228603,231541,180032,0,0.8529,0,0,0,0,0,0,0,0,0,0,0,0
2019-09-20,231540,232030,229092,232030,189182,0,0.2112,0,0,0,0,0,0,0,0,0,0,0,0
2019-09-23,232030,234477,231540,232030,130702,0,0.0,0,0,0,0,0,0,0,0,0,0,0,0
2019-09-24,232519,233499,231540,233499,110832,0,0.6331,0,0,0,0,0,0,0,0,0,0,0,0
2019-09-25,229093,229582,217834,218324,655248,0,-6.499,0,0,0,0,0,0,0,0,0,0,0,0
2019-09-26,221260,223218,218812,219792,284117,0,0.6724,0,0,0,0,0,0,0,0,0,0,0,0
2019-09-27,220771,221260,216854,217834,142646,0,-0.8908,0,0,0,0,0,0,0,0,0,0,0,0
2019-09-30,215386,218813,211960,218324,258469,0,0.2249,0,0,0,0,0,0,0,0,0,0,0,0
2019-10-01,216365,224197,216365,220771,171271,0,1.1208,0,0,0,0,0,0,0,0,0,0,0,0
2019-10-02,218813,221750,215876,215876,191503,0,-2.2172,0,0,0,0,0,0,0,0,0,0,0,0
2019-10-04,214407,217344,213428,213918,168369,0,-0.907,0,0,0,0,0,0,0,0,0,0,0,0
2019-10-07,215876,218323,213428,214897,125194,0,0.4577,0,0,0,0,0,0,0,0,0,0,0,0
2019-10-08,216855,222240,216366,221751,235041,0,3.1894,0,0,0,0,0,0,0,0,0,0,0,0
2019-10-10,218813,227625,218324,227625,439480,0,2.6489,0,0,0,0,0,0,0,0,0,0,0,0
2019-10-11,228603,228603,220281,222240,357595,0,-2.3657,0,0,0,0,0,0,0,0,0,0,0,0
2019-10-14,225177,226156,220771,221751,215165,0,-0.22,0,0,0,0,0,0,0,0,0,0,0,0
2019-10-15,216855,217345,213918,215387,524459,0,-2.8699,0,0,0,0,0,0,0,0,0,0,0,0
2019-10-16,216365,217344,213918,213918,308283,0,-0.682,0,0,0,0,0,0,0,0,0,0,0,0
2019-10-17,214897,216855,214897,215387,183076,0,0.6867,0,0,0,0,0,0,0,0,0,0,0,0
2019-10-18,215876,220771,215876,219303,297221,0,1.8181,0,0,0,0,0,0,0,0,0,0,0,0
2019-10-21,220771,220771,216854,219792,113511,0,0.223,0,0,0,0,0,0,0,0,0,0,0,0
2019-10-22,220281,220281,217833,219792,164336,0,0.0,0,0,0,0,0,0,0,0,0,0,0,0
2019-10-23,218323,220281,217833,219792,129966,0,0.0,0,0,0,0,0,0,0,0,0,0,0,0
2019-10-24,221750,222729,219302,221261,140217,0,0.6684,0,0,0,0,0,0,0,0,0,0,0,0
2019-10-25,222240,222240,220771,221261,118839,0,0.0,0,0,0,0,0,0,0,0,0,0,0,0
2019-10-28,222240,225177,221261,224688,190406,0,1.5488,0,0,0,0,0,0,0,0,0,0,0,0
2019-10-29,225666,225666,219792,223219,221014,0,-0.6538,0,0,0,0,0,0,0,0,0,0,0,0
2019-10-30,226156,227135,225177,225177,296569,0,0.8772,0,0,0,0,0,0,0,0,0,0,0,0
2019-10-31,227135,227135,222240,222730,210772,0,-1.0867,0,0,0,0,0,0,0,0,0,0,0,0
2019-11-01,224687,226645,222729,226156,125459,0,1.5382,0,0,0,0,0,0,0,0,0,0,0,0
2019-11-04,227624,230072,227134,228114,191146,0,0.8658,0,0,0,0,0,0,0,0,0,0,0,0
2019-11-05,228603,231540,227624,230072,193371,0,0.8583,0,0,0,0,0,0,0,0,0,0,0,0
2019-11-06,231540,231540,227135,227135,144886,0,-1.2766,0,0,0,0,0,0,0,0,0,0,0,0
2019-11-07,225176,228114,223708,227135,170755,0,0.0,0,0,0,0,0,0,0,0,0,0,0,0
2019-11-08,229582,232520,228603,232520,253554,0,2.3708,0,0,0,0,0,0,0,0,0,0,0,0
2019-11-11,232519,233498,229093,229093,135122,0,-1.4739,0,0,0,0,0,0,0,0,0,0,0,0
2019-11-12,228114,230072,226155,228114,112397,0,-0.4273,0,0,0,0,0,0,0,0,0,0,0,0
2019-11-13,229093,230562,228114,229583,152755,0,0.644,0,0,0,0,0,0,0,0,0,0,0,0
2019-11-14,230072,231540,229093,231541,195416,0,0.8529,0,0,0,0,0,0,0,0,0,0,0,0
2019-11-15,233498,233988,231540,233009,182826,0,0.634,0,0,0,0,0,0,0,0,0,0,0,0
2019-11-18,234967,236925,233988,235457,208229,0,1.0506,0,0,0,0,0,0,0,0,0,0,0,0
2019-11-19,236925,237904,234477,237415,225927,0,0.8316,0,0,0,0,0,0,0,0,0,0,0,0
2019-11-20,235456,237904,230561,231051,156706,0,-2.6805,0,0,0,0,0,0,0,0,0,0,0,0
2019-11-21,232030,232030,225666,229583,229820,0,-0.6354,0,0,0,0,0,0,0,0,0,0,0,0
2019-11-22,233009,235946,228603,230562,222483,0,0.4264,0,0,0,0,0,0,0,0,0,0,0,0
2019-11-25,230561,234967,230561,233009,212014,0,1.0613,0,0,0,0,0,0,0,0,0,0,0,0
2019-11-26,233008,234967,232029,233988,298850,0,0.4202,0,0,0,0,0,0,0,0,0,0,0,0
2019-11-27,233988,234477,230071,231051,134080,0,-1.2552,0,0,0,0,0,0,0,0,0,0,0,0
2019-11-28,228114,231051,227624,228114,194026,0,-1.2711,0,0,0,0,0,0,0,0,0,0,0,0
2019-11-29,229093,229582,226156,226156,165936,0,-0.8583,0,0,0,0,0,0,0,0,0,0,0,0
2019-12-02,228113,230561,226645,229093,162081,0,1.2987,0,0,0,0,0,0,0,0,0,0,0,0
2019-12-03,227134,233009,226155,232030,141637,0,1.282,0,0,0,0,0,0,0,0,0,0,0,0
2019-12-04,229582,230072,216855,219303,566930,0,-5.4851,0,0,0,0,0,0,0,0,0,0,0,0
2019-12-05,220282,221750,215386,217345,297834,0,-0.8928,0,0,0,0,0,0,0,0,0,0,0,0
2019-12-06,217344,220771,216365,220771,178740,0,1.5763,0,0,0,0,0,0,0,0,0,0,0,0
2019-12-09,218813,220771,216855,218324,200962,0,-1.1084,0,0,0,0,0,0,0,0,0,0,0,0
2019-12-10,219792,221751,218324,221751,137920,0,1.5697,0,0,0,0,0,0,0,0,0,0,0,0
2019-12-11,222730,224198,220282,222730,177858,0,0.4415,0,0,0,0,0,0,0,0,0,0,0,0
2019-12-12,224198,224198,221750,223709,275339,0,0.4395,0,0,0,0,0,0,0,0,0,0,0,0
2019-12-13,225667,227135,223708,224688,238034,0,0.4376,0,0,0,0,0,0,0,0,0,0,0,0
2019-12-16,225177,229093,224198,228604,240851,0,1.7429,0,0,0,0,0,0,0,0,0,0,0,0
2019-12-17,228114,230562,227624,229583,233145,0,0.4283,0,0,0,0,0,0,0,0,0,0,0,0
2019-12-18,228603,228603,222239,222240,324554,0,-3.1984,0,0,0,0,0,0,0,0,0,0,0,0
2019-12-19,222240,224198,221750,223709,160512,0,0.661,0,0,0,0,0,0,0,0,0,0,0,0
2019-12-20,225177,225667,222729,223709,177096,0,0.0,0,0,0,0,0,0,0,0,0,0,0,0
2019-12-23,224687,224687,222239,223219,121908,0,-0.219,0,0,0,0,0,0,0,0,0,0,0,0
2019-12-24,222729,224198,219302,220282,222520,0,-1.3157,0,0,0,0,0,0,0,0,0,0,0,0
2019-12-26,221260,221260,217834,217834,262387,0,-1.1113,0,0,0,0,0,0,0,0,0,0,0,0
2019-12-27,220771,228603,220771,228114,420356,0,4.7192,0,0,0,0,0,0,0,0,0,0,0,0
2019-12-30,228603,231051,228113,231051,197812,0,1.2875,0,0,0,0,0,0,0,0,0,0,0,0
2020-01-02,232030,232519,226645,227135,190487,0,-1.6949,0,0,0,0,0,0,0,0,0,0,0,0
2020-01-03,230072,230561,223708,224198,244457,0,-1.2931,0,0,0,0,0,0,0,0,0,0,0,0
2020-01-06,222239,225666,221260,225177,154256,0,0.4367,0,0,0,0,0,0,0,0,0,0,0,0
2020-01-07,225177,228604,224198,226646,156897,0,0.6524,0,0,0,0,0,0,0,0,0,0,0,0
2020-01-08,224198,226156,222239,224198,268306,0,-1.0801,0,0,0,0,0,0,0,0,0,0,0,0
2020-01-09,225666,228604,225177,227625,283808,0,1.5286,0,0,0,0,0,0,0,0,0,0,0,0
2020-01-10,228114,244268,228114,243779,837306,0,7.0968,0,0,0,0,0,0,0,0,0,0,0,0
2020-01-13,244757,255527,243778,253569,655476,0,4.0159,0,0,0,0,0,0,0,0,0,0,0,0
2020-01-14,259443,268744,257485,259933,777340,0,2.5098,0,0,0,0,0,0,0,0,0,0,0,0
2020-01-15,262870,264338,258464,261891,311644,0,0.7533,0,0,0,0,0,0,0,0,0,0,0,0
2020-01-16,259932,263359,256506,262870,335203,0,0.3738,0,0,0,0,0,0,0,0,0,0,0,0
2020-01-17,264828,267765,262380,263849,358057,0,0.3724,0,0,0,0,0,0,0,0,0,0,0,0
2020-01-20,267764,272660,265317,269723,442625,0,2.2263,0,0,0,0,0,0,0,0,0,0,0,0
2020-01-21,270212,271681,267275,269723,222340,0,0.0,0,0,0,0,0,0,0,0,0,0,0,0
2020-01-22,270702,280982,270702,280003,390399,0,3.8113,0,0,0,0,0,0,0,0,0,0,0,0
2020-01-23,280002,285387,276575,277555,470809,0,-0.8743,0,0,0,0,0,0,0,0,0,0,0,0
2020-01-28,268744,279513,268254,279024,473196,0,0.5293,0,0,0,0,0,0,0,0,0,0,0,0
2020-01-29,282940,284898,276576,280982,423821,0,0.7017,0,0,0,0,0,0,0,0,0,0,0,0
2020-01-30,286856,290282,276086,280982,652637,0,0.0,0,0,0,0,0,0,0,0,0,0,0,0
2020-01-31,284408,284408,269233,270213,605115,0,-3.8326,0,0,0,0,0,0,0,0,0,0,0,0
2020-02-03,265807,278534,262380,278045,570374,0,2.8985,0,0,0,0,0,0,0,0,0,0,0,0
2020-02-04,287346,302521,286856,301542,959276,0,8.4508,0,0,0,0,0,0,0,0,0,0,0,0
2020-02-05,314269,314269,303499,307416,800958,0,1.948,0,0,0,0,0,0,0,0,0,0,0,0
2020-02-06,300563,312801,298115,311822,642461,0,1.4332,0,0,0,0,0,0,0,0,0,0,0,0
2020-02-07,310353,315737,307415,310353,664718,0,-0.4711,0,0,0,0,0,0,0,0,0,0,0,0
2020-02-10,307905,314759,305458,314759,395479,0,1.4197,0,0,0,0,0,0,0,0,0,0,0,0
2020-02-11,318185,343640,317206,335808,893606,0,6.6873,0,0,0,0,0,0,0,0,0,0,0,0
2020-02-12,334339,336297,329933,330913,655690,0,-1.4577,0,0,0,0,0,0,0,0,0,0,0,0
2020-02-13,330423,335318,327975,329444,704737,0,-0.4439,0,0,0,0,0,0,0,0,0,0,0,0
2020-02-14,330423,332871,326996,329934,378586,0,0.1487,0,0,0,0,0,0,0,0,0,0,0,0
2020-02-17,330913,331892,325528,330913,304704,0,0.2967,0,0,0,0,0,0,0,0,0,0,0,0
2020-02-18,329444,330913,324059,326997,408572,0,-1.1834,0,0,0,0,0,0,0,0,0,0,0,0
2020-02-19,335318,336297,325038,326997,482984,0,0.0,0,0,0,0,0,0,0,0,0,0,0,0
2020-02-20,325038,339723,323569,336297,539271,0,2.8441,0,0,0,0,0,0,0,0,0,0,0,0
2020-02-21,331402,340702,327975,329444,547545,0,-2.0378,0,0,0,0,0,0,0,0,0,0,0,0
2020-02-24,319164,322590,311821,314269,719712,0,-4.6062,0,0,0,0,0,0,0,0,0,0,0,0
2020-02-25,310842,315737,305947,314269,860100,0,0.0,0,0,0,0,0,0,0,0,0,0,0,0
2020-02-26,305947,310842,302031,305458,674832,0,-2.8036,0,0,0,0,0,0,0,0,0,0,0,0
2020-02-27,302520,306926,299583,303010,612241,0,-0.8014,0,0,0,0,0,0,0,0,0,0,0,0
2020-02-28,295177,296646,285876,288814,938779,0,-4.685,0,0,0,0,0,0,0,0,0,0,0,0
2020-03-02,290282,301052,286366,298115,625089,0,3.2204,0,0,0,0,0,0,0,0,0,0,0,0
2020-03-03,309863,311821,301052,301542,666440,0,1.1496,0,0,0,0,0,0,0,0,0,0,0,0
2020-03-04,297625,311332,296646,308395,501751,0,2.2727,0,0,0,0,0,0,0,0,0,0,0,0
2020-03-05,315737,317696,309863,316717,566169,0,2.6985,0,0,0,0,0,0,0,0,0,0,0,0
2020-03-06,312801,316717,307905,309864,431145,0,-2.1638,0,0,0,0,0,0,0,0,0,0,0,0
2020-03-09,298604,299093,287345,288814,744434,0,-6.7933,0,0,0,0,0,0,0,0,0,0,0,0
2020-03-10,282940,291751,280003,287346,920647,0,-0.5083,0,0,0,0,0,0,0,0,0,0,0,0
2020-03-11,291261,295177,280981,282940,604747,0,-1.5333,0,0,0,0,0,0,0,0,0,0,0,0
2020-03-12,280492,285387,264828,274129,981785,0,-3.1141,0,0,0,0,0,0,0,0,0,0,0,0
2020-03-13,254547,278534,252589,271681,1099581,0,-0.893,0,0,0,0,0,0,0,0,0,0,0,0
2020-03-16,274128,276576,247695,247695,1015541,0,-8.8287,0,0,0,0,0,0,0,0,0,0,0,0
2020-03-17,236925,251611,235457,240842,1011668,0,-2.7667,0,0,0,0,0,0,0,0,0,0,0,0
2020-03-18,240841,243778,216855,216855,1129034,0,-9.9596,0,0,0,0,0,0,0,0,0,0,0,0
2020-03-19,222240,223219,176225,179163,2281112,0,-17.3812,0,0,0,0,0,0,0,0,0,0,0,0
2020-03-20,192868,211960,189931,211960,1857197,0,18.3057,0,0,0,0,0,0,0,0,0,0,0,0
2020-03-23,197764,228603,196295,213918,1610388,0,0.9238,0,0,0,0,0,0,0,0,0,0,0,0
2020-03-24,226645,247205,219792,241331,1704329,0,12.8147,0,0,0,0,0,0,0,0,0,0,0,0
2020-03-25,261401,263849,243779,252101,1397820,0,4.4628,0,0,0,0,0,0,0,0,0,0,0,0
2020-03-26,253079,255037,241331,242800,1005486,0,-3.6894,0,0,0,0,0,0,0,0,0,0,0,0
2020-03-27,253079,254548,231541,242800,996897,0,0.0,0,0,0,0,0,0,0,0,0,0,0,0
2020-03-30,233988,241820,230072,239373,781359,0,-1.4114,0,0,0,0,0,0,0,0,0,0,0,0
2020-03-31,240352,242799,230561,235457,1032736,0,-1.6359,0,0,0,0,0,0,0,0,0,0,0,0
2020-04-01,234967,239372,225176,226156,811318,0,-3.9502,0,0,0,0,0,0,0,0,0,0,0,0
2020-04-02,226645,228603,217344,228114,936070,0,0.8658,0,0,0,0,0,0,0,0,0,0,0,0
2020-04-03,235946,240352,223219,226646,1072758,0,-0.6435,0,0,0,0,0,0,0,0,0,0,0,0
2020-04-06,229582,234967,225666,234967,738575,0,3.6714,0,0,0,0,0,0,0,0,0,0,0,0
2020-04-07,241331,245737,235457,239863,1140003,0,2.0837,0,0,0,0,0,0,0,0,0,0,0,0
2020-04-08,239862,250632,237415,244758,1092432,0,2.0407,0,0,0,0,0,0,0,0,0,0,0,0
2020-04-09,250632,251121,243778,247695,612898,0,1.2,0,0,0,0,0,0,0,0,0,0,0,0
2020-04-10,248184,248673,241820,245247,448433,0,-0.9883,0,0,0,0,0,0,0,0,0,0,0,0
2020-04-13,243289,243289,235946,236436,421680,0,-3.5927,0,0,0,0,0,0,0,0,0,0,0,0
2020-04-14,245246,247205,242799,246226,654316,0,4.1407,0,0,0,0,0,0,0,0,0,0,0,0
2020-04-16,246715,265806,246715,265317,1257157,0,7.7534,0,0,0,0,0,0,0,0,0,0,0,0
2020-04-17,271681,298605,270702,280493,2152875,0,5.72,0,0,0,0,0,0,0,0,0,0,0,0
2020-04-20,280982,287835,272170,277066,894400,0,-1.2218,0,0,0,0,0,0,0,0,0,0,0,0
2020-04-21,272660,279513,268254,277066,1122146,0,0.0,0,0,0,0,0,0,0,0,0,0,0,0
2020-04-22,268743,279513,267275,279513,644603,0,0.8832,0,0,0,0,0,0,0,0,0,0,0,0
2020-04-23,284897,285387,278044,278534,620986,0,-0.3503,0,0,0,0,0,0,0,0,0,0,0,0
2020-04-24,274129,276087,269233,271192,504760,0,-2.6359,0,0,0,0,0,0,0,0,0,0,0,0
2020-04-27,271191,274618,269233,273150,342531,0,0.722,0,0,0,0,0,0,0,0,0,0,0,0
2020-04-28,279023,282450,271680,273639,516634,0,0.179,0,0,0,0,0,0,0,0,0,0,0,0
2020-04-29,275597,280003,274128,280003,647878,0,2.3257,0,0,0,0,0,0,0,0,0,0,0,0
2020-05-04,271681,274618,269723,271192,585037,0,-3.1468,0,0,0,0,0,0,0,0,0,0,0,0
2020-05-06,277555,278044,272170,275597,354450,0,1.6243,0,0,0,0,0,0,0,0,0,0,0,0
2020-05-07,275596,277065,272659,276576,265248,0,0.3552,0,0,0,0,0,0,0,0,0,0,0,0
2020-05-08,278044,284897,277065,279513,477598,0,1.0619,0,0,0,0,0,0,0,0,0,0,0,0
2020-05-11,282450,283919,278534,280982,381633,0,0.5256,0,0,0,0,0,0,0,0,0,0,0,0
2020-05-12,280003,280982,273149,278045,424240,0,-1.0453,0,0,0,0,0,0,0,0,0,0,0,0
2020-05-13,274128,306926,273639,303010,1694635,0,8.9788,0,0,0,0,0,0,0,0,0,0,0,0
2020-05-14,303500,309863,293220,301542,1012977,0,-0.4845,0,0,0,0,0,0,0,0,0,0,0,0
2020-05-15,302031,303989,294688,296157,472799,0,-1.7858,0,0,0,0,0,0,0,0,0,0,0,0
2020-05-18,298604,313779,293709,306926,803252,0,3.6362,0,0,0,0,0,0,0,0,0,0,0,0
2020-05-19,313290,317696,306926,310843,538351,0,1.2762,0,0,0,0,0,0,0,0,0,0,0,0
2020-05-20,309863,324059,308394,324059,627971,0,4.2517,0,0,0,0,0,0,0,0,0,0,0,0
2020-05-21,327486,336297,323570,327976,722752,0,1.2087,0,0,0,0,0,0,0,0,0,0,0,0
2020-05-22,330913,333850,323080,328955,475746,0,0.2985,0,0,0,0,0,0,0,0,0,0,0,0
2020-05-25,330912,340703,328954,340703,673688,0,3.5713,0,0,0,0,0,0,0,0,0,0,0,0
2020-05-26,351472,385248,350982,379864,1485230,0,11.4942,0,0,0,0,0,0,0,0,0,0,0,0
2020-05-27,370074,374969,355388,357347,1712041,0,-5.9276,0,0,0,0,0,0,0,0,0,0,0,0
2020-05-28,354898,362730,341192,351472,1509431,0,-1.6441,0,0,0,0,0,0,0,0,0,0,0,0
2020-05-29,347555,357835,345597,351472,748858,0,0.0,0,0,0,0,0,0,0,0,0,0,0,0
2020-06-01,353430,361752,352941,358326,544364,0,1.9501,0,0,0,0,0,0,0,0,0,0,0,0
2020-06-02,365179,371053,360283,362242,708973,0,1.0929,0,0,0,0,0,0,0,0,0,0,0,0
2020-06-03,362242,364689,354409,358326,975696,0,-1.081,0,0,0,0,0,0,0,0,0,0,0,0
2020-06-04,358325,367136,356367,362731,795239,0,1.2293,0,0,0,0,0,0,0,0,0,0,0,0
2020-06-05,363220,368115,361262,363710,662373,0,0.2699,0,0,0,0,0,0,0,0,0,0,0,0
2020-06-08,368115,371052,363220,367626,706692,0,1.0767,0,0,0,0,0,0,0,0,0,0,0,0
2020-06-09,373500,381822,368116,375459,1010536,0,2.1307,0,0,0,0,0,0,0,0,0,0,0,0
2020-06-10,373989,378885,370563,376927,482875,0,0.391,0,0,0,0,0,0,0,0,0,0,0,0
2020-06-11,381333,390633,373011,379375,1436672,0,0.6495,0,0,0,0,0,0,0,0,0,0,0,0
2020-06-12,359305,376927,359305,371543,1031650,0,-2.0644,0,0,0,0,0,0,0,0,0,0,0,0
2020-06-15,368116,373990,341193,341193,1208144,0,-8.1686,0,0,0,0,0,0,0,0,0,0,0,0
2020-06-16,359304,368116,352941,368116,864235,0,7.8908,0,0,0,0,0,0,0,0,0,0,0,0
2020-06-17,367137,379864,365668,376438,1063928,0,2.2607,0,0,0,0,0,0,0,0,0,0,0,0
2020-06-18,375948,376437,366647,369095,561194,0,-1.9507,0,0,0,0,0,0,0,0,0,0,0,0
2020-06-19,376437,376927,365178,376927,608296,0,2.1219,0,0,0,0,0,0,0,0,0,0,0,0
2020-06-22,373011,378396,371542,372522,440916,0,-1.1687,0,0,0,0,0,0,0,0,0,0,0,0
2020-06-23,375948,380843,370074,373501,558088,0,0.2628,0,0,0,0,0,0,0,0,0,0,0,0
2020-06-24,373990,377906,372032,372522,445211,0,-0.2621,0,0,0,0,0,0,0,0,0,0,0,0
2020-06-25,365668,370074,361752,362242,597343,0,-2.7596,0,0,0,0,0,0,0,0,0,0,0,0
2020-06-26,367137,367626,354899,362242,446249,0,0.0,0,0,0,0,0,0,0,0,0,0,0,0
2020-06-29,355389,363710,353430,355389,430077,0,-1.8918,0,0,0,0,0,0,0,0,0,0,0,0
2020-06-30,361752,364689,355388,355878,400270,0,0.1376,0,0,0,0,0,0,0,0,0,0,0,0
2020-07-01,362241,371542,359793,362731,552986,0,1.9257,0,0,0,0,0,0,0,0,0,0,0,0
2020-07-02,367626,368605,356367,363710,471409,0,0.2699,0,0,0,0,0,0,0,0,0,0,0,0
2020-07-03,371542,376927,370073,373011,552317,0,2.5573,0,0,0,0,0,0,0,0,0,0,0,0
2020-07-06,375947,379864,372031,379864,528736,0,1.8372,0,0,0,0,0,0,0,0,0,0,0,0
2020-07-07,388185,395038,380842,382801,782668,0,0.7732,0,0,0,0,0,0,0,0,0,0,0,0
2020-07-08,385249,386228,374969,377417,513687,0,-1.4065,0,0,0,0,0,0,0,0,0,0,0,0
2020-07-09,377417,387207,372522,384760,720666,0,1.9456,0,0,0,0,0,0,0,0,0,0,0,0
2020-07-10,387206,390143,378395,382801,393740,0,-0.5091,0,0,0,0,0,0,0,0,0,0,0,0
2020-07-13,389655,390144,378885,385739,424681,0,0.7675,0,0,0,0,0,0,0,0,0,0,0,0
2020-07-14,378885,385739,378396,383781,410201,0,-0.5076,0,0,0,0,0,0,0,0,0,0,0,0
2020-07-15,387207,389655,381333,384760,380651,0,0.2551,0,0,0,0,0,0,0,0,0,0,0,0
2020-07-16,391612,391612,374479,377906,435044,0,-1.7814,0,0,0,0,0,0,0,0,0,0,0,0
2020-07-17,375459,377417,368605,375459,365001,0,-0.6475,0,0,0,0,0,0,0,0,0,0,0,0
2020-07-20,374969,375948,368116,370564,263610,0,-1.3037,0,0,0,0,0,0,0,0,0,0,0,0
2020-07-21,376926,382311,376437,378885,400613,0,2.2455,0,0,0,0,0,0,0,0,0,0,0,0
2020-07-22,376437,381332,372521,379864,260005,0,0.2584,0,0,0,0,0,0,0,0,0,0,0,0
2020-07-23,382312,382312,375948,377417,244415,0,-0.6442,0,0,0,0,0,0,0,0,0,0,0,0
2020-07-24,372031,373010,365667,367626,403359,0,-2.5942,0,0,0,0,0,0,0,0,0,0,0,0
2020-07-27,360773,370563,360773,370074,340138,0,0.6659,0,0,0,0,0,0,0,0,0,0,0,0
2020-07-28,378885,388676,373501,384760,1084599,0,3.9684,0,0,0,0,0,0,0,0,0,0,0,0
2020-07-29,384759,387207,374969,377417,662011,0,-1.9085,0,0,0,0,0,0,0,0,0,0,0,0
2020-07-30,377906,379375,372521,375459,311904,0,-0.5188,0,0,0,0,0,0,0,0,0,0,0,0
2020-07-31,376927,394549,375458,389165,972326,0,3.6505,0,0,0,0,0,0,0,0,0,0,0,0
2020-08-03,389654,406788,385738,405809,1081649,0,4.2768,0,0,0,0,0,0,0,0,0,0,0,0
2020-08-04,420493,421962,401892,407277,568177,0,0.3617,0,0,0,0,0,0,0,0,0,0,0,0
2020-08-05,406787,458187,403850,458187,1347457,0,12.5001,0,0,0,0,0,0,0,0,0,0,0,0
2020-08-06,457208,471893,447418,459656,733703,0,0.3206,0,0,0,0,0,0,0,0,0,0,0,0
2020-08-07,456718,498327,455739,477768,1217425,0,3.9403,0,0,0,0,0,0,0,0,0,0,0,0
2020-08-10,475809,476299,460145,463572,849234,0,-2.9713,0,0,0,0,0,0,0,0,0,0,0,0
2020-08-11,456718,472383,454271,462593,1040108,0,-0.2112,0,0,0,0,0,0,0,0,0,0,0,0
2020-08-12,457697,477278,455739,465530,705909,0,0.6349,0,0,0,0,0,0,0,0,0,0,0,0
2020-08-13,472872,476299,454270,461124,725635,0,-0.9464,0,0,0,0,0,0,0,0,0,0,0,0
2020-08-14,445948,454270,432731,434690,1084089,0,-5.7325,0,0,0,0,0,0,0,0,0,0,0,0
2020-08-18,424900,443012,421962,423921,790834,0,-2.4774,0,0,0,0,0,0,0,0,0,0,0,0
2020-08-19,429305,431263,418046,425389,562851,0,0.3463,0,0,0,0,0,0,0,0,0,0,0,0
2020-08-20,419025,427347,405319,405809,742141,0,-4.6028,0,0,0,0,0,0,0,0,0,0,0,0
2020-08-21,413151,419025,402871,414620,646854,0,2.1712,0,0,0,0,0,0,0,0,0,0,0,0
2020-08-24,414130,428816,407277,428816,539931,0,3.4239,0,0,0,0,0,0,0,0,0,0,0,0
2020-08-25,436158,436158,427347,434690,419521,0,1.3698,0,0,0,0,0,0,0,0,0,0,0,0
2020-08-26,433221,452802,430284,446928,664835,0,2.8153,0,0,0,0,0,0,0,0,0,0,0,0
2020-08-27,458186,464550,453291,459166,785974,0,2.7382,0,0,0,0,0,0,0,0,0,0,0,0
2020-08-28,458187,462592,451333,456229,473353,0,-0.6396,0,0,0,0,0,0,0,0,0,0,0,0
2020-08-31,459166,463082,438606,443012,636660,0,-2.897,0,0,0,0,0,0,0,0,0,0,0,0
2020-09-01,443501,449865,434690,444970,375423,0,0.442,0,0,0,0,0,0,0,0,0,0,0,0
2020-09-02,444970,448397,434690,442523,291646,0,-0.5499,0,0,0,0,0,0,0,0,0,0,0,0
2020-09-03,441053,447417,439585,443012,400255,0,0.1105,0,0,0,0,0,0,0,0,0,0,0,0
2020-09-04,420983,433711,420983,429795,437656,0,-2.9834,0,0,0,0,0,0,0,0,0,0,0,0
2020-09-07,429795,429795,420494,420984,332809,0,-2.05,0,0,0,0,0,0,0,0,0,0,0,0
2020-09-08,422941,432242,414619,426368,333339,0,1.2789,0,0,0,0,0,0,0,0,0,0,0,0
2020-09-09,420983,423920,417067,420494,287141,0,-1.3777,0,0,0,0,0,0,0,0,0,0,0,0
2020-09-10,425389,425389,418536,420984,294676,0,0.1165,0,0,0,0,0,0,0,0,0,0,0,0
2020-09-11,422452,425878,414619,420494,212221,0,-0.1164,0,0,0,0,0,0,0,0,0,0,0,0
2020-09-14,423431,427837,414130,426858,311928,0,1.5135,0,0,0,0,0,0,0,0,0,0,0,0
2020-09-15,431753,443991,425878,443012,419491,0,3.7844,0,0,0,0,0,0,0,0,0,0,0,0
2020-09-16,440564,443012,431263,440075,373451,0,-0.663,0,0,0,0,0,0,0,0,0,0,0,0
2020-09-17,436159,453292,435669,436159,669432,0,-0.8898,0,0,0,0,0,0,0,0,0,0,0,0
2020-09-18,440564,449865,439585,443502,402597,0,1.6836,0,0,0,0,0,0,0,0,0,0,0,0
2020-09-21,445948,451333,430773,436648,434068,0,-1.5454,0,0,0,0,0,0,0,0,0,0,0,0
2020-09-22,436648,445459,433711,437138,450447,0,0.1122,0,0,0,0,0,0,0,0,0,0,0,0
2020-09-23,446927,447417,411192,427347,601692,0,-2.2398,0,0,0,0,0,0,0,0,0,0,0,0
2020-09-24,416578,422941,399444,401403,738336,0,-6.0709,0,0,0,0,0,0,0,0,0,0,0,0
2020-09-25,406298,408745,397486,403361,299496,0,0.4878,0,0,0,0,0,0,0,0,0,0,0,0
2020-09-28,409234,415109,404339,412172,234228,0,2.1844,0,0,0,0,0,0,0,0,0,0,0,0
2020-09-29,424410,424899,417556,424410,296497,0,2.9691,0,0,0,0,0,0,0,0,0,0,0,0
2020-10-05,424409,429794,418535,427347,293260,0,0.692,0,0,0,0,0,0,0,0,0,0,0,0
2020-10-06,429305,432731,424409,427347,177989,0,0.0,0,0,0,0,0,0,0,0,0,0,0,0
2020-10-07,425879,430285,421473,430285,211704,0,0.6875,0,0,0,0,0,0,0,0,0,0,0,0
2020-10-08,434689,439095,431752,435669,397408,0,1.2513,0,0,0,0,0,0,0,0,0,0,0,0
2020-10-12,443501,443990,429794,430774,285136,0,-1.1236,0,0,0,0,0,0,0,0,0,0,0,0
2020-10-13,438606,438606,428816,436159,267992,0,1.2501,0,0,0,0,0,0,0,0,0,0,0,0
2020-10-14,431753,435669,425879,429306,292704,0,-1.5712,0,0,0,0,0,0,0,0,0,0,0,0
2020-10-15,428326,428326,418046,420005,279625,0,-2.1665,0,0,0,0,0,0,0,0,0,0,0,0
2020-10-16,420004,421472,406787,411193,307501,0,-2.0981,0,0,0,0,0,0,0,0,0,0,0,0
2020-10-19,412661,413640,403360,404340,289747,0,-1.6666,0,0,0,0,0,0,0,0,0,0,0,0
2020-10-20,397976,423431,397976,423431,324183,0,4.7215,0,0,0,0,0,0,0,0,0,0,0,0
2020-10-21,424900,427347,420494,423921,244258,0,0.1157,0,0,0,0,0,0,0,0,0,0,0,0
2020-10-22,420983,428326,416088,420494,197466,0,-0.8084,0,0,0,0,0,0,0,0,0,0,0,0
2020-10-23,422941,422941,413151,415599,146540,0,-1.1641,0,0,0,0,0,0,0,0,0,0,0,0
2020-10-26,412172,415109,407277,408746,178045,0,-1.6489,0,0,0,0,0,0,0,0,0,0,0,0
2020-10-27,404340,422452,404340,420984,407770,0,2.994,0,0,0,0,0,0,0,0,0,0,0,0
2020-10-28,427347,427347,415599,420984,263228,0,0.0,0,0,0,0,0,0,0,0,0,0,0,0
2020-10-29,416088,423431,411193,422452,267409,0,0.3487,0,0,0,0,0,0,0,0,0,0,0,0
2020-10-30,424410,444480,422941,432732,1344457,0,2.4334,0,0,0,0,0,0,0,0,0,0,0,0
2020-11-02,438116,438606,418046,430774,470363,0,-0.4525,0,0,0,0,0,0,0,0,0,0,0,0
2020-11-03,433710,456228,432731,449865,727511,0,4.4318,0,0,0,0,0,0,0,0,0,0,0,0
2020-11-04,456718,461123,443501,449865,504333,0,0.0,0,0,0,0,0,0,0,0,0,0,0,0
2020-11-05,462103,473852,456718,473852,742642,0,5.332,0,0,0,0,0,0,0,0,0,0,0,0
2020-11-06,483641,489516,478257,488537,884470,0,3.0991,0,0,0,0,0,0,0,0,0,0,0,0
2020-11-09,501264,524761,498327,521824,841817,0,6.8136,0,0,0,0,0,0,0,0,0,0,0,0
2020-11-10,515949,529656,510075,521824,609282,0,0.0,0,0,0,0,0,0,0,0,0,0,0,0
2020-11-11,514970,520844,498326,501264,670615,0,-3.94,0,0,0,0,0,0,0,0,0,0,0,0
2020-11-12,502243,508118,497348,504202,504237,0,0.5861,0,0,0,0,0,0,0,0,0,0,0,0
2020-11-13,487557,494411,471893,490495,1019033,0,-2.7186,0,0,0,0,0,0,0,0,0,0,0,0
2020-11-16,481683,485599,474830,475320,581685,0,-3.0938,0,0,0,0,0,0,0,0,0,0,0,0
2020-11-17,480704,489515,476788,483152,409722,0,1.6477,0,0,0,0,0,0,0,0,0,0,0,0
2020-11-18,486578,497348,480704,490495,397124,0,1.5198,0,0,0,0,0,0,0,0,0,0,0,0
2020-11-19,494411,507139,489516,507139,457019,0,3.3933,0,0,0,0,0,0,0,0,0,0,0,0
2020-11-20,507139,507139,499306,504202,369396,0,-0.5791,0,0,0,0,0,0,0,0,0,0,0,0
2020-11-23,509096,520845,505180,514971,383015,0,2.1359,0,0,0,0,0,0,0,0,0,0,0,0
2020-11-24,523782,540426,519866,540426,623707,0,4.943,0,0,0,0,0,0,0,0,0,0,0,0
2020-11-25,549236,551194,519865,526719,807914,0,-2.5363,0,0,0,0,0,0,0,0,0,0,0,0
2020-11-26,533572,539447,524761,538468,408798,0,2.2306,0,0,0,0,0,0,0,0,0,0,0,0
2020-11-27,534551,540426,526719,539447,343205,0,0.1818,0,0,0,0,0,0,0,0,0,0,0,0
2020-11-30,543362,544341,521824,521824,632397,0,-3.2669,0,0,0,0,0,0,0,0,0,0,0,0
2020-12-01,531614,535531,523782,535531,250297,0,2.6267,0,0,0,0,0,0,0,0,0,0,0,0
2020-12-02,535530,541405,530635,540426,389953,0,0.914,0,0,0,0,0,0,0,0,0,0,0,0
2020-12-03,538467,541405,533572,540426,358152,0,0.0,0,0,0,0,0,0,0,0,0,0,0,0
2020-12-04,541405,541405,533572,539447,343071,0,-0.1812,0,0,0,0,0,0,0,0,0,0,0,0
2020-12-07,540426,541405,529656,534552,324929,0,-0.9074,0,0,0,0,0,0,0,0,0,0,0,0
2020-12-08,539446,559027,538467,541405,605415,0,1.282,0,0,0,0,0,0,0,0,0,0,0,0
2020-12-09,550215,557069,545320,554132,422255,0,2.3507,0,0,0,0,0,0,0,0,0,0,0,0
2020-12-10,544341,556090,541404,548258,511109,0,-1.06,0,0,0,0,0,0,0,0,0,0,0,0
2020-12-11,558048,558048,539446,544342,356628,0,-0.7143,0,0,0,0,0,0,0,0,0,0,0,0
2020-12-14,541405,541405,531614,537489,291727,0,-1.259,0,0,0,0,0,0,0,0,0,0,0,0
2020-12-15,540426,542384,533572,540426,303717,0,0.5464,0,0,0,0,0,0,0,0,0,0,0,0
2020-12-16,548257,552174,542383,552174,373239,0,2.1738,0,0,0,0,0,0,0,0,0,0,0,0
2020-12-17,552173,555111,545320,555111,329908,0,0.5319,0,0,0,0,0,0,0,0,0,0,0,0
2020-12-18,559027,559027,547278,556090,258070,0,0.1764,0,0,0,0,0,0,0,0,0,0,0,0
2020-12-21,556090,557069,549236,554132,248453,0,-0.3521,0,0,0,0,0,0,0,0,0,0,0,0
2020-12-22,552174,553153,541404,543363,246864,0,-1.9434,0,0,0,0,0,0,0,0,0,0,0,0
2020-12-23,547279,547279,531614,542384,270204,0,-0.1802,0,0,0,0,0,0,0,0,0,0,0,0
2020-12-24,545320,557069,542383,551195,369344,0,1.6245,0,0,0,0,0,0,0,0,0,0,0,0
2020-12-28,549237,551195,544341,547279,322378,0,-0.7105,0,0,0,0,0,0,0,0,0,0,0,0
2020-12-29,560006,590356,551194,588398,845358,0,7.5134,0,0,0,0,0,0,0,0,0,0,0,0
2020-12-30,589377,616790,582523,614832,514356,0,4.4925,0,0,0,0,0,0,0,0,0,0,0,0
2021-01-04,646161,667700,626581,656931,709615,0,6.8472,0,0,0,0,0,0,0,0,0,0,0,0
2021-01-05,660846,671616,644203,671616,614577,0,2.2354,0,0,0,0,0,0,0,0,0,0,0,0
2021-01-06,678469,687280,656930,665742,683480,0,-0.8746,0,0,0,0,0,0,0,0,0,0,0,0
2021-01-07,673574,697071,661826,683365,773006,0,2.6471,0,0,0,0,0,0,0,0,0,0,0,0
2021-01-08,695113,723505,690217,723505,909175,0,5.8739,0,0,0,0,0,0,0,0,0,0,0,0
2021-01-11,734274,756792,701966,714694,1032614,0,-1.2178,0,0,0,0,0,0,0,0,0,0,0,0
2021-01-12,715672,733295,688259,729379,964764,0,2.0547,0,0,0,0,0,0,0,0,0,0,0,0
2021-01-13,722526,743086,719589,738191,588393,0,1.2082,0,0,0,0,0,0,0,0,0,0,0,0
2021-01-14,735253,751896,730357,733295,543003,0,-0.6632,0,0,0,0,0,0,0,0,0,0,0,0
2021-01-15,740148,747980,720567,721547,544270,0,-1.6021,0,0,0,0,0,0,0,0,0,0,0,0
2021-01-18,700008,713714,690217,691197,657933,0,-4.2062,0,0,0,0,0,0,0,0,0,0,0,0
2021-01-19,691197,719589,690218,716652,439699,0,3.6827,0,0,0,0,0,0,0,0,0,0,0,0
2021-01-20,737211,737211,708819,728400,428095,0,1.6393,0,0,0,0,0,0,0,0,0,0,0,0
2021-01-21,739169,740148,722525,729379,385460,0,0.1344,0,0,0,0,0,0,0,0,0,0,0,0
2021-01-22,735253,792037,729379,775394,994827,0,6.3088,0,0,0,0,0,0,0,0,0,0,0,0
2021-01-25,780289,780289,763645,773436,394827,0,-0.2525,0,0,0,0,0,0,0,0,0,0,0,0
2021-01-26,778331,798890,766582,773436,482847,0,0.0,0,0,0,0,0,0,0,0,0,0,0,0
2021-01-27,780289,795953,769519,772457,484434,0,-0.1266,0,0,0,0,0,0,0,0,0,0,0,0
2021-01-28,748959,756792,727421,750918,767574,0,-2.7884,0,0,0,0,0,0,0,0,0,0,0,0
2021-01-29,751897,753855,711756,718610,780685,0,-4.3025,0,0,0,0,0,0,0,0,0,0,0,0
2021-02-01,714693,731337,703924,729379,447496,0,1.4986,0,0,0,0,0,0,0,0,0,0,0,0
2021-02-02,747980,747980,725462,736232,404836,0,0.9396,0,0,0,0,0,0,0,0,0,0,0,0
2021-02-03,742107,747002,731337,742107,354330,0,0.798,0,0,0,0,0,0,0,0,0,0,0,0
2021-02-04,742106,748959,726441,731337,373223,0,-1.4513,0,0,0,0,0,0,0,0,0,0,0,0
2021-02-05,735253,761687,733295,758750,472908,0,3.7483,0,0,0,0,0,0,0,0,0,0,0,0
2021-02-08,756792,765603,749938,753855,334461,0,-0.6451,0,0,0,0,0,0,0,0,0,0,0,0
2021-02-09,761687,767561,754834,755813,219492,0,0.2597,0,0,0,0,0,0,0,0,0,0,0,0
2021-02-10,758749,766582,746022,766582,302493,0,1.4248,0,0,0,0,0,0,0,0,0,0,0,0
2021-02-15,789100,795953,777351,788121,434341,0,2.8097,0,0,0,0,0,0,0,0,0,0,0,0
2021-02-16,789100,790079,783225,786163,222870,0,-0.2484,0,0,0,0,0,0,0,0,0,0,0,0
2021-02-17,799869,800848,783225,788121,326663,0,0.2491,0,0,0,0,0,0,0,0,0,0,0,0
2021-02-18,784205,787142,772456,772457,257661,0,-1.9875,0,0,0,0,0,0,0,0,0,0,0,0
2021-02-19,771477,771477,746022,753855,429881,0,-2.4082,0,0,0,0,0,0,0,0,0,0,0,0
2021-02-22,756792,756792,719588,723505,514836,0,-4.026,0,0,0,0,0,0,0,0,0,0,0,0
2021-02-23,707840,710777,688259,695113,624026,0,-3.9242,0,0,0,0,0,0,0,0,0,0,0,0
2021-02-24,687280,703924,672595,672595,568437,0,-3.2395,0,0,0,0,0,0,0,0,0,0,0,0
2021-02-25,689239,694134,677490,689239,455075,0,2.4746,0,0,0,0,0,0,0,0,0,0,0,0
2021-02-26,668679,671616,653993,659868,591517,0,-4.2614,0,0,0,0,0,0,0,0,0,0,0,0
2021-03-02,681406,694133,660846,669658,591809,0,1.4836,0,0,0,0,0,0,0,0,0,0,0,0
2021-03-03,672595,681407,663784,681407,315812,0,1.7545,0,0,0,0,0,0,0,0,0,0,0,0
2021-03-04,666721,676511,657909,663784,378461,0,-2.5863,0,0,0,0,0,0,0,0,0,0,0,0
2021-03-05,644203,667700,640287,656931,439446,0,-1.0324,0,0,0,0,0,0,0,0,0,0,0,0
2021-03-08,658888,660846,636371,636371,373969,0,-3.1297,0,0,0,0,0,0,0,0,0,0,0,0
2021-03-09,625602,635392,600147,622665,692526,0,-2.1538,0,0,0,0,0,0,0,0,0,0,0,0
2021-03-10,652036,653015,622665,622665,468353,0,0.0,0,0,0,0,0,0,0,0,0,0,0,0
2021-03-11,635391,675532,629517,672595,724475,0,8.0188,0,0,0,0,0,0,0,0,0,0,0,0
2021-03-12,689238,695112,668678,674553,418962,0,0.2911,0,0,0,0,0,0,0,0,0,0,0,0
2021-03-15,674553,688259,666720,671616,285216,0,-0.4354,0,0,0,0,0,0,0,0,0,0,0,0
2021-03-16,680427,687280,653014,665742,510659,0,-0.8746,0,0,0,0,0,0,0,0,0,0,0,0
2021-03-17,665742,665742,617769,625602,882014,0,-6.0294,0,0,0,0,0,0,0,0,0,0,0,0
2021-03-18,641265,654972,639307,648119,544550,0,3.5993,0,0,0,0,0,0,0,0,0,0,0,0
2021-03-19,631475,647140,628538,647140,330774,0,-0.1511,0,0,0,0,0,0,0,0,0,0,0,0
2021-03-22,647140,648119,625601,628539,394411,0,-2.8743,0,0,0,0,0,0,0,0,0,0,0,0
2021-03-23,636370,637349,610916,610916,399872,0,-2.8038,0,0,0,0,0,0,0,0,0,0,0,0
2021-03-24,607000,628539,606021,621686,367493,0,1.7629,0,0,0,0,0,0,0,0,0,0,0,0
2021-03-25,622665,633434,617769,621686,318118,0,0.0,0,0,0,0,0,0,0,0,0,0,0,0
2021-03-26,626580,635392,614832,633434,323655,0,1.8897,0,0,0,0,0,0,0,0,0,0,0,0
2021-03-29,637350,646161,625601,637350,284494,0,0.6182,0,0,0,0,0,0,0,0,0,0,0,0
2021-03-30,640287,657910,635392,655952,340527,0,2.9186,0,0,0,0,0,0,0,0,0,0,0,0
2021-03-31,660846,661825,646161,646161,325489,0,-1.4926,0,0,0,0,0,0,0,0,0,0,0,0
2021-04-01,655952,658889,646161,653015,255417,0,1.0607,0,0,0,0,0,0,0,0,0,0,0,0
2021-04-02,653994,657910,651056,653994,238456,0,0.1499,0,0,0,0,0,0,0,0,0,0,0,0
2021-04-05,651056,652035,636370,641266,261101,0,-1.9462,0,0,0,0,0,0,0,0,0,0,0,0
2021-04-06,645182,646161,625601,628539,329134,0,-1.9847,0,0,0,0,0,0,0,0,0,0,0,0
2021-04-07,638328,656930,632454,640287,459179,0,1.8691,0,0,0,0,0,0,0,0,0,0,0,0
2021-04-08,648119,648119,638328,643224,264348,0,0.4587,0,0,0,0,0,0,0,0,0,0,0,0
2021-04-09,647140,658889,645182,649099,334652,0,0.9134,0,0,0,0,0,0,0,0,0,0,0,0
2021-04-12,658888,658888,637349,641266,348553,0,-1.2067,0,0,0,0,0,0,0,0,0,0,0,0
2021-04-13,651056,682385,649098,675532,927890,0,5.3435,0,0,0,0,0,0,0,0,0,0,0,0
2021-04-14,685323,690218,670637,682386,500337,0,1.0146,0,0,0,0,0,0,0,0,0,0,0,0
2021-04-15,682385,687281,673574,685323,368983,0,0.4304,0,0,0,0,0,0,0,0,0,0,0,0
2021-04-16,689239,697071,678470,679449,307953,0,-0.8571,0,0,0,0,0,0,0,0,0,0,0,0
2021-04-19,677490,679448,670636,673574,216348,0,-0.8647,0,0,0,0,0,0,0,0,0,0,0,0
2021-04-20,675532,677490,668678,675532,196137,0,0.2907,0,0,0,0,0,0,0,0,0,0,0,0
2021-04-21,670637,671616,654972,656931,289405,0,-2.7535,0,0,0,0,0,0,0,0,0,0,0,0
2021-04-22,664763,664763,655951,657910,194657,0,0.149,0,0,0,0,0,0,0,0,0,0,0,0
2021-04-23,657910,662805,646161,655952,188493,0,-0.2976,0,0,0,0,0,0,0,0,0,0,0,0
2021-04-26,665741,674553,656930,674553,278723,0,2.8357,0,0,0,0,0,0,0,0,0,0,0,0
2021-04-27,676511,678469,668678,670637,266170,0,-0.5805,0,0,0,0,0,0,0,0,0,0,0,0
2021-04-28,670637,670637,653015,653015,337982,0,-2.6277,0,0,0,0,0,0,0,0,0,0,0,0
2021-04-29,655951,670637,653014,657910,348364,0,0.7496,0,0,0,0,0,0,0,0,0,0,0,0
2021-04-30,656930,657909,639308,640287,286801,0,-2.6786,0,0,0,0,0,0,0,0,0,0,0,0
2021-05-03,641266,641266,622664,625602,263931,0,-2.2935,0,0,0,0,0,0,0,0,0,0,0,0
2021-05-04,616790,638329,616790,636371,215996,0,1.7214,0,0,0,0,0,0,0,0,0,0,0,0
2021-05-06,632455,636371,621685,628539,326997,0,-1.2307,0,0,0,0,0,0,0,0,0,0,0,0
2021-05-07,629518,635392,621685,628539,248347,0,0.0,0,0,0,0,0,0,0,0,0,0,0,0
2021-05-10,641266,644203,631475,638329,244347,0,1.5576,0,0,0,0,0,0,0,0,0,0,0,0
2021-05-11,632455,642245,626580,627560,387603,0,-1.6871,0,0,0,0,0,0,0,0,0,0,0,0
2021-05-12,627560,628539,614832,619728,300238,0,-1.248,0,0,0,0,0,0,0,0,0,0,0,0
2021-05-13,601125,605041,587418,589377,601371,0,-4.8975,0,0,0,0,0,0,0,0,0,0,0,0
2021-05-14,595251,619727,592314,612874,294378,0,3.9868,0,0,0,0,0,0,0,0,0,0,0,0
2021-05-17,619727,628538,604062,609937,262704,0,-0.4792,0,0,0,0,0,0,0,0,0,0,0,0
2021-05-18,615810,617769,604062,617769,187620,0,1.2841,0,0,0,0,0,0,0,0,0,0,0,0
2021-05-20,612874,628539,611895,622665,287909,0,0.7925,0,0,0,0,0,0,0,0,0,0,0,0
2021-05-21,635392,635392,622664,629518,308228,0,1.1006,0,0,0,0,0,0,0,0,0,0,0,0
2021-05-24,623644,627560,617769,621686,174220,0,-1.2441,0,0,0,0,0,0,0,0,0,0,0,0
2021-05-25,621685,629518,615811,629518,205510,0,1.2598,0,0,0,0,0,0,0,0,0,0,0,0
2021-05-26,630497,630497,617769,623644,198167,0,-0.9331,0,0,0,0,0,0,0,0,0,0,0,0
2021-05-27,622665,625602,607979,622665,362991,0,-0.157,0,0,0,0,0,0,0,0,0,0,0,0
2021-05-28,631476,631476,622664,626581,180833,0,0.6289,0,0,0,0,0,0,0,0,0,0,0,0
2021-05-31,626580,627559,593293,602105,652996,0,-3.9063,0,0,0,0,0,0,0,0,0,0,0,0
2021-06-01,596230,606021,593293,603084,254687,0,0.1626,0,0,0,0,0,0,0,0,0,0,0,0
2021-06-02,605042,606021,597210,598189,230056,0,-0.8117,0,0,0,0,0,0,0,0,0,0,0,0
2021-06-03,595251,610916,595251,607000,266445,0,1.4729,0,0,0,0,0,0,0,0,0,0,0,0
2021-06-04,599167,610916,598188,607979,179938,0,0.1613,0,0,0,0,0,0,0,0,0,0,0,0
2021-06-07,608958,614832,603083,608958,133489,0,0.161,0,0,0,0,0,0,0,0,0,0,0,0
2021-06-08,607979,608958,602105,602105,148405,0,-1.1254,0,0,0,0,0,0,0,0,0,0,0,0
2021-06-09,600147,602105,593294,593294,284253,0,-1.4634,0,0,0,0,0,0,0,0,0,0,0,0
2021-06-10,598189,603084,593293,597210,412659,0,0.66,0,0,0,0,0,0,0,0,0,0,0,0
2021-06-11,604063,626581,603084,624623,611782,0,4.5902,0,0,0,0,0,0,0,0,0,0,0,0
2021-06-14,629518,631476,621685,625602,215328,0,0.1567,0,0,0,0,0,0,0,0,0,0,0,0
2021-06-15,631475,640287,629517,639308,356549,0,2.1908,0,0,0,0,0,0,0,0,0,0,0,0
2021-06-16,639307,643224,631475,642245,243846,0,0.4594,0,0,0,0,0,0,0,0,0,0,0,0
2021-06-17,640287,644203,634412,636371,237937,0,-0.9146,0,0,0,0,0,0,0,0,0,0,0,0
2021-06-18,651056,663784,644203,659868,466091,0,3.6923,0,0,0,0,0,0,0,0,0,0,0,0
2021-06-21,658888,670637,651056,666721,398510,0,1.0385,0,0,0,0,0,0,0,0,0,0,0,0
2021-06-22,663783,669658,653014,668679,300444,0,0.2937,0,0,0,0,0,0,0,0,0,0,0,0
2021-06-23,669658,677490,665741,669658,259814,0,0.1464,0,0,0,0,0,0,0,0,0,0,0,0
2021-06-24,676511,680427,671615,675532,306431,0,0.8772,0,0,0,0,0,0,0,0,0,0,0,0
2021-06-25,683364,684343,665741,673574,253196,0,-0.2898,0,0,0,0,0,0,0,0,0,0,0,0
2021-06-28,672595,676511,661825,664763,179904,0,-1.3081,0,0,0,0,0,0,0,0,0,0,0,0
2021-06-29,665741,674553,662804,671616,229957,0,1.0309,0,0,0,0,0,0,0,0,0,0,0,0
2021-06-30,675532,685323,675532,683365,349675,0,1.7494,0,0,0,0,0,0,0,0,0,0,0,0
2021-07-01,687281,713715,686302,708820,614451,0,3.7249,0,0,0,0,0,0,0,0,0,0,0,0
2021-07-02,715673,729379,702945,707841,336628,0,-0.1381,0,0,0,0,0,0,0,0,0,0,0,0
2021-07-05,710777,714693,701965,706861,181482,0,-0.1384,0,0,0,0,0,0,0,0,0,0,0,0
2021-07-06,713714,733295,708819,731337,414284,0,3.4626,0,0,0,0,0,0,0,0,0,0,0,0
2021-07-07,733295,742106,726441,733295,350766,0,0.2677,0,0,0,0,0,0,0,0,0,0,0,0
2021-07-08,738190,741127,716652,716652,354772,0,-2.2696,0,0,0,0,0,0,0,0,0,0,0,0
2021-07-09,710777,724484,697071,720568,383284,0,0.5464,0,0,0,0,0,0,0,0,0,0,0,0
2021-07-12,723505,727421,706861,714694,232497,0,-0.8152,0,0,0,0,0,0,0,0,0,0,0,0
2021-07-13,721546,734274,717630,734274,328781,0,2.7396,0,0,0,0,0,0,0,0,0,0,0,0
2021-07-14,730358,734274,722525,729379,225942,0,-0.6666,0,0,0,0,0,0,0,0,0,0,0,0
2021-07-15,732315,738190,719588,734274,276838,0,0.6711,0,0,0,0,0,0,0,0,0,0,0,0
2021-07-16,727420,741127,725462,733295,155448,0,-0.1333,0,0,0,0,0,0,0,0,0,0,0,0
2021-07-19,726441,731337,718609,727421,161778,0,-0.801,0,0,0,0,0,0,0,0,0,0,0,0
2021-07-20,718610,727421,704903,715673,263111,0,-1.615,0,0,0,0,0,0,0,0,0,0,0,0
2021-07-21,722526,727421,711756,717631,203699,0,0.2736,0,0,0,0,0,0,0,0,0,0,0,0
2021-07-22,722526,726442,715672,722526,132997,0,0.6821,0,0,0,0,0,0,0,0,0,0,0,0
2021-07-23,724483,735253,720567,735253,258926,0,1.7615,0,0,0,0,0,0,0,0,0,0,0,0
2021-07-26,744064,744064,720567,721547,232006,0,-1.8641,0,0,0,0,0,0,0,0,0,0,0,0
2021-07-27,726442,753855,720568,744065,444729,0,3.1208,0,0,0,0,0,0,0,0,0,0,0,0
2021-07-28,744065,753855,735253,743086,330785,0,-0.1316,0,0,0,0,0,0,0,0,0,0,0,0
2021-07-29,751897,751897,744064,748960,204424,0,0.7905,0,0,0,0,0,0,0,0,0,0,0,0
2021-07-30,745043,746022,723504,725463,318411,0,-3.1373,0,0,0,0,0,0,0,0,0,0,0,0
2021-08-02,728399,731337,717630,731337,199402,0,0.8097,0,0,0,0,0,0,0,0,0,0,0,0
2021-08-03,735253,745043,724483,733295,184944,0,0.2677,0,0,0,0,0,0,0,0,0,0,0,0
2021-08-04,737211,737211,711756,729379,250979,0,-0.534,0,0,0,0,0,0,0,0,0,0,0,0
2021-08-05,732316,757771,728400,754834,494675,0,3.49,0,0,0,0,0,0,0,0,0,0,0,0
2021-08-06,758749,769519,754833,759729,272671,0,0.6485,0,0,0,0,0,0,0,0,0,0,0,0
2021-08-09,757770,763645,749938,761687,196900,0,0.2577,0,0,0,0,0,0,0,0,0,0,0,0
2021-08-10,772456,785184,767561,783226,411437,0,2.8278,0,0,0,0,0,0,0,0,0,0,0,0
2021-08-11,785184,791058,774414,785184,288807,0,0.25,0,0,0,0,0,0,0,0,0,0,0,0
2021-08-12,787142,807702,780289,799870,462557,0,1.8704,0,0,0,0,0,0,0,0,0,0,0,0
2021-08-13,808681,810639,790079,799870,335923,0,0.0,0,0,0,0,0,0,0,0,0,0,0,0
2021-08-17,791058,797911,773435,777352,403203,0,-2.8152,0,0,0,0,0,0,0,0,0,0,0,0
2021-08-18,775394,785184,759729,777352,222314,0,0.0,0,0,0,0,0,0,0,0,0,0,0,0
2021-08-19,776372,781267,759729,760708,280949,0,-2.1411,0,0,0,0,0,0,0,0,0,0,0,0
2021-08-20,759729,768540,745043,755813,292635,0,-0.6435,0,0,0,0,0,0,0,0,0,0,0,0
2021-08-23,763645,791058,756792,781268,375014,0,3.3679,0,0,0,0,0,0,0,0,0,0,0,0
2021-08-24,789100,793995,730358,753855,533408,0,-3.5088,0,0,0,0,0,0,0,0,0,0,0,0
2021-08-25,754833,760708,745043,759729,247482,0,0.7792,0,0,0,0,0,0,0,0,0,0,0,0
2021-08-26,761687,764624,742106,748960,221873,0,-1.4175,0,0,0,0,0,0,0,0,0,0,0,0
2021-08-27,746022,753855,739169,748960,155950,0,0.0,0,0,0,0,0,0,0,0,0,0,0,0
2021-08-30,756792,758750,737211,747002,194072,0,-0.2614,0,0,0,0,0,0,0,0,0,0,0,0
2021-08-31,746023,776373,744064,776373,402339,0,3.9319,0,0,0,0,0,0,0,0,0,0,0,0
2021-09-01,776373,778331,762666,771478,208032,0,-0.6305,0,0,0,0,0,0,0,0,0,0,0,0
2021-09-02,764624,769519,734274,734274,523949,0,-4.8224,0,0,0,0,0,0,0,0,0,0,0,0
2021-09-03,741127,747981,737211,744065,220437,0,1.3334,0,0,0,0,0,0,0,0,0,0,0,0
2021-09-06,744064,752876,738190,750918,138542,0,0.921,0,0,0,0,0,0,0,0,0,0,0,0
2021-09-07,757770,766582,753854,758750,187447,0,1.043,0,0,0,0,0,0,0,0,0,0,0,0
2021-09-08,758750,758750,745043,753855,242940,0,-0.6451,0,0,0,0,0,0,0,0,0,0,0,0
2021-09-09,746022,753854,730357,733295,334124,0,-2.7273,0,0,0,0,0,0,0,0,0,0,0,0
2021-09-10,734274,744064,728399,734274,184388,0,0.1335,0,0,0,0,0,0,0,0,0,0,0,0
2021-09-13,729379,731337,720567,725463,205088,0,-1.2,0,0,0,0,0,0,0,0,0,0,0,0
2021-09-14,725463,740149,725463,739170,201770,0,1.8894,0,0,0,0,0,0,0,0,0,0,0,0
2021-09-15,745043,745043,731336,734274,129628,0,-0.6624,0,0,0,0,0,0,0,0,0,0,0,0
2021-09-16,719589,727421,695113,709799,737049,0,-3.3332,0,0,0,0,0,0,0,0,0,0,0,0
2021-09-17,708820,716652,704903,709799,266799,0,0.0,0,0,0,0,0,0,0,0,0,0,0,0
2021-09-23,701966,722526,701966,715673,249551,0,0.8276,0,0,0,0,0,0,0,0,0,0,0,0
2021-09-24,720568,721547,705882,710778,169002,0,-0.684,0,0,0,0,0,0,0,0,0,0,0,0
2021-09-27,726442,732316,711756,719589,301114,0,1.2396,0,0,0,0,0,0,0,0,0,0,0,0
2021-09-28,714693,718609,697070,700008,250608,0,-2.7211,0,0,0,0,0,0,0,0,0,0,0,0
2021-09-29,685322,695113,680427,694134,312486,0,-0.8391,0,0,0,0,0,0,0,0,0,0,0,0
2021-09-30,694133,703924,687280,702945,260988,0,1.2694,0,0,0,0,0,0,0,0,0,0,0,0
2021-10-01,694134,702945,687280,692176,188414,0,-1.532,0,0,0,0,0,0,0,0,0,0,0,0
2021-10-05,673574,679448,655951,665742,370614,0,-3.819,0,0,0,0,0,0,0,0,0,0,0,0
2021-10-06,666721,677490,652036,652036,364224,0,-2.0588,0,0,0,0,0,0,0,0,0,0,0,0
2021-10-07,659868,662805,643224,653015,249794,0,0.1501,0,0,0,0,0,0,0,0,0,0,0,0
2021-10-08,665741,680427,656930,671616,312373,0,2.8485,0,0,0,0,0,0,0,0,0,0,0,0
2021-10-12,672595,677490,640287,649099,383167,0,-3.3527,0,0,0,0,0,0,0,0,0,0,0,0
2021-10-13,649098,662805,646161,656931,236358,0,1.2066,0,0,0,0,0,0,0,0,0,0,0,0
2021-10-14,665741,677490,660846,677490,318769,0,3.1296,0,0,0,0,0,0,0,0,0,0,0,0
2021-10-15,688259,700008,683364,697071,250231,0,2.8902,0,0,0,0,0,0,0,0,0,0,0,0
2021-10-18,709798,713714,686301,690218,359485,0,-0.9831,0,0,0,0,0,0,0,0,0,0,0,0
2021-10-19,700008,713715,691197,711757,239343,0,3.1206,0,0,0,0,0,0,0,0,0,0,0,0
2021-10-20,719589,723505,708819,711757,198485,0,0.0,0,0,0,0,0,0,0,0,0,0,0,0
2021-10-21,712736,716652,695113,707841,221198,0,-0.5502,0,0,0,0,0,0,0,0,0,0,0,0
2021-10-22,709798,724484,702945,721547,241352,0,1.9363,0,0,0,0,0,0,0,0,0,0,0,0
2021-10-25,714693,722526,702945,717631,198103,0,-0.5427,0,0,0,0,0,0,0,0,0,0,0,0
2021-10-26,730358,733295,718609,730358,268436,0,1.7735,0,0,0,0,0,0,0,0,0,0,0,0
2021-10-27,722525,737211,721546,734274,169636,0,0.5362,0,0,0,0,0,0,0,0,0,0,0,0
2021-10-28,739169,748959,730358,730358,280570,0,-0.5333,0,0,0,0,0,0,0,0,0,0,0,0
2021-10-29,731337,733295,718610,718610,357280,0,-1.6085,0,0,0,0,0,0,0,0,0,0,0,0
2021-11-01,717631,717631,700987,707841,261582,0,-1.4986,0,0,0,0,0,0,0,0,0,0,0,0
2021-11-02,716652,727421,708819,715673,223637,0,1.1065,0,0,0,0,0,0,0,0,0,0,0,0
2021-11-03,716652,731337,709798,716652,257753,0,0.1368,0,0,0,0,0,0,0,0,0,0,0,0
2021-11-04,724483,735253,722525,735253,314881,0,2.5955,0,0,0,0,0,0,0,0,0,0,0,0
2021-11-05,736232,739170,722526,739170,195066,0,0.5327,0,0,0,0,0,0,0,0,0,0,0,0
2021-11-08,740148,740148,724483,728400,144339,0,-1.457,0,0,0,0,0,0,0,0,0,0,0,0
2021-11-09,724483,736232,722525,732316,159465,0,0.5376,0,0,0,0,0,0,0,0,0,0,0,0
2021-11-10,723504,732316,719588,732316,164239,0,0.0,0,0,0,0,0,0,0,0,0,0,0,0
2021-11-11,731336,737211,719588,737211,234351,0,0.6684,0,0,0,0,0,0,0,0,0,0,0,0
2021-11-12,741127,741127,729378,735253,198047,0,-0.2656,0,0,0,0,0,0,0,0,0,0,0,0
2021-11-15,742107,743086,731337,738191,127007,0,0.3996,0,0,0,0,0,0,0,0,0,0,0,0
2021-11-16,738190,748960,736232,744065,205754,0,0.7957,0,0,0,0,0,0,0,0,0,0,0,0
2021-11-17,751897,755813,741127,746023,167915,0,0.2631,0,0,0,0,0,0,0,0,0,0,0,0
2021-11-18,741127,747002,737211,747002,151714,0,0.1312,0,0,0,0,0,0,0,0,0,0,0,0
2021-11-19,745044,745044,735253,741128,191568,0,-0.7863,0,0,0,0,0,0,0,0,0,0,0,0
2021-11-22,736232,736232,721546,730358,220101,0,-1.4532,0,0,0,0,0,0,0,0,0,0,0,0
2021-11-23,729379,729379,710777,721547,211877,0,-1.2064,0,0,0,0,0,0,0,0,0,0,0,0
2021-11-24,716652,722526,705882,714694,200397,0,-0.9498,0,0,0,0,0,0,0,0,0,0,0,0
2021-11-25,712735,714693,699029,700008,207685,0,-2.0549,0,0,0,0,0,0,0,0,0,0,0,0
2021-11-26,694133,709798,691196,698050,196690,0,-0.2797,0,0,0,0,0,0,0,0,0,0,0,0
2021-11-29,687280,696092,677490,694134,205010,0,-0.561,0,0,0,0,0,0,0,0,0,0,0,0
2021-11-30,697070,701965,663783,673574,401571,0,-2.962,0,0,0,0,0,0,0,0,0,0,0,0
2021-12-01,679449,683365,665742,678470,231132,0,0.7269,0,0,0,0,0,0,0,0,0,0,0,0
2021-12-02,673574,681406,665741,670637,298117,0,-1.1545,0,0,0,0,0,0,0,0,0,0,0,0
2021-12-03,667699,684343,666720,677490,266107,0,1.0219,0,0,0,0,0,0,0,0,0,0,0,0
2021-12-06,677490,688260,668679,683365,165999,0,0.8672,0,0,0,0,0,0,0,0,0,0,0,0
2021-12-07,686301,687280,669657,676511,175744,0,-1.003,0,0,0,0,0,0,0,0,0,0,0,0
2021-12-08,685322,703924,680427,695113,270453,0,2.7497,0,0,0,0,0,0,0,0,0,0,0,0
2021-12-09,699029,701966,690217,693155,319725,0,-0.2817,0,0,0,0,0,0,0,0,0,0,0,0
2021-12-10,690217,696092,682385,694134,187571,0,0.1412,0,0,0,0,0,0,0,0,0,0,0,0
2021-12-13,694134,704903,687281,688260,162603,0,-0.8462,0,0,0,0,0,0,0,0,0,0,0,0
2021-12-14,682385,683364,665742,665742,299366,0,-3.2717,0,0,0,0,0,0,0,0,0,0,0,0
2021-12-15,659868,663784,647140,659868,334146,0,-0.8823,0,0,0,0,0,0,0,0,0,0,0,0
2021-12-16,665741,676511,663783,668679,228734,0,1.3353,0,0,0,0,0,0,0,0,0,0,0,0
2021-12-17,656930,671616,656930,665742,247978,0,-0.4392,0,0,0,0,0,0,0,0,0,0,0,0
2021-12-20,660846,661825,639308,640287,360418,0,-3.8236,0,0,0,0,0,0,0,0,0,0,0,0
2021-12-21,639308,640287,614832,631476,454350,0,-1.3761,0,0,0,0,0,0,0,0,0,0,0,0
2021-12-22,632454,635391,615810,618748,376011,0,-2.0156,0,0,0,0,0,0,0,0,0,0,0,0
2021-12-23,627559,632455,624622,629518,264998,0,1.7406,0,0,0,0,0,0,0,0,0,0,0,0
2021-12-24,634412,648119,632454,637350,219813,0,1.2441,0,0,0,0,0,0,0,0,0,0,0,0
2021-12-27,637350,637350,628538,630497,132332,0,-1.0752,0,0,0,0,0,0,0,0,0,0,0,0
2021-12-28,633433,637350,626580,637350,234291,0,1.0869,0,0,0,0,0,0,0,0,0,0,0,0
2021-12-29,646161,653015,641266,649099,243664,0,1.8434,0,0,0,0,0,0,0,0,0,0,0,0
2021-12-30,643224,646161,637349,641266,151016,0,-1.2067,0,0,0,0,0,0,0,0,0,0,0,0
2022-01-03,649098,650077,629517,636371,173733,0,-0.7633,0,0,0,0,0,0,0,0,0,0,0,0
2022-01-04,639308,642245,631475,635392,213740,0,-0.1538,0,0,0,0,0,0,0,0,0,0,0,0
2022-01-05,630496,636371,621685,634413,344109,0,-0.1541,0,0,0,0,0,0,0,0,0,0,0,0
2022-01-06,628539,644203,624622,628539,240883,0,-0.9259,0,0,0,0,0,0,0,0,0,0,0,0
2022-01-07,634413,635392,621686,622665,468135,0,-0.9345,0,0,0,0,0,0,0,0,0,0,0,0
2022-01-10,623643,623643,609937,610916,267241,0,-1.8869,0,0,0,0,0,0,0,0,0,0,0,0
2022-01-11,626580,626580,608957,613853,277829,0,0.4808,0,0,0,0,0,0,0,0,0,0,0,0
2022-01-12,618748,649098,618748,645182,447219,0,5.1037,0,0,0,0,0,0,0,0,0,0,0,0
2022-01-13,659868,659868,646161,652036,320486,0,1.0623,0,0,0,0,0,0,0,0,0,0,0,0
2022-01-14,640287,651056,629517,633434,251120,0,-2.8529,0,0,0,0,0,0,0,0,0,0,0,0
2022-01-17,632455,644203,624622,627560,263450,0,-0.9273,0,0,0,0,0,0,0,0,0,0,0,0
2022-01-18,628538,667700,626580,660847,497674,0,5.3042,0,0,0,0,0,0,0,0,0,0,0,0
2022-01-19,661825,665741,645181,647140,327176,0,-2.0742,0,0,0,0,0,0,0,0,0,0,0,0
2022-01-20,643224,677490,638328,673574,383862,0,4.0847,0,0,0,0,0,0,0,0,0,0,0,0
2022-01-21,672595,676511,654972,669658,267527,0,-0.5814,0,0,0,0,0,0,0,0,0,0,0,0
2022-01-24,661825,670637,653014,667700,287978,0,-0.2924,0,0,0,0,0,0,0,0,0,0,0,0
2022-01-25,659868,661826,626580,628539,472994,0,-5.8651,0,0,0,0,0,0,0,0,0,0,0,0
2022-01-26,632455,637350,619728,619728,336362,0,-1.4018,0,0,0,0,0,0,0,0,0,0,0,0
2022-01-27,623643,632454,577628,581545,613410,0,-6.1613,0,0,0,0,0,0,0,0,0,0,0,0
2022-01-28,575671,579587,540425,571755,892895,0,-1.6834,0,0,0,0,0,0,0,0,0,0,0,0
2022-02-03,576650,587419,567838,571755,547988,0,0.0,0,0,0,0,0,0,0,0,0,0,0,0
2022-02-04,567838,577629,561964,574692,449089,0,0.5137,0,0,0,0,0,0,0,0,0,0,0,0
2022-02-07,576649,577628,555111,556090,383906,0,-3.2369,0,0,0,0,0,0,0,0,0,0,0,0
2022-02-08,551195,559027,534551,544342,680048,0,-2.1126,0,0,0,0,0,0,0,0,0,0,0,0
2022-02-09,548257,561964,543362,554132,337376,0,1.7985,0,0,0,0,0,0,0,0,0,0,0,0
2022-02-10,560985,567838,551194,557069,301211,0,0.53,0,0,0,0,0,0,0,0,0,0,0,0
2022-02-11,545321,546300,533572,535531,373444,0,-3.8663,0,0,0,0,0,0,0,0,0,0,0,0
2022-02-14,520845,528677,510075,514971,450734,0,-3.8392,0,0,0,0,0,0,0,0,0,0,0,0
2022-02-15,513991,530635,513012,518887,236154,0,0.7604,0,0,0,0,0,0,0,0,0,0,0,0
2022-02-16,533572,536509,525739,528677,225575,0,1.8867,0,0,0,0,0,0,0,0,0,0,0,0
2022-02-17,531614,554132,530635,545321,399569,0,3.1482,0,0,0,0,0,0,0,0,0,0,0,0
2022-02-18,535530,548258,535530,543363,182529,0,-0.3591,0,0,0,0,0,0,0,0,0,0,0,0
2022-02-21,533572,543363,523782,541405,158128,0,-0.3603,0,0,0,0,0,0,0,0,0,0,0,0
2022-02-22,526718,536509,524760,529656,201116,0,-2.1701,0,0,0,0,0,0,0,0,0,0,0,0
2022-02-23,535530,541405,525740,537489,154629,0,1.4789,0,0,0,0,0,0,0,0,0,0,0,0
2022-02-24,524761,526719,504201,505181,390542,0,-6.0109,0,0,0,0,0,0,0,0,0,0,0,0
2022-02-25,515949,530635,513012,527698,255282,0,4.4572,0,0,0,0,0,0,0,0,0,0,0,0
2022-02-28,521824,538468,518887,536510,253290,0,1.6699,0,0,0,0,0,0,0,0,0,0,0,0
2022-03-02,547279,547279,530635,535531,283173,0,-0.1825,0,0,0,0,0,0,0,0,0,0,0,0
2022-03-03,540426,543363,538468,539447,152596,0,0.7312,0,0,0,0,0,0,0,0,0,0,0,0
2022-03-04,536509,536509,516929,516929,331919,0,-4.1743,0,0,0,0,0,0,0,0,0,0,0,0
2022-03-07,503222,509096,494410,500285,347059,0,-3.2198,0,0,0,0,0,0,0,0,0,0,0,0
2022-03-08,483641,493432,483152,486579,411686,0,-2.7396,0,0,0,0,0,0,0,0,0,0,0,0
2022-03-10,501264,501264,488047,492453,432479,0,1.2072,0,0,0,0,0,0,0,0,0,0,0,0
2022-03-11,490494,496368,462592,470914,620502,0,-4.3738,0,0,0,0,0,0,0,0,0,0,0,0
2022-03-14,463082,480705,452802,480705,666256,0,2.0791,0,0,0,0,0,0,0,0,0,0,0,0
2022-03-15,471893,479236,468956,476789,281203,0,-0.8146,0,0,0,0,0,0,0,0,0,0,0,0
2022-03-16,482173,489026,474830,487558,307970,0,2.2587,0,0,0,0,0,0,0,0,0,0,0,0
2022-03-17,504201,506159,495389,497348,383030,0,2.008,0,0,0,0,0,0,0,0,0,0,0,0
2022-03-18,505180,505180,491473,493432,348053,0,-0.7874,0,0,0,0,0,0,0,0,0,0,0,0
2022-03-21,500285,504201,491473,493432,235852,0,0.0,0,0,0,0,0,0,0,0,0,0,0,0
2022-03-22,492452,500285,489515,498327,180511,0,0.992,0,0,0,0,0,0,0,0,0,0,0,0
2022-03-23,504201,516929,502243,509097,397546,0,2.1612,0,0,0,0,0,0,0,0,0,0,0,0
2022-03-24,510075,519866,504201,519866,330208,0,2.1153,0,0,0,0,0,0,0,0,0,0,0,0
2022-03-25,530635,535530,524760,529656,435896,0,1.8832,0,0,0,0,0,0,0,0,0,0,0,0
2022-03-28,528677,528677,515949,521824,210424,0,-1.4787,0,0,0,0,0,0,0,0,0,0,0,0
2022-03-29,528676,533572,521823,530635,220044,0,1.6885,0,0,0,0,0,0,0,0,0,0,0,0
2022-03-30,540425,557069,539446,549237,565755,0,3.5056,0,0,0,0,0,0,0,0,0,0,0,0
2022-03-31,552173,583503,550215,583503,669191,0,6.2388,0,0,0,0,0,0,0,0,0,0,0,0
2022-04-01,577629,584482,572733,574692,353586,0,-1.51,0,0,0,0,0,0,0,0,0,0,0,0
2022-04-04,563922,574692,550216,572734,321355,0,-0.3407,0,0,0,0,0,0,0,0,0,0,0,0
2022-04-05,582523,596230,578607,587419,365373,0,2.564,0,0,0,0,0,0,0,0,0,0,0,0
2022-04-06,577628,592314,577628,585461,241250,0,-0.3333,0,0,0,0,0,0,0,0,0,0,0,0
2022-04-07,578608,579587,565880,570776,256487,0,-2.5083,0,0,0,0,0,0,0,0,0,0,0,0
2022-04-08,574691,592314,573712,588398,262685,0,3.0874,0,0,0,0,0,0,0,0,0,0,0,0
2022-04-11,582524,583503,568817,572734,238193,0,-2.6621,0,0,0,0,0,0,0,0,0,0,0,0
2022-04-12,560985,569797,557069,564902,305389,0,-1.3675,0,0,0,0,0,0,0,0,0,0,0,0
2022-04-13,563922,588398,562943,586440,370416,0,3.8127,0,0,0,0,0,0,0,0,0,0,0,0
2022-04-14,589377,607000,584482,607000,541726,0,3.5059,0,0,0,0,0,0,0,0,0,0,0,0
2022-04-15,594272,607000,593293,600147,234901,0,-1.129,0,0,0,0,0,0,0,0,0,0,0,0
2022-04-18,594272,603083,587418,588398,168767,0,-1.9577,0,0,0,0,0,0,0,0,0,0,0,0
2022-04-19,593293,601126,592314,597210,120314,0,1.4976,0,0,0,0,0,0,0,0,0,0,0,0
2022-04-20,597210,599168,587419,594273,174911,0,-0.4918,0,0,0,0,0,0,0,0,0,0,0,0
2022-04-21,598189,609937,596230,597210,179070,0,0.4942,0,0,0,0,0,0,0,0,0,0,0,0
2022-04-22,590356,592314,577628,583503,202552,0,-2.2952,0,0,0,0,0,0,0,0,0,0,0,0
2022-04-25,570776,575671,560985,565881,252942,0,-3.02,0,0,0,0,0,0,0,0,0,0,0,0
2022-04-26,568818,577629,567839,568818,147495,0,0.519,0,0,0,0,0,0,0,0,0,0,0,0
2022-04-27,548258,578608,548258,577629,269989,0,1.549,0,0,0,0,0,0,0,0,0,0,0,0
2022-04-28,595251,595251,570775,585461,307720,0,1.3559,0,0,0,0,0,0,0,0,0,0,0,0
2022-04-29,591335,614832,587419,598189,411296,0,2.174,0,0,0,0,0,0,0,0,0,0,0,0
2022-05-02,591335,600147,588398,598189,198941,0,0.0,0,0,0,0,0,0,0,0,0,0,0,0
2022-05-03,601125,616790,595251,610916,278829,0,2.1276,0,0,0,0,0,0,0,0,0,0,0,0
2022-05-04,616790,621685,598188,599168,205389,0,-1.923,0,0,0,0,0,0,0,0,0,0,0,0
2022-05-06,592314,606021,591335,604063,312415,0,0.817,0,0,0,0,0,0,0,0,0,0,0,0
2022-05-09,596230,602104,578608,578608,239007,0,-4.214,0,0,0,0,0,0,0,0,0,0,0,0
2022-05-10,563922,584482,556090,580566,397121,0,0.3384,0,0,0,0,0,0,0,0,0,0,0,0
2022-05-11,574692,578608,562943,571755,283605,0,-1.5177,0,0,0,0,0,0,0,0,0,0,0,0
2022-05-12,559027,571754,552174,552174,323043,0,-3.4247,0,0,0,0,0,0,0,0,0,0,0,0
2022-05-13,557069,580566,557069,576650,252921,0,4.4327,0,0,0,0,0,0,0,0,0,0,0,0
2022-05-16,585461,590356,568817,574692,143125,0,-0.3395,0,0,0,0,0,0,0,0,0,0,0,0
2022-05-17,576649,581545,574691,578608,135454,0,0.6814,0,0,0,0,0,0,0,0,0,0,0,0
2022-05-18,586440,594273,579587,590357,206361,0,2.0306,0,0,0,0,0,0,0,0,0,0,0,0
2022-05-19,573712,583503,573712,578608,197247,0,-1.9902,0,0,0,0,0,0,0,0,0,0,0,0
2022-05-20,582524,597210,581545,592315,286584,0,2.369,0,0,0,0,0,0,0,0,0,0,0,0
2022-05-23,602105,609937,593293,598189,218342,0,0.9917,0,0,0,0,0,0,0,0,0,0,0,0
2022-05-24,601125,601125,570775,572734,322709,0,-4.2553,0,0,0,0,0,0,0,0,0,0,0,0
2022-05-25,577629,579587,566859,575671,237006,0,0.5128,0,0,0,0,0,0,0,0,0,0,0,0
2022-05-26,578608,580566,566859,569797,207549,0,-1.0204,0,0,0,0,0,0,0,0,0,0,0,0
2022-05-27,577629,583503,572733,577629,200377,0,1.3745,0,0,0,0,0,0,0,0,0,0,0,0
2022-05-30,584482,585461,557069,568818,401333,0,-1.5254,0,0,0,0,0,0,0,0,0,0,0,0
2022-05-31,563923,567839,552174,562944,598858,0,-1.0327,0,0,0,0,0,0,0,0,0,0,0,0
2022-06-02,557069,560006,551194,557069,251714,0,-1.0436,0,0,0,0,0,0,0,0,0,0,0,0
2022-06-03,560985,562943,554131,557069,197760,0,0.0,0,0,0,0,0,0,0,0,0,0,0,0
2022-06-07,550215,552173,524761,524761,502997,0,-5.7996,0,0,0,0,0,0,0,0,0,0,0,0
2022-06-08,534552,539447,530635,535531,265817,0,2.0524,0,0,0,0,0,0,0,0,0,0,0,0
2022-06-09,535530,544342,527698,544342,428632,0,1.6453,0,0,0,0,0,0,0,0,0,0,0,0
2022-06-10,537488,551195,536509,548258,198208,0,0.7194,0,0,0,0,0,0,0,0,0,0,0,0
2022-06-13,534551,548258,534551,537489,213001,0,-1.9642,0,0,0,0,0,0,0,0,0,0,0,0
2022-06-14,526719,527698,507138,519866,450106,0,-3.2788,0,0,0,0,0,0,0,0,0,0,0,0
2022-06-15,522803,525740,510075,516929,223031,0,-0.565,0,0,0,0,0,0,0,0,0,0,0,0
2022-06-16,525740,551195,525740,537489,331309,0,3.9773,0,0,0,0,0,0,0,0,0,0,0,0
2022-06-17,529656,553153,523782,544342,406002,0,1.275,0,0,0,0,0,0,0,0,0,0,0,0
2022-06-20,548258,560985,536509,547279,258966,0,0.5396,0,0,0,0,0,0,0,0,0,0,0,0
2022-06-21,557068,564901,552173,560006,263586,0,2.3255,0,0,0,0,0,0,0,0,0,0,0,0
2022-06-22,561964,562943,525740,525740,329196,0,-6.1189,0,0,0,0,0,0,0,0,0,0,0,0
2022-06-23,525740,538467,520844,521824,281943,0,-0.7449,0,0,0,0,0,0,0,0,0,0,0,0
2022-06-24,522803,540426,515950,538468,272993,0,3.1896,0,0,0,0,0,0,0,0,0,0,0,0
2022-06-27,551194,564901,549236,557069,262721,0,3.4544,0,0,0,0,0,0,0,0,0,0,0,0
2022-06-28,556090,568818,553153,568818,240297,0,2.1091,0,0,0,0,0,0,0,0,0,0,0,0
2022-06-29,559027,566859,557069,558048,176400,0,-1.8934,0,0,0,0,0,0,0,0,0,0,0,0
2022-06-30,552174,557069,520845,520845,470686,0,-6.6666,0,0,0,0,0,0,0,0,0,0,0,0
2022-07-01,520844,523781,498326,501264,346756,0,-3.7595,0,0,0,0,0,0,0,0,0,0,0,0
2022-07-04,499306,505180,490494,495390,213483,0,-1.1718,0,0,0,0,0,0,0,0,0,0,0,0
2022-07-05,501264,524761,498327,524761,211301,0,5.9289,0,0,0,0,0,0,0,0,0,0,0,0
2022-07-06,518887,521824,506159,511055,216867,0,-2.6119,0,0,0,0,0,0,0,0,0,0,0,0
2022-07-07,519865,534551,517907,529656,215023,0,3.6397,0,0,0,0,0,0,0,0,0,0,0,0
2022-07-08,542383,547278,519865,525740,241217,0,-0.7393,0,0,0,0,0,0,0,0,0,0,0,0
2022-07-11,527698,536509,512033,515950,179141,0,-1.8621,0,0,0,0,0,0,0,0,0,0,0,0
2022-07-12,512033,517908,501264,516929,180604,0,0.1897,0,0,0,0,0,0,0,0,0,0,0,0
2022-07-13,515949,526719,509096,516929,221867,0,0.0,0,0,0,0,0,0,0,0,0,0,0,0
2022-07-14,525739,538467,522802,529656,337062,0,2.462,0,0,0,0,0,0,0,0,0,0,0,0
2022-07-15,535530,544342,530635,536510,233986,0,1.294,0,0,0,0,0,0,0,0,0,0,0,0
2022-07-18,538468,545321,526719,534552,159002,0,-0.365,0,0,0,0,0,0,0,0,0,0,0,0
2022-07-19,537489,542384,531614,533573,137736,0,-0.1831,0,0,0,0,0,0,0,0,0,0,0,0
2022-07-20,545320,553153,538467,547279,262541,0,2.5687,0,0,0,0,0,0,0,0,0,0,0,0
2022-07-21,552173,561964,546299,555111,225674,0,1.4311,0,0,0,0,0,0,0,0,0,0,0,0
2022-07-22,556090,561964,550215,556090,146156,0,0.1764,0,0,0,0,0,0,0,0,0,0,0,0
2022-07-25,554132,560006,545320,546300,176995,0,-1.7605,0,0,0,0,0,0,0,0,0,0,0,0
2022-07-26,545320,551195,537488,551195,133676,0,0.896,0,0,0,0,0,0,0,0,0,0,0,0
2022-07-27,552174,556090,538467,544342,167033,0,-1.2433,0,0,0,0,0,0,0,0,0,0,0,0
2022-07-28,549237,566860,546300,565881,263692,0,3.9569,0,0,0,0,0,0,0,0,0,0,0,0
2022-07-29,573712,581544,542383,557069,616020,0,-1.5572,0,0,0,0,0,0,0,0,0,0,0,0
2022-08-01,557069,570776,550216,570776,347168,0,2.4606,0,0,0,0,0,0,0,0,0,0,0,0
2022-08-02,576649,576649,559026,560006,228403,0,-1.8869,0,0,0,0,0,0,0,0,0,0,0,0
2022-08-03,560006,575671,560006,573713,245630,0,2.4477,0,0,0,0,0,0,0,0,0,0,0,0
2022-08-04,582524,583503,567838,576650,210518,0,0.5119,0,0,0,0,0,0,0,0,0,0,0,0
2022-08-05,579586,587419,577628,585461,279577,0,1.528,0,0,0,0,0,0,0,0,0,0,0,0
2022-08-08,583502,590356,579586,584482,163730,0,-0.1672,0,0,0,0,0,0,0,0,0,0,0,0
2022-08-09,593293,605042,588398,602105,337966,0,3.0151,0,0,0,0,0,0,0,0,0,0,0,0
2022-08-10,605042,611895,598188,599168,262706,0,-0.4878,0,0,0,0,0,0,0,0,0,0,0,0
2022-08-11,606021,607000,598188,606021,213377,0,1.1438,0,0,0,0,0,0,0,0,0,0,0,0
2022-08-12,605041,611895,603083,609937,175675,0,0.6462,0,0,0,0,0,0,0,0,0,0,0,0
2022-08-16,621685,621685,612873,618748,168568,0,1.4446,0,0,0,0,0,0,0,0,0,0,0,0
2022-08-17,614832,618748,608957,615811,154837,0,-0.4747,0,0,0,0,0,0,0,0,0,0,0,0
2022-08-18,605041,611895,598188,610916,182462,0,-0.7949,0,0,0,0,0,0,0,0,0,0,0,0
2022-08-19,612874,615811,599167,605042,127685,0,-0.9615,0,0,0,0,0,0,0,0,0,0,0,0
2022-08-22,598188,598188,587419,587419,145195,0,-2.9127,0,0,0,0,0,0,0,0,0,0,0,0
2022-08-23,583503,591335,568817,574692,268213,0,-2.1666,0,0,0,0,0,0,0,0,0,0,0,0
2022-08-24,579587,586440,574691,578608,153618,0,0.6814,0,0,0,0,0,0,0,0,0,0,0,0
2022-08-25,580566,580566,560985,574692,195648,0,-0.6768,0,0,0,0,0,0,0,0,0,0,0,0
2022-08-26,575671,579587,571754,573713,131216,0,-0.1704,0,0,0,0,0,0,0,0,0,0,0,0
2022-08-29,556090,566860,555111,563923,148748,0,-1.7064,0,0,0,0,0,0,0,0,0,0,0,0
2022-08-30,562943,567839,556090,565881,167523,0,0.3472,0,0,0,0,0,0,0,0,0,0,0,0
2022-08-31,558048,585461,558048,585461,264969,0,3.4601,0,0,0,0,0,0,0,0,0,0,0,0
2022-09-01,576650,577629,562944,562944,234153,0,-3.846,0,0,0,0,0,0,0,0,0,0,0,0
2022-09-02,568818,574692,562943,563923,147450,0,0.1739,0,0,0,0,0,0,0,0,0,0,0,0
2022-09-05,564901,567838,551194,554132,151147,0,-1.7362,0,0,0,0,0,0,0,0,0,0,0,0
2022-09-06,555111,560985,544341,548258,152072,0,-1.06,0,0,0,0,0,0,0,0,0,0,0,0
2022-09-07,548258,552174,539446,542384,200634,0,-1.0714,0,0,0,0,0,0,0,0,0,0,0,0
2022-09-08,551194,562943,550215,559027,273383,0,3.0685,0,0,0,0,0,0,0,0,0,0,0,0
2022-09-13,573712,591335,568817,589377,338059,0,5.4291,0,0,0,0,0,0,0,0,0,0,0,0
2022-09-14,572734,607000,571755,601126,355207,0,1.9935,0,0,0,0,0,0,0,0,0,0,0,0
2022-09-15,607000,613853,599167,602105,261839,0,0.1629,0,0,0,0,0,0,0,0,0,0,0,0
2022-09-16,596230,607978,585460,589377,267531,0,-2.1139,0,0,0,0,0,0,0,0,0,0,0,0
2022-09-19,592314,605042,589377,595252,173892,0,0.9968,0,0,0,0,0,0,0,0,0,0,0,0
2022-09-20,603084,620707,595252,620707,418177,0,4.2763,0,0,0,0,0,0,0,0,0,0,0,0
2022-09-21,612874,616790,598188,606021,210025,0,-2.366,0,0,0,0,0,0,0,0,0,0,0,0
2022-09-22,599167,615811,595251,615811,209274,0,1.6155,0,0,0,0,0,0,0,0,0,0,0,0
2022-09-23,616790,618748,589377,597210,229713,0,-3.0206,0,0,0,0,0,0,0,0,0,0,0,0
2022-09-26,588398,596230,581544,584482,296509,0,-2.1312,0,0,0,0,0,0,0,0,0,0,0,0
2022-09-27,584482,586440,562943,574692,243868,0,-1.675,0,0,0,0,0,0,0,0,0,0,0,0
2022-09-28,570775,572733,546299,552174,288843,0,-3.9183,0,0,0,0,0,0,0,0,0,0,0,0
2022-09-29,562943,571754,549236,554132,211188,0,0.3546,0,0,0,0,0,0,0,0,0,0,0,0
2022-09-30,552174,562944,532593,534552,310822,0,-3.5335,0,0,0,0,0,0,0,0,0,0,0,0
2022-10-04,538467,547279,525740,544342,322930,0,1.8314,0,0,0,0,0,0,0,0,0,0,0,0
2022-10-05,567838,567838,547278,557069,272809,0,2.3381,0,0,0,0,0,0,0,0,0,0,0,0
2022-10-06,559027,579587,556090,572734,179276,0,2.812,0,0,0,0,0,0,0,0,0,0,0,0
2022-10-07,563922,578608,560985,578608,172821,0,1.0256,0,0,0,0,0,0,0,0,0,0,0,0
2022-10-11,566859,587419,565880,587419,292620,0,1.5228,0,0,0,0,0,0,0,0,0,0,0,0
2022-10-12,586440,597210,574692,597210,308570,0,1.6668,0,0,0,0,0,0,0,0,0,0,0,0
2022-10-13,595251,595251,582524,583503,280516,0,-2.2952,0,0,0,0,0,0,0,0,0,0,0,0
2022-10-14,594273,594273,585461,590357,178983,0,1.1746,0,0,0,0,0,0,0,0,0,0,0,0
2022-10-17,583503,600147,575671,592315,213501,0,0.3317,0,0,0,0,0,0,0,0,0,0,0,0
2022-10-18,601126,602105,584482,592315,190955,0,0.0,0,0,0,0,0,0,0,0,0,0,0,0
2022-10-19,598189,600147,588398,593294,241272,0,0.1653,0,0,0,0,0,0,0,0,0,0,0,0
2022-10-20,588398,589377,563922,576650,307889,0,-2.8054,0,0,0,0,0,0,0,0,0,0,0,0
2022-10-21,591335,621685,591335,613853,744303,0,6.4516,0,0,0,0,0,0,0,0,0,0,0,0
2022-10-24,622664,636371,613853,636371,470310,0,3.6683,0,0,0,0,0,0,0,0,0,0,0,0
2022-10-25,639307,653993,637349,641266,283522,0,0.7692,0,0,0,0,0,0,0,0,0,0,0,0
2022-10-26,653993,662805,639308,662805,459519,0,3.3588,0,0,0,0,0,0,0,0,0,0,0,0
2022-10-27,670637,719589,668679,711757,798935,0,7.3856,0,0,0,0,0,0,0,0,0,0,0,0
2022-10-28,697071,719589,697071,711757,485787,0,0.0,0,0,0,0,0,0,0,0,0,0,0,0
2022-10-31,718609,724484,706861,721547,300139,0,1.3755,0,0,0,0,0,0,0,0,0,0,0,0
2022-11-01,719589,744064,716652,744065,416088,0,3.1208,0,0,0,0,0,0,0,0,0,0,0,0
2022-11-02,734274,738190,700008,709799,504669,0,-4.6052,0,0,0,0,0,0,0,0,0,0,0,0
2022-11-03,695113,729379,694134,723505,365822,0,1.931,0,0,0,0,0,0,0,0,0,0,0,0
2022-11-04,719589,726442,710777,717631,273402,0,-0.8119,0,0,0,0,0,0,0,0,0,0,0,0
2022-11-07,726442,733295,717630,724484,240997,0,0.9549,0,0,0,0,0,0,0,0,0,0,0,0
2022-11-08,718610,723505,696092,714694,364880,0,-1.3513,0,0,0,0,0,0,0,0,0,0,0,0
2022-11-09,714693,722526,707840,722526,214498,0,1.0959,0,0,0,0,0,0,0,0,0,0,0,0
2022-11-10,713715,716652,701966,709799,337112,0,-1.7615,0,0,0,0,0,0,0,0,0,0,0,0
2022-11-11,725462,734274,717630,731337,315224,0,3.0344,0,0,0,0,0,0,0,0,0,0,0,0
2022-11-14,733295,766582,723505,743086,439160,0,1.6065,0,0,0,0,0,0,0,0,0,0,0,0
2022-11-15,740148,740148,700007,702945,596994,0,-5.4019,0,0,0,0,0,0,0,0,0,0,0,0
2022-11-16,706861,707840,688259,706861,318044,0,0.5571,0,0,0,0,0,0,0,0,0,0,0,0
2022-11-17,704903,705882,685323,685323,294504,0,-3.047,0,0,0,0,0,0,0,0,0,0,0,0
2022-11-18,685322,700987,681406,686302,175441,0,0.1429,0,0,0,0,0,0,0,0,0,0,0,0
2022-11-21,690218,692176,673574,679449,218825,0,-0.9985,0,0,0,0,0,0,0,0,0,0,0,0
2022-11-22,678469,689238,665742,665742,189199,0,-2.0174,0,0,0,0,0,0,0,0,0,0,0,0
2022-11-23,675532,694134,673574,686302,203395,0,3.0883,0,0,0,0,0,0,0,0,0,0,0,0
2022-11-24,698049,704903,691196,704903,208698,0,2.7103,0,0,0,0,0,0,0,0,0,0,0,0
2022-11-25,705882,713715,698050,709799,230244,0,0.6946,0,0,0,0,0,0,0,0,0,0,0,0
2022-11-28,711757,714694,700008,711757,194233,0,0.2759,0,0,0,0,0,0,0,0,0,0,0,0
2022-11-29,708819,708819,698049,702945,141275,0,-1.2381,0,0,0,0,0,0,0,0,0,0,0,0
2022-11-30,701966,713715,695113,713715,259885,0,1.5321,0,0,0,0,0,0,0,0,0,0,0,0
2022-12-01,721547,725463,709799,710778,159313,0,-0.4115,0,0,0,0,0,0,0,0,0,0,0,0
2022-12-02,706861,713714,702945,702945,128168,0,-1.102,0,0,0,0,0,0,0,0,0,0,0,0
2022-12-05,702945,704903,680427,682386,224683,0,-2.9247,0,0,0,0,0,0,0,0,0,0,0,0
2022-12-06,670637,696092,666721,691197,216571,0,1.2912,0,0,0,0,0,0,0,0,0,0,0,0
2022-12-07,691196,700008,685322,693155,177069,0,0.2833,0,0,0,0,0,0,0,0,0,0,0,0
2022-12-08,694134,700987,678470,678470,302444,0,-2.1186,0,0,0,0,0,0,0,0,0,0,0,0
2022-12-09,676511,678469,631476,631476,438701,0,-6.9265,0,0,0,0,0,0,0,0,0,0,0,0
2022-12-12,624622,643224,618748,636371,315352,0,0.7752,0,0,0,0,0,0,0,0,0,0,0,0
2022-12-13,641266,650077,625601,629518,204333,0,-1.0769,0,0,0,0,0,0,0,0,0,0,0,0
2022-12-14,634413,654973,634413,653015,226335,0,3.7325,0,0,0,0,0,0,0,0,0,0,0,0
2022-12-15,647140,658889,644203,651057,201969,0,-0.2998,0,0,0,0,0,0,0,0,0,0,0,0
2022-12-16,640287,653015,634413,653015,275818,0,0.3007,0,0,0,0,0,0,0,0,0,0,0,0
2022-12-19,644203,645182,628538,633434,204083,0,-2.9986,0,0,0,0,0,0,0,0,0,0,0,0
2022-12-20,632455,640287,624622,631476,132021,0,-0.3091,0,0,0,0,0,0,0,0,0,0,0,0
2022-12-21,632455,632455,614832,620707,169223,0,-1.7054,0,0,0,0,0,0,0,0,0,0,0,0
2022-12-22,623644,630497,617769,623644,172633,0,0.4732,0,0,0,0,0,0,0,0,0,0,0,0
2022-12-23,612874,614832,601125,608958,208502,0,-2.3549,0,0,0,0,0,0,0,0,0,0,0,0
2022-12-26,605041,613853,605041,610916,127298,0,0.3215,0,0,0,0,0,0,0,0,0,0,0,0
2022-12-27,614832,620706,604062,610916,182691,0,0.0,0,0,0,0,0,0,0,0,0,0,0,0
2022-12-28,604063,608958,587419,590357,244018,0,-3.3653,0,0,0,0,0,0,0,0,0,0,0,0
2022-12-29,591335,593293,578608,578608,202002,0,-1.9902,0,0,0,0,0,0,0,0,0,0,0,0
2023-01-02,584481,603083,584481,589377,145145,0,1.8612,0,0,0,0,0,0,0,0,0,0,0,0
2023-01-03,600147,605042,583503,592315,208134,0,0.4985,0,0,0,0,0,0,0,0,0,0,0,0
2023-01-04,583503,593294,568818,590357,228448,0,-0.3306,0,0,0,0,0,0,0,0,0,0,0,0
2023-01-05,599167,599167,569796,570776,375301,0,-3.3168,0,0,0,0,0,0,0,0,0,0,0,0
2023-01-06,565880,581545,561964,573713,228914,0,0.5146,0,0,0,0,0,0,0,0,0,0,0,0
2023-01-09,579586,589377,573712,587419,232851,0,2.389,0,0,0,0,0,0,0,0,0,0,0,0
2023-01-10,593293,607000,591335,599168,254281,0,2.0001,0,0,0,0,0,0,0,0,0,0,0,0
2023-01-11,605041,612874,599167,610916,220621,0,1.9607,0,0,0,0,0,0,0,0,0,0,0,0
2023-01-12,617769,619727,608957,615811,245990,0,0.8013,0,0,0,0,0,0,0,0,0,0,0,0
2023-01-13,615810,624622,615810,617769,159010,0,0.318,0,0,0,0,0,0,0,0,0,0,0,0
2023-01-16,616790,623643,608957,610916,132782,0,-1.1093,0,0,0,0,0,0,0,0,0,0,0,0
2023-01-17,608958,610916,598188,603084,136849,0,-1.282,0,0,0,0,0,0,0,0,0,0,0,0
2023-01-18,607000,607000,593293,600147,132005,0,-0.487,0,0,0,0,0,0,0,0,0,0,0,0
2023-01-19,598189,604063,591335,597210,153595,0,-0.4894,0,0,0,0,0,0,0,0,0,0,0,0
2023-01-20,600146,607000,595251,606021,155343,0,1.4754,0,0,0,0,0,0,0,0,0,0,0,0
2023-01-25,621685,638329,618748,635392,259466,0,4.8465,0,0,0,0,0,0,0,0,0,0,0,0
2023-01-26,644203,661826,630497,657910,285639,0,3.544,0,0,0,0,0,0,0,0,0,0,0,0
2023-01-27,665741,674553,653993,672595,270394,0,2.2321,0,0,0,0,0,0,0,0,0,0,0,0
2023-01-30,679448,679448,665741,672595,328815,0,0.0,0,0,0,0,0,0,0,0,0,0,0,0
2023-01-31,682385,689238,667699,670637,448111,0,-0.2911,0,0,0,0,0,0,0,0,0,0,0,0
2023-02-01,682385,705882,676511,704903,406175,0,5.1095,0,0,0,0,0,0,0,0,0,0,0,0
2023-02-02,706861,713714,697070,700987,240292,0,-0.5555,0,0,0,0,0,0,0,0,0,0,0,0
2023-02-03,707840,708819,687280,699029,196890,0,-0.2793,0,0,0,0,0,0,0,0,0,0,0,0
2023-02-06,692176,700987,686302,686302,200542,0,-1.8207,0,0,0,0,0,0,0,0,0,0,0,0
2023-02-07,680427,701966,675532,696092,211640,0,1.4265,0,0,0,0,0,0,0,0,0,0,0,0
2023-02-08,700008,717631,694134,714694,274695,0,2.6723,0,0,0,0,0,0,0,0,0,0,0,0
2023-02-09,710777,723505,707840,722526,254296,0,1.0959,0,0,0,0,0,0,0,0,0,0,0,0
2023-02-10,711756,720568,702945,719589,203176,0,-0.4065,0,0,0,0,0,0,0,0,0,0,0,0
2023-02-13,713715,713715,702945,707841,221027,0,-1.6326,0,0,0,0,0,0,0,0,0,0,0,0
2023-02-14,711756,724484,709798,723505,203925,0,2.2129,0,0,0,0,0,0,0,0,0,0,0,0
2023-02-15,723505,727421,708819,710778,276438,0,-1.7591,0,0,0,0,0,0,0,0,0,0,0,0
2023-02-16,714693,722526,710777,718610,207386,0,1.1019,0,0,0,0,0,0,0,0,0,0,0,0
2023-02-17,706861,712735,687281,688260,245854,0,-4.2234,0,0,0,0,0,0,0,0,0,0,0,0
2023-02-20,679448,681406,663783,677490,265665,0,-1.5648,0,0,0,0,0,0,0,0,0,0,0,0
2023-02-21,678469,685322,672594,677490,181130,0,0.0,0,0,0,0,0,0,0,0,0,0,0,0
2023-02-22,667699,675532,662804,669658,225888,0,-1.156,0,0,0,0,0,0,0,0,0,0,0,0
2023-02-23,665742,673574,653993,666721,229195,0,-0.4386,0,0,0,0,0,0,0,0,0,0,0,0
2023-02-24,666721,681406,663783,665742,203811,0,-0.1468,0,0,0,0,0,0,0,0,0,0,0,0
2023-02-27,654972,664763,653014,663784,170737,0,-0.2941,0,0,0,0,0,0,0,0,0,0,0,0
2023-02-28,668679,688260,666721,681407,278561,0,2.6549,0,0,0,0,0,0,0,0,0,0,0,0
2023-03-02,678469,698050,678469,695113,319458,0,2.0114,0,0,0,0,0,0,0,0,0,0,0,0
2023-03-03,696092,724484,690218,715673,334844,0,2.9578,0,0,0,0,0,0,0,0,0,0,0,0
2023-03-06,732315,764624,727420,764624,770377,0,6.8399,0,0,0,0,0,0,0,0,0,0,0,0
2023-03-07,762666,784205,751897,776373,612166,0,1.5366,0,0,0,0,0,0,0,0,0,0,0,0
2023-03-08,769520,769520,738191,738191,477532,0,-4.918,0,0,0,0,0,0,0,0,0,0,0,0
2023-03-09,740148,741127,714693,716652,414859,0,-2.9178,0,0,0,0,0,0,0,0,0,0,0,0
2023-03-10,706861,725463,705882,721547,238482,0,0.683,0,0,0,0,0,0,0,0,0,0,0,0
2023-03-13,722526,729379,706861,722526,217506,0,0.1357,0,0,0,0,0,0,0,0,0,0,0,0
2023-03-14,712736,717631,696092,709799,298012,0,-1.7615,0,0,0,0,0,0,0,0,0,0,0,0
2023-03-15,712735,732316,710777,718610,242622,0,1.2413,0,0,0,0,0,0,0,0,0,0,0,0
2023-03-16,708819,723505,700987,723505,219476,0,0.6812,0,0,0,0,0,0,0,0,0,0,0,0
2023-03-17,729378,731336,690217,705882,351885,0,-2.4358,0,0,0,0,0,0,0,0,0,0,0,0
2023-03-20,694133,708819,692175,700008,182581,0,-0.8322,0,0,0,0,0,0,0,0,0,0,0,0
2023-03-21,709798,716651,693154,701966,221881,0,0.2797,0,0,0,0,0,0,0,0,0,0,0,0
2023-03-22,709798,719589,704903,716652,246683,0,2.0921,0,0,0,0,0,0,0,0,0,0,0,0
2023-03-23,705882,735253,705882,730358,300933,0,1.9125,0,0,0,0,0,0,0,0,0,0,0,0
2023-03-24,725462,725462,697070,703924,272124,0,-3.6193,0,0,0,0,0,0,0,0,0,0,0,0
2023-03-27,710778,722526,705882,707841,258859,0,0.5565,0,0,0,0,0,0,0,0,0,0,0,0
2023-03-28,704902,709798,695112,706861,174995,0,-0.1384,0,0,0,0,0,0,0,0,0,0,0,0
2023-03-29,700987,719589,700987,719589,271980,0,1.8006,0,0,0,0,0,0,0,0,0,0,0,0
2023-03-30,720567,720567,705882,705882,209442,0,-1.9048,0,0,0,0,0,0,0,0,0,0,0,0
2023-03-31,706861,719589,699029,719589,253576,0,1.9418,0,0,0,0,0,0,0,0,0,0,0,0
2023-04-03,734274,734274,714693,729379,227418,0,1.3605,0,0,0,0,0,0,0,0,0,0,0,0
2023-04-04,724484,734274,708819,710778,213104,0,-2.5503,0,0,0,0,0,0,0,0,0,0,0,0
2023-04-05,714693,770498,711756,761687,480097,0,7.1624,0,0,0,0,0,0,0,0,0,0,0,0
2023-04-06,747980,749938,725462,729379,411460,0,-4.2416,0,0,0,0,0,0,0,0,0,0,0,0
2023-04-07,726442,731337,715672,722526,264633,0,-0.9396,0,0,0,0,0,0,0,0,0,0,0,0
2023-04-10,722525,740148,719588,733295,360238,0,1.4905,0,0,0,0,0,0,0,0,0,0,0,0
2023-04-11,740148,759729,730358,750918,450926,0,2.4033,0,0,0,0,0,0,0,0,0,0,0,0
2023-04-12,759729,762666,735253,747981,297218,0,-0.3911,0,0,0,0,0,0,0,0,0,0,0,0
2023-04-13,737211,752876,728400,752876,284680,0,0.6544,0,0,0,0,0,0,0,0,0,0,0,0
2023-04-14,756792,758750,734274,746023,241329,0,-0.9102,0,0,0,0,0,0,0,0,0,0,0,0
2023-04-17,741128,744065,733295,739170,219163,0,-0.9186,0,0,0,0,0,0,0,0,0,0,0,0
2023-04-18,739169,757771,730358,749939,297812,0,1.4569,0,0,0,0,0,0,0,0,0,0,0,0
2023-04-19,749939,749939,736232,742107,226334,0,-1.0444,0,0,0,0,0,0,0,0,0,0,0,0
2023-04-20,737211,748959,730357,733295,185898,0,-1.1874,0,0,0,0,0,0,0,0,0,0,0,0
2023-04-21,730358,740148,713714,718610,211076,0,-2.0026,0,0,0,0,0,0,0,0,0,0,0,0
2023-04-24,718610,724484,705882,710778,164602,0,-1.0899,0,0,0,0,0,0,0,0,0,0,0,0
2023-04-25,719588,721547,683364,691197,264141,0,-2.7549,0,0,0,0,0,0,0,0,0,0,0,0
2023-04-26,692176,705882,686301,688260,225157,0,-0.4249,0,0,0,0,0,0,0,0,0,0,0,0
2023-04-27,688259,695113,681406,691197,268804,0,0.4267,0,0,0,0,0,0,0,0,0,0,0,0
2023-04-28,696091,696091,667699,676511,557651,0,-2.1247,0,0,0,0,0,0,0,0,0,0,0,0
2023-05-02,680427,688260,676511,685323,225449,0,1.3026,0,0,0,0,0,0,0,0,0,0,0,0
2023-05-03,683364,683364,665741,669658,228751,0,-2.2858,0,0,0,0,0,0,0,0,0,0,0,0
2023-05-04,666720,677490,660846,669658,178662,0,0.0,0,0,0,0,0,0,0,0,0,0,0,0
2023-05-08,670637,676511,663783,669658,211002,0,0.0,0,0,0,0,0,0,0,0,0,0,0,0
2023-05-09,671616,674553,653014,665742,204663,0,-0.5848,0,0,0,0,0,0,0,0,0,0,0,0
2023-05-10,661826,672595,655951,657910,145450,0,-1.1764,0,0,0,0,0,0,0,0,0,0,0,0
2023-05-11,658889,661826,653014,655952,181923,0,-0.2976,0,0,0,0,0,0,0,0,0,0,0,0
2023-05-12,650077,657910,649098,651057,149319,0,-0.7462,0,0,0,0,0,0,0,0,0,0,0,0
2023-05-15,652035,660847,641266,659868,193725,0,1.3533,0,0,0,0,0,0,0,0,0,0,0,0
2023-05-16,663784,670637,655952,656931,139496,0,-0.4451,0,0,0,0,0,0,0,0,0,0,0,0
2023-05-17,655951,677490,653993,676511,182098,0,2.9805,0,0,0,0,0,0,0,0,0,0,0,0
2023-05-18,679448,680427,671615,677490,144427,0,0.1447,0,0,0,0,0,0,0,0,0,0,0,0
2023-05-19,677490,683365,668679,683365,233755,0,0.8672,0,0,0,0,0,0,0,0,0,0,0,0
2023-05-22,686302,691197,677490,685323,156004,0,0.2865,0,0,0,0,0,0,0,0,0,0,0,0
2023-05-23,688259,699029,684343,695113,179269,0,1.4285,0,0,0,0,0,0,0,0,0,0,0,0
2023-05-24,685322,699029,685322,699029,143959,0,0.5634,0,0,0,0,0,0,0,0,0,0,0,0
2023-05-25,689239,696092,685323,685323,183732,0,-1.9607,0,0,0,0,0,0,0,0,0,0,0,0
2023-05-26,682386,688260,678470,678470,127228,0,-1.0,0,0,0,0,0,0,0,0,0,0,0,0
2023-05-30,683364,708819,683364,702945,212719,0,3.6074,0,0,0,0,0,0,0,0,0,0,0,0
2023-05-31,697070,707840,697070,702945,286774,0,0.0,0,0,0,0,0,0,0,0,0,0,0,0
2023-06-01,702945,705882,691196,693155,137509,0,-1.3927,0,0,0,0,0,0,0,0,0,0,0,0
2023-06-02,693154,702945,691196,700008,158820,0,0.9887,0,0,0,0,0,0,0,0,0,0,0,0
2023-06-05,706861,706861,695112,701966,79213,0,0.2797,0,0,0,0,0,0,0,0,0,0,0,0
2023-06-07,706861,724484,703924,719589,233030,0,2.5105,0,0,0,0,0,0,0,0,0,0,0,0
2023-06-08,720568,720568,701966,713715,201623,0,-0.8163,0,0,0,0,0,0,0,0,0,0,0,0
2023-06-09,713714,719589,710777,719589,154132,0,0.823,0,0,0,0,0,0,0,0,0,0,0,0
2023-06-12,726442,729379,718609,724484,139303,0,0.6802,0,0,0,0,0,0,0,0,0,0,0,0
2023-06-13,724483,729379,719588,726442,149992,0,0.2703,0,0,0,0,0,0,0,0,0,0,0,0
2023-06-14,724484,728400,709798,715673,202400,0,-1.4824,0,0,0,0,0,0,0,0,0,0,0,0
2023-06-15,711757,719589,703924,711757,179308,0,-0.5472,0,0,0,0,0,0,0,0,0,0,0,0
2023-06-16,713715,718610,706861,711757,182084,0,0.0,0,0,0,0,0,0,0,0,0,0,0,0
2023-06-19,710777,713714,698049,700008,168990,0,-1.6507,0,0,0,0,0,0,0,0,0,0,0,0
2023-06-20,689239,691197,676511,687281,233921,0,-1.8181,0,0,0,0,0,0,0,0,0,0,0,0
2023-06-21,689239,700987,679448,680428,191110,0,-0.9971,0,0,0,0,0,0,0,0,0,0,0,0
2023-06-22,672595,684344,672595,680428,157506,0,0.0,0,0,0,0,0,0,0,0,0,0,0,0
2023-06-23,679448,683364,666720,668679,190773,0,-1.7267,0,0,0,0,0,0,0,0,0,0,0,0
2023-06-26,662804,672595,659867,668679,142253,0,0.0,0,0,0,0,0,0,0,0,0,0,0,0
2023-06-27,661825,668679,659867,663784,166065,0,-0.732,0,0,0,0,0,0,0,0,0,0,0,0
2023-06-28,669657,669657,643224,643224,273878,0,-3.0974,0,0,0,0,0,0,0,0,0,0,0,0
2023-06-29,643224,664763,642245,651057,230713,0,1.2178,0,0,0,0,0,0,0,0,0,0,0,0
2023-06-30,652035,661826,639308,654973,259266,0,0.6015,0,0,0,0,0,0,0,0,0,0,0,0
2023-07-03,665741,701966,662804,701966,349060,0,7.1748,0,0,0,0,0,0,0,0,0,0,0,0
2023-07-04,706861,706861,693154,696092,248536,0,-0.8368,0,0,0,0,0,0,0,0,0,0,0,0
2023-07-05,700008,700008,689238,693155,132938,0,-0.4219,0,0,0,0,0,0,0,0,0,0,0,0
2023-07-06,696092,696092,678469,688260,181856,0,-0.7062,0,0,0,0,0,0,0,0,0,0,0,0
2023-07-07,685323,690218,679448,682386,137048,0,-0.8535,0,0,0,0,0,0,0,0,0,0,0,0
2023-07-10,683364,685322,667699,670637,170840,0,-1.7218,0,0,0,0,0,0,0,0,0,0,0,0
2023-07-11,674553,681406,670636,671616,115408,0,0.146,0,0,0,0,0,0,0,0,0,0,0,0
2023-07-12,676511,684343,670636,674553,105268,0,0.4373,0,0,0,0,0,0,0,0,0,0,0,0
2023-07-13,680427,704903,679448,700008,287187,0,3.7736,0,0,0,0,0,0,0,0,0,0,0,0
2023-07-14,705882,708819,693154,700987,189406,0,0.1399,0,0,0,0,0,0,0,0,0,0,0,0
2023-07-17,688260,693155,678469,680428,202263,0,-2.9329,0,0,0,0,0,0,0,0,0,0,0,0
2023-07-18,687281,689239,672595,684344,281120,0,0.5755,0,0,0,0,0,0,0,0,0,0,0,0
2023-07-19,684344,686302,667700,680428,305765,0,-0.5722,0,0,0,0,0,0,0,0,0,0,0,0
2023-07-20,670637,680427,668678,670637,217773,0,-1.4389,0,0,0,0,0,0,0,0,0,0,0,0
2023-07-21,663783,672595,661825,671616,167379,0,0.146,0,0,0,0,0,0,0,0,0,0,0,0
2023-07-24,669658,700008,665742,697071,413461,0,3.7901,0,0,0,0,0,0,0,0,0,0,0,0
2023-07-25,711756,711756,683364,697071,290676,0,0.0,0,0,0,0,0,0,0,0,0,0,0,0
2023-07-26,696092,719589,683364,688260,644240,0,-1.264,0,0,0,0,0,0,0,0,0,0,0,0
2023-07-27,685322,686301,646160,648119,572792,0,-5.8322,0,0,0,0,0,0,0,0,0,0,0,0
2023-07-28,653015,656931,644203,649099,317930,0,0.1512,0,0,0,0,0,0,0,0,0,0,0,0
2023-07-31,650077,664763,644203,651057,405459,0,0.3016,0,0,0,0,0,0,0,0,0,0,0,0
2023-08-01,650077,661826,650077,655952,323325,0,0.7519,0,0,0,0,0,0,0,0,0,0,0,0
2023-08-02,655951,656930,636371,636371,284139,0,-2.9851,0,0,0,0,0,0,0,0,0,0,0,0
2023-08-03,634413,639308,623643,625602,245132,0,-1.6923,0,0,0,0,0,0,0,0,0,0,0,0
2023-08-04,626581,629518,620707,621686,143215,0,-0.626,0,0,0,0,0,0,0,0,0,0,0,0
2023-08-07,616790,617769,604063,604063,281090,0,-2.8347,0,0,0,0,0,0,0,0,0,0,0,0
2023-08-08,607000,613853,601126,601126,221419,0,-0.4862,0,0,0,0,0,0,0,0,0,0,0,0
2023-08-09,601126,623644,597210,620707,206630,0,3.2574,0,0,0,0,0,0,0,0,0,0,0,0
2023-08-10,613853,613853,606020,608958,147611,0,-1.8928,0,0,0,0,0,0,0,0,0,0,0,0
2023-08-11,612874,631476,611895,619728,209750,0,1.7686,0,0,0,0,0,0,0,0,0,0,0,0
2023-08-14,611895,612874,597210,597210,221860,0,-3.6335,0,0,0,0,0,0,0,0,0,0,0,0
2023-08-16,587418,603083,587418,588398,192286,0,-1.4755,0,0,0,0,0,0,0,0,0,0,0,0
2023-08-17,583503,598189,581545,595252,193630,0,1.1649,0,0,0,0,0,0,0,0,0,0,0,0
2023-08-18,589377,591335,582523,584482,142446,0,-1.8093,0,0,0,0,0,0,0,0,0,0,0,0
2023-08-21,582524,587419,577629,577629,126446,0,-1.1725,0,0,0,0,0,0,0,0,0,0,0,0
2023-08-22,584482,592314,580565,585461,141927,0,1.3559,0,0,0,0,0,0,0,0,0,0,0,0
2023-08-23,579587,585461,571754,573713,191319,0,-2.0066,0,0,0,0,0,0,0,0,0,0,0,0
2023-08-24,575670,589377,575670,581545,193525,0,1.3651,0,0,0,0,0,0,0,0,0,0,0,0
2023-08-25,572733,587419,570775,582524,118149,0,0.1683,0,0,0,0,0,0,0,0,0,0,0,0
2023-08-28,587419,591335,582523,586440,83976,0,0.6722,0,0,0,0,0,0,0,0,0,0,0,0
2023-08-29,587419,591335,581544,583503,103683,0,-0.5008,0,0,0,0,0,0,0,0,0,0,0,0
2023-08-30,586440,598189,585461,593294,138772,0,1.678,0,0,0,0,0,0,0,0,0,0,0,0
2023-08-31,595251,602105,591335,601126,224968,0,1.3201,0,0,0,0,0,0,0,0,0,0,0,0
2023-09-01,602104,602104,582524,583503,159552,0,-2.9317,0,0,0,0,0,0,0,0,0,0,0,0
2023-09-04,580566,597210,579587,597210,128289,0,2.3491,0,0,0,0,0,0,0,0,0,0,0,0
2023-09-05,598188,607000,593293,603084,150692,0,0.9836,0,0,0,0,0,0,0,0,0,0,0,0
2023-09-06,597210,602105,589377,590357,143302,0,-2.1103,0,0,0,0,0,0,0,0,0,0,0,0
2023-09-07,582524,587419,575670,582524,220880,0,-1.3268,0,0,0,0,0,0,0,0,0,0,0,0
2023-09-08,583503,585461,568817,576650,174699,0,-1.0084,0,0,0,0,0,0,0,0,0,0,0,0
2023-09-11,579587,583503,560006,560986,230049,0,-2.7164,0,0,0,0,0,0,0,0,0,0,0,0
2023-09-12,561964,563922,545320,546300,369638,0,-2.6179,0,0,0,0,0,0,0,0,0,0,0,0
2023-09-13,541404,550216,540425,546300,179099,0,0.0,0,0,0,0,0,0,0,0,0,0,0,0
2023-09-14,551195,571755,546300,571755,316284,0,4.6595,0,0,0,0,0,0,0,0,0,0,0,0
2023-09-15,571755,576650,567839,568818,278693,0,-0.5137,0,0,0,0,0,0,0,0,0,0,0,0
2023-09-18,560006,569796,555111,555111,218212,0,-2.4097,0,0,0,0,0,0,0,0,0,0,0,0
2023-09-19,554132,559027,546300,546300,173270,0,-1.5873,0,0,0,0,0,0,0,0,0,0,0,0
2023-09-20,540425,554132,540425,551195,181975,0,0.896,0,0,0,0,0,0,0,0,0,0,0,0
2023-09-21,541404,545320,526719,526719,269554,0,-4.4405,0,0,0,0,0,0,0,0,0,0,0,0
2023-09-22,516928,529656,515949,521824,271908,0,-0.9293,0,0,0,0,0,0,0,0,0,0,0,0
2023-09-25,514971,525740,508117,510076,259406,0,-2.2513,0,0,0,0,0,0,0,0,0,0,0,0
2023-09-26,505180,515950,504201,511055,201982,0,0.1919,0,0,0,0,0,0,0,0,0,0,0,0
2023-09-27,501264,508117,491473,501264,314964,0,-1.9158,0,0,0,0,0,0,0,0,0,0,0,0
2023-10-04,473361,484131,467487,474341,664979,0,-5.371,0,0,0,0,0,0,0,0,0,0,0,0
2023-10-05,484621,491474,475320,478747,328389,0,0.9289,0,0,0,0,0,0,0,0,0,0,0,0
2023-10-06,473851,481193,470424,470914,232976,0,-1.6361,0,0,0,0,0,0,0,0,0,0,0,0
2023-10-10,471404,494411,471404,479726,285116,0,1.8713,0,0,0,0,0,0,0,0,0,0,0,0
2023-10-11,487557,503222,487068,500285,342118,0,4.2856,0,0,0,0,0,0,0,0,0,0,0,0
2023-10-12,503222,527698,503222,523782,341247,0,4.6967,0,0,0,0,0,0,0,0,0,0,0,0
2023-10-13,520845,524761,513991,514971,169097,0,-1.6822,0,0,0,0,0,0,0,0,0,0,0,0
2023-10-16,511055,516929,496369,503223,149145,0,-2.2813,0,0,0,0,0,0,0,0,0,0,0,0
2023-10-17,513992,527698,513013,513013,173832,0,1.9455,0,0,0,0,0,0,0,0,0,0,0,0
2023-10-18,511054,514970,501264,501264,145235,0,-2.2902,0,0,0,0,0,0,0,0,0,0,0,0
2023-10-19,488537,491474,478257,483642,319201,0,-3.5155,0,0,0,0,0,0,0,0,0,0,0,0
2023-10-20,472382,475809,466508,469935,278186,0,-2.8341,0,0,0,0,0,0,0,0,0,0,0,0
2023-10-23,462102,472872,452802,464061,379522,0,-1.25,0,0,0,0,0,0,0,0,0,0,0,0
2023-10-24,466997,470914,450354,469935,367665,0,1.2658,0,0,0,0,0,0,0,0,0,0,0,0
2023-10-25,468956,469446,433711,436159,601595,0,-7.1874,0,0,0,0,0,0,0,0,0,0,0,0
2023-10-26,408746,425879,408746,414131,806749,0,-5.0505,0,0,0,0,0,0,0,0,0,0,0,0
2023-10-27,416578,444481,416089,442523,570013,0,6.8558,0,0,0,0,0,0,0,0,0,0,0,0
2023-10-30,429795,449865,429795,442523,500826,0,0.0,0,0,0,0,0,0,0,0,0,0,0,0
2023-10-31,437627,438116,414619,416578,467908,0,-5.863,0,0,0,0,0,0,0,0,0,0,0,0
2023-11-01,420983,434200,413640,416578,397696,0,0.0,0,0,0,0,0,0,0,0,0,0,0,0
2023-11-02,427347,444480,425388,441543,455349,0,5.9929,0,0,0,0,0,0,0,0,0,0,0,0
2023-11-03,448397,455250,441054,444481,330211,0,0.6654,0,0,0,0,0,0,0,0,0,0,0,0
2023-11-06,467977,511054,455739,495390,1000926,0,11.4536,0,0,0,0,0,0,0,0,0,0,0,0
2023-11-07,484620,485110,448396,456229,656604,0,-7.9051,0,0,0,0,0,0,0,0,0,0,0,0
2023-11-08,460634,464550,440564,440564,388454,0,-3.4336,0,0,0,0,0,0,0,0,0,0,0,0
2023-11-09,440564,444481,427347,430285,361629,0,-2.3331,0,0,0,0,0,0,0,0,0,0,0,0
2023-11-10,418046,420493,409234,411193,396055,0,-4.4371,0,0,0,0,0,0,0,0,0,0,0,0
2023-11-13,415109,420983,408256,408256,283487,0,-0.7143,0,0,0,0,0,0,0,0,0,0,0,0
2023-11-14,417557,432242,416578,425879,381814,0,4.3167,0,0,0,0,0,0,0,0,0,0,0,0
2023-11-15,440564,442522,434690,439096,393873,0,3.1035,0,0,0,0,0,0,0,0,0,0,0,0
2023-11-16,439096,451334,435180,445460,248641,0,1.4493,0,0,0,0,0,0,0,0,0,0,0,0
2023-11-17,440564,443011,433710,434690,220876,0,-2.4177,0,0,0,0,0,0,0,0,0,0,0,0
2023-11-20,436648,455249,436648,450844,242820,0,3.7162,0,0,0,0,0,0,0,0,0,0,0,0
2023-11-21,460145,464061,451333,456229,312352,0,1.1944,0,0,0,0,0,0,0,0,0,0,0,0
2023-11-22,452802,464551,452802,461614,218809,0,1.1803,0,0,0,0,0,0,0,0,0,0,0,0
2023-11-23,461613,470914,457207,465040,195599,0,0.7422,0,0,0,0,0,0,0,0,0,0,0,0
2023-11-24,466019,469446,453292,453292,256259,0,-2.5262,0,0,0,0,0,0,0,0,0,0,0,0
2023-11-27,455249,456718,443501,443991,211053,0,-2.0519,0,0,0,0,0,0,0,0,0,0,0,0
2023-11-28,446928,449865,443012,445460,224437,0,0.3309,0,0,0,0,0,0,0,0,0,0,0,0
2023-11-29,450844,464551,444480,461614,251235,0,3.6264,0,0,0,0,0,0,0,0,0,0,0,0
2023-11-30,461123,463571,453781,462103,391324,0,0.1059,0,0,0,0,0,0,0,0,0,0,0,0
2023-12-01,457697,457697,437627,437627,445708,0,-5.2967,0,0,0,0,0,0,0,0,0,0,0,0
2023-12-04,441543,446439,424410,430285,482073,0,-1.6777,0,0,0,0,0,0,0,0,0,0,0,0
2023-12-05,430284,437627,427347,434690,197378,0,1.0237,0,0,0,0,0,0,0,0,0,0,0,0
2023-12-06,435668,435668,423430,424410,357507,0,-2.3649,0,0,0,0,0,0,0,0,0,0,0,0
2023-12-07,429795,437627,426368,434201,274324,0,2.307,0,0,0,0,0,0,0,0,0,0,0,0
2023-12-08,438605,447417,435179,440564,224967,0,1.4655,0,0,0,0,0,0,0,0,0,0,0,0
2023-12-11,441543,447417,431263,436648,312519,0,-0.8889,0,0,0,0,0,0,0,0,0,0,0,0
2023-12-12,437138,440075,433711,436159,239635,0,-0.112,0,0,0,0,0,0,0,0,0,0,0,0
2023-12-13,432731,433710,420004,420494,317809,0,-3.5916,0,0,0,0,0,0,0,0,0,0,0,0
2023-12-14,427347,441054,421962,439096,495187,0,4.4238,0,0,0,0,0,0,0,0,0,0,0,0
2023-12-15,449865,457207,439585,443012,488835,0,0.8918,0,0,0,0,0,0,0,0,0,0,0,0
2023-12-18,447907,449375,440564,442033,219252,0,-0.221,0,0,0,0,0,0,0,0,0,0,0,0
2023-12-19,441543,443012,437137,441054,218191,0,-0.2215,0,0,0,0,0,0,0,0,0,0,0,0
2023-12-20,443991,453292,443501,452313,315604,0,2.5527,0,0,0,0,0,0,0,0,0,0,0,0
2023-12-21,445459,446927,440074,441543,248496,0,-2.3811,0,0,0,0,0,0,0,0,0,0,0,0
2023-12-22,444480,447417,441054,441054,170208,0,-0.1107,0,0,0,0,0,0,0,0,0,0,0,0
2023-12-26,444480,446927,437137,437627,144205,0,-0.777,0,0,0,0,0,0,0,0,0,0,0,0
2023-12-27,441543,449375,440564,445949,176842,0,1.9016,0,0,0,0,0,0,0,0,0,0,0,0
2023-12-28,453781,462103,448396,462103,307495,0,3.6224,0,0,0,0,0,0,0,0,0,0,0,0
2024-01-02,459166,459655,453291,457208,199396,0,-1.0593,0,0,0,0,0,0,0,0,0,0,0,0
2024-01-03,452313,452313,437138,437138,357754,0,-4.3897,0,0,0,0,0,0,0,0,0,0,0,0
2024-01-04,435179,439095,430773,435669,206193,0,-0.336,0,0,0,0,0,0,0,0,0,0,0,0
2024-01-05,436158,439585,432731,435669,176653,0,0.0,0,0,0,0,0,0,0,0,0,0,0,0
2024-01-08,435669,436648,426368,426858,218516,0,-2.0224,0,0,0,0,0,0,0,0,0,0,0,0
2024-01-09,432732,432732,422942,422942,215194,0,-0.9174,0,0,0,0,0,0,0,0,0,0,0,0
2024-01-10,420983,422452,407277,407767,574394,0,-3.588,0,0,0,0,0,0,0,0,0,0,0,0
2024-01-11,406787,412662,406787,407767,338326,0,0.0,0,0,0,0,0,0,0,0,0,0,0,0
2024-01-12,408256,409724,396997,399445,377272,0,-2.0409,0,0,0,0,0,0,0,0,0,0,0,0
2024-01-15,391613,395529,388186,391613,345145,0,-1.9607,0,0,0,0,0,0,0,0,0,0,0,0
2024-01-16,390144,396997,386717,386718,319389,0,-1.25,0,0,0,0,0,0,0,0,0,0,0,0
2024-01-17,386717,389165,371053,371053,522710,0,-4.0508,0,0,0,0,0,0,0,0,0,0,0,0
2024-01-18,364199,380353,359793,368605,487846,0,-0.6597,0,0,0,0,0,0,0,0,0,0,0,0
2024-01-19,372032,376437,365668,366158,336322,0,-0.6639,0,0,0,0,0,0,0,0,0,0,0,0
2024-01-22,366157,368115,350493,350493,584009,0,-4.2782,0,0,0,0,0,0,0,0,0,0,0,0
2024-01-23,346577,354899,346577,350983,544512,0,0.1398,0,0,0,0,0,0,0,0,0,0,0,0
2024-01-24,350982,353919,342660,346577,530821,0,-1.2553,0,0,0,0,0,0,0,0,0,0,0,0
2024-01-25,343640,346088,337766,340214,445674,0,-1.836,0,0,0,0,0,0,0,0,0,0,0,0
2024-01-26,335318,358325,334828,352941,609969,0,3.7409,0,0,0,0,0,0,0,0,0,0,0,0
2024-01-29,355878,375948,352940,371053,569232,0,5.1317,0,0,0,0,0,0,0,0,0,0,0,0
2024-01-30,375458,381821,365667,366647,536075,0,-1.1874,0,0,0,0,0,0,0,0,0,0,0,0
2024-01-31,363220,376926,360772,364689,360227,0,-0.534,0,0,0,0,0,0,0,0,0,0,0,0
2024-02-01,361263,371543,358326,369585,311808,0,1.3425,0,0,0,0,0,0,0,0,0,0,0,0
2024-02-02,369095,386718,368605,384760,388517,0,4.106,0,0,0,0,0,0,0,0,0,0,0,0
2024-02-05,387696,390633,378885,378885,334205,0,-1.5269,0,0,0,0,0,0,0,0,0,0,0,0
2024-02-06,374479,376927,366158,366158,356291,0,-3.3591,0,0,0,0,0,0,0,0,0,0,0,0
2024-02-07,370073,386717,370073,373990,464025,0,2.139,0,0,0,0,0,0,0,0,0,0,0,0
2024-02-08,384759,386227,376927,376927,376113,0,0.7853,0,0,0,0,0,0,0,0,0,0,0,0
2024-02-13,382801,384759,377905,382801,258982,0,1.5584,0,0,0,0,0,0,0,0,0,0,0,0
2024-02-14,376927,381822,372032,378396,210153,0,-1.1507,0,0,0,0,0,0,0,0,0,0,0,0
2024-02-15,384759,384759,377416,377906,264000,0,-0.1295,0,0,0,0,0,0,0,0,0,0,0,0
2024-02-16,385738,399934,385738,396018,532406,0,4.7927,0,0,0,0,0,0,0,0,0,0,0,0
2024-02-19,391612,396018,385738,386228,354173,0,-2.4721,0,0,0,0,0,0,0,0,0,0,0,0
2024-02-20,385738,387697,377906,386718,236483,0,0.1269,0,0,0,0,0,0,0,0,0,0,0,0
2024-02-21,384759,392592,382801,391613,181919,0,1.2658,0,0,0,0,0,0,0,0,0,0,0,0
2024-02-22,393571,393571,386717,386718,208560,0,-1.25,0,0,0,0,0,0,0,0,0,0,0,0
2024-02-23,387696,388675,379864,380354,244399,0,-1.6456,0,0,0,0,0,0,0,0,0,0,0,0
2024-02-26,379863,385738,377905,382801,186920,0,0.6433,0,0,0,0,0,0,0,0,0,0,0,0
2024-02-27,382801,385248,373011,373011,266562,0,-2.5575,0,0,0,0,0,0,0,0,0,0,0,0
2024-02-28,376438,384759,373501,373501,195383,0,0.1314,0,0,0,0,0,0,0,0,0,0,0,0
2024-02-29,373011,374479,368115,369095,251400,0,-1.1796,0,0,0,0,0,0,0,0,0,0,0,0
2024-03-04,369584,374968,365667,366647,308703,0,-0.6632,0,0,0,0,0,0,0,0,0,0,0,0
2024-03-05,363220,363710,358325,358815,303089,0,-2.1361,0,0,0,0,0,0,0,0,0,0,0,0
2024-03-06,357346,361262,355388,356857,225081,0,-0.5457,0,0,0,0,0,0,0,0,0,0,0,0
2024-03-07,361262,408256,360283,403361,1809774,0,13.0316,0,0,0,0,0,0,0,0,0,0,0,0
2024-03-08,411683,433222,409235,417068,1802291,0,3.3982,0,0,0,0,0,0,0,0,0,0,0,0
2024-03-11,412172,415599,402382,404830,545371,0,-2.9343,0,0,0,0,0,0,0,0,0,0,0,0
2024-03-12,412661,451333,412661,449865,1501551,0,11.1244,0,0,0,0,0,0,0,0,0,0,0,0
2024-03-13,443990,458676,437627,449865,1083378,0,0.0,0,0,0,0,0,0,0,0,0,0,0,0
2024-03-14,444969,455249,432242,436648,816906,0,-2.938,0,0,0,0,0,0,0,0,0,0,0,0
2024-03-15,427837,428816,413151,416089,802005,0,-4.7084,0,0,0,0,0,0,0,0,0,0,0,0
2024-03-18,416088,438606,415598,434690,581497,0,4.4704,0,0,0,0,0,0,0,0,0,0,0,0
2024-03-19,442032,444969,429305,441543,669961,0,1.5765,0,0,0,0,0,0,0,0,0,0,0,0
2024-03-20,441054,461614,436159,443502,930363,0,0.4437,0,0,0,0,0,0,0,0,0,0,0,0
2024-03-21,446438,455249,444480,445949,549000,0,0.5517,0,0,0,0,0,0,0,0,0,0,0,0
2024-03-22,444970,465040,443991,462593,796085,0,3.7323,0,0,0,0,0,0,0,0,0,0,0,0
2024-03-25,467977,484131,465040,475810,858494,0,2.8572,0,0,0,0,0,0,0,0,0,0,0,0
2024-03-26,478257,483152,461613,463082,840074,0,-2.675,0,0,0,0,0,0,0,0,0,0,0,0
2024-03-27,466998,481194,466508,470425,589500,0,1.5857,0,0,0,0,0,0,0,0,0,0,0,0
2024-03-28,476788,477767,465529,467488,495505,0,-0.6243,0,0,0,0,0,0,0,0,0,0,0,0
2024-03-29,467487,467977,450354,461124,599344,0,-1.3613,0,0,0,0,0,0,0,0,0,0,0,0
2024-04-01,459166,460145,443991,444481,465417,0,-3.6092,0,0,0,0,0,0,0,0,0,0,0,0
2024-04-02,443502,453781,443012,443502,376911,0,-0.2203,0,0,0,0,0,0,0,0,0,0,0,0
2024-04-03,432242,435669,419026,419026,613988,0,-5.5188,0,0,0,0,0,0,0,0,0,0,0,0
2024-04-04,424899,438606,422941,432732,458990,0,3.2709,0,0,0,0,0,0,0,0,0,0,0,0
2024-04-05,424410,425389,411193,411683,438888,0,-4.8642,0,0,0,0,0,0,0,0,0,0,0,0
2024-04-08,406787,419514,398465,411193,470970,0,-0.119,0,0,0,0,0,0,0,0,0,0,0,0
2024-04-09,416088,417557,402382,402382,320217,0,-2.1428,0,0,0,0,0,0,0,0,0,0,0,0
2024-04-11,394550,406788,392592,398956,322915,0,-0.8514,0,0,0,0,0,0,0,0,0,0,0,0
2024-04-12,401403,402382,392592,392592,275430,0,-1.5952,0,0,0,0,0,0,0,0,0,0,0,0
2024-04-15,388186,392592,384270,385739,280264,0,-1.7456,0,0,0,0,0,0,0,0,0,0,0,0
2024-04-16,378885,382801,376437,378396,250501,0,-1.9036,0,0,0,0,0,0,0,0,0,0,0,0
2024-04-17,380353,391122,377906,377906,272778,0,-0.1295,0,0,0,0,0,0,0,0,0,0,0,0
2024-04-18,381822,399444,381822,396997,329291,0,5.0518,0,0,0,0,0,0,0,0,0,0,0,0
2024-04-19,391612,402871,386717,392592,342220,0,-1.1096,0,0,0,0,0,0,0,0,0,0,0,0
2024-04-22,400424,412662,395039,412662,349602,0,5.1122,0,0,0,0,0,0,0,0,0,0,0,0
2024-04-23,408256,413641,398466,398466,300876,0,-3.4401,0,0,0,0,0,0,0,0,0,0,0,0
2024-04-24,413152,419515,408256,413152,345154,0,3.6856,0,0,0,0,0,0,0,0,0,0,0,0
2024-04-25,405319,416088,404830,404830,258317,0,-2.0143,0,0,0,0,0,0,0,0,0,0,0,0
2024-04-26,405809,407767,397487,399935,244231,0,-1.2091,0,0,0,0,0,0,0,0,0,0,0,0
2024-04-29,403360,412172,402381,412172,238610,0,3.0597,0,0,0,0,0,0,0,0,0,0,0,0
2024-04-30,417067,430284,409725,424900,492756,0,3.088,0,0,0,0,0,0,0,0,0,0,0,0
2024-05-02,428816,443012,428326,434201,477717,0,2.189,0,0,0,0,0,0,0,0,0,0,0,0
2024-05-03,433711,435669,426857,428816,200883,0,-1.2402,0,0,0,0,0,0,0,0,0,0,0,0
2024-05-07,435179,436648,422452,425879,271217,0,-0.6849,0,0,0,0,0,0,0,0,0,0,0,0
2024-05-08,426368,431753,422941,427837,159503,0,0.4598,0,0,0,0,0,0,0,0,0,0,0,0
2024-05-09,424899,426857,417067,421473,248007,0,-1.4875,0,0,0,0,0,0,0,0,0,0,0,0
2024-05-10,424410,426368,418046,420005,148031,0,-0.3483,0,0,0,0,0,0,0,0,0,0,0,0
2024-05-13,420004,425879,413151,423921,199741,0,0.9324,0,0,0,0,0,0,0,0,0,0,0,0
2024-05-14,426368,434201,421473,429306,189756,0,1.2703,0,0,0,0,0,0,0,0,0,0,0,0
2024-05-16,432243,434690,427837,432243,220705,0,0.6841,0,0,0,0,0,0,0,0,0,0,0,0
2024-05-17,430284,434690,420494,421963,182453,0,-2.3783,0,0,0,0,0,0,0,0,0,0,0,0
2024-05-20,420494,422452,414620,415110,187577,0,-1.6241,0,0,0,0,0,0,0,0,0,0,0,0
2024-05-21,412172,412662,401403,402872,267746,0,-2.9481,0,0,0,0,0,0,0,0,0,0,0,0
2024-05-22,407277,409725,399935,399935,209478,0,-0.729,0,0,0,0,0,0,0,0,0,0,0,0
2024-05-23,397486,405808,395528,396997,266909,0,-0.7346,0,0,0,0,0,0,0,0,0,0,0,0
2024-05-24,392592,395529,389654,392592,203427,0,-1.1096,0,0,0,0,0,0,0,0,0,0,0,0
2024-05-27,392591,407277,385248,406298,294255,0,3.4912,0,0,0,0,0,0,0,0,0,0,0,0
2024-05-28,405808,405808,395038,396018,203916,0,-2.5302,0,0,0,0,0,0,0,0,0,0,0,0
2024-05-29,391612,394549,376927,376927,602782,0,-4.8207,0,0,0,0,0,0,0,0,0,0,0,0
2024-05-30,373011,380353,371053,371053,305383,0,-1.5584,0,0,0,0,0,0,0,0,0,0,0,0
2024-05-31,374479,378395,366647,366647,480777,0,-1.1874,0,0,0,0,0,0,0,0,0,0,0,0
2024-06-03,367136,376927,367136,369095,261243,0,0.6677,0,0,0,0,0,0,0,0,0,0,0,0
2024-06-04,367136,375948,366157,370074,225197,0,0.2652,0,0,0,0,0,0,0,0,0,0,0,0
2024-06-05,372521,391123,371053,383291,438987,0,3.5714,0,0,0,0,0,0,0,0,0,0,0,0
2024-06-07,388186,393571,385249,390634,312086,0,1.9158,0,0,0,0,0,0,0,0,0,0,0,0
2024-06-10,387207,393081,378885,384760,334839,0,-1.5037,0,0,0,0,0,0,0,0,0,0,0,0
2024-06-11,384759,393081,380353,384270,343831,0,-0.1274,0,0,0,0,0,0,0,0,0,0,0,0
2024-06-12,382801,392591,382801,385249,195746,0,0.2548,0,0,0,0,0,0,0,0,0,0,0,0
2024-06-13,391612,393570,383291,383291,398651,0,-0.5082,0,0,0,0,0,0,0,0,0,0,0,0
2024-06-14,383291,384270,374969,375459,329213,0,-2.0434,0,0,0,0,0,0,0,0,0,0,0,0
2024-06-17,372521,376437,369094,373011,230425,0,-0.652,0,0,0,0,0,0,0,0,0,0,0,0
2024-06-18,375458,378395,367137,367137,263554,0,-1.5748,0,0,0,0,0,0,0,0,0,0,0,0
2024-06-19,370074,387207,368115,384270,345077,0,4.6667,0,0,0,0,0,0,0,0,0,0,0,0
2024-06-20,381822,386718,380354,383781,219989,0,-0.1273,0,0,0,0,0,0,0,0,0,0,0,0
2024-06-21,382801,391612,380843,380843,333427,0,-0.7655,0,0,0,0,0,0,0,0,0,0,0,0
2024-06-24,376438,376927,369585,369585,302708,0,-2.9561,0,0,0,0,0,0,0,0,0,0,0,0
2024-06-25,370073,373500,360283,360773,404396,0,-2.3843,0,0,0,0,0,0,0,0,0,0,0,0
2024-06-26,364200,371053,361263,361263,316646,0,0.1358,0,0,0,0,0,0,0,0,0,0,0,0
2024-06-27,364688,366157,353430,353430,458311,0,-2.1682,0,0,0,0,0,0,0,0,0,0,0,0
2024-06-28,351472,354898,343639,346577,557554,0,-1.939,0,0,0,0,0,0,0,0,0,0,0,0
2024-07-01,345109,360773,344619,359305,465475,0,3.6725,0,0,0,0,0,0,0,0,0,0,0,0
2024-07-02,357346,361752,344130,344130,527484,0,-4.2234,0,0,0,0,0,0,0,0,0,0,0,0
2024-07-03,349514,360283,346087,358815,650556,0,4.2673,0,0,0,0,0,0,0,0,0,0,0,0
2024-07-04,363709,368115,360772,366647,473960,0,2.1827,0,0,0,0,0,0,0,0,0,0,0,0
2024-07-05,379374,381822,370563,373990,547990,0,2.0027,0,0,0,0,0,0,0,0,0,0,0,0
2024-07-08,373990,377906,366158,373501,300113,0,-0.1308,0,0,0,0,0,0,0,0,0,0,0,0
2024-07-09,376927,379375,373990,374480,277408,0,0.2621,0,0,0,0,0,0,0,0,0,0,0,0
2024-07-10,369584,373011,362731,365179,353114,0,-2.4837,0,0,0,0,0,0,0,0,0,0,0,0
2024-07-11,367626,381333,361262,381333,639163,0,4.4236,0,0,0,0,0,0,0,0,0,0,0,0
2024-07-12,377906,381332,370073,372032,446018,0,-2.4391,0,0,0,0,0,0,0,0,0,0,0,0
2024-07-15,372032,374969,367137,369585,232238,0,-0.6577,0,0,0,0,0,0,0,0,0,0,0,0
2024-07-16,368115,369094,351961,352451,594686,0,-4.636,0,0,0,0,0,0,0,0,0,0,0,0
2024-07-17,349514,353919,348535,348535,379722,0,-1.1111,0,0,0,0,0,0,0,0,0,0,0,0
2024-07-18,343639,351472,343150,347556,297144,0,-0.2809,0,0,0,0,0,0,0,0,0,0,0,0
2024-07-19,347066,350983,344619,350004,272794,0,0.7043,0,0,0,0,0,0,0,0,0,0,0,0
2024-07-22,348534,349513,334828,335318,407016,0,-4.196,0,0,0,0,0,0,0,0,0,0,0,0
2024-07-23,337276,338744,326996,328465,398778,0,-2.0437,0,0,0,0,0,0,0,0,0,0,0,0
2024-07-24,324548,333360,323080,326507,236796,0,-0.5961,0,0,0,0,0,0,0,0,0,0,0,0
2024-07-25,321611,340702,321611,336297,408942,0,2.9984,0,0,0,0,0,0,0,0,0,0,0,0
2024-07-26,334339,339234,329933,331892,183124,0,-1.3099,0,0,0,0,0,0,0,0,0,0,0,0
2024-07-29,330423,333849,324548,328465,285478,0,-1.0326,0,0,0,0,0,0,0,0,0,0,0,0
2024-07-30,326017,337276,323570,323570,432884,0,-1.4903,0,0,0,0,0,0,0,0,0,0,0,0
2024-07-31,323080,324549,305458,312801,826323,0,-3.3282,0,0,0,0,0,0,0,0,0,0,0,0
2024-08-01,313290,330423,311821,326997,467169,0,4.5383,0,0,0,0,0,0,0,0,0,0,0,0
2024-08-02,319164,333849,318674,329444,437738,0,0.7483,0,0,0,0,0,0,0,0,0,0,0,0
2024-08-05,324549,325528,288325,297626,600593,0,-9.6581,0,0,0,0,0,0,0,0,0,0,0,0
2024-08-06,302031,315738,302031,311822,415386,0,4.7697,0,0,0,0,0,0,0,0,0,0,0,0
2024-08-07,305457,317695,305457,309374,265963,0,-0.7851,0,0,0,0,0,0,0,0,0,0,0,0
2024-08-08,303010,306926,296647,296647,365192,0,-4.1138,0,0,0,0,0,0,0,0,0,0,0,0
2024-08-09,301541,308884,298115,303500,359856,0,2.3102,0,0,0,0,0,0,0,0,0,0,0,0
2024-08-12,304479,315738,304479,312801,282789,0,3.0646,0,0,0,0,0,0,0,0,0,0,0,0
2024-08-13,309863,318184,304967,308884,280207,0,-1.2522,0,0,0,0,0,0,0,0,0,0,0,0
2024-08-14,315248,318675,312311,316717,259586,0,2.5359,0,0,0,0,0,0,0,0,0,0,0,0
2024-08-16,322591,324549,313290,313780,382940,0,-0.9273,0,0,0,0,0,0,0,0,0,0,0,0
2024-08-19,312800,312800,302521,302521,386630,0,-3.5882,0,0,0,0,0,0,0,0,0,0,0,0
2024-08-20,305947,306926,299094,304479,411059,0,0.6472,0,0,0,0,0,0,0,0,0,0,0,0
2024-08-21,302520,328954,302031,321612,760280,0,5.627,0,0,0,0,0,0,0,0,0,0,0,0
2024-08-22,319653,330912,319653,328465,443988,0,2.1308,0,0,0,0,0,0,0,0,0,0,0,0
2024-08-23,324549,328465,320143,323570,198453,0,-1.4903,0,0,0,0,0,0,0,0,0,0,0,0
2024-08-26,326997,331402,322101,325039,301903,0,0.454,0,0,0,0,0,0,0,0,0,0,0,0
2024-08-27,325528,338745,321612,330913,426425,0,1.8072,0,0,0,0,0,0,0,0,0,0,0,0
2024-08-28,336297,343150,329933,332381,574577,0,0.4436,0,0,0,0,0,0,0,0,0,0,0,0
2024-08-29,331891,354899,330912,350983,776020,0,5.5966,0,0,0,0,0,0,0,0,0,0,0,0
2024-08-30,352940,353430,344618,346577,390588,0,-1.2553,0,0,0,0,0,0,0,0,0,0,0,0
2024-09-02,351472,365179,350983,361263,712351,0,4.2374,0,0,0,0,0,0,0,0,0,0,0,0
2024-09-03,365668,372032,358325,363221,514846,0,0.542,0,0,0,0,0,0,0,0,0,0,0,0
2024-09-04,349024,358814,348045,350493,453939,0,-3.5042,0,0,0,0,0,0,0,0,0,0,0,0
2024-09-05,355877,364689,349514,357836,398727,0,2.095,0,0,0,0,0,0,0,0,0,0,0,0
2024-09-06,359794,362731,333849,335808,600321,0,-6.1559,0,0,0,0,0,0,0,0,0,0,0,0
2024-09-09,330423,339724,326017,336787,258114,0,0.2915,0,0,0,0,0,0,0,0,0,0,0,0
2024-09-10,338745,340703,325038,326018,338261,0,-3.1976,0,0,0,0,0,0,0,0,0,0,0,0
2024-09-11,326017,359794,325528,358326,717847,0,9.9099,0,0,0,0,0,0,0,0,0,0,0,0
2024-09-12,360284,363221,351472,356368,459174,0,-0.5464,0,0,0,0,0,0,0,0,0,0,0,0
2024-09-13,357347,363221,352941,357347,279459,0,0.2747,0,0,0,0,0,0,0,0,0,0,0,0
2024-09-19,366158,370074,358325,364200,376545,0,1.9177,0,0,0,0,0,0,0,0,0,0,0,0
2024-09-20,368115,374479,363709,368605,463391,0,1.2095,0,0,0,0,0,0,0,0,0,0,0,0
2024-09-23,369584,373011,364199,371053,280220,0,0.6641,0,0,0,0,0,0,0,0,0,0,0,0
2024-09-24,372521,384759,372032,379375,498381,0,2.2428,0,0,0,0,0,0,0,0,0,0,0,0
2024-09-25,380843,382801,373011,373501,363708,0,-1.5483,0,0,0,0,0,0,0,0,0,0,0,0
2024-09-26,373990,379375,365179,379375,382969,0,1.5727,0,0,0,0,0,0,0,0,0,0,0,0
2024-09-27,379864,382801,373500,375948,240855,0,-0.9033,0,0,0,0,0,0,0,0,0,0,0,0
2024-09-30,380843,385249,370564,370564,330701,0,-1.4321,0,0,0,0,0,0,0,0,0,0,0,0
2024-10-02,364199,371052,362730,363710,285225,0,-1.8496,0,0,0,0,0,0,0,0,0,0,0,0
2024-10-04,359304,361752,353430,353920,353258,0,-2.6917,0,0,0,0,0,0,0,0,0,0,0,0
2024-10-07,357346,361752,350493,359794,370195,0,1.6597,0,0,0,0,0,0,0,0,0,0,0,0
2024-10-08,356367,367137,353430,363221,304654,0,0.9525,0,0,0,0,0,0,0,0,0,0,0,0
2024-10-10,366157,367136,361262,361752,280315,0,-0.4044,0,0,0,0,0,0,0,0,0,0,0,0
2024-10-11,365179,377906,361262,365179,431756,0,0.9473,0,0,0,0,0,0,0,0,0,0,0,0
2024-10-14,357835,359304,350492,351472,325641,0,-3.7535,0,0,0,0,0,0,0,0,0,0,0,0
2024-10-15,354409,356367,340213,343640,454263,0,-2.2283,0,0,0,0,0,0,0,0,0,0,0,0
2024-10-16,345598,346087,332871,332871,409021,0,-3.1338,0,0,0,0,0,0,0,0,0,0,0,0
2024-10-17,333360,337276,326997,326997,300396,0,-1.7646,0,0,0,0,0,0,0,0,0,0,0,0
2024-10-18,327485,329443,320142,323080,248358,0,-1.1979,0,0,0,0,0,0,0,0,0,0,0,0
2024-10-21,324059,334339,324059,327486,168451,0,1.3637,0,0,0,0,0,0,0,0,0,0,0,0
2024-10-22,326996,328954,316716,317206,219540,0,-3.1391,0,0,0,0,0,0,0,0,0,0,0,0
2024-10-23,317205,326996,315737,324059,229308,0,2.1604,0,0,0,0,0,0,0,0,0,0,0,0
2024-10-24,328465,331891,319164,320633,254375,0,-1.0572,0,0,0,0,0,0,0,0,0,0,0,0
2024-10-25,326506,327975,314268,315248,222281,0,-1.6795,0,0,0,0,0,0,0,0,0,0,0,0
2024-10-28,315738,341193,315738,341193,458211,0,8.23,0,0,0,0,0,0,0,0,0,0,0,0
2024-10-29,336787,343640,329444,336787,288480,0,-1.2914,0,0,0,0,0,0,0,0,0,0,0,0
2024-10-30,332381,339724,328465,331892,267509,0,-1.4534,0,0,0,0,0,0,0,0,0,0,0,0
2024-10-31,327485,333849,320143,320143,387110,0,-3.54,0,0,0,0,0,0,0,0,0,0,0,0
2024-11-01,318674,330423,316716,324549,206174,0,1.3763,0,0,0,0,0,0,0,0,0,0,0,0
2024-11-04,328464,330912,321122,330423,345930,0,1.8099,0,0,0,0,0,0,0,0,0,0,0,0
2024-11-05,325528,326018,309374,310843,876637,0,-5.9257,0,0,0,0,0,0,0,0,0,0,0,0
2024-11-06,314269,315737,291751,292241,935224,0,-5.9844,0,0,0,0,0,0,0,0,0,0,0,0
2024-11-07,289793,291751,280002,281961,983635,0,-3.5176,0,0,0,0,0,0,0,0,0,0,0,0
2024-11-08,283918,287345,278044,278534,746259,0,-1.2154,0,0,0,0,0,0,0,0,0,0,0,0
2024-11-11,279513,281471,267764,268744,675722,0,-3.5148,0,0,0,0,0,0,0,0,0,0,0,0
2024-11-12,268254,270212,257974,258954,771719,0,-3.6429,0,0,0,0,0,0,0,0,0,0,0,0
2024-11-13,255526,259932,249652,250142,573476,0,-3.4029,0,0,0,0,0,0,0,0,0,0,0,0
2024-11-14,256506,264828,256016,258954,778974,0,3.5228,0,0,0,0,0,0,0,0,0,0,0,0
2024-11-15,244757,248184,230561,241331,1302659,0,-6.8055,0,0,0,0,0,0,0,0,0,0,0,0
2024-11-18,241821,256996,241331,256996,534146,0,6.4911,0,0,0,0,0,0,0,0,0,0,0,0
2024-11-19,254548,256506,247205,253569,397078,0,-1.3335,0,0,0,0,0,0,0,0,0,0,0,0
2024-11-20,252100,258464,250632,254059,366183,0,0.1932,0,0,0,0,0,0,0,0,0,0,0,0
2024-11-21,254058,261401,251611,258954,317249,0,1.9267,0,0,0,0,0,0,0,0,0,0,0,0
2024-11-22,261400,269233,259932,263359,345190,0,1.7011,0,0,0,0,0,0,0,0,0,0,0,0
2024-11-25,266785,276086,266296,271681,554351,0,3.1599,0,0,0,0,0,0,0,0,0,0,0,0
2024-11-26,273149,278044,268254,272660,336852,0,0.3603,0,0,0,0,0,0,0,0,0,0,0,0
2024-11-27,272659,274128,260911,262380,313801,0,-3.7703,0,0,0,0,0,0,0,0,0,0,0,0
2024-11-28,260422,266297,258954,266297,282879,0,1.4929,0,0,0,0,0,0,0,0,0,0,0,0
2024-11-29,263848,264337,249163,249163,540260,0,-6.4342,0,0,0,0,0,0,0,0,0,0,0,0
2024-12-02,253569,258464,251121,253569,269390,0,1.7683,0,0,0,0,0,0,0,0,0,0,0,0
2024-12-03,258464,262380,253568,255527,421229,0,0.7722,0,0,0,0,0,0,0,0,0,0,0,0
2024-12-04,247694,255037,247205,253569,474420,0,-0.7663,0,0,0,0,0,0,0,0,0,0,0,0
2024-12-05,253568,254058,245736,246226,311786,0,-2.8959,0,0,0,0,0,0,0,0,0,0,0,0
2024-12-06,245736,252589,239372,246226,365050,0,0.0,0,0,0,0,0,0,0,0,0,0,0,0
2024-12-09,240841,243289,233498,234478,393456,0,-4.7712,0,0,0,0,0,0,0,0,0,0,0,0
2024-12-10,236925,248673,236925,247205,289722,0,5.4278,0,0,0,0,0,0,0,0,0,0,0,0
2024-12-11,246226,250142,240841,243289,266666,0,-1.5841,0,0,0,0,0,0,0,0,0,0,0,0
2024-12-12,245736,253079,241820,249653,497996,0,2.6158,0,0,0,0,0,0,0,0,0,0,0,0
2024-12-13,251611,257485,247695,255038,416657,0,2.157,0,0,0,0,0,0,0,0,0,0,0,0
2024-12-16,258953,262380,255526,257485,260673,0,0.9595,0,0,0,0,0,0,0,0,0,0,0,0
2024-12-17,255527,256506,239862,241821,648435,0,-6.0835,0,0,0,0,0,0,0,0,0,0,0,0
2024-12-18,244757,254058,242799,252590,404014,0,4.4533,0,0,0,0,0,0,0,0,0,0,0,0
2024-12-19,245247,252100,243289,248674,297787,0,-1.5503,0,0,0,0,0,0,0,0,0,0,0,0
2024-12-20,253079,253079,242800,242800,470501,0,-2.3621,0,0,0,0,0,0,0,0,0,0,0,0
2024-12-23,245736,252590,238394,250632,312770,0,3.2257,0,0,0,0,0,0,0,0,0,0,0,0
2024-12-24,251121,255527,249163,249653,206637,0,-0.3906,0,0,0,0,0,0,0,0,0,0,0,0
2024-12-26,250632,251121,241821,241821,217080,0,-3.1372,0,0,0,0,0,0,0,0,0,0,0,0
2024-12-27,240352,244758,237415,242800,218362,0,0.4048,0,0,0,0,0,0,0,0,0,0,0,0
2024-12-30,241820,248673,241820,242310,199422,0,-0.2018,0,0,0,0,0,0,0,0,0,0,0,0
2025-01-02,242310,244757,233009,234478,329634,0,-3.2322,0,0,0,0,0,0,0,0,0,0,0,0
2025-01-03,230072,243779,227135,241821,454357,0,3.1316,0,0,0,0,0,0,0,0,0,0,0,0
2025-01-06,241820,245737,238394,243779,294522,0,0.8097,0,0,0,0,0,0,0,0,0,0,0,0
2025-01-07,243778,249163,240841,241331,366621,0,-1.0042,0,0,0,0,0,0,0,0,0,0,0,0
2025-01-08,239372,246715,237414,244268,512518,0,1.217,0,0,0,0,0,0,0,0,0,0,0,0
2025-01-09,244267,245246,232519,233988,722180,0,-4.2085,0,0,0,0,0,0,0,0,0,0,0,0
2025-01-10,233988,234967,227624,229093,413626,0,-2.092,0,0,0,0,0,0,0,0,0,0,0,0
2025-01-13,227625,230072,224688,224688,375335,0,-1.9228,0,0,0,0,0,0,0,0,0,0,0,0
2025-01-14,227624,233499,225666,231541,361798,0,3.05,0,0,0,0,0,0,0,0,0,0,0,0
2025-01-15,232030,233499,226156,226646,282940,0,-2.1141,0,0,0,0,0,0,0,0,0,0,0,0
2025-01-16,230562,234478,229093,229583,292772,0,1.2959,0,0,0,0,0,0,0,0,0,0,0,0
2025-01-17,228113,231540,227624,229093,215815,0,-0.2134,0,0,0,0,0,0,0,0,0,0,0,0
2025-01-20,230072,239373,230072,238394,436132,0,4.0599,0,0,0,0,0,0,0,0,0,0,0,0
2025-01-21,235946,237904,225176,229093,429840,0,-3.9015,0,0,0,0,0,0,0,0,0,0,0,0
2025-01-22,230561,236436,229582,234478,275832,0,2.3506,0,0,0,0,0,0,0,0,0,0,0,0
2025-01-23,233009,233499,227625,227625,245299,0,-2.9227,0,0,0,0,0,0,0,0,0,0,0,0
2025-01-24,228114,229583,220282,221751,486052,0,-2.5806,0,0,0,0,0,0,0,0,0,0,0,0
2025-01-31,220771,221261,215386,217345,412028,0,-1.9869,0,0,0,0,0,0,0,0,0,0,0,0
2025-02-03,211959,211959,202658,203638,518647,0,-6.3066,0,0,0,0,0,0,0,0,0,0,0,0
2025-02-04,206086,209512,201191,201191,523511,0,-1.2016,0,0,0,0,0,0,0,0,0,0,0,0
2025-02-05,203638,211470,203148,208044,404393,0,3.4062,0,0,0,0,0,0,0,0,0,0,0,0
2025-02-06,208534,209513,204128,207555,351675,0,-0.235,0,0,0,0,0,0,0,0,0,0,0,0
2025-02-07,205107,211960,204127,205107,313332,0,-1.1794,0,0,0,0,0,0,0,0,0,0,0,0
2025-02-10,201191,208534,195806,206576,677930,0,0.7162,0,0,0,0,0,0,0,0,0,0,0,0
2025-02-11,205596,210491,203638,206086,296924,0,-0.2372,0,0,0,0,0,0,0,0,0,0,0,0
2025-02-12,206085,208043,203637,204617,247127,0,-0.7128,0,0,0,0,0,0,0,0,0,0,0,0
2025-02-13,206575,212450,206086,209513,840837,0,2.3928,0,0,0,0,0,0,0,0,0,0,0,0
2025-02-14,209512,212449,207064,209023,314999,0,-0.2339,0,0,0,0,0,0,0,0,0,0,0,0
2025-02-17,210980,217344,208533,214897,359054,0,2.8102,0,0,0,0,0,0,0,0,0,0,0,0
2025-02-18,216855,216855,210491,212939,266985,0,-0.9111,0,0,0,0,0,0,0,0,0,0,0,0
2025-02-19,211470,223219,211470,221261,511308,0,3.9082,0,0,0,0,0,0,0,0,0,0,0,0
2025-02-20,220771,227135,219792,222240,395944,0,0.4425,0,0,0,0,0,0,0,0,0,0,0,0
2025-02-21,222729,228114,220282,226646,390613,0,1.9825,0,0,0,0,0,0,0,0,0,0,0,0
2025-02-24,223708,243289,223219,241821,810911,0,6.6955,0,0,0,0,0,0,0,0,0,0,0,0
2025-02-25,238394,242310,231540,231541,580972,0,-4.2511,0,0,0,0,0,0,0,0,0,0,0,0
2025-02-26,229582,235457,228114,232520,682151,0,0.4228,0,0,0,0,0,0,0,0,0,0,0,0
2025-02-27,234967,237415,231051,233499,441715,0,0.421,0,0,0,0,0,0,0,0,0,0,0,0
2025-02-28,230072,230072,217834,219303,704342,0,-6.0797,0,0,0,0,0,0,0,0,0,0,0,0
2025-03-04,217345,219303,208044,208534,604511,0,-4.9106,0,0,0,0,0,0,0,0,0,0,0,0
2025-03-05,210981,212449,205596,209023,562644,0,0.2345,0,0,0,0,0,0,0,0,0,0,0,0
2025-03-06,211470,216365,207064,208044,584454,0,-0.4684,0,0,0,0,0,0,0,0,0,0,0,0
2025-03-07,205596,216365,203638,213918,522099,0,2.8234,0,0,0,0,0,0,0,0,0,0,0,0
2025-03-10,213918,215876,209023,211471,472306,0,-1.1439,0,0,0,0,0,0,0,0,0,0,0,0
2025-03-11,202658,206575,201679,204617,487464,0,-3.2411,0,0,0,0,0,0,0,0,0,0,0,0
2025-03-12,207554,210492,205596,208534,387217,0,1.9143,0,0,0,0,0,0,0,0,0,0,0,0
2025-03-13,210980,211959,199722,199722,1089451,0,-4.2257,0,0,0,0,0,0,0,0,0,0,0,0
2025-03-14,195316,205106,185330,187386,2851908,0,-6.1766,0,0,0,0,0,0,0,0,0,0,0,0
2025-03-17,187190,188560,182882,186407,976834,0,-0.5225,0,0,0,0,0,0,0,0,0,0,0,0
2025-03-18,187386,191792,186652,186799,772604,0,0.2103,0,0,0,0,0,0,0,0,0,0,0,0
2025-03-19,186505,190911,186505,187876,790168,0,0.5766,0,0,0,0,0,0,0,0,0,0,0,0
2025-03-20,190617,201191,189834,198254,1348839,0,5.5239,0,0,0,0,0,0,0,0,0,0,0,0
2025-03-21,198743,199233,192184,196296,724664,0,-0.9876,0,0,0,0,0,0,0,0,0,0,0,0
2025-03-24,196785,198743,193456,197275,286162,0,0.4987,0,0,0,0,0,0,0,0,0,0,0,0
2025-03-25,199722,201190,195708,197764,254972,0,0.2479,0,0,0,0,0,0,0,0,0,0,0,0
2025-03-26,198253,208044,196295,204128,445857,0,3.218,0,0,0,0,0,0,0,0,0,0,0,0
2025-03-27,200701,202170,197275,197275,305262,0,-3.3572,0,0,0,0,0,0,0,0,0,0,0,0
2025-03-28,197764,199233,193358,195219,337896,0,-1.0422,0,0,0,0,0,0,0,0,0,0,0,0
2025-03-31,191596,192379,184547,184547,576174,0,-5.4667,0,0,0,0,0,0,0,0,0,0,0,0
2025-04-01,186505,189833,185330,189540,352728,0,2.7055,0,0,0,0,0,0,0,0,0,0,0,0
2025-04-02,189638,190323,181707,182589,467150,0,-3.6673,0,0,0,0,0,0,0,0,0,0,0,0
2025-04-03,176714,181316,175539,179358,373181,0,-1.7695,0,0,0,0,0,0,0,0,0,0,0,0
2025-04-04,175735,187288,175735,186799,478175,0,4.1487,0,0,0,0,0,0,0,0,0,0,0,0
2025-04-07,179357,180924,176029,176323,382779,0,-5.6082,0,0,0,0,0,0,0,0,0,0,0,0
2025-04-08,179945,180239,172211,172603,418533,0,-2.1098,0,0,0,0,0,0,0,0,0,0,0,0
2025-04-09,169079,173582,166435,168100,550125,0,-2.6089,0,0,0,0,0,0,0,0,0,0,0,0
2025-04-10,177900,178300,172800,177200,492598,0,5.4134,0,0,0,0,0,0,0,0,0,0,0,0
2025-04-11,173000,177100,172000,175600,355010,0,-0.9029,0,0,0,0,0,0,0,0,0,0,0,0
2025-04-14,177600,181900,177100,178400,278232,0,1.5945,0,0,0,0,0,0,0,0,0,0,0,0
2025-04-15,179400,184100,176300,182600,303559,0,2.3543,0,0,0,0,0,0,0,0,0,0,0,0
2025-04-16,182000,184400,176600,177000,272189,0,-3.0668,0,0,0,0,0,0,0,0,0,0,0,0
2025-04-17,178000,182700,177000,180900,246328,0,2.2034,0,0,0,0,0,0,0,0,0,0,0,0
2025-04-18,182100,182100,178500,180000,146661,0,-0.4975,0,0,0,0,0,0,0,0,0,0,0,0
2025-04-21,179000,180500,176700,177800,184454,0,-1.2222,0,0,0,0,0,0,0,0,0,0,0,0
2025-04-22,176900,179800,176200,177300,213303,0,-0.2812,0,0,0,0,0,0,0,0,0,0,0,0
2025-04-23,180000,190400,179900,190400,532051,0,7.3886,0,0,0,0,0,0,0,0,0,0,0,0
2025-04-24,191200,191300,183700,184700,330284,0,-2.9937,0,0,0,0,0,0,0,0,0,0,0,0
2025-04-25,186700,189400,184000,185100,328738,0,0.2166,0,0,0,0,0,0,0,0,0,0,0,0
2025-04-28,184500,189600,183500,184200,327979,0,-0.4862,0,0,0,0,0,0,0,0,0,0,0,0
2025-04-29,185000,185500,182000,183600,241248,0,-0.3257,0,0,0,0,0,0,0,0,0,0,0,0
2025-04-30,183100,183300,175600,176000,606531,0,-4.1394,0,0,0,0,0,0,0,0,0,0,0,0
2025-05-02,176400,177000,170900,173600,330151,0,-1.3636,0,0,0,0,0,0,0,0,0,0,0,0
2025-05-07,175400,176400,171400,172200,405002,0,-0.8065,0,0,0,0,0,0,0,0,0,0,0,0
2025-05-08,172100,173400,170100,172200,584179,0,0.0,0,0,0,0,0,0,0,0,0,0,0,0
2025-05-09,173800,173800,170300,170400,227421,0,-1.0453,0,0,0,0,0,0,0,0,0,0,0,0
2025-05-12,170700,174900,170600,174900,260867,0,2.6408,0,0,0,0,0,0,0,0,0,0,0,0
2025-05-13,175400,176200,170600,170900,296932,0,-2.287,0,0,0,0,0,0,0,0,0,0,0,0
2025-05-14,171400,173600,167300,173000,356073,0,1.2288,0,0,0,0,0,0,0,0,0,0,0,0
2025-05-15,171300,173000,169600,169700,265305,0,-1.9075,0,0,0,0,0,0,0,0,0,0,0,0
2025-05-16,170000,170000,164100,164700,662722,0,-2.9464,0,0,0,0,0,0,0,0,0,0,0,0
2025-05-19,163400,173300,163400,169400,490511,0,2.8537,0,0,0,0,0,0,0,0,0,0,0,0
2025-05-20,170400,170800,160600,161500,568781,0,-4.6635,0,0,0,0,0,0,0,0,0,0,0,0
2025-05-21,162100,165500,161600,161800,291613,0,0.1858,0,0,0,0,0,0,0,0,0,0,0,0
2025-05-22,161800,164700,157700,163100,395732,0,0.8035,0,0,0,0,0,0,0,0,0,0,0,0
2025-05-23,162700,163400,159200,160200,268120,0,-1.7781,0,0,0,0,0,0,0,0,0,0,0,0
2025-05-26,160200,168400,160200,166000,396990,0,3.6205,0,0,0,0,0,0,0,0,0,0,0,0
2025-05-27,164400,164600,159400,160200,488202,0,-3.494,0,0,0,0,0,0,0,0,0,0,0,0
2025-05-28,161300,176000,160800,174100,1002912,0,8.6767,0,0,0,0,0,0,0,0,0,0,0,0
2025-05-29,175800,175800,169000,174400,557915,0,0.1723,0,0,0,0,0,0,0,0,0,0,0,0
2025-05-30,172500,174000,168900,168900,1009215,0,-3.1537,0,0,0,0,0,0,0,0,0,0,0,0
2025-06-02,170000,172900,167000,172800,438261,0,2.3091,0,0,0,0,0,0,0,0,0,0,0,0
2025-06-04,174600,179000,171400,172400,503464,0,-0.2315,0,0,0,0,0,0,0,0,0,0,0,0
2025-06-05,170800,176300,170200,174300,370426,0,1.1021,0,0,0,0,0,0,0,0,0,0,0,0
2025-06-09,173500,173600,169500,170800,489915,0,-2.008,0,0,0,0,0,0,0,0,0,0,0,0
2025-06-10,171900,172900,169400,170300,426240,0,-0.2927,0,0,0,0,0,0,0,0,0,0,0,0
2025-06-11,170800,175000,170300,172900,603691,0,1.5267,0,0,0,0,0,0,0,0,0,0,0,0
2025-06-12,171500,176900,171100,174800,1132120,0,1.0989,0,0,0,0,0,0,0,0,0,0,0,0
2025-06-13,173900,175900,169800,172100,666710,0,-1.5446,0,0,0,0,0,0,0,0,0,0,0,0
2025-06-16,170900,171200,165900,168900,610282,0,-1.8594,0,0,0,0,0,0,0,0,0,0,0,0
2025-06-17,169000,172900,166900,169300,508546,0,0.2368,0,0,0,0,0,0,0,0,0,0,0,0
2025-06-18,168300,170700,167100,169200,399040,0,-0.0591,0,0,0,0,0,0,0,0,0,0,0,0
2025-06-19,169300,170800,167900,168200,408738,0,-0.591,0,0,0,0,0,0,0,0,0,0,0,0
2025-06-20,168200,177000,166500,176300,934905,0,4.8157,0,0,0,0,0,0,0,0,0,0,0,0
2025-06-23,172800,172900,168300,169300,571851,0,-3.9705,0,0,0,0,0,0,0,0,0,0,0,0
2025-06-24,172500,182300,172400,176800,742543,0,4.43,0,0,0,0,0,0,0,0,0,0,0,0
2025-06-25,177700,177800,173300,175400,421667,0,-0.7919,0,0,0,0,0,0,0,0,0,0,0,0
2025-06-26,177000,178700,173100,174600,418901,0,-0.4561,0,0,0,0,0,0,0,0,0,0,0,0
2025-06-27,175300,175300,169600,169700,478562,0,-2.8064,0,0,0,0,0,0,0,0,0,0,0,0
2025-06-30,171000,175500,170900,172800,414084,0,1.8268,0,0,0,0,0,0,0,0,0,0,0,0
2025-07-01,173400,181700,172300,178200,885032,0,3.125,0,0,0,0,0,0,0,0,0,0,0,0
2025-07-02,176600,179100,175200,179000,470497,0,0.4489,0,0,0,0,0,0,0,0,0,0,0,0
2025-07-03,180000,187000,178600,185300,850429,0,3.5196,0,0,0,0,0,0,0,0,0,0,0,0
2025-07-04,182800,183600,179500,181100,500743,0,-2.2666,0,0,0,0,0,0,0,0,0,0,0,0
2025-07-07,182800,183700,176800,177000,504717,0,-2.2639,0,0,0,0,0,0,0,0,0,0,0,0
2025-07-08,175400,178500,174000,175000,493345,0,-1.1299,0,0,0,0,0,0,0,0,0,0,0,0
2025-07-09,175500,176900,169700,170100,689370,0,-2.8,0,0,0,0,0,0,0,0,0,0,0,0
2025-07-10,171000,171900,169900,170300,554246,0,0.1176,0,0,0,0,0,0,0,0,0,0,0,0
2025-07-11,171100,181000,171000,179400,1066739,0,5.3435,0,0,0,0,0,0,0,0,0,0,0,0
2025-07-14,180200,181100,176700,181100,399191,0,0.9476,0,0,0,0,0,0,0,0,0,0,0,0
2025-07-15,180600,181000,177800,179200,328760,0,-1.0491,0,0,0,0,0,0,0,0,0,0,0,0
2025-07-16,178700,180000,175900,176100,278372,0,-1.7299,0,0,0,0,0,0,0,0,0,0,0,0
2025-07-17,177400,179200,174600,179000,356729,0,1.6468,0,0,0,0,0,0,0,0,0,0,0,0
2025-07-18,180700,184300,180050,182500,686213,0,1.9553,0,0,0,0,0,0,0,0,0,0,0,0
2025-07-21,182500,186500,180900,185800,517341,0,1.8082,0,0,0,0,0,0,0,0,0,0,0,0
2025-07-22,187600,189200,181500,181900,473977,0,-2.099,0,0,0,0,0,0,0,0,0,0,0,0
2025-07-23,184000,185900,180100,184600,404059,0,1.4843,0,0,0,0,0,0,0,0,0,0,0,0
2025-07-24,186400,193900,185100,190300,1013457,0,3.0878,0,0,0,0,0,0,0,0,0,0,0,0
2025-07-25,193300,193300,187000,189800,525343,0,-0.2627,0,0,0,0,0,0,0,0,0,0,0,0
2025-07-28,191900,195700,190500,194500,753603,0,2.4763,0,0,0,0,0,0,0,0,0,0,0,0
2025-07-29,192200,192300,187200,191100,536337,0,-1.7481,0,0,0,0,0,0,0,0,0,0,0,0
2025-07-30,190700,210000,190700,206000,1593192,0,7.797,0,0,0,0,0,0,0,0,0,0,0,0
2025-07-31,212500,212500,197500,201000,948283,0,-2.4272,0,0,0,0,0,0,0,0,0,0,0,0
2025-08-01,196400,198000,189800,190000,843531,0,-5.4726,0,0,0,0,0,0,0,0,0,0,0,0
2025-08-04,190800,194000,189500,193700,434105,0,1.9474,0,0,0,0,0,0,0,0,0,0,0,0
2025-08-05,197600,221500,197500,213500,1875615,0,10.222,0,0,0,0,0,0,0,0,0,0,0,0
2025-08-06,212000,223000,211000,218000,1157281,0,2.1077,0,0,0,0,0,0,0,0,0,0,0,0
2025-08-07,223000,223000,214500,217000,467950,0,-0.4587,0,0,0,0,0,0,0,0,0,0,0,0
2025-08-08,221500,221500,215000,218000,361289,0,0.4608,0,0,0,0,0,0,0,0,0,0,0,0
2025-08-11,221500,234000,221000,225000,983767,0,3.211,0,0,0,0,0,0,0,0,0,0,0,0
2025-08-12,225000,226500,221000,221000,403226,0,-1.7778,0,0,0,0,0,0,0,0,0,0,0,0
2025-08-13,225500,225500,218000,221500,325765,0,0.2262,0,0,0,0,0,0,0,0,0,0,0,0
2025-08-14,223500,229000,223000,224000,448035,0,1.1287,0,0,0,0,0,0,0,0,0,0,0,0
2025-08-18,222500,224500,216000,219500,319220,0,-2.0089,0,0,0,0,0,0,0,0,0,0,0,0
2025-08-19,220500,223500,215500,221000,268361,0,0.6834,0,0,0,0,0,0,0,0,0,0,0,0
2025-08-20,218000,224000,216000,217500,377027,0,-1.5837,0,0,0,0,0,0,0,0,0,0,0,0
2025-08-21,219000,219500,214500,215500,325179,0,-0.9195,0,0,0,0,0,0,0,0,0,0,0,0
2025-08-22,216500,219000,213500,216000,373227,0,0.232,0,0,0,0,0,0,0,0,0,0,0,0
2025-08-25,220000,223500,217500,221500,254189,0,2.5463,0,0,0,0,0,0,0,0,0,0,0,0
2025-08-26,221000,225750,219500,221000,480981,0,-0.2257,0,0,0,0,0,0,0,0,0,0,0,0
2025-08-27,224000,224000,217500,220000,362256,0,-0.4525,0,0,0,0,0,0,0,0,0,0,0,0
2025-08-28,220500,222500,215000,216000,336139,0,-1.8182,0,0,0,0,0,0,0,0,0,0,0,0
2025-08-29,216500,216500,206000,207000,619884,0,-4.1667,0,0,0,0,0,0,0,0,0,0,0,0
2025-09-01,202500,206500,201500,203000,300030,0,-1.9324,0,0,0,0,0,0,0,0,0,0,0,0
2025-09-02,204000,204000,199400,202500,295808,0,-0.2463,0,0,0,0,0,0,0,0,0,0,0,0
2025-09-03,203000,204500,200000,201500,252531,0,-0.4938,0,0,0,0,0,0,0,0,0,0,0,0
2025-09-04,205500,205500,201000,202500,260018,0,0.4963,0,0,0,0,0,0,0,0,0,0,0,0
2025-09-05,202500,203500,199300,199500,303237,0,-1.4815,0,0,0,0,0,0,0,0,0,0,0,0
2025-09-08,197900,201500,197600,199900,207896,0,0.2005,0,0,0,0,0,0,0,0,0,0,0,0
2025-09-09,200500,202500,199600,201500,307287,0,0.8004,0,0,0,0,0,0,0,0,0,0,0,0
2025-09-10,200000,200500,196800,198100,689275,0,-1.6873,0,0,0,0,0,0,0,0,0,0,0,0
2025-09-11,199700,201000,198000,198300,488743,0,0.101,0,0,0,0,0,0,0,0,0,0,0,0
2025-09-12,201500,204000,200000,204000,534562,0,2.8744,0,0,0,0,0,0,0,0,0,0,0,0
2025-09-15,206000,207000,200500,201500,592824,0,-1.2255,0,0,0,0,0,0,0,0,0,0,0,0
2025-09-16,203000,205000,201500,204000,398951,0,1.2407,0,0,0,0,0,0,0,0,0,0,0,0
2025-09-17,204500,207500,202500,204000,342331,0,0.0,0,0,0,0,0,0,0,0,0,0,0,0
2025-09-18,205000,209000,202500,209000,374497,0,2.451,0,0,0,0,0,0,0,0,0,0,0,0
2025-09-19,207500,209000,203000,203000,858121,0,-2.8708,0,0,0,0,0,0,0,0,0,0,0,0
2025-09-22,205000,211000,203500,207500,406999,0,2.2167,0,0,0,0,0,0,0,0,0,0,0,0
2025-09-23,208500,211500,207500,210000,296713,0,1.2048,0,0,0,0,0,0,0,0,0,0,0,0
2025-09-24,211500,211500,203000,205500,361727,0,-2.1429,0,0,0,0,0,0,0,0,0,0,0,0
2025-09-25,206000,211500,205500,210500,416263,0,2.4331,0,0,0,0,0,0,0,0,0,0,0,0
2025-09-26,208000,208000,202500,202500,378492,0,-3.8005,0,0,0,0,0,0,0,0,0,0,0,0
2025-09-29,205500,208000,204500,206000,205188,0,1.7284,0,0,0,0,0,0,0,0,0,0,0,0
2025-09-30,205000,209000,204500,205000,247788,0,-0.4854,0,0,0,0,0,0,0,0,0,0,0,0
2025-10-01,206000,207500,203000,204000,216933,0,-0.4878,0,0,0,0,0,0,0,0,0,0,0,0
2025-10-02,207500,212000,206500,206500,588864,0,1.2255,0,0,0,0,0,0,0,0,0,0,0,0
2025-10-10,208500,208500,202500,207000,461084,0,0.2421,0,0,0,0,0,0,0,0,0,0,0,0
2025-10-13,203500,214000,201500,210500,628628,0,1.6908,0,0,0,0,0,0,0,0,0,0,0,0
2025-10-14,211500,223000,209500,220000,1096518,0,4.5131,0,0,0,0,0,0,0,0,0,0,0,0
2025-10-15,223000,223000,217500,221500,450096,0,0.6818,0,0,0,0,0,0,0,0,0,0,0,0
2025-10-16,222000,236000,221000,236000,1126965,0,6.5463,0,0,0,0,0,0,0,0,0,0,0,0
2025-10-17,234000,259500,232000,255500,2155134,0,8.2627,0,0,0,0,0,0,0,0,0,0,0,0
2025-10-20,258000,261500,248000,260500,876562,0,1.9569,0,0,0,0,0,0,0,0,0,0,0,0
2025-10-21,261500,267000,255500,259000,942968,0,-0.5758,0,0,0,0,0,0,0,0,0,0,0,0
2025-10-22,262000,265500,258000,262500,676863,0,1.3514,0,0,0,0,0,0,0,0,0,0,0,0
2025-10-23,261500,264500,257000,258000,520549,0,-1.7143,0,0,0,0,0,0,0,0,0,0,0,0
2025-10-24,261000,296500,259000,293000,1641056,0,13.5659,0,0,0,0,0,0,0,0,0,0,0,0
2025-10-27,304000,304500,282000,285000,1695824,0,-2.7304,0,0,0,0,0,0,0,0,0,0,0,0
2025-10-28,282500,321000,273000,312000,3688662,0,9.4737,0,0,0,0,0,0,0,0,0,0,0,0
2025-10-29,312500,334000,309500,331000,2181528,0,6.0897,0,0,0,0,0,0,0,0,0,0,0,0
2025-10-30,335000,349500,324000,325500,1784094,0,-1.6616,0,0,0,0,0,0,0,0,0,0,0,0
2025-10-31,316000,329000,315500,322000,1007311,0,-1.0753,0,0,0,0,0,0,0,0,0,0,0,0
2025-11-03,328500,328500,320000,327000,717628,0,1.5528,0,0,0,0,0,0,0,0,0,0,0,0
2025-11-04,353000,354500,335000,337500,1277759,0,3.211,0,0,0,0,0,0,0,0,0,0,0,0
2025-11-05,327500,332500,310000,325000,1464201,0,-3.7037,0,0,0,0,0,0,0,0,0,0,0,0
2025-11-06,335000,335500,318500,322000,806692,0,-0.9231,0,0,0,0,0,0,0,0,0,0,0,0
2025-11-07,310000,318750,300000,306000,912774,0,-4.9689,0,0,0,0,0,0,0,0,0,0,0,0
2025-11-10,308000,316000,303000,315000,450539,0,2.9412,0,0,0,0,0,0,0,0,0,0,0,0
2025-11-11,324000,331000,314000,322000,774167,0,2.2222,0,0,0,0,0,0,0,0,0,0,0,0
2025-11-12,324500,325000,316000,321500,342657,0,-0.1553,0,0,0,0,0,0,0,0,0,0,0,0
2025-11-13,321500,336500,317500,334500,672268,0,4.0435,0,0,0,0,0,0,0,0,0,0,0,0
2025-11-14,323000,324500,315000,315000,544713,0,-5.8296,0,0,0,0,0,0,0,0,0,0,0,0
2025-11-17,321000,324500,315000,317000,324257,0,0.6349,0,0,0,0,0,0,0,0,0,0,0,0
2025-11-18,317000,319000,301000,301500,520118,0,-4.8896,0,0,0,0,0,0,0,0,0,0,0,0
2025-11-19,300500,303500,290000,296500,413844,0,-1.6584,0,0,0,0,0,0,0,0,0,0,0,0
2025-11-20,304500,307000,300500,302000,247526,0,1.855,0,0,0,0,0,0,0,0,0,0,0,0
2025-11-21,289000,293250,287000,288500,345160,0,-4.4702,0,0,0,0,0,0,0,0,0,0,0,0
2025-11-24,291500,291500,280500,281000,808887,0,-2.5997,0,0,0,0,0,0,0,0,0,0,0,0
2025-11-25,288000,289000,281000,284500,265462,0,1.2456,0,0,0,0,0,0,0,0,0,0,0,0
2025-11-26,288000,304500,286500,304500,466323,0,7.0299,0,0,0,0,0,0,0,0,0,0,0,0
2025-11-27,307000,307500,300000,303000,256219,0,-0.4926,0,0,0,0,0,0,0,0,0,0,0,0
2025-11-28,307500,308000,298000,299500,339877,0,-1.1551,0,0,0,0,0,0,0,0,0,0,0,0
2025-12-01,301500,304500,296000,299000,255242,0,-0.1669,0,0,0,0,0,0,0,0,0,0,0,0
2025-12-02,300500,306500,297500,305000,317336,0,2.0067,0,0,0,0,0,0,0,0,0,0,0,0
2025-12-03,305500,306250,301000,305000,224504,0,0.0,0,0,0,0,0,0,0,0,0,0,0,0
2025-12-04,305500,306000,297500,302500,297211,0,-0.8197,0,0,0,0,0,0,0,0,0,0,0,0
2025-12-05,299500,310500,299500,307500,379347,0,1.6529,0,0,0,0,0,0,0,0,0,0,0,0
2025-12-08,308500,314000,305000,314000,507131,0,2.1138,0,0,0,0,0,0,0,0,0,0,0,0
2025-12-09,310500,313000,306500,310000,278714,0,-1.2739,0,0,0,0,0,0,0,0,0,0,0,0
2025-12-10,326000,329000,314000,317500,637865,0,2.4194,0,0,0,0,0,0,0,0,0,0,0,0
2025-12-11,321000,321500,308000,308000,463386,0,-2.9921,0,0,0,0,0,0,0,0,0,0,0,0
2025-12-12,310000,310000,306000,308000,304163,0,0.0,0,0,0,0,0,0,0,0,0,0,0,0
2025-12-15,301500,309500,298500,303000,339241,0,-1.6234,0,0,0,0,0,0,0,0,0,0,0,0
2025-12-16,304000,304500,291500,293500,480504,0,-3.1353,0,0,0,0,0,0,0,0,0,0,0,0
2025-12-17,296000,297000,291500,295000,232155,0,0.5111,0,0,0,0,0,0,0,0,0,0,0,0
2025-12-18,285000,285500,277000,277000,644420,0,-6.1017,0,0,0,0,0,0,0,0,0,0,0,0
2025-12-19,280000,280000,267500,279500,691283,0,0.9025,0,0,0,0,0,0,0,0,0,0,0,0
2025-12-22,282000,285000,277500,282500,311296,0,1.0733,0,0,0,0,0,0,0,0,0,0,0,0
2025-12-23,283000,283000,277750,279500,329038,0,-1.0619,0,0,0,0,0,0,0,0,0,0,0,0
2025-12-24,281500,283500,278500,280000,206418,0,0.1789,0,0,0,0,0,0,0,0,0,0,0,0
2025-12-26,280000,282500,273000,274000,340872,0,-2.1429,0,0,0,0,0,0,0,0,0,0,0,0
2025-12-29,267000,278500,265000,277500,330047,0,1.2774,0,0,0,0,0,0,0,0,0,0,0,0
2025-12-30,273500,275000,267000,269500,448385,0,-2.8829,0,0,0,0,0,0,0,0,0,0,0,0
2026-01-02,268000,268000,259000,262500,616243,0,-2.5974,0,0,0,0,0,0,0,0,0,0,0,0
2026-01-05,260000,280000,259500,275000,805956,0,4.7619,0,0,0,0,0,0,0,0,0,0,0,0
2026-01-06,282000,282000,274000,277000,448991,0,0.7273,0,0,0,0,0,0,0,0,0,0,0,0
2026-01-07,279000,280000,268500,270500,603479,0,-2.3466,0,0,0,0,0,0,0,0,0,0,0,0
2026-01-08,271500,274000,269000,271000,556265,0,0.1848,0,0,0,0,0,0,0,0,0,0,0,0
2026-01-09,272000,272000,265250,267500,433710,0,-1.2915,0,0,0,0,0,0,0,0,0,0,0,0
2026-01-12,265500,280500,264000,278000,704473,0,3.9252,0,0,0,0,0,0,0,0,0,0,0,0
2026-01-13,281500,302500,276000,300000,1248744,0,7.9137,0,0,0,0,0,0,0,0,0,0,0,0
2026-01-14,298500,298500,284500,285500,663816,0,-4.8333,0,0,0,0,0,0,0,0,0,0,0,0
2026-01-15,287000,292000,284250,291500,487778,0,2.1016,0,0,0,0,0,0,0,0,0,0,0,0
2026-01-16,291500,292000,286000,289000,447796,0,-0.8576,0,0,0,0,0,0,0,0,0,0,0,0
2026-01-19,289000,320000,286000,314000,1430872,0,8.6505,0,0,0,0,0,0,0,0,0,0,0,0
2026-01-20,319000,339500,315500,326000,2148250,0,3.8217,0,0,0,0,0,0,0,0,0,0,0,0
2026-01-21,316000,326500,310000,324000,1109366,0,-0.6135,0,0,0,0,0,0,0,0,0,0,0,0
2026-01-22,333000,385500,325500,384500,5826300,0,18.6728,0,0,0,0,0,0,0,0,0,0,0,0
2026-01-23,402000,402000,362500,373000,3366383,0,-2.9909,0,0,0,0,0,0,0,0,0,0,0,0
2026-01-26,385500,389500,375500,387000,1609025,0,3.7534,0,0,0,0,0,0,0,0,0,0,0,0
2026-01-27,373500,398000,367500,387500,1845095,0,0.1292,0,0,0,0,0,0,0,0,0,0,0,0
2026-01-28,394000,411500,390000,396500,2071072,0,2.3226,0,0,0,0,0,0,0,0,0,0,0,0
2026-01-29,397500,399500,376500,388000,1317541,0,-2.1438,0,0,0,0,0,0,0,0,0,0,0,0
2026-01-30,390500,400500,376000,390000,1730887,0,0.5155,0,0,0,0,0,0,0,0,0,0,0,0
2026-02-02,380000,386500,355500,356000,1586089,0,-8.7179,0,0,0,0,0,0,0,0,0,0,0,0
2026-02-03,366500,381000,357500,374500,930111,0,5.1966,0,0,0,0,0,0,0,0,0,0,0,0
2026-02-04,374000,396000,372500,391500,1224216,0,4.5394,0,0,0,0,0,0,0,0,0,0,0,0
2026-02-05,388000,399500,380000,385500,1150046,0,-1.5326,0,0,0,0,0,0,0,0,0,0,0,0
2026-02-06,370500,373000,358500,370000,727300,0,-4.0208,0,0,0,0,0,0,0,0,0,0,0,0
2026-02-09,381500,383000,375000,380000,477549,0,2.7027,0,0,0,0,0,0,0,0,0,0,0,0
2026-02-10,385500,391500,377000,381000,504263,0,0.2632,0,0,0,0,0,0,0,0,0,0,0,0
2026-02-11,381500,384500,373500,377000,367852,0,-1.0499,0,0,0,0,0,0,0,0,0,0,0,0
2026-02-12,381000,386000,373000,385500,639928,0,2.2546,0,0,0,0,0,0,0,0,0,0,0,0
2026-02-13,377500,383000,372500,374500,517002,0,-2.8534,0,0,0,0,0,0,0,0,0,0,0,0
2026-02-19,379500,409000,377000,408000,1085467,0,8.9453,0,0,0,0,0,0,0,0,0,0,0,0
2026-02-20,402000,420500,399000,402000,928083,0,-1.4706,0,0,0,0,0,0,0,0,0,0,0,0
2026-02-23,407500,407500,387000,391500,793713,0,-2.6119,0,0,0,0,0,0,0,0,0,0,0,0
2026-02-24,400500,427000,399500,421500,2584055,0,7.6628,0,0,0,0,0,0,0,0,0,0,0,0
2026-02-25,422000,443500,415000,433000,1253279,0,2.7284,0,0,0,0,0,0,0,0,0,0,0,0
2026-02-26,439500,457000,436500,449000,1109842,0,3.6952,0,0,0,0,0,0,0,0,0,0,0,0
2026-02-27,439500,473500,438500,466000,1207350,0,3.7862,0,0,0,0,0,0,0,0,0,0,0,0
2026-03-03,453500,454500,408000,408000,1453235,0,-12.4464,0,0,0,0,0,0,0,0,0,0,0,0
2026-03-04,390000,406000,348500,351000,1895549,0,-13.9706,0,0,0,0,0,0,0,0,0,0,0,0
2026-03-05,391000,407000,385000,392500,1008865,0,11.8234,0,0,0,0,0,0,0,0,0,0,0,0
2026-03-06,388500,411500,385500,410500,796681,0,4.586,0,0,0,0,0,0,0,0,0,0,0,0
2026-03-09,386500,394500,375500,389000,754807,0,-5.2375,0,0,0,0,0,0,0,0,0,0,0,0
2026-03-10,415000,415000,394000,403500,597355,0,3.7275,0,0,0,0,0,0,0,0,0,0,0,0
2026-03-11,413500,419000,394500,400000,531148,0,-0.8674,0,0,0,0,0,0,0,0,0,0,0,0
2026-03-12,396000,402000,394000,400000,616460,0,0.0,0,0,0,0,0,0,0,0,0,0,0,0
2026-03-13,387000,397000,384500,388000,531172,0,-3.0,0,0,0,0,0,0,0,0,0,0,0,0
2026-03-16,395000,398000,380000,383000,483616,0,-1.2887,0,0,0,0,0,0,0,0,0,0,0,0
2026-03-17,395000,397500,388000,389000,359325,0,1.5666,0,0,0,0,0,0,0,0,0,0,0,0
2026-03-18,397000,405000,393500,405000,384421,0,4.1131,0,0,0,0,0,0,0,0,0,0,0,0
2026-03-19,397000,414000,396000,402500,428488,0,-0.6173,0,0,0,0,0,0,0,0,0,0,0,0
2026-03-20,405000,407000,398000,400500,397940,0,-0.4969,0,0,0,0,0,0,0,0,0,0,0,0
2026-03-23,386500,387000,375500,376500,462325,0,-5.9925,0,0,0,0,0,0,0,0,0,0,0,0
2026-03-24,392000,403000,383500,397500,531265,0,5.5777,0,0,0,0,0,0,0,0,0,0,0,0
2026-03-25,401000,411500,399500,404000,416484,0,1.6352,0,0,0,0,0,0,0,0,0,0,0,0
2026-03-26,402000,413500,391000,396500,455967,0,-1.8564,0,0,0,0,0,0,0,0,0,0,0,0
2026-03-27,387500,409000,375000,405500,657568,0,2.2699,0,0,0,0,0,0,0,0,0,0,0,0
2026-03-30,389000,418000,388500,412500,735298,0,1.7263,0,0,0,0,0,0,0,0,0,0,0,0
2026-03-31,419500,429500,404000,408000,1110671,0,-1.0909,0,0,0,0,0,0,0,0,0,0,0,0
2026-04-01,425000,434000,413000,432000,779644,0,5.8824,0,0,0,0,0,0,0,0,0,0,0,0
2026-04-02,434500,460000,430000,443000,1822137,0,2.5463,0,0,0,0,0,0,0,0,0,0,0,0
2026-04-03,451500,460000,432500,438500,692098,0,-1.0158,0,0,0,0,0,0,0,0,0,0,0,0
2026-04-06,441000,470000,438000,453500,1125434,0,3.4208,0,0,0,0,0,0,0,0,0,0,0,0
2026-04-07,448500,468500,445000,456500,759485,0,0.6615,0,0,0,0,0,0,0,0,0,0,0,0
2026-04-08,471000,471500,454500,471500,821542,0,3.2859,0,0,0,0,0,0,0,0,0,0,0,0
2026-04-09,475000,493500,469000,480000,1003279,0,1.8028,0,0,0,0,0,0,0,0,0,0,0,0
2026-04-10,483000,490000,473000,481000,550626,0,0.2083,0,0,0,0,0,0,0,0,0,0,0,0
2026-04-13,476500,493000,472000,477500,482539,0,-0.7277,0,0,0,0,0,0,0,0,0,0,0,0
2026-04-14,485500,491000,463000,470500,798652,0,-1.466,0,0,0,0,0,0,0,0,0,0,0,0
2026-04-15,473500,478500,466000,471000,632770,0,0.1063,0,0,0,0,0,0,0,0,0,0,0,0
2026-04-16,473000,480000,473000,478500,357441,0,1.5924,0,0,0,0,0,0,0,0,0,0,0,0
2026-04-17,480000,515000,473000,513000,1116580,0,7.21,0,0,0,0,0,0,0,0,0,0,0,0
2026-04-20,515000,549000,509000,538000,827022,0,4.8733,0,0,0,0,0,0,0,0,0,0,0,0
2026-04-21,570000,648000,557000,645000,2533682,0,19.8885,0,0,0,0,0,0,0,0,0,0,0,0
2026-04-22,686000,686000,647000,659000,1727542,0,2.1705,0,0,0,0,0,0,0,0,0,0,0,0
2026-04-23,657000,669000,613000,630000,1204489,0,-4.4006,0,0,0,0,0,0,0,0,0,0,0,0
2026-04-24,648000,663000,631000,641000,786062,0,1.746,0,0,0,0,0,0,0,0,0,0,0,0
2026-04-27,641000,648000,616000,635000,701082,0,-0.936,0,0,0,0,0,0,0,0,0,0,0,0
2026-04-28,657000,690000,650000,680000,1454459,0,7.0866,0,0,0,0,0,0,0,0,0,0,0,0
2026-04-29,689000,714000,685000,712000,1268312,0,4.7059,0,0,0,0,0,0,0,0,0,0,0,0
2026-04-30,721000,723000,692000,695000,853824,0,-2.3876,0,0,0,0,0,0,0,0,0,0,0,0
2026-05-04,715000,717000,694000,705000,663957,0,1.4388,0,0,0,0,0,0,0,0,0,0,0,0
2026-05-06,707000,707000,677000,698000,813564,0,-0.9929,0,0,0,0,0,0,0,0,0,0,0,0
2026-05-07,698000,698000,677000,694000,604589,0,-0.5731,0,0,0,0,0,0,0,0,0,0,0,0
2026-05-08,683000,694000,671000,678000,460537,0,-2.3055,0,0,0,0,0,0,0,0,0,0,0,0
2026-05-11,670000,693000,651000,684000,850986,0,0.885,0,0,0,0,0,0,0,0,0,0,0,0
2026-05-12,676000,680000,616000,629000,1349091,0,-8.0409,0,0,0,0,0,0,0,0,0,0,0,0
2026-05-13,612000,645000,600000,634000,788819,0,0.7949,0,0,0,0,0,0,0,0,0,0,0,0
2026-05-14,663000,665000,623000,636000,712838,0,0.3155,0,0,0,0,0,0,0,0,0,0,0,0
2026-05-15,629000,668000,603000,614000,1100294,0,-3.4591,0,0,0,0,0,0,0,0,0,0,0,0
2026-05-18,592000,616000,565000,613000,554836,0,-0.1629,0,0,0,0,0,0,0,0,0,0,0,0
2026-05-19,612000,621000,570000,587000,511340,0,-4.2414,0,0,0,0,0,0,0,0,0,0,0,0
2026-05-20,580000,584000,548000,570000,691785,0,-2.8961,0,0,0,0,0,0,0,0,0,0,0,0
2026-05-21,592000,616000,578000,616000,516899,0,8.0702,0,0,0,0,0,0,0,0,0,0,0,0
2026-05-22,640000,657000,627000,647000,652607,0,5.0325,0,0,0,0,0,0,0,0,0,0,0,0
