date,open,high,low,close,volume,trading_value,change_rate,foreign_net,institution_net
2016-05-25,232500,233000,227500,228500,92956,0,-1.0823,0,0
2016-05-26,227500,230000,226500,227500,78265,0,-0.4376,0,0
2016-05-27,229500,234000,227500,234000,141854,0,2.8571,0,0
2016-05-30,232500,235000,228500,231500,110370,0,-1.0684,0,0
2016-05-31,231000,236000,226500,229000,1137778,0,-1.0799,0,0
2016-06-01,229000,229500,222500,222500,186213,0,-2.8384,0,0
2016-06-02,222000,224500,219500,223000,110066,0,0.2247,0,0
2016-06-03,221500,223000,215500,221000,186941,0,-0.8969,0,0
2016-06-07,223000,223000,217500,220500,126826,0,-0.2262,0,0
2016-06-08,223000,225500,219000,224000,120644,0,1.5873,0,0
2016-06-09,223500,225000,221000,224500,146984,0,0.2232,0,0
2016-06-10,222500,224000,219500,220000,114094,0,-2.0045,0,0
2016-06-13,219500,219500,216000,217000,85043,0,-1.3636,0,0
2016-06-14,217000,218500,214500,215000,100269,0,-0.9217,0,0
2016-06-15,215000,220500,214500,215000,100155,0,0.0,0,0
2016-06-16,215500,216500,213500,214500,56173,0,-0.2326,0,0
2016-06-17,216500,216500,210000,211500,106720,0,-1.3986,0,0
2016-06-20,214500,215000,211000,214000,59581,0,1.182,0,0
2016-06-21,212500,215500,212500,215000,49917,0,0.4673,0,0
2016-06-22,215000,218000,214000,217500,69144,0,1.1628,0,0
2016-06-23,216000,217500,212500,213000,74557,0,-2.069,0,0
2016-06-24,214000,217000,200500,205500,255329,0,-3.5211,0,0
2016-06-27,200500,204000,199000,202500,149844,0,-1.4599,0,0
2016-06-28,199500,202000,199000,200000,182890,0,-1.2346,0,0
2016-06-29,201500,203500,199500,201500,106782,0,0.75,0,0
2016-06-30,203000,204500,201500,202500,109768,0,0.4963,0,0
2016-07-01,203500,208000,202500,204000,127650,0,0.7407,0,0
2016-07-04,204500,207500,204000,205000,94291,0,0.4902,0,0
2016-07-05,205500,206000,202500,203000,64425,0,-0.9756,0,0
2016-07-06,202500,204500,199000,201000,97305,0,-0.9852,0,0
2016-07-07,203500,205000,202000,202500,57587,0,0.7463,0,0
2016-07-08,202500,204000,200500,203000,57054,0,0.2469,0,0
2016-07-11,204500,211000,203500,208000,116207,0,2.4631,0,0
2016-07-12,211000,211000,207500,209000,88539,0,0.4808,0,0
2016-07-13,209000,213500,208500,213000,111821,0,1.9139,0,0
2016-07-14,213500,214000,209500,214000,82536,0,0.4695,0,0
2016-07-15,214500,214500,209500,211000,101853,0,-1.4019,0,0
2016-07-18,211000,213000,209000,212000,44939,0,0.4739,0,0
2016-07-19,212000,212000,210000,212000,56491,0,0.0,0,0
2016-07-20,211000,212500,209000,212500,56620,0,0.2358,0,0
2016-07-21,212500,212500,206500,208500,90547,0,-1.8824,0,0
2016-07-22,207500,210000,206500,209000,48539,0,0.2398,0,0
2016-07-25,210000,211500,209000,211000,64348,0,0.9569,0,0
2016-07-26,211000,214000,210000,213500,73431,0,1.1848,0,0
2016-07-27,212000,213500,210500,210500,47794,0,-1.4052,0,0
2016-07-28,210500,213000,206000,209000,108681,0,-0.7126,0,0
2016-07-29,208000,210000,206000,208500,88583,0,-0.2392,0,0
2016-08-01,208500,210000,207500,209500,83923,0,0.4796,0,0
2016-08-02,208500,210500,207000,208000,78018,0,-0.716,0,0
2016-08-03,206500,209000,206000,207500,61051,0,-0.2404,0,0
2016-08-04,208500,217000,207500,216500,151970,0,4.3373,0,0
2016-08-05,216500,223000,214000,223000,209570,0,3.0023,0,0
2016-08-08,223000,225000,221500,225000,102624,0,0.8969,0,0
2016-08-09,224500,227000,222500,226500,112206,0,0.6667,0,0
2016-08-10,224500,225000,221500,222500,85745,0,-1.766,0,0
2016-08-11,221500,224500,221000,224000,84687,0,0.6742,0,0
2016-08-12,224000,230000,223000,226500,114054,0,1.1161,0,0
2016-08-16,226500,228500,225000,226500,75504,0,0.0,0,0
2016-08-17,226500,229500,225500,227500,91425,0,0.4415,0,0
2016-08-18,227500,227500,222000,224000,108006,0,-1.5385,0,0
2016-08-19,222500,223500,214000,214500,205429,0,-4.2411,0,0
2016-08-22,212000,213500,209000,212000,95295,0,-1.1655,0,0
2016-08-23,212000,214500,210500,210500,64021,0,-0.7075,0,0
2016-08-24,210500,216000,210500,214500,60623,0,1.9002,0,0
2016-08-25,214500,217000,211500,214000,84990,0,-0.2331,0,0
2016-08-26,213500,215500,211500,213000,66707,0,-0.4673,0,0
2016-08-29,211500,213500,210000,211500,61167,0,-0.7042,0,0
2016-08-30,211000,213500,210500,211500,61464,0,0.0,0,0
2016-08-31,212500,213000,210000,212000,84126,0,0.2364,0,0
2016-09-01,210500,210500,205500,209500,91738,0,-1.1792,0,0
2016-09-02,209500,210500,207500,208500,52809,0,-0.4773,0,0
2016-09-05,208000,212000,208000,211000,50419,0,1.199,0,0
2016-09-06,210500,212500,210000,212000,58656,0,0.4739,0,0
2016-09-07,211500,219500,211000,218500,164769,0,3.066,0,0
2016-09-08,218500,218500,213000,213500,112565,0,-2.2883,0,0
2016-09-09,212500,214000,209500,212500,62257,0,-0.4684,0,0
2016-09-12,211000,212500,207000,207500,76651,0,-2.3529,0,0
2016-09-13,209500,210500,205500,206000,79194,0,-0.7229,0,0
2016-09-19,206000,210500,204500,207000,99862,0,0.4854,0,0
2016-09-20,208000,209000,205500,208000,85546,0,0.4831,0,0
2016-09-21,205500,209000,205000,208500,58429,0,0.2404,0,0
2016-09-22,209500,211500,208500,209500,79381,0,0.4796,0,0
2016-09-23,212000,214500,209500,214500,96780,0,2.3866,0,0
2016-09-26,214500,214500,210500,212000,50869,0,-1.1655,0,0
2016-09-27,212500,212500,208500,211500,88909,0,-0.2358,0,0
2016-09-28,211500,212000,209000,210000,80699,0,-0.7092,0,0
2016-09-29,211000,213500,210000,211000,81503,0,0.4762,0,0
2016-09-30,209500,212000,208000,212000,68210,0,0.4739,0,0
2016-10-04,212000,212000,208500,210000,78529,0,-0.9434,0,0
2016-10-05,208000,211000,207500,211000,91181,0,0.4762,0,0
2016-10-06,209500,210500,208000,209000,81377,0,-0.9479,0,0
2016-10-07,208000,210000,207000,209500,77451,0,0.2392,0,0
2016-10-10,210500,213000,209000,212000,93353,0,1.1933,0,0
2016-10-11,213500,213500,210500,213500,103792,0,0.7075,0,0
2016-10-12,213500,215500,212000,214500,93120,0,0.4684,0,0
2016-10-13,213500,214000,209500,209500,78066,0,-2.331,0,0
2016-10-14,209500,211500,208500,208500,66912,0,-0.4773,0,0
2016-10-17,211000,221000,210000,219000,241975,0,5.036,0,0
2016-10-18,218500,228500,218500,227500,332130,0,3.8813,0,0
2016-10-19,225500,229000,223500,228500,173255,0,0.4396,0,0
2016-10-20,228500,229000,225000,228000,135593,0,-0.2188,0,0
2016-10-21,228500,229000,226000,228000,126682,0,0.0,0,0
2016-10-24,227500,230500,225500,226500,107264,0,-0.6579,0,0
2016-10-25,226500,227500,222500,224500,73109,0,-0.883,0,0
2016-10-26,223500,225500,220500,222000,106218,0,-1.1136,0,0
2016-10-27,220500,226500,220000,225500,95020,0,1.5766,0,0
2016-10-28,222500,223500,220500,222500,86758,0,-1.3304,0,0
2016-10-31,219500,223500,218000,223500,72091,0,0.4494,0,0
2016-11-01,224000,224000,217500,220000,61047,0,-1.566,0,0
2016-11-02,219500,219500,213500,216500,136368,0,-1.5909,0,0
2016-11-03,214500,225500,214000,223500,128952,0,3.2333,0,0
2016-11-04,224500,230000,222500,229000,173391,0,2.4609,0,0
2016-11-07,231500,231500,226000,230000,95222,0,0.4367,0,0
2016-11-08,228500,233000,228500,232000,96637,0,0.8696,0,0
2016-11-09,233000,233500,222500,230000,132727,0,-0.8621,0,0
2016-11-10,231500,231500,226500,230500,101674,0,0.2174,0,0
2016-11-11,230000,231500,225000,226500,96279,0,-1.7354,0,0
2016-11-14,225000,231000,224000,229500,106724,0,1.3245,0,0
2016-11-15,232500,238500,229000,236000,268383,0,2.8322,0,0
2016-11-16,239500,245000,235000,240000,250560,0,1.6949,0,0
2016-11-17,239000,242500,235000,239500,104378,0,-0.2083,0,0
2016-11-18,237000,239500,234500,234500,86075,0,-2.0877,0,0
2016-11-21,236000,238000,231500,231500,62481,0,-1.2793,0,0
2016-11-22,234000,240000,233500,236500,123114,0,2.1598,0,0
2016-11-23,237000,246500,237000,245000,218381,0,3.5941,0,0
2016-11-24,244000,245000,236500,240500,114854,0,-1.8367,0,0
2016-11-25,242000,242000,235000,239500,74025,0,-0.4158,0,0
2016-11-28,236500,237500,233000,233500,95703,0,-2.5052,0,0
2016-11-29,234000,238000,233500,233500,70355,0,0.0,0,0
2016-11-30,233500,235500,228000,231500,178426,0,-0.8565,0,0
2016-12-01,232000,238000,230500,232000,108440,0,0.216,0,0
2016-12-02,234500,234500,229500,232500,67051,0,0.2155,0,0
2016-12-05,232500,235000,228500,232000,46606,0,-0.2151,0,0
2016-12-06,236000,239000,233000,235000,100049,0,1.2931,0,0
2016-12-07,234000,235000,231000,231500,63609,0,-1.4894,0,0
2016-12-08,234000,240000,232000,240000,122618,0,3.6717,0,0
2016-12-09,237000,240000,233500,235500,78194,0,-1.875,0,0
2016-12-12,237500,237500,233000,235000,71161,0,-0.2123,0,0
2016-12-13,235000,236000,233000,233000,70668,0,-0.8511,0,0
2016-12-14,233500,234500,227500,229000,94522,0,-1.7167,0,0
2016-12-15,227000,230000,226000,227500,90065,0,-0.655,0,0
2016-12-16,228500,232000,227500,228500,104747,0,0.4396,0,0
2016-12-19,229000,230500,225000,225000,66282,0,-1.5317,0,0
2016-12-20,225500,232000,225000,228000,100126,0,1.3333,0,0
2016-12-21,230500,230500,226500,226500,79750,0,-0.6579,0,0
2016-12-22,226500,233000,226500,230500,116112,0,1.766,0,0
2016-12-23,232500,233000,229500,230000,66084,0,-0.2169,0,0
2016-12-26,230000,234000,228500,233500,80551,0,1.5217,0,0
2016-12-27,233000,233500,230000,232500,74941,0,-0.4283,0,0
2016-12-28,230000,232000,228000,228500,69887,0,-1.7204,0,0
2016-12-29,229500,231500,226000,229500,81769,0,0.4376,0,0
2017-01-02,231000,232000,228000,230000,40990,0,0.2179,0,0
2017-01-03,230000,231500,226500,229000,68653,0,-0.4348,0,0
2017-01-04,229000,231500,226500,227000,87451,0,-0.8734,0,0
2017-01-05,227000,234500,227000,233000,136342,0,2.6432,0,0
2017-01-06,233000,236000,231500,232500,59767,0,-0.2146,0,0
2017-01-09,231500,233500,228000,230000,69235,0,-1.0753,0,0
2017-01-10,228500,230500,228500,229500,47770,0,-0.2174,0,0
2017-01-11,228000,232500,228000,231000,83381,0,0.6536,0,0
2017-01-12,231500,235000,230000,230500,105019,0,-0.2165,0,0
2017-01-13,229000,230000,225500,227000,160035,0,-1.5184,0,0
2017-01-16,227000,228500,224000,224500,130587,0,-1.1013,0,0
2017-01-17,225000,225500,216000,218000,227068,0,-2.8953,0,0
2017-01-18,218500,220000,215000,216500,153638,0,-0.6881,0,0
2017-01-19,219500,222500,216000,218000,175575,0,0.6928,0,0
2017-01-20,218000,218000,212500,213500,150230,0,-2.0642,0,0
2017-01-23,212000,215000,211500,212000,160895,0,-0.7026,0,0
2017-01-24,214000,219500,214000,216000,206173,0,1.8868,0,0
2017-01-25,214500,218000,211000,213000,161605,0,-1.3889,0,0
2017-01-26,214000,222000,211500,219000,143375,0,2.8169,0,0
2017-01-31,219000,221000,216500,216500,100813,0,-1.1416,0,0
2017-02-01,216500,221000,216500,219500,105214,0,1.3857,0,0
2017-02-02,218500,225000,218000,223000,132773,0,1.5945,0,0
2017-02-03,223500,224000,219500,221000,109484,0,-0.8969,0,0
2017-02-06,224500,229000,222000,225500,143118,0,2.0362,0,0
2017-02-07,227000,227000,223500,225000,100351,0,-0.2217,0,0
2017-02-08,223500,227000,222000,226000,84324,0,0.4444,0,0
2017-02-09,226000,227500,223000,226500,55795,0,0.2212,0,0
2017-02-10,227500,227500,222500,224000,107940,0,-1.1038,0,0
2017-02-13,223500,225000,222500,225000,63070,0,0.4464,0,0
2017-02-14,225000,225000,221000,224000,99440,0,-0.4444,0,0
2017-02-15,222500,227000,222500,226500,79053,0,1.1161,0,0
2017-02-16,227500,228500,223000,225500,68585,0,-0.4415,0,0
2017-02-17,223000,225000,219000,220500,111520,0,-2.2173,0,0
2017-02-20,220000,220500,216500,218500,89786,0,-0.907,0,0
2017-02-21,218000,221000,217500,219000,125364,0,0.2288,0,0
2017-02-22,218500,220000,216000,217000,127057,0,-0.9132,0,0
2017-02-23,218000,219500,216000,217500,138708,0,0.2304,0,0
2017-02-24,217000,218000,214000,216000,130901,0,-0.6897,0,0
2017-02-27,216500,220000,215000,216000,113363,0,0.0,0,0
2017-02-28,218000,221500,218000,218000,184547,0,0.9259,0,0
2017-03-02,218000,220000,213000,215500,199294,0,-1.1468,0,0
2017-03-03,214500,217000,213500,217000,117787,0,0.6961,0,0
2017-03-06,215500,217000,213000,214500,67172,0,-1.1521,0,0
2017-03-07,215000,217000,214500,215500,111090,0,0.4662,0,0
2017-03-08,215000,217500,214000,215500,85586,0,0.0,0,0
2017-03-09,215000,220500,215000,217500,193222,0,0.9281,0,0
2017-03-10,218000,224000,216500,223000,208171,0,2.5287,0,0
2017-03-13,223000,226000,222000,225000,139204,0,0.8969,0,0
2017-03-14,225000,228500,225000,226500,161715,0,0.6667,0,0
2017-03-15,228000,234500,224500,233000,190518,0,2.8698,0,0
2017-03-16,235000,235500,230000,232500,133188,0,-0.2146,0,0
2017-03-17,233000,235000,230000,233000,138826,0,0.2151,0,0
2017-03-20,230000,232000,228500,231000,66041,0,-0.8584,0,0
2017-03-21,233000,233000,229500,232500,131984,0,0.6494,0,0
2017-03-22,231500,234000,230000,233000,89637,0,0.2151,0,0
2017-03-23,235000,238000,232500,236000,99745,0,1.2876,0,0
2017-03-24,236500,236500,229000,232000,90228,0,-1.6949,0,0
2017-03-27,230000,231000,227500,229000,64136,0,-1.2931,0,0
2017-03-28,231000,239000,230500,237000,189917,0,3.4934,0,0
2017-03-29,237500,242000,235500,242000,173085,0,2.1097,0,0
2017-03-30,242000,242000,239000,240000,65076,0,-0.8264,0,0
2017-03-31,240000,244500,239000,243500,146277,0,1.4583,0,0
2017-04-03,245000,246000,240500,243000,65626,0,-0.2053,0,0
2017-04-04,240500,242000,237500,238000,83528,0,-2.0576,0,0
2017-04-05,238000,239500,234000,235500,103381,0,-1.0504,0,0
2017-04-06,235500,235500,230500,235500,125969,0,0.0,0,0
2017-04-07,235000,237000,231500,236500,88994,0,0.4246,0,0
2017-04-10,235500,236500,229500,232000,78462,0,-1.9027,0,0
2017-04-11,230000,235000,229500,231500,78867,0,-0.2155,0,0
2017-04-12,230500,231500,228500,229500,69438,0,-0.8639,0,0
2017-04-13,231500,234500,229500,234500,70558,0,2.1786,0,0
2017-04-14,232500,233000,228500,229500,68192,0,-2.1322,0,0
2017-04-17,229000,232000,229000,231500,45985,0,0.8715,0,0
2017-04-18,233500,236000,232000,233000,77158,0,0.6479,0,0
2017-04-19,231000,235500,231000,233000,55250,0,0.0,0,0
2017-04-20,233000,241000,232000,239000,144127,0,2.5751,0,0
2017-04-21,240000,241000,237500,240000,87215,0,0.4184,0,0
2017-04-24,241500,245000,239000,241000,87888,0,0.4167,0,0
2017-04-25,238500,248000,238500,247000,179124,0,2.4896,0,0
2017-04-26,245500,250500,245500,248000,119502,0,0.4049,0,0
2017-04-27,248500,250000,243500,245000,88957,0,-1.2097,0,0
2017-04-28,240500,245000,240500,242500,93734,0,-1.0204,0,0
2017-05-02,243000,248000,241000,245000,80878,0,1.0309,0,0
2017-05-04,243000,248500,243000,248500,71234,0,1.4286,0,0
2017-05-08,250500,250500,242500,250000,107860,0,0.6036,0,0
2017-05-10,255000,257000,245000,245500,165472,0,-1.8,0,0
2017-05-11,247500,247500,243000,246000,177361,0,0.2037,0,0
2017-05-12,246000,251500,244000,250500,173904,0,1.8293,0,0
2017-05-15,251000,254500,248500,249000,161145,0,-0.5988,0,0
2017-05-16,250000,256500,246500,255500,555720,0,2.6104,0,0
2017-05-17,256000,264500,255000,261500,326616,0,2.3483,0,0
2017-05-18,258500,264500,255500,262000,205460,0,0.1912,0,0
2017-05-19,261000,268000,261000,266000,158433,0,1.5267,0,0
2017-05-22,269500,270000,262500,265500,168990,0,-0.188,0,0
2017-05-23,265000,273500,263500,271000,233054,0,2.0716,0,0
2017-05-24,273000,275000,267500,270000,219859,0,-0.369,0,0
2017-05-25,273000,280500,269000,280500,250433,0,3.8889,0,0
2017-05-26,280500,281500,274000,274500,271968,0,-2.139,0,0
2017-05-29,276500,285500,274000,280000,282786,0,2.0036,0,0
2017-05-30,281000,283000,272000,273000,252828,0,-2.5,0,0
2017-05-31,272500,279000,271000,273500,1473645,0,0.1832,0,0
2017-06-01,275000,287500,270500,285000,393625,0,4.2048,0,0
2017-06-02,285000,288500,281500,287500,174227,0,0.8772,0,0
2017-06-05,287500,288000,282500,284000,145537,0,-1.2174,0,0
2017-06-07,280500,286000,280000,280500,179953,0,-1.2324,0,0
2017-06-08,284000,284500,274000,279500,277279,0,-0.3565,0,0
2017-06-09,280500,283500,277000,283000,178403,0,1.2522,0,0
2017-06-12,279500,280000,274000,275000,147551,0,-2.8269,0,0
2017-06-13,276000,278500,273000,277000,130576,0,0.7273,0,0
2017-06-14,276500,280500,273000,275500,171641,0,-0.5415,0,0
2017-06-15,273500,275500,261000,268000,312410,0,-2.7223,0,0
2017-06-16,269000,270500,266000,269500,132200,0,0.5597,0,0
2017-06-19,271000,277500,268500,274500,159445,0,1.8553,0,0
2017-06-20,273500,280000,272000,274500,124917,0,0.0,0,0
2017-06-21,275000,277000,268000,274500,125113,0,0.0,0,0
2017-06-22,274000,286000,270000,285000,192009,0,3.8251,0,0
2017-06-23,285000,286500,277000,277500,136498,0,-2.6316,0,0
2017-06-26,277500,281500,277000,279000,83879,0,0.5405,0,0
2017-06-27,277500,282500,275500,279000,103448,0,0.0,0,0
2017-06-28,279000,283000,277500,280500,79650,0,0.5376,0,0
2017-06-29,281500,282500,274000,274000,110516,0,-2.3173,0,0
2017-06-30,274500,280000,274000,278000,96692,0,1.4599,0,0
2017-07-03,282000,284000,279000,282000,105514,0,1.4388,0,0
2017-07-04,281500,281500,274000,276500,90777,0,-1.9504,0,0
2017-07-05,276500,278000,274500,277500,68689,0,0.3617,0,0
2017-07-06,277500,280000,271000,276500,83714,0,-0.3604,0,0
2017-07-07,271000,276000,268000,269000,109866,0,-2.7125,0,0
2017-07-10,268500,273000,268000,271000,71014,0,0.7435,0,0
2017-07-11,270000,272000,265000,269000,106647,0,-0.738,0,0
2017-07-12,268000,270500,265000,267500,80821,0,-0.5576,0,0
2017-07-13,270000,271500,267000,267000,104143,0,-0.1869,0,0
2017-07-14,267500,277000,267500,275500,137634,0,3.1835,0,0
2017-07-17,278000,278000,273500,273500,84799,0,-0.726,0,0
2017-07-18,276000,276000,271500,273000,51545,0,-0.1828,0,0
2017-07-19,275000,277500,271500,273500,80427,0,0.1832,0,0
2017-07-20,276000,276000,271500,276000,88502,0,0.9141,0,0
2017-07-21,275500,283000,274000,281500,167102,0,1.9928,0,0
2017-07-24,282000,282000,276000,280500,87344,0,-0.3552,0,0
2017-07-25,281000,281000,276000,278000,89431,0,-0.8913,0,0
2017-07-26,279500,280000,264500,267000,184515,0,-3.9568,0,0
2017-07-27,269000,274000,268000,273000,88198,0,2.2472,0,0
2017-07-28,270000,273500,267000,267000,95325,0,-2.1978,0,0
2017-07-31,263500,271500,263000,271500,68634,0,1.6854,0,0
2017-08-01,269500,276000,269500,273500,94478,0,0.7366,0,0
2017-08-02,273500,276000,269000,270500,93949,0,-1.0969,0,0
2017-08-03,269500,270500,261500,262500,138993,0,-2.9575,0,0
2017-08-04,261000,271000,261000,269000,143041,0,2.4762,0,0
2017-08-07,275500,282000,275000,275000,190277,0,2.2305,0,0
2017-08-08,277500,280000,274000,277500,98088,0,0.9091,0,0
2017-08-09,274500,275500,271500,274000,89080,0,-1.2613,0,0
2017-08-10,270000,277000,270000,273500,100112,0,-0.1825,0,0
2017-08-11,270000,274000,268500,270500,88111,0,-1.0969,0,0
2017-08-14,271500,273500,270500,271500,76613,0,0.3697,0,0
2017-08-16,278000,279000,271000,273500,115319,0,0.7366,0,0
2017-08-17,271000,273000,268000,270000,109373,0,-1.2797,0,0
2017-08-18,267500,270000,267000,269000,85374,0,-0.3704,0,0
2017-08-21,268000,269000,263500,265000,109689,0,-1.487,0,0
2017-08-22,265000,268500,265000,268000,77031,0,1.1321,0,0
2017-08-23,267000,270000,263000,264500,93475,0,-1.306,0,0
2017-08-24,264500,271000,264500,270000,86109,0,2.0794,0,0
2017-08-25,271000,271500,268500,268500,76673,0,-0.5556,0,0
2017-08-28,267500,269500,264500,267500,84394,0,-0.3724,0,0
2017-08-29,268000,268500,264500,268000,66002,0,0.1869,0,0
2017-08-30,268000,270000,265500,270000,86712,0,0.7463,0,0
2017-08-31,271500,279000,267000,267500,129053,0,-0.9259,0,0
2017-09-01,269000,272500,266000,270500,83043,0,1.1215,0,0
2017-09-04,265000,267000,262500,262500,145061,0,-2.9575,0,0
2017-09-05,263500,264000,258000,262500,145736,0,0.0,0,0
2017-09-06,263000,263000,259000,259500,85453,0,-1.1429,0,0
2017-09-07,258500,260000,255500,258500,128598,0,-0.3854,0,0
2017-09-08,258000,264500,255000,261000,90486,0,0.9671,0,0
2017-09-11,263500,264500,261500,262500,58381,0,0.5747,0,0
2017-09-12,264500,266500,263000,266000,68617,0,1.3333,0,0
2017-09-13,265000,266500,262000,263000,80506,0,-1.1278,0,0
2017-09-14,263000,264500,259500,261000,109592,0,-0.7605,0,0
2017-09-15,259500,263000,257500,263000,123397,0,0.7663,0,0
2017-09-18,261500,273000,261500,272500,137563,0,3.6122,0,0
2017-09-19,275000,275500,268500,270500,82675,0,-0.7339,0,0
2017-09-20,270000,272500,265000,270500,90308,0,0.0,0,0
2017-09-21,269000,271500,266000,269500,79931,0,-0.3697,0,0
2017-09-22,268000,270500,265000,270000,100717,0,0.1855,0,0
2017-09-25,270000,276000,267500,272000,138585,0,0.7407,0,0
2017-09-26,274000,279500,270500,279000,136258,0,2.5735,0,0
2017-09-27,282000,289000,279500,287000,231975,0,2.8674,0,0
2017-09-28,289500,291500,284000,287500,191601,0,0.1742,0,0
2017-09-29,288500,289500,287000,288000,97190,0,0.1739,0,0
2017-10-10,288500,300500,285500,300500,193764,0,4.3403,0,0
2017-10-11,298000,299000,293000,296500,146936,0,-1.3311,0,0
2017-10-12,299500,308500,299000,303000,207992,0,2.1922,0,0
2017-10-13,303000,312500,301500,307000,131717,0,1.3201,0,0
2017-10-16,307000,310000,300500,305000,123090,0,-0.6515,0,0
2017-10-17,303500,305000,296000,302000,117679,0,-0.9836,0,0
2017-10-18,300000,304500,298000,302500,87200,0,0.1656,0,0
2017-10-19,302500,305000,293500,296500,147513,0,-1.9835,0,0
2017-10-20,294000,299000,294000,296500,95490,0,0.0,0,0
2017-10-23,295000,300500,293000,300000,74648,0,1.1804,0,0
2017-10-24,302000,302000,298000,299000,69639,0,-0.3333,0,0
2017-10-25,297000,299500,294000,298500,86625,0,-0.1672,0,0
2017-10-26,297000,298500,291500,292000,111370,0,-2.1776,0,0
2017-10-27,291500,292000,285000,287500,220776,0,-1.5411,0,0
2017-10-30,287500,292500,285000,289000,83756,0,0.5217,0,0
2017-10-31,288000,291000,284500,289500,141023,0,0.173,0,0
2017-11-01,286500,297000,285000,296000,145270,0,2.2453,0,0
2017-11-02,297500,297500,291000,292000,72858,0,-1.3514,0,0
2017-11-03,293000,295000,288000,291000,63163,0,-0.3425,0,0
2017-11-06,290000,291500,285500,287000,76355,0,-1.3746,0,0
2017-11-07,285500,288500,285500,288500,81006,0,0.5226,0,0
2017-11-08,288500,288500,283000,286000,147132,0,-0.8666,0,0
2017-11-09,288500,288500,284000,286000,101019,0,0.0,0,0
2017-11-10,285000,288500,282500,288000,79627,0,0.6993,0,0
2017-11-13,286500,289000,280500,281500,96250,0,-2.2569,0,0
2017-11-14,280000,288500,280000,286500,102050,0,1.7762,0,0
2017-11-15,288500,300500,283500,295000,198599,0,2.9668,0,0
2017-11-16,296500,303500,295000,297000,133902,0,0.678,0,0
2017-11-17,296000,301000,295500,300000,132905,0,1.0101,0,0
2017-11-20,300500,302000,295500,298000,97766,0,-0.6667,0,0
2017-11-21,297000,297500,292500,296000,79903,0,-0.6711,0,0
2017-11-22,295000,300500,293000,295500,82705,0,-0.1689,0,0
2017-11-23,297500,303000,297500,300000,116176,0,1.5228,0,0
2017-11-24,298000,299500,296500,298500,49445,0,-0.5,0,0
2017-11-27,298000,299500,292000,297000,102754,0,-0.5025,0,0
2017-11-28,297000,304500,295000,297000,85899,0,0.0,0,0
2017-11-29,297500,301500,296500,299500,72120,0,0.8418,0,0
2017-11-30,303000,303000,292000,292000,138494,0,-2.5042,0,0
2017-12-01,292000,293500,287500,291500,88464,0,-0.1712,0,0
2017-12-04,291500,298000,291000,297500,96630,0,2.0583,0,0
2017-12-05,297000,300000,296000,298000,61929,0,0.1681,0,0
2017-12-06,299000,299500,295000,296500,82969,0,-0.5034,0,0
2017-12-07,296500,299000,295500,298500,101326,0,0.6745,0,0
2017-12-08,298500,299500,294500,295500,80610,0,-1.005,0,0
2017-12-11,294000,295000,287000,288000,108283,0,-2.5381,0,0
2017-12-12,288000,289000,282000,285500,94131,0,-0.8681,0,0
2017-12-13,284000,288500,283500,286000,111223,0,0.1751,0,0
2017-12-14,289500,294000,287000,287000,240282,0,0.3497,0,0
2017-12-15,286500,287500,270000,284000,421115,0,-1.0453,0,0
2017-12-18,283000,285500,277500,279500,101518,0,-1.5845,0,0
2017-12-19,280000,283500,277000,278500,70559,0,-0.3578,0,0
2017-12-20,278000,288000,277500,285000,140686,0,2.3339,0,0
2017-12-21,282000,283500,276000,278500,112164,0,-2.2807,0,0
2017-12-22,281000,281500,277500,278500,75010,0,0.0,0,0
2017-12-26,281000,282000,277500,279500,135083,0,0.3591,0,0
2017-12-27,275000,279000,274000,279000,71390,0,-0.1789,0,0
2017-12-28,281000,284000,276000,283000,93028,0,1.4337,0,0
2018-01-02,283000,284500,279000,283000,72788,0,0.0,0,0
2018-01-03,277000,282000,277000,280000,85200,0,-1.0601,0,0
2018-01-04,282000,284500,278000,281000,90041,0,0.3571,0,0
2018-01-05,281500,289000,279500,288500,106137,0,2.669,0,0
2018-01-08,291500,291500,284000,288500,92007,0,0.0,0,0
2018-01-09,287500,297000,287000,291500,97786,0,1.0399,0,0
2018-01-10,291000,295500,290000,291000,88898,0,-0.1715,0,0
2018-01-11,291500,292500,285500,285500,121745,0,-1.89,0,0
2018-01-12,287000,289500,283000,288500,92494,0,1.0508,0,0
2018-01-15,287500,288500,284000,287000,64716,0,-0.5199,0,0
2018-01-16,285500,291000,285000,290500,81662,0,1.2195,0,0
2018-01-17,289500,292500,287500,288500,90848,0,-0.6885,0,0
2018-01-18,287500,298000,287000,296000,112308,0,2.5997,0,0
2018-01-19,293000,297000,292500,295500,66906,0,-0.1689,0,0
2018-01-22,296000,297000,290500,296000,60116,0,0.1692,0,0
2018-01-23,296000,302500,294000,302500,120671,0,2.1959,0,0
2018-01-24,301500,305000,300500,305000,87726,0,0.8264,0,0
2018-01-25,306000,321500,305500,319500,210974,0,4.7541,0,0
2018-01-26,318500,326000,318500,324000,148777,0,1.4085,0,0
2018-01-29,327000,330500,321500,328500,128701,0,1.3889,0,0
2018-01-30,331000,331000,320000,320500,130618,0,-2.4353,0,0
2018-01-31,319000,321000,314000,318500,110463,0,-0.624,0,0
2018-02-01,315500,325000,315500,318500,94747,0,0.0,0,0
2018-02-02,317000,320000,310000,313500,95989,0,-1.5699,0,0
2018-02-05,313500,314000,304000,307500,110130,0,-1.9139,0,0
2018-02-06,303000,307000,291500,299000,167513,0,-2.7642,0,0
2018-02-07,301500,301500,287500,289000,124800,0,-3.3445,0,0
2018-02-08,288000,298500,288000,294000,143887,0,1.7301,0,0
2018-02-09,287000,292000,283500,287000,163039,0,-2.381,0,0
2018-02-12,288000,291000,285500,289000,76372,0,0.6969,0,0
2018-02-13,289500,297500,288000,291000,92133,0,0.692,0,0
2018-02-14,291500,294000,288000,290500,72070,0,-0.1718,0,0
2018-02-19,296000,298000,292000,295000,57534,0,1.5491,0,0
2018-02-20,292000,296500,291000,292000,61471,0,-1.0169,0,0
2018-02-21,292000,292000,286500,288000,113556,0,-1.3699,0,0
2018-02-22,285500,287000,280000,283000,91573,0,-1.7361,0,0
2018-02-23,285500,292500,283500,291500,88827,0,3.0035,0,0
2018-02-26,295000,295500,288000,290000,72541,0,-0.5146,0,0
2018-02-27,291000,301500,290500,292500,134836,0,0.8621,0,0
2018-02-28,291000,293500,284500,284500,177420,0,-2.735,0,0
2018-03-02,280000,282000,276500,279500,97152,0,-1.7575,0,0
2018-03-05,279000,285000,277000,280000,56440,0,0.1789,0,0
2018-03-06,287500,300000,287000,295500,178629,0,5.5357,0,0
2018-03-07,292000,298500,291500,293500,91451,0,-0.6768,0,0
2018-03-08,293000,298000,291000,296000,110292,0,0.8518,0,0
2018-03-09,296500,306000,294000,302000,99042,0,2.027,0,0
2018-03-12,304500,307500,301500,303000,80947,0,0.3311,0,0
2018-03-13,298000,309500,296000,307000,107671,0,1.3201,0,0
2018-03-14,305000,312500,302500,312000,86395,0,1.6287,0,0
2018-03-15,312000,312000,304000,306000,106887,0,-1.9231,0,0
2018-03-16,306500,313500,305500,313500,138731,0,2.451,0,0
2018-03-19,313500,314000,307000,309500,67622,0,-1.2759,0,0
2018-03-20,305000,310000,305000,310000,50449,0,0.1616,0,0
2018-03-21,310500,311500,302000,308000,90224,0,-0.6452,0,0
2018-03-22,306000,310000,303500,307000,80700,0,-0.3247,0,0
2018-03-23,300000,301000,292500,295500,111113,0,-3.7459,0,0
2018-03-26,294500,297500,288500,296500,85904,0,0.3384,0,0
2018-03-27,300500,301500,295500,298000,66898,0,0.5059,0,0
2018-03-28,295500,297000,291000,295000,60993,0,-1.0067,0,0
2018-03-29,293000,298500,291000,298500,101072,0,1.1864,0,0
2018-03-30,301500,301500,295000,296000,62201,0,-0.8375,0,0
2018-04-02,293000,297500,291500,292500,57126,0,-1.1824,0,0
2018-04-03,292000,294000,288500,293000,82384,0,0.1709,0,0
2018-04-04,293000,293500,284000,286000,104689,0,-2.3891,0,0
2018-04-05,288000,291000,287000,290500,53916,0,1.5734,0,0
2018-04-06,288000,290000,285500,289500,85418,0,-0.3442,0,0
2018-04-09,286000,289000,285000,288000,68720,0,-0.5181,0,0
2018-04-10,285500,292500,282500,291000,90039,0,1.0417,0,0
2018-04-11,289000,293500,288000,293500,84246,0,0.8591,0,0
2018-04-12,292500,295500,292000,292000,128502,0,-0.5111,0,0
2018-04-13,291500,295000,289500,293500,77971,0,0.5137,0,0
2018-04-16,295500,295500,290500,292000,69115,0,-0.5111,0,0
2018-04-17,291000,293000,288500,290500,64643,0,-0.5137,0,0
2018-04-18,290500,293000,290000,293000,98068,0,0.8606,0,0
2018-04-19,291500,294500,290500,293000,91107,0,0.0,0,0
2018-04-20,296500,297000,293000,294000,166532,0,0.3413,0,0
2018-04-23,293500,296000,293000,295500,64616,0,0.5102,0,0
2018-04-24,296500,296500,291000,293000,83621,0,-0.846,0,0
2018-04-25,293500,293500,290500,293500,118096,0,0.1706,0,0
2018-04-26,293000,299500,290500,295500,93179,0,0.6814,0,0
2018-04-27,294500,296500,293500,294500,82046,0,-0.3384,0,0
2018-04-30,294500,296500,292000,294000,81983,0,-0.1698,0,0
2018-05-02,298000,305000,298000,303500,171045,0,3.2313,0,0
2018-05-03,304000,305500,299000,301000,128674,0,-0.8237,0,0
2018-05-04,297500,301500,296000,299000,118570,0,-0.6645,0,0
2018-05-08,300500,301000,296000,299000,135072,0,0.0,0,0
2018-05-09,300000,300000,295500,295500,110530,0,-1.1706,0,0
2018-05-10,295500,299500,294500,297000,137280,0,0.5076,0,0
2018-05-11,297000,305500,297000,304000,89460,0,2.3569,0,0
2018-05-14,302000,306000,301000,302500,95126,0,-0.4934,0,0
2018-05-15,300000,302500,298500,301500,64208,0,-0.3306,0,0
2018-05-16,300500,305000,300000,303000,63431,0,0.4975,0,0
2018-05-17,304500,304500,299000,300000,96461,0,-0.9901,0,0
2018-05-18,300000,303000,299500,303000,59868,0,1.0,0,0
2018-05-21,303000,305000,300500,303500,72179,0,0.165,0,0
2018-05-23,300000,303000,299500,301500,78550,0,-0.659,0,0
2018-05-24,301500,302500,299000,300500,53594,0,-0.3317,0,0
2018-05-25,300500,300500,296500,298500,125899,0,-0.6656,0,0
2018-05-28,298000,300000,295500,298000,81890,0,-0.1675,0,0
2018-05-29,297000,297500,288000,288000,131220,0,-3.3557,0,0
2018-05-30,285500,286500,276000,279000,174620,0,-3.125,0,0
2018-05-31,281500,282500,273500,277000,245029,0,-0.7168,0,0
2018-06-01,277500,284000,277000,279500,97401,0,0.9025,0,0
2018-06-04,280500,282500,277500,280000,71524,0,0.1789,0,0
2018-06-05,278500,280000,271500,276500,146074,0,-1.25,0,0
2018-06-07,278000,283500,278000,283500,96133,0,2.5316,0,0
2018-06-08,282000,287500,280500,283000,80222,0,-0.1764,0,0
2018-06-11,282000,284500,280500,283500,120601,0,0.1767,0,0
2018-06-12,285500,288000,280500,282000,113199,0,-0.5291,0,0
2018-06-14,282500,284000,273500,274500,173041,0,-2.6596,0,0
2018-06-15,275000,276000,266000,269000,226904,0,-2.0036,0,0
2018-06-18,268500,269500,263000,265500,113650,0,-1.3011,0,0
2018-06-19,265500,270500,262000,263000,87546,0,-0.9416,0,0
2018-06-20,264500,266000,260500,263500,113413,0,0.1901,0,0
2018-06-21,263500,265000,257500,257500,99498,0,-2.277,0,0
2018-06-22,252500,257500,251500,257000,139679,0,-0.1942,0,0
2018-06-25,255500,258500,253000,258500,102975,0,0.5837,0,0
2018-06-26,256000,258500,254500,257500,74474,0,-0.3868,0,0
2018-06-27,255500,260000,255500,258500,78122,0,0.3883,0,0
2018-06-28,258500,258500,253500,256500,73347,0,-0.7737,0,0
2018-06-29,258500,260000,255000,259000,84772,0,0.9747,0,0
2018-07-02,256000,259000,251000,251500,115146,0,-2.8958,0,0
2018-07-03,252000,253500,246500,249000,117929,0,-0.994,0,0
2018-07-04,246500,252000,246500,249000,57096,0,0.0,0,0
2018-07-05,248000,252500,248000,251000,50918,0,0.8032,0,0
2018-07-06,250000,258500,249500,257000,92077,0,2.3904,0,0
2018-07-09,254500,262500,254000,261000,92580,0,1.5564,0,0
2018-07-10,260500,264500,260000,262500,78578,0,0.5747,0,0
2018-07-11,258500,265500,258500,263500,81775,0,0.381,0,0
2018-07-12,266000,273000,261500,269000,160770,0,2.0873,0,0
2018-07-13,273500,280000,271000,273500,170795,0,1.6729,0,0
2018-07-16,270500,273000,267000,268500,82212,0,-1.8282,0,0
2018-07-17,268500,271000,264000,271000,69206,0,0.9311,0,0
2018-07-18,270000,271000,268500,269000,41067,0,-0.738,0,0
2018-07-19,271500,272500,267500,268500,56405,0,-0.1859,0,0
2018-07-20,268000,275000,267000,272000,63310,0,1.3035,0,0
2018-07-23,273000,274000,268500,272500,71137,0,0.1838,0,0
2018-07-24,273000,274500,271000,274000,64061,0,0.5505,0,0
2018-07-25,258000,267000,257000,260000,301800,0,-5.1095,0,0
2018-07-26,261500,265000,254000,263500,128819,0,1.3462,0,0
2018-07-27,264000,268000,261000,267500,62360,0,1.518,0,0
2018-07-30,265500,265500,260000,263500,65561,0,-1.4953,0,0
2018-07-31,263500,264000,260500,263500,72791,0,0.0,0,0
2018-08-01,262500,265000,261500,263000,66983,0,-0.1898,0,0
2018-08-02,263000,264000,256000,258000,54644,0,-1.9011,0,0
2018-08-03,257000,258500,255500,256500,72913,0,-0.5814,0,0
2018-08-06,256000,262500,256000,262000,66714,0,2.1442,0,0
2018-08-07,259000,264000,258500,264000,46309,0,0.7634,0,0
2018-08-08,259500,260000,256000,256500,162254,0,-2.8409,0,0
2018-08-09,257500,259000,256000,256000,69651,0,-0.1949,0,0
2018-08-10,256500,257500,254500,256500,69515,0,0.1953,0,0
2018-08-13,254000,256500,250500,255000,50825,0,-0.5848,0,0
2018-08-14,255000,259500,253000,259000,60920,0,1.5686,0,0
2018-08-16,259000,260500,254000,260500,88026,0,0.5792,0,0
2018-08-17,262000,262500,259000,262000,59644,0,0.5758,0,0
2018-08-20,264500,264500,260000,262000,50079,0,0.0,0,0
2018-08-21,261500,270000,260000,268500,81418,0,2.4809,0,0
2018-08-22,268500,268500,259500,260500,101850,0,-2.9795,0,0
2018-08-23,262000,264000,260500,263500,67021,0,1.1516,0,0
2018-08-24,262500,264500,261500,264500,44600,0,0.3795,0,0
2018-08-27,266500,267500,263000,266000,46522,0,0.5671,0,0
2018-08-28,265500,266500,262000,263000,63141,0,-1.1278,0,0
2018-08-29,261500,263500,258000,259500,88992,0,-1.3308,0,0
2018-08-30,260000,260500,255500,257500,84510,0,-0.7707,0,0
2018-08-31,257500,263000,256500,263000,80553,0,2.1359,0,0
2018-09-03,261500,263000,258000,261000,39235,0,-0.7605,0,0
2018-09-04,260000,263500,259000,262500,48413,0,0.5747,0,0
2018-09-05,262000,264500,259000,260000,57614,0,-0.9524,0,0
2018-09-06,261000,266500,260500,266000,78891,0,2.3077,0,0
2018-09-07,266000,266500,263000,266500,55014,0,0.188,0,0
2018-09-10,263500,268000,263000,267000,44709,0,0.1876,0,0
2018-09-11,265000,269000,262500,267000,57790,0,0.0,0,0
2018-09-12,268000,270000,265500,269500,66661,0,0.9363,0,0
2018-09-13,273000,279000,271500,278000,142620,0,3.154,0,0
2018-09-14,281000,281500,276500,280500,86977,0,0.8993,0,0
2018-09-17,277500,282000,277500,281500,55633,0,0.3565,0,0
2018-09-18,278000,281000,277000,280500,81948,0,-0.3552,0,0
2018-09-19,278000,280000,277000,279500,66245,0,-0.3565,0,0
2018-09-20,277000,281500,277000,279500,87157,0,0.0,0,0
2018-09-21,283000,286500,279500,285500,112999,0,2.1467,0,0
2018-09-27,278000,284500,277000,282500,99396,0,-1.0508,0,0
2018-09-28,284000,288500,281000,287000,79736,0,1.5929,0,0
2018-10-01,285500,288500,284000,285500,48148,0,-0.5226,0,0
2018-10-02,283000,289000,283000,284000,50923,0,-0.5254,0,0
2018-10-04,285000,286000,281500,283000,94156,0,-0.3521,0,0
2018-10-05,285500,293500,284500,290500,163318,0,2.6502,0,0
2018-10-08,290500,293000,287000,287500,69204,0,-1.0327,0,0
2018-10-10,283500,285500,281000,285500,120187,0,-0.6957,0,0
2018-10-11,278000,280000,268500,268500,147543,0,-5.9545,0,0
2018-10-12,269500,271000,263500,270500,81783,0,0.7449,0,0
2018-10-15,267500,268500,263000,265000,79943,0,-2.0333,0,0
2018-10-16,267500,271500,264000,271000,54532,0,2.2642,0,0
2018-10-17,276500,277000,270000,271500,49641,0,0.1845,0,0
2018-10-18,269500,273000,265500,269000,51062,0,-0.9208,0,0
2018-10-19,265000,271000,264500,269500,47532,0,0.1859,0,0
2018-10-22,266500,269500,264000,268000,64252,0,-0.5566,0,0
2018-10-23,265500,268500,258500,259500,73047,0,-3.1716,0,0
2018-10-24,263500,265000,260000,263500,84909,0,1.5414,0,0
2018-10-25,262500,266500,260000,264000,118165,0,0.1898,0,0
2018-10-26,262000,265500,256000,259500,75971,0,-1.7045,0,0
2018-10-29,260500,263500,257000,258500,77697,0,-0.3854,0,0
2018-10-30,258500,262000,253500,256500,76220,0,-0.7737,0,0
2018-10-31,255500,262500,251500,261500,90509,0,1.9493,0,0
2018-11-01,259500,262000,255500,255500,56568,0,-2.2945,0,0
2018-11-02,256500,263000,255000,262000,92118,0,2.544,0,0
2018-11-05,259000,260500,253000,256000,66837,0,-2.2901,0,0
2018-11-06,257000,259000,254500,258500,56162,0,0.9766,0,0
2018-11-07,258000,269000,257000,266000,104392,0,2.9014,0,0
2018-11-08,269500,273000,265000,265000,127135,0,-0.3759,0,0
2018-11-09,264500,267000,261000,262000,65516,0,-1.1321,0,0
2018-11-12,261500,274000,260500,273500,87713,0,4.3893,0,0
2018-11-13,273000,273000,264000,271500,88828,0,-0.7313,0,0
2018-11-14,271000,271500,265500,269500,72523,0,-0.7366,0,0
2018-11-15,267000,274500,267000,274500,45504,0,1.8553,0,0
2018-11-16,273000,276000,269500,273500,64050,0,-0.3643,0,0
2018-11-19,273000,280000,272000,280000,72891,0,2.3766,0,0
2018-11-20,278000,281000,276500,280500,88875,0,0.1786,0,0
2018-11-21,278000,279500,273000,273500,78163,0,-2.4955,0,0
2018-11-22,273000,274500,269500,272000,61570,0,-0.5484,0,0
2018-11-23,271000,272500,266500,270500,42001,0,-0.5515,0,0
2018-11-26,279500,279500,266000,270000,101139,0,-0.1848,0,0
2018-11-27,271000,273000,266500,273000,133230,0,1.1111,0,0
2018-11-28,273500,278000,269500,277000,82620,0,1.4652,0,0
2018-11-29,281500,287000,279500,281000,112231,0,1.444,0,0
2018-11-30,282500,284500,280000,281500,99474,0,0.1779,0,0
2018-12-03,282000,284000,278500,281000,73460,0,-0.1776,0,0
2018-12-04,279500,281000,274000,277000,88928,0,-1.4235,0,0
2018-12-05,272500,277000,271500,274000,63654,0,-1.083,0,0
2018-12-06,275500,276000,271500,275000,75158,0,0.365,0,0
2018-12-07,276000,276000,265500,268500,99172,0,-2.3636,0,0
2018-12-10,264000,272000,264000,272000,79953,0,1.3035,0,0
2018-12-11,272000,278000,271000,273000,60740,0,0.3676,0,0
2018-12-12,277000,277000,270000,273000,80200,0,0.0,0,0
2018-12-13,272000,277000,271000,274500,158152,0,0.5495,0,0
2018-12-14,277000,278000,270500,275000,77003,0,0.1821,0,0
2018-12-17,276500,281500,272000,275000,110312,0,0.0,0,0
2018-12-18,274500,275500,268000,271000,81575,0,-1.4545,0,0
2018-12-19,271500,272500,268500,271500,84946,0,0.1845,0,0
2018-12-20,271000,271000,261500,265500,113260,0,-2.2099,0,0
2018-12-21,266000,268000,263500,267500,125234,0,0.7533,0,0
2018-12-24,264500,265500,261500,262000,70283,0,-2.0561,0,0
2018-12-26,259500,262000,252500,255500,90953,0,-2.4809,0,0
2018-12-27,254500,259500,251000,258000,77755,0,0.9785,0,0
2018-12-28,258500,261000,257500,260000,63169,0,0.7752,0,0
2019-01-02,261000,261500,250500,252000,74745,0,-3.0769,0,0
2019-01-03,253000,253500,244000,245500,114272,0,-2.5794,0,0
2019-01-04,245500,248500,244000,248000,93698,0,1.0183,0,0
2019-01-07,252000,254500,249000,252000,70358,0,1.6129,0,0
2019-01-08,253500,254500,251000,254000,52414,0,0.7937,0,0
2019-01-09,252500,258500,251500,255000,89560,0,0.3937,0,0
2019-01-10,253500,259000,253000,257000,86167,0,0.7843,0,0
2019-01-11,256500,258000,253000,255000,92618,0,-0.7782,0,0
2019-01-14,254000,254000,247500,252000,77195,0,-1.1765,0,0
2019-01-15,253000,260000,252000,259500,82153,0,2.9762,0,0
2019-01-16,259500,264500,259000,264500,79266,0,1.9268,0,0
2019-01-17,264500,267000,260500,267000,84511,0,0.9452,0,0
2019-01-18,268500,270000,263500,266500,95526,0,-0.1873,0,0
2019-01-21,268500,268500,262500,262500,101050,0,-1.5009,0,0
2019-01-22,262500,266000,261500,261500,113958,0,-0.381,0,0
2019-01-23,260000,263500,259500,260500,460972,0,-0.3824,0,0
2019-01-24,258500,263000,258500,261500,102485,0,0.3839,0,0
2019-01-25,260500,267000,260500,267000,120260,0,2.1033,0,0
2019-01-28,266000,266500,262000,263000,113877,0,-1.4981,0,0
2019-01-29,262000,263000,259500,262000,100489,0,-0.3802,0,0
2019-01-30,264500,266000,260000,266000,111132,0,1.5267,0,0
2019-01-31,268500,268500,262500,263500,106974,0,-0.9398,0,0
2019-02-01,261500,264500,257500,258000,119435,0,-2.0873,0,0
2019-02-07,259500,268000,258500,266000,95929,0,3.1008,0,0
2019-02-08,265500,266000,262500,263500,73570,0,-0.9398,0,0
2019-02-11,263500,267500,262000,263000,74205,0,-0.1898,0,0
2019-02-12,265000,276000,263500,274500,130509,0,4.3726,0,0
2019-02-13,272500,275500,268000,270500,120952,0,-1.4572,0,0
2019-02-14,267500,277500,266000,277500,132311,0,2.5878,0,0
2019-02-15,285500,288000,276500,280000,261881,0,0.9009,0,0
2019-02-18,282000,282000,277000,279500,145899,0,-0.1786,0,0
2019-02-19,279000,279500,274500,274500,141134,0,-1.7889,0,0
2019-02-20,274500,279500,274000,276000,97182,0,0.5464,0,0
2019-02-21,274500,275000,269500,271500,109297,0,-1.6304,0,0
2019-02-22,270000,271500,267000,271000,73315,0,-0.1842,0,0
2019-02-25,271500,273000,269000,272000,46686,0,0.369,0,0
2019-02-26,270000,273000,269000,271500,59765,0,-0.1838,0,0
2019-02-27,273000,273500,269500,272000,86551,0,0.1842,0,0
2019-02-28,273500,276500,270000,272500,118389,0,0.1838,0,0
2019-03-04,278000,278000,267500,267500,133104,0,-1.8349,0,0
2019-03-05,267500,270500,267500,270000,80711,0,0.9346,0,0
2019-03-06,272000,275000,270000,274500,77933,0,1.6667,0,0
2019-03-07,274000,276000,269000,271000,70726,0,-1.275,0,0
2019-03-08,269500,269500,265500,265500,50260,0,-2.0295,0,0
2019-03-11,265000,266500,261500,266500,48689,0,0.3766,0,0
2019-03-12,265500,268500,265500,268000,37556,0,0.5629,0,0
2019-03-13,268500,269000,261000,262500,101875,0,-2.0522,0,0
2019-03-14,266500,270500,263500,268500,125674,0,2.2857,0,0
2019-03-15,266000,276000,264500,273000,150467,0,1.676,0,0
2019-03-18,275000,276500,272000,275000,60678,0,0.7326,0,0
2019-03-19,273500,277500,272000,276000,75347,0,0.3636,0,0
2019-03-20,274000,280500,271000,280500,76692,0,1.6304,0,0
2019-03-21,284000,287000,275500,278000,135176,0,-0.8913,0,0
2019-03-22,275000,277000,273500,276000,84415,0,-0.7194,0,0
2019-03-25,275000,276500,268500,271000,53941,0,-1.8116,0,0
2019-03-26,269000,269000,265000,267500,95820,0,-1.2915,0,0
2019-03-27,270000,271000,266000,267500,82890,0,0.0,0,0
2019-03-28,265500,268000,263000,265000,74991,0,-0.9346,0,0
2019-03-29,266500,271000,266500,270500,64718,0,2.0755,0,0
2019-04-01,270500,271500,268500,270500,49613,0,0.0,0,0
2019-04-02,269000,272000,268000,272000,67451,0,0.5545,0,0
2019-04-03,268500,269500,266000,269500,147213,0,-0.9191,0,0
2019-04-04,270000,273000,269000,272500,86744,0,1.1132,0,0
2019-04-05,273500,276000,271000,275500,76875,0,1.1009,0,0
2019-04-08,276500,277000,272000,276000,72501,0,0.1815,0,0
2019-04-09,274000,278000,272500,276000,80283,0,0.0,0,0
2019-04-10,274000,276500,271500,272500,118696,0,-1.2681,0,0
2019-04-11,271500,272500,265500,266500,389805,0,-2.2018,0,0
2019-04-12,267500,268000,265500,266500,139491,0,0.0,0,0
2019-04-15,267500,271000,267000,269000,130960,0,0.9381,0,0
2019-04-16,267500,268000,265500,267500,121652,0,-0.5576,0,0
2019-04-17,267500,270500,266500,269000,60009,0,0.5607,0,0
2019-04-18,270500,270500,266500,267500,108100,0,-0.5576,0,0
2019-04-19,266500,268000,265500,266500,37949,0,-0.3738,0,0
2019-04-22,266500,268000,264500,266000,53418,0,-0.1876,0,0
2019-04-23,267500,268000,265000,267000,47049,0,0.3759,0,0
2019-04-24,267000,267500,262000,263500,108019,0,-1.3109,0,0
2019-04-25,264000,264000,259500,260500,83322,0,-1.1385,0,0
2019-04-26,261500,261500,255500,256000,104585,0,-1.7274,0,0
2019-04-29,257500,259000,253000,259000,97373,0,1.1719,0,0
2019-04-30,259500,260500,254000,256500,97164,0,-0.9653,0,0
2019-05-02,254000,259500,252500,258000,69234,0,0.5848,0,0
2019-05-03,254500,259500,254500,256500,64215,0,-0.5814,0,0
2019-05-07,252500,256500,252500,256500,76130,0,0.0,0,0
2019-05-08,252500,256500,251500,254500,71743,0,-0.7797,0,0
2019-05-09,253000,255500,246500,246500,146331,0,-3.1434,0,0
2019-05-10,246500,251500,246500,248500,99666,0,0.8114,0,0
2019-05-13,245500,249500,245500,248500,73205,0,0.0,0,0
2019-05-14,248500,251500,245500,250500,110668,0,0.8048,0,0
2019-05-15,249000,251500,247000,251000,85394,0,0.1996,0,0
2019-05-16,249000,251000,244000,244500,98093,0,-2.5896,0,0
2019-05-17,244500,247500,242000,242000,82174,0,-1.0225,0,0
2019-05-20,243000,245500,240500,241500,62233,0,-0.2066,0,0
2019-05-21,239000,242500,239000,241500,74845,0,0.0,0,0
2019-05-22,240500,241000,235500,238500,129967,0,-1.2422,0,0
2019-05-23,236500,239500,236000,237500,88479,0,-0.4193,0,0
2019-05-24,237500,239000,235500,238000,60011,0,0.2105,0,0
2019-05-27,237000,238500,233500,235000,72870,0,-1.2605,0,0
2019-05-28,237500,239000,234000,239000,294024,0,1.7021,0,0
2019-05-29,238000,238000,227500,229000,148233,0,-4.1841,0,0
2019-05-30,227500,234500,226500,234500,103443,0,2.4017,0,0
2019-05-31,233000,233000,229000,231500,115216,0,-1.2793,0,0
2019-06-03,229500,239000,227000,239000,108704,0,3.2397,0,0
2019-06-04,237000,239500,235500,239000,70951,0,0.0,0,0
2019-06-05,241000,242000,235000,237000,75976,0,-0.8368,0,0
2019-06-07,237500,239500,234500,238000,54456,0,0.4219,0,0
2019-06-10,239000,239500,237000,239000,59149,0,0.4202,0,0
2019-06-11,238000,239000,233500,239000,93837,0,0.0,0,0
2019-06-12,238000,239000,235500,236500,74830,0,-1.046,0,0
2019-06-13,235000,239500,233000,239500,112494,0,1.2685,0,0
2019-06-14,238000,238000,232500,234000,107595,0,-2.2965,0,0
2019-06-17,234000,235000,231500,233000,78976,0,-0.4274,0,0
2019-06-18,233500,235000,233000,234500,48951,0,0.6438,0,0
2019-06-19,235500,239000,235500,239000,59892,0,1.919,0,0
2019-06-20,239000,241500,237000,240000,72001,0,0.4184,0,0
2019-06-21,238500,240500,238000,238500,59095,0,-0.625,0,0
2019-06-24,239500,239500,235000,236000,58127,0,-1.0482,0,0
2019-06-25,235500,237500,234000,236500,75047,0,0.2119,0,0
2019-06-26,234500,236500,234000,235000,68392,0,-0.6342,0,0
2019-06-27,234000,235500,232000,234000,87126,0,-0.4255,0,0
2019-06-28,233000,236000,231500,232000,58988,0,-0.8547,0,0
2019-07-01,233000,234500,231500,232000,52439,0,0.0,0,0
2019-07-02,231000,233000,230500,233000,56316,0,0.431,0,0
2019-07-03,233000,233000,227500,228000,66780,0,-2.1459,0,0
2019-07-04,229000,229500,223500,227500,99793,0,-0.2193,0,0
2019-07-05,227500,232000,226500,231500,42178,0,1.7582,0,0
2019-07-08,229000,230000,222500,222500,73177,0,-3.8877,0,0
2019-07-09,223000,224500,221000,223000,63824,0,0.2247,0,0
2019-07-10,222000,222500,219500,220000,91360,0,-1.3453,0,0
2019-07-11,220500,225500,220500,223000,159593,0,1.3636,0,0
2019-07-12,223500,225000,221500,223500,85096,0,0.2242,0,0
2019-07-15,222000,224500,222000,224000,70901,0,0.2237,0,0
2019-07-16,224500,230000,224000,229000,96215,0,2.2321,0,0
2019-07-17,230000,230000,223000,227500,63115,0,-0.655,0,0
2019-07-18,224500,227500,223500,226000,61565,0,-0.6593,0,0
2019-07-19,226000,228500,224000,228000,63490,0,0.885,0,0
2019-07-22,229000,229000,224500,225500,61625,0,-1.0965,0,0
2019-07-23,226500,228500,224000,228000,75635,0,1.1086,0,0
2019-07-24,228000,232500,227500,230000,100382,0,0.8772,0,0
2019-07-25,229000,230000,224500,225000,95729,0,-2.1739,0,0
2019-07-26,224000,225000,221000,224500,78112,0,-0.2222,0,0
2019-07-29,224500,224500,219500,221500,71883,0,-1.3363,0,0
2019-07-30,223000,223000,219000,220500,45630,0,-0.4515,0,0
2019-07-31,220500,222000,218000,221000,87963,0,0.2268,0,0
2019-08-01,218000,219000,214500,215000,121338,0,-2.7149,0,0
2019-08-02,211500,211500,207500,208500,159763,0,-3.0233,0,0
2019-08-05,205000,209000,204000,207500,166770,0,-0.4796,0,0
2019-08-06,200500,207500,200500,206000,159693,0,-0.7229,0,0
2019-08-07,203000,205000,199000,200000,149069,0,-2.9126,0,0
2019-08-08,202000,203500,200500,201000,386126,0,0.5,0,0
2019-08-09,203000,203500,200500,201500,105079,0,0.2488,0,0
2019-08-12,201500,203000,197000,197500,177127,0,-1.9851,0,0
2019-08-13,196000,198000,193000,193500,180229,0,-2.0253,0,0
2019-08-14,195000,199500,194000,197500,128063,0,2.0672,0,0
2019-08-16,194500,194500,189000,193000,221878,0,-2.2785,0,0
2019-08-19,193000,196500,192000,195500,86889,0,1.2953,0,0
2019-08-20,194000,197500,192000,196000,123459,0,0.2558,0,0
2019-08-21,194500,199500,194500,198500,101177,0,1.2755,0,0
2019-08-22,200000,202000,198000,198500,139490,0,0.0,0,0
2019-08-23,196000,198000,195000,197000,88655,0,-0.7557,0,0
2019-08-26,194000,196500,190500,194500,120075,0,-1.269,0,0
2019-08-27,195000,196000,191500,192500,152660,0,-1.0283,0,0
2019-08-28,194500,194500,192000,193500,72873,0,0.5195,0,0
2019-08-29,193000,195000,191000,195000,122293,0,0.7752,0,0
2019-08-30,195000,201000,193000,200000,153761,0,2.5641,0,0
2019-09-02,196500,201500,196000,201000,56832,0,0.5,0,0
2019-09-03,199000,206500,199000,203500,148830,0,1.2438,0,0
2019-09-04,202500,203500,200000,202500,105358,0,-0.4914,0,0
2019-09-05,201000,206000,200500,204500,93086,0,0.9877,0,0
2019-09-06,203500,206500,202500,203500,55135,0,-0.489,0,0
2019-09-09,202500,206000,202500,203000,77632,0,-0.2457,0,0
2019-09-10,203000,205000,201500,204000,109809,0,0.4926,0,0
2019-09-11,203500,206000,203000,204000,170250,0,0.0,0,0
2019-09-16,207000,218500,206000,217000,283391,0,6.3725,0,0
2019-09-17,217000,217000,210500,210500,159082,0,-2.9954,0,0
2019-09-18,211000,213500,210500,211500,89177,0,0.4751,0,0
2019-09-19,211500,213000,207500,210000,86999,0,-0.7092,0,0
2019-09-20,208500,214000,207500,214000,120010,0,1.9048,0,0
2019-09-23,212000,213500,211000,212000,96631,0,-0.9346,0,0
2019-09-24,209000,214000,209000,214000,116009,0,0.9434,0,0
2019-09-25,211500,213500,207000,208000,114062,0,-2.8037,0,0
2019-09-26,209000,210000,204000,206500,99812,0,-0.7212,0,0
2019-09-27,207000,207500,200500,202500,98193,0,-1.937,0,0
2019-09-30,200500,205000,200500,204000,85899,0,0.7407,0,0
2019-10-01,205500,225000,205000,224000,372320,0,9.8039,0,0
2019-10-02,225000,234000,225000,227000,394423,0,1.3393,0,0
2019-10-04,225500,229500,225500,226000,233258,0,-0.4405,0,0
2019-10-07,226000,231500,225000,229500,207467,0,1.5487,0,0
2019-10-08,230000,232500,228500,229500,182544,0,0.0,0,0
2019-10-10,227500,229500,225500,225500,270202,0,-1.7429,0,0
2019-10-11,227500,232500,224000,230500,147133,0,2.2173,0,0
2019-10-14,232000,234000,230500,230500,142358,0,0.0,0,0
2019-10-15,230500,236500,230000,235000,204515,0,1.9523,0,0
2019-10-16,237000,240500,235500,240000,197807,0,2.1277,0,0
2019-10-17,242000,247000,240500,243000,210896,0,1.25,0,0
2019-10-18,241000,244000,240000,241000,133870,0,-0.823,0,0
2019-10-21,241000,242000,238500,240500,117252,0,-0.2075,0,0
2019-10-22,241000,243000,240000,242000,84123,0,0.6237,0,0
2019-10-23,240000,241500,237500,238500,144019,0,-1.4463,0,0
2019-10-24,238500,250000,238000,249500,261073,0,4.6122,0,0
2019-10-25,247500,251500,246500,251000,153784,0,0.6012,0,0
2019-10-28,256500,260000,254000,257000,284317,0,2.3904,0,0
2019-10-29,259500,262000,256000,257000,288527,0,0.0,0,0
2019-10-30,258000,261500,256000,256500,295035,0,-0.1946,0,0
2019-10-31,257000,264000,254500,258500,328344,0,0.7797,0,0
2019-11-01,258500,263000,258000,263000,204787,0,1.7408,0,0
2019-11-04,264500,269000,264000,268000,171705,0,1.9011,0,0
2019-11-05,268500,269000,266000,267500,222141,0,-0.1866,0,0
2019-11-06,266500,269000,266000,268000,184380,0,0.1869,0,0
2019-11-07,267000,269000,265500,268000,161469,0,0.0,0,0
2019-11-08,267000,269000,266000,268500,136822,0,0.1866,0,0
2019-11-11,268000,271500,267500,270000,149397,0,0.5587,0,0
2019-11-12,271000,271000,268500,269000,168608,0,-0.3704,0,0
2019-11-13,268000,269500,261500,263000,257602,0,-2.2305,0,0
2019-11-14,263500,267000,262500,267000,265621,0,1.5209,0,0
2019-11-15,265000,270000,265000,270000,198430,0,1.1236,0,0
2019-11-18,270000,275000,269500,275000,185370,0,1.8519,0,0
2019-11-19,274500,276500,272500,272500,222226,0,-0.9091,0,0
2019-11-20,271500,274500,268500,272000,210122,0,-0.1835,0,0
2019-11-21,271000,273000,268500,271000,194908,0,-0.3676,0,0
2019-11-22,276000,278000,255500,258000,509755,0,-4.797,0,0
2019-11-25,263500,265000,258500,262000,247512,0,1.5504,0,0
2019-11-26,262500,267500,262000,266000,341564,0,1.5267,0,0
2019-11-27,268000,268500,258000,260000,262649,0,-2.2556,0,0
2019-11-28,257000,260500,257000,260000,146692,0,0.0,0,0
2019-11-29,261000,261000,257000,257500,166462,0,-0.9615,0,0
2019-12-02,256000,257500,251000,256000,161598,0,-0.5825,0,0
2019-12-03,255000,257000,251500,256000,113344,0,0.0,0,0
2019-12-04,255000,257000,252000,253500,145075,0,-0.9766,0,0
2019-12-05,252500,256000,248500,250500,154954,0,-1.1834,0,0
2019-12-06,251500,258000,251500,257000,138321,0,2.5948,0,0
2019-12-09,256500,261500,255500,260000,110105,0,1.1673,0,0
2019-12-10,257500,263500,257500,261000,120565,0,0.3846,0,0
2019-12-11,261000,262500,258500,259000,127158,0,-0.7663,0,0
2019-12-12,263000,263000,259000,259500,173560,0,0.1931,0,0
2019-12-13,262500,264000,257500,258500,120681,0,-0.3854,0,0
2019-12-16,261500,261500,258500,260000,86140,0,0.5803,0,0
2019-12-17,258500,259500,255500,256500,137591,0,-1.3462,0,0
2019-12-18,256500,257500,254500,256500,109632,0,0.0,0,0
2019-12-19,255500,258000,252500,257000,107033,0,0.1949,0,0
2019-12-20,258000,259500,256000,258500,95196,0,0.5837,0,0
2019-12-23,261500,263500,256500,261500,92109,0,1.1605,0,0
2019-12-24,260500,262500,260500,262000,70410,0,0.1912,0,0
2019-12-26,264000,264000,261000,262500,412790,0,0.1908,0,0
2019-12-27,259000,264500,256500,262500,122918,0,0.0,0,0
2019-12-30,263000,263000,260000,262000,67905,0,-0.1905,0,0
2020-01-02,262500,263000,257000,258000,81386,0,-1.5267,0,0
2020-01-03,258500,259500,253000,256500,115357,0,-0.5814,0,0
2020-01-06,253500,255500,250000,251000,78191,0,-2.1442,0,0
2020-01-07,251000,257500,250500,257000,93523,0,2.3904,0,0
2020-01-08,252000,252000,243500,244500,175476,0,-4.8638,0,0
2020-01-09,245500,250000,245000,247000,167376,0,1.0225,0,0
2020-01-10,244500,248000,244000,246000,157335,0,-0.4049,0,0
2020-01-13,245500,247000,243000,246500,111378,0,0.2033,0,0
2020-01-14,247000,249500,246000,248000,140742,0,0.6085,0,0
2020-01-15,246500,247000,244500,245500,155252,0,-1.0081,0,0
2020-01-16,246000,246000,242000,244000,90656,0,-0.611,0,0
2020-01-17,244000,247000,243000,245000,138322,0,0.4098,0,0
2020-01-20,244000,244500,240000,240500,137156,0,-1.8367,0,0
2020-01-21,239500,243500,239000,240500,86584,0,0.0,0,0
2020-01-22,243000,243000,239500,241000,50458,0,0.2079,0,0
2020-01-23,239000,241000,236000,241000,115919,0,0.0,0,0
2020-01-28,236000,241000,230500,231000,136552,0,-4.1494,0,0
2020-01-29,231500,236500,230000,234500,157541,0,1.5152,0,0
2020-01-30,234500,244000,234500,240500,266582,0,2.5586,0,0
2020-01-31,243500,243500,235500,235500,121946,0,-2.079,0,0
2020-02-03,232500,234500,230500,231500,133268,0,-1.6985,0,0
2020-02-04,230500,236500,230500,232500,176205,0,0.432,0,0
2020-02-05,234000,240500,233000,237000,284103,0,1.9355,0,0
2020-02-06,240000,243500,238000,242500,722006,0,2.3207,0,0
2020-02-07,240000,242000,237500,239000,101496,0,-1.4433,0,0
2020-02-10,236500,236500,232500,235000,88621,0,-1.6736,0,0
2020-02-11,236500,238500,235000,238000,78976,0,1.2766,0,0
2020-02-12,236000,237000,233000,236000,100584,0,-0.8403,0,0
2020-02-13,235000,237500,234000,234000,140090,0,-0.8475,0,0
2020-02-14,233000,236000,231500,232000,104123,0,-0.8547,0,0
2020-02-17,230500,231500,227000,228000,137725,0,-1.7241,0,0
2020-02-18,228500,228500,222000,223500,117727,0,-1.9737,0,0
2020-02-19,226500,227500,222000,223500,87032,0,0.0,0,0
2020-02-20,223500,224500,216500,216500,158477,0,-3.132,0,0
2020-02-21,211500,218000,211000,212500,123940,0,-1.8476,0,0
2020-02-24,209000,209500,201000,202000,246357,0,-4.9412,0,0
2020-02-25,200500,208500,200500,206000,177839,0,1.9802,0,0
2020-02-26,200000,206500,200000,203000,161591,0,-1.4563,0,0
2020-02-27,203000,206500,199000,200500,160934,0,-1.2315,0,0
2020-02-28,198000,200000,190500,192000,231899,0,-4.2394,0,0
2020-03-02,192000,194000,190500,191000,181793,0,-0.5208,0,0
2020-03-03,193000,196500,191000,191500,214940,0,0.2618,0,0
2020-03-04,192500,199000,192000,197000,272260,0,2.8721,0,0
2020-03-05,199000,202000,196500,200500,279705,0,1.7766,0,0
2020-03-06,198000,198000,193000,194500,207481,0,-2.9925,0,0
2020-03-09,189000,189000,182000,184000,267208,0,-5.3985,0,0
2020-03-10,182000,184500,180000,180500,305611,0,-1.9022,0,0
2020-03-11,181000,184000,173500,175000,253768,0,-3.0471,0,0
2020-03-12,174000,174500,161500,164000,413438,0,-6.2857,0,0
2020-03-13,150000,160000,144500,158000,443950,0,-3.6585,0,0
2020-03-16,157000,160000,145000,145500,275952,0,-7.9114,0,0
2020-03-17,138000,144000,135500,138000,306127,0,-5.1546,0,0
2020-03-18,139000,140000,124000,124000,387932,0,-10.1449,0,0
2020-03-19,125500,126500,102500,107000,541476,0,-13.7097,0,0
2020-03-20,113000,121500,107000,121500,444841,0,13.5514,0,0
2020-03-23,109000,113500,107000,108000,336085,0,-11.1111,0,0
2020-03-24,113000,138500,109500,134000,771510,0,24.0741,0,0
2020-03-25,140000,161500,137500,150500,771051,0,12.3134,0,0
2020-03-26,153000,159500,143000,154500,664819,0,2.6578,0,0
2020-03-27,162000,164000,156000,161500,465790,0,4.5307,0,0
2020-03-30,155500,163000,150500,160000,305864,0,-0.9288,0,0
2020-03-31,162000,167500,160500,167500,342668,0,4.6875,0,0
2020-04-01,163500,173000,158500,161000,344349,0,-3.8806,0,0
2020-04-02,161000,167000,155500,165000,289337,0,2.4845,0,0
2020-04-03,166000,171000,160000,164000,230824,0,-0.6061,0,0
2020-04-06,164500,169000,163000,168000,210046,0,2.439,0,0
2020-04-07,171000,173000,165000,169500,222197,0,0.8929,0,0
2020-04-08,166000,172500,165000,168000,220330,0,-0.885,0,0
2020-04-09,173000,173000,168000,171000,182069,0,1.7857,0,0
2020-04-10,169500,180000,168500,179000,279238,0,4.6784,0,0
2020-04-13,179500,187000,174500,175000,278323,0,-2.2346,0,0
2020-04-14,177000,182000,175000,177500,172526,0,1.4286,0,0
2020-04-16,173500,181000,172500,180500,222040,0,1.6901,0,0
2020-04-17,183500,191000,183500,188500,244505,0,4.4321,0,0
2020-04-20,187000,191500,186000,188000,151164,0,-0.2653,0,0
2020-04-21,185500,187500,178500,183000,331631,0,-2.6596,0,0
2020-04-22,178000,184000,173500,184000,286549,0,0.5464,0,0
2020-04-23,181500,184000,179000,182500,208459,0,-0.8152,0,0
2020-04-24,180500,181000,175000,175500,198776,0,-3.8356,0,0
2020-04-27,176000,180500,175000,178500,114428,0,1.7094,0,0
2020-04-28,178500,183000,176500,183000,167841,0,2.521,0,0
2020-04-29,183000,183500,181000,182000,141362,0,-0.5464,0,0
2020-05-04,176500,179500,175500,176000,173641,0,-3.2967,0,0
2020-05-06,179000,181500,177000,180000,177000,0,2.2727,0,0
2020-05-07,179000,182000,178000,182000,163688,0,1.1111,0,0
2020-05-08,183000,186500,182000,182500,141027,0,0.2747,0,0
2020-05-11,182000,184000,178500,179000,168343,0,-1.9178,0,0
2020-05-12,181000,184000,178000,181000,260409,0,1.1173,0,0
2020-05-13,179500,185000,178500,185000,247454,0,2.2099,0,0
2020-05-14,184000,185500,180000,181000,226278,0,-2.1622,0,0
2020-05-15,183500,184500,180000,182000,168516,0,0.5525,0,0
2020-05-18,184000,203500,181500,202000,630281,0,10.989,0,0
2020-05-19,214500,230000,200500,201500,1218185,0,-0.2475,0,0
2020-05-20,208000,224500,205000,222000,1317938,0,10.1737,0,0
2020-05-21,230000,243500,226000,230000,1321635,0,3.6036,0,0
2020-05-22,229500,232000,225000,228500,433120,0,-0.6522,0,0
2020-05-25,234000,246500,230500,246500,737103,0,7.8775,0,0
2020-05-26,249500,261500,245000,259000,763255,0,5.071,0,0
2020-05-27,267500,271000,251000,255500,774630,0,-1.3514,0,0
2020-05-28,257500,260000,243500,244500,675566,0,-4.3053,0,0
2020-05-29,241500,249000,236500,239000,603576,0,-2.2495,0,0
2020-06-01,240000,247000,239000,243000,362051,0,1.6736,0,0
2020-06-02,242000,249500,240000,244000,297667,0,0.4115,0,0
2020-06-03,247500,247500,239000,242500,399539,0,-0.6148,0,0
2020-06-04,241500,244000,239000,239500,294371,0,-1.2371,0,0
2020-06-05,237500,258500,233500,257000,871235,0,7.3069,0,0
2020-06-08,264000,264500,253000,257000,521272,0,0.0,0,0
2020-06-09,257500,259000,249000,253500,424430,0,-1.3619,0,0
2020-06-10,253500,261000,250500,257000,410736,0,1.3807,0,0
2020-06-11,255000,262500,253000,257000,580692,0,0.0,0,0
2020-06-12,246000,279000,245000,279000,1298434,0,8.5603,0,0
2020-06-15,289000,329500,285500,304000,4331754,0,8.9606,0,0
2020-06-16,327500,332000,300000,307000,2040226,0,0.9868,0,0
2020-06-17,309000,323000,307500,318000,1511616,0,3.5831,0,0
2020-06-18,318000,320500,305000,308500,893966,0,-2.9874,0,0
2020-06-19,316000,317500,289500,293000,1451060,0,-5.0243,0,0
2020-06-22,294500,302000,290500,293000,796400,0,0.0,0,0
2020-06-23,298000,310000,284500,309500,1550365,0,5.6314,0,0
2020-06-24,297500,302500,285500,286500,3591128,0,-7.4313,0,0
2020-06-25,287000,293500,281000,286000,921229,0,-0.1745,0,0
2020-06-26,291000,294500,284000,292000,919125,0,2.0979,0,0
2020-06-29,289500,297500,286000,293000,921514,0,0.3425,0,0
2020-06-30,297500,298500,286500,291000,925711,0,-0.6826,0,0
2020-07-01,294000,302500,291000,297000,1486526,0,2.0619,0,0
2020-07-02,308500,308500,268000,278500,2892772,0,-6.229,0,0
2020-07-03,281000,282000,268500,272000,1221250,0,-2.3339,0,0
2020-07-06,270000,270500,259000,262000,1404485,0,-3.6765,0,0
2020-07-07,267500,273000,260500,261000,1160569,0,-0.3817,0,0
2020-07-08,259500,263000,251000,252500,1043042,0,-3.2567,0,0
2020-07-09,252500,255000,243500,243500,977816,0,-3.5644,0,0
2020-07-10,244500,248000,238000,240500,1070262,0,-1.232,0,0
2020-07-13,243500,248000,240500,242500,509920,0,0.8316,0,0
2020-07-14,240500,241500,230000,231500,729003,0,-4.5361,0,0
2020-07-15,235500,243000,234500,237000,668387,0,2.3758,0,0
2020-07-16,236000,243000,234500,236000,369479,0,-0.4219,0,0
2020-07-17,237500,239000,232500,234000,261684,0,-0.8475,0,0
2020-07-20,234500,235000,228000,231000,340707,0,-1.2821,0,0
2020-07-21,232500,237000,229000,233500,387329,0,1.0823,0,0
2020-07-22,240500,244500,235000,235500,617710,0,0.8565,0,0
2020-07-23,235000,235000,228000,230000,380115,0,-2.3355,0,0
2020-07-24,227500,227500,223500,224500,391726,0,-2.3913,0,0
2020-07-27,225500,232000,225000,226500,274174,0,0.8909,0,0
2020-07-28,228000,228500,224000,226500,314574,0,0.0,0,0
2020-07-29,224500,225000,220500,223500,325856,0,-1.3245,0,0
2020-07-30,225000,231500,224000,227500,347939,0,1.7897,0,0
2020-07-31,227000,229500,221000,221500,259316,0,-2.6374,0,0
2020-08-03,221000,221000,215500,217500,328587,0,-1.8059,0,0
2020-08-04,220500,229500,219000,229500,464562,0,5.5172,0,0
2020-08-05,231500,241000,226000,240500,721764,0,4.793,0,0
2020-08-06,241500,243500,233500,236500,501913,0,-1.6632,0,0
2020-08-07,237000,245000,236500,242500,522264,0,2.537,0,0
2020-08-10,244000,247500,239000,244500,487359,0,0.8247,0,0
2020-08-11,246000,246000,239000,240500,285097,0,-1.636,0,0
2020-08-12,239000,241500,236500,240000,270686,0,-0.2079,0,0
2020-08-13,242000,242500,235500,237500,321381,0,-1.0417,0,0
2020-08-14,239500,240000,229500,233500,287596,0,-1.6842,0,0
2020-08-18,234000,235000,220500,222500,304434,0,-4.7109,0,0
2020-08-19,221500,226000,221500,222500,193504,0,0.0,0,0
2020-08-20,221000,223000,209000,209500,396676,0,-5.8427,0,0
2020-08-21,211500,217000,205000,211500,327055,0,0.9547,0,0
2020-08-24,211000,214000,206000,212000,199536,0,0.2364,0,0
2020-08-25,215500,222500,213000,222000,237042,0,4.717,0,0
2020-08-26,222000,222000,215000,218500,192270,0,-1.5766,0,0
2020-08-27,219500,221000,215000,215000,185905,0,-1.6018,0,0
2020-08-28,218500,230000,218000,224000,446589,0,4.186,0,0
2020-08-31,224000,227500,212500,214000,487729,0,-4.4643,0,0
2020-09-01,213500,215500,210500,214500,200276,0,0.2336,0,0
2020-09-02,214500,217500,213000,217500,159873,0,1.3986,0,0
2020-09-03,218000,218000,215500,216500,181062,0,-0.4598,0,0
2020-09-04,209500,212000,209000,212000,284708,0,-2.0785,0,0
2020-09-07,213000,214000,209500,213000,220248,0,0.4717,0,0
2020-09-08,214000,216000,211000,213500,227472,0,0.2347,0,0
2020-09-09,209500,211000,209000,210000,214690,0,-1.6393,0,0
2020-09-10,212000,214000,210000,211000,232670,0,0.4762,0,0
2020-09-11,211000,211500,208000,210500,148442,0,-0.237,0,0
2020-09-14,210500,212000,208500,211500,149167,0,0.4751,0,0
2020-09-15,211500,212000,210000,212000,136374,0,0.2364,0,0
2020-09-16,211000,221000,210500,215000,437232,0,1.4151,0,0
2020-09-17,218000,218000,211000,211500,237037,0,-1.6279,0,0
2020-09-18,213000,213000,209000,210500,161318,0,-0.4728,0,0
2020-09-21,210000,211500,207000,207500,168398,0,-1.4252,0,0
2020-09-22,206500,207500,200500,200500,226004,0,-3.3735,0,0
2020-09-23,201000,202000,194000,199500,255462,0,-0.4988,0,0
2020-09-24,195500,197000,189000,189500,309274,0,-5.0125,0,0
2020-09-25,190500,193500,190000,191000,136344,0,0.7916,0,0
2020-09-28,191500,197500,191500,197500,154506,0,3.4031,0,0
2020-09-29,200000,202500,198000,198500,148477,0,0.5063,0,0
2020-10-05,199500,203000,196500,202500,156461,0,2.0151,0,0
2020-10-06,202500,203500,200000,200000,115721,0,-1.2346,0,0
2020-10-07,198500,205500,197000,205500,134673,0,2.75,0,0
2020-10-08,206000,211500,205500,209000,297147,0,1.7032,0,0
2020-10-12,210000,210500,206000,207500,130697,0,-0.7177,0,0
2020-10-13,209000,209000,204000,206500,121548,0,-0.4819,0,0
2020-10-14,209000,210500,204000,204500,134075,0,-0.9685,0,0
2020-10-15,203500,204000,199500,200000,115817,0,-2.2005,0,0
2020-10-16,200000,202000,198000,198000,109501,0,-1.0,0,0
2020-10-19,199500,200500,198500,199000,93690,0,0.5051,0,0
2020-10-20,196500,198500,195000,197500,123550,0,-0.7538,0,0
2020-10-21,197500,201500,196500,201000,145933,0,1.7722,0,0
2020-10-22,200000,200000,197500,199500,93115,0,-0.7463,0,0
2020-10-23,199000,202000,197500,202000,130014,0,1.2531,0,0
2020-10-26,200500,202000,196000,196500,123258,0,-2.7228,0,0
2020-10-27,193500,195500,192500,193000,160255,0,-1.7812,0,0
2020-10-28,191500,193500,190500,192000,94574,0,-0.5181,0,0
2020-10-29,189500,190000,186500,188000,210970,0,-2.0833,0,0
2020-10-30,187000,187000,181000,182500,273817,0,-2.9255,0,0
2020-11-02,181000,183500,179500,183000,222860,0,0.274,0,0
2020-11-03,183000,188000,182500,186000,177177,0,1.6393,0,0
2020-11-04,187000,189000,185000,186500,163595,0,0.2688,0,0
2020-11-05,188000,194000,187000,192500,204595,0,3.2172,0,0
2020-11-06,193000,194000,190500,190500,139989,0,-1.039,0,0
2020-11-09,191500,194000,191000,193500,197123,0,1.5748,0,0
2020-11-10,195500,197000,193000,195000,220355,0,0.7752,0,0
2020-11-11,196500,209000,193500,207000,590944,0,6.1538,0,0
2020-11-12,207000,213500,205500,211500,575591,0,2.1739,0,0
2020-11-13,220000,220500,208000,209000,648026,0,-1.182,0,0
2020-11-16,208500,220000,208000,219000,475806,0,4.7847,0,0
2020-11-17,220000,224000,216500,220500,396747,0,0.6849,0,0
2020-11-18,218500,220000,217000,219000,181858,0,-0.6803,0,0
2020-11-19,217000,218500,211500,214500,255078,0,-2.0548,0,0
2020-11-20,214500,215000,211500,214000,151683,0,-0.2331,0,0
2020-11-23,214000,216000,212000,214500,173920,0,0.2336,0,0
2020-11-24,216000,217500,214000,217500,206805,0,1.3986,0,0
2020-11-25,219500,227000,218500,223000,605092,0,2.5287,0,0
2020-11-26,223500,225000,218000,220000,308615,0,-1.3453,0,0
2020-11-27,218500,221000,217000,220000,228901,0,0.0,0,0
2020-11-30,222000,222500,211500,211500,458543,0,-3.8636,0,0
2020-12-01,213000,221500,213000,221500,316450,0,4.7281,0,0
2020-12-02,223000,238500,223000,237000,1065538,0,6.9977,0,0
2020-12-03,239500,240000,233500,238500,458406,0,0.6329,0,0
2020-12-04,239000,246500,237000,239500,607222,0,0.4193,0,0
2020-12-07,241500,243500,233000,238500,399096,0,-0.4175,0,0
2020-12-08,240500,247500,240000,243500,597781,0,2.0964,0,0
2020-12-09,247000,247500,241500,245500,378477,0,0.8214,0,0
2020-12-10,243000,245500,241000,243000,382387,0,-1.0183,0,0
2020-12-11,243000,256500,242000,253000,590106,0,4.1152,0,0
2020-12-14,255500,256500,249000,249000,304668,0,-1.581,0,0
2020-12-15,250000,251000,240500,244500,379778,0,-1.8072,0,0
2020-12-16,245500,246000,240500,241000,213065,0,-1.4315,0,0
2020-12-17,245000,245000,238000,242000,232158,0,0.4149,0,0
2020-12-18,242500,244500,240000,243500,230804,0,0.6198,0,0
2020-12-21,244000,244500,239000,240500,227374,0,-1.232,0,0
2020-12-22,240500,240500,235500,235500,256393,0,-2.079,0,0
2020-12-23,236500,241500,230000,239500,261151,0,1.6985,0,0
2020-12-24,241000,244500,240000,242000,229190,0,1.0438,0,0
2020-12-28,242500,243000,238500,240000,262582,0,-0.8264,0,0
2020-12-29,238500,241000,234000,235500,303528,0,-1.875,0,0
2020-12-30,235500,241000,233500,240500,226620,0,2.1231,0,0
2021-01-04,241000,250000,240000,249500,561491,0,3.7422,0,0
2021-01-05,248000,252000,245500,251500,478166,0,0.8016,0,0
2021-01-06,255500,284500,254500,273000,2378756,0,8.5487,0,0
2021-01-07,286000,298000,277000,296000,1946685,0,8.4249,0,0
2021-01-08,304000,305000,287500,292500,1177820,0,-1.1824,0,0
2021-01-11,297000,312500,282000,290000,1406142,0,-0.8547,0,0
2021-01-12,288500,291500,272500,281500,795811,0,-2.931,0,0
2021-01-13,293500,301000,289000,296500,1017559,0,5.3286,0,0
2021-01-14,299000,310000,298500,306000,912334,0,3.204,0,0
2021-01-15,309500,316500,302000,302500,926564,0,-1.1438,0,0
2021-01-18,298500,305500,292000,300000,569563,0,-0.8264,0,0
2021-01-19,300000,310000,296000,309000,508709,0,3.0,0,0
2021-01-20,318000,337500,312500,334000,1358636,0,8.0906,0,0
2021-01-21,336500,344500,331500,341500,760573,0,2.2455,0,0
2021-01-22,341000,345500,328000,328000,634975,0,-3.9531,0,0
2021-01-25,327500,355000,325000,355000,803628,0,8.2317,0,0
2021-01-26,358500,360500,340000,340000,946865,0,-4.2254,0,0
2021-01-27,343500,355000,333500,338500,752125,0,-0.4412,0,0
2021-01-28,328000,332000,321000,322000,795974,0,-4.8744,0,0
2021-01-29,327500,332500,307500,311000,894213,0,-3.4161,0,0
2021-02-01,312000,329500,305000,329000,584069,0,5.7878,0,0
2021-02-02,333000,339500,322500,325500,557638,0,-1.0638,0,0
2021-02-03,335000,335000,325000,326500,399515,0,0.3072,0,0
2021-02-04,323000,325500,315500,318000,392471,0,-2.6034,0,0
2021-02-05,321000,323500,307500,315500,490542,0,-0.7862,0,0
2021-02-08,310000,314500,307000,307500,334099,0,-2.5357,0,0
2021-02-09,309000,315000,305500,305500,330232,0,-0.6504,0,0
2021-02-10,305500,311500,300000,309500,371024,0,1.3093,0,0
2021-02-15,297000,307000,296500,302000,517072,0,-2.4233,0,0
2021-02-16,304500,306500,301000,303500,217898,0,0.4967,0,0
2021-02-17,302500,303000,296000,298500,455691,0,-1.6474,0,0
2021-02-18,299500,301000,289000,289500,420803,0,-3.0151,0,0
2021-02-19,289000,291500,279000,285500,711553,0,-1.3817,0,0
2021-02-22,289000,292000,279000,279000,542143,0,-2.2767,0,0
2021-02-23,276000,280500,273500,275500,420032,0,-1.2545,0,0
2021-02-24,280000,281000,265000,265000,590176,0,-3.8113,0,0
2021-02-25,270500,277500,265500,277000,329598,0,4.5283,0,0
2021-02-26,268000,269500,259000,262500,548833,0,-5.2347,0,0
2021-03-02,270000,277000,268500,274000,405669,0,4.381,0,0
2021-03-03,274000,284500,272000,279500,394607,0,2.0073,0,0
2021-03-04,275000,282000,272500,273000,262763,0,-2.3256,0,0
2021-03-05,267500,270000,261000,265500,448632,0,-2.7473,0,0
2021-03-08,261500,264000,252000,255000,422364,0,-3.9548,0,0
2021-03-09,255000,256500,243500,249500,434553,0,-2.1569,0,0
2021-03-10,254000,255500,243500,244000,300882,0,-2.2044,0,0
2021-03-11,244500,254500,244500,250500,288371,0,2.6639,0,0
2021-03-12,254500,263000,254000,257500,272949,0,2.7944,0,0
2021-03-15,259000,259500,250000,251000,225390,0,-2.5243,0,0
2021-03-16,251000,251000,246000,248000,279262,0,-1.1952,0,0
2021-03-17,247500,247500,240000,245000,331019,0,-1.2097,0,0
2021-03-18,248500,255000,246500,247000,354204,0,0.8163,0,0
2021-03-19,242000,250500,241500,250500,271511,0,1.417,0,0
2021-03-22,252500,253500,245000,246000,227781,0,-1.7964,0,0
2021-03-23,247500,248000,241000,242500,195579,0,-1.4228,0,0
2021-03-24,240500,244000,238000,244000,146175,0,0.6186,0,0
2021-03-25,244000,256000,242500,256000,420832,0,4.918,0,0
2021-03-26,262500,277000,260500,275500,833364,0,7.6172,0,0
2021-03-29,277000,277000,267000,268500,374858,0,-2.5408,0,0
2021-03-30,272000,284000,271500,281000,581621,0,4.6555,0,0
2021-03-31,281000,285000,276500,282000,336019,0,0.3559,0,0
2021-04-01,285000,296500,282000,286000,452005,0,1.4184,0,0
2021-04-02,288500,290500,281000,284500,302104,0,-0.5245,0,0
2021-04-05,285000,285500,277500,279500,216448,0,-1.7575,0,0
2021-04-06,282500,287500,278500,279500,202332,0,0.0,0,0
2021-04-07,278500,284000,277000,278000,198421,0,-0.5367,0,0
2021-04-08,276500,282000,272000,279000,247255,0,0.3597,0,0
2021-04-09,282500,296500,282000,293000,694443,0,5.0179,0,0
2021-04-12,303000,303500,295000,295500,481631,0,0.8532,0,0
2021-04-13,295500,301000,288500,299500,339467,0,1.3536,0,0
2021-04-14,296000,296000,291000,293500,334591,0,-2.0033,0,0
2021-04-15,294500,294500,283500,284500,590839,0,-3.0664,0,0
2021-04-16,286000,290500,285000,286000,276644,0,0.5272,0,0
2021-04-19,286500,294000,286500,293000,299193,0,2.4476,0,0
2021-04-20,293000,296500,290500,294500,206054,0,0.5119,0,0
2021-04-21,296000,308000,291000,303000,419520,0,2.8862,0,0
2021-04-22,305500,306000,298000,300000,363684,0,-0.9901,0,0
2021-04-23,295500,301500,292500,296000,251396,0,-1.3333,0,0
2021-04-26,299000,299000,291500,294000,284298,0,-0.6757,0,0
2021-04-27,294000,294000,286500,288000,298269,0,-2.0408,0,0
2021-04-28,288500,289000,279000,279500,302504,0,-2.9514,0,0
2021-04-29,280000,288000,278000,284000,259674,0,1.61,0,0
2021-04-30,284000,284000,276000,276000,208033,0,-2.8169,0,0
2021-05-03,275000,280500,273000,274000,165240,0,-0.7246,0,0
2021-05-04,279500,290500,274500,279000,353916,0,1.8248,0,0
2021-05-06,276500,281500,273000,280500,179636,0,0.5376,0,0
2021-05-07,280000,286000,277000,282500,137156,0,0.713,0,0
2021-05-10,288000,291500,284500,289500,254561,0,2.4779,0,0
2021-05-11,288000,288500,279000,281000,255525,0,-2.9361,0,0
2021-05-12,281500,282500,269000,272000,322532,0,-3.2028,0,0
2021-05-13,265000,271500,263500,264000,314611,0,-2.9412,0,0
2021-05-14,266000,271500,264500,270000,173146,0,2.2727,0,0
2021-05-17,273500,274000,266000,268500,140523,0,-0.5556,0,0
2021-05-18,273000,274000,269000,269500,119553,0,0.3724,0,0
2021-05-20,267000,271000,266000,270000,130280,0,0.1855,0,0
2021-05-21,271500,274500,268500,269500,132697,0,-0.1852,0,0
2021-05-24,269500,270500,265000,265000,146738,0,-1.6698,0,0
2021-05-25,267000,269500,265500,269500,163346,0,1.6981,0,0
2021-05-26,270000,271000,266000,267000,123667,0,-0.9276,0,0
2021-05-27,267000,267500,260500,260500,579664,0,-2.4345,0,0
2021-05-28,262500,268500,261000,265500,168503,0,1.9194,0,0
2021-05-31,265500,266500,262000,265000,143344,0,-0.1883,0,0
2021-06-01,265000,272000,265000,268500,154636,0,1.3208,0,0
2021-06-02,268500,271500,266500,270500,146791,0,0.7449,0,0
2021-06-03,270000,274500,270000,272000,192929,0,0.5545,0,0
2021-06-04,270000,273500,268000,270000,160789,0,-0.7353,0,0
2021-06-07,272500,272500,268500,271000,123611,0,0.3704,0,0
2021-06-08,270000,271500,269000,269500,123730,0,-0.5535,0,0
2021-06-09,270500,272500,269000,269000,129583,0,-0.1855,0,0
2021-06-10,272000,286500,269000,281500,689263,0,4.6468,0,0
2021-06-11,286000,290000,281500,286500,363787,0,1.7762,0,0
2021-06-14,288500,292000,285000,287500,219730,0,0.349,0,0
2021-06-15,289500,289500,285000,287000,152424,0,-0.1739,0,0
2021-06-16,286000,288000,284000,285500,119449,0,-0.5226,0,0
2021-06-17,283000,289000,281500,285000,165574,0,-0.1751,0,0
2021-06-18,284000,286000,279500,282000,223815,0,-1.0526,0,0
2021-06-21,278000,280000,274500,275000,191166,0,-2.4823,0,0
2021-06-22,277000,279500,275500,275500,113251,0,0.1818,0,0
2021-06-23,279500,287000,277000,285500,309851,0,3.6298,0,0
2021-06-24,287000,291500,284500,287500,246436,0,0.7005,0,0
2021-06-25,289000,293000,286000,290000,238105,0,0.8696,0,0
2021-06-28,289500,290000,286000,286500,112784,0,-1.2069,0,0
2021-06-29,285000,286000,281500,281500,136759,0,-1.7452,0,0
2021-06-30,280000,285000,280000,282500,114943,0,0.3552,0,0
2021-07-01,282500,284000,276500,276500,200282,0,-2.1239,0,0
2021-07-02,275500,279500,275000,276000,93180,0,-0.1808,0,0
2021-07-05,277500,280500,276000,277000,102483,0,0.3623,0,0
2021-07-06,277500,279500,277000,277000,86381,0,0.0,0,0
2021-07-07,276500,276500,272500,275000,133578,0,-0.722,0,0
2021-07-08,275500,279000,272500,272500,179705,0,-0.9091,0,0
2021-07-09,270000,272500,266500,270000,199247,0,-0.9174,0,0
2021-07-12,272000,279000,271000,278000,122937,0,2.963,0,0
2021-07-13,279000,284000,278500,282500,175832,0,1.6187,0,0
2021-07-14,280500,281000,275500,279500,110210,0,-1.0619,0,0
2021-07-15,279000,282000,277000,278000,98934,0,-0.5367,0,0
2021-07-16,278000,279000,275000,277500,102022,0,-0.1799,0,0
2021-07-19,274000,275000,272500,273000,100816,0,-1.6216,0,0
2021-07-20,268000,275500,268000,272000,126171,0,-0.3663,0,0
2021-07-21,273000,274000,270000,270000,112014,0,-0.7353,0,0
2021-07-22,272500,277500,272000,277500,116557,0,2.7778,0,0
2021-07-23,277500,279000,274000,275500,82276,0,-0.7207,0,0
2021-07-26,275500,275500,271000,271000,107225,0,-1.6334,0,0
2021-07-27,273000,275000,271000,271500,70370,0,0.1845,0,0
2021-07-28,270000,274000,270000,273500,99088,0,0.7366,0,0
2021-07-29,274000,277000,272000,273000,90222,0,-0.1828,0,0
2021-07-30,271500,272000,268000,268000,176072,0,-1.8315,0,0
2021-08-02,268000,272500,264000,271500,100462,0,1.306,0,0
2021-08-03,270500,273000,269000,273000,93594,0,0.5525,0,0
2021-08-04,271500,277000,270000,277000,130351,0,1.4652,0,0
2021-08-05,275500,280500,275000,277000,119078,0,0.0,0,0
2021-08-06,276000,280000,274500,278500,96653,0,0.5415,0,0
2021-08-09,275000,280000,272500,273500,142079,0,-1.7953,0,0
2021-08-10,273500,280000,272000,274000,152383,0,0.1828,0,0
2021-08-11,274500,275500,271000,272500,107088,0,-0.5474,0,0
2021-08-12,274000,276000,271500,271500,143290,0,-0.367,0,0
2021-08-13,275000,275000,265500,266500,203139,0,-1.8416,0,0
2021-08-17,264500,266500,258000,259000,215909,0,-2.8143,0,0
2021-08-18,258000,268000,257500,267000,142200,0,3.0888,0,0
2021-08-19,263500,268000,257500,259000,155221,0,-2.9963,0,0
2021-08-20,260000,266000,256500,259500,196208,0,0.1931,0,0
2021-08-23,278000,283000,268500,270000,1093300,0,4.0462,0,0
2021-08-24,273000,273500,260500,265000,437438,0,-1.8519,0,0
2021-08-25,264000,264500,260000,262500,234325,0,-0.9434,0,0
2021-08-26,263500,265000,260000,261500,201252,0,-0.381,0,0
2021-08-27,261500,263000,260000,261000,156884,0,-0.1912,0,0
2021-08-30,262500,263500,258000,258500,218033,0,-0.9579,0,0
2021-08-31,258000,263500,256000,263500,243714,0,1.9342,0,0
2021-09-01,263000,266000,261000,263500,204964,0,0.0,0,0
2021-09-02,263500,267500,261500,262000,218545,0,-0.5693,0,0
2021-09-03,262000,266500,261500,265000,167175,0,1.145,0,0
2021-09-06,264500,269500,264000,268000,152000,0,1.1321,0,0
2021-09-07,266000,269000,265000,266500,110368,0,-0.5597,0,0
2021-09-08,264500,267000,263000,265000,138276,0,-0.5629,0,0
2021-09-09,264000,268000,260500,260500,250269,0,-1.6981,0,0
2021-09-10,263000,264500,260500,263000,139228,0,0.9597,0,0
2021-09-13,262000,265000,261000,265000,166667,0,0.7605,0,0
2021-09-14,265500,270000,264000,268500,220160,0,1.3208,0,0
2021-09-15,270500,279500,267000,276000,482333,0,2.7933,0,0
2021-09-16,279000,279500,270500,271500,281369,0,-1.6304,0,0
2021-09-17,272500,278000,269000,273500,314171,0,0.7366,0,0
2021-09-23,269500,274500,267500,271500,188668,0,-0.7313,0,0
2021-09-24,273500,273500,268000,269000,156348,0,-0.9208,0,0
2021-09-27,266000,269000,263000,266500,189366,0,-0.9294,0,0
2021-09-28,266500,267000,260000,262500,278724,0,-1.5009,0,0
2021-09-29,257000,262000,257000,261000,193809,0,-0.5714,0,0
2021-09-30,259000,271000,259000,268000,258303,0,2.682,0,0
2021-10-01,265000,266500,260500,262500,138427,0,-2.0522,0,0
2021-10-05,259500,264500,257500,262000,177276,0,-0.1905,0,0
2021-10-06,262500,266000,259500,259500,202086,0,-0.9542,0,0
2021-10-07,262000,264500,259000,259500,146964,0,0.0,0,0
2021-10-08,260000,261500,256000,257000,170696,0,-0.9634,0,0
2021-10-12,256500,260000,254000,257500,120749,0,0.1946,0,0
2021-10-13,259500,265000,259000,264000,182387,0,2.5243,0,0
2021-10-14,268000,268500,263000,265500,143424,0,0.5682,0,0
2021-10-15,264500,266500,262500,263000,97544,0,-0.9416,0,0
2021-10-18,264000,264500,260000,261000,109915,0,-0.7605,0,0
2021-10-19,262500,263000,258500,260000,137157,0,-0.3831,0,0
2021-10-20,260500,261500,258000,258500,106897,0,-0.5769,0,0
2021-10-21,258000,258500,254000,254500,166314,0,-1.5474,0,0
2021-10-22,254500,254500,250500,252000,178997,0,-0.9823,0,0
2021-10-25,252000,254500,249000,254000,148158,0,0.7937,0,0
2021-10-26,254000,256500,252500,256000,130192,0,0.7874,0,0
2021-10-27,255500,256000,252000,252500,101892,0,-1.3672,0,0
2021-10-28,252500,252500,247000,247000,185324,0,-2.1782,0,0
2021-10-29,247500,248500,243000,243000,143591,0,-1.6194,0,0
2021-11-01,244000,247500,242000,243000,102483,0,0.0,0,0
2021-11-02,244000,251000,244000,248500,141282,0,2.2634,0,0
2021-11-03,248500,251000,248000,248500,106366,0,0.0,0,0
2021-11-04,251000,253500,249000,249500,109451,0,0.4024,0,0
2021-11-05,250000,252000,244000,247500,378328,0,-0.8016,0,0
2021-11-08,248000,248000,242500,245000,166797,0,-1.0101,0,0
2021-11-09,244000,247500,240500,241500,176059,0,-1.4286,0,0
2021-11-10,240500,240500,234000,235500,236676,0,-2.4845,0,0
2021-11-11,235500,236000,230500,233000,228952,0,-1.0616,0,0
2021-11-12,235000,248500,233000,247000,401116,0,6.0086,0,0
2021-11-15,244500,250000,244500,248000,186329,0,0.4049,0,0
2021-11-16,248500,260000,248500,251000,479621,0,1.2097,0,0
2021-11-17,259000,262500,254000,254500,485404,0,1.3944,0,0
2021-11-18,255500,255500,246500,246500,199322,0,-3.1434,0,0
2021-11-19,245500,250500,244500,246000,165353,0,-0.2028,0,0
2021-11-22,245500,250500,244500,248000,116575,0,0.813,0,0
2021-11-23,245500,248000,242000,243500,133632,0,-1.8145,0,0
2021-11-24,243500,262000,243500,260500,616300,0,6.9815,0,0
2021-11-25,258500,264000,256500,263500,375026,0,1.1516,0,0
2021-11-26,262000,262000,252000,255500,1048104,0,-3.0361,0,0
2021-11-29,252000,259500,249000,254500,283273,0,-0.3914,0,0
2021-11-30,258500,264000,249500,259500,565864,0,1.9646,0,0
2021-12-01,259500,264500,255500,259500,253412,0,0.0,0,0
2021-12-02,259500,264000,255500,264000,199381,0,1.7341,0,0
2021-12-03,263500,268000,262500,267000,199312,0,1.1364,0,0
2021-12-06,267000,267000,261000,266000,142333,0,-0.3745,0,0
2021-12-07,263000,266000,262500,266000,124948,0,0.0,0,0
2021-12-08,267000,271500,264500,266000,169667,0,0.0,0,0
2021-12-09,265500,267500,263000,265000,234469,0,-0.3759,0,0
2021-12-10,264000,267000,263000,265000,92282,0,0.0,0,0
2021-12-13,265500,269500,264000,265000,113128,0,0.0,0,0
2021-12-14,263000,264500,259000,262000,113558,0,-1.1321,0,0
2021-12-15,261000,262000,254000,257000,179358,0,-1.9084,0,0
2021-12-16,258500,262000,255500,259000,129021,0,0.7782,0,0
2021-12-17,257000,264000,256000,264000,141934,0,1.9305,0,0
2021-12-20,262000,266000,259000,262500,145228,0,-0.5682,0,0
2021-12-21,264000,265000,259000,259000,99596,0,-1.3333,0,0
2021-12-22,259500,260500,253500,256000,130526,0,-1.1583,0,0
2021-12-23,256000,257000,254000,255000,92372,0,-0.3906,0,0
2021-12-24,255000,257500,254500,255000,95599,0,0.0,0,0
2021-12-27,255000,257500,252500,256000,190821,0,0.3922,0,0
2021-12-28,255500,257500,254000,255500,267116,0,-0.1953,0,0
2021-12-29,253500,257500,250500,255000,189391,0,-0.1957,0,0
2021-12-30,254000,254000,248500,251000,187005,0,-1.5686,0,0
2022-01-03,252500,260000,252500,255500,171890,0,1.7928,0,0
2022-01-04,256000,257000,252500,256000,147236,0,0.1957,0,0
2022-01-05,253500,256000,249500,251500,194984,0,-1.7578,0,0
2022-01-06,247500,250000,243500,244000,249886,0,-2.9821,0,0
2022-01-07,243500,247500,243000,245500,178726,0,0.6148,0,0
2022-01-10,245500,249000,242500,244000,142238,0,-0.611,0,0
2022-01-11,242500,245000,239000,239500,154393,0,-1.8443,0,0
2022-01-12,241500,249500,241000,249000,174343,0,3.9666,0,0
2022-01-13,248000,250500,246000,247000,112034,0,-0.8032,0,0
2022-01-14,243500,247000,243000,244000,89307,0,-1.2146,0,0
2022-01-17,243000,244000,240000,241500,81514,0,-1.0246,0,0
2022-01-18,241000,242500,238000,238500,98458,0,-1.2422,0,0
2022-01-19,235000,240000,234000,235500,128176,0,-1.2579,0,0
2022-01-20,236000,239500,234500,237500,99734,0,0.8493,0,0
2022-01-21,235000,235500,230500,234000,156643,0,-1.4737,0,0
2022-01-24,232500,234000,227000,229500,148808,0,-1.9231,0,0
2022-01-25,230000,231500,220000,224000,208637,0,-2.3965,0,0
2022-01-26,224000,225000,219500,219500,129794,0,-2.0089,0,0
2022-01-27,221000,221500,210000,210000,274447,0,-4.328,0,0
2022-01-28,210000,220500,203500,218500,269071,0,4.0476,0,0
2022-02-03,222500,228000,221000,223500,175088,0,2.2883,0,0
2022-02-04,222500,225000,220000,224000,130985,0,0.2237,0,0
2022-02-07,224000,224000,219000,223000,119763,0,-0.4464,0,0
2022-02-08,224500,227000,219000,220500,140728,0,-1.1211,0,0
2022-02-09,223000,224000,220500,223000,124971,0,1.1338,0,0
2022-02-10,224500,228000,221500,225500,189155,0,1.1211,0,0
2022-02-11,222500,225500,221500,223000,128799,0,-1.1086,0,0
2022-02-14,220000,223500,217000,221500,128676,0,-0.6726,0,0
2022-02-15,219000,221500,217000,218000,108306,0,-1.5801,0,0
2022-02-16,221000,224000,220000,223000,71012,0,2.2936,0,0
2022-02-17,224000,228000,221000,224000,131546,0,0.4484,0,0
2022-02-18,221000,226000,220500,225500,89856,0,0.6696,0,0
2022-02-21,222000,227500,220500,225500,93278,0,0.0,0,0
2022-02-22,221500,224500,220500,221500,121950,0,-1.7738,0,0
2022-02-23,223000,231000,222500,227000,131139,0,2.4831,0,0
2022-02-24,223000,226500,221000,222500,106135,0,-1.9824,0,0
2022-02-25,224000,227000,222000,222000,108572,0,-0.2247,0,0
2022-02-28,223500,229000,222500,227500,196293,0,2.4775,0,0
2022-03-02,228000,237000,226500,233500,251015,0,2.6374,0,0
2022-03-03,234000,235500,232000,232500,94123,0,-0.4283,0,0
2022-03-04,232500,234000,228000,229500,116835,0,-1.2903,0,0
2022-03-07,225500,228500,222000,226000,157996,0,-1.5251,0,0
2022-03-08,224000,234000,222000,231000,202304,0,2.2124,0,0
2022-03-10,235500,239000,232500,236500,197274,0,2.381,0,0
2022-03-11,234000,248500,234000,247000,304725,0,4.4397,0,0
2022-03-14,245000,246500,237500,237500,156359,0,-3.8462,0,0
2022-03-15,237500,240000,232000,233500,96304,0,-1.6842,0,0
2022-03-16,236000,236500,230500,234500,112318,0,0.4283,0,0
2022-03-17,238000,242000,235500,235500,118579,0,0.4264,0,0
2022-03-18,238000,239500,235000,238500,228861,0,1.2739,0,0
2022-03-21,238000,240000,236500,238500,65637,0,0.0,0,0
2022-03-22,238500,246000,237500,239500,232615,0,0.4193,0,0
2022-03-23,241000,241500,236000,238000,112317,0,-0.6263,0,0
2022-03-24,236000,241000,235500,240500,96373,0,1.0504,0,0
2022-03-25,240000,242000,237500,240000,63555,0,-0.2079,0,0
2022-03-28,237500,241000,236000,240500,70401,0,0.2083,0,0
2022-03-29,242000,253000,240500,246500,278007,0,2.4948,0,0
2022-03-30,249000,249000,240500,242000,209293,0,-1.8256,0,0
2022-03-31,241500,245000,240000,242000,124977,0,0.0,0,0
2022-04-01,240500,243000,239000,241500,101397,0,-0.2066,0,0
2022-04-04,240000,249500,239000,247500,172401,0,2.4845,0,0
2022-04-05,246500,249000,245500,247500,98377,0,0.0,0,0
2022-04-06,244500,249500,244000,248500,122625,0,0.404,0,0
2022-04-07,246000,250500,245500,246000,137084,0,-1.006,0,0
2022-04-08,247000,249000,245500,248000,78086,0,0.813,0,0
2022-04-11,246000,250500,245000,248500,76216,0,0.2016,0,0
2022-04-12,248000,248500,243500,244000,91326,0,-1.8109,0,0
2022-04-13,245500,248500,243500,248500,70547,0,1.8443,0,0
2022-04-14,247000,249500,246500,249500,100825,0,0.4024,0,0
2022-04-15,246500,252000,245500,250500,103080,0,0.4008,0,0
2022-04-18,247000,252000,247000,249500,67552,0,-0.3992,0,0
2022-04-19,251000,252000,248500,251000,82344,0,0.6012,0,0
2022-04-20,250500,259000,249000,257000,281934,0,2.3904,0,0
2022-04-21,259000,267000,258000,265000,278311,0,3.1128,0,0
2022-04-22,261500,265500,260500,265000,162640,0,0.0,0,0
2022-04-25,260500,263500,256000,259000,139379,0,-2.2642,0,0
2022-04-26,260000,263500,255500,262000,141954,0,1.1583,0,0
2022-04-27,256500,262500,256000,261500,150855,0,-0.1908,0,0
2022-04-28,263000,271500,262000,269000,266977,0,2.8681,0,0
2022-04-29,267500,269500,265500,268000,123866,0,-0.3717,0,0
2022-05-02,264500,270500,264000,269000,93565,0,0.3731,0,0
2022-05-03,268000,269500,260500,261000,196821,0,-2.974,0,0
2022-05-04,261000,262000,257500,260500,148374,0,-0.1916,0,0
2022-05-06,257000,261000,256500,258500,124041,0,-0.7678,0,0
2022-05-09,255500,256000,246500,248500,243820,0,-3.8685,0,0
2022-05-10,244500,247500,238000,246500,223043,0,-0.8048,0,0
2022-05-11,243500,245000,239500,244000,168685,0,-1.0142,0,0
2022-05-12,240500,247500,240000,242500,199166,0,-0.6148,0,0
2022-05-13,243500,245500,242000,245000,154891,0,1.0309,0,0
2022-05-16,247500,247500,240500,245500,154160,0,0.2041,0,0
2022-05-17,247000,250500,244500,250000,178108,0,1.833,0,0
2022-05-18,250000,251000,245000,248000,179268,0,-0.8,0,0
2022-05-19,243500,249500,242500,247000,142546,0,-0.4032,0,0
2022-05-20,247500,251500,247500,248500,134164,0,0.6073,0,0
2022-05-23,248000,249500,245000,246000,114832,0,-1.006,0,0
2022-05-24,244000,245000,233000,233000,508735,0,-5.2846,0,0
2022-05-25,235000,238000,235000,236500,177441,0,1.5021,0,0
2022-05-26,236500,238500,234500,236000,158214,0,-0.2114,0,0
2022-05-27,239000,240500,237000,238000,117097,0,0.8475,0,0
2022-05-30,240500,243000,240000,243000,110215,0,2.1008,0,0
2022-05-31,243500,248500,241500,248000,657683,0,2.0576,0,0
2022-06-02,245000,249500,245000,249500,128442,0,0.6048,0,0
2022-06-03,250000,251000,247500,250000,67877,0,0.2004,0,0
2022-06-07,248500,250000,245500,246500,89724,0,-1.4,0,0
2022-06-08,246000,247500,244500,246500,78008,0,0.0,0,0
2022-06-09,246500,249000,245000,249000,153389,0,1.0142,0,0
2022-06-10,245500,248000,245500,246500,67895,0,-1.004,0,0
2022-06-13,240500,245000,238000,238500,137777,0,-3.2454,0,0
2022-06-14,236500,238500,233000,237000,137467,0,-0.6289,0,0
2022-06-15,239000,239000,226500,227500,173102,0,-4.0084,0,0
2022-06-16,231000,234500,228000,228500,98589,0,0.4396,0,0
2022-06-17,225000,233500,223000,231500,186840,0,1.3129,0,0
2022-06-20,233500,233500,222500,224500,101436,0,-3.0238,0,0
2022-06-21,228000,230000,224000,227000,75410,0,1.1136,0,0
2022-06-22,227500,227500,217500,217500,170987,0,-4.185,0,0
2022-06-23,217500,220500,214000,216000,148051,0,-0.6897,0,0
2022-06-24,216500,225500,215500,222000,152394,0,2.7778,0,0
2022-06-27,223500,224000,219000,222000,121742,0,0.0,0,0
2022-06-28,223000,225000,221000,225000,87302,0,1.3514,0,0
2022-06-29,221500,222500,216500,218000,153629,0,-3.1111,0,0
2022-06-30,217000,219500,214500,215000,149136,0,-1.3761,0,0
2022-07-01,217500,218000,209000,211500,165068,0,-1.6279,0,0
2022-07-04,210500,212500,206500,209500,125357,0,-0.9456,0,0
2022-07-05,211500,217000,210000,216500,93468,0,3.3413,0,0
2022-07-06,214000,216000,205500,205500,145625,0,-5.0808,0,0
2022-07-07,209000,209500,206000,208000,94819,0,1.2165,0,0
2022-07-08,209500,211500,208500,208500,111719,0,0.2404,0,0
2022-07-11,209500,212000,207500,208000,70567,0,-0.2398,0,0
2022-07-12,206500,208000,202500,206500,97109,0,-0.7212,0,0
2022-07-13,207000,209500,203500,208500,110400,0,0.9685,0,0
2022-07-14,206000,209500,204000,206500,162283,0,-0.9592,0,0
2022-07-15,209000,214500,203500,210500,154279,0,1.937,0,0
2022-07-18,212500,215500,211500,212500,83197,0,0.9501,0,0
2022-07-19,211500,219500,210000,216000,112634,0,1.6471,0,0
2022-07-20,220500,221000,214000,215500,97787,0,-0.2315,0,0
2022-07-21,214500,217000,214000,216000,96977,0,0.232,0,0
2022-07-22,216500,217000,213500,214000,95709,0,-0.9259,0,0
2022-07-25,213500,219000,212500,217500,91873,0,1.6355,0,0
2022-07-26,216500,219000,215500,217500,53332,0,0.0,0,0
2022-07-27,220500,220500,216000,219500,69716,0,0.9195,0,0
2022-07-28,220000,222500,218000,218500,120982,0,-0.4556,0,0
2022-07-29,220500,223000,218000,220000,155054,0,0.6865,0,0
2022-08-01,219500,221500,218000,218000,93822,0,-0.9091,0,0
2022-08-02,217500,218000,213000,214500,120875,0,-1.6055,0,0
2022-08-03,214500,216500,213500,216000,130572,0,0.6993,0,0
2022-08-04,218000,218000,213000,215500,124658,0,-0.2315,0,0
2022-08-05,215500,219500,214500,218000,81107,0,1.1601,0,0
2022-08-08,217000,221000,217000,219500,63201,0,0.6881,0,0
2022-08-09,219000,222000,218500,221000,95172,0,0.6834,0,0
2022-08-10,220500,228500,219000,223000,181109,0,0.905,0,0
2022-08-11,227000,230500,225000,228500,205164,0,2.4664,0,0
2022-08-12,229000,231500,228000,230000,97305,0,0.6565,0,0
2022-08-16,233000,236500,228500,229500,101352,0,-0.2174,0,0
2022-08-17,232000,239500,232000,236500,185833,0,3.0501,0,0
2022-08-18,234000,239000,234000,236000,122396,0,-0.2114,0,0
2022-08-19,235000,236500,231500,231500,108529,0,-1.9068,0,0
2022-08-22,227500,231500,227500,229500,97020,0,-0.8639,0,0
2022-08-23,228000,230500,224500,225500,122366,0,-1.7429,0,0
2022-08-24,227000,233500,227000,232500,151226,0,3.1042,0,0
2022-08-25,232500,235500,230000,234500,90022,0,0.8602,0,0
2022-08-26,235000,238000,233000,233500,82065,0,-0.4264,0,0
2022-08-29,227500,231000,226500,227000,115526,0,-2.7837,0,0
2022-08-30,229500,229500,226000,227500,59105,0,0.2203,0,0
2022-08-31,233500,235500,230000,233000,263607,0,2.4176,0,0
2022-09-01,230500,231000,223500,223500,164168,0,-4.0773,0,0
2022-09-02,224500,227500,222500,224500,89571,0,0.4474,0,0
2022-09-05,225000,228000,224000,225000,56809,0,0.2227,0,0
2022-09-06,224500,225500,220500,221000,87816,0,-1.7778,0,0
2022-09-07,219500,220500,215500,219000,85988,0,-0.905,0,0
2022-09-08,221000,222500,218500,219500,103523,0,0.2283,0,0
2022-09-13,224000,231500,222500,230000,154546,0,4.7836,0,0
2022-09-14,224000,227000,222500,224500,101556,0,-2.3913,0,0
2022-09-15,225000,231500,223500,228000,107002,0,1.559,0,0
2022-09-16,225500,228000,223000,224500,107824,0,-1.5351,0,0
2022-09-19,225000,226000,221000,221500,59915,0,-1.3363,0,0
2022-09-20,223500,228000,223500,225500,61140,0,1.8059,0,0
2022-09-21,224000,226500,222500,223500,61385,0,-0.8869,0,0
2022-09-22,221000,223000,218500,222000,69275,0,-0.6711,0,0
2022-09-23,224500,224500,214000,214500,104536,0,-3.3784,0,0
2022-09-26,210000,211500,203000,204000,156495,0,-4.8951,0,0
2022-09-27,204000,205500,198500,201000,153354,0,-1.4706,0,0
2022-09-28,199500,201000,192000,194000,177000,0,-3.4826,0,0
2022-09-29,198500,199500,194000,195500,115411,0,0.7732,0,0
2022-09-30,195500,198000,191500,192000,122060,0,-1.7903,0,0
2022-10-04,196500,203500,194500,201500,108468,0,4.9479,0,0
2022-10-05,204500,204500,199000,200000,113704,0,-0.7444,0,0
2022-10-06,201500,205000,200500,202500,70450,0,1.25,0,0
2022-10-07,200000,208500,198000,206000,166717,0,1.7284,0,0
2022-10-11,201500,203500,198000,199500,130329,0,-3.1553,0,0
2022-10-12,198000,202500,197000,202000,87433,0,1.2531,0,0
2022-10-13,201500,203000,199000,199500,112787,0,-1.2376,0,0
2022-10-14,203000,209500,202000,206000,124201,0,3.2581,0,0
2022-10-17,199000,199500,192500,198500,360879,0,-3.6408,0,0
2022-10-18,202000,207000,201500,205000,123813,0,3.2746,0,0
2022-10-19,208000,208000,204000,204500,75430,0,-0.2439,0,0
2022-10-20,203500,208500,203000,207500,148121,0,1.467,0,0
2022-10-21,205000,206500,199500,202000,141047,0,-2.6506,0,0
2022-10-24,204000,207500,199500,202000,121460,0,0.0,0,0
2022-10-25,203500,206500,201000,206500,91219,0,2.2277,0,0
2022-10-26,204000,207000,203500,205500,72956,0,-0.4843,0,0
2022-10-27,207000,212000,206000,210500,126162,0,2.4331,0,0
2022-10-28,210000,214000,209500,210500,99333,0,0.0,0,0
2022-10-31,213000,214000,208500,214000,117360,0,1.6627,0,0
2022-11-01,214000,218000,212500,218000,136804,0,1.8692,0,0
2022-11-02,216000,221000,215500,218500,111937,0,0.2294,0,0
2022-11-03,215000,222000,215000,219500,119522,0,0.4577,0,0
2022-11-04,218500,219500,214000,218000,99062,0,-0.6834,0,0
2022-11-07,218000,222500,217500,222000,81585,0,1.8349,0,0
2022-11-08,222500,225500,220500,224000,89136,0,0.9009,0,0
2022-11-09,225500,225500,221500,223500,103483,0,-0.2232,0,0
2022-11-10,221500,225500,219500,220000,121090,0,-1.566,0,0
2022-11-11,225500,229000,224000,227000,158942,0,3.1818,0,0
2022-11-14,225500,228000,221500,222000,139616,0,-2.2026,0,0
2022-11-15,221500,222500,218000,219000,131446,0,-1.3514,0,0
2022-11-16,219000,220000,214500,220000,162028,0,0.4566,0,0
2022-11-17,220000,221500,216000,216500,92498,0,-1.5909,0,0
2022-11-18,215000,216500,210500,211000,162473,0,-2.5404,0,0
2022-11-21,212000,212000,206000,208500,144213,0,-1.1848,0,0
2022-11-22,208500,208500,204000,206000,133532,0,-1.199,0,0
2022-11-23,207000,207000,203500,205000,161055,0,-0.4854,0,0
2022-11-24,207000,208500,205500,208000,79622,0,1.4634,0,0
2022-11-25,209000,211500,207000,210000,108787,0,0.9615,0,0
2022-11-28,210000,212500,207500,210500,111704,0,0.2381,0,0
2022-11-29,212000,217000,208500,215500,104046,0,2.3753,0,0
2022-11-30,213500,220000,212500,219000,228247,0,1.6241,0,0
2022-12-01,221500,222000,217000,217500,103206,0,-0.6849,0,0
2022-12-02,218000,218000,210500,211000,126715,0,-2.9885,0,0
2022-12-05,211500,214000,208000,211000,104508,0,0.0,0,0
2022-12-06,210000,212500,207500,209500,119848,0,-0.7109,0,0
2022-12-07,208500,210000,203500,204000,166394,0,-2.6253,0,0
2022-12-08,205500,205500,200500,204000,152905,0,0.0,0,0
2022-12-09,204500,205000,201000,203500,148824,0,-0.2451,0,0
2022-12-12,203000,204000,199500,201500,135261,0,-0.9828,0,0
2022-12-13,203000,204000,200500,202500,89535,0,0.4963,0,0
2022-12-14,203500,206500,203500,205500,110800,0,1.4815,0,0
2022-12-15,204500,206000,203000,203000,63401,0,-1.2165,0,0
2022-12-16,201500,203500,200500,203500,110334,0,0.2463,0,0
2022-12-19,202000,203500,201000,203000,67810,0,-0.2457,0,0
2022-12-20,203500,203500,200000,200500,91778,0,-1.2315,0,0
2022-12-21,201500,201500,198500,199500,103143,0,-0.4988,0,0
2022-12-22,200000,201500,199000,201000,109683,0,0.7519,0,0
2022-12-23,199000,200500,197500,198500,87664,0,-1.2438,0,0
2022-12-26,199500,201000,198000,200500,102637,0,1.0076,0,0
2022-12-27,200500,202500,200500,202500,140593,0,0.9975,0,0
2022-12-28,199000,199000,195500,196500,121655,0,-2.963,0,0
2022-12-29,195000,196000,189000,189000,143674,0,-3.8168,0,0
2023-01-02,188500,191000,184500,185000,91764,0,-2.1164,0,0
2023-01-03,185000,185500,178500,184000,190444,0,-0.5405,0,0
2023-01-04,182000,189500,181000,188500,113141,0,2.4457,0,0
2023-01-05,187500,191000,186000,187500,85440,0,-0.5305,0,0
2023-01-06,185000,188500,185000,186500,99160,0,-0.5333,0,0
2023-01-09,189000,194000,188500,193500,111557,0,3.7534,0,0
2023-01-10,193000,193000,188000,189500,129761,0,-2.0672,0,0
2023-01-11,189500,191000,188500,189500,83699,0,0.0,0,0
2023-01-12,190000,192500,189500,190500,122468,0,0.5277,0,0
2023-01-13,192000,197000,191500,193000,124206,0,1.3123,0,0
2023-01-16,194500,196000,192000,194500,73794,0,0.7772,0,0
2023-01-17,194500,195000,192000,194000,93198,0,-0.2571,0,0
2023-01-18,194000,194000,190500,192000,68119,0,-1.0309,0,0
2023-01-19,190000,194500,190000,193000,64432,0,0.5208,0,0
2023-01-20,192000,194000,190000,194000,63930,0,0.5181,0,0
2023-01-25,195100,197100,193900,194700,90908,0,0.3608,0,0
2023-01-26,194400,197900,194400,197900,105859,0,1.6436,0,0
2023-01-27,197900,206000,197900,205500,231640,0,3.8403,0,0
2023-01-30,203500,205000,199800,199800,125462,0,-2.7737,0,0
2023-01-31,199800,202500,197200,198100,166516,0,-0.8509,0,0
2023-02-01,198400,200500,197800,200500,121055,0,1.2115,0,0
2023-02-02,201500,202500,197600,198300,145663,0,-1.0973,0,0
2023-02-03,198300,200500,197100,200500,92857,0,1.1094,0,0
2023-02-06,199500,201000,196900,197400,103899,0,-1.5461,0,0
2023-02-07,197000,198000,195300,195500,126008,0,-0.9625,0,0
2023-02-08,196200,200500,196200,200500,97624,0,2.5575,0,0
2023-02-09,198300,202000,198200,198900,108297,0,-0.798,0,0
2023-02-10,197200,199300,196900,199000,95017,0,0.0503,0,0
2023-02-13,197400,199900,195900,196000,126891,0,-1.5075,0,0
2023-02-14,197400,198600,196400,198000,99782,0,1.0204,0,0
2023-02-15,196100,197000,186100,186300,403894,0,-5.9091,0,0
2023-02-16,187300,189700,187300,187800,184614,0,0.8052,0,0
2023-02-17,186100,189300,186100,187100,125816,0,-0.3727,0,0
2023-02-20,187100,188900,185800,187900,134198,0,0.4276,0,0
2023-02-21,187900,190500,187100,187900,143723,0,0.0,0,0
2023-02-22,186600,186700,184000,184100,194022,0,-2.0224,0,0
2023-02-23,184200,184700,182200,182500,215606,0,-0.8691,0,0
2023-02-24,182400,183300,180100,180400,189543,0,-1.1507,0,0
2023-02-27,179800,180100,177500,178300,188012,0,-1.1641,0,0
2023-02-28,178800,179300,177800,178600,387472,0,0.1683,0,0
2023-03-02,177600,182300,177400,182100,194639,0,1.9597,0,0
2023-03-03,181200,183300,181200,181800,126352,0,-0.1647,0,0
2023-03-06,183300,184600,182100,184400,129870,0,1.4301,0,0
2023-03-07,183800,184400,181000,181000,182240,0,-1.8438,0,0
2023-03-08,178000,178800,177300,177900,214835,0,-1.7127,0,0
2023-03-09,178200,178700,174100,174300,260053,0,-2.0236,0,0
2023-03-10,173000,173000,170800,172300,219685,0,-1.1474,0,0
2023-03-13,172200,173200,170200,172700,121326,0,0.2322,0,0
2023-03-14,170900,171500,167500,167600,202252,0,-2.9531,0,0
2023-03-15,169500,169800,165700,166000,221437,0,-0.9547,0,0
2023-03-16,165100,165100,162300,162900,200404,0,-1.8675,0,0
2023-03-17,164500,167700,163100,165000,195238,0,1.2891,0,0
2023-03-20,164900,165700,162600,162900,135172,0,-1.2727,0,0
2023-03-21,163400,170100,163400,167200,173052,0,2.6397,0,0
2023-03-22,168500,168900,164300,165300,173965,0,-1.1364,0,0
2023-03-23,163500,165600,162400,163300,196569,0,-1.2099,0,0
2023-03-24,162900,165800,162500,165200,119190,0,1.1635,0,0
2023-03-27,166000,166100,163600,164900,127082,0,-0.1816,0,0
2023-03-28,165500,166800,164200,166100,124846,0,0.7277,0,0
2023-03-29,166200,167300,164300,165700,144667,0,-0.2408,0,0
2023-03-30,167000,174800,165800,172800,331222,0,4.2849,0,0
2023-03-31,173300,173900,170400,172500,139551,0,-0.1736,0,0
2023-04-03,172800,174800,171100,171800,114028,0,-0.4058,0,0
2023-04-04,171000,176500,171000,174500,179751,0,1.5716,0,0
2023-04-05,174500,176700,173100,173600,112227,0,-0.5158,0,0
2023-04-06,172900,172900,168600,169000,184584,0,-2.6498,0,0
2023-04-07,169400,172000,168100,171100,103723,0,1.2426,0,0
2023-04-10,170500,172900,169600,171300,100477,0,0.1169,0,0
2023-04-11,171400,173900,169100,172200,189988,0,0.5254,0,0
2023-04-12,172400,177000,172300,176300,192773,0,2.381,0,0
2023-04-13,175500,175500,172700,172700,170809,0,-2.042,0,0
2023-04-14,173300,175800,173300,174700,134127,0,1.1581,0,0
2023-04-17,174400,174500,169600,170000,252761,0,-2.6903,0,0
2023-04-18,170300,171100,168900,170000,170398,0,0.0,0,0
2023-04-19,170000,172200,169900,170500,100654,0,0.2941,0,0
2023-04-20,170000,170200,167600,168200,167529,0,-1.349,0,0
2023-04-21,168200,168200,165700,166900,93143,0,-0.7729,0,0
2023-04-24,166900,167400,164900,165200,97223,0,-1.0186,0,0
2023-04-25,165000,165200,162200,163100,157184,0,-1.2712,0,0
2023-04-26,163100,163900,162500,163400,106045,0,0.1839,0,0
2023-04-27,163000,163100,159900,161900,151529,0,-0.918,0,0
2023-04-28,162100,164200,161700,162500,142967,0,0.3706,0,0
2023-05-02,162600,165500,162500,165400,151674,0,1.7846,0,0
2023-05-03,164700,165000,163100,163900,97354,0,-0.9069,0,0
2023-05-04,162400,164100,162100,164100,74895,0,0.122,0,0
2023-05-08,162600,167500,162600,166900,127164,0,1.7063,0,0
2023-05-09,167600,168900,166500,167700,129519,0,0.4793,0,0
2023-05-10,167500,168800,166200,167000,103488,0,-0.4174,0,0
2023-05-11,167000,168500,166300,166300,81808,0,-0.4192,0,0
2023-05-12,166400,166400,164100,164700,99291,0,-0.9621,0,0
2023-05-15,163800,166100,163000,165500,89023,0,0.4857,0,0
2023-05-16,165600,168400,163000,163100,108590,0,-1.4502,0,0
2023-05-17,162200,164500,161200,164100,99821,0,0.6131,0,0
2023-05-18,164700,167400,163000,167000,125667,0,1.7672,0,0
2023-05-19,167000,168900,166200,168400,149261,0,0.8383,0,0
2023-05-22,168400,173300,168100,172600,221979,0,2.4941,0,0
2023-05-23,172700,173900,171300,171900,95215,0,-0.4056,0,0
2023-05-24,171000,172000,169900,172000,96109,0,0.0582,0,0
2023-05-25,170700,172100,169800,169800,119031,0,-1.2791,0,0
2023-05-26,169900,172800,169500,172800,113885,0,1.7668,0,0
2023-05-30,174000,175700,172100,172700,171864,0,-0.0579,0,0
2023-05-31,171900,173400,167800,167800,405317,0,-2.8373,0,0
2023-06-01,168800,170400,167600,168100,147234,0,0.1788,0,0
2023-06-02,168700,169700,168000,169600,94651,0,0.8923,0,0
2023-06-05,170300,172800,169800,169800,98425,0,0.1179,0,0
2023-06-07,171300,176200,170700,174800,245565,0,2.9446,0,0
2023-06-08,174000,174100,170700,170700,197806,0,-2.3455,0,0
2023-06-09,172100,173600,171700,173100,120494,0,1.406,0,0
2023-06-12,172500,173700,170800,171000,81420,0,-1.2132,0,0
2023-06-13,171900,172400,170200,170700,120660,0,-0.1754,0,0
2023-06-14,171300,171700,168500,168600,139542,0,-1.2302,0,0
2023-06-15,169100,170000,166700,167200,142627,0,-0.8304,0,0
2023-06-16,167300,167900,165400,166000,188293,0,-0.7177,0,0
2023-06-19,166100,166200,163400,164600,150261,0,-0.8434,0,0
2023-06-20,165400,165400,163100,163500,143262,0,-0.6683,0,0
2023-06-21,163800,163800,161000,161200,176356,0,-1.4067,0,0
2023-06-22,161200,161600,160000,161000,131371,0,-0.1241,0,0
2023-06-23,160800,161800,157700,158200,202492,0,-1.7391,0,0
2023-06-26,155300,155400,148500,151600,488189,0,-4.1719,0,0
2023-06-27,151000,155600,150900,155100,194299,0,2.3087,0,0
2023-06-28,156100,156800,152000,153100,180841,0,-1.2895,0,0
2023-06-29,152000,152400,148200,148300,250860,0,-3.1352,0,0
2023-06-30,148000,149500,146500,148700,157146,0,0.2697,0,0
2023-07-03,149900,151900,149100,149700,127387,0,0.6725,0,0
2023-07-04,149600,151000,147000,147700,149664,0,-1.336,0,0
2023-07-05,147800,148700,146500,147200,154402,0,-0.3385,0,0
2023-07-06,146400,147200,143100,143500,235923,0,-2.5136,0,0
2023-07-07,142800,142800,139500,140200,245180,0,-2.2997,0,0
2023-07-10,139900,143800,139600,143100,129716,0,2.0685,0,0
2023-07-11,143500,145600,142600,145100,123071,0,1.3976,0,0
2023-07-12,145200,148400,144400,148100,137252,0,2.0675,0,0
2023-07-13,149400,150100,147100,147500,261581,0,-0.4051,0,0
2023-07-14,147600,150100,147500,149400,138093,0,1.2881,0,0
2023-07-17,148000,149400,146500,148100,103044,0,-0.8701,0,0
2023-07-18,149100,150000,146800,147600,106017,0,-0.3376,0,0
2023-07-19,148000,148500,146100,147000,155051,0,-0.4065,0,0
2023-07-20,146100,149400,145400,147800,118112,0,0.5442,0,0
2023-07-21,147100,148300,144100,148200,135133,0,0.2706,0,0
2023-07-24,148000,149200,145000,148200,175185,0,0.0,0,0
2023-07-25,148300,149700,146900,148300,173904,0,0.0675,0,0
2023-07-26,148000,149200,145200,146200,251610,0,-1.416,0,0
2023-07-27,147000,150300,146800,148400,226702,0,1.5048,0,0
2023-07-28,147000,150800,145700,150700,126451,0,1.5499,0,0
2023-07-31,151500,157400,150800,152800,253239,0,1.3935,0,0
2023-08-01,153500,158700,153500,157600,223194,0,3.1414,0,0
2023-08-02,156000,158900,154800,155200,125353,0,-1.5228,0,0
2023-08-03,154600,156600,154100,155500,109758,0,0.1933,0,0
2023-08-04,156100,156500,154700,155500,76807,0,0.0,0,0
2023-08-07,154600,155600,153400,154200,84050,0,-0.836,0,0
2023-08-08,155600,155600,151500,153100,97847,0,-0.7134,0,0
2023-08-09,152100,153200,151200,152000,84349,0,-0.7185,0,0
2023-08-10,152000,157000,151200,151200,232014,0,-0.5263,0,0
2023-08-11,151600,154200,151000,151100,96116,0,-0.0661,0,0
2023-08-14,150800,152600,148300,148500,126541,0,-1.7207,0,0
2023-08-16,147800,148200,143500,143500,190275,0,-3.367,0,0
2023-08-17,142900,143400,140500,141500,171210,0,-1.3937,0,0
2023-08-18,140300,140400,138700,138800,187844,0,-1.9081,0,0
2023-08-21,139200,142100,139200,140100,101597,0,0.9366,0,0
2023-08-22,140900,143300,139800,142000,113896,0,1.3562,0,0
2023-08-23,140900,142900,140700,141900,87609,0,-0.0704,0,0
2023-08-24,142900,144300,142300,143200,65490,0,0.9161,0,0
2023-08-25,140700,143100,140500,142500,84278,0,-0.4888,0,0
2023-08-28,143900,145300,142400,144500,68492,0,1.4035,0,0
2023-08-29,144500,146000,143800,144600,56749,0,0.0692,0,0
2023-08-30,146000,146600,145300,145800,66563,0,0.8299,0,0
2023-08-31,145800,146700,144300,144500,262335,0,-0.8916,0,0
2023-09-01,145700,154400,145700,149300,239578,0,3.3218,0,0
2023-09-04,149100,151000,148000,150700,64523,0,0.9377,0,0
2023-09-05,149700,150600,148700,149300,67247,0,-0.929,0,0
2023-09-06,149200,150000,148000,148300,63669,0,-0.6698,0,0
2023-09-07,147500,148800,145400,146000,92411,0,-1.5509,0,0
2023-09-08,146200,147400,144500,146900,107296,0,0.6164,0,0
2023-09-11,146900,148600,146500,147300,68688,0,0.2723,0,0
2023-09-12,147900,148500,145800,146100,90229,0,-0.8147,0,0
2023-09-13,145700,148300,145700,146600,90943,0,0.3422,0,0
2023-09-14,146500,148400,146100,147800,138511,0,0.8186,0,0
2023-09-15,149200,152500,148300,151900,228745,0,2.774,0,0
2023-09-18,152000,152100,150100,150300,102472,0,-1.0533,0,0
2023-09-19,150400,151500,149900,151000,73253,0,0.4657,0,0
2023-09-20,150600,153200,150500,152600,122999,0,1.0596,0,0
2023-09-21,151700,152600,149800,149900,94646,0,-1.7693,0,0
2023-09-22,148100,150300,145600,149300,93133,0,-0.4003,0,0
2023-09-25,149000,150300,148200,149500,59709,0,0.134,0,0
2023-09-26,148200,150500,146100,146200,85306,0,-2.2074,0,0
2023-09-27,145100,148700,144500,146200,90407,0,0.0,0,0
2023-10-04,144900,145100,138600,138800,268331,0,-5.0616,0,0
2023-10-05,139500,140500,136000,136000,215489,0,-2.0173,0,0
2023-10-06,136000,136600,134700,134900,134798,0,-0.8088,0,0
2023-10-10,137500,141200,136300,137800,141191,0,2.1497,0,0
2023-10-11,137900,148000,137800,147300,190580,0,6.894,0,0
2023-10-12,148300,163100,146200,159100,788364,0,8.0109,0,0
2023-10-13,157300,157800,152400,153500,274175,0,-3.5198,0,0
2023-10-16,153500,153500,150600,151800,131379,0,-1.1075,0,0
2023-10-17,152000,153200,150900,152000,97757,0,0.1318,0,0
2023-10-18,151000,152800,149600,149900,84767,0,-1.3816,0,0
2023-10-19,148000,150500,146700,149300,117789,0,-0.4003,0,0
2023-10-20,148100,148800,142300,145200,206525,0,-2.7461,0,0
2023-10-23,144400,144400,141400,141600,157491,0,-2.4793,0,0
2023-10-24,142500,143700,139300,141700,97398,0,0.0706,0,0
2023-10-25,142100,145000,141900,143000,80396,0,0.9174,0,0
2023-10-26,141700,141800,139100,140800,135689,0,-1.5385,0,0
2023-10-27,142200,142300,139000,139500,98397,0,-0.9233,0,0
2023-10-30,139000,143700,139000,143400,76705,0,2.7957,0,0
2023-10-31,144500,146600,141000,142000,92614,0,-0.9763,0,0
2023-11-01,145000,148800,143800,144900,158505,0,2.0423,0,0
2023-11-02,147400,149700,146400,148900,150198,0,2.7605,0,0
2023-11-03,150400,155700,150200,155500,208087,0,4.4325,0,0
2023-11-06,157300,160800,156100,160800,225211,0,3.4084,0,0
2023-11-07,159000,161000,156400,159900,193782,0,-0.5597,0,0
2023-11-08,161800,161800,157100,159900,125723,0,0.0,0,0
2023-11-09,158600,161900,158600,159600,164418,0,-0.1876,0,0
2023-11-10,159100,160200,157100,159600,82496,0,0.0,0,0
2023-11-13,159000,159300,154200,155600,118882,0,-2.5063,0,0
2023-11-14,157500,160700,156700,158600,125092,0,1.928,0,0
2023-11-15,161900,164700,161900,163800,177563,0,3.2787,0,0
2023-11-16,163000,164600,162500,164600,100759,0,0.4884,0,0
2023-11-17,164900,164900,161400,163000,90086,0,-0.9721,0,0
2023-11-20,163000,164400,161100,163700,80679,0,0.4294,0,0
2023-11-21,164500,164600,161800,164000,99448,0,0.1833,0,0
2023-11-22,162700,164500,162200,163500,107312,0,-0.3049,0,0
2023-11-23,163500,164300,161800,163300,85112,0,-0.1223,0,0
2023-11-24,163500,163500,160400,160700,111928,0,-1.5922,0,0
2023-11-27,161500,162900,159900,161800,95290,0,0.6845,0,0
2023-11-28,162600,167500,161500,166600,210522,0,2.9666,0,0
2023-11-29,165000,166500,162300,164700,126308,0,-1.1405,0,0
2023-11-30,165200,166300,162400,163600,252803,0,-0.6679,0,0
2023-12-01,163500,166800,163500,165200,123422,0,0.978,0,0
2023-12-04,166600,168500,164500,167300,123006,0,1.2712,0,0
2023-12-05,165900,169500,165100,168500,131618,0,0.7173,0,0
2023-12-06,168500,170500,168200,168900,118792,0,0.2374,0,0
2023-12-07,167300,169800,166300,169700,101941,0,0.4737,0,0
2023-12-08,170200,171000,168500,170800,103716,0,0.6482,0,0
2023-12-11,171500,172000,169500,170800,75748,0,0.0,0,0
2023-12-12,171600,172300,169900,171500,116788,0,0.4098,0,0
2023-12-13,171100,173100,171100,172000,108752,0,0.2915,0,0
2023-12-14,173600,174900,173200,174000,212418,0,1.1628,0,0
2023-12-15,174600,177800,174100,177600,209465,0,2.069,0,0
2023-12-18,177500,177500,174500,174500,98657,0,-1.7455,0,0
2023-12-19,174200,176700,174200,175700,89769,0,0.6877,0,0
2023-12-20,176000,178200,175800,177200,111449,0,0.8537,0,0
2023-12-21,176000,177600,174200,175300,90934,0,-1.0722,0,0
2023-12-22,175400,176300,173000,173500,99700,0,-1.0268,0,0
2023-12-26,175200,176100,173500,175000,101768,0,0.8646,0,0
2023-12-27,174300,177300,173300,176200,93612,0,0.6857,0,0
2023-12-28,176500,178000,175300,178000,101232,0,1.0216,0,0
2024-01-02,176900,180600,176900,180500,119328,0,1.4045,0,0
2024-01-03,179500,179900,176600,176800,105686,0,-2.0499,0,0
2024-01-04,175900,176000,168800,171500,204489,0,-2.9977,0,0
2024-01-05,170100,171900,169200,170400,113701,0,-0.6414,0,0
2024-01-08,171300,171300,166500,166500,93810,0,-2.2887,0,0
2024-01-09,168400,170300,167700,168900,87406,0,1.4414,0,0
2024-01-10,168500,170300,163900,164400,112195,0,-2.6643,0,0
2024-01-11,165200,165500,163000,163800,92997,0,-0.365,0,0
2024-01-12,164100,165200,162000,163400,66053,0,-0.2442,0,0
2024-01-15,164000,164000,160500,161500,81963,0,-1.1628,0,0
2024-01-16,160100,161900,157800,158200,97604,0,-2.0433,0,0
2024-01-17,158000,158000,152800,153000,140177,0,-3.287,0,0
2024-01-18,152500,154500,150300,151200,120898,0,-1.1765,0,0
2024-01-19,152000,154500,151100,153800,97363,0,1.7196,0,0
2024-01-22,154600,157900,154100,156500,68134,0,1.7555,0,0
2024-01-23,158300,159200,155300,158900,60468,0,1.5335,0,0
2024-01-24,158000,159200,155300,158000,65762,0,-0.5664,0,0
2024-01-25,158000,160800,155700,160800,64633,0,1.7722,0,0
2024-01-26,159100,161200,159000,160200,65350,0,-0.3731,0,0
2024-01-29,160200,180000,160000,176100,548505,0,9.9251,0,0
2024-01-30,179200,179800,173200,174600,316103,0,-0.8518,0,0
2024-01-31,173800,184800,170800,183500,415821,0,5.0974,0,0
2024-02-01,182600,198300,180900,197000,984636,0,7.3569,0,0
2024-02-02,195600,199500,189800,196800,570909,0,-0.1015,0,0
2024-02-05,195600,197900,188800,193200,341217,0,-1.8293,0,0
2024-02-06,193700,198300,191200,192500,217600,0,-0.3623,0,0
2024-02-07,193000,198200,191800,197700,281077,0,2.7013,0,0
2024-02-08,194400,198600,191900,196000,275862,0,-0.8599,0,0
2024-02-13,195900,199500,194700,195500,189920,0,-0.2551,0,0
2024-02-14,192000,195400,188300,188700,220967,0,-3.4783,0,0
2024-02-15,191100,191100,185300,186700,160922,0,-1.0599,0,0
2024-02-16,188200,194300,186100,194000,190210,0,3.91,0,0
2024-02-19,195800,209500,195500,207500,487914,0,6.9588,0,0
2024-02-20,208000,208500,195600,199000,246579,0,-4.0964,0,0
2024-02-21,198900,207000,195700,200500,191406,0,0.7538,0,0
2024-02-22,202500,205500,199900,204500,145844,0,1.995,0,0
2024-02-23,206500,212000,201000,204000,260652,0,-0.2445,0,0
2024-02-26,199800,199900,187200,190200,436018,0,-6.7647,0,0
2024-02-27,188800,189300,181600,185500,253583,0,-2.4711,0,0
2024-02-28,185500,195800,183600,193600,205607,0,4.3666,0,0
2024-02-29,194500,196700,188800,191800,372756,0,-0.9298,0,0
2024-03-04,192400,194500,190000,193200,162199,0,0.7299,0,0
2024-03-05,191300,199100,191200,193000,204672,0,-0.1035,0,0
2024-03-06,192800,193000,187300,189400,171256,0,-1.8653,0,0
2024-03-07,190200,195600,187800,191900,162483,0,1.32,0,0
2024-03-08,193400,194700,188700,189700,117141,0,-1.1464,0,0
2024-03-11,187700,189500,184100,184400,124410,0,-2.7939,0,0
2024-03-12,186200,186200,178300,180400,254731,0,-2.1692,0,0
2024-03-13,181000,181300,178300,179200,185342,0,-0.6652,0,0
2024-03-14,180400,191400,180200,188900,313186,0,5.4129,0,0
2024-03-15,188900,192700,187000,187300,204573,0,-0.847,0,0
2024-03-18,189300,189300,183700,184200,102543,0,-1.6551,0,0
2024-03-19,182400,185300,182300,182700,99398,0,-0.8143,0,0
2024-03-20,185000,186700,182900,183000,92703,0,0.1642,0,0
2024-03-21,186700,191500,184800,191000,196151,0,4.3716,0,0
2024-03-22,189000,196600,189000,191200,138851,0,0.1047,0,0
2024-03-25,191500,192600,187500,187900,84198,0,-1.7259,0,0
2024-03-26,190000,191700,188200,188400,95394,0,0.2661,0,0
2024-03-27,186500,188900,185100,185200,92587,0,-1.6985,0,0
2024-03-28,186000,187200,182600,182600,117312,0,-1.4039,0,0
2024-03-29,181000,182200,178300,178600,157851,0,-2.1906,0,0
2024-04-01,179900,180000,174400,177000,184373,0,-0.8959,0,0
2024-04-02,175200,178700,175100,178000,108193,0,0.565,0,0
2024-04-03,176600,177700,174400,175500,121539,0,-1.4045,0,0
2024-04-04,177800,181600,176400,179200,133828,0,2.1083,0,0
2024-04-05,176500,179200,175400,175700,81260,0,-1.9531,0,0
2024-04-08,175200,175700,171000,171700,132535,0,-2.2766,0,0
2024-04-09,171900,172700,166200,166700,152537,0,-2.9121,0,0
2024-04-11,161500,164500,160200,162600,239818,0,-2.4595,0,0
2024-04-12,161000,163600,159100,161400,124502,0,-0.738,0,0
2024-04-15,160600,166900,159500,164900,99908,0,2.1685,0,0
2024-04-16,163000,163800,159800,160000,118532,0,-2.9715,0,0
2024-04-17,160100,162400,156400,157000,217062,0,-1.875,0,0
2024-04-18,157000,159400,156300,156800,113415,0,-0.1274,0,0
2024-04-19,155100,157500,153400,155500,118931,0,-0.8291,0,0
2024-04-22,158800,164500,156600,162100,150373,0,4.2444,0,0
2024-04-23,163700,164000,160700,160700,82638,0,-0.8637,0,0
2024-04-24,162500,164200,161500,162000,97195,0,0.809,0,0
2024-04-25,160400,165600,160300,161300,99545,0,-0.4321,0,0
2024-04-26,162200,164500,160400,163400,56165,0,1.3019,0,0
2024-04-29,168500,169800,164400,168900,112819,0,3.366,0,0
2024-04-30,167400,169500,166000,166000,113834,0,-1.717,0,0
2024-05-02,164800,166500,160900,162000,107561,0,-2.4096,0,0
2024-05-03,162600,162700,160200,160500,93507,0,-0.9259,0,0
2024-05-07,161800,164900,160400,164900,122740,0,2.7414,0,0
2024-05-08,165200,165700,163000,164800,72644,0,-0.0606,0,0
2024-05-09,164800,165000,160000,160000,151160,0,-2.9126,0,0
2024-05-10,161500,164000,161400,163500,80778,0,2.1875,0,0
2024-05-13,164100,164100,161100,161800,74390,0,-1.0398,0,0
2024-05-14,162200,163300,161500,162800,78090,0,0.618,0,0
2024-05-16,164900,166800,163100,163400,130682,0,0.3686,0,0
2024-05-17,163100,163800,156900,156900,256782,0,-3.978,0,0
2024-05-20,156800,158500,155400,156300,120933,0,-0.3824,0,0
2024-05-21,155100,155900,150900,151400,200165,0,-3.135,0,0
2024-05-22,151500,152800,150600,151500,115261,0,0.0661,0,0
2024-05-23,150500,152000,149600,150100,155096,0,-0.9241,0,0
2024-05-24,149300,151500,148500,148800,126956,0,-0.8661,0,0
2024-05-27,148900,150800,148900,150300,89644,0,1.0081,0,0
2024-05-28,150300,150800,148600,149000,122461,0,-0.8649,0,0
2024-05-29,148100,149400,144400,144700,273090,0,-2.8859,0,0
2024-05-30,143300,167700,143200,158100,1335950,0,9.2605,0,0
2024-05-31,164500,180900,157000,176200,3630128,0,11.4485,0,0
2024-06-03,176200,192900,176000,178800,2907456,0,1.4756,0,0
2024-06-04,175400,178300,166100,166100,1050117,0,-7.1029,0,0
2024-06-05,168400,171000,161500,164000,548064,0,-1.2643,0,0
2024-06-07,166400,186300,166400,182000,1847930,0,10.9756,0,0
2024-06-10,184300,194700,180200,188600,1615800,0,3.6264,0,0
2024-06-11,191300,195700,181200,181400,824979,0,-3.8176,0,0
2024-06-12,182300,191400,180100,188300,669143,0,3.8037,0,0
2024-06-13,187000,191900,183300,183300,542803,0,-2.6553,0,0
2024-06-14,183300,185800,171300,177300,443251,0,-3.2733,0,0
2024-06-17,176100,181500,170900,176900,460220,0,-0.2256,0,0
2024-06-18,175000,178200,167100,169000,594896,0,-4.4658,0,0
2024-06-19,169400,170900,166000,167100,319033,0,-1.1243,0,0
2024-06-20,165100,166900,156900,160500,910380,0,-3.9497,0,0
2024-06-21,158500,163200,158100,160500,438289,0,0.0,0,0
2024-06-24,159600,161200,158000,158000,205803,0,-1.5576,0,0
2024-06-25,158700,159900,154800,155100,233288,0,-1.8354,0,0
2024-06-26,155100,156100,153600,155200,154613,0,0.0645,0,0
2024-06-27,154200,154900,150800,152100,210959,0,-1.9974,0,0
2024-06-28,153600,160000,153100,158300,300000,0,4.0763,0,0
2024-07-01,158400,159400,155600,156800,131680,0,-0.9476,0,0
2024-07-02,155700,156800,152600,152900,141361,0,-2.4872,0,0
2024-07-03,153500,156000,152700,153200,109647,0,0.1962,0,0
2024-07-04,153700,155900,151600,154400,144169,0,0.7833,0,0
2024-07-05,154400,158900,153900,155000,221973,0,0.3886,0,0
2024-07-08,154600,156900,153500,155300,114424,0,0.1935,0,0
2024-07-09,156000,160100,155900,157500,161526,0,1.4166,0,0
2024-07-10,156800,157400,153500,153500,160079,0,-2.5397,0,0
2024-07-11,155000,155400,153300,154000,178467,0,0.3257,0,0
2024-07-12,154400,155500,153100,155100,98955,0,0.7143,0,0
2024-07-15,155800,156800,154000,154500,109493,0,-0.3868,0,0
2024-07-16,155300,160900,154900,157200,296499,0,1.7476,0,0
2024-07-17,158000,158700,153300,155900,299203,0,-0.827,0,0
2024-07-18,159400,159600,148600,149500,510608,0,-4.1052,0,0
2024-07-19,148600,150400,147800,150000,163209,0,0.3344,0,0
2024-07-22,150000,150000,146300,146300,176900,0,-2.4667,0,0
2024-07-23,146600,149400,145900,145900,199480,0,-0.2734,0,0
2024-07-24,145500,147800,142600,143800,205553,0,-1.4393,0,0
2024-07-25,142700,146300,142000,144700,130813,0,0.6259,0,0
2024-07-26,145500,149400,144200,149400,147924,0,3.2481,0,0
2024-07-29,148000,149600,146300,147600,125304,0,-1.2048,0,0
2024-07-30,146800,147600,145300,146700,104633,0,-0.6098,0,0
2024-07-31,146800,149900,146000,149900,99728,0,2.1813,0,0
2024-08-01,148500,150000,147300,150000,121149,0,0.0667,0,0
2024-08-02,148000,148000,143500,144900,164927,0,-3.4,0,0
2024-08-05,142400,143000,128400,131300,347328,0,-9.3858,0,0
2024-08-06,132900,140400,132700,137600,239393,0,4.7982,0,0
2024-08-07,136600,137900,134200,134900,196849,0,-1.9622,0,0
2024-08-08,133600,137200,132000,136700,216062,0,1.3343,0,0
2024-08-09,137800,138400,135700,136700,97012,0,0.0,0,0
2024-08-12,136600,137700,136200,137700,97446,0,0.7315,0,0
2024-08-13,136700,138600,136000,138300,92620,0,0.4357,0,0
2024-08-14,138500,139300,137100,138200,77811,0,-0.0723,0,0
2024-08-16,139800,141400,138500,138500,74842,0,0.2171,0,0
2024-08-19,138600,139700,137500,138300,60210,0,-0.1444,0,0
2024-08-20,139100,142400,138300,138800,104268,0,0.3615,0,0
2024-08-21,139500,141200,137800,140000,71972,0,0.8646,0,0
2024-08-22,140000,143000,139400,142000,102128,0,1.4286,0,0
2024-08-23,141500,142800,139800,141800,72166,0,-0.1408,0,0
2024-08-26,141900,144300,141000,144000,110147,0,1.5515,0,0
2024-08-27,144500,147700,143000,146200,118393,0,1.5278,0,0
2024-08-28,146300,147000,142200,142600,88521,0,-2.4624,0,0
2024-08-29,142500,146000,141100,144400,100298,0,1.2623,0,0
2024-08-30,145800,146100,143200,143200,198422,0,-0.831,0,0
2024-09-02,143600,144200,142200,143000,75979,0,-0.1397,0,0
2024-09-03,143100,148300,142700,147400,217099,0,3.0769,0,0
2024-09-04,143800,143900,140700,141000,164581,0,-4.3419,0,0
2024-09-05,141300,144200,140600,142300,80094,0,0.922,0,0
2024-09-06,142700,143500,140000,140900,92661,0,-0.9838,0,0
2024-09-09,137800,138200,134200,137600,176047,0,-2.3421,0,0
2024-09-10,138000,144800,137600,141300,155905,0,2.689,0,0
2024-09-11,141600,145000,140500,144000,141630,0,1.9108,0,0
2024-09-12,145000,145000,142800,144300,189101,0,0.2083,0,0
2024-09-13,144400,148200,144000,147900,132867,0,2.4948,0,0
2024-09-19,149000,149600,146000,149600,166135,0,1.1494,0,0
2024-09-20,149600,156700,147500,154000,507998,0,2.9412,0,0
2024-09-23,155400,156600,153600,154300,131903,0,0.1948,0,0
2024-09-24,155100,157700,153600,155800,148211,0,0.9721,0,0
2024-09-25,156800,156900,151500,151500,185625,0,-2.7599,0,0
2024-09-26,153000,156300,152100,156300,132875,0,3.1683,0,0
2024-09-27,156300,157600,154300,155000,75999,0,-0.8317,0,0
2024-09-30,157000,158400,153200,153200,96631,0,-1.1613,0,0
2024-10-02,151000,152600,149500,150900,129303,0,-1.5013,0,0
2024-10-04,152000,153500,149000,151100,123981,0,0.1325,0,0
2024-10-07,150500,155500,149600,153300,100850,0,1.456,0,0
2024-10-08,153200,153200,150200,150600,78357,0,-1.7613,0,0
2024-10-10,152700,155500,152300,152300,146379,0,1.1288,0,0
2024-10-11,154700,155300,151200,151500,102433,0,-0.5253,0,0
2024-10-14,151400,154000,150800,153100,103613,0,1.0561,0,0
2024-10-15,151900,153900,151500,152400,119757,0,-0.4572,0,0
2024-10-16,151000,151800,146100,148800,164051,0,-2.3622,0,0
2024-10-17,150600,150600,147000,147000,82699,0,-1.2097,0,0
2024-10-18,148000,150400,147700,148100,85893,0,0.7483,0,0
2024-10-21,149100,149700,146000,146500,82915,0,-1.0804,0,0
2024-10-22,145500,148000,145500,146200,72670,0,-0.2048,0,0
2024-10-23,147300,148800,145900,147000,71050,0,0.5472,0,0
2024-10-24,147000,147500,145200,145500,74791,0,-1.0204,0,0
2024-10-25,146000,150300,145300,148600,111579,0,2.1306,0,0
2024-10-28,149000,150700,147600,150300,92276,0,1.144,0,0
2024-10-29,152000,156600,151000,151600,147084,0,0.8649,0,0
2024-10-30,152800,152800,148600,149400,101109,0,-1.4512,0,0
2024-10-31,150200,150200,147300,148200,87779,0,-0.8032,0,0
2024-11-01,146800,149200,146500,149000,66144,0,0.5398,0,0
2024-11-04,148400,150100,146300,150100,83881,0,0.7383,0,0
2024-11-05,148400,152700,148400,152100,96836,0,1.3324,0,0
2024-11-06,151500,152400,148400,149000,78399,0,-2.0381,0,0
2024-11-07,147300,148600,144500,146100,105131,0,-1.9463,0,0
2024-11-08,148000,153200,148000,150900,125547,0,3.2854,0,0
2024-11-11,148300,149400,145300,146200,128548,0,-3.1146,0,0
2024-11-12,145000,146700,141600,143300,119033,0,-1.9836,0,0
2024-11-13,141500,142500,138000,139200,117405,0,-2.8611,0,0
2024-11-14,139200,140000,137100,138400,107713,0,-0.5747,0,0
2024-11-15,138400,138700,135200,135200,115429,0,-2.3121,0,0
2024-11-18,133500,139300,133500,138600,136046,0,2.5148,0,0
2024-11-19,137500,142000,137500,139900,142205,0,0.938,0,0
2024-11-20,139300,140900,138900,139700,63089,0,-0.143,0,0
2024-11-21,139500,142300,138300,140400,85381,0,0.5011,0,0
2024-11-22,142000,142000,140100,140100,63653,0,-0.2137,0,0
2024-11-25,141500,144900,140400,144900,160133,0,3.4261,0,0
2024-11-26,143300,144700,141700,142800,72938,0,-1.4493,0,0
2024-11-27,142200,143400,139700,140200,67132,0,-1.8207,0,0
2024-11-28,141400,142300,139200,141200,56175,0,0.7133,0,0
2024-11-29,141900,141900,136500,136600,124104,0,-3.2578,0,0
2024-12-02,138600,139200,135900,136000,75034,0,-0.4392,0,0
2024-12-03,138000,139800,136800,139800,103899,0,2.7941,0,0
2024-12-04,136400,137700,135200,136200,143297,0,-2.5751,0,0
2024-12-05,136200,136700,132900,133000,122309,0,-2.3495,0,0
2024-12-06,133700,135300,130300,132500,138230,0,-0.3759,0,0
2024-12-09,131300,131300,127600,127600,151211,0,-3.6981,0,0
2024-12-10,128800,132900,128200,132500,99468,0,3.8401,0,0
2024-12-11,131900,134300,130500,134300,132673,0,1.3585,0,0
2024-12-12,135600,140800,134900,136800,277361,0,1.8615,0,0
2024-12-13,136500,140900,136500,140800,131909,0,2.924,0,0
2024-12-16,141100,143200,139900,142100,120008,0,0.9233,0,0
2024-12-17,141200,142500,139900,140200,106872,0,-1.3371,0,0
2024-12-18,141600,141600,139500,140600,74294,0,0.2853,0,0
2024-12-19,138200,138300,136300,136800,101753,0,-2.7027,0,0
2024-12-20,136900,137500,133600,133700,99277,0,-2.2661,0,0
2024-12-23,134900,140200,134700,139800,98659,0,4.5625,0,0
2024-12-24,140000,140100,137400,137700,59497,0,-1.5021,0,0
2024-12-26,137700,139400,136700,136700,66545,0,-0.7262,0,0
2024-12-27,136400,137600,134200,135100,74944,0,-1.1704,0,0
2024-12-30,135000,135900,131500,131500,106834,0,-2.6647,0,0
2025-01-02,131600,132500,130700,132000,59734,0,0.3802,0,0
2025-01-03,131000,136400,131000,135000,75013,0,2.2727,0,0
2025-01-06,135000,141300,135000,140900,148417,0,4.3704,0,0
2025-01-07,140900,143300,140300,140300,70210,0,-0.4258,0,0
2025-01-08,139600,142900,139600,140800,116140,0,0.3564,0,0
2025-01-09,140600,143300,140100,141000,114210,0,0.142,0,0
2025-01-10,141500,147000,141500,146000,175896,0,3.5461,0,0
2025-01-13,143900,145400,142100,143000,90720,0,-2.0548,0,0
2025-01-14,143800,144300,141500,143500,65876,0,0.3497,0,0
2025-01-15,144000,145800,141700,142000,69466,0,-1.0453,0,0
2025-01-16,144000,146400,142400,146400,95374,0,3.0986,0,0
2025-01-17,145000,148100,144500,146800,86995,0,0.2732,0,0
2025-01-20,147100,149500,146200,147000,69781,0,0.1362,0,0
2025-01-21,147200,147500,143700,144500,68249,0,-1.7007,0,0
2025-01-22,145900,146800,143800,145800,63903,0,0.8997,0,0
2025-01-23,146400,148400,144300,147700,121518,0,1.3032,0,0
2025-01-24,147800,149400,146500,148500,73043,0,0.5416,0,0
2025-01-31,145900,149000,143900,148100,139123,0,-0.2694,0,0
2025-02-03,144400,145200,137900,138800,158059,0,-6.2795,0,0
2025-02-04,140500,142000,138900,139900,94213,0,0.7925,0,0
2025-02-05,140500,142400,140100,140700,74228,0,0.5718,0,0
2025-02-06,141800,144400,140700,144400,82395,0,2.6297,0,0
2025-02-07,143000,146400,143000,144300,65155,0,-0.0693,0,0
2025-02-10,143600,143600,140900,141300,76487,0,-2.079,0,0
2025-02-11,141300,144100,141000,143600,82162,0,1.6277,0,0
2025-02-12,144300,144300,141900,142700,64386,0,-0.6267,0,0
2025-02-13,142400,145900,141500,145600,132466,0,2.0322,0,0
2025-02-14,145600,148700,145000,147600,88984,0,1.3736,0,0
2025-02-17,148600,150000,146900,149200,56870,0,1.084,0,0
2025-02-18,148100,149500,147000,149300,69451,0,0.067,0,0
2025-02-19,148400,153500,148300,149300,152242,0,0.0,0,0
2025-02-20,148300,151200,147300,148900,62060,0,-0.2679,0,0
2025-02-21,149300,149400,147400,148100,53658,0,-0.5373,0,0
2025-02-24,145500,148700,145500,148600,60110,0,0.3376,0,0
2025-02-25,148800,151500,147900,150000,99328,0,0.9421,0,0
2025-02-26,149600,151800,148100,149700,72394,0,-0.2,0,0
2025-02-27,149700,150500,147700,149500,70396,0,-0.1336,0,0
2025-02-28,147700,148200,141500,143800,218614,0,-3.8127,0,0
2025-03-04,142100,143500,139100,139400,103392,0,-3.0598,0,0
2025-03-05,140400,142000,139200,140400,78953,0,0.7174,0,0
2025-03-06,140900,142100,139900,141700,82038,0,0.9259,0,0
2025-03-07,141000,141400,139200,139300,101753,0,-1.6937,0,0
2025-03-10,139000,140800,139000,140200,96816,0,0.6461,0,0
2025-03-11,137300,138500,135600,137000,118290,0,-2.2825,0,0
2025-03-12,137100,138000,136300,137000,145307,0,0.0,0,0
2025-03-13,137100,140300,136700,137100,200931,0,0.073,0,0
2025-03-14,137000,137700,136400,137100,91730,0,0.0,0,0
2025-03-17,138100,138700,137100,138200,84352,0,0.8023,0,0
2025-03-18,137900,139400,137300,137400,74702,0,-0.5789,0,0
2025-03-19,137600,139400,137500,138400,124155,0,0.7278,0,0
2025-03-20,139800,140600,138600,138600,90653,0,0.1445,0,0
2025-03-21,137400,139800,137400,138900,140952,0,0.2165,0,0
2025-03-24,138300,140100,138100,138700,81457,0,-0.144,0,0
2025-03-25,138700,139800,138300,138800,177394,0,0.0721,0,0
2025-03-26,139400,139900,138500,139000,124439,0,0.1441,0,0
2025-03-27,138700,139000,137200,137200,120462,0,-1.295,0,0
2025-03-28,137600,137800,135500,137000,92079,0,-0.1458,0,0
2025-03-31,131800,131800,129400,129600,228671,0,-5.4015,0,0
2025-04-01,130300,130800,129200,129500,133972,0,-0.0772,0,0
2025-04-02,129600,130100,127600,128100,145607,0,-1.0811,0,0
2025-04-03,124700,126800,124000,126600,143688,0,-1.171,0,0
2025-04-04,124500,131000,123900,126600,144669,0,0.0,0,0
2025-04-07,121500,122400,120000,120700,183464,0,-4.6603,0,0
2025-04-08,121900,122400,118600,119300,175039,0,-1.1599,0,0
2025-04-09,117300,119800,114800,115400,170333,0,-3.2691,0,0
2025-04-10,120700,121300,119400,121000,193823,0,4.8527,0,0
2025-04-11,118800,120900,117300,120600,105578,0,-0.3306,0,0
2025-04-14,121200,122200,120600,120600,75931,0,0.0,0,0
2025-04-15,120700,123300,120400,122900,93818,0,1.9071,0,0
2025-04-16,122500,122500,120200,120500,91346,0,-1.9528,0,0
2025-04-17,120200,121400,120100,120600,86324,0,0.083,0,0
2025-04-18,121000,126500,120700,125200,92631,0,3.8143,0,0
2025-04-21,124700,127800,124700,127300,86400,0,1.6773,0,0
2025-04-22,127100,131300,126300,128500,170821,0,0.9427,0,0
2025-04-23,130700,132000,129600,131200,115077,0,2.1012,0,0
2025-04-24,131300,131400,129200,129700,76335,0,-1.1433,0,0
2025-04-25,130900,133800,130900,131700,116842,0,1.542,0,0
2025-04-28,131000,132500,130800,131400,85531,0,-0.2278,0,0
2025-04-29,130700,132100,127000,131400,90892,0,0.0,0,0
2025-04-30,129400,133000,129400,132400,90022,0,0.761,0,0
2025-05-02,130100,132000,130100,131700,84960,0,-0.5287,0,0
2025-05-07,133200,134200,131600,132500,98611,0,0.6074,0,0
2025-05-08,131800,134100,131800,133000,211529,0,0.3774,0,0
2025-05-09,133400,138500,133400,137400,178390,0,3.3083,0,0
2025-05-12,138300,140200,137500,138900,132640,0,1.0917,0,0
2025-05-13,137500,139400,136200,136300,85998,0,-1.8719,0,0
2025-05-14,135800,139500,135800,138800,100679,0,1.8342,0,0
2025-05-15,137600,139800,137500,137900,74300,0,-0.6484,0,0
2025-05-16,137800,138600,136800,137100,52775,0,-0.5801,0,0
2025-05-19,136600,140200,136600,138700,143607,0,1.167,0,0
2025-05-20,139500,139700,137700,139400,67410,0,0.5047,0,0
2025-05-21,139100,140000,138100,139300,82070,0,-0.0717,0,0
2025-05-22,138500,140800,136700,137600,77510,0,-1.2204,0,0
2025-05-23,137000,138900,136900,137500,63037,0,-0.0727,0,0
2025-05-26,137700,141100,137700,141100,101482,0,2.6182,0,0
2025-05-27,139700,141100,138200,140100,112130,0,-0.7087,0,0
2025-05-28,139600,156800,139600,156200,714889,0,11.4918,0,0
2025-05-29,161000,170000,160200,169500,1016654,0,8.5147,0,0
2025-05-30,168200,168500,161200,163700,488121,0,-3.4218,0,0
2025-06-02,162100,165100,161100,163400,329416,0,-0.1833,0,0
2025-06-04,169900,184000,169200,180700,885037,0,10.5875,0,0
2025-06-05,188000,189500,180000,187000,583201,0,3.4864,0,0
2025-06-09,194400,204500,193500,195700,832122,0,4.6524,0,0
2025-06-10,196600,198700,186000,187700,564565,0,-4.0879,0,0
2025-06-11,191400,196100,190100,194700,435023,0,3.7294,0,0
2025-06-12,195500,195800,191000,192500,327347,0,-1.1299,0,0
2025-06-13,193900,195500,188900,190600,318177,0,-0.987,0,0
2025-06-16,190100,202000,188000,201000,468736,0,5.4565,0,0
2025-06-17,204000,205500,195100,198500,364520,0,-1.2438,0,0
2025-06-18,198500,202500,195400,196100,251905,0,-1.2091,0,0
2025-06-19,195800,199500,190200,192600,246812,0,-1.7848,0,0
2025-06-20,192200,198400,189000,196700,755854,0,2.1288,0,0
2025-06-23,193200,198500,188800,195800,320298,0,-0.4575,0,0
2025-06-24,203500,203500,195100,199200,358693,0,1.7365,0,0
2025-06-25,201000,203000,195500,202500,417497,0,1.6566,0,0
2025-06-26,202500,209000,195900,203500,375412,0,0.4938,0,0
2025-06-27,205000,207000,196900,197600,248595,0,-2.8993,0,0
2025-06-30,198800,209500,197100,204500,418792,0,3.4919,0,0
2025-07-01,214500,241500,214000,224000,1396309,0,9.5355,0,0
2025-07-02,223000,223000,205000,213500,579133,0,-4.6875,0,0
2025-07-03,213500,214000,204000,206500,368222,0,-3.2787,0,0
2025-07-04,207000,210000,196300,196600,387144,0,-4.7942,0,0
2025-07-07,193500,197100,192600,194700,179005,0,-0.9664,0,0
2025-07-08,192600,210500,192600,209000,462774,0,7.3446,0,0
2025-07-09,215500,227000,211500,224000,644220,0,7.177,0,0
2025-07-10,223500,232000,219500,230000,569191,0,2.6786,0,0
2025-07-11,230500,231500,218500,219500,329185,0,-4.5652,0,0
2025-07-14,220000,231000,219500,225500,233520,0,2.7335,0,0
2025-07-15,224500,228000,223500,226500,198073,0,0.4435,0,0
2025-07-16,225000,231000,222000,223500,240224,0,-1.3245,0,0
2025-07-17,224500,225500,205000,212500,466032,0,-4.9217,0,0
2025-07-18,213000,221500,212000,221500,269825,0,4.2353,0,0
2025-07-21,216000,217500,211000,212500,320853,0,-4.0632,0,0
2025-07-22,215500,221000,212500,214500,219775,0,0.9412,0,0
2025-07-23,214000,216500,206000,210500,232042,0,-1.8648,0,0
2025-07-24,213000,218500,207000,211000,276146,0,0.2375,0,0
2025-07-25,209000,214000,209000,210500,100179,0,-0.237,0,0
2025-07-28,209000,210500,201500,203000,242276,0,-3.5629,0,0
2025-07-29,201500,204500,199800,204000,152744,0,0.4926,0,0
2025-07-30,201500,204500,200500,203000,130825,0,-0.4902,0,0
2025-07-31,202500,206000,199900,203000,190613,0,0.0,0,0
2025-08-01,199600,199800,187800,188500,363599,0,-7.1429,0,0
2025-08-04,188000,190400,184300,186700,211899,0,-0.9549,0,0
2025-08-05,189200,191300,186400,187900,149081,0,0.6427,0,0
2025-08-06,187900,193400,187900,192400,149760,0,2.3949,0,0
2025-08-07,193400,193500,190300,192400,113064,0,0.0,0,0
2025-08-08,192100,192900,190600,192100,88848,0,-0.1559,0,0
2025-08-11,190900,191750,187400,191300,97887,0,-0.4164,0,0
2025-08-12,190600,196900,186600,187200,208619,0,-2.1432,0,0
2025-08-13,188300,190300,185500,187700,120701,0,0.2671,0,0
2025-08-14,188500,189700,186000,186300,121170,0,-0.7459,0,0
2025-08-18,184800,185900,182000,184100,144958,0,-1.1809,0,0
2025-08-19,185000,185000,180800,182300,145376,0,-0.9777,0,0
2025-08-20,180900,181500,176900,181500,136903,0,-0.4388,0,0
2025-08-21,181200,181200,178600,178900,121003,0,-1.4325,0,0
2025-08-22,179500,182800,179400,181000,89291,0,1.1738,0,0
2025-08-25,183700,190400,182500,189000,202024,0,4.4199,0,0
2025-08-26,188400,188700,184300,187200,205150,0,-0.9524,0,0
2025-08-27,189400,190500,187400,189600,143224,0,1.2821,0,0
2025-08-28,189400,209500,187400,207500,586785,0,9.4409,0,0
2025-08-29,206500,208500,204500,207000,200731,0,-0.241,0,0
2025-09-01,204000,211000,203500,207000,196835,0,0.0,0,0
2025-09-02,208000,209000,203000,204000,105258,0,-1.4493,0,0
2025-09-03,201000,206500,200500,203000,76784,0,-0.4902,0,0
2025-09-04,201500,207000,201500,204500,107187,0,0.7389,0,0
2025-09-05,204000,209000,203500,206500,116413,0,0.978,0,0
2025-09-08,209000,213500,205500,212000,189598,0,2.6634,0,0
2025-09-09,214500,222500,213500,222000,387191,0,4.717,0,0
2025-09-10,225000,227500,222500,222500,215893,0,0.2252,0,0
2025-09-11,223000,224500,216500,220500,214364,0,-0.8989,0,0
2025-09-12,220500,224500,217500,222500,191358,0,0.907,0,0
2025-09-15,225000,241500,225000,233000,484380,0,4.7191,0,0
2025-09-16,234500,235000,228500,233000,173286,0,0.0,0,0
2025-09-17,230500,231000,225000,227000,149578,0,-2.5751,0,0
2025-09-18,228000,231500,225500,230000,145890,0,1.3216,0,0
2025-09-19,231500,232000,224000,227000,680127,0,-1.3043,0,0
2025-09-22,228000,231000,225000,228500,89102,0,0.6608,0,0
2025-09-23,226500,229000,218500,222500,197213,0,-2.6258,0,0
2025-09-24,221500,222000,207500,210500,317021,0,-5.3933,0,0
2025-09-25,210000,213000,206000,209500,182566,0,-0.4751,0,0
2025-09-26,213000,214000,203500,206500,171476,0,-1.432,0,0
2025-09-29,210000,213000,208000,208500,99062,0,0.9685,0,0
2025-09-30,207000,213000,205500,210000,133239,0,0.7194,0,0
2025-10-01,211000,211000,206000,209000,92265,0,-0.4762,0,0
2025-10-02,213000,229500,212000,222000,490829,0,6.2201,0,0
2025-10-10,226000,227000,217500,219000,205698,0,-1.3514,0,0
2025-10-13,220000,228000,216500,222000,307510,0,1.3699,0,0
2025-10-14,223000,228000,219000,222000,169584,0,0.0,0,0
2025-10-15,222000,232500,221000,231500,241248,0,4.2793,0,0
2025-10-16,235000,235000,213500,218500,994779,0,-5.6156,0,0
2025-10-17,217500,227000,216000,220500,374450,0,0.9153,0,0
2025-10-20,220000,225000,216000,224500,243645,0,1.8141,0,0
2025-10-21,227000,235000,225000,226000,249608,0,0.6682,0,0
2025-10-22,225500,235500,221500,235000,186953,0,3.9823,0,0
2025-10-23,230500,234500,227000,230000,179766,0,-2.1277,0,0
2025-10-24,234000,239000,232000,237500,221240,0,3.2609,0,0
2025-10-27,243500,250500,241000,248500,367939,0,4.6316,0,0
2025-10-28,246000,247000,240500,244000,163091,0,-1.8109,0,0
2025-10-29,246500,256000,242500,250000,296682,0,2.459,0,0
2025-10-30,249500,251500,243000,247500,188268,0,-1.0,0,0
2025-10-31,244500,250000,243500,248500,165521,0,0.404,0,0
2025-11-03,249000,254500,244500,253000,224426,0,1.8109,0,0
2025-11-04,251500,257000,249000,252000,181864,0,-0.3953,0,0
2025-11-05,247000,247000,230500,237500,328815,0,-5.754,0,0
2025-11-06,243500,261000,239500,254000,443494,0,6.9474,0,0
2025-11-07,249000,254500,241500,247500,224221,0,-2.5591,0,0
2025-11-10,256000,273500,255500,270500,540022,0,9.2929,0,0
2025-11-11,275000,278500,264500,269000,355730,0,-0.5545,0,0
2025-11-12,269000,285000,263500,279500,379279,0,3.9033,0,0
2025-11-13,274500,275500,268000,269500,319459,0,-3.5778,0,0
2025-11-14,259500,266500,256500,258000,243165,0,-4.2672,0,0
2025-11-17,263500,272000,262000,268000,233571,0,3.876,0,0
2025-11-18,263000,273000,262500,263500,182702,0,-1.6791,0,0
2025-11-19,266000,266000,254000,260000,203291,0,-1.3283,0,0
2025-11-20,268000,270500,262500,263500,183539,0,1.3462,0,0
2025-11-21,249500,252500,245000,249000,194277,0,-5.5028,0,0
2025-11-24,253000,258000,248000,249500,346034,0,0.2008,0,0
2025-11-25,257500,262000,248500,249000,158349,0,-0.2004,0,0
2025-11-26,252000,252000,245000,251000,176681,0,0.8032,0,0
2025-11-27,253000,259000,250500,254000,160171,0,1.1952,0,0
2025-11-28,268500,277000,258500,265500,487836,0,4.5276,0,0
2025-12-01,263500,265000,252000,253000,247963,0,-4.7081,0,0
2025-12-02,253500,261000,251000,258500,144241,0,2.1739,0,0
2025-12-03,257000,271500,256500,267000,271732,0,3.2882,0,0
2025-12-04,264000,266500,262000,266000,137656,0,-0.3745,0,0
2025-12-05,263500,266000,260500,264000,110446,0,-0.7519,0,0
2025-12-08,265500,270000,263500,268500,182367,0,1.7045,0,0
2025-12-09,269000,273000,266500,272000,200024,0,1.3035,0,0
2025-12-10,273000,274500,264500,265000,135504,0,-2.5735,0,0
2025-12-11,269500,272000,261500,261500,208478,0,-1.3208,0,0
2025-12-12,265000,269000,264000,267500,87431,0,2.2945,0,0
2025-12-15,259500,266000,258500,259000,138859,0,-3.1776,0,0
2025-12-16,258000,260500,252500,254000,125836,0,-1.9305,0,0
2025-12-17,256000,256000,250000,255000,113549,0,0.3937,0,0
2025-12-18,251000,256000,247500,251500,92324,0,-1.3725,0,0
2025-12-19,255000,257500,249000,250000,136749,0,-0.5964,0,0
2025-12-22,253000,253000,248000,251000,121352,0,0.4,0,0
2025-12-23,252500,252500,248500,248500,82532,0,-0.996,0,0
2025-12-24,249500,251000,246500,247000,120010,0,-0.6036,0,0
2025-12-26,247000,247500,243500,245000,176940,0,-0.8097,0,0
2025-12-29,243000,253500,243000,253500,140699,0,3.4694,0,0
2025-12-30,252000,259500,250500,256500,126031,0,1.1834,0,0
2026-01-02,256500,259500,252000,259000,117984,0,0.9747,0,0
2026-01-05,262500,274500,261500,270000,255990,0,4.2471,0,0
2026-01-06,267000,289000,266000,287500,427065,0,6.4815,0,0
2026-01-07,285000,289500,277500,282000,267806,0,-1.913,0,0
2026-01-08,279000,281500,270000,279500,286244,0,-0.8865,0,0
2026-01-09,278500,284000,273500,284000,163719,0,1.61,0,0
2026-01-12,284500,285500,275500,279000,150258,0,-1.7606,0,0
2026-01-13,281500,281500,276000,281000,180146,0,0.7168,0,0
2026-01-14,281000,297500,278500,295500,401608,0,5.1601,0,0
2026-01-15,296500,307500,293000,301500,293606,0,2.0305,0,0
2026-01-16,306500,307000,295000,299000,195357,0,-0.8292,0,0
2026-01-19,295500,304500,293500,294000,198063,0,-1.6722,0,0
2026-01-20,292500,303000,284500,295000,268326,0,0.3401,0,0
2026-01-21,288000,297500,287000,293000,178621,0,-0.678,0,0
2026-01-22,296000,298500,289000,291500,276625,0,-0.5119,0,0
2026-01-23,293500,301500,290000,296500,210210,0,1.7153,0,0
2026-01-26,297000,297500,287000,290000,132865,0,-2.1922,0,0
2026-01-27,289000,298500,285000,298000,209631,0,2.7586,0,0
2026-01-28,298000,308000,295000,305500,289814,0,2.5168,0,0
2026-01-29,321000,330000,312500,324000,422314,0,6.0556,0,0
2026-01-30,321500,339500,319500,333500,367221,0,2.9321,0,0
2026-02-02,325000,325000,297000,299500,355062,0,-10.1949,0,0
2026-02-03,310500,326000,304000,324000,254417,0,8.1803,0,0
2026-02-04,318500,335500,316000,331000,266655,0,2.1605,0,0
2026-02-05,326000,343500,325500,331500,381483,0,0.1511,0,0
2026-02-06,320500,320500,305000,315000,297159,0,-4.9774,0,0
2026-02-09,326000,334000,318500,330000,222322,0,4.7619,0,0
2026-02-10,333500,333500,326000,330500,137897,0,0.1515,0,0
2026-02-11,328000,344500,324000,338000,222417,0,2.2693,0,0
2026-02-12,343500,348000,337500,342500,296732,0,1.3314,0,0
2026-02-13,342000,363000,341500,349500,370213,0,2.0438,0,0
2026-02-19,360000,366000,352500,355500,260282,0,1.7167,0,0
2026-02-20,355500,382000,354500,381500,308498,0,7.3136,0,0
2026-02-23,393000,394500,372500,379000,335957,0,-0.6553,0,0
2026-02-24,379000,398500,375500,392500,283891,0,3.562,0,0
2026-02-25,400000,417000,392000,409000,332208,0,4.2038,0,0
2026-02-26,415500,424000,393500,422500,423246,0,3.3007,0,0
2026-02-27,413500,416500,400000,401000,368184,0,-5.0888,0,0
2026-03-03,391500,406000,379000,379500,363172,0,-5.3616,0,0
2026-03-04,354500,378000,320500,330000,491688,0,-13.0435,0,0
2026-03-05,359000,374500,353500,359500,374226,0,8.9394,0,0
2026-03-06,349000,364000,348000,358500,205535,0,-0.2782,0,0
2026-03-09,328000,332500,317000,329000,196513,0,-8.2287,0,0
2026-03-10,347000,356000,340500,351000,228794,0,6.6869,0,0
2026-03-11,401500,402500,351000,359500,1048503,0,2.4217,0,0
2026-03-12,352500,354500,333500,336000,430510,0,-6.5369,0,0
2026-03-13,323500,339500,321500,331000,220523,0,-1.4881,0,0
2026-03-16,328000,340500,327000,330500,230040,0,-0.1511,0,0
2026-03-17,338500,346000,338000,340000,222981,0,2.8744,0,0
2026-03-18,345000,353000,345000,352500,191056,0,3.6765,0,0
2026-03-19,342500,352500,342000,346000,129027,0,-1.844,0,0
2026-03-20,353000,365000,350500,360000,403204,0,4.0462,0,0
2026-03-23,344000,348000,328000,329000,198808,0,-8.6111,0,0
2026-03-24,343000,344000,329500,343500,167767,0,4.4073,0,0
2026-03-25,350000,356500,344000,346000,259904,0,0.7278,0,0
2026-03-26,346500,351000,334000,336500,175763,0,-2.7457,0,0
2026-03-27,326000,335500,315500,334000,108664,0,-0.7429,0,0
2026-03-30,315000,326500,312000,324500,136412,0,-2.8443,0,0
2026-03-31,308500,320500,298000,301000,246406,0,-7.2419,0,0
2026-04-01,314500,325000,309500,321000,182220,0,6.6445,0,0
2026-04-02,325500,331500,303500,308000,162176,0,-4.0498,0,0
2026-04-03,312500,318000,308500,312500,96903,0,1.461,0,0
2026-04-06,311500,316500,308000,314000,118353,0,0.48,0,0
2026-04-07,317000,323500,307000,312500,113165,0,-0.4777,0,0
2026-04-08,332500,345500,331250,342000,215027,0,9.44,0,0
2026-04-09,337000,345500,336500,339500,136300,0,-0.731,0,0
2026-04-10,345500,362000,344500,354000,192073,0,4.271,0,0
2026-04-13,342500,353500,340500,349500,130839,0,-1.2712,0,0
2026-04-14,358500,365500,356000,361500,164065,0,3.4335,0,0
2026-04-15,371500,377000,366500,369500,172641,0,2.213,0,0
2026-04-16,373000,376500,365500,371000,139214,0,0.406,0,0
2026-04-17,371000,371500,366500,368500,70073,0,-0.6739,0,0
2026-04-20,369000,384500,362500,377000,149539,0,2.3066,0,0
2026-04-21,380000,386500,379500,386500,138852,0,2.5199,0,0
2026-04-22,382500,386500,375000,381500,116647,0,-1.2937,0,0
2026-04-23,385500,399500,385500,396500,229569,0,3.9318,0,0
2026-04-24,397000,411000,396500,398500,224469,0,0.5044,0,0
2026-04-27,400000,419000,398500,412000,173528,0,3.3877,0,0
2026-04-28,415000,425000,413000,414000,150282,0,0.4854,0,0
2026-04-29,412000,433500,408500,425000,189182,0,2.657,0,0
2026-04-30,428500,438500,420500,425000,231138,0,0.0,0,0
2026-05-04,437500,475500,435000,475500,327170,0,11.8824,0,0
2026-05-06,519000,600000,498500,520000,562054,0,9.3586,0,0
2026-05-07,535000,548000,508000,543000,360340,0,4.4231,0,0
2026-05-08,530000,555000,517000,550000,181935,0,1.2891,0,0
2026-05-11,570000,584000,560000,571000,284887,0,3.8182,0,0
2026-05-12,576000,577000,522000,541000,303325,0,-5.2539,0,0
2026-05-13,529000,554000,511000,550000,294643,0,1.6636,0,0
2026-05-14,545000,549000,530000,541000,219630,0,-1.6364,0,0
2026-05-15,541000,558000,492000,503000,245797,0,-7.024,0,0
2026-05-18,505000,549000,493000,530000,322287,0,5.3678,0,0
2026-05-19,523000,540000,507000,519000,188292,0,-2.0755,0,0
2026-05-20,522000,535000,509000,526000,393943,0,1.3487,0,0
2026-05-21,540000,576000,537000,576000,283266,0,9.5057,0,0
2026-05-22,581000,645000,581000,642000,366494,0,11.4583,0,0
