2026-06-03 16:47:42 INFO === Daily update start ===
2026-06-03 16:47:42 INFO log file: logs/update_20260603.log
2026-06-03 16:47:43 INFO 종목 마스터: 199 종목
2026-06-03 16:47:43 INFO 로컬 CSV: 199 종목
2026-06-03 16:47:51 INFO Length mismatch: Expected axis has 0 elements, new values have 13 elements
2026-06-03 16:47:53 INFO Length mismatch: Expected axis has 0 elements, new values have 13 elements
2026-06-03 16:47:57 INFO Length mismatch: Expected axis has 0 elements, new values have 13 elements
2026-06-03 16:47:57 INFO Length mismatch: Expected axis has 0 elements, new values have 6 elements
2026-06-03 16:48:00 INFO Length mismatch: Expected axis has 0 elements, new values have 6 elements
2026-06-03 16:48:04 INFO Length mismatch: Expected axis has 0 elements, new values have 6 elements
2026-06-03 16:48:04 WARNING [005930] trader fetch 실패. 수급 0으로 채움.
2026-06-03 16:48:04 INFO [HOLIDAY] 005930 삼성전자: 신규 거래일 없음 (휴장 또는 미정산)
2026-06-03 16:48:05 INFO Length mismatch: Expected axis has 0 elements, new values have 13 elements
2026-06-03 16:48:07 INFO Length mismatch: Expected axis has 0 elements, new values have 13 elements
2026-06-03 16:48:11 INFO Length mismatch: Expected axis has 0 elements, new values have 13 elements
2026-06-03 16:48:11 INFO Length mismatch: Expected axis has 0 elements, new values have 6 elements
2026-06-03 16:48:13 INFO Length mismatch: Expected axis has 0 elements, new values have 6 elements
2026-06-03 16:48:17 INFO Length mismatch: Expected axis has 0 elements, new values have 6 elements
2026-06-03 16:48:17 WARNING [000660] trader fetch 실패. 수급 0으로 채움.
2026-06-03 16:48:17 INFO [HOLIDAY] 000660 SK하이닉스: 신규 거래일 없음 (휴장 또는 미정산)
2026-06-03 16:48:18 INFO Length mismatch: Expected axis has 0 elements, new values have 13 elements
2026-06-03 16:48:20 INFO Length mismatch: Expected axis has 0 elements, new values have 13 elements
2026-06-03 16:48:25 INFO Length mismatch: Expected axis has 0 elements, new values have 13 elements
2026-06-03 16:48:25 INFO Length mismatch: Expected axis has 0 elements, new values have 6 elements
2026-06-03 16:48:27 INFO Length mismatch: Expected axis has 0 elements, new values have 6 elements
2026-06-03 16:48:31 INFO Length mismatch: Expected axis has 0 elements, new values have 6 elements
2026-06-03 16:48:31 WARNING [006400] trader fetch 실패. 수급 0으로 채움.
2026-06-03 16:48:31 INFO [HOLIDAY] 006400 삼성SDI: 신규 거래일 없음 (휴장 또는 미정산)
2026-06-03 16:48:32 INFO Length mismatch: Expected axis has 0 elements, new values have 13 elements
2026-06-03 16:48:34 INFO Length mismatch: Expected axis has 0 elements, new values have 13 elements
2026-06-03 16:48:38 INFO Length mismatch: Expected axis has 0 elements, new values have 13 elements
2026-06-03 16:48:39 INFO Length mismatch: Expected axis has 0 elements, new values have 6 elements
2026-06-03 16:48:41 INFO Length mismatch: Expected axis has 0 elements, new values have 6 elements
2026-06-03 16:48:45 INFO Length mismatch: Expected axis has 0 elements, new values have 6 elements
2026-06-03 16:48:45 WARNING [009150] trader fetch 실패. 수급 0으로 채움.
2026-06-03 16:48:45 INFO [HOLIDAY] 009150 삼성전기: 신규 거래일 없음 (휴장 또는 미정산)
2026-06-03 16:48:46 INFO Length mismatch: Expected axis has 0 elements, new values have 13 elements
2026-06-03 16:48:48 INFO Length mismatch: Expected axis has 0 elements, new values have 13 elements
2026-06-03 16:48:52 INFO Length mismatch: Expected axis has 0 elements, new values have 13 elements
2026-06-03 16:48:52 INFO Length mismatch: Expected axis has 0 elements, new values have 6 elements
2026-06-03 16:48:55 INFO Length mismatch: Expected axis has 0 elements, new values have 6 elements
2026-06-03 16:48:59 INFO Length mismatch: Expected axis has 0 elements, new values have 6 elements
2026-06-03 16:48:59 WARNING [028260] trader fetch 실패. 수급 0으로 채움.
2026-06-03 16:48:59 INFO [HOLIDAY] 028260 삼성물산: 신규 거래일 없음 (휴장 또는 미정산)
2026-06-03 16:49:00 INFO Length mismatch: Expected axis has 0 elements, new values have 13 elements
2026-06-03 16:49:02 INFO Length mismatch: Expected axis has 0 elements, new values have 13 elements
2026-06-03 16:49:06 INFO Length mismatch: Expected axis has 0 elements, new values have 13 elements
2026-06-03 16:49:06 INFO Length mismatch: Expected axis has 0 elements, new values have 6 elements
2026-06-03 16:49:08 INFO Length mismatch: Expected axis has 0 elements, new values have 6 elements
2026-06-03 16:49:12 INFO Length mismatch: Expected axis has 0 elements, new values have 6 elements
2026-06-03 16:49:12 WARNING [010140] trader fetch 실패. 수급 0으로 채움.
2026-06-03 16:49:12 INFO [HOLIDAY] 010140 삼성중공업: 신규 거래일 없음 (휴장 또는 미정산)
2026-06-03 16:49:13 INFO Length mismatch: Expected axis has 0 elements, new values have 13 elements
2026-06-03 16:49:15 INFO Length mismatch: Expected axis has 0 elements, new values have 13 elements
2026-06-03 16:49:20 INFO Length mismatch: Expected axis has 0 elements, new values have 13 elements
2026-06-03 16:49:20 INFO Length mismatch: Expected axis has 0 elements, new values have 6 elements
2026-06-03 16:49:22 INFO Length mismatch: Expected axis has 0 elements, new values have 6 elements
2026-06-03 16:49:26 INFO Length mismatch: Expected axis has 0 elements, new values have 6 elements
2026-06-03 16:49:26 WARNING [018260] trader fetch 실패. 수급 0으로 채움.
2026-06-03 16:49:26 INFO [HOLIDAY] 018260 삼성에스디에스: 신규 거래일 없음 (휴장 또는 미정산)
2026-06-03 16:49:27 INFO Length mismatch: Expected axis has 0 elements, new values have 13 elements
2026-06-03 16:49:29 INFO Length mismatch: Expected axis has 0 elements, new values have 13 elements
2026-06-03 16:49:33 INFO Length mismatch: Expected axis has 0 elements, new values have 13 elements
2026-06-03 16:49:34 INFO Length mismatch: Expected axis has 0 elements, new values have 6 elements
2026-06-03 16:49:36 INFO Length mismatch: Expected axis has 0 elements, new values have 6 elements
2026-06-03 16:49:40 INFO Length mismatch: Expected axis has 0 elements, new values have 6 elements
2026-06-03 16:49:40 WARNING [005380] trader fetch 실패. 수급 0으로 채움.
2026-06-03 16:49:40 INFO [HOLIDAY] 005380 현대차: 신규 거래일 없음 (휴장 또는 미정산)
2026-06-03 16:49:41 INFO Length mismatch: Expected axis has 0 elements, new values have 13 elements
2026-06-03 16:49:43 INFO Length mismatch: Expected axis has 0 elements, new values have 13 elements
2026-06-03 16:49:47 INFO Length mismatch: Expected axis has 0 elements, new values have 13 elements
2026-06-03 16:49:47 INFO Length mismatch: Expected axis has 0 elements, new values have 6 elements
2026-06-03 16:49:50 INFO Length mismatch: Expected axis has 0 elements, new values have 6 elements
2026-06-03 16:49:54 INFO Length mismatch: Expected axis has 0 elements, new values have 6 elements
2026-06-03 16:49:54 WARNING [012330] trader fetch 실패. 수급 0으로 채움.
2026-06-03 16:49:54 INFO [HOLIDAY] 012330 현대모비스: 신규 거래일 없음 (휴장 또는 미정산)
2026-06-03 16:49:55 INFO Length mismatch: Expected axis has 0 elements, new values have 13 elements
2026-06-03 16:49:57 INFO Length mismatch: Expected axis has 0 elements, new values have 13 elements
2026-06-03 16:50:01 INFO Length mismatch: Expected axis has 0 elements, new values have 13 elements
2026-06-03 16:50:01 INFO Length mismatch: Expected axis has 0 elements, new values have 6 elements
2026-06-03 16:50:03 INFO Length mismatch: Expected axis has 0 elements, new values have 6 elements
2026-06-03 16:50:08 INFO Length mismatch: Expected axis has 0 elements, new values have 6 elements
2026-06-03 16:50:08 WARNING [064350] trader fetch 실패. 수급 0으로 채움.
2026-06-03 16:50:08 INFO [HOLIDAY] 064350 현대로템: 신규 거래일 없음 (휴장 또는 미정산)
2026-06-03 16:50:08 INFO Length mismatch: Expected axis has 0 elements, new values have 13 elements
2026-06-03 16:50:11 INFO Length mismatch: Expected axis has 0 elements, new values have 13 elements
2026-06-03 16:50:15 INFO Length mismatch: Expected axis has 0 elements, new values have 13 elements
2026-06-03 16:50:15 INFO Length mismatch: Expected axis has 0 elements, new values have 6 elements
2026-06-03 16:50:17 INFO Length mismatch: Expected axis has 0 elements, new values have 6 elements
2026-06-03 16:50:21 INFO Length mismatch: Expected axis has 0 elements, new values have 6 elements
2026-06-03 16:50:21 WARNING [267260] trader fetch 실패. 수급 0으로 채움.
2026-06-03 16:50:21 INFO [HOLIDAY] 267260 HD현대일렉트릭: 신규 거래일 없음 (휴장 또는 미정산)
2026-06-03 16:50:22 INFO Length mismatch: Expected axis has 0 elements, new values have 13 elements
2026-06-03 16:50:24 INFO Length mismatch: Expected axis has 0 elements, new values have 13 elements
2026-06-03 16:50:29 INFO Length mismatch: Expected axis has 0 elements, new values have 13 elements
2026-06-03 16:50:29 INFO Length mismatch: Expected axis has 0 elements, new values have 6 elements
2026-06-03 16:50:31 INFO Length mismatch: Expected axis has 0 elements, new values have 6 elements
2026-06-03 16:50:35 INFO Length mismatch: Expected axis has 0 elements, new values have 6 elements
2026-06-03 16:50:35 WARNING [000880] trader fetch 실패. 수급 0으로 채움.
2026-06-03 16:50:35 INFO [HOLIDAY] 000880 한화: 신규 거래일 없음 (휴장 또는 미정산)
2026-06-03 16:50:36 INFO Length mismatch: Expected axis has 0 elements, new values have 13 elements
2026-06-03 16:50:38 INFO Length mismatch: Expected axis has 0 elements, new values have 13 elements
2026-06-03 16:50:42 INFO Length mismatch: Expected axis has 0 elements, new values have 13 elements
2026-06-03 16:50:43 INFO Length mismatch: Expected axis has 0 elements, new values have 6 elements
2026-06-03 16:50:45 INFO Length mismatch: Expected axis has 0 elements, new values have 6 elements
2026-06-03 16:50:49 INFO Length mismatch: Expected axis has 0 elements, new values have 6 elements
2026-06-03 16:50:49 WARNING [012450] trader fetch 실패. 수급 0으로 채움.
2026-06-03 16:50:49 INFO [HOLIDAY] 012450 한화에어로스페이스: 신규 거래일 없음 (휴장 또는 미정산)
2026-06-03 16:50:50 INFO Length mismatch: Expected axis has 0 elements, new values have 13 elements
2026-06-03 16:50:52 INFO Length mismatch: Expected axis has 0 elements, new values have 13 elements
2026-06-03 16:50:56 INFO Length mismatch: Expected axis has 0 elements, new values have 13 elements
2026-06-03 16:50:56 INFO Length mismatch: Expected axis has 0 elements, new values have 6 elements
2026-06-03 16:50:59 INFO Length mismatch: Expected axis has 0 elements, new values have 6 elements
2026-06-03 16:51:03 INFO Length mismatch: Expected axis has 0 elements, new values have 6 elements
2026-06-03 16:51:03 WARNING [272210] trader fetch 실패. 수급 0으로 채움.
2026-06-03 16:51:03 INFO [HOLIDAY] 272210 한화시스템: 신규 거래일 없음 (휴장 또는 미정산)
2026-06-03 16:51:04 INFO Length mismatch: Expected axis has 0 elements, new values have 13 elements
2026-06-03 16:51:06 INFO Length mismatch: Expected axis has 0 elements, new values have 13 elements
2026-06-03 16:51:10 INFO Length mismatch: Expected axis has 0 elements, new values have 13 elements
2026-06-03 16:51:10 INFO Length mismatch: Expected axis has 0 elements, new values have 6 elements
2026-06-03 16:51:12 INFO Length mismatch: Expected axis has 0 elements, new values have 6 elements
2026-06-03 16:51:17 INFO Length mismatch: Expected axis has 0 elements, new values have 6 elements
2026-06-03 16:51:17 WARNING [042660] trader fetch 실패. 수급 0으로 채움.
2026-06-03 16:51:17 INFO [HOLIDAY] 042660 한화오션: 신규 거래일 없음 (휴장 또는 미정산)
2026-06-03 16:51:17 INFO Length mismatch: Expected axis has 0 elements, new values have 13 elements
2026-06-03 16:51:20 INFO Length mismatch: Expected axis has 0 elements, new values have 13 elements
2026-06-03 16:51:24 INFO Length mismatch: Expected axis has 0 elements, new values have 13 elements
2026-06-03 16:51:24 INFO Length mismatch: Expected axis has 0 elements, new values have 6 elements
2026-06-03 16:51:26 INFO Length mismatch: Expected axis has 0 elements, new values have 6 elements
2026-06-03 16:51:30 INFO Length mismatch: Expected axis has 0 elements, new values have 6 elements
2026-06-03 16:51:30 WARNING [034020] trader fetch 실패. 수급 0으로 채움.
2026-06-03 16:51:30 INFO [HOLIDAY] 034020 두산에너빌리티: 신규 거래일 없음 (휴장 또는 미정산)
2026-06-03 16:51:31 INFO Length mismatch: Expected axis has 0 elements, new values have 13 elements
2026-06-03 16:51:33 INFO Length mismatch: Expected axis has 0 elements, new values have 13 elements
2026-06-03 16:51:38 INFO Length mismatch: Expected axis has 0 elements, new values have 13 elements
2026-06-03 16:51:38 INFO Length mismatch: Expected axis has 0 elements, new values have 6 elements
2026-06-03 16:51:40 INFO Length mismatch: Expected axis has 0 elements, new values have 6 elements
2026-06-03 16:51:44 INFO Length mismatch: Expected axis has 0 elements, new values have 6 elements
2026-06-03 16:51:44 WARNING [006260] trader fetch 실패. 수급 0으로 채움.
2026-06-03 16:51:44 INFO [HOLIDAY] 006260 LS: 신규 거래일 없음 (휴장 또는 미정산)
2026-06-03 16:51:45 INFO Length mismatch: Expected axis has 0 elements, new values have 13 elements
2026-06-03 16:51:47 INFO Length mismatch: Expected axis has 0 elements, new values have 13 elements
2026-06-03 16:51:51 INFO Length mismatch: Expected axis has 0 elements, new values have 13 elements
2026-06-03 16:51:52 INFO Length mismatch: Expected axis has 0 elements, new values have 6 elements
2026-06-03 16:51:54 INFO Length mismatch: Expected axis has 0 elements, new values have 6 elements
2026-06-03 16:51:58 INFO Length mismatch: Expected axis has 0 elements, new values have 6 elements
2026-06-03 16:51:58 WARNING [010120] trader fetch 실패. 수급 0으로 채움.
2026-06-03 16:51:58 INFO [HOLIDAY] 010120 LS일렉트릭: 신규 거래일 없음 (휴장 또는 미정산)
2026-06-03 16:51:59 INFO Length mismatch: Expected axis has 0 elements, new values have 13 elements
2026-06-03 16:52:01 INFO Length mismatch: Expected axis has 0 elements, new values have 13 elements
2026-06-03 16:52:05 INFO Length mismatch: Expected axis has 0 elements, new values have 13 elements
2026-06-03 16:52:05 INFO Length mismatch: Expected axis has 0 elements, new values have 6 elements
2026-06-03 16:52:08 INFO Length mismatch: Expected axis has 0 elements, new values have 6 elements
2026-06-03 16:52:12 INFO Length mismatch: Expected axis has 0 elements, new values have 6 elements
2026-06-03 16:52:12 WARNING [003550] trader fetch 실패. 수급 0으로 채움.
2026-06-03 16:52:12 INFO [HOLIDAY] 003550 LG: 신규 거래일 없음 (휴장 또는 미정산)
2026-06-03 16:52:13 INFO Length mismatch: Expected axis has 0 elements, new values have 13 elements
2026-06-03 16:52:15 INFO Length mismatch: Expected axis has 0 elements, new values have 13 elements
2026-06-03 16:52:19 INFO Length mismatch: Expected axis has 0 elements, new values have 13 elements
2026-06-03 16:52:19 INFO Length mismatch: Expected axis has 0 elements, new values have 6 elements
2026-06-03 16:52:22 INFO Length mismatch: Expected axis has 0 elements, new values have 6 elements
2026-06-03 16:52:26 INFO Length mismatch: Expected axis has 0 elements, new values have 6 elements
2026-06-03 16:52:26 WARNING [066570] trader fetch 실패. 수급 0으로 채움.
2026-06-03 16:52:26 INFO [HOLIDAY] 066570 LG전자: 신규 거래일 없음 (휴장 또는 미정산)
2026-06-03 16:52:27 INFO Length mismatch: Expected axis has 0 elements, new values have 13 elements
2026-06-03 16:52:29 INFO Length mismatch: Expected axis has 0 elements, new values have 13 elements
2026-06-03 16:52:33 INFO Length mismatch: Expected axis has 0 elements, new values have 13 elements
2026-06-03 16:52:33 INFO Length mismatch: Expected axis has 0 elements, new values have 6 elements
2026-06-03 16:52:35 INFO Length mismatch: Expected axis has 0 elements, new values have 6 elements
2026-06-03 16:52:39 INFO Length mismatch: Expected axis has 0 elements, new values have 6 elements
2026-06-03 16:52:39 WARNING [064400] trader fetch 실패. 수급 0으로 채움.
2026-06-03 16:52:39 INFO [HOLIDAY] 064400 LG씨엔에스: 신규 거래일 없음 (휴장 또는 미정산)
2026-06-03 16:52:40 INFO Length mismatch: Expected axis has 0 elements, new values have 13 elements
2026-06-03 16:52:42 INFO Length mismatch: Expected axis has 0 elements, new values have 13 elements
2026-06-03 16:52:47 INFO Length mismatch: Expected axis has 0 elements, new values have 13 elements
2026-06-03 16:52:47 INFO Length mismatch: Expected axis has 0 elements, new values have 6 elements
2026-06-03 16:52:49 INFO Length mismatch: Expected axis has 0 elements, new values have 6 elements
2026-06-03 16:52:53 INFO Length mismatch: Expected axis has 0 elements, new values have 6 elements
2026-06-03 16:52:53 WARNING [034730] trader fetch 실패. 수급 0으로 채움.
2026-06-03 16:52:53 INFO [HOLIDAY] 034730 SK: 신규 거래일 없음 (휴장 또는 미정산)
2026-06-03 16:52:54 INFO Length mismatch: Expected axis has 0 elements, new values have 13 elements
2026-06-03 16:52:56 INFO Length mismatch: Expected axis has 0 elements, new values have 13 elements
2026-06-03 16:53:01 INFO Length mismatch: Expected axis has 0 elements, new values have 13 elements
2026-06-03 16:53:01 INFO Length mismatch: Expected axis has 0 elements, new values have 6 elements
2026-06-03 16:53:03 INFO Length mismatch: Expected axis has 0 elements, new values have 6 elements
2026-06-03 16:53:07 INFO Length mismatch: Expected axis has 0 elements, new values have 6 elements
2026-06-03 16:53:07 WARNING [402340] trader fetch 실패. 수급 0으로 채움.
2026-06-03 16:53:07 INFO [HOLIDAY] 402340 SK스퀘어: 신규 거래일 없음 (휴장 또는 미정산)
2026-06-03 16:53:08 INFO Length mismatch: Expected axis has 0 elements, new values have 13 elements
2026-06-03 16:53:10 INFO Length mismatch: Expected axis has 0 elements, new values have 13 elements
2026-06-03 16:53:14 INFO Length mismatch: Expected axis has 0 elements, new values have 13 elements
2026-06-03 16:53:15 INFO Length mismatch: Expected axis has 0 elements, new values have 6 elements
2026-06-03 16:53:17 INFO Length mismatch: Expected axis has 0 elements, new values have 6 elements
2026-06-03 16:53:21 INFO Length mismatch: Expected axis has 0 elements, new values have 6 elements
2026-06-03 16:53:21 WARNING [096770] trader fetch 실패. 수급 0으로 채움.
2026-06-03 16:53:21 INFO [HOLIDAY] 096770 SK이노베이션: 신규 거래일 없음 (휴장 또는 미정산)
2026-06-03 16:53:22 INFO Length mismatch: Expected axis has 0 elements, new values have 13 elements
2026-06-03 16:53:24 INFO Length mismatch: Expected axis has 0 elements, new values have 13 elements
2026-06-03 16:53:28 INFO Length mismatch: Expected axis has 0 elements, new values have 13 elements
2026-06-03 16:53:28 INFO Length mismatch: Expected axis has 0 elements, new values have 6 elements
2026-06-03 16:53:31 INFO Length mismatch: Expected axis has 0 elements, new values have 6 elements
2026-06-03 16:53:35 INFO Length mismatch: Expected axis has 0 elements, new values have 6 elements
2026-06-03 16:53:35 WARNING [005490] trader fetch 실패. 수급 0으로 채움.
2026-06-03 16:53:35 INFO [HOLIDAY] 005490 POSCO홀딩스: 신규 거래일 없음 (휴장 또는 미정산)
2026-06-03 16:53:36 INFO Length mismatch: Expected axis has 0 elements, new values have 13 elements
2026-06-03 16:53:38 INFO Length mismatch: Expected axis has 0 elements, new values have 13 elements
2026-06-03 16:53:42 INFO Length mismatch: Expected axis has 0 elements, new values have 13 elements
2026-06-03 16:53:42 INFO Length mismatch: Expected axis has 0 elements, new values have 6 elements
2026-06-03 16:53:44 INFO Length mismatch: Expected axis has 0 elements, new values have 6 elements
2026-06-03 16:53:48 INFO Length mismatch: Expected axis has 0 elements, new values have 6 elements
2026-06-03 16:53:48 WARNING [278470] trader fetch 실패. 수급 0으로 채움.
2026-06-03 16:53:48 INFO [HOLIDAY] 278470 에이피알: 신규 거래일 없음 (휴장 또는 미정산)
2026-06-03 16:53:49 INFO Length mismatch: Expected axis has 0 elements, new values have 13 elements
2026-06-03 16:53:51 INFO Length mismatch: Expected axis has 0 elements, new values have 13 elements
2026-06-03 16:53:56 INFO Length mismatch: Expected axis has 0 elements, new values have 13 elements
2026-06-03 16:53:56 INFO Length mismatch: Expected axis has 0 elements, new values have 6 elements
2026-06-03 16:53:58 INFO Length mismatch: Expected axis has 0 elements, new values have 6 elements
2026-06-03 16:54:02 INFO Length mismatch: Expected axis has 0 elements, new values have 6 elements
2026-06-03 16:54:02 WARNING [161890] trader fetch 실패. 수급 0으로 채움.
2026-06-03 16:54:02 INFO [HOLIDAY] 161890 한국콜마: 신규 거래일 없음 (휴장 또는 미정산)
2026-06-03 16:54:03 INFO Length mismatch: Expected axis has 0 elements, new values have 13 elements
2026-06-03 16:54:05 INFO Length mismatch: Expected axis has 0 elements, new values have 13 elements
2026-06-03 16:54:09 INFO Length mismatch: Expected axis has 0 elements, new values have 13 elements
2026-06-03 16:54:10 INFO Length mismatch: Expected axis has 0 elements, new values have 6 elements
2026-06-03 16:54:12 INFO Length mismatch: Expected axis has 0 elements, new values have 6 elements
2026-06-03 16:54:16 INFO Length mismatch: Expected axis has 0 elements, new values have 6 elements
2026-06-03 16:54:16 WARNING [007660] trader fetch 실패. 수급 0으로 채움.
2026-06-03 16:54:16 INFO [HOLIDAY] 007660 이수페타시스: 신규 거래일 없음 (휴장 또는 미정산)
2026-06-03 16:54:17 INFO Length mismatch: Expected axis has 0 elements, new values have 13 elements
2026-06-03 16:54:19 INFO Length mismatch: Expected axis has 0 elements, new values have 13 elements
2026-06-03 16:54:23 INFO Length mismatch: Expected axis has 0 elements, new values have 13 elements
2026-06-03 16:54:23 INFO Length mismatch: Expected axis has 0 elements, new values have 6 elements
2026-06-03 16:54:26 INFO Length mismatch: Expected axis has 0 elements, new values have 6 elements
2026-06-03 16:54:30 INFO Length mismatch: Expected axis has 0 elements, new values have 6 elements
2026-06-03 16:54:30 WARNING [042700] trader fetch 실패. 수급 0으로 채움.
2026-06-03 16:54:30 INFO [HOLIDAY] 042700 한미반도체: 신규 거래일 없음 (휴장 또는 미정산)
2026-06-03 16:54:31 INFO Length mismatch: Expected axis has 0 elements, new values have 13 elements
2026-06-03 16:54:33 INFO Length mismatch: Expected axis has 0 elements, new values have 13 elements
2026-06-03 16:54:37 INFO Length mismatch: Expected axis has 0 elements, new values have 13 elements
2026-06-03 16:54:37 INFO Length mismatch: Expected axis has 0 elements, new values have 6 elements
2026-06-03 16:54:40 INFO Length mismatch: Expected axis has 0 elements, new values have 6 elements
2026-06-03 16:54:44 INFO Length mismatch: Expected axis has 0 elements, new values have 6 elements
2026-06-03 16:54:44 WARNING [090430] trader fetch 실패. 수급 0으로 채움.
2026-06-03 16:54:44 INFO [HOLIDAY] 090430 아모레퍼시픽: 신규 거래일 없음 (휴장 또는 미정산)
2026-06-03 16:54:45 INFO Length mismatch: Expected axis has 0 elements, new values have 13 elements
2026-06-03 16:54:47 INFO Length mismatch: Expected axis has 0 elements, new values have 13 elements
2026-06-03 16:54:51 INFO Length mismatch: Expected axis has 0 elements, new values have 13 elements
2026-06-03 16:54:51 INFO Length mismatch: Expected axis has 0 elements, new values have 6 elements
2026-06-03 16:54:53 INFO Length mismatch: Expected axis has 0 elements, new values have 6 elements
2026-06-03 16:54:58 INFO Length mismatch: Expected axis has 0 elements, new values have 6 elements
2026-06-03 16:54:58 WARNING [002790] trader fetch 실패. 수급 0으로 채움.
2026-06-03 16:54:58 INFO [HOLIDAY] 002790 아모레퍼시픽홀딩스: 신규 거래일 없음 (휴장 또는 미정산)
2026-06-03 16:54:58 INFO Length mismatch: Expected axis has 0 elements, new values have 13 elements
2026-06-03 16:55:01 INFO Length mismatch: Expected axis has 0 elements, new values have 13 elements
2026-06-03 16:55:05 INFO Length mismatch: Expected axis has 0 elements, new values have 13 elements
2026-06-03 16:55:05 INFO Length mismatch: Expected axis has 0 elements, new values have 6 elements
2026-06-03 16:55:07 INFO Length mismatch: Expected axis has 0 elements, new values have 6 elements
2026-06-03 16:55:12 INFO Length mismatch: Expected axis has 0 elements, new values have 6 elements
2026-06-03 16:55:12 WARNING [002030] trader fetch 실패. 수급 0으로 채움.
2026-06-03 16:55:12 INFO [HOLIDAY] 002030 아세아: 신규 거래일 없음 (휴장 또는 미정산)
2026-06-03 16:55:12 INFO Length mismatch: Expected axis has 0 elements, new values have 13 elements
2026-06-03 16:55:15 INFO Length mismatch: Expected axis has 0 elements, new values have 13 elements
2026-06-03 16:55:19 INFO Length mismatch: Expected axis has 0 elements, new values have 13 elements
2026-06-03 16:55:19 INFO Length mismatch: Expected axis has 0 elements, new values have 6 elements
2026-06-03 16:55:21 INFO Length mismatch: Expected axis has 0 elements, new values have 6 elements
2026-06-03 16:55:26 INFO Length mismatch: Expected axis has 0 elements, new values have 6 elements
2026-06-03 16:55:26 WARNING [282330] trader fetch 실패. 수급 0으로 채움.
2026-06-03 16:55:26 INFO [HOLIDAY] 282330 BGF리테일: 신규 거래일 없음 (휴장 또는 미정산)
2026-06-03 16:55:26 INFO Length mismatch: Expected axis has 0 elements, new values have 13 elements
2026-06-03 16:55:29 INFO Length mismatch: Expected axis has 0 elements, new values have 13 elements
2026-06-03 16:55:33 INFO Length mismatch: Expected axis has 0 elements, new values have 13 elements
2026-06-03 16:55:33 INFO Length mismatch: Expected axis has 0 elements, new values have 6 elements
2026-06-03 16:55:35 INFO Length mismatch: Expected axis has 0 elements, new values have 6 elements
2026-06-03 16:55:39 INFO Length mismatch: Expected axis has 0 elements, new values have 6 elements
2026-06-03 16:55:39 WARNING [138930] trader fetch 실패. 수급 0으로 채움.
2026-06-03 16:55:39 INFO [HOLIDAY] 138930 BNK금융지주: 신규 거래일 없음 (휴장 또는 미정산)
2026-06-03 16:55:40 INFO Length mismatch: Expected axis has 0 elements, new values have 13 elements
2026-06-03 16:55:43 INFO Length mismatch: Expected axis has 0 elements, new values have 13 elements
2026-06-03 16:55:47 INFO Length mismatch: Expected axis has 0 elements, new values have 13 elements
2026-06-03 16:55:47 INFO Length mismatch: Expected axis has 0 elements, new values have 6 elements
2026-06-03 16:55:49 INFO Length mismatch: Expected axis has 0 elements, new values have 6 elements
2026-06-03 16:55:53 INFO Length mismatch: Expected axis has 0 elements, new values have 6 elements
2026-06-03 16:55:53 WARNING [068270] trader fetch 실패. 수급 0으로 채움.
2026-06-03 16:55:53 INFO [HOLIDAY] 068270 셀트리온: 신규 거래일 없음 (휴장 또는 미정산)
2026-06-03 16:55:54 INFO Length mismatch: Expected axis has 0 elements, new values have 13 elements
2026-06-03 16:55:57 INFO Length mismatch: Expected axis has 0 elements, new values have 13 elements
2026-06-03 16:56:01 INFO Length mismatch: Expected axis has 0 elements, new values have 13 elements
2026-06-03 16:56:01 INFO Length mismatch: Expected axis has 0 elements, new values have 6 elements
2026-06-03 16:56:03 INFO Length mismatch: Expected axis has 0 elements, new values have 6 elements
2026-06-03 16:56:07 INFO Length mismatch: Expected axis has 0 elements, new values have 6 elements
2026-06-03 16:56:07 WARNING [030000] trader fetch 실패. 수급 0으로 채움.
2026-06-03 16:56:07 INFO [HOLIDAY] 030000 제일기획: 신규 거래일 없음 (휴장 또는 미정산)
2026-06-03 16:56:08 INFO Length mismatch: Expected axis has 0 elements, new values have 13 elements
2026-06-03 16:56:11 INFO Length mismatch: Expected axis has 0 elements, new values have 13 elements
2026-06-03 16:56:15 INFO Length mismatch: Expected axis has 0 elements, new values have 13 elements
2026-06-03 16:56:15 INFO Length mismatch: Expected axis has 0 elements, new values have 6 elements
2026-06-03 16:56:17 INFO Length mismatch: Expected axis has 0 elements, new values have 6 elements
2026-06-03 16:56:21 INFO Length mismatch: Expected axis has 0 elements, new values have 6 elements
2026-06-03 16:56:21 WARNING [185750] trader fetch 실패. 수급 0으로 채움.
2026-06-03 16:56:21 INFO [HOLIDAY] 185750 종근당: 신규 거래일 없음 (휴장 또는 미정산)
2026-06-03 16:56:22 INFO Length mismatch: Expected axis has 0 elements, new values have 13 elements
2026-06-03 16:56:25 INFO Length mismatch: Expected axis has 0 elements, new values have 13 elements
2026-06-03 16:56:29 INFO Length mismatch: Expected axis has 0 elements, new values have 13 elements
2026-06-03 16:56:29 INFO Length mismatch: Expected axis has 0 elements, new values have 6 elements
2026-06-03 16:56:31 INFO Length mismatch: Expected axis has 0 elements, new values have 6 elements
2026-06-03 16:56:35 INFO Length mismatch: Expected axis has 0 elements, new values have 6 elements
2026-06-03 16:56:35 WARNING [001040] trader fetch 실패. 수급 0으로 채움.
2026-06-03 16:56:35 INFO [HOLIDAY] 001040 CJ: 신규 거래일 없음 (휴장 또는 미정산)
2026-06-03 16:56:36 INFO Length mismatch: Expected axis has 0 elements, new values have 13 elements
2026-06-03 16:56:38 INFO Length mismatch: Expected axis has 0 elements, new values have 13 elements
2026-06-03 16:56:43 INFO Length mismatch: Expected axis has 0 elements, new values have 13 elements
2026-06-03 16:56:43 INFO Length mismatch: Expected axis has 0 elements, new values have 6 elements
2026-06-03 16:56:45 INFO Length mismatch: Expected axis has 0 elements, new values have 6 elements
2026-06-03 16:56:49 INFO Length mismatch: Expected axis has 0 elements, new values have 6 elements
2026-06-03 16:56:49 WARNING [097950] trader fetch 실패. 수급 0으로 채움.
2026-06-03 16:56:49 INFO [HOLIDAY] 097950 CJ제일제당: 신규 거래일 없음 (휴장 또는 미정산)
2026-06-03 16:56:50 INFO Length mismatch: Expected axis has 0 elements, new values have 13 elements
2026-06-03 16:56:52 INFO Length mismatch: Expected axis has 0 elements, new values have 13 elements
2026-06-03 16:56:56 INFO Length mismatch: Expected axis has 0 elements, new values have 13 elements
2026-06-03 16:56:57 INFO Length mismatch: Expected axis has 0 elements, new values have 6 elements
2026-06-03 16:56:59 INFO Length mismatch: Expected axis has 0 elements, new values have 6 elements
2026-06-03 16:57:03 INFO Length mismatch: Expected axis has 0 elements, new values have 6 elements
2026-06-03 16:57:03 WARNING [000120] trader fetch 실패. 수급 0으로 채움.
2026-06-03 16:57:03 INFO [HOLIDAY] 000120 CJ대한통운: 신규 거래일 없음 (휴장 또는 미정산)
2026-06-03 16:57:04 INFO Length mismatch: Expected axis has 0 elements, new values have 13 elements
2026-06-03 16:57:06 INFO Length mismatch: Expected axis has 0 elements, new values have 13 elements
2026-06-03 16:57:10 INFO Length mismatch: Expected axis has 0 elements, new values have 13 elements
2026-06-03 16:57:10 INFO Length mismatch: Expected axis has 0 elements, new values have 6 elements
2026-06-03 16:57:13 INFO Length mismatch: Expected axis has 0 elements, new values have 6 elements
2026-06-03 16:57:17 INFO Length mismatch: Expected axis has 0 elements, new values have 6 elements
2026-06-03 16:57:17 WARNING [192820] trader fetch 실패. 수급 0으로 채움.
2026-06-03 16:57:17 INFO [HOLIDAY] 192820 코스맥스: 신규 거래일 없음 (휴장 또는 미정산)
2026-06-03 16:57:18 INFO Length mismatch: Expected axis has 0 elements, new values have 13 elements
2026-06-03 16:57:20 INFO Length mismatch: Expected axis has 0 elements, new values have 13 elements
2026-06-03 16:57:24 INFO Length mismatch: Expected axis has 0 elements, new values have 13 elements
2026-06-03 16:57:24 INFO Length mismatch: Expected axis has 0 elements, new values have 6 elements
2026-06-03 16:57:26 INFO Length mismatch: Expected axis has 0 elements, new values have 6 elements
2026-06-03 16:57:31 INFO Length mismatch: Expected axis has 0 elements, new values have 6 elements
2026-06-03 16:57:31 WARNING [005420] trader fetch 실패. 수급 0으로 채움.
2026-06-03 16:57:31 INFO [HOLIDAY] 005420 코스모화학: 신규 거래일 없음 (휴장 또는 미정산)
2026-06-03 16:57:31 INFO Length mismatch: Expected axis has 0 elements, new values have 13 elements
2026-06-03 16:57:34 INFO Length mismatch: Expected axis has 0 elements, new values have 13 elements
2026-06-03 16:57:38 INFO Length mismatch: Expected axis has 0 elements, new values have 13 elements
2026-06-03 16:57:38 INFO Length mismatch: Expected axis has 0 elements, new values have 6 elements
2026-06-03 16:57:40 INFO Length mismatch: Expected axis has 0 elements, new values have 6 elements
2026-06-03 16:57:44 INFO Length mismatch: Expected axis has 0 elements, new values have 6 elements
2026-06-03 16:57:44 WARNING [021240] trader fetch 실패. 수급 0으로 채움.
2026-06-03 16:57:44 INFO [HOLIDAY] 021240 코웨이: 신규 거래일 없음 (휴장 또는 미정산)
2026-06-03 16:57:45 INFO Length mismatch: Expected axis has 0 elements, new values have 13 elements
2026-06-03 16:57:48 INFO Length mismatch: Expected axis has 0 elements, new values have 13 elements
2026-06-03 16:57:52 INFO Length mismatch: Expected axis has 0 elements, new values have 13 elements
2026-06-03 16:57:52 INFO Length mismatch: Expected axis has 0 elements, new values have 6 elements
2026-06-03 16:57:54 INFO Length mismatch: Expected axis has 0 elements, new values have 6 elements
2026-06-03 16:57:58 INFO Length mismatch: Expected axis has 0 elements, new values have 6 elements
2026-06-03 16:57:58 WARNING [112610] trader fetch 실패. 수급 0으로 채움.
2026-06-03 16:57:58 INFO [HOLIDAY] 112610 씨에스윈드: 신규 거래일 없음 (휴장 또는 미정산)
2026-06-03 16:57:59 INFO Length mismatch: Expected axis has 0 elements, new values have 13 elements
2026-06-03 16:58:02 INFO Length mismatch: Expected axis has 0 elements, new values have 13 elements
2026-06-03 16:58:06 INFO Length mismatch: Expected axis has 0 elements, new values have 13 elements
2026-06-03 16:58:06 INFO Length mismatch: Expected axis has 0 elements, new values have 6 elements
2026-06-03 16:58:08 INFO Length mismatch: Expected axis has 0 elements, new values have 6 elements
2026-06-03 16:58:12 INFO Length mismatch: Expected axis has 0 elements, new values have 6 elements
2026-06-03 16:58:12 WARNING [001680] trader fetch 실패. 수급 0으로 채움.
2026-06-03 16:58:12 INFO [HOLIDAY] 001680 대상: 신규 거래일 없음 (휴장 또는 미정산)
2026-06-03 16:58:13 INFO Length mismatch: Expected axis has 0 elements, new values have 13 elements
2026-06-03 16:58:15 INFO Length mismatch: Expected axis has 0 elements, new values have 13 elements
2026-06-03 16:58:20 INFO Length mismatch: Expected axis has 0 elements, new values have 13 elements
2026-06-03 16:58:20 INFO Length mismatch: Expected axis has 0 elements, new values have 6 elements
2026-06-03 16:58:22 INFO Length mismatch: Expected axis has 0 elements, new values have 6 elements
2026-06-03 16:58:26 INFO Length mismatch: Expected axis has 0 elements, new values have 6 elements
2026-06-03 16:58:26 WARNING [047040] trader fetch 실패. 수급 0으로 채움.
2026-06-03 16:58:26 INFO [HOLIDAY] 047040 대우건설: 신규 거래일 없음 (휴장 또는 미정산)
2026-06-03 16:58:27 INFO Length mismatch: Expected axis has 0 elements, new values have 13 elements
2026-06-03 16:58:29 INFO Length mismatch: Expected axis has 0 elements, new values have 13 elements
2026-06-03 16:58:33 INFO Length mismatch: Expected axis has 0 elements, new values have 13 elements
2026-06-03 16:58:34 INFO Length mismatch: Expected axis has 0 elements, new values have 6 elements
2026-06-03 16:58:36 INFO Length mismatch: Expected axis has 0 elements, new values have 6 elements
2026-06-03 16:58:40 INFO Length mismatch: Expected axis has 0 elements, new values have 6 elements
2026-06-03 16:58:40 WARNING [003090] trader fetch 실패. 수급 0으로 채움.
2026-06-03 16:58:40 INFO [HOLIDAY] 003090 대웅: 신규 거래일 없음 (휴장 또는 미정산)
2026-06-03 16:58:41 INFO Length mismatch: Expected axis has 0 elements, new values have 13 elements
2026-06-03 16:58:43 INFO Length mismatch: Expected axis has 0 elements, new values have 13 elements
2026-06-03 16:58:47 INFO Length mismatch: Expected axis has 0 elements, new values have 13 elements
2026-06-03 16:58:47 INFO Length mismatch: Expected axis has 0 elements, new values have 6 elements
2026-06-03 16:58:50 INFO Length mismatch: Expected axis has 0 elements, new values have 6 elements
2026-06-03 16:58:54 INFO Length mismatch: Expected axis has 0 elements, new values have 6 elements
2026-06-03 16:58:54 WARNING [069620] trader fetch 실패. 수급 0으로 채움.
2026-06-03 16:58:54 INFO [HOLIDAY] 069620 대웅제약: 신규 거래일 없음 (휴장 또는 미정산)
2026-06-03 16:58:55 INFO Length mismatch: Expected axis has 0 elements, new values have 13 elements
2026-06-03 16:58:57 INFO Length mismatch: Expected axis has 0 elements, new values have 13 elements
2026-06-03 16:59:01 INFO Length mismatch: Expected axis has 0 elements, new values have 13 elements
2026-06-03 16:59:01 INFO Length mismatch: Expected axis has 0 elements, new values have 6 elements
2026-06-03 16:59:03 INFO Length mismatch: Expected axis has 0 elements, new values have 6 elements
2026-06-03 16:59:08 INFO Length mismatch: Expected axis has 0 elements, new values have 6 elements
2026-06-03 16:59:08 WARNING [005830] trader fetch 실패. 수급 0으로 채움.
2026-06-03 16:59:08 INFO [HOLIDAY] 005830 DB손해보험: 신규 거래일 없음 (휴장 또는 미정산)
2026-06-03 16:59:08 INFO Length mismatch: Expected axis has 0 elements, new values have 13 elements
2026-06-03 16:59:11 INFO Length mismatch: Expected axis has 0 elements, new values have 13 elements
2026-06-03 16:59:15 INFO Length mismatch: Expected axis has 0 elements, new values have 13 elements
2026-06-03 16:59:15 INFO Length mismatch: Expected axis has 0 elements, new values have 6 elements
2026-06-03 16:59:17 INFO Length mismatch: Expected axis has 0 elements, new values have 6 elements
2026-06-03 16:59:22 INFO Length mismatch: Expected axis has 0 elements, new values have 6 elements
2026-06-03 16:59:22 WARNING [000210] trader fetch 실패. 수급 0으로 채움.
2026-06-03 16:59:22 INFO [HOLIDAY] 000210 DL: 신규 거래일 없음 (휴장 또는 미정산)
2026-06-03 16:59:23 INFO Length mismatch: Expected axis has 0 elements, new values have 13 elements
2026-06-03 16:59:25 INFO Length mismatch: Expected axis has 0 elements, new values have 13 elements
2026-06-03 16:59:29 INFO Length mismatch: Expected axis has 0 elements, new values have 13 elements
2026-06-03 16:59:29 INFO Length mismatch: Expected axis has 0 elements, new values have 6 elements
2026-06-03 16:59:31 INFO Length mismatch: Expected axis has 0 elements, new values have 6 elements
2026-06-03 16:59:36 INFO Length mismatch: Expected axis has 0 elements, new values have 6 elements
2026-06-03 16:59:36 WARNING [375500] trader fetch 실패. 수급 0으로 채움.
2026-06-03 16:59:36 INFO [HOLIDAY] 375500 DL이앤씨: 신규 거래일 없음 (휴장 또는 미정산)
2026-06-03 16:59:36 INFO Length mismatch: Expected axis has 0 elements, new values have 13 elements
2026-06-03 16:59:39 INFO Length mismatch: Expected axis has 0 elements, new values have 13 elements
2026-06-03 16:59:43 INFO Length mismatch: Expected axis has 0 elements, new values have 13 elements
2026-06-03 16:59:43 INFO Length mismatch: Expected axis has 0 elements, new values have 6 elements
2026-06-03 16:59:45 INFO Length mismatch: Expected axis has 0 elements, new values have 6 elements
2026-06-03 16:59:49 INFO Length mismatch: Expected axis has 0 elements, new values have 6 elements
2026-06-03 16:59:49 WARNING [007340] trader fetch 실패. 수급 0으로 채움.
2026-06-03 16:59:49 INFO [HOLIDAY] 007340 DN오토모티브: 신규 거래일 없음 (휴장 또는 미정산)
2026-06-03 16:59:50 INFO Length mismatch: Expected axis has 0 elements, new values have 13 elements
2026-06-03 16:59:52 INFO Length mismatch: Expected axis has 0 elements, new values have 13 elements
2026-06-03 16:59:57 INFO Length mismatch: Expected axis has 0 elements, new values have 13 elements
2026-06-03 16:59:57 INFO Length mismatch: Expected axis has 0 elements, new values have 6 elements
2026-06-03 16:59:59 INFO Length mismatch: Expected axis has 0 elements, new values have 6 elements
2026-06-03 17:00:03 INFO Length mismatch: Expected axis has 0 elements, new values have 6 elements
2026-06-03 17:00:03 WARNING [026960] trader fetch 실패. 수급 0으로 채움.
2026-06-03 17:00:03 INFO [HOLIDAY] 026960 동서: 신규 거래일 없음 (휴장 또는 미정산)
2026-06-03 17:00:04 INFO Length mismatch: Expected axis has 0 elements, new values have 13 elements
2026-06-03 17:00:06 INFO Length mismatch: Expected axis has 0 elements, new values have 13 elements
2026-06-03 17:00:11 INFO Length mismatch: Expected axis has 0 elements, new values have 13 elements
2026-06-03 17:00:11 INFO Length mismatch: Expected axis has 0 elements, new values have 6 elements
2026-06-03 17:00:13 INFO Length mismatch: Expected axis has 0 elements, new values have 6 elements
2026-06-03 17:00:18 INFO Length mismatch: Expected axis has 0 elements, new values have 6 elements
2026-06-03 17:00:18 WARNING [006040] trader fetch 실패. 수급 0으로 채움.
2026-06-03 17:00:18 INFO [HOLIDAY] 006040 동원산업: 신규 거래일 없음 (휴장 또는 미정산)
2026-06-03 17:00:18 INFO Length mismatch: Expected axis has 0 elements, new values have 13 elements
2026-06-03 17:00:21 INFO Length mismatch: Expected axis has 0 elements, new values have 13 elements
2026-06-03 17:00:25 INFO Length mismatch: Expected axis has 0 elements, new values have 13 elements
2026-06-03 17:00:25 INFO Length mismatch: Expected axis has 0 elements, new values have 6 elements
2026-06-03 17:00:27 INFO Length mismatch: Expected axis has 0 elements, new values have 6 elements
2026-06-03 17:00:31 INFO Length mismatch: Expected axis has 0 elements, new values have 6 elements
2026-06-03 17:00:31 WARNING [014820] trader fetch 실패. 수급 0으로 채움.
2026-06-03 17:00:31 INFO [HOLIDAY] 014820 동원시스템즈: 신규 거래일 없음 (휴장 또는 미정산)
2026-06-03 17:00:32 INFO Length mismatch: Expected axis has 0 elements, new values have 13 elements
2026-06-03 17:00:34 INFO Length mismatch: Expected axis has 0 elements, new values have 13 elements
2026-06-03 17:00:39 INFO Length mismatch: Expected axis has 0 elements, new values have 13 elements
2026-06-03 17:00:39 INFO Length mismatch: Expected axis has 0 elements, new values have 6 elements
2026-06-03 17:00:41 INFO Length mismatch: Expected axis has 0 elements, new values have 6 elements
2026-06-03 17:00:45 INFO Length mismatch: Expected axis has 0 elements, new values have 6 elements
2026-06-03 17:00:45 WARNING [000150] trader fetch 실패. 수급 0으로 채움.
2026-06-03 17:00:45 INFO [HOLIDAY] 000150 두산: 신규 거래일 없음 (휴장 또는 미정산)
2026-06-03 17:00:46 INFO Length mismatch: Expected axis has 0 elements, new values have 13 elements
2026-06-03 17:00:48 INFO Length mismatch: Expected axis has 0 elements, new values have 13 elements
2026-06-03 17:00:52 INFO Length mismatch: Expected axis has 0 elements, new values have 13 elements
2026-06-03 17:00:53 INFO Length mismatch: Expected axis has 0 elements, new values have 6 elements
2026-06-03 17:00:55 INFO Length mismatch: Expected axis has 0 elements, new values have 6 elements
2026-06-03 17:00:59 INFO Length mismatch: Expected axis has 0 elements, new values have 6 elements
2026-06-03 17:00:59 WARNING [241560] trader fetch 실패. 수급 0으로 채움.
2026-06-03 17:00:59 INFO [HOLIDAY] 241560 두산밥캣: 신규 거래일 없음 (휴장 또는 미정산)
2026-06-03 17:01:00 INFO Length mismatch: Expected axis has 0 elements, new values have 13 elements
2026-06-03 17:01:02 INFO Length mismatch: Expected axis has 0 elements, new values have 13 elements
2026-06-03 17:01:06 INFO Length mismatch: Expected axis has 0 elements, new values have 13 elements
2026-06-03 17:01:07 INFO Length mismatch: Expected axis has 0 elements, new values have 6 elements
2026-06-03 17:01:09 INFO Length mismatch: Expected axis has 0 elements, new values have 6 elements
2026-06-03 17:01:13 INFO Length mismatch: Expected axis has 0 elements, new values have 6 elements
2026-06-03 17:01:13 WARNING [454910] trader fetch 실패. 수급 0으로 채움.
2026-06-03 17:01:13 INFO [HOLIDAY] 454910 두산로보틱스: 신규 거래일 없음 (휴장 또는 미정산)
2026-06-03 17:01:14 INFO Length mismatch: Expected axis has 0 elements, new values have 13 elements
2026-06-03 17:01:16 INFO Length mismatch: Expected axis has 0 elements, new values have 13 elements
2026-06-03 17:01:20 INFO Length mismatch: Expected axis has 0 elements, new values have 13 elements
2026-06-03 17:01:21 INFO Length mismatch: Expected axis has 0 elements, new values have 6 elements
2026-06-03 17:01:23 INFO Length mismatch: Expected axis has 0 elements, new values have 6 elements
2026-06-03 17:01:27 INFO Length mismatch: Expected axis has 0 elements, new values have 6 elements
2026-06-03 17:01:27 WARNING [192080] trader fetch 실패. 수급 0으로 채움.
2026-06-03 17:01:27 INFO [HOLIDAY] 192080 더블유게임즈: 신규 거래일 없음 (휴장 또는 미정산)
2026-06-03 17:01:28 INFO Length mismatch: Expected axis has 0 elements, new values have 13 elements
2026-06-03 17:01:30 INFO Length mismatch: Expected axis has 0 elements, new values have 13 elements
2026-06-03 17:01:34 INFO Length mismatch: Expected axis has 0 elements, new values have 13 elements
2026-06-03 17:01:35 INFO Length mismatch: Expected axis has 0 elements, new values have 6 elements
2026-06-03 17:01:37 INFO Length mismatch: Expected axis has 0 elements, new values have 6 elements
2026-06-03 17:01:41 INFO Length mismatch: Expected axis has 0 elements, new values have 6 elements
2026-06-03 17:01:41 WARNING [450080] trader fetch 실패. 수급 0으로 채움.
2026-06-03 17:01:41 INFO [HOLIDAY] 450080 에코프로머티: 신규 거래일 없음 (휴장 또는 미정산)
2026-06-03 17:01:42 INFO Length mismatch: Expected axis has 0 elements, new values have 13 elements
2026-06-03 17:01:44 INFO Length mismatch: Expected axis has 0 elements, new values have 13 elements
2026-06-03 17:01:48 INFO Length mismatch: Expected axis has 0 elements, new values have 13 elements
2026-06-03 17:01:48 INFO Length mismatch: Expected axis has 0 elements, new values have 6 elements
2026-06-03 17:01:51 INFO Length mismatch: Expected axis has 0 elements, new values have 6 elements
2026-06-03 17:01:55 INFO Length mismatch: Expected axis has 0 elements, new values have 6 elements
2026-06-03 17:01:55 WARNING [139480] trader fetch 실패. 수급 0으로 채움.
2026-06-03 17:01:55 INFO [HOLIDAY] 139480 이마트: 신규 거래일 없음 (휴장 또는 미정산)
2026-06-03 17:01:56 INFO Length mismatch: Expected axis has 0 elements, new values have 13 elements
2026-06-03 17:01:58 INFO Length mismatch: Expected axis has 0 elements, new values have 13 elements
2026-06-03 17:02:02 INFO Length mismatch: Expected axis has 0 elements, new values have 13 elements
2026-06-03 17:02:02 INFO Length mismatch: Expected axis has 0 elements, new values have 6 elements
2026-06-03 17:02:04 INFO Length mismatch: Expected axis has 0 elements, new values have 6 elements
2026-06-03 17:02:09 INFO Length mismatch: Expected axis has 0 elements, new values have 6 elements
2026-06-03 17:02:09 WARNING [383220] trader fetch 실패. 수급 0으로 채움.
2026-06-03 17:02:09 INFO [HOLIDAY] 383220 F&F: 신규 거래일 없음 (휴장 또는 미정산)
2026-06-03 17:02:09 INFO Length mismatch: Expected axis has 0 elements, new values have 13 elements
2026-06-03 17:02:12 INFO Length mismatch: Expected axis has 0 elements, new values have 13 elements
2026-06-03 17:02:16 INFO Length mismatch: Expected axis has 0 elements, new values have 13 elements
2026-06-03 17:02:16 INFO Length mismatch: Expected axis has 0 elements, new values have 6 elements
2026-06-03 17:02:19 INFO Length mismatch: Expected axis has 0 elements, new values have 6 elements
2026-06-03 17:02:23 INFO Length mismatch: Expected axis has 0 elements, new values have 6 elements
2026-06-03 17:02:23 WARNING [093370] trader fetch 실패. 수급 0으로 채움.
2026-06-03 17:02:23 INFO [HOLIDAY] 093370 후성: 신규 거래일 없음 (휴장 또는 미정산)
2026-06-03 17:02:24 INFO Length mismatch: Expected axis has 0 elements, new values have 13 elements
2026-06-03 17:02:26 INFO Length mismatch: Expected axis has 0 elements, new values have 13 elements
2026-06-03 17:02:30 INFO Length mismatch: Expected axis has 0 elements, new values have 13 elements
2026-06-03 17:02:30 INFO Length mismatch: Expected axis has 0 elements, new values have 6 elements
2026-06-03 17:02:32 INFO Length mismatch: Expected axis has 0 elements, new values have 6 elements
2026-06-03 17:02:37 INFO Length mismatch: Expected axis has 0 elements, new values have 6 elements
2026-06-03 17:02:37 WARNING [114090] trader fetch 실패. 수급 0으로 채움.
2026-06-03 17:02:37 INFO [HOLIDAY] 114090 GKL: 신규 거래일 없음 (휴장 또는 미정산)
2026-06-03 17:02:38 INFO Length mismatch: Expected axis has 0 elements, new values have 13 elements
2026-06-03 17:02:40 INFO Length mismatch: Expected axis has 0 elements, new values have 13 elements
2026-06-03 17:02:44 INFO Length mismatch: Expected axis has 0 elements, new values have 13 elements
2026-06-03 17:02:44 INFO Length mismatch: Expected axis has 0 elements, new values have 6 elements
2026-06-03 17:02:46 INFO Length mismatch: Expected axis has 0 elements, new values have 6 elements
2026-06-03 17:02:51 INFO Length mismatch: Expected axis has 0 elements, new values have 6 elements
2026-06-03 17:02:51 WARNING [006280] trader fetch 실패. 수급 0으로 채움.
2026-06-03 17:02:51 INFO [HOLIDAY] 006280 GC녹십자: 신규 거래일 없음 (휴장 또는 미정산)
2026-06-03 17:02:52 INFO Length mismatch: Expected axis has 0 elements, new values have 13 elements
2026-06-03 17:02:54 INFO Length mismatch: Expected axis has 0 elements, new values have 13 elements
2026-06-03 17:02:58 INFO Length mismatch: Expected axis has 0 elements, new values have 13 elements
2026-06-03 17:02:59 INFO Length mismatch: Expected axis has 0 elements, new values have 6 elements
2026-06-03 17:03:01 INFO Length mismatch: Expected axis has 0 elements, new values have 6 elements
2026-06-03 17:03:05 INFO Length mismatch: Expected axis has 0 elements, new values have 6 elements
2026-06-03 17:03:05 WARNING [005250] trader fetch 실패. 수급 0으로 채움.
2026-06-03 17:03:05 INFO [HOLIDAY] 005250 녹십자홀딩스: 신규 거래일 없음 (휴장 또는 미정산)
2026-06-03 17:03:06 INFO Length mismatch: Expected axis has 0 elements, new values have 13 elements
2026-06-03 17:03:08 INFO Length mismatch: Expected axis has 0 elements, new values have 13 elements
2026-06-03 17:03:12 INFO Length mismatch: Expected axis has 0 elements, new values have 13 elements
2026-06-03 17:03:13 INFO Length mismatch: Expected axis has 0 elements, new values have 6 elements
2026-06-03 17:03:15 INFO Length mismatch: Expected axis has 0 elements, new values have 6 elements
2026-06-03 17:03:19 INFO Length mismatch: Expected axis has 0 elements, new values have 6 elements
2026-06-03 17:03:19 WARNING [078930] trader fetch 실패. 수급 0으로 채움.
2026-06-03 17:03:19 INFO [HOLIDAY] 078930 GS: 신규 거래일 없음 (휴장 또는 미정산)
2026-06-03 17:03:20 INFO Length mismatch: Expected axis has 0 elements, new values have 13 elements
2026-06-03 17:03:22 INFO Length mismatch: Expected axis has 0 elements, new values have 13 elements
2026-06-03 17:03:26 INFO Length mismatch: Expected axis has 0 elements, new values have 13 elements
2026-06-03 17:03:26 INFO Length mismatch: Expected axis has 0 elements, new values have 6 elements
2026-06-03 17:03:29 INFO Length mismatch: Expected axis has 0 elements, new values have 6 elements
2026-06-03 17:03:33 INFO Length mismatch: Expected axis has 0 elements, new values have 6 elements
2026-06-03 17:03:33 WARNING [006360] trader fetch 실패. 수급 0으로 채움.
2026-06-03 17:03:33 INFO [HOLIDAY] 006360 GS건설: 신규 거래일 없음 (휴장 또는 미정산)
2026-06-03 17:03:34 INFO Length mismatch: Expected axis has 0 elements, new values have 13 elements
2026-06-03 17:03:36 INFO Length mismatch: Expected axis has 0 elements, new values have 13 elements
2026-06-03 17:03:40 INFO Length mismatch: Expected axis has 0 elements, new values have 13 elements
2026-06-03 17:03:40 INFO Length mismatch: Expected axis has 0 elements, new values have 6 elements
2026-06-03 17:03:43 INFO Length mismatch: Expected axis has 0 elements, new values have 6 elements
2026-06-03 17:03:47 INFO Length mismatch: Expected axis has 0 elements, new values have 6 elements
2026-06-03 17:03:47 WARNING [007070] trader fetch 실패. 수급 0으로 채움.
2026-06-03 17:03:47 INFO [HOLIDAY] 007070 GS리테일: 신규 거래일 없음 (휴장 또는 미정산)
2026-06-03 17:03:48 INFO Length mismatch: Expected axis has 0 elements, new values have 13 elements
2026-06-03 17:03:50 INFO Length mismatch: Expected axis has 0 elements, new values have 13 elements
2026-06-03 17:03:54 INFO Length mismatch: Expected axis has 0 elements, new values have 13 elements
2026-06-03 17:03:54 INFO Length mismatch: Expected axis has 0 elements, new values have 6 elements
2026-06-03 17:03:56 INFO Length mismatch: Expected axis has 0 elements, new values have 6 elements
2026-06-03 17:04:01 INFO Length mismatch: Expected axis has 0 elements, new values have 6 elements
2026-06-03 17:04:01 WARNING [086790] trader fetch 실패. 수급 0으로 채움.
2026-06-03 17:04:01 INFO [HOLIDAY] 086790 하나금융지주: 신규 거래일 없음 (휴장 또는 미정산)
2026-06-03 17:04:01 INFO Length mismatch: Expected axis has 0 elements, new values have 13 elements
2026-06-03 17:04:04 INFO Length mismatch: Expected axis has 0 elements, new values have 13 elements
2026-06-03 17:04:08 INFO Length mismatch: Expected axis has 0 elements, new values have 13 elements
2026-06-03 17:04:08 INFO Length mismatch: Expected axis has 0 elements, new values have 6 elements
2026-06-03 17:04:10 INFO Length mismatch: Expected axis has 0 elements, new values have 6 elements
2026-06-03 17:04:14 INFO Length mismatch: Expected axis has 0 elements, new values have 6 elements
2026-06-03 17:04:14 WARNING [009420] trader fetch 실패. 수급 0으로 채움.
2026-06-03 17:04:14 INFO [HOLIDAY] 009420 한올바이오파마: 신규 거래일 없음 (휴장 또는 미정산)
2026-06-03 17:04:15 INFO Length mismatch: Expected axis has 0 elements, new values have 13 elements
2026-06-03 17:04:17 INFO Length mismatch: Expected axis has 0 elements, new values have 13 elements
2026-06-03 17:04:22 INFO Length mismatch: Expected axis has 0 elements, new values have 13 elements
2026-06-03 17:04:22 INFO Length mismatch: Expected axis has 0 elements, new values have 6 elements
2026-06-03 17:04:24 INFO Length mismatch: Expected axis has 0 elements, new values have 6 elements
2026-06-03 17:04:28 INFO Length mismatch: Expected axis has 0 elements, new values have 6 elements
2026-06-03 17:04:28 WARNING [300720] trader fetch 실패. 수급 0으로 채움.
2026-06-03 17:04:28 INFO [HOLIDAY] 300720 한일시멘트: 신규 거래일 없음 (휴장 또는 미정산)
2026-06-03 17:04:29 INFO Length mismatch: Expected axis has 0 elements, new values have 13 elements
2026-06-03 17:04:31 INFO Length mismatch: Expected axis has 0 elements, new values have 13 elements
2026-06-03 17:04:35 INFO Length mismatch: Expected axis has 0 elements, new values have 13 elements
2026-06-03 17:04:36 INFO Length mismatch: Expected axis has 0 elements, new values have 6 elements
2026-06-03 17:04:38 INFO Length mismatch: Expected axis has 0 elements, new values have 6 elements
2026-06-03 17:04:42 INFO Length mismatch: Expected axis has 0 elements, new values have 6 elements
2026-06-03 17:04:42 WARNING [180640] trader fetch 실패. 수급 0으로 채움.
2026-06-03 17:04:42 INFO [HOLIDAY] 180640 한진칼: 신규 거래일 없음 (휴장 또는 미정산)
2026-06-03 17:04:43 INFO Length mismatch: Expected axis has 0 elements, new values have 13 elements
2026-06-03 17:04:45 INFO Length mismatch: Expected axis has 0 elements, new values have 13 elements
2026-06-03 17:04:49 INFO Length mismatch: Expected axis has 0 elements, new values have 13 elements
2026-06-03 17:04:49 INFO Length mismatch: Expected axis has 0 elements, new values have 6 elements
2026-06-03 17:04:51 INFO Length mismatch: Expected axis has 0 elements, new values have 6 elements
2026-06-03 17:04:56 INFO Length mismatch: Expected axis has 0 elements, new values have 6 elements
2026-06-03 17:04:56 WARNING [161390] trader fetch 실패. 수급 0으로 채움.
2026-06-03 17:04:56 INFO [HOLIDAY] 161390 한국타이어앤테크놀로지: 신규 거래일 없음 (휴장 또는 미정산)
2026-06-03 17:04:56 INFO Length mismatch: Expected axis has 0 elements, new values have 13 elements
2026-06-03 17:04:59 INFO Length mismatch: Expected axis has 0 elements, new values have 13 elements
2026-06-03 17:05:03 INFO Length mismatch: Expected axis has 0 elements, new values have 13 elements
2026-06-03 17:05:03 INFO Length mismatch: Expected axis has 0 elements, new values have 6 elements
2026-06-03 17:05:05 INFO Length mismatch: Expected axis has 0 elements, new values have 6 elements
2026-06-03 17:05:10 INFO Length mismatch: Expected axis has 0 elements, new values have 6 elements
2026-06-03 17:05:10 WARNING [000240] trader fetch 실패. 수급 0으로 채움.
2026-06-03 17:05:10 INFO [HOLIDAY] 000240 한국앤컴퍼니: 신규 거래일 없음 (휴장 또는 미정산)
2026-06-03 17:05:10 INFO Length mismatch: Expected axis has 0 elements, new values have 13 elements
2026-06-03 17:05:13 INFO Length mismatch: Expected axis has 0 elements, new values have 13 elements
2026-06-03 17:05:17 INFO Length mismatch: Expected axis has 0 elements, new values have 13 elements
2026-06-03 17:05:18 INFO Length mismatch: Expected axis has 0 elements, new values have 6 elements
2026-06-03 17:05:20 INFO Length mismatch: Expected axis has 0 elements, new values have 6 elements
2026-06-03 17:05:24 INFO Length mismatch: Expected axis has 0 elements, new values have 6 elements
2026-06-03 17:05:24 WARNING [128940] trader fetch 실패. 수급 0으로 채움.
2026-06-03 17:05:24 INFO [HOLIDAY] 128940 한미약품: 신규 거래일 없음 (휴장 또는 미정산)
2026-06-03 17:05:25 INFO Length mismatch: Expected axis has 0 elements, new values have 13 elements
2026-06-03 17:05:27 INFO Length mismatch: Expected axis has 0 elements, new values have 13 elements
2026-06-03 17:05:31 INFO Length mismatch: Expected axis has 0 elements, new values have 13 elements
2026-06-03 17:05:32 INFO Length mismatch: Expected axis has 0 elements, new values have 6 elements
2026-06-03 17:05:34 INFO Length mismatch: Expected axis has 0 elements, new values have 6 elements
2026-06-03 17:05:38 INFO Length mismatch: Expected axis has 0 elements, new values have 6 elements
2026-06-03 17:05:38 WARNING [008930] trader fetch 실패. 수급 0으로 채움.
2026-06-03 17:05:38 INFO [HOLIDAY] 008930 한미사이언스: 신규 거래일 없음 (휴장 또는 미정산)
2026-06-03 17:05:39 INFO Length mismatch: Expected axis has 0 elements, new values have 13 elements
2026-06-03 17:05:41 INFO Length mismatch: Expected axis has 0 elements, new values have 13 elements
2026-06-03 17:05:45 INFO Length mismatch: Expected axis has 0 elements, new values have 13 elements
2026-06-03 17:05:46 INFO Length mismatch: Expected axis has 0 elements, new values have 6 elements
2026-06-03 17:05:48 INFO Length mismatch: Expected axis has 0 elements, new values have 6 elements
2026-06-03 17:05:52 INFO Length mismatch: Expected axis has 0 elements, new values have 6 elements
2026-06-03 17:05:52 WARNING [018880] trader fetch 실패. 수급 0으로 채움.
2026-06-03 17:05:52 INFO [HOLIDAY] 018880 한온시스템: 신규 거래일 없음 (휴장 또는 미정산)
2026-06-03 17:05:53 INFO Length mismatch: Expected axis has 0 elements, new values have 13 elements
2026-06-03 17:05:55 INFO Length mismatch: Expected axis has 0 elements, new values have 13 elements
2026-06-03 17:05:59 INFO Length mismatch: Expected axis has 0 elements, new values have 13 elements
2026-06-03 17:05:59 INFO Length mismatch: Expected axis has 0 elements, new values have 6 elements
2026-06-03 17:06:02 INFO Length mismatch: Expected axis has 0 elements, new values have 6 elements
2026-06-03 17:06:06 INFO Length mismatch: Expected axis has 0 elements, new values have 6 elements
2026-06-03 17:06:06 WARNING [014680] trader fetch 실패. 수급 0으로 채움.
2026-06-03 17:06:06 INFO [HOLIDAY] 014680 한솔케미칼: 신규 거래일 없음 (휴장 또는 미정산)
2026-06-03 17:06:07 INFO Length mismatch: Expected axis has 0 elements, new values have 13 elements
2026-06-03 17:06:09 INFO Length mismatch: Expected axis has 0 elements, new values have 13 elements
2026-06-03 17:06:13 INFO Length mismatch: Expected axis has 0 elements, new values have 13 elements
2026-06-03 17:06:14 INFO Length mismatch: Expected axis has 0 elements, new values have 6 elements
2026-06-03 17:06:16 INFO Length mismatch: Expected axis has 0 elements, new values have 6 elements
2026-06-03 17:06:20 INFO Length mismatch: Expected axis has 0 elements, new values have 6 elements
2026-06-03 17:06:20 WARNING [009240] trader fetch 실패. 수급 0으로 채움.
2026-06-03 17:06:20 INFO [HOLIDAY] 009240 한샘: 신규 거래일 없음 (휴장 또는 미정산)
2026-06-03 17:06:21 INFO Length mismatch: Expected axis has 0 elements, new values have 13 elements
2026-06-03 17:06:23 INFO Length mismatch: Expected axis has 0 elements, new values have 13 elements
2026-06-03 17:06:27 INFO Length mismatch: Expected axis has 0 elements, new values have 13 elements
2026-06-03 17:06:27 INFO Length mismatch: Expected axis has 0 elements, new values have 6 elements
2026-06-03 17:06:30 INFO Length mismatch: Expected axis has 0 elements, new values have 6 elements
2026-06-03 17:06:34 INFO Length mismatch: Expected axis has 0 elements, new values have 6 elements
2026-06-03 17:06:34 WARNING [082740] trader fetch 실패. 수급 0으로 채움.
2026-06-03 17:06:34 INFO [HOLIDAY] 082740 한화엔진: 신규 거래일 없음 (휴장 또는 미정산)
2026-06-03 17:06:35 INFO Length mismatch: Expected axis has 0 elements, new values have 13 elements
2026-06-03 17:06:37 INFO Length mismatch: Expected axis has 0 elements, new values have 13 elements
2026-06-03 17:06:41 INFO Length mismatch: Expected axis has 0 elements, new values have 13 elements
2026-06-03 17:06:41 INFO Length mismatch: Expected axis has 0 elements, new values have 6 elements
2026-06-03 17:06:43 INFO Length mismatch: Expected axis has 0 elements, new values have 6 elements
2026-06-03 17:06:47 INFO Length mismatch: Expected axis has 0 elements, new values have 6 elements
2026-06-03 17:06:47 WARNING [088350] trader fetch 실패. 수급 0으로 채움.
2026-06-03 17:06:47 INFO [HOLIDAY] 088350 한화생명: 신규 거래일 없음 (휴장 또는 미정산)
2026-06-03 17:06:48 INFO Length mismatch: Expected axis has 0 elements, new values have 13 elements
2026-06-03 17:06:50 INFO Length mismatch: Expected axis has 0 elements, new values have 13 elements
2026-06-03 17:06:55 INFO Length mismatch: Expected axis has 0 elements, new values have 13 elements
2026-06-03 17:06:55 INFO Length mismatch: Expected axis has 0 elements, new values have 6 elements
2026-06-03 17:06:57 INFO Length mismatch: Expected axis has 0 elements, new values have 6 elements
2026-06-03 17:07:01 INFO Length mismatch: Expected axis has 0 elements, new values have 6 elements
2026-06-03 17:07:01 WARNING [009830] trader fetch 실패. 수급 0으로 채움.
2026-06-03 17:07:01 INFO [HOLIDAY] 009830 한화솔루션: 신규 거래일 없음 (휴장 또는 미정산)
2026-06-03 17:07:02 INFO Length mismatch: Expected axis has 0 elements, new values have 13 elements
2026-06-03 17:07:04 INFO Length mismatch: Expected axis has 0 elements, new values have 13 elements
2026-06-03 17:07:09 INFO Length mismatch: Expected axis has 0 elements, new values have 13 elements
2026-06-03 17:07:09 INFO Length mismatch: Expected axis has 0 elements, new values have 6 elements
2026-06-03 17:07:11 INFO Length mismatch: Expected axis has 0 elements, new values have 6 elements
2026-06-03 17:07:15 INFO Length mismatch: Expected axis has 0 elements, new values have 6 elements
2026-06-03 17:07:15 WARNING [267250] trader fetch 실패. 수급 0으로 채움.
2026-06-03 17:07:15 INFO [HOLIDAY] 267250 HD현대: 신규 거래일 없음 (휴장 또는 미정산)
2026-06-03 17:07:16 INFO Length mismatch: Expected axis has 0 elements, new values have 13 elements
2026-06-03 17:07:18 INFO Length mismatch: Expected axis has 0 elements, new values have 13 elements
2026-06-03 17:07:22 INFO Length mismatch: Expected axis has 0 elements, new values have 13 elements
2026-06-03 17:07:23 INFO Length mismatch: Expected axis has 0 elements, new values have 6 elements
2026-06-03 17:07:25 INFO Length mismatch: Expected axis has 0 elements, new values have 6 elements
2026-06-03 17:07:29 INFO Length mismatch: Expected axis has 0 elements, new values have 6 elements
2026-06-03 17:07:29 WARNING [329180] trader fetch 실패. 수급 0으로 채움.
2026-06-03 17:07:29 INFO [HOLIDAY] 329180 HD현대중공업: 신규 거래일 없음 (휴장 또는 미정산)
2026-06-03 17:07:30 INFO Length mismatch: Expected axis has 0 elements, new values have 13 elements
2026-06-03 17:07:32 INFO Length mismatch: Expected axis has 0 elements, new values have 13 elements
2026-06-03 17:07:36 INFO Length mismatch: Expected axis has 0 elements, new values have 13 elements
2026-06-03 17:07:37 INFO Length mismatch: Expected axis has 0 elements, new values have 6 elements
2026-06-03 17:07:39 INFO Length mismatch: Expected axis has 0 elements, new values have 6 elements
2026-06-03 17:07:43 INFO Length mismatch: Expected axis has 0 elements, new values have 6 elements
2026-06-03 17:07:43 WARNING [071970] trader fetch 실패. 수급 0으로 채움.
2026-06-03 17:07:43 INFO [HOLIDAY] 071970 HD현대마린엔진: 신규 거래일 없음 (휴장 또는 미정산)
2026-06-03 17:07:44 INFO Length mismatch: Expected axis has 0 elements, new values have 13 elements
2026-06-03 17:07:46 INFO Length mismatch: Expected axis has 0 elements, new values have 13 elements
2026-06-03 17:07:51 INFO Length mismatch: Expected axis has 0 elements, new values have 13 elements
2026-06-03 17:07:51 INFO Length mismatch: Expected axis has 0 elements, new values have 6 elements
2026-06-03 17:07:53 INFO Length mismatch: Expected axis has 0 elements, new values have 6 elements
2026-06-03 17:07:57 INFO Length mismatch: Expected axis has 0 elements, new values have 6 elements
2026-06-03 17:07:57 WARNING [443060] trader fetch 실패. 수급 0으로 채움.
2026-06-03 17:07:57 INFO [HOLIDAY] 443060 HD현대마린솔루션: 신규 거래일 없음 (휴장 또는 미정산)
2026-06-03 17:07:58 INFO Length mismatch: Expected axis has 0 elements, new values have 13 elements
2026-06-03 17:08:00 INFO Length mismatch: Expected axis has 0 elements, new values have 13 elements
2026-06-03 17:08:05 INFO Length mismatch: Expected axis has 0 elements, new values have 13 elements
2026-06-03 17:08:05 INFO Length mismatch: Expected axis has 0 elements, new values have 6 elements
2026-06-03 17:08:07 INFO Length mismatch: Expected axis has 0 elements, new values have 6 elements
2026-06-03 17:08:11 INFO Length mismatch: Expected axis has 0 elements, new values have 6 elements
2026-06-03 17:08:11 WARNING [009540] trader fetch 실패. 수급 0으로 채움.
2026-06-03 17:08:11 INFO [HOLIDAY] 009540 HD한국조선해양: 신규 거래일 없음 (휴장 또는 미정산)
2026-06-03 17:08:12 INFO Length mismatch: Expected axis has 0 elements, new values have 13 elements
2026-06-03 17:08:14 INFO Length mismatch: Expected axis has 0 elements, new values have 13 elements
2026-06-03 17:08:18 INFO Length mismatch: Expected axis has 0 elements, new values have 13 elements
2026-06-03 17:08:19 INFO Length mismatch: Expected axis has 0 elements, new values have 6 elements
2026-06-03 17:08:21 INFO Length mismatch: Expected axis has 0 elements, new values have 6 elements
2026-06-03 17:08:25 INFO Length mismatch: Expected axis has 0 elements, new values have 6 elements
2026-06-03 17:08:25 WARNING [017960] trader fetch 실패. 수급 0으로 채움.
2026-06-03 17:08:25 INFO [HOLIDAY] 017960 한국카본: 신규 거래일 없음 (휴장 또는 미정산)
2026-06-03 17:08:26 INFO Length mismatch: Expected axis has 0 elements, new values have 13 elements
2026-06-03 17:08:28 INFO Length mismatch: Expected axis has 0 elements, new values have 13 elements
2026-06-03 17:08:33 INFO Length mismatch: Expected axis has 0 elements, new values have 13 elements
2026-06-03 17:08:33 INFO Length mismatch: Expected axis has 0 elements, new values have 6 elements
2026-06-03 17:08:35 INFO Length mismatch: Expected axis has 0 elements, new values have 6 elements
2026-06-03 17:08:39 INFO Length mismatch: Expected axis has 0 elements, new values have 6 elements
2026-06-03 17:08:39 WARNING [000080] trader fetch 실패. 수급 0으로 채움.
2026-06-03 17:08:39 INFO [HOLIDAY] 000080 하이트진로: 신규 거래일 없음 (휴장 또는 미정산)
2026-06-03 17:08:40 INFO Length mismatch: Expected axis has 0 elements, new values have 13 elements
2026-06-03 17:08:42 INFO Length mismatch: Expected axis has 0 elements, new values have 13 elements
2026-06-03 17:08:47 INFO Length mismatch: Expected axis has 0 elements, new values have 13 elements
2026-06-03 17:08:47 INFO Length mismatch: Expected axis has 0 elements, new values have 6 elements
2026-06-03 17:08:49 INFO Length mismatch: Expected axis has 0 elements, new values have 6 elements
2026-06-03 17:08:53 INFO Length mismatch: Expected axis has 0 elements, new values have 6 elements
2026-06-03 17:08:53 WARNING [204320] trader fetch 실패. 수급 0으로 채움.
2026-06-03 17:08:53 INFO [HOLIDAY] 204320 HL만도: 신규 거래일 없음 (휴장 또는 미정산)
2026-06-03 17:08:54 INFO Length mismatch: Expected axis has 0 elements, new values have 13 elements
2026-06-03 17:08:56 INFO Length mismatch: Expected axis has 0 elements, new values have 13 elements
2026-06-03 17:09:01 INFO Length mismatch: Expected axis has 0 elements, new values have 13 elements
2026-06-03 17:09:01 INFO Length mismatch: Expected axis has 0 elements, new values have 6 elements
2026-06-03 17:09:03 INFO Length mismatch: Expected axis has 0 elements, new values have 6 elements
2026-06-03 17:09:07 INFO Length mismatch: Expected axis has 0 elements, new values have 6 elements
2026-06-03 17:09:07 WARNING [011200] trader fetch 실패. 수급 0으로 채움.
2026-06-03 17:09:07 INFO [HOLIDAY] 011200 HMM: 신규 거래일 없음 (휴장 또는 미정산)
2026-06-03 17:09:08 INFO Length mismatch: Expected axis has 0 elements, new values have 13 elements
2026-06-03 17:09:10 INFO Length mismatch: Expected axis has 0 elements, new values have 13 elements
2026-06-03 17:09:14 INFO Length mismatch: Expected axis has 0 elements, new values have 13 elements
2026-06-03 17:09:15 INFO Length mismatch: Expected axis has 0 elements, new values have 6 elements
2026-06-03 17:09:17 INFO Length mismatch: Expected axis has 0 elements, new values have 6 elements
2026-06-03 17:09:21 INFO Length mismatch: Expected axis has 0 elements, new values have 6 elements
2026-06-03 17:09:21 WARNING [008770] trader fetch 실패. 수급 0으로 채움.
2026-06-03 17:09:21 INFO [HOLIDAY] 008770 호텔신라: 신규 거래일 없음 (휴장 또는 미정산)
2026-06-03 17:09:22 INFO Length mismatch: Expected axis has 0 elements, new values have 13 elements
2026-06-03 17:09:24 INFO Length mismatch: Expected axis has 0 elements, new values have 13 elements
2026-06-03 17:09:28 INFO Length mismatch: Expected axis has 0 elements, new values have 13 elements
2026-06-03 17:09:29 INFO Length mismatch: Expected axis has 0 elements, new values have 6 elements
2026-06-03 17:09:31 INFO Length mismatch: Expected axis has 0 elements, new values have 6 elements
2026-06-03 17:09:35 INFO Length mismatch: Expected axis has 0 elements, new values have 6 elements
2026-06-03 17:09:35 WARNING [298050] trader fetch 실패. 수급 0으로 채움.
2026-06-03 17:09:35 INFO [HOLIDAY] 298050 효성첨단소재: 신규 거래일 없음 (휴장 또는 미정산)
2026-06-03 17:09:36 INFO Length mismatch: Expected axis has 0 elements, new values have 13 elements
2026-06-03 17:09:38 INFO Length mismatch: Expected axis has 0 elements, new values have 13 elements
2026-06-03 17:09:42 INFO Length mismatch: Expected axis has 0 elements, new values have 13 elements
2026-06-03 17:09:42 INFO Length mismatch: Expected axis has 0 elements, new values have 6 elements
2026-06-03 17:09:45 INFO Length mismatch: Expected axis has 0 elements, new values have 6 elements
2026-06-03 17:09:49 INFO Length mismatch: Expected axis has 0 elements, new values have 6 elements
2026-06-03 17:09:49 WARNING [352820] trader fetch 실패. 수급 0으로 채움.
2026-06-03 17:09:49 INFO [HOLIDAY] 352820 하이브: 신규 거래일 없음 (휴장 또는 미정산)
2026-06-03 17:09:50 INFO Length mismatch: Expected axis has 0 elements, new values have 13 elements
2026-06-03 17:09:52 INFO Length mismatch: Expected axis has 0 elements, new values have 13 elements
2026-06-03 17:09:56 INFO Length mismatch: Expected axis has 0 elements, new values have 13 elements
2026-06-03 17:09:56 INFO Length mismatch: Expected axis has 0 elements, new values have 6 elements
2026-06-03 17:09:59 INFO Length mismatch: Expected axis has 0 elements, new values have 6 elements
2026-06-03 17:10:03 INFO Length mismatch: Expected axis has 0 elements, new values have 6 elements
2026-06-03 17:10:03 WARNING [298040] trader fetch 실패. 수급 0으로 채움.
2026-06-03 17:10:03 INFO [HOLIDAY] 298040 효성중공업: 신규 거래일 없음 (휴장 또는 미정산)
2026-06-03 17:10:04 INFO Length mismatch: Expected axis has 0 elements, new values have 13 elements
2026-06-03 17:10:06 INFO Length mismatch: Expected axis has 0 elements, new values have 13 elements
2026-06-03 17:10:10 INFO Length mismatch: Expected axis has 0 elements, new values have 13 elements
2026-06-03 17:10:10 INFO Length mismatch: Expected axis has 0 elements, new values have 6 elements
2026-06-03 17:10:12 INFO Length mismatch: Expected axis has 0 elements, new values have 6 elements
2026-06-03 17:10:17 INFO Length mismatch: Expected axis has 0 elements, new values have 6 elements
2026-06-03 17:10:17 WARNING [298020] trader fetch 실패. 수급 0으로 채움.
2026-06-03 17:10:17 INFO [HOLIDAY] 298020 효성티앤씨: 신규 거래일 없음 (휴장 또는 미정산)
2026-06-03 17:10:17 INFO Length mismatch: Expected axis has 0 elements, new values have 13 elements
2026-06-03 17:10:20 INFO Length mismatch: Expected axis has 0 elements, new values have 13 elements
2026-06-03 17:10:24 INFO Length mismatch: Expected axis has 0 elements, new values have 13 elements
2026-06-03 17:10:24 INFO Length mismatch: Expected axis has 0 elements, new values have 6 elements
2026-06-03 17:10:27 INFO Length mismatch: Expected axis has 0 elements, new values have 6 elements
2026-06-03 17:10:31 INFO Length mismatch: Expected axis has 0 elements, new values have 6 elements
2026-06-03 17:10:31 WARNING [307950] trader fetch 실패. 수급 0으로 채움.
2026-06-03 17:10:31 INFO [HOLIDAY] 307950 현대오토에버: 신규 거래일 없음 (휴장 또는 미정산)
2026-06-03 17:10:32 INFO Length mismatch: Expected axis has 0 elements, new values have 13 elements
2026-06-03 17:10:34 INFO Length mismatch: Expected axis has 0 elements, new values have 13 elements
2026-06-03 17:10:38 INFO Length mismatch: Expected axis has 0 elements, new values have 13 elements
2026-06-03 17:10:38 INFO Length mismatch: Expected axis has 0 elements, new values have 6 elements
2026-06-03 17:10:40 INFO Length mismatch: Expected axis has 0 elements, new values have 6 elements
2026-06-03 17:10:45 INFO Length mismatch: Expected axis has 0 elements, new values have 6 elements
2026-06-03 17:10:45 WARNING [069960] trader fetch 실패. 수급 0으로 채움.
2026-06-03 17:10:45 INFO [HOLIDAY] 069960 현대백화점: 신규 거래일 없음 (휴장 또는 미정산)
2026-06-03 17:10:46 INFO Length mismatch: Expected axis has 0 elements, new values have 13 elements
2026-06-03 17:10:48 INFO Length mismatch: Expected axis has 0 elements, new values have 13 elements
2026-06-03 17:10:52 INFO Length mismatch: Expected axis has 0 elements, new values have 13 elements
2026-06-03 17:10:52 INFO Length mismatch: Expected axis has 0 elements, new values have 6 elements
2026-06-03 17:10:54 INFO Length mismatch: Expected axis has 0 elements, new values have 6 elements
2026-06-03 17:10:59 INFO Length mismatch: Expected axis has 0 elements, new values have 6 elements
2026-06-03 17:10:59 WARNING [000720] trader fetch 실패. 수급 0으로 채움.
2026-06-03 17:10:59 INFO [HOLIDAY] 000720 현대건설: 신규 거래일 없음 (휴장 또는 미정산)
2026-06-03 17:10:59 INFO Length mismatch: Expected axis has 0 elements, new values have 13 elements
2026-06-03 17:11:02 INFO Length mismatch: Expected axis has 0 elements, new values have 13 elements
2026-06-03 17:11:06 INFO Length mismatch: Expected axis has 0 elements, new values have 13 elements
2026-06-03 17:11:06 INFO Length mismatch: Expected axis has 0 elements, new values have 6 elements
2026-06-03 17:11:08 INFO Length mismatch: Expected axis has 0 elements, new values have 6 elements
2026-06-03 17:11:12 INFO Length mismatch: Expected axis has 0 elements, new values have 6 elements
2026-06-03 17:11:12 WARNING [017800] trader fetch 실패. 수급 0으로 채움.
2026-06-03 17:11:12 INFO [HOLIDAY] 017800 현대엘리베이: 신규 거래일 없음 (휴장 또는 미정산)
2026-06-03 17:11:13 INFO Length mismatch: Expected axis has 0 elements, new values have 13 elements
2026-06-03 17:11:16 INFO Length mismatch: Expected axis has 0 elements, new values have 13 elements
2026-06-03 17:11:20 INFO Length mismatch: Expected axis has 0 elements, new values have 13 elements
2026-06-03 17:11:20 INFO Length mismatch: Expected axis has 0 elements, new values have 6 elements
2026-06-03 17:11:23 INFO Length mismatch: Expected axis has 0 elements, new values have 6 elements
2026-06-03 17:11:27 INFO Length mismatch: Expected axis has 0 elements, new values have 6 elements
2026-06-03 17:11:27 WARNING [086280] trader fetch 실패. 수급 0으로 채움.
2026-06-03 17:11:27 INFO [HOLIDAY] 086280 현대글로비스: 신규 거래일 없음 (휴장 또는 미정산)
2026-06-03 17:11:28 INFO Length mismatch: Expected axis has 0 elements, new values have 13 elements
2026-06-03 17:11:30 INFO Length mismatch: Expected axis has 0 elements, new values have 13 elements
2026-06-03 17:11:35 INFO Length mismatch: Expected axis has 0 elements, new values have 13 elements
2026-06-03 17:11:35 INFO Length mismatch: Expected axis has 0 elements, new values have 6 elements
2026-06-03 17:11:37 INFO Length mismatch: Expected axis has 0 elements, new values have 6 elements
2026-06-03 17:11:42 INFO Length mismatch: Expected axis has 0 elements, new values have 6 elements
2026-06-03 17:11:42 WARNING [001450] trader fetch 실패. 수급 0으로 채움.
2026-06-03 17:11:42 INFO [HOLIDAY] 001450 현대해상: 신규 거래일 없음 (휴장 또는 미정산)
2026-06-03 17:11:43 INFO Length mismatch: Expected axis has 0 elements, new values have 13 elements
2026-06-03 17:11:45 INFO Length mismatch: Expected axis has 0 elements, new values have 13 elements
2026-06-03 17:11:49 INFO Length mismatch: Expected axis has 0 elements, new values have 13 elements
2026-06-03 17:11:49 INFO Length mismatch: Expected axis has 0 elements, new values have 6 elements
2026-06-03 17:11:52 INFO Length mismatch: Expected axis has 0 elements, new values have 6 elements
2026-06-03 17:11:56 INFO Length mismatch: Expected axis has 0 elements, new values have 6 elements
2026-06-03 17:11:56 WARNING [004020] trader fetch 실패. 수급 0으로 채움.
2026-06-03 17:11:56 INFO [HOLIDAY] 004020 현대제철: 신규 거래일 없음 (휴장 또는 미정산)
2026-06-03 17:11:57 INFO Length mismatch: Expected axis has 0 elements, new values have 13 elements
2026-06-03 17:11:59 INFO Length mismatch: Expected axis has 0 elements, new values have 13 elements
2026-06-03 17:12:04 INFO Length mismatch: Expected axis has 0 elements, new values have 13 elements
2026-06-03 17:12:04 INFO Length mismatch: Expected axis has 0 elements, new values have 6 elements
2026-06-03 17:12:06 INFO Length mismatch: Expected axis has 0 elements, new values have 6 elements
2026-06-03 17:12:10 INFO Length mismatch: Expected axis has 0 elements, new values have 6 elements
2026-06-03 17:12:10 WARNING [011210] trader fetch 실패. 수급 0으로 채움.
2026-06-03 17:12:10 INFO [HOLIDAY] 011210 현대위아: 신규 거래일 없음 (휴장 또는 미정산)
2026-06-03 17:12:11 INFO Length mismatch: Expected axis has 0 elements, new values have 13 elements
2026-06-03 17:12:13 INFO Length mismatch: Expected axis has 0 elements, new values have 13 elements
2026-06-03 17:12:18 INFO Length mismatch: Expected axis has 0 elements, new values have 13 elements
2026-06-03 17:12:18 INFO Length mismatch: Expected axis has 0 elements, new values have 6 elements
2026-06-03 17:12:20 INFO Length mismatch: Expected axis has 0 elements, new values have 6 elements
2026-06-03 17:12:24 INFO Length mismatch: Expected axis has 0 elements, new values have 6 elements
2026-06-03 17:12:24 WARNING [139130] trader fetch 실패. 수급 0으로 채움.
2026-06-03 17:12:24 INFO [HOLIDAY] 139130 iM금융지주: 신규 거래일 없음 (휴장 또는 미정산)
2026-06-03 17:12:25 INFO Length mismatch: Expected axis has 0 elements, new values have 13 elements
2026-06-03 17:12:27 INFO Length mismatch: Expected axis has 0 elements, new values have 13 elements
2026-06-03 17:12:31 INFO Length mismatch: Expected axis has 0 elements, new values have 13 elements
2026-06-03 17:12:32 INFO Length mismatch: Expected axis has 0 elements, new values have 6 elements
2026-06-03 17:12:34 INFO Length mismatch: Expected axis has 0 elements, new values have 6 elements
2026-06-03 17:12:38 INFO Length mismatch: Expected axis has 0 elements, new values have 6 elements
2026-06-03 17:12:38 WARNING [024110] trader fetch 실패. 수급 0으로 채움.
2026-06-03 17:12:38 INFO [HOLIDAY] 024110 기업은행: 신규 거래일 없음 (휴장 또는 미정산)
2026-06-03 17:12:39 INFO Length mismatch: Expected axis has 0 elements, new values have 13 elements
2026-06-03 17:12:41 INFO Length mismatch: Expected axis has 0 elements, new values have 13 elements
2026-06-03 17:12:45 INFO Length mismatch: Expected axis has 0 elements, new values have 13 elements
2026-06-03 17:12:45 INFO Length mismatch: Expected axis has 0 elements, new values have 6 elements
2026-06-03 17:12:48 INFO Length mismatch: Expected axis has 0 elements, new values have 6 elements
2026-06-03 17:12:52 INFO Length mismatch: Expected axis has 0 elements, new values have 6 elements
2026-06-03 17:12:52 WARNING [457190] trader fetch 실패. 수급 0으로 채움.
2026-06-03 17:12:52 INFO [HOLIDAY] 457190 이수스페셜티케미컬: 신규 거래일 없음 (휴장 또는 미정산)
2026-06-03 17:12:53 INFO Length mismatch: Expected axis has 0 elements, new values have 13 elements
2026-06-03 17:12:55 INFO Length mismatch: Expected axis has 0 elements, new values have 13 elements
2026-06-03 17:12:59 INFO Length mismatch: Expected axis has 0 elements, new values have 13 elements
2026-06-03 17:12:59 INFO Length mismatch: Expected axis has 0 elements, new values have 6 elements
2026-06-03 17:13:02 INFO Length mismatch: Expected axis has 0 elements, new values have 6 elements
2026-06-03 17:13:06 INFO Length mismatch: Expected axis has 0 elements, new values have 6 elements
2026-06-03 17:13:06 WARNING [175330] trader fetch 실패. 수급 0으로 채움.
2026-06-03 17:13:06 INFO [HOLIDAY] 175330 JB금융지주: 신규 거래일 없음 (휴장 또는 미정산)
2026-06-03 17:13:07 INFO Length mismatch: Expected axis has 0 elements, new values have 13 elements
2026-06-03 17:13:09 INFO Length mismatch: Expected axis has 0 elements, new values have 13 elements
2026-06-03 17:13:13 INFO Length mismatch: Expected axis has 0 elements, new values have 13 elements
2026-06-03 17:13:13 INFO Length mismatch: Expected axis has 0 elements, new values have 6 elements
2026-06-03 17:13:15 INFO Length mismatch: Expected axis has 0 elements, new values have 6 elements
2026-06-03 17:13:20 INFO Length mismatch: Expected axis has 0 elements, new values have 6 elements
2026-06-03 17:13:20 WARNING [035720] trader fetch 실패. 수급 0으로 채움.
2026-06-03 17:13:20 INFO [HOLIDAY] 035720 카카오: 신규 거래일 없음 (휴장 또는 미정산)
2026-06-03 17:13:21 INFO Length mismatch: Expected axis has 0 elements, new values have 13 elements
2026-06-03 17:13:23 INFO Length mismatch: Expected axis has 0 elements, new values have 13 elements
2026-06-03 17:13:27 INFO Length mismatch: Expected axis has 0 elements, new values have 13 elements
2026-06-03 17:13:28 INFO Length mismatch: Expected axis has 0 elements, new values have 6 elements
2026-06-03 17:13:30 INFO Length mismatch: Expected axis has 0 elements, new values have 6 elements
2026-06-03 17:13:34 INFO Length mismatch: Expected axis has 0 elements, new values have 6 elements
2026-06-03 17:13:34 WARNING [323410] trader fetch 실패. 수급 0으로 채움.
2026-06-03 17:13:34 INFO [HOLIDAY] 323410 카카오뱅크: 신규 거래일 없음 (휴장 또는 미정산)
2026-06-03 17:13:35 INFO Length mismatch: Expected axis has 0 elements, new values have 13 elements
2026-06-03 17:13:37 INFO Length mismatch: Expected axis has 0 elements, new values have 13 elements
2026-06-03 17:13:41 INFO Length mismatch: Expected axis has 0 elements, new values have 13 elements
2026-06-03 17:13:42 INFO Length mismatch: Expected axis has 0 elements, new values have 6 elements
2026-06-03 17:13:44 INFO Length mismatch: Expected axis has 0 elements, new values have 6 elements
2026-06-03 17:13:48 INFO Length mismatch: Expected axis has 0 elements, new values have 6 elements
2026-06-03 17:13:48 WARNING [377300] trader fetch 실패. 수급 0으로 채움.
2026-06-03 17:13:48 INFO [HOLIDAY] 377300 카카오페이: 신규 거래일 없음 (휴장 또는 미정산)
2026-06-03 17:13:49 INFO Length mismatch: Expected axis has 0 elements, new values have 13 elements
2026-06-03 17:13:51 INFO Length mismatch: Expected axis has 0 elements, new values have 13 elements
2026-06-03 17:13:55 INFO Length mismatch: Expected axis has 0 elements, new values have 13 elements
2026-06-03 17:13:55 INFO Length mismatch: Expected axis has 0 elements, new values have 6 elements
2026-06-03 17:13:57 INFO Length mismatch: Expected axis has 0 elements, new values have 6 elements
2026-06-03 17:14:02 INFO Length mismatch: Expected axis has 0 elements, new values have 6 elements
2026-06-03 17:14:02 WARNING [035250] trader fetch 실패. 수급 0으로 채움.
2026-06-03 17:14:02 INFO [HOLIDAY] 035250 강원랜드: 신규 거래일 없음 (휴장 또는 미정산)
2026-06-03 17:14:03 INFO Length mismatch: Expected axis has 0 elements, new values have 13 elements
2026-06-03 17:14:05 INFO Length mismatch: Expected axis has 0 elements, new values have 13 elements
2026-06-03 17:14:09 INFO Length mismatch: Expected axis has 0 elements, new values have 13 elements
2026-06-03 17:14:09 INFO Length mismatch: Expected axis has 0 elements, new values have 6 elements
2026-06-03 17:14:11 INFO Length mismatch: Expected axis has 0 elements, new values have 6 elements
2026-06-03 17:14:15 INFO Length mismatch: Expected axis has 0 elements, new values have 6 elements
2026-06-03 17:14:15 WARNING [105560] trader fetch 실패. 수급 0으로 채움.
2026-06-03 17:14:15 INFO [HOLIDAY] 105560 KB금융: 신규 거래일 없음 (휴장 또는 미정산)
2026-06-03 17:14:16 INFO Length mismatch: Expected axis has 0 elements, new values have 13 elements
2026-06-03 17:14:18 INFO Length mismatch: Expected axis has 0 elements, new values have 13 elements
2026-06-03 17:14:23 INFO Length mismatch: Expected axis has 0 elements, new values have 13 elements
2026-06-03 17:14:23 INFO Length mismatch: Expected axis has 0 elements, new values have 6 elements
2026-06-03 17:14:25 INFO Length mismatch: Expected axis has 0 elements, new values have 6 elements
2026-06-03 17:14:29 INFO Length mismatch: Expected axis has 0 elements, new values have 6 elements
2026-06-03 17:14:29 WARNING [002380] trader fetch 실패. 수급 0으로 채움.
2026-06-03 17:14:29 INFO [HOLIDAY] 002380 KCC: 신규 거래일 없음 (휴장 또는 미정산)
2026-06-03 17:14:30 INFO Length mismatch: Expected axis has 0 elements, new values have 13 elements
2026-06-03 17:14:32 INFO Length mismatch: Expected axis has 0 elements, new values have 13 elements
2026-06-03 17:14:37 INFO Length mismatch: Expected axis has 0 elements, new values have 13 elements
2026-06-03 17:14:37 INFO Length mismatch: Expected axis has 0 elements, new values have 6 elements
2026-06-03 17:14:39 INFO Length mismatch: Expected axis has 0 elements, new values have 6 elements
2026-06-03 17:14:43 INFO Length mismatch: Expected axis has 0 elements, new values have 6 elements
2026-06-03 17:14:43 WARNING [015760] trader fetch 실패. 수급 0으로 채움.
2026-06-03 17:14:43 INFO [HOLIDAY] 015760 한국전력: 신규 거래일 없음 (휴장 또는 미정산)
2026-06-03 17:14:44 INFO Length mismatch: Expected axis has 0 elements, new values have 13 elements
2026-06-03 17:14:46 INFO Length mismatch: Expected axis has 0 elements, new values have 13 elements
2026-06-03 17:14:50 INFO Length mismatch: Expected axis has 0 elements, new values have 13 elements
2026-06-03 17:14:51 INFO Length mismatch: Expected axis has 0 elements, new values have 6 elements
2026-06-03 17:14:53 INFO Length mismatch: Expected axis has 0 elements, new values have 6 elements
2026-06-03 17:14:57 INFO Length mismatch: Expected axis has 0 elements, new values have 6 elements
2026-06-03 17:14:57 WARNING [052690] trader fetch 실패. 수급 0으로 채움.
2026-06-03 17:14:57 INFO [HOLIDAY] 052690 한전기술: 신규 거래일 없음 (휴장 또는 미정산)
2026-06-03 17:14:58 INFO Length mismatch: Expected axis has 0 elements, new values have 13 elements
2026-06-03 17:15:00 INFO Length mismatch: Expected axis has 0 elements, new values have 13 elements
2026-06-03 17:15:04 INFO Length mismatch: Expected axis has 0 elements, new values have 13 elements
2026-06-03 17:15:04 INFO Length mismatch: Expected axis has 0 elements, new values have 6 elements
2026-06-03 17:15:06 INFO Length mismatch: Expected axis has 0 elements, new values have 6 elements
2026-06-03 17:15:11 INFO Length mismatch: Expected axis has 0 elements, new values have 6 elements
2026-06-03 17:15:11 WARNING [051600] trader fetch 실패. 수급 0으로 채움.
2026-06-03 17:15:11 INFO [HOLIDAY] 051600 한전KPS: 신규 거래일 없음 (휴장 또는 미정산)
2026-06-03 17:15:11 INFO Length mismatch: Expected axis has 0 elements, new values have 13 elements
2026-06-03 17:15:14 INFO Length mismatch: Expected axis has 0 elements, new values have 13 elements
2026-06-03 17:15:18 INFO Length mismatch: Expected axis has 0 elements, new values have 13 elements
2026-06-03 17:15:18 INFO Length mismatch: Expected axis has 0 elements, new values have 6 elements
2026-06-03 17:15:20 INFO Length mismatch: Expected axis has 0 elements, new values have 6 elements
2026-06-03 17:15:24 INFO Length mismatch: Expected axis has 0 elements, new values have 6 elements
2026-06-03 17:15:24 WARNING [000270] trader fetch 실패. 수급 0으로 채움.
2026-06-03 17:15:24 INFO [HOLIDAY] 000270 기아: 신규 거래일 없음 (휴장 또는 미정산)
2026-06-03 17:15:25 INFO Length mismatch: Expected axis has 0 elements, new values have 13 elements
2026-06-03 17:15:27 INFO Length mismatch: Expected axis has 0 elements, new values have 13 elements
2026-06-03 17:15:32 INFO Length mismatch: Expected axis has 0 elements, new values have 13 elements
2026-06-03 17:15:32 INFO Length mismatch: Expected axis has 0 elements, new values have 6 elements
2026-06-03 17:15:34 INFO Length mismatch: Expected axis has 0 elements, new values have 6 elements
2026-06-03 17:15:38 INFO Length mismatch: Expected axis has 0 elements, new values have 6 elements
2026-06-03 17:15:38 WARNING [039490] trader fetch 실패. 수급 0으로 채움.
2026-06-03 17:15:38 INFO [HOLIDAY] 039490 키움증권: 신규 거래일 없음 (휴장 또는 미정산)
2026-06-03 17:15:39 INFO Length mismatch: Expected axis has 0 elements, new values have 13 elements
2026-06-03 17:15:41 INFO Length mismatch: Expected axis has 0 elements, new values have 13 elements
2026-06-03 17:15:45 INFO Length mismatch: Expected axis has 0 elements, new values have 13 elements
2026-06-03 17:15:45 INFO Length mismatch: Expected axis has 0 elements, new values have 6 elements
2026-06-03 17:15:48 INFO Length mismatch: Expected axis has 0 elements, new values have 6 elements
2026-06-03 17:15:52 INFO Length mismatch: Expected axis has 0 elements, new values have 6 elements
2026-06-03 17:15:52 WARNING [120110] trader fetch 실패. 수급 0으로 채움.
2026-06-03 17:15:52 INFO [HOLIDAY] 120110 코오롱인더: 신규 거래일 없음 (휴장 또는 미정산)
2026-06-03 17:15:53 INFO Length mismatch: Expected axis has 0 elements, new values have 13 elements
2026-06-03 17:15:55 INFO Length mismatch: Expected axis has 0 elements, new values have 13 elements
2026-06-03 17:15:59 INFO Length mismatch: Expected axis has 0 elements, new values have 13 elements
2026-06-03 17:15:59 INFO Length mismatch: Expected axis has 0 elements, new values have 6 elements
2026-06-03 17:16:01 INFO Length mismatch: Expected axis has 0 elements, new values have 6 elements
2026-06-03 17:16:06 INFO Length mismatch: Expected axis has 0 elements, new values have 6 elements
2026-06-03 17:16:06 WARNING [047810] trader fetch 실패. 수급 0으로 채움.
2026-06-03 17:16:06 INFO [HOLIDAY] 047810 한국항공우주: 신규 거래일 없음 (휴장 또는 미정산)
2026-06-03 17:16:06 INFO Length mismatch: Expected axis has 0 elements, new values have 13 elements
2026-06-03 17:16:09 INFO Length mismatch: Expected axis has 0 elements, new values have 13 elements
2026-06-03 17:16:13 INFO Length mismatch: Expected axis has 0 elements, new values have 13 elements
2026-06-03 17:16:13 INFO Length mismatch: Expected axis has 0 elements, new values have 6 elements
2026-06-03 17:16:15 INFO Length mismatch: Expected axis has 0 elements, new values have 6 elements
2026-06-03 17:16:19 INFO Length mismatch: Expected axis has 0 elements, new values have 6 elements
2026-06-03 17:16:19 WARNING [071320] trader fetch 실패. 수급 0으로 채움.
2026-06-03 17:16:19 INFO [HOLIDAY] 071320 한국지역난방공사: 신규 거래일 없음 (휴장 또는 미정산)
2026-06-03 17:16:20 INFO Length mismatch: Expected axis has 0 elements, new values have 13 elements
2026-06-03 17:16:23 INFO Length mismatch: Expected axis has 0 elements, new values have 13 elements
2026-06-03 17:16:27 INFO Length mismatch: Expected axis has 0 elements, new values have 13 elements
2026-06-03 17:16:27 INFO Length mismatch: Expected axis has 0 elements, new values have 6 elements
2026-06-03 17:16:29 INFO Length mismatch: Expected axis has 0 elements, new values have 6 elements
2026-06-03 17:16:33 INFO Length mismatch: Expected axis has 0 elements, new values have 6 elements
2026-06-03 17:16:33 WARNING [036460] trader fetch 실패. 수급 0으로 채움.
2026-06-03 17:16:33 INFO [HOLIDAY] 036460 한국가스공사: 신규 거래일 없음 (휴장 또는 미정산)
2026-06-03 17:16:34 INFO Length mismatch: Expected axis has 0 elements, new values have 13 elements
2026-06-03 17:16:36 INFO Length mismatch: Expected axis has 0 elements, new values have 13 elements
2026-06-03 17:16:40 INFO Length mismatch: Expected axis has 0 elements, new values have 13 elements
2026-06-03 17:16:41 INFO Length mismatch: Expected axis has 0 elements, new values have 6 elements
2026-06-03 17:16:43 INFO Length mismatch: Expected axis has 0 elements, new values have 6 elements
2026-06-03 17:16:47 INFO Length mismatch: Expected axis has 0 elements, new values have 6 elements
2026-06-03 17:16:47 WARNING [071050] trader fetch 실패. 수급 0으로 채움.
2026-06-03 17:16:47 INFO [HOLIDAY] 071050 한국금융지주: 신규 거래일 없음 (휴장 또는 미정산)
2026-06-03 17:16:48 INFO Length mismatch: Expected axis has 0 elements, new values have 13 elements
2026-06-03 17:16:50 INFO Length mismatch: Expected axis has 0 elements, new values have 13 elements
2026-06-03 17:16:54 INFO Length mismatch: Expected axis has 0 elements, new values have 13 elements
2026-06-03 17:16:54 INFO Length mismatch: Expected axis has 0 elements, new values have 6 elements
2026-06-03 17:16:57 INFO Length mismatch: Expected axis has 0 elements, new values have 6 elements
2026-06-03 17:17:01 INFO Length mismatch: Expected axis has 0 elements, new values have 6 elements
2026-06-03 17:17:01 WARNING [006650] trader fetch 실패. 수급 0으로 채움.
2026-06-03 17:17:01 INFO [HOLIDAY] 006650 대한유화: 신규 거래일 없음 (휴장 또는 미정산)
2026-06-03 17:17:02 INFO Length mismatch: Expected axis has 0 elements, new values have 13 elements
2026-06-03 17:17:04 INFO Length mismatch: Expected axis has 0 elements, new values have 13 elements
2026-06-03 17:17:08 INFO Length mismatch: Expected axis has 0 elements, new values have 13 elements
2026-06-03 17:17:08 INFO Length mismatch: Expected axis has 0 elements, new values have 6 elements
2026-06-03 17:17:10 INFO Length mismatch: Expected axis has 0 elements, new values have 6 elements
2026-06-03 17:17:15 INFO Length mismatch: Expected axis has 0 elements, new values have 6 elements
2026-06-03 17:17:15 WARNING [010130] trader fetch 실패. 수급 0으로 채움.
2026-06-03 17:17:15 INFO [HOLIDAY] 010130 고려아연: 신규 거래일 없음 (휴장 또는 미정산)
2026-06-03 17:17:15 INFO Length mismatch: Expected axis has 0 elements, new values have 13 elements
2026-06-03 17:17:18 INFO Length mismatch: Expected axis has 0 elements, new values have 13 elements
2026-06-03 17:17:22 INFO Length mismatch: Expected axis has 0 elements, new values have 13 elements
2026-06-03 17:17:22 INFO Length mismatch: Expected axis has 0 elements, new values have 6 elements
2026-06-03 17:17:24 INFO Length mismatch: Expected axis has 0 elements, new values have 6 elements
2026-06-03 17:17:28 INFO Length mismatch: Expected axis has 0 elements, new values have 6 elements
2026-06-03 17:17:28 WARNING [003490] trader fetch 실패. 수급 0으로 채움.
2026-06-03 17:17:28 INFO [HOLIDAY] 003490 대한항공: 신규 거래일 없음 (휴장 또는 미정산)
2026-06-03 17:17:29 INFO Length mismatch: Expected axis has 0 elements, new values have 13 elements
2026-06-03 17:17:31 INFO Length mismatch: Expected axis has 0 elements, new values have 13 elements
2026-06-03 17:17:36 INFO Length mismatch: Expected axis has 0 elements, new values have 13 elements
2026-06-03 17:17:36 INFO Length mismatch: Expected axis has 0 elements, new values have 6 elements
2026-06-03 17:17:38 INFO Length mismatch: Expected axis has 0 elements, new values have 6 elements
2026-06-03 17:17:42 INFO Length mismatch: Expected axis has 0 elements, new values have 6 elements
2026-06-03 17:17:42 WARNING [259960] trader fetch 실패. 수급 0으로 채움.
2026-06-03 17:17:42 INFO [HOLIDAY] 259960 크래프톤: 신규 거래일 없음 (휴장 또는 미정산)
2026-06-03 17:17:43 INFO Length mismatch: Expected axis has 0 elements, new values have 13 elements
2026-06-03 17:17:45 INFO Length mismatch: Expected axis has 0 elements, new values have 13 elements
2026-06-03 17:17:50 INFO Length mismatch: Expected axis has 0 elements, new values have 13 elements
2026-06-03 17:17:50 INFO Length mismatch: Expected axis has 0 elements, new values have 6 elements
2026-06-03 17:17:52 INFO Length mismatch: Expected axis has 0 elements, new values have 6 elements
2026-06-03 17:17:57 INFO Length mismatch: Expected axis has 0 elements, new values have 6 elements
2026-06-03 17:17:57 WARNING [030200] trader fetch 실패. 수급 0으로 채움.
2026-06-03 17:17:57 INFO [HOLIDAY] 030200 KT: 신규 거래일 없음 (휴장 또는 미정산)
2026-06-03 17:17:57 INFO Length mismatch: Expected axis has 0 elements, new values have 13 elements
2026-06-03 17:18:00 INFO Length mismatch: Expected axis has 0 elements, new values have 13 elements
2026-06-03 17:18:04 INFO Length mismatch: Expected axis has 0 elements, new values have 13 elements
2026-06-03 17:18:04 INFO Length mismatch: Expected axis has 0 elements, new values have 6 elements
2026-06-03 17:18:06 INFO Length mismatch: Expected axis has 0 elements, new values have 6 elements
2026-06-03 17:18:10 INFO Length mismatch: Expected axis has 0 elements, new values have 6 elements
2026-06-03 17:18:10 WARNING [033780] trader fetch 실패. 수급 0으로 채움.
2026-06-03 17:18:10 INFO [HOLIDAY] 033780 KT&G: 신규 거래일 없음 (휴장 또는 미정산)
2026-06-03 17:18:11 INFO Length mismatch: Expected axis has 0 elements, new values have 13 elements
2026-06-03 17:18:13 INFO Length mismatch: Expected axis has 0 elements, new values have 13 elements
2026-06-03 17:18:18 INFO Length mismatch: Expected axis has 0 elements, new values have 13 elements
2026-06-03 17:18:18 INFO Length mismatch: Expected axis has 0 elements, new values have 6 elements
2026-06-03 17:18:20 INFO Length mismatch: Expected axis has 0 elements, new values have 6 elements
2026-06-03 17:18:24 INFO Length mismatch: Expected axis has 0 elements, new values have 6 elements
2026-06-03 17:18:24 WARNING [011780] trader fetch 실패. 수급 0으로 채움.
2026-06-03 17:18:24 INFO [HOLIDAY] 011780 금호석유: 신규 거래일 없음 (휴장 또는 미정산)
2026-06-03 17:18:25 INFO Length mismatch: Expected axis has 0 elements, new values have 13 elements
2026-06-03 17:18:27 INFO Length mismatch: Expected axis has 0 elements, new values have 13 elements
2026-06-03 17:18:32 INFO Length mismatch: Expected axis has 0 elements, new values have 13 elements
2026-06-03 17:18:32 INFO Length mismatch: Expected axis has 0 elements, new values have 6 elements
2026-06-03 17:18:34 INFO Length mismatch: Expected axis has 0 elements, new values have 6 elements
2026-06-03 17:18:38 INFO Length mismatch: Expected axis has 0 elements, new values have 6 elements
2026-06-03 17:18:38 WARNING [073240] trader fetch 실패. 수급 0으로 채움.
2026-06-03 17:18:38 INFO [HOLIDAY] 073240 금호타이어: 신규 거래일 없음 (휴장 또는 미정산)
2026-06-03 17:18:39 INFO Length mismatch: Expected axis has 0 elements, new values have 13 elements
2026-06-03 17:18:41 INFO Length mismatch: Expected axis has 0 elements, new values have 13 elements
2026-06-03 17:18:45 INFO Length mismatch: Expected axis has 0 elements, new values have 13 elements
2026-06-03 17:18:45 INFO Length mismatch: Expected axis has 0 elements, new values have 6 elements
2026-06-03 17:18:48 INFO Length mismatch: Expected axis has 0 elements, new values have 6 elements
2026-06-03 17:18:52 INFO Length mismatch: Expected axis has 0 elements, new values have 6 elements
2026-06-03 17:18:52 WARNING [066970] trader fetch 실패. 수급 0으로 채움.
2026-06-03 17:18:52 INFO [HOLIDAY] 066970 엘앤에프: 신규 거래일 없음 (휴장 또는 미정산)
2026-06-03 17:18:53 INFO Length mismatch: Expected axis has 0 elements, new values have 13 elements
2026-06-03 17:18:55 INFO Length mismatch: Expected axis has 0 elements, new values have 13 elements
2026-06-03 17:18:59 INFO Length mismatch: Expected axis has 0 elements, new values have 13 elements
2026-06-03 17:18:59 INFO Length mismatch: Expected axis has 0 elements, new values have 6 elements
2026-06-03 17:19:01 INFO Length mismatch: Expected axis has 0 elements, new values have 6 elements
2026-06-03 17:19:06 INFO Length mismatch: Expected axis has 0 elements, new values have 6 elements
2026-06-03 17:19:06 WARNING [051910] trader fetch 실패. 수급 0으로 채움.
2026-06-03 17:19:06 INFO [HOLIDAY] 051910 LG화학: 신규 거래일 없음 (휴장 또는 미정산)
2026-06-03 17:19:06 INFO Length mismatch: Expected axis has 0 elements, new values have 13 elements
2026-06-03 17:19:09 INFO Length mismatch: Expected axis has 0 elements, new values have 13 elements
2026-06-03 17:19:13 INFO Length mismatch: Expected axis has 0 elements, new values have 13 elements
2026-06-03 17:19:13 INFO Length mismatch: Expected axis has 0 elements, new values have 6 elements
2026-06-03 17:19:15 INFO Length mismatch: Expected axis has 0 elements, new values have 6 elements
2026-06-03 17:19:19 INFO Length mismatch: Expected axis has 0 elements, new values have 6 elements
2026-06-03 17:19:19 WARNING [034220] trader fetch 실패. 수급 0으로 채움.
2026-06-03 17:19:19 INFO [HOLIDAY] 034220 LG디스플레이: 신규 거래일 없음 (휴장 또는 미정산)
2026-06-03 17:19:20 INFO Length mismatch: Expected axis has 0 elements, new values have 13 elements
2026-06-03 17:19:22 INFO Length mismatch: Expected axis has 0 elements, new values have 13 elements
2026-06-03 17:19:27 INFO Length mismatch: Expected axis has 0 elements, new values have 13 elements
2026-06-03 17:19:27 INFO Length mismatch: Expected axis has 0 elements, new values have 6 elements
2026-06-03 17:19:29 INFO Length mismatch: Expected axis has 0 elements, new values have 6 elements
2026-06-03 17:19:33 INFO Length mismatch: Expected axis has 0 elements, new values have 6 elements
2026-06-03 17:19:33 WARNING [373220] trader fetch 실패. 수급 0으로 채움.
2026-06-03 17:19:33 INFO [HOLIDAY] 373220 LG에너지솔루션: 신규 거래일 없음 (휴장 또는 미정산)
2026-06-03 17:19:34 INFO Length mismatch: Expected axis has 0 elements, new values have 13 elements
2026-06-03 17:19:36 INFO Length mismatch: Expected axis has 0 elements, new values have 13 elements
2026-06-03 17:19:41 INFO Length mismatch: Expected axis has 0 elements, new values have 13 elements
2026-06-03 17:19:41 INFO Length mismatch: Expected axis has 0 elements, new values have 6 elements
2026-06-03 17:19:43 INFO Length mismatch: Expected axis has 0 elements, new values have 6 elements
2026-06-03 17:19:47 INFO Length mismatch: Expected axis has 0 elements, new values have 6 elements
2026-06-03 17:19:47 WARNING [051900] trader fetch 실패. 수급 0으로 채움.
2026-06-03 17:19:47 INFO [HOLIDAY] 051900 LG생활건강: 신규 거래일 없음 (휴장 또는 미정산)
2026-06-03 17:19:48 INFO Length mismatch: Expected axis has 0 elements, new values have 13 elements
2026-06-03 17:19:50 INFO Length mismatch: Expected axis has 0 elements, new values have 13 elements
2026-06-03 17:19:54 INFO Length mismatch: Expected axis has 0 elements, new values have 13 elements
2026-06-03 17:19:55 INFO Length mismatch: Expected axis has 0 elements, new values have 6 elements
2026-06-03 17:19:57 INFO Length mismatch: Expected axis has 0 elements, new values have 6 elements
2026-06-03 17:20:01 INFO Length mismatch: Expected axis has 0 elements, new values have 6 elements
2026-06-03 17:20:01 WARNING [011070] trader fetch 실패. 수급 0으로 채움.
2026-06-03 17:20:01 INFO [HOLIDAY] 011070 LG이노텍: 신규 거래일 없음 (휴장 또는 미정산)
2026-06-03 17:20:02 INFO Length mismatch: Expected axis has 0 elements, new values have 13 elements
2026-06-03 17:20:04 INFO Length mismatch: Expected axis has 0 elements, new values have 13 elements
2026-06-03 17:20:08 INFO Length mismatch: Expected axis has 0 elements, new values have 13 elements
2026-06-03 17:20:09 INFO Length mismatch: Expected axis has 0 elements, new values have 6 elements
2026-06-03 17:20:11 INFO Length mismatch: Expected axis has 0 elements, new values have 6 elements
2026-06-03 17:20:15 INFO Length mismatch: Expected axis has 0 elements, new values have 6 elements
2026-06-03 17:20:15 WARNING [032640] trader fetch 실패. 수급 0으로 채움.
2026-06-03 17:20:15 INFO [HOLIDAY] 032640 LG유플러스: 신규 거래일 없음 (휴장 또는 미정산)
2026-06-03 17:20:16 INFO Length mismatch: Expected axis has 0 elements, new values have 13 elements
2026-06-03 17:20:18 INFO Length mismatch: Expected axis has 0 elements, new values have 13 elements
2026-06-03 17:20:22 INFO Length mismatch: Expected axis has 0 elements, new values have 13 elements
2026-06-03 17:20:22 INFO Length mismatch: Expected axis has 0 elements, new values have 6 elements
2026-06-03 17:20:25 INFO Length mismatch: Expected axis has 0 elements, new values have 6 elements
2026-06-03 17:20:29 INFO Length mismatch: Expected axis has 0 elements, new values have 6 elements
2026-06-03 17:20:29 WARNING [079550] trader fetch 실패. 수급 0으로 채움.
2026-06-03 17:20:29 INFO [HOLIDAY] 079550 LIG넥스원: 신규 거래일 없음 (휴장 또는 미정산)
2026-06-03 17:20:30 INFO Length mismatch: Expected axis has 0 elements, new values have 13 elements
2026-06-03 17:20:32 INFO Length mismatch: Expected axis has 0 elements, new values have 13 elements
2026-06-03 17:20:36 INFO Length mismatch: Expected axis has 0 elements, new values have 13 elements
2026-06-03 17:20:36 INFO Length mismatch: Expected axis has 0 elements, new values have 6 elements
2026-06-03 17:20:38 INFO Length mismatch: Expected axis has 0 elements, new values have 6 elements
2026-06-03 17:20:43 INFO Length mismatch: Expected axis has 0 elements, new values have 6 elements
2026-06-03 17:20:43 WARNING [004990] trader fetch 실패. 수급 0으로 채움.
2026-06-03 17:20:43 INFO [HOLIDAY] 004990 롯데지주: 신규 거래일 없음 (휴장 또는 미정산)
2026-06-03 17:20:43 INFO Length mismatch: Expected axis has 0 elements, new values have 13 elements
2026-06-03 17:20:46 INFO Length mismatch: Expected axis has 0 elements, new values have 13 elements
2026-06-03 17:20:50 INFO Length mismatch: Expected axis has 0 elements, new values have 13 elements
2026-06-03 17:20:50 INFO Length mismatch: Expected axis has 0 elements, new values have 6 elements
2026-06-03 17:20:52 INFO Length mismatch: Expected axis has 0 elements, new values have 6 elements
2026-06-03 17:20:56 INFO Length mismatch: Expected axis has 0 elements, new values have 6 elements
2026-06-03 17:20:56 WARNING [011170] trader fetch 실패. 수급 0으로 채움.
2026-06-03 17:20:56 INFO [HOLIDAY] 011170 롯데케미칼: 신규 거래일 없음 (휴장 또는 미정산)
2026-06-03 17:20:57 INFO Length mismatch: Expected axis has 0 elements, new values have 13 elements
2026-06-03 17:20:59 INFO Length mismatch: Expected axis has 0 elements, new values have 13 elements
2026-06-03 17:21:04 INFO Length mismatch: Expected axis has 0 elements, new values have 13 elements
2026-06-03 17:21:04 INFO Length mismatch: Expected axis has 0 elements, new values have 6 elements
2026-06-03 17:21:06 INFO Length mismatch: Expected axis has 0 elements, new values have 6 elements
2026-06-03 17:21:10 INFO Length mismatch: Expected axis has 0 elements, new values have 6 elements
2026-06-03 17:21:10 WARNING [005300] trader fetch 실패. 수급 0으로 채움.
2026-06-03 17:21:10 INFO [HOLIDAY] 005300 롯데칠성: 신규 거래일 없음 (휴장 또는 미정산)
2026-06-03 17:21:11 INFO Length mismatch: Expected axis has 0 elements, new values have 13 elements
2026-06-03 17:21:14 INFO Length mismatch: Expected axis has 0 elements, new values have 13 elements
2026-06-03 17:21:18 INFO Length mismatch: Expected axis has 0 elements, new values have 13 elements
2026-06-03 17:21:18 INFO Length mismatch: Expected axis has 0 elements, new values have 6 elements
2026-06-03 17:21:20 INFO Length mismatch: Expected axis has 0 elements, new values have 6 elements
2026-06-03 17:21:24 INFO Length mismatch: Expected axis has 0 elements, new values have 6 elements
2026-06-03 17:21:24 WARNING [004000] trader fetch 실패. 수급 0으로 채움.
2026-06-03 17:21:24 INFO [HOLIDAY] 004000 롯데정밀화학: 신규 거래일 없음 (휴장 또는 미정산)
2026-06-03 17:21:25 INFO Length mismatch: Expected axis has 0 elements, new values have 13 elements
2026-06-03 17:21:27 INFO Length mismatch: Expected axis has 0 elements, new values have 13 elements
2026-06-03 17:21:32 INFO Length mismatch: Expected axis has 0 elements, new values have 13 elements
2026-06-03 17:21:32 INFO Length mismatch: Expected axis has 0 elements, new values have 6 elements
2026-06-03 17:21:34 INFO Length mismatch: Expected axis has 0 elements, new values have 6 elements
2026-06-03 17:21:38 INFO Length mismatch: Expected axis has 0 elements, new values have 6 elements
2026-06-03 17:21:38 WARNING [023530] trader fetch 실패. 수급 0으로 채움.
2026-06-03 17:21:38 INFO [HOLIDAY] 023530 롯데쇼핑: 신규 거래일 없음 (휴장 또는 미정산)
2026-06-03 17:21:39 INFO Length mismatch: Expected axis has 0 elements, new values have 13 elements
2026-06-03 17:21:41 INFO Length mismatch: Expected axis has 0 elements, new values have 13 elements
2026-06-03 17:21:46 INFO Length mismatch: Expected axis has 0 elements, new values have 13 elements
2026-06-03 17:21:46 INFO Length mismatch: Expected axis has 0 elements, new values have 6 elements
2026-06-03 17:21:48 INFO Length mismatch: Expected axis has 0 elements, new values have 6 elements
2026-06-03 17:21:52 INFO Length mismatch: Expected axis has 0 elements, new values have 6 elements
2026-06-03 17:21:52 WARNING [280360] trader fetch 실패. 수급 0으로 채움.
2026-06-03 17:21:52 INFO [HOLIDAY] 280360 롯데웰푸드: 신규 거래일 없음 (휴장 또는 미정산)
2026-06-03 17:21:53 INFO Length mismatch: Expected axis has 0 elements, new values have 13 elements
2026-06-03 17:21:55 INFO Length mismatch: Expected axis has 0 elements, new values have 13 elements
2026-06-03 17:22:00 INFO Length mismatch: Expected axis has 0 elements, new values have 13 elements
2026-06-03 17:22:00 INFO Length mismatch: Expected axis has 0 elements, new values have 6 elements
2026-06-03 17:22:02 INFO Length mismatch: Expected axis has 0 elements, new values have 6 elements
2026-06-03 17:22:06 INFO Length mismatch: Expected axis has 0 elements, new values have 6 elements
2026-06-03 17:22:06 WARNING [138040] trader fetch 실패. 수급 0으로 채움.
2026-06-03 17:22:06 INFO [HOLIDAY] 138040 메리츠금융지주: 신규 거래일 없음 (휴장 또는 미정산)
2026-06-03 17:22:07 INFO Length mismatch: Expected axis has 0 elements, new values have 13 elements
2026-06-03 17:22:10 INFO Length mismatch: Expected axis has 0 elements, new values have 13 elements
2026-06-03 17:22:14 INFO Length mismatch: Expected axis has 0 elements, new values have 13 elements
2026-06-03 17:22:14 INFO Length mismatch: Expected axis has 0 elements, new values have 6 elements
2026-06-03 17:22:16 INFO Length mismatch: Expected axis has 0 elements, new values have 6 elements
2026-06-03 17:22:20 INFO Length mismatch: Expected axis has 0 elements, new values have 6 elements
2026-06-03 17:22:20 WARNING [006800] trader fetch 실패. 수급 0으로 채움.
2026-06-03 17:22:20 INFO [HOLIDAY] 006800 미래에셋증권: 신규 거래일 없음 (휴장 또는 미정산)
2026-06-03 17:22:21 INFO Length mismatch: Expected axis has 0 elements, new values have 13 elements
2026-06-03 17:22:23 INFO Length mismatch: Expected axis has 0 elements, new values have 13 elements
2026-06-03 17:22:27 INFO Length mismatch: Expected axis has 0 elements, new values have 13 elements
2026-06-03 17:22:28 INFO Length mismatch: Expected axis has 0 elements, new values have 6 elements
2026-06-03 17:22:30 INFO Length mismatch: Expected axis has 0 elements, new values have 6 elements
2026-06-03 17:22:34 INFO Length mismatch: Expected axis has 0 elements, new values have 6 elements
2026-06-03 17:22:34 WARNING [081660] trader fetch 실패. 수급 0으로 채움.
2026-06-03 17:22:34 INFO [HOLIDAY] 081660 미스토홀딩스: 신규 거래일 없음 (휴장 또는 미정산)
2026-06-03 17:22:35 INFO Length mismatch: Expected axis has 0 elements, new values have 13 elements
2026-06-03 17:22:37 INFO Length mismatch: Expected axis has 0 elements, new values have 13 elements
2026-06-03 17:22:41 INFO Length mismatch: Expected axis has 0 elements, new values have 13 elements
2026-06-03 17:22:42 INFO Length mismatch: Expected axis has 0 elements, new values have 6 elements
2026-06-03 17:22:44 INFO Length mismatch: Expected axis has 0 elements, new values have 6 elements
2026-06-03 17:22:48 INFO Length mismatch: Expected axis has 0 elements, new values have 6 elements
2026-06-03 17:22:48 WARNING [002840] trader fetch 실패. 수급 0으로 채움.
2026-06-03 17:22:48 INFO [HOLIDAY] 002840 미원상사: 신규 거래일 없음 (휴장 또는 미정산)
2026-06-03 17:22:49 INFO Length mismatch: Expected axis has 0 elements, new values have 13 elements
2026-06-03 17:22:51 INFO Length mismatch: Expected axis has 0 elements, new values have 13 elements
2026-06-03 17:22:55 INFO Length mismatch: Expected axis has 0 elements, new values have 13 elements
2026-06-03 17:22:55 INFO Length mismatch: Expected axis has 0 elements, new values have 6 elements
2026-06-03 17:22:58 INFO Length mismatch: Expected axis has 0 elements, new values have 6 elements
2026-06-03 17:23:02 INFO Length mismatch: Expected axis has 0 elements, new values have 6 elements
2026-06-03 17:23:02 WARNING [268280] trader fetch 실패. 수급 0으로 채움.
2026-06-03 17:23:02 INFO [HOLIDAY] 268280 미원에스씨: 신규 거래일 없음 (휴장 또는 미정산)
2026-06-03 17:23:03 INFO Length mismatch: Expected axis has 0 elements, new values have 13 elements
2026-06-03 17:23:05 INFO Length mismatch: Expected axis has 0 elements, new values have 13 elements
2026-06-03 17:23:09 INFO Length mismatch: Expected axis has 0 elements, new values have 13 elements
2026-06-03 17:23:09 INFO Length mismatch: Expected axis has 0 elements, new values have 6 elements
2026-06-03 17:23:12 INFO Length mismatch: Expected axis has 0 elements, new values have 6 elements
2026-06-03 17:23:16 INFO Length mismatch: Expected axis has 0 elements, new values have 6 elements
2026-06-03 17:23:16 WARNING [035420] trader fetch 실패. 수급 0으로 채움.
2026-06-03 17:23:16 INFO [HOLIDAY] 035420 NAVER: 신규 거래일 없음 (휴장 또는 미정산)
2026-06-03 17:23:17 INFO Length mismatch: Expected axis has 0 elements, new values have 13 elements
2026-06-03 17:23:19 INFO Length mismatch: Expected axis has 0 elements, new values have 13 elements
2026-06-03 17:23:23 INFO Length mismatch: Expected axis has 0 elements, new values have 13 elements
2026-06-03 17:23:23 INFO Length mismatch: Expected axis has 0 elements, new values have 6 elements
2026-06-03 17:23:25 INFO Length mismatch: Expected axis has 0 elements, new values have 6 elements
2026-06-03 17:23:30 INFO Length mismatch: Expected axis has 0 elements, new values have 6 elements
2026-06-03 17:23:30 WARNING [036570] trader fetch 실패. 수급 0으로 채움.
2026-06-03 17:23:30 INFO [HOLIDAY] 036570 엔씨소프트: 신규 거래일 없음 (휴장 또는 미정산)
2026-06-03 17:23:30 INFO Length mismatch: Expected axis has 0 elements, new values have 13 elements
2026-06-03 17:23:33 INFO Length mismatch: Expected axis has 0 elements, new values have 13 elements
2026-06-03 17:23:37 INFO Length mismatch: Expected axis has 0 elements, new values have 13 elements
2026-06-03 17:23:37 INFO Length mismatch: Expected axis has 0 elements, new values have 6 elements
2026-06-03 17:23:39 INFO Length mismatch: Expected axis has 0 elements, new values have 6 elements
2026-06-03 17:23:43 INFO Length mismatch: Expected axis has 0 elements, new values have 6 elements
2026-06-03 17:23:43 WARNING [251270] trader fetch 실패. 수급 0으로 채움.
2026-06-03 17:23:43 INFO [HOLIDAY] 251270 넷마블: 신규 거래일 없음 (휴장 또는 미정산)
2026-06-03 17:23:44 INFO Length mismatch: Expected axis has 0 elements, new values have 13 elements
2026-06-03 17:23:46 INFO Length mismatch: Expected axis has 0 elements, new values have 13 elements
2026-06-03 17:23:51 INFO Length mismatch: Expected axis has 0 elements, new values have 13 elements
2026-06-03 17:23:51 INFO Length mismatch: Expected axis has 0 elements, new values have 6 elements
2026-06-03 17:23:53 INFO Length mismatch: Expected axis has 0 elements, new values have 6 elements
2026-06-03 17:23:57 INFO Length mismatch: Expected axis has 0 elements, new values have 6 elements
2026-06-03 17:23:57 WARNING [005940] trader fetch 실패. 수급 0으로 채움.
2026-06-03 17:23:57 INFO [HOLIDAY] 005940 NH투자증권: 신규 거래일 없음 (휴장 또는 미정산)
2026-06-03 17:23:58 INFO Length mismatch: Expected axis has 0 elements, new values have 13 elements
2026-06-03 17:24:00 INFO Length mismatch: Expected axis has 0 elements, new values have 13 elements
2026-06-03 17:24:05 INFO Length mismatch: Expected axis has 0 elements, new values have 13 elements
2026-06-03 17:24:05 INFO Length mismatch: Expected axis has 0 elements, new values have 6 elements
2026-06-03 17:24:08 INFO Length mismatch: Expected axis has 0 elements, new values have 6 elements
2026-06-03 17:24:12 INFO Length mismatch: Expected axis has 0 elements, new values have 6 elements
2026-06-03 17:24:12 WARNING [004370] trader fetch 실패. 수급 0으로 채움.
2026-06-03 17:24:12 INFO [HOLIDAY] 004370 농심: 신규 거래일 없음 (휴장 또는 미정산)
2026-06-03 17:24:13 INFO Length mismatch: Expected axis has 0 elements, new values have 13 elements
2026-06-03 17:24:15 INFO Length mismatch: Expected axis has 0 elements, new values have 13 elements
2026-06-03 17:24:19 INFO Length mismatch: Expected axis has 0 elements, new values have 13 elements
2026-06-03 17:24:19 INFO Length mismatch: Expected axis has 0 elements, new values have 6 elements
2026-06-03 17:24:21 INFO Length mismatch: Expected axis has 0 elements, new values have 6 elements
2026-06-03 17:24:26 INFO Length mismatch: Expected axis has 0 elements, new values have 6 elements
2026-06-03 17:24:26 WARNING [010060] trader fetch 실패. 수급 0으로 채움.
2026-06-03 17:24:26 INFO [HOLIDAY] 010060 OCI홀딩스: 신규 거래일 없음 (휴장 또는 미정산)
2026-06-03 17:24:26 INFO Length mismatch: Expected axis has 0 elements, new values have 13 elements
2026-06-03 17:24:29 INFO Length mismatch: Expected axis has 0 elements, new values have 13 elements
2026-06-03 17:24:33 INFO Length mismatch: Expected axis has 0 elements, new values have 13 elements
2026-06-03 17:24:33 INFO Length mismatch: Expected axis has 0 elements, new values have 6 elements
2026-06-03 17:24:35 INFO Length mismatch: Expected axis has 0 elements, new values have 6 elements
2026-06-03 17:24:39 INFO Length mismatch: Expected axis has 0 elements, new values have 6 elements
2026-06-03 17:24:39 WARNING [271560] trader fetch 실패. 수급 0으로 채움.
2026-06-03 17:24:39 INFO [HOLIDAY] 271560 오리온: 신규 거래일 없음 (휴장 또는 미정산)
2026-06-03 17:24:40 INFO Length mismatch: Expected axis has 0 elements, new values have 13 elements
2026-06-03 17:24:42 INFO Length mismatch: Expected axis has 0 elements, new values have 13 elements
2026-06-03 17:24:46 INFO Length mismatch: Expected axis has 0 elements, new values have 13 elements
2026-06-03 17:24:47 INFO Length mismatch: Expected axis has 0 elements, new values have 6 elements
2026-06-03 17:24:49 INFO Length mismatch: Expected axis has 0 elements, new values have 6 elements
2026-06-03 17:24:53 INFO Length mismatch: Expected axis has 0 elements, new values have 6 elements
2026-06-03 17:24:53 WARNING [001800] trader fetch 실패. 수급 0으로 채움.
2026-06-03 17:24:53 INFO [HOLIDAY] 001800 오리온홀딩스: 신규 거래일 없음 (휴장 또는 미정산)
2026-06-03 17:24:54 INFO Length mismatch: Expected axis has 0 elements, new values have 13 elements
2026-06-03 17:24:56 INFO Length mismatch: Expected axis has 0 elements, new values have 13 elements
2026-06-03 17:25:00 INFO Length mismatch: Expected axis has 0 elements, new values have 13 elements
2026-06-03 17:25:01 INFO Length mismatch: Expected axis has 0 elements, new values have 6 elements
2026-06-03 17:25:03 INFO Length mismatch: Expected axis has 0 elements, new values have 6 elements
2026-06-03 17:25:07 INFO Length mismatch: Expected axis has 0 elements, new values have 6 elements
2026-06-03 17:25:07 WARNING [007310] trader fetch 실패. 수급 0으로 채움.
2026-06-03 17:25:07 INFO [HOLIDAY] 007310 오뚜기: 신규 거래일 없음 (휴장 또는 미정산)
2026-06-03 17:25:08 INFO Length mismatch: Expected axis has 0 elements, new values have 13 elements
2026-06-03 17:25:10 INFO Length mismatch: Expected axis has 0 elements, new values have 13 elements
2026-06-03 17:25:14 INFO Length mismatch: Expected axis has 0 elements, new values have 13 elements
2026-06-03 17:25:14 INFO Length mismatch: Expected axis has 0 elements, new values have 6 elements
2026-06-03 17:25:17 INFO Length mismatch: Expected axis has 0 elements, new values have 6 elements
2026-06-03 17:25:21 INFO Length mismatch: Expected axis has 0 elements, new values have 6 elements
2026-06-03 17:25:21 WARNING [028670] trader fetch 실패. 수급 0으로 채움.
2026-06-03 17:25:21 INFO [HOLIDAY] 028670 팬오션: 신규 거래일 없음 (휴장 또는 미정산)
2026-06-03 17:25:22 INFO Length mismatch: Expected axis has 0 elements, new values have 13 elements
2026-06-03 17:25:24 INFO Length mismatch: Expected axis has 0 elements, new values have 13 elements
2026-06-03 17:25:28 INFO Length mismatch: Expected axis has 0 elements, new values have 13 elements
2026-06-03 17:25:28 INFO Length mismatch: Expected axis has 0 elements, new values have 6 elements
2026-06-03 17:25:31 INFO Length mismatch: Expected axis has 0 elements, new values have 6 elements
2026-06-03 17:25:35 INFO Length mismatch: Expected axis has 0 elements, new values have 6 elements
2026-06-03 17:25:35 WARNING [034230] trader fetch 실패. 수급 0으로 채움.
2026-06-03 17:25:35 INFO [HOLIDAY] 034230 파라다이스: 신규 거래일 없음 (휴장 또는 미정산)
2026-06-03 17:25:36 INFO Length mismatch: Expected axis has 0 elements, new values have 13 elements
2026-06-03 17:25:38 INFO Length mismatch: Expected axis has 0 elements, new values have 13 elements
2026-06-03 17:25:42 INFO Length mismatch: Expected axis has 0 elements, new values have 13 elements
2026-06-03 17:25:42 INFO Length mismatch: Expected axis has 0 elements, new values have 6 elements
2026-06-03 17:25:44 INFO Length mismatch: Expected axis has 0 elements, new values have 6 elements
2026-06-03 17:25:49 INFO Length mismatch: Expected axis has 0 elements, new values have 6 elements
2026-06-03 17:25:49 WARNING [103140] trader fetch 실패. 수급 0으로 채움.
2026-06-03 17:25:49 INFO [HOLIDAY] 103140 풍산: 신규 거래일 없음 (휴장 또는 미정산)
2026-06-03 17:25:50 INFO Length mismatch: Expected axis has 0 elements, new values have 13 elements
2026-06-03 17:25:52 INFO Length mismatch: Expected axis has 0 elements, new values have 13 elements
2026-06-03 17:25:56 INFO Length mismatch: Expected axis has 0 elements, new values have 13 elements
2026-06-03 17:25:56 INFO Length mismatch: Expected axis has 0 elements, new values have 6 elements
2026-06-03 17:25:58 INFO Length mismatch: Expected axis has 0 elements, new values have 6 elements
2026-06-03 17:26:02 INFO Length mismatch: Expected axis has 0 elements, new values have 6 elements
2026-06-03 17:26:02 WARNING [022100] trader fetch 실패. 수급 0으로 채움.
2026-06-03 17:26:02 INFO [HOLIDAY] 022100 포스코DX: 신규 거래일 없음 (휴장 또는 미정산)
2026-06-03 17:26:03 INFO Length mismatch: Expected axis has 0 elements, new values have 13 elements
2026-06-03 17:26:06 INFO Length mismatch: Expected axis has 0 elements, new values have 13 elements
2026-06-03 17:26:10 INFO Length mismatch: Expected axis has 0 elements, new values have 13 elements
2026-06-03 17:26:10 INFO Length mismatch: Expected axis has 0 elements, new values have 6 elements
2026-06-03 17:26:12 INFO Length mismatch: Expected axis has 0 elements, new values have 6 elements
2026-06-03 17:26:16 INFO Length mismatch: Expected axis has 0 elements, new values have 6 elements
2026-06-03 17:26:16 WARNING [003670] trader fetch 실패. 수급 0으로 채움.
2026-06-03 17:26:16 INFO [HOLIDAY] 003670 포스코퓨처엠: 신규 거래일 없음 (휴장 또는 미정산)
2026-06-03 17:26:17 INFO Length mismatch: Expected axis has 0 elements, new values have 13 elements
2026-06-03 17:26:19 INFO Length mismatch: Expected axis has 0 elements, new values have 13 elements
2026-06-03 17:26:23 INFO Length mismatch: Expected axis has 0 elements, new values have 13 elements
2026-06-03 17:26:24 INFO Length mismatch: Expected axis has 0 elements, new values have 6 elements
2026-06-03 17:26:26 INFO Length mismatch: Expected axis has 0 elements, new values have 6 elements
2026-06-03 17:26:30 INFO Length mismatch: Expected axis has 0 elements, new values have 6 elements
2026-06-03 17:26:30 WARNING [047050] trader fetch 실패. 수급 0으로 채움.
2026-06-03 17:26:30 INFO [HOLIDAY] 047050 포스코인터내셔널: 신규 거래일 없음 (휴장 또는 미정산)
2026-06-03 17:26:31 INFO Length mismatch: Expected axis has 0 elements, new values have 13 elements
2026-06-03 17:26:33 INFO Length mismatch: Expected axis has 0 elements, new values have 13 elements
2026-06-03 17:26:37 INFO Length mismatch: Expected axis has 0 elements, new values have 13 elements
2026-06-03 17:26:37 INFO Length mismatch: Expected axis has 0 elements, new values have 6 elements
2026-06-03 17:26:40 INFO Length mismatch: Expected axis has 0 elements, new values have 6 elements
2026-06-03 17:26:44 INFO Length mismatch: Expected axis has 0 elements, new values have 6 elements
2026-06-03 17:26:44 WARNING [012750] trader fetch 실패. 수급 0으로 채움.
2026-06-03 17:26:44 INFO [HOLIDAY] 012750 에스원: 신규 거래일 없음 (휴장 또는 미정산)
2026-06-03 17:26:45 INFO Length mismatch: Expected axis has 0 elements, new values have 13 elements
2026-06-03 17:26:47 INFO Length mismatch: Expected axis has 0 elements, new values have 13 elements
2026-06-03 17:26:51 INFO Length mismatch: Expected axis has 0 elements, new values have 13 elements
2026-06-03 17:26:51 INFO Length mismatch: Expected axis has 0 elements, new values have 6 elements
2026-06-03 17:26:54 INFO Length mismatch: Expected axis has 0 elements, new values have 6 elements
2026-06-03 17:26:58 INFO Length mismatch: Expected axis has 0 elements, new values have 6 elements
2026-06-03 17:26:58 WARNING [062040] trader fetch 실패. 수급 0으로 채움.
2026-06-03 17:26:58 INFO [HOLIDAY] 062040 산일전기: 신규 거래일 없음 (휴장 또는 미정산)
2026-06-03 17:26:59 INFO Length mismatch: Expected axis has 0 elements, new values have 13 elements
2026-06-03 17:27:01 INFO Length mismatch: Expected axis has 0 elements, new values have 13 elements
2026-06-03 17:27:05 INFO Length mismatch: Expected axis has 0 elements, new values have 13 elements
2026-06-03 17:27:06 INFO Length mismatch: Expected axis has 0 elements, new values have 6 elements
2026-06-03 17:27:08 INFO Length mismatch: Expected axis has 0 elements, new values have 6 elements
2026-06-03 17:27:12 INFO Length mismatch: Expected axis has 0 elements, new values have 6 elements
2026-06-03 17:27:12 WARNING [207940] trader fetch 실패. 수급 0으로 채움.
2026-06-03 17:27:12 INFO [HOLIDAY] 207940 삼성바이오로직스: 신규 거래일 없음 (휴장 또는 미정산)
2026-06-03 17:27:13 INFO Length mismatch: Expected axis has 0 elements, new values have 13 elements
2026-06-03 17:27:15 INFO Length mismatch: Expected axis has 0 elements, new values have 13 elements
2026-06-03 17:27:19 INFO Length mismatch: Expected axis has 0 elements, new values have 13 elements
2026-06-03 17:27:20 INFO Length mismatch: Expected axis has 0 elements, new values have 6 elements
2026-06-03 17:27:22 INFO Length mismatch: Expected axis has 0 elements, new values have 6 elements
2026-06-03 17:27:26 INFO Length mismatch: Expected axis has 0 elements, new values have 6 elements
2026-06-03 17:27:26 WARNING [029780] trader fetch 실패. 수급 0으로 채움.
2026-06-03 17:27:26 INFO [HOLIDAY] 029780 삼성카드: 신규 거래일 없음 (휴장 또는 미정산)
2026-06-03 17:27:27 INFO Length mismatch: Expected axis has 0 elements, new values have 13 elements
2026-06-03 17:27:29 INFO Length mismatch: Expected axis has 0 elements, new values have 13 elements
2026-06-03 17:27:33 INFO Length mismatch: Expected axis has 0 elements, new values have 13 elements
2026-06-03 17:27:33 INFO Length mismatch: Expected axis has 0 elements, new values have 6 elements
2026-06-03 17:27:36 INFO Length mismatch: Expected axis has 0 elements, new values have 6 elements
2026-06-03 17:27:40 INFO Length mismatch: Expected axis has 0 elements, new values have 6 elements
2026-06-03 17:27:40 WARNING [028050] trader fetch 실패. 수급 0으로 채움.
2026-06-03 17:27:40 INFO [HOLIDAY] 028050 삼성E&A: 신규 거래일 없음 (휴장 또는 미정산)
2026-06-03 17:27:41 INFO Length mismatch: Expected axis has 0 elements, new values have 13 elements
2026-06-03 17:27:43 INFO Length mismatch: Expected axis has 0 elements, new values have 13 elements
2026-06-03 17:27:47 INFO Length mismatch: Expected axis has 0 elements, new values have 13 elements
2026-06-03 17:27:47 INFO Length mismatch: Expected axis has 0 elements, new values have 6 elements
2026-06-03 17:27:50 INFO Length mismatch: Expected axis has 0 elements, new values have 6 elements
2026-06-03 17:27:54 INFO Length mismatch: Expected axis has 0 elements, new values have 6 elements
2026-06-03 17:27:54 WARNING [000810] trader fetch 실패. 수급 0으로 채움.
2026-06-03 17:27:54 INFO [HOLIDAY] 000810 삼성화재: 신규 거래일 없음 (휴장 또는 미정산)
2026-06-03 17:27:55 INFO Length mismatch: Expected axis has 0 elements, new values have 13 elements
2026-06-03 17:27:57 INFO Length mismatch: Expected axis has 0 elements, new values have 13 elements
2026-06-03 17:28:01 INFO Length mismatch: Expected axis has 0 elements, new values have 13 elements
2026-06-03 17:28:01 INFO Length mismatch: Expected axis has 0 elements, new values have 6 elements
2026-06-03 17:28:04 INFO Length mismatch: Expected axis has 0 elements, new values have 6 elements
2026-06-03 17:28:08 INFO Length mismatch: Expected axis has 0 elements, new values have 6 elements
2026-06-03 17:28:08 WARNING [032830] trader fetch 실패. 수급 0으로 채움.
2026-06-03 17:28:08 INFO [HOLIDAY] 032830 삼성생명: 신규 거래일 없음 (휴장 또는 미정산)
2026-06-03 17:28:09 INFO Length mismatch: Expected axis has 0 elements, new values have 13 elements
2026-06-03 17:28:11 INFO Length mismatch: Expected axis has 0 elements, new values have 13 elements
2026-06-03 17:28:15 INFO Length mismatch: Expected axis has 0 elements, new values have 13 elements
2026-06-03 17:28:15 INFO Length mismatch: Expected axis has 0 elements, new values have 6 elements
2026-06-03 17:28:18 INFO Length mismatch: Expected axis has 0 elements, new values have 6 elements
2026-06-03 17:28:22 INFO Length mismatch: Expected axis has 0 elements, new values have 6 elements
2026-06-03 17:28:22 WARNING [016360] trader fetch 실패. 수급 0으로 채움.
2026-06-03 17:28:22 INFO [HOLIDAY] 016360 삼성증권: 신규 거래일 없음 (휴장 또는 미정산)
2026-06-03 17:28:23 INFO Length mismatch: Expected axis has 0 elements, new values have 13 elements
2026-06-03 17:28:25 INFO Length mismatch: Expected axis has 0 elements, new values have 13 elements
2026-06-03 17:28:29 INFO Length mismatch: Expected axis has 0 elements, new values have 13 elements
2026-06-03 17:28:29 INFO Length mismatch: Expected axis has 0 elements, new values have 6 elements
2026-06-03 17:28:31 INFO Length mismatch: Expected axis has 0 elements, new values have 6 elements
2026-06-03 17:28:36 INFO Length mismatch: Expected axis has 0 elements, new values have 6 elements
2026-06-03 17:28:36 WARNING [003230] trader fetch 실패. 수급 0으로 채움.
2026-06-03 17:28:36 INFO [HOLIDAY] 003230 삼양식품: 신규 거래일 없음 (휴장 또는 미정산)
2026-06-03 17:28:36 INFO Length mismatch: Expected axis has 0 elements, new values have 13 elements
2026-06-03 17:28:39 INFO Length mismatch: Expected axis has 0 elements, new values have 13 elements
2026-06-03 17:28:43 INFO Length mismatch: Expected axis has 0 elements, new values have 13 elements
2026-06-03 17:28:43 INFO Length mismatch: Expected axis has 0 elements, new values have 6 elements
2026-06-03 17:28:45 INFO Length mismatch: Expected axis has 0 elements, new values have 6 elements
2026-06-03 17:28:49 INFO Length mismatch: Expected axis has 0 elements, new values have 6 elements
2026-06-03 17:28:49 WARNING [137310] trader fetch 실패. 수급 0으로 채움.
2026-06-03 17:28:49 INFO [HOLIDAY] 137310 에스디바이오센서: 신규 거래일 없음 (휴장 또는 미정산)
2026-06-03 17:28:50 INFO Length mismatch: Expected axis has 0 elements, new values have 13 elements
2026-06-03 17:28:53 INFO Length mismatch: Expected axis has 0 elements, new values have 13 elements
2026-06-03 17:28:57 INFO Length mismatch: Expected axis has 0 elements, new values have 13 elements
2026-06-03 17:28:57 INFO Length mismatch: Expected axis has 0 elements, new values have 6 elements
2026-06-03 17:29:00 INFO Length mismatch: Expected axis has 0 elements, new values have 6 elements
2026-06-03 17:29:04 INFO Length mismatch: Expected axis has 0 elements, new values have 6 elements
2026-06-03 17:29:04 WARNING [001430] trader fetch 실패. 수급 0으로 채움.
2026-06-03 17:29:04 INFO [HOLIDAY] 001430 세아베스틸지주: 신규 거래일 없음 (휴장 또는 미정산)
2026-06-03 17:29:05 INFO Length mismatch: Expected axis has 0 elements, new values have 13 elements
2026-06-03 17:29:07 INFO Length mismatch: Expected axis has 0 elements, new values have 13 elements
2026-06-03 17:29:11 INFO Length mismatch: Expected axis has 0 elements, new values have 13 elements
2026-06-03 17:29:11 INFO Length mismatch: Expected axis has 0 elements, new values have 6 elements
2026-06-03 17:29:14 INFO Length mismatch: Expected axis has 0 elements, new values have 6 elements
2026-06-03 17:29:18 INFO Length mismatch: Expected axis has 0 elements, new values have 6 elements
2026-06-03 17:29:18 WARNING [003030] trader fetch 실패. 수급 0으로 채움.
2026-06-03 17:29:18 INFO [HOLIDAY] 003030 세아제강지주: 신규 거래일 없음 (휴장 또는 미정산)
2026-06-03 17:29:19 INFO Length mismatch: Expected axis has 0 elements, new values have 13 elements
2026-06-03 17:29:21 INFO Length mismatch: Expected axis has 0 elements, new values have 13 elements
2026-06-03 17:29:25 INFO Length mismatch: Expected axis has 0 elements, new values have 13 elements
2026-06-03 17:29:25 INFO Length mismatch: Expected axis has 0 elements, new values have 6 elements
2026-06-03 17:29:28 INFO Length mismatch: Expected axis has 0 elements, new values have 6 elements
2026-06-03 17:29:32 INFO Length mismatch: Expected axis has 0 elements, new values have 6 elements
2026-06-03 17:29:32 WARNING [004490] trader fetch 실패. 수급 0으로 채움.
2026-06-03 17:29:32 INFO [HOLIDAY] 004490 세방전지: 신규 거래일 없음 (휴장 또는 미정산)
2026-06-03 17:29:33 INFO Length mismatch: Expected axis has 0 elements, new values have 13 elements
2026-06-03 17:29:35 INFO Length mismatch: Expected axis has 0 elements, new values have 13 elements
2026-06-03 17:29:39 INFO Length mismatch: Expected axis has 0 elements, new values have 13 elements
2026-06-03 17:29:40 INFO Length mismatch: Expected axis has 0 elements, new values have 6 elements
2026-06-03 17:29:42 INFO Length mismatch: Expected axis has 0 elements, new values have 6 elements
2026-06-03 17:29:46 INFO Length mismatch: Expected axis has 0 elements, new values have 6 elements
2026-06-03 17:29:46 WARNING [055550] trader fetch 실패. 수급 0으로 채움.
2026-06-03 17:29:46 INFO [HOLIDAY] 055550 신한지주: 신규 거래일 없음 (휴장 또는 미정산)
2026-06-03 17:29:47 INFO Length mismatch: Expected axis has 0 elements, new values have 13 elements
2026-06-03 17:29:49 INFO Length mismatch: Expected axis has 0 elements, new values have 13 elements
2026-06-03 17:29:53 INFO Length mismatch: Expected axis has 0 elements, new values have 13 elements
2026-06-03 17:29:54 INFO Length mismatch: Expected axis has 0 elements, new values have 6 elements
2026-06-03 17:29:56 INFO Length mismatch: Expected axis has 0 elements, new values have 6 elements
2026-06-03 17:30:00 INFO Length mismatch: Expected axis has 0 elements, new values have 6 elements
2026-06-03 17:30:00 WARNING [004170] trader fetch 실패. 수급 0으로 채움.
2026-06-03 17:30:00 INFO [HOLIDAY] 004170 신세계: 신규 거래일 없음 (휴장 또는 미정산)
2026-06-03 17:30:01 INFO Length mismatch: Expected axis has 0 elements, new values have 13 elements
2026-06-03 17:30:03 INFO Length mismatch: Expected axis has 0 elements, new values have 13 elements
2026-06-03 17:30:08 INFO Length mismatch: Expected axis has 0 elements, new values have 13 elements
2026-06-03 17:30:08 INFO Length mismatch: Expected axis has 0 elements, new values have 6 elements
2026-06-03 17:30:10 INFO Length mismatch: Expected axis has 0 elements, new values have 6 elements
2026-06-03 17:30:14 INFO Length mismatch: Expected axis has 0 elements, new values have 6 elements
2026-06-03 17:30:14 WARNING [326030] trader fetch 실패. 수급 0으로 채움.
2026-06-03 17:30:14 INFO [HOLIDAY] 326030 SK바이오팜: 신규 거래일 없음 (휴장 또는 미정산)
2026-06-03 17:30:15 INFO Length mismatch: Expected axis has 0 elements, new values have 13 elements
2026-06-03 17:30:17 INFO Length mismatch: Expected axis has 0 elements, new values have 13 elements
2026-06-03 17:30:21 INFO Length mismatch: Expected axis has 0 elements, new values have 13 elements
2026-06-03 17:30:22 INFO Length mismatch: Expected axis has 0 elements, new values have 6 elements
2026-06-03 17:30:24 INFO Length mismatch: Expected axis has 0 elements, new values have 6 elements
2026-06-03 17:30:28 INFO Length mismatch: Expected axis has 0 elements, new values have 6 elements
2026-06-03 17:30:28 WARNING [302440] trader fetch 실패. 수급 0으로 채움.
2026-06-03 17:30:28 INFO [HOLIDAY] 302440 SK바이오사이언스: 신규 거래일 없음 (휴장 또는 미정산)
2026-06-03 17:30:29 INFO Length mismatch: Expected axis has 0 elements, new values have 13 elements
2026-06-03 17:30:31 INFO Length mismatch: Expected axis has 0 elements, new values have 13 elements
2026-06-03 17:30:35 INFO Length mismatch: Expected axis has 0 elements, new values have 13 elements
2026-06-03 17:30:36 INFO Length mismatch: Expected axis has 0 elements, new values have 6 elements
2026-06-03 17:30:38 INFO Length mismatch: Expected axis has 0 elements, new values have 6 elements
2026-06-03 17:30:42 INFO Length mismatch: Expected axis has 0 elements, new values have 6 elements
2026-06-03 17:30:42 WARNING [285130] trader fetch 실패. 수급 0으로 채움.
2026-06-03 17:30:42 INFO [HOLIDAY] 285130 SK케미칼: 신규 거래일 없음 (휴장 또는 미정산)
2026-06-03 17:30:43 INFO Length mismatch: Expected axis has 0 elements, new values have 13 elements
2026-06-03 17:30:45 INFO Length mismatch: Expected axis has 0 elements, new values have 13 elements
2026-06-03 17:30:49 INFO Length mismatch: Expected axis has 0 elements, new values have 13 elements
2026-06-03 17:30:50 INFO Length mismatch: Expected axis has 0 elements, new values have 6 elements
2026-06-03 17:30:52 INFO Length mismatch: Expected axis has 0 elements, new values have 6 elements
2026-06-03 17:30:56 INFO Length mismatch: Expected axis has 0 elements, new values have 6 elements
2026-06-03 17:30:56 WARNING [361610] trader fetch 실패. 수급 0으로 채움.
2026-06-03 17:30:56 INFO [HOLIDAY] 361610 SKIET: 신규 거래일 없음 (휴장 또는 미정산)
2026-06-03 17:30:57 INFO Length mismatch: Expected axis has 0 elements, new values have 13 elements
2026-06-03 17:30:59 INFO Length mismatch: Expected axis has 0 elements, new values have 13 elements
2026-06-03 17:31:03 INFO Length mismatch: Expected axis has 0 elements, new values have 13 elements
2026-06-03 17:31:04 INFO Length mismatch: Expected axis has 0 elements, new values have 6 elements
2026-06-03 17:31:06 INFO Length mismatch: Expected axis has 0 elements, new values have 6 elements
2026-06-03 17:31:10 INFO Length mismatch: Expected axis has 0 elements, new values have 6 elements
2026-06-03 17:31:10 WARNING [017670] trader fetch 실패. 수급 0으로 채움.
2026-06-03 17:31:10 INFO [HOLIDAY] 017670 SK텔레콤: 신규 거래일 없음 (휴장 또는 미정산)
2026-06-03 17:31:11 INFO Length mismatch: Expected axis has 0 elements, new values have 13 elements
2026-06-03 17:31:13 INFO Length mismatch: Expected axis has 0 elements, new values have 13 elements
2026-06-03 17:31:17 INFO Length mismatch: Expected axis has 0 elements, new values have 13 elements
2026-06-03 17:31:17 INFO Length mismatch: Expected axis has 0 elements, new values have 6 elements
2026-06-03 17:31:20 INFO Length mismatch: Expected axis has 0 elements, new values have 6 elements
2026-06-03 17:31:24 INFO Length mismatch: Expected axis has 0 elements, new values have 6 elements
2026-06-03 17:31:24 WARNING [011790] trader fetch 실패. 수급 0으로 채움.
2026-06-03 17:31:24 INFO [HOLIDAY] 011790 SKC: 신규 거래일 없음 (휴장 또는 미정산)
2026-06-03 17:31:25 INFO Length mismatch: Expected axis has 0 elements, new values have 13 elements
2026-06-03 17:31:27 INFO Length mismatch: Expected axis has 0 elements, new values have 13 elements
2026-06-03 17:31:31 INFO Length mismatch: Expected axis has 0 elements, new values have 13 elements
2026-06-03 17:31:31 INFO Length mismatch: Expected axis has 0 elements, new values have 6 elements
2026-06-03 17:31:34 INFO Length mismatch: Expected axis has 0 elements, new values have 6 elements
2026-06-03 17:31:38 INFO Length mismatch: Expected axis has 0 elements, new values have 6 elements
2026-06-03 17:31:38 WARNING [005850] trader fetch 실패. 수급 0으로 채움.
2026-06-03 17:31:38 INFO [HOLIDAY] 005850 에스엘: 신규 거래일 없음 (휴장 또는 미정산)
2026-06-03 17:31:39 INFO Length mismatch: Expected axis has 0 elements, new values have 13 elements
2026-06-03 17:31:41 INFO Length mismatch: Expected axis has 0 elements, new values have 13 elements
2026-06-03 17:31:45 INFO Length mismatch: Expected axis has 0 elements, new values have 13 elements
2026-06-03 17:31:45 INFO Length mismatch: Expected axis has 0 elements, new values have 6 elements
2026-06-03 17:31:48 INFO Length mismatch: Expected axis has 0 elements, new values have 6 elements
2026-06-03 17:31:52 INFO Length mismatch: Expected axis has 0 elements, new values have 6 elements
2026-06-03 17:31:52 WARNING [010950] trader fetch 실패. 수급 0으로 채움.
2026-06-03 17:31:52 INFO [HOLIDAY] 010950 S-Oil: 신규 거래일 없음 (휴장 또는 미정산)
2026-06-03 17:31:53 INFO Length mismatch: Expected axis has 0 elements, new values have 13 elements
2026-06-03 17:31:55 INFO Length mismatch: Expected axis has 0 elements, new values have 13 elements
2026-06-03 17:32:00 INFO Length mismatch: Expected axis has 0 elements, new values have 13 elements
2026-06-03 17:32:00 INFO Length mismatch: Expected axis has 0 elements, new values have 6 elements
2026-06-03 17:32:02 INFO Length mismatch: Expected axis has 0 elements, new values have 6 elements
2026-06-03 17:32:06 INFO Length mismatch: Expected axis has 0 elements, new values have 6 elements
2026-06-03 17:32:06 WARNING [003240] trader fetch 실패. 수급 0으로 채움.
2026-06-03 17:32:06 INFO [HOLIDAY] 003240 태광산업: 신규 거래일 없음 (휴장 또는 미정산)
2026-06-03 17:32:07 INFO Length mismatch: Expected axis has 0 elements, new values have 13 elements
2026-06-03 17:32:09 INFO Length mismatch: Expected axis has 0 elements, new values have 13 elements
2026-06-03 17:32:14 INFO Length mismatch: Expected axis has 0 elements, new values have 13 elements
2026-06-03 17:32:14 INFO Length mismatch: Expected axis has 0 elements, new values have 6 elements
2026-06-03 17:32:16 INFO Length mismatch: Expected axis has 0 elements, new values have 6 elements
2026-06-03 17:32:20 INFO Length mismatch: Expected axis has 0 elements, new values have 6 elements
2026-06-03 17:32:20 WARNING [001440] trader fetch 실패. 수급 0으로 채움.
2026-06-03 17:32:20 INFO [HOLIDAY] 001440 대한전선: 신규 거래일 없음 (휴장 또는 미정산)
2026-06-03 17:32:21 INFO Length mismatch: Expected axis has 0 elements, new values have 13 elements
2026-06-03 17:32:23 INFO Length mismatch: Expected axis has 0 elements, new values have 13 elements
2026-06-03 17:32:27 INFO Length mismatch: Expected axis has 0 elements, new values have 13 elements
2026-06-03 17:32:27 INFO Length mismatch: Expected axis has 0 elements, new values have 6 elements
2026-06-03 17:32:30 INFO Length mismatch: Expected axis has 0 elements, new values have 6 elements
2026-06-03 17:32:34 INFO Length mismatch: Expected axis has 0 elements, new values have 6 elements
2026-06-03 17:32:34 WARNING [069260] trader fetch 실패. 수급 0으로 채움.
2026-06-03 17:32:34 INFO [HOLIDAY] 069260 휴켐스: 신규 거래일 없음 (휴장 또는 미정산)
2026-06-03 17:32:35 INFO Length mismatch: Expected axis has 0 elements, new values have 13 elements
2026-06-03 17:32:37 INFO Length mismatch: Expected axis has 0 elements, new values have 13 elements
2026-06-03 17:32:41 INFO Length mismatch: Expected axis has 0 elements, new values have 13 elements
2026-06-03 17:32:41 INFO Length mismatch: Expected axis has 0 elements, new values have 6 elements
2026-06-03 17:32:43 INFO Length mismatch: Expected axis has 0 elements, new values have 6 elements
2026-06-03 17:32:48 INFO Length mismatch: Expected axis has 0 elements, new values have 6 elements
2026-06-03 17:32:48 WARNING [316140] trader fetch 실패. 수급 0으로 채움.
2026-06-03 17:32:48 INFO [HOLIDAY] 316140 우리금융지주: 신규 거래일 없음 (휴장 또는 미정산)
2026-06-03 17:32:48 INFO Length mismatch: Expected axis has 0 elements, new values have 13 elements
2026-06-03 17:32:51 INFO Length mismatch: Expected axis has 0 elements, new values have 13 elements
2026-06-03 17:32:55 INFO Length mismatch: Expected axis has 0 elements, new values have 13 elements
2026-06-03 17:32:55 INFO Length mismatch: Expected axis has 0 elements, new values have 6 elements
2026-06-03 17:32:57 INFO Length mismatch: Expected axis has 0 elements, new values have 6 elements
2026-06-03 17:33:01 INFO Length mismatch: Expected axis has 0 elements, new values have 6 elements
2026-06-03 17:33:01 WARNING [008730] trader fetch 실패. 수급 0으로 채움.
2026-06-03 17:33:01 INFO [HOLIDAY] 008730 율촌화학: 신규 거래일 없음 (휴장 또는 미정산)
2026-06-03 17:33:02 INFO Length mismatch: Expected axis has 0 elements, new values have 13 elements
2026-06-03 17:33:04 INFO Length mismatch: Expected axis has 0 elements, new values have 13 elements
2026-06-03 17:33:09 INFO Length mismatch: Expected axis has 0 elements, new values have 13 elements
2026-06-03 17:33:09 INFO Length mismatch: Expected axis has 0 elements, new values have 6 elements
2026-06-03 17:33:11 INFO Length mismatch: Expected axis has 0 elements, new values have 6 elements
2026-06-03 17:33:15 INFO Length mismatch: Expected axis has 0 elements, new values have 6 elements
2026-06-03 17:33:15 WARNING [000670] trader fetch 실패. 수급 0으로 채움.
2026-06-03 17:33:15 INFO [HOLIDAY] 000670 영풍: 신규 거래일 없음 (휴장 또는 미정산)
2026-06-03 17:33:16 INFO Length mismatch: Expected axis has 0 elements, new values have 13 elements
2026-06-03 17:33:18 INFO Length mismatch: Expected axis has 0 elements, new values have 13 elements
2026-06-03 17:33:22 INFO Length mismatch: Expected axis has 0 elements, new values have 13 elements
2026-06-03 17:33:23 INFO Length mismatch: Expected axis has 0 elements, new values have 6 elements
2026-06-03 17:33:25 INFO Length mismatch: Expected axis has 0 elements, new values have 6 elements
2026-06-03 17:33:29 INFO Length mismatch: Expected axis has 0 elements, new values have 6 elements
2026-06-03 17:33:29 WARNING [111770] trader fetch 실패. 수급 0으로 채움.
2026-06-03 17:33:29 INFO [HOLIDAY] 111770 영원무역: 신규 거래일 없음 (휴장 또는 미정산)
2026-06-03 17:33:30 INFO Length mismatch: Expected axis has 0 elements, new values have 13 elements
2026-06-03 17:33:32 INFO Length mismatch: Expected axis has 0 elements, new values have 13 elements
2026-06-03 17:33:36 INFO Length mismatch: Expected axis has 0 elements, new values have 13 elements
2026-06-03 17:33:36 INFO Length mismatch: Expected axis has 0 elements, new values have 6 elements
2026-06-03 17:33:39 INFO Length mismatch: Expected axis has 0 elements, new values have 6 elements
2026-06-03 17:33:43 INFO Length mismatch: Expected axis has 0 elements, new values have 6 elements
2026-06-03 17:33:43 WARNING [009970] trader fetch 실패. 수급 0으로 채움.
2026-06-03 17:33:43 INFO [HOLIDAY] 009970 영원무역홀딩스: 신규 거래일 없음 (휴장 또는 미정산)
2026-06-03 17:33:44 INFO Length mismatch: Expected axis has 0 elements, new values have 13 elements
2026-06-03 17:33:46 INFO Length mismatch: Expected axis has 0 elements, new values have 13 elements
2026-06-03 17:33:50 INFO Length mismatch: Expected axis has 0 elements, new values have 13 elements
2026-06-03 17:33:50 INFO Length mismatch: Expected axis has 0 elements, new values have 6 elements
2026-06-03 17:33:53 INFO Length mismatch: Expected axis has 0 elements, new values have 6 elements
2026-06-03 17:33:57 INFO Length mismatch: Expected axis has 0 elements, new values have 6 elements
2026-06-03 17:33:57 WARNING [000100] trader fetch 실패. 수급 0으로 채움.
2026-06-03 17:33:57 INFO [HOLIDAY] 000100 유한양행: 신규 거래일 없음 (휴장 또는 미정산)
2026-06-03 17:33:57 INFO === Daily update done === stats: {'backfill': 0, 'update': 0, 'skip': 0, 'holiday': 199, 'archive': 0, 'error': 0}
