2026-05-25 14:53:01 INFO === Daily update start ===
2026-05-25 14:53:01 INFO log file: logs/update_20260525.log
2026-05-25 14:53:02 INFO 종목 마스터: 199 종목
2026-05-25 14:53:02 INFO 로컬 CSV: 199 종목
2026-05-25 14:53:08 INFO Length mismatch: Expected axis has 0 elements, new values have 13 elements
2026-05-25 14:53:10 INFO Length mismatch: Expected axis has 0 elements, new values have 13 elements
2026-05-25 14:53:14 INFO Length mismatch: Expected axis has 0 elements, new values have 13 elements
2026-05-25 14:53:14 INFO Length mismatch: Expected axis has 0 elements, new values have 6 elements
2026-05-25 14:53:17 INFO Length mismatch: Expected axis has 0 elements, new values have 6 elements
2026-05-25 14:53:21 INFO Length mismatch: Expected axis has 0 elements, new values have 6 elements
2026-05-25 14:53:21 WARNING [005930] trader fetch 실패. 수급 0으로 채움.
2026-05-25 14:53:21 INFO [HOLIDAY] 005930 삼성전자: 신규 거래일 없음 (휴장 또는 미정산)
2026-05-25 14:53:22 INFO Length mismatch: Expected axis has 0 elements, new values have 13 elements
2026-05-25 14:53:24 INFO Length mismatch: Expected axis has 0 elements, new values have 13 elements
2026-05-25 14:53:28 INFO Length mismatch: Expected axis has 0 elements, new values have 13 elements
2026-05-25 14:53:28 INFO Length mismatch: Expected axis has 0 elements, new values have 6 elements
2026-05-25 14:53:31 INFO Length mismatch: Expected axis has 0 elements, new values have 6 elements
2026-05-25 14:53:35 INFO Length mismatch: Expected axis has 0 elements, new values have 6 elements
2026-05-25 14:53:35 WARNING [000660] trader fetch 실패. 수급 0으로 채움.
2026-05-25 14:53:35 INFO [HOLIDAY] 000660 SK하이닉스: 신규 거래일 없음 (휴장 또는 미정산)
2026-05-25 14:53:36 INFO Length mismatch: Expected axis has 0 elements, new values have 13 elements
2026-05-25 14:53:38 INFO Length mismatch: Expected axis has 0 elements, new values have 13 elements
2026-05-25 14:53:42 INFO Length mismatch: Expected axis has 0 elements, new values have 13 elements
2026-05-25 14:53:42 INFO Length mismatch: Expected axis has 0 elements, new values have 6 elements
2026-05-25 14:53:45 INFO Length mismatch: Expected axis has 0 elements, new values have 6 elements
2026-05-25 14:53:49 INFO Length mismatch: Expected axis has 0 elements, new values have 6 elements
2026-05-25 14:53:49 WARNING [006400] trader fetch 실패. 수급 0으로 채움.
2026-05-25 14:53:49 INFO [HOLIDAY] 006400 삼성SDI: 신규 거래일 없음 (휴장 또는 미정산)
2026-05-25 14:53:50 INFO Length mismatch: Expected axis has 0 elements, new values have 13 elements
2026-05-25 14:53:52 INFO Length mismatch: Expected axis has 0 elements, new values have 13 elements
2026-05-25 14:53:56 INFO Length mismatch: Expected axis has 0 elements, new values have 13 elements
2026-05-25 14:53:56 INFO Length mismatch: Expected axis has 0 elements, new values have 6 elements
2026-05-25 14:53:58 INFO Length mismatch: Expected axis has 0 elements, new values have 6 elements
2026-05-25 14:54:03 INFO Length mismatch: Expected axis has 0 elements, new values have 6 elements
2026-05-25 14:54:03 WARNING [009150] trader fetch 실패. 수급 0으로 채움.
2026-05-25 14:54:03 INFO [HOLIDAY] 009150 삼성전기: 신규 거래일 없음 (휴장 또는 미정산)
2026-05-25 14:54:03 INFO Length mismatch: Expected axis has 0 elements, new values have 13 elements
2026-05-25 14:54:06 INFO Length mismatch: Expected axis has 0 elements, new values have 13 elements
2026-05-25 14:54:10 INFO Length mismatch: Expected axis has 0 elements, new values have 13 elements
2026-05-25 14:54:10 INFO Length mismatch: Expected axis has 0 elements, new values have 6 elements
2026-05-25 14:54:12 INFO Length mismatch: Expected axis has 0 elements, new values have 6 elements
2026-05-25 14:54:16 INFO Length mismatch: Expected axis has 0 elements, new values have 6 elements
2026-05-25 14:54:16 WARNING [028260] trader fetch 실패. 수급 0으로 채움.
2026-05-25 14:54:16 INFO [HOLIDAY] 028260 삼성물산: 신규 거래일 없음 (휴장 또는 미정산)
2026-05-25 14:54:17 INFO Length mismatch: Expected axis has 0 elements, new values have 13 elements
2026-05-25 14:54:20 INFO Length mismatch: Expected axis has 0 elements, new values have 13 elements
2026-05-25 14:54:24 INFO Length mismatch: Expected axis has 0 elements, new values have 13 elements
2026-05-25 14:54:24 INFO Length mismatch: Expected axis has 0 elements, new values have 6 elements
2026-05-25 14:54:26 INFO Length mismatch: Expected axis has 0 elements, new values have 6 elements
2026-05-25 14:54:30 INFO Length mismatch: Expected axis has 0 elements, new values have 6 elements
2026-05-25 14:54:30 WARNING [010140] trader fetch 실패. 수급 0으로 채움.
2026-05-25 14:54:30 INFO [HOLIDAY] 010140 삼성중공업: 신규 거래일 없음 (휴장 또는 미정산)
2026-05-25 14:54:31 INFO Length mismatch: Expected axis has 0 elements, new values have 13 elements
2026-05-25 14:54:34 INFO Length mismatch: Expected axis has 0 elements, new values have 13 elements
2026-05-25 14:54:38 INFO Length mismatch: Expected axis has 0 elements, new values have 13 elements
2026-05-25 14:54:38 INFO Length mismatch: Expected axis has 0 elements, new values have 6 elements
2026-05-25 14:54:40 INFO Length mismatch: Expected axis has 0 elements, new values have 6 elements
2026-05-25 14:54:44 INFO Length mismatch: Expected axis has 0 elements, new values have 6 elements
2026-05-25 14:54:44 WARNING [018260] trader fetch 실패. 수급 0으로 채움.
2026-05-25 14:54:44 INFO [HOLIDAY] 018260 삼성에스디에스: 신규 거래일 없음 (휴장 또는 미정산)
2026-05-25 14:54:45 INFO Length mismatch: Expected axis has 0 elements, new values have 13 elements
2026-05-25 14:54:47 INFO Length mismatch: Expected axis has 0 elements, new values have 13 elements
2026-05-25 14:54:51 INFO Length mismatch: Expected axis has 0 elements, new values have 13 elements
2026-05-25 14:54:52 INFO Length mismatch: Expected axis has 0 elements, new values have 6 elements
2026-05-25 14:54:54 INFO Length mismatch: Expected axis has 0 elements, new values have 6 elements
2026-05-25 14:54:58 INFO Length mismatch: Expected axis has 0 elements, new values have 6 elements
2026-05-25 14:54:58 WARNING [005380] trader fetch 실패. 수급 0으로 채움.
2026-05-25 14:54:58 INFO [HOLIDAY] 005380 현대차: 신규 거래일 없음 (휴장 또는 미정산)
2026-05-25 14:54:59 INFO Length mismatch: Expected axis has 0 elements, new values have 13 elements
2026-05-25 14:55:01 INFO Length mismatch: Expected axis has 0 elements, new values have 13 elements
2026-05-25 14:55:06 INFO Length mismatch: Expected axis has 0 elements, new values have 13 elements
2026-05-25 14:55:06 INFO Length mismatch: Expected axis has 0 elements, new values have 6 elements
2026-05-25 14:55:08 INFO Length mismatch: Expected axis has 0 elements, new values have 6 elements
2026-05-25 14:55:12 INFO Length mismatch: Expected axis has 0 elements, new values have 6 elements
2026-05-25 14:55:12 WARNING [012330] trader fetch 실패. 수급 0으로 채움.
2026-05-25 14:55:12 INFO [HOLIDAY] 012330 현대모비스: 신규 거래일 없음 (휴장 또는 미정산)
2026-05-25 14:55:13 INFO Length mismatch: Expected axis has 0 elements, new values have 13 elements
2026-05-25 14:55:15 INFO Length mismatch: Expected axis has 0 elements, new values have 13 elements
2026-05-25 14:55:19 INFO Length mismatch: Expected axis has 0 elements, new values have 13 elements
2026-05-25 14:55:20 INFO Length mismatch: Expected axis has 0 elements, new values have 6 elements
2026-05-25 14:55:22 INFO Length mismatch: Expected axis has 0 elements, new values have 6 elements
2026-05-25 14:55:26 INFO Length mismatch: Expected axis has 0 elements, new values have 6 elements
2026-05-25 14:55:26 WARNING [064350] trader fetch 실패. 수급 0으로 채움.
2026-05-25 14:55:26 INFO [HOLIDAY] 064350 현대로템: 신규 거래일 없음 (휴장 또는 미정산)
2026-05-25 14:55:27 INFO Length mismatch: Expected axis has 0 elements, new values have 13 elements
2026-05-25 14:55:29 INFO Length mismatch: Expected axis has 0 elements, new values have 13 elements
2026-05-25 14:55:33 INFO Length mismatch: Expected axis has 0 elements, new values have 13 elements
2026-05-25 14:55:33 INFO Length mismatch: Expected axis has 0 elements, new values have 6 elements
2026-05-25 14:55:36 INFO Length mismatch: Expected axis has 0 elements, new values have 6 elements
2026-05-25 14:55:40 INFO Length mismatch: Expected axis has 0 elements, new values have 6 elements
2026-05-25 14:55:40 WARNING [267260] trader fetch 실패. 수급 0으로 채움.
2026-05-25 14:55:40 INFO [HOLIDAY] 267260 HD현대일렉트릭: 신규 거래일 없음 (휴장 또는 미정산)
2026-05-25 14:55:41 INFO Length mismatch: Expected axis has 0 elements, new values have 13 elements
2026-05-25 14:55:43 INFO Length mismatch: Expected axis has 0 elements, new values have 13 elements
2026-05-25 14:55:47 INFO Length mismatch: Expected axis has 0 elements, new values have 13 elements
2026-05-25 14:55:47 INFO Length mismatch: Expected axis has 0 elements, new values have 6 elements
2026-05-25 14:55:49 INFO Length mismatch: Expected axis has 0 elements, new values have 6 elements
2026-05-25 14:55:54 INFO Length mismatch: Expected axis has 0 elements, new values have 6 elements
2026-05-25 14:55:54 WARNING [000880] trader fetch 실패. 수급 0으로 채움.
2026-05-25 14:55:54 INFO [HOLIDAY] 000880 한화: 신규 거래일 없음 (휴장 또는 미정산)
2026-05-25 14:55:54 INFO Length mismatch: Expected axis has 0 elements, new values have 13 elements
2026-05-25 14:55:57 INFO Length mismatch: Expected axis has 0 elements, new values have 13 elements
2026-05-25 14:56:01 INFO Length mismatch: Expected axis has 0 elements, new values have 13 elements
2026-05-25 14:56:01 INFO Length mismatch: Expected axis has 0 elements, new values have 6 elements
2026-05-25 14:56:03 INFO Length mismatch: Expected axis has 0 elements, new values have 6 elements
2026-05-25 14:56:07 INFO Length mismatch: Expected axis has 0 elements, new values have 6 elements
2026-05-25 14:56:07 WARNING [012450] trader fetch 실패. 수급 0으로 채움.
2026-05-25 14:56:07 INFO [HOLIDAY] 012450 한화에어로스페이스: 신규 거래일 없음 (휴장 또는 미정산)
2026-05-25 14:56:08 INFO Length mismatch: Expected axis has 0 elements, new values have 13 elements
2026-05-25 14:56:10 INFO Length mismatch: Expected axis has 0 elements, new values have 13 elements
2026-05-25 14:56:15 INFO Length mismatch: Expected axis has 0 elements, new values have 13 elements
2026-05-25 14:56:15 INFO Length mismatch: Expected axis has 0 elements, new values have 6 elements
2026-05-25 14:56:17 INFO Length mismatch: Expected axis has 0 elements, new values have 6 elements
2026-05-25 14:56:21 INFO Length mismatch: Expected axis has 0 elements, new values have 6 elements
2026-05-25 14:56:21 WARNING [272210] trader fetch 실패. 수급 0으로 채움.
2026-05-25 14:56:21 INFO [HOLIDAY] 272210 한화시스템: 신규 거래일 없음 (휴장 또는 미정산)
2026-05-25 14:56:22 INFO Length mismatch: Expected axis has 0 elements, new values have 13 elements
2026-05-25 14:56:24 INFO Length mismatch: Expected axis has 0 elements, new values have 13 elements
2026-05-25 14:56:28 INFO Length mismatch: Expected axis has 0 elements, new values have 13 elements
2026-05-25 14:56:29 INFO Length mismatch: Expected axis has 0 elements, new values have 6 elements
2026-05-25 14:56:31 INFO Length mismatch: Expected axis has 0 elements, new values have 6 elements
2026-05-25 14:56:35 INFO Length mismatch: Expected axis has 0 elements, new values have 6 elements
2026-05-25 14:56:35 WARNING [042660] trader fetch 실패. 수급 0으로 채움.
2026-05-25 14:56:35 INFO [HOLIDAY] 042660 한화오션: 신규 거래일 없음 (휴장 또는 미정산)
2026-05-25 14:56:36 INFO Length mismatch: Expected axis has 0 elements, new values have 13 elements
2026-05-25 14:56:38 INFO Length mismatch: Expected axis has 0 elements, new values have 13 elements
2026-05-25 14:56:42 INFO Length mismatch: Expected axis has 0 elements, new values have 13 elements
2026-05-25 14:56:42 INFO Length mismatch: Expected axis has 0 elements, new values have 6 elements
2026-05-25 14:56:44 INFO Length mismatch: Expected axis has 0 elements, new values have 6 elements
2026-05-25 14:56:49 INFO Length mismatch: Expected axis has 0 elements, new values have 6 elements
2026-05-25 14:56:49 WARNING [034020] trader fetch 실패. 수급 0으로 채움.
2026-05-25 14:56:49 INFO [HOLIDAY] 034020 두산에너빌리티: 신규 거래일 없음 (휴장 또는 미정산)
2026-05-25 14:56:50 INFO Length mismatch: Expected axis has 0 elements, new values have 13 elements
2026-05-25 14:56:52 INFO Length mismatch: Expected axis has 0 elements, new values have 13 elements
2026-05-25 14:56:56 INFO Length mismatch: Expected axis has 0 elements, new values have 13 elements
2026-05-25 14:56:56 INFO Length mismatch: Expected axis has 0 elements, new values have 6 elements
2026-05-25 14:56:58 INFO Length mismatch: Expected axis has 0 elements, new values have 6 elements
2026-05-25 14:57:02 INFO Length mismatch: Expected axis has 0 elements, new values have 6 elements
2026-05-25 14:57:02 WARNING [006260] trader fetch 실패. 수급 0으로 채움.
2026-05-25 14:57:02 INFO [HOLIDAY] 006260 LS: 신규 거래일 없음 (휴장 또는 미정산)
2026-05-25 14:57:03 INFO Length mismatch: Expected axis has 0 elements, new values have 13 elements
2026-05-25 14:57:06 INFO Length mismatch: Expected axis has 0 elements, new values have 13 elements
2026-05-25 14:57:10 INFO Length mismatch: Expected axis has 0 elements, new values have 13 elements
2026-05-25 14:57:10 INFO Length mismatch: Expected axis has 0 elements, new values have 6 elements
2026-05-25 14:57:12 INFO Length mismatch: Expected axis has 0 elements, new values have 6 elements
2026-05-25 14:57:16 INFO Length mismatch: Expected axis has 0 elements, new values have 6 elements
2026-05-25 14:57:16 WARNING [010120] trader fetch 실패. 수급 0으로 채움.
2026-05-25 14:57:16 INFO [HOLIDAY] 010120 LS일렉트릭: 신규 거래일 없음 (휴장 또는 미정산)
2026-05-25 14:57:17 INFO Length mismatch: Expected axis has 0 elements, new values have 13 elements
2026-05-25 14:57:19 INFO Length mismatch: Expected axis has 0 elements, new values have 13 elements
2026-05-25 14:57:24 INFO Length mismatch: Expected axis has 0 elements, new values have 13 elements
2026-05-25 14:57:24 INFO Length mismatch: Expected axis has 0 elements, new values have 6 elements
2026-05-25 14:57:26 INFO Length mismatch: Expected axis has 0 elements, new values have 6 elements
2026-05-25 14:57:30 INFO Length mismatch: Expected axis has 0 elements, new values have 6 elements
2026-05-25 14:57:30 WARNING [003550] trader fetch 실패. 수급 0으로 채움.
2026-05-25 14:57:30 INFO [HOLIDAY] 003550 LG: 신규 거래일 없음 (휴장 또는 미정산)
2026-05-25 14:57:31 INFO Length mismatch: Expected axis has 0 elements, new values have 13 elements
2026-05-25 14:57:33 INFO Length mismatch: Expected axis has 0 elements, new values have 13 elements
2026-05-25 14:57:38 INFO Length mismatch: Expected axis has 0 elements, new values have 13 elements
2026-05-25 14:57:38 INFO Length mismatch: Expected axis has 0 elements, new values have 6 elements
2026-05-25 14:57:40 INFO Length mismatch: Expected axis has 0 elements, new values have 6 elements
2026-05-25 14:57:44 INFO Length mismatch: Expected axis has 0 elements, new values have 6 elements
2026-05-25 14:57:44 WARNING [066570] trader fetch 실패. 수급 0으로 채움.
2026-05-25 14:57:44 INFO [HOLIDAY] 066570 LG전자: 신규 거래일 없음 (휴장 또는 미정산)
2026-05-25 14:57:45 INFO Length mismatch: Expected axis has 0 elements, new values have 13 elements
2026-05-25 14:57:47 INFO Length mismatch: Expected axis has 0 elements, new values have 13 elements
2026-05-25 14:57:51 INFO Length mismatch: Expected axis has 0 elements, new values have 13 elements
2026-05-25 14:57:51 INFO Length mismatch: Expected axis has 0 elements, new values have 6 elements
2026-05-25 14:57:54 INFO Length mismatch: Expected axis has 0 elements, new values have 6 elements
2026-05-25 14:57:58 INFO Length mismatch: Expected axis has 0 elements, new values have 6 elements
2026-05-25 14:57:58 WARNING [064400] trader fetch 실패. 수급 0으로 채움.
2026-05-25 14:57:58 INFO [HOLIDAY] 064400 LG씨엔에스: 신규 거래일 없음 (휴장 또는 미정산)
2026-05-25 14:57:59 INFO Length mismatch: Expected axis has 0 elements, new values have 13 elements
2026-05-25 14:58:01 INFO Length mismatch: Expected axis has 0 elements, new values have 13 elements
2026-05-25 14:58:05 INFO Length mismatch: Expected axis has 0 elements, new values have 13 elements
2026-05-25 14:58:05 INFO Length mismatch: Expected axis has 0 elements, new values have 6 elements
2026-05-25 14:58:07 INFO Length mismatch: Expected axis has 0 elements, new values have 6 elements
2026-05-25 14:58:12 INFO Length mismatch: Expected axis has 0 elements, new values have 6 elements
2026-05-25 14:58:12 WARNING [034730] trader fetch 실패. 수급 0으로 채움.
2026-05-25 14:58:12 INFO [HOLIDAY] 034730 SK: 신규 거래일 없음 (휴장 또는 미정산)
2026-05-25 14:58:12 INFO Length mismatch: Expected axis has 0 elements, new values have 13 elements
2026-05-25 14:58:15 INFO Length mismatch: Expected axis has 0 elements, new values have 13 elements
2026-05-25 14:58:19 INFO Length mismatch: Expected axis has 0 elements, new values have 13 elements
2026-05-25 14:58:19 INFO Length mismatch: Expected axis has 0 elements, new values have 6 elements
2026-05-25 14:58:21 INFO Length mismatch: Expected axis has 0 elements, new values have 6 elements
2026-05-25 14:58:25 INFO Length mismatch: Expected axis has 0 elements, new values have 6 elements
2026-05-25 14:58:25 WARNING [402340] trader fetch 실패. 수급 0으로 채움.
2026-05-25 14:58:25 INFO [HOLIDAY] 402340 SK스퀘어: 신규 거래일 없음 (휴장 또는 미정산)
2026-05-25 14:58:26 INFO Length mismatch: Expected axis has 0 elements, new values have 13 elements
2026-05-25 14:58:28 INFO Length mismatch: Expected axis has 0 elements, new values have 13 elements
2026-05-25 14:58:33 INFO Length mismatch: Expected axis has 0 elements, new values have 13 elements
2026-05-25 14:58:33 INFO Length mismatch: Expected axis has 0 elements, new values have 6 elements
2026-05-25 14:58:35 INFO Length mismatch: Expected axis has 0 elements, new values have 6 elements
2026-05-25 14:58:39 INFO Length mismatch: Expected axis has 0 elements, new values have 6 elements
2026-05-25 14:58:39 WARNING [096770] trader fetch 실패. 수급 0으로 채움.
2026-05-25 14:58:39 INFO [HOLIDAY] 096770 SK이노베이션: 신규 거래일 없음 (휴장 또는 미정산)
2026-05-25 14:58:40 INFO Length mismatch: Expected axis has 0 elements, new values have 13 elements
2026-05-25 14:58:42 INFO Length mismatch: Expected axis has 0 elements, new values have 13 elements
2026-05-25 14:58:46 INFO Length mismatch: Expected axis has 0 elements, new values have 13 elements
2026-05-25 14:58:47 INFO Length mismatch: Expected axis has 0 elements, new values have 6 elements
2026-05-25 14:58:49 INFO Length mismatch: Expected axis has 0 elements, new values have 6 elements
2026-05-25 14:58:53 INFO Length mismatch: Expected axis has 0 elements, new values have 6 elements
2026-05-25 14:58:53 WARNING [005490] trader fetch 실패. 수급 0으로 채움.
2026-05-25 14:58:53 INFO [HOLIDAY] 005490 POSCO홀딩스: 신규 거래일 없음 (휴장 또는 미정산)
2026-05-25 14:58:54 INFO Length mismatch: Expected axis has 0 elements, new values have 13 elements
2026-05-25 14:58:56 INFO Length mismatch: Expected axis has 0 elements, new values have 13 elements
2026-05-25 14:59:00 INFO Length mismatch: Expected axis has 0 elements, new values have 13 elements
2026-05-25 14:59:00 INFO Length mismatch: Expected axis has 0 elements, new values have 6 elements
2026-05-25 14:59:03 INFO Length mismatch: Expected axis has 0 elements, new values have 6 elements
2026-05-25 14:59:07 INFO Length mismatch: Expected axis has 0 elements, new values have 6 elements
2026-05-25 14:59:07 WARNING [278470] trader fetch 실패. 수급 0으로 채움.
2026-05-25 14:59:07 INFO [HOLIDAY] 278470 에이피알: 신규 거래일 없음 (휴장 또는 미정산)
2026-05-25 14:59:08 INFO Length mismatch: Expected axis has 0 elements, new values have 13 elements
2026-05-25 14:59:10 INFO Length mismatch: Expected axis has 0 elements, new values have 13 elements
2026-05-25 14:59:14 INFO Length mismatch: Expected axis has 0 elements, new values have 13 elements
2026-05-25 14:59:14 INFO Length mismatch: Expected axis has 0 elements, new values have 6 elements
2026-05-25 14:59:16 INFO Length mismatch: Expected axis has 0 elements, new values have 6 elements
2026-05-25 14:59:21 INFO Length mismatch: Expected axis has 0 elements, new values have 6 elements
2026-05-25 14:59:21 WARNING [161890] trader fetch 실패. 수급 0으로 채움.
2026-05-25 14:59:21 INFO [HOLIDAY] 161890 한국콜마: 신규 거래일 없음 (휴장 또는 미정산)
2026-05-25 14:59:21 INFO Length mismatch: Expected axis has 0 elements, new values have 13 elements
2026-05-25 14:59:24 INFO Length mismatch: Expected axis has 0 elements, new values have 13 elements
2026-05-25 14:59:28 INFO Length mismatch: Expected axis has 0 elements, new values have 13 elements
2026-05-25 14:59:28 INFO Length mismatch: Expected axis has 0 elements, new values have 6 elements
2026-05-25 14:59:30 INFO Length mismatch: Expected axis has 0 elements, new values have 6 elements
2026-05-25 14:59:34 INFO Length mismatch: Expected axis has 0 elements, new values have 6 elements
2026-05-25 14:59:34 WARNING [007660] trader fetch 실패. 수급 0으로 채움.
2026-05-25 14:59:34 INFO [HOLIDAY] 007660 이수페타시스: 신규 거래일 없음 (휴장 또는 미정산)
2026-05-25 14:59:36 INFO Length mismatch: Expected axis has 0 elements, new values have 13 elements
2026-05-25 14:59:38 INFO Length mismatch: Expected axis has 0 elements, new values have 13 elements
2026-05-25 14:59:42 INFO Length mismatch: Expected axis has 0 elements, new values have 13 elements
2026-05-25 14:59:42 INFO Length mismatch: Expected axis has 0 elements, new values have 6 elements
2026-05-25 14:59:44 INFO Length mismatch: Expected axis has 0 elements, new values have 6 elements
2026-05-25 14:59:48 INFO Length mismatch: Expected axis has 0 elements, new values have 6 elements
2026-05-25 14:59:48 WARNING [042700] trader fetch 실패. 수급 0으로 채움.
2026-05-25 14:59:48 INFO [HOLIDAY] 042700 한미반도체: 신규 거래일 없음 (휴장 또는 미정산)
2026-05-25 14:59:49 INFO Length mismatch: Expected axis has 0 elements, new values have 13 elements
2026-05-25 14:59:52 INFO Length mismatch: Expected axis has 0 elements, new values have 13 elements
2026-05-25 14:59:56 INFO Length mismatch: Expected axis has 0 elements, new values have 13 elements
2026-05-25 14:59:56 INFO Length mismatch: Expected axis has 0 elements, new values have 6 elements
2026-05-25 14:59:58 INFO Length mismatch: Expected axis has 0 elements, new values have 6 elements
2026-05-25 15:00:02 INFO Length mismatch: Expected axis has 0 elements, new values have 6 elements
2026-05-25 15:00:02 WARNING [090430] trader fetch 실패. 수급 0으로 채움.
2026-05-25 15:00:02 INFO [HOLIDAY] 090430 아모레퍼시픽: 신규 거래일 없음 (휴장 또는 미정산)
2026-05-25 15:00:03 INFO Length mismatch: Expected axis has 0 elements, new values have 13 elements
2026-05-25 15:00:05 INFO Length mismatch: Expected axis has 0 elements, new values have 13 elements
2026-05-25 15:00:10 INFO Length mismatch: Expected axis has 0 elements, new values have 13 elements
2026-05-25 15:00:10 INFO Length mismatch: Expected axis has 0 elements, new values have 6 elements
2026-05-25 15:00:12 INFO Length mismatch: Expected axis has 0 elements, new values have 6 elements
2026-05-25 15:00:16 INFO Length mismatch: Expected axis has 0 elements, new values have 6 elements
2026-05-25 15:00:16 WARNING [002790] trader fetch 실패. 수급 0으로 채움.
2026-05-25 15:00:16 INFO [HOLIDAY] 002790 아모레퍼시픽홀딩스: 신규 거래일 없음 (휴장 또는 미정산)
2026-05-25 15:00:17 INFO Length mismatch: Expected axis has 0 elements, new values have 13 elements
2026-05-25 15:00:19 INFO Length mismatch: Expected axis has 0 elements, new values have 13 elements
2026-05-25 15:00:24 INFO Length mismatch: Expected axis has 0 elements, new values have 13 elements
2026-05-25 15:00:24 INFO Length mismatch: Expected axis has 0 elements, new values have 6 elements
2026-05-25 15:00:26 INFO Length mismatch: Expected axis has 0 elements, new values have 6 elements
2026-05-25 15:00:30 INFO Length mismatch: Expected axis has 0 elements, new values have 6 elements
2026-05-25 15:00:30 WARNING [002030] trader fetch 실패. 수급 0으로 채움.
2026-05-25 15:00:30 INFO [HOLIDAY] 002030 아세아: 신규 거래일 없음 (휴장 또는 미정산)
2026-05-25 15:00:31 INFO Length mismatch: Expected axis has 0 elements, new values have 13 elements
2026-05-25 15:00:33 INFO Length mismatch: Expected axis has 0 elements, new values have 13 elements
2026-05-25 15:00:38 INFO Length mismatch: Expected axis has 0 elements, new values have 13 elements
2026-05-25 15:00:38 INFO Length mismatch: Expected axis has 0 elements, new values have 6 elements
2026-05-25 15:00:40 INFO Length mismatch: Expected axis has 0 elements, new values have 6 elements
2026-05-25 15:00:44 INFO Length mismatch: Expected axis has 0 elements, new values have 6 elements
2026-05-25 15:00:44 WARNING [282330] trader fetch 실패. 수급 0으로 채움.
2026-05-25 15:00:44 INFO [HOLIDAY] 282330 BGF리테일: 신규 거래일 없음 (휴장 또는 미정산)
2026-05-25 15:00:45 INFO Length mismatch: Expected axis has 0 elements, new values have 13 elements
2026-05-25 15:00:47 INFO Length mismatch: Expected axis has 0 elements, new values have 13 elements
2026-05-25 15:00:52 INFO Length mismatch: Expected axis has 0 elements, new values have 13 elements
2026-05-25 15:00:52 INFO Length mismatch: Expected axis has 0 elements, new values have 6 elements
2026-05-25 15:00:54 INFO Length mismatch: Expected axis has 0 elements, new values have 6 elements
2026-05-25 15:00:59 INFO Length mismatch: Expected axis has 0 elements, new values have 6 elements
2026-05-25 15:00:59 WARNING [138930] trader fetch 실패. 수급 0으로 채움.
2026-05-25 15:00:59 INFO [HOLIDAY] 138930 BNK금융지주: 신규 거래일 없음 (휴장 또는 미정산)
2026-05-25 15:00:59 INFO Length mismatch: Expected axis has 0 elements, new values have 13 elements
2026-05-25 15:01:02 INFO Length mismatch: Expected axis has 0 elements, new values have 13 elements
2026-05-25 15:01:06 INFO Length mismatch: Expected axis has 0 elements, new values have 13 elements
2026-05-25 15:01:06 INFO Length mismatch: Expected axis has 0 elements, new values have 6 elements
2026-05-25 15:01:08 INFO Length mismatch: Expected axis has 0 elements, new values have 6 elements
2026-05-25 15:01:13 INFO Length mismatch: Expected axis has 0 elements, new values have 6 elements
2026-05-25 15:01:13 WARNING [068270] trader fetch 실패. 수급 0으로 채움.
2026-05-25 15:01:13 INFO [HOLIDAY] 068270 셀트리온: 신규 거래일 없음 (휴장 또는 미정산)
2026-05-25 15:01:13 INFO Length mismatch: Expected axis has 0 elements, new values have 13 elements
2026-05-25 15:01:16 INFO Length mismatch: Expected axis has 0 elements, new values have 13 elements
2026-05-25 15:01:20 INFO Length mismatch: Expected axis has 0 elements, new values have 13 elements
2026-05-25 15:01:20 INFO Length mismatch: Expected axis has 0 elements, new values have 6 elements
2026-05-25 15:01:22 INFO Length mismatch: Expected axis has 0 elements, new values have 6 elements
2026-05-25 15:01:26 INFO Length mismatch: Expected axis has 0 elements, new values have 6 elements
2026-05-25 15:01:26 WARNING [030000] trader fetch 실패. 수급 0으로 채움.
2026-05-25 15:01:26 INFO [HOLIDAY] 030000 제일기획: 신규 거래일 없음 (휴장 또는 미정산)
2026-05-25 15:01:27 INFO Length mismatch: Expected axis has 0 elements, new values have 13 elements
2026-05-25 15:01:29 INFO Length mismatch: Expected axis has 0 elements, new values have 13 elements
2026-05-25 15:01:34 INFO Length mismatch: Expected axis has 0 elements, new values have 13 elements
2026-05-25 15:01:34 INFO Length mismatch: Expected axis has 0 elements, new values have 6 elements
2026-05-25 15:01:36 INFO Length mismatch: Expected axis has 0 elements, new values have 6 elements
2026-05-25 15:01:40 INFO Length mismatch: Expected axis has 0 elements, new values have 6 elements
2026-05-25 15:01:40 WARNING [185750] trader fetch 실패. 수급 0으로 채움.
2026-05-25 15:01:40 INFO [HOLIDAY] 185750 종근당: 신규 거래일 없음 (휴장 또는 미정산)
2026-05-25 15:01:41 INFO Length mismatch: Expected axis has 0 elements, new values have 13 elements
2026-05-25 15:01:43 INFO Length mismatch: Expected axis has 0 elements, new values have 13 elements
2026-05-25 15:01:48 INFO Length mismatch: Expected axis has 0 elements, new values have 13 elements
2026-05-25 15:01:48 INFO Length mismatch: Expected axis has 0 elements, new values have 6 elements
2026-05-25 15:01:50 INFO Length mismatch: Expected axis has 0 elements, new values have 6 elements
2026-05-25 15:01:54 INFO Length mismatch: Expected axis has 0 elements, new values have 6 elements
2026-05-25 15:01:54 WARNING [001040] trader fetch 실패. 수급 0으로 채움.
2026-05-25 15:01:54 INFO [HOLIDAY] 001040 CJ: 신규 거래일 없음 (휴장 또는 미정산)
2026-05-25 15:01:55 INFO Length mismatch: Expected axis has 0 elements, new values have 13 elements
2026-05-25 15:01:57 INFO Length mismatch: Expected axis has 0 elements, new values have 13 elements
2026-05-25 15:02:01 INFO Length mismatch: Expected axis has 0 elements, new values have 13 elements
2026-05-25 15:02:02 INFO Length mismatch: Expected axis has 0 elements, new values have 6 elements
2026-05-25 15:02:04 INFO Length mismatch: Expected axis has 0 elements, new values have 6 elements
2026-05-25 15:02:08 INFO Length mismatch: Expected axis has 0 elements, new values have 6 elements
2026-05-25 15:02:08 WARNING [097950] trader fetch 실패. 수급 0으로 채움.
2026-05-25 15:02:08 INFO [HOLIDAY] 097950 CJ제일제당: 신규 거래일 없음 (휴장 또는 미정산)
2026-05-25 15:02:09 INFO Length mismatch: Expected axis has 0 elements, new values have 13 elements
2026-05-25 15:02:11 INFO Length mismatch: Expected axis has 0 elements, new values have 13 elements
2026-05-25 15:02:16 INFO Length mismatch: Expected axis has 0 elements, new values have 13 elements
2026-05-25 15:02:16 INFO Length mismatch: Expected axis has 0 elements, new values have 6 elements
2026-05-25 15:02:18 INFO Length mismatch: Expected axis has 0 elements, new values have 6 elements
2026-05-25 15:02:22 INFO Length mismatch: Expected axis has 0 elements, new values have 6 elements
2026-05-25 15:02:22 WARNING [000120] trader fetch 실패. 수급 0으로 채움.
2026-05-25 15:02:22 INFO [HOLIDAY] 000120 CJ대한통운: 신규 거래일 없음 (휴장 또는 미정산)
2026-05-25 15:02:23 INFO Length mismatch: Expected axis has 0 elements, new values have 13 elements
2026-05-25 15:02:25 INFO Length mismatch: Expected axis has 0 elements, new values have 13 elements
2026-05-25 15:02:29 INFO Length mismatch: Expected axis has 0 elements, new values have 13 elements
2026-05-25 15:02:29 INFO Length mismatch: Expected axis has 0 elements, new values have 6 elements
2026-05-25 15:02:32 INFO Length mismatch: Expected axis has 0 elements, new values have 6 elements
2026-05-25 15:02:36 INFO Length mismatch: Expected axis has 0 elements, new values have 6 elements
2026-05-25 15:02:36 WARNING [192820] trader fetch 실패. 수급 0으로 채움.
2026-05-25 15:02:36 INFO [HOLIDAY] 192820 코스맥스: 신규 거래일 없음 (휴장 또는 미정산)
2026-05-25 15:02:37 INFO Length mismatch: Expected axis has 0 elements, new values have 13 elements
2026-05-25 15:02:39 INFO Length mismatch: Expected axis has 0 elements, new values have 13 elements
2026-05-25 15:02:43 INFO Length mismatch: Expected axis has 0 elements, new values have 13 elements
2026-05-25 15:02:43 INFO Length mismatch: Expected axis has 0 elements, new values have 6 elements
2026-05-25 15:02:45 INFO Length mismatch: Expected axis has 0 elements, new values have 6 elements
2026-05-25 15:02:50 INFO Length mismatch: Expected axis has 0 elements, new values have 6 elements
2026-05-25 15:02:50 WARNING [005420] trader fetch 실패. 수급 0으로 채움.
2026-05-25 15:02:50 INFO [HOLIDAY] 005420 코스모화학: 신규 거래일 없음 (휴장 또는 미정산)
2026-05-25 15:02:50 INFO Length mismatch: Expected axis has 0 elements, new values have 13 elements
2026-05-25 15:02:53 INFO Length mismatch: Expected axis has 0 elements, new values have 13 elements
2026-05-25 15:02:57 INFO Length mismatch: Expected axis has 0 elements, new values have 13 elements
2026-05-25 15:02:57 INFO Length mismatch: Expected axis has 0 elements, new values have 6 elements
2026-05-25 15:02:59 INFO Length mismatch: Expected axis has 0 elements, new values have 6 elements
2026-05-25 15:03:03 INFO Length mismatch: Expected axis has 0 elements, new values have 6 elements
2026-05-25 15:03:03 WARNING [021240] trader fetch 실패. 수급 0으로 채움.
2026-05-25 15:03:03 INFO [HOLIDAY] 021240 코웨이: 신규 거래일 없음 (휴장 또는 미정산)
2026-05-25 15:03:04 INFO Length mismatch: Expected axis has 0 elements, new values have 13 elements
2026-05-25 15:03:06 INFO Length mismatch: Expected axis has 0 elements, new values have 13 elements
2026-05-25 15:03:11 INFO Length mismatch: Expected axis has 0 elements, new values have 13 elements
2026-05-25 15:03:11 INFO Length mismatch: Expected axis has 0 elements, new values have 6 elements
2026-05-25 15:03:13 INFO Length mismatch: Expected axis has 0 elements, new values have 6 elements
2026-05-25 15:03:17 INFO Length mismatch: Expected axis has 0 elements, new values have 6 elements
2026-05-25 15:03:17 WARNING [112610] trader fetch 실패. 수급 0으로 채움.
2026-05-25 15:03:17 INFO [HOLIDAY] 112610 씨에스윈드: 신규 거래일 없음 (휴장 또는 미정산)
2026-05-25 15:03:18 INFO Length mismatch: Expected axis has 0 elements, new values have 13 elements
2026-05-25 15:03:20 INFO Length mismatch: Expected axis has 0 elements, new values have 13 elements
2026-05-25 15:03:24 INFO Length mismatch: Expected axis has 0 elements, new values have 13 elements
2026-05-25 15:03:25 INFO Length mismatch: Expected axis has 0 elements, new values have 6 elements
2026-05-25 15:03:27 INFO Length mismatch: Expected axis has 0 elements, new values have 6 elements
2026-05-25 15:03:31 INFO Length mismatch: Expected axis has 0 elements, new values have 6 elements
2026-05-25 15:03:31 WARNING [001680] trader fetch 실패. 수급 0으로 채움.
2026-05-25 15:03:31 INFO [HOLIDAY] 001680 대상: 신규 거래일 없음 (휴장 또는 미정산)
2026-05-25 15:03:32 INFO Length mismatch: Expected axis has 0 elements, new values have 13 elements
2026-05-25 15:03:34 INFO Length mismatch: Expected axis has 0 elements, new values have 13 elements
2026-05-25 15:03:38 INFO Length mismatch: Expected axis has 0 elements, new values have 13 elements
2026-05-25 15:03:39 INFO Length mismatch: Expected axis has 0 elements, new values have 6 elements
2026-05-25 15:03:42 INFO Length mismatch: Expected axis has 0 elements, new values have 6 elements
2026-05-25 15:03:46 INFO Length mismatch: Expected axis has 0 elements, new values have 6 elements
2026-05-25 15:03:46 WARNING [047040] trader fetch 실패. 수급 0으로 채움.
2026-05-25 15:03:46 INFO [HOLIDAY] 047040 대우건설: 신규 거래일 없음 (휴장 또는 미정산)
2026-05-25 15:03:47 INFO Length mismatch: Expected axis has 0 elements, new values have 13 elements
2026-05-25 15:03:49 INFO Length mismatch: Expected axis has 0 elements, new values have 13 elements
2026-05-25 15:03:53 INFO Length mismatch: Expected axis has 0 elements, new values have 13 elements
2026-05-25 15:03:53 INFO Length mismatch: Expected axis has 0 elements, new values have 6 elements
2026-05-25 15:03:55 INFO Length mismatch: Expected axis has 0 elements, new values have 6 elements
2026-05-25 15:04:00 INFO Length mismatch: Expected axis has 0 elements, new values have 6 elements
2026-05-25 15:04:00 WARNING [003090] trader fetch 실패. 수급 0으로 채움.
2026-05-25 15:04:00 INFO [HOLIDAY] 003090 대웅: 신규 거래일 없음 (휴장 또는 미정산)
2026-05-25 15:04:00 INFO Length mismatch: Expected axis has 0 elements, new values have 13 elements
2026-05-25 15:04:03 INFO Length mismatch: Expected axis has 0 elements, new values have 13 elements
2026-05-25 15:04:07 INFO Length mismatch: Expected axis has 0 elements, new values have 13 elements
2026-05-25 15:04:07 INFO Length mismatch: Expected axis has 0 elements, new values have 6 elements
2026-05-25 15:04:09 INFO Length mismatch: Expected axis has 0 elements, new values have 6 elements
2026-05-25 15:04:13 INFO Length mismatch: Expected axis has 0 elements, new values have 6 elements
2026-05-25 15:04:13 WARNING [069620] trader fetch 실패. 수급 0으로 채움.
2026-05-25 15:04:13 INFO [HOLIDAY] 069620 대웅제약: 신규 거래일 없음 (휴장 또는 미정산)
2026-05-25 15:04:14 INFO Length mismatch: Expected axis has 0 elements, new values have 13 elements
2026-05-25 15:04:16 INFO Length mismatch: Expected axis has 0 elements, new values have 13 elements
2026-05-25 15:04:21 INFO Length mismatch: Expected axis has 0 elements, new values have 13 elements
2026-05-25 15:04:21 INFO Length mismatch: Expected axis has 0 elements, new values have 6 elements
2026-05-25 15:04:23 INFO Length mismatch: Expected axis has 0 elements, new values have 6 elements
2026-05-25 15:04:27 INFO Length mismatch: Expected axis has 0 elements, new values have 6 elements
2026-05-25 15:04:27 WARNING [005830] trader fetch 실패. 수급 0으로 채움.
2026-05-25 15:04:27 INFO [HOLIDAY] 005830 DB손해보험: 신규 거래일 없음 (휴장 또는 미정산)
2026-05-25 15:04:28 INFO Length mismatch: Expected axis has 0 elements, new values have 13 elements
2026-05-25 15:04:30 INFO Length mismatch: Expected axis has 0 elements, new values have 13 elements
2026-05-25 15:04:35 INFO Length mismatch: Expected axis has 0 elements, new values have 13 elements
2026-05-25 15:04:35 INFO Length mismatch: Expected axis has 0 elements, new values have 6 elements
2026-05-25 15:04:37 INFO Length mismatch: Expected axis has 0 elements, new values have 6 elements
2026-05-25 15:04:41 INFO Length mismatch: Expected axis has 0 elements, new values have 6 elements
2026-05-25 15:04:41 WARNING [000210] trader fetch 실패. 수급 0으로 채움.
2026-05-25 15:04:41 INFO [HOLIDAY] 000210 DL: 신규 거래일 없음 (휴장 또는 미정산)
2026-05-25 15:04:42 INFO Length mismatch: Expected axis has 0 elements, new values have 13 elements
2026-05-25 15:04:44 INFO Length mismatch: Expected axis has 0 elements, new values have 13 elements
2026-05-25 15:04:49 INFO Length mismatch: Expected axis has 0 elements, new values have 13 elements
2026-05-25 15:04:49 INFO Length mismatch: Expected axis has 0 elements, new values have 6 elements
2026-05-25 15:04:51 INFO Length mismatch: Expected axis has 0 elements, new values have 6 elements
2026-05-25 15:04:55 INFO Length mismatch: Expected axis has 0 elements, new values have 6 elements
2026-05-25 15:04:55 WARNING [375500] trader fetch 실패. 수급 0으로 채움.
2026-05-25 15:04:55 INFO [HOLIDAY] 375500 DL이앤씨: 신규 거래일 없음 (휴장 또는 미정산)
2026-05-25 15:04:56 INFO Length mismatch: Expected axis has 0 elements, new values have 13 elements
2026-05-25 15:04:58 INFO Length mismatch: Expected axis has 0 elements, new values have 13 elements
2026-05-25 15:05:03 INFO Length mismatch: Expected axis has 0 elements, new values have 13 elements
2026-05-25 15:05:03 INFO Length mismatch: Expected axis has 0 elements, new values have 6 elements
2026-05-25 15:05:05 INFO Length mismatch: Expected axis has 0 elements, new values have 6 elements
2026-05-25 15:05:09 INFO Length mismatch: Expected axis has 0 elements, new values have 6 elements
2026-05-25 15:05:09 WARNING [007340] trader fetch 실패. 수급 0으로 채움.
2026-05-25 15:05:09 INFO [HOLIDAY] 007340 DN오토모티브: 신규 거래일 없음 (휴장 또는 미정산)
2026-05-25 15:05:10 INFO Length mismatch: Expected axis has 0 elements, new values have 13 elements
2026-05-25 15:05:12 INFO Length mismatch: Expected axis has 0 elements, new values have 13 elements
2026-05-25 15:05:16 INFO Length mismatch: Expected axis has 0 elements, new values have 13 elements
2026-05-25 15:05:17 INFO Length mismatch: Expected axis has 0 elements, new values have 6 elements
2026-05-25 15:05:19 INFO Length mismatch: Expected axis has 0 elements, new values have 6 elements
2026-05-25 15:05:23 INFO Length mismatch: Expected axis has 0 elements, new values have 6 elements
2026-05-25 15:05:23 WARNING [026960] trader fetch 실패. 수급 0으로 채움.
2026-05-25 15:05:23 INFO [HOLIDAY] 026960 동서: 신규 거래일 없음 (휴장 또는 미정산)
2026-05-25 15:05:24 INFO Length mismatch: Expected axis has 0 elements, new values have 13 elements
2026-05-25 15:05:26 INFO Length mismatch: Expected axis has 0 elements, new values have 13 elements
2026-05-25 15:05:30 INFO Length mismatch: Expected axis has 0 elements, new values have 13 elements
2026-05-25 15:05:30 INFO Length mismatch: Expected axis has 0 elements, new values have 6 elements
2026-05-25 15:05:33 INFO Length mismatch: Expected axis has 0 elements, new values have 6 elements
2026-05-25 15:05:37 INFO Length mismatch: Expected axis has 0 elements, new values have 6 elements
2026-05-25 15:05:37 WARNING [006040] trader fetch 실패. 수급 0으로 채움.
2026-05-25 15:05:37 INFO [HOLIDAY] 006040 동원산업: 신규 거래일 없음 (휴장 또는 미정산)
2026-05-25 15:05:38 INFO Length mismatch: Expected axis has 0 elements, new values have 13 elements
2026-05-25 15:05:40 INFO Length mismatch: Expected axis has 0 elements, new values have 13 elements
2026-05-25 15:05:44 INFO Length mismatch: Expected axis has 0 elements, new values have 13 elements
2026-05-25 15:05:44 INFO Length mismatch: Expected axis has 0 elements, new values have 6 elements
2026-05-25 15:05:47 INFO Length mismatch: Expected axis has 0 elements, new values have 6 elements
2026-05-25 15:05:51 INFO Length mismatch: Expected axis has 0 elements, new values have 6 elements
2026-05-25 15:05:51 WARNING [014820] trader fetch 실패. 수급 0으로 채움.
2026-05-25 15:05:51 INFO [HOLIDAY] 014820 동원시스템즈: 신규 거래일 없음 (휴장 또는 미정산)
2026-05-25 15:05:52 INFO Length mismatch: Expected axis has 0 elements, new values have 13 elements
2026-05-25 15:05:54 INFO Length mismatch: Expected axis has 0 elements, new values have 13 elements
2026-05-25 15:05:58 INFO Length mismatch: Expected axis has 0 elements, new values have 13 elements
2026-05-25 15:05:58 INFO Length mismatch: Expected axis has 0 elements, new values have 6 elements
2026-05-25 15:06:00 INFO Length mismatch: Expected axis has 0 elements, new values have 6 elements
2026-05-25 15:06:05 INFO Length mismatch: Expected axis has 0 elements, new values have 6 elements
2026-05-25 15:06:05 WARNING [000150] trader fetch 실패. 수급 0으로 채움.
2026-05-25 15:06:05 INFO [HOLIDAY] 000150 두산: 신규 거래일 없음 (휴장 또는 미정산)
2026-05-25 15:06:05 INFO Length mismatch: Expected axis has 0 elements, new values have 13 elements
2026-05-25 15:06:08 INFO Length mismatch: Expected axis has 0 elements, new values have 13 elements
2026-05-25 15:06:12 INFO Length mismatch: Expected axis has 0 elements, new values have 13 elements
2026-05-25 15:06:12 INFO Length mismatch: Expected axis has 0 elements, new values have 6 elements
2026-05-25 15:06:14 INFO Length mismatch: Expected axis has 0 elements, new values have 6 elements
2026-05-25 15:06:18 INFO Length mismatch: Expected axis has 0 elements, new values have 6 elements
2026-05-25 15:06:18 WARNING [241560] trader fetch 실패. 수급 0으로 채움.
2026-05-25 15:06:18 INFO [HOLIDAY] 241560 두산밥캣: 신규 거래일 없음 (휴장 또는 미정산)
2026-05-25 15:06:19 INFO Length mismatch: Expected axis has 0 elements, new values have 13 elements
2026-05-25 15:06:21 INFO Length mismatch: Expected axis has 0 elements, new values have 13 elements
2026-05-25 15:06:26 INFO Length mismatch: Expected axis has 0 elements, new values have 13 elements
2026-05-25 15:06:26 INFO Length mismatch: Expected axis has 0 elements, new values have 6 elements
2026-05-25 15:06:28 INFO Length mismatch: Expected axis has 0 elements, new values have 6 elements
2026-05-25 15:06:32 INFO Length mismatch: Expected axis has 0 elements, new values have 6 elements
2026-05-25 15:06:32 WARNING [454910] trader fetch 실패. 수급 0으로 채움.
2026-05-25 15:06:32 INFO [HOLIDAY] 454910 두산로보틱스: 신규 거래일 없음 (휴장 또는 미정산)
2026-05-25 15:06:33 INFO Length mismatch: Expected axis has 0 elements, new values have 13 elements
2026-05-25 15:06:35 INFO Length mismatch: Expected axis has 0 elements, new values have 13 elements
2026-05-25 15:06:39 INFO Length mismatch: Expected axis has 0 elements, new values have 13 elements
2026-05-25 15:06:39 INFO Length mismatch: Expected axis has 0 elements, new values have 6 elements
2026-05-25 15:06:42 INFO Length mismatch: Expected axis has 0 elements, new values have 6 elements
2026-05-25 15:06:46 INFO Length mismatch: Expected axis has 0 elements, new values have 6 elements
2026-05-25 15:06:46 WARNING [192080] trader fetch 실패. 수급 0으로 채움.
2026-05-25 15:06:46 INFO [HOLIDAY] 192080 더블유게임즈: 신규 거래일 없음 (휴장 또는 미정산)
2026-05-25 15:06:47 INFO Length mismatch: Expected axis has 0 elements, new values have 13 elements
2026-05-25 15:06:49 INFO Length mismatch: Expected axis has 0 elements, new values have 13 elements
2026-05-25 15:06:53 INFO Length mismatch: Expected axis has 0 elements, new values have 13 elements
2026-05-25 15:06:53 INFO Length mismatch: Expected axis has 0 elements, new values have 6 elements
2026-05-25 15:06:56 INFO Length mismatch: Expected axis has 0 elements, new values have 6 elements
2026-05-25 15:07:00 INFO Length mismatch: Expected axis has 0 elements, new values have 6 elements
2026-05-25 15:07:00 WARNING [450080] trader fetch 실패. 수급 0으로 채움.
2026-05-25 15:07:00 INFO [HOLIDAY] 450080 에코프로머티: 신규 거래일 없음 (휴장 또는 미정산)
2026-05-25 15:07:01 INFO Length mismatch: Expected axis has 0 elements, new values have 13 elements
2026-05-25 15:07:03 INFO Length mismatch: Expected axis has 0 elements, new values have 13 elements
2026-05-25 15:07:07 INFO Length mismatch: Expected axis has 0 elements, new values have 13 elements
2026-05-25 15:07:07 INFO Length mismatch: Expected axis has 0 elements, new values have 6 elements
2026-05-25 15:07:09 INFO Length mismatch: Expected axis has 0 elements, new values have 6 elements
2026-05-25 15:07:14 INFO Length mismatch: Expected axis has 0 elements, new values have 6 elements
2026-05-25 15:07:14 WARNING [139480] trader fetch 실패. 수급 0으로 채움.
2026-05-25 15:07:14 INFO [HOLIDAY] 139480 이마트: 신규 거래일 없음 (휴장 또는 미정산)
2026-05-25 15:07:15 INFO Length mismatch: Expected axis has 0 elements, new values have 13 elements
2026-05-25 15:07:17 INFO Length mismatch: Expected axis has 0 elements, new values have 13 elements
2026-05-25 15:07:21 INFO Length mismatch: Expected axis has 0 elements, new values have 13 elements
2026-05-25 15:07:21 INFO Length mismatch: Expected axis has 0 elements, new values have 6 elements
2026-05-25 15:07:24 INFO Length mismatch: Expected axis has 0 elements, new values have 6 elements
2026-05-25 15:07:28 INFO Length mismatch: Expected axis has 0 elements, new values have 6 elements
2026-05-25 15:07:28 WARNING [383220] trader fetch 실패. 수급 0으로 채움.
2026-05-25 15:07:28 INFO [HOLIDAY] 383220 F&F: 신규 거래일 없음 (휴장 또는 미정산)
2026-05-25 15:07:29 INFO Length mismatch: Expected axis has 0 elements, new values have 13 elements
2026-05-25 15:07:31 INFO Length mismatch: Expected axis has 0 elements, new values have 13 elements
2026-05-25 15:07:35 INFO Length mismatch: Expected axis has 0 elements, new values have 13 elements
2026-05-25 15:07:35 INFO Length mismatch: Expected axis has 0 elements, new values have 6 elements
2026-05-25 15:07:37 INFO Length mismatch: Expected axis has 0 elements, new values have 6 elements
2026-05-25 15:07:42 INFO Length mismatch: Expected axis has 0 elements, new values have 6 elements
2026-05-25 15:07:42 WARNING [093370] trader fetch 실패. 수급 0으로 채움.
2026-05-25 15:07:42 INFO [HOLIDAY] 093370 후성: 신규 거래일 없음 (휴장 또는 미정산)
2026-05-25 15:07:42 INFO Length mismatch: Expected axis has 0 elements, new values have 13 elements
2026-05-25 15:07:45 INFO Length mismatch: Expected axis has 0 elements, new values have 13 elements
2026-05-25 15:07:49 INFO Length mismatch: Expected axis has 0 elements, new values have 13 elements
2026-05-25 15:07:49 INFO Length mismatch: Expected axis has 0 elements, new values have 6 elements
2026-05-25 15:07:51 INFO Length mismatch: Expected axis has 0 elements, new values have 6 elements
2026-05-25 15:07:55 INFO Length mismatch: Expected axis has 0 elements, new values have 6 elements
2026-05-25 15:07:55 WARNING [114090] trader fetch 실패. 수급 0으로 채움.
2026-05-25 15:07:55 INFO [HOLIDAY] 114090 GKL: 신규 거래일 없음 (휴장 또는 미정산)
2026-05-25 15:07:56 INFO Length mismatch: Expected axis has 0 elements, new values have 13 elements
2026-05-25 15:07:59 INFO Length mismatch: Expected axis has 0 elements, new values have 13 elements
2026-05-25 15:08:03 INFO Length mismatch: Expected axis has 0 elements, new values have 13 elements
2026-05-25 15:08:03 INFO Length mismatch: Expected axis has 0 elements, new values have 6 elements
2026-05-25 15:08:05 INFO Length mismatch: Expected axis has 0 elements, new values have 6 elements
2026-05-25 15:08:09 INFO Length mismatch: Expected axis has 0 elements, new values have 6 elements
2026-05-25 15:08:09 WARNING [006280] trader fetch 실패. 수급 0으로 채움.
2026-05-25 15:08:09 INFO [HOLIDAY] 006280 GC녹십자: 신규 거래일 없음 (휴장 또는 미정산)
2026-05-25 15:08:10 INFO Length mismatch: Expected axis has 0 elements, new values have 13 elements
2026-05-25 15:08:12 INFO Length mismatch: Expected axis has 0 elements, new values have 13 elements
2026-05-25 15:08:17 INFO Length mismatch: Expected axis has 0 elements, new values have 13 elements
2026-05-25 15:08:17 INFO Length mismatch: Expected axis has 0 elements, new values have 6 elements
2026-05-25 15:08:19 INFO Length mismatch: Expected axis has 0 elements, new values have 6 elements
2026-05-25 15:08:23 INFO Length mismatch: Expected axis has 0 elements, new values have 6 elements
2026-05-25 15:08:23 WARNING [005250] trader fetch 실패. 수급 0으로 채움.
2026-05-25 15:08:23 INFO [HOLIDAY] 005250 녹십자홀딩스: 신규 거래일 없음 (휴장 또는 미정산)
2026-05-25 15:08:24 INFO Length mismatch: Expected axis has 0 elements, new values have 13 elements
2026-05-25 15:08:26 INFO Length mismatch: Expected axis has 0 elements, new values have 13 elements
2026-05-25 15:08:31 INFO Length mismatch: Expected axis has 0 elements, new values have 13 elements
2026-05-25 15:08:31 INFO Length mismatch: Expected axis has 0 elements, new values have 6 elements
2026-05-25 15:08:33 INFO Length mismatch: Expected axis has 0 elements, new values have 6 elements
2026-05-25 15:08:37 INFO Length mismatch: Expected axis has 0 elements, new values have 6 elements
2026-05-25 15:08:37 WARNING [078930] trader fetch 실패. 수급 0으로 채움.
2026-05-25 15:08:37 INFO [HOLIDAY] 078930 GS: 신규 거래일 없음 (휴장 또는 미정산)
2026-05-25 15:08:38 INFO Length mismatch: Expected axis has 0 elements, new values have 13 elements
2026-05-25 15:08:40 INFO Length mismatch: Expected axis has 0 elements, new values have 13 elements
2026-05-25 15:08:44 INFO Length mismatch: Expected axis has 0 elements, new values have 13 elements
2026-05-25 15:08:45 INFO Length mismatch: Expected axis has 0 elements, new values have 6 elements
2026-05-25 15:08:47 INFO Length mismatch: Expected axis has 0 elements, new values have 6 elements
2026-05-25 15:08:51 INFO Length mismatch: Expected axis has 0 elements, new values have 6 elements
2026-05-25 15:08:51 WARNING [006360] trader fetch 실패. 수급 0으로 채움.
2026-05-25 15:08:51 INFO [HOLIDAY] 006360 GS건설: 신규 거래일 없음 (휴장 또는 미정산)
2026-05-25 15:08:52 INFO Length mismatch: Expected axis has 0 elements, new values have 13 elements
2026-05-25 15:08:54 INFO Length mismatch: Expected axis has 0 elements, new values have 13 elements
2026-05-25 15:08:58 INFO Length mismatch: Expected axis has 0 elements, new values have 13 elements
2026-05-25 15:08:59 INFO Length mismatch: Expected axis has 0 elements, new values have 6 elements
2026-05-25 15:09:01 INFO Length mismatch: Expected axis has 0 elements, new values have 6 elements
2026-05-25 15:09:05 INFO Length mismatch: Expected axis has 0 elements, new values have 6 elements
2026-05-25 15:09:05 WARNING [007070] trader fetch 실패. 수급 0으로 채움.
2026-05-25 15:09:05 INFO [HOLIDAY] 007070 GS리테일: 신규 거래일 없음 (휴장 또는 미정산)
2026-05-25 15:09:06 INFO Length mismatch: Expected axis has 0 elements, new values have 13 elements
2026-05-25 15:09:08 INFO Length mismatch: Expected axis has 0 elements, new values have 13 elements
2026-05-25 15:09:12 INFO Length mismatch: Expected axis has 0 elements, new values have 13 elements
2026-05-25 15:09:13 INFO Length mismatch: Expected axis has 0 elements, new values have 6 elements
2026-05-25 15:09:15 INFO Length mismatch: Expected axis has 0 elements, new values have 6 elements
2026-05-25 15:09:19 INFO Length mismatch: Expected axis has 0 elements, new values have 6 elements
2026-05-25 15:09:19 WARNING [086790] trader fetch 실패. 수급 0으로 채움.
2026-05-25 15:09:19 INFO [HOLIDAY] 086790 하나금융지주: 신규 거래일 없음 (휴장 또는 미정산)
2026-05-25 15:09:20 INFO Length mismatch: Expected axis has 0 elements, new values have 13 elements
2026-05-25 15:09:22 INFO Length mismatch: Expected axis has 0 elements, new values have 13 elements
2026-05-25 15:09:26 INFO Length mismatch: Expected axis has 0 elements, new values have 13 elements
2026-05-25 15:09:26 INFO Length mismatch: Expected axis has 0 elements, new values have 6 elements
2026-05-25 15:09:29 INFO Length mismatch: Expected axis has 0 elements, new values have 6 elements
2026-05-25 15:09:33 INFO Length mismatch: Expected axis has 0 elements, new values have 6 elements
2026-05-25 15:09:33 WARNING [009420] trader fetch 실패. 수급 0으로 채움.
2026-05-25 15:09:33 INFO [HOLIDAY] 009420 한올바이오파마: 신규 거래일 없음 (휴장 또는 미정산)
2026-05-25 15:09:34 INFO Length mismatch: Expected axis has 0 elements, new values have 13 elements
2026-05-25 15:09:36 INFO Length mismatch: Expected axis has 0 elements, new values have 13 elements
2026-05-25 15:09:40 INFO Length mismatch: Expected axis has 0 elements, new values have 13 elements
2026-05-25 15:09:40 INFO Length mismatch: Expected axis has 0 elements, new values have 6 elements
2026-05-25 15:09:43 INFO Length mismatch: Expected axis has 0 elements, new values have 6 elements
2026-05-25 15:09:47 INFO Length mismatch: Expected axis has 0 elements, new values have 6 elements
2026-05-25 15:09:47 WARNING [300720] trader fetch 실패. 수급 0으로 채움.
2026-05-25 15:09:47 INFO [HOLIDAY] 300720 한일시멘트: 신규 거래일 없음 (휴장 또는 미정산)
2026-05-25 15:09:48 INFO Length mismatch: Expected axis has 0 elements, new values have 13 elements
2026-05-25 15:09:50 INFO Length mismatch: Expected axis has 0 elements, new values have 13 elements
2026-05-25 15:09:54 INFO Length mismatch: Expected axis has 0 elements, new values have 13 elements
2026-05-25 15:09:54 INFO Length mismatch: Expected axis has 0 elements, new values have 6 elements
2026-05-25 15:09:56 INFO Length mismatch: Expected axis has 0 elements, new values have 6 elements
2026-05-25 15:10:01 INFO Length mismatch: Expected axis has 0 elements, new values have 6 elements
2026-05-25 15:10:01 WARNING [180640] trader fetch 실패. 수급 0으로 채움.
2026-05-25 15:10:01 INFO [HOLIDAY] 180640 한진칼: 신규 거래일 없음 (휴장 또는 미정산)
2026-05-25 15:10:01 INFO Length mismatch: Expected axis has 0 elements, new values have 13 elements
2026-05-25 15:10:04 INFO Length mismatch: Expected axis has 0 elements, new values have 13 elements
2026-05-25 15:10:08 INFO Length mismatch: Expected axis has 0 elements, new values have 13 elements
2026-05-25 15:10:08 INFO Length mismatch: Expected axis has 0 elements, new values have 6 elements
2026-05-25 15:10:10 INFO Length mismatch: Expected axis has 0 elements, new values have 6 elements
2026-05-25 15:10:14 INFO Length mismatch: Expected axis has 0 elements, new values have 6 elements
2026-05-25 15:10:14 WARNING [161390] trader fetch 실패. 수급 0으로 채움.
2026-05-25 15:10:14 INFO [HOLIDAY] 161390 한국타이어앤테크놀로지: 신규 거래일 없음 (휴장 또는 미정산)
2026-05-25 15:10:15 INFO Length mismatch: Expected axis has 0 elements, new values have 13 elements
2026-05-25 15:10:17 INFO Length mismatch: Expected axis has 0 elements, new values have 13 elements
2026-05-25 15:10:22 INFO Length mismatch: Expected axis has 0 elements, new values have 13 elements
2026-05-25 15:10:22 INFO Length mismatch: Expected axis has 0 elements, new values have 6 elements
2026-05-25 15:10:24 INFO Length mismatch: Expected axis has 0 elements, new values have 6 elements
2026-05-25 15:10:28 INFO Length mismatch: Expected axis has 0 elements, new values have 6 elements
2026-05-25 15:10:28 WARNING [000240] trader fetch 실패. 수급 0으로 채움.
2026-05-25 15:10:28 INFO [HOLIDAY] 000240 한국앤컴퍼니: 신규 거래일 없음 (휴장 또는 미정산)
2026-05-25 15:10:29 INFO Length mismatch: Expected axis has 0 elements, new values have 13 elements
2026-05-25 15:10:31 INFO Length mismatch: Expected axis has 0 elements, new values have 13 elements
2026-05-25 15:10:36 INFO Length mismatch: Expected axis has 0 elements, new values have 13 elements
2026-05-25 15:10:36 INFO Length mismatch: Expected axis has 0 elements, new values have 6 elements
2026-05-25 15:10:38 INFO Length mismatch: Expected axis has 0 elements, new values have 6 elements
2026-05-25 15:10:42 INFO Length mismatch: Expected axis has 0 elements, new values have 6 elements
2026-05-25 15:10:42 WARNING [128940] trader fetch 실패. 수급 0으로 채움.
2026-05-25 15:10:42 INFO [HOLIDAY] 128940 한미약품: 신규 거래일 없음 (휴장 또는 미정산)
2026-05-25 15:10:43 INFO Length mismatch: Expected axis has 0 elements, new values have 13 elements
2026-05-25 15:10:45 INFO Length mismatch: Expected axis has 0 elements, new values have 13 elements
2026-05-25 15:10:49 INFO Length mismatch: Expected axis has 0 elements, new values have 13 elements
2026-05-25 15:10:50 INFO Length mismatch: Expected axis has 0 elements, new values have 6 elements
2026-05-25 15:10:52 INFO Length mismatch: Expected axis has 0 elements, new values have 6 elements
2026-05-25 15:10:56 INFO Length mismatch: Expected axis has 0 elements, new values have 6 elements
2026-05-25 15:10:56 WARNING [008930] trader fetch 실패. 수급 0으로 채움.
2026-05-25 15:10:56 INFO [HOLIDAY] 008930 한미사이언스: 신규 거래일 없음 (휴장 또는 미정산)
2026-05-25 15:10:57 INFO Length mismatch: Expected axis has 0 elements, new values have 13 elements
2026-05-25 15:10:59 INFO Length mismatch: Expected axis has 0 elements, new values have 13 elements
2026-05-25 15:11:03 INFO Length mismatch: Expected axis has 0 elements, new values have 13 elements
2026-05-25 15:11:03 INFO Length mismatch: Expected axis has 0 elements, new values have 6 elements
2026-05-25 15:11:06 INFO Length mismatch: Expected axis has 0 elements, new values have 6 elements
2026-05-25 15:11:10 INFO Length mismatch: Expected axis has 0 elements, new values have 6 elements
2026-05-25 15:11:10 WARNING [018880] trader fetch 실패. 수급 0으로 채움.
2026-05-25 15:11:10 INFO [HOLIDAY] 018880 한온시스템: 신규 거래일 없음 (휴장 또는 미정산)
2026-05-25 15:11:11 INFO Length mismatch: Expected axis has 0 elements, new values have 13 elements
2026-05-25 15:11:13 INFO Length mismatch: Expected axis has 0 elements, new values have 13 elements
2026-05-25 15:11:17 INFO Length mismatch: Expected axis has 0 elements, new values have 13 elements
2026-05-25 15:11:17 INFO Length mismatch: Expected axis has 0 elements, new values have 6 elements
2026-05-25 15:11:19 INFO Length mismatch: Expected axis has 0 elements, new values have 6 elements
2026-05-25 15:11:24 INFO Length mismatch: Expected axis has 0 elements, new values have 6 elements
2026-05-25 15:11:24 WARNING [014680] trader fetch 실패. 수급 0으로 채움.
2026-05-25 15:11:24 INFO [HOLIDAY] 014680 한솔케미칼: 신규 거래일 없음 (휴장 또는 미정산)
2026-05-25 15:11:24 INFO Length mismatch: Expected axis has 0 elements, new values have 13 elements
2026-05-25 15:11:27 INFO Length mismatch: Expected axis has 0 elements, new values have 13 elements
2026-05-25 15:11:31 INFO Length mismatch: Expected axis has 0 elements, new values have 13 elements
2026-05-25 15:11:31 INFO Length mismatch: Expected axis has 0 elements, new values have 6 elements
2026-05-25 15:11:33 INFO Length mismatch: Expected axis has 0 elements, new values have 6 elements
2026-05-25 15:11:37 INFO Length mismatch: Expected axis has 0 elements, new values have 6 elements
2026-05-25 15:11:37 WARNING [009240] trader fetch 실패. 수급 0으로 채움.
2026-05-25 15:11:37 INFO [HOLIDAY] 009240 한샘: 신규 거래일 없음 (휴장 또는 미정산)
2026-05-25 15:11:38 INFO Length mismatch: Expected axis has 0 elements, new values have 13 elements
2026-05-25 15:11:41 INFO Length mismatch: Expected axis has 0 elements, new values have 13 elements
2026-05-25 15:11:45 INFO Length mismatch: Expected axis has 0 elements, new values have 13 elements
2026-05-25 15:11:45 INFO Length mismatch: Expected axis has 0 elements, new values have 6 elements
2026-05-25 15:11:47 INFO Length mismatch: Expected axis has 0 elements, new values have 6 elements
2026-05-25 15:11:51 INFO Length mismatch: Expected axis has 0 elements, new values have 6 elements
2026-05-25 15:11:51 WARNING [082740] trader fetch 실패. 수급 0으로 채움.
2026-05-25 15:11:51 INFO [HOLIDAY] 082740 한화엔진: 신규 거래일 없음 (휴장 또는 미정산)
2026-05-25 15:11:52 INFO Length mismatch: Expected axis has 0 elements, new values have 13 elements
2026-05-25 15:11:54 INFO Length mismatch: Expected axis has 0 elements, new values have 13 elements
2026-05-25 15:11:59 INFO Length mismatch: Expected axis has 0 elements, new values have 13 elements
2026-05-25 15:11:59 INFO Length mismatch: Expected axis has 0 elements, new values have 6 elements
2026-05-25 15:12:01 INFO Length mismatch: Expected axis has 0 elements, new values have 6 elements
2026-05-25 15:12:05 INFO Length mismatch: Expected axis has 0 elements, new values have 6 elements
2026-05-25 15:12:05 WARNING [088350] trader fetch 실패. 수급 0으로 채움.
2026-05-25 15:12:05 INFO [HOLIDAY] 088350 한화생명: 신규 거래일 없음 (휴장 또는 미정산)
2026-05-25 15:12:06 INFO Length mismatch: Expected axis has 0 elements, new values have 13 elements
2026-05-25 15:12:08 INFO Length mismatch: Expected axis has 0 elements, new values have 13 elements
2026-05-25 15:12:12 INFO Length mismatch: Expected axis has 0 elements, new values have 13 elements
2026-05-25 15:12:12 INFO Length mismatch: Expected axis has 0 elements, new values have 6 elements
2026-05-25 15:12:15 INFO Length mismatch: Expected axis has 0 elements, new values have 6 elements
2026-05-25 15:12:19 INFO Length mismatch: Expected axis has 0 elements, new values have 6 elements
2026-05-25 15:12:19 WARNING [009830] trader fetch 실패. 수급 0으로 채움.
2026-05-25 15:12:19 INFO [HOLIDAY] 009830 한화솔루션: 신규 거래일 없음 (휴장 또는 미정산)
2026-05-25 15:12:20 INFO Length mismatch: Expected axis has 0 elements, new values have 13 elements
2026-05-25 15:12:22 INFO Length mismatch: Expected axis has 0 elements, new values have 13 elements
2026-05-25 15:12:26 INFO Length mismatch: Expected axis has 0 elements, new values have 13 elements
2026-05-25 15:12:26 INFO Length mismatch: Expected axis has 0 elements, new values have 6 elements
2026-05-25 15:12:28 INFO Length mismatch: Expected axis has 0 elements, new values have 6 elements
2026-05-25 15:12:33 INFO Length mismatch: Expected axis has 0 elements, new values have 6 elements
2026-05-25 15:12:33 WARNING [267250] trader fetch 실패. 수급 0으로 채움.
2026-05-25 15:12:33 INFO [HOLIDAY] 267250 HD현대: 신규 거래일 없음 (휴장 또는 미정산)
2026-05-25 15:12:33 INFO Length mismatch: Expected axis has 0 elements, new values have 13 elements
2026-05-25 15:12:36 INFO Length mismatch: Expected axis has 0 elements, new values have 13 elements
2026-05-25 15:12:40 INFO Length mismatch: Expected axis has 0 elements, new values have 13 elements
2026-05-25 15:12:40 INFO Length mismatch: Expected axis has 0 elements, new values have 6 elements
2026-05-25 15:12:42 INFO Length mismatch: Expected axis has 0 elements, new values have 6 elements
2026-05-25 15:12:46 INFO Length mismatch: Expected axis has 0 elements, new values have 6 elements
2026-05-25 15:12:46 WARNING [329180] trader fetch 실패. 수급 0으로 채움.
2026-05-25 15:12:46 INFO [HOLIDAY] 329180 HD현대중공업: 신규 거래일 없음 (휴장 또는 미정산)
2026-05-25 15:12:47 INFO Length mismatch: Expected axis has 0 elements, new values have 13 elements
2026-05-25 15:12:49 INFO Length mismatch: Expected axis has 0 elements, new values have 13 elements
2026-05-25 15:12:54 INFO Length mismatch: Expected axis has 0 elements, new values have 13 elements
2026-05-25 15:12:54 INFO Length mismatch: Expected axis has 0 elements, new values have 6 elements
2026-05-25 15:12:56 INFO Length mismatch: Expected axis has 0 elements, new values have 6 elements
2026-05-25 15:13:00 INFO Length mismatch: Expected axis has 0 elements, new values have 6 elements
2026-05-25 15:13:00 WARNING [071970] trader fetch 실패. 수급 0으로 채움.
2026-05-25 15:13:00 INFO [HOLIDAY] 071970 HD현대마린엔진: 신규 거래일 없음 (휴장 또는 미정산)
2026-05-25 15:13:01 INFO Length mismatch: Expected axis has 0 elements, new values have 13 elements
2026-05-25 15:13:03 INFO Length mismatch: Expected axis has 0 elements, new values have 13 elements
2026-05-25 15:13:07 INFO Length mismatch: Expected axis has 0 elements, new values have 13 elements
2026-05-25 15:13:08 INFO Length mismatch: Expected axis has 0 elements, new values have 6 elements
2026-05-25 15:13:10 INFO Length mismatch: Expected axis has 0 elements, new values have 6 elements
2026-05-25 15:13:14 INFO Length mismatch: Expected axis has 0 elements, new values have 6 elements
2026-05-25 15:13:14 WARNING [443060] trader fetch 실패. 수급 0으로 채움.
2026-05-25 15:13:14 INFO [HOLIDAY] 443060 HD현대마린솔루션: 신규 거래일 없음 (휴장 또는 미정산)
2026-05-25 15:13:15 INFO Length mismatch: Expected axis has 0 elements, new values have 13 elements
2026-05-25 15:13:17 INFO Length mismatch: Expected axis has 0 elements, new values have 13 elements
2026-05-25 15:13:21 INFO Length mismatch: Expected axis has 0 elements, new values have 13 elements
2026-05-25 15:13:21 INFO Length mismatch: Expected axis has 0 elements, new values have 6 elements
2026-05-25 15:13:24 INFO Length mismatch: Expected axis has 0 elements, new values have 6 elements
2026-05-25 15:13:28 INFO Length mismatch: Expected axis has 0 elements, new values have 6 elements
2026-05-25 15:13:28 WARNING [009540] trader fetch 실패. 수급 0으로 채움.
2026-05-25 15:13:28 INFO [HOLIDAY] 009540 HD한국조선해양: 신규 거래일 없음 (휴장 또는 미정산)
2026-05-25 15:13:29 INFO Length mismatch: Expected axis has 0 elements, new values have 13 elements
2026-05-25 15:13:31 INFO Length mismatch: Expected axis has 0 elements, new values have 13 elements
2026-05-25 15:13:35 INFO Length mismatch: Expected axis has 0 elements, new values have 13 elements
2026-05-25 15:13:35 INFO Length mismatch: Expected axis has 0 elements, new values have 6 elements
2026-05-25 15:13:37 INFO Length mismatch: Expected axis has 0 elements, new values have 6 elements
2026-05-25 15:13:42 INFO Length mismatch: Expected axis has 0 elements, new values have 6 elements
2026-05-25 15:13:42 WARNING [017960] trader fetch 실패. 수급 0으로 채움.
2026-05-25 15:13:42 INFO [HOLIDAY] 017960 한국카본: 신규 거래일 없음 (휴장 또는 미정산)
2026-05-25 15:13:42 INFO Length mismatch: Expected axis has 0 elements, new values have 13 elements
2026-05-25 15:13:45 INFO Length mismatch: Expected axis has 0 elements, new values have 13 elements
2026-05-25 15:13:49 INFO Length mismatch: Expected axis has 0 elements, new values have 13 elements
2026-05-25 15:13:49 INFO Length mismatch: Expected axis has 0 elements, new values have 6 elements
2026-05-25 15:13:51 INFO Length mismatch: Expected axis has 0 elements, new values have 6 elements
2026-05-25 15:13:55 INFO Length mismatch: Expected axis has 0 elements, new values have 6 elements
2026-05-25 15:13:55 WARNING [000080] trader fetch 실패. 수급 0으로 채움.
2026-05-25 15:13:55 INFO [HOLIDAY] 000080 하이트진로: 신규 거래일 없음 (휴장 또는 미정산)
2026-05-25 15:13:56 INFO Length mismatch: Expected axis has 0 elements, new values have 13 elements
2026-05-25 15:13:59 INFO Length mismatch: Expected axis has 0 elements, new values have 13 elements
2026-05-25 15:14:03 INFO Length mismatch: Expected axis has 0 elements, new values have 13 elements
2026-05-25 15:14:03 INFO Length mismatch: Expected axis has 0 elements, new values have 6 elements
2026-05-25 15:14:05 INFO Length mismatch: Expected axis has 0 elements, new values have 6 elements
2026-05-25 15:14:10 INFO Length mismatch: Expected axis has 0 elements, new values have 6 elements
2026-05-25 15:14:10 WARNING [204320] trader fetch 실패. 수급 0으로 채움.
2026-05-25 15:14:10 INFO [HOLIDAY] 204320 HL만도: 신규 거래일 없음 (휴장 또는 미정산)
2026-05-25 15:14:10 INFO Length mismatch: Expected axis has 0 elements, new values have 13 elements
2026-05-25 15:14:13 INFO Length mismatch: Expected axis has 0 elements, new values have 13 elements
2026-05-25 15:14:17 INFO Length mismatch: Expected axis has 0 elements, new values have 13 elements
2026-05-25 15:14:17 INFO Length mismatch: Expected axis has 0 elements, new values have 6 elements
2026-05-25 15:14:19 INFO Length mismatch: Expected axis has 0 elements, new values have 6 elements
2026-05-25 15:14:23 INFO Length mismatch: Expected axis has 0 elements, new values have 6 elements
2026-05-25 15:14:23 WARNING [011200] trader fetch 실패. 수급 0으로 채움.
2026-05-25 15:14:23 INFO [HOLIDAY] 011200 HMM: 신규 거래일 없음 (휴장 또는 미정산)
2026-05-25 15:14:24 INFO Length mismatch: Expected axis has 0 elements, new values have 13 elements
2026-05-25 15:14:26 INFO Length mismatch: Expected axis has 0 elements, new values have 13 elements
2026-05-25 15:14:31 INFO Length mismatch: Expected axis has 0 elements, new values have 13 elements
2026-05-25 15:14:31 INFO Length mismatch: Expected axis has 0 elements, new values have 6 elements
2026-05-25 15:14:33 INFO Length mismatch: Expected axis has 0 elements, new values have 6 elements
2026-05-25 15:14:37 INFO Length mismatch: Expected axis has 0 elements, new values have 6 elements
2026-05-25 15:14:37 WARNING [008770] trader fetch 실패. 수급 0으로 채움.
2026-05-25 15:14:37 INFO [HOLIDAY] 008770 호텔신라: 신규 거래일 없음 (휴장 또는 미정산)
2026-05-25 15:14:38 INFO Length mismatch: Expected axis has 0 elements, new values have 13 elements
2026-05-25 15:14:40 INFO Length mismatch: Expected axis has 0 elements, new values have 13 elements
2026-05-25 15:14:45 INFO Length mismatch: Expected axis has 0 elements, new values have 13 elements
2026-05-25 15:14:45 INFO Length mismatch: Expected axis has 0 elements, new values have 6 elements
2026-05-25 15:14:47 INFO Length mismatch: Expected axis has 0 elements, new values have 6 elements
2026-05-25 15:14:51 INFO Length mismatch: Expected axis has 0 elements, new values have 6 elements
2026-05-25 15:14:51 WARNING [298050] trader fetch 실패. 수급 0으로 채움.
2026-05-25 15:14:51 INFO [HOLIDAY] 298050 효성첨단소재: 신규 거래일 없음 (휴장 또는 미정산)
2026-05-25 15:14:52 INFO Length mismatch: Expected axis has 0 elements, new values have 13 elements
2026-05-25 15:14:54 INFO Length mismatch: Expected axis has 0 elements, new values have 13 elements
2026-05-25 15:14:58 INFO Length mismatch: Expected axis has 0 elements, new values have 13 elements
2026-05-25 15:14:58 INFO Length mismatch: Expected axis has 0 elements, new values have 6 elements
2026-05-25 15:15:01 INFO Length mismatch: Expected axis has 0 elements, new values have 6 elements
2026-05-25 15:15:05 INFO Length mismatch: Expected axis has 0 elements, new values have 6 elements
2026-05-25 15:15:05 WARNING [352820] trader fetch 실패. 수급 0으로 채움.
2026-05-25 15:15:05 INFO [HOLIDAY] 352820 하이브: 신규 거래일 없음 (휴장 또는 미정산)
2026-05-25 15:15:06 INFO Length mismatch: Expected axis has 0 elements, new values have 13 elements
2026-05-25 15:15:08 INFO Length mismatch: Expected axis has 0 elements, new values have 13 elements
2026-05-25 15:15:12 INFO Length mismatch: Expected axis has 0 elements, new values have 13 elements
2026-05-25 15:15:12 INFO Length mismatch: Expected axis has 0 elements, new values have 6 elements
2026-05-25 15:15:14 INFO Length mismatch: Expected axis has 0 elements, new values have 6 elements
2026-05-25 15:15:19 INFO Length mismatch: Expected axis has 0 elements, new values have 6 elements
2026-05-25 15:15:19 WARNING [298040] trader fetch 실패. 수급 0으로 채움.
2026-05-25 15:15:19 INFO [HOLIDAY] 298040 효성중공업: 신규 거래일 없음 (휴장 또는 미정산)
2026-05-25 15:15:19 INFO Length mismatch: Expected axis has 0 elements, new values have 13 elements
2026-05-25 15:15:22 INFO Length mismatch: Expected axis has 0 elements, new values have 13 elements
2026-05-25 15:15:26 INFO Length mismatch: Expected axis has 0 elements, new values have 13 elements
2026-05-25 15:15:26 INFO Length mismatch: Expected axis has 0 elements, new values have 6 elements
2026-05-25 15:15:28 INFO Length mismatch: Expected axis has 0 elements, new values have 6 elements
2026-05-25 15:15:32 INFO Length mismatch: Expected axis has 0 elements, new values have 6 elements
2026-05-25 15:15:32 WARNING [298020] trader fetch 실패. 수급 0으로 채움.
2026-05-25 15:15:32 INFO [HOLIDAY] 298020 효성티앤씨: 신규 거래일 없음 (휴장 또는 미정산)
2026-05-25 15:15:33 INFO Length mismatch: Expected axis has 0 elements, new values have 13 elements
2026-05-25 15:15:35 INFO Length mismatch: Expected axis has 0 elements, new values have 13 elements
2026-05-25 15:15:40 INFO Length mismatch: Expected axis has 0 elements, new values have 13 elements
2026-05-25 15:15:40 INFO Length mismatch: Expected axis has 0 elements, new values have 6 elements
2026-05-25 15:15:42 INFO Length mismatch: Expected axis has 0 elements, new values have 6 elements
2026-05-25 15:15:46 INFO Length mismatch: Expected axis has 0 elements, new values have 6 elements
2026-05-25 15:15:46 WARNING [307950] trader fetch 실패. 수급 0으로 채움.
2026-05-25 15:15:46 INFO [HOLIDAY] 307950 현대오토에버: 신규 거래일 없음 (휴장 또는 미정산)
2026-05-25 15:15:47 INFO Length mismatch: Expected axis has 0 elements, new values have 13 elements
2026-05-25 15:15:49 INFO Length mismatch: Expected axis has 0 elements, new values have 13 elements
2026-05-25 15:15:54 INFO Length mismatch: Expected axis has 0 elements, new values have 13 elements
2026-05-25 15:15:54 INFO Length mismatch: Expected axis has 0 elements, new values have 6 elements
2026-05-25 15:15:56 INFO Length mismatch: Expected axis has 0 elements, new values have 6 elements
2026-05-25 15:16:00 INFO Length mismatch: Expected axis has 0 elements, new values have 6 elements
2026-05-25 15:16:00 WARNING [069960] trader fetch 실패. 수급 0으로 채움.
2026-05-25 15:16:00 INFO [HOLIDAY] 069960 현대백화점: 신규 거래일 없음 (휴장 또는 미정산)
2026-05-25 15:16:01 INFO Length mismatch: Expected axis has 0 elements, new values have 13 elements
2026-05-25 15:16:03 INFO Length mismatch: Expected axis has 0 elements, new values have 13 elements
2026-05-25 15:16:07 INFO Length mismatch: Expected axis has 0 elements, new values have 13 elements
2026-05-25 15:16:08 INFO Length mismatch: Expected axis has 0 elements, new values have 6 elements
2026-05-25 15:16:10 INFO Length mismatch: Expected axis has 0 elements, new values have 6 elements
2026-05-25 15:16:14 INFO Length mismatch: Expected axis has 0 elements, new values have 6 elements
2026-05-25 15:16:14 WARNING [000720] trader fetch 실패. 수급 0으로 채움.
2026-05-25 15:16:14 INFO [HOLIDAY] 000720 현대건설: 신규 거래일 없음 (휴장 또는 미정산)
2026-05-25 15:16:15 INFO Length mismatch: Expected axis has 0 elements, new values have 13 elements
2026-05-25 15:16:17 INFO Length mismatch: Expected axis has 0 elements, new values have 13 elements
2026-05-25 15:16:21 INFO Length mismatch: Expected axis has 0 elements, new values have 13 elements
2026-05-25 15:16:21 INFO Length mismatch: Expected axis has 0 elements, new values have 6 elements
2026-05-25 15:16:24 INFO Length mismatch: Expected axis has 0 elements, new values have 6 elements
2026-05-25 15:16:28 INFO Length mismatch: Expected axis has 0 elements, new values have 6 elements
2026-05-25 15:16:28 WARNING [017800] trader fetch 실패. 수급 0으로 채움.
2026-05-25 15:16:28 INFO [HOLIDAY] 017800 현대엘리베이: 신규 거래일 없음 (휴장 또는 미정산)
2026-05-25 15:16:29 INFO Length mismatch: Expected axis has 0 elements, new values have 13 elements
2026-05-25 15:16:31 INFO Length mismatch: Expected axis has 0 elements, new values have 13 elements
2026-05-25 15:16:35 INFO Length mismatch: Expected axis has 0 elements, new values have 13 elements
2026-05-25 15:16:35 INFO Length mismatch: Expected axis has 0 elements, new values have 6 elements
2026-05-25 15:16:37 INFO Length mismatch: Expected axis has 0 elements, new values have 6 elements
2026-05-25 15:16:41 INFO Length mismatch: Expected axis has 0 elements, new values have 6 elements
2026-05-25 15:16:41 WARNING [086280] trader fetch 실패. 수급 0으로 채움.
2026-05-25 15:16:41 INFO [HOLIDAY] 086280 현대글로비스: 신규 거래일 없음 (휴장 또는 미정산)
2026-05-25 15:16:42 INFO Length mismatch: Expected axis has 0 elements, new values have 13 elements
2026-05-25 15:16:44 INFO Length mismatch: Expected axis has 0 elements, new values have 13 elements
2026-05-25 15:16:49 INFO Length mismatch: Expected axis has 0 elements, new values have 13 elements
2026-05-25 15:16:49 INFO Length mismatch: Expected axis has 0 elements, new values have 6 elements
2026-05-25 15:16:51 INFO Length mismatch: Expected axis has 0 elements, new values have 6 elements
2026-05-25 15:16:55 INFO Length mismatch: Expected axis has 0 elements, new values have 6 elements
2026-05-25 15:16:55 WARNING [001450] trader fetch 실패. 수급 0으로 채움.
2026-05-25 15:16:55 INFO [HOLIDAY] 001450 현대해상: 신규 거래일 없음 (휴장 또는 미정산)
2026-05-25 15:16:56 INFO Length mismatch: Expected axis has 0 elements, new values have 13 elements
2026-05-25 15:16:58 INFO Length mismatch: Expected axis has 0 elements, new values have 13 elements
2026-05-25 15:17:02 INFO Length mismatch: Expected axis has 0 elements, new values have 13 elements
2026-05-25 15:17:03 INFO Length mismatch: Expected axis has 0 elements, new values have 6 elements
2026-05-25 15:17:05 INFO Length mismatch: Expected axis has 0 elements, new values have 6 elements
2026-05-25 15:17:09 INFO Length mismatch: Expected axis has 0 elements, new values have 6 elements
2026-05-25 15:17:09 WARNING [004020] trader fetch 실패. 수급 0으로 채움.
2026-05-25 15:17:09 INFO [HOLIDAY] 004020 현대제철: 신규 거래일 없음 (휴장 또는 미정산)
2026-05-25 15:17:10 INFO Length mismatch: Expected axis has 0 elements, new values have 13 elements
2026-05-25 15:17:12 INFO Length mismatch: Expected axis has 0 elements, new values have 13 elements
2026-05-25 15:17:16 INFO Length mismatch: Expected axis has 0 elements, new values have 13 elements
2026-05-25 15:17:16 INFO Length mismatch: Expected axis has 0 elements, new values have 6 elements
2026-05-25 15:17:19 INFO Length mismatch: Expected axis has 0 elements, new values have 6 elements
2026-05-25 15:17:23 INFO Length mismatch: Expected axis has 0 elements, new values have 6 elements
2026-05-25 15:17:23 WARNING [011210] trader fetch 실패. 수급 0으로 채움.
2026-05-25 15:17:23 INFO [HOLIDAY] 011210 현대위아: 신규 거래일 없음 (휴장 또는 미정산)
2026-05-25 15:17:24 INFO Length mismatch: Expected axis has 0 elements, new values have 13 elements
2026-05-25 15:17:26 INFO Length mismatch: Expected axis has 0 elements, new values have 13 elements
2026-05-25 15:17:30 INFO Length mismatch: Expected axis has 0 elements, new values have 13 elements
2026-05-25 15:17:30 INFO Length mismatch: Expected axis has 0 elements, new values have 6 elements
2026-05-25 15:17:32 INFO Length mismatch: Expected axis has 0 elements, new values have 6 elements
2026-05-25 15:17:37 INFO Length mismatch: Expected axis has 0 elements, new values have 6 elements
2026-05-25 15:17:37 WARNING [139130] trader fetch 실패. 수급 0으로 채움.
2026-05-25 15:17:37 INFO [HOLIDAY] 139130 iM금융지주: 신규 거래일 없음 (휴장 또는 미정산)
2026-05-25 15:17:37 INFO Length mismatch: Expected axis has 0 elements, new values have 13 elements
2026-05-25 15:17:40 INFO Length mismatch: Expected axis has 0 elements, new values have 13 elements
2026-05-25 15:17:44 INFO Length mismatch: Expected axis has 0 elements, new values have 13 elements
2026-05-25 15:17:44 INFO Length mismatch: Expected axis has 0 elements, new values have 6 elements
2026-05-25 15:17:46 INFO Length mismatch: Expected axis has 0 elements, new values have 6 elements
2026-05-25 15:17:50 INFO Length mismatch: Expected axis has 0 elements, new values have 6 elements
2026-05-25 15:17:50 WARNING [024110] trader fetch 실패. 수급 0으로 채움.
2026-05-25 15:17:50 INFO [HOLIDAY] 024110 기업은행: 신규 거래일 없음 (휴장 또는 미정산)
2026-05-25 15:17:51 INFO Length mismatch: Expected axis has 0 elements, new values have 13 elements
2026-05-25 15:17:53 INFO Length mismatch: Expected axis has 0 elements, new values have 13 elements
2026-05-25 15:17:57 INFO Length mismatch: Expected axis has 0 elements, new values have 13 elements
2026-05-25 15:17:58 INFO Length mismatch: Expected axis has 0 elements, new values have 6 elements
2026-05-25 15:18:00 INFO Length mismatch: Expected axis has 0 elements, new values have 6 elements
2026-05-25 15:18:04 INFO Length mismatch: Expected axis has 0 elements, new values have 6 elements
2026-05-25 15:18:04 WARNING [457190] trader fetch 실패. 수급 0으로 채움.
2026-05-25 15:18:04 INFO [HOLIDAY] 457190 이수스페셜티케미컬: 신규 거래일 없음 (휴장 또는 미정산)
2026-05-25 15:18:05 INFO Length mismatch: Expected axis has 0 elements, new values have 13 elements
2026-05-25 15:18:07 INFO Length mismatch: Expected axis has 0 elements, new values have 13 elements
2026-05-25 15:18:11 INFO Length mismatch: Expected axis has 0 elements, new values have 13 elements
2026-05-25 15:18:12 INFO Length mismatch: Expected axis has 0 elements, new values have 6 elements
2026-05-25 15:18:14 INFO Length mismatch: Expected axis has 0 elements, new values have 6 elements
2026-05-25 15:18:18 INFO Length mismatch: Expected axis has 0 elements, new values have 6 elements
2026-05-25 15:18:18 WARNING [175330] trader fetch 실패. 수급 0으로 채움.
2026-05-25 15:18:18 INFO [HOLIDAY] 175330 JB금융지주: 신규 거래일 없음 (휴장 또는 미정산)
2026-05-25 15:18:19 INFO Length mismatch: Expected axis has 0 elements, new values have 13 elements
2026-05-25 15:18:21 INFO Length mismatch: Expected axis has 0 elements, new values have 13 elements
2026-05-25 15:18:25 INFO Length mismatch: Expected axis has 0 elements, new values have 13 elements
2026-05-25 15:18:25 INFO Length mismatch: Expected axis has 0 elements, new values have 6 elements
2026-05-25 15:18:28 INFO Length mismatch: Expected axis has 0 elements, new values have 6 elements
2026-05-25 15:18:32 INFO Length mismatch: Expected axis has 0 elements, new values have 6 elements
2026-05-25 15:18:32 WARNING [035720] trader fetch 실패. 수급 0으로 채움.
2026-05-25 15:18:32 INFO [HOLIDAY] 035720 카카오: 신규 거래일 없음 (휴장 또는 미정산)
2026-05-25 15:18:33 INFO Length mismatch: Expected axis has 0 elements, new values have 13 elements
2026-05-25 15:18:35 INFO Length mismatch: Expected axis has 0 elements, new values have 13 elements
2026-05-25 15:18:39 INFO Length mismatch: Expected axis has 0 elements, new values have 13 elements
2026-05-25 15:18:39 INFO Length mismatch: Expected axis has 0 elements, new values have 6 elements
2026-05-25 15:18:41 INFO Length mismatch: Expected axis has 0 elements, new values have 6 elements
2026-05-25 15:18:46 INFO Length mismatch: Expected axis has 0 elements, new values have 6 elements
2026-05-25 15:18:46 WARNING [323410] trader fetch 실패. 수급 0으로 채움.
2026-05-25 15:18:46 INFO [HOLIDAY] 323410 카카오뱅크: 신규 거래일 없음 (휴장 또는 미정산)
2026-05-25 15:18:46 INFO Length mismatch: Expected axis has 0 elements, new values have 13 elements
2026-05-25 15:18:49 INFO Length mismatch: Expected axis has 0 elements, new values have 13 elements
2026-05-25 15:18:53 INFO Length mismatch: Expected axis has 0 elements, new values have 13 elements
2026-05-25 15:18:53 INFO Length mismatch: Expected axis has 0 elements, new values have 6 elements
2026-05-25 15:18:55 INFO Length mismatch: Expected axis has 0 elements, new values have 6 elements
2026-05-25 15:19:00 INFO Length mismatch: Expected axis has 0 elements, new values have 6 elements
2026-05-25 15:19:00 WARNING [377300] trader fetch 실패. 수급 0으로 채움.
2026-05-25 15:19:00 INFO [HOLIDAY] 377300 카카오페이: 신규 거래일 없음 (휴장 또는 미정산)
2026-05-25 15:19:00 INFO Length mismatch: Expected axis has 0 elements, new values have 13 elements
2026-05-25 15:19:03 INFO Length mismatch: Expected axis has 0 elements, new values have 13 elements
2026-05-25 15:19:07 INFO Length mismatch: Expected axis has 0 elements, new values have 13 elements
2026-05-25 15:19:07 INFO Length mismatch: Expected axis has 0 elements, new values have 6 elements
2026-05-25 15:19:09 INFO Length mismatch: Expected axis has 0 elements, new values have 6 elements
2026-05-25 15:19:14 INFO Length mismatch: Expected axis has 0 elements, new values have 6 elements
2026-05-25 15:19:14 WARNING [035250] trader fetch 실패. 수급 0으로 채움.
2026-05-25 15:19:14 INFO [HOLIDAY] 035250 강원랜드: 신규 거래일 없음 (휴장 또는 미정산)
2026-05-25 15:19:14 INFO Length mismatch: Expected axis has 0 elements, new values have 13 elements
2026-05-25 15:19:17 INFO Length mismatch: Expected axis has 0 elements, new values have 13 elements
2026-05-25 15:19:21 INFO Length mismatch: Expected axis has 0 elements, new values have 13 elements
2026-05-25 15:19:21 INFO Length mismatch: Expected axis has 0 elements, new values have 6 elements
2026-05-25 15:19:23 INFO Length mismatch: Expected axis has 0 elements, new values have 6 elements
2026-05-25 15:19:28 INFO Length mismatch: Expected axis has 0 elements, new values have 6 elements
2026-05-25 15:19:28 WARNING [105560] trader fetch 실패. 수급 0으로 채움.
2026-05-25 15:19:28 INFO [HOLIDAY] 105560 KB금융: 신규 거래일 없음 (휴장 또는 미정산)
2026-05-25 15:19:28 INFO Length mismatch: Expected axis has 0 elements, new values have 13 elements
2026-05-25 15:19:31 INFO Length mismatch: Expected axis has 0 elements, new values have 13 elements
2026-05-25 15:19:35 INFO Length mismatch: Expected axis has 0 elements, new values have 13 elements
2026-05-25 15:19:35 INFO Length mismatch: Expected axis has 0 elements, new values have 6 elements
2026-05-25 15:19:37 INFO Length mismatch: Expected axis has 0 elements, new values have 6 elements
2026-05-25 15:19:42 INFO Length mismatch: Expected axis has 0 elements, new values have 6 elements
2026-05-25 15:19:42 WARNING [002380] trader fetch 실패. 수급 0으로 채움.
2026-05-25 15:19:42 INFO [HOLIDAY] 002380 KCC: 신규 거래일 없음 (휴장 또는 미정산)
2026-05-25 15:19:43 INFO Length mismatch: Expected axis has 0 elements, new values have 13 elements
2026-05-25 15:19:45 INFO Length mismatch: Expected axis has 0 elements, new values have 13 elements
2026-05-25 15:19:49 INFO Length mismatch: Expected axis has 0 elements, new values have 13 elements
2026-05-25 15:19:49 INFO Length mismatch: Expected axis has 0 elements, new values have 6 elements
2026-05-25 15:19:51 INFO Length mismatch: Expected axis has 0 elements, new values have 6 elements
2026-05-25 15:19:56 INFO Length mismatch: Expected axis has 0 elements, new values have 6 elements
2026-05-25 15:19:56 WARNING [015760] trader fetch 실패. 수급 0으로 채움.
2026-05-25 15:19:56 INFO [HOLIDAY] 015760 한국전력: 신규 거래일 없음 (휴장 또는 미정산)
2026-05-25 15:19:56 INFO Length mismatch: Expected axis has 0 elements, new values have 13 elements
2026-05-25 15:19:59 INFO Length mismatch: Expected axis has 0 elements, new values have 13 elements
2026-05-25 15:20:03 INFO Length mismatch: Expected axis has 0 elements, new values have 13 elements
2026-05-25 15:20:03 INFO Length mismatch: Expected axis has 0 elements, new values have 6 elements
2026-05-25 15:20:05 INFO Length mismatch: Expected axis has 0 elements, new values have 6 elements
2026-05-25 15:20:09 INFO Length mismatch: Expected axis has 0 elements, new values have 6 elements
2026-05-25 15:20:09 WARNING [052690] trader fetch 실패. 수급 0으로 채움.
2026-05-25 15:20:09 INFO [HOLIDAY] 052690 한전기술: 신규 거래일 없음 (휴장 또는 미정산)
2026-05-25 15:20:10 INFO Length mismatch: Expected axis has 0 elements, new values have 13 elements
2026-05-25 15:20:12 INFO Length mismatch: Expected axis has 0 elements, new values have 13 elements
2026-05-25 15:20:17 INFO Length mismatch: Expected axis has 0 elements, new values have 13 elements
2026-05-25 15:20:17 INFO Length mismatch: Expected axis has 0 elements, new values have 6 elements
2026-05-25 15:20:19 INFO Length mismatch: Expected axis has 0 elements, new values have 6 elements
2026-05-25 15:20:23 INFO Length mismatch: Expected axis has 0 elements, new values have 6 elements
2026-05-25 15:20:23 WARNING [051600] trader fetch 실패. 수급 0으로 채움.
2026-05-25 15:20:23 INFO [HOLIDAY] 051600 한전KPS: 신규 거래일 없음 (휴장 또는 미정산)
2026-05-25 15:20:24 INFO Length mismatch: Expected axis has 0 elements, new values have 13 elements
2026-05-25 15:20:26 INFO Length mismatch: Expected axis has 0 elements, new values have 13 elements
2026-05-25 15:20:30 INFO Length mismatch: Expected axis has 0 elements, new values have 13 elements
2026-05-25 15:20:31 INFO Length mismatch: Expected axis has 0 elements, new values have 6 elements
2026-05-25 15:20:33 INFO Length mismatch: Expected axis has 0 elements, new values have 6 elements
2026-05-25 15:20:37 INFO Length mismatch: Expected axis has 0 elements, new values have 6 elements
2026-05-25 15:20:37 WARNING [000270] trader fetch 실패. 수급 0으로 채움.
2026-05-25 15:20:37 INFO [HOLIDAY] 000270 기아: 신규 거래일 없음 (휴장 또는 미정산)
2026-05-25 15:20:38 INFO Length mismatch: Expected axis has 0 elements, new values have 13 elements
2026-05-25 15:20:40 INFO Length mismatch: Expected axis has 0 elements, new values have 13 elements
2026-05-25 15:20:44 INFO Length mismatch: Expected axis has 0 elements, new values have 13 elements
2026-05-25 15:20:45 INFO Length mismatch: Expected axis has 0 elements, new values have 6 elements
2026-05-25 15:20:47 INFO Length mismatch: Expected axis has 0 elements, new values have 6 elements
2026-05-25 15:20:51 INFO Length mismatch: Expected axis has 0 elements, new values have 6 elements
2026-05-25 15:20:51 WARNING [039490] trader fetch 실패. 수급 0으로 채움.
2026-05-25 15:20:51 INFO [HOLIDAY] 039490 키움증권: 신규 거래일 없음 (휴장 또는 미정산)
2026-05-25 15:20:52 INFO Length mismatch: Expected axis has 0 elements, new values have 13 elements
2026-05-25 15:20:54 INFO Length mismatch: Expected axis has 0 elements, new values have 13 elements
2026-05-25 15:20:58 INFO Length mismatch: Expected axis has 0 elements, new values have 13 elements
2026-05-25 15:20:58 INFO Length mismatch: Expected axis has 0 elements, new values have 6 elements
2026-05-25 15:21:00 INFO Length mismatch: Expected axis has 0 elements, new values have 6 elements
2026-05-25 15:21:05 INFO Length mismatch: Expected axis has 0 elements, new values have 6 elements
2026-05-25 15:21:05 WARNING [120110] trader fetch 실패. 수급 0으로 채움.
2026-05-25 15:21:05 INFO [HOLIDAY] 120110 코오롱인더: 신규 거래일 없음 (휴장 또는 미정산)
2026-05-25 15:21:06 INFO Length mismatch: Expected axis has 0 elements, new values have 13 elements
2026-05-25 15:21:08 INFO Length mismatch: Expected axis has 0 elements, new values have 13 elements
2026-05-25 15:21:12 INFO Length mismatch: Expected axis has 0 elements, new values have 13 elements
2026-05-25 15:21:12 INFO Length mismatch: Expected axis has 0 elements, new values have 6 elements
2026-05-25 15:21:14 INFO Length mismatch: Expected axis has 0 elements, new values have 6 elements
2026-05-25 15:21:18 INFO Length mismatch: Expected axis has 0 elements, new values have 6 elements
2026-05-25 15:21:18 WARNING [047810] trader fetch 실패. 수급 0으로 채움.
2026-05-25 15:21:18 INFO [HOLIDAY] 047810 한국항공우주: 신규 거래일 없음 (휴장 또는 미정산)
2026-05-25 15:21:19 INFO Length mismatch: Expected axis has 0 elements, new values have 13 elements
2026-05-25 15:21:21 INFO Length mismatch: Expected axis has 0 elements, new values have 13 elements
2026-05-25 15:21:26 INFO Length mismatch: Expected axis has 0 elements, new values have 13 elements
2026-05-25 15:21:26 INFO Length mismatch: Expected axis has 0 elements, new values have 6 elements
2026-05-25 15:21:28 INFO Length mismatch: Expected axis has 0 elements, new values have 6 elements
2026-05-25 15:21:32 INFO Length mismatch: Expected axis has 0 elements, new values have 6 elements
2026-05-25 15:21:32 WARNING [071320] trader fetch 실패. 수급 0으로 채움.
2026-05-25 15:21:32 INFO [HOLIDAY] 071320 한국지역난방공사: 신규 거래일 없음 (휴장 또는 미정산)
2026-05-25 15:21:33 INFO Length mismatch: Expected axis has 0 elements, new values have 13 elements
2026-05-25 15:21:35 INFO Length mismatch: Expected axis has 0 elements, new values have 13 elements
2026-05-25 15:21:39 INFO Length mismatch: Expected axis has 0 elements, new values have 13 elements
2026-05-25 15:21:40 INFO Length mismatch: Expected axis has 0 elements, new values have 6 elements
2026-05-25 15:21:42 INFO Length mismatch: Expected axis has 0 elements, new values have 6 elements
2026-05-25 15:21:46 INFO Length mismatch: Expected axis has 0 elements, new values have 6 elements
2026-05-25 15:21:46 WARNING [036460] trader fetch 실패. 수급 0으로 채움.
2026-05-25 15:21:46 INFO [HOLIDAY] 036460 한국가스공사: 신규 거래일 없음 (휴장 또는 미정산)
2026-05-25 15:21:47 INFO Length mismatch: Expected axis has 0 elements, new values have 13 elements
2026-05-25 15:21:49 INFO Length mismatch: Expected axis has 0 elements, new values have 13 elements
2026-05-25 15:21:53 INFO Length mismatch: Expected axis has 0 elements, new values have 13 elements
2026-05-25 15:21:54 INFO Length mismatch: Expected axis has 0 elements, new values have 6 elements
2026-05-25 15:21:56 INFO Length mismatch: Expected axis has 0 elements, new values have 6 elements
2026-05-25 15:22:00 INFO Length mismatch: Expected axis has 0 elements, new values have 6 elements
2026-05-25 15:22:00 WARNING [071050] trader fetch 실패. 수급 0으로 채움.
2026-05-25 15:22:00 INFO [HOLIDAY] 071050 한국금융지주: 신규 거래일 없음 (휴장 또는 미정산)
2026-05-25 15:22:01 INFO Length mismatch: Expected axis has 0 elements, new values have 13 elements
2026-05-25 15:22:03 INFO Length mismatch: Expected axis has 0 elements, new values have 13 elements
2026-05-25 15:22:07 INFO Length mismatch: Expected axis has 0 elements, new values have 13 elements
2026-05-25 15:22:08 INFO Length mismatch: Expected axis has 0 elements, new values have 6 elements
2026-05-25 15:22:10 INFO Length mismatch: Expected axis has 0 elements, new values have 6 elements
2026-05-25 15:22:14 INFO Length mismatch: Expected axis has 0 elements, new values have 6 elements
2026-05-25 15:22:14 WARNING [006650] trader fetch 실패. 수급 0으로 채움.
2026-05-25 15:22:14 INFO [HOLIDAY] 006650 대한유화: 신규 거래일 없음 (휴장 또는 미정산)
2026-05-25 15:22:15 INFO Length mismatch: Expected axis has 0 elements, new values have 13 elements
2026-05-25 15:22:17 INFO Length mismatch: Expected axis has 0 elements, new values have 13 elements
2026-05-25 15:22:21 INFO Length mismatch: Expected axis has 0 elements, new values have 13 elements
2026-05-25 15:22:21 INFO Length mismatch: Expected axis has 0 elements, new values have 6 elements
2026-05-25 15:22:24 INFO Length mismatch: Expected axis has 0 elements, new values have 6 elements
2026-05-25 15:22:28 INFO Length mismatch: Expected axis has 0 elements, new values have 6 elements
2026-05-25 15:22:28 WARNING [010130] trader fetch 실패. 수급 0으로 채움.
2026-05-25 15:22:28 INFO [HOLIDAY] 010130 고려아연: 신규 거래일 없음 (휴장 또는 미정산)
2026-05-25 15:22:29 INFO Length mismatch: Expected axis has 0 elements, new values have 13 elements
2026-05-25 15:22:31 INFO Length mismatch: Expected axis has 0 elements, new values have 13 elements
2026-05-25 15:22:35 INFO Length mismatch: Expected axis has 0 elements, new values have 13 elements
2026-05-25 15:22:35 INFO Length mismatch: Expected axis has 0 elements, new values have 6 elements
2026-05-25 15:22:37 INFO Length mismatch: Expected axis has 0 elements, new values have 6 elements
2026-05-25 15:22:41 INFO Length mismatch: Expected axis has 0 elements, new values have 6 elements
2026-05-25 15:22:41 WARNING [003490] trader fetch 실패. 수급 0으로 채움.
2026-05-25 15:22:41 INFO [HOLIDAY] 003490 대한항공: 신규 거래일 없음 (휴장 또는 미정산)
2026-05-25 15:22:42 INFO Length mismatch: Expected axis has 0 elements, new values have 13 elements
2026-05-25 15:22:45 INFO Length mismatch: Expected axis has 0 elements, new values have 13 elements
2026-05-25 15:22:49 INFO Length mismatch: Expected axis has 0 elements, new values have 13 elements
2026-05-25 15:22:49 INFO Length mismatch: Expected axis has 0 elements, new values have 6 elements
2026-05-25 15:22:51 INFO Length mismatch: Expected axis has 0 elements, new values have 6 elements
2026-05-25 15:22:55 INFO Length mismatch: Expected axis has 0 elements, new values have 6 elements
2026-05-25 15:22:55 WARNING [259960] trader fetch 실패. 수급 0으로 채움.
2026-05-25 15:22:55 INFO [HOLIDAY] 259960 크래프톤: 신규 거래일 없음 (휴장 또는 미정산)
2026-05-25 15:22:56 INFO Length mismatch: Expected axis has 0 elements, new values have 13 elements
2026-05-25 15:22:58 INFO Length mismatch: Expected axis has 0 elements, new values have 13 elements
2026-05-25 15:23:03 INFO Length mismatch: Expected axis has 0 elements, new values have 13 elements
2026-05-25 15:23:03 INFO Length mismatch: Expected axis has 0 elements, new values have 6 elements
2026-05-25 15:23:05 INFO Length mismatch: Expected axis has 0 elements, new values have 6 elements
2026-05-25 15:23:09 INFO Length mismatch: Expected axis has 0 elements, new values have 6 elements
2026-05-25 15:23:09 WARNING [030200] trader fetch 실패. 수급 0으로 채움.
2026-05-25 15:23:09 INFO [HOLIDAY] 030200 KT: 신규 거래일 없음 (휴장 또는 미정산)
2026-05-25 15:23:10 INFO Length mismatch: Expected axis has 0 elements, new values have 13 elements
2026-05-25 15:23:12 INFO Length mismatch: Expected axis has 0 elements, new values have 13 elements
2026-05-25 15:23:16 INFO Length mismatch: Expected axis has 0 elements, new values have 13 elements
2026-05-25 15:23:17 INFO Length mismatch: Expected axis has 0 elements, new values have 6 elements
2026-05-25 15:23:19 INFO Length mismatch: Expected axis has 0 elements, new values have 6 elements
2026-05-25 15:23:23 INFO Length mismatch: Expected axis has 0 elements, new values have 6 elements
2026-05-25 15:23:23 WARNING [033780] trader fetch 실패. 수급 0으로 채움.
2026-05-25 15:23:23 INFO [HOLIDAY] 033780 KT&G: 신규 거래일 없음 (휴장 또는 미정산)
2026-05-25 15:23:24 INFO Length mismatch: Expected axis has 0 elements, new values have 13 elements
2026-05-25 15:23:26 INFO Length mismatch: Expected axis has 0 elements, new values have 13 elements
2026-05-25 15:23:30 INFO Length mismatch: Expected axis has 0 elements, new values have 13 elements
2026-05-25 15:23:30 INFO Length mismatch: Expected axis has 0 elements, new values have 6 elements
2026-05-25 15:23:33 INFO Length mismatch: Expected axis has 0 elements, new values have 6 elements
2026-05-25 15:23:37 INFO Length mismatch: Expected axis has 0 elements, new values have 6 elements
2026-05-25 15:23:37 WARNING [011780] trader fetch 실패. 수급 0으로 채움.
2026-05-25 15:23:37 INFO [HOLIDAY] 011780 금호석유: 신규 거래일 없음 (휴장 또는 미정산)
2026-05-25 15:23:38 INFO Length mismatch: Expected axis has 0 elements, new values have 13 elements
2026-05-25 15:23:40 INFO Length mismatch: Expected axis has 0 elements, new values have 13 elements
2026-05-25 15:23:44 INFO Length mismatch: Expected axis has 0 elements, new values have 13 elements
2026-05-25 15:23:44 INFO Length mismatch: Expected axis has 0 elements, new values have 6 elements
2026-05-25 15:23:47 INFO Length mismatch: Expected axis has 0 elements, new values have 6 elements
2026-05-25 15:23:51 INFO Length mismatch: Expected axis has 0 elements, new values have 6 elements
2026-05-25 15:23:51 WARNING [073240] trader fetch 실패. 수급 0으로 채움.
2026-05-25 15:23:51 INFO [HOLIDAY] 073240 금호타이어: 신규 거래일 없음 (휴장 또는 미정산)
2026-05-25 15:23:52 INFO Length mismatch: Expected axis has 0 elements, new values have 13 elements
2026-05-25 15:23:54 INFO Length mismatch: Expected axis has 0 elements, new values have 13 elements
2026-05-25 15:23:58 INFO Length mismatch: Expected axis has 0 elements, new values have 13 elements
2026-05-25 15:23:58 INFO Length mismatch: Expected axis has 0 elements, new values have 6 elements
2026-05-25 15:24:01 INFO Length mismatch: Expected axis has 0 elements, new values have 6 elements
2026-05-25 15:24:05 INFO Length mismatch: Expected axis has 0 elements, new values have 6 elements
2026-05-25 15:24:05 WARNING [066970] trader fetch 실패. 수급 0으로 채움.
2026-05-25 15:24:05 INFO [HOLIDAY] 066970 엘앤에프: 신규 거래일 없음 (휴장 또는 미정산)
2026-05-25 15:24:06 INFO Length mismatch: Expected axis has 0 elements, new values have 13 elements
2026-05-25 15:24:08 INFO Length mismatch: Expected axis has 0 elements, new values have 13 elements
2026-05-25 15:24:12 INFO Length mismatch: Expected axis has 0 elements, new values have 13 elements
2026-05-25 15:24:12 INFO Length mismatch: Expected axis has 0 elements, new values have 6 elements
2026-05-25 15:24:15 INFO Length mismatch: Expected axis has 0 elements, new values have 6 elements
2026-05-25 15:24:19 INFO Length mismatch: Expected axis has 0 elements, new values have 6 elements
2026-05-25 15:24:19 WARNING [051910] trader fetch 실패. 수급 0으로 채움.
2026-05-25 15:24:19 INFO [HOLIDAY] 051910 LG화학: 신규 거래일 없음 (휴장 또는 미정산)
2026-05-25 15:24:20 INFO Length mismatch: Expected axis has 0 elements, new values have 13 elements
2026-05-25 15:24:22 INFO Length mismatch: Expected axis has 0 elements, new values have 13 elements
2026-05-25 15:24:26 INFO Length mismatch: Expected axis has 0 elements, new values have 13 elements
2026-05-25 15:24:26 INFO Length mismatch: Expected axis has 0 elements, new values have 6 elements
2026-05-25 15:24:28 INFO Length mismatch: Expected axis has 0 elements, new values have 6 elements
2026-05-25 15:24:32 INFO Length mismatch: Expected axis has 0 elements, new values have 6 elements
2026-05-25 15:24:32 WARNING [034220] trader fetch 실패. 수급 0으로 채움.
2026-05-25 15:24:32 INFO [HOLIDAY] 034220 LG디스플레이: 신규 거래일 없음 (휴장 또는 미정산)
2026-05-25 15:24:33 INFO Length mismatch: Expected axis has 0 elements, new values have 13 elements
2026-05-25 15:24:35 INFO Length mismatch: Expected axis has 0 elements, new values have 13 elements
2026-05-25 15:24:40 INFO Length mismatch: Expected axis has 0 elements, new values have 13 elements
2026-05-25 15:24:40 INFO Length mismatch: Expected axis has 0 elements, new values have 6 elements
2026-05-25 15:24:42 INFO Length mismatch: Expected axis has 0 elements, new values have 6 elements
2026-05-25 15:24:46 INFO Length mismatch: Expected axis has 0 elements, new values have 6 elements
2026-05-25 15:24:46 WARNING [373220] trader fetch 실패. 수급 0으로 채움.
2026-05-25 15:24:46 INFO [HOLIDAY] 373220 LG에너지솔루션: 신규 거래일 없음 (휴장 또는 미정산)
2026-05-25 15:24:47 INFO Length mismatch: Expected axis has 0 elements, new values have 13 elements
2026-05-25 15:24:49 INFO Length mismatch: Expected axis has 0 elements, new values have 13 elements
2026-05-25 15:24:53 INFO Length mismatch: Expected axis has 0 elements, new values have 13 elements
2026-05-25 15:24:54 INFO Length mismatch: Expected axis has 0 elements, new values have 6 elements
2026-05-25 15:24:56 INFO Length mismatch: Expected axis has 0 elements, new values have 6 elements
2026-05-25 15:25:00 INFO Length mismatch: Expected axis has 0 elements, new values have 6 elements
2026-05-25 15:25:00 WARNING [051900] trader fetch 실패. 수급 0으로 채움.
2026-05-25 15:25:00 INFO [HOLIDAY] 051900 LG생활건강: 신규 거래일 없음 (휴장 또는 미정산)
2026-05-25 15:25:01 INFO Length mismatch: Expected axis has 0 elements, new values have 13 elements
2026-05-25 15:25:03 INFO Length mismatch: Expected axis has 0 elements, new values have 13 elements
2026-05-25 15:25:07 INFO Length mismatch: Expected axis has 0 elements, new values have 13 elements
2026-05-25 15:25:07 INFO Length mismatch: Expected axis has 0 elements, new values have 6 elements
2026-05-25 15:25:10 INFO Length mismatch: Expected axis has 0 elements, new values have 6 elements
2026-05-25 15:25:14 INFO Length mismatch: Expected axis has 0 elements, new values have 6 elements
2026-05-25 15:25:14 WARNING [011070] trader fetch 실패. 수급 0으로 채움.
2026-05-25 15:25:14 INFO [HOLIDAY] 011070 LG이노텍: 신규 거래일 없음 (휴장 또는 미정산)
2026-05-25 15:25:15 INFO Length mismatch: Expected axis has 0 elements, new values have 13 elements
2026-05-25 15:25:17 INFO Length mismatch: Expected axis has 0 elements, new values have 13 elements
2026-05-25 15:25:21 INFO Length mismatch: Expected axis has 0 elements, new values have 13 elements
2026-05-25 15:25:21 INFO Length mismatch: Expected axis has 0 elements, new values have 6 elements
2026-05-25 15:25:24 INFO Length mismatch: Expected axis has 0 elements, new values have 6 elements
2026-05-25 15:25:28 INFO Length mismatch: Expected axis has 0 elements, new values have 6 elements
2026-05-25 15:25:28 WARNING [032640] trader fetch 실패. 수급 0으로 채움.
2026-05-25 15:25:28 INFO [HOLIDAY] 032640 LG유플러스: 신규 거래일 없음 (휴장 또는 미정산)
2026-05-25 15:25:29 INFO Length mismatch: Expected axis has 0 elements, new values have 13 elements
2026-05-25 15:25:31 INFO Length mismatch: Expected axis has 0 elements, new values have 13 elements
2026-05-25 15:25:35 INFO Length mismatch: Expected axis has 0 elements, new values have 13 elements
2026-05-25 15:25:35 INFO Length mismatch: Expected axis has 0 elements, new values have 6 elements
2026-05-25 15:25:37 INFO Length mismatch: Expected axis has 0 elements, new values have 6 elements
2026-05-25 15:25:42 INFO Length mismatch: Expected axis has 0 elements, new values have 6 elements
2026-05-25 15:25:42 WARNING [079550] trader fetch 실패. 수급 0으로 채움.
2026-05-25 15:25:42 INFO [HOLIDAY] 079550 LIG넥스원: 신규 거래일 없음 (휴장 또는 미정산)
2026-05-25 15:25:42 INFO Length mismatch: Expected axis has 0 elements, new values have 13 elements
2026-05-25 15:25:45 INFO Length mismatch: Expected axis has 0 elements, new values have 13 elements
2026-05-25 15:25:49 INFO Length mismatch: Expected axis has 0 elements, new values have 13 elements
2026-05-25 15:25:49 INFO Length mismatch: Expected axis has 0 elements, new values have 6 elements
2026-05-25 15:25:51 INFO Length mismatch: Expected axis has 0 elements, new values have 6 elements
2026-05-25 15:25:55 INFO Length mismatch: Expected axis has 0 elements, new values have 6 elements
2026-05-25 15:25:55 WARNING [004990] trader fetch 실패. 수급 0으로 채움.
2026-05-25 15:25:55 INFO [HOLIDAY] 004990 롯데지주: 신규 거래일 없음 (휴장 또는 미정산)
2026-05-25 15:25:56 INFO Length mismatch: Expected axis has 0 elements, new values have 13 elements
2026-05-25 15:25:58 INFO Length mismatch: Expected axis has 0 elements, new values have 13 elements
2026-05-25 15:26:03 INFO Length mismatch: Expected axis has 0 elements, new values have 13 elements
2026-05-25 15:26:03 INFO Length mismatch: Expected axis has 0 elements, new values have 6 elements
2026-05-25 15:26:05 INFO Length mismatch: Expected axis has 0 elements, new values have 6 elements
2026-05-25 15:26:09 INFO Length mismatch: Expected axis has 0 elements, new values have 6 elements
2026-05-25 15:26:09 WARNING [011170] trader fetch 실패. 수급 0으로 채움.
2026-05-25 15:26:09 INFO [HOLIDAY] 011170 롯데케미칼: 신규 거래일 없음 (휴장 또는 미정산)
2026-05-25 15:26:10 INFO Length mismatch: Expected axis has 0 elements, new values have 13 elements
2026-05-25 15:26:12 INFO Length mismatch: Expected axis has 0 elements, new values have 13 elements
2026-05-25 15:26:16 INFO Length mismatch: Expected axis has 0 elements, new values have 13 elements
2026-05-25 15:26:17 INFO Length mismatch: Expected axis has 0 elements, new values have 6 elements
2026-05-25 15:26:19 INFO Length mismatch: Expected axis has 0 elements, new values have 6 elements
2026-05-25 15:26:23 INFO Length mismatch: Expected axis has 0 elements, new values have 6 elements
2026-05-25 15:26:23 WARNING [005300] trader fetch 실패. 수급 0으로 채움.
2026-05-25 15:26:23 INFO [HOLIDAY] 005300 롯데칠성: 신규 거래일 없음 (휴장 또는 미정산)
2026-05-25 15:26:24 INFO Length mismatch: Expected axis has 0 elements, new values have 13 elements
2026-05-25 15:26:26 INFO Length mismatch: Expected axis has 0 elements, new values have 13 elements
2026-05-25 15:26:30 INFO Length mismatch: Expected axis has 0 elements, new values have 13 elements
2026-05-25 15:26:30 INFO Length mismatch: Expected axis has 0 elements, new values have 6 elements
2026-05-25 15:26:33 INFO Length mismatch: Expected axis has 0 elements, new values have 6 elements
2026-05-25 15:26:37 INFO Length mismatch: Expected axis has 0 elements, new values have 6 elements
2026-05-25 15:26:37 WARNING [004000] trader fetch 실패. 수급 0으로 채움.
2026-05-25 15:26:37 INFO [HOLIDAY] 004000 롯데정밀화학: 신규 거래일 없음 (휴장 또는 미정산)
2026-05-25 15:26:38 INFO Length mismatch: Expected axis has 0 elements, new values have 13 elements
2026-05-25 15:26:40 INFO Length mismatch: Expected axis has 0 elements, new values have 13 elements
2026-05-25 15:26:44 INFO Length mismatch: Expected axis has 0 elements, new values have 13 elements
2026-05-25 15:26:44 INFO Length mismatch: Expected axis has 0 elements, new values have 6 elements
2026-05-25 15:26:46 INFO Length mismatch: Expected axis has 0 elements, new values have 6 elements
2026-05-25 15:26:51 INFO Length mismatch: Expected axis has 0 elements, new values have 6 elements
2026-05-25 15:26:51 WARNING [023530] trader fetch 실패. 수급 0으로 채움.
2026-05-25 15:26:51 INFO [HOLIDAY] 023530 롯데쇼핑: 신규 거래일 없음 (휴장 또는 미정산)
2026-05-25 15:26:51 INFO Length mismatch: Expected axis has 0 elements, new values have 13 elements
2026-05-25 15:26:54 INFO Length mismatch: Expected axis has 0 elements, new values have 13 elements
2026-05-25 15:26:58 INFO Length mismatch: Expected axis has 0 elements, new values have 13 elements
2026-05-25 15:26:58 INFO Length mismatch: Expected axis has 0 elements, new values have 6 elements
2026-05-25 15:27:00 INFO Length mismatch: Expected axis has 0 elements, new values have 6 elements
2026-05-25 15:27:04 INFO Length mismatch: Expected axis has 0 elements, new values have 6 elements
2026-05-25 15:27:04 WARNING [280360] trader fetch 실패. 수급 0으로 채움.
2026-05-25 15:27:04 INFO [HOLIDAY] 280360 롯데웰푸드: 신규 거래일 없음 (휴장 또는 미정산)
2026-05-25 15:27:05 INFO Length mismatch: Expected axis has 0 elements, new values have 13 elements
2026-05-25 15:27:07 INFO Length mismatch: Expected axis has 0 elements, new values have 13 elements
2026-05-25 15:27:12 INFO Length mismatch: Expected axis has 0 elements, new values have 13 elements
2026-05-25 15:27:12 INFO Length mismatch: Expected axis has 0 elements, new values have 6 elements
2026-05-25 15:27:14 INFO Length mismatch: Expected axis has 0 elements, new values have 6 elements
2026-05-25 15:27:18 INFO Length mismatch: Expected axis has 0 elements, new values have 6 elements
2026-05-25 15:27:18 WARNING [138040] trader fetch 실패. 수급 0으로 채움.
2026-05-25 15:27:18 INFO [HOLIDAY] 138040 메리츠금융지주: 신규 거래일 없음 (휴장 또는 미정산)
2026-05-25 15:27:19 INFO Length mismatch: Expected axis has 0 elements, new values have 13 elements
2026-05-25 15:27:21 INFO Length mismatch: Expected axis has 0 elements, new values have 13 elements
2026-05-25 15:27:25 INFO Length mismatch: Expected axis has 0 elements, new values have 13 elements
2026-05-25 15:27:26 INFO Length mismatch: Expected axis has 0 elements, new values have 6 elements
2026-05-25 15:27:28 INFO Length mismatch: Expected axis has 0 elements, new values have 6 elements
2026-05-25 15:27:32 INFO Length mismatch: Expected axis has 0 elements, new values have 6 elements
2026-05-25 15:27:32 WARNING [006800] trader fetch 실패. 수급 0으로 채움.
2026-05-25 15:27:32 INFO [HOLIDAY] 006800 미래에셋증권: 신규 거래일 없음 (휴장 또는 미정산)
2026-05-25 15:27:33 INFO Length mismatch: Expected axis has 0 elements, new values have 13 elements
2026-05-25 15:27:35 INFO Length mismatch: Expected axis has 0 elements, new values have 13 elements
2026-05-25 15:27:39 INFO Length mismatch: Expected axis has 0 elements, new values have 13 elements
2026-05-25 15:27:39 INFO Length mismatch: Expected axis has 0 elements, new values have 6 elements
2026-05-25 15:27:42 INFO Length mismatch: Expected axis has 0 elements, new values have 6 elements
2026-05-25 15:27:46 INFO Length mismatch: Expected axis has 0 elements, new values have 6 elements
2026-05-25 15:27:46 WARNING [081660] trader fetch 실패. 수급 0으로 채움.
2026-05-25 15:27:46 INFO [HOLIDAY] 081660 미스토홀딩스: 신규 거래일 없음 (휴장 또는 미정산)
2026-05-25 15:27:47 INFO Length mismatch: Expected axis has 0 elements, new values have 13 elements
2026-05-25 15:27:49 INFO Length mismatch: Expected axis has 0 elements, new values have 13 elements
2026-05-25 15:27:53 INFO Length mismatch: Expected axis has 0 elements, new values have 13 elements
2026-05-25 15:27:53 INFO Length mismatch: Expected axis has 0 elements, new values have 6 elements
2026-05-25 15:27:55 INFO Length mismatch: Expected axis has 0 elements, new values have 6 elements
2026-05-25 15:28:00 INFO Length mismatch: Expected axis has 0 elements, new values have 6 elements
2026-05-25 15:28:00 WARNING [002840] trader fetch 실패. 수급 0으로 채움.
2026-05-25 15:28:00 INFO [HOLIDAY] 002840 미원상사: 신규 거래일 없음 (휴장 또는 미정산)
2026-05-25 15:28:00 INFO Length mismatch: Expected axis has 0 elements, new values have 13 elements
2026-05-25 15:28:03 INFO Length mismatch: Expected axis has 0 elements, new values have 13 elements
2026-05-25 15:28:07 INFO Length mismatch: Expected axis has 0 elements, new values have 13 elements
2026-05-25 15:28:07 INFO Length mismatch: Expected axis has 0 elements, new values have 6 elements
2026-05-25 15:28:09 INFO Length mismatch: Expected axis has 0 elements, new values have 6 elements
2026-05-25 15:28:14 INFO Length mismatch: Expected axis has 0 elements, new values have 6 elements
2026-05-25 15:28:14 WARNING [268280] trader fetch 실패. 수급 0으로 채움.
2026-05-25 15:28:14 INFO [HOLIDAY] 268280 미원에스씨: 신규 거래일 없음 (휴장 또는 미정산)
2026-05-25 15:28:14 INFO Length mismatch: Expected axis has 0 elements, new values have 13 elements
2026-05-25 15:28:17 INFO Length mismatch: Expected axis has 0 elements, new values have 13 elements
2026-05-25 15:28:21 INFO Length mismatch: Expected axis has 0 elements, new values have 13 elements
2026-05-25 15:28:21 INFO Length mismatch: Expected axis has 0 elements, new values have 6 elements
2026-05-25 15:28:23 INFO Length mismatch: Expected axis has 0 elements, new values have 6 elements
2026-05-25 15:28:27 INFO Length mismatch: Expected axis has 0 elements, new values have 6 elements
2026-05-25 15:28:27 WARNING [035420] trader fetch 실패. 수급 0으로 채움.
2026-05-25 15:28:27 INFO [HOLIDAY] 035420 NAVER: 신규 거래일 없음 (휴장 또는 미정산)
2026-05-25 15:28:28 INFO Length mismatch: Expected axis has 0 elements, new values have 13 elements
2026-05-25 15:28:30 INFO Length mismatch: Expected axis has 0 elements, new values have 13 elements
2026-05-25 15:28:35 INFO Length mismatch: Expected axis has 0 elements, new values have 13 elements
2026-05-25 15:28:35 INFO Length mismatch: Expected axis has 0 elements, new values have 6 elements
2026-05-25 15:28:37 INFO Length mismatch: Expected axis has 0 elements, new values have 6 elements
2026-05-25 15:28:41 INFO Length mismatch: Expected axis has 0 elements, new values have 6 elements
2026-05-25 15:28:41 WARNING [036570] trader fetch 실패. 수급 0으로 채움.
2026-05-25 15:28:41 INFO [HOLIDAY] 036570 엔씨소프트: 신규 거래일 없음 (휴장 또는 미정산)
2026-05-25 15:28:42 INFO Length mismatch: Expected axis has 0 elements, new values have 13 elements
2026-05-25 15:28:44 INFO Length mismatch: Expected axis has 0 elements, new values have 13 elements
2026-05-25 15:28:48 INFO Length mismatch: Expected axis has 0 elements, new values have 13 elements
2026-05-25 15:28:48 INFO Length mismatch: Expected axis has 0 elements, new values have 6 elements
2026-05-25 15:28:51 INFO Length mismatch: Expected axis has 0 elements, new values have 6 elements
2026-05-25 15:28:55 INFO Length mismatch: Expected axis has 0 elements, new values have 6 elements
2026-05-25 15:28:55 WARNING [251270] trader fetch 실패. 수급 0으로 채움.
2026-05-25 15:28:55 INFO [HOLIDAY] 251270 넷마블: 신규 거래일 없음 (휴장 또는 미정산)
2026-05-25 15:28:56 INFO Length mismatch: Expected axis has 0 elements, new values have 13 elements
2026-05-25 15:28:58 INFO Length mismatch: Expected axis has 0 elements, new values have 13 elements
2026-05-25 15:29:02 INFO Length mismatch: Expected axis has 0 elements, new values have 13 elements
2026-05-25 15:29:02 INFO Length mismatch: Expected axis has 0 elements, new values have 6 elements
2026-05-25 15:29:04 INFO Length mismatch: Expected axis has 0 elements, new values have 6 elements
2026-05-25 15:29:09 INFO Length mismatch: Expected axis has 0 elements, new values have 6 elements
2026-05-25 15:29:09 WARNING [005940] trader fetch 실패. 수급 0으로 채움.
2026-05-25 15:29:09 INFO [HOLIDAY] 005940 NH투자증권: 신규 거래일 없음 (휴장 또는 미정산)
2026-05-25 15:29:09 INFO Length mismatch: Expected axis has 0 elements, new values have 13 elements
2026-05-25 15:29:12 INFO Length mismatch: Expected axis has 0 elements, new values have 13 elements
2026-05-25 15:29:16 INFO Length mismatch: Expected axis has 0 elements, new values have 13 elements
2026-05-25 15:29:16 INFO Length mismatch: Expected axis has 0 elements, new values have 6 elements
2026-05-25 15:29:18 INFO Length mismatch: Expected axis has 0 elements, new values have 6 elements
2026-05-25 15:29:22 INFO Length mismatch: Expected axis has 0 elements, new values have 6 elements
2026-05-25 15:29:22 WARNING [004370] trader fetch 실패. 수급 0으로 채움.
2026-05-25 15:29:22 INFO [HOLIDAY] 004370 농심: 신규 거래일 없음 (휴장 또는 미정산)
2026-05-25 15:29:23 INFO Length mismatch: Expected axis has 0 elements, new values have 13 elements
2026-05-25 15:29:26 INFO Length mismatch: Expected axis has 0 elements, new values have 13 elements
2026-05-25 15:29:30 INFO Length mismatch: Expected axis has 0 elements, new values have 13 elements
2026-05-25 15:29:30 INFO Length mismatch: Expected axis has 0 elements, new values have 6 elements
2026-05-25 15:29:32 INFO Length mismatch: Expected axis has 0 elements, new values have 6 elements
2026-05-25 15:29:36 INFO Length mismatch: Expected axis has 0 elements, new values have 6 elements
2026-05-25 15:29:36 WARNING [010060] trader fetch 실패. 수급 0으로 채움.
2026-05-25 15:29:36 INFO [HOLIDAY] 010060 OCI홀딩스: 신규 거래일 없음 (휴장 또는 미정산)
2026-05-25 15:29:37 INFO Length mismatch: Expected axis has 0 elements, new values have 13 elements
2026-05-25 15:29:39 INFO Length mismatch: Expected axis has 0 elements, new values have 13 elements
2026-05-25 15:29:43 INFO Length mismatch: Expected axis has 0 elements, new values have 13 elements
2026-05-25 15:29:44 INFO Length mismatch: Expected axis has 0 elements, new values have 6 elements
2026-05-25 15:29:46 INFO Length mismatch: Expected axis has 0 elements, new values have 6 elements
2026-05-25 15:29:50 INFO Length mismatch: Expected axis has 0 elements, new values have 6 elements
2026-05-25 15:29:50 WARNING [271560] trader fetch 실패. 수급 0으로 채움.
2026-05-25 15:29:50 INFO [HOLIDAY] 271560 오리온: 신규 거래일 없음 (휴장 또는 미정산)
2026-05-25 15:29:51 INFO Length mismatch: Expected axis has 0 elements, new values have 13 elements
2026-05-25 15:29:53 INFO Length mismatch: Expected axis has 0 elements, new values have 13 elements
2026-05-25 15:29:57 INFO Length mismatch: Expected axis has 0 elements, new values have 13 elements
2026-05-25 15:29:58 INFO Length mismatch: Expected axis has 0 elements, new values have 6 elements
2026-05-25 15:30:00 INFO Length mismatch: Expected axis has 0 elements, new values have 6 elements
2026-05-25 15:30:04 INFO Length mismatch: Expected axis has 0 elements, new values have 6 elements
2026-05-25 15:30:04 WARNING [001800] trader fetch 실패. 수급 0으로 채움.
2026-05-25 15:30:04 INFO [HOLIDAY] 001800 오리온홀딩스: 신규 거래일 없음 (휴장 또는 미정산)
2026-05-25 15:30:05 INFO Length mismatch: Expected axis has 0 elements, new values have 13 elements
2026-05-25 15:30:07 INFO Length mismatch: Expected axis has 0 elements, new values have 13 elements
2026-05-25 15:30:11 INFO Length mismatch: Expected axis has 0 elements, new values have 13 elements
2026-05-25 15:30:12 INFO Length mismatch: Expected axis has 0 elements, new values have 6 elements
2026-05-25 15:30:14 INFO Length mismatch: Expected axis has 0 elements, new values have 6 elements
2026-05-25 15:30:18 INFO Length mismatch: Expected axis has 0 elements, new values have 6 elements
2026-05-25 15:30:18 WARNING [007310] trader fetch 실패. 수급 0으로 채움.
2026-05-25 15:30:18 INFO [HOLIDAY] 007310 오뚜기: 신규 거래일 없음 (휴장 또는 미정산)
2026-05-25 15:30:19 INFO Length mismatch: Expected axis has 0 elements, new values have 13 elements
2026-05-25 15:30:21 INFO Length mismatch: Expected axis has 0 elements, new values have 13 elements
2026-05-25 15:30:25 INFO Length mismatch: Expected axis has 0 elements, new values have 13 elements
2026-05-25 15:30:25 INFO Length mismatch: Expected axis has 0 elements, new values have 6 elements
2026-05-25 15:30:28 INFO Length mismatch: Expected axis has 0 elements, new values have 6 elements
2026-05-25 15:30:32 INFO Length mismatch: Expected axis has 0 elements, new values have 6 elements
2026-05-25 15:30:32 WARNING [028670] trader fetch 실패. 수급 0으로 채움.
2026-05-25 15:30:32 INFO [HOLIDAY] 028670 팬오션: 신규 거래일 없음 (휴장 또는 미정산)
2026-05-25 15:30:33 INFO Length mismatch: Expected axis has 0 elements, new values have 13 elements
2026-05-25 15:30:35 INFO Length mismatch: Expected axis has 0 elements, new values have 13 elements
2026-05-25 15:30:39 INFO Length mismatch: Expected axis has 0 elements, new values have 13 elements
2026-05-25 15:30:39 INFO Length mismatch: Expected axis has 0 elements, new values have 6 elements
2026-05-25 15:30:41 INFO Length mismatch: Expected axis has 0 elements, new values have 6 elements
2026-05-25 15:30:46 INFO Length mismatch: Expected axis has 0 elements, new values have 6 elements
2026-05-25 15:30:46 WARNING [034230] trader fetch 실패. 수급 0으로 채움.
2026-05-25 15:30:46 INFO [HOLIDAY] 034230 파라다이스: 신규 거래일 없음 (휴장 또는 미정산)
2026-05-25 15:30:46 INFO Length mismatch: Expected axis has 0 elements, new values have 13 elements
2026-05-25 15:30:49 INFO Length mismatch: Expected axis has 0 elements, new values have 13 elements
2026-05-25 15:30:53 INFO Length mismatch: Expected axis has 0 elements, new values have 13 elements
2026-05-25 15:30:53 INFO Length mismatch: Expected axis has 0 elements, new values have 6 elements
2026-05-25 15:30:55 INFO Length mismatch: Expected axis has 0 elements, new values have 6 elements
2026-05-25 15:30:59 INFO Length mismatch: Expected axis has 0 elements, new values have 6 elements
2026-05-25 15:30:59 WARNING [103140] trader fetch 실패. 수급 0으로 채움.
2026-05-25 15:30:59 INFO [HOLIDAY] 103140 풍산: 신규 거래일 없음 (휴장 또는 미정산)
2026-05-25 15:31:00 INFO Length mismatch: Expected axis has 0 elements, new values have 13 elements
2026-05-25 15:31:03 INFO Length mismatch: Expected axis has 0 elements, new values have 13 elements
2026-05-25 15:31:07 INFO Length mismatch: Expected axis has 0 elements, new values have 13 elements
2026-05-25 15:31:07 INFO Length mismatch: Expected axis has 0 elements, new values have 6 elements
2026-05-25 15:31:09 INFO Length mismatch: Expected axis has 0 elements, new values have 6 elements
2026-05-25 15:31:13 INFO Length mismatch: Expected axis has 0 elements, new values have 6 elements
2026-05-25 15:31:13 WARNING [022100] trader fetch 실패. 수급 0으로 채움.
2026-05-25 15:31:13 INFO [HOLIDAY] 022100 포스코DX: 신규 거래일 없음 (휴장 또는 미정산)
2026-05-25 15:31:14 INFO Length mismatch: Expected axis has 0 elements, new values have 13 elements
2026-05-25 15:31:16 INFO Length mismatch: Expected axis has 0 elements, new values have 13 elements
2026-05-25 15:31:20 INFO Length mismatch: Expected axis has 0 elements, new values have 13 elements
2026-05-25 15:31:21 INFO Length mismatch: Expected axis has 0 elements, new values have 6 elements
2026-05-25 15:31:23 INFO Length mismatch: Expected axis has 0 elements, new values have 6 elements
2026-05-25 15:31:27 INFO Length mismatch: Expected axis has 0 elements, new values have 6 elements
2026-05-25 15:31:27 WARNING [003670] trader fetch 실패. 수급 0으로 채움.
2026-05-25 15:31:27 INFO [HOLIDAY] 003670 포스코퓨처엠: 신규 거래일 없음 (휴장 또는 미정산)
2026-05-25 15:31:28 INFO Length mismatch: Expected axis has 0 elements, new values have 13 elements
2026-05-25 15:31:30 INFO Length mismatch: Expected axis has 0 elements, new values have 13 elements
2026-05-25 15:31:34 INFO Length mismatch: Expected axis has 0 elements, new values have 13 elements
2026-05-25 15:31:34 INFO Length mismatch: Expected axis has 0 elements, new values have 6 elements
2026-05-25 15:31:37 INFO Length mismatch: Expected axis has 0 elements, new values have 6 elements
2026-05-25 15:31:41 INFO Length mismatch: Expected axis has 0 elements, new values have 6 elements
2026-05-25 15:31:41 WARNING [047050] trader fetch 실패. 수급 0으로 채움.
2026-05-25 15:31:41 INFO [HOLIDAY] 047050 포스코인터내셔널: 신규 거래일 없음 (휴장 또는 미정산)
2026-05-25 15:31:42 INFO Length mismatch: Expected axis has 0 elements, new values have 13 elements
2026-05-25 15:31:44 INFO Length mismatch: Expected axis has 0 elements, new values have 13 elements
2026-05-25 15:31:48 INFO Length mismatch: Expected axis has 0 elements, new values have 13 elements
2026-05-25 15:31:48 INFO Length mismatch: Expected axis has 0 elements, new values have 6 elements
2026-05-25 15:31:50 INFO Length mismatch: Expected axis has 0 elements, new values have 6 elements
2026-05-25 15:31:55 INFO Length mismatch: Expected axis has 0 elements, new values have 6 elements
2026-05-25 15:31:55 WARNING [012750] trader fetch 실패. 수급 0으로 채움.
2026-05-25 15:31:55 INFO [HOLIDAY] 012750 에스원: 신규 거래일 없음 (휴장 또는 미정산)
2026-05-25 15:31:55 INFO Length mismatch: Expected axis has 0 elements, new values have 13 elements
2026-05-25 15:31:58 INFO Length mismatch: Expected axis has 0 elements, new values have 13 elements
2026-05-25 15:32:02 INFO Length mismatch: Expected axis has 0 elements, new values have 13 elements
2026-05-25 15:32:02 INFO Length mismatch: Expected axis has 0 elements, new values have 6 elements
2026-05-25 15:32:04 INFO Length mismatch: Expected axis has 0 elements, new values have 6 elements
2026-05-25 15:32:08 INFO Length mismatch: Expected axis has 0 elements, new values have 6 elements
2026-05-25 15:32:08 WARNING [062040] trader fetch 실패. 수급 0으로 채움.
2026-05-25 15:32:08 INFO [HOLIDAY] 062040 산일전기: 신규 거래일 없음 (휴장 또는 미정산)
2026-05-25 15:32:09 INFO Length mismatch: Expected axis has 0 elements, new values have 13 elements
2026-05-25 15:32:11 INFO Length mismatch: Expected axis has 0 elements, new values have 13 elements
2026-05-25 15:32:16 INFO Length mismatch: Expected axis has 0 elements, new values have 13 elements
2026-05-25 15:32:16 INFO Length mismatch: Expected axis has 0 elements, new values have 6 elements
2026-05-25 15:32:18 INFO Length mismatch: Expected axis has 0 elements, new values have 6 elements
2026-05-25 15:32:22 INFO Length mismatch: Expected axis has 0 elements, new values have 6 elements
2026-05-25 15:32:22 WARNING [207940] trader fetch 실패. 수급 0으로 채움.
2026-05-25 15:32:22 INFO [HOLIDAY] 207940 삼성바이오로직스: 신규 거래일 없음 (휴장 또는 미정산)
2026-05-25 15:32:23 INFO Length mismatch: Expected axis has 0 elements, new values have 13 elements
2026-05-25 15:32:25 INFO Length mismatch: Expected axis has 0 elements, new values have 13 elements
2026-05-25 15:32:29 INFO Length mismatch: Expected axis has 0 elements, new values have 13 elements
2026-05-25 15:32:30 INFO Length mismatch: Expected axis has 0 elements, new values have 6 elements
2026-05-25 15:32:32 INFO Length mismatch: Expected axis has 0 elements, new values have 6 elements
2026-05-25 15:32:36 INFO Length mismatch: Expected axis has 0 elements, new values have 6 elements
2026-05-25 15:32:36 WARNING [029780] trader fetch 실패. 수급 0으로 채움.
2026-05-25 15:32:36 INFO [HOLIDAY] 029780 삼성카드: 신규 거래일 없음 (휴장 또는 미정산)
2026-05-25 15:32:37 INFO Length mismatch: Expected axis has 0 elements, new values have 13 elements
2026-05-25 15:32:39 INFO Length mismatch: Expected axis has 0 elements, new values have 13 elements
2026-05-25 15:32:43 INFO Length mismatch: Expected axis has 0 elements, new values have 13 elements
2026-05-25 15:32:43 INFO Length mismatch: Expected axis has 0 elements, new values have 6 elements
2026-05-25 15:32:46 INFO Length mismatch: Expected axis has 0 elements, new values have 6 elements
2026-05-25 15:32:50 INFO Length mismatch: Expected axis has 0 elements, new values have 6 elements
2026-05-25 15:32:50 WARNING [028050] trader fetch 실패. 수급 0으로 채움.
2026-05-25 15:32:50 INFO [HOLIDAY] 028050 삼성E&A: 신규 거래일 없음 (휴장 또는 미정산)
2026-05-25 15:32:51 INFO Length mismatch: Expected axis has 0 elements, new values have 13 elements
2026-05-25 15:32:53 INFO Length mismatch: Expected axis has 0 elements, new values have 13 elements
2026-05-25 15:32:57 INFO Length mismatch: Expected axis has 0 elements, new values have 13 elements
2026-05-25 15:32:57 INFO Length mismatch: Expected axis has 0 elements, new values have 6 elements
2026-05-25 15:33:00 INFO Length mismatch: Expected axis has 0 elements, new values have 6 elements
2026-05-25 15:33:04 INFO Length mismatch: Expected axis has 0 elements, new values have 6 elements
2026-05-25 15:33:04 WARNING [000810] trader fetch 실패. 수급 0으로 채움.
2026-05-25 15:33:04 INFO [HOLIDAY] 000810 삼성화재: 신규 거래일 없음 (휴장 또는 미정산)
2026-05-25 15:33:05 INFO Length mismatch: Expected axis has 0 elements, new values have 13 elements
2026-05-25 15:33:07 INFO Length mismatch: Expected axis has 0 elements, new values have 13 elements
2026-05-25 15:33:11 INFO Length mismatch: Expected axis has 0 elements, new values have 13 elements
2026-05-25 15:33:11 INFO Length mismatch: Expected axis has 0 elements, new values have 6 elements
2026-05-25 15:33:14 INFO Length mismatch: Expected axis has 0 elements, new values have 6 elements
2026-05-25 15:33:18 INFO Length mismatch: Expected axis has 0 elements, new values have 6 elements
2026-05-25 15:33:18 WARNING [032830] trader fetch 실패. 수급 0으로 채움.
2026-05-25 15:33:18 INFO [HOLIDAY] 032830 삼성생명: 신규 거래일 없음 (휴장 또는 미정산)
2026-05-25 15:33:19 INFO Length mismatch: Expected axis has 0 elements, new values have 13 elements
2026-05-25 15:33:21 INFO Length mismatch: Expected axis has 0 elements, new values have 13 elements
2026-05-25 15:33:25 INFO Length mismatch: Expected axis has 0 elements, new values have 13 elements
2026-05-25 15:33:25 INFO Length mismatch: Expected axis has 0 elements, new values have 6 elements
2026-05-25 15:33:28 INFO Length mismatch: Expected axis has 0 elements, new values have 6 elements
2026-05-25 15:33:32 INFO Length mismatch: Expected axis has 0 elements, new values have 6 elements
2026-05-25 15:33:32 WARNING [016360] trader fetch 실패. 수급 0으로 채움.
2026-05-25 15:33:32 INFO [HOLIDAY] 016360 삼성증권: 신규 거래일 없음 (휴장 또는 미정산)
2026-05-25 15:33:33 INFO Length mismatch: Expected axis has 0 elements, new values have 13 elements
2026-05-25 15:33:35 INFO Length mismatch: Expected axis has 0 elements, new values have 13 elements
2026-05-25 15:33:39 INFO Length mismatch: Expected axis has 0 elements, new values have 13 elements
2026-05-25 15:33:39 INFO Length mismatch: Expected axis has 0 elements, new values have 6 elements
2026-05-25 15:33:42 INFO Length mismatch: Expected axis has 0 elements, new values have 6 elements
2026-05-25 15:33:46 INFO Length mismatch: Expected axis has 0 elements, new values have 6 elements
2026-05-25 15:33:46 WARNING [003230] trader fetch 실패. 수급 0으로 채움.
2026-05-25 15:33:46 INFO [HOLIDAY] 003230 삼양식품: 신규 거래일 없음 (휴장 또는 미정산)
2026-05-25 15:33:47 INFO Length mismatch: Expected axis has 0 elements, new values have 13 elements
2026-05-25 15:33:49 INFO Length mismatch: Expected axis has 0 elements, new values have 13 elements
2026-05-25 15:33:53 INFO Length mismatch: Expected axis has 0 elements, new values have 13 elements
2026-05-25 15:33:53 INFO Length mismatch: Expected axis has 0 elements, new values have 6 elements
2026-05-25 15:33:56 INFO Length mismatch: Expected axis has 0 elements, new values have 6 elements
2026-05-25 15:34:00 INFO Length mismatch: Expected axis has 0 elements, new values have 6 elements
2026-05-25 15:34:00 WARNING [137310] trader fetch 실패. 수급 0으로 채움.
2026-05-25 15:34:00 INFO [HOLIDAY] 137310 에스디바이오센서: 신규 거래일 없음 (휴장 또는 미정산)
2026-05-25 15:34:01 INFO Length mismatch: Expected axis has 0 elements, new values have 13 elements
2026-05-25 15:34:03 INFO Length mismatch: Expected axis has 0 elements, new values have 13 elements
2026-05-25 15:34:07 INFO Length mismatch: Expected axis has 0 elements, new values have 13 elements
2026-05-25 15:34:07 INFO Length mismatch: Expected axis has 0 elements, new values have 6 elements
2026-05-25 15:34:10 INFO Length mismatch: Expected axis has 0 elements, new values have 6 elements
2026-05-25 15:34:14 INFO Length mismatch: Expected axis has 0 elements, new values have 6 elements
2026-05-25 15:34:14 WARNING [001430] trader fetch 실패. 수급 0으로 채움.
2026-05-25 15:34:14 INFO [HOLIDAY] 001430 세아베스틸지주: 신규 거래일 없음 (휴장 또는 미정산)
2026-05-25 15:34:15 INFO Length mismatch: Expected axis has 0 elements, new values have 13 elements
2026-05-25 15:34:17 INFO Length mismatch: Expected axis has 0 elements, new values have 13 elements
2026-05-25 15:34:21 INFO Length mismatch: Expected axis has 0 elements, new values have 13 elements
2026-05-25 15:34:21 INFO Length mismatch: Expected axis has 0 elements, new values have 6 elements
2026-05-25 15:34:24 INFO Length mismatch: Expected axis has 0 elements, new values have 6 elements
2026-05-25 15:34:28 INFO Length mismatch: Expected axis has 0 elements, new values have 6 elements
2026-05-25 15:34:28 WARNING [003030] trader fetch 실패. 수급 0으로 채움.
2026-05-25 15:34:28 INFO [HOLIDAY] 003030 세아제강지주: 신규 거래일 없음 (휴장 또는 미정산)
2026-05-25 15:34:29 INFO Length mismatch: Expected axis has 0 elements, new values have 13 elements
2026-05-25 15:34:31 INFO Length mismatch: Expected axis has 0 elements, new values have 13 elements
2026-05-25 15:34:35 INFO Length mismatch: Expected axis has 0 elements, new values have 13 elements
2026-05-25 15:34:35 INFO Length mismatch: Expected axis has 0 elements, new values have 6 elements
2026-05-25 15:34:38 INFO Length mismatch: Expected axis has 0 elements, new values have 6 elements
2026-05-25 15:34:42 INFO Length mismatch: Expected axis has 0 elements, new values have 6 elements
2026-05-25 15:34:42 WARNING [004490] trader fetch 실패. 수급 0으로 채움.
2026-05-25 15:34:42 INFO [HOLIDAY] 004490 세방전지: 신규 거래일 없음 (휴장 또는 미정산)
2026-05-25 15:34:43 INFO Length mismatch: Expected axis has 0 elements, new values have 13 elements
2026-05-25 15:34:45 INFO Length mismatch: Expected axis has 0 elements, new values have 13 elements
2026-05-25 15:34:49 INFO Length mismatch: Expected axis has 0 elements, new values have 13 elements
2026-05-25 15:34:49 INFO Length mismatch: Expected axis has 0 elements, new values have 6 elements
2026-05-25 15:34:51 INFO Length mismatch: Expected axis has 0 elements, new values have 6 elements
2026-05-25 15:34:56 INFO Length mismatch: Expected axis has 0 elements, new values have 6 elements
2026-05-25 15:34:56 WARNING [055550] trader fetch 실패. 수급 0으로 채움.
2026-05-25 15:34:56 INFO [HOLIDAY] 055550 신한지주: 신규 거래일 없음 (휴장 또는 미정산)
2026-05-25 15:34:56 INFO Length mismatch: Expected axis has 0 elements, new values have 13 elements
2026-05-25 15:34:59 INFO Length mismatch: Expected axis has 0 elements, new values have 13 elements
2026-05-25 15:35:03 INFO Length mismatch: Expected axis has 0 elements, new values have 13 elements
2026-05-25 15:35:03 INFO Length mismatch: Expected axis has 0 elements, new values have 6 elements
2026-05-25 15:35:05 INFO Length mismatch: Expected axis has 0 elements, new values have 6 elements
2026-05-25 15:35:09 INFO Length mismatch: Expected axis has 0 elements, new values have 6 elements
2026-05-25 15:35:09 WARNING [004170] trader fetch 실패. 수급 0으로 채움.
2026-05-25 15:35:09 INFO [HOLIDAY] 004170 신세계: 신규 거래일 없음 (휴장 또는 미정산)
2026-05-25 15:35:10 INFO Length mismatch: Expected axis has 0 elements, new values have 13 elements
2026-05-25 15:35:12 INFO Length mismatch: Expected axis has 0 elements, new values have 13 elements
2026-05-25 15:35:17 INFO Length mismatch: Expected axis has 0 elements, new values have 13 elements
2026-05-25 15:35:17 INFO Length mismatch: Expected axis has 0 elements, new values have 6 elements
2026-05-25 15:35:19 INFO Length mismatch: Expected axis has 0 elements, new values have 6 elements
2026-05-25 15:35:23 INFO Length mismatch: Expected axis has 0 elements, new values have 6 elements
2026-05-25 15:35:23 WARNING [326030] trader fetch 실패. 수급 0으로 채움.
2026-05-25 15:35:23 INFO [HOLIDAY] 326030 SK바이오팜: 신규 거래일 없음 (휴장 또는 미정산)
2026-05-25 15:35:24 INFO Length mismatch: Expected axis has 0 elements, new values have 13 elements
2026-05-25 15:35:26 INFO Length mismatch: Expected axis has 0 elements, new values have 13 elements
2026-05-25 15:35:30 INFO Length mismatch: Expected axis has 0 elements, new values have 13 elements
2026-05-25 15:35:31 INFO Length mismatch: Expected axis has 0 elements, new values have 6 elements
2026-05-25 15:35:33 INFO Length mismatch: Expected axis has 0 elements, new values have 6 elements
2026-05-25 15:35:37 INFO Length mismatch: Expected axis has 0 elements, new values have 6 elements
2026-05-25 15:35:37 WARNING [302440] trader fetch 실패. 수급 0으로 채움.
2026-05-25 15:35:37 INFO [HOLIDAY] 302440 SK바이오사이언스: 신규 거래일 없음 (휴장 또는 미정산)
2026-05-25 15:35:38 INFO Length mismatch: Expected axis has 0 elements, new values have 13 elements
2026-05-25 15:35:40 INFO Length mismatch: Expected axis has 0 elements, new values have 13 elements
2026-05-25 15:35:45 INFO Length mismatch: Expected axis has 0 elements, new values have 13 elements
2026-05-25 15:35:45 INFO Length mismatch: Expected axis has 0 elements, new values have 6 elements
2026-05-25 15:35:47 INFO Length mismatch: Expected axis has 0 elements, new values have 6 elements
2026-05-25 15:35:51 INFO Length mismatch: Expected axis has 0 elements, new values have 6 elements
2026-05-25 15:35:51 WARNING [285130] trader fetch 실패. 수급 0으로 채움.
2026-05-25 15:35:51 INFO [HOLIDAY] 285130 SK케미칼: 신규 거래일 없음 (휴장 또는 미정산)
2026-05-25 15:35:52 INFO Length mismatch: Expected axis has 0 elements, new values have 13 elements
2026-05-25 15:35:54 INFO Length mismatch: Expected axis has 0 elements, new values have 13 elements
2026-05-25 15:35:58 INFO Length mismatch: Expected axis has 0 elements, new values have 13 elements
2026-05-25 15:35:59 INFO Length mismatch: Expected axis has 0 elements, new values have 6 elements
2026-05-25 15:36:01 INFO Length mismatch: Expected axis has 0 elements, new values have 6 elements
2026-05-25 15:36:05 INFO Length mismatch: Expected axis has 0 elements, new values have 6 elements
2026-05-25 15:36:05 WARNING [361610] trader fetch 실패. 수급 0으로 채움.
2026-05-25 15:36:05 INFO [HOLIDAY] 361610 SKIET: 신규 거래일 없음 (휴장 또는 미정산)
2026-05-25 15:36:06 INFO Length mismatch: Expected axis has 0 elements, new values have 13 elements
2026-05-25 15:36:08 INFO Length mismatch: Expected axis has 0 elements, new values have 13 elements
2026-05-25 15:36:12 INFO Length mismatch: Expected axis has 0 elements, new values have 13 elements
2026-05-25 15:36:13 INFO Length mismatch: Expected axis has 0 elements, new values have 6 elements
2026-05-25 15:36:15 INFO Length mismatch: Expected axis has 0 elements, new values have 6 elements
2026-05-25 15:36:19 INFO Length mismatch: Expected axis has 0 elements, new values have 6 elements
2026-05-25 15:36:19 WARNING [017670] trader fetch 실패. 수급 0으로 채움.
2026-05-25 15:36:19 INFO [HOLIDAY] 017670 SK텔레콤: 신규 거래일 없음 (휴장 또는 미정산)
2026-05-25 15:36:20 INFO Length mismatch: Expected axis has 0 elements, new values have 13 elements
2026-05-25 15:36:22 INFO Length mismatch: Expected axis has 0 elements, new values have 13 elements
2026-05-25 15:36:26 INFO Length mismatch: Expected axis has 0 elements, new values have 13 elements
2026-05-25 15:36:26 INFO Length mismatch: Expected axis has 0 elements, new values have 6 elements
2026-05-25 15:36:29 INFO Length mismatch: Expected axis has 0 elements, new values have 6 elements
2026-05-25 15:36:33 INFO Length mismatch: Expected axis has 0 elements, new values have 6 elements
2026-05-25 15:36:33 WARNING [011790] trader fetch 실패. 수급 0으로 채움.
2026-05-25 15:36:33 INFO [HOLIDAY] 011790 SKC: 신규 거래일 없음 (휴장 또는 미정산)
2026-05-25 15:36:34 INFO Length mismatch: Expected axis has 0 elements, new values have 13 elements
2026-05-25 15:36:36 INFO Length mismatch: Expected axis has 0 elements, new values have 13 elements
2026-05-25 15:36:40 INFO Length mismatch: Expected axis has 0 elements, new values have 13 elements
2026-05-25 15:36:40 INFO Length mismatch: Expected axis has 0 elements, new values have 6 elements
2026-05-25 15:36:43 INFO Length mismatch: Expected axis has 0 elements, new values have 6 elements
2026-05-25 15:36:47 INFO Length mismatch: Expected axis has 0 elements, new values have 6 elements
2026-05-25 15:36:47 WARNING [005850] trader fetch 실패. 수급 0으로 채움.
2026-05-25 15:36:47 INFO [HOLIDAY] 005850 에스엘: 신규 거래일 없음 (휴장 또는 미정산)
2026-05-25 15:36:48 INFO Length mismatch: Expected axis has 0 elements, new values have 13 elements
2026-05-25 15:36:50 INFO Length mismatch: Expected axis has 0 elements, new values have 13 elements
2026-05-25 15:36:54 INFO Length mismatch: Expected axis has 0 elements, new values have 13 elements
2026-05-25 15:36:54 INFO Length mismatch: Expected axis has 0 elements, new values have 6 elements
2026-05-25 15:36:57 INFO Length mismatch: Expected axis has 0 elements, new values have 6 elements
2026-05-25 15:37:01 INFO Length mismatch: Expected axis has 0 elements, new values have 6 elements
2026-05-25 15:37:01 WARNING [010950] trader fetch 실패. 수급 0으로 채움.
2026-05-25 15:37:01 INFO [HOLIDAY] 010950 S-Oil: 신규 거래일 없음 (휴장 또는 미정산)
2026-05-25 15:37:02 INFO Length mismatch: Expected axis has 0 elements, new values have 13 elements
2026-05-25 15:37:04 INFO Length mismatch: Expected axis has 0 elements, new values have 13 elements
2026-05-25 15:37:09 INFO Length mismatch: Expected axis has 0 elements, new values have 13 elements
2026-05-25 15:37:09 INFO Length mismatch: Expected axis has 0 elements, new values have 6 elements
2026-05-25 15:37:11 INFO Length mismatch: Expected axis has 0 elements, new values have 6 elements
2026-05-25 15:37:15 INFO Length mismatch: Expected axis has 0 elements, new values have 6 elements
2026-05-25 15:37:15 WARNING [003240] trader fetch 실패. 수급 0으로 채움.
2026-05-25 15:37:15 INFO [HOLIDAY] 003240 태광산업: 신규 거래일 없음 (휴장 또는 미정산)
2026-05-25 15:37:16 INFO Length mismatch: Expected axis has 0 elements, new values have 13 elements
2026-05-25 15:37:19 INFO Length mismatch: Expected axis has 0 elements, new values have 13 elements
2026-05-25 15:37:23 INFO Length mismatch: Expected axis has 0 elements, new values have 13 elements
2026-05-25 15:37:23 INFO Length mismatch: Expected axis has 0 elements, new values have 6 elements
2026-05-25 15:37:26 INFO Length mismatch: Expected axis has 0 elements, new values have 6 elements
2026-05-25 15:37:30 INFO Length mismatch: Expected axis has 0 elements, new values have 6 elements
2026-05-25 15:37:30 WARNING [001440] trader fetch 실패. 수급 0으로 채움.
2026-05-25 15:37:30 INFO [HOLIDAY] 001440 대한전선: 신규 거래일 없음 (휴장 또는 미정산)
2026-05-25 15:37:31 INFO Length mismatch: Expected axis has 0 elements, new values have 13 elements
2026-05-25 15:37:33 INFO Length mismatch: Expected axis has 0 elements, new values have 13 elements
2026-05-25 15:37:37 INFO Length mismatch: Expected axis has 0 elements, new values have 13 elements
2026-05-25 15:37:37 INFO Length mismatch: Expected axis has 0 elements, new values have 6 elements
2026-05-25 15:37:40 INFO Length mismatch: Expected axis has 0 elements, new values have 6 elements
2026-05-25 15:37:44 INFO Length mismatch: Expected axis has 0 elements, new values have 6 elements
2026-05-25 15:37:44 WARNING [069260] trader fetch 실패. 수급 0으로 채움.
2026-05-25 15:37:44 INFO [HOLIDAY] 069260 휴켐스: 신규 거래일 없음 (휴장 또는 미정산)
2026-05-25 15:37:45 INFO Length mismatch: Expected axis has 0 elements, new values have 13 elements
2026-05-25 15:37:47 INFO Length mismatch: Expected axis has 0 elements, new values have 13 elements
2026-05-25 15:37:51 INFO Length mismatch: Expected axis has 0 elements, new values have 13 elements
2026-05-25 15:37:51 INFO Length mismatch: Expected axis has 0 elements, new values have 6 elements
2026-05-25 15:37:53 INFO Length mismatch: Expected axis has 0 elements, new values have 6 elements
2026-05-25 15:37:57 INFO Length mismatch: Expected axis has 0 elements, new values have 6 elements
2026-05-25 15:37:57 WARNING [316140] trader fetch 실패. 수급 0으로 채움.
2026-05-25 15:37:57 INFO [HOLIDAY] 316140 우리금융지주: 신규 거래일 없음 (휴장 또는 미정산)
2026-05-25 15:37:58 INFO Length mismatch: Expected axis has 0 elements, new values have 13 elements
2026-05-25 15:38:01 INFO Length mismatch: Expected axis has 0 elements, new values have 13 elements
2026-05-25 15:38:05 INFO Length mismatch: Expected axis has 0 elements, new values have 13 elements
2026-05-25 15:38:05 INFO Length mismatch: Expected axis has 0 elements, new values have 6 elements
2026-05-25 15:38:07 INFO Length mismatch: Expected axis has 0 elements, new values have 6 elements
2026-05-25 15:38:12 INFO Length mismatch: Expected axis has 0 elements, new values have 6 elements
2026-05-25 15:38:12 WARNING [008730] trader fetch 실패. 수급 0으로 채움.
2026-05-25 15:38:12 INFO [HOLIDAY] 008730 율촌화학: 신규 거래일 없음 (휴장 또는 미정산)
2026-05-25 15:38:13 INFO Length mismatch: Expected axis has 0 elements, new values have 13 elements
2026-05-25 15:38:15 INFO Length mismatch: Expected axis has 0 elements, new values have 13 elements
2026-05-25 15:38:19 INFO Length mismatch: Expected axis has 0 elements, new values have 13 elements
2026-05-25 15:38:19 INFO Length mismatch: Expected axis has 0 elements, new values have 6 elements
2026-05-25 15:38:21 INFO Length mismatch: Expected axis has 0 elements, new values have 6 elements
2026-05-25 15:38:25 INFO Length mismatch: Expected axis has 0 elements, new values have 6 elements
2026-05-25 15:38:25 WARNING [000670] trader fetch 실패. 수급 0으로 채움.
2026-05-25 15:38:25 INFO [HOLIDAY] 000670 영풍: 신규 거래일 없음 (휴장 또는 미정산)
2026-05-25 15:38:26 INFO Length mismatch: Expected axis has 0 elements, new values have 13 elements
2026-05-25 15:38:29 INFO Length mismatch: Expected axis has 0 elements, new values have 13 elements
2026-05-25 15:38:33 INFO Length mismatch: Expected axis has 0 elements, new values have 13 elements
2026-05-25 15:38:33 INFO Length mismatch: Expected axis has 0 elements, new values have 6 elements
2026-05-25 15:38:35 INFO Length mismatch: Expected axis has 0 elements, new values have 6 elements
2026-05-25 15:38:40 INFO Length mismatch: Expected axis has 0 elements, new values have 6 elements
2026-05-25 15:38:40 WARNING [111770] trader fetch 실패. 수급 0으로 채움.
2026-05-25 15:38:40 INFO [HOLIDAY] 111770 영원무역: 신규 거래일 없음 (휴장 또는 미정산)
2026-05-25 15:38:41 INFO Length mismatch: Expected axis has 0 elements, new values have 13 elements
2026-05-25 15:38:43 INFO Length mismatch: Expected axis has 0 elements, new values have 13 elements
2026-05-25 15:38:47 INFO Length mismatch: Expected axis has 0 elements, new values have 13 elements
2026-05-25 15:38:47 INFO Length mismatch: Expected axis has 0 elements, new values have 6 elements
2026-05-25 15:38:49 INFO Length mismatch: Expected axis has 0 elements, new values have 6 elements
2026-05-25 15:38:54 INFO Length mismatch: Expected axis has 0 elements, new values have 6 elements
2026-05-25 15:38:54 WARNING [009970] trader fetch 실패. 수급 0으로 채움.
2026-05-25 15:38:54 INFO [HOLIDAY] 009970 영원무역홀딩스: 신규 거래일 없음 (휴장 또는 미정산)
2026-05-25 15:38:54 INFO Length mismatch: Expected axis has 0 elements, new values have 13 elements
2026-05-25 15:38:57 INFO Length mismatch: Expected axis has 0 elements, new values have 13 elements
2026-05-25 15:39:01 INFO Length mismatch: Expected axis has 0 elements, new values have 13 elements
2026-05-25 15:39:01 INFO Length mismatch: Expected axis has 0 elements, new values have 6 elements
2026-05-25 15:39:03 INFO Length mismatch: Expected axis has 0 elements, new values have 6 elements
2026-05-25 15:39:08 INFO Length mismatch: Expected axis has 0 elements, new values have 6 elements
2026-05-25 15:39:08 WARNING [000100] trader fetch 실패. 수급 0으로 채움.
2026-05-25 15:39:08 INFO [HOLIDAY] 000100 유한양행: 신규 거래일 없음 (휴장 또는 미정산)
2026-05-25 15:39:08 INFO === Daily update done === stats: {'backfill': 0, 'update': 0, 'skip': 0, 'holiday': 199, 'archive': 0, 'error': 0}
