date,open,high,low,close,volume,trading_value,change_rate,individual_net,foreign_net,institution_net,pension_net,trust_net,privateequity_net,insurance_net,bank_net,financial_net,other_corp_net,other_foreign_net,other_finance_net
2016-05-26,217000,217500,209500,209500,56190,11771805000,-3.4562,1909,-14855,13251,6985,1130,609,4040,0,336,-284,-21,151
2016-05-27,211500,212000,205500,207000,77925,16130475000,-1.1933,13131,-6723,-7709,-1016,1350,1068,-1881,-463,-6531,1296,5,-236
2016-05-30,207000,207500,203000,205000,51797,10618385000,-0.9662,16073,-4459,-11739,-4503,-186,-1145,-1378,0,-4527,110,15,0
2016-05-31,204500,208000,204000,207500,64304,13343080000,1.2195,-4878,10360,-5582,2088,411,-1226,-711,0,-6144,0,100,0
2016-06-01,206000,207000,203000,203500,60462,12304017000,-1.9277,25373,-11595,-13573,464,-1580,-366,-5420,0,-6671,-223,18,0
2016-06-02,204500,205500,203000,203000,43621,8855063000,-0.2457,12032,-2672,-9394,317,-856,-1023,-3097,-302,-4433,-18,52,0
2016-06-03,203500,204500,202000,202500,52949,10722172500,-0.2463,20698,-30895,8997,8088,-936,-198,-224,6,2261,1255,-55,0
2016-06-07,202500,205500,202500,203500,34671,7055548500,0.4938,5051,-6148,1263,2767,-554,-1209,-2874,0,3133,-10,-156,0
2016-06-08,204500,205500,203500,205000,30863,6326915000,0.7371,-5059,4140,3711,2728,-555,150,-178,0,1566,-2792,0,0
2016-06-09,206000,206000,203000,203500,45931,9346958500,-0.7317,8139,-7375,-601,5576,-7025,-279,-2568,0,3695,-180,17,0
2016-06-10,204500,204500,202000,203000,38177,7749931000,-0.2457,7905,-6159,-1805,5249,-4072,728,-1546,-1741,-423,-143,202,0
2016-06-13,202500,205000,201500,203000,47639,9670717000,0.0,-12815,-11999,26280,6244,6654,11018,3415,0,-1019,-1478,12,-32
2016-06-14,203500,206000,202500,204000,42111,8590644000,0.4926,-6380,-19916,26237,12606,3890,1719,1513,0,6509,76,-17,0
2016-06-15,205000,205000,201500,202000,32827,6631054000,-0.9804,11126,-16632,5387,4538,679,-781,3395,-50,-2394,-41,160,0
2016-06-16,202500,204000,200500,200500,35813,7180506500,-0.7426,2264,-8849,6606,4061,2728,1038,3539,0,-4760,-33,12,0
2016-06-17,202000,203000,196000,197500,50590,9991525000,-1.4963,4680,-6658,1715,2593,966,-1707,-197,78,-18,216,47,0
2016-06-20,198500,200000,197500,198000,33393,6611814000,0.2532,6951,-3277,-1163,319,27,-66,-963,246,-658,-2565,54,-68
2016-06-21,198000,198000,193000,194000,60273,11692962000,-2.0202,22509,-16209,-10430,-5899,560,30,-2245,-466,-1775,4096,34,-635
2016-06-22,193000,195000,191500,193000,55338,10680234000,-0.5155,21381,-10356,-11416,-2320,-7380,0,-3731,4,2011,352,39,0
2016-06-23,193000,194000,191000,192500,34251,6593317500,-0.2591,-414,-5519,5654,3231,-8,0,1065,0,1366,270,9,0
2016-06-24,193500,194000,183500,186000,75226,13992036000,-3.3766,6260,-1386,-6561,-3691,-3219,502,1737,267,-2157,1644,43,0
2016-06-27,182500,196500,182000,195000,79462,15495090000,4.8387,-35926,18561,18850,5316,7827,-183,1369,126,4395,-1484,-1,0
2016-06-28,192000,194000,189500,191000,35188,6720908000,-2.0513,8968,-8467,-599,-141,314,-111,12,0,-673,38,60,0
2016-06-29,191000,193500,191000,192500,25232,4857160000,0.7853,1117,-2945,1705,971,2087,985,573,0,-2911,-40,163,0
2016-06-30,193500,195000,191500,195000,26564,5179980000,1.2987,-2298,8340,-6052,-2223,-512,238,177,0,-3732,10,0,0
2016-07-01,193500,197000,191500,194500,48846,9500547000,-0.2564,237,-21388,15958,90,-670,593,17212,0,-1267,381,4812,0
2016-07-04,195500,197000,193500,194500,39834,7747713000,0.0,-3247,-17811,17118,3796,1522,714,13735,0,-2649,-108,4048,0
2016-07-05,195000,197000,194000,197000,25459,5015423000,1.2853,-9818,-980,8596,2352,414,-2629,9340,0,-881,-260,2462,0
2016-07-06,197500,198000,191500,192000,31788,6103296000,-2.5381,9017,-11367,1468,2492,-1743,-309,-998,0,2026,1,881,0
2016-07-07,192500,195000,189500,190000,42899,8150810000,-1.0417,15627,-705,-14634,-3495,-2623,-6238,-1918,0,-360,-217,-71,0
2016-07-08,191000,192500,188000,191000,28916,5522956000,0.5263,1906,-3312,1456,-4562,-717,60,7345,0,-670,-37,-13,0
2016-07-11,191000,192500,189500,192500,26839,5166507500,0.7853,-3677,2225,1442,-406,-745,455,-23,0,2762,10,0,-601
2016-07-12,193000,193000,191000,192000,18531,3557952000,-0.2597,2624,-145,-2482,820,-128,-3485,-619,0,1512,0,3,-582
2016-07-13,192500,193500,188500,190000,59745,11351550000,-1.0417,20567,8608,-29505,-8084,-7243,-7276,-1209,0,-5151,328,2,-542
2016-07-14,190000,190500,188500,190500,26317,5013388500,0.2632,4822,3487,-8465,-2265,-2542,-632,-2147,0,-879,-12,168,0
2016-07-15,191000,194000,190000,193000,39609,7644537000,1.3123,-15625,8395,7402,1818,-1137,-334,9367,0,-2312,-10,-162,0
2016-07-18,192500,193500,190500,191500,24993,4786159500,-0.7772,5200,-9040,3879,2452,-2923,-17,3857,0,510,68,-107,0
2016-07-19,190500,193000,190000,191500,17398,3331717000,0.0,353,2414,-2830,2644,-2238,-1257,-384,0,-1595,63,0,0
2016-07-20,192000,192000,189500,191500,14396,2756834000,0.0,-2047,-1960,3484,4156,212,-344,46,0,-586,523,0,0
2016-07-21,190500,192000,190000,191000,18722,3575902000,-0.2611,475,-1528,983,2866,-2509,-1036,-857,0,2519,0,70,0
2016-07-22,190000,190500,189000,189500,27904,5287808000,-0.7853,9754,-4389,-5245,-4498,611,-1131,-1271,1,1043,-4,-116,0
2016-07-25,190000,190500,187000,189500,32150,6092425000,0.0,6590,6941,-13522,-10353,-2,135,-3428,0,126,-21,12,0
2016-07-26,189500,189500,187000,188000,30242,5685496000,-0.7916,8255,-7194,-970,-1,-771,-23,-3129,900,2054,-94,3,0
2016-07-27,188000,189000,187500,188500,26393,4975080500,0.266,1462,6904,-8205,90,-629,-4257,-2883,0,-526,-164,3,0
2016-07-28,188500,189000,186000,188000,29769,5596572000,-0.2653,6852,-4940,-2038,2437,-393,-1837,-1724,0,-521,122,4,0
2016-07-29,188000,188000,180500,182000,118119,21497658000,-3.1915,52761,-19687,-33410,-4227,-12940,-7503,-7737,0,-520,290,46,-483
2016-08-01,182000,183000,179500,182500,45543,8311597500,0.2747,10402,-4085,-6660,-1013,-6577,3,4232,0,-3305,340,3,0
2016-08-02,181000,184000,181000,183000,27285,4993155000,0.274,-3440,5856,-2571,-691,152,-189,-845,0,-2134,172,-17,1136
2016-08-03,181000,182000,180000,180500,21999,3970819500,-1.3661,12513,-8277,-4284,463,400,-620,-1572,0,-2955,71,-23,0
2016-08-04,181500,181500,179500,181500,26490,4807935000,0.554,8690,-1098,-7662,-1989,-2937,152,-3167,1000,-500,50,20,-221
2016-08-05,182000,184000,180500,182000,24120,4389840000,0.2755,3792,3192,-7072,-130,61,-141,-5551,0,-1311,-1,89,0
2016-08-08,181000,183000,180000,181500,21984,3990096000,-0.2747,3572,21,-3674,-2543,-2534,706,-587,0,1284,3,78,0
2016-08-09,181000,184500,180500,184000,29712,5467008000,1.3774,-8828,1763,7023,86,-849,-3,6215,-500,2074,0,42,0
2016-08-10,182500,185000,182500,184000,19463,3581192000,0.0,6259,-1781,-1657,-1765,-1592,175,-224,-700,2449,17,-2838,0
2016-08-11,183500,185500,182000,184500,27773,5124118500,0.2717,-1731,3922,-2201,-2954,-767,-164,-1694,-1231,5609,36,-26,-1000
2016-08-12,185000,187500,184000,186000,35326,6570636000,0.813,-8495,7234,1083,-1405,2098,-136,-3957,-991,5474,158,20,0
2016-08-16,187500,189000,186000,188500,39448,7435948000,1.3441,-10920,12370,-1201,306,-2304,209,-3604,0,4192,-200,-49,0
2016-08-17,188000,188500,185500,188500,31057,5854244500,0.0,-4234,1224,2865,-3082,-2701,2074,-293,0,6867,150,-5,0
2016-08-18,189000,189000,185500,186000,20450,3803700000,-1.3263,7165,-3476,-3688,-386,-978,-8,-2160,0,-156,-3,2,0
2016-08-19,184000,185000,180500,181500,43164,7834266000,-2.4194,21802,-3739,-18174,-13297,-1958,-226,-471,0,-2222,88,23,0
2016-08-22,181000,181000,178000,178500,43668,7794738000,-1.6529,15706,-11374,-4633,-4122,-1819,13,1481,0,-186,238,63,0
2016-08-23,179500,179500,175000,176500,53305,9408332500,-1.1204,23997,-9075,-14836,-7088,-3814,13,-2893,72,-1126,-129,43,0
2016-08-24,176500,180000,175000,179000,59087,10576573000,1.4164,8022,-1816,-6666,-11639,-1040,100,6068,0,-155,-1,461,0
2016-08-25,179000,182000,178500,180500,36739,6631389500,0.838,420,-9182,8732,3445,201,-188,10,0,5264,0,30,0
2016-08-26,184000,197500,184000,196500,238795,46923217500,8.8643,-97991,36271,56496,73,14994,18540,4073,-72,18888,-166,5390,0
2016-08-29,195500,201000,194500,197500,109564,21638890000,0.5089,-32879,-5044,38151,3041,12506,19063,1679,0,1862,204,-432,0
2016-08-30,197000,201000,192000,199500,90220,17998890000,1.0127,-17769,-19010,36331,-984,4976,23301,7930,0,1328,446,2,-220
2016-08-31,196500,206000,196000,203500,96578,19653623000,2.005,-36560,-2480,39808,6248,8345,19831,153,-7,5238,-779,11,0
2016-09-01,203000,204500,198000,199500,53003,10574098500,-1.9656,-4823,626,4221,1674,2872,-2061,178,0,1558,28,-52,0
2016-09-02,199500,204500,197500,203500,46559,9474756500,2.005,-14724,-11666,26452,17439,576,6365,1329,0,743,-40,-22,0
2016-09-05,203500,205000,202500,205000,37398,7666590000,0.7371,-12713,2278,10473,6926,4710,-1654,232,0,495,84,-122,-236
2016-09-06,205500,205500,199500,200000,48618,9723600000,-2.439,3259,-5539,2036,585,-1016,-404,4461,0,-1590,200,44,0
2016-09-07,199000,200500,197000,200500,42374,8495987000,0.25,-2949,-1956,4778,-736,1269,-1278,5695,-15,-157,143,-16,0
2016-09-08,199000,203500,196500,203500,47947,9757214500,1.4963,-5637,-4292,9825,3102,-1100,1316,7030,0,-292,134,-30,-231
2016-09-09,203000,203000,195500,196500,45669,8973958500,-3.4398,6684,-12232,5289,4802,2584,-82,-145,0,-1870,204,55,0
2016-09-12,196000,198000,193500,194000,29623,5746862000,-1.2723,232,-2565,2944,2559,629,-1809,361,0,1204,-617,6,0
2016-09-13,195500,197000,190500,193000,40351,7787743000,-0.5155,-1116,644,573,2713,-2240,52,8392,0,-8344,-82,-19,0
2016-09-19,191000,193500,186500,188500,55360,10435360000,-2.3316,18652,-6932,-11820,-1972,-2726,-759,-510,0,-5853,99,1,0
2016-09-20,188000,190000,185500,189500,47342,8971309000,0.5305,1932,-2696,752,-1722,-1304,6729,-262,0,-3689,10,2,1000
2016-09-21,188000,189500,185500,189500,31867,6038796500,0.0,8103,-5108,-2912,-1661,-472,59,1373,0,-2211,-83,0,0
2016-09-22,188500,190000,186500,187000,45623,8531501000,-1.3193,25259,-5864,-19647,-11628,-6399,-701,-428,0,-469,250,2,-22
2016-09-23,188000,191000,187000,190000,27062,5141780000,1.6043,-6296,2012,4313,3215,22,-1318,682,0,1712,-29,0,0
2016-09-26,191000,192000,186500,188000,27874,5240312000,-1.0526,13445,-7994,-5513,-4981,-570,-1194,-144,0,1376,42,20,0
2016-09-27,187500,189000,185500,187000,33990,6356130000,-0.5319,4054,2371,-7089,-5746,-1173,-415,-1588,0,1833,790,-126,0
2016-09-28,187000,189500,186500,188000,24678,4639464000,0.5348,-7153,1437,5493,6755,-151,-1752,120,0,521,223,0,0
2016-09-29,189000,190000,186000,186000,47649,8862714000,-1.0638,24155,-24170,259,2440,-2001,907,-465,0,-622,-254,10,0
2016-09-30,184000,185000,180500,181500,49322,8951943000,-2.4194,16628,-5528,-10874,1770,-8625,60,-593,-928,-2558,-259,33,0
2016-10-04,184000,187500,184000,185500,44855,8320602500,2.2039,5515,2670,-9042,-1173,-6204,-352,292,-3972,2367,862,-5,0
2016-10-05,184500,188500,183000,187500,31373,5882437500,1.0782,2335,-554,-1762,-2871,-1202,3004,-1493,0,800,0,-19,0
2016-10-06,186500,188000,185500,185500,24818,4603739000,-1.0667,9424,-2337,-6813,-3959,372,-1,-1337,0,-1888,-274,0,0
2016-10-07,184000,186500,184000,185500,18616,3453268000,0.0,3492,-3972,470,12,1088,-900,1353,0,-1083,10,0,0
2016-10-10,187000,189500,186000,188000,38396,7218448000,1.3477,-6114,1268,4887,87,290,-5957,5132,0,5335,-46,5,0
2016-10-11,190000,192000,186000,186500,38938,7261937000,-0.7979,4563,-10912,7305,-3576,2262,1133,2020,0,5466,-954,-2,0
2016-10-12,188500,193500,188000,190000,48438,9203220000,1.8767,-148,904,-755,253,509,-7559,967,0,5075,-1,0,0
2016-10-13,189000,191500,186500,189000,35664,6740496000,-0.5263,-1267,-1813,2683,236,4200,350,3413,0,-5516,397,0,0
2016-10-14,191000,199000,191000,197500,113993,22513617500,4.4974,-35524,4104,31662,11634,15112,-4249,10423,0,-1393,-213,-29,135
2016-10-17,198500,200500,197500,197500,58684,11590090000,0.0,-5017,-10343,15314,1097,12030,-755,5558,0,-2784,-10,56,168
2016-10-18,198000,205000,196500,204000,101023,20608692000,3.2911,-42356,39681,3917,583,1318,-4654,3535,-72,3207,-1012,-230,0
2016-10-19,203500,206000,201000,203000,72755,14769265000,-0.4902,-14380,12189,-715,2326,379,-4923,718,345,440,337,2569,0
2016-10-20,205500,205500,202000,204500,31883,6520073500,0.7389,-14142,10720,3843,-1060,641,1248,-123,328,2809,-421,0,0
2016-10-21,203000,204000,196500,197000,55824,10997328000,-3.6675,15723,-2533,-13875,-3401,-5291,-4286,-1,317,-1213,681,4,0
2016-10-24,198000,200500,196500,199500,28052,5596374000,1.269,-7387,6848,545,-2635,-167,1672,65,401,1126,-32,26,83
2016-10-25,199000,199000,185500,187500,182809,34276687500,-6.015,57267,-33926,-26481,-14513,8242,-18255,-6674,-1284,6053,2579,561,-50
2016-10-26,186500,191500,185500,189000,59798,11301822000,0.8,-18324,4560,12823,-2900,3302,11334,-2529,1648,1370,930,11,598
2016-10-27,188500,191000,188500,189000,20091,3797199000,0.0,1222,-1735,276,898,-2112,1756,-452,333,-147,58,179,0
2016-10-28,188500,189000,186000,186500,21479,4005833500,-1.3228,8653,-2123,-6126,-1022,-788,-151,-4137,402,-430,-27,-377,0
2016-10-31,186000,188000,186000,186000,19863,3694518000,-0.2681,-302,-4726,5028,2084,551,2129,-1105,0,1369,0,0,0
2016-11-01,186000,187000,181500,184500,18738,3457161000,-0.8065,2940,-7265,4297,446,-120,335,2388,-206,1454,20,8,0
2016-11-02,185000,185500,181500,183000,33862,6196746000,-0.813,-4690,6565,-1875,-3478,664,1759,-1493,0,673,0,0,0
2016-11-03,184000,184000,181500,182500,15723,2869447500,-0.2732,6739,-6721,-41,-2002,28,378,-1132,-29,2716,3,20,0
2016-11-04,182000,183500,179500,181500,28578,5186907000,-0.5479,12587,-8054,-4504,576,-2590,-270,-1296,-40,-884,-29,0,0
2016-11-07,183000,184500,181000,183500,26121,4793203500,1.1019,5503,-1762,-3387,-2805,1291,-4067,-584,0,2778,-374,20,0
2016-11-08,184500,186000,183500,186000,29440,5475840000,1.3624,2593,5762,-8749,1009,-1368,-7294,-1990,0,478,44,350,416
2016-11-09,189000,197000,184500,191000,156253,29844323000,2.6882,-35256,15104,19637,-2638,669,9816,6808,0,4982,534,-19,0
2016-11-10,192000,195500,191000,191500,48130,9216895000,0.2618,-5279,-13590,18982,-564,7580,4544,3118,386,3918,-90,-23,0
2016-11-11,190500,192000,188500,190500,23376,4453128000,-0.5222,-5563,-1139,6795,988,915,1415,604,616,2257,-93,0,0
2016-11-14,191500,192000,188000,190500,31138,5931789000,0.0,-4981,193,5548,624,326,3027,-29,-168,1768,-760,0,0
2016-11-15,191500,191500,189000,190000,19052,3619880000,-0.2625,243,-304,-19,-2510,821,822,-745,164,1414,0,80,15
2016-11-16,189500,191500,186500,187000,38033,7112171000,-1.5789,6855,833,-8402,-7172,3383,442,-1377,0,-3678,10,704,0
2016-11-17,188000,193500,186500,193000,31489,6077377000,3.2086,-10104,7858,2176,2385,1609,1937,-1407,0,-2348,70,0,0
2016-11-18,192500,192500,189000,191000,26845,5127395000,-1.0363,337,7675,-7997,-2721,387,1091,-4565,0,-2189,153,-168,0
2016-11-21,192000,192000,185000,185500,37571,6969420500,-2.8796,10734,4069,-15439,-122,-7570,-1814,-2760,0,-3173,626,10,0
2016-11-22,185000,187000,184000,185500,27789,5154859500,0.0,4280,1564,-5763,-153,-2993,-516,-2062,0,-39,-82,1,0
2016-11-23,184500,186500,184000,186000,21490,3997140000,0.2695,2762,829,-3590,1220,-1361,-1207,-369,174,-2047,-201,200,0
2016-11-24,186500,186500,182000,182500,28187,5144127500,-1.8817,6441,-2524,-4746,3515,-2123,-1795,-4070,0,-273,826,3,0
2016-11-25,183000,183000,181500,183000,23687,4334721000,0.274,3036,-1394,-1512,-2647,3365,553,-1603,0,-1180,-134,4,0
2016-11-28,182000,182500,180000,181000,28713,5197053000,-1.0929,13437,-3284,-10332,-101,-1581,-3718,-1346,0,-3586,-74,253,0
2016-11-29,180500,183500,180500,183500,20843,3824690500,1.3812,2688,-2587,-147,3086,-4039,-1189,1849,0,146,0,46,0
2016-11-30,182500,184500,180000,180500,38226,6899793000,-1.6349,11973,-9808,-1835,4399,-710,-625,-2225,0,-2688,-434,104,14
2016-12-01,180500,182000,178500,182000,23872,4344704000,0.831,669,5781,-6079,-5334,-2282,278,1637,214,-713,-374,3,121
2016-12-02,180500,180500,175500,176000,69936,12308736000,-3.2967,37098,-11827,-23729,1090,-9073,-8278,-6071,72,-1469,-1603,61,0
2016-12-05,177000,177000,173000,174500,36312,6336444000,-0.8523,10787,423,-11252,-8125,-3595,657,-1952,1,1762,30,12,0
2016-12-06,175000,176000,173000,175500,44259,7767454500,0.5731,9788,5784,-11004,-5973,-7483,-87,-246,0,2785,-4600,32,0
2016-12-07,174500,177000,174000,176000,26088,4591488000,0.2849,-1862,7064,-5202,-3992,-2981,382,-352,0,1741,0,0,0
2016-12-08,176000,182500,176000,182500,37038,6759435000,3.6932,-8506,2553,6060,-1219,-244,722,259,-234,6776,-130,23,0
2016-12-09,182000,182000,178500,180500,25650,4629825000,-1.0959,4358,-6151,1652,-4808,1456,7349,-3383,0,1038,112,29,0
2016-12-12,179000,181000,178500,179500,15446,2772557000,-0.554,4934,1027,-5977,-3130,-404,-182,-1982,-653,1027,0,16,-653
2016-12-13,181000,181000,178000,179500,25994,4665923000,0.0,10974,2510,-13484,-4128,-6191,-334,-1825,0,-1006,0,0,0
2016-12-14,180000,182000,178000,178500,29163,5205595500,-0.5571,14852,-1193,-13607,-5382,-1005,282,-7148,0,-432,-58,6,78
2016-12-15,179500,181500,178500,181500,32269,5856823500,1.6807,1281,1468,-2852,1777,153,-2342,-2240,0,-200,104,-1,0
2016-12-16,181000,181000,178000,178500,32027,5716819500,-1.6529,19770,-10535,-9253,5,-708,1,-5858,0,-2693,0,18,0
2016-12-19,182500,184500,179500,183000,83654,15308682000,2.521,-10063,9330,661,5289,-11611,3367,2802,304,510,-10,82,0
2016-12-20,183000,184000,181500,183500,29932,5492522000,0.2732,-6104,-6407,12493,9396,1545,677,-2745,0,3620,0,18,0
2016-12-21,182000,183500,180000,180500,30676,5537018000,-1.6349,13151,-13351,200,1554,310,172,104,-58,-1882,0,0,0
2016-12-22,180000,181000,176500,176500,66004,11649706000,-2.2161,24086,-18723,-5504,-2250,-3739,-373,-126,0,984,140,1,0
2016-12-23,177000,179000,176000,178500,31456,5614896000,1.1331,631,-2665,2472,2387,-1890,221,-1011,0,2765,-469,31,0
2016-12-26,178500,179000,175000,177500,36693,6513007500,-0.5602,1791,-2702,953,2371,-2002,-180,-1336,0,2100,-66,24,0
2016-12-27,176500,178000,176000,177000,27707,4904139000,-0.2817,4277,-153,-4066,-802,2661,163,-6303,0,215,-60,2,0
2016-12-28,176000,177500,175500,176000,30994,5454944000,-0.565,11665,2880,-14749,-5769,352,-160,-2107,0,-7065,200,4,0
2016-12-29,176500,177500,175000,176000,22614,3980064000,0.0,7334,-4953,-2121,-33,-677,-361,2763,0,-3808,-275,15,-5
2017-01-02,175500,176000,171500,172000,42861,7372092000,-2.2727,18998,-12740,-6427,50,-1586,375,-1964,-430,-2864,154,15,-8
2017-01-03,172000,173500,170000,173000,34550,5977150000,0.5814,11286,-3460,-8031,5595,-3188,-7745,-1696,2,-999,190,15,0
2017-01-04,172500,172500,171000,171500,42407,7272800500,-0.8671,13421,3463,-17069,-3490,-4294,40,-5537,-132,-3524,190,-5,-132
2017-01-05,173000,173500,171000,173000,25519,4414787000,0.8746,3423,-976,-2363,2065,-2712,-119,-263,-374,-960,-101,17,0
2017-01-06,172500,173000,171500,172500,24341,4198822500,-0.289,9391,3711,-13191,-4377,-4558,-1001,29,0,-3284,-3,92,0
2017-01-09,173000,173000,169000,169500,49429,8378215500,-1.7391,27122,-10463,-16877,-928,-3373,-2349,-7560,0,-2667,154,64,0
2017-01-10,169000,169000,167000,168000,42767,7184856000,-0.885,16827,-2071,-14929,3881,-2069,-9077,-731,0,-6933,45,128,0
2017-01-11,169000,169000,164500,166000,76923,12769218000,-1.1905,30394,7731,-38792,-4319,-14272,-10127,-8396,-986,-262,231,436,-430
2017-01-12,166000,168000,165500,167000,44342,7405114000,0.6024,6109,-427,-5993,-2715,-2135,-602,-485,0,-237,146,165,181
2017-01-13,167500,170500,166500,170000,39844,6773480000,1.7964,-6779,1170,5625,-53,4532,-206,-2255,29,3578,-20,4,0
2017-01-16,172500,174500,171000,173500,64156,11131066000,2.0588,-25718,1209,24450,6258,6870,8383,-2267,0,5206,72,-13,0
2017-01-17,174000,174500,172000,173500,41526,7204761000,0.0,-4189,-7761,11799,5042,-2135,6590,-555,0,2857,154,-3,0
2017-01-18,173500,178500,171500,178500,70179,12526951500,2.8818,-32235,-2654,34936,7458,7284,6398,7377,503,6103,91,-138,-187
2017-01-19,177000,179000,173000,174000,65391,11378034000,-2.521,15621,-10042,-7557,11518,-10225,-1273,-9447,308,1562,2238,-260,0
2017-01-20,174500,177000,173000,177000,38961,6896097000,1.7241,-16024,-4237,20062,3966,2060,7258,5153,259,1172,185,14,194
2017-01-23,178000,179500,176000,177500,45655,8103762500,0.2825,-24435,3174,21194,6166,1356,858,9824,389,2601,120,-53,0
2017-01-24,178000,179500,176000,178000,30045,5348010000,0.2817,-4158,-12177,16604,8495,3141,-310,4921,261,41,-509,240,55
2017-01-25,179000,179000,172500,173000,40293,6970689000,-2.809,10706,-8785,-2230,799,906,-2460,979,0,-2454,186,123,0
2017-01-26,174000,178000,173500,176000,46134,8119584000,1.7341,3482,-9967,6469,1744,3120,907,3703,0,-3005,-10,26,0
2017-01-31,175500,177500,173500,176000,28712,5053312000,0.0,-3599,-6744,12353,1342,5671,-227,1786,121,3633,-2000,-10,27
2017-02-01,175000,177000,171000,172000,63067,10847524000,-2.2727,22291,-21512,-3064,-4677,3116,-2826,105,0,1143,2203,82,75
2017-02-02,172000,173500,170000,170500,47330,8069765000,-0.8721,8312,161,-8435,-1479,-4042,1030,-679,0,-3265,10,-48,0
2017-02-03,171500,172000,169500,170500,30702,5234691000,0.0,5599,-185,-5432,-3294,-18,971,-3078,0,-17,2,16,4
2017-02-06,171500,175000,171000,173500,32660,5666510000,1.7595,-9316,2346,6983,1320,5395,1606,-561,0,-774,-10,-3,-3
2017-02-07,174000,178000,173500,178000,48199,8579422000,2.5937,-22117,7133,17145,6581,2981,1670,2332,1058,2498,-2156,-5,25
2017-02-08,178000,178000,174000,175500,30142,5289921000,-1.4045,5655,-15019,9318,3542,2648,575,574,0,1970,29,17,9
2017-02-09,175500,176000,173500,173500,34492,5984362000,-1.1396,13457,-16104,2642,-680,6443,651,962,0,-4734,0,5,0
2017-02-10,175000,176000,174500,175000,36654,6414450000,0.8646,2154,-13879,11977,89,1082,1817,4483,0,4506,-4,-248,0
2017-02-13,176000,182000,175000,180000,67145,12086100000,2.8571,-29263,10371,18931,6387,1122,4721,2755,238,3580,-36,-3,128
2017-02-14,180500,183000,180000,183000,53503,9791049000,1.6667,-21993,6956,15945,2923,3487,3233,2959,262,2922,-739,-169,159
2017-02-15,183000,187500,181000,187000,88401,16530987000,2.1858,-49682,3874,45985,5309,6721,10152,19621,412,2772,341,-518,998
2017-02-16,187500,187500,183000,184500,42325,7808962500,-1.3369,6643,-18948,11980,1899,1043,7470,1594,300,-326,-37,362,0
2017-02-17,184500,185000,181000,182000,36212,6590584000,-1.355,693,-4724,3245,-806,257,2388,1421,-79,-45,826,-40,109
2017-02-20,183000,184000,181000,182500,17992,3283540000,0.2747,3704,-3584,-256,1452,692,-104,1211,208,-3763,-10,146,48
2017-02-21,183500,188000,183500,187500,55168,10344000000,2.7397,-28713,3390,24791,3124,5729,13700,3742,12,-1381,1297,-765,-135
2017-02-22,187500,191000,185000,189500,87146,16514167000,1.0667,-27033,-30630,58492,12219,18167,10961,2184,1167,13749,53,-882,45
2017-02-23,192000,199500,192000,198000,149713,29643174000,4.4855,-56354,-20337,76404,18179,38158,10389,9963,1199,-1594,837,-550,110
2017-02-24,196000,203500,196000,203000,110799,22492197000,2.5253,-53587,-4968,58663,8895,19341,13479,7915,4440,4318,195,-303,275
2017-02-27,202500,203000,197000,198000,52827,10459746000,-2.4631,-6395,-5242,11369,5317,8602,-4043,1451,-247,289,280,-12,0
2017-02-28,197000,200000,194000,199500,74456,14853972000,0.7576,925,-5519,4664,-1536,6785,5490,2750,-270,-8522,-70,0,-33
2017-03-02,199500,199500,191500,193000,82320,15887760000,-3.2581,-3132,-3235,6300,-474,6013,-131,7203,-320,-5811,51,16,-180
2017-03-03,187000,187500,176000,183500,174813,32078185500,-4.9223,-8932,2055,7476,4167,20936,-16058,3068,-892,-3799,-785,186,54
2017-03-06,182000,182000,176000,180500,75843,13689661500,-1.6349,11005,-1995,-10377,2397,1585,-8890,-35,-1816,-3719,862,505,101
2017-03-07,181500,184000,179500,181500,55626,10096119000,0.554,-1452,3904,-2512,3841,-3083,-1973,-376,0,-921,50,10,0
2017-03-08,180000,182000,178500,181500,45016,8170404000,0.0,-2537,-10707,13142,22416,-1056,-2835,-3227,26,-2182,98,4,0
2017-03-09,181500,185500,181000,183000,52974,9694242000,0.8264,-3097,-2060,5904,4267,3738,-2676,5447,495,-5367,-375,-372,0
2017-03-10,183000,186000,181000,181500,47501,8621431500,-0.8197,6956,-9316,2301,11211,263,-6956,2119,-655,-3679,55,4,-2
2017-03-13,181500,185000,181000,182500,30448,5556760000,0.551,3040,4891,-8755,916,-4561,-5181,1064,0,-1116,890,-66,123
2017-03-14,184000,184000,181000,182000,45938,8360716000,-0.274,6584,-2272,-4220,1816,641,-7220,927,44,-493,-107,15,65
2017-03-15,182500,182500,176000,176500,44966,7936499000,-3.022,20045,-8098,-11070,450,-6945,-1735,-1290,0,-1550,-873,-4,0
2017-03-16,177500,180000,177000,179000,37393,6693347000,1.4164,-984,-3471,4452,1415,396,-257,-512,0,3410,-28,31,0
2017-03-17,180500,185500,179500,185000,60763,11241155000,3.352,-17499,8102,5989,8266,556,2194,-1189,156,-4367,3410,-2,373
2017-03-20,185000,185000,180000,181500,37699,6842368500,-1.8919,9945,-13997,2773,4655,1198,-100,1119,-21,-4136,1279,0,58
2017-03-21,182500,182500,179000,180000,40851,7353180000,-0.8264,20370,-7163,-13435,-7370,-169,-1258,-1587,0,-3051,161,67,0
2017-03-22,181000,181000,178500,178500,30635,5468347500,-0.8333,15246,-2630,-12626,-177,-1912,-6768,-1385,483,-2808,10,0,-59
2017-03-23,179500,182500,178500,182000,36363,6618066000,1.9608,-4996,726,4349,1062,5640,-79,52,-12,-2266,-46,-33,-48
2017-03-24,182500,187500,181000,186500,53619,9999943500,2.4725,-17348,-1835,18854,5863,4999,7330,1662,-292,-708,280,49,0
2017-03-27,187000,191000,185500,190000,72024,13684560000,1.8767,-37842,-1239,38516,10185,7406,15220,340,-1085,6450,601,-36,0
2017-03-28,190000,191000,187000,188000,47944,9013472000,-1.0526,-2785,-22115,24270,3838,16640,-787,1863,382,2311,130,500,23
2017-03-29,189500,190500,187000,188500,30598,5767723000,0.266,437,-10803,10367,4739,7148,-1007,-1150,0,637,-1,0,0
2017-03-30,188500,191500,187000,187500,37894,7105125000,-0.5305,8414,-12833,4317,3671,3645,-717,544,0,-2826,26,76,0
2017-03-31,187500,191000,187000,191000,38169,7290279000,1.8667,-8178,-2432,11060,2044,1853,1529,-873,0,6313,-450,0,194
2017-04-03,191000,199000,191000,198500,78686,15619171000,3.9267,-36062,-4087,42612,4672,15204,15407,3024,981,3259,-2614,151,65
2017-04-04,198500,198500,195500,196000,41273,8089508000,-1.2594,-11823,-7956,19923,7549,1168,6338,2057,562,2249,-114,-30,0
2017-04-05,196500,198000,190500,194000,58574,11363356000,-1.0204,7775,-1803,-6188,-1432,-4172,1564,3372,-18,-5535,20,196,33
2017-04-06,192000,195500,191000,194000,24164,4687816000,0.0,5395,-3344,-1951,738,-937,1024,1837,-396,-4217,-100,0,0
2017-04-07,194000,200500,193500,200000,55921,11184200000,3.0928,-24078,1808,22919,9891,384,1297,10862,-328,694,-16,-633,119
2017-04-10,200000,200000,189500,191000,61942,11830922000,-4.5,3758,-10541,7113,3516,-853,2327,1975,-566,699,40,-370,15
2017-04-11,192500,196500,189000,189500,49182,9319989000,-0.7853,6986,5394,-12476,-17216,1103,143,587,-84,2943,80,16,48
2017-04-12,191500,197500,191500,196500,62309,12243718500,3.6939,-21953,-2098,24066,-6421,14306,15463,2423,1500,-3358,-100,85,153
2017-04-13,197000,199000,195000,198500,39626,7865761000,1.0178,-4320,1429,3212,-6848,1983,2059,5073,0,917,-178,-143,28
2017-04-14,198000,199000,196000,197500,21769,4299377500,-0.5038,-5799,-2277,8089,3075,2638,6,3129,0,-781,1,-14,22
2017-04-17,199500,203500,194000,203000,64066,13005398000,2.7848,-36426,7641,28216,9930,9407,5717,-3267,159,6270,583,-14,0
2017-04-18,204000,205500,201000,205000,60905,12485525000,0.9852,-20873,-6314,27976,2276,10711,12611,1960,-264,568,-852,63,114
2017-04-19,204500,205000,200500,204000,45860,9355440000,-0.4878,-2493,-471,2744,-3598,9046,-2833,-1315,0,1381,220,0,63
2017-04-20,204500,207000,202500,206500,43887,9062665500,1.2255,-13361,7749,5674,2856,4836,-2992,-1186,-1332,3492,-112,50,0
2017-04-21,205500,209000,205000,208000,47340,9846720000,0.7264,-13078,13105,1171,-7665,5383,4149,516,-819,-393,-1210,12,0
2017-04-24,208000,209000,206000,207000,25564,5291748000,-0.4808,499,587,-1048,2861,2007,-1948,-2017,-1592,-354,-48,10,-5
2017-04-25,205000,207500,202500,205500,51024,10485432000,-0.7246,-4246,10471,-6131,652,5284,-8985,1800,-1411,-3473,60,-154,2
2017-04-26,203500,207500,203500,206500,33652,6949138000,0.4866,-3284,11268,-9617,-2401,-1731,-4724,-1524,-33,796,1627,6,0
2017-04-27,206000,210000,202500,203500,36129,7352251500,-1.4528,9680,8355,-18048,-3185,-3044,-6828,-2259,-29,-2703,40,-27,0
2017-04-28,201000,205000,201000,204500,35925,7346662500,0.4914,-2082,14390,-12268,-1162,-5270,-3986,-1829,-20,-85,-40,0,84
2017-05-02,203000,206000,200000,205000,46685,9570425000,0.2445,-2004,6914,-4868,1534,-9428,916,3106,-63,-891,7,-49,-42
2017-05-04,202500,210000,202500,209500,64456,13503532000,2.1951,-27500,11202,20287,4223,7071,-573,8984,-58,640,-4726,737,0
2017-05-08,209500,213500,207000,213500,63979,13659516500,1.9093,-29481,3826,26542,11919,7602,-2812,8085,183,1575,-784,-103,-10
2017-05-10,214500,215000,206500,208500,73095,15240307500,-2.3419,13498,-10115,-3404,-16390,4426,985,2687,-112,5032,81,-60,-32
2017-05-11,210000,223500,207500,220500,96890,21364245000,5.7554,-30266,-1452,32015,-79,17076,11652,-998,-515,4879,-150,-147,0
2017-05-12,220500,227000,217500,225500,124599,28097074500,2.2676,-54751,6854,48082,6310,24763,-19,13633,900,2147,-185,0,348
2017-05-15,223000,229000,221500,229000,56443,12925447000,1.5521,-11150,-3547,14622,3336,6632,-284,3193,-34,1779,-25,100,0
2017-05-16,229000,229500,224000,226500,53787,12182755500,-1.0917,1813,2368,-2586,2225,-10897,-4716,7645,-809,3966,-1569,-26,0
2017-05-17,224500,234000,223000,233500,74230,17332705000,3.0905,-26832,7343,19361,1778,10368,89,10178,-177,-2875,181,-53,0
2017-05-18,230000,239000,228500,229500,73502,16868709000,-1.7131,-1597,-7141,8608,7869,2808,185,-590,-51,-1685,130,0,72
2017-05-19,231000,233500,227000,232500,35021,8142382500,1.3072,-5640,2933,2459,4333,-1705,-3799,1318,169,2143,258,-10,0
2017-05-22,235000,235000,225500,231500,55635,12879502500,-0.4301,8159,2667,-10970,2744,-8949,-3458,117,547,-1975,143,1,4
2017-05-23,232000,232500,225000,225500,59849,13495949500,-2.5918,19073,11327,-30248,-229,-10711,-3182,-11746,0,-4380,-174,22,0
2017-05-24,227000,227500,222500,225000,41513,9340425000,-0.2217,3256,12087,-14423,-4061,-4870,-3854,207,0,-1845,-920,0,0
2017-05-25,224000,227000,223000,225000,46928,10558800000,0.0,7638,6014,-12562,2074,-12805,-2405,-2646,69,3281,-1090,0,-130
2017-05-26,227000,232000,225000,226000,74480,16832480000,0.4444,2623,6039,-8614,-1020,1242,-2492,1521,-1684,-6243,-60,12,62
2017-05-29,228000,228000,224500,225500,41290,9310895000,-0.2212,5095,-4105,-926,2634,-8888,339,2305,15,2513,9,-73,156
2017-05-30,226000,235000,225000,234500,76860,18023670000,3.9911,-39048,14808,24303,-4415,11497,769,14679,919,680,47,-110,174
2017-05-31,233500,244500,232500,243500,90306,21989511000,3.838,-36481,2072,33813,9022,2660,6979,7447,-57,6740,772,-176,1022
2017-06-01,241500,250500,239500,246500,94059,23185543500,1.232,-33703,-13360,46984,1587,32519,8031,3420,2368,-959,76,3,18
2017-06-02,246500,253500,245500,247500,53720,13295700000,0.4057,-5220,-6710,11569,-3452,6902,4045,2527,790,770,-9,370,-13
2017-06-05,249000,249000,242000,245500,38595,9475072500,-0.8081,6906,-453,-6875,-1856,-7006,1623,-820,0,1300,417,5,-116
2017-06-07,242000,252500,242000,251500,61228,15398842000,2.444,-20473,5903,13347,-8584,13361,4120,349,0,4401,1284,-61,-300
2017-06-08,253000,253000,246000,250000,47486,11871500000,-0.5964,6462,-1109,-5485,4206,-9321,-3150,494,131,2196,169,-37,-41
2017-06-09,250000,250000,245500,248000,45422,11264656000,-0.8,13540,-2797,-10432,-3628,-207,-1858,-6344,-100,1705,-349,38,0
2017-06-12,251000,251000,242000,244000,37765,9214660000,-1.6129,4794,-2540,-1812,59,364,2221,-5364,21,227,-465,23,660
2017-06-13,244000,251500,244000,246500,34626,8535309000,1.0246,-3386,989,169,-3141,-2446,-88,1245,1073,3087,2200,28,439
2017-06-14,246500,249500,244000,249500,31551,7871974500,1.217,571,7539,-7865,1448,-6104,-2828,-808,227,200,-255,10,0
2017-06-15,249500,249500,241500,247000,47162,11649014000,-1.002,-4885,2038,2876,1402,2682,1391,-2390,2247,-2456,69,-98,0
2017-06-16,248000,248000,239500,241500,41965,10134547500,-2.2267,9849,2611,-11893,551,-3519,-4535,-4743,-4,357,-589,22,0
2017-06-19,242000,243500,235500,237000,35285,8362545000,-1.8634,4240,9927,-14262,-4630,-4580,-792,-4609,-6,484,95,0,-129
2017-06-20,235000,237000,230000,231000,70350,16250850000,-2.5316,3596,29253,-29878,-3638,-1136,-3520,-10490,-546,-10548,-2939,-32,0
2017-06-21,228000,232000,223500,230000,66360,15262800000,-0.4329,-526,11768,-11067,507,5468,77,-4017,85,-13187,-180,5,0
2017-06-22,228500,231000,225500,231000,47943,11074833000,0.4348,2853,8823,-11688,-646,2974,-7942,-4524,0,-1550,22,-10,0
2017-06-23,231000,240500,230000,233500,51458,12015443000,1.0823,801,5030,-5737,-2452,-2908,-296,136,1000,-1175,5,-99,-42
2017-06-26,234000,234000,226500,227500,31956,7269990000,-2.5696,8033,-1016,-6330,-332,-1034,-1944,-1173,-7,-1840,-687,0,0
2017-06-27,228500,241500,227500,237000,63252,14990724000,4.1758,-18821,2086,17182,-2202,219,17156,562,1243,204,-468,21,0
2017-06-28,238000,238500,232000,238500,29788,7104438000,0.6329,-707,-10057,8591,2268,1016,2139,2350,178,640,2060,113,0
2017-06-29,236500,237500,232500,234500,31710,7435995000,-1.6771,1017,-10134,8791,-1388,2016,10271,-2542,0,434,323,3,0
2017-06-30,231000,233000,229000,229500,35349,8112595500,-2.1322,6535,-10102,3557,-454,6198,-2451,349,199,134,-4,14,-418
2017-07-03,231000,239000,230500,239000,38294,9152266000,4.1394,-15010,12571,2450,-2339,1450,-793,-127,95,4174,-1,-10,-10
2017-07-04,236000,237500,231500,232000,21401,4965032000,-2.9289,5321,-5536,180,-2215,646,1638,-715,-626,1452,11,24,0
2017-07-05,230500,237000,230500,232500,15026,3493545000,0.2155,-1359,131,1163,-608,-442,299,1218,636,60,65,0,0
2017-07-06,232000,232000,227000,229500,38278,8784801000,-1.2903,11347,-2384,-9022,-2725,-2654,-975,-1787,-314,-567,8,51,0
2017-07-07,228000,231000,227500,230500,18418,4245349000,0.4357,-2027,2794,-784,-2238,2012,-1737,215,-100,1064,17,0,0
2017-07-10,228000,236000,227000,233500,40132,9370822000,1.3015,-7731,-3463,11068,297,-2414,8906,775,-412,3916,115,11,0
2017-07-11,231000,239000,231000,235500,36843,8676526500,0.8565,-811,-344,1041,992,-6908,4122,1507,0,1328,107,7,0
2017-07-12,235500,245000,235500,237500,77259,18349012500,0.8493,-10286,-15675,25755,-6429,14256,15344,1356,1639,-825,329,-123,414
2017-07-13,241000,245000,236000,238500,46082,10990557000,0.4211,-9369,3590,5790,-3446,-768,1085,11039,2524,-4644,12,-23,0
2017-07-14,237000,239000,232000,236500,36509,8634378500,-0.8386,4341,-1028,-3313,-1695,-80,1385,-2648,82,-357,-5,5,0
2017-07-17,237500,238000,229500,232000,45616,10582912000,-1.9027,8902,7664,-16633,-4604,-3973,-7317,-3078,-303,2642,57,10,0
2017-07-18,232000,237000,230000,230500,36149,8332344500,-0.6466,6436,18,-6623,-1620,-2955,-3185,-1016,0,2153,144,25,0
2017-07-19,232500,233500,230500,231000,30382,7018242000,0.2169,3717,-5210,1498,162,-1,-3114,4040,0,401,-5,0,10
2017-07-20,230000,230500,224500,226000,48895,11050270000,-2.1645,10744,-6851,-3634,-572,1077,-5427,3655,108,-2703,-669,410,228
2017-07-21,225500,228000,223000,225000,48788,10977300000,-0.4425,13792,-466,-13365,-13,-8967,-1705,-2287,1717,-2261,-11,50,151
2017-07-24,226500,226500,220000,222000,40607,9014754000,-1.3333,9703,2434,-12099,-48,-12381,-2005,1135,-866,2039,0,-38,27
2017-07-25,223500,226000,221000,225000,34684,7803900000,1.3514,-4381,1715,2237,-1467,2780,397,954,5,-517,-70,499,85
2017-07-26,227000,237000,226500,237000,78402,18581274000,5.3333,-46955,18487,27999,5739,7163,6230,4838,854,2517,435,34,658
2017-07-27,238500,238500,231500,235500,38962,9175551000,-0.6329,1111,-11074,9961,302,4535,2129,851,15,1844,0,2,285
2017-07-28,233500,243000,233000,241500,61209,14781973500,2.5478,-25285,-1926,30697,130,11290,1662,9800,38,7471,-4185,699,306
2017-07-31,240000,242000,234000,238000,45233,10765454000,-1.4493,8623,-21804,13381,-2158,3541,2540,5711,25,3621,-132,-68,101
2017-08-01,238000,240500,233500,234500,40121,9408374500,-1.4706,6948,2748,-8546,-2152,-3131,-6238,-1109,1254,2890,-1150,0,-60
2017-08-02,234500,235500,230000,231000,29072,6715632000,-1.4925,7685,-4081,-3626,948,2374,-3175,-3338,13,-519,56,-34,71
2017-08-03,231500,234500,223000,226000,62358,14092908000,-2.1645,13379,-5329,-7725,-6361,3134,-6443,1777,445,-277,-359,34,0
2017-08-04,224500,229000,224500,228500,34019,7773341500,1.1062,-2494,7241,-8416,-586,3672,-9860,-207,333,-1768,3878,-209,0
2017-08-07,229500,231500,227500,228000,23990,5469720000,-0.2188,-1773,487,1101,-10,2601,-4558,4055,137,-1124,187,-2,0
2017-08-08,228000,230500,224000,224500,29563,6636893500,-1.5351,9858,-1099,-8843,664,-3229,-2646,-1861,10,-1781,34,50,0
2017-08-09,223500,226000,222000,223000,33497,7469831000,-0.6682,6734,-1830,-4943,666,-5739,-2626,2926,-10,-190,-1,40,30
2017-08-10,223000,226000,220000,225500,40097,9041873500,1.1211,-1357,-1400,2867,167,-2497,-1481,3407,-52,3303,-100,-10,20
2017-08-11,207000,212000,201500,204000,344824,70344096000,-9.5344,133612,-80845,-52540,5712,-28656,-31240,-6656,165,8018,-676,449,117
2017-08-14,203500,203500,194500,198000,135432,26815536000,-2.9412,26950,-11149,-15795,12007,-12527,-3367,-9484,-2339,-134,-121,115,49
2017-08-16,198500,201500,198000,199500,83645,16687177500,0.7576,-15774,-6947,22760,28897,-10468,1852,378,166,1935,-39,0,0
2017-08-17,199500,200000,196500,198500,55432,11003252000,-0.5013,20335,-16347,-5541,-2014,562,-2915,-2855,0,1648,1034,519,33
2017-08-18,197500,201500,197000,198000,52461,10387278000,-0.2519,12100,-13440,1301,4152,310,-131,-3335,0,200,36,3,105
2017-08-21,199500,200000,192000,193000,72425,13978025000,-2.5253,27422,3375,-30879,-1834,-6724,-4548,-12697,-1570,-3278,28,54,-228
2017-08-22,194000,196500,194000,196500,42465,8344372500,1.8135,-7230,10946,-3635,2852,-45,-2077,-4474,-600,709,-55,-26,0
2017-08-23,195000,195500,193000,194500,50369,9796770500,-1.0178,12241,-690,-11669,-563,-648,149,-11898,5256,-3965,13,105,0
2017-08-24,194500,197000,193500,195500,44677,8734353500,0.5141,12479,7713,-18997,284,-9914,-642,-9591,-400,1266,-1196,1,0
2017-08-25,196000,196500,193000,195000,41398,8072610000,-0.2558,16093,-1422,-14381,-521,-1113,116,-12546,0,-317,10,-300,0
2017-08-28,195000,197000,194000,197000,28736,5660992000,1.0256,313,6927,-6894,630,-1648,4659,-7295,0,-3240,-116,-230,0
2017-08-29,196000,196500,192000,195000,40769,7949955000,-1.0152,11614,-8324,-3313,155,3181,-396,-6978,-230,1045,4,19,-90
2017-08-30,193500,194500,192500,194000,40610,7878340000,-0.5128,7424,-233,-7057,203,3472,-1893,-11029,-31,2383,-136,2,-162
2017-08-31,194000,194000,190500,193000,50392,9725656000,-0.5155,8203,-1648,-6447,-6164,-775,-2748,1923,-1002,2290,-52,-56,29
2017-09-01,193000,193500,187000,187500,80174,15032625000,-2.8497,40085,-8595,-28218,-5127,-3476,-13874,-4202,-488,-788,-72,-3200,-263
2017-09-04,184500,187500,182500,186500,44911,8375901500,-0.5333,-2570,14551,-13017,-678,-2299,-2883,-6102,70,-1125,316,720,0
2017-09-05,186500,188000,186000,187000,31502,5890874000,0.2681,-1416,-1718,2798,3216,2374,-3072,-2334,0,2614,204,132,0
2017-09-06,187500,187500,181500,182000,45127,8213114000,-2.6738,15452,-5518,-10874,-930,-9775,616,-954,-1000,1145,372,568,24
2017-09-07,182500,184000,181000,183000,46729,8551407000,0.5495,6986,6381,-14003,2382,-14447,761,-3304,0,105,35,601,500
2017-09-08,181500,183000,178000,180500,51999,9385819500,-1.3661,20609,859,-22114,-603,-9440,-6617,-2040,96,-3030,627,19,-480
2017-09-11,182000,187000,182000,186000,45103,8389158000,3.0471,-986,-5734,7592,924,-4196,9971,-1914,-163,2970,258,-1130,0
2017-09-12,185000,186500,183000,185000,31066,5747210000,-0.5376,9587,-9376,-199,-1218,-1640,5724,-74,52,-3043,88,-100,0
2017-09-13,184000,187000,182000,182500,44657,8149902500,-1.3514,10621,-10015,-480,-222,-3586,5649,-1265,228,-1284,10,-136,0
2017-09-14,182500,183000,179500,180000,52220,9399600000,-1.3699,15100,3691,-19988,1212,-9832,-714,-95,0,-11625,668,529,1066
2017-09-15,181500,188000,181500,188000,61088,11484544000,4.4444,-19214,-468,21145,5751,9189,-4878,6808,552,3387,139,-1602,336
2017-09-18,188000,189000,184500,188000,43907,8254516000,0.0,1380,-17438,16099,-320,763,10809,5037,50,-52,24,-65,-188
2017-09-19,189000,190000,186000,188000,32555,6120340000,0.0,7084,2366,-9483,-3948,-4307,1821,175,0,-3224,15,18,0
2017-09-20,188000,188500,180500,184000,100602,18510768000,-2.1277,19269,-4631,-14968,17982,-19643,-5011,-9707,27,1458,297,33,-74
2017-09-21,182000,184000,181500,182000,32750,5960500000,-1.087,4014,5513,-9538,-1537,-3049,-3841,-897,434,-648,10,1,0
2017-09-22,182000,183500,180000,182000,26989,4911998000,0.0,-1925,3422,-1488,-391,-5597,1671,3107,0,-278,-4,-5,0
2017-09-25,182500,183000,179000,179500,34129,6126155500,-1.3736,10815,-5014,-5889,-1746,-3141,1240,-280,0,-1962,87,1,0
2017-09-26,182500,189000,180000,188500,60132,11334882000,5.0139,-33481,12607,18837,3157,3414,905,5503,18,5726,2037,0,114
2017-09-27,187000,189000,183000,183500,40624,7454504000,-2.6525,15322,-12657,-2853,2276,-5497,-664,1813,0,-277,179,9,-504
2017-09-28,183500,192000,180500,191000,104208,19903728000,4.0872,-38438,6526,32005,3982,-5648,6479,19363,534,7194,-139,46,101
2017-09-29,189500,195500,188000,195000,84385,16455075000,2.0942,-38420,22423,15866,2148,-1076,4605,9189,53,793,179,-48,154
2017-10-10,195500,196000,191500,192000,42595,8178240000,-1.5385,3912,3878,-7990,-6446,-3043,4745,-773,10,-2496,201,-1,13
2017-10-11,191500,191500,186500,187000,69087,12919269000,-2.6042,34908,-8031,-27030,-13449,-5567,641,-1526,1500,-8442,236,-83,-187
2017-10-12,187000,191000,186500,188000,60660,11404080000,0.5348,1436,3999,-5414,-10975,174,3144,3376,-12,-1671,-25,4,550
2017-10-13,188000,199000,188000,198500,138594,27510909000,5.5851,-54265,33993,20196,3132,-3635,13242,2399,549,3831,69,7,678
2017-10-16,202000,213000,199000,212000,208557,44214084000,6.801,-68938,13472,58377,9494,4426,17567,20331,1290,5515,-2795,-116,-246
2017-10-17,213500,214500,206500,210500,99214,20884547000,-0.7075,-6094,-3660,9151,-7089,418,5685,9936,-13,339,627,-24,-125
2017-10-18,210500,217000,207000,208500,77360,16129560000,-0.9501,-4922,-10561,16065,-5744,194,8924,11415,0,1396,-508,-74,-120
2017-10-19,208500,212500,208000,210000,45101,9471210000,0.7194,-4904,-11952,16990,2166,-3310,2700,8702,-86,6793,-5,-129,25
2017-10-20,212500,217000,210500,211000,71524,15091564000,0.4762,-10894,-19717,30250,3290,6620,2042,11557,508,5967,722,-361,266
2017-10-23,211000,219000,210000,216500,63235,13690377500,2.6066,-14434,-6553,20883,-2171,4175,1572,17061,393,-501,130,-26,354
2017-10-24,217500,221500,212000,214000,62818,13443052000,-1.1547,-526,-16239,16618,4049,4486,459,7250,-786,1735,182,-35,-575
2017-10-25,214000,219000,210000,214500,31873,6836758500,0.2336,-5573,-4953,10563,-1649,2759,897,4570,2275,1688,-41,4,23
2017-10-26,218000,232000,216000,225500,129254,29146777000,5.1282,-33250,5780,27202,2079,8597,4905,10484,90,1509,273,-5,-462
2017-10-27,226500,230000,222000,225000,65708,14784300000,-0.2217,-2058,-17947,19090,7296,6334,2024,1044,364,1770,1243,-328,258
2017-10-30,230500,236500,228000,233000,102880,23971040000,3.5556,-6350,-18571,22959,5169,9011,-8686,5340,694,11351,2272,-310,80
2017-10-31,233000,241500,227000,229000,107673,24657117000,-1.7167,3788,-11348,6865,8275,1444,-6106,-2704,-561,6400,881,-186,117
2017-11-01,226000,229000,220500,222000,104145,23120190000,-3.0568,30094,-6773,-22658,-6923,-2330,-8590,-6740,-60,2492,-634,-29,-507
2017-11-02,221000,225500,216000,224500,85289,19147380500,1.1261,-15019,-12076,26594,17338,2099,2567,2250,222,2053,556,-55,65
2017-11-03,224500,228000,221500,228000,39854,9086712000,1.559,-2511,-3874,7167,-3316,5084,1479,5256,0,-1251,-787,5,-85
2017-11-06,226000,231500,224000,227500,56561,12867627500,-0.2193,-496,-2695,2853,-1280,3283,3278,-3025,-836,1433,309,29,0
2017-11-07,250000,254000,243500,246500,258495,63719017500,8.3516,-54387,40775,15197,10541,11630,-7393,7356,-3409,-3398,-1499,-86,-130
2017-11-08,246500,263000,242500,260000,174633,45404580000,5.4767,-37311,24828,15535,2776,20980,-3949,13229,100,-17421,-2813,-239,-180
2017-11-09,257000,261000,252000,253000,109902,27805206000,-2.6923,24894,-15827,-9945,-3080,-2976,299,-3835,-47,-514,877,1,208
2017-11-10,250000,254000,248500,249500,72801,18163849500,-1.3834,-1320,-7436,9105,9571,-1303,-4728,1239,897,3479,-333,-16,-50
2017-11-13,251500,255500,245000,246000,106805,26274030000,-1.4028,8882,-6811,-2109,11143,-2111,-26924,7705,381,7716,184,-146,-19
2017-11-14,246000,254000,239000,252500,95504,24114760000,2.6423,-6949,-4353,11201,564,1551,3790,-5375,-23,10787,139,-38,-93
2017-11-15,251500,254500,244000,251000,60794,15259294000,-0.5941,-6077,-8430,15913,709,3434,892,4258,3133,3587,-1406,0,-100
2017-11-16,250500,253000,248000,250500,38864,9735432000,-0.1992,3628,2518,-6142,-2519,4768,651,-1968,-380,-6694,-9,5,0
2017-11-17,251500,262000,249000,259000,99920,25879280000,3.3932,-15435,13521,1998,-2883,1171,7355,-554,-4,-3087,-81,-3,0
2017-11-20,259000,277500,259000,275500,105971,29195010500,6.3707,-34678,1503,33001,13124,10328,1218,8896,323,-935,949,-775,47
2017-11-21,275500,279000,268500,269000,82706,22247914000,-2.3593,4725,-10658,6083,-164,-801,6263,3009,-99,-2271,-132,-18,146
2017-11-22,269500,274000,264000,271500,45097,12243835500,0.9294,-2548,12058,-9615,-4664,2040,-5545,481,-42,-1885,102,3,0
2017-11-23,270500,271000,262000,262500,67687,17767837500,-3.3149,7419,-14399,7055,-2831,4591,2921,-668,-159,3201,-83,8,0
2017-11-24,263000,267000,262000,263500,29555,7787742500,0.381,-1729,-4211,6627,445,1899,6,1359,-108,3026,-703,16,0
2017-11-27,265500,280500,264000,276000,87062,24029112000,4.7438,-24941,2289,22938,1252,4259,6740,11067,18,-328,181,-467,-70
2017-11-28,276000,281000,270000,277500,56611,15709552500,0.5435,-7599,-382,8019,-1308,1118,3270,3129,297,1513,-35,-3,0
2017-11-29,277500,284500,274500,277500,63673,17669257500,0.0,-10564,3345,7855,810,682,7947,-1763,-464,658,-695,59,-15
2017-11-30,284500,295000,281000,287000,146956,42176372000,3.4234,-22764,16859,6300,3959,-3019,-8235,11277,-11,2086,-290,-105,243
2017-12-01,293500,294000,282500,284500,59387,16895601500,-0.8711,300,-9083,8358,-1817,8015,3456,-4576,91,3139,490,-65,50
2017-12-04,289500,296500,285000,290000,57467,16665430000,1.9332,-8169,802,7129,-5766,1367,11070,559,363,-464,270,-32,0
2017-12-05,290500,301000,286500,294500,56696,16696972000,1.5517,-5104,5519,-286,-6151,3560,1515,884,263,-357,-129,0,0
2017-12-06,294000,295500,284000,287000,41157,11812059000,-2.5467,-1652,5468,-4240,-2776,-2446,42,552,-769,1797,433,-9,-640
2017-12-07,286000,289000,275500,281000,68830,19341230000,-2.0906,-16656,12682,4265,-22,7700,-6786,-3746,-1076,8890,-282,-9,-695
2017-12-08,284500,290500,279000,281500,60098,16917587000,0.1779,-1958,5772,-5974,-12363,8266,-3459,-2116,-81,3785,2470,-310,-6
2017-12-11,280000,283000,273000,278000,50918,14155204000,-1.2433,7569,-1354,-6514,-108,-3217,-737,-1667,-13,-772,292,7,0
2017-12-12,277500,285000,271000,274500,63717,17490316500,-1.259,-1566,715,927,178,3742,-1972,-510,-57,-454,-96,20,0
2017-12-13,274000,289000,269500,289000,61962,17907018000,5.2823,-24925,9874,13005,1655,7614,1031,-2350,264,4726,2064,-18,65
2017-12-14,293000,302000,286000,287500,136244,39170150000,-0.519,-10875,-297,12342,2797,6090,-279,2584,2955,-2760,-1164,-6,955
2017-12-15,291000,299000,291000,299000,67207,20094893000,4.0,-15604,1105,14648,7832,7282,-1940,862,-1161,1773,4,-153,0
2017-12-18,302000,307500,294000,300500,52628,15814714000,0.5017,-1223,-4472,5410,6503,6666,-3259,-934,-1476,-2169,117,168,79
2017-12-19,298000,299000,284000,292000,70909,20705428000,-2.8286,937,3970,-4305,2132,-4943,-4786,-3125,-614,7031,-475,-127,0
2017-12-20,289000,297500,284500,289500,46291,13401244500,-0.8562,3308,-7895,4312,-3856,7876,-1722,-3116,-998,6488,87,188,-360
2017-12-21,289500,289500,277500,281000,46267,13001027000,-2.9361,-1778,4197,-2509,715,1005,-1924,-3240,-902,1837,-76,166,0
2017-12-22,280500,283500,269500,282000,53502,15087564000,0.3559,-5412,6131,-1033,1797,-384,-3041,-724,-660,1979,320,-6,0
2017-12-26,280000,290000,277000,290000,38343,11119470000,2.8369,-8417,3488,4639,897,-1454,-1681,1668,-330,5539,261,29,0
2017-12-27,283000,293500,283000,293000,26470,7755710000,1.0345,-1414,-2547,4104,-2412,2945,2905,1389,-36,-1035,-120,-23,348
2017-12-28,293000,302500,289000,300000,37287,11186100000,2.3891,-10241,-957,10782,193,7289,5105,-175,-1015,-605,539,-123,-10
2018-01-02,299000,302000,288500,290000,46973,13622170000,-3.3333,6939,-1038,-5830,5744,-12997,-2786,-227,3412,270,-71,0,754
2018-01-03,286000,291500,285000,287500,45020,12943250000,-0.8621,866,6890,-7870,794,-2313,-1486,-2912,11,-1945,51,63,-19
2018-01-04,289000,290500,278000,280500,49223,13807051500,-2.4348,9055,5951,-13046,611,-1044,-11419,-1561,486,-119,-2092,132,0
2018-01-05,280000,291500,280000,288500,53611,15466773500,2.852,-9268,14540,-5316,-4010,1748,-7670,2149,353,2114,14,30,0
2018-01-08,288500,306500,288000,302000,64829,19578358000,4.6794,-25033,11472,13603,4107,5370,7359,-3713,43,437,271,-313,0
2018-01-09,305000,311000,295500,310500,60421,18760720500,2.8146,-13490,10415,3048,3299,-3520,-550,4032,-235,22,32,-5,0
2018-01-10,312500,320500,305500,312500,73438,22949375000,0.6441,-3874,9072,-2787,-14294,2017,7605,1292,252,-1166,-2398,-13,1507
2018-01-11,312500,315000,302500,311500,47103,14672584500,-0.32,645,5010,-5860,4521,-4784,-603,-502,0,-4527,191,14,35
2018-01-12,311500,319000,304500,306000,45630,13962780000,-1.7657,1511,402,-1965,-1517,1158,-257,-2122,12,761,19,33,0
2018-01-15,308000,310000,300000,301500,50186,15131079000,-1.4706,6516,2581,-8810,-7635,-181,-1167,-1821,0,1994,-290,3,0
2018-01-16,301000,312000,299500,305500,52396,16006978000,1.3267,3265,10381,-13358,-4442,-2148,-2700,-3604,99,-563,8,-296,0
2018-01-17,303000,327000,303000,322000,83291,26819702000,5.401,-20301,11376,8742,4337,2143,4117,1357,-132,-3080,137,46,0
2018-01-18,326000,326500,317500,321000,40413,12972573000,-0.3106,2192,-10936,8973,2534,3649,3,1584,411,792,-187,-42,0
2018-01-19,318500,323500,316500,323000,54985,17760155000,0.6231,7902,-18850,9178,1684,6207,2055,516,260,-1544,1741,29,0
2018-01-22,330000,330500,315500,320000,42954,13745280000,-0.9288,3713,-6830,3214,3664,669,-2234,1031,-207,136,1,-98,155
2018-01-23,318000,324000,310500,318500,49083,15632935500,-0.4688,662,7579,-7615,-792,3319,-9691,-697,-325,-214,-614,-12,785
2018-01-24,319000,319000,314000,317500,35726,11343005000,-0.314,1560,8901,-9867,-2105,2141,-4838,-2443,-945,-1494,-583,-11,-183
2018-01-25,319000,319000,305000,310000,62515,19379650000,-2.3622,23983,1629,-25710,-755,-16262,-3213,-6146,-1006,1786,100,-2,-114
2018-01-26,310000,354500,309500,340500,302543,103015891500,9.8387,-42791,99599,-57189,-12159,-44403,2818,-1628,-355,-611,472,-91,-851
2018-01-29,343500,348500,328000,331000,113240,37482440000,-2.79,21966,-693,-20462,-331,-10019,-5969,-1656,-876,-854,-1459,648,-757
2018-01-30,330500,334000,321500,331500,92636,30708834000,0.1511,4770,-11101,6963,-1629,936,14551,-2903,-202,-3708,-756,124,-82
2018-01-31,340500,351000,329000,343000,172574,59192882000,3.4691,-10929,-2249,13155,-7377,1910,13386,2488,2923,-31,320,-297,-144
2018-02-01,343000,362000,338500,358000,92400,33079200000,4.3732,-25050,8831,16568,6786,775,-126,13480,945,-5418,-357,8,126
2018-02-02,358000,366000,353500,357500,69046,24683945000,-0.1397,-1633,722,829,1159,1665,179,1219,-134,-3611,78,4,352
2018-02-05,353000,353000,338500,341500,44988,15363402000,-4.4755,-3343,1971,1435,1106,594,-4769,1026,60,3450,-60,-3,-32
2018-02-06,331000,347500,322000,347500,96267,33452782500,1.757,-9239,5443,4441,8151,-15934,8993,1462,1548,292,-48,-597,-71
2018-02-07,347500,349500,325500,326500,95839,31291433500,-6.0432,17274,6160,-23640,-9171,-11529,-1858,2092,324,-3405,162,44,-93
2018-02-08,323500,335000,321000,325500,90633,29501041500,-0.3063,7313,5023,-12329,271,-1975,-3483,-952,-913,-5279,-109,102,2
2018-02-09,316000,330500,315000,317000,84348,26738316000,-2.6114,3646,23169,-26658,-4004,-16139,-2724,-474,-1248,-2099,-171,14,30
2018-02-12,320500,327000,308500,322000,68102,21928844000,1.5773,-4767,7364,-2576,3433,-3575,548,1134,-339,-3754,-10,-11,-23
2018-02-13,319500,321000,308500,312000,61164,19083168000,-3.1056,19786,-13176,-6693,4001,-4772,-106,-1991,-1633,-2131,79,4,-61
2018-02-14,314000,322000,308000,309500,71619,22166080500,-0.8013,4960,-6623,1668,3197,-5394,926,-2449,-4,5542,-42,37,-150
2018-02-19,316000,325500,314000,324500,40460,13129270000,4.8465,-8191,3219,5121,4107,227,2655,-1550,595,-884,-100,-49,-29
2018-02-20,322000,323500,316000,317000,33345,10570365000,-2.3112,3816,-3409,-514,2712,-1323,-111,1506,-290,-2925,107,0,-83
2018-02-21,320000,328000,317500,323000,40372,13040156000,1.8927,-7193,5194,1879,7117,-3620,750,-271,1062,-3157,150,-30,-2
2018-02-22,320500,334000,319500,327000,53163,17384301000,1.2384,-1971,10701,-9291,4044,-769,-1425,-6293,0,-4850,585,-24,2
2018-02-23,332000,335500,322500,335500,46881,15728575500,2.5994,-9175,3944,5156,8647,-5372,-395,675,120,1510,76,-1,-29
2018-02-26,340000,348000,339500,344000,51596,17749024000,2.5335,-4313,1848,1611,2617,-4749,3094,-500,-284,1621,857,-3,-188
2018-02-27,345000,351500,332000,334000,67465,22533310000,-2.907,3279,10794,-14096,-1140,-7690,782,-513,-208,-5327,-10,33,0
2018-02-28,334000,345000,334000,343000,73959,25367937000,2.6946,-9362,14988,-6027,2384,1333,-3048,-67,0,-6640,398,3,11
2018-03-02,333500,338500,329500,331500,47246,15662049000,-3.3528,13069,-1594,-12055,-9498,1373,147,-1963,563,-2691,536,44,14
2018-03-05,328000,334500,323500,325500,26376,8585388000,-1.81,-1787,4986,-3220,-1352,-114,-698,-720,39,-373,21,0,-2
2018-03-06,327000,339500,326000,338500,32305,10935242500,3.9939,-6704,5434,1275,-1652,834,2172,3013,117,-3209,0,-5,0
2018-03-07,334000,338500,327000,331000,39207,12977517000,-2.2157,2537,6414,-8437,-4150,-2550,609,-2495,0,425,-506,-8,-276
2018-03-08,334500,334500,321000,325000,83875,27259375000,-1.8127,13285,14245,-25920,-15096,-23282,400,-1078,0,13638,-1644,34,-502
2018-03-09,329000,351500,326000,343000,134516,46138988000,5.5385,-21458,24842,-3307,-14796,-11390,8944,4949,916,8538,-71,-6,-468
2018-03-12,347000,347000,331500,337500,53279,17981662500,-1.6035,11912,4391,-14521,-6329,-2595,-865,-1807,23,-2959,-1809,27,11
2018-03-13,333500,333500,324000,325500,57216,18623808000,-3.5556,25338,-5023,-20404,-3109,-2270,-9309,-3387,440,-2769,88,1,0
2018-03-14,326000,326000,314000,321500,63287,20346770500,-1.2289,21667,6914,-28800,-8623,-4292,-546,-8492,295,-6822,43,176,-320
2018-03-15,320500,330000,319000,329500,37232,12267944000,2.4883,-10911,6296,4816,4801,-1018,4029,-2710,1000,-1286,-70,-131,0
2018-03-16,329500,342000,328000,331500,66279,21971488500,0.607,-14268,8850,5387,-2997,3782,5901,-3420,-304,2455,31,0,-30
2018-03-19,332500,332500,321000,322000,49168,15832096000,-2.8658,18382,-7625,-10245,-3886,1017,-2516,-208,352,-5001,-504,-8,-3
2018-03-20,318000,325500,318000,323000,26447,8542381000,0.3106,3349,1434,-4769,377,-1483,-4027,1187,-37,-786,50,-64,0
2018-03-21,324000,337500,324000,331500,61474,20378631000,2.6316,-22750,16879,5896,-1043,3108,1255,178,-76,2478,11,-36,-4
2018-03-22,331000,350000,330000,347000,79275,27508425000,4.6757,-40946,21481,19532,-2024,6687,11136,2592,-163,1304,-67,0,0
2018-03-23,335000,346500,334500,336500,52851,17784361500,-3.0259,-2221,-2724,5208,-161,4596,1648,2360,35,-3270,-186,-77,0
2018-03-26,337000,348500,336500,344000,39266,13507504000,2.2288,-5434,9248,-3834,-800,-2130,-492,1118,-48,-1484,10,10,2
2018-03-27,345500,353500,340500,353000,63807,22523871000,2.6163,-22180,18497,3822,-626,-1301,6851,-2197,-84,1197,-116,-23,-18
2018-03-28,351000,355000,340000,343500,52787,18132334500,-2.6912,2095,-11495,9403,381,-630,4031,-897,3148,3367,14,-17,3
2018-03-29,343500,348500,337000,348500,29908,10422938000,1.4556,-34,3839,-3320,-1445,528,-1598,-343,-855,529,-461,-24,-136
2018-03-30,350000,360000,347000,357500,46128,16490760000,2.5825,-10439,-1138,11733,1419,553,9323,-820,-254,1532,-29,-127,-20
2018-04-02,368500,386000,365000,383500,95826,36749271000,7.2727,-12358,13563,-975,-263,4403,-2615,6506,-980,-8008,-177,-53,-18
2018-04-03,380000,393000,372000,378500,74691,28270543500,-1.3038,7757,-10536,1290,1366,-792,-8501,535,1646,7036,1482,7,0
2018-04-04,378500,378500,364500,370000,51971,19229270000,-2.2457,10293,-5815,-4720,-2073,-4560,-766,-3311,429,5615,205,37,-54
2018-04-05,372500,378000,362000,366500,54915,20126347500,-0.9459,9162,8877,-17801,-4642,-4934,-9122,-2784,-792,4909,-245,7,-436
2018-04-06,366500,382000,365000,377500,58150,21951625000,3.0014,-15117,18774,-3591,-2721,-2653,6263,-353,-687,-3211,-57,-9,-229
2018-04-09,376000,386500,376000,384500,34895,13417127500,1.8543,-7131,11669,-4459,947,-2672,1283,-147,0,-3870,-79,0,0
2018-04-10,379000,403500,379000,399000,67858,27075342000,3.7711,-11741,10779,-120,798,5760,994,3138,-129,-10681,997,85,0
2018-04-11,396000,399000,386500,390500,76113,29722126500,-2.1303,-1120,8281,-6687,-1282,-6430,-1908,-2440,-520,5921,-474,0,-28
2018-04-12,394500,401500,387000,399500,65095,26005452500,2.3047,-568,-13332,13934,7470,-1385,-2578,835,-171,9836,-35,1,-73
2018-04-13,395000,399500,388000,398000,59350,23621300000,-0.3755,95,-2770,2865,-567,-482,2202,10659,-20,-8927,-76,-114,0
2018-04-16,398000,402500,392500,396500,26109,10352218500,-0.3769,68,6011,-6255,-1385,196,-3674,1631,20,-3043,151,25,0
2018-04-17,396500,398500,385500,396000,49430,19574280000,-0.1261,3533,13433,-17048,-3417,-9286,-2731,-4149,-16,2515,76,6,36
2018-04-18,400000,408500,396000,407500,77934,31758105000,2.904,-9117,40447,-31694,-4073,-6403,-6132,-581,850,-15433,304,60,78
2018-04-19,401500,404500,383500,389000,65746,25575194000,-4.5399,19951,5027,-24895,-1619,-15589,-6535,-6924,-395,6243,-40,-43,-76
2018-04-20,389000,397500,388500,395000,41744,16488880000,1.5424,-4184,17921,-13653,-455,-2179,-1539,-6277,0,-3225,-70,-14,22
2018-04-23,395500,395500,378000,387500,52537,20358087500,-1.8987,4543,14788,-19083,-1110,-4991,-4183,-8884,289,23,-231,-17,-227
2018-04-24,395000,404000,385000,387500,68378,26496475000,0.0,-2533,18721,-15790,1232,-3792,-6530,-3967,-235,-2498,-408,10,0
2018-04-25,391000,399500,387500,396500,61411,24349461500,2.3226,-10218,23504,-13337,2227,2954,-5978,-691,-81,-11768,-34,85,0
2018-04-26,398000,404000,392000,396500,43593,17284624500,0.0,1074,9858,-10814,-370,-4724,-2544,-1350,0,-1351,-118,0,-475
2018-04-27,398500,410000,398000,404500,54993,22244668500,2.0177,-13391,24706,-11178,-3265,-1362,-1024,-867,-143,-4414,-218,81,-103
2018-04-30,410000,433000,406500,417500,66813,27894427500,3.2138,-3981,-5495,8976,3468,12710,-49,-185,-567,-6215,500,0,-186
2018-05-02,417500,420500,410500,417500,35431,14792442500,0.0,3250,-2746,-728,-931,-524,-2317,397,-213,3050,169,55,-190
2018-05-03,418500,418500,400000,400000,56760,22704000000,-4.1916,10202,6537,-16613,1909,-8498,-6955,-5819,-441,3387,-136,10,-196
2018-05-04,400000,408000,394000,398000,50803,20219594000,-0.5,1430,11910,-12425,-4639,-5065,1070,-1051,-122,-2600,-920,5,-18
2018-05-08,401500,407000,394000,401500,58467,23474500500,0.8794,1723,12983,-14965,-3431,-562,-7332,-4196,-84,640,256,3,0
2018-05-09,401500,403500,388500,394500,60707,23948911500,-1.7435,8151,5637,-13735,1438,-4196,-10497,-870,5,385,-6,-47,0
2018-05-10,394000,422000,388500,421000,125092,52663732000,6.7174,-14275,16549,-2374,3423,-4949,2141,-1799,-1401,230,195,-95,-19
2018-05-11,432500,442000,423500,428000,110289,47203692000,1.6627,-22692,18844,3165,10107,-7666,2545,4369,-722,-5534,682,1,66
2018-05-14,433500,434500,418000,428000,59845,25613660000,0.0,706,8591,-11256,4470,-12905,-5168,-152,127,2372,2008,-49,0
2018-05-15,432500,440000,429500,438500,61062,26775687000,2.4533,-7793,6043,1721,-1323,-1773,2876,5474,774,-4307,-42,71,0
2018-05-16,441000,448000,436000,447500,48318,21622305000,2.0525,-6993,16473,-8750,130,-2746,-2505,3859,-200,-7288,-746,16,0
2018-05-17,453000,453000,439000,449000,62187,27921963000,0.3352,-1285,1583,-156,9923,-2494,339,-2664,-400,-4860,-138,-4,0
2018-05-18,448000,451000,433000,439500,63416,27871332000,-2.1158,8589,4801,-13222,1586,-6927,-705,-5661,-1369,154,-49,-119,-300
2018-05-21,444500,444500,435000,442500,36065,15958762500,0.6826,-3714,15032,-11169,-1810,-1081,-4023,-4933,0,678,-151,2,0
2018-05-23,434000,445500,434000,445000,35309,15712505000,0.565,-2621,10698,-7467,-1751,-2805,-473,-1942,13,-509,-610,0,0
2018-05-24,451000,466500,445000,465500,78477,36531043500,4.6067,-6849,8765,-2756,-6244,4671,-4032,7547,540,-5238,845,-5,0
2018-05-25,475500,475500,439000,439000,82402,36174478000,-5.6928,30238,-24702,-5471,8,-7944,-2031,-3639,475,7660,-116,51,0
2018-05-28,445000,451500,436500,439000,48373,21235747000,0.0,1236,-3705,2520,2838,510,-1136,-1992,309,1991,-51,0,0
2018-05-29,444500,463000,444500,459500,59718,27440421000,4.6697,-17095,17266,-147,-533,-1422,34,5107,-1074,-2212,0,-24,-47
2018-05-30,455500,459500,442500,451500,49059,22150138500,-1.741,1497,-7119,5562,-915,1921,2348,3545,50,-1365,84,-24,-22
2018-05-31,451500,453500,437000,439000,99193,43545727000,-2.7685,23725,3804,-27592,-7854,-15477,-804,-2937,680,-1238,78,-15,38
2018-06-01,445500,462500,440000,445000,92836,41312020000,1.3667,-4373,23512,-19135,-8164,-2402,-395,-4961,-70,-3167,-17,13,24
2018-06-04,449500,449500,432000,435500,68775,29951512500,-2.1348,13915,9666,-23636,-5605,-7408,-10079,-3044,41,1297,8,47,1162
2018-06-05,432000,443000,428500,440000,81319,35780360000,1.0333,5163,27397,-32166,-9883,-7880,-8375,-1500,-271,-4581,-401,7,324
2018-06-07,440000,446000,423000,426500,84265,35939022500,-3.0682,17738,24209,-41737,-13943,-24450,-1827,-6073,80,4476,-223,13,0
2018-06-08,426000,431000,411500,415500,100653,41821321500,-2.5791,14211,31306,-47129,-8877,-21076,-5844,-7794,-367,-3007,1597,15,-164
2018-06-11,421000,431500,418500,430500,66103,28457341500,3.6101,-15024,17209,-2194,-2554,1582,2452,-4481,767,40,-20,29,0
2018-06-12,435000,439500,424000,431500,65229,28146313500,0.2323,277,19275,-18484,-7562,-5936,-173,-3886,0,-780,-1068,0,-147
2018-06-14,436000,436000,414000,417000,112811,47042187000,-3.3604,16227,23359,-40111,-14245,-23260,-2408,-6410,686,5532,476,49,-6
2018-06-15,421000,423000,410500,418500,119119,49851301500,0.3597,-4086,35237,-30833,-11319,-12656,1545,-6057,-62,-2183,-319,1,-101
2018-06-18,417000,417500,388000,392000,112668,44165856000,-6.3321,20379,2774,-22518,-1921,-19432,180,-7757,212,6228,-528,-107,-28
2018-06-19,391000,393500,379500,382500,118044,45151830000,-2.4235,7159,21868,-28221,-865,-8269,-11470,-8716,638,454,-772,-34,7
2018-06-20,387000,399000,381000,398000,108479,43174642000,4.0523,-2691,22918,-21026,-4512,-9838,-1790,943,1592,-7522,776,23,101
2018-06-21,398000,405000,385500,389000,86319,33578091000,-2.2613,7894,4734,-13664,-3326,-12537,1120,888,139,-194,1000,36,246
2018-06-22,391000,393000,375000,391500,107135,41943352500,0.6427,10506,15433,-25731,-13463,-24290,11119,2374,990,-1022,-212,4,-1439
2018-06-25,404500,421000,389500,419500,257052,107833314000,7.152,-24127,45980,-21707,-8497,-10272,4921,4259,-349,-11900,-156,10,131
2018-06-26,419500,419500,396000,397500,128529,51090277500,-5.2443,18393,-12817,-5340,1968,-3120,-2479,-5076,-2026,5700,-195,-41,-307
2018-06-27,398500,406500,395000,402000,55084,22143768000,1.1321,-4516,1542,2950,4217,1579,-490,1321,53,-3780,31,-7,50
2018-06-28,404500,404500,394500,401000,48687,19523487000,-0.2488,458,6371,-6720,-2100,-402,-3852,952,479,-1447,-110,1,-350
2018-06-29,406000,409000,392000,401500,52421,21047031500,0.1247,-3613,7430,-4050,-2777,215,2594,1556,-30,-5557,232,1,-51
2018-07-02,399500,404000,387500,387500,47991,18596512500,-3.4869,10236,4995,-15310,-3506,-2250,-2672,-4955,832,-2708,-37,116,-51
2018-07-03,388000,390500,350500,358500,217584,78003864000,-7.4839,49123,-7856,-41267,-15346,-16494,-8964,-2613,-606,2743,-9,9,13
2018-07-04,350500,355500,338000,353500,194523,68763880500,-1.3947,10945,32748,-39121,-34624,641,4263,-10613,-1012,2653,-4641,69,-429
2018-07-05,353500,362000,349000,358000,96569,34571702000,1.273,-14352,-4467,18822,16904,606,5028,-853,0,-2817,-175,172,-46
2018-07-06,358000,372000,348000,360500,123086,44372503000,0.6983,-2509,1605,-1004,-2382,-277,2302,-2280,411,1222,1912,-4,0
2018-07-09,354000,355500,328000,331000,189240,62638440000,-8.1831,53719,-4145,-50702,-9022,-14463,-10367,-20394,-330,3872,1141,-13,2
2018-07-10,335000,342500,333000,341000,84340,28759940000,3.0211,-13756,24080,-10129,-5981,223,3958,-1168,-32,-7129,-189,-6,0
2018-07-11,335000,338500,329000,330000,88505,29206650000,-3.2258,6871,-423,-6445,-3506,1216,-1735,-2216,-715,691,-13,10,-180
2018-07-12,329000,336000,323000,329000,89824,29552096000,-0.303,-937,5454,-4369,-8474,-1527,-509,1840,484,3594,-170,22,223
2018-07-13,332500,334000,328000,331000,58928,19505168000,0.6079,2673,-1490,-1017,-1618,-2226,-1118,1967,-36,2050,-155,-11,-36
2018-07-16,328500,330500,313000,314000,114661,36003554000,-5.136,37421,-12713,-24631,-12265,-2133,-3797,-7622,-282,1466,-81,4,2
2018-07-17,314000,323000,314000,320000,102362,32755840000,1.9108,-13629,8288,5666,-4878,8564,4045,-5187,0,3453,-322,-3,-331
2018-07-18,323000,324000,313000,320500,95169,30501664500,0.1562,-11825,10765,914,2510,588,4487,-701,6,-5369,185,-39,-607
2018-07-19,320500,321000,297500,308000,184662,56875896000,-3.9002,44334,-19037,-25698,581,-14880,690,-14638,346,3011,167,234,-808
2018-07-20,304500,309500,301000,303500,75545,22927907500,-1.461,-1222,-16228,17102,7558,-2835,3569,3111,360,5339,337,11,0
2018-07-23,302500,313500,301500,305500,86394,26393367000,0.659,-8418,-9455,16086,2192,94,9326,-543,328,4671,1787,0,18
2018-07-24,305500,326500,305500,323500,132589,42892541500,5.892,-24858,-27056,51857,212,22322,14051,11437,174,3289,133,-76,372
2018-07-25,323500,327000,314000,324500,73874,23972113000,0.3091,-5151,-2203,7197,-3890,7414,1889,1084,25,675,263,-106,0
2018-07-26,325500,326500,312500,319000,64678,20632282000,-1.6949,6423,-15132,8450,2459,3055,-1985,5887,266,-3274,245,14,2042
2018-07-27,321500,339000,321000,334000,104796,35001864000,4.7022,-28063,4402,23753,10058,6495,-2980,11709,192,-1804,-99,7,83
2018-07-30,341500,346500,324500,326000,76693,25001918000,-2.3952,15566,-23788,7716,-3490,4115,5839,1780,-94,-563,492,14,129
2018-07-31,321500,333500,316500,332000,64056,21266592000,1.8405,-7836,-7828,15969,10941,-1744,3184,1219,75,2174,-275,-30,120
2018-08-01,332000,348500,324000,346500,113027,39163855500,4.3675,-18813,-3839,22231,8680,-844,13679,8316,-850,-7831,385,36,1081
2018-08-02,342000,345000,335500,338500,69667,23582279500,-2.3088,9701,-22191,12692,8414,964,5495,-2242,-93,-69,-202,0,223
2018-08-03,336000,344000,332000,342000,54088,18498096000,1.034,1670,-17097,15311,5703,1328,4167,1496,0,2384,70,46,233
2018-08-06,339000,346000,333000,337000,61193,20622041000,-1.462,677,-517,-400,4861,-4633,-3468,1259,-364,1841,257,-17,104
2018-08-07,333500,335500,320000,322000,106937,34433714000,-4.451,41517,-16707,-25159,9354,-9459,-9609,-15853,308,100,225,124,0
2018-08-08,322000,326000,320000,321000,59668,19153428000,-0.3106,4722,10057,-14849,2909,-8592,-109,-6900,10,-2072,-50,120,-95
2018-08-09,321000,321500,304000,310000,161618,50101580000,-3.4268,36780,-3835,-33143,-16597,-5687,-23881,-2722,-766,16817,-70,268,-307
2018-08-10,309000,314500,309000,310000,69870,21659700000,0.0,-2436,9288,-7056,2692,-4909,-333,-1605,0,1099,48,156,-4000
2018-08-13,304500,304500,294500,300500,93884,28212142000,-3.0645,22286,-5569,-17272,7261,-5201,-9620,-8479,371,-1494,507,48,-110
2018-08-14,298000,302500,294500,298000,54470,16232060000,-0.8319,10495,1669,-11872,-5704,-2842,439,-2817,10,-936,-204,-88,-22
2018-08-16,293500,299000,285000,291000,90316,26281956000,-2.349,8687,-12746,3944,-2824,-2291,9964,-560,1240,-812,114,1,-773
2018-08-17,292000,299000,290000,296500,75065,22256772500,1.89,-277,7721,-7277,-5589,5233,-3252,765,-25,-4409,-199,32,0
2018-08-20,297000,298500,280500,280500,128549,36057994500,-5.3963,59419,-16093,-42720,-3137,-14451,-11832,-8915,-185,-4200,-579,-27,0
2018-08-21,281000,284500,278000,283000,81867,23168361000,0.8913,408,-10916,10334,-1454,2632,-1492,5493,1500,3655,186,-12,0
2018-08-22,283000,288500,283000,284000,63713,18094492000,0.3534,102,-418,1002,-2551,1844,1518,6892,45,-6857,-789,103,111
2018-08-23,294500,313000,292000,310000,243814,75582340000,9.1549,-54673,-5302,59849,9379,34070,11340,10691,-827,-5077,850,-724,273
2018-08-24,311000,316000,304500,313500,92202,28905327000,1.129,2836,-27572,24445,6681,13327,-1603,3531,225,1819,243,48,465
2018-08-27,314000,314500,302000,305500,97164,29683602000,-2.5518,14396,-40258,26827,9787,6500,-1156,6368,2144,3024,-950,-15,160
2018-08-28,310500,321000,310000,316000,107172,33866352000,3.437,-13408,-3343,16583,-5951,2149,12811,2545,986,3674,116,52,369
2018-08-29,317000,317500,311000,316000,55734,17611944000,0.0,6144,-16445,9067,-3405,4271,4078,1400,32,2691,1223,11,0
2018-08-30,330000,338000,313000,317500,133156,42277030000,0.4747,10559,-38304,25566,4015,11883,-654,-671,617,9018,2066,113,1358
2018-08-31,318000,325000,315500,324500,84318,27361191000,2.2047,-13529,-14026,25964,2026,19701,-285,2225,0,2150,1505,86,147
2018-09-03,324500,327000,320000,322500,40706,13127685000,-0.6163,1002,-11524,10743,7523,3067,1077,1237,0,-2206,33,-254,45
2018-09-04,322500,328000,312500,326500,65277,21312940500,1.2403,-7002,-10637,17967,18508,1586,-183,672,92,-2708,-276,-52,0
2018-09-05,326500,330000,320000,322500,64198,20703855000,-1.2251,-3679,9290,-4959,-6809,5202,-806,-978,27,-1785,-857,205,190
2018-09-06,320500,321500,312000,316500,62983,19934119500,-1.8605,-1852,-8907,10915,10667,3898,-3929,-923,218,-486,80,-236,1470
2018-09-07,321000,324000,313000,320500,38420,12313610000,1.2638,-9261,-2374,11863,1327,1460,1655,2767,238,4416,-200,-28,0
2018-09-10,313500,318500,303500,310000,99949,30984190000,-3.2761,-5398,-656,6212,-1505,6760,5752,579,291,-5845,-212,54,180
2018-09-11,310000,315000,307500,309000,43513,13445517000,-0.3226,6821,-13782,6450,2518,2593,65,1188,62,24,511,0,0
2018-09-12,311500,320500,310000,319500,67283,21496918500,3.3981,-16342,1201,15021,2614,7912,6625,-1904,26,-323,-3,123,71
2018-09-13,320500,340000,320500,338000,125928,42563664000,5.7903,-27122,-279,27147,-4128,10603,9825,9541,-442,1680,129,125,68
2018-09-14,343000,352000,337500,348500,137477,47910734500,3.1065,-7751,-43272,51285,15768,14183,16029,3577,-1082,2722,298,-560,88
2018-09-17,345000,350500,337500,341500,68066,23244539000,-2.0086,10808,-21145,10379,7864,7465,-9042,1854,45,2193,-51,9,0
2018-09-18,339000,363500,339000,361000,120282,43421802000,5.7101,-30104,-14531,45308,24451,1085,14048,2376,-977,4325,-652,-21,0
2018-09-19,365000,365500,350000,357000,98162,35043834000,-1.108,13296,-32482,19115,10227,1283,3141,2608,-229,2256,-44,115,-171
2018-09-20,353500,356500,347500,349500,73928,25837836000,-2.1008,6901,-9379,2224,1337,1302,-322,-203,35,75,268,-14,0
2018-09-21,355000,355000,338500,347500,96224,33437840000,-0.5722,4793,-8843,4039,-1002,1383,4992,-939,-1506,1111,-61,72,0
2018-09-27,347500,364500,347500,359000,98872,35495048000,3.3094,-18256,11782,6454,7665,-406,6429,-5657,-62,-1515,3,17,0
2018-09-28,361000,368000,355000,362500,71458,25903525000,0.9749,-981,-4011,4595,-6602,4409,6469,-248,-332,1145,473,-76,-246
2018-10-01,364500,380000,358500,363500,86342,31385317000,0.2759,-4955,-8928,13549,2182,-1460,9382,2675,-349,1144,274,60,-25
2018-10-02,364500,365500,341000,347500,95990,33356525000,-4.4017,17397,-7103,-9804,-5192,-31,-3428,-1124,-843,1881,-640,150,-1067
2018-10-04,347500,348000,299500,303500,304380,92379330000,-12.6619,77790,16422,-95382,-9010,-25154,-55450,-8327,-1051,3770,640,530,-160
2018-10-05,303500,315500,290500,312000,164418,51298416000,2.8007,-16774,5854,12096,12867,2088,-3747,-3612,197,2803,-1182,6,1500
2018-10-08,308000,311000,300000,301000,80551,24245851000,-3.5256,2888,7082,-10165,573,2329,56,-5408,0,-8210,121,74,495
2018-10-10,299500,309000,295000,295500,85328,25214424000,-1.8272,4232,-4765,311,5628,-1410,-3323,-2244,535,1125,303,-81,0
2018-10-11,286500,298500,283500,288000,122565,35298720000,-2.5381,3164,-4103,1234,3670,155,-5256,1328,-2335,3672,-164,-131,0
2018-10-12,287000,303500,287000,296000,76627,22681592000,2.7778,-1593,-14609,15141,-12,12200,2155,5248,-370,-4120,1066,-5,40
2018-10-15,299000,299000,281000,282500,96722,27323965000,-4.5608,14445,114,-14272,-2416,-1149,-10864,-1174,-67,1463,-363,76,-65
2018-10-16,283500,290000,282000,289000,50524,14601436000,2.3009,-6840,2492,4118,4070,-2901,3489,3377,0,-3913,267,-37,-4
2018-10-17,294500,302000,287500,290000,58888,17077520000,0.346,2592,-6837,4236,3709,-310,1760,2068,0,-2991,14,-5,0
2018-10-18,293000,294500,284500,286000,31710,9069060000,-1.3793,1479,-1841,179,4768,213,-1132,-2053,-81,-1786,140,43,250
2018-10-19,283000,283000,267500,278500,149946,41759961000,-2.6224,21889,1134,-22639,12542,-5991,-13855,-2515,-2219,-10601,-489,105,0
2018-10-22,282000,290500,278500,290500,69178,20096209000,4.3088,-11325,-9474,20615,1585,8179,3905,4563,397,1682,180,4,304
2018-10-23,289000,289500,273500,275500,60877,16771613500,-5.1635,23235,-5634,-17909,-13389,-1570,-4922,2025,305,-573,232,76,215
2018-10-24,278500,279500,271500,274000,46848,12836352000,-0.5445,-6461,6018,956,16,-5120,-512,-719,-17,7377,-540,27,-69
2018-10-25,267000,277000,263500,269500,62469,16835395500,-1.6423,-2268,-69,2880,3890,-4724,-3786,2488,190,4701,-473,-70,121
2018-10-26,269500,270000,249500,254500,155126,39479567000,-5.5659,28133,8155,-34292,-3786,-12178,-17399,-2949,-145,2213,-1943,-53,-48
2018-10-29,253000,262000,249000,252000,91476,23051952000,-0.9823,-10084,5676,4378,-2537,3539,1250,-452,-50,2628,5,25,0
2018-10-30,249500,257000,246000,255500,55509,14182549500,1.3889,-5675,-1271,7651,-1239,-680,3393,2944,124,3469,-777,72,-360
2018-10-31,261500,272000,252500,258500,137063,35430785500,1.1742,11559,-22781,10313,-2712,9486,15338,-6854,1341,-6471,897,12,185
2018-11-01,262000,273500,260500,263500,99445,26203757500,1.9342,-13867,3833,8886,6060,4198,11250,-6237,0,-6315,1083,65,-70
2018-11-02,270500,276000,266500,275500,84053,23156601500,4.5541,-243,-4776,4808,-3853,2222,3147,-1317,362,4247,242,-31,0
2018-11-05,273000,273000,265500,267000,54198,14470866000,-3.0853,12918,-1684,-11569,-4988,-2740,1906,101,3,-5851,27,308,0
2018-11-06,269500,273500,267000,270000,44174,11926980000,1.1236,-9320,-612,9897,-2300,-1887,11408,-944,0,3574,68,-33,46
2018-11-07,271500,273000,258500,262500,65740,17256750000,-2.7778,14385,-12232,-2692,-10998,-51,10600,-5377,-418,3740,539,0,-188
2018-11-08,266000,269000,259500,259500,74796,19409562000,-1.1429,14166,3008,-17480,-5981,-4141,2181,-5131,-368,-3783,102,204,-257
2018-11-09,260000,266000,249500,264000,133821,35328744000,1.7341,86,10770,-5719,-16689,3258,8320,-4073,380,3067,-5195,58,18
2018-11-12,258500,259500,253000,254500,68757,17498656500,-3.5985,12053,-11621,-282,-252,380,-4360,-1482,-440,6067,-304,154,-195
2018-11-13,249500,255500,246000,252500,73167,18474667500,-0.7859,4700,9456,-13698,3241,-7910,-980,-5011,1,-3039,-570,112,0
2018-11-14,254000,259000,252000,254000,43584,11070336000,0.5941,6426,-4346,-2415,1023,-600,-737,-814,0,-1287,248,87,0
2018-11-15,259000,285000,258500,280500,209822,58855071000,10.4331,-42684,-3420,45494,550,24841,13705,10414,931,-4779,1606,-996,-168
2018-11-16,284000,287000,275500,279000,69082,19273878000,-0.5348,2838,-14501,11241,530,2447,3514,1036,-38,3752,380,42,0
2018-11-19,280000,291000,276000,290000,93062,26987980000,3.9427,-12234,-18676,31370,5201,7919,9054,2953,136,6278,-369,-91,-171
2018-11-20,285000,291500,280500,288000,81974,23608512000,-0.6897,1626,-23954,22566,2412,4285,3360,3310,471,8611,-159,-79,117
2018-11-21,285000,288000,272500,286000,110649,31645614000,-0.6944,13347,-31621,18312,4391,6445,1942,1362,1349,2823,162,-200,0
2018-11-22,284500,296000,284500,286000,90223,25803778000,0.0,-7365,9137,-1807,2582,-1559,-4521,954,233,504,40,-5,0
2018-11-23,280500,308500,280500,299000,158351,47346949000,4.5455,-44725,28573,16728,286,511,5646,7665,-283,2903,-531,-45,0
2018-11-26,301500,304000,296000,303000,70413,21335139000,1.3378,5528,-24285,18734,2247,3806,4251,4717,464,3249,70,-47,0
2018-11-27,303000,307000,295500,297500,63647,18934982500,-1.8152,12889,-9465,-3104,-1876,-3676,21,1694,167,566,-336,16,0
2018-11-28,297500,298000,288000,289000,83967,24266463000,-2.8571,23806,-22055,-1703,2752,3657,-2714,-1342,340,-4396,-100,52,0
2018-11-29,292500,296000,283000,284000,90494,25700296000,-1.7301,28902,-21464,-7562,2178,261,-7162,1021,299,-3815,64,60,-344
2018-11-30,286000,293500,279500,291000,105639,30740949000,2.4648,-14925,-8331,23119,4386,11053,4268,1704,-1700,3493,204,-67,-85
2018-12-03,297000,297500,289500,294000,87003,25578882000,1.0309,-8043,1984,5889,-3651,6028,3247,4520,453,-4159,106,64,-549
2018-12-04,293500,297500,286500,287500,67888,19517800000,-2.2109,16453,-4883,-11655,5034,-7951,-6073,-1448,283,-1502,64,21,2
2018-12-05,281500,288000,280500,284000,39447,11202948000,-1.2174,2842,-4673,1819,5094,-1561,-3355,-249,563,1082,20,-8,245
2018-12-06,283000,286000,265500,266500,98961,26373106500,-6.162,34914,2502,-37296,-10209,-6720,-14055,-851,566,-6027,-120,0,0
2018-12-07,271000,274500,267000,268000,67341,18047388000,0.5629,12270,2087,-13937,628,2208,-7480,-3611,-51,-5684,-276,-144,53
2018-12-10,265000,272500,261000,269500,52749,14215855500,0.5597,-5491,4284,1107,2993,-1049,-3304,52,359,2056,100,0,0
2018-12-11,269500,270500,263500,263500,48832,12867232000,-2.2263,10970,-13290,2273,1387,47,-1506,-1411,199,3464,6,41,93
2018-12-12,265500,268500,261000,267500,79509,21268657500,1.518,6268,1959,-8045,729,-1807,-5925,-3108,-557,3584,-188,6,-961
2018-12-13,268000,269000,259000,260500,114310,29777755000,-2.6168,32005,10209,-41636,-8248,-5259,-4648,-7676,408,-16385,-571,-7,172
2018-12-14,262000,265500,255000,256500,81402,20879613000,-1.5355,16003,1760,-17817,3766,-701,-8054,-13656,-283,1111,-11,65,0
2018-12-17,259500,264500,256000,263500,57551,15164688500,2.729,-11953,-1767,13810,2302,2100,7857,-912,341,2122,0,-90,0
2018-12-18,259500,266000,258500,263000,58758,15453354000,-0.1898,-7170,-1123,8163,5691,-676,-1662,-1038,598,5250,73,57,0
2018-12-19,265000,265500,259500,262500,41422,10873275000,-0.1901,9825,-4609,-5320,3932,-3682,-1004,-6279,455,1274,102,2,-16
2018-12-20,262000,262000,254500,256500,57561,14764396500,-2.2857,19262,752,-18972,1260,-6039,-1721,-12815,-13,365,-1041,-1,-9
2018-12-21,253500,256500,251500,255500,53118,13571649000,-0.3899,4193,-2877,-1755,2184,-2974,-1099,-2868,-276,3311,437,2,-33
2018-12-24,254500,254500,249500,251000,57383,14403133000,-1.7613,19973,6998,-26929,-3619,-5145,-5851,-5771,-4236,-1728,-47,5,-579
2018-12-26,247000,250500,245000,246500,65317,16100640500,-1.7928,15320,4522,-19634,2044,-10851,-1417,-6103,-2553,545,-165,-43,-1299
2018-12-27,249500,261500,247000,254000,92612,23523448000,3.0426,-12662,4997,6665,-2703,9558,4160,-3389,-1688,392,900,100,335
2018-12-28,254500,260000,254500,256000,44007,11265792000,0.7874,-1307,-1452,2734,-2430,6423,105,-430,-398,-625,-13,38,89
2019-01-02,257500,258000,246000,248000,72595,18003560000,-3.125,14471,-16000,1184,4774,6031,-6253,3401,26,-6802,286,59,7
2019-01-03,250000,250500,240000,241000,82097,19785377000,-2.8226,16271,-3150,-14635,-4242,-5297,-4372,-2364,2200,-1032,941,573,472
2019-01-04,240000,241500,231000,239500,132087,31634836500,-0.6224,17094,22443,-38474,5235,-22139,-11305,-10459,143,-549,-1184,121,600
2019-01-07,242000,247500,237000,240500,73638,17709939000,0.4175,5551,11390,-18831,5071,-19098,-6875,-2669,0,4740,1814,76,0
2019-01-08,240500,242000,235000,236500,55662,13164063000,-1.6632,25070,-2090,-23027,-3904,-1918,-6572,-10264,-869,559,-35,82,-59
2019-01-09,237000,242500,236500,240500,63764,15335242000,1.6913,6418,9830,-18150,-8863,-5902,-1472,-2226,461,-306,1835,67,158
2019-01-10,241000,246500,240000,241000,66739,16084099000,0.2079,1162,16292,-18058,-3405,-5343,-5384,-2221,319,-2086,462,142,62
2019-01-11,242500,246000,239500,245000,58913,14433685000,1.6598,-13325,6172,6891,2608,-4782,3639,839,0,4587,349,-87,0
2019-01-14,246500,258000,245500,253500,123417,31286209500,3.4694,-29587,26823,3899,-4905,-1535,10949,-3234,-298,2922,-606,-529,0
2019-01-15,255000,263500,251000,256000,106953,27379968000,0.9862,-7636,-5860,15767,9047,-1790,5730,3935,288,-1193,-2071,-200,-250
2019-01-16,256000,256000,249000,250000,64034,16008500000,-2.3438,26210,-22735,-3062,-464,2709,-2345,-2506,-342,-107,-558,145,-7
2019-01-17,250500,251500,241500,242000,94486,22865612000,-3.2,26955,-4109,-23254,-5480,-6814,-8451,-415,81,-2215,212,196,40
2019-01-18,243500,250500,243500,250500,62464,15647232000,3.5124,-11312,-1212,12049,-3254,530,12767,-772,-118,1236,475,0,1660
2019-01-21,253500,256500,247500,249000,80876,20138124000,-0.5988,14840,-28838,14411,4158,2828,3108,3281,520,295,-108,-305,221
2019-01-22,249500,258500,249500,252000,86611,21825972000,1.2048,-16276,5933,10214,106,3072,3947,1139,53,2745,145,-16,-848
2019-01-23,253000,269500,252500,265000,242494,64260910000,5.1587,-71187,-33484,104432,12486,25511,28824,17650,1130,17354,265,-26,1477
2019-01-24,268000,268500,262000,265500,94368,25054704000,0.1887,7401,-14076,6662,-4144,5533,1721,2719,190,643,31,-18,0
2019-01-25,265000,276500,263500,273500,138678,37928433000,3.0132,-31297,-1987,33817,3183,15277,3491,2038,110,9715,-451,-82,3
2019-01-28,277000,277000,266000,274500,129048,35423676000,0.3656,-3841,25273,-21202,-5096,-6885,-5629,-3738,-494,652,-134,-96,-12
2019-01-29,273000,274000,267000,274000,60247,16507678000,-0.1821,-1214,3739,-4076,-4931,4841,-1312,-707,75,-4334,1454,97,2292
2019-01-30,274500,274500,264500,266000,89413,23783858000,-2.9197,36370,-5174,-30189,1606,-6625,-9423,-8483,-714,-6550,-1048,41,0
2019-01-31,268000,269500,259500,264500,70594,18672113000,-0.5639,12428,5155,-16467,1283,-5246,-9559,-1669,6,-1294,-1138,22,12
2019-02-01,266000,273500,266000,272000,86510,23530720000,2.8355,-47771,36394,11416,328,8218,-1596,759,-500,4365,0,-39,-158
2019-02-07,274000,274000,264000,265500,66397,17628403500,-2.3897,24164,-8487,-16609,-3286,-5057,-1596,-2794,-330,-3546,921,11,0
2019-02-08,264000,265500,255000,257000,83443,21444851000,-3.2015,18986,-6940,-12027,1331,-4559,-3206,-3791,0,-1802,-52,33,0
2019-02-11,257500,257500,249000,251500,81632,20530448000,-2.1401,28179,-13246,-15044,-4018,3121,-7128,-3903,42,-3158,49,62,0
2019-02-12,251500,256500,251000,256500,57147,14658205500,1.9881,9410,-11840,2464,1881,-1235,574,30,0,1214,53,-87,0
2019-02-13,257000,257000,252500,254500,49911,12702349500,-0.7797,14469,-16202,2408,-452,4466,-5013,2205,-381,1583,-881,206,0
2019-02-14,255000,257000,252500,255000,40153,10239015000,0.1965,-266,-1568,2005,-2446,2781,421,-581,-177,2007,-209,38,0
2019-02-15,256000,267000,254000,266000,106004,28197064000,4.3137,-45499,7917,38470,15910,10270,4407,3743,105,3385,-750,-138,650
2019-02-18,268000,273000,267500,270000,82116,22171320000,1.5038,-20019,-6171,26177,1228,7356,8329,4205,917,4142,28,-15,0
2019-02-19,272000,273000,267000,271000,73920,20032320000,0.3704,-11003,749,10719,14960,-3866,1060,-490,0,-948,-452,-13,3
2019-02-20,274000,285500,273500,284000,168878,47961352000,4.797,-67647,30421,37437,8377,5959,4832,4253,-104,13758,-267,56,362
2019-02-21,286000,288500,282000,283500,78547,22268074500,-0.1761,-3467,7617,-4022,-2471,2815,-4050,-615,-44,523,-46,-82,-180
2019-02-22,283000,288000,278000,285000,43856,12498960000,0.5291,-39,3532,-3355,-1292,-1056,-491,-1405,0,1741,-181,43,-852
2019-02-25,287500,293000,280000,290000,60938,17672020000,1.7544,-10503,-13080,23809,4816,5582,8866,842,-64,3767,-174,-52,0
2019-02-26,290000,295000,287500,293000,69846,20464878000,1.0345,-13693,-884,14572,7491,4880,-2395,2253,79,2110,-2,7,154
2019-02-27,293000,293500,285000,293000,59928,17558904000,0.0,-857,-8921,9850,4284,6994,-3283,1760,0,-875,-5,-67,970
2019-02-28,291500,294000,283500,285500,73656,21028788000,-2.5597,-13691,-4474,19500,3524,6272,-3396,11460,0,1664,-1293,-42,-24
2019-03-04,285500,295500,285500,288500,55131,15905293500,1.0508,-316,2415,-2032,962,-1394,-1647,885,0,-824,-55,-12,-14
2019-03-05,286500,291000,284000,290000,49590,14381100000,0.5199,-5033,762,4313,9837,-303,-3392,-47,-129,-1653,2,-44,0
2019-03-06,289000,290000,281500,283000,49638,14047554000,-2.4138,11735,1917,-13785,-2169,-662,-4155,-1943,-856,-4000,191,-58,0
2019-03-07,284000,289000,279500,283500,58653,16628125500,0.1767,-3300,6158,-4322,1795,-1197,-4630,1412,-22,-1680,1319,145,0
2019-03-08,286500,299500,285500,289000,123083,35570987000,1.94,-27781,-7684,37058,7416,12102,6437,6849,156,3732,-1567,-26,366
2019-03-11,290000,297000,286000,296500,81011,24019761500,2.5952,-14493,-3433,19793,9982,3585,3999,2261,405,-796,-1880,13,357
2019-03-12,296500,296500,283500,289500,98366,28476957000,-2.3609,17452,-6798,-10541,-2247,2748,-5253,3788,-953,-8554,-120,7,-70
2019-03-13,289500,294000,286500,289000,33223,9601447000,-0.1727,-2503,-1800,4292,1277,2046,-635,-372,0,1893,10,1,83
2019-03-14,291500,294500,286000,292500,65720,19223100000,1.2111,-13616,14302,-106,1767,-289,-5900,2830,0,1728,-572,-8,-242
2019-03-15,292000,301500,288500,300000,94999,28499700000,2.5641,-20866,-5019,25650,6848,5668,6337,-879,0,7742,244,-9,-66
2019-03-18,312500,323500,309000,323000,158774,51284002000,7.6667,-55124,41022,11157,-7598,1944,12424,5949,48,-1633,3001,-56,23
2019-03-19,324000,329500,320000,328500,78412,25758342000,1.7028,-3634,5096,-1014,4018,1162,-2204,1169,-130,-5649,-450,2,620
2019-03-20,328000,332000,320000,329500,54967,18111626500,0.3044,-9690,-6454,14407,11424,1436,-201,2376,-276,-417,1606,131,65
2019-03-21,328000,328000,315500,319500,77107,24635686500,-3.0349,-3382,6331,-1710,3589,-4121,-3827,4204,-1184,-1054,-1316,77,683
2019-03-22,316000,326000,315500,326000,53125,17318750000,2.0344,1127,3862,-5116,-3689,-3087,1928,-467,-368,77,40,87,490
2019-03-25,321000,322500,312500,316500,49231,15581611500,-2.9141,2994,-505,-2011,7651,-9529,-1827,1303,0,-229,-526,48,620
2019-03-26,318000,333000,316500,332000,88380,29342160000,4.8973,-17565,19550,-1973,-431,-1103,361,6169,-305,-6664,-10,-2,0
2019-03-27,334000,337500,331000,333000,48691,16214103000,0.3012,-4411,6988,-2190,68,338,520,-628,520,-3008,-546,159,0
2019-03-28,331000,333000,324000,331000,41955,13887105000,-0.6006,-4635,1,4577,7618,76,-1670,742,120,-2309,10,47,0
2019-03-29,334000,339000,328500,337500,59700,20148750000,1.9637,-10386,9670,1978,1195,4828,156,-1454,-947,-1583,-1151,-111,-217
2019-04-01,331000,335000,323500,326000,102218,33323068000,-3.4074,14345,1972,-16188,2431,-4227,-7057,-2149,-2205,-3422,-144,15,441
2019-04-02,327500,331000,317000,318000,81234,25832412000,-2.454,12843,3117,-15753,-5820,-8479,-1254,-1854,-490,1890,-128,-79,254
2019-04-03,316500,319500,315000,318500,80665,25691802500,0.1572,6207,11766,-18015,-10148,-3479,-1143,-2461,-258,-534,25,17,8
2019-04-04,318500,329500,317500,321000,69646,22356366000,0.7849,-5456,-2033,7244,1969,-637,1123,-3380,0,8169,0,245,0
2019-04-05,324000,328000,322000,322000,37015,11918830000,0.3115,-3272,3256,998,-2050,-232,671,285,0,2324,-1453,471,0
2019-04-08,323500,330000,319000,321500,57401,18454421500,-0.1553,3764,6659,-10414,420,-2709,-3921,-2222,0,-1982,-2,-7,0
2019-04-09,322000,334500,313500,330500,145616,48126088000,2.7994,-8577,16678,-7614,-608,5507,-12452,6392,-326,-6776,-64,-423,649
2019-04-10,329500,331000,321000,329000,84450,27784050000,-0.4539,8812,-2998,-6177,-4910,780,-5602,1300,141,834,-3,366,1280
2019-04-11,327000,331500,321000,321500,73899,23758528500,-2.2796,19582,-8837,-10241,-3082,-6511,-3165,-1233,0,3147,-189,-315,603
2019-04-12,321500,324500,316000,322500,70402,22704645000,0.311,1852,-1954,498,1935,3533,-4285,-71,-618,4,-412,16,0
2019-04-15,325500,330500,322000,325000,45861,14904825000,0.7752,-5450,2497,3001,-257,-1665,-811,1641,-539,4632,1,-49,0
2019-04-16,325000,326500,319500,321500,47086,15138149000,-1.0769,-3379,6525,-3157,-2502,-1911,-502,1170,0,-1503,1,10,2091
2019-04-17,322000,323500,314500,315000,59190,18644850000,-2.0218,12059,410,-12461,-8247,-4049,-158,425,0,-1019,13,-21,587
2019-04-18,315000,320500,311000,315500,59544,18786132000,0.1587,4769,14162,-19269,-4897,-1610,-8827,-1852,22,-2105,-27,365,0
2019-04-19,315500,320000,313500,315500,30323,9566906500,0.0,2030,4104,-6316,-3959,-5547,1170,520,278,982,4,178,240
2019-04-22,319000,322000,315000,317500,35558,11289665000,0.6339,-1711,1470,202,-2815,-109,4078,-73,159,31,22,17,-1069
2019-04-23,321000,325000,318000,324000,46911,15199164000,2.0472,-13198,1298,11910,1376,5210,2893,3215,0,-454,0,-10,-330
2019-04-24,326500,326500,318500,320500,36615,11735107500,-1.0802,-342,1810,-1530,1224,1569,-713,584,0,-4196,7,55,2
2019-04-25,322500,326000,318500,321500,41318,13283737000,0.312,-10900,1167,10285,2935,492,3412,1076,128,2895,-710,158,-653
2019-04-26,321000,323000,314500,319000,36401,11611919000,-0.7776,-1313,-2511,3817,4794,-957,-1297,2467,-61,-1506,-19,26,377
2019-04-29,325000,332500,325000,329500,82323,27125428500,3.2915,-29672,6008,24259,2384,3941,10943,3470,72,5449,-26,-569,-2000
2019-04-30,334000,343500,332000,340000,112862,38373080000,3.1866,-40407,983,39429,14399,7230,11463,5279,-77,1538,3,-8,-403
2019-05-02,338000,345500,337000,341000,44009,15007069000,0.2941,-4433,-5388,10102,6467,-1821,3326,3513,0,-1382,15,-296,-1
2019-05-03,341000,342000,329500,336000,53191,17872176000,-1.4663,5501,-8102,2147,1385,-462,-3065,3907,-67,-103,33,421,552
2019-05-07,327000,329500,323000,324500,60693,19694878500,-3.4226,15857,-13591,-2315,401,4530,-7623,1501,0,-1168,114,-65,44
2019-05-08,319500,329000,311500,326000,47713,15554438000,0.4622,-2137,-3573,5814,3934,6564,-4192,-145,-198,-80,-582,478,-69
2019-05-09,322500,323500,306500,307000,110954,34062878000,-5.8282,18603,-14574,-3787,6865,-44,-8960,2853,-1234,-3410,89,-331,143
2019-05-10,308000,323500,304500,321000,94063,30194223000,4.5603,-11823,-12463,24021,9673,4507,3626,6358,43,616,4,261,-802
2019-05-13,321500,331500,308000,312000,102825,32081400000,-2.8037,283,5523,-5591,-5636,1615,-6229,4569,-305,235,3,-218,160
2019-05-14,312000,323000,307000,323000,69246,22366458000,3.5256,-11391,6092,5990,-3441,9325,-2054,3479,-139,-1480,410,-1101,300
2019-05-15,312500,316500,298500,305500,163904,50072672000,-5.418,5120,-19038,14683,1979,19282,2869,-5203,34,-4947,-780,15,669
2019-05-16,304000,308500,294500,297000,104385,31002345000,-2.7823,13919,-14443,408,-5804,83,3262,-196,77,2986,104,12,0
2019-05-17,298500,302500,291000,294000,58055,17068170000,-1.0101,-4068,3104,602,1653,3992,-5546,1817,-94,-2510,64,298,1290
2019-05-20,295500,303000,295500,300000,35215,10564500000,2.0408,-3930,6731,-2805,-302,434,-507,-1033,0,-1397,6,-2,0
2019-05-21,295500,302000,292000,296500,45848,13593932000,-1.1667,2559,737,-3426,67,180,-1505,1250,0,-3418,100,30,0
2019-05-22,296500,300500,295500,299000,38728,11579672000,0.8432,-1419,-2871,4289,-170,980,1563,191,337,976,0,1,412
2019-05-23,299000,299000,281500,288500,97743,28198855500,-3.5117,10205,23050,-33313,-2791,-14369,-4588,-3999,-164,-6256,58,0,-1146
2019-05-24,287000,293500,285000,290000,54549,15819210000,0.5199,-5638,-7817,13326,1344,10908,-1869,149,0,2794,100,29,0
2019-05-27,290000,297500,287500,290500,31969,9286994500,0.1724,-4337,1132,3035,1902,1916,-247,-828,0,292,170,0,0
2019-05-28,295500,295500,289500,291000,53255,15497205000,0.1721,-6033,-236,6217,1330,2483,-676,-2126,-50,5256,52,0,0
2019-05-29,291500,300500,288500,298000,51914,15470372000,2.4055,-14897,388,14522,-1742,10186,924,3223,0,1925,8,-21,6
2019-05-30,300000,303500,290000,292000,52739,15399788000,-2.0134,5054,-7431,2426,-1811,-1766,1049,3708,0,1246,-49,0,0
2019-05-31,292000,298500,290000,298000,46341,13809618000,2.0548,-3366,4022,-1298,226,1673,-2481,2550,0,-3872,642,0,606
2019-06-03,298000,301000,291000,300500,46376,13935988000,0.8389,-2850,8321,-5479,2986,-1363,-2087,1175,0,-6190,5,3,0
2019-06-04,300500,300500,293000,294500,47545,14002002500,-1.9967,9253,1606,-10805,6558,-4331,-190,-7800,-54,-4969,-21,-33,-19
2019-06-05,298000,300500,294500,295500,33397,9868813500,0.3396,2632,-2334,-306,2027,921,4134,-3788,-289,-3363,-9,17,52
2019-06-07,294500,299000,291500,293500,25008,7339848000,-0.6768,606,-2259,1983,-872,696,2470,134,40,-485,0,-330,0
2019-06-10,296500,301000,294000,296000,33221,9833416000,0.8518,-5573,-26,5327,3042,-702,5155,-269,-881,-719,-186,458,-299
2019-06-11,294500,303500,294500,300500,29471,8856035500,1.5203,-9708,8453,1419,-227,883,1391,-202,-15,-411,-150,-14,0
2019-06-12,302000,310000,302000,308500,64306,19838401000,2.6622,-18663,-1957,21510,1940,6735,8165,3343,-36,1363,-293,-597,0
2019-06-13,309000,309000,301000,303500,71441,21682343500,-1.6207,7792,-6536,-1271,7682,-5727,-2681,-2934,-262,2651,15,0,0
2019-06-14,304500,305000,297000,297500,39778,11833955000,-1.9769,9408,-4750,-6814,1829,-7211,27,514,0,-1973,1656,500,0
2019-06-17,301000,306500,296500,299000,40492,12107108000,0.5042,-1062,7736,-6630,3975,-11260,2349,-2826,0,832,-53,9,300
2019-06-18,298500,302500,294500,297500,34531,10272972500,-0.5017,5907,1274,-7146,-2085,-1002,-1887,-1126,0,-1046,-35,0,0
2019-06-19,302500,313000,300000,310000,73915,22913650000,4.2017,-28342,11374,18462,-1875,9236,2976,6641,98,1294,-972,-522,92
2019-06-20,310000,318000,310000,312000,36407,11358984000,0.6452,-1568,-4305,6233,4779,-295,1177,-921,-1,1494,-369,9,0
2019-06-21,312000,312000,297500,299500,103231,30917684500,-4.0064,21285,-36011,9338,6803,1360,-2425,-1646,-199,5451,5816,-428,-6
2019-06-24,299000,304000,295500,302500,36598,11070895000,1.0017,-1542,1077,-320,701,-1740,-269,241,0,747,622,163,0
2019-06-25,303500,304500,298000,299000,28711,8584589000,-1.157,1295,-1992,-152,3991,-4057,1880,176,-151,-1991,932,-83,0
2019-06-26,297000,303000,297000,299000,24274,7257926000,0.0,-1137,-3391,4973,5005,-2233,1735,877,37,-448,-490,45,0
2019-06-27,299500,306000,299500,303500,45346,13762511000,1.505,-11018,6915,10354,10815,-8172,6118,-119,662,1050,-6325,74,0
2019-06-28,304000,306000,299500,301000,30949,9315649000,-0.8237,2964,-421,-2870,3494,-8016,-27,-402,-45,2283,327,0,-157
2019-07-01,308000,312500,302500,306500,38614,11835191000,1.8272,-3113,1710,1392,-1567,-209,-1007,773,0,3402,11,0,0
2019-07-02,304000,304000,294000,294500,68548,20187386000,-3.9152,34390,-12665,-25569,-1216,-10150,-9398,22,0,-5427,3720,124,600
2019-07-03,295000,297500,290000,291500,28983,8448544500,-1.0187,9176,-4162,-5324,-172,-2299,-797,-1044,5,-1017,414,-104,0
2019-07-04,293000,293500,275000,286000,67741,19373926000,-1.8868,15054,715,-16003,-7675,-4571,-1492,-1147,148,-1266,116,118,0
2019-07-05,286500,290000,283500,287000,42221,12117427000,0.3497,-8385,15092,-6748,-1448,-3854,-793,-98,-1054,499,41,0,0
2019-07-08,287000,289000,278000,281500,31274,8803631000,-1.9164,273,1338,-1607,-2948,-957,238,1794,0,385,204,-208,-119
2019-07-09,276500,283500,268000,271000,72076,19532596000,-3.73,13411,14423,-27975,-5909,-1640,-1802,-8052,-6,-10411,81,60,-155
2019-07-10,272500,278000,270000,270000,40476,10928520000,-0.369,3579,12785,-16446,809,-10208,350,-3083,-53,-4261,12,70,0
2019-07-11,270000,276500,268500,269000,66833,17978077000,-0.3704,11447,17270,-28778,2290,-15753,-617,569,-102,-15165,42,19,0
2019-07-12,271500,274500,271000,273500,38465,10520177500,1.6729,-7315,14522,-7181,-1053,-4193,1481,-1845,0,-1569,-25,-1,-2
2019-07-15,273000,280500,271000,271500,33854,9191361000,-0.7313,2060,-6610,4648,1295,-599,-153,872,217,3016,-98,0,0
2019-07-16,274500,276500,271500,274500,48970,13442265000,1.105,-703,7174,-6454,-362,-5705,1174,-2252,0,759,-17,0,-68
2019-07-17,275000,275000,270500,271500,28890,7843635000,-1.0929,-2925,4173,-1176,1074,-254,1528,-812,0,-2667,-12,-60,-45
2019-07-18,270000,273000,267500,269000,33767,9083323000,-0.9208,2612,13114,-15728,-3241,-5384,-397,-136,-4126,-1233,0,2,-1211
2019-07-19,270500,274000,268500,273500,32031,8760478500,1.6729,-883,10155,-9477,-3697,-5595,854,-622,-1521,1291,157,48,-187
2019-07-22,274000,279500,272000,278500,28858,8036953000,1.8282,-10576,3630,6948,-772,3772,2321,2467,0,-826,-2,0,-14
2019-07-23,280000,280000,275500,278500,22966,6396031000,0.0,-2702,996,1487,-605,652,2260,-263,0,-557,206,13,0
2019-07-24,276500,279500,274500,275000,19432,5343800000,-1.2567,2020,3258,-5222,-152,-2072,544,445,-1698,-859,0,-56,-1430
2019-07-25,275000,276000,270500,275500,37020,10199010000,0.1818,1484,13465,-15001,-6938,-2918,-1013,372,-74,-1175,2,50,-3255
2019-07-26,277000,279000,264000,270000,51223,13830210000,-1.9964,11337,11015,-22489,-10543,-2818,-1110,-881,790,-7806,123,14,-121
2019-07-29,270000,275500,258500,259500,47859,12419410500,-3.8889,9034,8353,-17326,-3162,-5817,-3703,-652,0,3026,-59,-2,-7018
2019-07-30,253500,263000,253000,259000,43187,11185433000,-0.1927,-2564,9065,-6607,-405,-5938,-1518,-82,84,829,105,1,423
2019-07-31,257000,262000,251500,253500,42696,10823436000,-2.1236,5264,3466,-8536,-1092,-9200,-27,511,-480,1576,-235,41,176
2019-08-01,253500,262000,252500,260000,40903,10634780000,2.5641,-10845,4731,6194,4235,2440,-1199,904,1043,-1431,0,-80,202
2019-08-02,253500,261000,253000,255500,36244,9260342000,-1.7308,4347,-13126,8815,3945,-2339,3154,2752,-45,1197,-4,-32,151
2019-08-05,253000,253000,240000,240500,76671,18439375500,-5.8708,12174,-2458,-9626,-1872,-5641,3274,-3269,-1140,-978,1,-91,0
2019-08-06,234500,239000,230000,233500,59685,13936447500,-2.9106,-2227,11194,-9077,122,-2537,-2712,-3500,-220,-230,36,74,0
2019-08-07,226500,234500,225000,226500,66005,14950132500,-2.9979,9096,11356,-20014,-4788,-4838,-2690,-5834,78,-1942,-384,-54,0
2019-08-08,228000,238000,226500,232000,89048,20659136000,2.4283,3328,7226,-6261,1584,-7685,2840,-1363,124,-2356,-4329,36,595
2019-08-09,233500,240000,226000,226500,84442,19126113000,-2.3707,18094,13620,-31694,-6580,-13828,-2361,-3301,-700,-4598,-10,-10,-326
2019-08-12,226500,231000,223000,230000,67876,15611480000,1.5453,-6153,14763,-8053,-9510,4895,460,3264,-9831,2530,-568,11,139
2019-08-13,230000,230000,223500,224500,36239,8135655500,-2.3913,4975,-5534,840,534,-3272,1763,489,34,1292,-381,100,0
2019-08-14,227000,228500,220000,221500,63903,14154514500,-1.3363,4939,-10097,6293,104,980,3276,2232,402,-696,-1144,9,-5
2019-08-16,220000,221000,213500,216500,48895,10585767500,-2.2573,11450,4071,-15508,-664,-8210,-1263,824,127,-6314,6,-19,-8
2019-08-19,216500,221000,216500,220500,25886,5707863000,1.8476,-8608,5587,3154,831,1007,271,-496,0,1541,-133,0,0
2019-08-20,220000,228000,220000,224000,52261,11706464000,1.5873,-4431,-9589,14128,3705,6430,3012,147,0,834,-118,10,0
2019-08-21,223000,223500,219500,221500,43073,9540669500,-1.1161,11368,-14915,2463,1138,4306,-1434,-1037,0,-510,1089,-5,0
2019-08-22,223000,227500,221500,226000,48039,10856814000,2.0316,-13096,3198,9730,1325,3007,1956,963,150,1996,8,160,333
2019-08-23,221500,229500,219000,226000,36635,8279510000,0.0,-1119,-1761,2700,272,2805,710,1024,0,-2111,160,20,0
2019-08-26,221000,222500,218500,219500,25620,5623590000,-2.8761,2760,39,-2689,-378,-801,-1136,-78,0,-296,31,-141,0
2019-08-27,221500,229000,220000,224500,57362,12877769000,2.2779,-11775,-1599,13954,229,7574,1879,2427,0,1845,-580,0,0
2019-08-28,224500,229000,221500,223000,33304,7426792000,-0.6682,11910,-11981,71,-1399,1476,61,275,0,-342,0,0,0
2019-08-29,223500,236000,223000,232000,58273,13519336000,4.0359,-22038,7498,14567,-1134,4137,5717,6493,-77,-795,-20,-7,226
2019-08-30,233500,236000,230000,231000,35543,8210433000,-0.431,5854,-10607,4477,2649,-467,-2044,528,85,3726,276,0,0
2019-09-02,231000,241000,229500,236500,47788,11301862000,2.381,-6803,-15858,23021,2636,3202,6985,1244,94,8272,-350,-10,588
2019-09-03,238000,253000,238000,249000,99948,24887052000,5.2854,-21668,-27789,48141,15263,13079,8537,3852,-123,7512,1345,-29,21
2019-09-04,248500,255000,248000,255000,51087,13027185000,2.4096,-7584,-6432,13989,2205,656,5746,-1014,54,6342,21,6,0
2019-09-05,253000,255000,242000,243000,82880,20139840000,-4.7059,34652,-10723,-24136,6831,-14228,-6164,-13337,0,2700,107,100,62
2019-09-06,243000,248000,241000,241000,37312,8992192000,-0.823,899,5040,-5950,-385,-2821,-2557,-2356,374,1795,-15,26,0
2019-09-09,242500,254000,242500,252500,70597,17825742500,4.7718,-21372,14598,6610,-4757,8961,-508,-1590,0,4488,212,-48,16
2019-09-10,253000,255000,246500,247000,37170,9180990000,-2.1782,2988,-6562,3518,423,549,-188,1997,0,737,55,1,0
2019-09-11,248500,258000,248500,258000,73678,19008924000,4.4534,-21398,5282,16581,10861,2832,1904,2453,0,-1462,-467,2,-7
2019-09-16,258500,261500,254000,257000,39368,10117576000,-0.3876,1610,-8435,6825,1413,6493,900,-156,-70,-1755,0,0,0
2019-09-17,258000,259000,255000,257000,26613,6839541000,0.0,-47,4386,-4354,-155,679,-532,-3207,0,-1139,-10,25,0
2019-09-18,260000,261000,255000,257000,34982,8990374000,0.0,-1664,4521,-3197,528,186,-1156,-2229,208,-744,343,-3,10
2019-09-19,257000,258500,251000,253500,27956,7086846000,-1.3619,7029,-4898,-2551,309,-2337,-2482,216,0,1737,209,211,6
2019-09-20,253500,262500,252000,261500,50439,13189798500,3.1558,2342,4643,-6890,-1755,-2435,-1129,856,10,-2437,120,-215,0
2019-09-23,261500,263000,257500,262000,28741,7530142000,0.1912,2195,-731,-1513,1186,-1511,-3918,1181,0,1549,69,-20,0
2019-09-24,263000,274000,263000,267500,54003,14445802500,2.0992,-12525,-919,13640,350,5156,3053,2191,-85,2975,-200,4,0
2019-09-25,263500,266500,259000,259000,46238,11975642000,-3.1776,10766,-3812,-6641,-390,-1445,-8574,-773,0,4541,-313,0,0
2019-09-26,261500,264500,257500,262000,32265,8453430000,1.1583,1719,1929,-3703,-2339,514,-4405,457,0,2070,70,-15,0
2019-09-27,263500,265000,259500,262000,21281,5575622000,0.0,1410,-1979,531,-4372,1980,-48,-851,-340,4309,38,0,-147
2019-09-30,264500,264500,257500,262500,29701,7796512500,0.1908,5937,5314,-11360,-4220,1185,-586,-1451,-130,-5885,109,0,-273
2019-10-01,259000,263500,256000,257000,38038,9775766000,-2.0952,5942,5680,-11747,1094,-8259,-2287,-775,-34,-1486,120,5,0
2019-10-02,255500,262000,248500,250000,54433,13608250000,-2.7237,5018,14831,-19803,-4666,-6434,-2254,-4020,-350,-1930,-50,4,-149
2019-10-04,248500,253500,245500,247000,35936,8876192000,-1.2,3010,11219,-14242,-6973,-1879,-4574,918,1,-1735,-2,15,0
2019-10-07,245500,247500,237000,240000,58167,13960080000,-2.834,16100,-4755,-11373,1187,-7901,-1722,-1954,84,-719,20,8,-348
2019-10-08,239500,246500,239500,246500,35398,8725607000,2.7083,-7146,11272,-4197,4227,-5757,-1778,-1773,0,884,1,70,0
2019-10-10,242000,247500,237000,245000,76873,18833885000,-0.6085,1092,13399,-14402,8622,-1920,1149,-1674,0,-20565,-3,-86,-14
2019-10-11,246000,249000,243000,245500,30163,7405016500,0.2041,2716,-3793,937,-2508,-3937,-2,12,569,6803,150,-10,0
2019-10-14,249500,253500,246000,247000,32749,8089003000,0.611,2788,2172,-4963,-4967,-89,-1632,275,0,1450,3,0,0
2019-10-15,246500,252000,243500,245500,29973,7358371500,-0.6073,7533,6757,-14446,-5732,-3698,-2820,-1361,0,-836,156,0,1
2019-10-16,249000,250500,243000,246500,37558,9258047000,0.4073,-2238,9847,-7710,209,-1586,-1807,-8593,968,3099,100,1,0
2019-10-17,247500,248500,241500,243500,29987,7301834500,-1.217,6389,5599,-12033,-2962,-4212,-2491,-3112,617,127,-16,61,0
2019-10-18,246000,247000,242000,244000,33362,8140328000,0.2053,1630,9974,-11461,-2646,-2406,-3868,-2550,0,13,-142,-1,-4
2019-10-21,244500,245500,240500,242000,20916,5061672000,-0.8197,1278,-889,280,-55,1317,-485,-436,0,-61,-558,-111,0
2019-10-22,242500,244000,236500,238000,61893,14730534000,-1.6529,22212,1870,-23881,-8512,-12778,-3893,-2621,70,3853,-227,26,0
2019-10-23,238000,240500,236000,237000,39222,9295614000,-0.4202,4180,5507,-9682,-2986,-7782,-161,501,0,746,-13,8,0
2019-10-24,235500,237000,229500,231500,68365,15826497500,-2.3207,19418,-4435,-15049,-7032,-448,-2202,-4860,80,-587,20,46,0
2019-10-25,231500,237500,231500,237000,31520,7470240000,2.3758,-16695,15135,1683,98,317,1200,-46,-40,122,-13,-110,32
2019-10-28,238000,238000,228000,229500,65754,15090543000,-3.1646,28902,-8673,-20185,-4346,-8526,1809,-8109,0,-726,-44,0,-287
2019-10-29,230000,236000,229000,233500,42804,9994734000,1.7429,-13357,4548,8832,-3468,4896,5678,388,0,1187,-12,-11,151
2019-10-30,237500,240000,234500,239500,51878,12424781000,2.5696,-19793,1786,17957,-26,3355,4836,4997,0,4787,50,0,8
2019-10-31,240000,241500,236000,236000,40148,9474928000,-1.4614,14595,-5822,-8776,-2779,-406,-4851,606,0,-1346,20,-17,0
2019-11-01,234500,238000,234000,235500,20911,4924540500,-0.2119,1730,-3932,2133,-568,4081,-1662,1373,0,-1091,73,-4,0
2019-11-04,235500,241500,235500,240000,38675,9282000000,1.9108,-6920,9151,-2122,473,-1932,1096,-5381,-17,3639,-100,-9,0
2019-11-05,241000,242000,237500,240000,33968,8152320000,0.0,9161,1636,-11515,-1921,-5091,-1245,-1169,0,-2089,717,1,0
2019-11-06,241000,259500,239500,256500,116783,29954839500,6.875,-49009,10675,38410,11176,10959,10422,567,7,5001,-81,5,278
2019-11-07,256500,262500,254000,256000,46591,11927296000,-0.1949,2127,-6599,4724,-3542,896,1413,5369,222,366,-291,39,0
2019-11-08,257000,258500,251500,254000,41747,10603738000,-0.7812,4494,-4316,-178,-3439,1036,284,637,1130,-1,0,0,175
2019-11-11,254000,256000,249000,254000,28859,7330186000,0.0,-2635,-6045,8611,911,2005,2483,2999,148,65,52,17,0
2019-11-12,255000,262000,247000,259500,95519,24787180500,2.1654,363,-5377,4847,-4047,-475,2983,1723,413,4074,111,56,176
2019-11-13,265500,274000,263500,265000,97403,25811795000,2.1195,-26500,4426,22375,7,3573,9647,6847,1952,349,-244,-57,0
2019-11-14,267000,268500,262000,265500,54417,14447713500,0.1887,996,-1964,922,-791,6028,-2051,268,0,-2537,46,0,5
2019-11-15,262500,271500,262500,269000,42879,11534451000,1.3183,-13606,9045,4845,2400,1824,-458,1116,0,1221,-284,0,-1258
2019-11-18,270000,270500,266500,269000,22933,6168977000,0.0,-1736,-3573,5504,-2031,8887,-988,-968,0,605,-195,0,-1
2019-11-19,266500,268500,263000,267500,31717,8484297500,-0.5576,260,1167,-1432,-1474,3596,-3968,-1399,0,1158,5,0,655
2019-11-20,268000,268000,261000,263500,36567,9635404500,-1.4953,1469,4961,-6396,-322,-367,-7325,-563,-12,1595,-34,0,598
2019-11-21,264000,264500,257500,262000,43158,11307396000,-0.5693,-4281,-5058,9357,-3050,6786,-891,2782,0,3659,-2,-16,71
2019-11-22,263000,264000,258500,262000,36115,9462130000,0.0,-949,-8934,9887,71,8242,-1492,605,0,2461,-4,0,0
2019-11-25,263000,270000,263000,266500,41406,11034699000,1.7176,-7250,1496,5616,622,1203,2143,867,30,751,73,65,0
2019-11-26,266500,271000,265000,269500,64647,17422366500,1.1257,-9933,-7857,17465,-2772,6056,5977,301,-150,8053,304,21,0
2019-11-27,272500,272500,266000,267000,31371,8376057000,-0.9276,-2779,-7079,9750,-2735,5201,5499,209,0,1576,124,-16,0
2019-11-28,265500,284500,265000,283000,75969,21499227000,5.9925,-30756,11149,19660,1830,11095,4377,527,-70,1943,35,-88,-42
2019-11-29,289000,289000,277500,281500,57324,16136706000,-0.53,4416,-16422,11469,1910,13946,-2724,-2729,0,999,521,16,67
2019-12-02,280000,284500,277500,283500,34538,9791523000,0.7105,-4345,-4459,9422,-111,6090,2282,-2200,0,3361,-618,0,0
2019-12-03,284000,284000,277500,282000,27346,7711572000,-0.5291,430,-4070,3678,-1760,1963,81,-2344,0,5738,-52,14,0
2019-12-04,278000,282500,276000,280500,35098,9844989000,-0.5319,-1531,-3207,4879,-2096,6312,1138,427,-151,-751,-125,-16,0
2019-12-05,278500,282000,276500,278000,33962,9441436000,-0.8913,1812,-2950,1186,-500,176,-166,2334,0,-798,-108,60,140
2019-12-06,279500,288000,279500,285500,55430,15825265000,2.6978,-8265,-5201,13466,757,12466,-1428,-682,430,1847,0,0,76
2019-12-09,288000,288000,281000,284500,28815,8197867500,-0.3503,1186,-1487,332,2986,-2708,-1020,999,0,-125,100,-131,200
2019-12-10,282000,291500,282000,287500,52494,15092025000,1.0545,-10450,10185,196,461,3141,-2070,-3253,-70,1787,5,64,200
2019-12-11,290500,291000,285500,287000,27769,7969703000,-0.1739,-214,4351,-4053,608,-2346,-2245,-3462,-12,3139,-106,22,265
2019-12-12,290500,294500,288500,294500,68663,20221253500,2.6132,-16215,1252,15508,7594,8335,853,-1902,44,273,-536,-9,311
2019-12-13,297000,299000,287500,291500,45255,13191832500,-1.0187,3038,-1265,-1601,4049,-2391,-1206,-8277,-238,7037,-71,-101,-575
2019-12-16,291500,294000,284500,285500,43489,12416109500,-2.0583,1585,1874,-3570,-1202,-3472,-3827,-1280,0,6492,96,15,-281
2019-12-17,285000,292000,285000,292000,28000,8176000000,2.2767,-9327,8966,444,-1943,3082,153,-1974,0,646,-67,-16,480
2019-12-18,291500,292000,286500,287000,24409,7005383000,-1.7123,6016,2907,-8612,-4606,-1875,-774,-1888,93,-121,-322,11,559
2019-12-19,287000,290500,286500,290500,18384,5340552000,1.2195,-3648,4608,-1060,-1653,785,393,-764,-264,264,100,0,179
2019-12-20,291500,292000,287000,287000,39901,11451587000,-1.2048,3329,-513,-2859,1055,-2188,343,-1144,-98,-1210,50,-7,383
2019-12-23,289500,289500,283500,285500,30498,8707179000,-0.5226,4228,3264,-7563,1223,-3728,-2014,-2633,-777,306,70,1,60
2019-12-24,285500,286500,276500,277500,54516,15128190000,-2.8021,15085,-9093,-6018,84,1500,-2399,-1265,-658,-3239,6,20,-41
2019-12-26,278000,280000,275500,277500,21863,6066982500,0.0,671,4260,-4967,10,-3262,-806,-3346,-235,2332,10,26,340
2019-12-27,274500,282500,274000,281000,39664,11145584000,1.2613,7412,6230,-13522,-7950,32,-479,-3880,0,-1245,-9,-111,0
2019-12-30,282500,291500,279500,289000,51145,14780905000,2.847,-23045,-427,23485,7137,6640,3506,209,0,5975,-11,-2,18
2020-01-02,289500,296500,289500,292500,48510,14189175000,1.2111,-4233,-2604,6871,-734,4725,1727,1606,0,-1113,-22,-12,660
2020-01-03,296500,297000,290500,292500,40984,11987820000,0.0,-511,10177,-9773,-3555,-941,383,2051,-46,-7715,17,90,50
2020-01-06,288000,294000,288000,290000,24759,7180110000,-0.8547,-1715,2644,-874,-3544,1786,2247,872,36,-2339,-55,0,68
2020-01-07,293000,311500,291500,305000,99705,30410025000,5.1724,-21354,21859,-1970,-8505,-475,3811,3745,56,-609,1563,-98,7
2020-01-08,305000,312000,299000,306500,73747,22603455500,0.4918,-11258,16403,-5621,-5015,1579,-611,2709,160,-4603,428,48,160
2020-01-09,307000,316000,306500,314500,86612,27239474000,2.6101,-5389,7294,-1444,-12374,2506,11020,810,-94,-3300,-461,0,-12
2020-01-10,313000,319000,311500,312500,47178,14743125000,-0.6359,5544,-2896,-2651,-7289,4495,2884,-1510,0,-1731,0,3,500
2020-01-13,314000,328500,313500,324000,76158,24675192000,3.68,-13941,9106,4845,-4515,-301,3433,56,-281,6311,22,-32,142
2020-01-14,328000,333500,315500,321500,71220,22897230000,-0.7716,13839,5620,-19506,-9781,-4254,-2667,-1916,477,-1545,102,-55,180
2020-01-15,320500,324500,318500,323500,43092,13940262000,0.6221,1168,10313,-11472,-2896,-2464,-429,-604,-179,-3685,-5,-4,-1215
2020-01-16,324000,324000,319500,322000,27968,9005696000,-0.4637,31,1202,-1680,195,-1526,892,254,-12,-1567,506,-59,84
2020-01-17,323500,326500,318000,320500,40136,12863588000,-0.4658,3585,6975,-10482,-3194,-2626,1735,-3306,0,-3516,-46,-32,425
2020-01-20,326000,332000,306500,309000,147422,45553398000,-3.5881,16813,26895,-43928,-17780,-13671,-4041,-1362,814,-8206,176,44,318
2020-01-21,309000,309500,299500,302500,107545,32532362500,-2.1036,17735,10629,-28801,-2772,-21366,551,-4556,916,-108,463,-26,-1466
2020-01-22,297500,316500,297500,315500,89830,28341365000,4.2975,-18574,15969,2713,-580,6969,-1301,-1604,25,-835,-41,-67,39
2020-01-23,311000,313000,305500,306500,55187,16914815500,-2.8526,10960,5865,-16945,-4422,-7085,-2124,-1672,123,-1737,110,10,-28
2020-01-28,280000,284000,268500,269500,225560,60788420000,-12.0718,77329,-12827,-66108,-12094,-31201,-2124,-17198,-1959,-1501,1576,30,-31
2020-01-29,271500,279500,270000,278500,115522,32172877000,3.3395,14983,3334,-19071,-9275,3186,-2251,1596,-464,-11724,757,-3,-139
2020-01-30,278000,279500,263500,266000,123403,32825198000,-4.4883,42425,-16780,-26290,-8470,-2286,-6924,-60,-751,-7866,653,-8,67
2020-01-31,266000,270000,264000,267000,80572,21512724000,0.3759,-1451,-16932,17926,2438,4604,2442,4981,0,3324,397,60,137
2020-02-03,263000,270500,251500,269000,128235,34495215000,0.7491,11640,-16723,5469,-4475,-6561,9530,-653,-32,7532,-386,0,128
2020-02-04,268500,280000,263500,273000,91759,25050207000,1.487,10260,-18158,7983,5800,531,7524,-86,116,-6950,-90,5,1048
2020-02-05,275500,278000,269000,272500,46109,12564702500,-0.1832,7211,5376,-12585,-1639,-541,80,-2597,0,-7904,0,-2,16
2020-02-06,278000,287500,277000,287000,99051,28427637000,5.3211,-18762,17352,1086,705,-3712,3645,-3556,52,3877,344,-20,75
2020-02-07,287000,287500,280000,281500,50791,14297666500,-1.9164,11656,-5428,-10935,-4880,-3023,-282,-1730,0,-1352,4707,0,332
2020-02-10,280500,280500,275000,279500,39415,11016492500,-0.7105,7154,5163,-12065,-9845,373,-2329,938,0,-1302,-267,15,100
2020-02-11,280500,290000,280500,283500,50104,14204484000,1.4311,-844,-2558,3435,-139,-1730,46,-1508,150,6603,-33,0,13
2020-02-12,282500,300000,282000,300000,94596,28378800000,5.8201,-14147,556,14371,-2107,4315,2985,2240,4,6879,-777,-3,55
2020-02-13,297500,301500,292000,293000,105666,30960138000,-2.3333,20956,-17215,-4312,-4470,-4873,-877,1094,0,4514,491,80,300
2020-02-14,293000,296000,290000,293000,45622,13367246000,0.0,2703,7172,-10951,-2139,-6996,-464,2715,100,-4167,983,93,0
2020-02-17,293000,303000,290500,296500,62639,18572463500,1.1945,-10657,14411,-3413,-1023,-4762,2641,750,68,-1105,-284,-57,18
2020-02-18,294500,298500,288000,289000,42629,12319781000,-2.5295,13145,-2164,-10947,-4785,-1369,181,-1235,-89,-3598,12,-46,-52
2020-02-19,292000,297500,280000,282500,63834,18033105000,-2.2491,5790,3210,-8969,-4328,-5208,-2445,326,0,2686,-37,6,0
2020-02-20,284500,286000,268000,270000,153588,41468760000,-4.4248,33839,-26611,-7341,4367,-5277,-4887,324,-114,-1724,83,30,-30
2020-02-21,269000,273500,261500,264000,87674,23145936000,-2.2222,13734,8599,-22482,-5997,-9450,-96,-2925,45,-3803,144,5,-256
2020-02-24,251000,254500,243500,244500,185890,45450105000,-7.3864,35719,-46271,9520,-9303,-6098,9325,11936,399,3133,264,768,128
2020-02-25,244000,258500,243000,254500,125682,31986069000,4.09,-5254,-23573,28093,3290,11667,1842,11490,819,-1201,1625,-891,186
2020-02-26,250000,261500,249000,254000,82189,20876006000,-0.1965,-3377,-5228,9039,-696,4782,5477,-288,779,-1506,-477,43,491
2020-02-27,251500,260500,246500,249000,85871,21381879000,-1.9685,-345,-14209,14370,6877,5871,1066,4,116,436,96,88,0
2020-02-28,245000,245000,231500,236000,172784,40777024000,-5.2209,26556,-37960,7064,-6304,2042,7040,1223,-4689,7949,4291,49,-197
2020-03-02,235000,249000,234500,243000,91494,22233042000,2.9661,-10660,3793,2651,-2481,2664,6336,-295,943,-4935,4195,21,419
2020-03-03,250000,253000,240500,241500,69902,16881333000,-0.6173,13913,-8576,-7691,3141,-2372,1432,-2339,0,-7591,2234,120,38
2020-03-04,240500,260000,240500,253000,93059,23543927000,4.7619,-10580,-4495,13315,10865,3210,3003,1664,2082,-9889,1805,-45,2380
2020-03-05,260000,264500,252000,264500,104952,27759804000,4.5455,1983,-15344,12959,2766,4277,11858,2842,-42,-8667,393,9,-75
2020-03-06,259500,266000,254500,258000,73181,18880698000,-2.4575,14189,-18833,16580,433,8152,8380,3864,0,-4249,-11909,-27,0
2020-03-09,252000,257000,246000,253500,64201,16274953500,-1.7442,-4847,-16757,21705,9015,-358,7286,5401,-251,-235,-84,-17,847
2020-03-10,245000,262500,245000,258000,79779,20582982000,1.7751,-17324,-14655,32281,4328,146,4916,7842,431,13858,-96,-206,760
2020-03-11,257000,263000,249000,251000,63614,15967114000,-2.7132,5038,-6408,1193,-4331,2492,8473,-351,208,-5298,176,1,0
2020-03-12,252000,252000,232500,241500,146648,35415492000,-3.7849,10878,-15414,5205,10193,-1157,-2640,5657,-575,-5854,-573,-96,-419
2020-03-13,218000,234000,211500,227000,188739,42843753000,-6.0041,3930,-26169,21180,3944,9208,-532,6330,247,2041,-136,1195,-58
2020-03-16,229500,235000,218500,218500,82731,18076723500,-3.7445,3006,7166,-10324,-775,-5822,2134,-1701,123,-4257,152,0,-26
2020-03-17,210000,238500,206500,237500,112027,26606412500,8.6957,-32400,916,31259,4509,5193,525,5848,1641,12910,-418,643,633
2020-03-18,235000,250000,225500,226000,105391,23818366000,-4.8421,-2927,-18192,20223,2415,7711,-1779,5232,217,6491,859,37,-64
2020-03-19,234500,239500,199000,204000,138230,28198920000,-9.7345,19581,-8800,-11184,-5485,-2090,-7758,4402,-443,282,393,10,-92
2020-03-20,210500,225000,200000,224000,106243,23798432000,9.8039,-10637,553,11461,-685,4401,3855,3254,187,449,-1384,7,0
2020-03-23,207500,215000,201000,206500,80435,16609827500,-7.8125,4205,-375,-5330,-5819,1583,3143,1469,11,-3503,1498,2,-2214
2020-03-24,213000,223000,208500,220500,98816,21788928000,6.7797,-3619,13466,-9850,1881,-3477,-7587,421,0,-1088,1,2,0
2020-03-25,227000,238000,222500,238000,147830,35183540000,7.9365,-29929,6488,23524,6571,-1101,11568,680,-641,6435,117,-200,12
2020-03-26,238000,245500,230500,232500,88514,20579505000,-2.3109,-1798,1698,798,691,-782,340,-1986,550,1985,-141,-557,0
2020-03-27,243500,243500,221000,224500,150570,33802965000,-3.4409,42740,2243,-46728,-7879,-15482,-5990,-11772,223,-5986,1043,702,158
2020-03-30,215500,218000,207500,215000,159615,34317225000,-4.2316,52662,7369,-61394,2008,-7752,-13136,-6767,-2373,-32736,1280,83,-638
2020-03-31,220000,220000,210500,217500,133878,29118465000,1.1628,28234,5201,-36487,-1841,-12189,-8516,-8975,-2194,-2756,2863,189,-16
2020-04-01,215500,218500,210000,210000,88350,18553500000,-3.4483,26709,730,-28859,-7414,-4567,-6668,-2225,-821,-7158,1139,281,-6
2020-04-02,210500,212500,203500,208500,128142,26717607000,-0.7143,41009,4823,-47303,-23535,-11931,1189,-9041,-299,-2526,1406,65,-1160
2020-04-03,208000,210500,205500,208500,89739,18710581500,0.0,7378,-3759,-4370,2030,-2962,5942,-5973,-514,-3801,665,86,908
2020-04-06,210000,223500,209000,221000,141057,31173597000,5.9952,-50695,13284,39908,3005,3101,15272,2171,225,15877,-2380,-117,257
2020-04-07,229000,232500,220500,228500,137833,31494840500,3.3937,10150,-7253,-7893,1123,6302,-6730,-3148,78,-5518,5786,-790,0
2020-04-08,226000,239500,222000,231000,136604,31555524000,1.0941,-18196,5474,17271,-444,4947,4979,3226,149,3951,-3027,-1522,463
2020-04-09,236000,238000,232000,237000,114853,27220161000,2.5974,-13512,5496,8509,2694,9932,1349,3190,120,-8992,-573,80,216
2020-04-10,239000,242000,235000,241000,76789,18506149000,1.6878,-15418,-1121,17001,7653,1543,1596,1159,-77,5134,-453,-9,-7
2020-04-13,241000,241500,232000,232500,73130,17002725000,-3.527,7998,5650,-14280,-6094,-2015,-2827,726,-145,-3925,547,85,0
2020-04-14,233500,236500,230000,233000,59623,13892159000,0.2151,-2928,4307,-2523,3879,-484,-2028,-2673,-314,-3313,1174,-30,2410
2020-04-16,232500,236500,229000,233500,61101,14267083500,0.2146,1509,-11278,9738,4981,7268,-2892,539,0,-158,-39,70,0
2020-04-17,245000,260000,241000,252500,203883,51480457500,8.137,-45820,33919,7873,-668,3079,571,-5317,277,9403,4204,-176,528
2020-04-20,250000,267000,249000,255000,162725,41494875000,0.9901,-7677,15660,-5714,-9081,2327,-1421,-2710,402,4769,-1975,-294,0
2020-04-21,256500,262000,250000,259500,144633,37532263500,1.7647,653,16886,-16977,-3892,-4317,-8006,526,473,-1961,-614,52,200
2020-04-22,255500,257000,246000,252000,167721,42265692000,-2.8902,64745,-7069,-57024,2872,1172,-33160,-112,-94,-27706,-838,186,4
2020-04-23,252000,252500,248000,250500,74255,18600877500,-0.5952,11026,7120,-18975,-8138,-1556,-4183,-4307,100,-891,629,200,0
2020-04-24,248000,250000,243500,243500,55573,13532025500,-2.7944,16905,-3326,-14518,-2463,-5507,-1076,-1886,0,-3586,343,596,0
2020-04-27,244000,258500,244000,255500,125254,32002397000,4.9281,-37149,33897,6430,-7761,-961,4628,-4724,-418,15659,-2342,-836,7
2020-04-28,257000,265000,255000,263500,121881,32115643500,3.1311,-40358,9304,29543,-3637,7921,2312,5178,946,15746,1424,87,1077
2020-04-29,263000,276000,258500,265000,153789,40754085000,0.5693,-20609,-4169,23985,6396,16824,-6376,2045,1231,3865,982,-189,0
2020-05-04,257500,269000,256000,264500,96779,25598045500,-0.1887,-12823,2793,9686,4520,-1876,2111,758,1332,2707,306,38,134
2020-05-06,269000,274000,264000,264500,99348,26277546000,0.0,16442,-16851,-1023,-1211,940,-5637,-3154,549,7732,1218,214,-242
2020-05-07,265500,267000,258500,259500,74945,19448227500,-1.8904,33330,-12174,-21360,-2270,-11001,-4778,-3302,0,152,28,176,-161
2020-05-08,261000,263000,252000,253500,148371,37612048500,-2.3121,87603,-16528,-72424,-11217,-21596,-20785,-6532,-2044,-9687,909,440,-563
2020-05-11,250000,251500,243000,243500,173515,42250902500,-3.9448,96402,-141,-95248,-7837,-26585,-9389,-16811,-1841,-32947,-1403,390,162
2020-05-12,245000,248500,237000,244000,97494,23788536000,0.2053,10501,-1544,-10596,4351,1847,-2471,-1055,1491,-14892,1534,105,133
2020-05-13,241000,242000,238000,239000,94168,22506152000,-2.0492,38822,-4549,-34573,-4491,-9284,-7930,-11121,-865,-875,340,-40,-7
2020-05-14,239000,243500,237500,238000,71463,17008194000,-0.4184,13860,3049,-17461,156,-10546,-398,-2794,-269,-3501,471,81,-109
2020-05-15,240500,241000,232500,233500,67832,15838772000,-1.8908,22357,-191,-22278,-3204,-8268,-2488,-6173,-712,-1208,254,-142,-225
2020-05-18,234500,243000,231500,242500,96006,23281455000,3.8544,-18858,3674,15331,5685,-618,5740,189,1577,2438,81,-228,320
2020-05-19,253000,259000,249500,255500,173503,44330016500,5.3608,-92939,53539,40176,7084,13606,234,4007,1054,14091,-590,-186,100
2020-05-20,252000,253500,246500,249500,82703,20634398500,-2.3483,30664,-660,-30914,-15178,-4357,-6386,-3800,0,-1193,851,59,0
2020-05-21,250500,251000,246000,248000,66290,16439920000,-0.6012,19375,126,-20487,-1512,-1799,-6150,-2239,0,-9867,919,67,1080
2020-05-22,249500,249500,242000,242500,53951,13083117500,-2.2177,13212,-3806,-9732,-1205,-3398,-438,-2012,0,-2679,305,21,0
2020-05-25,242500,244000,236500,238500,69815,16650877500,-1.6495,31866,-554,-32842,-17726,-6478,-2241,-4121,-393,-1883,1448,82,0
2020-05-26,238500,242500,237500,240500,72444,17422782000,0.8386,11297,2197,-13972,-8397,-3792,-300,-3244,-29,1793,-522,1000,-3
2020-05-27,243000,249000,241500,248500,113559,28219411500,3.3264,-43581,36807,7102,7237,61,578,-1578,0,-36,-316,-12,840
2020-05-28,252000,252000,240500,242500,87273,21163702500,-2.4145,8931,2999,-11193,2641,-11883,-73,-1078,0,-634,199,-936,-166
2020-05-29,240000,245000,240000,245000,54574,13370630000,1.0309,2156,7451,-8146,-144,-4499,-6,-3337,-153,-7,-1510,49,0
2020-06-01,244000,246000,242500,245500,61888,15193504000,0.2041,2305,13377,-16424,-17716,-2850,676,737,0,2729,287,455,0
2020-06-02,245500,250500,245500,250500,101881,25521190500,2.0367,-25353,31668,-5185,-9818,-289,1933,-125,10,3037,-1112,-18,67
2020-06-03,252000,256500,249500,254000,141866,36033964000,1.3972,-32348,40345,-9015,-10852,-1667,605,-4634,-783,8316,1774,-756,0
2020-06-04,258500,259500,250000,251000,92212,23145212000,-1.1811,1441,2238,-2341,4527,-1731,-6233,-4552,100,5573,-1565,227,-25
2020-06-05,251500,254500,250500,252500,54301,13711002500,0.5976,-3751,5759,-292,-407,1155,166,-293,24,-937,-1493,-223,0
2020-06-08,256500,257000,248000,251000,70073,17588323000,-0.5941,15400,-3233,-10922,1822,-7048,-125,-2092,-187,-3172,-1310,65,-120
2020-06-09,250500,251000,245500,247500,72660,17983350000,-1.3944,23454,-798,-22555,-3402,-6384,-1030,-7964,0,-3292,-233,132,-483
2020-06-10,247000,250000,246500,248500,49024,12182464000,0.404,-2973,8733,-6329,1273,-4056,-1414,-2071,20,370,574,-5,-451
2020-06-11,247000,250000,241000,242500,104301,25292992500,-2.4145,46185,-4555,-40235,-7869,-6722,-2596,-11922,-137,-10559,-2547,1152,-430
2020-06-12,230000,238000,230000,231000,126017,29109927000,-4.7423,69172,-19798,-49616,-12311,-12610,-4815,-16713,330,-2973,13,229,-524
2020-06-15,230000,230500,215500,216000,137203,29635848000,-6.4935,63002,-17762,-42502,-10167,-10260,-682,-11814,-437,-9142,-3108,370,0
2020-06-16,219500,224000,219000,222000,91361,20282142000,2.7778,38154,-4428,-33076,-11481,-14947,-2129,-8214,-775,4661,-707,57,-191
2020-06-17,221000,221000,215000,216500,111929,24232628500,-2.4775,49892,-852,-49630,-9010,-14871,-2017,-13775,-87,-9464,494,96,-406
2020-06-18,217000,223000,216000,217500,81096,17638380000,0.4619,24893,-6605,-19591,-2533,-3359,-1303,-4864,0,-7532,1231,72,0
2020-06-19,220500,224000,218500,220500,90286,19908063000,1.3793,20563,-1746,-18330,-6285,-4969,-4193,-3270,-1467,1357,-552,65,497
2020-06-22,219000,220000,215500,216500,71303,15437099500,-1.8141,30946,-22930,-9006,4599,-8952,-2185,-2729,0,261,1060,-70,0
2020-06-23,217500,219000,212000,212000,93604,19844048000,-2.0785,42147,-14420,-27743,1771,-13144,-4695,-7861,-258,-3095,-20,36,-461
2020-06-24,212500,213500,209500,209500,96192,20152224000,-1.1792,53960,-16366,-38225,-6701,-19899,-3086,-3680,158,-5017,657,-26,0
2020-06-25,207500,207500,201500,206000,119207,24556642000,-1.6706,46719,2780,-49892,-17170,-17393,-4124,-4204,-749,-6005,321,72,-247
2020-06-26,207500,217500,203000,214000,98419,21061666000,3.8835,-2616,15466,-12855,-3456,-6327,-215,657,588,-1302,-2,7,-2800
2020-06-29,210500,212500,206500,206500,56491,11665391500,-3.5047,20184,-3499,-17005,-12011,-1061,-893,-407,-980,-1653,89,231,0
2020-06-30,209500,225000,206500,220500,234125,51624562500,6.7797,-54548,30562,21396,-8680,24295,1999,4180,-92,-306,2859,-269,0
2020-07-01,223000,223000,212500,214000,69546,14882844000,-2.9478,23456,-9782,-14035,-4504,-4385,-1849,-3775,0,478,272,89,0
2020-07-02,214000,219000,213500,215500,59757,12877633500,0.7009,15267,-2959,-11632,688,-9268,-2086,-537,0,-429,-352,-324,0
2020-07-03,216500,222500,216500,221500,98113,21732029500,2.7842,-52502,28092,24453,9310,3317,5794,1429,0,4649,23,-66,-46
2020-07-06,222500,222500,218500,221500,48717,10790815500,0.0,-2531,-210,2092,-211,-2239,-892,-244,-31,5709,702,-53,0
2020-07-07,222500,223000,218000,218000,59886,13055148000,-1.5801,6322,6088,-12094,-1379,-4021,-3769,-90,-12,-2623,-336,20,-200
2020-07-08,217500,221500,216000,217500,51602,11223435000,-0.2294,419,5244,-5604,2868,-8140,-589,1490,160,-1393,-51,-8,0
2020-07-09,218500,219000,210500,211000,118837,25074607000,-2.9885,57223,-16865,-41711,2680,-16596,-5997,-5030,75,-15715,601,752,-1128
2020-07-10,211000,211500,207000,207500,68859,14288242500,-1.6588,31266,-6299,-21885,2784,-4692,-4989,-4943,-1350,-8648,-3034,-48,-47
2020-07-13,208500,213500,208000,210000,57917,12162570000,1.2048,-2940,535,1818,4919,-6268,-81,-107,0,3355,550,37,0
2020-07-14,209000,210000,205500,208500,67998,14177583000,-0.7143,42212,-16662,-25678,-13335,-9913,221,263,0,-2914,74,54,0
2020-07-15,211500,213500,207500,210000,85845,18027450000,0.7194,34878,-16562,-18065,-7747,-8077,-2931,297,70,895,-270,19,-572
2020-07-16,211000,219000,210000,217000,152577,33109209000,3.3333,-35280,19962,16102,7659,-2614,-275,761,189,10425,-822,38,-43
2020-07-17,218500,219500,213000,215500,59257,12769883500,-0.6912,11345,-14728,2981,3812,293,38,-345,0,-817,422,-20,0
2020-07-20,215500,218000,214500,214500,74304,15938208000,-0.464,4326,-9989,6187,-4229,1513,7582,-427,0,1748,-603,79,0
2020-07-21,215000,218500,214500,216000,66822,14433552000,0.6993,13239,-4926,-8838,-7310,-4735,-27,-269,0,3503,619,-94,0
2020-07-22,216000,216500,213000,213500,59636,12732286000,-1.1574,24192,-15148,-9698,-3645,-343,-401,-818,0,-4491,644,10,0
2020-07-23,212500,213500,209000,209500,79829,16724175500,-1.8735,36958,-13240,-22621,-1195,-12782,-776,-4825,0,-3043,-1164,67,0
2020-07-24,207500,211000,207500,208000,48364,10059712000,-0.716,20599,-15198,-5335,-127,-2928,-1656,-1356,0,732,-29,-37,0
2020-07-27,206000,209500,206000,209000,35486,7416574000,0.4808,3651,-2382,-1378,3106,-4274,-93,-464,0,347,98,11,0
2020-07-28,208000,210500,208000,209500,49358,10340501000,0.2392,9280,2619,-11967,2928,-5905,-2570,-2207,0,-4213,-13,81,0
2020-07-29,208500,210000,207500,208500,37270,7770795000,-0.4773,16586,-5685,-10602,-838,-6762,-828,-1360,0,-814,-345,46,0
2020-07-30,209000,218000,208000,213500,144066,30758091000,2.3981,-56211,24376,32107,5008,14078,1536,5084,0,6401,-165,-107,0
2020-07-31,214000,214500,209000,209000,71503,14944127000,-2.1077,37895,-30945,-6976,2136,-1810,-1953,-131,0,-5218,32,-6,0
2020-08-03,208500,209000,205000,206000,89940,18527640000,-1.4354,59299,-33596,-24084,-1172,-7037,-7260,-1302,0,-7313,-1876,257,0
2020-08-04,206000,207500,205500,206500,43614,9006291000,0.2427,8357,-5236,-2835,61,-2583,-724,-803,-506,720,-219,-67,1000
2020-08-05,207500,207500,204500,205000,71763,14711415000,-0.7264,36485,-8698,-27956,-10615,-11242,-364,-4489,0,-1246,57,112,0
2020-08-06,205000,207500,204000,206000,58412,12032872000,0.4878,16289,-5457,-10125,-5464,-1741,-196,-4357,-11,2399,-737,30,-755
2020-08-07,206000,211500,205500,207000,94191,19497537000,0.4854,17246,-3609,-14044,-1229,-6170,-2048,-778,0,-4819,232,175,1000
2020-08-10,205500,209500,205000,209000,70155,14662395000,0.9662,-718,3156,-2788,431,-5157,-192,-1614,0,3672,420,-70,72
2020-08-11,210000,215000,210000,212000,124776,26452512000,1.4354,-31991,16688,14235,1887,-1261,88,66,0,12407,1118,-50,1048
2020-08-12,214500,223500,213500,220500,310579,68482669500,4.0094,-59589,31620,27640,1286,10633,3112,1461,96,10810,214,115,242
2020-08-13,227000,227500,221000,222500,262400,58384000000,0.907,-34625,-30654,64910,20453,11021,12619,16247,973,1462,337,32,2135
2020-08-14,225000,232000,225000,230000,198358,45622340000,3.3708,-89639,37827,51258,20187,3030,738,3436,575,23167,764,-210,125
2020-08-18,223500,224000,207000,210000,303466,63727860000,-8.6957,115646,-53310,-68259,-25494,-11621,-11419,-181,-113,-19163,5842,81,-268
2020-08-19,209500,213500,206500,211500,98390,20809485000,0.7143,2893,-1306,-2463,-757,1823,-1698,1345,-134,-2992,782,94,-50
2020-08-20,209500,209500,204500,205000,118880,24370400000,-3.0733,38680,-9698,-30203,-8887,-5023,-1843,-854,-194,-13539,1124,97,137
2020-08-21,205500,209000,205000,206000,55860,11507160000,0.4878,5168,-1350,-3883,551,-1140,-943,-1906,-97,-382,-32,97,34
2020-08-24,205000,206500,201500,205500,52114,10709427000,-0.2427,18463,-3395,-14572,-6882,-3567,-261,-1395,141,-1608,-457,-39,-1000
2020-08-25,207000,209000,206500,207000,45738,9467766000,0.7299,16787,-4376,-11698,-3583,-2113,-1077,-1538,0,-3387,-647,-66,0
2020-08-26,207500,207500,202500,204500,71859,14695165500,-1.2077,24252,-3422,-20785,-3645,-2891,-4344,-3558,-1132,-5049,-233,188,-166
2020-08-27,203500,204000,200000,200500,114092,22875446000,-1.956,48045,-21550,-26272,-10568,-1838,-646,-4792,-656,-7687,-473,250,-85
2020-08-28,203000,207000,201000,205500,108874,22373607000,2.4938,-33243,-13346,46560,7687,122,12064,-2531,-235,29453,-87,116,0
2020-08-31,206000,207500,203000,203000,99407,20179621000,-1.2165,8125,-23303,15091,1946,-2295,5106,231,-149,10252,243,-156,0
2020-09-01,203000,206500,202500,204000,57642,11758968000,0.4926,11536,-203,-11130,-12909,-901,76,769,-524,2407,-223,20,-48
2020-09-02,205500,217500,204500,213500,199133,42514895500,4.6569,-72491,5735,66059,18227,-3527,2289,-3498,0,52637,1420,-723,-69
2020-09-03,217000,219000,213000,213500,128470,27428345000,0.0,-13452,9228,4731,-227,120,-53,-941,0,6132,-557,50,-300
2020-09-04,208500,211500,206500,207500,143484,29772930000,-2.8103,48106,10370,-58455,-16985,-1126,171,-302,0,-40213,-336,315,0
2020-09-07,209500,215500,207000,214500,94426,20254377000,3.3735,-24165,21758,1575,6380,712,304,255,0,-6076,400,432,0
2020-09-08,215000,216000,211000,211500,84463,17863924500,-1.3986,16064,-18188,-616,11686,-4120,-4079,-1457,0,-2646,2110,630,0
2020-09-09,208500,211000,207000,207000,112957,23382099000,-2.1277,57746,-20176,-37428,-1647,-3064,-3282,-1304,0,-27573,-779,637,-558
2020-09-10,209000,209500,205500,206000,151324,31172744000,-0.4831,67216,-19923,-48539,4702,-10365,-6849,-5532,0,-30495,1117,129,0
2020-09-11,206500,212500,206500,209000,123929,25901161000,1.4563,-5697,-3058,6153,593,2515,-29,-1208,0,2282,2582,20,2000
2020-09-14,212500,218500,211000,215500,183851,39619890500,3.11,-57618,23066,35886,16240,6751,-56,2303,0,10658,-1200,-134,-10
2020-09-15,216000,218500,210500,216500,134456,29109724000,0.464,-8676,-18476,27284,1098,-716,-6516,616,0,32802,-157,25,0
2020-09-16,216000,223500,216000,218000,142785,31127130000,0.6928,-7937,2178,6379,769,1550,-276,-40,0,5565,-669,49,-1189
2020-09-17,218500,221500,214000,218500,94230,20589255000,0.2294,-13151,-7942,21234,10964,1450,8775,-2430,0,2475,-23,-118,0
2020-09-18,220000,222500,214500,215500,101048,21775844000,-1.373,40102,-14328,-27023,155,-50,-237,297,0,-27188,901,348,0
2020-09-21,216500,219000,211000,211500,95155,20125282500,-1.8561,25036,-11547,-13627,-5309,2215,299,262,-5,-10922,249,-111,-167
2020-09-22,210500,211500,206000,208500,106135,22129147500,-1.4184,26458,-4060,-23284,-10108,-442,-533,-2514,0,-9244,696,190,-443
2020-09-23,208500,210000,205000,207500,64872,13460940000,-0.4796,9305,-4934,-2987,-377,547,-97,558,0,-3350,-1470,86,-268
2020-09-24,204000,205500,202000,202500,117670,23828175000,-2.4096,61393,-47199,-16437,-3779,60,-10028,-2135,85,-665,1697,546,25
2020-09-25,203500,204500,202500,204000,38784,7911936000,0.7407,15041,-9515,-6336,-2995,631,-779,43,0,-3236,701,109,0
2020-09-28,205000,208500,205000,208500,48417,10094944500,2.2059,-15515,3391,12144,2531,855,7,48,0,8703,29,-49,0
2020-09-29,214000,214500,211000,212500,93674,19905725000,1.9185,-36552,24629,12242,1139,4638,3000,1952,0,1980,-377,58,-467
2020-10-05,212500,215500,209000,213000,66957,14261841000,0.2353,-20731,19131,1873,-2009,-1213,-49,631,0,4513,-67,-206,0
2020-10-06,213000,213500,209000,210000,55266,11605860000,-1.4085,13276,813,-14999,-5218,-226,244,-378,-186,-9235,672,238,0
2020-10-07,209500,210000,207000,208000,58207,12107056000,-0.9524,20671,-16026,-4896,-3049,-5450,-150,-615,0,4368,205,46,0
2020-10-08,210000,211000,207500,208000,77446,16108768000,0.0,23756,-10913,-12693,1048,-1988,2523,-54,-978,-13244,-213,63,0
2020-10-12,211500,220000,210500,219500,257103,56434108500,5.5288,-101095,49735,49513,8631,14430,4591,5959,1650,13906,1459,388,346
2020-10-13,220000,222500,215000,218500,109485,23922472500,-0.4556,18502,-33146,9377,552,-114,2708,6754,305,-828,4788,479,0
2020-10-14,218000,219000,214000,214500,66365,14235292500,-1.8307,4653,-12900,6539,4673,-302,-203,2363,198,-209,1663,45,19
2020-10-15,214500,214500,210000,211500,64653,13674109500,-1.3986,3472,-6817,1836,-747,3211,-811,935,0,-767,1380,129,15
2020-10-16,213000,216500,210000,215000,60081,12917415000,1.6548,-3056,-250,3635,-2021,2716,1040,1195,0,687,-325,-4,18
2020-10-19,216000,226500,216000,225000,284701,64057725000,4.6512,-120698,44930,75573,20755,27742,4558,11628,-52,9735,1262,-1067,1207
2020-10-20,222000,224500,217500,220000,117429,25834380000,-2.2222,28934,-36988,10212,1452,2657,9,4780,-770,2019,-2064,-94,65
2020-10-21,221500,228000,220000,225500,132904,29969852000,2.5,-5122,-12531,17497,153,7615,196,5465,0,654,616,-460,3414
2020-10-22,223000,225000,221500,223000,78428,17489444000,-1.1086,237,-7049,7140,3651,-2020,1013,5308,0,270,-511,183,-1082
2020-10-23,226000,226000,220500,223500,59982,13405977000,0.2242,-6612,-8012,13491,1526,6807,38,5658,0,-554,1196,-63,16
2020-10-26,224000,226000,218000,218000,86769,18915642000,-2.4609,15371,-15990,-690,1850,-3303,-1672,1404,0,1016,1268,41,15
2020-10-27,216000,216500,210500,212000,141381,29972772000,-2.7523,73879,-59229,-15899,-4916,-4734,-3332,2698,0,-6096,1231,18,481
2020-10-28,210500,213500,209500,213000,94434,20114442000,0.4717,54779,-35618,-19871,-6803,-10884,-1547,-33,0,-609,647,63,5
2020-10-29,209000,211500,208500,210500,64838,13648399000,-1.1737,16647,-15325,-3749,-1967,862,-48,903,0,-3499,2448,-21,0
2020-10-30,211500,212500,207500,207500,73849,15323667500,-1.4252,32376,-21231,-11281,-7172,40,-1129,400,0,-3420,-23,159,0
2020-11-02,208500,211500,208500,209000,43200,9028800000,0.7229,11232,-11307,-19,1240,567,-1585,115,0,-356,4,90,0
2020-11-03,209500,212500,209500,211000,35484,7487124000,0.9569,2197,-5611,3375,1014,-667,1496,-1162,0,2694,247,-208,0
2020-11-04,214500,214500,210000,212000,45560,9658720000,0.4739,325,-5097,4202,1716,393,22,-198,0,2176,471,99,93
2020-11-05,213000,214500,212000,213500,55229,11791391500,0.7075,3619,-897,-3763,-1283,-1410,-83,-1547,-1135,1695,1036,5,0
2020-11-06,214500,215500,211500,213000,66697,14206461000,-0.2342,12163,-1723,-10379,705,-8811,-422,-1156,0,-698,153,-214,3
2020-11-09,215000,217000,213500,216000,76250,16470000000,1.4085,6752,1159,-8378,-2311,-7367,278,-2789,0,3811,431,36,0
2020-11-10,232000,232000,224000,228000,394388,89920464000,5.5556,-163156,88822,75102,20799,20795,6430,11239,111,13318,-1457,689,2410
2020-11-11,228000,232500,223500,231500,166454,38534101000,1.5351,-22877,9778,12157,-1466,1986,1436,2439,66,7696,3048,-2106,0
2020-11-12,231000,237000,227000,229000,206603,47312087000,-1.0799,-3428,6747,2492,-8719,9489,-651,6671,-101,-4199,-5573,-238,2
2020-11-13,232000,236000,229500,230000,140734,32368820000,0.4367,-5613,-8285,12714,-4973,8485,259,9587,86,-730,1179,5,0
2020-11-16,232500,239000,228500,237000,165038,39114006000,3.0435,-34605,7423,26032,2422,14509,1760,8800,-202,-1270,1148,2,13
2020-11-17,240000,243500,236000,237000,144657,34283709000,0.0,-4025,-17309,24038,11965,1795,617,4330,7,4942,-1764,-940,382
2020-11-18,237500,239000,228000,229500,173711,39866674500,-3.1646,58085,-7751,-49884,-2494,-12573,-6752,-24917,-150,-1330,-313,-137,-1668
2020-11-19,227500,229500,224000,229000,87871,20122459000,-0.2179,8032,-285,-8107,-1015,-2132,51,-404,0,-4607,336,24,0
2020-11-20,229000,233500,227000,232000,92695,21505240000,1.31,-15734,-730,17087,-15,16574,1464,-2636,0,1691,-644,21,9
2020-11-23,229500,233500,226500,233500,91053,21260875500,0.6466,-7208,18887,-9568,-9579,7639,-255,-2084,0,-5293,-2165,54,4
2020-11-24,237000,241000,235000,236000,122303,28863508000,1.0707,-3431,7718,-5235,-1153,6490,-1442,-7536,-1001,-601,985,-37,8
2020-11-25,239500,239500,230500,233500,97067,22665144500,-1.0593,16990,-3108,-16184,-4566,-4081,-629,-4817,-487,-1597,2238,64,-7
2020-11-26,231000,232500,228500,230500,69694,16064467000,-1.2848,22883,-5381,-17508,-3343,-4907,-3681,-2711,0,-2741,-61,67,-125
2020-11-27,230500,232000,228000,230500,73231,16879745500,0.0,26866,-11685,-15521,-13530,-1928,-489,5129,0,-2503,239,101,-2200
2020-11-30,231000,234000,229000,230500,99236,22873898000,0.0,26628,-18240,-6603,-5679,104,1273,-3233,0,932,-1449,-336,0
2020-12-01,231000,232500,230500,231000,71842,16595502000,0.2169,14205,-12968,-2932,-5015,3100,41,-2590,0,2393,1632,63,-861
2020-12-02,231500,238500,231000,235000,126722,29779670000,1.7316,20100,-14884,570,-6712,2,5300,383,0,1597,-5139,-647,0
2020-12-03,239500,239500,235000,238000,100975,24032050000,1.2766,-7882,-3321,12183,10911,-414,3805,-2393,-299,1227,-844,-136,-654
2020-12-04,238500,239500,235000,235500,97508,22963134000,-1.0504,-11925,7353,3976,1404,4260,-430,-1835,0,828,415,181,-251
2020-12-07,234500,235000,230500,231500,107391,24861016500,-1.6985,21120,-2850,-15903,-5252,-5764,-214,6,0,-5093,-2803,436,414
2020-12-08,231000,235500,230000,233000,67342,15690686000,0.6479,-3184,-1127,4933,4958,-4245,-1697,861,0,5056,-713,91,0
2020-12-09,233000,248000,233000,245000,297341,72848545000,5.1502,-115726,49599,64906,26150,9633,2804,11271,0,14659,1303,-82,389
2020-12-10,245000,249500,242000,243000,155162,37704366000,-0.8163,35126,-29102,-6664,-8174,-2190,-525,-4273,-77,8569,291,349,6
2020-12-11,244000,256000,244000,253000,209250,52940250000,4.1152,-68019,9261,59621,26165,12710,6103,6266,-70,8203,-515,-348,244
2020-12-14,247000,249000,242500,243000,207175,50343525000,-3.9526,72997,-56488,-16577,-9003,-1425,-740,-196,-22,-4886,-74,142,-305
2020-12-15,241500,243000,236500,240000,132807,31873680000,-1.2346,20784,-6477,-14627,-3042,-6973,-385,-8022,0,4253,378,-58,-458
2020-12-16,240000,243500,238500,240000,81412,19538880000,0.0,7586,-9318,1873,-4968,-305,-1719,8054,0,997,-157,16,-186
2020-12-17,239500,240500,237500,238000,56712,13497456000,-0.8333,11238,-3379,-7727,-1048,-2065,-1134,-2766,-1485,975,-216,84,-204
2020-12-18,239000,241500,237000,240000,63517,15244080000,0.8403,-3318,4965,-667,-570,746,71,-1906,0,717,-1520,540,275
2020-12-21,239000,239000,236000,238000,66321,15784398000,-0.8333,9918,-7707,-1342,-1045,-4296,863,111,0,4225,-1464,595,-1200
2020-12-22,236000,237500,233000,233000,99301,23137133000,-2.1008,40187,-520,-36876,-4979,-463,100,-5256,0,-26278,-2765,-26,0
2020-12-23,233000,234500,230000,231500,85354,19759451000,-0.6438,28760,-1020,-25743,-1763,-12311,-2080,-4863,0,-3799,-1749,-248,-927
2020-12-24,232000,238000,232000,236000,67283,15878788000,1.9438,3142,-125,1745,506,-2325,247,-4460,0,7777,-4759,-3,0
2020-12-28,236000,236500,232500,233000,69885,16283205000,-1.2712,11946,-5529,-6415,-4186,-4104,92,-3210,0,4993,84,-86,0
2020-12-29,235000,238000,233000,234500,69113,16206998500,0.6438,33130,-992,-34396,-3690,-16207,-2863,-2653,0,-8983,2212,46,0
2020-12-30,235500,241000,234500,239500,88494,21194313000,2.1322,-19276,9292,10633,1437,2250,448,-525,38,6947,-87,-562,38
2021-01-04,241500,241500,237500,238500,111422,26574147000,-0.4175,34941,1683,-37152,-7416,-13940,-1123,-9626,253,-5855,505,23,555
2021-01-05,237500,240500,235000,239500,107430,25729485000,0.4193,40731,-13821,-27136,-5858,-7383,-2507,-7276,0,-3638,822,-596,-474
2021-01-06,241000,242000,237000,237000,112348,26626476000,-1.0438,29321,-9770,-19747,-1420,-3262,-818,-9693,75,-4629,483,-287,0
2021-01-07,238500,241500,237500,240000,146623,35189520000,1.2658,24602,-7275,-18890,-11461,-9796,-2617,-3172,0,8156,1602,-39,0
2021-01-08,240500,251500,240000,247500,277387,68653282500,3.125,-46450,26807,18982,-666,-4855,1893,-2747,0,25432,1213,-552,-75
2021-01-11,253000,255000,240500,243000,277187,67356441000,-1.8182,7508,-14561,4911,-3943,-285,17713,-8786,-13,225,1973,169,0
2021-01-12,242500,258500,240000,255000,379558,96787290000,4.9383,-27734,54876,-24098,-12714,4443,5326,-740,341,-21754,-3018,-26,1000
2021-01-13,258000,258000,251000,254000,190149,48297846000,-0.3922,57444,-53679,-6391,-2022,-4133,-7707,-1666,101,8040,2817,-191,996
2021-01-14,254500,260000,251500,254000,201518,51185572000,0.0,17612,-5481,-13415,12583,-14953,-14245,-2073,961,4319,1268,16,-7
2021-01-15,257000,259000,247000,247500,189827,46982182500,-2.5591,62086,-17442,-45981,-14798,-10893,-1604,-1644,43,-17085,1052,285,0
2021-01-18,244000,245000,238000,239000,176946,42290094000,-3.4343,50266,-11866,-37586,-12101,-6746,-1255,-2036,77,-15573,-1410,596,48
2021-01-19,242000,244500,240500,243500,88072,21445532000,1.8828,-7048,4836,1381,625,-7249,294,1413,353,5945,779,52,0
2021-01-20,244500,245500,239500,243500,108747,26479894500,0.0,37295,-118,-37247,-3126,-10079,-3236,-3146,0,-15493,-31,101,-2167
2021-01-21,246000,253000,243000,249500,158156,39459922000,2.4641,-11897,1637,1763,-4634,360,-31,2843,0,3225,9016,-519,0
2021-01-22,251000,257500,247000,251000,170501,42795751000,0.6012,-21434,19752,749,8700,-10783,-1458,-150,0,2294,502,431,2146
2021-01-25,252500,256000,251000,255000,121020,30860100000,1.5936,-964,778,1022,1912,-5163,-174,-545,0,4992,-603,-233,0
2021-01-26,257500,257500,247500,248000,155454,38552592000,-2.7451,42264,-19355,-25610,-6065,-12219,346,-4679,0,-2993,2748,-47,0
2021-01-27,249000,251500,242000,243500,127695,31093732500,-1.8145,34575,-2771,-32596,-13557,-4631,-248,-9980,-5,-4175,229,563,0
2021-01-28,237500,240500,235500,238000,128109,30489942000,-2.2587,27559,-6190,-22529,-12512,-3932,-354,-988,-2000,-2743,200,960,0
2021-01-29,240500,241000,231000,233500,140334,32767989000,-1.8908,36052,-28410,-9330,-8438,1907,-1025,1713,43,-2330,1602,86,-1200
2021-02-01,233500,237000,230500,237000,76057,18025509000,1.4989,3751,-6110,-458,377,717,-79,-1692,0,311,2040,777,-92
2021-02-02,237500,242000,236000,238000,80088,19060944000,0.4219,14769,-13201,-2029,-1829,597,-554,-1596,-46,1465,395,66,-66
2021-02-03,241500,242000,237000,239500,61712,14780024000,0.6303,7890,-4542,-3779,-2562,-370,-117,-551,0,-1279,316,115,1100
2021-02-04,237500,240000,235000,235500,81242,19132491000,-1.6701,24982,727,-25573,-18870,3118,-1158,-53,0,-8610,-214,78,0
2021-02-05,237500,238500,236000,238000,52616,12522608000,1.0616,8102,1476,-10499,-12845,1605,-54,-2443,-3,3513,783,138,-272
2021-02-08,238000,246500,237000,245000,157255,38527475000,2.9412,-41843,9327,33116,14479,4797,4233,2343,0,7264,-265,-335,0
2021-02-09,245000,248000,242000,242000,90422,21882124000,-1.2245,9727,-12215,3913,1839,1266,809,175,0,-176,-1918,493,0
2021-02-10,242500,244000,238500,244000,57876,14121744000,0.8264,-2378,2160,505,2369,-237,-103,-188,-120,-1216,-199,-88,0
2021-02-15,246000,248000,243000,246000,95707,23543922000,0.8197,-18980,-4549,22992,12558,3206,5688,-959,-576,2939,475,62,136
2021-02-16,248000,256500,245500,254000,238532,60587128000,3.252,-71197,28822,42777,24137,-893,2971,-1177,-43,17685,-147,-255,97
2021-02-17,255000,255000,249000,251000,117950,29605450000,-1.1811,13228,-9897,-3118,-7042,852,-492,4579,-8,-1007,-239,26,0
2021-02-18,254500,270000,254000,264000,659870,174205680000,5.1793,-283733,164617,122554,26313,16538,14291,25002,1159,38428,-3089,-349,823
2021-02-19,264000,266000,255000,259500,246250,63901875000,-1.7045,52168,-56938,4755,-6199,1424,-4460,5305,0,8705,39,-24,-20
2021-02-22,262500,266500,259500,260000,199316,51822160000,0.1927,13053,-29311,19840,6916,11210,-514,3069,180,-1230,-3739,157,209
2021-02-23,259500,276500,256000,274000,440567,120715358000,5.3846,-130759,1346,121777,19075,38005,31807,18993,81,13398,7729,-93,418
2021-02-24,278000,283000,266000,269500,362475,97687012500,-1.6423,-24165,-13944,35570,20273,7020,2383,6551,8,-893,2553,-14,228
2021-02-25,274500,275500,269500,274000,151346,41468804000,1.6698,3920,-13710,8959,12589,141,2242,-5521,-349,-125,912,-81,-18
2021-02-26,267500,273500,263500,267000,186095,49687365000,-2.5547,8214,-20189,12520,16967,3924,-1782,772,238,-7718,591,-1136,119
2021-03-02,273500,279000,270500,277500,208163,57765232500,3.9326,-24473,-11558,35681,5414,14645,49,7336,0,5727,-256,606,2510
2021-03-03,276000,294000,276000,289500,317893,92030023500,4.3243,-91368,23501,65645,26847,13421,3054,8947,2184,8952,2083,139,2240
2021-03-04,286500,295000,284000,292000,199955,58386860000,0.8636,-5169,1363,1107,-992,4749,354,3901,-8,-7035,2973,-274,138
2021-03-05,288000,296000,285000,294500,164541,48457324500,0.8562,-24175,13168,11193,7869,1311,-369,3254,112,-1142,-266,80,158
2021-03-08,296000,297000,287000,288000,129915,37415520000,-2.2071,2140,2721,-1832,2308,-2683,-505,1674,88,-2713,-2976,-53,-1
2021-03-09,291500,300000,289000,291500,183899,53606558500,1.2153,-20926,16159,6755,8893,-213,2610,-348,-328,-3824,-1206,-782,-35
2021-03-10,292000,297000,288500,295000,141832,41840440000,1.2007,-29712,37480,8752,12243,-1935,206,-2102,0,420,-16459,-61,-80
2021-03-11,294000,294500,282500,287500,305103,87717112500,-2.5424,17772,21119,-36517,24420,-6261,-6022,-5360,-32,-41632,-2342,-32,-1630
2021-03-12,291000,296500,284000,287000,151836,43576932000,-0.1739,7898,14163,-22399,3279,-9335,-5898,-6174,0,-4065,1169,-831,-206
2021-03-15,289000,291000,283500,285500,122671,35022570500,-0.5226,13443,12643,-27163,-17032,-2759,-3185,-1581,-64,-2786,1008,69,244
2021-03-16,287000,288500,282500,285500,129795,37056472500,0.0,-5880,1202,4817,5267,3430,-11101,3433,0,3788,-175,36,0
2021-03-17,289500,291000,282000,284000,154923,43998132000,-0.5254,52446,-40004,-12489,-9007,-1338,25,-330,0,-5439,-59,106,3600
2021-03-18,285500,287500,283000,284000,97938,27814392000,0.0,15962,-16742,563,-1522,1861,-278,-252,157,597,13,204,0
2021-03-19,279500,281000,275000,277500,157682,43756755000,-2.2887,23061,-7568,-22341,-8119,-3601,-1931,-2269,100,-6065,6445,403,-456
2021-03-22,278500,281500,275000,281500,78336,22051584000,1.4414,-1758,4723,-2467,-3123,-765,-87,411,230,1767,-460,-38,-900
2021-03-23,282500,283000,274000,275000,103345,28419875000,-2.3091,7031,-7552,135,4856,-1253,232,3347,50,-7251,-3,389,154
2021-03-24,271000,273500,269000,270000,86264,23291280000,-1.8182,9611,7823,-17249,-8236,-947,480,-1001,47,-3992,-226,41,-3600
2021-03-25,269500,283000,269000,280000,163719,45841320000,3.7037,-48208,40360,2785,-1246,10462,-154,-204,137,-6440,5063,0,230
2021-03-26,282000,285500,281000,281500,104756,29488814000,0.5357,-22494,17703,4515,3108,-59,679,545,0,242,239,37,0
2021-03-29,282000,282000,276000,277000,53284,14759668000,-1.5986,7012,-3844,-3283,-2818,1119,1174,-890,0,-1868,-100,215,0
2021-03-30,276500,279500,276000,279000,41692,11632068000,0.722,819,389,-1353,-370,-855,40,-842,0,674,149,-4,0
2021-03-31,279000,281500,276500,281000,58150,16340150000,0.7168,-10977,4971,5393,1407,2987,759,2233,0,-2550,649,-36,557
2021-04-01,282500,283000,277500,279000,72605,20256795000,-0.7117,-3292,5333,-2065,338,-2852,539,1131,0,-1286,163,-139,65
2021-04-02,278000,278500,272000,274000,119686,32793964000,-1.7921,46198,1753,-47466,-17671,-8634,-1254,-11127,-392,-7556,-713,228,-832
2021-04-05,275000,286000,274000,285500,117152,33446896000,4.1971,-55810,36136,19971,5523,4737,616,836,0,8192,110,-407,67
2021-04-06,285500,289500,282500,289000,131638,38043382000,1.2259,-24060,19579,6236,2137,3673,1418,1618,0,-3172,-1666,-89,562
2021-04-07,288500,288500,283000,283500,96638,27396873000,-1.9031,15054,-1977,-11655,-4109,-4004,3424,-2947,0,-3814,-1304,-118,-205
2021-04-08,282500,282500,278000,279500,89647,25056336500,-1.4109,25838,-8627,-16529,-8443,667,1,-10240,0,1591,-241,-441,-105
2021-04-09,278500,282000,277000,280500,59869,16793254500,0.3578,-4194,-374,4889,2585,2740,529,576,0,-2065,-280,-41,524
2021-04-12,280000,281500,277500,280000,58123,16274440000,-0.1783,-7018,6585,-344,2100,692,334,936,0,-4449,741,36,43
2021-04-13,281000,281500,278500,280000,59138,16558640000,0.0,10015,-5316,-4442,-3566,-6818,-1143,460,-847,7472,-265,8,0
2021-04-14,280000,282000,276000,277000,113845,31535065000,-1.0714,46406,-6056,-40958,-42923,-1274,-1815,-93,-906,6053,568,40,0
2021-04-15,276500,278000,273000,274000,98145,26891730000,-1.083,29807,-14383,-17928,-4499,-2761,-586,-1789,246,-9116,2487,17,577
2021-04-16,275000,278500,273000,277500,80740,22405350000,1.2774,-19321,3358,14561,14698,2550,-2327,2161,-703,-1818,1278,124,0
2021-04-19,278000,279000,275500,278000,58741,16329998000,0.1802,-7093,-10657,18527,17336,-173,-1776,2406,-83,-43,-814,37,860
2021-04-20,277000,282500,277000,281000,78292,22000052000,1.0791,-25552,14002,11413,15841,-2303,-498,-3749,-35,2157,144,-7,0
2021-04-21,279500,280000,273500,274500,83687,22972081500,-2.3132,33473,-27025,-5533,5794,-7625,-981,-550,-9,-2162,-1009,94,0
2021-04-22,275000,275500,273000,273000,55325,15103725000,-0.5464,17534,-10957,-4409,3416,-581,-5514,-1129,0,-601,-1967,-201,0
2021-04-23,271000,275000,270500,275000,61586,16936150000,0.7326,-4896,-3232,9158,2544,-968,31,5617,0,1751,-707,-323,183
2021-04-26,275000,281000,272500,281000,99432,27940392000,2.1818,-52964,26873,25204,763,4509,2555,17592,254,-937,900,-13,468
2021-04-27,280500,283500,278000,283500,84383,23922580500,0.8897,-23767,15423,8431,1573,-3315,-929,4458,0,6644,-323,236,0
2021-04-28,283500,293000,281000,290500,255215,74139957500,2.4691,-110791,24927,82502,10056,25071,7833,27810,0,11632,4250,-888,100
2021-04-29,289000,300000,287500,300000,270085,81025500000,3.2702,-136798,13406,121910,29361,23092,5792,36705,-47,26928,2360,-878,79
2021-04-30,300000,315500,299000,304500,329369,100292860500,1.5,-94223,24440,70445,2197,25014,28457,8036,1637,5104,-657,-5,0
2021-05-03,304500,321000,304500,312500,217201,67875312500,2.6273,-39306,23125,16911,5660,2345,3916,1578,-1,1972,-713,-17,1441
2021-05-04,314500,319000,305000,315500,180233,56863511500,0.96,-43481,37027,5556,547,4835,1463,-669,-3,-2217,958,-60,1600
2021-05-06,314500,318000,308000,312500,143297,44780312500,-0.9509,-16138,-3439,19893,566,14497,2915,1493,0,368,-193,-123,54
2021-05-07,315500,321000,311500,315500,129993,41012791500,0.96,-26826,33187,3763,4214,-2441,-5629,873,0,7061,-9802,-322,-315
2021-05-10,314000,323500,311500,319000,136190,43444610000,1.1094,-19490,19917,-850,-12192,2048,-1425,5012,-37,4404,281,142,1340
2021-05-11,318000,322500,312000,322000,114645,36915690000,0.9404,-13006,25364,-10337,2835,6553,-5820,694,1041,-15540,-2270,249,-100
2021-05-12,321000,323500,313000,320000,148742,47597440000,-0.6211,-24637,5344,21569,16640,4584,248,1219,320,-1574,-2269,-7,132
2021-05-13,316000,322000,305500,307000,236725,72674575000,-4.0625,5335,53878,-56034,-25295,1235,-12293,-2029,29,-17741,-2879,-300,60
2021-05-14,309500,315000,306500,308000,114256,35190848000,0.3257,-21118,44527,-16752,-10033,1420,1657,-2913,-88,-6795,-6657,0,0
2021-05-17,310000,322500,303500,318500,149448,47599188000,3.4091,-26738,-10070,38389,13301,3749,1226,15899,0,5015,-1920,339,-801
2021-05-18,316000,320500,309000,311500,93459,29112478500,-2.1978,21363,-17250,-3590,-6997,-4017,4415,396,0,4234,-369,-154,-1621
2021-05-20,308500,315000,308000,311500,57707,17975730500,0.0,-2638,4970,-2368,366,-250,-1827,-1441,0,875,30,6,-91
2021-05-21,311000,313000,300000,302000,105193,31768286000,-3.0498,29722,-11046,-16289,-7309,-1417,-1699,-227,53,-4090,-2414,27,-1600
2021-05-24,299500,305500,298500,302000,54411,16432122000,0.0,-2035,2374,-68,4526,-918,-1317,-420,0,-1939,-267,-4,0
2021-05-25,302500,308500,301000,305500,66135,20204242500,1.1589,-11244,2622,9033,5399,-4119,162,2375,0,5216,-240,-171,0
2021-05-26,306000,316500,306000,314000,183139,57505646000,2.7823,-23906,-648,25490,10522,20028,4948,-22916,0,12908,-569,-367,0
2021-05-27,317000,319500,309000,309000,99511,30748899000,-1.5924,19650,-8470,-11144,-4530,-857,36,-2718,-399,-2718,-31,-5,42
2021-05-28,312500,316500,310500,315000,110153,34698195000,1.9417,-19617,29337,-9384,-6643,384,-1238,-5727,-42,4782,-327,-9,-900
2021-05-31,318000,327500,315000,321500,144445,46439067500,2.0635,-31082,23442,7504,9986,5662,-423,-9205,-57,1440,234,-98,101
2021-06-01,323500,324000,319000,320500,60796,19485118000,-0.311,2673,-3601,3087,1793,475,-1724,-35,-59,2637,-2172,13,0
2021-06-02,320500,325000,316500,317500,126546,40178355000,-0.936,15566,21183,-35847,-20440,-5603,-229,-9136,-115,-522,-1659,757,198
2021-06-03,316500,322000,314500,318500,80929,25775886500,0.315,-14728,16947,-352,1371,-5105,-1459,-1492,0,6189,-1583,-284,144
2021-06-04,317500,317500,304500,306000,192768,58987008000,-3.9246,79576,-47463,-31881,7652,-12086,-10148,1895,5815,-25104,-421,189,95
2021-06-07,307000,308500,304000,305500,73415,22428282500,-0.1634,12738,-689,-12555,-5386,-1189,74,-909,-176,-5279,152,354,310
2021-06-08,306000,308500,304000,308000,66398,20450584000,0.8183,-7231,25099,-17485,-2628,-7289,-1039,-4011,0,-2516,-26,-357,-2
2021-06-09,306000,314000,303000,306500,98949,30327868500,-0.487,-17872,24235,-6225,-1328,-287,-709,-3711,-420,230,-374,236,0
2021-06-10,308000,308000,304500,305000,77389,23603645000,-0.4894,9174,6439,-14939,3962,-5760,-2691,-3140,-583,-6726,-539,-135,-1
2021-06-11,305500,306000,299000,299500,114045,34156477500,-1.8033,56031,-31006,-25418,-6662,-5771,-864,-4783,-1674,-5443,178,215,-221
2021-06-14,300500,302000,297500,300000,63462,19038600000,0.1669,4424,11062,-15707,3349,-4339,-5022,-3161,0,-6534,88,133,0
2021-06-15,301000,302000,296500,301000,61565,18531065000,0.3333,5290,1930,-6695,-1262,-2112,-856,-1761,0,-704,-658,133,0
2021-06-16,302000,311000,300000,305000,184091,56147755000,1.3289,19617,7724,-29942,-9148,-4862,-4713,-11305,0,86,2393,208,0
2021-06-17,305500,306500,290000,291500,472531,137742786500,-4.4262,279914,-100528,-180346,-58920,-65844,-15427,-30470,-102,-9150,-51,1011,-433
2021-06-18,291500,292000,278000,279500,477758,133533361000,-4.1166,271021,-173827,-99891,-42709,-18944,-7054,-30909,-181,504,998,1699,-598
2021-06-21,280000,284500,279500,281000,186855,52506255000,0.5367,57268,-25230,-32143,-8772,-6164,518,-15440,-24,-2127,-126,231,-134
2021-06-22,283500,285000,281000,281500,125190,35240985000,0.1779,15864,2555,-18536,-4286,-7258,-3522,-5254,0,1784,75,42,0
2021-06-23,282500,283000,276000,278500,128263,35721245500,-1.0657,38633,-3906,-33266,-13703,-7766,-1646,-4810,0,-4166,-834,-627,-1175
2021-06-24,278500,278500,273000,277000,145145,40205165000,-0.5386,31197,2479,-31862,-14949,-14165,-564,-1746,-36,-402,-2040,226,0
2021-06-25,285000,286000,280000,284000,219637,62376908000,2.5271,11937,7567,-19795,-5838,-6503,178,-7515,532,-248,250,41,-401
2021-06-28,284500,288000,281500,285000,142695,40668075000,0.3521,-14367,16237,-4036,-14696,-445,-2605,-3988,0,17936,2011,155,-238
2021-06-29,285500,288000,282500,287500,103800,29842500000,0.8772,-24495,39682,-16414,-4316,80,-283,-6266,0,-5629,1297,-70,0
2021-06-30,285000,286500,284000,285500,71789,20495759500,-0.6957,14812,-5371,-10026,-2308,-5466,-875,416,0,-1793,448,137,0
2021-07-01,284500,285000,281000,282000,63649,17949018000,-1.2259,13443,3474,-16101,-5386,-777,-469,-8126,-72,-1103,-1009,193,-168
2021-07-02,281000,283000,281000,282000,44229,12472578000,0.0,4807,177,-5106,-1819,-63,-112,-1648,-69,-1378,32,90,-17
2021-07-05,282500,283000,280000,281000,48580,13650980000,-0.3546,11192,1822,-13029,-13811,-1147,-67,-597,0,2593,45,-30,0
2021-07-06,280500,286500,280000,284500,65282,18572729000,1.2456,-12992,10069,2478,-3978,247,75,2850,0,2633,559,-114,651
2021-07-07,283500,283500,278000,278500,107193,29853250500,-2.109,40034,-10917,-28953,-14125,-2640,-3250,-2143,-21,-6556,-458,294,-218
2021-07-08,278500,280000,274000,276000,86447,23859372000,-0.8977,16729,4561,-18914,-8250,-7901,-938,-1926,-143,585,-2774,398,-341
2021-07-09,272000,272500,266500,272000,103919,28265968000,-1.4493,3547,1987,-4779,-4549,4328,-522,56,0,-3964,-999,244,-128
2021-07-12,272500,275500,271000,275000,58427,16067425000,1.1029,-2193,17396,-14540,-6226,490,-1333,-8313,0,842,-511,-152,0
2021-07-13,276000,282000,275500,281000,79051,22213331000,2.1818,-32013,26355,5412,3984,-1199,303,331,0,1993,435,-189,0
2021-07-14,279500,280000,274500,276500,56211,15542341500,-1.6014,17536,-6885,-10789,-3912,-1627,-1753,-2678,0,-557,134,4,-262
2021-07-15,277000,280000,277000,279500,41880,11705460000,1.085,-10000,9330,1159,1655,-944,-618,-196,0,1262,-503,14,0
2021-07-16,279000,282000,276000,282000,68547,19330254000,0.8945,-10110,3774,6347,-1353,8317,44,1425,0,-2086,-26,15,0
2021-07-19,282000,282500,278000,279500,45026,12584767000,-0.8865,3647,-3023,-535,-1704,662,710,1239,0,-1517,-66,-23,75
2021-07-20,275500,278000,274000,274500,57129,15681910500,-1.7889,17304,-4923,-12556,-8002,705,-362,-4085,-1350,537,124,51,1
2021-07-21,275500,276000,271500,272500,41193,11225092500,-0.7286,6133,1265,-7500,-9026,65,126,-64,0,1399,116,-14,0
2021-07-22,273500,279000,273000,276000,52885,14596260000,1.2844,-2679,1422,1082,-3518,-1920,1486,-1676,0,6710,178,-3,0
2021-07-23,274000,276000,274000,274000,23135,6338990000,-0.7246,5618,-6648,565,-128,-91,-43,-339,73,1154,14,451,-61
2021-07-26,277500,277500,270500,271000,49556,13429676000,-1.0949,21310,-8998,-12575,-6925,-4313,274,-627,0,-984,-98,361,0
2021-07-27,272000,274500,271000,272500,44005,11991362500,0.5535,2022,7321,-9338,-5271,-5509,507,-1500,19,2476,-72,67,-60
2021-07-28,273500,275000,269500,271500,44269,12019033500,-0.367,8870,2535,-11531,-9459,-2599,81,-1577,16,2324,-116,242,-317
2021-07-29,272500,275500,270000,271500,56374,15305541000,0.0,7648,-7120,-837,-1308,-773,522,-1887,18,2591,17,292,0
2021-07-30,270500,271500,265000,266000,85120,22641920000,-2.0258,40832,-16102,-25728,-9710,-6791,-273,-3255,19,-5718,176,822,0
2021-08-02,267500,269500,264000,267000,52266,13955022000,0.3759,445,3062,-3804,-1954,-1709,-762,-3185,0,3806,110,187,0
2021-08-03,265000,268000,264500,268000,30488,8170784000,0.3745,-1396,225,1192,688,-362,-363,-116,-17,1362,-75,54,0
2021-08-04,266000,274000,266000,272500,65534,17858015000,1.6791,-11873,9732,2078,-3074,-836,2106,-1649,-34,5565,141,-78,0
2021-08-05,272500,274000,269500,270500,40476,10948758000,-0.7339,9953,-4449,-5757,-5131,-1676,1110,-1088,10,1018,-63,316,0
2021-08-06,271000,273000,268500,270000,42328,11428560000,-0.1848,14437,649,-15329,-13951,-862,-1071,-1201,0,1757,105,138,-1
2021-08-09,268500,269000,266500,268000,36503,9782804000,-0.7407,12138,-7912,-4119,-72,-634,-461,-1012,17,-1957,-85,-22,0
2021-08-10,268000,269500,266000,268500,38488,10334028000,0.1866,5061,-4958,-819,-250,-485,-1210,-189,-71,1387,746,-30,-1
2021-08-11,269000,272500,267000,270500,42591,11520865500,0.7449,-15057,7627,7520,948,-188,2296,-174,0,4638,-103,13,0
2021-08-12,272000,272000,266500,267500,64546,17266055000,-1.1091,12788,-10053,-2807,-7415,2860,-463,547,0,1664,61,11,0
2021-08-13,270500,280500,269000,271500,161647,43887160500,1.4953,-25769,20778,4453,2677,1278,1212,-2034,0,1320,483,55,0
2021-08-17,273500,275000,261000,261000,115213,30070593000,-3.8674,44619,-37726,-7383,-1384,1697,-2610,-197,-270,-4619,40,450,0
2021-08-18,264000,264500,260000,261500,57864,15131436000,0.1916,10026,-2833,-7469,-1874,-479,-1266,681,-5822,1291,285,-9,0
2021-08-19,260000,260500,249000,250500,107756,26992878000,-4.2065,32811,-26581,-6403,-5229,-64,-2159,-661,6588,-4882,-11,184,4
2021-08-20,251000,252500,244000,246000,87097,21425862000,-1.7964,15256,-8963,-5941,-10375,1840,42,2486,0,55,-541,189,11
2021-08-23,247000,251500,245500,249000,44743,11141007000,1.2195,4555,624,-5337,-4634,-689,-281,-2685,0,2952,184,-26,0
2021-08-24,251500,263000,251500,262000,99034,25946908000,5.2209,-25844,4117,21579,8704,4701,1352,1216,0,5606,175,-27,0
2021-08-25,263500,268000,259500,261000,53544,13974984000,-0.3817,2704,-3271,157,-1580,1373,-4,148,130,90,57,353,0
2021-08-26,263000,269000,260000,264000,81033,21392712000,1.1494,-13994,11529,2234,4272,-926,-577,872,535,-1942,297,-66,0
2021-08-27,260500,266000,257500,264500,50695,13408827500,0.1894,8390,-933,-7602,-9949,724,53,513,655,276,33,112,126
2021-08-30,266000,268500,263000,266500,48312,12875148000,0.7561,-2390,-673,2707,-5708,3125,4134,-636,460,1025,345,11,307
2021-08-31,263500,269500,263500,269000,48936,13163784000,0.9381,-6099,12304,-6177,-3308,-1168,203,-583,0,-1425,60,-88,104
2021-09-01,266500,268500,265000,267000,33369,8909523000,-0.7435,3865,-7960,3849,1619,94,3787,-663,0,-1089,241,5,101
2021-09-02,266500,275000,264500,273500,97384,26634524000,2.4345,-35061,20649,14536,9607,3107,-91,878,0,1007,535,-659,28
2021-09-03,274500,275500,271500,274500,68955,18928147500,0.3656,-18238,21737,-3560,-4,447,-1065,39,0,-1905,107,-46,-1072
2021-09-06,274000,276500,270500,272000,45918,12489696000,-0.9107,7521,-8373,417,-1061,392,2143,-1207,0,-214,469,-34,364
2021-09-07,271000,276500,269000,275000,51323,14113825000,1.1029,-15048,7106,7932,7947,-122,-3087,2309,503,412,8,2,-30
2021-09-08,276500,283500,273500,281000,197815,55586015000,2.1818,-113010,29699,84027,53951,9554,6634,12755,62,1079,-415,-301,-8
2021-09-09,278000,279000,270000,272000,120094,32665568000,-3.2028,27454,-41676,14843,12434,7175,-839,1689,311,-6013,-343,-278,86
2021-09-10,273500,276500,271000,275500,49177,13548263500,1.2868,-14002,3085,11785,8075,-156,158,1314,0,2237,-34,-834,157
2021-09-13,273500,275500,270000,274500,45787,12568531500,-0.363,8638,-14224,5536,1066,-543,-244,3144,0,2113,39,11,0
2021-09-14,273500,281500,273500,276500,83644,23127566000,0.7286,-20792,8585,12762,4783,1698,-21,1962,350,4001,-500,-55,-11
2021-09-15,276500,278000,274000,275000,42319,11637725000,-0.5425,-1158,-1729,2918,2263,1148,136,-88,10,-551,-21,-10,0
2021-09-16,276000,276000,270500,271500,45400,12326100000,-1.2727,13622,-8065,-5651,-2265,2475,1692,-1104,0,-6492,103,-9,43
2021-09-17,270500,274500,268500,271000,71323,19328533000,-0.1842,1485,-304,-1045,-1098,5141,-900,-3082,923,-2076,-49,-87,47
2021-09-23,265500,270500,264500,269500,56630,15261785000,-0.5535,2799,-1209,-1636,-4290,517,420,225,193,1245,13,33,54
2021-09-24,269500,274500,269500,272000,42285,11501520000,0.9276,-10154,11017,-974,-605,-238,-86,236,0,-461,109,2,180
2021-09-27,270000,271000,265000,266000,55999,14895734000,-2.2059,22419,-11051,-11277,-11447,210,-658,-1056,182,1492,-57,-34,0
2021-09-28,266000,267500,262500,265000,39816,10551240000,-0.3759,-375,-557,1540,3658,2977,-1184,1931,0,-5842,-588,-20,0
2021-09-29,262500,265500,259000,263500,55557,14639269500,-0.566,-3143,-3801,6873,2422,6191,979,1103,0,-4143,139,-68,321
2021-09-30,262500,267500,261500,263500,36445,9603257500,0.0,-261,67,347,-3537,205,3051,657,300,-801,-162,9,472
2021-10-01,261500,262000,253000,254500,66513,16927558500,-3.4156,20614,-17356,-3744,1679,-839,-2214,420,0,-3180,190,296,390
2021-10-05,252500,265500,252500,263500,102993,27138655500,3.5363,-18112,-8190,26810,10610,5727,622,4913,0,4938,-367,-141,0
2021-10-06,263500,266500,257500,258000,70744,18251952000,-2.0873,1854,-17538,15586,9404,2329,898,1940,0,810,89,9,205
2021-10-07,259500,264500,257000,258500,74572,19276862000,0.1938,13249,-21963,8367,1559,2554,81,-522,293,4402,277,70,0
2021-10-08,259500,261500,254000,257500,91961,23679957500,-0.3868,8216,-12151,3608,10036,5217,-8588,2312,0,-5364,37,290,-5
2021-10-12,260000,261500,252500,253000,76387,19325911000,-1.7476,11485,-11417,-2126,815,1987,-4672,-596,0,340,2024,34,0
2021-10-13,253000,256500,253000,255000,56713,14461815000,0.7905,2998,-10321,5768,-277,126,240,390,1,5288,1583,-28,0
2021-10-14,256500,261000,250000,255500,117929,30130859500,0.1961,16786,-8134,-9396,2995,-4974,-10318,1370,0,1531,673,71,0
2021-10-15,256500,266000,256500,266000,118086,31410876000,4.1096,-39593,36632,3397,2114,1447,-2337,439,0,1734,-199,-237,0
2021-10-18,265000,265500,258000,259000,87546,22674414000,-2.6316,36127,-30793,-5103,2205,-1202,-616,-3934,0,-1478,-457,226,-78
2021-10-19,261000,263000,254000,255500,103605,26471077500,-1.3514,47871,-31252,-15306,-8288,-4698,-721,-4668,1450,1619,-1348,35,0
2021-10-20,256500,257500,254500,256500,42119,10803523500,0.3914,5574,2100,-7123,-5940,-53,-578,-1240,0,688,-51,-500,0
2021-10-21,256500,257500,253500,254500,49141,12506384500,-0.7797,15440,-8994,-3852,-2669,-64,-653,-1003,0,537,-2723,129,0
2021-10-22,255000,255000,251000,251500,61253,15405129500,-1.1788,31198,-25438,-6065,-5345,605,-378,-1807,0,928,210,95,-68
2021-10-25,251000,261000,250000,260500,98223,25587091500,3.5785,-25685,5967,22290,12493,-115,3913,-386,219,6166,-2485,-87,0
2021-10-26,261000,262500,258000,260000,59234,15400840000,-0.1919,3101,-2224,-801,2669,-1743,-81,-382,0,-1264,-79,3,0
2021-10-27,260000,260000,253000,254000,65305,16587470000,-2.3077,32682,-20104,-12683,-3598,-1796,-3343,-2025,0,-1921,166,-61,0
2021-10-28,254000,254000,251000,251000,48994,12297494000,-1.1811,26418,-23781,-2825,-1282,-705,-227,575,0,-1186,-54,242,0
2021-10-29,251500,252500,247000,248000,70208,17411584000,-1.1952,26088,-23805,-2610,-598,-340,-99,-270,0,-1303,260,67,0
2021-11-01,249000,249000,235500,238000,188691,44908458000,-4.0323,99940,-48181,-52179,-13675,-27566,-852,-4012,-137,-4986,244,176,-951
2021-11-02,239000,240500,236000,237500,109132,25918850000,-0.2101,54512,-15604,-39003,-17704,-14915,-55,-11860,-112,6088,-1,96,-445
2021-11-03,238500,240000,236500,238000,57152,13602176000,0.2105,8278,-5505,-3538,-4476,-114,-51,335,0,768,212,553,0
2021-11-04,239000,241500,234500,235500,96364,22693722000,-1.0504,32600,3686,-37304,-30972,-8844,-824,-476,0,3812,923,95,0
2021-11-05,236000,236500,230500,233500,82318,19221253000,-0.8493,16002,-5706,-11505,-119,-1757,-4776,-2932,119,-2040,1148,61,0
2021-11-08,237000,243000,234500,242000,120074,29057908000,3.6403,-41106,11084,29409,9696,10376,5612,3410,105,200,117,496,10
2021-11-09,241000,243000,237000,240000,76758,18421920000,-0.8264,17051,-22708,5605,2286,-1132,-73,1986,0,2538,4,48,0
2021-11-10,241500,244500,239000,240000,115982,27835680000,0.0,2946,-15587,12923,-3469,8818,5670,1321,0,583,-221,-61,0
2021-11-11,238000,239500,235500,239500,66434,15910943000,-0.2083,792,742,-961,850,-1944,-176,-507,0,816,-617,44,0
2021-11-12,239500,247500,239500,243000,112430,27320490000,1.4614,-24513,10429,13995,5342,1239,-789,1741,2325,4137,622,-533,0
2021-11-15,245000,246000,239500,242000,53907,13045494000,-0.4115,7554,-8496,1544,1106,-140,-694,-1644,0,2916,-653,51,0
2021-11-16,242000,244500,238000,239000,76122,18193158000,-1.2397,19490,-10034,-9852,-2261,-2481,-202,-1272,0,-3636,399,-3,0
2021-11-17,239000,240000,235000,239000,89611,21417029000,0.0,-3083,12069,-8877,1526,-1752,-4054,-600,0,-3997,-153,44,0
2021-11-18,238500,238500,233500,233500,72678,16970313000,-2.3013,8105,3183,-11477,-3289,-1752,-1647,-1607,0,-3182,252,-63,0
2021-11-19,233500,236500,233000,235000,51107,12010145000,0.6424,691,5347,-5755,-4282,-361,993,-1142,49,-1012,-407,124,0
2021-11-22,233000,235500,232000,233000,49837,11612021000,-0.8511,13550,-5048,-8638,-7484,-3224,627,-649,0,2096,121,15,-4
2021-11-23,232000,234000,231000,233000,43653,10171149000,0.0,7143,1751,-9633,-3203,-831,894,-2239,0,-4254,693,46,0
2021-11-24,231500,234000,228000,229000,72947,16704863000,-1.7167,26420,-11014,-15524,-2685,-8370,-280,99,0,-4288,34,84,0
2021-11-25,228500,230000,225000,226500,77588,17573682000,-1.0917,22508,-4756,-18064,-6845,-1881,-6032,-3083,440,-579,212,100,-84
2021-11-26,226000,226000,218000,219500,103812,22786734000,-3.0905,39079,-4408,-34389,-16003,-6077,-1703,-5741,-206,-4359,-334,52,-300
2021-11-29,211500,220000,211500,215500,109918,23687329000,-1.8223,-6351,27,6337,8576,201,840,-1645,-7187,5671,-30,17,-119
2021-11-30,216000,224000,212000,217500,928487,201945922500,0.9281,20074,-7665,-11739,-2302,-12078,2481,1415,0,-435,-28,-642,-820
2021-12-01,216000,223000,211500,222000,158388,35162136000,2.069,-1480,-10054,10395,-7481,5657,-258,6337,307,5182,1152,-13,651
2021-12-02,218500,236500,218500,234500,201621,47280124500,5.6306,-63925,6625,58003,36069,9324,60,9018,52,2568,-445,-258,912
2021-12-03,238000,243500,236000,241000,171534,41339694000,2.7719,-43112,4831,37395,24906,2828,9814,863,-1244,399,952,-66,-171
2021-12-06,240000,242000,236000,241000,70120,16898920000,0.0,-7911,-9151,17172,16193,1032,-434,-7,-2,410,-235,125,-20
2021-12-07,241500,248500,241000,246500,134712,33206508000,2.2822,-45609,-26349,72003,61721,4248,4965,-1920,427,2562,-130,85,0
2021-12-08,247500,248000,241500,245500,104097,25555813500,-0.4057,-17079,14866,2841,10660,-4691,-1410,-5224,-242,3748,-698,70,0
2021-12-09,245500,253500,244000,253500,140663,35658070500,3.2587,-55650,42881,13049,6825,-2663,-133,-2240,0,11259,-205,-75,1
2021-12-10,253000,256000,251000,255000,84342,21507210000,0.5917,-34194,26857,7491,8055,224,448,-351,-4,-954,-73,-81,73
2021-12-13,255000,257000,253500,255000,54604,13924020000,0.0,-17676,10489,7800,7407,-518,270,85,0,556,-566,-47,0
2021-12-14,252000,252500,248000,248500,48356,12016466000,-2.549,-2838,4060,-1180,2478,-376,-182,-549,-2,-2548,30,-72,-1
2021-12-15,247500,251000,246500,250000,43828,10957000000,0.6036,-9162,-3982,13519,11978,1564,42,-20,0,-45,-371,-4,0
2021-12-16,248000,250000,243500,245500,44280,10870740000,-1.8,-1978,1563,951,1847,-310,-293,-635,0,342,-538,2,0
2021-12-17,243000,245500,242000,244000,66887,16320428000,-0.611,-6167,14406,-8049,3130,-8368,-5666,-204,121,2938,-192,2,0
2021-12-20,241500,245000,238500,240500,41895,10075747500,-1.4344,4258,-2704,-1729,1716,-1032,-2459,1464,387,-1805,-67,242,0
2021-12-21,240500,246000,239500,242000,34733,8405386000,0.6237,-8019,-2445,10727,1134,2646,148,2715,770,3314,-174,-89,0
2021-12-22,245000,247500,242000,243000,28185,6848955000,0.4132,-3804,-4885,8533,2863,3001,33,1879,197,560,171,-15,0
2021-12-23,245500,249500,245000,247500,48175,11923312500,1.8519,-9207,-2011,11330,1755,146,8382,96,0,951,-49,-63,0
2021-12-24,248000,249500,244500,247000,26716,6598852000,-0.202,-1201,-6915,8396,2806,1171,1698,1943,0,1193,-405,125,-415
2021-12-27,248500,250000,247000,248000,26257,6511736000,0.4049,-9832,2212,8002,2670,846,138,812,0,3536,-108,-274,0
2021-12-28,249000,250000,246000,250000,45368,11342000000,0.8065,-20417,3435,17313,2587,1772,6120,1552,0,5282,-326,-5,0
2021-12-29,249000,256000,246500,255000,66226,16887630000,2.0,-20480,11212,9303,7641,5566,597,-756,202,-3941,-13,-22,-6
2021-12-30,256500,256500,251000,254000,40877,10382758000,-0.3922,-3053,-11640,14689,5368,10979,3209,987,0,-5884,2,2,30
2022-01-03,252500,255000,250000,253000,33485,8471705000,-0.3937,-1328,-6757,8180,9825,1813,-32,605,326,-4357,-83,-12,0
2022-01-04,252500,255500,251000,254500,31491,8014459500,0.5929,-7575,-2955,10444,13526,-439,92,576,0,-3316,171,-85,5
2022-01-05,254500,255000,249500,253500,38513,9763045500,-0.3929,-4374,3332,1261,3575,2225,-8,157,213,-4904,-206,-13,3
2022-01-06,250000,253500,247500,249000,46871,11670879000,-1.7751,2640,-8217,4867,363,4868,-148,1504,28,-1748,744,-34,0
2022-01-07,248000,251500,247000,250000,32016,8004000000,0.4016,-6484,6504,-300,1350,-2084,-182,1313,0,-771,344,-64,74
2022-01-10,247500,249000,229500,233000,246695,57479935000,-6.8,87210,-29439,-58317,-6724,-9275,-886,-4924,213,-36951,415,131,230
2022-01-11,237000,244000,236500,239000,179141,42814699000,2.5751,-7328,-5916,13147,7489,3359,1887,76,0,336,52,45,0
2022-01-12,239500,248500,239500,246500,111968,27600112000,3.1381,-31925,28261,4271,10402,1543,-20787,-540,0,13653,-737,130,0
2022-01-13,243500,248000,241500,247500,136026,33666435000,0.4057,-3399,-987,3805,-7042,-4351,-6987,790,0,21395,575,6,0
2022-01-14,245500,246500,240500,242000,55358,13396636000,-2.2222,10123,-2273,-7818,154,-2285,217,-363,0,-5483,-56,24,-58
2022-01-17,243000,243000,238500,240500,41231,9916055500,-0.6198,1712,-333,-1409,-262,-337,901,216,0,-1927,7,23,0
2022-01-18,241500,245500,240500,241500,48271,11657446500,0.4158,-12417,18925,-6452,-4727,435,560,1320,0,-4040,-42,-14,0
2022-01-19,240500,242500,238000,242000,44796,10840632000,0.207,-6452,8225,-1573,-1334,-1688,-949,4233,-539,-1296,-188,-12,0
2022-01-20,244500,244500,237000,241500,36803,8887924500,-0.2066,1643,2060,-3771,-5060,223,221,345,80,255,63,5,165
2022-01-21,238000,240500,236500,240000,43132,10351680000,-0.6211,433,8232,-8494,-8407,-1809,-132,837,0,867,-181,10,150
2022-01-24,239500,239500,231000,233500,52470,12251745000,-2.7083,8918,-4262,-4816,-8880,319,83,529,172,2795,161,-1,166
2022-01-25,232500,234000,229000,231500,74487,17243740500,-0.8565,-14468,6888,7570,-7539,2287,10778,670,63,1196,-1,11,115
2022-01-26,232500,237000,231000,234500,47650,11173925000,1.2959,-5294,4188,958,-8658,118,11066,-2722,385,770,51,97,-1
2022-01-27,232000,234500,221000,221000,112812,24931452000,-5.7569,28778,-13986,-16879,-18800,1489,1105,-1637,0,980,2017,70,-16
2022-01-28,221500,236000,221500,232000,87682,20342224000,4.9774,-16532,18554,-2076,-7625,101,1227,2060,177,1984,3,51,0
2022-02-03,233000,242000,232000,239000,47169,11273391000,3.0172,-18578,10514,7979,2452,1554,5161,217,53,-1576,151,-66,118
2022-02-04,238000,248000,238000,247000,69043,17053621000,3.3473,-33498,9773,24819,5776,12991,1397,3003,100,1493,-1013,-81,59
2022-02-07,247000,252500,244000,245500,71557,17567243500,-0.6073,-12799,-241,13000,2432,2605,673,4107,0,3168,76,-36,15
2022-02-08,248500,251000,245000,248000,47346,11741808000,1.0183,-9566,-90,9882,1469,7344,-30,1959,72,-1175,-231,5,243
2022-02-09,248500,260500,248000,255500,151138,38615759000,3.0242,-37541,7452,31904,15708,8044,2838,-1970,2233,5051,-1691,-124,0
2022-02-10,260500,266000,256000,265000,240484,63728260000,3.7182,-95940,38996,53722,34311,8714,6852,-1600,-1299,6744,3354,-132,0
2022-02-11,262000,266500,257000,258500,101518,26242403000,-2.4528,6900,-5003,1074,2483,1101,1888,1576,693,-6523,-3159,188,-144
2022-02-14,253500,261500,253500,259000,71895,18620805000,0.1934,-15888,4965,11729,7550,340,1340,-55,2081,605,-846,40,-132
2022-02-15,260000,263000,255500,260000,64165,16682900000,0.3861,-12547,2085,10666,-545,9609,1400,334,125,-452,-10,-194,195
2022-02-16,264500,264500,259000,262000,53067,13903554000,0.7692,-4913,1094,3789,-1267,245,5726,-552,40,-403,111,-81,0
2022-02-17,263500,266500,257000,260500,98818,25742089000,-0.5725,-6059,-4303,10393,2703,6512,2495,-344,-2000,1027,5,-36,0
2022-02-18,260500,262500,257000,259000,50274,13020966000,-0.5758,2671,-1373,-1807,-910,-59,-23,257,-2000,930,509,0,-2
2022-02-21,255000,261000,253000,260000,61251,15925260000,0.3861,-4885,-10083,15044,-931,13247,1588,1844,-1019,315,-26,-50,0
2022-02-22,256500,262000,256500,258500,46515,12024127500,-0.5769,-9355,-8346,17870,9253,5829,2851,812,0,-875,-168,-1,0
2022-02-23,261000,266500,258500,259000,76517,19817903000,0.1934,-11011,-7871,18951,6837,2636,7138,-504,200,2708,-10,-59,-64
2022-02-24,257000,259000,252000,253000,67179,16996287000,-2.3166,-14925,9213,5558,121,1813,1923,3418,0,-1717,87,67,0
2022-02-25,257000,257500,250000,256500,36798,9438687000,1.3834,-2455,-3047,5417,363,1294,701,1604,158,1297,75,10,0
2022-02-28,258500,262500,255000,261500,54235,14182452500,1.9493,-12521,4002,8831,4113,1771,1380,803,195,402,-302,-10,167
2022-03-02,261500,267000,259000,263500,60029,15817641500,0.7648,-15860,-1686,17827,5139,10047,1534,508,0,627,-200,-81,-28
2022-03-03,266500,266500,261000,264000,58214,15368496000,0.1898,5035,-9458,4455,3435,3526,-235,-3276,300,705,1,-33,0
2022-03-04,264000,265000,260500,264000,35153,9280392000,0.0,-5059,-8591,13689,8916,3265,-419,756,-7,1178,4,-43,0
2022-03-07,260500,262000,256500,260000,32760,8517600000,-1.5152,350,266,-766,3366,-376,-382,50,0,-3424,153,-3,0
2022-03-08,257000,258000,252500,252500,52408,13233020000,-2.8846,-1826,4765,-2369,5750,2023,-7063,780,485,-4344,-612,42,0
2022-03-10,257500,265000,256000,262000,60960,15971520000,3.7624,-10450,3154,6836,5336,1111,-1599,1098,200,690,511,-51,0
2022-03-11,261000,275000,261000,271000,155423,42119633000,3.4351,-72769,13452,59276,8781,29794,7737,6862,171,5931,-155,196,0
2022-03-14,268000,271500,256500,256500,73217,18780160500,-5.3506,29632,-16142,-13402,-1632,-3650,-4,-748,17,-7385,239,-327,0
2022-03-15,254500,256500,250500,253500,57703,14627710500,-1.1696,9222,894,-10202,-8200,-1149,-177,-374,0,-302,77,9,0
2022-03-16,254500,264000,253500,262500,61574,16163175000,3.5503,-12572,-8026,20491,3196,10739,1073,-1593,0,7077,125,-18,-1
2022-03-17,267000,269500,262000,263000,46285,12172955000,0.1905,-1580,-2834,4055,-4290,1783,49,1661,0,4848,366,-7,4
2022-03-18,263000,264500,258500,260000,43592,11333920000,-1.1407,6298,-7133,801,-986,-1894,1820,1227,988,-269,58,-24,-85
2022-03-21,263000,268000,260500,262000,39542,10360004000,0.7692,-1931,3063,-1198,-2901,35,1597,-1236,641,666,76,-10,0
2022-03-22,262000,266000,258500,259000,45458,11773622000,-1.145,9009,-1880,-6504,-9419,265,275,93,100,2165,-638,13,17
2022-03-23,261000,262000,258000,260000,33104,8607040000,0.3861,2013,3823,-5555,-5370,-1033,-444,-344,0,1636,-268,-13,0
2022-03-24,258500,259000,255500,258000,38630,9966540000,-0.7692,7245,9466,-16771,-6034,-6578,-1244,-880,-214,-1629,65,-5,-192
2022-03-25,261000,261000,255000,258500,53912,13936252000,0.1938,-2672,10356,-7699,-1969,-3522,-81,-2409,-400,682,19,-4,0
2022-03-28,256000,257500,252000,254000,57399,14579346000,-1.7408,21570,2186,-22913,-2208,-11872,-7325,-2632,0,1468,-523,-320,-344
2022-03-29,254500,258500,252500,256500,60169,15433348500,0.9843,-3954,11187,-7348,-9140,-1711,-2895,1658,528,4212,103,12,0
2022-03-30,259000,263500,255000,257500,40899,10531492500,0.3899,-150,3453,-3506,-2849,-1037,-195,-1399,-203,2553,122,81,-376
2022-03-31,257500,258000,254500,256500,34058,8735877000,-0.3883,7755,2564,-10200,-9138,-2100,-764,688,0,1114,-124,5,0
2022-04-01,255000,263000,254000,263000,62581,16458803000,2.5341,-22041,24605,-2632,-1495,-1103,1288,1285,-535,-2072,12,56,0
2022-04-04,263000,264500,261000,262000,48243,12639666000,-0.3802,-1680,-2591,4273,-994,654,-79,803,0,3889,-3,1,0
2022-04-05,264000,267000,261000,265500,56672,15046416000,1.3359,-20186,17982,2343,9544,-4751,-1659,-109,0,-682,-131,-8,0
2022-04-06,263500,265000,260500,263000,46364,12193732000,-0.9416,3386,15048,-17344,-9825,-6373,294,469,101,-2010,-1061,-29,0
2022-04-07,261000,262500,257500,259000,38477,9965543000,-1.5209,1790,3539,-5279,-3658,292,-473,1230,0,-2670,-50,0,0
2022-04-08,258000,258500,253500,255000,35258,8990790000,-1.5444,10091,-12729,2482,600,1273,917,-112,0,-196,84,72,0
2022-04-11,253500,260000,253000,256500,26138,6704397000,0.5882,-1732,9052,-7593,-3976,-1853,910,-23,0,-2180,267,6,-471
2022-04-12,253500,256500,252500,254500,31524,8022858000,-0.7797,5228,4588,-10029,-7497,-274,-334,-1314,655,-1265,150,63,0
2022-04-13,253500,255500,252000,255000,40256,10265280000,0.1965,11142,3931,-15104,-2135,-7240,-615,-2901,-369,-1481,11,20,-363
2022-04-14,255500,258500,253000,254000,35773,9086342000,-0.3922,1886,999,-2949,-66,-841,-867,238,0,-1413,70,-6,0
2022-04-15,254500,259000,253500,254000,30344,7707376000,0.0,526,-1665,1224,3540,-865,1019,1207,0,-3677,-76,-9,0
2022-04-18,254000,263000,253000,257000,52426,13473482000,1.1811,-11976,2408,9965,1334,3917,1481,352,0,2882,-270,-127,-1
2022-04-19,258000,259500,256500,259000,39806,10309754000,0.7782,616,6568,-6872,-8168,-437,-11,899,0,845,-314,2,0
2022-04-20,259500,261500,256500,260000,28862,7504120000,0.3861,-4977,7458,-2786,-479,-486,-130,-283,0,-1408,320,-15,0
2022-04-21,262000,263500,258000,258000,30684,7916472000,-0.7692,5113,1096,-6018,-674,-6230,-558,-1208,-98,2606,-205,14,144
2022-04-22,256500,257500,254000,256500,38437,9859090500,-0.5814,6568,4038,-10661,-1286,-2193,-161,-24,-963,-6023,62,-7,-11
2022-04-25,253500,254500,240000,241000,120614,29067974000,-6.0429,76065,-19217,-56975,-30199,-15729,-6576,-2149,-138,-1844,-243,370,-340
2022-04-26,245000,248500,241500,247500,53803,13316242500,2.6971,-10337,12429,-3022,-652,1644,-1540,-804,410,-2080,1170,-240,0
2022-04-27,242000,245000,240500,244500,26108,6383406000,-1.2121,-782,1696,-1198,-1267,-181,-669,-335,0,1257,157,127,-3
2022-04-28,245000,248500,243500,248500,27215,6762927500,1.636,-5118,2014,3318,1356,673,32,1249,0,8,-23,-191,0
2022-04-29,248500,250500,247000,248500,30975,7697287500,0.0,-1333,-4626,5626,1771,1302,313,695,0,1545,311,22,0
2022-05-02,248500,248500,245500,246500,24245,5976392500,-0.8048,3344,-201,-3258,-2573,921,120,-1587,0,-139,127,-12,0
2022-05-03,245500,248000,244500,246000,40697,10011462000,-0.2028,7922,17741,-25696,-12817,-4297,-3978,-1504,-2500,-600,31,2,0
2022-05-04,246000,246000,241000,242000,45235,10946870000,-1.626,10629,495,-11462,-1159,-3170,-3362,-3495,0,298,349,-11,-574
2022-05-06,239500,240000,236000,237500,48321,11476237500,-1.8595,15712,-3553,-12398,-2769,-4982,-2464,-2676,0,493,220,19,0
2022-05-09,237000,241000,232500,237500,52335,12429562500,0.0,9848,-13598,3485,-4086,245,9596,-1568,-215,-222,223,42,-265
2022-05-10,237000,245000,230500,244500,70724,17292018000,2.9474,-14129,-183,14487,-1277,4769,7381,1730,0,1974,-202,27,-90
2022-05-11,242500,256500,241500,254000,140333,35644582000,3.8855,-70701,14856,56775,14558,10989,15529,2956,0,12739,-976,46,4
2022-05-12,251500,260500,250000,254000,131342,33360868000,0.0,-44647,19793,25182,25040,13522,-11777,3243,-91,-4678,-199,-129,-77
2022-05-13,254000,259500,253500,255000,51852,13222260000,0.3937,-678,413,67,7958,-6488,-10914,1027,-1426,9899,182,16,11
2022-05-16,257000,259000,252500,257000,62491,16060187000,0.7843,-5751,5469,1461,15122,-2288,-6987,1013,0,-5374,-1198,19,-25
2022-05-17,257000,262000,257000,259000,50580,13100220000,0.7782,-17575,8905,8847,11390,-2466,-1033,-449,0,1483,-155,-22,-78
2022-05-18,259000,260000,252500,256000,65328,16723968000,-1.1583,-2840,22922,-20095,711,-3809,-9851,-2368,7,-4758,15,-2,-27
2022-05-19,248000,252000,244500,250500,74389,18634444500,-2.1484,13605,5329,-18938,3806,-6482,-13264,-143,0,-2857,44,-40,2
2022-05-20,250500,251500,246500,248000,40823,10124104000,-0.998,7633,-2518,-5063,1673,-2907,-3243,-4840,0,4819,-47,-5,-565
2022-05-23,247000,249500,245000,247500,26171,6477322500,-0.2016,3357,-1830,-1499,-680,-1427,-1598,-1742,0,3528,-22,-6,420
2022-05-24,247000,249500,244000,246500,43457,10712150500,-0.404,6406,-357,-6073,-440,-1028,-1346,-2752,-75,-310,22,2,-122
2022-05-25,246500,247000,243500,244500,35773,8746498500,-0.8114,7603,-5564,-1883,-142,-3170,-1558,-1444,0,4431,-158,2,0
2022-05-26,246000,249000,244000,244500,32278,7891971000,0.0,-417,-1369,1744,1285,1392,-3193,299,0,1661,36,6,300
2022-05-27,248000,251000,246000,248500,27329,6791256500,1.636,-3810,316,3505,1153,-2090,187,647,0,3608,-1,-10,0
2022-05-30,249000,255500,248500,254000,41460,10530840000,2.2133,-15844,4502,11363,1920,4188,1425,-622,6,4046,-11,-10,400
2022-05-31,254000,255500,252000,253500,35777,9069469500,-0.1969,1850,1813,-3603,1376,2068,-2904,62,0,-4205,-50,-10,0
2022-06-02,252000,252500,250000,252000,25774,6495048000,-0.5917,-747,5673,-4940,94,-233,58,-233,0,-4626,5,9,0
2022-06-03,255000,260500,253500,260500,63794,16618337000,3.373,-34076,11787,22441,13458,1135,3672,-116,0,4292,-123,-29,0
2022-06-07,260000,260000,253500,254000,37845,9612630000,-2.4952,5926,-4448,-1414,-953,1455,12,32,0,-1960,-15,-49,0
2022-06-08,255000,260500,255000,258500,50594,13078549000,1.7717,-13376,13939,-733,-3339,2329,888,166,0,-808,172,-2,31
2022-06-09,256500,257500,251000,256500,64086,16438059000,-0.7737,11052,-2797,-8268,-4564,458,-3768,595,340,-1830,23,-10,501
2022-06-10,253500,256500,252500,255500,24060,6147330000,-0.3899,839,2481,-3314,-136,-307,-594,-16,0,-2261,-6,0,0
2022-06-13,251000,252500,245000,246500,51850,12781025000,-3.5225,-4638,11294,-6643,-94,-2284,-715,-348,223,-3425,-15,2,0
2022-06-14,246500,246500,236500,241000,62066,14957906000,-2.2312,9871,2919,-12770,-6930,-2292,604,-5455,141,1162,-22,2,0
2022-06-15,242000,242000,237000,239500,41365,9906917500,-0.6224,-5212,5719,-532,-296,-1606,261,-760,-146,2256,25,0,-241
2022-06-16,241000,243500,236000,236000,44325,10460700000,-1.4614,16508,-6378,-10289,-8805,-1402,227,-1837,0,1528,136,23,0
2022-06-17,230500,234000,229000,231000,54937,12690447000,-2.1186,4480,290,-4720,-4812,-175,-480,-910,679,978,-93,43,0
2022-06-20,231000,233000,223000,225500,37640,8487820000,-2.381,-32,-1778,1628,-1970,647,100,-235,0,3086,112,70,0
2022-06-21,228500,231000,223500,231000,44389,10253859000,2.439,-2218,8389,-6001,-4850,-2612,-931,-2861,192,5061,-170,0,0
2022-06-22,231500,231500,220500,220500,51537,11363908500,-4.5455,18188,-12041,-6296,-2349,-1705,33,-181,-40,-2039,129,20,-15
2022-06-23,220500,226000,217500,218000,51228,11167704000,-1.1338,-1470,-4408,5869,-2427,600,2426,-337,0,5782,4,5,-175
2022-06-24,217500,226000,217500,223000,34197,7625931000,2.2936,-9938,3901,6034,2255,-1221,1440,50,273,3420,3,0,-183
2022-06-27,224500,231000,223500,227500,40737,9267667500,2.0179,-6567,2120,4455,-3843,659,5291,1762,0,86,-10,2,500
2022-06-28,226500,229000,224500,227000,34571,7847617000,-0.2198,845,2492,-3366,-482,-1986,-78,-999,659,-480,13,16,0
2022-06-29,224500,225500,221000,221500,38497,8527085500,-2.4229,8350,3737,-12573,-9198,532,-61,-3339,0,-507,486,0,0
2022-06-30,222000,229000,217000,218000,79740,17383320000,-1.5801,10965,-3238,-8926,-5022,-2515,-1151,954,404,-1596,1200,-1,0
2022-07-01,220000,221500,214000,216000,38935,8409960000,-0.9174,5683,-3241,-2929,-834,-488,1,-1235,0,-373,311,176,0
2022-07-04,215500,218000,213000,217500,28382,6173085000,0.6944,2169,-2233,309,-295,-802,-50,25,0,1446,-240,-5,-15
2022-07-05,219000,221500,216500,219000,24799,5430981000,0.6897,3585,-5185,1601,1030,1516,-73,1142,0,-1989,-1,0,-25
2022-07-06,217000,221500,216000,216000,41503,8964648000,-1.3699,3070,2268,-5073,-998,-34,1864,-1783,0,-4100,-265,0,-22
2022-07-07,220500,221500,215500,219000,28563,6255297000,1.3889,-527,-1534,1841,103,-443,-11,432,0,1882,216,4,-122
2022-07-08,220500,221000,217500,217500,31949,6948907500,-0.6849,8712,-4227,-4156,-196,-2138,2258,-1466,0,-2614,-343,14,0
2022-07-11,219000,219500,212000,214000,40374,8640036000,-1.6092,17574,-14724,-3168,-4146,648,682,-421,0,69,301,17,0
2022-07-12,213000,213000,207000,208500,50668,10564278000,-2.5701,17729,-9174,-10113,1761,-8300,108,-1686,7,-2007,859,699,4
2022-07-13,208000,216500,208000,214000,51315,10981410000,2.6379,-12763,12268,681,1260,3444,-1116,-1660,-707,1242,605,-791,-1782
2022-07-14,212000,212500,209500,211000,35494,7489234000,-1.4019,7915,3,-7941,-6388,-463,3778,-908,0,-3960,7,16,0
2022-07-15,212000,212500,205500,209000,30935,6465415000,-0.9479,5548,131,-6385,-2054,-2577,-199,164,0,-1719,703,3,0
2022-07-18,212000,220000,212000,215000,47152,10137680000,2.8708,-9798,9654,152,-1534,852,1026,-806,0,614,-7,-1,0
2022-07-19,213000,214000,210500,212000,36586,7756232000,-1.3953,11839,-3213,-8545,-5857,-1707,-805,-209,0,33,-88,7,0
2022-07-20,215000,216500,212000,214000,42240,9039360000,0.9434,4456,-2469,-1985,-2531,25,351,-954,0,1124,-24,22,0
2022-07-21,215000,221000,214000,218000,47823,10425414000,1.8692,-12849,8007,4934,227,6693,446,-552,0,-1902,5,-97,22
2022-07-22,217000,220500,217000,217500,20835,4531612500,-0.2294,1536,-2172,635,-417,1185,-18,-590,0,475,0,1,0
2022-07-25,217500,220000,216000,217500,17379,3779932500,0.0,-207,6,-210,-1420,-157,-27,117,0,1277,11,400,0
2022-07-26,216500,218500,216500,218000,16522,3601796000,0.2299,1946,397,-1992,-305,-2111,426,-877,0,875,-319,-32,0
2022-07-27,217500,218000,216000,217500,10612,2308110000,-0.2294,919,-2066,1157,-223,-314,19,143,-10,1542,2,-12,0
2022-07-28,219000,221000,216000,216500,24086,5214619000,-0.4598,5749,-7117,1308,-1350,1445,4616,-918,0,-2502,10,50,17
2022-07-29,219000,219500,217000,218500,19443,4248295500,0.9238,-2428,-819,3260,-189,1225,413,-6,-474,2274,2,-15,17
2022-08-01,219000,221000,216500,217000,25081,5442577000,-0.6865,7849,-6887,-645,-1673,681,328,677,0,-675,-425,108,17
2022-08-02,217000,217500,211000,212000,42208,8948096000,-2.3041,16032,-5754,-10834,-4935,-2637,-615,-120,-376,-2160,526,30,9
2022-08-03,212000,217000,211500,216500,34058,7373557000,2.1226,-7547,5765,1777,1522,-3123,-458,298,-300,3838,8,-3,0
2022-08-04,217000,221000,216500,219000,48639,10651941000,1.1547,-10575,3354,7345,-1260,9083,-91,1868,0,-2263,-73,-51,8
2022-08-05,218000,221000,217500,220000,35282,7762040000,0.4566,1260,9285,-10547,-7876,-1353,-1686,133,0,197,2,0,38
2022-08-08,219500,228500,219000,227000,72189,16386903000,3.1818,-27826,17158,11248,3925,7102,2429,1418,0,-3626,-570,-10,0
2022-08-09,226000,226500,218000,221000,66502,14696942000,-2.6432,41520,-15193,-26334,-24859,-1832,953,-412,0,-184,5,2,0
2022-08-10,221000,229000,218500,220000,160496,35309120000,-0.4525,37935,-25479,-14221,-8748,-695,-11515,2853,0,3884,1729,36,0
2022-08-11,226000,229000,222500,225500,159918,36061509000,2.5,-16596,25137,-9018,-19745,95,3306,-760,0,7886,421,56,200
2022-08-12,225000,225500,221500,224000,38963,8727712000,-0.6652,4000,-5408,1186,-5168,3921,747,-266,0,786,122,100,1166
2022-08-16,225000,225500,222000,222500,27814,6188615000,-0.6696,11247,-6859,-4401,-3060,-474,-170,584,0,-1281,16,-3,0
2022-08-17,224000,225500,222000,224000,33453,7493472000,0.6742,-4077,6192,-1333,-1421,-59,-6,-119,0,222,-383,-399,50
2022-08-18,222000,224500,221500,222000,24489,5436558000,-0.8929,2680,-1970,-913,532,-120,-10,334,0,-1649,203,0,0
2022-08-19,222000,223500,220000,221500,43024,9529816000,-0.2252,2868,14479,-17383,-15136,-594,65,217,0,-2035,8,28,100
2022-08-22,220000,221500,217500,219500,29010,6367695000,-0.9029,-1388,10574,-9155,-6169,394,-2280,-201,0,-885,-34,3,-14
2022-08-23,217000,218500,214500,215000,39943,8587745000,-2.0501,10952,5012,-16266,-2174,-7142,-1340,-2007,0,-2808,301,1,-795
2022-08-24,215000,216500,212500,213000,48313,10290669000,-0.9302,10387,-4104,-6276,-5603,-339,-613,867,0,-596,-27,20,8
2022-08-25,215500,223500,215000,221500,81834,18126231000,3.9906,-33560,33645,246,-6244,1971,-374,2533,0,2366,-314,-17,-6
2022-08-26,222500,225000,222000,223500,57465,12843427500,0.9029,-9230,12326,-1293,-4268,5790,2,-83,0,-2742,-2065,262,8
2022-08-29,216000,217500,213500,216500,63089,13658768500,-3.132,19249,-12986,-6307,2270,2973,-2761,-1804,0,-7039,31,13,54
2022-08-30,216500,222000,216000,220500,40682,8970381000,1.8476,-11916,14569,-2690,-4352,3245,-559,342,0,-1366,144,-107,0
2022-08-31,220500,224500,219500,223500,47803,10683970500,1.3605,-5076,-9736,15190,7196,3772,1801,2105,109,9,-264,-114,198
2022-09-01,221000,225500,220000,220500,60859,13419409500,-1.3423,-6993,3593,3466,-3994,7532,1275,1650,0,-2997,-42,-24,0
2022-09-02,220500,223000,219500,220000,24709,5435980000,-0.2268,-3986,424,3572,21,2838,-122,170,0,659,8,-18,6
2022-09-05,222500,223500,217000,219500,32059,7036950500,-0.2273,-1808,6249,-4305,2018,-4016,-598,-2870,-816,1930,-136,0,47
2022-09-06,219500,224000,218500,223500,30532,6823902000,1.8223,-12842,3880,8757,4117,4684,-2304,801,153,1306,235,-30,0
2022-09-07,222000,226500,220000,221500,54862,12151933000,-0.8949,946,-13221,12265,9114,1140,9,4278,0,-2541,12,-2,265
2022-09-08,224500,231000,224000,230500,107640,24811020000,4.0632,-55006,18043,36921,2953,17953,3904,2876,150,3518,74,-32,5567
2022-09-13,233000,243000,232500,242500,123672,29990460000,5.2061,-55044,15876,38971,4895,8775,10376,6939,0,8083,396,-199,-97
2022-09-14,234500,241000,233000,238500,63130,15056505000,-1.6495,-6091,-597,6569,5581,-646,-266,778,0,1122,116,3,0
2022-09-15,236000,237000,231500,232000,53594,12433808000,-2.7254,5501,-17768,12309,6737,4046,3381,-234,0,-1621,-39,-3,0
2022-09-16,233000,240000,232500,237000,64189,15212793000,2.1552,-1238,-8146,9106,3583,3186,1524,1939,-13,-1103,322,-44,-10
2022-09-19,239500,242500,236000,240000,87565,21015600000,1.2658,-12265,-21190,29885,3495,13688,10355,955,-206,1598,3579,-9,0
2022-09-20,242000,243000,237500,241000,62807,15136487000,0.4167,-7219,-15275,22501,10536,6511,2122,2406,0,926,1,-8,0
2022-09-21,239000,248000,238000,246500,91133,22464284500,2.2822,-27329,-17710,44225,24853,5625,7071,4838,0,2216,913,-99,-378
2022-09-22,243000,246500,241000,242000,78364,18964088000,-1.8256,987,-7065,6517,12962,-2030,-1473,65,-15,-2992,-343,-96,0
2022-09-23,246500,246500,231500,239500,48495,11614552500,-1.0331,-1533,4524,-2896,1178,-840,-1144,-3021,0,931,-57,-38,0
2022-09-26,235500,237000,225500,228500,74468,17015938000,-4.5929,6667,6245,-12561,-8819,-547,-10915,-323,0,8043,-1057,706,0
2022-09-27,232000,237000,227500,237000,62271,14758227000,3.7199,-13280,4281,9593,5517,-63,697,81,0,3361,136,-730,0
2022-09-28,235500,240500,230500,232500,64236,14934870000,-1.8987,376,-1288,818,1878,-4292,2078,629,0,525,24,70,0
2022-09-29,234500,242500,233000,234500,67788,15896286000,0.8602,-9727,-3930,13530,8349,6141,1966,1860,-1044,-3547,217,-90,-195
2022-09-30,234000,236000,229500,231000,35301,8154531000,-1.4925,-1150,-1529,2691,-1496,4968,-67,463,0,-1177,-1,-11,0
2022-10-04,232000,232500,227500,230000,59053,13582190000,-0.4329,5823,-8923,3562,4386,887,-2279,-2746,0,3313,-416,-46,1
2022-10-05,233000,237000,230500,236000,45397,10713692000,2.6087,-8518,13270,-4721,2036,-101,-397,-1698,0,-4566,-31,0,5
2022-10-06,235500,237000,231000,233000,32036,7464388000,-1.2712,6125,53,-5946,-5743,-1955,-208,-1159,0,3119,-224,-8,0
2022-10-07,230500,235500,230000,232500,30631,7121707500,-0.2146,-2519,2194,409,1144,1722,-530,-492,0,-1435,-84,0,0
2022-10-11,228500,232000,224000,229000,40040,9169160000,-1.5054,-2388,7934,-5634,1576,147,-5142,425,0,-2640,42,46,0
2022-10-12,226500,230000,224000,225000,51812,11657700000,-1.7467,3322,6042,-9082,819,-2040,-2198,-827,0,-4836,-272,-10,0
2022-10-13,225500,232000,224000,228000,67729,15442212000,1.3333,-18978,25332,-6255,-2338,1192,1399,2124,0,-11159,-102,3,2527
2022-10-14,229500,232500,229000,231500,39184,9071096000,1.5351,-2658,4622,-1950,1400,963,-4731,-1438,0,1845,-13,-1,11
2022-10-17,229500,231500,226000,229000,31614,7239606000,-1.0799,4092,2922,-7045,4185,-2307,-5509,-1973,0,-1441,12,19,0
2022-10-18,233000,234500,228500,233000,54344,12662152000,1.7467,-7474,5507,2014,472,-2961,-8590,10718,0,2370,-2,-45,5
2022-10-19,233500,235500,227500,228000,33151,7558428000,-2.1459,5517,-5090,-445,594,-2982,-84,661,0,1341,28,-10,25
2022-10-20,227500,228500,224000,226500,50619,11465203500,-0.6579,209,2265,-1898,3681,-767,-260,-348,0,-4153,-623,47,-51
2022-10-21,225000,229000,223500,228000,30230,6892440000,0.6623,-3233,5434,-2115,-762,-661,-320,-1011,-21,660,-86,0,0
2022-10-24,229000,230500,222500,225500,32134,7246217000,-1.0965,9045,-10224,1033,136,179,430,-778,0,1066,175,-29,0
2022-10-25,225000,225500,218000,218500,48413,10578240500,-3.1042,18223,-7656,-9930,-3500,-4462,-1780,-2409,0,2171,-663,26,50
2022-10-26,218500,219500,213000,215000,43970,9453550000,-1.6018,11571,1519,-12850,-2858,-2512,-150,-1261,-99,-5970,-262,22,0
2022-10-27,216500,217500,214000,217000,38573,8370341000,0.9302,2879,-951,-1973,-2527,-1656,140,-3568,0,5553,43,2,85
2022-10-28,217000,222500,216000,221000,34218,7562178000,1.8433,-15894,8441,7456,2090,1175,2109,232,0,1850,-6,3,0
2022-10-31,221000,221000,207500,212500,116151,24682087500,-3.8462,55745,-19904,-35731,-12713,-8227,-3659,-4346,0,-6718,-172,62,-68
2022-11-01,212500,216500,210500,216000,44891,9696456000,1.6471,-16053,8176,7685,3151,886,-414,-52,0,4114,197,-5,0
2022-11-02,214500,218000,214500,217000,34657,7520569000,0.463,-1722,3059,-1327,-1600,471,-307,605,0,-496,-11,1,0
2022-11-03,214500,215000,210000,212500,34154,7257725000,-2.0737,11058,3040,-14030,-2096,-1845,-3676,-328,0,-6085,-80,12,0
2022-11-04,212500,221000,210500,220000,81947,18028340000,3.5294,-10423,244,9799,-1068,11193,-1901,-3322,0,4918,448,-68,-21
2022-11-07,217000,222500,210500,212000,147596,31290352000,-3.6364,62819,-30086,-32341,-5059,-12888,-1392,-11055,0,-1948,-453,61,1
2022-11-08,211500,214000,211000,212000,90878,19266136000,0.0,51670,-32956,-19045,-14649,-3125,-2534,297,0,966,135,196,0
2022-11-09,213000,214000,211500,212000,73360,15552320000,0.0,15507,-4401,-10745,-12946,-1029,-28,-789,0,4047,-235,-126,0
2022-11-10,211000,211500,208000,208500,107478,22409163000,-1.6509,54358,-21509,-33541,-15233,-9631,-5475,-3220,-158,-3246,534,158,3422
2022-11-11,213500,219500,210500,218500,174431,38113173500,4.7962,-54494,31915,22000,3025,-5243,2168,1856,0,18117,534,45,2077
2022-11-14,218000,220500,216000,218000,76415,16658470000,-0.2288,-2262,1715,999,5556,-2095,-657,1178,0,-1227,-460,8,-1756
2022-11-15,218000,218500,216000,218000,47607,10378326000,0.0,10168,-10989,1561,-846,201,1182,2095,-152,-814,-785,45,-105
2022-11-16,218500,219500,214500,216000,45811,9895176000,-0.9174,18169,-11676,-6509,-1002,-4606,112,0,0,-1013,17,-1,0
2022-11-17,214500,218500,213000,214500,55247,11850481500,-0.6944,11699,-9465,-2678,-3102,141,174,-38,-115,262,33,411,0
2022-11-18,215000,217000,213000,213500,43470,9280845000,-0.4662,3390,1912,-5290,-1005,-782,-212,-1395,-109,-1787,-3,-9,0
2022-11-21,213500,214000,210500,211500,46022,9733653000,-0.9368,10571,-13091,2240,1037,-14,-213,39,0,2019,-70,350,-628
2022-11-22,211500,211500,208500,209000,55811,11664499000,-1.182,28352,-25483,-3037,-1560,159,-807,429,0,-1851,13,155,593
2022-11-23,210000,212000,209000,210000,65683,13793430000,0.4785,11562,-1487,-10227,-6212,-6942,-909,32,0,2805,-7,159,999
2022-11-24,210500,213000,208000,209000,67023,14007807000,-0.4762,39463,-23216,-13540,-13018,-1242,23,33,0,556,-3124,417,108
2022-11-25,209500,211500,209000,209500,38849,8138865500,0.2392,3656,2253,-6006,-4878,-1007,0,-352,467,-236,-4,101,0
2022-11-28,209500,209500,205000,206500,72253,14920244500,-1.432,32412,-21614,-11088,462,-4967,-848,-2937,-125,-2474,56,234,-199
2022-11-29,206000,210000,205500,209500,61771,12941024500,1.4528,8105,666,-9553,-5770,-7745,277,-1677,0,4443,702,80,919
2022-11-30,208500,211000,208000,210500,53051,11167235500,0.4773,-4502,8119,-3610,215,-109,-16,-138,224,-2966,-3,-4,-820
2022-12-01,212500,216000,211500,213000,87477,18632601000,1.1876,-13328,1459,11997,399,5368,243,2613,1053,2328,-109,-19,-7
2022-12-02,212500,216000,211000,213500,69373,14811135500,0.2347,-22561,-4615,27243,13984,9842,-611,7246,259,-3875,191,-258,398
2022-12-05,215500,226500,214500,224500,267583,60072383500,5.1522,-117291,34047,83421,14901,23834,20925,15557,1132,15462,366,-543,-8390
2022-12-06,223000,228500,221500,223000,100755,22468365000,-0.6682,-11658,-7366,18957,6293,11832,-266,4014,-150,-1022,63,4,-1744
2022-12-07,222500,232000,221000,230500,150235,34629167500,3.3632,-59598,40362,19407,2466,6713,-1585,12712,369,-1733,-98,-73,465
2022-12-08,230000,230500,223000,223000,83415,18601545000,-3.2538,10211,3109,-13507,-4666,-31,498,1676,281,-11461,148,39,196
2022-12-09,225500,229000,220000,228000,81630,18611640000,2.2422,-17258,-13149,30437,7621,15034,321,5390,187,1738,75,-105,146
2022-12-12,225000,227500,219500,220500,75683,16688101500,-3.2895,21962,-7322,-14014,-111,-3990,-8112,-101,172,-1931,-655,29,59
2022-12-13,223000,223000,217500,219500,52256,11470192000,-0.4535,5996,-7802,1747,-1117,1640,-3088,497,0,3739,34,25,76
2022-12-14,222000,222000,216500,218000,83189,18135202000,-0.6834,16271,1036,-17320,-8161,987,-11685,643,2109,-1213,13,0,0
2022-12-15,217500,219500,215000,216000,39680,8570880000,-0.9174,10665,-6058,-4520,-4398,853,-118,17,0,-874,-93,6,0
2022-12-16,212000,215000,211000,213000,70443,15004359000,-1.3889,14024,-20496,6228,222,-161,1592,1755,-1259,4073,45,199,6
2022-12-19,211500,214500,211000,212500,40912,8693800000,-0.2347,9781,-4675,-5107,-2902,-5071,259,272,0,2336,-30,31,-1
2022-12-20,211000,212500,208000,209000,80774,16881766000,-1.6471,24069,-25426,1096,-3110,54,158,1111,13,589,170,91,2281
2022-12-21,210000,211500,208000,210500,49733,10468796500,0.7177,-6050,6877,-1207,-8932,893,-108,1577,0,5348,456,-76,15
2022-12-22,210500,215000,210500,214500,39286,8426847000,1.9002,-8784,8062,245,-3944,5137,-142,10,-17,3281,452,25,-4080
2022-12-23,211500,215000,211000,213000,35411,7542543000,-0.6993,-2231,2868,-312,-2346,1259,26,147,0,852,-386,61,-250
2022-12-26,211500,213500,210000,211500,40193,8500819500,-0.7042,7701,2847,-10081,-2008,-4764,-2630,-709,0,30,-431,-36,0
2022-12-27,212500,219500,212500,217500,89016,19360980000,2.8369,-32517,14746,17511,-3163,10022,570,2903,130,9537,324,-64,-2488
2022-12-28,216000,232000,215500,229000,195244,44710876000,5.2874,-61924,30381,31142,28326,7989,-2203,4599,-1246,-6337,297,104,14
2022-12-29,225500,230500,220000,220000,98154,21593880000,-3.9301,10988,-5360,-5642,2187,5101,-3087,1337,-111,-11151,15,-1,82
2023-01-02,218500,219500,212000,217000,73332,15913044000,-1.3636,-40,-13964,14224,10799,6238,-4441,2237,167,-775,15,-235,-1
2023-01-03,217000,224500,214500,223000,83784,18683832000,2.765,-4063,-15734,19818,8956,11798,-166,524,0,-3088,-28,7,1794
2023-01-04,220000,222000,216500,216500,66776,14457004000,-2.9148,16168,-30109,14020,2733,9768,2233,-418,2,-298,7,-86,0
2023-01-05,218000,230000,217500,230000,133623,30733290000,6.2356,-59822,10687,49421,20313,18479,7115,3503,-8,19,-196,-90,0
2023-01-06,227000,232000,226500,226500,71721,16244806500,-1.5217,-2790,-6279,9447,3921,4169,-1232,3329,30,-770,-374,-4,0
2023-01-09,229000,237500,228500,237000,109981,26065497000,4.6358,-43666,24044,21269,-879,5623,1255,4900,0,10290,-568,-1079,80
2023-01-10,235000,239000,231000,234000,79919,18701046000,-1.2658,-3750,-951,5032,-3153,1718,-305,2030,62,4680,-329,-2,0
2023-01-11,237000,238500,233500,235500,53137,12513763500,0.641,-5413,-209,6288,-323,8765,1494,954,0,-4602,-206,-460,0
2023-01-12,237000,237000,230500,232500,73798,17158035000,-1.2739,1682,3767,-5476,2374,1410,1012,-738,-1450,-8078,39,-12,-6
2023-01-13,234500,241000,233500,234500,89634,21019173000,0.8602,-15256,11473,3682,13068,-109,-320,1485,0,-10442,100,1,0
2023-01-16,234000,238500,232500,237000,53427,12662199000,1.0661,-6306,8919,-2744,8151,-3008,-1010,1279,0,-8090,149,-18,-66
2023-01-17,236000,239000,232500,236500,73692,17428158000,-0.211,-9064,3000,6611,8933,-137,1471,-766,84,-2879,-547,0,-95
2023-01-18,234500,241000,233500,235500,68637,16164013500,-0.4228,-6199,-22899,29124,19407,4557,-3074,1365,0,6869,0,-26,0
2023-01-19,234500,238000,232500,236000,57865,13656140000,0.2123,3097,-16448,12643,1785,6691,-668,66,0,4769,-125,833,0
2023-01-20,235000,237500,234500,235000,45817,10766995000,-0.4237,-3339,-7763,11189,7954,6977,-196,982,0,-4528,-85,-2,0
2023-01-25,238500,240000,233000,234000,34379,8044686000,-0.4255,1134,-2182,1366,-852,913,2112,-752,0,-19,-309,-9,-36
2023-01-26,234000,235000,231000,233500,34040,7948340000,-0.2137,1368,1240,-2126,-3814,-2375,2917,-690,0,1836,-497,15,0
2023-01-27,232500,237500,231500,235500,41608,9798684000,0.8565,-6643,3326,3447,-45,144,6,-86,0,3595,-82,-48,-167
2023-01-30,234000,236000,232000,232000,42085,9763720000,-1.4862,5708,-2344,-3602,1512,-8191,-527,-20,-26,3748,131,107,-98
2023-01-31,231000,233500,229500,231500,72999,16899268500,-0.2155,-6040,4825,1220,97,1438,358,-1914,0,1241,25,-30,0
2023-02-01,231000,231500,227000,229000,61310,14039990000,-1.0799,11129,-3107,-8136,-8724,-5598,-746,346,0,6710,-119,233,-124
2023-02-02,230500,232500,226000,227000,58727,13331029000,-0.8734,17519,-4279,-13307,-6086,-7112,-6589,-391,0,6943,-31,98,-72
2023-02-03,226500,229500,226000,228500,41881,9569808500,0.6608,-1656,9032,-7476,-2207,-4820,-7568,175,30,6914,-4,104,0
2023-02-06,228000,230500,225000,227000,42854,9727858000,-0.6565,3697,11481,-15183,-11060,-783,-1261,-802,0,-1277,-1,6,0
2023-02-07,227000,228000,225000,225500,34632,7809516000,-0.6608,14206,-9020,-5265,-2843,-156,-181,-804,0,-1197,39,40,-84
2023-02-08,226500,227500,224000,227000,68314,15507278000,0.6652,7862,13194,-21928,-11625,-4232,-2342,-2347,10,-1392,190,682,0
2023-02-09,226500,226500,219500,219500,133515,29306542500,-3.304,74251,-41510,-32425,-1665,-2409,-4089,-3738,-84,-20248,-6,-310,-192
2023-02-10,220000,223500,217000,219000,77019,16867161000,-0.2278,32538,-22776,-9929,-24,-5735,429,-542,1050,-5058,132,35,-49
2023-02-13,219000,219000,211000,213000,162490,34610370000,-2.7397,74651,-52567,-22919,-14193,-13484,-582,-1072,790,5622,595,240,0
2023-02-14,214500,215000,210000,211000,129880,27404680000,-0.939,62614,-64922,-654,1748,-8947,2698,-478,0,4325,2638,324,0
2023-02-15,211500,212500,208000,209000,139034,29058106000,-0.9479,75971,-80249,3470,2171,557,2357,431,0,-2047,776,32,1
2023-02-16,210000,211000,208500,209500,135613,28410923500,0.2392,77382,-84887,5483,-934,-851,-1312,365,0,8215,1633,389,0
2023-02-17,208000,210500,206000,208500,120738,25173873000,-0.4773,33936,-40116,5927,1390,-901,-20,290,480,4688,261,-8,0
2023-02-20,210000,213500,208000,213000,89976,19164888000,2.1583,-15553,-6810,20672,4235,5178,1651,2045,0,7563,1515,176,0
2023-02-21,214000,215000,209000,209500,125463,26284498500,-1.6432,48474,-30633,-18417,-11000,-4783,2951,-2348,71,-3341,538,38,33
2023-02-22,207500,209500,207000,207500,79263,16447072500,-0.9547,33531,-26961,-6858,772,-2369,-731,164,216,-4709,276,12,-201
2023-02-23,208000,210000,207000,207500,74556,15470370000,0.0,36159,-21307,-15296,-2616,-10195,866,438,133,-3922,29,415,0
2023-02-24,207500,208500,206500,206500,77628,16030182000,-0.4819,31220,-37319,6964,950,721,3160,2578,200,-645,-798,-67,0
2023-02-27,206000,206500,201500,203000,107847,21892941000,-1.6949,41060,-35043,-6166,2229,-2384,-12,-1841,0,-4164,144,5,6
2023-02-28,204500,208000,203500,204000,100893,20582172000,0.4926,-4657,-19043,23592,2072,7369,2756,3255,0,8140,83,25,0
2023-03-02,206000,209500,205000,207500,79369,16469067500,1.7157,7856,-21086,11303,4703,1162,8121,2522,0,-5205,1274,653,0
2023-03-03,214000,220500,212500,218500,401137,87648434500,5.3012,-154640,18749,131650,17600,27967,46763,6023,482,32814,4954,-713,1
2023-03-06,220000,220500,214500,214500,114534,24567543000,-1.8307,-6328,-22367,19563,-941,6908,8499,3595,0,1501,9110,22,1
2023-03-07,214500,214500,211500,213000,59726,12721638000,-0.6993,4536,-8837,-714,550,3831,-2995,531,0,-2635,5025,-10,4
2023-03-08,210500,211000,207500,209500,104009,21789885500,-1.6432,10934,-11060,-8469,1686,1529,-6466,2910,0,-8202,8371,224,74
2023-03-09,210000,214500,207500,207500,140229,29097517500,-0.9547,6862,11524,-28308,4295,-37,-262,-263,0,-32041,9898,24,0
2023-03-10,206000,211000,206000,207500,64404,13363830000,0.0,-2275,-12819,7598,5785,1356,163,784,0,-490,7503,-7,0
2023-03-13,207000,210500,204500,209500,79295,16612302500,0.9639,-4176,-9357,3312,8476,2714,-4571,-171,0,-3136,10244,-23,0
2023-03-14,210000,210000,205000,205000,62467,12805735000,-2.148,5580,-21344,5728,729,3323,2343,409,-25,-1252,10007,29,201
2023-03-15,208000,212000,206500,207500,83161,17255907500,1.2195,-9261,-12020,9885,87,3389,4506,-1003,0,2833,11367,29,73
2023-03-16,206500,209000,206000,207500,65394,13569255000,0.0,-6570,-1805,-1264,444,-191,-2670,3989,219,-3087,9637,2,32
2023-03-17,209000,209500,205500,206500,85843,17726579500,-0.4819,25340,-27684,-7272,-981,-3218,-289,-1172,-358,-1209,9617,-1,-45
2023-03-20,208500,213500,208500,211000,96866,20438726000,2.1792,-30899,7641,13592,16017,-1584,-468,-5967,100,5494,9875,-209,0
2023-03-21,212000,212500,209500,211000,45537,9608307000,0.0,-13169,-4294,7660,5418,480,763,485,0,514,9830,-27,0
2023-03-22,212000,212500,209000,209500,55511,11629554500,-0.7109,5035,-8987,-5852,-635,-3017,-401,-1118,147,-850,9814,-10,22
2023-03-23,208000,213500,208000,210000,86313,18125730000,0.2387,-14034,2,4015,9241,689,-15854,215,133,9591,10003,14,0
2023-03-24,210500,211500,208500,210000,42826,8993460000,0.0,-9396,4097,-4304,-1057,-169,167,-441,-90,-2714,9707,-104,0
2023-03-27,209000,210500,206500,209000,56468,11801812000,-0.4762,9071,-4396,-14856,-968,-772,-10843,159,0,-2431,10115,66,-1
2023-03-28,209500,211000,208000,210000,46451,9754710000,0.4785,-7720,3047,-3037,-5792,2404,-1097,1915,-270,-198,7877,-167,1
2023-03-29,210000,214000,210000,211500,64891,13724446500,0.7143,-22219,1723,11973,4281,2836,72,1001,366,3323,8608,-85,94
2023-03-30,212000,217000,210500,215000,82225,17678375000,1.6548,-32674,4027,19163,5629,9173,2095,4066,0,-1800,9407,77,0
2023-03-31,216500,217500,214000,215500,51285,11051917500,0.2326,-10608,-8594,8715,2279,1788,5292,427,240,-1311,10402,85,0
2023-04-03,216000,218000,213500,214000,35317,7557838000,-0.6961,17,-1913,-3233,2043,146,-3239,153,0,-2336,5121,8,0
2023-04-04,215000,215500,211500,213000,37473,7981749000,-0.4673,-3028,-1357,-674,2196,-2487,-1175,524,0,268,5041,18,0
2023-04-05,213000,214500,210000,210500,54373,11445516500,-1.1737,19015,-22078,-2033,-466,-1424,-628,291,0,194,5049,47,0
2023-04-06,210500,212500,209500,210000,51050,10720500000,-0.2375,-474,-11816,7189,9517,262,591,-708,0,-2473,5055,46,0
2023-04-07,210000,210500,208500,209000,77783,16256647000,-0.4762,29264,-19383,-15552,10686,-14954,-10028,779,266,-2728,5063,608,427
2023-04-10,210500,210500,208000,208000,39117,8136336000,-0.4785,2226,-9808,2943,1441,356,73,2411,-2628,1113,4801,-162,177
2023-04-11,208000,213000,207500,211500,54477,11521885500,1.6827,-26916,9238,13075,3101,3714,948,802,275,4298,4715,-112,-63
2023-04-12,211500,213500,211500,212000,35282,7479784000,0.2364,-4873,-1919,2032,1176,1409,-301,1027,77,-1262,4847,-87,-94
2023-04-13,210500,211500,208000,208000,79421,16519568000,-1.8868,44863,-31062,-19248,-4028,-1435,-1830,-1883,-209,-9863,5431,16,0
2023-04-14,210000,215000,209000,212000,109357,23183684000,1.9231,-50214,15270,30022,8487,7044,5168,5723,297,3855,5023,-101,-552
2023-04-17,212500,214500,210000,210500,36421,7666620500,-0.7075,7841,-15363,2636,5812,469,864,-696,-155,-3727,4885,1,69
2023-04-18,210000,217000,209000,215000,98440,21164600000,2.1378,-27577,1865,21699,3864,1144,619,10087,-852,6495,4059,-46,342
2023-04-19,215500,219000,214500,216000,92522,19984752000,0.4651,-31381,-10312,37474,21643,8687,1,1045,1286,4093,4242,-23,719
2023-04-20,215000,217500,213500,213500,67400,14389900000,-1.1574,-4793,-9306,9115,16877,355,-504,948,40,-8601,4985,-1,0
2023-04-21,212500,213000,205000,205500,162058,33302919000,-3.7471,90326,-66240,-28109,-674,-6306,-11246,-2545,93,-7431,3706,317,0
2023-04-24,205500,206000,203000,203000,68012,13806436000,-1.2165,31806,-32079,-5701,194,-5746,-64,-1962,-475,1851,5785,189,501
2023-04-25,203000,205500,202000,203000,62830,12754490000,0.0,16873,-17429,-4535,-4011,-2367,-397,204,77,1864,5121,-30,95
2023-04-26,203500,205500,202000,204000,47753,9741612000,0.4926,647,-16483,10726,9966,-1247,165,573,0,1173,5232,-122,96
2023-04-27,204500,205500,202500,204500,41667,8520901500,0.2451,7061,-16715,4704,8089,584,109,159,77,-4312,4924,26,-2
2023-04-28,203500,207500,202500,206000,77682,16002492000,0.7335,-15151,8443,1551,-3310,1600,752,2506,40,-114,5198,-41,77
2023-05-02,206500,214500,206500,213000,130800,27860400000,3.3981,-82199,51497,26815,6300,7172,3472,631,110,9130,3978,-91,0
2023-05-03,211000,214000,209000,209000,40980,8564820000,-1.8779,3318,2938,-11823,-1371,-600,-578,-1842,-540,-7367,5568,-1,475
2023-05-04,209000,209000,206000,208000,34386,7152288000,-0.4785,2578,-6777,-1297,100,504,-277,2886,0,-4511,5486,10,1
2023-05-08,207500,210500,207500,209500,33774,7075653000,0.7212,655,-5566,19,-2877,-2720,3208,-614,0,3008,4918,-26,14
2023-05-09,209000,211000,208000,209000,27646,5778014000,-0.2387,-2754,-2817,640,-1402,-907,1913,962,23,51,4931,0,0
2023-05-10,208500,213500,208500,210000,48944,10278240000,0.4785,-16446,-1413,13027,-3013,-329,13118,868,0,2384,4883,-51,-1
2023-05-11,211500,212500,208000,208000,62844,13071552000,-0.9524,26328,-19991,-11811,-7542,3200,419,-958,0,-6930,5246,228,0
2023-05-12,207500,208000,204000,205000,68504,14043320000,-1.4423,40480,-15047,-29486,-10347,-8584,-8940,-44,0,-1571,5175,-1122,0
2023-05-15,205000,206000,202500,205500,47863,9835846500,0.2439,16676,-12000,-10157,-5496,-564,-5786,1977,0,-288,4643,838,0
2023-05-16,204500,206000,203500,204000,30888,6301152000,-0.7299,6859,-9693,-2057,-468,684,-245,126,0,-2158,4962,-71,4
2023-05-17,203500,206500,203000,205500,38941,8002375500,0.7353,-4145,290,-1931,-6066,264,3092,68,0,529,5702,84,182
2023-05-18,206000,208000,206000,207500,33998,7054585000,0.9732,-10377,11485,-5636,-3026,-1223,-1328,-146,0,88,4628,-100,-1
2023-05-19,206500,210000,206500,209500,52065,10907617500,0.9639,-22824,14238,3146,1797,-757,-700,-62,0,2868,5485,-45,0
2023-05-22,209500,211500,208500,210000,54467,11438070000,0.2387,-34807,20430,8305,3755,455,3294,-1826,0,2627,6112,-40,0
2023-05-23,211000,211000,208500,210000,42713,8969730000,0.0,-3097,-7595,4797,-4418,-629,6753,1890,-65,1266,5895,0,0
2023-05-24,208500,209500,205500,206000,59571,12271626000,-1.9048,31910,-22402,-15540,-7787,-678,155,-637,-80,-6514,6027,5,1
2023-05-25,205500,206000,204000,204500,57922,11845049000,-0.7282,33073,-12389,-26766,-21713,-3794,2402,422,0,-4083,6061,21,0
2023-05-26,204500,206000,203500,205500,37094,7622817000,0.489,5902,-9832,-2008,1111,-74,-786,-1053,-230,-976,5981,-43,0
2023-05-30,205500,206500,203500,203500,66588,13550658000,-0.9732,19687,-25228,-589,884,-1719,1542,-3284,-40,2028,6074,56,0
2023-05-31,203500,203500,197700,197700,239977,47443452900,-2.8501,124613,-93303,-39816,-9777,-2531,-2427,-8862,2000,-18038,7759,747,-181
2023-06-01,198100,199200,195900,196100,89214,17494865400,-0.8093,36257,-29903,-6908,-8356,-5799,4965,-2376,-180,5035,239,315,-197
2023-06-02,196500,196800,193100,195700,65835,12883909500,-0.204,18143,-9874,-8951,-11175,-2751,1765,-304,0,3536,240,442,-22
2023-06-05,196500,197800,195700,197800,48700,9632860000,1.0731,4283,-952,-2893,-394,-2024,-2060,-2849,0,4434,-469,31,0
2023-06-07,198000,198600,196400,196500,52147,10246885500,-0.6572,19107,-13201,-5777,-5230,-356,-57,-1855,300,1421,-136,7,0
2023-06-08,197000,197100,193200,194900,96314,18771598600,-0.8142,26324,-26761,-610,-504,-4067,132,-2566,0,6399,961,86,-4
2023-06-09,195100,196400,193100,195200,84503,16494985600,0.1539,18188,-7473,-10845,-4854,-6698,-117,-1284,-800,3203,123,7,-295
2023-06-12,195500,196300,192400,192700,75729,14592978300,-1.2807,27468,5357,-32950,-16845,-5529,-24,-5618,-641,-3819,1,124,-474
2023-06-13,192900,193500,190100,190200,90129,17142535800,-1.2974,39404,-19607,-19823,-5477,-6306,339,-9244,-262,1127,-26,52,0
2023-06-14,190300,190300,186800,188000,96836,18205168000,-1.1567,23722,-6320,-16895,-18484,-397,-2061,524,-333,4159,-483,-24,-303
2023-06-15,187600,188800,183900,184300,98893,18225979900,-1.9681,30217,-11695,-18723,-16092,-1251,-1558,690,-242,-270,178,23,0
2023-06-16,184900,186200,184000,184400,77793,14345029200,0.0543,6109,2525,-9108,-12068,1777,623,333,-223,193,439,35,257
2023-06-19,184400,186200,184400,185300,52582,9743444600,0.4881,6003,-14911,7359,4279,383,2219,-269,0,747,1353,196,0
2023-06-20,185800,190700,185600,187600,79500,14914200000,1.2412,443,-13656,12644,2828,5854,1034,5216,0,-2287,317,252,-1
2023-06-21,187500,187500,184000,184500,67468,12447846000,-1.6525,19342,-6973,-12835,-6828,-818,-171,-2821,0,-2198,293,173,1
2023-06-22,184500,185900,183200,185100,35200,6515520000,0.3252,58,-11717,11527,11697,-198,418,-8,0,-382,124,8,0
2023-06-23,185100,185100,178100,178400,121488,21673459200,-3.6197,60705,-39343,-21270,1186,-5517,1415,-1433,-2650,-13749,103,-195,-522
2023-06-26,178700,180100,175900,179800,34102,6131539600,0.7848,-6378,8989,-2142,1110,-524,-220,-543,0,-2037,-487,18,72
2023-06-27,179400,180300,177100,178300,45510,8114433000,-0.8343,11148,-4797,-6420,-2435,-1516,-1191,199,0,-1529,59,10,52
2023-06-28,178300,178900,176600,178300,66598,11874423400,0.0,4104,6471,-10056,5024,-14908,-2704,-2594,0,4966,-651,132,160
2023-06-29,177300,178500,176600,176900,55548,9826441200,-0.7852,3504,3399,-7011,999,-2462,242,-543,0,-5247,127,-19,0
2023-06-30,175900,178800,172700,178100,91543,16303808300,0.6783,9968,3847,-13931,-9828,-10815,3456,625,0,2518,-26,142,113
2023-07-03,178100,179500,177200,179200,42714,7654348800,0.6176,552,-4185,3499,688,-2161,-212,-735,173,5590,82,52,156
2023-07-04,179200,180100,176700,177200,52725,9342870000,-1.1161,11308,981,-12686,-5663,-3544,751,-2942,0,-1239,342,55,-49
2023-07-05,177400,180000,176900,177600,50433,8956900800,0.2257,4792,-442,-4295,-600,1824,-670,-2429,0,-2531,-61,6,111
2023-07-06,177700,181700,175000,180900,93981,17001162900,1.8581,-2890,-16842,18556,12901,8896,149,1014,-1,-4810,1209,-33,407
2023-07-07,179300,181500,179000,181000,56536,10233016000,0.0553,5546,-16512,9007,11695,2493,-1048,-454,130,-3599,1969,-10,-210
2023-07-10,181600,187300,180200,185600,87790,16293824000,2.5414,-24330,8091,14599,7113,-1088,449,4514,0,3611,1544,96,0
2023-07-11,186700,189100,185500,189000,60549,11443761000,1.8319,-26734,6134,19913,10703,2801,85,525,0,5799,936,-249,0
2023-07-12,189500,194800,189200,194200,116337,22592645400,2.7513,-62505,23395,34670,15419,2057,6284,2039,133,8739,4560,-120,-1
2023-07-13,194900,195500,191600,192300,72191,13882329300,-0.9784,-7072,6013,1339,-2268,-516,-2554,-73,0,6750,-233,-47,0
2023-07-14,193900,194000,190500,192700,41600,8016320000,0.208,-3646,4406,-658,-5122,-966,-62,-384,0,5875,-212,110,1
2023-07-17,190900,192400,188700,191000,45712,8730992000,-0.8822,1428,6600,-7480,-4225,283,-3311,-827,0,600,-534,-14,0
2023-07-18,191500,193500,189600,190300,37564,7148429200,-0.3665,-5508,9347,-3851,-4120,1005,-128,-227,0,-446,9,3,65
2023-07-19,189600,192000,189600,190000,42352,8046880000,-0.1576,-7689,6345,2842,7879,1421,-1490,-231,0,-4737,-1554,56,0
2023-07-20,188900,191600,188200,190600,40782,7773049200,0.3158,-4046,15319,-11655,-8790,-2265,-10,-54,0,-535,414,-32,-1
2023-07-21,189400,191300,188500,191000,29031,5544921000,0.2099,-5484,7315,-1598,-726,-608,1176,144,0,-1584,-215,-18,0
2023-07-24,191000,191000,188000,190100,36459,6930855900,-0.4712,-5664,12181,-6768,-388,-2786,-1495,76,0,-2176,256,-5,1
2023-07-25,190100,190100,185800,187600,59968,11249996800,-1.3151,-604,17073,-16532,-3033,-2971,-9560,-207,0,-745,34,29,-16
2023-07-26,186100,186500,178500,182100,89074,16220375400,-2.9318,13834,598,-14681,-484,-3857,-9960,443,0,-823,200,49,0
2023-07-27,181900,192200,181500,191800,96496,18507932800,5.3267,-45882,43550,2400,-4506,1079,1333,2217,0,2277,-146,78,0
2023-07-28,190000,191000,187200,189600,32184,6102086400,-1.147,4156,1271,-5753,-54,230,3,546,0,-6478,320,6,0
2023-07-31,189900,192400,189900,191200,50436,9643363200,0.8439,-13996,11591,2429,55,-1594,4391,-111,-100,-212,12,-36,0
2023-08-01,192500,196500,191500,195700,72400,14168680000,2.3536,-37078,20508,16559,-27,3936,5734,3218,0,3699,-5,16,-1
2023-08-02,195400,198900,193500,196900,64166,12634285400,0.6132,-20492,5023,13570,4207,4869,5325,2508,193,-3532,1984,-85,0
2023-08-03,197100,197500,193900,194300,37875,7359112500,-1.3205,3501,2459,-5647,1731,1017,-5672,-129,-1,-2593,-300,-13,0
2023-08-04,194400,200000,193600,199300,70792,14108845600,2.5733,-40675,21332,19873,6205,7414,2201,1193,0,2769,-215,-315,91
2023-08-07,198100,201000,198100,198400,38007,7540588800,-0.4516,-9129,-827,10098,-201,5726,6468,-695,0,-1201,-134,-8,1
2023-08-08,198300,199900,197600,198000,37666,7457868000,-0.2016,-15347,2545,12348,5381,1664,6997,-15,0,-1678,475,-21,-1
2023-08-09,197600,198500,191500,193000,88127,17008511000,-2.5253,4302,-7662,2614,133,2853,-1784,1375,0,37,745,1,0
2023-08-10,205000,211500,202500,211000,459244,96900484000,9.3264,-161066,32882,129343,25453,55404,6595,24478,159,16651,-895,-264,603
2023-08-11,213000,217000,205500,206000,141823,29215538000,-2.3697,4926,-10574,5626,1248,11655,-12402,1867,196,2990,-80,102,72
2023-08-14,207500,216000,206500,214000,178065,38105910000,3.8835,-21897,-24739,45582,7078,11280,13708,4332,-1,9185,1118,-64,0
2023-08-16,213000,213000,202000,209500,126725,26548887500,-2.1028,1617,-31396,31003,14524,9626,12642,4285,14,-10115,-1124,-100,27
2023-08-17,206000,206500,201500,203500,69800,14204300000,-2.864,6390,-7296,365,-477,343,187,58,0,-198,440,101,452
2023-08-18,201500,205500,201000,201500,65852,13269178000,-0.9828,-40,-10868,10828,14139,-245,560,-1283,0,-2343,59,21,0
2023-08-21,200500,202000,197000,197200,70562,13914826400,-2.134,14682,-14101,-196,2253,-1486,-1311,-369,77,627,31,-416,13
2023-08-22,197500,199200,196300,197300,35863,7075769900,0.0507,-3081,-5982,9011,5255,479,4148,-1478,0,585,56,-4,22
2023-08-23,196500,199400,196000,198300,27605,5474071500,0.5068,-4047,-5721,9815,2980,5065,304,310,0,1156,-50,3,0
2023-08-24,198000,200500,197700,198100,28871,5719345100,-0.1009,759,-6023,5277,2239,1388,8,1128,0,514,-22,9,0
2023-08-25,197200,204500,196800,203000,43489,8828267000,2.4735,-8899,1109,7986,3861,2716,2078,1198,0,-1867,-198,2,0
2023-08-28,208500,214000,204500,205000,69934,14336470000,0.9852,810,-9375,5535,1146,2591,-2790,945,0,3644,3000,30,-1
2023-08-29,207000,207000,201500,203500,47277,9620869500,-0.7317,5437,-11183,5888,2823,3594,-2302,90,0,1682,-123,-19,1
2023-08-30,207000,207500,202500,202500,64772,13116330000,-0.4914,-2753,-130,3659,6970,1506,-8295,1540,0,1938,-872,96,0
2023-08-31,202500,205000,200000,203000,51437,10441711000,0.2469,-2297,-9127,13785,7864,219,2009,-247,0,3940,-2356,-5,0
2023-09-01,202000,207000,202000,204500,66107,13518881500,0.7389,-13089,1853,11264,2952,-183,484,2660,397,4929,-15,-13,25
2023-09-04,203000,210000,201500,208000,65770,13680160000,1.7115,-20507,5664,14897,-3072,11347,11579,420,262,-5478,-55,1,-161
2023-09-05,208500,213000,208000,210000,74492,15643320000,0.9615,-6444,-6256,12520,4184,3040,3514,6532,75,-4997,167,13,172
2023-09-06,208000,212000,207500,209000,43848,9164232000,-0.4762,-5788,48,7392,7783,161,-1370,-672,0,1037,-1663,11,453
2023-09-07,208000,210000,207000,208000,32821,6826768000,-0.4785,-2048,-3503,5673,3199,-1156,1700,2402,0,-772,-60,-62,300
2023-09-08,209000,212000,207000,211000,43592,9197912000,1.4423,-16260,5226,11528,2186,4073,1134,851,0,2986,-309,-185,298
2023-09-11,211500,216000,210000,215000,52410,11268150000,1.8957,-23034,8830,14634,5384,3761,2405,1746,185,1153,-206,-224,0
2023-09-12,215000,216000,210500,211000,39904,8419744000,-1.8605,-1367,-4699,5763,3850,3873,1401,189,0,-3550,302,1,0
2023-09-13,210500,213000,208000,208500,36396,7588566000,-1.1848,47,841,-621,-337,792,-993,-634,0,551,-281,14,0
2023-09-14,209000,213000,208500,209000,37674,7873866000,0.2398,-3759,-3226,6990,4626,2891,1126,-758,150,-1045,-24,19,0
2023-09-15,211500,213500,209000,212000,49873,10573076000,1.4354,-4451,-5340,9705,-3108,4679,-598,1605,364,6832,92,-6,-69
2023-09-18,210000,214500,208500,212500,29349,6236662500,0.2358,-10788,4396,6389,795,2569,-512,-344,0,3925,3,0,-44
2023-09-19,211000,212500,207500,208500,27185,5668072500,-1.8824,6485,-2694,-3654,1176,-2611,-1918,-5,0,-296,-139,2,0
2023-09-20,207500,209500,205000,207500,30476,6323770000,-0.4796,-2463,-767,3221,8629,-3532,-99,317,0,-2094,7,2,0
2023-09-21,206000,209500,204500,204500,36981,7562614500,-1.4458,169,1633,-1845,-2787,3364,-767,2521,0,-3877,71,-28,-299
2023-09-22,203000,204000,201000,203000,38872,7891016000,-0.7335,-1093,1337,-308,-4991,-1379,3646,926,0,1475,95,-31,15
2023-09-25,203000,204000,200000,202500,67711,13711477500,-0.2463,5019,8409,-13435,-4950,-5743,-7797,1808,0,3247,6,1,0
2023-09-26,201000,201500,189000,189700,124089,23539683300,-6.321,63902,-39376,-24601,-9769,204,1697,-5952,0,-10781,97,-22,0
2023-09-27,189300,191300,188300,190100,26591,5054949100,0.2109,339,54,-704,682,5,3,366,496,-2269,286,25,13
2023-10-04,188000,190000,183300,185000,68721,12713385000,-2.6828,-11889,14557,-3453,-2367,1287,348,1394,-180,-3613,761,24,-322
2023-10-05,185200,186700,182400,183100,34817,6374992700,-1.027,7673,-5609,-2422,1627,-1030,-1665,-1971,0,572,373,-15,45
2023-10-06,183300,186000,180400,181600,38710,7029736000,-0.8192,15313,-5219,-10168,-2834,-3159,-5452,-1071,0,2348,63,11,0
2023-10-10,182200,184200,177100,177800,64999,11556822200,-2.0925,16406,-6328,-10257,-5858,744,-5180,-664,0,1131,171,8,-430
2023-10-11,178000,180700,177000,178400,50726,9049518400,0.3375,3631,2778,-6423,-7500,458,-8380,1048,0,7952,18,-4,-1
2023-10-12,179500,180500,177900,178800,29325,5243310000,0.2242,4365,-1885,-2804,-40,-334,-670,457,0,-2217,234,90,0
2023-10-13,178000,179600,177900,178900,25738,4604528200,0.0559,4221,5319,-9873,-4832,-5989,-32,-917,0,1847,328,5,50
2023-10-16,178200,178300,175300,177900,42228,7512361200,-0.559,13684,-5791,-7955,392,-2196,-2495,-3212,0,-274,12,50,-170
2023-10-17,178000,180600,177000,179300,35227,6316201100,0.787,5211,-2095,-3079,-939,-3334,-651,-856,-496,3989,-38,1,-792
2023-10-18,179300,180000,178000,178400,32474,5793361600,-0.502,6891,-1296,-5621,-106,-1767,-3340,-751,0,343,10,16,0
2023-10-19,178300,178300,173300,173400,50575,8769705000,-2.8027,18654,-10801,-7686,-723,-809,-3572,-607,-60,-1879,-230,63,-36
2023-10-20,172000,172800,169700,171100,44350,7588285000,-1.3264,-3931,3479,259,1536,-1151,48,293,0,-467,182,11,0
2023-10-23,171100,172500,169500,171000,24011,4105881000,-0.0584,871,-1401,585,-1338,224,83,-81,0,1697,-47,-8,0
2023-10-24,172400,173100,167000,172000,44747,7696484000,0.5848,9653,-926,-8781,-2849,1134,-3461,2536,-440,-5701,78,-24,0
2023-10-25,172000,177000,171500,175800,41191,7241377800,2.2093,-11440,11382,-60,-2384,1981,-2290,1372,0,1262,26,92,-1
2023-10-26,175200,175200,169700,171200,43031,7366907200,-2.6166,9512,1862,-11431,-5674,-2839,-4332,609,0,804,37,20,1
2023-10-27,172800,173200,170500,171700,28699,4927618300,0.2921,-2443,5933,-3502,-518,460,-2503,93,0,-983,10,2,-51
2023-10-30,169100,169500,160500,166500,94417,15720430500,-3.0285,14628,2690,-17951,-4270,-11351,-3769,-2376,-4005,7881,614,19,-61
2023-10-31,168900,171700,168000,168800,46636,7872156800,1.3814,-3474,15057,-11466,-6303,1018,-4198,-51,-277,-1815,-87,-30,160
2023-11-01,168900,171100,168200,170400,32971,5618258400,0.9479,271,7139,-7431,-6130,-519,-115,-1150,-232,812,3,18,-97
2023-11-02,170400,171400,163700,164800,94234,15529763200,-3.2864,52511,-23276,-30602,-15259,-13522,-3931,-884,-300,3353,1342,25,-59
2023-11-03,165800,168400,164800,167800,67745,11367611000,1.8204,-7760,24918,-17320,-15818,-8422,-1589,-929,0,9638,13,149,-200
2023-11-06,171500,173200,169300,173200,83535,14468262000,3.2181,2362,6595,-9950,-9003,-6363,-3015,-541,0,8859,-84,1077,113
2023-11-07,172800,175900,171500,173200,57142,9896994400,0.0,-2882,-3192,6690,1085,3765,884,1384,196,-657,-446,-170,33
2023-11-08,174400,175800,172000,173700,64099,11133996300,0.2887,3540,1945,-5758,-4824,-3072,4961,416,21,-3259,1275,-1002,-1
2023-11-09,173700,175000,171100,172300,49923,8601732900,-0.806,4402,10886,-15295,3130,-740,-46,1314,0,-18953,17,-10,0
2023-11-10,170700,172700,169500,170700,25032,4272962400,-0.9286,7310,-5335,-1731,-1155,58,-542,583,0,-676,-259,15,1
2023-11-13,171900,171900,168500,169600,29744,5044582400,-0.6444,10129,-2332,-7768,-1236,-6079,-460,-824,0,831,-31,2,0
2023-11-14,170200,172100,168000,171700,24228,4159947600,1.2382,-7311,4329,2945,1198,-1614,-233,-45,0,3640,8,29,-1
2023-11-15,174400,175200,172400,173900,38032,6613764800,1.2813,-3422,3929,-997,-10303,245,271,-2738,0,11527,36,454,1
2023-11-16,173900,175000,173700,173900,18109,3149155100,0.0,2914,4254,-7162,-3124,-2814,311,89,0,-1624,4,-10,0
2023-11-17,174000,174400,170700,172500,25825,4454812500,-0.8051,9069,-33,-9067,-2815,-1437,1817,-2419,-10,-4203,12,19,0
2023-11-20,172500,173600,171600,173300,36604,6343473200,0.4638,5893,5575,-11551,-12761,288,-1364,-295,0,2767,37,46,-186
2023-11-21,173400,174700,172300,174400,26244,4576953600,0.6347,-4877,12226,-7057,-4282,-4379,-27,-10,0,1641,-310,18,0
2023-11-22,173500,174500,172500,173900,18082,3144459800,-0.2867,4481,2316,-6802,-3702,-379,-12,-464,0,-2245,20,-15,0
2023-11-23,173800,174300,172600,173700,22549,3916761300,-0.115,6853,494,-7295,-4318,-771,-714,-947,0,-545,-53,1,0
2023-11-24,174000,174000,171500,172400,39267,6769630800,-0.7484,25710,651,-26555,-4776,-18716,-2233,-1148,-90,423,-2,196,-15
2023-11-27,172400,173400,170500,171900,32048,5509051200,-0.29,8209,8561,-16295,-4965,-13934,-149,-376,0,3129,19,-494,0
2023-11-28,172000,172800,171100,171300,27641,4734903300,-0.349,6463,-201,-6310,-4173,-3506,86,170,0,1112,19,29,1
2023-11-29,171400,171500,168800,169600,43973,7457820800,-0.9924,12137,-2921,-9387,-2827,-1616,-245,-1551,-5,-3083,157,14,-60
2023-11-30,169600,171000,169200,170100,30596,5204379600,0.2948,193,4674,-5533,-3083,-1676,-1506,-587,-146,1692,-180,846,-227
2023-12-01,169800,171900,169400,170300,27609,4701812700,0.1176,-2428,4403,-2569,-1880,-667,-56,85,-10,71,-106,700,-112
2023-12-04,170400,174200,169600,173100,42938,7432567800,1.6442,-19208,15982,2814,704,1148,37,124,0,1113,433,-21,-312
2023-12-05,173100,174600,171100,173100,28322,4902538200,0.0,-5268,8421,-2499,-361,728,21,244,0,-2775,-671,17,-356
2023-12-06,174500,175500,173600,175500,28130,4936815000,1.3865,-12468,10935,1280,62,-468,33,1603,0,50,259,-6,0
2023-12-07,175600,175900,172500,172800,28636,4948300800,-1.5385,8008,-679,-7567,-2164,-1634,102,840,0,-4711,254,-16,0
2023-12-08,173500,174000,171900,172300,28097,4841113100,-0.2894,6497,4183,-10666,-10431,208,-298,-1825,0,1680,53,-67,0
2023-12-11,172300,173300,170900,172900,20472,3539608800,0.3482,-3375,2044,1241,-1418,345,88,976,0,1250,221,-131,0
2023-12-12,173400,174000,172500,172800,22587,3903033600,-0.0578,-3700,2544,737,-780,-3235,-617,1271,0,4098,411,8,0
2023-12-13,173100,173600,171400,172800,25600,4423680000,0.0,-101,5795,-5794,-1875,-1001,-178,-82,0,-2658,107,-7,0
2023-12-14,173900,174800,172900,173800,56616,9839860800,0.5787,-8922,16554,-8551,-2004,-3505,1568,1298,42,-5855,95,824,-95
2023-12-15,173900,175600,173400,175600,44480,7810688000,1.0357,-9028,17300,-9629,-6073,-6239,203,-543,0,2961,7,1350,62
2023-12-18,175200,175300,172800,174000,35639,6201186000,-0.9112,16201,987,-16573,-7095,-3582,-564,-4305,0,-1010,-624,9,-17
2023-12-19,173200,175000,173100,175000,27784,4862200000,0.5747,2604,-120,-2378,3652,-2288,-1070,-1436,0,-1236,-52,-54,0
2023-12-20,175400,178500,174500,178500,44504,7943964000,2.0,-14217,10777,3813,1545,-1357,59,-1070,0,4636,-242,-131,0
2023-12-21,177500,178300,175400,176800,30405,5375604000,-0.9524,13830,0,-13788,-2448,-1222,-3219,-6561,0,-337,10,-52,-1
2023-12-22,177100,177400,175500,176700,19901,3516506700,-0.0566,2583,-254,-2253,-1568,-1268,-726,-387,0,1707,4,-80,-11
2023-12-26,176800,178700,176400,178000,48917,8707226000,0.7357,-22033,13634,8405,-1519,-1848,-2621,3114,0,11381,-176,170,-102
2023-12-27,176500,176900,172800,173700,68074,11824453800,-2.4157,34190,-5465,-30019,-1992,-10696,-2897,-6714,0,-7572,270,1024,-148
2023-12-28,174200,175600,173100,175200,31830,5576616000,0.8636,-4216,8749,-4174,1643,-3996,18,-5779,40,3871,-350,-9,29
2024-01-02,175200,175600,173800,174100,24182,4210086200,-0.6279,6436,4463,-10930,-648,-5199,-2020,-4238,0,1185,21,10,-10
2024-01-03,173700,174100,171400,172000,36636,6301392000,-1.2062,18838,-3262,-15661,-2486,-3270,-519,-1242,0,-8144,88,-3,0
2024-01-04,171100,172000,168100,168100,57053,9590609300,-2.2674,37507,-7805,-24310,-4154,-14921,-302,-827,0,-3947,-897,-4495,-159
2024-01-05,168300,169200,166100,166300,47056,7825412800,-1.0708,16368,-3930,-12699,-4457,-3055,-328,-3383,0,-1476,316,-55,0
2024-01-08,167000,167000,164300,164800,45687,7529217600,-0.902,21121,-1340,-19115,-5010,-3174,-7156,-851,0,-2924,-776,110,0
2024-01-09,165600,166400,165000,165600,31058,5143204800,0.4854,4709,13505,-18164,-11859,-4186,-435,-2641,0,1048,-30,-20,-91
2024-01-10,165600,165700,162800,163000,46955,7653665000,-1.57,24289,264,-24784,-20646,-533,0,-3134,-302,-153,184,47,-16
2024-01-11,163500,164400,162800,163200,38644,6306700800,0.1227,8049,8700,-16999,-15176,2091,1065,-3847,0,-1100,422,-172,-32
2024-01-12,163300,165500,161700,165300,36670,6061551000,1.2868,-7525,7592,49,-4934,160,5839,131,0,-1167,81,-197,20
2024-01-15,165500,165500,162600,162600,25081,4078170600,-1.6334,13757,-2237,-11748,-8109,-3510,-12,-1039,0,922,227,1,0
2024-01-16,162000,163000,161000,161200,24219,3904102800,-0.861,14067,-2736,-11700,-7160,-389,-810,-248,0,-3093,345,24,0
2024-01-17,161200,161600,157700,157800,51353,8103503400,-2.1092,15691,-5536,-10977,-6079,-3069,-25,-1431,0,-107,814,8,-266
2024-01-18,157000,158200,155300,156200,45070,7039934000,-1.0139,22110,-3146,-19206,-11433,-5656,-26,-650,-4,-1437,362,-120,0
2024-01-19,155600,157600,155300,156200,25303,3952328600,0.0,5601,5479,-11328,-8167,-2005,-17,-120,-43,-976,234,14,0
2024-01-22,156300,159100,155500,158200,23370,3697134000,1.2804,-3117,6194,-3128,-5431,873,989,-621,0,1062,108,-57,0
2024-01-23,158200,159300,157200,158700,22196,3522505200,0.3161,1917,5543,-7472,-8078,-1083,-89,-1496,-95,3385,10,2,-16
2024-01-24,158800,159000,157300,157700,16007,2524303900,-0.6301,3402,1902,-6579,-4945,-1148,7,40,0,-295,1276,-1,-238
2024-01-25,158000,158500,156400,158200,30625,4844875000,0.3171,2540,1678,-4212,-3609,-3971,-44,-364,-97,3991,-24,18,-118
2024-01-26,158000,162200,157000,162100,30277,4907901700,2.4652,-11602,7888,3374,-4120,4666,1869,745,0,214,342,-2,0
2024-01-29,162100,171000,160000,170700,97220,16595454000,5.3054,-52823,36319,16441,-2722,7199,9369,-302,0,2897,116,-53,0
2024-01-30,170200,171800,168200,170600,50504,8615982400,-0.0586,-6755,-133,6718,-1862,4996,-534,1313,0,2805,-106,276,0
2024-01-31,169100,172400,167500,172400,41753,7198217200,1.0551,-13739,15853,-1631,-4560,890,640,564,-44,934,-393,-90,-55
2024-02-01,170900,179200,170900,178600,140228,25044720800,3.5963,-59722,37047,18861,9471,4789,3892,1656,85,-1031,-1051,4865,-1
2024-02-02,178100,181800,175900,179900,87655,15769134500,0.7279,-21475,12348,7266,4913,-69,-1228,1288,0,1929,538,1323,433
2024-02-05,180200,182700,178100,182000,58500,10647000000,1.1673,-17309,13845,2597,4858,-421,2008,70,0,-3919,-1016,1883,1
2024-02-06,181500,182700,177400,177800,38539,6852234200,-2.3077,-9735,6377,3216,5508,640,-2562,-190,0,-180,77,65,0
2024-02-07,177900,187300,177900,185400,93727,17376985800,4.2745,-31952,20042,12134,-3582,4429,807,2014,241,8225,-502,278,0
2024-02-08,186900,189500,184900,186900,99820,18656358000,0.8091,-39823,23336,18088,13063,2285,3401,5956,0,-6616,-1562,-39,-1
2024-02-13,187000,189700,183100,186800,65360,12209248000,-0.0535,-9211,60,10096,3196,1982,-909,3783,0,2045,-163,-782,-1
2024-02-14,183100,187900,183100,184600,36212,6684735200,-1.1777,-6168,2704,3975,6719,-148,1426,-871,0,-3152,-24,-487,1
2024-02-15,186400,186500,181900,182400,39258,7160659200,-1.1918,-4626,15123,-10396,-7235,539,-190,-2973,0,-537,-241,140,0
2024-02-16,182700,184400,180400,184400,54844,10113233600,1.0965,-19763,14841,2812,624,-499,1291,83,0,1314,0,2110,-1
2024-02-19,184400,190300,183200,189500,48707,9229976500,2.7657,-21601,15805,5839,2758,74,-756,1422,-50,2423,-274,231,-32
2024-02-20,190000,190000,184100,185300,30146,5586053800,-2.2164,10122,-7890,-2097,3866,148,-3379,-427,0,-1973,-135,0,-332
2024-02-21,185300,188000,183500,185600,29843,5538860800,0.1619,-2025,43,2544,6442,-492,-2027,-479,0,-883,-552,-10,-17
2024-02-22,188600,188700,182800,183300,21824,4000339200,-1.2392,1506,-2195,729,309,-247,-341,1,0,1006,51,-91,1
2024-02-23,183500,185400,181700,185300,24585,4555600500,1.0911,-7017,7792,-737,-1237,144,-1033,218,0,1172,-42,4,-1
2024-02-26,183600,185000,175100,175100,70966,12426146600,-5.5046,25863,-3029,-22497,-11899,-5325,-2283,-2880,0,-111,266,-603,1
2024-02-27,175000,175500,171000,171300,36583,6266667900,-2.1702,602,7889,-8282,-3412,-2793,-2655,-2182,0,2761,-161,-48,-1
2024-02-28,171300,178700,171000,177000,39823,7048671000,3.3275,-11413,13318,-1915,-3755,1740,-46,64,151,-141,8,2,72
2024-02-29,175000,177700,174800,174800,31774,5554095200,-1.2429,4480,-1329,-3198,-690,30,-59,-55,0,-2423,41,6,-1
2024-03-04,174800,174900,170700,172100,48308,8313806800,-1.5446,9127,-14184,4913,2039,-858,-218,-770,0,4720,135,9,0
2024-03-05,170900,172800,169300,169600,27798,4714540800,-1.4526,12783,-10934,-1964,-152,39,-58,158,0,-1952,82,33,1
2024-03-06,169900,170200,168100,168600,30094,5073848400,-0.5896,3402,-2422,-1194,-947,-378,-29,-303,0,463,175,39,0
2024-03-07,168300,170300,168000,168500,14254,2401799000,-0.0593,484,-2883,2454,1857,2007,44,285,0,-1739,-45,-10,0
2024-03-08,170900,172000,168100,168500,26095,4397007500,0.0,6921,-5989,-1484,-2276,-2301,-215,-137,0,3453,40,512,-8
2024-03-11,168200,169400,165200,165400,53142,8789686800,-1.8398,8635,-9389,-198,-506,-49,-525,45,0,837,874,78,0
2024-03-12,166600,166800,164300,166100,19659,3265359900,0.4232,3958,-3969,-575,-724,83,289,-2629,317,2089,550,36,0
2024-03-13,167100,167100,165600,166000,21825,3622950000,-0.0602,2372,-1708,-692,-818,237,-383,-40,0,312,26,2,0
2024-03-14,166600,170700,166600,169100,61081,10328797100,1.8675,-11622,9993,1568,6386,-452,-105,33,203,-4479,100,-39,-18
2024-03-15,170300,170300,167000,167800,37190,6240482000,-0.7688,6501,-1644,-5129,-2104,-2130,-155,-1301,-99,-324,271,1,984
2024-03-18,169300,169300,165300,167100,27373,4574028300,-0.4172,2706,4446,-7097,-463,-5901,-73,-67,0,-593,-60,5,0
2024-03-19,166000,168000,166000,166000,24439,4056874000,-0.6583,5250,3044,-8352,-2464,-1015,-201,-247,0,-4425,25,33,0
2024-03-20,167500,167500,165500,165800,26281,4357389800,-0.1205,6372,2364,-8775,-4444,-1914,-1059,-366,0,-992,33,6,0
2024-03-21,166000,167200,164500,165400,61557,10181527800,-0.2413,27931,-20826,-7211,-7360,2399,-5836,-2121,0,6034,23,83,-327
2024-03-22,165000,167000,164800,166600,44028,7335064800,0.7255,-6670,8293,-1546,231,-844,-1592,395,31,233,32,-109,0
2024-03-25,166100,166300,163200,164000,53796,8822544000,-1.5606,29010,-20348,-9103,3279,-8255,-1098,-935,0,-2094,218,223,0
2024-03-26,164300,165200,163500,164800,38712,6379737600,0.4878,5035,584,-5618,-4161,-2802,-1799,-82,205,4021,-11,10,-1000
2024-03-27,163800,165600,163800,164300,45192,7425045600,-0.3034,9420,-8140,-1469,124,-2145,-614,-1036,0,2239,21,168,-37
2024-03-28,164300,171500,164200,170300,102663,17483508900,3.6519,-39008,-2767,42008,8824,12604,15955,4036,424,105,-160,-73,60
2024-03-29,171200,171200,166500,167300,36156,6048898800,-1.7616,6096,-12421,6074,5477,82,15,657,0,-158,143,108,1
2024-04-01,168500,180400,168300,178300,124414,22183016200,6.575,-71742,33788,39012,2864,10591,8418,10327,0,6538,-448,-610,274
2024-04-02,178300,179900,176700,178600,50143,8955539800,0.1683,-13063,-3656,18573,8179,12377,-863,2796,0,-3987,-1813,-41,71
2024-04-03,178600,179900,176600,177200,52376,9281027200,-0.7839,-5906,-2471,8938,6667,4070,-527,3157,0,-4428,-470,-91,-1
2024-04-04,179000,179000,171800,172200,41589,7161625800,-2.8217,7114,-13036,6174,1446,1955,-1735,1283,273,2951,-140,-112,1
2024-04-05,171000,172300,169300,170200,34515,5874453000,-1.1614,4724,-15194,10400,2439,6807,-92,1483,0,-559,69,1,322
2024-04-08,170000,170100,165000,165500,48822,8080041000,-2.7615,25340,-22246,-3662,-3419,-439,-802,617,0,381,537,31,0
2024-04-09,166100,166100,165100,165400,37669,6230452600,-0.0604,11705,-11181,-532,675,-2818,18,50,0,1543,-1,9,0
2024-04-11,164000,164300,161000,162900,56394,9186582600,-1.5115,14618,-11668,-3036,6235,-1802,-224,426,0,-7672,11,75,1
2024-04-12,161300,162100,158700,159200,67868,10804585600,-2.2713,35430,-29146,-2049,4954,1620,-2315,1987,0,-8315,-114,-4121,20
2024-04-15,158200,161200,156800,160900,60049,9661884100,1.0678,12059,-18907,6795,3680,-1537,1024,1682,0,1946,28,25,0
2024-04-16,160200,160900,158100,160300,35190,5640957000,-0.3729,12022,-7186,-5009,-123,92,-2857,-475,0,-1646,53,120,0
2024-04-17,160100,161700,159400,160800,36927,5937861600,0.3119,1955,-8367,6559,5155,40,611,2376,0,-1869,27,-174,246
2024-04-18,159900,162700,159100,161200,42562,6860994400,0.2488,8114,-2919,-5206,-3222,1668,-162,-5528,44,1971,22,-11,23
2024-04-19,159200,160300,157900,158600,32868,5212864800,-1.6129,13746,-9828,-4122,452,20,-259,-300,0,-4035,159,45,0
2024-04-22,160800,165700,159300,164400,42057,6914170800,3.657,-17582,12548,5247,832,-223,-3,13,0,4629,-127,-86,-1
2024-04-23,163300,164400,163000,163700,15810,2588097000,-0.4258,4945,-4273,-697,-154,-87,-104,17,0,-369,33,-8,0
2024-04-24,164600,164700,161300,162500,36179,5879087500,-0.733,13143,-11282,-2027,-36,259,-522,1078,0,-2975,69,97,169
2024-04-25,161800,165900,160800,164000,32867,5390188000,0.9231,-11722,7529,4175,162,1809,-410,467,0,2147,89,-71,0
2024-04-26,164500,164600,162600,162900,16275,2651197500,-0.6707,1658,-4566,2842,252,898,-76,662,0,1106,6,60,0
2024-04-29,163700,169000,163500,167200,41345,6912884000,2.6397,-10437,9580,5869,-1809,5118,-26,-78,0,2664,68,-5080,0
2024-04-30,166200,168200,165400,166300,44296,7366424800,-0.5383,9465,-12299,3191,-1816,1564,-71,-278,0,3792,-400,43,0
2024-05-02,165100,167100,163500,165100,33426,5518632600,-0.7216,-1413,-383,2608,3240,263,-22,-2418,0,1545,-826,14,0
2024-05-03,166700,167300,164900,165700,18623,3085831100,0.3634,-1835,11,1874,2644,-768,368,718,-13,-1075,-16,-34,0
2024-05-07,166100,168100,166100,168000,37247,6257496000,1.3881,-1595,-4913,6628,2448,129,-1142,-154,0,5347,-122,2,0
2024-05-08,168400,176600,168400,173200,112883,19551335600,3.0952,-31106,36016,-7940,-1360,-2836,-1073,-284,-1976,-372,2916,114,-39
2024-05-09,177400,181000,174300,177100,167814,29719859400,2.2517,-24746,9922,15391,12283,-4875,-13251,5066,0,16215,-297,-270,-47
2024-05-10,177500,178800,174900,176700,42294,7473349800,-0.2259,-6854,-2708,9241,-2491,348,744,929,81,9567,329,-8,63
2024-05-13,177400,177900,175200,176800,23454,4146667200,0.0566,-6071,3781,1242,-653,-13,-518,-171,0,2588,1028,20,9
2024-05-14,176500,177500,172900,173700,42546,7390240200,-1.7534,-727,1404,-872,-8832,-921,350,-587,0,9110,183,12,8
2024-05-16,175000,175900,170900,172800,46603,8052998400,-0.5181,240,2201,-1004,-10361,-342,67,-48,0,10279,-1471,34,-599
2024-05-17,172200,173800,171700,173000,23324,4035052000,0.1157,-1467,2647,-184,-1058,149,-10,-1428,0,2163,-688,-308,0
2024-05-20,174600,175800,173400,173800,25780,4480564000,0.4624,-1989,-4769,6755,-2303,7656,86,529,0,788,-2,5,-1
2024-05-21,173200,175500,172100,172200,31048,5346465600,-0.9206,8960,-9997,1896,-518,527,-15,763,0,1143,-882,23,-4
2024-05-22,172200,173600,171500,173400,21249,3684576600,0.6969,-534,1359,-824,-594,-945,-117,131,0,700,-1,0,1
2024-05-23,172500,173400,170500,170700,37128,6337749600,-1.5571,12346,-11470,-877,1578,-1003,-492,373,0,-1333,-2,3,0
2024-05-24,170100,171000,168700,169700,24830,4213651000,-0.5858,5474,-2965,-2500,2144,-2561,-627,-463,0,-1403,-10,1,410
2024-05-27,169800,171700,167900,168800,34578,5836766400,-0.5303,-2759,2303,1797,-3261,-369,43,-1492,0,6876,-1341,0,0
2024-05-28,168200,168800,166700,167900,19935,3347086500,-0.5332,3304,-3250,-53,-1634,-2818,9,87,0,4303,0,-1,0
2024-05-29,166300,167800,160300,161700,88826,14363164200,-3.6927,21497,-10123,-11735,-7923,-7485,-2104,-1990,0,7767,3,358,0
2024-05-30,161700,164800,161000,163800,32019,5244712200,1.2987,-5684,-6380,12172,4141,2278,-51,-236,0,6041,-113,5,-1
2024-05-31,162400,166900,161900,163200,59591,9725251200,-0.3663,-9584,5110,4889,-9433,-620,-245,-1351,0,16538,-435,20,0
2024-06-03,165300,166000,162500,164800,30789,5074027200,0.9804,7492,-7741,189,-1038,-7682,754,308,0,7530,-3,63,317
2024-06-04,163200,165100,162100,162500,39971,6495287500,-1.3956,16862,-20508,3626,-2154,-2669,-227,711,33,7931,-112,132,1
2024-06-05,162800,164300,162200,163200,29526,4818643200,0.4308,-3287,-3291,7702,-323,4482,-213,-360,0,4129,-1086,-38,-13
2024-06-07,163200,164800,162100,163400,27645,4517193000,0.1225,3530,-3679,124,-4827,-3215,-237,-1003,0,9413,41,-16,-7
2024-06-10,162100,163600,161100,161400,32236,5202890400,-1.224,9019,-1278,-7326,-10283,-1170,-159,-3106,0,7406,-370,-45,-14
2024-06-11,161400,162300,160600,160600,30930,4967358000,-0.4957,7576,-2574,-5023,-7932,-1301,-1004,-1200,0,6419,193,-172,-5
2024-06-12,160600,161700,159100,159900,42232,6752896800,-0.4359,8651,-4616,-4168,-4303,-3817,-1080,-1694,0,6729,13,120,-3
2024-06-13,160700,161500,158100,158100,58737,9286319700,-1.1257,19831,-15295,-4632,-3633,-3703,-1060,-1832,-139,5741,-40,136,-6
2024-06-14,158100,160800,158100,160400,29923,4799649200,1.4548,-2995,-473,3266,-2617,2550,-1728,-673,0,5739,198,4,-5
2024-06-17,160400,161600,159200,161000,23790,3830190000,0.3741,-2617,-8977,11600,-553,4614,-342,-261,0,8142,-15,9,0
2024-06-18,161100,161700,158500,159000,33844,5381196000,-1.2422,5550,-7403,1741,-4427,-3316,-210,-1100,-40,10834,108,4,0
2024-06-19,160300,160300,155900,156700,63674,9977715800,-1.4465,36508,-29047,-7755,-8175,-3243,-560,-2243,-1000,7466,134,160,0
2024-06-20,156700,160500,156500,159500,31434,5013723000,1.7869,-13126,8189,4523,1400,-1689,-181,-2613,0,7606,413,1,0
2024-06-21,158800,160500,158200,158300,48959,7750209700,-0.7524,3125,-5474,2164,7386,-7269,-572,-1553,-117,4274,163,22,15
2024-06-24,158300,159500,156900,157000,30739,4826023000,-0.8212,8556,-14204,5577,980,-1452,1,-287,0,6281,-22,93,54
2024-06-25,158500,158500,157100,157500,20547,3236152500,0.3185,128,-4336,4273,-2994,102,9,-119,0,7275,-57,-8,0
2024-06-26,156700,159000,156200,158800,19111,3034826800,0.8254,-991,-1840,2620,505,-655,-109,-31,0,2910,171,40,0
2024-06-27,157200,157800,155000,155300,51066,7930549800,-2.204,26504,-26940,167,1971,-110,-109,-4013,13,2415,205,64,0
2024-06-28,155900,158600,155900,156900,38083,5975222700,1.0303,-5528,-9701,14986,5772,-138,-138,120,0,9370,243,0,0
2024-07-01,156700,158900,156500,158300,27649,4376836700,0.8923,-2111,-4472,6568,-1027,-238,-127,-177,0,8137,5,10,0
2024-07-02,156900,158400,156400,156700,33248,5209961600,-1.0107,852,-4040,3162,2200,-1412,-42,-1787,10,4193,46,-20,0
2024-07-03,157300,158000,154500,155600,44152,6870051200,-0.702,20701,-16911,-3874,-1812,-2249,-66,-1637,-209,2099,73,11,0
2024-07-04,155800,156700,155100,156300,28195,4406878500,0.4499,1698,-6756,5061,-368,-1234,34,-2449,-348,9426,-77,74,0
2024-07-05,156300,157500,155800,156000,30913,4822428000,-0.1919,-521,-7002,7412,-3405,-1199,125,-340,0,12259,110,1,-28
2024-07-08,155600,156500,155300,155800,26508,4129946400,-0.1282,2855,4719,-7593,-11353,-218,-392,-2233,-363,6966,-1,20,0
2024-07-09,156900,159500,156600,159200,27812,4427670400,2.1823,-13689,9064,4522,-483,180,-11,173,0,4663,89,14,0
2024-07-10,157800,158900,157100,158200,24142,3819264400,-0.6281,-2151,-6416,7630,673,-1928,-63,-547,0,9484,833,104,11
2024-07-11,158900,159100,157400,157800,33078,5219708400,-0.2528,5604,-9498,3870,-2504,-391,-91,-771,0,7624,18,6,3
2024-07-12,159600,162000,159000,160500,36369,5837224500,1.711,-16329,7716,8601,1756,403,-12,-144,0,6598,23,-11,0
2024-07-15,160500,161000,157600,157900,25808,4075083200,-1.6199,4908,-7684,2636,-328,-553,-15,-302,0,4422,127,13,-588
2024-07-16,157900,158100,156500,157200,20759,3263314800,-0.4433,5159,-8166,2960,-247,-1645,-22,-1175,0,6049,46,1,0
2024-07-17,157300,159200,156700,157400,24547,3863697800,0.1272,-4674,647,4063,-904,-3773,-893,86,0,9547,-46,10,0
2024-07-18,158900,158900,156100,158700,28504,4523584800,0.8259,-1254,2755,-1654,-2121,-4564,-112,-869,0,6012,203,-50,0
2024-07-19,157200,158500,155700,157800,33025,5211345000,-0.5671,11021,-8113,-2958,1910,-4827,-2621,-74,0,2652,36,14,2
2024-07-22,157800,157800,155000,155700,25149,3915699300,-1.3308,6563,-7119,626,-425,-2982,-2,-556,0,4591,25,-95,0
2024-07-23,155700,156500,153000,153000,43802,6701706000,-1.7341,19516,-9688,-10207,-3397,-4952,-1166,-4398,0,3503,262,117,203
2024-07-24,153500,153500,149500,149700,68407,10240527900,-2.1569,28131,-3033,-25928,-8851,-20547,116,-4414,0,7750,627,203,18
2024-07-25,149500,149800,147500,148600,39637,5890058200,-0.7348,2772,10080,-12521,-3226,-7727,-6072,-48,0,4552,-164,-167,0
2024-07-26,149400,151800,148700,149500,33360,4987320000,0.6057,-875,2850,-2142,-4377,-4354,0,-1688,0,8267,158,9,10
2024-07-29,149500,150100,147700,148800,23508,3497990400,-0.4682,5279,-456,-5147,-3520,-4478,436,-1194,0,3603,312,12,6
2024-07-30,147900,148600,147400,147500,30141,4445797500,-0.8737,3430,3764,-7322,-4666,-5253,112,-1321,0,3806,105,23,0
2024-07-31,147500,151900,147400,151800,26321,3995527800,2.9153,-12666,8383,4326,1872,-1699,-275,-85,0,4504,-8,-35,9
2024-08-01,150300,155700,150300,155100,40665,6307141500,2.1739,-15477,9247,6214,-223,1031,2350,-796,0,3852,-49,65,0
2024-08-02,153600,155000,151700,152400,28954,4412589600,-1.7408,-1955,4864,-2947,-8861,2153,-17,-537,0,4279,-17,55,36
2024-08-05,151600,152100,138800,142100,73033,10377989300,-6.7585,13078,-7610,-5835,-147,-1835,-370,-1984,-89,-1416,255,112,6
2024-08-06,143500,147000,140300,142200,52264,7431940800,0.0704,5653,7392,-13270,-5188,-9982,383,-1490,0,3007,221,4,0
2024-08-07,140000,148900,140000,148900,40682,6057549800,4.7117,-10524,11124,-675,155,-1336,-2504,641,136,2175,75,0,58
2024-08-08,146000,147700,144300,145300,56813,8254928900,-2.4177,17631,-4404,-14594,-10182,-1599,-35,-2064,61,-1158,1121,246,383
2024-08-09,145300,147600,142900,143100,29396,4206567600,-1.5141,7849,-2201,-6430,-6254,-1516,-33,-2855,0,4205,705,77,23
2024-08-12,144400,148100,143400,147600,24350,3594060000,3.1447,-13182,6838,6316,1401,-184,-896,-539,0,6532,22,6,2
2024-08-13,146200,148400,144200,144200,25952,3742278400,-2.3035,6040,-7315,-570,-3164,-1401,-74,-606,0,4664,308,1537,11
2024-08-14,144000,147900,144000,147500,22059,3253702500,2.2885,-6274,2895,3838,-1560,-711,-18,-546,0,6673,-29,-430,0
2024-08-16,148900,149000,145600,145600,27563,4013172800,-1.2881,1458,-6029,4542,-3525,-329,-7,-266,11,8658,72,-43,0
2024-08-19,145800,147300,145500,146900,18024,2647725600,0.8929,-3378,-2206,5352,-2522,-656,-68,-118,-9,8757,225,7,-32
2024-08-20,147100,147400,145000,145700,24272,3536430400,-0.8169,6385,-10911,4344,-2675,-642,-46,-337,0,8037,147,35,7
2024-08-21,147100,148500,146000,147300,22434,3304528200,1.0981,-9975,4161,5738,-1724,54,245,-480,0,7637,46,30,6
2024-08-22,148400,150300,147400,149200,26359,3932762800,1.2899,-5488,-2336,7812,433,-1019,-23,199,0,8223,48,-36,-1
2024-08-23,150500,152400,148900,151400,19850,3005290000,1.4745,-7287,-2605,9911,2803,-22,31,13,0,7086,-20,1,0
2024-08-26,151900,152600,150200,152100,17515,2664031500,0.4624,-2946,-3297,6235,-41,-2403,134,-575,0,9119,-18,26,1
2024-08-27,152800,153800,150300,153100,25909,3966667900,0.6575,-6330,-6252,12304,433,-329,37,215,0,11949,316,-38,-1
2024-08-28,153800,153800,149500,150000,33435,5015250000,-2.0248,8441,-11763,2792,-1852,-2248,-24,-1350,0,8265,55,475,1
2024-08-29,151400,152000,149200,150000,19471,2920650000,0.0,-4480,-2804,7216,283,-47,-137,-520,-64,7713,71,-3,-12
2024-08-30,150500,151400,149200,150600,23406,3524943600,0.4,-2195,-2681,4557,-2436,-800,-3,-1496,0,9291,319,0,1
2024-09-02,151200,153300,150000,152800,22621,3456488800,1.4608,-8829,1688,9188,18,1154,18,41,0,7958,36,-2083,-1
2024-09-03,152800,157900,152300,157100,48685,7648413500,2.8141,-32978,6024,27279,11796,4857,-11,3858,157,6622,-238,-87,0
2024-09-04,154800,154800,151500,151900,28815,4376998500,-3.31,2911,-7710,4842,1807,-1,-186,-232,-211,3664,81,-124,1
2024-09-05,151900,158900,151900,157500,49066,7727895000,3.6866,-22355,-2258,24875,2589,6203,7998,2750,0,5336,-212,-50,-1
2024-09-06,157700,158500,155300,156800,25719,4032739200,-0.4444,-6842,-4838,11675,2007,147,328,766,0,8428,5,0,-1
2024-09-09,153500,158000,153500,157400,18228,2869087200,0.3827,-5211,-4039,9294,1675,1470,31,84,0,6034,-37,-7,0
2024-09-10,157400,158800,156000,156000,17645,2752620000,-0.8895,-7384,-1486,8880,1711,-88,31,47,0,7179,-10,0,0
2024-09-11,158200,158300,155500,156400,17441,2727772400,0.2564,-5507,-6181,11706,2030,-46,145,146,-16,9484,-16,-2,-37
2024-09-12,157700,157700,154400,155500,33936,5277048000,-0.5754,-3292,7266,-4026,441,-846,-78,-17,-32,-3446,52,0,-48
2024-09-13,157800,159700,156000,159300,40687,6481439100,2.4437,-24615,11438,13297,204,2486,-49,213,0,10443,-83,-37,0
2024-09-19,160800,161000,155300,156200,46679,7291259800,-1.946,-3075,-14760,17809,1909,-2143,-26,30,0,18038,26,0,1
2024-09-20,156000,156300,153000,154900,60858,9426904200,-0.8323,3937,-9459,5102,-5687,261,294,18,0,10207,402,18,9
2024-09-23,155800,156600,153600,155000,18791,2912605000,0.0646,-4933,-3425,8368,97,17,329,-26,0,7951,0,-10,0
2024-09-24,157000,157700,155200,157700,23440,3696488000,1.7419,-7775,2007,5786,-3751,-266,-187,-33,0,10023,-22,4,0
2024-09-25,159900,160900,156400,156400,27430,4290052000,-0.8244,-10707,-1286,12074,-706,530,81,-90,0,12259,-19,-62,0
2024-09-26,158000,160200,156500,160000,24278,3884480000,2.3018,-10104,-714,10977,3509,-6,-15,-59,0,7549,-57,-102,-1
2024-09-27,160900,164600,160000,162300,64429,10456826700,1.4375,-37217,18459,18644,6506,2188,-29,352,0,9827,124,-10,-200
2024-09-30,164900,164900,159000,159100,23005,3660095500,-1.9717,-872,-4360,5188,301,202,18,-147,0,4813,45,-1,1
2024-10-02,158000,160000,157200,157900,42843,6764909700,-0.7542,-6432,5584,847,1988,193,-462,-59,0,-813,1,0,0
2024-10-04,159400,159400,156800,156800,14394,2256979200,-0.6966,1283,-6555,5255,2072,-194,-9,85,0,3101,17,0,200
2024-10-07,157600,161000,156500,159600,12477,1991329200,1.7857,-4743,-1496,6422,2262,18,-56,-13,-31,4243,-86,-97,-1
2024-10-08,159500,159700,154000,154900,25193,3902395700,-2.9449,10365,-12191,1782,1015,-86,-145,-485,0,1482,45,-1,1
2024-10-10,156900,157000,154100,156200,24948,3896877600,0.8393,2792,-2847,50,-4098,-253,15,-1016,-6,5408,2,3,0
2024-10-11,156200,157400,150800,152500,33495,5107987500,-2.3688,12157,-10395,-1788,-3356,934,866,-529,0,297,25,1,0
2024-10-14,152600,155000,151600,154700,16137,2496393900,1.4426,-4057,1211,2888,-1574,-11,43,-67,-478,4975,-39,-3,0
2024-10-15,154200,154700,150900,152000,26356,4006112000,-1.7453,7472,-4565,-2856,-5154,-495,-1204,-70,0,4067,-46,-5,0
2024-10-16,151000,152000,149100,149100,35097,5232962700,-1.9079,10313,-7770,-2486,-2926,-1164,-118,-304,0,2026,27,-84,0
2024-10-17,150300,152900,149600,151500,27074,4101711000,1.6097,-4756,2813,1996,-4198,-19,-50,101,0,6162,-54,1,0
2024-10-18,152000,152900,150200,150500,10798,1625099000,-0.6601,-916,-1330,2389,2795,73,-2,-204,0,-267,-136,-7,-6
2024-10-21,151800,151800,145400,145600,44794,6522006400,-3.2558,30565,-15273,-15414,-11630,-412,30,-504,0,-2998,65,57,100
2024-10-22,145400,146900,145000,146700,22729,3334344300,0.7555,-2977,5797,-2823,-1431,124,148,-211,0,-1453,2,1,0
2024-10-23,147200,149200,145200,147200,19602,2885414400,0.3408,-5934,1822,4115,4756,409,-33,-156,0,-861,2,-5,0
2024-10-24,148000,148700,146500,148500,16287,2418619500,0.8832,-6270,5396,874,2714,-145,33,-196,0,-1532,0,0,0
2024-10-25,148600,148700,145500,146400,20028,2932099200,-1.4141,1851,2945,-4736,-1480,931,0,-2528,0,-1659,-62,2,0
2024-10-28,147700,150000,146600,150000,16625,2493750000,2.459,-6774,4016,2866,444,900,0,-361,0,1883,-1,-107,0
2024-10-29,150000,150900,148600,149100,10942,1631452200,-0.6,-767,1357,-601,628,-248,189,-112,0,-1058,11,0,0
2024-10-30,150000,155000,149000,151400,33743,5108690200,1.5426,-4403,2858,1409,240,-124,-30,-391,0,1715,90,46,-1
2024-10-31,152300,153800,148800,153800,23178,3564776400,1.5852,-2069,2150,599,-613,-112,-203,120,0,1418,-633,-47,-11
2024-11-01,153500,153500,150100,150100,10429,1565392900,-2.4057,2941,115,-2969,20,-116,4,-25,0,-2847,-82,-5,-5
2024-11-04,150900,152500,150200,152100,8909,1355058900,1.3324,-2154,1513,644,26,-284,32,27,0,843,-2,-1,0
2024-11-05,150100,152500,150100,151000,9097,1373647000,-0.7232,-299,1005,-698,-69,-126,-999,-88,-29,613,-5,-3,0
2024-11-06,151000,152300,150100,151200,10979,1660024800,0.1325,-1231,2088,-865,-32,-33,-2,-258,0,-539,8,0,-1
2024-11-07,149900,151100,147700,149600,16453,2461368800,-1.0582,2832,-458,-2381,1565,-1561,-50,-468,0,-1868,7,0,1
2024-11-08,150800,150800,140700,141500,43888,6210152000,-5.4144,32321,-14663,-17754,-10311,-1723,12,-2765,-31,-2896,30,66,-40
2024-11-11,140100,141500,136800,136900,47686,6528213400,-3.2509,25490,-8363,-16959,-8352,-5087,-199,-1324,-819,-1220,-196,28,42
2024-11-12,136900,136900,133300,133500,30698,4098183000,-2.4836,11159,-2981,-8034,-4776,-2402,75,-873,104,-242,-182,38,80
2024-11-13,133200,133800,127500,127700,52574,6713699800,-4.3446,24386,3414,-28029,-8576,-13853,4,-5790,-305,491,198,31,0
2024-11-14,128300,129800,127300,129400,29777,3853143800,1.3312,3394,74,-3176,-2067,-2145,-31,-3040,0,4057,-473,181,50
2024-11-15,129400,130600,128000,130000,18019,2342470000,0.4637,2478,2138,-4500,-4864,-784,-89,68,0,1169,-49,-67,0
2024-11-18,128000,133200,128000,132000,22572,2979504000,1.5385,-312,5079,-4839,-3713,-1149,-98,389,0,-268,57,15,0
2024-11-19,130700,132000,128100,128400,35885,4607634000,-2.7273,24305,-19243,-5035,-263,322,-294,-518,0,-4278,-80,53,-4
2024-11-20,127900,129200,127500,128200,12987,1664933400,-0.1558,4388,-2022,-2467,11,-962,-22,156,0,-1699,96,5,49
2024-11-21,128200,130400,127100,129600,19733,2557396800,1.092,1245,-2156,568,-211,-83,-17,78,0,799,344,-1,2
2024-11-22,130900,130900,129300,130000,13243,1721590000,0.3086,2333,-2647,11,-19,71,394,230,0,-661,300,3,-4
2024-11-25,129900,133400,129800,131800,29419,3877424200,1.3846,-4463,1435,3040,684,-418,-12,1532,0,1266,115,-127,-12
2024-11-26,131000,132300,130100,132300,17861,2363010300,0.3794,253,1408,-1519,426,-1003,-205,311,0,-1018,-118,-24,-30
2024-11-27,131600,133200,130400,132100,14957,1975819700,-0.1512,1806,-3873,1947,2105,-303,55,-19,0,535,124,-4,-426
2024-11-28,133000,136700,131800,136000,35456,4822016000,2.9523,-11768,-2084,14098,13751,1340,37,-582,0,-410,-98,-148,-38
2024-11-29,136500,136500,133000,134400,21133,2840275200,-1.1765,2799,-5783,506,-308,-106,-124,-173,-44,1267,6,2472,-6
2024-12-02,134400,135900,130300,131300,19836,2604466800,-2.3065,2741,-1045,-1609,-813,-786,-1651,-60,0,1701,0,-87,0
2024-12-03,132600,138500,131500,138300,37612,5201739600,5.3313,-19486,5854,11983,2181,4437,567,-708,0,5507,154,1495,-1
2024-12-04,135000,136300,132100,132900,24405,3243424500,-3.9046,1399,1327,-2716,753,-722,72,-1223,0,-1586,-18,8,-10
2024-12-05,133000,134000,129800,130500,22492,2935206000,-1.8059,10847,-2324,-8409,1046,-5463,-100,-1701,-184,-2001,-143,29,-6
2024-12-06,131500,131900,127600,131300,20768,2726838400,0.613,-1747,-2149,3937,1246,-20,9,-97,0,2799,-41,0,0
2024-12-09,130000,130000,125000,125900,40146,5054381400,-4.1127,17228,-6675,-5989,-576,531,-436,320,-45,-5670,-459,-4105,-113
2024-12-10,126400,131500,126400,130300,25398,3309359400,3.4948,-7376,8840,-1430,-158,-68,-264,-634,0,-306,3,-37,0
2024-12-11,129000,134500,129000,134100,23681,3175622100,2.9163,-10777,226,10682,8089,-728,2029,136,0,1157,-102,-29,-1
2024-12-12,135000,135900,133600,134900,39365,5310338500,0.5966,-5828,13592,-7737,2778,-6591,-322,-433,0,-3165,-27,0,-4
2024-12-13,133700,136000,132700,134000,20600,2760400000,-0.6672,3104,218,-3476,-1956,-1267,-344,2491,0,-2400,11,143,0
2024-12-16,135700,135700,132100,133500,12914,1724019000,-0.3731,3899,-3276,-326,-1738,2363,15,-612,0,-354,-317,20,0
2024-12-17,133500,134700,132400,134000,19204,2573336000,0.3745,717,-3210,2478,4090,-2735,512,-264,0,874,15,0,1
2024-12-18,136700,137900,133800,135800,22183,3012451400,1.3433,2481,-3917,1434,-405,-78,-30,-64,0,2011,-2,4,0
2024-12-19,135600,135600,132500,132600,19734,2616728400,-2.3564,8315,-6058,-2313,1013,-571,-14,-610,0,-2131,14,42,0
2024-12-20,132600,134400,130800,132500,25869,3427642500,-0.0754,4432,854,-5417,928,-3863,-192,-517,0,-1773,80,51,0
2024-12-23,141700,144000,132500,134000,165738,22208892000,1.1321,49332,-41951,-7374,37,-3492,-1053,-3289,350,73,107,-114,0
2024-12-24,134200,136900,133500,134900,49025,6613472500,0.6716,-10123,7225,3036,-915,-205,1705,1063,0,1388,18,-156,0
2024-12-26,135000,135100,133100,133400,37257,4970083800,-1.1119,3400,-4615,1155,160,494,5,1115,0,-619,38,22,0
2024-12-27,136000,137100,130700,131400,68234,8965947600,-1.4993,19256,-22505,2667,3474,-100,-67,425,0,-1065,152,430,0
2024-12-30,131500,134000,131000,133000,32048,4262384000,1.2177,-12162,5850,6343,4198,1486,201,-645,0,1103,19,-50,0
2025-01-02,132500,132500,129800,130000,29947,3893110000,-2.2556,13230,-11322,-2217,-997,-91,-58,-280,0,-791,198,111,0
2025-01-03,130100,133200,130000,130800,21129,2763673200,0.6154,6373,-1840,-4602,-2719,-1141,93,-1265,-51,576,9,60,-95
2025-01-06,130600,131000,129700,130500,26070,3402135000,-0.2294,9584,-3420,-6216,-2624,-1271,238,-1929,0,-629,68,-16,-1
2025-01-07,130200,131200,129700,130400,32407,4225872800,-0.0766,10789,-8913,-1970,-385,-475,64,-1011,100,-263,82,12,0
2025-01-08,129700,132400,129700,131700,23795,3133801500,0.9969,-2130,4307,-2599,-229,-916,-305,-779,0,-370,420,2,0
2025-01-09,131700,133500,130600,133500,34982,4670097000,1.3667,-7747,1038,6655,665,1551,-807,2879,0,2367,-1,55,0
2025-01-10,132500,133200,130700,131300,24025,3154482500,-1.6479,11190,-6352,-4959,1139,-823,-489,-861,0,-3926,3,118,1
2025-01-13,132000,132300,130100,131700,19029,2506119300,0.3046,-702,-3429,4327,3600,-341,-404,1122,0,351,2,-198,-1
2025-01-14,132000,132600,130700,131800,15335,2021153000,0.0759,-5793,4446,1488,2421,-405,-112,-280,0,-136,9,-150,0
2025-01-15,132200,133200,131500,132500,18423,2441047500,0.5311,-3203,5061,-1876,-651,-219,-316,-459,0,-231,2,16,0
2025-01-16,132500,133000,131200,132300,18081,2392116300,-0.1509,2596,-309,-2319,-851,-159,-313,-1018,0,22,17,15,0
2025-01-17,132400,133700,132000,133100,22929,3051849900,0.6047,-8951,9746,-777,1149,59,-164,-765,0,-1056,2,-20,0
2025-01-20,133500,136000,133200,134300,24522,3293304600,0.9016,-13421,9448,3917,3785,-12,-3,184,0,-37,16,40,0
2025-01-21,135000,135900,132200,133500,14306,1909851000,-0.5957,-1898,3226,-1326,-124,-239,-48,-747,0,-168,1,-3,0
2025-01-22,134900,134900,132600,132600,14664,1944446400,-0.6742,2061,-1297,-782,1783,-136,-26,-1841,0,-562,1,17,0
2025-01-23,133400,133400,130700,130800,18499,2419669200,-1.3575,5219,-4285,-949,1063,-926,85,-322,0,-843,10,5,-6
2025-01-24,131700,133100,130000,132600,14350,1902810000,1.3761,-6346,1668,3951,3724,188,-152,261,0,-70,727,0,0
2025-01-31,133600,134200,130900,132700,20313,2695535100,0.0754,-7811,2840,4980,5942,-1225,22,-142,0,389,-7,-2,-6
2025-02-03,130700,130700,128100,129400,24645,3189063000,-2.4868,7541,-5055,-2611,968,-959,-574,-741,0,-1303,108,17,-2
2025-02-04,129400,131200,129000,129900,10807,1403829300,0.3864,957,2191,-3162,-1832,-1383,-10,-46,0,109,14,0,0
2025-02-05,130200,131500,129700,129900,13323,1730657700,0.0,1307,20,-1918,-314,-866,44,-142,0,-640,86,505,0
2025-02-06,129900,135200,129900,134200,44810,6013502000,3.3102,-23847,5207,18631,9217,6077,86,494,458,2164,11,-2,135
2025-02-07,133700,135000,130700,130800,23322,3050517600,-2.5335,13163,-7181,-7019,878,-2237,-361,-3778,0,-1518,33,1004,-3
2025-02-10,131300,131900,130200,131200,12338,1618745600,0.3058,3939,-381,-3058,-2997,187,16,-668,0,404,0,-500,0
2025-02-11,131200,131800,130300,131400,18413,2419468200,0.1524,2747,-248,-3413,-2474,-234,6,-1169,0,458,9,905,0
2025-02-12,131700,134600,131300,133800,29592,3959409600,1.8265,-12598,8961,3004,2009,848,30,-536,0,654,671,-38,-1
2025-02-13,134100,134700,133100,133700,26695,3569121500,-0.0747,-268,1809,-2114,-1678,417,-908,-723,0,778,588,-15,0
2025-02-14,133700,136700,133700,135700,30028,4074799600,1.4959,-13007,9779,3085,1191,1926,-124,-526,0,618,198,-55,0
2025-02-17,136400,139400,135100,138800,31308,4345550400,2.2845,-8950,-2062,11081,1380,7893,791,44,0,973,-72,3,0
2025-02-18,139000,140400,138500,140200,26976,3782035200,1.0086,-10326,2184,8173,4498,2146,123,-200,250,-1414,-26,-5,2770
2025-02-19,140200,144200,140200,141700,40986,5807716200,1.0699,-13909,9026,5130,1208,906,658,-272,0,2630,-251,4,0
2025-02-20,141500,149200,141500,148800,81232,12087321600,5.0106,-34389,262,36421,16005,12387,4337,5388,-8,-1385,44,-2338,-303
2025-02-21,147400,149600,146800,149000,24764,3689836000,0.1344,-5297,-2591,8075,3941,2407,405,1133,0,189,-175,-12,0
2025-02-24,148900,149600,147700,148900,12969,1931084100,-0.0671,-1082,676,471,1379,-1154,353,449,0,-556,-73,8,0
2025-02-25,148400,149300,144900,145800,28275,4122495000,-2.0819,3336,4927,-8225,-3243,-1931,-1988,-469,0,-586,-40,2,-8
2025-02-26,145800,146600,144200,146300,12390,1812657000,0.3429,-919,2338,-1416,261,-1931,-318,-58,0,630,12,-15,0
2025-02-27,145700,148500,144200,147500,24759,3651952500,0.8202,-1789,5426,-3316,1994,-4501,-72,716,-5,-1448,-302,-19,0
2025-02-28,147000,147300,142300,142300,33597,4780853100,-3.5254,5832,667,-6884,-4169,-506,-36,-1213,0,-1156,234,151,196
2025-03-04,142000,143700,139900,140400,17517,2459386800,-1.3352,5609,-5148,-456,1001,-1442,-35,335,0,-315,-9,4,0
2025-03-05,140400,149600,140400,148700,45313,6738043100,5.9117,-14373,-3445,19586,7539,7438,-248,5836,77,-1056,-1668,-100,0
2025-03-06,148700,153400,147500,152500,48153,7343332500,2.5555,-5828,-9390,15293,6913,222,5550,169,0,2439,-272,197,0
2025-03-07,153000,162200,152200,160500,109493,17573626500,5.2459,-39573,4325,39104,15228,11236,878,5050,85,6828,-3836,-20,-201
2025-03-10,159000,162300,157000,160200,35799,5734999800,-0.1869,-7610,-11285,19361,15535,2926,-475,-392,0,1768,-530,64,-1
2025-03-11,157900,160700,157900,158200,29510,4668482000,-1.2484,-586,-3870,4530,3898,2142,-1953,757,0,-436,-75,1,122
2025-03-12,158100,159500,154000,155400,37345,5803413000,-1.7699,8439,4274,-12384,-9429,-4135,1638,-108,0,-412,-331,2,62
2025-03-13,154700,156900,153500,154900,33967,5261488300,-0.3218,-1747,-2248,2690,3318,-655,705,537,0,-1215,1329,-24,0
2025-03-14,154500,155200,149200,149700,57104,8548468800,-3.357,-1217,10760,-7712,-1776,457,-165,-1476,0,-4753,-1634,-197,1
2025-03-17,149700,151900,149400,150000,20928,3139200000,0.2004,7202,-5750,-1454,-5,-3137,-409,-971,0,3068,3,-1,0
2025-03-18,151900,151900,146400,147600,22732,3355243200,-1.6,9364,-939,-8599,-7562,-409,-2073,-610,0,2055,182,-8,0
2025-03-19,148800,148900,146800,147400,20003,2948442200,-0.1355,9254,-6108,-3163,-223,-2379,-2089,-22,0,1550,14,3,0
2025-03-20,147200,149200,147100,148100,18859,2793017900,0.4749,3984,-5124,238,-1904,-139,-5,9,0,2277,897,5,0
2025-03-21,148500,150600,146700,146700,113197,16605999900,-0.9453,7910,-8608,698,-101,-443,-25,477,0,792,0,0,-2
2025-03-24,147200,149900,146000,146600,20292,2974807200,-0.0682,2373,-4977,2958,-419,70,-151,-64,0,3522,-262,-92,0
2025-03-25,146200,148000,145200,145600,16303,2373716800,-0.6821,5922,-2308,-3626,-3201,-2173,-86,-595,0,2430,-38,50,-1
2025-03-26,147000,147400,145300,145600,11797,1717643200,0.0,190,-2300,2110,-485,-1155,121,-138,0,3767,0,0,0
2025-03-27,145600,149600,145600,146800,25667,3767915600,0.8242,-4818,-2923,7744,2895,5317,-41,-4587,0,3287,-10,7,873
2025-03-28,145000,145000,142600,143000,18888,2700984000,-2.5886,4608,-7207,2598,246,3842,-166,723,0,-2047,1,0,0
2025-03-31,143000,143000,136800,137100,25517,3498380700,-4.1259,11545,-10958,-542,-2584,-734,-61,35,0,2802,-91,46,0
2025-04-01,137300,138900,134100,136300,37953,5172993900,-0.5835,1277,-5381,4197,-1265,2512,12,875,-66,2149,-95,2,-20
2025-04-02,136400,137200,134000,136900,24914,3410726600,0.4402,5416,-9588,4164,2927,3236,136,387,0,-2487,2,6,-35
2025-04-03,133000,136500,132700,135400,23741,3214531400,-1.0957,4529,-4187,-1055,1619,2113,148,-2837,0,-2098,1,712,0
2025-04-04,133000,154700,132600,152500,108543,16552807500,12.6292,-34335,-3105,38766,9915,14728,20081,4229,0,-10599,-1296,-30,412
2025-04-07,151700,155000,149500,152000,78029,11860408000,-0.3279,-16343,-14076,30834,10269,17376,4656,94,0,-1709,-340,-75,148
2025-04-08,151100,151500,146700,149800,37035,5547843000,-1.4474,-440,-8684,9135,-17,11046,365,259,0,-2519,-28,17,1
2025-04-09,147500,149100,138900,139200,37966,5284867200,-7.0761,968,-5017,4267,6219,302,-1071,-150,0,-1033,-268,50,0
2025-04-10,142200,147000,139200,146100,51163,7474914300,4.9569,761,7619,-7845,-2516,-2184,-724,2130,0,-4275,-535,0,-276
2025-04-11,144700,147300,142800,145000,33058,4793410000,-0.7529,-3212,-3591,7119,7351,979,-600,1081,0,-1353,-323,7,-339
2025-04-14,144200,146600,142100,142400,32097,4570612800,-1.7931,7603,-2005,-5597,-460,-1432,-947,-3408,0,650,-3,2,0
2025-04-15,142200,144800,142100,143500,13769,1975851500,0.7725,317,41,-383,-34,-544,-1620,1667,0,148,13,12,0
2025-04-16,143800,147900,142700,146000,22083,3224118000,1.7422,-3383,-3362,6749,3126,7520,-1036,172,0,-3033,-2,-2,0
2025-04-17,148400,148400,143400,145300,19913,2893358900,-0.4795,523,-2640,2115,-2015,3205,-2141,817,0,2249,0,2,0
2025-04-18,145500,154300,145500,153900,39554,6087360600,5.9188,-14585,-2288,16839,10091,3947,646,2664,-31,-462,76,-42,-16
2025-04-21,153600,155300,152000,154900,13943,2159770700,0.6498,2552,-4835,2285,2123,-951,3,1036,0,75,-2,0,-1
2025-04-22,155600,155600,152900,152900,12051,1842597900,-1.2912,3808,-6060,2227,448,1237,-70,535,0,76,4,21,1
2025-04-23,153600,154900,149100,149500,24699,3692500500,-2.2237,6345,-3030,-3141,1814,-5327,-48,-1403,0,1823,-185,11,0
2025-04-24,152500,155100,152500,154000,32352,4982208000,3.01,-3823,350,3512,12587,-6607,-820,-606,0,-1042,1,-40,0
2025-04-25,154000,154900,151400,153000,11840,1811520000,-0.6494,203,-4250,2964,1222,-859,0,835,0,1766,1087,-4,0
2025-04-28,153000,157400,153000,155400,28337,4403569800,1.5686,-6195,-2226,8276,1865,-2373,2358,2970,0,3456,145,0,0
2025-04-29,156800,156900,153900,154200,17722,2732732400,-0.7722,645,-7245,6527,1888,869,331,222,0,3217,71,2,0
2025-04-30,154200,159600,154200,158100,44170,6983277000,2.5292,-13574,-2349,16135,12682,3434,1021,1004,0,-2006,-182,-30,0
2025-05-02,158100,160000,155500,158300,26368,4174054400,0.1265,318,-9461,9154,2245,3771,2,2616,0,520,-10,-1,0
2025-05-07,161500,161700,157600,158300,37080,5869764000,0.0,-6782,-15559,22341,6017,12068,274,4070,0,-87,25,-25,-1
2025-05-08,158300,161000,157200,159600,43403,6927118800,0.8212,-10279,-12492,22764,12784,6742,2235,2128,0,-1056,26,-19,-69
2025-05-09,158500,163900,158500,162900,46376,7554650400,2.0677,-17814,-11309,29675,18006,7630,114,2056,0,2069,-243,-309,-200
2025-05-12,163200,173900,163200,172700,143029,24701108300,6.016,-68617,-7735,78753,29911,27431,13287,9658,0,-1533,-1929,-472,-1
2025-05-13,170400,171800,160500,164000,57993,9510852000,-5.0376,-1309,-2464,4077,-653,3458,-1358,3604,0,-974,-263,-41,0
2025-05-14,163900,166900,161800,165000,35534,5863110000,0.6098,-1431,-12128,13925,7918,2008,989,1488,0,1523,-368,2,-1
2025-05-15,165700,170900,165600,168400,32747,5514594800,2.0606,-1164,-5363,6471,5764,928,-659,2075,0,-1637,55,1,0
2025-05-16,170400,170400,167500,168700,21416,3612879200,0.1781,3409,-8470,4825,2464,1615,-206,267,0,685,241,-5,0
2025-05-19,168700,169800,167600,168700,22244,3752562800,0.0,411,-9370,9214,6711,463,-55,215,0,1880,-58,-197,0
2025-05-20,168700,172200,166700,169100,31140,5265774000,0.2371,-2580,-7906,10416,3545,4102,-487,2375,0,2882,74,-4,-2001
2025-05-21,168500,171300,166700,167200,37032,6191750400,-1.1236,-199,-11114,11228,5998,4667,-325,-743,0,1633,86,-1,-2
2025-05-22,166800,176200,166800,174000,77019,13401306000,4.067,-29924,-6167,36787,8485,6698,10359,6677,56,4369,-610,-86,143
2025-05-23,172300,176800,172300,174400,37459,6532849600,0.2299,-8414,-9936,18334,13046,5814,1854,-310,32,-2102,20,-4,0
2025-05-26,174400,175300,170300,175300,32516,5700054800,0.5161,-617,-5397,6050,4576,3935,-1418,-3245,0,2201,-35,-1,1
2025-05-27,173600,175400,172000,173200,33822,5857970400,-1.1979,-60,-9470,9489,6343,6024,-367,-210,0,-2301,6,35,0
2025-05-28,172600,177100,171000,176200,33601,5920496200,1.7321,-8744,-5267,13989,7017,2520,2992,109,0,1358,67,-45,-7
2025-05-29,176200,178100,174600,177400,32627,5788029800,0.681,-8032,-7043,15141,8312,2292,2858,173,0,1525,-64,-2,-19
2025-05-30,178500,183000,177100,177900,54075,9619942500,0.2818,-10621,-2728,13292,7350,5894,409,-537,0,-142,93,-36,318
2025-06-02,176200,179300,168200,170800,49843,8513184400,-3.991,14553,-2841,-11872,-4484,-4371,741,-5149,-2,1393,156,4,0
2025-06-04,169100,177900,169100,175200,40694,7129588800,2.5761,-7473,5371,2146,-7,4876,-2922,-182,-20,-89,-44,0,490
2025-06-05,174800,175500,171500,173000,31707,5485311000,-1.2557,1282,-1090,-203,-3282,6227,480,-1753,0,-1763,11,0,-112
2025-06-09,174400,181200,174400,177900,37908,6743833200,2.8324,-2312,-1951,4434,-2345,7273,301,-524,-2,-651,-209,38,382
2025-06-10,178100,178200,170500,175400,37845,6638013000,-1.4053,4465,-7376,3893,1067,945,-1279,2304,-138,817,-991,9,177
2025-06-11,173700,177000,172900,176000,26515,4666640000,0.3421,-6151,432,5767,2234,2016,-249,1554,-887,1137,-53,5,-38
2025-06-12,173300,180000,173000,177600,44269,7862174400,0.9091,-4973,-3578,8706,-700,691,7693,706,0,297,-29,-126,19
2025-06-13,175900,178400,170500,171500,36701,6294221500,-3.4347,11583,487,-11570,-2280,-4387,-3189,-2975,0,1261,-551,51,0
2025-06-16,173400,173400,169200,170600,27338,4663862800,-0.5248,3532,3101,-6566,-1439,-2243,-4556,-1061,0,2733,-67,0,0
2025-06-17,170000,172700,169800,172700,49771,8595451700,1.2309,-5616,-3706,11080,-2667,7571,4151,-2069,0,4125,-1839,81,-31
2025-06-18,171600,185200,171600,184300,106506,19629055800,6.7169,-52718,42866,10611,6164,1115,-7862,3969,0,7226,-221,-538,-1
2025-06-19,184700,187400,181200,184700,45118,8333294600,0.217,5503,-7429,1883,559,4106,-1652,-1379,0,0,105,-62,249
2025-06-20,185700,188700,184400,187300,58503,10957611900,1.4077,-4216,-13268,18099,5959,5156,4602,1312,-158,1227,-516,-99,1
2025-06-23,185000,186400,183400,185100,23419,4334856900,-1.1746,1104,3893,-4982,2689,1160,-385,-466,0,-7863,-20,5,-117
2025-06-24,187500,188500,184500,185000,25475,4712875000,-0.054,2422,-939,-1561,1645,-1507,-9,-3803,0,2163,-4,82,-50
2025-06-25,184300,186700,182800,183500,23202,4257567000,-0.8108,-271,324,-246,2710,454,219,-41,2,-3590,-5,198,0
2025-06-26,184000,184900,180600,182700,22467,4104720900,-0.436,-2677,2421,307,630,-1461,2504,-1383,0,17,-38,-13,0
2025-06-27,183400,190900,183400,188900,43480,8213372000,3.3935,-14979,563,15113,8823,5353,1200,806,0,-1069,-94,-603,0
2025-06-30,191500,193400,187200,188400,50684,9548865600,-0.2647,-4299,1282,3366,115,-1765,2181,251,0,2584,-308,-41,0
2025-07-01,188300,193500,186600,192000,45994,8830848000,1.9108,-10792,-455,10461,433,1367,2213,2879,0,3805,1060,-274,-236
2025-07-02,191000,193200,187600,192900,34755,6704239500,0.4688,-4918,-6153,11344,5034,4563,-4,372,0,1379,-274,1,0
2025-07-03,193300,194400,190500,191500,22250,4260875000,-0.7258,-26,-3824,3775,0,25,2669,1101,0,-20,73,2,0
2025-07-04,192200,192200,187300,187600,20109,3772448400,-2.0366,3527,-2145,-1829,-897,-1108,-375,-708,0,1259,468,-21,0
2025-07-07,188000,189800,186000,187400,24884,4663261600,-0.1066,-615,3732,-3143,611,2136,-5696,970,0,-1164,17,9,0
2025-07-08,189000,189000,184100,185600,31388,5825612800,-0.9605,8651,5911,-14571,-1779,-4357,-7152,-1709,0,426,7,2,0
2025-07-09,185300,191700,184300,188600,27408,5169148800,1.6164,-3674,-1242,4979,277,5762,-1210,-179,0,329,52,-115,0
2025-07-10,189100,189600,185000,187800,35123,6596099400,-0.4242,6260,-1316,-5014,-3543,-2303,8,-1040,0,1864,65,5,0
2025-07-11,186900,189400,185000,185600,28172,5228723200,-1.1715,8861,735,-9575,-1087,-9818,253,-422,0,1499,68,-89,0
2025-07-14,185200,199300,185200,197800,91738,18145776400,6.5733,-49886,35024,14569,5532,3095,-535,5192,1716,-431,941,-648,0
2025-07-15,195500,199200,193000,196200,28560,5603472000,-0.8089,942,-1884,759,576,852,1192,1276,0,-3137,156,27,0
2025-07-16,194300,195300,189500,190200,37970,7221894000,-3.0581,11797,-9081,-2980,2750,-6910,1868,879,86,-1653,101,163,0
2025-07-17,191500,191700,187800,189500,35664,6758328000,-0.368,1832,853,-2665,700,-8966,-88,1045,0,4644,-33,13,0
2025-07-18,190400,190900,185000,187200,18275,3421080000,-1.2137,4041,-2625,-1469,-2288,-40,-36,-52,86,861,53,0,0
2025-07-21,187100,190900,183000,184800,24287,4488237600,-1.2821,5557,1661,-7334,1835,-7229,529,-1141,0,-1327,58,58,-1
2025-07-22,184800,186800,183600,185200,24459,4529806800,0.2165,1376,4860,-6228,488,1591,422,90,0,-8819,42,-50,0
2025-07-23,186800,186800,181600,183800,24300,4466340000,-0.7559,2005,-1215,865,4491,-2266,-316,-3397,67,786,-1584,-71,1500
2025-07-24,181900,184500,177000,178100,51853,9235019300,-3.1012,18142,398,-19050,-7532,-8152,-511,-1466,57,-1420,138,372,-26
2025-07-25,177700,179000,175900,176400,21933,3868981200,-0.9545,6386,2560,-8999,-1754,-3122,-2825,-1264,0,-32,42,11,-2
2025-07-28,176000,176000,170000,171300,42675,7310227500,-2.8912,7835,4975,-12736,-4843,-6740,-3078,-2217,86,4055,-66,-8,1
2025-07-29,170500,172100,168500,172100,39895,6865929500,0.467,6304,17396,-23717,-3839,-23389,1201,-1520,86,3744,11,6,0
2025-07-30,170400,172700,169600,172100,23499,4044177900,0.0,5435,4588,-9978,-5143,-2813,-2981,-752,0,1711,-48,3,0
2025-07-31,171600,173700,170700,171800,19792,3400265600,-0.1743,3449,3195,-6698,-1067,-1508,-2324,-1075,0,-724,24,30,0
2025-08-01,169900,172000,167300,168500,28558,4812023000,-1.9208,577,4168,-5165,-1430,-2056,551,627,0,-2857,20,400,0
2025-08-04,167500,170300,167000,169100,37766,6386230600,0.3561,2819,16270,-19427,-1009,-10016,-13222,-140,0,4960,338,0,0
2025-08-05,169500,171900,167100,171300,28651,4907916300,1.301,5883,8440,-14274,-7785,-1963,122,-2571,0,-2077,-49,0,0
2025-08-06,170600,178300,169800,176900,44122,7805181800,3.2691,-9409,444,8302,6581,2837,862,-932,0,-2046,1105,-442,1000
2025-08-07,176700,179000,174600,178300,33150,5910645000,0.7914,-3473,5345,-1375,4967,-5866,-1120,1077,0,-433,-497,0,0
2025-08-08,177000,179200,167200,171300,60163,10305921900,-3.926,16434,-19113,2983,2570,-1612,829,2072,120,-1030,-319,15,34
2025-08-11,172600,172600,164900,165300,76528,12650078400,-3.5026,39674,-17654,-23549,-24825,1655,1862,-566,0,-1675,1085,444,0
2025-08-12,165400,166900,163600,164200,31190,5121398000,-0.6655,7273,3189,-10905,-8441,-2502,1008,1,86,-1057,248,195,0
2025-08-13,164400,166100,161400,163700,50938,8338550600,-0.3045,15106,8125,-23308,-3988,-11467,765,-2357,-2318,-3943,57,20,0
2025-08-14,164600,164600,162000,164100,27850,4570185000,0.2443,11927,-5544,-6608,-3318,-1654,-114,-833,-3,-685,195,30,-1
2025-08-18,163100,165600,162500,163000,23867,3890321000,-0.6703,773,-1258,248,-1225,-1033,3463,-741,0,-344,-11,248,128
2025-08-19,164400,164400,161400,162700,23770,3867379000,-0.184,5257,-4498,-911,-41,356,-2882,-19,0,1675,61,91,0
2025-08-20,164300,166900,162000,166100,34375,5709687500,2.0897,-10064,4232,6146,-1514,1651,2148,2862,0,999,-284,-30,0
2025-08-21,166700,167000,164100,164100,25554,4193411400,-1.2041,7817,-3264,-4206,-77,-4109,-295,-267,0,542,-2,-345,0
2025-08-22,164100,166400,163600,165400,20444,3381437600,0.7922,3272,-172,-3210,1011,-809,-996,-125,0,-2290,10,100,-1
2025-08-25,165100,166800,165100,166800,15963,2662628400,0.8464,-4432,2923,1637,1026,-550,2498,-1430,0,93,16,-144,0
2025-08-26,166000,167600,165700,165800,28505,4726129000,-0.5995,1249,-2761,1478,-18,1187,-2155,124,0,2340,24,10,0
2025-08-27,165500,167400,165200,165400,22996,3803538400,-0.2413,121,1319,-1399,-142,217,2970,374,0,-2159,-32,-9,-2659
2025-08-28,165200,166700,164500,166500,26004,4329666000,0.6651,2301,6530,-8405,-603,-7469,-1227,-1550,0,2444,-427,1,0
2025-08-29,166200,166700,164200,165300,23524,3888517200,-0.7207,2287,-2248,-42,2298,-496,550,234,0,-2247,-8,11,-381
2025-09-01,165400,165400,163100,164200,25806,4237345200,-0.6655,6064,4631,-10673,-2137,-4599,-879,-643,0,-2144,2,-24,-271
2025-09-02,163600,164800,160800,161200,28737,4632404400,-1.827,14780,-3038,-11840,-4494,-2203,-100,-1893,0,-3150,88,10,0
2025-09-03,161000,162300,160800,162200,21168,3433449600,0.6203,951,6215,-7246,-5685,-1381,-1109,-307,0,1236,80,0,0
2025-09-04,161700,170000,161700,169400,56558,9580925200,4.439,-18061,11133,6410,-4946,-534,5489,3788,0,2614,518,0,-1
2025-09-05,169400,171600,167700,169900,29514,5014428600,0.2952,-3540,7468,-3929,-2337,-3100,1450,-136,0,194,0,1,0
2025-09-08,170100,171000,168800,170600,23803,4060791800,0.412,-2068,5163,-4411,-1886,-1369,-998,17,0,-175,1298,18,0
2025-09-09,171000,174000,169900,173100,34842,6031150200,1.4654,-11787,10905,-169,-2493,-56,94,-388,0,2675,1067,-16,-1
2025-09-10,172400,175000,172300,174400,19962,3481372800,0.751,-3837,2179,1658,-2456,817,2674,-3471,0,4972,0,0,-878
2025-09-11,173700,174700,172000,174500,33067,5770191500,0.0573,1667,-3086,762,-2925,514,2145,-2867,0,3462,657,0,433
2025-09-12,175000,177400,173700,176600,25261,4461092600,1.2034,-5514,2772,2700,-659,2767,1493,-916,0,15,62,-20,0
2025-09-15,175300,180800,175100,180500,28973,5229626500,2.2084,-3945,1906,2107,-2057,1966,1904,-1056,0,617,-13,-55,733
2025-09-16,181000,188800,180400,186800,76107,14216787600,3.4903,-19720,9888,8646,2822,-3060,539,333,0,7837,1270,-84,175
2025-09-17,185000,192000,184900,191300,56267,10763877100,2.409,-12211,8075,4024,2009,-3358,274,3230,0,1869,200,-88,0
2025-09-18,190800,197600,190800,194900,70086,13659761400,1.8819,-10467,10811,-190,3918,-4849,104,-503,0,1140,-90,-64,0
2025-09-19,195000,207000,195000,205500,151069,31044679500,5.4387,-54976,64475,-8170,-1771,-3483,228,1020,0,-4164,-940,-389,0
2025-09-22,206000,206500,199900,200500,35554,7128577000,-2.4331,-2315,6650,-4089,-1022,-2406,-978,-2153,0,2469,-194,-52,1
2025-09-23,198200,202000,195900,199100,42275,8416952500,-0.6983,-8939,4121,4672,-793,-163,3333,-1005,0,3302,-47,193,-2
2025-09-24,198900,199000,192400,193400,55516,10736794400,-2.8629,-19124,20408,-383,-2753,-2879,-569,377,0,4957,-864,-37,484
2025-09-25,192700,194300,191900,192900,30392,5862616800,-0.2585,-7765,11369,-3491,-1465,-122,-731,-575,0,-598,-163,50,0
2025-09-26,192000,192900,183000,186700,39063,7293062100,-3.2141,-3149,5820,-2469,-837,-548,371,-95,0,-1360,-298,96,0
2025-09-29,189300,192000,187100,189400,32660,6185804000,1.4462,1273,-5960,4674,-2511,-317,-6,-243,0,7766,13,0,-15
2025-09-30,189400,189700,185600,187100,27244,5097352400,-1.2144,3412,2007,-5659,2595,-7988,543,168,0,-977,237,3,0
2025-10-01,187100,187800,182700,183300,31721,5814459300,-2.031,8454,1076,-9550,-2942,-3519,-2880,-903,0,695,26,-6,-1
2025-10-02,184800,185800,181000,182200,47533,8660512600,-0.6001,5237,3025,-7714,2724,871,-1168,-1630,-88,-8423,-543,-5,0
2025-10-10,181400,182400,176100,177500,36652,6505730000,-2.5796,8957,1736,-10627,-965,-1432,-1753,-2577,0,-3416,-94,28,-484
2025-10-13,178800,179900,174000,179100,36126,6470166600,0.9014,295,5559,-7058,1167,-1077,-1044,-89,0,-6015,1176,28,0
2025-10-14,177500,178400,175000,176000,36807,6478032000,-1.7309,5817,4584,-10106,-11927,-967,1813,-1276,0,1943,-310,15,308
2025-10-15,176000,177000,174500,174500,35228,6147286000,-0.8523,4165,4024,-8202,553,-3251,-481,-421,0,-4602,1,12,0
2025-10-16,174500,180400,174500,176800,35808,6330854400,1.3181,1630,398,-2052,-2090,-414,126,1466,0,-1140,29,-5,0
2025-10-17,176800,178900,174000,175300,27208,4769562400,-0.8484,6916,-2225,-4790,-2459,323,-861,-954,0,-224,96,3,-615
2025-10-20,176000,176600,173100,175900,24348,4282813200,0.3423,6851,-2360,-4516,-537,-4144,140,-1630,0,1658,20,5,-3
2025-10-21,175200,176800,173800,174700,43171,7541973700,-0.6822,14386,264,-14582,-3628,-5777,-1085,-1802,0,-2291,-59,-9,1
2025-10-22,174500,180900,173600,180800,57620,10417696000,3.4917,-3557,-6305,9756,-2177,2711,873,1326,0,7023,100,6,0
2025-10-23,179000,182200,177700,178800,25499,4559221200,-1.1062,2834,-5758,2983,3327,-1733,538,-123,0,974,-54,-5,0
2025-10-24,179100,179600,175900,178200,30012,5348138400,-0.3356,8512,161,-8816,-5547,-1168,-771,-502,0,-827,163,-20,-1
2025-10-27,178000,178800,173100,177100,60633,10738104300,-0.6173,21419,1704,-22590,-18848,-2451,-1016,-1466,-85,1392,-532,-1,-116
2025-10-28,177100,179700,174700,176800,43525,7695220000,-0.1694,4818,-7017,3100,1908,5081,-2064,-37,-16,-1772,-905,4,0
2025-10-29,179900,179900,174000,175900,43670,7681553000,-0.509,8676,7517,-16057,-13610,504,-287,-3383,-19,738,-131,-5,0
2025-10-30,174400,178700,174400,176400,42500,7497000000,0.2843,-4491,-3166,7332,11781,-1125,-454,410,0,-3279,316,9,-1
2025-10-31,176500,176500,173200,173700,35279,6127962300,-1.5306,11547,-3771,-8311,-11007,1171,478,-417,0,1164,533,2,300
2025-11-03,173400,175000,171000,171500,35583,6102484500,-1.2666,7407,7166,-14701,-9861,-2202,-186,-2513,-201,721,123,5,-459
2025-11-04,171000,181300,170200,177400,56712,10060708800,3.4402,-22091,4316,17649,2966,2134,13791,-865,0,-867,125,1,490
2025-11-05,179100,179100,174100,177100,50250,8899275000,-0.1691,-10023,-7244,17203,11394,3160,3565,747,0,-1661,59,5,-2
2025-11-06,178800,192600,176000,188700,133608,25211829600,6.55,-52500,-2315,55864,3958,26859,8754,10532,1100,4834,-977,-72,-173
2025-11-07,189900,194400,188800,192000,88182,16930944000,1.7488,-22305,-5109,28203,8327,17114,4718,1188,0,-3144,-781,-8,0
2025-11-10,193900,205000,193000,203000,90404,18352012000,5.7292,-51821,40847,11495,7215,7251,-6036,3234,-301,135,-225,-296,-3
2025-11-11,199000,205500,197700,204000,76715,15649860000,0.4926,-30654,16258,15696,2616,10519,2165,666,-200,228,-881,-419,-298
2025-11-12,202500,214500,201500,213500,94414,20157389000,4.6569,-61361,32036,30204,15407,6246,2604,5752,-200,399,-644,-235,-4
2025-11-13,212000,218500,211000,217000,80715,17515155000,1.6393,-26270,-5949,33691,10668,15372,1288,2284,-400,4479,-11,-1461,0
2025-11-14,215000,221000,212000,215500,53169,11457919500,-0.6912,-23863,582,24157,13133,9651,2253,784,0,-1932,-813,-63,268
2025-11-17,215000,222500,214500,222000,73479,16312338000,3.0162,-22191,7017,16665,8228,6222,-574,1762,0,1118,-1341,-150,-91
2025-11-18,218500,229000,216000,222000,100374,22283028000,0.0,-30697,-12066,45664,31039,8547,-2493,2685,0,5886,-2802,-99,0
2025-11-19,226000,233500,222000,225500,71892,16211646000,1.5766,-27829,-7235,35252,23831,7081,-24,5373,223,-1402,-187,-1,170
2025-11-20,223500,235500,222500,232500,87089,20248192500,3.1042,-31707,881,31893,13354,13454,1589,2732,0,317,-1029,-38,447
2025-11-21,232500,233000,224000,228000,23750,5415000000,-1.9355,-5197,-2626,9341,3021,2568,-148,442,0,3424,-1534,16,34
2025-11-24,230000,230500,214000,216000,88676,19154016000,-5.2632,-6307,17425,-10174,927,-7689,-7982,-2195,0,7402,-789,-155,-637
2025-11-25,214000,215000,208000,209000,54980,11490820000,-3.2407,-5713,18476,-12421,-1068,-9387,-3075,-1342,0,2542,-342,0,-91
2025-11-26,212000,217000,209000,215500,34948,7531294000,3.11,-3983,-5234,6344,784,1787,787,829,0,2157,2875,-2,0
2025-11-27,217000,220000,214500,217000,29959,6501103000,0.6961,-1848,-4472,6652,487,6302,-229,-272,0,364,-274,-58,0
2025-11-28,218500,219000,215000,217500,18486,4020705000,0.2304,-1546,-2859,4613,277,-17,1532,1720,0,1101,-208,0,0
2025-12-01,221500,235500,220500,234000,82030,19195020000,7.5862,-17429,-15030,32838,4415,11675,5182,11988,0,-33,-314,-65,-389
2025-12-02,233000,242000,229000,238500,86885,20722072500,1.9231,-24447,-8577,31181,4338,16469,7643,3731,577,-1486,1899,-56,-91
2025-12-03,241000,253000,239500,248500,111360,27672960000,4.1929,-18475,-7071,24915,3589,4781,10525,7189,0,-1335,727,-96,166
2025-12-04,255000,255500,240000,242000,77841,18837522000,-2.6157,-7920,-1716,9814,-6958,5170,11364,-341,0,579,-172,-6,0
2025-12-05,237500,249000,230500,242000,68484,16573128000,0.0,-10393,-17142,27844,1333,16084,7921,220,0,2286,-310,1,0
2025-12-08,248000,252500,241500,244000,53600,13078400000,0.8264,-8084,-12295,19517,959,15183,3940,580,0,-1138,862,0,-7
2025-12-09,247000,253500,245500,250500,73674,18455337000,2.6639,-14916,-17318,32648,4523,20366,7800,848,0,-863,-393,-21,-26
2025-12-10,252000,252500,244500,245500,50773,12464771500,-1.996,659,-5124,5387,596,2709,-61,2483,0,-340,-892,-30,0
2025-12-11,248500,260000,247000,256000,126490,32381440000,4.277,-22020,-8215,28980,-2008,5253,-2143,9150,207,18679,1279,-24,-158
2025-12-12,264000,270000,256000,257000,110561,28414177000,0.3906,-51,-19375,18381,-1528,7954,9296,-115,0,2835,847,198,-61
2025-12-15,255000,272000,252500,264500,129786,34328397000,2.9183,-23212,-8580,31718,-1343,-635,33833,-511,0,552,-63,137,-178
2025-12-16,268500,268500,256000,258000,84327,21756366000,-2.4575,-2479,13138,-11663,2052,-5789,-9241,-961,0,2276,998,6,0
2025-12-17,260500,272000,258000,265500,86323,22918756500,2.907,-6903,1329,4551,657,-1854,5376,-2540,-799,3711,954,69,0
2025-12-18,262500,265000,255000,258000,51920,13395360000,-2.8249,732,9523,-9764,-5212,1868,-4549,-2591,0,794,-501,10,-74
2025-12-19,260500,261000,249000,250000,96859,24214750000,-3.1008,-8151,20494,-12768,-2991,-5,-6865,-2909,-522,524,470,-45,0
2025-12-22,253000,253500,244500,249500,54138,13507431000,-0.2,-10182,19358,-9231,6070,-8590,-5710,-222,0,-831,-283,338,52
2025-12-23,249000,257500,247500,251000,55049,13817299000,0.6012,-12692,12501,962,2171,1261,-1672,639,38,-1475,-766,-5,0
2025-12-24,251000,265000,246000,254000,59912,15217648000,1.1952,-5341,4971,554,4122,-56,-1746,-5161,0,3395,-484,300,0
2025-12-26,252500,256000,246000,247500,55454,13724865000,-2.5591,-6506,6768,-194,-1186,-104,-4023,1865,0,3253,-224,156,1
2025-12-29,248000,251000,247000,249500,30169,7527165500,0.8081,5769,-5731,-476,3701,-785,-493,-596,-22,-2281,294,144,0
2025-12-30,247000,249000,245000,247000,26058,6436326000,-1.002,-4087,176,3966,492,735,-1031,126,0,3652,-168,113,-8
2026-01-02,247000,251000,226500,231000,90196,20835276000,-6.4777,12016,9818,-21479,-4529,-553,-13123,-3101,-46,54,-612,257,-181
2026-01-05,231000,244500,230500,241000,62736,15119376000,4.329,-25087,20570,5069,2324,-899,2914,90,0,649,-501,-51,-9
2026-01-06,245500,246000,235000,239000,50759,12131401000,-0.8299,-4230,11455,-8236,1741,-5763,-3948,613,0,-843,1075,-64,-36
2026-01-07,246500,263000,246000,262000,118170,30960540000,9.6234,-26729,27251,-1450,-3390,7645,-1274,-1354,0,-3049,825,103,-28
2026-01-08,256000,260000,250500,256000,94519,24196864000,-2.2901,3451,-14161,9404,328,1104,2761,988,0,4219,1250,56,4
2026-01-09,262500,264500,257000,260500,66431,17305275500,1.7578,-9603,-11500,20772,1325,10215,2977,-1709,0,7965,256,75,-1
2026-01-12,255500,275000,254500,268500,93748,25171338000,3.071,-18963,-4776,22793,2034,5776,16835,-5453,0,3930,1112,-166,-329
2026-01-13,272000,273500,266500,270500,54468,14733594000,0.7449,-17359,14822,4060,177,1467,5422,-3308,0,300,-1393,-130,2
2026-01-14,271500,284000,269500,282000,110614,31193148000,4.2514,-46102,25834,19728,2605,4482,7739,608,0,4293,468,72,1
2026-01-15,280500,287500,276500,280000,64328,18011840000,-0.7092,-8547,-4412,11085,-1806,4673,6308,-2290,0,4088,1561,313,112
2026-01-16,282000,292000,278000,285500,67682,19323211000,1.9643,-11754,8248,2711,308,4668,-1038,-1740,0,484,813,-18,29
2026-01-19,285500,286500,275500,276500,50603,13991729500,-3.1524,8162,13542,-22053,-2504,-7901,-4672,-7275,-2,302,279,70,-1
2026-01-20,276500,285500,273000,282500,57251,16173407500,2.17,-10850,8075,2561,3663,-25,5112,461,0,-6404,178,36,-246
2026-01-21,282500,290000,277000,289500,59707,17285176500,2.4779,-13257,700,11823,241,2228,8547,1894,-23,-1064,676,58,0
2026-01-22,283000,293500,282500,286500,58753,16832734500,-1.0363,828,6257,-7352,-6338,-6763,2455,-1489,-12,4718,366,-99,77
2026-01-23,286000,292500,284500,290000,52453,15211370000,1.2216,-11143,-3976,14898,-7819,4426,14799,2591,-14,915,122,99,0
2026-01-26,287000,292000,272500,277500,103785,28800337500,-4.3103,-17787,25706,-3626,-7748,8388,-5864,1299,-158,483,-3081,-1212,-26
2026-01-27,279000,283000,275250,281500,63912,17991228000,1.4414,-7191,22792,-12431,-229,-7971,-1956,-1154,0,-1120,-3011,-159,-1
2026-01-28,280000,302500,274500,297500,153945,45798637500,5.6838,-36965,37567,1094,-8758,8829,-920,-345,-36,1952,-1756,60,372
2026-01-29,292500,311500,286500,307000,149968,46040176000,3.1933,-49258,13434,36869,-223,2387,23974,-1771,-85,11573,-721,-324,1014
2026-01-30,305500,326000,301500,319500,123986,39613527000,4.0717,-6100,-5358,12709,1573,6394,3322,-272,0,1655,-1204,-47,37
2026-02-02,321500,333000,306000,313500,84088,26361588000,-1.8779,-8590,13575,-4381,511,3597,-4703,2901,0,-6693,-458,-146,6
2026-02-03,325500,330000,318500,322000,78328,25221616000,2.7113,-10545,15555,-3244,2414,4754,-15327,-431,0,5346,-1766,0,0
2026-02-04,322000,326000,317000,322500,85637,27617932500,0.1553,-20872,20616,676,4859,4345,-1388,-1769,-2,-3597,-300,-120,-1772
2026-02-05,322500,339000,322000,329500,98108,32326586000,2.1705,-8312,12987,-3923,-52,-1316,-4833,4620,33,-2374,-491,-261,-1
2026-02-06,334500,338000,315000,329500,86898,28632891000,0.0,3538,-19341,16142,6876,11359,-2584,760,0,-269,-531,192,0
2026-02-09,332500,359000,320000,355000,132753,47127315000,7.739,-31967,-362,34710,2447,6807,12720,480,0,12256,-2295,-86,0
2026-02-10,365000,386000,360500,376500,114129,42969568500,6.0563,-8965,7261,2313,-5293,2126,2876,-1862,0,5373,-541,-68,-907
2026-02-11,386500,391000,360000,365000,98417,35922205000,-3.0544,486,10309,-10637,-1450,-5005,-3704,-1050,0,705,10,-168,-133
2026-02-12,369000,371000,354000,365000,116649,42576885000,0.0,1160,15530,-16270,-1816,-9119,-13528,-4205,0,12498,-242,-178,-100
2026-02-13,365000,370000,355000,364000,65205,23734620000,-0.274,-587,15460,-14193,-2503,-9187,-4303,-1983,-122,3956,-536,-144,-51
2026-02-19,359500,359500,342000,354000,121961,43174194000,-2.7473,12027,37466,-49277,-9103,-26327,-7907,-14897,-2,9162,-179,-37,-203
2026-02-20,351500,364000,345000,351500,82679,29061668500,-0.7062,-9700,17610,-7657,-1748,-11855,-3793,171,0,9605,-165,-88,-37
2026-02-23,351000,375750,347000,357000,105431,37638867000,1.5647,-8519,39517,-29836,-1204,-23365,-13948,-2550,0,11231,-963,-199,0
2026-02-24,351500,360000,349000,355000,58978,20937190000,-0.5602,3065,10345,-14056,251,-9917,-7897,281,0,3225,646,0,1
2026-02-25,355500,365000,347000,363500,79156,28773206000,2.3944,-11024,11635,-487,-1619,-3132,-1548,-794,2000,4607,2,-126,-1
2026-02-26,359500,372500,358000,360000,69442,24999120000,-0.9629,2366,9958,-14265,-8669,-2077,-772,-2552,280,-417,1911,30,-58
2026-02-27,358000,384000,353000,368500,84556,31158886000,2.3611,-15487,10093,3254,-967,6841,602,910,34,-4166,2165,-25,0
2026-03-03,368500,384500,357000,359500,93544,33629068000,-2.4423,-20435,25948,-3534,5009,-356,602,-1112,17,-7694,-2009,30,0
2026-03-04,349500,359000,306000,320000,120746,38638720000,-10.9875,-20030,11256,7641,-4445,199,12689,833,0,-1560,1122,11,-75
2026-03-05,340000,347000,328000,337500,65241,22018837500,5.4688,-1326,6036,-4138,7366,-7737,-4236,2450,9,-1944,-460,-112,-46
2026-03-06,326000,340500,324500,334000,46951,15681634000,-1.037,-1133,9788,-9377,7705,-8290,-1498,-777,0,-6518,710,12,1
2026-03-09,307000,316000,303500,313000,74162,23212706000,-6.2874,-9791,24350,-14265,2865,-6083,-5230,-3237,0,-2580,-234,-60,0
2026-03-10,319000,350000,318500,330500,52183,17246481500,5.5911,846,454,-823,2136,-2758,3999,-1074,0,-3216,-488,11,90
2026-03-11,345000,363000,337500,342000,70028,23949576000,3.4796,-4217,4118,1405,59,4136,2180,-958,0,-4011,-1296,-10,-1
2026-03-12,339500,346000,334000,336500,50606,17028919000,-1.6082,-44,4279,-2653,-134,1920,7614,-86,0,-11968,-1582,0,1
2026-03-13,320500,346000,320000,326000,51179,16684354000,-3.1204,-5971,7231,-1578,-2649,1638,312,636,0,-1514,327,-9,-1
2026-03-16,328500,361500,326500,349000,76157,26578793000,7.0552,-10999,-6278,17254,-597,15669,6457,1254,0,-5529,93,-70,0
2026-03-17,352500,367000,336000,344500,76416,26325312000,-1.2894,784,-7668,6528,-1836,-1422,3341,-257,0,6703,373,-17,-1
2026-03-18,350000,350000,337000,345500,68589,23697499500,0.2903,2155,-2686,573,-6004,3882,-3669,-2047,87,8323,-43,1,1
2026-03-19,339000,343500,330500,335500,55534,18631657000,-2.8944,2464,4729,-7157,-5779,324,659,199,0,-2560,-35,-1,0
2026-03-20,334500,348500,334000,344000,60526,20820944000,2.5335,-7264,6806,194,-47,-3258,-721,-205,0,2425,255,9,2000
2026-03-23,335000,335000,316000,319500,53173,16988773500,-7.1221,-211,13849,-13847,-2362,2761,-5551,-1198,-180,-7317,226,-17,0
2026-03-24,330500,333500,315500,320500,47310,15162855000,0.313,2009,13761,-15843,-1439,-2449,-12886,-128,-5,364,78,-5,700
2026-03-25,330000,341500,325000,337000,43836,14772732000,5.1482,-8269,-638,9163,-572,1689,361,3932,-112,2060,-247,-9,1805
2026-03-26,337500,338500,327000,332500,25222,8386315000,-1.3353,420,1227,-1709,105,1345,-2982,-2497,0,2321,62,0,-1
2026-03-27,320000,338500,320000,337000,45141,15212517000,1.3534,-9645,2417,7179,-902,12187,-893,1248,7,-4504,52,-3,36
2026-03-30,316000,322500,303500,309000,76749,23715441000,-8.3086,8422,-11839,3209,-6025,7837,-319,-1230,9,2936,202,6,1
2026-03-31,300000,309000,295500,300500,73999,22236699500,-2.7508,-7414,8653,-2261,-2912,-856,-1777,895,12,4457,994,28,-2080
2026-04-01,314500,317500,300500,316500,54357,17203990500,5.3245,-3815,5369,-1670,-3112,-4120,391,-1121,0,6294,115,1,-2
2026-04-02,316500,323000,304500,307000,43861,13465327000,-3.0016,-2638,18175,-15553,-7574,-1872,358,-356,0,-6149,25,-9,40
2026-04-03,309000,312000,302000,305000,40611,12386355000,-0.6515,1799,15601,-17564,-5236,-8096,-20,-1996,-9,-2207,164,0,0
2026-04-06,308000,330000,305500,323500,44965,14546177500,6.0656,-13811,6342,7216,-2528,2920,-658,2407,0,4970,258,-5,105
2026-04-07,320500,324000,303500,311000,42646,13262906000,-3.864,3350,4298,-7703,438,-7392,-1672,2320,0,-698,37,18,-699
2026-04-08,322500,333000,319000,330000,55458,18301140000,6.1093,-10945,90,10977,-5162,5615,6613,1484,0,2427,-123,1,0
2026-04-09,332500,351500,326000,346500,81096,28099764000,5.0,-11107,12977,-1470,5787,6110,3234,1969,100,-18649,-322,-78,-21
2026-04-10,348500,350500,338500,341000,32412,11052492000,-1.5873,-1055,2524,-1329,-1481,1011,-86,255,0,-1046,-116,-24,18
2026-04-13,335500,346000,331000,343000,50890,17455270000,0.5865,-1506,6398,-5227,-204,-862,-1329,681,0,-3531,231,104,18
2026-04-14,346000,352000,340000,346500,33529,11617798500,1.0204,-370,4885,-4550,-905,-3008,-97,-2791,-1000,4149,-44,79,-898
2026-04-15,354000,361500,341000,345500,67615,23360982500,-0.2886,-2110,16143,-14056,-994,-11965,-2995,-2894,-258,5049,30,-7,1
2026-04-16,349500,382000,348500,375500,89028,33430014000,8.6831,-16943,5494,12689,-2081,2225,13477,791,-600,-947,-1645,405,-176
2026-04-17,375000,390000,369000,379000,38057,14423603000,0.9321,-3125,-6279,9277,-853,1545,6036,2512,-33,85,105,22,-15
2026-04-20,389500,390000,372500,373000,34642,12921466000,-1.5831,-3518,1901,1355,-1255,-2191,3460,-772,0,2114,293,-31,-1
2026-04-21,371500,394500,371500,382000,85758,32759556000,2.4129,-3664,15526,-11655,-264,-613,-4290,-3933,0,-2556,-226,19,1
2026-04-22,382500,390500,377500,382000,32972,12595304000,0.0,470,4945,-5253,751,-2841,-3151,648,0,-659,-123,-39,-1
2026-04-23,389500,402500,376500,384500,68428,26310566000,0.6545,-9047,8502,1720,1243,-714,2541,-2105,0,755,-1183,8,0
2026-04-24,389500,410000,388500,407000,68810,28005670000,5.8518,-2603,-7084,9845,-1255,2992,7046,1629,71,-638,452,-610,0
2026-04-27,423000,448000,399000,402000,115007,46232814000,-1.2285,14183,-8419,-4677,229,-9761,-678,1242,-98,4409,-854,-233,-20
2026-04-28,395500,417000,391500,407500,72877,29697377500,1.3682,-18775,20142,-1543,-67,1513,470,-1060,-49,-2349,172,4,-1
2026-04-29,409500,418000,403000,406500,28536,11599884000,-0.2454,1381,3496,-4902,-1774,1071,-3062,-1107,-84,54,57,-32,0
2026-04-30,405000,420000,399000,407000,66865,27214055000,0.123,-12537,13814,-1061,29,682,3733,798,60,-6363,-242,26,0
2026-05-04,423000,428500,402000,410500,75458,30975509000,0.86,-3322,2215,1917,-110,-15031,12357,-647,0,5349,-759,-51,-1
2026-05-06,406000,423000,399000,410000,67156,27533960000,-0.1218,-5941,12993,-7191,92,399,3538,-2190,0,-9017,-262,401,-13
2026-05-07,414000,442000,411000,433000,69559,30119047000,5.6098,-17217,15884,1711,-932,-902,434,2619,-11,553,-464,86,-50
2026-05-08,436000,437500,409000,428500,49510,21215035000,-1.0393,-778,4531,-3570,451,4272,-6864,-176,-73,-1183,-92,-91,3
2026-05-11,449500,463500,439000,445500,69669,31037539500,3.9673,2286,9848,-12579,-1407,-4585,-3889,-2046,0,-670,182,263,18
2026-05-12,455500,465500,421000,441500,135994,60041351000,-0.8979,10535,-24446,14412,7270,7650,-469,464,-1,495,-147,-354,-997
2026-05-13,468000,509000,460000,482500,188428,90916510000,9.2865,-29893,64487,-34541,-2126,811,-31634,-713,12,-861,-565,512,-30
2026-05-14,473000,535000,471500,535000,144664,77395240000,10.8808,-12204,8315,2991,-732,3407,-6936,-2800,0,10388,801,97,-336
2026-05-15,573000,580000,530000,541000,152256,82370496000,1.1215,-4406,-64,4011,-1957,1989,-1042,1415,12,3588,1024,-565,6
2026-05-18,520000,525000,487000,503000,90228,45384684000,-7.024,5554,3218,-8694,-7058,-732,-3157,-1864,0,4139,237,-315,-22
2026-05-19,498500,514000,490000,506000,74691,37793646000,0.5964,-2019,4350,-1666,-672,-1081,-2271,1911,0,438,-911,246,9
2026-05-20,496000,508000,482000,494500,87448,43243036000,-2.2727,-10092,-10883,21071,-3797,7165,21625,-1056,0,-2859,139,-235,-7
2026-05-21,514000,599000,504000,578000,125719,72665582000,16.8857,5273,-24520,18372,-302,25326,5135,-2247,71,-9425,984,-109,-186
2026-05-22,567000,568000,528000,535000,87831,46989585000,-7.4394,15235,-16498,415,-3062,-1736,1857,-1037,-71,4473,731,117,-9
2026-05-26,520000,548000,518000,525000,84786,44512650000,-1.8692,-4088,26741,-22116,-3358,-15972,-437,-2939,0,664,-594,57,-74
2026-05-27,514000,527000,498500,527000,83757,44139939000,0.381,-15116,26566,-11624,-2875,-3351,-5370,-1752,0,1788,-728,902,-64
2026-05-28,522000,535000,499000,521000,72459,37751139000,-1.1385,-70,1995,-3304,-2465,-4369,6080,-76,0,-2427,1540,-161,-47
2026-05-29,528000,542000,504000,515000,107091,55151865000,-1.1516,1664,6833,-9544,-1957,-2705,-7589,-203,0,2891,995,52,19
2026-06-01,510000,532000,503000,516000,68137,35158692000,0.1942,3268,6798,-10123,-6418,-3612,1303,-1927,-29,1530,97,-40,-970
2026-06-02,520000,571000,512000,569000,149045,84806605000,10.2713,-7106,-2287,9219,-1044,7971,3014,-303,582,-2039,403,-229,1038
2026-06-04,577000,680000,576000,659000,163545,107776155000,15.8172,-18208,7164,10773,-468,3533,10670,394,78,-3461,-65,336,27
2026-06-05,656000,722000,622000,650000,156359,101633350000,-1.3657,-5498,39182,-32845,-11997,-2753,-11570,-480,0,-6001,-92,-747,-44
2026-06-08,600000,634000,557000,572000,133974,76633128000,-12.0,-3272,-6174,9137,227,-40,13261,-2974,-112,-1204,1469,-1160,-21
