date,open,high,low,close,volume,trading_value,change_rate,individual_net,foreign_net,institution_net,pension_net,trust_net,privateequity_net,insurance_net,bank_net,financial_net,other_corp_net,other_foreign_net,other_finance_net
2016-05-26,66400,67000,65000,65100,421915,27466666500,-1.81,102520,-4072,-101400,-38779,-17182,-42766,3325,-2359,-3639,2510,442,0
2016-05-27,64900,65700,64600,65300,309912,20237253600,0.3072,69212,-15525,-71853,-42063,5376,-690,-721,-1128,-32627,18570,-404,0
2016-05-30,65400,65700,64500,64700,339965,21995735500,-0.9188,96601,-37732,-63139,-43534,11433,-19202,-6107,0,-5695,4208,62,-34
2016-05-31,64600,66200,64600,65900,387135,25512196500,1.8547,-53393,90809,-31033,-27796,10270,3211,-2668,1000,-14626,-6352,-31,-424
2016-06-01,66100,66200,65100,65700,253743,16670915100,-0.3035,35077,23991,-59271,-36831,6447,-1221,-17397,0,-10269,15,188,0
2016-06-02,65800,66100,65100,65500,193494,12673857000,-0.3044,28773,5810,-27552,-24265,9039,-819,-1777,0,-8467,-7000,-31,-1263
2016-06-03,65300,66600,65100,66000,281782,18597612000,0.7634,-21565,-9647,30274,-314,-1776,3603,-375,0,29136,999,-61,0
2016-06-07,65800,66000,65000,65500,313699,20547284500,-0.7576,58431,-49173,5137,-17994,-4324,0,-495,-2276,31406,-14122,-273,-1180
2016-06-08,65400,66100,65300,65700,264568,17382117600,0.3053,20360,18479,-40911,-29719,1583,-1925,-9201,-3415,1766,1972,100,0
2016-06-09,65500,66000,65000,65300,333557,21781272100,-0.6088,16809,50968,-72122,-45422,9077,-12530,-9876,0,-13371,4110,235,0
2016-06-10,65500,65600,65100,65600,189283,12416964800,0.4594,22255,9499,-31328,-21642,-15060,-1889,-5956,0,13219,352,-778,0
2016-06-13,66500,68400,66100,66300,887621,58849272300,1.0671,-57822,41292,7280,20183,-1704,16963,-4252,0,-23910,7864,1386,0
2016-06-14,66800,66800,65000,65600,443236,29076281600,-1.0558,55272,-44254,-17464,-15858,18555,764,-661,0,-20264,6419,27,0
2016-06-15,65300,65400,64300,64600,318503,20575293800,-1.5244,-5385,46579,-41783,-19636,-9448,-4198,4018,53,-12572,249,340,0
2016-06-16,64500,65000,62900,63000,367930,23179590000,-2.4768,73218,-42512,-24496,-28565,13483,-1399,-768,-218,-7029,-6426,216,0
2016-06-17,63000,63800,62900,62900,241763,15206892700,-0.1587,-9031,12704,-4560,-8492,89,-1427,-402,0,5672,850,37,0
2016-06-20,63000,63900,63000,63700,157506,10033132200,1.2719,-2683,14931,-12206,-8874,-6265,11058,-667,0,-7458,77,-119,0
2016-06-21,63200,63500,63000,63100,210715,13296116500,-0.9419,45637,-13732,-34333,-21348,-9396,13868,-559,0,-16698,2350,78,-200
2016-06-22,63100,63500,62600,63200,266728,16857209600,0.1585,45592,-20812,-24776,-13281,-25568,15625,-1070,0,5628,87,-91,-6110
2016-06-23,63000,64800,62900,64400,322665,20779626000,1.8987,-93196,28182,56561,5104,46918,-1113,6706,0,-1027,8658,-205,-27
2016-06-24,65400,65500,61400,62500,809713,50607062500,-2.9503,-75480,54131,25126,-19257,6374,23193,2778,1765,10273,-3469,-308,0
2016-06-27,61100,64300,61100,64000,491266,31441024000,2.4,-110786,53451,59898,1359,14432,25181,3360,-6486,22052,-584,-1979,0
2016-06-28,63300,65600,63300,65300,360770,23558281000,2.0312,-82120,-20335,97294,4106,66301,2424,4063,2000,19038,5281,-120,-638
2016-06-29,65700,67200,65600,66600,612244,40775450400,1.9908,-181627,123333,37642,1286,31343,-3436,-596,0,8835,21314,-662,210
2016-06-30,67200,68000,66600,67900,464534,31541858600,1.952,-146277,153802,5350,13089,20138,-511,-5264,-37,-22065,-12542,-333,0
2016-07-01,68000,68000,66700,67100,233309,15655033900,-1.1782,-21026,22161,-1853,-222,8256,181,-2727,0,-7341,2280,-1562,0
2016-07-04,67100,68400,66800,66900,255080,17064852000,-0.2981,-9292,-11302,17627,10622,7508,-4153,-3091,0,6741,2924,43,0
2016-07-05,67200,68000,66600,68000,327394,22262792000,1.6442,-30405,-60135,93855,42254,27550,-499,2352,0,22198,-3049,-266,0
2016-07-06,67800,68600,66100,66200,337139,22318601800,-2.6471,3559,-34650,30872,2509,2945,2796,-8657,0,31279,1150,-931,0
2016-07-07,66600,67600,66600,66900,293125,19610062500,1.0574,-60378,-49967,58420,3818,-5841,15313,5138,42,39950,53202,-1277,0
2016-07-08,66900,68200,66200,66400,542190,36001416000,-0.7474,-16729,-33312,50286,51865,-8387,-16388,1610,0,23905,-605,360,-2319
2016-07-11,66000,66300,63800,64100,725578,46509549800,-3.4639,141198,47367,-162032,-44773,-20917,-55911,-8781,-1000,-28979,-29826,3293,-1671
2016-07-12,64000,64700,63300,64600,296211,19135230600,0.78,-5692,14961,-1572,2871,1550,-12564,3477,0,4624,246,-7943,-1530
2016-07-13,64600,65600,64500,65000,232498,15112370000,0.6192,4875,14202,-18962,-16186,546,120,247,0,-2096,-215,100,-1593
2016-07-14,65000,65200,64500,65000,154640,10051600000,0.0,9966,22166,-32913,-9148,-10731,4751,-12761,0,-5024,691,90,0
2016-07-15,64900,65300,64100,64200,258075,16568415000,-1.2308,76498,-76867,3483,-37,-8394,-2543,3316,0,11141,-3290,176,0
2016-07-18,64200,64400,63500,63500,205153,13027215500,-1.0903,53539,-47752,-4698,81,-3439,-1973,-26,2123,-1464,-1091,2,0
2016-07-19,63300,64400,63100,64000,263788,16882432000,0.7874,24210,14833,-31618,-12813,-3682,-2716,946,0,-13353,1053,-8478,0
2016-07-20,64000,64800,64000,64700,287804,18620918800,1.0938,-10933,13800,-7128,520,-4092,-860,4249,-2405,-4540,4301,-40,0
2016-07-21,64800,65100,64200,64800,386179,25024399200,0.1546,5415,90699,-94889,-109382,8699,263,-8510,0,14041,-965,-260,0
2016-07-22,64800,65400,64600,65300,348051,22727730300,0.7716,-49569,46963,2300,43476,-15011,-14638,-10747,0,-780,317,-11,0
2016-07-25,64600,64600,62100,62200,1094900,68102780000,-4.7473,561192,-406958,-153290,-95541,-28384,-12896,-16247,-2053,1531,-1713,769,300
2016-07-26,62000,62100,60300,61700,540092,33323676400,-0.8039,100804,-116507,2361,-7006,16069,5747,-12204,128,-373,12759,583,0
2016-07-27,61200,61700,60000,60000,889583,53374980000,-2.7553,284477,-140159,-146066,-127400,2743,-9221,-21289,0,9101,884,864,0
2016-07-28,59500,60400,59500,59900,473143,28341265700,-0.1667,145315,-18636,-59030,-88513,37420,5001,-15644,0,2506,-67581,-68,200
2016-07-29,59800,60300,59600,59600,362456,21602377600,-0.5008,121615,-91309,-30501,-12192,158,-5664,-2392,0,-10411,234,-39,0
2016-08-01,59300,59600,57200,57300,711380,40762074000,-3.8591,48183,-2259,-48988,-13420,-19112,-22383,-379,174,6132,2746,318,0
2016-08-02,57300,58300,57300,58100,359577,20891423700,1.3962,13629,-9963,4476,-24872,23074,-4172,20442,0,-9786,-8208,66,-210
2016-08-03,58200,60000,57200,59400,534812,31767832800,2.2375,-103057,-47457,150996,65524,18102,74566,21654,0,-28850,-267,-215,0
2016-08-04,59900,61200,59900,60900,501676,30552068400,2.5253,-159638,-40428,187154,89887,20100,73736,17755,-1248,-13115,13192,-280,39
2016-08-05,61000,61200,58800,58800,402261,23652946800,-3.4483,53582,6854,-61991,-40063,-2011,-20692,-4444,-1132,6351,529,1026,0
2016-08-08,58500,59700,58200,59100,262251,15499034100,0.5102,12443,-5222,-18302,-36770,16125,-530,-2895,0,5768,11071,10,0
2016-08-09,59200,60300,59100,59700,257368,15364869600,1.0152,-23973,19967,4962,-12908,1361,-188,-14034,0,30731,-966,10,0
2016-08-10,59700,61200,59700,60600,351526,21302475600,1.5075,-88862,50945,44522,20233,12695,3906,-5171,0,12859,-5982,-623,0
2016-08-11,61100,62000,60700,62000,423282,26243484000,2.3102,-162121,13020,149626,66456,9450,46907,-6236,0,33049,-401,-124,0
2016-08-12,62400,62700,61500,62300,361738,22536277400,0.4839,-101640,-10987,112584,38180,26342,18667,13692,0,14020,-300,343,1683
2016-08-16,62500,62600,61500,61900,242796,15029072400,-0.6421,-59163,14550,44257,25131,-1981,24,13715,0,5704,390,-34,1664
2016-08-17,61500,62300,61300,62200,209666,13041225200,0.4847,-50882,9496,41191,36038,-3396,651,6087,0,139,434,-239,1672
2016-08-18,62000,62800,62000,62300,237564,14800237200,0.1608,-27957,-7719,36109,31216,-994,-646,21008,0,-16133,-235,-198,1658
2016-08-19,62000,62700,61900,62400,241224,15052377600,0.1605,-68720,43766,25670,41794,-8184,-678,8199,0,-15461,116,-832,0
2016-08-22,62400,62700,61600,61700,171809,10600615300,-1.1218,-9855,-4412,12621,33040,-11240,-1961,1245,0,-8463,114,1532,0
2016-08-23,61900,63500,61900,63400,425686,26988492400,2.7553,-136434,15034,125336,60105,7494,49528,13182,0,-4973,-3485,-451,0
2016-08-24,63700,65000,63700,65000,672392,43705480000,2.5237,-234116,106600,123469,61548,12982,26333,23008,1293,-5695,4506,-459,4000
2016-08-25,65100,66200,64500,66100,509607,33685022700,1.6923,-202606,145718,60065,41300,278,3538,1337,4786,8826,-2920,-257,0
2016-08-26,66100,67200,65500,67000,720898,48300166000,1.3616,-110354,-9334,109266,69110,17549,-5024,6564,1913,19154,9873,549,0
2016-08-29,66500,68100,65900,68000,629197,42785396000,1.4925,-296968,269010,42420,49591,15021,-8686,-137,594,-13963,-11575,-2887,0
2016-08-30,68400,68500,67500,68000,405513,27574884000,0.0,-118584,64816,53293,74934,-19693,-1751,-1911,144,1570,626,-151,0
2016-08-31,67900,68300,67500,67800,226630,15365514000,-0.2941,-61129,15873,46012,45709,397,58,-6201,0,6173,-761,5,-124
2016-09-01,67700,68300,66400,67300,288908,19443508400,-0.7375,-73531,52674,-4958,18249,3616,-19291,-6769,0,-2779,28858,-3043,2016
2016-09-02,67300,68600,67300,68100,301032,20500279200,1.1887,-87974,41222,46316,61997,10021,6709,-27760,-87,-4564,417,19,0
2016-09-05,68600,69300,68400,68900,235614,16233804600,1.1747,-61189,52351,9659,36285,-19778,-8910,2625,-857,1288,-1022,201,-994
2016-09-06,69000,69400,67000,68000,319614,21733752000,-1.3062,-42884,29740,-1134,20263,3863,-9890,-28494,4133,14701,13698,580,-5710
2016-09-07,67900,67900,66100,66300,296699,19671143700,-2.5,-15258,51440,-33315,18249,-21262,-39258,-9379,300,19609,-2243,-624,-1574
2016-09-08,66000,67100,66000,67100,223503,14997051300,1.2066,-38080,37236,1078,9508,-13489,-17884,-2299,0,26247,-398,164,-1005
2016-09-09,66800,66800,64600,65000,292226,18994690000,-3.1297,68305,18331,-85378,10017,-43195,-10175,-10914,224,-31335,-746,-512,0
2016-09-12,63500,65100,63100,64500,163107,10520401500,-0.7692,-46428,43174,3385,22692,-16640,-7097,1121,545,2649,-71,-60,115
2016-09-13,65300,65500,64300,64400,211824,13641465600,-0.155,19363,28420,-47762,49072,-8115,-19745,-4524,377,-64996,-26,5,169
2016-09-19,63800,65200,63800,64800,130102,8430609600,0.6211,1335,14792,-16096,4764,-3534,1044,-3583,0,-14787,-12,-19,0
2016-09-20,64300,64800,63700,64200,132355,8497191000,-0.9259,19240,20455,-39413,-3922,-8699,2329,-335,-5000,-23786,-302,20,0
2016-09-21,64000,64300,63500,64300,115262,7411346600,0.1558,7434,-2255,-5472,11736,-4606,166,1919,-2400,-12287,190,103,0
2016-09-22,64700,64800,63800,64200,191083,12267528600,-0.1555,38565,-20407,-6904,28866,-9137,-470,-14073,-4746,-7344,-11088,-166,0
2016-09-23,64600,64600,62500,62600,389769,24399539400,-2.4922,119642,-28258,-91391,-12691,-46647,-8687,-11127,-8220,-1325,466,-459,-2694
2016-09-26,62400,63300,61500,62500,257815,16113437500,-0.1597,28862,15669,-45584,-8239,-5045,-8793,-9508,-865,-13134,548,505,0
2016-09-27,62400,63400,62400,62700,248530,15582831000,0.32,6407,12037,-20144,7016,-9958,133,-14733,-149,-2453,433,1267,0
2016-09-28,62700,63700,62500,62600,196492,12300399200,-0.1595,24508,-46611,19956,13917,-2053,881,667,-150,6694,2758,-611,0
2016-09-29,63200,63200,62600,62700,174103,10916258100,0.1597,58834,-52498,-4355,11507,-48,-3379,-4713,-75,-7647,-2631,650,0
2016-09-30,62000,62400,60300,60500,657844,39799562000,-3.5088,185778,-39898,-103734,-31097,15086,-66199,-12055,-104,-7699,-42435,289,-1666
2016-10-04,60700,61600,60700,61000,120934,7376974000,0.8264,18962,-857,-10204,4526,-11819,-372,1254,-75,-3718,-7886,-15,0
2016-10-05,61000,61000,60400,60500,163150,9870575000,-0.8197,25773,2804,-30122,-1148,2960,-23267,-4166,0,-4501,1535,10,0
2016-10-06,60400,60800,59700,60000,209837,12590220000,-0.8264,96516,-841,-100412,-12764,-57111,-9091,-6005,143,-15584,4721,16,0
2016-10-07,59800,60400,59500,59800,211953,12674789400,-0.3333,30553,27611,-54397,-42972,1837,75,-8408,0,-4929,-3938,171,0
2016-10-10,60300,60300,59300,59500,196051,11665034500,-0.5017,74979,-13167,-62147,-34654,-27504,357,-17567,87,17225,290,45,-91
2016-10-11,59900,60300,59200,59500,255098,15178331000,0.0,75742,-26619,-49541,-67310,-31364,26309,-2754,-749,26327,382,36,0
2016-10-12,59500,60700,59400,60300,189839,11447291700,1.3445,-19213,8463,8012,-25771,-7016,8311,4432,1644,26412,2725,13,0
2016-10-13,60300,60400,59700,60200,183287,11033877400,-0.1658,33069,-21747,-11557,-3719,8612,11464,11217,0,-39131,213,22,0
2016-10-14,60200,60300,59700,59800,149407,8934538600,-0.6645,27787,-9505,-18417,1141,-6158,-1404,-3014,0,-8788,-9,144,-194
2016-10-17,59900,60100,59200,59300,167985,9961510500,-0.8361,21721,23625,-45473,-31971,53,-108,-1688,0,-11759,97,30,0
2016-10-18,59200,60000,59200,59700,131331,7840460700,0.6745,-631,26893,-26590,-5208,-17950,317,-3249,0,-500,76,252,0
2016-10-19,59700,61000,59700,61000,274981,16773841000,2.1776,-48418,48375,3629,-13535,7595,15364,2311,-1300,-6806,-427,-3159,0
2016-10-20,61400,62500,60600,62400,427769,26692785600,2.2951,-96774,107610,-24940,-12707,-6933,116,-3869,0,-1547,13619,485,0
2016-10-21,62400,62500,61600,62400,249500,15568800000,0.0,-28679,97361,-70236,-38166,-1995,-2953,-9916,0,-17206,1558,-4,0
2016-10-24,62400,62500,61300,62000,209165,12968230000,-0.641,-28376,50810,-24126,-16983,-3209,-3063,-5330,0,4459,1693,-1,0
2016-10-25,60100,60200,57300,57700,1442578,83236750600,-6.9355,473820,-64735,-413506,-116280,-100471,-58996,-85310,53,-50504,4630,-209,-1998
2016-10-26,57200,57700,55800,56200,737813,41465090600,-2.5997,187187,-121238,-66172,-26714,-346,36110,-11453,107,-64126,9,214,250
2016-10-27,56800,58900,56800,58200,492251,28649008200,3.5587,-134482,220804,-85233,-51126,-7305,1477,-5107,-50,-23122,-1089,0,0
2016-10-28,58100,58600,57500,57500,181956,10462470000,-1.2027,-4705,18182,-13425,-6496,-1139,-2407,-77,0,-3306,40,-92,0
2016-10-31,57500,58100,56900,57300,235453,13491456900,-0.3478,-1355,12383,-10783,-1887,-4983,-3577,-7293,0,6957,-8,-237,0
2016-11-01,56800,57000,54600,55100,571545,31492129500,-3.8394,129289,33549,-164137,-52778,-39246,-24728,-28646,167,-18906,647,652,0
2016-11-02,54800,54800,51900,52000,646147,33599644000,-5.6261,76897,32598,-77953,-9059,-18314,-33025,-10104,-126,-7325,-32169,627,0
2016-11-03,51700,53300,51700,52500,236711,12427327500,0.9615,42277,-32601,-7778,-14291,2407,-1356,-8209,0,13671,-2026,128,0
2016-11-04,52200,52900,51400,52600,188972,9939927200,0.1905,10672,428,-16262,-14861,1874,-1642,-1892,0,259,-4,5166,0
2016-11-07,53100,53200,52600,53000,110894,5877382000,0.7605,9475,-14759,4663,265,555,2538,-13749,27,15027,64,557,0
2016-11-08,53300,53500,52600,52900,140527,7433878300,-0.1887,34231,-18906,-16085,-1027,10709,-14955,-10001,0,-811,125,635,0
2016-11-09,53000,53500,50100,51500,470985,24255727500,-2.6465,-23638,19006,5197,-8909,-5973,25956,-27981,-587,22691,45,-610,0
2016-11-10,52200,53900,51800,53900,332158,17903316200,4.6602,-67809,68287,-877,-1631,21400,397,-37096,0,16053,729,-330,0
2016-11-11,53500,53800,52500,52800,175772,9280761600,-2.0408,29580,-14873,-17387,-3437,-1426,-12570,-5813,0,5859,3074,-394,0
2016-11-14,52300,53500,52000,52900,168325,8904392500,0.1894,-8460,20030,-10836,-3233,-1149,-21928,953,0,14521,-713,-21,0
2016-11-15,52500,53400,52300,52700,178981,9432298700,-0.3781,41563,42112,-83335,-19220,-3490,-64834,-3155,0,7364,-678,338,0
2016-11-16,53000,53600,52700,53300,147856,7880724800,1.1385,-3045,42037,-37364,-4545,-4095,2813,-15692,-215,-15630,-1611,-17,0
2016-11-17,53500,54300,52900,54000,165759,8950986000,1.3133,-20413,-5999,26889,17957,2413,15620,1325,0,-10426,-495,18,0
2016-11-18,54000,54100,52800,52800,166683,8800862400,-2.2222,26959,5026,-31823,-8777,-10787,5471,-5225,60,-12565,-162,0,0
2016-11-21,52700,52700,50300,50600,406013,20544257800,-4.1667,128447,5617,-135107,-31376,-44271,-21995,-29596,-766,-6824,964,79,-279
2016-11-22,50800,51300,49950,50100,243961,12222446100,-0.9881,97959,4982,-103472,-31000,-7809,-22880,-31876,0,-9907,-683,1214,0
2016-11-23,50100,50400,48700,48900,334221,16343406900,-2.3952,32809,16547,-50364,-3172,-4423,-10606,-20845,-1762,-9391,896,112,-165
2016-11-24,48900,49300,48100,48200,277103,13356364600,-1.4315,20318,-22500,1937,-114,-6732,7082,-14568,0,16655,-275,520,-386
2016-11-25,48250,50200,48250,49900,302977,15118552300,3.527,-80649,8711,72520,20299,12597,13482,1235,10000,14907,-482,-100,0
2016-11-28,50200,51100,49750,50100,181174,9076817400,0.4008,-35481,-1905,37802,0,-1129,17724,974,10300,9933,-474,58,0
2016-11-29,50100,50900,49500,50800,152208,7732166400,1.3972,-37586,10321,28293,3954,5249,1,-2074,10000,11163,-1003,-25,0
2016-11-30,50800,50800,49800,50400,149118,7515547200,-0.7874,23987,-2620,-21210,-1651,-815,-3154,-5737,0,-9853,-601,444,0
2016-12-01,50000,50200,49600,50000,125042,6252100000,-0.7937,5159,11576,-16753,-9434,2561,-50,-7217,-10000,6972,-4,22,415
2016-12-02,49500,50500,49300,50400,201560,10158624000,0.8,-44618,67073,-22461,-5129,9436,-29256,-1815,-10000,14303,-4,10,0
2016-12-05,50300,50300,48500,48750,248724,12125295000,-3.2738,77128,-54609,-22854,-13717,4600,-24324,-10232,-5000,25819,124,211,0
2016-12-06,48350,49300,48350,49000,201022,9850078000,0.5128,18073,-17295,-1198,3447,1832,262,-14785,-300,8346,50,370,0
2016-12-07,49200,49250,48350,48850,134534,6571985900,-0.3061,19313,-5287,-13968,-380,6401,-445,-16068,0,-3476,347,-405,0
2016-12-08,49000,49850,48550,49850,220010,10967498500,2.0471,-53190,21881,31194,91,8837,936,-445,0,21775,-2,117,0
2016-12-09,49350,50500,49150,50300,260987,13127646100,0.9027,11629,-77453,70503,-2196,51470,25725,350,5000,-9846,-3633,-1046,0
2016-12-12,50600,50900,49950,50200,202864,10183772800,-0.1988,42753,-2248,-40392,-51112,3271,1066,-216,0,8243,-213,100,-1644
2016-12-13,50000,51700,50000,50900,236584,12042125600,1.3944,-8191,1265,12419,-6428,2672,1605,-14786,0,29356,-5452,-41,0
2016-12-14,51500,52800,51200,52200,277692,14495522400,2.554,-68041,53541,16660,11374,16549,-915,-79,0,-10629,-984,-1176,360
2016-12-15,52100,52100,51000,51200,206042,10549350400,-1.9157,74490,-25358,-49253,-20490,-11601,-5357,-1766,30,-10069,0,121,0
2016-12-16,50900,51000,50300,50700,165351,8383295700,-0.9766,15239,-7420,-7815,-1431,-6026,8843,-839,0,-8362,-6,2,0
2016-12-19,49150,49400,48400,48450,830048,40215825600,-4.4379,420397,-299988,-72544,-5239,-17871,-28658,856,-10120,-11512,-48646,781,0
2016-12-20,48650,48800,48250,48250,279582,13489831500,-0.4128,132056,-67082,-58136,-15511,-13433,331,-8466,0,-21057,-6971,133,0
2016-12-21,48850,48850,48100,48150,247958,11939177700,-0.2073,115315,-67493,-44863,-4392,-20698,1708,-10975,0,-10506,-3033,74,0
2016-12-22,48300,48500,48250,48350,140696,6802651600,0.4154,-4171,17976,-13920,-4088,-9973,238,-2890,0,2793,115,0,0
2016-12-23,48450,48500,48150,48400,177038,8568639200,0.1034,38768,-35862,2971,10677,-18397,13891,-2554,0,-646,-5910,33,0
2016-12-26,48350,48450,47600,47750,257061,12274662750,-1.343,74168,-16042,-54400,-18470,-12974,134,-6815,87,-16362,-3652,-74,0
2016-12-27,47800,47950,47250,47300,252688,11952142400,-0.9424,17108,-2784,-2443,1966,-1958,17067,-10121,0,-9397,-11735,-146,0
2016-12-28,47250,47750,47150,47300,163112,7715197600,0.0,51143,11638,-64449,-26379,-1786,-479,-1681,40,-34164,523,1145,0
2016-12-29,47300,48250,47300,48150,197050,9487957500,1.797,-26403,21432,5732,-373,2477,22477,524,0,-19374,-811,50,1
2017-01-02,47550,47700,47150,47450,204335,9695695750,-1.4538,12915,5698,-19494,-156,-4244,-25084,-762,53,10699,525,356,0
2017-01-03,47400,47900,47200,47200,179991,8495575200,-0.5269,61097,-46569,-14769,-4977,443,-906,-2668,0,-6661,175,66,0
2017-01-04,47050,47600,47050,47500,141656,6728660000,0.6356,11615,3782,-15799,-2232,-3332,213,-1803,0,-8645,200,202,0
2017-01-05,47600,48600,47250,48400,308502,14931496800,1.8947,-77922,39473,38838,2099,-930,9358,658,0,27653,-586,197,0
2017-01-06,48400,48550,48000,48550,182143,8843042650,0.3099,-27310,308,27102,-6267,-907,9316,-511,-2,25473,200,-300,0
2017-01-09,48500,48550,47350,47600,194276,9247537600,-1.9567,62900,-48499,-16809,100,-3508,4006,-360,104,-17151,2604,-196,0
2017-01-10,47350,47600,46050,46100,516115,23792901500,-3.1513,135513,-24468,-100507,-37787,-2364,-39,-10560,-3883,-45874,-10750,212,0
2017-01-11,46000,46100,45050,45500,379068,17247594000,-1.3015,50305,11801,-47183,-23061,-2980,-446,-16413,-6000,1717,-14253,-670,0
2017-01-12,45500,45500,45050,45200,354997,16045864400,-0.6593,92064,-36981,-46738,-200,-544,-8516,-612,0,-37621,-8225,-120,755
2017-01-13,45200,46600,45200,46500,411429,19131448500,2.8761,-51171,69892,-4464,-1615,-2375,-1452,1516,-60,-478,-14400,143,0
2017-01-16,46400,48100,46150,47300,525437,24853170100,1.7204,-50778,35300,26549,867,771,-94,10739,61,14205,-11468,397,0
2017-01-17,47600,47900,46950,47150,260077,12262630550,-0.3171,51978,-51781,2333,1419,8012,2843,1539,55,-11535,-3560,1030,0
2017-01-18,47700,48700,47400,48450,597798,28963313100,2.7572,-128597,157198,-30578,-8985,-2358,887,773,-80,-20815,2091,-114,0
2017-01-19,47350,47400,46100,46150,669530,30898809500,-4.7472,261420,-170025,-86692,-15178,-37633,-31978,3283,100,-5286,-4225,-478,0
2017-01-20,46200,46500,45950,46000,196755,9050730000,-0.325,67344,-36075,-29458,-12556,-877,-1,-7995,0,-8029,-2001,190,0
2017-01-23,46300,46500,45600,45600,180634,8236910400,-0.8696,49504,-32563,-15446,-105,-166,-614,-3030,80,-11611,-2228,733,0
2017-01-24,45400,46000,45350,45700,138003,6306737100,0.2193,-8984,-21953,33159,1797,-290,11543,2987,0,17122,-2253,31,0
2017-01-25,46050,46200,45550,46050,181572,8361390600,0.7659,-4791,-17384,18251,-1871,1217,2716,4887,0,11302,3918,6,0
2017-01-26,45850,45950,43900,43950,1087281,47785999950,-4.5603,486414,-261781,-201377,-54462,-61800,-14400,-246,85,-70554,-24663,1407,0
2017-01-31,43700,43700,43050,43350,563577,24431062950,-1.3652,26735,28134,-57305,-32014,-17602,-12933,-1850,87,6951,2596,-160,56
2017-02-01,43200,43750,43200,43350,299268,12973267800,0.0,93784,-91900,-2502,-9138,-709,4163,-453,0,3589,450,168,46
2017-02-02,43400,43800,43100,43150,296479,12793068850,-0.4614,45732,-30939,3555,-13869,9568,3410,402,0,4044,-18557,209,0
2017-02-03,43250,43550,43150,43300,298209,12912449700,0.3476,11487,-64259,32546,-7162,14424,13233,9210,0,2823,20025,201,18
2017-02-06,43300,43550,43200,43350,204253,8854367550,0.1155,40615,-39928,-1415,-8392,-4848,7925,-3077,0,6978,537,191,-1
2017-02-07,43350,44300,43350,43850,259114,11362148900,1.1534,33985,-40556,5233,-10096,7400,2389,2333,0,3170,-115,1453,37
2017-02-08,43850,43900,43300,43300,210825,9128722500,-1.2543,62313,-48900,-13252,-12190,-1100,-189,2801,0,-2610,-45,-116,36
2017-02-09,43450,43500,42350,42800,400601,17145722800,-1.1547,124136,-98375,-26074,-17805,6234,1499,-17162,0,1160,435,-122,0
2017-02-10,43000,43800,42900,43650,323843,14135746950,1.986,-27263,-18742,36805,30012,772,-4688,2201,0,8508,9400,-200,0
2017-02-13,44250,45250,44100,45150,580239,26197790850,3.4364,-82076,8820,74326,9999,20521,26963,-4709,0,21552,-1121,51,0
2017-02-14,45500,45750,44950,45600,485412,22134787200,0.9967,-38249,-803,35826,-17913,28400,17064,2155,0,6120,4245,-1019,0
2017-02-15,46000,47500,45800,47350,1192845,56481210750,3.8377,-199387,205214,22263,25056,20962,6422,-24606,-78,-5493,-26934,-1156,0
2017-02-16,47850,47950,46150,46950,521688,24493251600,-0.8448,-13874,28398,-22556,14422,-484,-3192,1064,-87,-34279,8307,-275,0
2017-02-17,49850,50800,47200,47400,3040653,144126952200,0.9585,333748,-66247,-253607,24568,-48932,-106178,6611,-87,-129589,-14112,218,0
2017-02-20,47600,47750,46100,46700,610772,28523052400,-1.4768,-129575,107596,21160,29826,-19796,7510,-102,0,3722,-593,1412,0
2017-02-21,46900,48600,46900,48450,738475,35779113750,3.7473,-213059,113974,98020,73091,1952,10612,5995,-140,6510,798,267,0
2017-02-22,48200,48900,48000,48600,352170,17115462000,0.3096,-60659,19291,39600,13172,80,19297,2964,0,4087,1939,-171,0
2017-02-23,48750,52600,48200,51500,2481442,127794263000,5.9671,-763555,434634,301400,82372,66011,80137,2969,-157,70068,27001,520,0
2017-02-24,52000,53400,51700,52000,1002774,52144248000,0.9709,-84757,46867,53523,17067,23273,5532,63,-137,7725,-16006,373,0
2017-02-27,52900,53100,51600,52300,592579,30991881700,0.5769,-172336,-48215,221814,202870,9615,8653,-85,0,761,-277,-986,0
2017-02-28,52300,52300,50000,51100,823324,42071856400,-2.2945,10369,-14319,6941,41626,-5319,9576,-2582,27,-36396,-442,-2549,9
2017-03-02,51000,51800,50000,50400,422759,21307053600,-1.3699,-7361,-6471,6551,33065,-11525,2048,8630,-2,-25673,8141,-860,8
2017-03-03,46000,46900,43700,43800,3051489,133655218200,-13.0952,1225299,-867030,-357125,-189506,-86197,-71331,13435,125,-23651,-8973,7829,0
2017-03-06,42350,44600,42100,44100,1279622,56431330200,0.6849,79058,-111832,29981,57563,-15326,-9318,112,95,-3145,4207,-1414,0
2017-03-07,44200,44700,43600,44200,608855,26911391000,0.2268,56063,-95342,37898,41628,-4559,-7227,-103,0,8159,1953,-572,0
2017-03-08,43900,44300,43350,43800,389029,17039470200,-0.905,66020,-90031,26245,30996,-2459,-4056,-105,0,1869,-2686,452,0
2017-03-09,43850,45850,43850,45450,987900,44900055000,3.7671,-22266,-40283,56161,35799,22711,-3658,4931,0,-3622,7273,-885,0
2017-03-10,45200,46500,44400,45000,941813,42381585000,-0.9901,150551,-59725,-80229,39816,15647,-84968,-13166,3046,-40592,-11610,1013,-12
2017-03-13,45550,45900,44700,44900,611988,27478261200,-0.2222,20198,56605,-74169,8768,3624,-38131,-192,0,-48238,-1771,-863,0
2017-03-14,45300,45400,44300,44900,432475,19418127500,0.0,34729,-34654,-1389,60338,-4180,-17804,-292,0,-39439,1742,-428,-12
2017-03-15,44550,44750,43650,43750,486886,21301262500,-2.5612,78264,-10232,-72271,-8765,-40455,-7344,-1180,-4030,-10487,3900,339,-10
2017-03-16,43900,44350,43750,43800,308453,13510241400,0.1143,60242,8469,-70262,-23266,-3969,-8149,-1606,0,-33263,1658,-107,-9
2017-03-17,43800,45550,43800,45300,575582,26073864600,3.4247,-128511,101720,31885,2618,-2873,42031,-2865,-80,-6946,-5559,465,0
2017-03-20,45450,45450,44100,44500,366533,16310718500,-1.766,146350,-86417,-56332,10072,-5732,-17887,-670,0,-42089,-2362,-1239,-26
2017-03-21,44650,44900,44050,44700,395228,17666691600,0.4494,69067,-60285,-17147,-8429,-21703,-233,5189,0,8029,3280,5085,0
2017-03-22,44500,45450,44200,44300,412198,18260371400,-0.8949,95149,-66952,-40150,6432,-10348,-1012,-68,70,-35224,11099,854,0
2017-03-23,44450,44700,44200,44350,303230,13448250500,0.1129,88523,-69208,-27703,-20657,-466,-6635,-195,0,250,-2800,11188,0
2017-03-24,44450,45300,44450,45300,436224,19760947200,2.1421,8318,-28856,18868,-17733,20473,9275,95,0,6758,1802,-132,0
2017-03-27,45650,46250,45150,45400,377863,17154980200,0.2208,22833,-25220,1516,3058,-6600,299,-2019,0,6778,-2121,2992,0
2017-03-28,45800,45800,44950,45350,330427,14984864450,-0.1101,80998,-90101,10616,-1064,-1648,-7759,-5927,0,27042,-1528,15,-28
2017-03-29,45700,45700,44850,45100,262014,11816831400,-0.5513,76228,-57934,-18095,1894,-2189,602,-15768,0,-2634,-200,1,0
2017-03-30,45050,45050,44350,44500,237324,10560918000,-1.3304,65617,-45222,-20778,-28114,94,6508,87,28,619,379,4,0
2017-03-31,44800,45450,44750,45100,412080,18584808000,1.3483,-24994,-97582,122295,16020,7842,8896,-182,-1,89770,180,101,-50
2017-04-03,45450,47500,45300,47000,927726,43603122000,4.2129,-289835,90770,186146,29278,11890,11172,-29934,-50,163814,11106,1813,-24
2017-04-04,47450,47900,47100,47500,523668,24874230000,1.0638,-114710,1909,96855,44239,-332,2625,476,-95,49942,17576,-1630,0
2017-04-05,47800,47800,46500,47000,364268,17120596000,-1.0526,31788,-69551,33512,7839,2025,9421,9255,0,4972,3020,1231,0
2017-04-06,48600,49050,47000,47800,914545,43715251000,1.7021,220834,-126236,-74428,-4353,18275,2234,8108,0,-98692,-315,-19855,0
2017-04-07,47800,48250,47350,48000,316645,15198960000,0.4184,-51703,27255,30856,12217,3197,-788,5245,0,10985,-7530,1122,0
2017-04-10,47300,47800,46200,46400,408818,18969155200,-3.3333,-806,-1326,2219,-271,1879,-193,686,0,118,-487,400,0
2017-04-11,46500,47000,45700,46950,272371,12787818450,1.1853,-27200,11019,20339,680,1994,509,472,-50,16734,-4057,-101,0
2017-04-12,46750,47100,46650,46850,178804,8376967400,-0.213,-10053,10001,1092,0,-4539,1028,455,0,4148,-50,-990,0
2017-04-13,47000,48150,46950,48100,448605,21577900500,2.6681,-176604,72369,107445,21889,-4639,3276,-4122,0,91041,-2750,-460,0
2017-04-14,48100,48600,47350,47550,297487,14145506850,-1.1435,-825,3532,-1299,4048,882,-8597,360,0,2008,-1510,102,0
2017-04-17,48150,51300,48100,51100,1438793,73522322300,7.4658,-547022,364375,186566,136404,9301,25145,22705,-190,-6799,-2241,-1678,0
2017-04-18,51300,51500,50200,51000,587520,29963520000,-0.1957,-2089,-87225,95081,62767,24935,6281,5448,0,-4350,-5100,-667,0
2017-04-19,51200,51200,50300,50800,333135,16923258000,-0.3922,-37975,-11955,49887,15547,1886,21453,-823,100,11724,54,-11,0
2017-04-20,51000,52900,50800,52300,758081,39647636300,2.9528,-51890,32671,19287,40733,7020,459,-230,-187,-28510,883,-951,2
2017-04-21,53000,55500,53000,54700,1514485,82842329500,4.5889,-515129,413961,91773,84366,165,22848,4171,387,-20164,10949,-1554,0
2017-04-24,55200,55300,52700,53000,682467,36170751000,-3.1079,124673,-88976,-38744,4986,1100,-26650,-6782,0,-11398,2913,134,0
2017-04-25,52800,52900,51500,52300,530687,27754930100,-1.3208,93473,-66759,-21726,8852,-3268,-12020,-5935,-1,-9354,-4903,-85,0
2017-04-26,51900,53500,51800,52300,376355,19683366500,0.0,-15906,28485,-12531,-5359,-2198,10352,-3720,0,-11606,38,-86,0
2017-04-27,52200,52800,51100,51600,385979,19916516400,-1.3384,49215,-10586,-38600,7343,-10330,3642,3897,0,-43152,0,-29,0
2017-04-28,51100,52200,50600,50800,290888,14777110400,-1.5504,34544,-4168,-29405,-2628,-10706,8515,-2584,5,-22070,-1128,157,63
2017-05-02,50000,52100,49750,51900,453161,23519055900,2.1654,-130700,51705,78582,24532,-1651,258,12253,5,43179,599,-186,6
2017-05-04,52000,54800,51600,54600,794215,43364139000,5.2023,-325617,204667,120800,50513,29926,6834,5124,0,28403,-2803,2953,0
2017-05-08,54600,56300,54400,56100,824425,46250242500,2.7473,-282659,130010,142561,74169,25334,-3178,46137,3099,-3364,9373,715,364
2017-05-10,57200,57500,54700,55800,709916,39613312800,-0.5348,-1353,-46437,51446,49216,6027,-618,9077,0,-12019,-4190,534,-237
2017-05-11,55800,57800,55400,57800,617648,35700054400,3.5842,-119763,12961,104900,-21723,6243,31540,24700,-87,64227,1711,191,0
2017-05-12,58100,58100,56600,56800,445466,25302468800,-1.7301,69421,-72759,-9971,-15349,5175,6122,4305,1900,-12847,11676,1633,723
2017-05-15,57200,59000,56500,58100,543066,31552134600,2.2887,-54791,18703,36452,30094,10809,21452,-22888,1795,-4810,862,-1226,0
2017-05-16,59100,59200,57700,58300,364962,21277284600,0.3442,38180,-73123,35057,25693,2911,994,5448,0,11,-185,71,0
2017-05-17,58400,61400,58400,61000,1169854,71361094000,4.6312,-222046,168757,86891,30307,10177,20734,20921,-87,5089,-32075,-1527,-250
2017-05-18,60800,62800,59900,61400,1052975,64652665000,0.6557,7132,-28199,21793,18583,-1005,8529,10872,-87,-15081,-786,60,-18
2017-05-19,61700,63300,61200,62400,807112,50363788800,1.6287,-265061,196184,52155,24435,18977,6737,2674,0,-668,16278,444,0
2017-05-22,63300,64300,61800,62500,620211,38763187500,0.1603,31323,-17216,-23070,11043,-3367,-10876,-6013,-79,-13783,9363,-400,5
2017-05-23,62000,62900,60700,61500,642261,39499051500,-1.6,-19020,65018,-45065,14296,-11455,-36300,-8536,-273,-1817,2170,-3103,-980
2017-05-24,61300,62400,60500,60600,444231,26920398600,-1.4634,14625,-13497,3351,702,-3003,-6964,-4764,0,17380,-4677,198,0
2017-05-25,60600,61900,60600,61000,316081,19280941000,0.6601,-49869,48846,504,2749,-10248,-1116,3016,0,6103,207,312,0
2017-05-26,61500,62900,61000,61500,341027,20973160500,0.8197,9119,15126,-20455,-21079,2643,-2033,-1122,65,800,473,-4263,271
2017-05-29,61900,61900,60400,60600,355390,21536634000,-1.4634,20439,1045,-21323,-7231,-9596,-2323,-2577,-1921,2325,-350,189,0
2017-05-30,60300,61400,60200,60800,252901,15376380800,0.33,-79324,62572,15443,6129,3613,-5158,194,0,10665,1590,-281,0
2017-05-31,60800,61100,60200,60800,410946,24985516800,0.0,-13259,8726,2486,-2063,-8150,1262,84,-3418,15329,2329,-282,-558
2017-06-01,60800,61400,60700,60800,235573,14322838400,0.0,-59225,61463,1233,-7081,-6558,6595,-124,-493,8911,-1935,-1536,-17
2017-06-02,61300,62000,61100,61200,341836,20920363200,0.6579,-48363,42164,-11216,-2300,-9589,6331,-90,0,-5566,17549,-134,-2
2017-06-05,60500,61100,60400,60400,282025,17034310000,-1.3072,28427,33839,-63273,-10529,-24351,-13405,-7065,-34,-7737,862,145,-152
2017-06-07,60200,62200,59900,61800,480059,29667646200,2.3179,-109724,123788,-15546,-2240,-6577,-294,-13335,0,6900,1648,-166,0
2017-06-08,62500,62800,60500,60600,490278,29710846800,-1.9417,78486,9301,-85090,-12766,-52612,4046,-7926,-2821,-12825,-2638,-59,-186
2017-06-09,61200,62200,60800,61100,380059,23221604900,0.8251,-78003,32921,-1933,16823,-8849,1025,3950,2350,-17232,47312,-297,0
2017-06-12,60700,61600,60100,60100,315289,18948868900,-1.6367,33475,-10929,-23228,17110,-4100,1160,-1440,0,-36838,247,435,880
2017-06-13,60200,60700,57400,57600,1042301,60036537600,-4.1597,183159,-7152,-179707,-97424,-35201,-15786,-3893,1590,-29946,3168,532,953
2017-06-14,57400,57500,55700,56400,878080,49523712000,-2.0833,105605,97628,-200659,-150579,-22603,-12498,-18530,40,3656,-3095,521,-145
2017-06-15,56600,58800,56600,57100,609590,34807589000,1.2411,-66938,60463,5255,3009,6364,-1141,15667,0,-18644,1398,-178,0
2017-06-16,57500,58000,56000,56200,299612,16838194400,-1.5762,31915,14172,-46963,-20689,-9740,2438,-8013,0,-10959,1073,-197,0
2017-06-19,56200,56200,55200,55500,367735,20409292500,-1.2456,3993,39622,-55271,-24435,-5646,-17293,-3608,-4105,-184,10619,1037,0
2017-06-20,55600,56200,54700,55500,266670,14800185000,0.0,28444,19250,-46128,-19355,-9109,848,-3252,0,-13378,-949,-617,-1882
2017-06-21,55900,56300,55100,56300,232140,13069482000,1.4414,19200,-31197,19596,-5924,-4191,-858,2109,1000,27460,-7611,12,0
2017-06-22,56600,56700,54300,54600,414509,22632191400,-3.0195,170253,-156290,-13129,-9863,-3379,1603,-8653,0,7163,-462,-372,0
2017-06-23,54400,56400,54200,55500,417358,23163369000,1.6484,1297,5830,-6366,1624,-12765,-5045,-164,0,9984,0,-761,0
2017-06-26,55500,55500,54300,54600,273358,14925346800,-1.6216,66894,-8522,-59186,-32893,-10122,-16761,-74,0,664,652,162,0
2017-06-27,54800,56800,54700,56600,400360,22660376000,3.663,-95233,54723,40608,60053,-14153,-8019,-240,0,2967,943,-1041,0
2017-06-28,56700,56900,55700,55900,186355,10417244500,-1.2367,48907,-58323,9013,5591,-6720,2572,71,0,7499,482,-79,0
2017-06-29,56300,56400,55100,55600,196842,10944415200,-0.5367,6114,-11417,2741,846,-7786,5292,239,0,4150,2555,7,0
2017-06-30,55200,57400,55200,57100,361084,20617896400,2.6978,-133238,121184,12618,-7884,-113,1431,44,13,19118,-605,41,9
2017-07-03,57500,57600,55700,56500,297661,16817846500,-1.0508,59695,-41602,-19895,7278,-5736,-30161,-749,6,9464,270,1532,3
2017-07-04,56200,56900,55800,56100,188138,10554541800,-0.708,-12272,3668,8580,6137,438,1047,1542,0,-584,-80,104,0
2017-07-05,55900,55900,55000,55200,263048,14520249600,-1.6043,55313,-31250,-25762,-12897,-1821,1068,-6614,0,-5498,1585,114,0
2017-07-06,55000,55700,55000,55000,159116,8751380000,-0.3623,-1809,26503,-24402,-4072,-9829,-1862,356,0,-8995,118,-410,0
2017-07-07,55100,55500,53600,53700,293432,15757298400,-2.3636,70242,-44599,-29607,-4004,-7419,419,-3021,0,-15582,3928,36,0
2017-07-10,53700,53900,52100,52500,289429,15195022500,-2.2346,-21811,33651,-7608,-21200,-1598,1748,1532,0,11910,-3893,-339,0
2017-07-11,52500,53700,52300,52500,207336,10885140000,0.0,47122,26405,-74040,-42466,-14766,-4017,91,50,-12932,500,13,0
2017-07-12,53400,56600,53300,56600,996194,56384580400,7.8095,-234595,294375,-60438,-52105,1802,4898,-3129,-50,-10964,804,-146,-890
2017-07-13,55700,57100,55200,55600,454210,25254076000,-1.7668,-37924,36638,1025,-4191,-5659,4746,-85,0,6214,82,179,0
2017-07-14,55600,55800,53800,55300,341174,18866922200,-0.5396,7742,-73006,89933,45938,-894,27849,-235,0,17275,-24469,-200,0
2017-07-17,55500,57900,55400,57600,484711,27919353600,4.1591,-229776,108057,126393,49502,26190,16403,-1337,0,35635,-4390,-284,0
2017-07-18,58200,59700,58100,59200,733370,43415504000,2.7778,-204213,5818,201985,53329,51127,42043,21056,437,28993,-3533,-57,5000
2017-07-19,59500,60700,59200,59600,559908,33370516800,0.6757,-160846,10985,150006,16776,37488,75003,-957,0,21696,28,-173,0
2017-07-20,59400,59600,58500,59100,308071,18206996100,-0.8389,-13508,-4917,33751,8449,35506,-3255,-53,-338,-6558,-15057,-269,0
2017-07-21,59300,59800,58800,59700,240172,14338268400,1.0152,-54016,9987,46619,36553,-1866,6849,10,1000,1073,-2460,-130,3000
2017-07-24,59300,60200,58700,58900,234266,13798267400,-1.34,-8260,-33720,35031,-1200,15921,11636,-261,-1000,9935,7407,-458,0
2017-07-25,58700,60600,58700,60500,437948,26495854000,2.7165,-164787,51721,130966,33718,5257,26850,11986,0,50155,-17650,-250,3000
2017-07-26,64000,65500,63100,65300,2300303,150209785900,7.9339,-1155729,748189,429504,96319,98308,82593,13533,6026,115349,-44509,22545,17376
2017-07-27,65500,66800,65300,66600,894239,59556317400,1.9908,-410294,338498,73288,37547,21343,-16191,2198,2013,26428,-891,-601,-50
2017-07-28,66100,66700,65000,66600,539959,35961269400,0.0,-160014,109880,50189,11869,37884,-34989,2863,1000,28562,-52,-3,3000
2017-07-31,64800,65800,62900,65000,639351,41557815000,-2.4024,-118004,74817,44395,2072,34126,-11206,5613,8815,1867,-1016,-192,3108
2017-08-01,65100,66200,63800,65600,386251,25338065600,0.9231,-126089,63720,58864,27809,7615,-10064,4176,251,30084,1003,2502,-1007
2017-08-02,65900,66400,63500,64000,356091,22789824000,-2.439,-44818,60113,-14784,16041,-17539,-8234,891,35,-6094,-167,-344,116
2017-08-03,64100,64900,62900,63300,413158,26152901400,-1.0938,-63593,77588,-13978,-18136,12534,-8127,1952,0,-2201,-141,124,0
2017-08-04,63300,64500,62800,64000,249561,15971904000,1.1058,-68051,12541,55524,29988,18738,-966,1698,-34,5871,-349,335,229
2017-08-07,64800,67000,63900,64700,620927,40173976900,1.0938,28960,-20881,-8255,27585,-19693,-15849,2119,-45,-2506,-84,260,134
2017-08-08,64800,65200,63100,63800,328734,20973229200,-1.391,-6661,-15673,21683,20840,4528,-357,23,0,-3351,758,-107,0
2017-08-09,63400,63800,62400,62700,301217,18886305900,-1.7241,-16041,28966,-12376,20420,-20320,-7189,-10818,0,7531,-429,-120,-2000
2017-08-10,62000,63400,61400,61900,335691,20779272900,-1.2759,-16310,-6728,22614,13447,5795,4143,801,0,-1572,100,324,0
2017-08-11,60900,61800,60400,61600,262190,16150904000,-0.4847,-60690,988,61503,9334,6395,-612,347,24,39870,-1764,-37,6145
2017-08-14,62300,62600,61100,61600,174411,10743717600,0.0,24983,-30240,5779,10882,-4366,2058,-3923,0,1128,-510,-12,0
2017-08-16,62000,62300,61300,61500,191787,11794900500,-0.1623,23237,-55643,33405,9318,5184,7859,1544,0,9500,-983,-16,0
2017-08-17,61500,62300,60500,62100,221561,13758938100,0.9756,13951,-53263,39005,34943,10821,473,1973,-8200,-1005,307,0,0
2017-08-18,61500,62400,61400,62200,133463,8301398600,0.161,-7421,-13677,21852,13020,-83,10010,-7883,0,6788,0,-754,0
2017-08-21,62200,63000,61200,61400,211472,12984380800,-1.2862,53571,-87876,9484,3483,10101,-7158,7851,0,-4293,24237,584,-500
2017-08-22,61400,62900,61200,62500,195969,12248062500,1.7915,7078,-61408,54235,14538,16632,3977,19731,0,-643,0,95,0
2017-08-23,63400,63500,62400,62800,247712,15556313600,0.48,23842,-29152,13417,7139,9693,3626,932,100,-8073,-7179,-928,0
2017-08-24,62900,64600,62600,64200,498535,32005947000,2.2293,21339,-103906,63021,26786,23279,18263,3178,0,-10435,19680,-134,1950
2017-08-25,65000,66200,62400,64700,1003600,64932920000,0.7788,-43192,29053,11303,3558,23747,981,-2671,500,-14812,3070,-234,0
2017-08-28,63400,64700,63000,63500,386570,24547195000,-1.8547,-66176,-5857,70188,3884,5650,35871,138,-900,25545,1901,-56,0
2017-08-29,63200,63200,61100,61100,548497,33513166700,-3.7795,174678,-184008,6778,4496,6596,-24500,64,5,20117,2121,431,0
2017-08-30,61100,61700,60700,60900,237392,14457172800,-0.3273,-8092,12972,-4671,-1443,-652,-1680,-724,5,-177,-219,10,0
2017-08-31,61000,62600,61000,61900,286530,17736207000,1.642,-52024,62271,-10333,-17863,-2317,3754,5704,3,375,0,86,11
2017-09-01,61900,62200,60800,60800,156457,9512585600,-1.7771,23913,-28902,5244,-9560,202,4812,-479,-42,10362,-300,45,-51
2017-09-04,59100,60200,58700,58900,284127,16735080300,-3.125,21534,-29334,8086,2793,4506,-279,-389,22,3433,-127,-159,-2000
2017-09-05,58900,59800,57000,57500,356297,20487077500,-2.3769,78825,-31091,-10843,-14608,-2524,-5064,-1763,-39,13155,717,-37608,0
2017-09-06,57500,58100,56700,56900,293025,16673122500,-1.0435,46702,-41690,-5445,4047,-17671,-13193,6170,1098,12957,62,371,1147
2017-09-07,57400,58100,57000,57700,172470,9951519000,1.406,8389,-27758,19659,12120,-5917,534,7702,1105,2961,-89,-201,1154
2017-09-08,57400,58000,56000,56100,264850,14858085000,-2.773,73310,-55438,-18626,1392,-7903,2076,4233,618,-20227,721,33,1185
2017-09-11,56100,57100,56100,56400,143845,8112858000,0.5348,9961,-16906,7094,1746,-1848,126,-2472,0,9542,-150,1,0
2017-09-12,56600,58900,56500,58500,315313,18445810500,3.7234,-9793,-21163,31422,1506,-5785,-5123,5103,2270,34278,-458,-8,-827
2017-09-13,58500,58600,57000,57500,202175,11625062500,-1.7094,18313,-52671,34248,20312,3022,7659,426,-898,4727,-17,127,-1000
2017-09-14,57200,58200,57100,57600,212757,12254803200,0.1739,34643,-11716,-17598,1910,-8716,-646,547,-16,-10679,-5504,175,2
2017-09-15,57100,57700,56700,57400,140500,8064700000,-0.3472,-580,21103,-20392,-4765,-12483,1045,-239,0,-3950,-134,3,0
2017-09-18,57300,59400,57300,58200,368296,21434827200,1.3937,-27346,-1768,27489,-999,-6228,36915,-2500,-13,1162,1689,-64,-848
2017-09-19,57700,58900,57600,57600,183515,10570464000,-1.0309,31367,-25169,-6519,-4842,-1440,2842,-661,0,-2418,357,-36,0
2017-09-20,58200,58400,55800,55900,337338,18857194200,-2.9514,125250,-119904,-5609,2459,-18112,25485,773,5,-16219,683,-420,0
2017-09-21,55900,56700,55300,55700,233789,13022047300,-0.3578,21891,-21691,1822,868,3049,-1842,1894,-70,-2077,-2029,7,0
2017-09-22,55200,55700,53500,53800,331049,17810436200,-3.4111,102650,-54070,-48560,-5253,-10561,-3274,-551,-1433,-23488,80,-100,-4000
2017-09-25,53500,55000,52500,52600,287864,15141646400,-2.2305,30901,-9365,-12653,-1215,-8092,-2685,-894,-8150,8383,-9847,964,0
2017-09-26,52200,53300,52100,52900,286398,15150454200,0.5703,25641,-55763,33022,744,11163,7982,-924,-442,14499,-3000,100,0
2017-09-27,52900,54600,52500,54400,255635,13906544000,2.8355,14814,-69833,54999,4619,33996,6175,5242,1006,3961,0,20,0
2017-09-28,55700,57400,54700,56800,566251,32163056800,4.4118,-146923,49339,100690,1581,16032,41111,9011,2000,28955,-2939,-167,2000
2017-09-29,57500,58800,57200,58200,367682,21399092400,2.4648,-85462,19143,68489,-3008,28170,37276,4080,2013,-242,-1696,-474,200
2017-10-10,57900,58800,56500,57100,323975,18498972500,-1.89,-11565,-8288,35147,-18325,3535,46174,-687,1766,2703,-15698,404,-19
2017-10-11,56800,58000,56800,57400,202407,11618161800,0.5254,29556,-37188,7753,-7850,3820,-2005,-570,1650,12708,-41,-80,0
2017-10-12,57400,58000,57200,58000,180821,10487618000,1.0453,-46088,15865,30285,-4872,-12232,13135,-2,653,33603,-133,71,0
2017-10-13,58100,61700,57100,61700,841337,51910492900,6.3793,-192177,79729,114534,12943,6588,71535,5426,-3365,21311,-774,-1312,96
2017-10-16,62800,64300,60900,63600,913261,58083399600,3.0794,-306971,19265,292058,33001,88926,80138,22932,2201,61834,-4187,-165,3026
2017-10-17,64200,64300,62200,63600,453817,28862761200,0.0,-79959,-7417,86893,10642,27536,15094,9705,-260,24176,0,483,0
2017-10-18,63900,65000,61400,61700,567876,35037949200,-2.9874,20809,-52751,34102,-7772,1624,14453,13079,371,12417,-2294,134,-70
2017-10-19,62000,62000,60100,61400,539409,33119712600,-0.4862,47162,-155077,108199,-959,5883,96567,-3407,316,9820,-140,-144,-21
2017-10-20,61400,62300,60600,61100,262761,16054697100,-0.4886,16750,-12718,-2870,-6984,-34616,24635,-942,-164,15447,255,-1417,-246
2017-10-23,61000,62500,60200,62100,297734,18489281400,1.6367,-17900,42861,-19748,-17280,-6910,-1416,-299,0,6183,-5111,-102,-26
2017-10-24,62400,64200,62400,63500,479145,30425707500,2.2544,-74314,-4152,83924,34035,-9731,-12302,29534,252,40758,-5180,-278,1378
2017-10-25,63600,64400,63100,63900,302312,19317736800,0.6299,-62585,-18224,27105,-4917,20263,-3333,15501,-1000,634,53827,-123,-43
2017-10-26,64500,69900,64300,69400,1848902,128313798800,8.6072,-666402,544209,152633,43001,54247,-24887,68882,5708,1709,-27725,-2715,3973
2017-10-27,70800,72000,68100,70100,1437422,100763282200,1.0086,-30335,-76339,118199,22114,10975,-1782,17520,7658,61714,-9365,-2160,0
2017-10-30,74300,78400,73000,76600,2075860,159010876000,9.2725,-539931,360666,182941,29247,77118,-45640,67775,8434,42800,-4020,344,3207
2017-10-31,77300,79600,75600,78300,1727641,135274290300,2.2193,-147293,368593,-238166,-10163,-131,-102081,7659,-651,-132917,17639,-773,118
2017-11-01,79100,79800,75300,75900,1101619,83612882100,-3.0651,19718,40370,-70709,-50162,-10864,-23213,-2557,11,15497,11608,-987,579
2017-11-02,76200,78800,74400,77000,730836,56274372000,1.4493,21830,-8728,-3891,-25889,7112,-3547,15204,1693,1559,-8696,-515,-23
2017-11-03,77000,78400,76000,78400,549876,43110278400,1.8182,-110333,95467,15210,-1362,-19123,6145,14430,0,15120,-1,-343,0
2017-11-06,78300,82200,78100,79900,863785,69016421500,1.9133,-4869,38706,-32901,-68143,28543,12400,6056,849,-13068,-2541,1605,462
2017-11-07,80100,81400,78800,80000,556815,44545200000,0.1252,-74839,-84198,160289,-593,6422,-4810,7778,285,152048,-817,-435,-841
2017-11-08,79800,83400,78600,82000,748458,61373556000,2.5,-136065,19234,108201,16851,38105,11263,16845,500,24637,9160,-530,0
2017-11-09,82700,84500,82000,83100,779035,64737808500,1.3415,-102610,106786,-241,-1881,-2785,-485,-914,10600,-4776,-4070,135,0
2017-11-10,83500,83700,82100,82900,352440,29217276000,-0.2407,-7467,21759,-12965,-135,-556,-23478,-793,4000,5624,-1124,-203,2373
2017-11-13,84000,85400,81400,82700,536531,44371113700,-0.2413,-11475,59885,-49630,17168,-39708,-26754,-1273,11046,-10101,1179,41,-8
2017-11-14,82300,82500,80500,81600,500879,40871726400,-1.3301,-53124,58651,-5547,8072,-24836,-35830,958,6040,42330,619,-599,-2281
2017-11-15,81000,83200,81000,82700,509150,42106705000,1.348,-42307,56370,-12005,-4448,4141,1013,-4510,6057,-14258,-2022,-36,0
2017-11-16,82800,82800,79600,80000,700833,56066640000,-3.2648,56765,25705,-81972,-15629,-50068,-1322,2980,-761,-17484,-1728,1230,312
2017-11-17,80500,81600,79000,81300,383891,31210338300,1.625,-59805,99145,-38946,-18152,-8415,6132,-5642,-9,-12860,-1237,843,0
2017-11-20,81500,86500,81000,86500,998332,86355718000,6.3961,-205020,136029,49744,17648,674,31775,2690,1228,-4593,20413,-1166,322
2017-11-21,87200,87300,84200,85100,649368,55261216800,-1.6185,66187,-53275,-17748,-641,-28100,-3987,-1845,6960,9865,4600,236,0
2017-11-22,85100,86700,84300,85800,474423,40705493400,0.8226,-50434,73385,-40494,-8136,957,-6275,-4746,1500,-23794,17782,-239,0
2017-11-23,86400,86700,85000,85800,322027,27629916600,0.0,-19513,34481,-14945,6869,-20440,-3665,5676,1172,-2233,88,-111,-2324
2017-11-24,85100,85700,83300,85300,395876,33768222800,-0.5828,-96507,82138,14941,8380,9486,-4585,2474,-1957,2499,-768,196,-1356
2017-11-27,85300,85900,84300,85200,250895,21376254000,-0.1172,-67627,55828,16144,5931,-4282,7728,7467,0,-324,-4235,-110,-376
2017-11-28,85300,89200,85000,87600,839369,73528724400,2.8169,-122279,122037,-9554,-514,-49680,23756,-5996,-1217,24942,9830,-34,-845
2017-11-29,88100,90500,87200,88000,742228,65316064000,0.4566,-36142,83138,-40715,-3597,-3497,7708,-28278,-478,-14149,-7481,1200,1576
2017-11-30,88800,88800,84700,84700,481539,40786353300,-3.75,-32594,27853,9545,-6194,-3710,-5405,15572,1955,7488,-1629,-3175,-161
2017-12-01,86400,88300,86100,87600,455612,39911611200,3.4238,-135759,112720,27309,16292,4118,-732,10943,-8108,1876,-3355,-915,2920
2017-12-04,88300,89500,86800,88900,381372,33903970800,1.484,-85738,30387,54985,30674,27215,3465,3929,-5615,-4683,241,125,0
2017-12-05,89400,90300,88100,89000,376411,33500579000,0.1125,-84521,60805,23554,6043,4412,9825,-7361,6188,4652,102,60,-205
2017-12-06,88500,89300,85800,86800,399413,34669048400,-2.4719,44109,-14658,-27510,-7734,-20045,4516,-5131,-4031,6181,-1476,-465,-1266
2017-12-07,87100,87800,81600,84300,639139,53879417700,-2.8802,40030,55270,-89586,-29569,-23079,-59288,3441,2916,15465,-5588,-126,528
2017-12-08,85300,86300,84500,86100,352531,30352919100,2.1352,-71241,103773,-32614,-21612,3517,-9861,-2617,955,-2996,-636,718,0
2017-12-11,86700,87100,82400,85300,446201,38060945300,-0.9292,29624,16858,-44287,20026,-15869,-35496,-7329,-93,-6241,-1329,-866,715
2017-12-12,85500,86000,78900,80600,931748,75098888800,-5.51,179386,-25941,-156065,-94143,-44201,-17117,-1938,-11501,9943,507,2113,2892
2017-12-13,80300,82800,77500,82000,620980,50920360000,1.737,-72141,134752,-61240,-6423,-15926,-23026,-4067,2115,-13936,-438,-933,23
2017-12-14,82000,85000,81900,83400,645196,53809346400,1.7073,-202870,134602,63998,-9528,38438,22698,4477,2594,5303,4083,187,16
2017-12-15,84800,86000,84600,85300,432361,36880393300,2.2782,-170641,135879,13354,23303,-26024,9725,-2029,-11,8390,21329,79,0
2017-12-18,87200,87500,84500,84900,368868,31316893200,-0.4689,14929,17782,-45071,2774,-24004,-19741,-973,235,-3362,11694,666,0
2017-12-19,85700,86500,84000,86500,445566,38541459000,1.8846,-126877,180104,-53090,-47475,-24631,2063,147,-3221,20027,80,-217,0
2017-12-20,83800,85900,81400,83300,603580,50278214000,-3.6994,20803,11234,-32097,-50241,-9249,10643,3064,1569,11489,131,-71,628
2017-12-21,83600,84800,80900,81100,456398,37013877800,-2.6411,5830,47003,-46221,-4595,-22137,-33412,-445,-2804,15990,-7321,709,1182
2017-12-22,79800,82800,78200,82800,574483,47567192400,2.0962,-132581,144767,-10941,-27342,-14449,-7311,22484,-1430,17282,-820,-425,-175
2017-12-26,82700,82700,79900,80000,414742,33179360000,-3.3816,764,29236,-28771,-30659,-1900,-48661,14138,-4572,42310,-1919,690,573
2017-12-27,81500,84000,81400,83000,391779,32517657000,3.75,-145130,125568,19370,-16286,18568,14980,9150,-109,-8203,444,-252,1270
2017-12-28,83000,84900,82700,84900,266140,22595286000,2.2892,-92766,66198,26462,-6237,34649,-11571,1387,-967,8854,120,-14,347
2018-01-02,86900,87700,85100,85600,247429,21179922400,0.8245,-6212,2728,15126,-9868,28375,2224,486,1890,-10080,-11576,-66,2099
2018-01-03,85400,86000,84300,86000,260965,22442990000,0.4673,-39264,55938,-16027,18118,2133,-1679,-11886,-1743,-19781,8,-655,-1189
2018-01-04,85800,86700,84100,84300,242335,20428840500,-1.9767,4030,23561,-37919,9758,-4126,-22606,-835,-42,-20068,10941,-613,0
2018-01-05,84000,85300,82600,83200,310401,25825363200,-1.3049,57236,13913,-74757,-14446,-21438,-25543,-5707,571,-8194,3535,73,0
2018-01-08,83600,85700,83200,84900,364676,30960992400,2.0433,-89093,68414,17553,11000,-2953,9084,-6023,0,6445,1384,1742,0
2018-01-09,85700,90000,85100,89800,913864,82064987200,5.7715,-195211,109994,119920,18375,23255,35249,-3503,0,46544,-33561,-1142,0
2018-01-10,90300,94200,90100,93300,866609,80854619700,3.8976,-220046,105776,118899,20802,6490,52426,17657,1376,19358,-3631,-998,790
2018-01-11,94100,94100,90800,91700,545480,50020516000,-1.7149,2227,-25647,25083,2399,-10798,33835,6746,-1628,-4535,-2210,547,-936
2018-01-12,92800,94900,92000,92800,494468,45886630400,1.1996,-102764,119922,-11461,-19438,-3290,-15709,-6261,-5500,38737,-6293,596,0
2018-01-15,93000,94400,90600,92900,312581,29038774900,0.1078,-13985,-10168,25249,-15350,15925,20651,-4250,0,8273,-1664,568,0
2018-01-16,92100,94100,90700,91100,306215,27896186500,-1.9376,14732,13863,-30826,1774,-27267,632,-2817,-4000,852,2302,-71,0
2018-01-17,91100,94500,91100,94500,462810,43735545000,3.7322,-109710,69999,33375,-2462,5011,12456,19613,0,-1243,6326,10,0
2018-01-18,95500,97200,93300,95000,518269,49235555000,0.5291,-62581,66197,-2817,-14785,19805,4059,-6961,-843,-4092,-877,78,0
2018-01-19,95900,96900,95100,96600,352350,34037010000,1.6842,-37135,28710,36461,24663,22815,7913,21178,178,-40574,-26558,-1478,288
2018-01-22,97500,98500,95000,97000,345111,33475767000,0.4141,-28629,11638,26387,4008,-8649,16681,205,2000,11929,-9295,-101,213
2018-01-23,98000,99800,96000,97000,558951,54218247000,0.0,27873,26750,-49201,-15552,-11032,-27818,-994,1878,3929,-3193,-2229,388
2018-01-24,97100,97100,93900,96700,448831,43401957700,-0.3093,37106,33846,-68100,-37467,-11711,-8331,-5480,-1789,-3322,-2855,3,0
2018-01-25,95700,96400,94000,94600,389350,36832510000,-2.1717,83175,-48389,-34535,-22611,-30544,17610,-14398,-3001,21028,-633,382,-2619
2018-01-26,91800,97400,91700,97000,768492,74543724000,2.537,-141966,162194,-22514,-20005,-14959,-24157,20552,-635,15695,3110,-824,995
2018-01-29,96400,96400,94700,95200,305754,29107780800,-1.8557,30964,-6059,-24838,-18241,884,3358,5640,0,-16459,197,-264,-20
2018-01-30,95800,96100,94500,94500,220701,20856244500,-0.7353,-24042,19457,4099,5930,1472,-8946,642,0,5017,-350,836,-16
2018-01-31,93300,95000,92300,93000,327317,30440481000,-1.5873,-8723,68326,-59501,-19773,-25672,-3703,1027,50,-9372,-27,-75,-2058
2018-02-01,93700,97400,92900,97100,546926,53106514600,4.4086,-226849,124818,115564,-12238,33615,24405,4345,1067,64153,-13918,385,217
2018-02-02,97700,98100,94800,95700,416902,39897521400,-1.4418,18593,7026,-14424,-5124,14554,2215,3379,99,-28926,-12631,1436,-621
2018-02-05,93400,95300,90500,90900,495651,45054675900,-5.0157,27773,30138,-56048,-29120,10508,13491,-23937,400,-27193,-411,-1452,-197
2018-02-06,86400,89600,85000,89500,489159,43779730500,-1.5402,-17836,37630,-19402,-20599,6363,-9335,6632,-7826,315,-687,295,5048
2018-02-07,91400,91400,82400,82700,644330,53286091000,-7.5978,172913,-11404,-160877,-49538,-3378,-38177,-8918,100,-58966,675,-1307,-2000
2018-02-08,83000,85400,81500,85400,402080,34337632000,3.2648,23267,37494,-61232,-9001,31038,-8950,1699,-11352,-64680,190,281,14
2018-02-09,82000,83400,81100,81900,334811,27421020900,-4.0984,10968,5959,-20214,-21546,6162,2198,9746,-1700,-18844,7430,-4143,3770
2018-02-12,83000,83100,80300,82000,229347,18806454000,0.1221,7942,13189,-21481,-18829,4899,-1184,329,0,-6696,212,138,0
2018-02-13,83000,84500,82200,82900,285511,23668861900,1.0976,-10060,16350,-8251,-13175,-4937,10276,819,0,-1234,-604,2565,0
2018-02-14,83900,85500,82600,83400,254198,21200113200,0.6031,29481,14199,-44309,-40760,-15826,12251,392,0,4,-324,953,-370
2018-02-19,84800,84800,83300,84000,214020,17977680000,0.7194,38565,32813,-69853,-9099,-24381,-21970,-6979,-1162,-6181,-873,-652,-81
2018-02-20,84000,84100,81200,81300,222783,18112257900,-3.2143,81102,3552,-83227,-24520,-16907,-26184,-6717,-5386,-2519,-885,-542,-994
2018-02-21,81600,83200,81100,83000,263680,21885440000,2.091,3541,60053,-63392,-32864,-25498,-816,-754,0,-2770,-269,67,-690
2018-02-22,82100,82900,81400,82900,146168,12117327200,-0.1205,-4464,27546,-22916,-18530,-7011,-3205,11309,300,-5779,-197,31,0
2018-02-23,83200,83400,82000,82600,211646,17481959600,-0.3619,314,27104,-27031,-10509,-21809,5349,-7868,-906,9662,-900,513,-950
2018-02-26,83200,85300,82500,83800,361582,30300571600,1.4528,-55322,56422,-2686,-21072,3929,-2927,7911,2315,5183,1600,-14,1975
2018-02-27,85600,85600,82900,83000,232014,19257162000,-0.9547,25056,-24930,-740,-8861,4599,-1474,4449,2832,-2285,810,-196,0
2018-02-28,82800,82900,81100,81800,320776,26239476800,-1.4458,85383,-21451,-64623,-20985,-18774,-3580,3259,0,-23919,167,524,-624
2018-03-02,80300,83000,80200,81800,203916,16680328800,0.0,-12439,11648,-10600,2804,-6040,-2049,1056,60,-6410,11191,200,-21
2018-03-05,81500,84100,81200,82400,219399,18078477600,0.7335,-37881,56189,-27777,-27189,3132,-3977,2386,1186,-3315,8900,569,0
2018-03-06,82700,83300,81300,81500,246833,20116889500,-1.0922,89190,-16816,-72145,-28431,-38942,3044,-1289,66,-4658,-197,-32,-1935
2018-03-07,81300,82000,80200,80600,254206,20489003600,-1.1043,34998,38634,-71818,-49743,-25090,-486,5169,-508,-1160,485,-2299,0
2018-03-08,81100,83500,80300,83200,524911,43672595200,3.2258,-103446,198630,-95305,-131968,-26169,40012,8728,-2,14339,-167,288,-245
2018-03-09,84400,93800,83600,92200,1628652,150161714400,10.8173,-482294,232631,235994,144580,76643,12877,19002,-1893,-10670,15908,-2239,-4545
2018-03-12,93500,94200,91700,93100,520810,48487411000,0.9761,-59158,23469,23393,-10589,-18007,26507,1688,3127,20948,12980,-684,-281
2018-03-13,93100,94200,91800,93000,375705,34940565000,-0.1074,-20755,66196,-35408,-18971,-21660,-7232,281,9964,2418,-9904,-129,-208
2018-03-14,92000,92500,89100,89800,395465,35512757000,-3.4409,72783,-25307,-28709,-28109,-6548,8196,-1857,-1436,1367,-16635,-2132,-322
2018-03-15,89400,90300,87500,89900,396391,35635550900,0.1114,1448,-18193,15714,68,-5016,13060,2893,734,3975,521,510,0
2018-03-16,91500,92300,88900,89800,636898,57193440400,-0.1112,31678,-60169,29964,36190,3427,-9697,4843,644,-7350,-1063,-410,1907
2018-03-19,89800,90200,87700,88700,267751,23749513700,-1.2249,20929,-42147,20678,28108,2969,-7656,8389,398,-12042,150,390,512
2018-03-20,87500,90500,87300,89900,283204,25460039600,1.3529,-26421,-29020,55607,18248,12305,4916,5812,1247,13082,86,-252,-3
2018-03-21,89000,90200,88600,89000,212048,18872272000,-1.0011,-9589,-30682,41451,24015,-1953,1727,8603,-4,9065,-1117,-63,-2
2018-03-22,89200,94100,89200,90400,567924,51340329600,1.573,-83911,24270,52015,9404,6547,12067,2825,6907,13921,8019,-393,344
2018-03-23,88600,91000,88200,89100,327138,29147995800,-1.4381,-25446,-19269,45038,9325,10763,15840,11403,9749,-12039,-373,50,-3
2018-03-26,89600,93400,89300,93000,437682,40704426000,4.3771,-144012,64478,76713,73589,9796,2472,6925,1429,-17476,3606,-785,-22
2018-03-27,94300,94400,92600,93600,360567,33749071200,0.6452,-67390,3806,59198,53600,23918,990,3770,717,-23842,3914,472,45
2018-03-28,92500,95100,92500,93800,331002,31047987600,0.2137,-70393,-8047,71432,32018,23800,21006,4080,1123,-10599,6915,93,4
2018-03-29,93100,94200,91200,92000,264654,24348168000,-1.919,8826,-16886,10340,-25886,-4056,27938,-1392,187,13550,-2482,202,-1
2018-03-30,93400,96000,92600,95900,493183,47296249700,4.2391,-243421,96002,150913,66311,19246,22761,9183,-464,33877,-1998,-1496,-1
2018-04-02,98900,104000,98800,102000,1037147,105788994000,6.3608,-194181,34357,176623,108112,26587,24916,13082,-23240,27463,-16522,-277,-297
2018-04-03,101000,105000,100500,104000,596427,62028408000,1.9608,-186042,95760,107705,68107,13932,5838,10347,4629,4684,-16934,-489,168
2018-04-04,103500,104000,99700,100500,501719,50422759500,-3.3654,13156,-95997,87221,34927,9360,9629,-298,-1700,35296,-4503,123,7
2018-04-05,101000,102500,98300,102000,379721,38731542000,1.4925,-39851,-21461,61720,12448,10373,14017,4720,2155,18007,170,-578,0
2018-04-06,100500,103500,100000,100500,233356,23452278000,-1.4706,-40471,15831,23743,-7430,3248,4295,2811,1487,19332,659,238,0
2018-04-09,101000,104500,100500,103000,317100,32661300000,2.4876,-104367,36011,67928,3047,11911,21861,6191,680,24238,-775,1203,0
2018-04-10,102000,105500,101500,105500,362753,38270441500,2.4272,-106955,68390,37762,-8459,11860,21765,2482,-113,10190,2387,-1584,37
2018-04-11,106000,107000,104000,105000,486370,51068850000,-0.4739,-33463,83186,-51249,-23366,578,-16233,-4606,2938,-11904,559,967,1344
2018-04-12,105000,105500,100000,100000,577677,57767700000,-4.7619,110954,-49198,-64753,44508,-33049,-26951,171,-4166,-45066,2606,391,-200
2018-04-13,101500,104500,99600,104000,337139,35062456000,4.0,-84795,35024,47224,5889,16048,-4643,22799,85,6846,1582,965,200
2018-04-16,104500,107000,104000,105500,241866,25516863000,1.4423,-31771,-14202,38402,-18839,28668,18212,9305,2686,-1630,7573,-2,0
2018-04-17,105500,106000,102000,103500,279460,28924110000,-1.8957,58919,-64079,7114,16639,-4094,-5972,5256,-2253,-2349,-1927,-27,-113
2018-04-18,104000,104500,101500,102500,242141,24819452500,-0.9662,17298,-9827,-5951,-13452,-9915,3833,5372,0,8211,-1808,288,0
2018-04-19,102500,105000,101000,102000,329203,33578706000,-0.4878,1397,25624,-22244,21546,-23306,-18042,-659,-200,-1299,-4910,133,-284
2018-04-20,103000,104000,101500,102500,197581,20252052500,0.4902,8111,-20778,12640,2617,4366,4319,-1808,-502,3648,212,-185,0
2018-04-23,102000,104500,101000,104000,324728,33771712000,1.4634,11197,-111476,100284,11080,22850,19165,4436,-1856,44609,424,-429,0
2018-04-24,109000,110000,106500,107500,668758,71891485000,3.3654,-126928,-40019,164223,10695,56664,32176,23275,8180,33099,3822,-1098,134
2018-04-25,106000,107500,105000,106000,352424,37356944000,-1.3953,12066,-81882,71139,39866,12686,10039,10911,26,-2389,-1489,166,0
2018-04-26,106000,109500,104500,109500,431780,47279910000,3.3019,-130527,130,122837,24802,10829,43615,13946,3367,26086,8356,-796,192
2018-04-27,110000,111500,108500,110500,612648,67697604000,0.9132,5992,-125741,130558,4255,-7669,91511,6744,9610,25824,-10787,-22,283
2018-04-30,115000,117500,112000,116000,855646,99254936000,4.9774,-246871,283711,-59108,-26415,44965,-18504,16976,-1026,-78467,19247,3021,3363
2018-05-02,116500,122500,116000,120500,745885,89879142500,3.8793,-207895,301171,-72111,-17271,8679,-27310,1639,6412,-44260,-19629,-1536,0
2018-05-03,119000,121000,118000,120500,592892,71443486000,0.0,-21641,211805,-179216,-10497,2468,-40279,-23118,735,-106525,-10030,-918,-2000
2018-05-04,123000,123500,118000,120000,460228,55227360000,-0.4149,-7122,111746,-89208,5048,-22666,-19073,-29763,4965,-27839,-15566,150,120
2018-05-08,122000,125000,120000,121000,393042,47558082000,0.8333,-44627,134948,-77210,12406,-10678,-37666,4825,-16920,-29177,-13004,-107,0
2018-05-09,120500,122000,116000,121000,320259,38751339000,0.0,-58723,79113,-17011,14731,-7207,-19720,2062,8646,-15523,-2830,-549,0
2018-05-10,120500,123000,118500,123000,379591,46689693000,1.6529,-74376,67516,1628,1205,12532,-13022,-2256,2000,1169,5307,-75,0
2018-05-11,121500,126500,121500,125000,338287,42285875000,1.626,-61438,90813,-26296,-4117,4083,-14528,-11496,6854,-6131,-294,-2785,-961
2018-05-14,124000,127000,120000,123500,441147,54481654500,-1.2,9836,119382,-128636,-28990,-29854,-58849,-6368,-344,-3267,-598,16,-964
2018-05-15,123000,125500,122000,123500,268033,33102075500,0.0,-37375,87805,-49784,-6540,-42359,-5752,3039,2624,372,-490,-156,-1168
2018-05-16,122500,125000,121000,121500,222461,27029011500,-1.6194,-6420,62414,-56957,-13903,-24807,-19626,-1081,1092,1474,822,141,-106
2018-05-17,122000,123500,119500,121000,192893,23340053000,-0.4115,-9819,44445,-33857,7943,-20104,-19798,-3123,-1100,2325,-569,-200,0
2018-05-18,120000,122500,119000,120500,176032,21211856000,-0.4132,7649,36016,-43073,-12401,-9968,-13384,-779,-467,-6074,-883,291,0
2018-05-21,121500,121500,117000,118000,312415,36864970000,-2.0747,39067,36297,-75337,-28361,-36963,-13105,-1966,1820,3238,-432,405,0
2018-05-23,117500,121000,117000,121000,309683,37471643000,2.5424,4021,31975,-38156,-6938,2803,27881,-32718,-7231,-21953,2000,160,0
2018-05-24,123500,128000,122000,127500,515366,65709165000,5.3719,-173341,154887,16661,6483,5985,-4004,5841,788,1568,2072,-279,0
2018-05-25,125500,126000,121000,121500,411479,49994698500,-4.7059,56419,-74725,14925,6459,-8019,5285,-7702,9618,9284,1243,2138,0
2018-05-28,123500,125000,122500,124500,250961,31244644500,2.4691,-14442,52493,-10404,-7978,-999,-9779,9690,850,-2188,-25351,-2296,0
2018-05-29,125500,127000,122000,126500,215142,27215463000,1.6064,-51936,30463,21859,1581,-1186,6582,9481,3652,1749,-90,-296,0
2018-05-30,125500,127000,122500,124000,216227,26812148000,-1.9763,-2055,-7451,19408,7322,-11836,7590,24385,1100,-10773,-10127,225,1620
2018-05-31,123500,125000,121000,124000,268613,33308012000,0.0,-29822,29636,3002,849,-8657,6773,1278,2150,-4452,-2807,-9,5061
2018-06-01,126000,129500,125000,128000,443750,56800000000,3.2258,-130999,75267,57310,17058,43207,10000,-1679,0,-11118,-301,-1277,-158
2018-06-04,129500,130000,125000,126500,221731,28048971500,-1.1719,24303,904,-26589,-4805,-9468,-5828,-993,-474,-5021,660,722,0
2018-06-05,126500,129500,126500,129500,251980,32631410000,2.3715,-45041,33673,12239,15379,-10562,7624,-2899,-364,3061,-135,-736,0
2018-06-07,130000,131000,124500,125000,366427,45803375000,-3.4749,80522,-96368,16186,24368,-7974,-1151,353,-10470,9379,-352,12,1681
2018-06-08,125500,127500,124000,125000,285906,35738250000,0.0,7916,30792,-39024,-3967,-15692,-4529,-5766,-563,-8067,-162,478,-440
2018-06-11,125000,128500,125000,126500,315116,39862174000,1.2,-55609,27032,30544,8597,-1538,11198,7464,-795,5618,-2082,115,0
2018-06-12,126000,130000,126000,129500,344435,44604332500,2.3715,-107263,87563,24735,26600,-10444,1609,1288,-268,5950,-4936,-99,0
2018-06-14,129500,132000,128500,132000,358015,47257980000,1.9305,-91207,73216,18899,25991,-25690,1969,-2430,-1103,20170,-502,-406,-8
2018-06-15,132000,132000,125500,126000,412576,51984576000,-4.5455,56422,-667,-53557,-21876,-44164,7069,-1070,180,6304,-2339,141,0
2018-06-18,125000,127500,119500,120500,393753,47447236500,-4.3651,-29042,48064,-16844,-1479,-35535,11971,1082,-13087,22204,-2707,529,-2000
2018-06-19,121500,124500,120000,120500,248814,29982087000,0.0,5002,44369,-45431,-15699,-6972,-18267,-4066,100,-527,-4031,91,0
2018-06-20,120500,126000,119500,125000,281498,35187250000,3.7344,-44952,66439,-22447,-17660,-24044,-6655,7962,0,13950,245,715,4000
2018-06-21,124000,127000,121500,122500,249620,30578450000,-2.0,16590,19132,-34774,-5188,-13235,-1018,-1916,-705,-12712,-704,-244,0
2018-06-22,123000,126500,120000,125000,178204,22275500000,2.0408,5388,-16030,9033,-15607,-3562,27805,-2855,4300,-716,1602,7,-332
2018-06-25,122500,124500,120500,122500,338870,41511575000,-2.0,-47,34375,-33324,-34471,21456,-28193,-3417,5024,5656,-959,-45,621
2018-06-26,121500,122000,115500,116000,535876,62161616000,-5.3061,122423,-5330,-101516,-35683,-34858,-48747,-10247,2539,23322,-16019,442,2158
2018-06-27,115500,121000,115500,116500,400265,46630872500,0.431,-37949,85200,-46351,-39573,-4250,-9738,7328,0,-5118,-941,41,5000
2018-06-28,116000,120500,116000,119000,287059,34160021000,2.1459,-60431,95944,-34053,-16577,-5207,4934,-4318,-274,-13611,-1390,-70,1000
2018-06-29,121500,124000,120500,123500,356504,44028244000,3.7815,-80268,162056,-82174,-39783,-26965,13130,2085,200,-32932,608,-222,2091
2018-07-02,124000,125500,119000,119000,214290,25500510000,-3.6437,-8059,7796,9,-7054,-21876,23468,-2477,323,5241,74,180,2384
2018-07-03,120500,122000,108000,111500,1509731,168335006500,-6.3025,227247,85936,-315780,-73453,-94185,-48939,-47573,-21842,-10832,1159,1438,-18956
2018-07-04,111500,112000,104500,108000,650781,70284348000,-3.139,55010,108392,-156913,-47837,-54858,-4083,-36683,754,-14173,-6884,395,-33
2018-07-05,108500,111500,106000,108000,417290,45067320000,0.0,21059,-50022,28040,-8956,15779,22497,792,971,-2843,404,519,-200
2018-07-06,109000,113500,108000,112500,470618,52944525000,4.1667,-102115,40122,61941,-10551,28514,28764,7946,4482,2786,-6,58,0
2018-07-09,109000,109500,99800,100000,1606714,160671400000,-11.1111,693700,-230176,-474959,-236004,-106762,-91331,-19583,-777,-17908,10106,1329,-2594
2018-07-10,101500,102000,99900,101000,565176,57082776000,1.0,-24280,8715,9640,-25972,12451,12119,7984,1296,1722,4712,1213,40
2018-07-11,100500,103000,99600,99900,593972,59337802800,-1.0891,-17434,-70552,87904,20378,12513,18907,18550,514,15042,335,-253,2000
2018-07-12,101500,106000,101000,103000,713935,73535305000,3.1031,-56946,61645,-935,-20311,31461,-16140,14249,-655,-9309,-2978,-786,-230
2018-07-13,104000,107000,101500,103000,487368,50198904000,0.0,33071,-67806,34675,21403,2762,-8282,10513,348,7671,-236,296,260
2018-07-16,105000,105500,100000,100500,483840,48625920000,-2.4272,153543,-63996,-90612,-46244,2657,-34307,-5713,0,-7005,1037,28,0
2018-07-17,101500,103500,100500,101000,500880,50588880000,0.4975,15754,-59327,40700,-123,6821,7894,8434,2234,15398,1620,1253,42
2018-07-18,102000,103500,101000,101500,286521,29081881500,0.495,-24396,-867,22454,-54,12644,4259,8933,-2810,-3934,3242,-433,3416
2018-07-19,101500,102000,91500,92600,1572519,145615259400,-8.7685,444793,5161,-451149,-159093,-144298,-52203,-67166,-2181,-27263,-657,1852,1055
2018-07-20,92700,93900,89500,90800,1101305,99998494000,-1.9438,152569,-109498,-50493,-1873,-24416,-25648,-2534,-231,6273,6662,760,-2064
2018-07-23,90800,92300,90700,91200,465287,42434174400,0.4405,-105952,28120,78410,-2920,20088,32717,7132,528,20865,-147,-431,0
2018-07-24,91400,98100,91300,97800,841272,82276401600,7.2368,-320345,135459,190353,20540,65182,66406,18904,5169,17321,-5678,211,-3169
2018-07-25,98000,98400,93700,95900,460858,44196282200,-1.9427,27275,-21950,-8426,-22781,-2993,-3262,5647,846,13634,3264,-163,483
2018-07-26,96700,96800,94400,96100,315666,30335502600,0.2086,52250,25080,-79636,-45613,-29668,-7449,-2510,3277,2327,1657,649,0
2018-07-27,96800,99900,95800,98000,536988,52624824000,1.9771,390,-2001,-6589,7773,-13162,-15308,1170,7204,4786,7216,984,948
2018-07-30,104000,105000,99500,99600,1021562,101747575200,1.6327,13712,-21715,20516,2732,23821,-19186,19376,-835,-4503,-9654,-2859,-889
2018-07-31,100000,100500,95700,99800,482759,48179348200,0.2008,3706,-28247,24309,20856,21407,-17198,868,192,-1799,499,-267,-17
2018-08-01,100500,107000,99000,107000,913356,97729092000,7.2144,-255793,67917,184526,41629,64300,24081,33440,9645,13764,3677,-327,-2333
2018-08-02,105500,106000,103000,105000,442186,46429530000,-1.8692,47896,-91025,42042,47015,25303,-3724,-12501,-748,-12571,1431,-344,-732
2018-08-03,105500,105500,102500,104500,270916,28310722000,-0.4762,-6565,-32018,42320,22687,-514,18721,3115,0,-1689,-3545,-192,0
2018-08-06,103500,107500,103500,104500,346660,36225970000,0.0,-40979,21397,19765,-39557,23573,27465,11911,-62,-3649,-169,-14,84
2018-08-07,105500,106500,102000,104000,343270,35700080000,-0.4785,10781,33973,-44651,-53453,3076,8791,-4668,423,1009,-636,533,171
2018-08-08,104000,105000,103000,104000,225700,23472800000,0.0,-10429,-5609,18594,6486,2720,7393,5910,-563,-3256,-2528,-28,-96
2018-08-09,104000,108000,102000,107000,515598,55168986000,2.8846,-127944,107168,22356,62477,6429,9720,-2992,-1226,-51913,-1213,-367,-139
2018-08-10,106500,107000,102000,102500,426581,43724552500,-4.2056,32903,-2293,-29085,3595,-10599,-6862,-13075,-1771,1408,-1680,155,-1781
2018-08-13,102000,102000,96000,97500,617841,60239497500,-4.878,129972,-45129,-82994,25730,-23242,-45974,-10334,-583,-21444,-1161,-688,-7147
2018-08-14,97900,99500,96500,98700,289941,28617176700,1.2308,-54840,33730,21765,17478,3300,-6468,12482,306,-3252,-685,30,-2081
2018-08-16,95300,99100,95000,99100,391474,38795073400,0.4053,-9247,-406,7619,9720,-9180,675,9453,-14,-2836,2128,-94,-199
2018-08-17,100000,104500,99800,102000,418161,42652422000,2.9263,-104639,6116,98887,22829,14963,41117,6322,3100,10556,298,-662,0
2018-08-20,101500,102500,97500,97800,506303,49516433400,-4.1176,211506,-125161,-87427,-6136,-31590,-43063,18250,-6630,-17411,-54,1136,-847
2018-08-21,97800,101000,96600,100000,481066,48106600000,2.2495,-30095,43671,-11841,-1010,-22133,17930,1910,0,-7573,-1646,-89,-965
2018-08-22,100000,102500,99100,100000,357799,35779900000,0.0,-37121,-178,39414,3957,1952,13001,10810,50,9644,-1668,-447,0
2018-08-23,104000,107000,103500,105500,795345,83908897500,5.5,-250639,95544,163608,60288,17934,22295,21833,-1510,42768,-8149,-364,0
2018-08-24,106000,108000,105000,107500,407399,43795392500,1.8957,-104777,70133,38133,-2936,10947,26677,375,-1272,4133,-2365,-1124,209
2018-08-27,107500,108500,106000,107000,331888,35512016000,-0.4651,13066,-36053,25181,41925,4819,-2311,-20853,321,989,-1740,-454,291
2018-08-28,108000,108000,104500,105500,269977,28482573500,-1.4019,57928,-33206,-26821,-12915,-8813,3956,-7732,-9950,8633,2998,-899,0
2018-08-29,107000,108500,105500,106500,331577,35312950500,0.9479,-8907,-34156,42911,36356,15497,-23360,8645,2025,3118,217,-65,630
2018-08-30,110000,111000,104500,106000,680934,72179004000,-0.4695,32131,-66223,30185,13869,25822,5741,-9806,408,-6216,3875,32,367
2018-08-31,106000,108500,104500,108000,219653,23722524000,1.8868,-61338,38799,22513,15900,3071,1565,9516,1409,-10213,67,-41,1265
2018-09-03,107500,109000,106000,107000,205202,21956614000,-0.9259,-1790,-27413,30353,15805,8653,-1092,1120,0,3906,-1362,212,1961
2018-09-04,107000,107000,104000,105000,276389,29020845000,-1.8692,106398,-77624,-29757,23306,-20356,-22783,-8359,2806,-3496,615,368,-875
2018-09-05,106000,107000,102000,102500,452583,46389757500,-2.381,55430,-37122,-13467,26458,16648,-34547,-14918,-5304,-554,-4852,11,-1250
2018-09-06,102500,103000,98900,100500,583479,58639639500,-1.9512,148757,-110606,-38138,16838,-4489,-66991,15302,2389,-1936,-231,218,749
2018-09-07,101000,102500,99500,101500,389211,39504916500,0.995,-3143,-24741,27503,17968,7130,-24582,3162,-80,23905,362,19,0
2018-09-10,99500,99500,94900,98200,849747,83445155400,-3.2512,167018,-76404,-93641,-23173,-43643,-782,-30697,-120,8143,1976,1051,-3369
2018-09-11,99000,101000,98400,99000,430461,42615639000,0.8147,45754,-75280,8187,-1392,13925,1222,3735,-124,-9179,21280,59,0
2018-09-12,100000,101000,99900,101000,453668,45820468000,2.0202,-67033,42369,18317,-1194,22988,-26911,18048,-423,5809,6490,-143,0
2018-09-13,102000,104500,100500,103500,461157,47729749500,2.4752,-103190,51274,50940,21294,15561,29423,12182,-8481,-19336,1392,-416,297
2018-09-14,105000,108000,103500,106500,347592,37018548000,2.8986,-183125,17010,153000,26954,37536,54839,6616,813,24840,13755,-640,1402
2018-09-17,106000,107000,104000,106000,170363,18058478000,-0.4695,1502,-7423,4126,11918,3187,844,-238,0,-13585,1881,-86,2000
2018-09-18,104500,109500,104500,108500,357142,38749907000,2.3585,-139290,86303,53073,22676,15402,10583,-8558,348,12622,445,-531,0
2018-09-19,109000,111000,105500,108500,275443,29885565500,0.0,-5602,-3197,25580,30073,1952,8831,80,-2311,-13045,-16424,-357,0
2018-09-20,109000,109000,105000,105500,298422,31483521000,-2.765,34539,-24253,-31780,7072,1795,-26647,142,-254,-13888,21502,-8,0
2018-09-21,106000,106000,103500,104500,346676,36227642000,-0.9479,33958,-105490,61052,40986,11248,-2691,1964,6003,3542,10437,43,0
2018-09-27,105500,111000,105000,109000,536308,58457572000,4.3062,-135431,114189,33432,-9664,9073,14361,20644,-10354,9372,-12160,-30,0
2018-09-28,110000,111000,106500,108500,321557,34888934500,-0.4587,-6241,21530,-18031,-9911,-12080,-2015,-892,-1579,9521,2738,4,-1075
2018-10-01,108500,114000,107500,108000,381547,41207076000,-0.4608,63319,-66847,-308,-13126,15961,-6126,-2743,-3414,9284,3277,559,-144
2018-10-02,108500,109000,101000,102500,538215,55167037500,-5.0926,240923,-142875,-110776,2698,-7131,-78809,-3850,-623,-22431,12620,108,-630
2018-10-04,103000,103000,92700,94800,1699004,161065579200,-7.5122,584149,-131959,-399593,-106865,-45178,-170707,-29106,-2414,-47323,-52789,192,2000
2018-10-05,93100,96700,90700,95000,777867,73897365000,0.211,-688,72236,-70484,-19273,-10619,16902,-50223,0,-7271,-1708,644,0
2018-10-08,93800,96400,91800,92200,634155,58469091000,-2.9474,98119,-17005,-80158,-19148,-17733,-21835,-7408,-3577,-10457,-978,22,0
2018-10-10,92500,93200,87000,87900,936866,82350521400,-4.6638,128837,-20484,-114949,-37424,-19542,-14296,-10327,-1834,-25986,4901,1695,-5540
2018-10-11,83000,84900,81200,82200,1380635,113488197000,-6.4846,119672,-81363,-43632,36591,-29353,15792,-35548,-4732,-24778,5763,-440,-1604
2018-10-12,82100,88700,82100,87500,896671,78458712500,6.4477,-86074,-18374,108338,7506,15866,49003,9773,-24,25734,-4019,129,480
2018-10-15,87500,87600,83300,83700,472235,39526069500,-4.3429,115157,5026,-119995,-25395,-23304,-41209,-1988,-308,-25379,-420,232,-2412
2018-10-16,84500,86200,83500,84200,391893,32997390600,0.5974,69395,-36556,-32952,-200,9000,-22414,-10381,-1519,-5747,-116,229,-1691
2018-10-17,86300,87300,84300,85100,418193,35588224300,1.0689,32299,27314,-59428,-16267,-21006,-24855,2436,1541,-1277,-86,-99,0
2018-10-18,86600,87600,81700,82200,608596,50026591200,-3.4078,177837,-150324,-32252,-10681,-4759,-7934,-6691,-4025,-1328,3422,1317,3166
2018-10-19,81500,81500,77200,81000,1109567,89874927000,-1.4599,106706,39367,-148198,-41650,-1314,-98980,-14671,-4160,12577,2345,-220,0
2018-10-22,80900,84800,80900,82700,833699,68946907300,2.0988,37308,-47679,11759,-8685,-1187,23649,-3994,5042,-3066,-1404,16,0
2018-10-23,82900,82900,78600,79400,673094,53443663600,-3.9903,160158,-10664,-147964,-79747,-8969,-45735,-9831,0,-3682,-2747,1217,0
2018-10-24,80100,80700,77700,79400,462235,36701459000,0.0,-42858,33438,9500,-35647,1012,10588,-3208,-37,36792,0,-80,0
2018-10-25,77600,79200,75400,77200,631700,48767240000,-2.7708,61713,-17683,-44785,-64591,-7413,654,4011,-1785,24339,642,113,0
2018-10-26,77300,77500,71300,72400,1231409,89154011600,-6.2176,153849,16964,-172275,-88186,-9871,-44355,-19509,-16654,7385,727,735,-1085
2018-10-29,71900,77700,71900,73100,1095871,80108170100,0.9669,-232970,83448,147366,-39540,73052,65393,-1846,1718,48589,1666,490,0
2018-10-30,73100,73100,68500,71300,1031797,73567126100,-2.4624,277315,-251384,-32992,-67222,12777,25656,-16530,-1955,14282,7042,19,0
2018-10-31,72200,72700,70400,71300,407498,29054607400,0.0,45494,-27636,-16940,-11088,8045,9426,-4450,0,-18833,-1966,1048,-40
2018-11-01,72300,74900,71300,72800,855722,62296561600,2.1038,-23976,-37305,58246,29423,7807,15582,-3233,1767,6925,2398,637,-25
2018-11-02,75000,79600,74900,79100,1002692,79312937200,8.6538,-165846,-32383,189317,41735,52016,41334,16304,1711,36217,7607,1305,0
2018-11-05,77600,77600,75500,76000,602807,45813332000,-3.9191,248004,-187446,-57919,-32116,9210,-6158,-1310,3256,-31200,-2529,-110,399
2018-11-06,76900,77600,75300,76000,448776,34106976000,0.0,67707,-55508,-12621,-17958,5331,600,2186,0,-1520,485,-63,-1260
2018-11-07,76700,78800,75100,75800,627905,47595199000,-0.2632,61514,-63431,3397,-29750,57428,-6392,2197,-4300,-15786,-1582,102,0
2018-11-08,78000,78300,76300,76500,588500,45020250000,0.9235,82261,-20115,-59792,26403,13812,-46727,5910,-148,-59042,-2658,304,0
2018-11-09,76700,76800,71600,72700,1241548,90260539600,-4.9673,498361,-323587,-170980,-80843,-17985,-37026,-16905,-1570,-14332,-1787,-2007,-2319
2018-11-12,71800,73300,70700,72300,496050,35864415000,-0.5502,66443,-52582,-14511,5108,8025,-36961,-756,324,9749,508,142,0
2018-11-13,70400,72900,69500,72800,661573,48162514400,0.6916,-9871,50147,-40472,-9790,-17788,-11099,-10555,0,10091,40,156,-1331
2018-11-14,73200,75200,72800,74100,452581,33536252100,1.7857,-113015,84327,29814,-17156,12429,13714,486,1534,15807,-998,-128,3000
2018-11-15,77000,84100,76600,83700,2433830,203711571000,12.9555,-360857,-72578,425146,133183,95668,115668,55596,7342,16884,8447,-158,805
2018-11-16,85100,86200,81800,82600,1163793,96129301800,-1.3142,183740,-274052,91826,46120,13493,35548,2103,1257,-8541,-906,-608,1846
2018-11-19,83400,86500,81700,85400,1084152,92586580800,3.3898,-118919,-103080,218686,33235,52151,83795,3579,1500,40805,2492,821,3621
2018-11-20,84400,85900,83000,83200,749408,62350745600,-2.5761,99091,-187560,99033,12219,14907,26513,5363,2383,37648,-10418,-146,0
2018-11-21,81500,85500,79500,85000,1027256,87316760000,2.1635,-21127,-210819,245478,76770,36752,45213,18958,17740,46448,-13542,10,3597
2018-11-22,85600,87900,82500,83100,945953,78608694300,-2.2353,160877,-253822,92651,4874,24882,26548,10109,5361,19670,-95,389,1207
2018-11-23,83000,86400,81600,84300,898573,75749703900,1.444,-209582,29347,179974,62210,27143,-221,58412,9236,22693,120,141,501
2018-11-26,85300,85400,83700,84500,484410,40932645000,0.2372,123379,-108214,-19154,14684,-52024,-2178,8861,0,11503,4686,-697,0
2018-11-27,85000,85900,83900,84500,476056,40226732000,0.0,60214,-77343,14964,-12044,8624,6872,7797,2780,935,2165,0,0
2018-11-28,85000,85400,83300,83800,576245,48289331000,-0.8284,77497,-78795,-14978,15515,-13012,-29442,4780,319,6862,16616,-340,0
2018-11-29,84500,85200,83000,83700,585127,48975129900,-0.1193,-8276,-9806,15696,-15912,-1252,-11023,18720,405,24758,2019,367,0
2018-11-30,84000,87500,83700,86300,914836,78950346800,3.1063,-176850,-36286,199511,91018,48045,4399,18248,7838,29655,13705,-80,308
2018-12-03,88300,88300,85300,86100,790170,68033637000,-0.2317,280845,-223811,-55433,-27325,-7370,-20626,11821,0,-14790,-1043,-558,2857
2018-12-04,86100,89400,86100,86300,1083884,93539189200,0.2323,40434,-36644,-6687,-1096,-8235,8141,3995,3803,-12538,2333,564,-757
2018-12-05,84300,85300,83300,84800,552242,46830121600,-1.7381,66384,-98992,41524,38797,23280,-31038,555,3044,6886,-9041,125,0
2018-12-06,84600,85300,78000,78500,1073993,84308450500,-7.4292,291805,-134013,-160406,866,-72972,-79110,5837,-6261,-8084,1502,1112,-682
2018-12-07,80000,80900,77600,79000,611821,48333859000,0.6369,105332,-13278,-95024,10734,-12295,-60055,-20916,-6993,-4230,1480,1490,-1269
2018-12-10,76500,79200,76100,77400,583828,45188287200,-2.0253,18313,-25124,2246,12598,-2967,-19571,1011,-1642,12817,5170,-605,0
2018-12-11,77600,79600,77600,78000,411843,32123754000,0.7752,-26201,-13489,31533,-4008,26509,-4426,-4316,5000,12774,8472,-315,0
2018-12-12,78200,79200,77300,78600,466905,36698733000,0.7692,144255,-151638,7873,5864,-3114,-450,-2386,0,8210,563,-1053,-251
2018-12-13,78800,79000,77100,77100,679462,52386520200,-1.9084,160957,20633,-183530,-15344,-39253,-47949,-15784,-631,-64160,924,1016,-409
2018-12-14,77800,78800,76500,76500,438233,33524824500,-0.7782,2840,-18080,12647,18620,11420,-27030,-3802,-248,13687,2239,354,0
2018-12-17,76100,79000,75500,78600,418178,32868790800,2.7451,-75230,2659,72654,12847,20190,40265,-6957,0,6309,2615,-2698,0
2018-12-18,77400,78200,75300,75900,697385,52931521500,-3.4351,201052,-265734,58143,35878,4244,-7688,11610,3000,11099,6474,65,0
2018-12-19,76100,77900,76100,77400,338463,26197036200,1.9763,-97561,31089,66491,23194,27759,15012,-8696,104,9231,-11,-8,-113
2018-12-20,76700,76700,73500,74700,775486,57928804200,-3.4884,287144,-226625,-35149,-240,-9560,2679,-11631,-4910,-12680,-27322,1952,1193
2018-12-21,74100,75000,73600,73800,472977,34905702600,-1.2048,120384,-57854,-61983,14577,-53411,-2851,-26980,3329,2175,-583,36,1178
2018-12-24,73600,73600,72100,73000,413898,30214554000,-1.084,20815,19116,-36781,37059,-17168,-19007,-20932,-1938,-16048,-1834,-1316,1253
2018-12-26,71400,73700,71300,72500,422513,30632192500,-0.6849,-50103,-972,57030,32310,-4480,11430,3387,-5261,19013,-6335,380,631
2018-12-27,74500,78000,73500,76100,857814,65279645400,4.9655,-262112,71822,190997,41500,39477,93228,20194,5061,-11083,-387,-320,2620
2018-12-28,76500,77300,75700,76500,384967,29449975500,0.5256,12595,-105961,92968,33175,49814,-1698,20490,1387,-15277,-46,444,5077
2019-01-02,77700,78200,72400,73100,666916,48751559600,-4.4444,172447,-105627,-72050,14488,12657,-72717,6268,-9684,-23629,4730,500,567
2019-01-03,73200,74600,72400,72700,499812,36336332400,-0.5472,14469,43444,-58190,3574,-11804,-37595,-2253,-4741,-5371,201,76,0
2019-01-04,72800,74100,69500,71200,960920,68417504000,-2.0633,332472,-151896,-184775,-50825,-41680,-46338,-43886,-9073,8500,3030,1169,-1473
2019-01-07,71400,72500,70200,71000,840813,59697723000,-0.2809,230397,-45617,-197240,-52051,-48342,-59106,-43511,-10099,26781,11346,1114,-10912
2019-01-08,71500,71600,69300,69500,828579,57586240500,-2.1127,331598,-195800,-149735,-42608,-29484,-23033,-32492,-2484,-15801,13049,888,-3833
2019-01-09,69800,71200,69400,70700,692688,48973041600,1.7266,20201,84498,-104040,-45062,-10200,-14111,-7334,5129,-32462,-579,-80,0
2019-01-10,70800,70900,69600,69700,610900,42579730000,-1.4144,229621,-110354,-112431,-35231,-30470,-19360,-9117,47,-18300,-6928,92,0
2019-01-11,70100,70600,69800,70400,433257,30501292800,1.0043,17406,15110,-42724,-14831,-18449,6328,-23696,0,7924,9693,515,0
2019-01-14,70900,76100,70900,75100,1852458,139119595800,6.6761,-644379,467495,176461,36017,30372,80516,23046,2510,-1825,863,-440,5825
2019-01-15,74900,76800,74500,76100,761717,57966663700,1.3316,-100749,-3334,83653,-3298,3694,72151,486,582,6573,20205,225,3465
2019-01-16,76000,76000,73100,73600,767972,56522739200,-3.2852,206657,-153425,-55442,-25195,-18194,-23676,3389,675,7108,2232,-22,451
2019-01-17,74100,74200,71200,71500,779135,55708152500,-2.8533,249919,-185826,-55104,-29020,-5649,-28012,942,2061,7226,-9645,656,-2652
2019-01-18,71600,73300,71000,73200,572965,41941038000,2.3776,-18762,-75726,90808,23651,-3505,25251,21902,2450,20758,3609,71,301
2019-01-21,73700,76000,73600,75000,951873,71390475000,2.459,-252274,48378,192925,52589,43116,63505,1466,532,31717,12270,-1299,0
2019-01-22,75600,76200,74100,75800,658776,49935220800,1.0667,-151746,-36987,186558,10483,57076,76835,8698,2542,29924,2980,-805,1000
2019-01-23,76000,79700,74600,78800,1181584,93108819200,3.9578,-392294,39943,361630,107709,47900,116745,26364,6122,45915,-7789,-1490,10875
2019-01-24,79200,79200,77200,77900,680727,53028633300,-1.1421,169286,-242432,65198,8777,8619,20795,11650,965,13936,5099,2849,456
2019-01-25,78100,81200,78000,81100,1172736,95108889600,4.1078,-266732,-7923,255720,105035,30477,88559,8072,342,23123,22584,-3649,112
2019-01-28,78000,79500,75900,76600,1824331,139743754600,-5.5487,642415,-633941,-6830,-13480,17043,-15805,-20454,-1137,26970,-3171,1527,33
2019-01-29,76600,76700,74600,75900,801338,60821554200,-0.9138,176133,-151456,-32337,10668,-10600,-26855,2198,467,-8362,3806,3854,147
2019-01-30,75600,76700,75000,76200,593470,45222414000,0.3953,65910,-115933,47493,30833,10276,3667,-5464,91,8090,2928,-398,0
2019-01-31,76900,77600,75600,76600,674121,51637668600,0.5249,31809,-22872,-8691,371,-9495,-7752,1105,-186,9604,-204,-42,-2338
2019-02-01,76700,77400,75900,76800,576003,44237030400,0.2611,-205,-48023,47639,35771,8258,-8848,3341,-1781,3735,63,526,7163
2019-02-07,76800,78300,76800,76800,578704,44444467200,0.0,-58179,74698,-24547,-8325,-4511,4843,-1724,-309,-14521,7754,274,0
2019-02-08,76200,76400,73600,73700,975776,71914691200,-4.0365,376220,-245387,-127247,-46401,-34877,-51348,-3731,1547,7563,-3573,-13,0
2019-02-11,73500,73500,72100,72400,647895,46907598000,-1.7639,309119,-82000,-193268,-61081,-52012,-56523,-15853,-3278,-4016,-31869,-1982,-505
2019-02-12,72900,73700,72400,72900,534740,38982546000,0.6906,189674,-131831,-53838,-29484,-17017,-5726,-3477,0,8078,-4149,144,-6212
2019-02-13,73400,75000,72000,74900,848753,63571599700,2.7435,-70539,4501,35283,27635,-910,9487,-2659,0,230,30688,67,1500
2019-02-14,74900,75700,74000,75500,633297,47813923500,0.8011,-49565,43730,7120,34565,190,12300,-8142,18,-31811,-1219,-66,0
2019-02-15,75600,77200,74600,76900,887933,68282047700,1.8543,-169367,67433,99489,97542,21262,25696,23624,-767,-67868,4751,-2306,0
2019-02-18,77600,78900,77200,78900,1014088,80011543200,2.6008,-319473,122767,199520,51839,34797,62206,16282,1142,33131,-1967,-847,123
2019-02-19,79400,80300,78300,78700,690381,54332984700,-0.2535,-83164,19175,79118,38802,18054,14131,2724,0,5141,-14850,-279,266
2019-02-20,79000,82500,78900,82200,1548212,127263026400,4.4473,-662877,386997,270004,68887,91174,83326,-1457,7728,19831,6484,-608,515
2019-02-21,82800,84400,81800,82400,1196327,98577344800,0.2433,-159677,72819,86767,37731,33356,12238,12699,3845,-11191,288,-197,-1911
2019-02-22,83000,83400,80900,82300,466449,38388752700,-0.1214,-17329,-67078,79336,57417,-4397,5965,11613,0,10378,5096,-25,-1640
2019-02-25,83200,84000,82200,83500,673674,56251779000,1.4581,-73739,-41314,116506,47969,21940,31641,10704,-2730,6982,-1920,467,0
2019-02-26,83400,86300,83300,85900,1174671,100904238900,2.8743,-288740,72079,218321,74201,90140,9756,44046,221,-1639,-433,-1227,1596
2019-02-27,86000,86600,84100,85100,592642,50433834200,-0.9313,21207,-137782,116085,66158,6701,-3624,21112,-513,26251,455,35,0
2019-02-28,85100,85100,81300,82000,887060,72738920000,-3.6428,838,-113518,116866,79465,20417,-14276,11542,489,18489,-3340,-846,740
2019-03-04,83300,85900,83300,83900,753138,63188278200,2.3171,-70303,-9657,79584,50356,35482,-36866,6231,873,23323,-124,500,185
2019-03-05,84200,84600,81900,83200,526820,43831424000,-0.8343,-18343,-11899,27606,-5515,43101,3405,-5237,-1747,699,1911,725,-7100
2019-03-06,83700,84200,80500,80600,857581,69121028600,-3.125,124484,-139449,11660,-28117,20526,-14040,17177,-791,16735,3365,-60,170
2019-03-07,80900,85800,80900,84800,1231286,104413052800,5.2109,-350449,135694,214293,40256,46299,14717,59495,5460,47066,607,-145,1000
2019-03-08,84400,87100,84200,84700,952857,80706987900,-0.1179,-21703,-76060,97967,-3024,22689,28707,18168,4188,27655,288,-492,-416
2019-03-11,85600,86100,82600,84000,642378,53959752000,-0.8264,139297,-189029,48845,25637,14800,-24916,17501,1770,14053,726,161,0
2019-03-12,84700,84800,81700,83700,763568,63910641600,-0.3571,79673,-48359,-31587,-4721,-14313,-12801,-4995,-2824,8456,546,-273,-389
2019-03-13,83200,84900,83100,83800,474719,39781452200,0.1195,-56145,9305,49066,45709,2341,2420,4524,0,-5975,-2867,641,47
2019-03-14,83800,84200,82600,82900,512910,42520239000,-1.074,65098,-50016,-15494,19621,118,-1728,5709,0,-35518,220,192,-3696
2019-03-15,82600,87400,82600,87300,1176116,102674926800,5.3076,-527469,220298,301989,108666,77362,43351,37543,1492,34153,6333,-1151,-578
2019-03-18,92000,93800,90100,93700,1914249,179365131300,7.331,-757677,731762,33430,-54126,44888,62745,10859,297,-31266,-5518,-1997,33
2019-03-19,93700,94200,92500,93300,672793,62771586900,-0.4269,-89753,48280,43647,42361,23457,-3237,-930,4700,-23764,-1818,-356,1060
2019-03-20,94200,95600,93000,95300,761393,72560752900,2.1436,-88842,49983,55530,54178,21669,-13000,8943,1500,-17760,-15382,-1289,0
2019-03-21,93300,94500,90700,92400,1147340,106014216000,-3.043,-9124,82745,-72095,18757,-3179,-26135,-12894,-5102,-44925,-1389,-137,1383
2019-03-22,92400,94400,91400,93700,627819,58826640300,1.4069,-106804,79908,28022,7464,8630,9299,5762,-914,-2001,-69,-1057,-218
2019-03-25,91600,92900,91100,91900,379366,34863735400,-1.921,-14949,28434,-12871,-19046,-7660,5008,-2948,400,9185,-463,-151,2190
2019-03-26,92800,94600,92200,94200,461365,43460583000,2.5027,-110681,34345,68636,29199,-3366,3263,22916,693,15931,7788,-88,0
2019-03-27,95300,96700,93600,94100,566884,53343784400,-0.1062,4209,-4422,5512,-46808,35765,-26841,20227,1996,20977,-5538,239,196
2019-03-28,94300,94800,92200,93800,338607,31761336600,-0.3188,-46416,62150,-17391,-6563,2519,-13121,499,0,-725,1531,126,0
2019-03-29,94700,96500,94500,95400,568209,54207138600,1.7058,-133070,129611,6633,-7673,7577,2365,5561,0,-1227,-3410,236,30
2019-04-01,95000,96200,92600,95700,770440,73731108000,0.3145,-63236,-10533,69501,-515,10562,22502,9399,-994,26833,4812,-544,1714
2019-04-02,97400,98300,92700,92900,669289,62176948100,-2.9258,176629,-145613,-37547,-9839,-16152,-8442,1766,-214,-7189,5862,669,2523
2019-04-03,93500,93500,91800,92900,530898,49320424200,0.0,68567,-21059,-48329,-33803,-19379,9188,-13910,-1070,10243,966,-145,402
2019-04-04,93700,98500,93000,97500,994923,97004992500,4.9516,-306272,285407,29885,-37003,15323,26893,13507,960,10205,-8912,-108,0
2019-04-05,97500,98200,96600,97800,441251,43154347800,0.3077,-55117,37642,17834,-20603,11494,2507,11690,1925,10821,332,-691,0
2019-04-08,99000,101500,97800,98300,656610,64544763000,0.5112,-65755,111280,-43625,-50186,-42204,309,208,600,47648,-1964,64,0
2019-04-09,99900,104000,99200,103000,864936,89088408000,4.7813,-293098,248472,45315,-6538,23930,11246,21128,1280,-9875,-556,-133,4144
2019-04-10,103000,104500,101000,104500,573867,59969101500,1.4563,-129644,132624,2879,-4400,-7506,-5964,4033,870,18596,-6051,192,-2750
2019-04-11,104500,106000,104000,105500,581667,61365868500,0.9569,-121114,106075,16033,-1344,-113,8995,801,-1269,8993,-863,-131,-30
2019-04-12,105500,106000,103000,105000,408379,42879795000,-0.4739,-31919,62583,-30537,6817,-32650,5213,-11347,-2490,3920,-84,-43,0
2019-04-15,106500,107000,103000,104500,496737,51909016500,-0.4762,49524,-7067,-44986,17966,-13252,-25678,-7166,-353,-16503,-246,2775,0
2019-04-16,104000,105500,102000,105000,365515,38379075000,0.4785,-41677,97806,-50950,-17659,-11093,-3776,-6539,-3637,-6422,-4357,-822,-1824
2019-04-17,105000,106500,102000,102500,389092,39881930000,-2.381,60563,-2059,-61824,-36837,-9214,-4612,-2182,-547,-6188,1640,1680,-2244
2019-04-18,102500,104500,101500,103000,339946,35014438000,0.4878,-20293,56997,-36347,204,-1622,-26689,-1209,0,-7011,-412,55,-20
2019-04-19,102000,105500,102000,104000,309864,32225856000,0.9709,4338,12408,-18628,-11439,-3291,5247,-1181,-306,-7558,2269,-387,-100
2019-04-22,104500,104500,102000,103000,185701,19127203000,-0.9615,19047,-4946,-13130,4151,-10092,4679,-3173,-406,-8289,-782,-189,0
2019-04-23,103000,105000,102000,105000,212149,22275645000,1.9417,-14638,2730,13167,7340,49,4527,2480,0,-1229,-1479,220,0
2019-04-24,107000,107500,102500,103000,354196,36482188000,-1.9048,41279,7212,-47471,-14512,1408,-24841,-3334,-3252,861,-1051,31,-3801
2019-04-25,103000,107000,102500,107000,512622,54850554000,3.8835,-146276,166210,-20734,-14814,-2535,7757,-13355,-3131,5344,1763,-963,0
2019-04-26,106000,108000,103500,107500,556590,59833425000,0.4673,-101897,95004,9905,5448,403,23945,5695,-345,-32775,-2925,-87,7534
2019-04-29,112500,113500,110000,112000,740348,82918976000,4.186,-158149,251918,-94677,-26645,-7763,-40443,-2779,5154,-22201,-175,1083,0
2019-04-30,113500,116000,113000,115000,525127,60389605000,2.6786,-173352,126493,51935,-533,24774,34515,2622,-14,-8412,-4673,-403,-1017
2019-05-02,115000,118000,113500,114500,390852,44752554000,-0.4348,-35008,90304,-66169,-33850,-10523,-12177,-11813,0,3761,11730,-857,-1567
2019-05-03,114500,115500,111500,113500,259403,29442240500,-0.8734,31434,43692,-89914,-2937,-19192,-36834,-10196,-218,-20323,15780,-992,-214
2019-05-07,110500,113000,109500,111500,397064,44272636000,-1.7621,-69674,68240,-23143,16681,-9810,-32703,3527,-1019,342,23541,1036,-161
2019-05-08,110000,113000,109000,109500,423386,46360767000,-1.7937,-312,75696,-71742,-4831,-25543,-47229,2864,-79,3160,-2400,-1242,-84
2019-05-09,109500,109500,104500,104500,753620,78753290000,-4.5662,-19285,66706,-54946,-15591,-54320,-25483,4869,-1420,40311,8314,-789,-3312
2019-05-10,105500,109500,104500,109000,791825,86308925000,4.3062,-108773,181962,-73740,19009,-11141,-9911,9166,474,-79892,572,-21,-1445
2019-05-13,107500,109500,99900,101500,812571,82475956500,-6.8807,73811,-79387,5963,540,36621,-34826,5824,1800,-5270,-534,147,1274
2019-05-14,99300,106000,99300,105500,668716,70549538000,3.9409,-109529,32463,59032,32895,13374,4955,2911,10,4839,15850,2184,48
2019-05-15,102000,102500,96700,100500,1373470,138033735000,-4.7393,40982,-259655,166899,39802,55974,48318,-7028,1117,26597,53596,-1822,2119
2019-05-16,101500,101500,97500,98600,801924,79069706400,-1.8905,85680,-152293,42015,48835,-9100,-256,2396,4697,-4557,24393,205,0
2019-05-17,99200,101000,97500,97600,441662,43106211200,-1.0142,32589,-38283,6583,5823,12135,-6905,-1532,-421,-7517,-820,-69,5000
2019-05-20,97800,99500,96900,97500,373457,36412057500,-0.1025,4951,-44480,37229,15947,1962,11896,-2937,800,9561,147,2153,0
2019-05-21,98000,98400,97300,97500,241076,23504910000,0.0,69,-15683,9945,12556,11132,-8384,932,0,-6291,5737,-68,0
2019-05-22,97800,101500,97800,99700,500219,49871834300,2.2564,-51874,-60194,110206,-26067,35659,80605,-2191,1000,21159,1899,-37,41
2019-05-23,98700,98700,93400,93600,936540,87660144000,-6.1184,198872,-70716,-132865,1241,-38547,-46395,-22745,2119,-26158,3620,1089,-2380
2019-05-24,92500,94900,91000,92700,563859,52269729300,-0.9615,-35541,45334,7480,9127,-30918,4661,-9815,-4130,38555,-16417,-856,0
2019-05-27,92000,93200,91200,92300,407071,37572653300,-0.4315,-23145,26046,-4107,-6151,-4267,-500,-4794,-2831,14436,202,1004,0
2019-05-28,92000,94000,91800,92400,444955,41113842000,0.1083,-15047,-53923,68407,6650,21058,30852,-597,0,10444,423,140,0
2019-05-29,92700,94100,91800,93600,305139,28561010400,1.2987,-7716,-54542,65774,18978,11062,29452,6948,-1814,1105,-3691,175,43
2019-05-30,94400,97400,90200,91200,884334,80651260800,-2.5641,146128,-129112,-33463,-52641,-6066,29165,1565,-4438,-1048,16227,220,0
2019-05-31,91100,94900,90300,94600,948258,89705206800,3.7281,-135594,40511,90311,47246,9104,32276,20233,2022,-23385,4847,-75,2815
2019-06-03,92500,95700,92100,94800,358901,34023814800,0.2114,-20472,-25641,40795,40483,-2984,17477,2691,1770,-19349,5368,-50,707
2019-06-04,94000,94100,90100,90700,817996,74192237200,-4.3249,355077,-149832,-200055,-66988,-49617,-36521,-25302,-5185,-13411,-7912,2722,-3031
2019-06-05,92400,94000,91100,93500,585134,54710029000,3.0871,-204303,121662,96262,22770,31826,27624,12817,-2545,4471,-7424,-6197,-701
2019-06-07,94000,94500,92600,93500,310912,29070272000,0.0,-8469,-11768,24592,1462,21046,-4508,11216,-493,-4131,-4505,150,0
2019-06-10,93900,94300,92900,94100,223663,21046688300,0.6417,-33577,7716,25137,-17525,10689,19827,4397,0,7749,704,20,0
2019-06-11,94000,94500,92500,94300,297734,28076316200,0.2125,27256,-35968,15342,7536,4885,-8426,1825,-590,14112,-6630,0,-4000
2019-06-12,94300,97800,94000,96100,447593,43013687300,1.9088,-42137,4880,36510,7719,9700,11565,-160,-947,8885,730,17,-252
2019-06-13,97100,97100,93700,94800,527864,50041507200,-1.3528,53525,48908,-102578,-87816,-11436,-3557,-2496,-1480,4438,-35,180,-231
2019-06-14,95500,96200,94400,95200,243117,23144738400,0.4219,-41695,52872,-10753,-6884,-8656,2338,8750,0,-6301,-397,-27,0
2019-06-17,95500,97700,94900,96900,319450,30954705000,1.7857,-85049,51113,35622,2977,-13392,23838,4181,1933,18335,-1780,94,-2250
2019-06-18,97600,99500,97300,98300,465483,45756978900,1.4448,-51398,19007,28479,22691,-4620,-11031,4929,2990,9476,4353,-441,4044
2019-06-19,101000,103500,100000,103000,557754,57448662000,4.7813,-181746,229212,-55929,-39996,-7755,189,4588,3491,-16210,7734,729,-236
2019-06-20,102000,103500,100500,102000,263189,26845278000,-0.9709,58609,-45581,-9390,25282,-12064,-7728,-1244,14,-9650,-5037,1399,-4000
2019-06-21,99900,100000,96600,96700,1036507,100230226900,-5.1961,312044,-247781,-50555,-609,-31332,-48378,-18697,-1483,54466,-13498,-210,-4522
2019-06-24,96700,97500,94500,95800,332759,31878312200,-0.9307,99820,-97167,297,17978,-5606,-5809,-10497,-1350,9281,-1823,-1127,-3700
2019-06-25,95800,97200,93800,94200,387163,36470754600,-1.6701,92143,-65655,-24715,32500,-26742,-13879,-8491,-2921,-771,-1864,91,-4411
2019-06-26,94100,95200,93700,94400,193807,18295380800,0.2123,31199,-19391,-11399,5935,-3514,-4691,-4027,0,-5102,-475,66,0
2019-06-27,95000,98200,94500,98000,530578,51996644000,3.8136,-149693,82940,69436,38123,14387,1238,2990,643,12055,-2440,-243,0
2019-06-28,97800,98000,96200,97000,277615,26928655000,-1.0204,-7120,4579,3316,1966,3010,-10767,13123,22,-6416,499,-1274,2378
2019-07-01,99100,100500,98200,98700,502691,49615601700,1.7526,-27694,-307,26413,-27561,16660,31317,-7729,897,12829,851,737,0
2019-07-02,98700,98800,91700,92700,1156447,107202636900,-6.079,608019,-176690,-437327,-196903,-52766,-108673,-15669,-2238,-62674,4831,1167,1596
2019-07-03,93400,93800,91300,91900,483220,44407918000,-0.863,196763,-113274,-80316,-6803,-46341,-9731,-4389,-2348,-10704,-3468,295,0
2019-07-04,91700,92800,87200,89000,1022416,90995024000,-3.1556,311544,-46977,-207373,-28598,-27789,-23830,-16416,3075,-113374,-57552,358,-441
2019-07-05,89000,91000,88600,90000,447273,40254570000,1.1236,-16459,17379,-10123,4212,-15108,-5771,-4639,-3275,9148,8752,451,5310
2019-07-08,89000,89800,86100,86400,517045,44672688000,-4.0,130958,1168,-128430,-40264,-27563,-27905,-5798,-986,-25914,-6386,2690,0
2019-07-09,86000,87400,84400,85400,515842,44052906800,-1.1574,105129,71298,-177630,-18094,-53654,-26450,-9813,-177,-69389,418,785,-53
2019-07-10,86400,87100,83400,83900,533970,44800083000,-1.7564,176965,-36700,-141447,-22756,-51947,-22877,-19480,0,-20440,1262,-80,-3947
2019-07-11,84000,85300,83500,84000,442192,37144128000,0.1192,77192,44074,-123284,-13681,-28261,-41839,-20204,486,-18876,1902,116,-909
2019-07-12,84700,86200,82100,82400,815388,67187971200,-1.9048,266565,26795,-300990,-110689,-92232,-14472,-57249,594,-26895,8103,-473,-47
2019-07-15,83700,85500,83000,85100,738756,62868135600,3.2767,-140524,92112,22258,-28992,21177,19070,1337,1200,8466,26071,83,0
2019-07-16,85600,85900,83700,84800,441448,37434790400,-0.3525,12395,-22578,92,-3904,1341,4627,1514,0,-3361,10045,46,-125
2019-07-17,84500,84600,82800,83200,298553,24839609600,-1.8868,63957,-6846,-56956,-30003,-2549,-8622,-5325,0,-10325,-408,253,-132
2019-07-18,82600,84300,81800,81900,331885,27181381500,-1.5625,98227,46320,-130177,-27707,-49691,-26835,-2988,-717,-21414,-14412,42,-825
2019-07-19,82200,82800,81200,82500,438778,36199185000,0.7326,42679,51537,-95500,-47783,-31541,-6033,-15523,691,5057,1178,106,-368
2019-07-22,82600,84200,82300,83300,334245,27842608500,0.9697,-6643,-11525,17200,11243,8075,9500,109,0,-11436,820,148,-291
2019-07-23,83400,84400,82500,84000,338359,28422156000,0.8403,-27578,37255,-8971,-12651,7884,-6394,2382,0,-192,-650,-56,0
2019-07-24,84500,84500,82700,83000,251209,20850347000,-1.1905,34552,-6361,-29778,-31181,-3232,4282,833,-730,365,1595,-8,-115
2019-07-25,82600,84000,82200,83600,246702,20624287200,0.7229,-3155,34723,-32116,-36414,-257,1348,320,-15,2902,417,131,0
2019-07-26,83600,85000,82800,83300,410340,34181322000,-0.3589,2491,16270,-17464,-20290,4033,4487,1284,-1905,-4679,-1280,-17,-394
2019-07-29,82900,82900,79200,79700,759098,60500110600,-4.3217,205660,-64223,-141691,-38536,-39446,-16911,4205,-1192,-10374,-414,668,-39437
2019-07-30,78700,80600,77200,77900,569666,44376981400,-2.2585,24882,52095,-63464,-15756,-41301,-20170,-6547,-6848,27153,-12976,-537,5
2019-07-31,77700,78800,76400,78700,575034,45255175800,1.027,-59538,113736,-55897,-24539,-16977,1575,-2594,-66,-13297,1427,272,1
2019-08-01,78200,80700,77300,80400,388992,31274956800,2.1601,-88431,97216,-8612,25834,-19955,241,-8453,4540,-10819,293,-466,0
2019-08-02,79000,82100,78400,81400,532187,43320021800,1.2438,-88907,83908,5350,29241,-3907,5280,669,-7,-22210,-160,-191,-3716
2019-08-05,81000,81800,77300,78900,590626,46600391400,-3.0713,19262,132663,-149297,-17662,-57840,-26579,-34760,-3000,-9456,-2675,47,0
2019-08-06,75200,77800,73800,75200,751155,56486856000,-4.6895,86944,-61426,-22856,54674,-46517,-17850,-16392,-1681,4910,-2396,-266,0
2019-08-07,75400,76700,73300,74700,438245,32736901500,-0.6649,34496,21891,-46579,-10736,-10661,-10081,-1208,251,-13155,-10036,228,-989
2019-08-08,75300,79000,74800,78600,538608,42334588800,5.2209,-93220,140242,36533,12889,13285,10621,1977,0,-3210,-83803,248,971
2019-08-09,79200,80500,78700,79200,341685,27061452000,0.7634,27160,16854,-35907,16135,1699,-10988,-1249,0,-41504,-8111,4,0
2019-08-12,78800,78800,77200,78500,171109,13432056500,-0.8838,3689,13266,-16800,11073,-15260,-1348,-490,532,-11418,5,-160,111
2019-08-13,77900,78100,76300,76500,336062,25708743000,-2.5478,54342,30697,-84281,-20924,-30172,-6025,-15912,112,-11360,-834,76,0
2019-08-14,77900,78000,75400,76100,342993,26101767300,-0.5229,125829,-49273,-75458,-45106,-1557,-4547,-5691,251,-19195,-1352,254,387
2019-08-16,75000,75400,73700,74000,405903,30036822000,-2.7595,146203,-118288,-28819,1707,-18103,-7493,-1140,63,-3853,991,-87,0
2019-08-19,74300,75500,74300,75400,234670,17694118000,1.8919,-24416,26505,-3439,3439,-6243,1316,-10058,0,8107,1300,50,0
2019-08-20,76600,79000,75700,78200,740564,57912104800,3.7135,-76138,33325,52802,-15771,14688,20701,11242,-306,21821,-10001,12,427
2019-08-21,78000,79500,77200,79500,385977,30685171500,1.6624,-66090,79416,-14331,-11899,10585,808,-626,0,-13199,1210,-205,0
2019-08-22,79400,80600,78900,80200,370537,29717067400,0.8805,-42679,61820,-19994,-8039,9531,-4156,-4824,0,-12506,854,-1,0
2019-08-23,79200,79500,78500,78900,293734,23175612600,-1.6209,6045,-19571,14247,9519,-1373,-969,4837,3000,-767,-714,-7,0
2019-08-26,76600,76900,76000,76300,287288,21920074400,-3.2953,12568,3244,-15026,-5633,-5992,-3054,-5464,237,4880,-638,-148,0
2019-08-27,77200,77500,75500,75500,449555,33941402500,-1.0485,79247,-7207,-70066,-1454,2727,273,3258,0,-74870,-2011,37,0
2019-08-28,75400,76300,74800,76200,294914,22472446800,0.9272,35897,-50472,14108,14208,-1239,13678,4941,0,-17480,259,208,0
2019-08-29,77100,82200,76300,79600,1192725,94940910000,4.4619,-140067,-5458,156109,21652,41267,53882,50202,2623,-14325,-10283,-301,808
2019-08-30,80500,81100,78200,78800,572763,45133724400,-1.005,73824,-83729,9852,-845,-2051,4625,-2228,-351,10702,50,3,0
2019-09-02,78100,80200,78100,78800,344487,27145575600,0.0,-26152,-36396,62059,7884,9866,17997,13840,60,12296,556,-67,116
2019-09-03,79100,84100,79100,83400,1093997,91239349800,5.8376,-441566,80050,357341,34925,51899,171308,29004,5533,63394,5059,-884,1278
2019-09-04,83800,84500,83300,84400,452558,38195895200,1.199,-30860,23983,6762,10758,-6349,-23960,15294,-117,11267,-202,317,-131
2019-09-05,84600,84800,82600,83200,502611,41817235200,-1.4218,147561,-23324,-124130,-2099,-25765,-83856,2971,-3090,-11825,-329,222,-466
2019-09-06,83500,84400,82600,82700,291978,24146580600,-0.601,26293,-24616,7653,-2722,-9871,12432,-322,0,8136,-9153,-177,0
2019-09-09,83100,85700,83000,85200,560135,47723502000,3.023,-185983,12457,175402,-17761,32951,120901,18113,-113,21273,-1614,-262,38
2019-09-10,85600,86200,84300,85300,350090,29862677000,0.1174,23949,-59585,20389,-9074,15181,7877,-1645,0,8118,15255,-8,-68
2019-09-11,85500,87000,85500,86800,466303,40475100400,1.7585,-111815,-11632,130255,41110,27348,23277,7482,163,28745,-4747,-2061,2130
2019-09-16,87500,88100,86200,86700,286566,24845272200,-0.1152,-3717,3996,-3041,-9915,1811,-3382,544,-110,8011,2763,-1,0
2019-09-17,86500,86600,85300,85700,261332,22396152400,-1.1534,70017,-27299,-52233,-159,-22989,-11186,-8773,28,-9154,9172,343,0
2019-09-18,85700,86000,84800,85900,209339,17982220100,0.2334,1111,34615,-35789,-18223,-8306,-3321,-5274,-537,-128,-7,70,0
2019-09-19,85700,86500,85500,85900,184088,15813159200,0.0,40874,11209,-51095,-26388,-6421,-2626,-1201,-220,-14239,-1022,34,0
2019-09-20,85900,86700,84600,85000,308474,26220290000,-1.0477,71742,-17456,-57717,-6100,-17162,-32640,-3488,91,1582,3217,214,0
2019-09-23,84600,85000,83500,83900,296181,24849585900,-1.2941,77337,2647,-84149,-13651,-16416,-48163,-4426,0,-1493,3712,453,0
2019-09-24,84000,85600,84000,85100,298667,25416561700,1.4303,-12930,10861,1883,26321,-4475,-28419,-537,777,8216,82,104,0
2019-09-25,85100,85100,83000,83700,314765,26345830500,-1.6451,72254,-39744,-34626,-24180,-7763,-12602,-718,1177,9460,1523,593,0
2019-09-26,84000,86000,84000,85600,383414,32820238400,2.27,-68652,65071,2325,23394,-14637,461,-5845,-638,-410,772,484,0
2019-09-27,85000,87100,85000,86800,429517,37282075600,1.4019,-96114,57444,36906,15059,23033,5009,-576,2489,-7850,1816,-52,-258
2019-09-30,86600,86600,85700,86200,270347,23303911400,-0.6912,39191,-25496,-15541,-2268,3926,795,-39,0,-17955,1852,-6,0
2019-10-01,85800,86000,82100,82500,653709,53930992500,-4.2923,319673,-109385,-213218,-34326,-60628,-83641,-17561,-2906,-11156,2216,714,-3000
2019-10-02,82700,82900,80700,81000,541381,43851861000,-1.8182,169908,30986,-201877,-23155,-38732,-65350,-15727,-4700,-53979,-14,997,-234
2019-10-04,81000,81500,79200,79800,435223,34730795400,-1.4815,73885,20929,-88782,-14625,-31893,-9500,-12534,0,-19471,-6463,431,-759
2019-10-07,80400,81500,79800,80200,236583,18973956600,0.5013,24485,50003,-74822,-26643,-13017,-19828,-9491,3500,-9143,201,133,-200
2019-10-08,80400,81300,80200,80800,266694,21548875200,0.7481,31075,56502,-87317,-9311,-30561,-18612,-13584,-59,-11395,-342,82,-3795
2019-10-10,80200,80200,77500,78300,578835,45322780500,-3.0941,258434,-85842,-173001,-22528,-39777,-35724,-27663,-404,-46145,-678,1087,-760
2019-10-11,78500,79100,78200,78800,279214,22002063200,0.6386,16578,41007,-58092,11028,-20485,-7607,-27353,-630,-12860,397,110,-185
2019-10-14,79700,80500,78800,79100,342229,27070313900,0.3807,-4281,23145,-20383,22112,-5177,-23915,-3638,-235,-9530,1575,-56,0
2019-10-15,79200,79700,78200,79100,286906,22694264600,0.0,65115,8741,-74577,-14879,-25634,-23556,-16104,-1191,6957,591,130,-170
2019-10-16,79500,79500,77300,77800,741004,57650111200,-1.6435,289361,-58892,-238689,-114571,-39564,-14836,-45991,-5971,-17568,7921,299,-188
2019-10-17,77800,78100,77600,78100,335661,26215124100,0.3856,55310,-16848,-36683,-37035,-12226,16096,-13567,0,10049,-1839,60,0
2019-10-18,78100,78700,77500,77500,253037,19610367500,-0.7682,23052,1184,-25153,-26824,-2332,-1210,-4084,548,8780,975,-58,-31
2019-10-21,77600,78700,77100,77300,282826,21862449800,-0.2581,7630,60401,-68556,-21447,-23135,-10953,-21997,0,8976,-38,563,0
2019-10-22,77500,78500,77500,78300,271812,21282879600,1.2937,11544,26960,-38444,-32941,-18240,847,-7513,-561,20253,-19,-41,-289
2019-10-23,78700,80500,78400,79500,566459,45033490500,1.5326,-18254,72661,-52406,-44217,-17421,6665,-1792,0,4636,-1256,-745,-277
2019-10-24,79300,79400,77900,79000,285112,22523848000,-0.6289,31621,1169,-34335,-8633,-27243,-341,4478,34,-2391,35,1510,-239
2019-10-25,79300,81200,78900,79900,450092,35962350800,1.1392,-43882,4148,27279,2118,6842,3558,10096,-1500,5434,14598,-2143,731
2019-10-28,77500,77800,75400,76200,1085951,82749466200,-4.6308,506522,-492862,-25104,22051,-38948,-5645,-10616,-511,10996,8396,3048,-2431
2019-10-29,76300,76500,74900,75100,707333,53120708300,-1.4436,321792,-285345,-43044,-12474,-21296,-3716,-3182,-400,-967,6109,488,-1009
2019-10-30,76000,78900,75500,78400,919970,72125648000,4.3941,-409697,251321,155718,18536,33259,37083,31486,0,35406,3253,-595,-52
2019-10-31,78400,79200,77500,77500,329097,25505017500,-1.148,37442,-42480,-359,-9177,4330,-2762,164,-540,7626,1538,3859,0
2019-11-01,78100,79500,77500,79100,334562,26463854200,2.0645,-52988,23469,29693,10759,11153,-434,9298,2653,-4626,0,-174,890
2019-11-04,79500,80500,79000,80400,358250,28803300000,1.6435,-111843,43307,67893,21956,13723,1806,3912,875,24876,566,77,745
2019-11-05,80100,80600,78900,79700,398437,31755428900,-0.8706,-28641,17053,7136,16158,-3209,5738,-4837,800,-5860,5189,-737,-1654
2019-11-06,80500,83700,80300,83500,1049659,87646526500,4.7679,-432126,245375,201202,38662,31991,16530,35036,-1761,78771,-9842,-4609,1973
2019-11-07,83400,84100,82200,82900,438745,36371960500,-0.7186,34208,-59554,24878,14949,-20862,930,21055,1232,6923,645,-177,651
2019-11-08,84100,84100,82200,82900,303579,25166699100,0.0,11576,-27440,18519,6124,1306,12375,-4287,97,2904,-2399,-256,0
2019-11-11,83300,83400,81700,82200,213199,17524957800,-0.8444,7418,-6828,-3157,-21171,790,7599,4368,6242,-961,2566,1,-24
2019-11-12,82000,82800,80300,82000,338760,27778320000,-0.2433,34926,-43456,7215,338,1682,1881,8603,198,-6698,1031,284,1211
2019-11-13,82000,83300,81300,82000,303347,24874454000,0.0,-33976,-18292,52696,60436,-6702,-5329,1901,444,1557,-645,217,389
2019-11-14,81700,82500,81200,81500,247510,20172065000,-0.6098,29487,-37399,7778,-1257,-8221,-5480,-3121,400,28867,11,123,-3410
2019-11-15,81600,83400,81400,83000,289747,24049001000,1.8405,-136623,65428,76268,26099,11320,26661,1200,0,11377,-5202,129,-389
2019-11-18,83300,83800,82400,83200,168055,13982176000,0.241,6661,-13354,8076,1688,5202,-8121,-1313,-330,10610,0,-1383,340
2019-11-19,82900,83000,81500,81700,224995,18382091500,-1.8029,48779,-31153,-17693,6762,-1810,-2195,-5074,918,-17479,10,57,1185
2019-11-20,81700,82200,80700,81400,195535,15916549000,-0.3672,-12014,6508,5218,18015,-4583,-3783,809,-60,-6347,170,118,1167
2019-11-21,81500,81600,78700,79300,354420,28105506000,-2.5799,66166,-39221,-7298,685,-14990,-2730,-2426,947,11674,-19599,-48,-458
2019-11-22,79500,80000,78700,80000,126652,10132160000,0.8827,-18786,16620,2186,2196,-514,-4915,-1354,-76,6753,0,-20,96
2019-11-25,81400,82500,81300,81400,214868,17490255200,1.75,-51615,26154,25374,10580,-1910,3200,-347,-316,14446,91,-4,-279
2019-11-26,81500,82500,81500,82000,219527,18001214000,0.7371,-20115,9591,10720,-1953,840,-2095,-3151,0,17079,-61,-135,0
2019-11-27,82700,83200,82200,82400,244994,20187505600,0.4878,-67342,10354,37151,1042,7166,6350,9920,0,10673,20001,-164,2000
2019-11-28,82000,84600,81600,84300,621988,52433588400,2.3058,-354437,293910,74765,-16538,12233,22458,5924,327,50361,-11441,-2797,0
2019-11-29,84900,85400,83300,84700,435628,36897691600,0.4745,12454,27675,-46378,-21334,2085,-4972,-16545,0,-5717,6002,247,105
2019-12-02,84800,85300,83200,83500,272031,22714588500,-1.4168,41014,-70711,19844,3343,-51,-5508,8522,0,13538,10138,-285,0
2019-12-03,82500,84100,82000,83700,191873,16059770100,0.2395,-31912,23167,9535,2488,801,-6278,6041,599,5884,-978,188,0
2019-12-04,83000,83300,81600,81800,242139,19806970200,-2.27,38747,13298,-43916,1355,-9316,-32033,-4167,584,11,-8330,201,-350
2019-12-05,82000,82500,80200,80600,212031,17089698600,-1.467,18544,-12036,-6156,5993,-4218,-2567,857,0,-6961,-1236,884,740
2019-12-06,80800,81500,80400,81300,155352,12630117600,0.8685,6904,6970,-13922,2641,-15506,773,-8013,-1121,6956,-240,288,348
2019-12-09,80900,81500,80400,80700,146698,11838528600,-0.738,-408,-2619,3718,-8961,-5888,13301,2500,0,1666,-792,101,1100
2019-12-10,80700,81900,80200,81400,153951,12531611400,0.8674,-22520,33297,-10743,-600,-18996,-108,-692,0,8033,70,-104,1620
2019-12-11,81700,83700,81300,83700,274529,22978077300,2.8256,-80994,67246,13842,-8677,-860,11710,-2754,0,13882,117,-211,541
2019-12-12,83900,84200,83100,83900,394851,33127998900,0.2389,-92549,22795,28926,9405,-1489,-1603,6445,0,15932,40639,189,236
2019-12-13,84700,86400,84500,85400,479856,40979702400,1.7878,-213270,159234,56001,12216,5091,5421,2367,1959,29007,149,-2114,-60
2019-12-16,85600,85700,84500,85100,206397,17564384700,-0.3513,-17018,-32158,50565,15733,6820,5004,-4393,2020,23419,-1369,-20,1962
2019-12-17,84900,85600,84700,85400,171459,14642598600,0.3525,-33108,12422,24919,11385,110,-1541,720,1242,10326,-3404,-829,2677
2019-12-18,85500,86600,85000,85800,187694,16104145200,0.4684,-26748,26493,688,-6243,1784,420,3758,0,-670,-305,-128,1639
2019-12-19,86100,86100,84800,85600,173420,14844752000,-0.2331,-37981,34302,3102,6821,-10018,-2685,1154,320,6229,478,99,1281
2019-12-20,86000,86700,85600,86100,264830,22801863000,0.5841,-44687,63263,948,-4735,759,-2853,-145,0,7245,-18690,-834,677
2019-12-23,86800,86800,85500,86300,183558,15841055400,0.2323,-19243,29202,-5225,-2984,-843,-2307,-9957,-400,10443,-4808,74,823
2019-12-24,86400,86600,84000,84000,343165,28825860000,-2.6651,63501,-37573,-30642,-16344,-3831,-13278,-10207,-1882,14380,4339,375,520
2019-12-26,84600,85800,83700,83800,312194,26161857200,-0.2381,-63503,29762,33036,7944,9670,-497,1347,-800,16300,597,108,-928
2019-12-27,85000,87500,84200,87300,553933,48358350900,4.1766,-249870,149415,101358,39710,28248,9677,2505,2000,22056,-594,-309,-2838
2019-12-30,88200,90900,88100,90800,726313,65949220400,4.0092,-204129,58407,132989,7047,52416,22630,13990,7376,29190,13263,-530,340
2020-01-02,92100,94500,91300,94000,833223,78322962000,3.5242,-252226,114718,130840,-1469,47391,38861,9068,8592,26795,6141,527,1602
2020-01-03,95100,96200,93000,95300,689855,65743181500,1.383,-165846,191551,-27712,-29066,50462,5390,-13664,79,-41612,2270,-263,699
2020-01-06,93200,95300,93200,94900,413182,39210971800,-0.4197,-73715,71086,6119,10516,-4955,9105,-5561,232,-7453,-3552,62,4235
2020-01-07,95500,99500,95400,99400,736235,73181759000,4.7418,-194390,144357,47041,11624,25313,13946,-5340,211,1266,1596,1396,21
2020-01-08,98300,100500,97200,97300,731806,71204723800,-2.1127,-6301,-32864,36237,17558,10596,-3437,7831,1698,1674,-1412,4340,317
2020-01-09,99500,101000,98500,99400,604384,60075769600,2.1583,-3131,84688,-80225,14766,9090,5410,-6584,-2032,-100875,-1352,20,0
2020-01-10,99900,102500,99600,102500,559067,57304367500,3.1187,-193118,152557,44682,34110,16682,10599,-2889,-2757,-11563,-4054,-67,500
2020-01-13,103000,107000,102000,106500,574810,61217265000,3.9024,-146858,91813,49036,31489,4728,-4980,3582,-2185,15825,6159,-150,577
2020-01-14,108500,109500,105000,107000,765307,81887849000,0.4695,-103151,266644,-163240,-30844,-42975,-44573,-12567,-2567,-29454,-721,468,-260
2020-01-15,107000,107000,104000,105500,399136,42108848000,-1.4019,10968,34454,-45506,21439,-26055,-17783,-16121,-858,-5701,-150,234,-427
2020-01-16,105500,107500,104500,107000,308999,33062893000,1.4218,-76783,94003,-16179,4757,-10556,4724,-7501,0,-7826,-749,-292,223
2020-01-17,106500,108500,106000,108500,242391,26299423500,1.4019,-88727,66868,20733,-3034,11315,17993,4413,672,-11459,1136,-10,833
2020-01-20,109000,111000,101000,103000,1168346,120339638000,-5.0691,9593,51981,-64772,6232,-54359,-13850,-9221,-8512,11921,3084,114,3017
2020-01-21,101500,104500,99800,99900,1196061,119486493900,-3.0097,129293,-111681,-19879,4315,-38123,-23512,-15294,828,54870,3864,-1597,-2963
2020-01-22,97600,102000,96500,101000,1412802,142693002000,1.1011,97973,-98012,85265,29670,-13241,38493,-1815,-988,33150,-85954,728,-4
2020-01-23,99400,99400,96900,97000,952483,92390851000,-3.9604,255892,-100063,-138851,-6523,-36971,-37496,-16890,-4713,-35974,-15432,-1546,-284
2020-01-28,87100,88900,86200,87000,2383525,207366675000,-10.3093,613030,79306,-721333,-120314,-321344,-68755,-153195,-9066,-40425,28440,557,-8234
2020-01-29,88200,91500,85700,89500,1553767,139062146500,2.8736,3715,-128281,116280,90184,16825,47,8733,1972,-601,6845,1441,-880
2020-01-30,89200,90600,87000,87800,841384,73873515200,-1.8994,93571,21723,-117955,-53814,-8518,-18566,-4089,-1482,-31486,-1914,4575,0
2020-01-31,88800,90300,87200,87400,785687,68669043800,-0.4556,50884,-47308,-1595,21161,9973,-31497,4642,-2688,-3140,-1163,-818,-46
2020-02-03,84900,91300,83600,90300,1729475,156171592500,3.3181,-44063,1498,51455,10226,15795,35219,-814,226,-4778,-7624,-1266,-4419
2020-02-04,89600,91500,88000,89700,870658,78098022600,-0.6645,132551,-158306,23188,14868,-2921,1811,14461,423,-6107,2187,380,653
2020-02-05,91200,91200,88300,89000,673171,59912219000,-0.7804,92321,33570,-101914,-34195,-9553,-11395,-7808,-494,-38476,-24644,667,7
2020-02-06,90200,95100,90000,95000,1166680,110834600000,6.7416,-235812,194785,45393,5131,18161,15670,1958,0,3730,-3934,-432,743
2020-02-07,95000,95000,91700,92000,996203,91650676000,-3.1579,287878,-310628,19607,6799,3440,-933,2144,0,4734,4037,-894,3423
2020-02-10,90800,90900,89300,90400,647191,58506066400,-1.7391,191803,-195367,2902,-23395,5101,9696,-2441,-111,13722,202,460,330
2020-02-11,91000,93300,91000,92400,549352,50760124800,2.2124,-90976,41550,52416,-8550,31077,-2010,2057,555,27147,-3295,305,2140
2020-02-12,92800,97900,92800,97600,1076967,105111979200,5.6277,-303031,294586,8591,-30821,30835,2615,-656,136,5223,-495,349,1259
2020-02-13,98000,99200,95700,96800,1203127,116462693600,-0.8197,130288,-172938,34762,-45272,26175,-4673,3413,455,53019,5870,2018,1645
2020-02-14,96000,97300,95800,96800,467931,45295720800,0.0,4908,73320,-59626,-17459,-8348,-36721,1352,1310,240,-18774,172,0
2020-02-17,97200,98900,96500,97400,499871,48687435400,0.6198,-29189,-23489,52626,8641,18231,10410,7099,500,7712,208,-156,33
2020-02-18,97600,97700,94000,94000,652214,61308116000,-3.4908,129233,-84895,-46076,-8412,-1201,-4793,-2282,-115,-29206,1713,25,-67
2020-02-19,94800,95800,92700,94100,459080,43199428000,0.1064,17004,28421,-43967,-33803,3507,-12494,-600,0,-1485,-1155,-303,908
2020-02-20,94000,94700,90600,90900,787822,71613019800,-3.4006,207303,-133624,-82427,-57197,-4253,-3094,-13798,-133,-3529,5462,3286,-423
2020-02-21,89100,91900,88400,88900,883251,78521013900,-2.2002,181529,-90962,-102361,-50604,-1976,-17622,1281,0,-33725,9513,2281,285
2020-02-24,84700,85700,83800,83900,1047798,87910252200,-5.6243,324930,-257344,-76842,-32949,-20602,-17249,-9294,-995,3658,9035,221,589
2020-02-25,83500,86700,83100,86300,815626,70388523800,2.8605,104177,-196778,87856,55230,25693,16236,-2925,1719,-8517,4893,-148,420
2020-02-26,84500,87300,83700,85800,645087,55348464600,-0.5794,22254,-28241,4014,-1085,8535,792,9365,531,-14070,1402,571,-54
2020-02-27,85300,87500,83600,83900,593162,49766291800,-2.2145,167379,-116738,-55759,-25277,1060,-2007,-11999,209,-17685,3995,1123,-60
2020-02-28,82100,83400,79700,80300,1041668,83645940400,-4.2908,177017,-161586,-13478,-33362,-10518,1201,3266,-1404,27339,-5516,3563,0
2020-03-02,80300,83100,78600,81400,731391,59535227400,1.3699,-30723,14105,23561,3263,4490,571,8920,288,5756,-14,-6929,273
2020-03-03,83600,85200,81600,82000,599394,49150308000,0.7371,78512,-31298,-51843,-34491,18743,34,4036,758,-41097,3811,818,174
2020-03-04,82300,85300,81900,85300,595455,50792311500,4.0244,-71904,-6495,82277,54142,5281,9382,6058,310,6154,714,-4592,950
2020-03-05,86400,87100,84200,86700,623272,54037682400,1.6413,-66752,-93372,158828,62846,31335,34990,11557,336,17688,1274,22,76
2020-03-06,84700,86000,83800,84100,501682,42191456200,-2.9988,104032,-70983,-33358,-3788,1369,799,-3026,1200,-29378,483,-174,-534
2020-03-09,82500,82500,79700,81000,772226,62550306000,-3.6861,118487,-206331,83154,68245,2025,5927,4406,-1390,3449,3689,1001,492
2020-03-10,80500,85400,80500,84500,813711,68758579500,4.321,-191846,65922,120097,69243,14311,11920,15371,-1575,11089,4869,958,-262
2020-03-11,84500,85000,81600,82000,478135,39207070000,-2.9586,5175,-56160,49162,17399,14505,13550,9610,957,-6749,1034,789,-110
2020-03-12,81800,81800,76600,79000,1418707,112077853000,-3.6585,114985,-203781,77946,58695,-4118,16832,-11692,3549,15159,-3300,14150,-479
2020-03-13,72000,76500,70200,75100,1613653,121185340300,-4.9367,186342,-178758,-3907,-12408,9170,-5851,8181,-9942,6972,-5998,2321,-29
2020-03-16,76400,77400,70600,70600,755600,53345360000,-5.992,108907,-98712,-341,-33154,13819,4404,6546,473,7571,2362,-12216,0
2020-03-17,67600,75400,67500,74000,923565,68343810000,4.8159,-155258,-65498,226408,59805,67733,9219,27924,3166,58724,1047,-6699,-163
2020-03-18,74100,77500,69700,69700,1270816,88575875200,-5.8108,62787,-191069,122010,42581,43679,13719,44930,219,-23356,6602,-330,238
2020-03-19,72400,73100,60700,63000,1094365,68944995000,-9.6126,90812,-130786,37173,11124,15283,1095,8652,-1960,3411,3030,-229,-432
2020-03-20,65000,67800,63200,67700,835080,56534916000,7.4603,14368,-87720,76196,51234,13217,25921,6352,665,-20693,-2767,-77,-500
2020-03-23,61300,64300,61300,61800,735001,45423061800,-8.7149,110383,-49611,-64890,-10796,-7517,-15190,823,-80,-31416,3920,198,-714
2020-03-24,63900,65000,62200,64800,885966,57410596800,4.8544,75860,-89848,9442,13162,4638,-1246,-1926,-191,-5218,3906,640,223
2020-03-25,67000,72300,66900,71400,1246474,88998243600,10.1852,-144925,76303,61096,-27378,58944,2848,30225,3404,-7986,9081,-1555,1039
2020-03-26,72800,75200,70700,71000,904978,64253438000,-0.5602,-17836,-40306,50825,29948,4691,12115,9727,2830,-8486,6778,539,0
2020-03-27,74500,74600,68600,70900,1064237,75454403300,-0.1408,142637,-32976,-116025,-10031,-43177,-23597,-50359,-1010,12450,3740,2624,-301
2020-03-30,68300,68600,66500,68500,997649,68338956500,-3.385,381702,1607,-381734,-158976,-49593,-6217,-36941,-6557,-122672,-1931,356,-778
2020-03-31,70000,70500,67700,70500,1091119,76923889500,2.9197,159191,82670,-244656,-20604,-66872,-4597,-28714,5234,-129067,2034,761,-36
2020-04-01,69500,70300,67600,67600,718939,48600276400,-4.1135,186560,-58542,-132254,-66141,-17676,-20866,-20674,1796,-8693,3206,1030,0
2020-04-02,67900,68500,65800,67800,761774,51648277200,0.2959,167057,2090,-174827,-74719,-40650,-30685,-24967,-1242,-1973,1950,3730,-591
2020-04-03,67500,68400,66100,67000,494459,33128753000,-1.1799,51125,-1416,-50596,-8262,-7445,-8509,-14285,-3377,-6968,511,376,-1750
2020-04-06,67000,70400,66800,70300,805194,56605138200,4.9254,-120979,52340,67818,39786,-1648,-4235,-1746,415,34737,2400,-1579,509
2020-04-07,73000,74000,71100,73500,1121802,82452447000,4.5519,-45521,30069,7042,21997,3754,-3744,122,0,-15237,7720,690,150
2020-04-08,73700,76400,72200,73800,999500,73763100000,0.4082,16494,-55252,35719,10680,9113,3445,-13903,936,25114,3323,-284,334
2020-04-09,75500,75800,74000,75300,658059,49551842700,2.0325,-12239,66916,-56348,-43014,271,-1907,1409,-143,-12964,2006,-335,0
2020-04-10,74400,75100,73000,74900,588620,44087638000,-0.5312,41808,3292,-44760,6006,-11807,-4107,326,0,-35178,-2665,2325,0
2020-04-13,74900,75000,72500,72600,474553,34452547800,-3.0708,73678,-25240,-51410,4805,-7136,-9157,436,0,-40358,672,2300,0
2020-04-14,73100,73700,72000,73500,460165,33822127500,1.2397,68579,-35200,-30411,-8637,-2129,2315,-5401,-7647,-19320,-3530,562,10408
2020-04-16,72700,74300,72400,74100,516018,38236933800,0.8163,56611,-33384,-24233,3692,-7111,17,-5007,1210,-17065,1092,-86,31
2020-04-17,80000,80700,77100,77700,1671138,129847422600,4.8583,-219233,78229,133486,17493,44175,6967,13697,3026,46753,10454,-2936,1375
2020-04-20,78300,81900,78000,79400,1105161,87749783400,2.1879,28168,-42907,9071,12509,19090,7050,1497,1519,-32125,7940,-2272,-469
2020-04-21,78500,79600,75800,77900,812738,63312290200,-1.8892,43369,-32649,-7203,20799,-9640,-14641,400,0,-4121,-3674,157,0
2020-04-22,76600,77700,75400,77600,551808,42820300800,-0.3851,136825,-114694,-23449,-11613,8579,-4536,-1374,-624,-13881,358,960,0
2020-04-23,77700,78900,77100,77800,479602,37313035600,0.2577,24215,-14071,-2741,-8823,662,-1612,-1789,-1795,10616,-7654,251,0
2020-04-24,77200,77900,76000,76900,486126,37383089400,-1.1568,92640,-18187,-71365,-25017,-19786,-3485,-4839,0,-18258,-4052,964,20
2020-04-27,76500,78900,76100,78200,660048,51615753600,1.6905,4130,28649,-37930,-41012,-6559,-2428,-14162,-2407,28853,6230,-1079,-215
2020-04-28,78700,82300,78400,82000,1661552,136247264000,4.8593,-363196,241288,120678,12366,33589,26449,11680,3477,29457,915,315,3660
2020-04-29,82300,86400,81300,85200,2042454,174017080800,3.9024,-433813,214110,219743,37159,54279,54374,40533,25429,7693,-4796,4756,276
2020-05-04,82700,85700,82700,83500,883340,73758890000,-1.9953,-48332,45594,7635,-12038,15684,15600,6211,349,-18337,-4218,-679,166
2020-05-06,85200,85200,83000,84800,603409,51169083200,1.5569,-37899,20715,10062,22676,-1159,-5763,-4473,-96,-1063,187,6935,-60
2020-05-07,84300,84400,82200,82500,738443,60921547500,-2.7123,323790,-134598,-192538,-76143,-61950,-27990,-13023,190,-13191,2949,397,-431
2020-05-08,82700,83600,82100,82300,615633,50666595900,-0.2424,58406,1908,-59859,-33524,-22728,-1002,-4739,0,2240,-766,311,-106
2020-05-11,81600,81700,79500,79800,884533,70585733400,-3.0377,271898,-103043,-155683,-39993,-34783,-22600,-45071,-6439,-7352,-1888,-11284,555
2020-05-12,80300,81400,79300,80700,548910,44297037000,1.1278,-50371,-67738,118139,41573,27011,24384,29684,562,-5075,1081,-1111,0
2020-05-13,79200,80300,79200,80300,396098,31806669400,-0.4957,53861,-47316,-13335,-30400,-6465,5737,79,0,17742,5183,1607,-28
2020-05-14,80100,81400,79100,80800,453644,36654435200,0.6227,46277,-122103,72316,4627,444,1899,8132,2836,54324,3849,-339,54
2020-05-15,80700,80800,79300,79500,315438,25077321000,-1.6089,37009,-14540,-24491,-15592,-2930,1734,1171,-20,-8733,1780,242,-121
2020-05-18,79200,80100,78300,79900,315189,25183601100,0.5031,1498,4096,-5584,-6277,302,-2084,951,0,1524,1477,-1487,0
2020-05-19,83600,84100,82800,83700,1320419,110519070300,4.7559,-318394,145848,170861,52199,27282,20242,12062,2161,56915,1873,-188,0
2020-05-20,82800,82900,81700,82700,532736,44057267200,-1.1947,87562,-65183,-21522,-7487,254,-10095,6224,-20,-7498,394,-1251,-2900
2020-05-21,83500,83500,81700,82000,404973,33207786000,-0.8464,33092,6971,-44143,-7685,-2408,-9846,707,0,-28151,3355,725,3240
2020-05-22,81700,82400,79700,80100,567533,45459393300,-2.3171,165338,-65249,-95042,-18690,-13801,-30327,-8693,-3294,-20118,-5065,18,-119
2020-05-25,80200,80300,78500,79300,495237,39272294100,-0.9988,137881,-17313,-111425,-53438,-24758,-14648,-14575,-976,-3030,-9326,183,0
2020-05-26,79100,81500,79100,81500,565480,46086620000,2.7743,-163219,143822,19925,-2346,-2020,-4150,2696,-206,25929,-620,92,22
2020-05-27,82200,82300,80100,80200,574447,46070649400,-1.5951,188059,-119388,-66994,-35375,-18925,-84,-7595,-607,-6998,-2505,828,2590
2020-05-28,81000,81100,78900,79200,570188,45158889600,-1.2469,169167,-69945,-93183,-32245,-24868,-4934,-8680,-1305,-20471,-6049,10,-680
2020-05-29,78900,79700,78300,79200,517238,40965249600,0.0,-13209,86940,-73055,-48288,-20107,-909,-11341,0,7590,-769,93,0
2020-06-01,79100,80500,78600,80400,454997,36581758800,1.5152,-48883,68069,-18728,3811,-20272,-1016,-15137,0,13886,-658,200,0
2020-06-02,81100,82300,80300,81700,757354,61875821800,1.6169,-150233,175085,-26060,-26160,-5412,-574,5280,0,732,1075,133,74
2020-06-03,82300,83100,81400,82200,996801,81937042200,0.612,-70408,45141,23660,-39758,21516,-806,7972,-1121,46352,2003,-396,-10495
2020-06-04,83600,84600,81800,81900,1351798,110712256200,-0.365,-100513,59361,5749,-21273,-11491,5132,1983,-43,31541,35253,150,-100
2020-06-05,83500,83500,82200,83200,610885,50825632000,1.5873,-23245,-14316,34051,-8385,32215,1923,1311,0,6987,1150,2360,0
2020-06-08,84500,84600,82600,83300,662927,55221819100,0.1202,52519,-2771,-44379,-50125,4046,-1762,2378,799,285,-3460,-1909,0
2020-06-09,83500,83600,81300,81600,589296,48086553600,-2.0408,148584,-94249,-49984,-61640,5650,1266,8511,2514,-6372,-4532,181,87
2020-06-10,81100,82000,80000,80300,660142,53009402600,-1.5931,312649,-58714,-254142,-180726,-37524,-8431,-19107,0,-8240,271,-64,-114
2020-06-11,80100,80300,79200,79500,671699,53400070500,-0.9963,277244,-54558,-222746,-58257,-38089,-6545,-27722,-228,-91803,-872,932,-102
2020-06-12,76200,77800,75800,76700,814104,62441776800,-3.522,286115,-110000,-155053,-89707,-28631,-15932,-14998,-1333,-4452,-22104,1042,0
2020-06-15,76100,76200,72400,72500,830788,60232130000,-5.4759,282571,-115789,-177108,-64804,-38941,-7999,-14892,-4,-50464,9622,704,-4
2020-06-16,73500,74500,73500,74000,426501,31561074000,2.069,88574,-44070,-46550,-31418,-15886,-7634,-6170,0,14572,1746,300,-14
2020-06-17,73400,73800,72000,72300,516721,37358928300,-2.2973,195383,-125792,-72179,-14090,-22625,-2006,-15586,-2332,-15043,2437,151,-497
2020-06-18,72000,72100,70700,70900,575467,40800610300,-1.9364,283799,-206670,-88554,-48508,-12965,-12996,-8797,-853,-4435,10998,427,0
2020-06-19,71100,72600,70900,72000,584062,42052464000,1.5515,140343,-115799,-23899,-15192,-9868,-1680,-3351,-2430,4842,-922,277,3780
2020-06-22,71600,71600,70300,70300,526850,37037555000,-2.3611,257819,-115593,-142863,-89023,-13742,-4125,-18431,-1090,-16452,-1082,1719,0
2020-06-23,70500,71300,69400,69500,527618,36669451000,-1.138,200872,-131057,-69789,-14649,-27741,-698,-20828,-2021,-3333,-5,-21,-519
2020-06-24,69800,70300,69500,69900,340968,23833663200,0.5755,78501,-65151,-18015,-12430,-11498,-555,-4655,-1752,2875,4200,465,10000
2020-06-25,69200,69400,68200,68500,477484,32707654000,-2.0029,183963,-68571,-111958,-34242,-25894,-8024,-12051,-2298,-29449,-3350,-84,0
2020-06-26,69000,69300,68200,68700,373427,25654434900,0.292,130569,-84843,-46120,-10423,-27383,-4170,-506,1560,3402,162,232,-8600
2020-06-29,67900,68000,66000,66000,584492,38576472000,-3.9301,283386,-181868,-108957,-48558,-15210,-1389,-12803,-3972,-26881,7939,-500,-144
2020-06-30,67100,74300,66600,71000,3299832,234288072000,7.5758,-57594,-293736,334929,196114,59831,-6140,43425,-400,40680,16146,255,1419
2020-07-01,71500,71500,68700,68800,626957,43134641600,-3.0986,134243,-132558,-4108,-3838,-11359,-3611,995,0,13705,2401,22,0
2020-07-02,68800,71600,68800,71100,532382,37852360200,3.343,-68302,44738,12462,11175,5192,-1746,-8366,-1350,7754,10655,447,-197
2020-07-03,71600,71800,70200,70900,327098,23191248200,-0.2813,28751,-24133,-5923,-10096,-746,1679,-896,0,4136,1006,299,0
2020-07-06,70900,71100,69900,70800,277236,19628308800,-0.141,8256,9883,-18299,-7187,-5028,-6452,-481,0,849,584,-424,0
2020-07-07,71400,72000,70600,71300,361341,25763613300,0.7062,18493,46932,-35789,-8159,-17705,-285,-4085,0,-5555,-29530,-106,0
2020-07-08,70800,71300,70600,70800,251285,17790978000,-0.7013,27860,-14870,-12650,-5670,-4499,-16,-602,0,-1863,-528,188,0
2020-07-09,71000,71200,69700,70100,409242,28687864200,-0.9887,113456,-40934,-67324,-41391,-8512,-247,-358,0,-13868,-5390,192,-2948
2020-07-10,69700,69800,68500,68800,359342,24722729600,-1.8545,102614,-23748,-79421,-29762,-24149,1509,-7601,-4200,-15053,530,25,-165
2020-07-13,69600,70200,69000,69400,246099,17079270600,0.8721,22652,-34927,11185,14272,-3061,-3502,-1012,0,4488,1203,-113,0
2020-07-14,69200,69200,68200,68800,290708,20000710400,-0.8646,117069,-43317,-79024,-62950,-3909,-628,-3370,0,-8167,4440,832,0
2020-07-15,70500,71200,70000,70500,545335,38446117500,2.4709,-29597,-31890,63088,15015,8069,19909,-1510,0,23985,-1135,-466,-2380
2020-07-16,71100,73600,70700,72000,919513,66204936000,2.1277,-103960,50921,40170,31092,5975,-1898,723,558,3720,12758,111,0
2020-07-17,72400,72900,71000,71300,326483,23278237900,-0.9722,38965,-16679,-23929,-17456,-8343,-853,-4006,0,6729,2135,-492,0
2020-07-20,70900,71000,70100,70300,295665,20785249500,-1.4025,52677,-30447,-21095,-19118,-4048,-2008,-482,0,4561,-1796,661,0
2020-07-21,70900,72300,70400,72000,427000,30744000000,2.4182,-50786,22882,27195,25322,-4790,-1243,-70,-750,8050,840,-131,676
2020-07-22,71900,72200,70700,70800,319426,22615360800,-1.6667,119262,-49126,-76152,-41594,-4228,74,-8204,-1292,-20908,5672,344,0
2020-07-23,70400,71000,70000,70400,266238,18743155200,-0.565,72924,-35861,-38820,-13403,-8389,-3040,-449,0,-13539,1172,585,0
2020-07-24,69900,70900,69600,70100,288813,20245791300,-0.4261,35385,-620,-30945,-23180,-9849,29,-550,710,1895,-5114,1294,0
2020-07-27,70100,70500,69700,69900,225483,15761261700,-0.2853,60703,-34732,-26835,-9410,-15661,-4930,-3184,0,6350,761,103,0
2020-07-28,70200,70600,69900,70200,354464,24883372800,0.4292,60058,30540,-93457,-61865,-24574,-809,-2854,0,-3355,1482,1377,0
2020-07-29,70300,70400,69700,70100,227386,15939758600,-0.1425,46636,-1008,-46019,-4359,-29401,-3452,-3473,0,-5334,237,154,0
2020-07-30,70100,72300,69900,71500,606650,43375475000,1.9971,-175087,109924,63910,48971,8879,-16,-1669,0,8985,931,322,-1240
2020-07-31,71500,71800,70100,70300,342854,24102636200,-1.6783,115652,-55070,-62906,-17343,-5555,-708,522,0,-39822,1996,328,0
2020-08-03,70000,70100,69100,69300,417522,28934274600,-1.4225,126650,-52200,-82840,-18133,-27040,-3258,-23282,0,-11031,8963,-573,-96
2020-08-04,69800,70100,69500,69700,245170,17088349000,0.5772,3758,15581,-22008,-16797,-3425,-78,-7860,0,2652,759,1910,3500
2020-08-05,69600,70300,69400,69500,295770,20556015000,-0.2869,42418,1728,-46405,-22987,-2339,-1018,-3062,0,-16999,2502,-243,0
2020-08-06,69600,70500,69600,70000,296129,20729030000,0.7194,10439,25626,-36135,-22334,-13333,-74,-9911,2068,7449,335,-265,0
2020-08-07,70500,73700,70500,72100,1341186,96699510600,3.0,-106530,82863,18341,63,-5909,10461,8862,0,-316,7910,-2584,5180
2020-08-10,72100,72100,70300,71200,545922,38869646400,-1.2483,90129,-57645,-34016,-7125,-24853,-2733,3064,500,-4029,952,580,1160
2020-08-11,72200,73200,71700,72500,756114,54818265000,1.8258,-94176,54730,39575,1559,-20814,5143,27357,0,22750,956,-1085,3580
2020-08-12,73700,77500,73400,77300,2874821,222223663300,6.6207,-410572,164939,249427,108625,80390,11288,19438,2863,26149,-1487,-2307,674
2020-08-13,78600,79200,76000,78700,1983414,156094681800,1.8111,-308070,133884,169045,19904,35524,41194,28319,3314,37195,5127,14,3595
2020-08-14,79400,80400,76400,78900,1357617,107115981300,0.2541,-67596,7351,68406,31327,-1314,3814,22584,370,11110,-7769,-392,515
2020-08-18,76500,76800,70800,71600,1522556,109015009600,-9.2522,220382,-104537,-110371,-82578,-23681,-42528,7625,1372,29419,-5763,289,0
2020-08-19,71800,74400,71500,73300,678114,49705756200,2.3743,-65837,66041,-307,13390,-13569,-26735,3275,-6655,19987,285,-182,10000
2020-08-20,72300,72600,70000,70700,683846,48347912200,-3.5471,148356,-11598,-130161,-54030,-22832,8,-177,195,-53325,-6858,261,0
2020-08-21,71000,72000,70300,71400,344309,24583662600,0.9901,-24438,51666,-28167,-5851,-9649,-675,-47,-912,-11033,1016,-77,0
2020-08-24,70600,71100,69600,70700,362101,25600540700,-0.9804,74809,-1491,-68227,-1615,-27012,-1115,-3072,0,-31638,-4138,-953,-3775
2020-08-25,71700,71900,71100,71600,304747,21819885200,1.273,32625,-10250,-22718,1157,-20758,-86,-216,39,-2854,-560,903,0
2020-08-26,71600,71600,70300,70900,342028,24249785200,-0.9777,66545,5376,-67425,-23507,5812,-10626,-11229,-4619,-23256,-5351,855,0
2020-08-27,70700,70700,69900,69900,374751,26195094900,-1.4104,90182,-9103,-78696,-33287,-15399,-4861,-1886,0,-23263,-3117,734,0
2020-08-28,70800,72200,70200,70800,380724,26955259200,1.2876,-106274,15681,89670,32210,2354,2889,-5967,240,57652,846,77,292
2020-08-31,71600,71600,70300,70300,348867,24525350100,-0.7062,77788,-76182,-3414,-9715,-3613,-31,210,0,9235,1811,-3,500
2020-09-01,70700,73400,70300,72500,696976,50530760000,3.1294,-158622,108025,58298,50100,2676,1525,141,0,2313,-6000,-1701,1543
2020-09-02,73700,77000,73600,75800,1333521,101080891800,4.5517,-408457,44849,367389,193014,32408,13318,16601,1943,110905,-3456,-325,-800
2020-09-03,76700,77800,75100,75300,1086752,81832425600,-0.6596,-156729,-130371,284660,131983,-333,11911,4698,3510,131586,2565,-125,1305
2020-09-04,73900,75300,73500,74600,596400,44491440000,-0.9296,85326,-126326,38763,32935,333,-555,2217,23,1381,2328,-91,2429
2020-09-07,74800,76000,74500,75400,447807,33764647800,1.0724,37064,-41577,2862,-2550,3059,6424,-8109,-1952,6713,170,1481,-723
2020-09-08,75900,75900,74100,74900,441906,33098759400,-0.6631,84365,-70623,-17437,1779,-518,-8684,-7060,-101,-2853,3731,-36,0
2020-09-09,73500,73900,72300,72400,650667,47108290800,-3.3378,374661,-180903,-195950,-62266,-27081,-13410,-10118,-968,-77307,666,1526,-4800
2020-09-10,73100,73100,72000,72200,781966,56457945200,-0.2762,161570,-85441,-78842,-74849,-8859,-4231,-12180,0,21277,2371,342,0
2020-09-11,72100,75900,71700,74900,1003853,75188589700,3.7396,-306513,218693,84495,40608,18001,6390,21701,1404,-12178,4686,-1361,8569
2020-09-14,76000,76100,74400,75100,518885,38968263500,0.267,131179,-124771,-10414,-8617,962,21,1897,-720,-3957,2462,1544,0
2020-09-15,75200,75900,73500,75500,597650,45122575000,0.5326,12778,-21031,10679,32997,895,676,-7443,-1041,-15405,-2183,-243,0
2020-09-16,75400,76200,74200,74600,462239,34483029400,-1.1921,47741,-26780,-25595,15025,-12403,-16,42,-20,-23453,4204,430,-4770
2020-09-17,75000,76800,73700,76500,940218,71926677000,2.5469,-321012,220371,101354,79463,1066,14366,9219,178,-3031,-160,-553,93
2020-09-18,76700,77700,75300,75900,515135,39098746500,-0.7843,63961,-35347,-31046,-6537,2824,-3123,-175,0,-24491,1557,875,456
2020-09-21,76000,79000,76000,77500,1123811,87095352500,2.108,-362135,195244,168394,76663,36879,33580,3252,-1449,19578,-3,-1500,-109
2020-09-22,76900,77400,75000,75500,585658,44217179000,-2.5806,78640,-100745,15099,26596,364,2140,3192,0,-16900,6264,742,-293
2020-09-23,76200,76300,74200,75300,427687,32204831100,-0.2649,35771,-52751,16548,26486,858,51,2134,0,-13620,-13,445,639
2020-09-24,74000,74600,72000,72500,665109,48220402500,-3.7185,219008,-146299,-76543,-45095,11899,-5072,-4838,-88,-34122,1996,1838,773
2020-09-25,73100,74100,72500,73200,275811,20189365200,0.9655,20762,-4963,-16159,18396,787,-19088,2460,-108,-18606,504,-144,0
2020-09-28,74100,76000,73700,76000,356924,27126224000,3.8251,-166619,96137,70572,38145,2800,4538,1783,0,24806,-310,220,-1500
2020-09-29,76800,77100,75500,76100,410328,31225960800,0.1316,-60886,111021,-50761,-46686,28352,-491,-9053,0,-20283,1380,-754,-2600
2020-10-05,75700,76600,74800,75700,242404,18349982800,-0.5256,-4518,-3364,9961,1219,-1279,-2249,58,0,12212,-416,-1663,0
2020-10-06,75700,76300,74100,74200,453803,33672182600,-1.9815,160799,-32220,-131105,-47555,-10512,-17520,5185,0,-61703,1788,738,1000
2020-10-07,74000,74900,73500,74900,189181,14169656900,0.9434,4289,934,-4135,11446,-10743,-2997,-6095,0,4254,-1779,691,0
2020-10-08,75400,75500,74600,75100,314688,23633068800,0.267,-2052,6381,-5384,49546,-10117,48,-6282,-2436,-36283,1212,-157,140
2020-10-12,76100,78200,75700,77900,1028518,80121552200,3.7284,-326625,252211,64397,11110,20490,6457,7776,3800,15714,9721,296,-950
2020-10-13,77600,77800,76000,76900,445338,34246492200,-1.2837,99857,-87140,-9784,-15613,19199,5418,4496,0,-23834,-3061,128,550
2020-10-14,77500,77800,75800,75900,351037,26643708300,-1.3004,47586,-31573,-17596,5654,-8237,40,-862,0,-16186,504,1079,1995
2020-10-15,75800,76000,74500,74900,342764,25673023600,-1.3175,36482,-39877,1567,17386,-77,-353,363,0,-16252,1493,335,500
2020-10-16,75300,75900,74500,75300,279613,21054858900,0.534,-3055,-46937,51764,48953,1120,5612,2336,0,-7367,-984,-788,1110
2020-10-19,75900,78300,75600,77200,744149,57448302800,2.5232,-251825,157748,96653,39062,14728,2108,18814,3000,17566,-2356,-220,1375
2020-10-20,76800,76800,75300,76600,344945,26422787000,-0.7772,85522,-65813,-20405,-267,-16405,-6493,6298,3000,-7306,974,-278,768
2020-10-21,77100,78600,76600,77200,593905,45849466000,0.7833,-72997,36893,33556,-1065,9141,1759,-620,-1330,21136,-163,2711,4535
2020-10-22,76400,77600,76400,76700,271307,20809246900,-0.6477,48471,-47465,-1301,4309,138,-141,-2572,0,183,472,-177,-3218
2020-10-23,77600,77800,76300,76500,300633,22998424500,-0.2608,42604,-39110,-3157,6623,-10806,660,-3064,82,3316,-240,-97,32
2020-10-26,79200,79800,76200,76400,1556839,118942499600,-0.1307,197733,-149375,-46335,6374,8540,-29561,15273,-1811,-44387,-1433,-590,-763
2020-10-27,76100,76200,75100,75300,388046,29219863800,-1.4398,46812,-22528,-24469,1604,-16753,-363,-2001,0,-7956,259,-74,1000
2020-10-28,75000,75900,75000,75700,210487,15933865900,0.5312,17795,-9269,-9492,8919,-5744,1039,-4214,0,-9492,361,605,0
2020-10-29,74300,75300,74200,75200,319802,24049110400,-0.6605,42398,-35897,-1047,17477,-15399,-3208,202,0,-119,-5338,-116,0
2020-10-30,75200,75300,74200,74200,209388,15536589600,-1.3298,48100,-27991,-18868,2972,-1559,-9294,-324,0,-10663,-1686,445,0
2020-11-02,75000,75500,74400,74900,192720,14434728000,0.9434,-25602,3824,21597,27362,-11661,0,3609,0,2287,838,-657,0
2020-11-03,75100,76200,75100,75900,238936,18135242400,1.3351,-58403,11892,46280,20261,-644,302,-1127,0,28230,-194,425,-742
2020-11-04,76700,76800,75000,75300,311917,23487350100,-0.7905,68738,-15847,-54967,-37162,-5467,-847,-16760,0,6284,3108,-1032,-1015
2020-11-05,75700,76300,75300,75700,326288,24700001600,0.5312,20822,23282,-39562,-26715,-7228,5073,-14013,-3213,8721,-5749,1207,-2187
2020-11-06,75900,75900,75000,75300,240967,18144815100,-0.5284,35070,-8090,-26149,-17726,-1191,-608,-5404,-229,-1264,71,-902,273
2020-11-09,75600,76100,75400,75700,295665,22381840500,0.5312,14697,-18570,641,-7760,-3361,1935,-8360,-804,20511,4603,-1371,-1520
2020-11-10,82500,82700,79100,80100,3178169,254571336900,5.8124,-714255,392708,330432,147882,49251,49636,33988,5399,31959,-8581,-304,12317
2020-11-11,79900,81700,78600,80800,1195630,96606904000,0.8739,-185458,125027,59495,24540,-5998,10778,11269,0,18906,2037,-1101,0
2020-11-12,80000,82800,79400,81400,1334863,108657848200,0.7426,-196815,150878,49246,72803,1096,2176,2427,-2000,-27256,-5454,2145,0
2020-11-13,81000,82000,79600,80400,684125,55003650000,-1.2285,152806,-122330,-35639,-7102,-14764,-15114,1726,-881,496,5917,-754,0
2020-11-16,80400,81300,79200,80700,646813,52197809100,0.3731,13155,7711,-21437,10643,-19466,-5351,-6773,2258,-451,467,104,-2297
2020-11-17,82400,83100,80400,80400,890441,71591456400,-0.3717,114084,-104810,-17202,9285,-9132,-78,-1414,122,-16726,8582,-654,741
2020-11-18,80300,81200,79800,80000,438845,35107600000,-0.4975,17889,-140,-20465,6050,-9056,-6448,-5056,0,-1080,4072,-1356,-4875
2020-11-19,79500,79500,78300,78900,582738,45978028200,-1.375,165929,-95613,-68944,-44253,-9802,-1675,-10132,0,-3609,-1361,-11,527
2020-11-20,79000,81400,78800,80900,630324,50993211600,2.5349,-176918,104256,75903,79963,-1946,-1684,3801,-2234,-1551,-2510,-731,-446
2020-11-23,80300,81400,79600,81200,500330,40626796000,0.3708,1212,16309,-16937,-11128,5080,-1825,-1113,0,-8375,-537,-47,424
2020-11-24,81700,83700,81200,83500,1184651,98918358500,2.8325,-357507,313861,41247,23123,8299,-725,-896,0,11913,2485,-86,-467
2020-11-25,84400,84500,81700,82700,902777,74659657900,-0.9581,78525,-64809,-25494,-27378,7274,-227,5159,0,-10713,3704,8074,391
2020-11-26,81900,82500,81200,81300,518001,42113481300,-1.6929,128673,-82934,-61450,-29839,-10113,-8164,-1320,0,-12074,15927,-216,60
2020-11-27,81200,81300,80500,81000,414645,33586245000,-0.369,146392,-73707,-74336,-15822,-15155,-1955,-1746,0,-14223,2449,-798,-25435
2020-11-30,81100,81600,80000,80000,529565,42365200000,-1.2346,189344,-165793,-16224,-15101,-6058,-1459,-1084,0,6978,-7104,-223,500
2020-12-01,80600,81200,80200,81000,367709,29784429000,1.25,75461,-41796,-34570,-31440,-1078,-8870,-3956,-552,11321,2563,-1658,5
2020-12-02,81200,82800,80700,82000,684939,56164998000,1.2346,-42232,30677,7091,4930,1965,5834,710,-1234,-4114,1782,2682,-1000
2020-12-03,83100,83600,82200,82600,567296,46858649600,0.7317,23466,-26957,5046,8712,-131,2940,-4392,0,-2083,-3139,1584,0
2020-12-04,82600,83100,81500,81700,655778,53577062600,-1.0896,126882,-76274,-45331,-19331,-8247,-2397,-14213,-2000,2393,-3243,-2034,-1536
2020-12-07,81000,81700,80300,81400,412153,33549254200,-0.3672,-20023,23573,-10080,12575,-1879,-449,-4849,-715,-15263,6059,471,500
2020-12-08,81200,82300,80800,81300,395130,32124069000,-0.1229,32540,7283,-40135,-34131,-10611,46,3980,643,-62,-2188,2500,0
2020-12-09,82000,84700,81500,84600,1584583,134055721800,4.059,-451464,341817,114635,50543,5692,20506,424,-1000,42451,-3884,-1104,-3981
2020-12-10,83900,85300,83600,84500,841515,71108017500,-0.1182,55880,-51757,-2510,-15293,-18898,630,-7056,0,37825,-2919,1306,282
2020-12-11,84800,87100,84500,85000,919589,78165065000,0.5917,-29681,-27889,82340,75550,3079,-2734,1740,1400,2553,-26053,1283,752
2020-12-14,83200,83500,82300,82400,911855,75136852000,-3.0588,281197,-218413,-64787,192,-17703,-19349,-7454,0,-20802,1468,535,329
2020-12-15,82200,82900,81500,82300,420853,34636201900,-0.1214,106571,-40860,-59468,-24030,-22479,-3193,-1180,0,-6948,-6784,541,-1638
2020-12-16,82600,83100,82200,82300,342409,28180260700,0.0,22271,-17336,-5253,-2703,-1859,-2783,-4985,0,7077,273,45,0
2020-12-17,82300,82400,81300,81700,445153,36369000100,-0.729,45241,14780,-63854,-59670,-3735,478,-4788,0,3555,3503,330,306
2020-12-18,81700,82100,80900,82000,304163,24941366000,0.3672,18406,16698,-29023,-17332,-8389,-433,-2843,0,-557,-6115,34,531
2020-12-21,81300,81400,80700,81100,343826,27884288600,-1.0976,30115,-7592,-20281,-1614,-2461,-1268,-12311,0,264,-2368,126,-2891
2020-12-22,80600,81200,80400,80400,346592,27865996800,-0.8631,60776,-21846,-42016,-10137,-6954,-6146,-9144,0,-9155,1295,1791,-480
2020-12-23,80000,80800,79500,79700,434333,34616340100,-0.8706,125431,-35065,-79585,-61664,-10189,-5199,-4791,0,5158,-10966,185,-2900
2020-12-24,80000,81300,80000,80900,339316,27450664400,1.5056,-5627,10886,-3820,-16547,-788,84,-1387,0,14818,-1104,-335,0
2020-12-28,80800,80800,79900,80200,407327,32667625400,-0.8653,-18707,-1932,23016,2309,-647,-367,-1103,0,22834,-834,-1543,-10
2020-12-29,81400,81500,80700,81200,384205,31197446000,1.2469,73106,474,-73215,-29852,-9151,-982,-285,0,-31634,-156,-209,-1311
2020-12-30,81200,83000,80600,82300,554701,45651892300,1.3547,-78816,12625,65256,52498,-3121,-1637,1918,0,15598,-473,1408,0
2021-01-04,82900,83100,82300,82600,553357,45707288200,0.3645,54270,-6847,-41569,-47067,-4458,-1555,-3989,0,15500,-4281,-1573,0
2021-01-05,82300,82400,80900,82200,605661,49785334200,-0.4843,173032,-58570,-121417,-58269,-20744,-3188,-26095,1200,-14950,6778,177,629
2021-01-06,82200,83400,81500,81500,821300,66935950000,-0.8516,200305,-191116,-4802,15180,-5479,-5198,-2872,0,-6433,-4109,-278,0
2021-01-07,82000,83200,81600,82800,760330,62955324000,1.5951,-33199,66177,-38477,-49227,-6010,-2474,-18340,0,37574,3064,2435,0
2021-01-08,83800,84300,82400,82900,1246092,103301026800,0.1208,83022,-42121,-39816,-910,-25924,1320,-16335,0,2897,-1987,902,-864
2021-01-11,83300,83600,81400,81800,1251204,102348487200,-1.3269,86880,32767,-125840,-68637,-16443,-2935,464,1977,-41648,8927,-2734,1382
2021-01-12,82000,86300,81600,85000,2121881,180359885000,3.912,-400102,337734,30066,31219,12493,4782,-7159,0,-15930,27356,4946,4661
2021-01-13,86000,86500,83900,84600,969981,82060392600,-0.4706,295706,-241553,-57630,-52862,-2918,-1305,-4303,0,1752,2738,739,2006
2021-01-14,84900,87200,84100,84900,1256449,106672520100,0.3546,206213,-187690,-33262,-29981,-16219,2602,599,0,9737,16106,-1367,0
2021-01-15,85600,86300,84200,84900,791172,67170502800,0.0,72162,-20715,-59635,-5895,126,-8258,-22080,-1794,-21434,7632,556,-300
2021-01-18,84200,90900,82800,83700,3564336,298334923200,-1.4134,94754,211,-77918,-27989,6802,-2581,-9303,-724,-41090,-15243,-1804,-3033
2021-01-19,84300,84900,83700,84300,729371,61485975300,0.7168,44687,251,-48762,-58782,-2823,-61,-2119,0,15796,4313,-489,-773
2021-01-20,84500,84700,83500,83900,549184,46076537600,-0.4745,30941,-11155,-11416,7170,3143,-515,-3306,0,-17908,-8034,-336,0
2021-01-21,84000,86400,84000,85500,891328,76208544000,1.907,-104744,127567,18973,14836,-3375,-4689,-1042,0,13243,-40565,-1231,0
2021-01-22,85700,90000,85100,88100,1738134,153129605400,3.0409,-367632,211692,145122,85871,8821,18484,-2050,0,28074,12979,-2161,5922
2021-01-25,88700,89900,87800,88500,757951,67078663500,0.454,71200,-6550,-78522,-74577,-16706,-352,1612,0,11501,10957,2915,0
2021-01-26,88200,88300,85400,85500,958081,81915925500,-3.3898,355635,-249904,-104417,-16252,-8580,-5804,-12435,0,-61044,-4865,3551,-302
2021-01-27,86300,86800,83700,83700,962018,80520906600,-2.1053,336059,-205638,-109932,-109296,-6525,-5812,-996,0,12697,-15387,-5102,0
2021-01-28,82200,83300,81900,82800,695030,57548484000,-1.0753,147787,-48282,-100236,-93289,-3893,-1725,2159,-5279,3134,-639,1370,-1343
2021-01-29,83100,83400,80300,80900,826142,66834887800,-2.2947,217384,-76313,-149540,-80611,-14854,-455,-1604,0,-48416,6360,2109,-3600
2021-02-01,80000,81400,78500,81100,887927,72010879700,0.2472,296751,-192308,-155473,-83368,-43689,42,-13446,0,-14207,46881,4149,-805
2021-02-02,81700,82700,80700,81300,538227,43757855100,0.2466,27378,-44026,-53373,-38540,2458,165,-11976,0,-4939,69333,688,-541
2021-02-03,82200,82500,80800,81300,531638,43222169400,0.0,195229,-34814,-43098,-40073,872,-98,-4924,0,-1975,-118188,871,3100
2021-02-04,81600,82400,81100,81300,563815,45838159500,0.0,47427,-14559,-35113,-10692,-5852,-504,-2121,0,-15944,1340,905,0
2021-02-05,81700,82000,81100,82000,344570,28254740000,0.861,4986,19184,-26405,-24971,-7361,-7066,-827,0,14080,2429,-194,-260
2021-02-08,82100,83900,81500,83300,592237,49333342100,1.5854,-89706,62921,26454,1899,-7519,88,-308,0,32294,193,138,0
2021-02-09,83700,83800,82100,82100,440690,36180649000,-1.4406,160232,-104517,-60974,-53023,-4935,-366,-2223,0,-427,3381,1878,0
2021-02-10,82200,82400,81200,82100,375119,30797269900,0.0,66353,-45155,-19761,18058,-916,-4931,-1715,0,-30257,-1325,-112,0
2021-02-15,82200,82700,81500,81700,497403,40637825100,-0.4872,168196,-70616,-101607,-86793,-2179,-5514,-502,0,-6619,3770,257,0
2021-02-16,82000,82300,81500,82000,451912,37056784000,0.3672,87859,-54426,-43118,-52223,17479,-1598,-1379,0,-5897,10279,-594,500
2021-02-17,82600,82700,81500,82000,402470,33002540000,0.0,67836,6608,-82735,-65612,1720,-1374,-224,0,-17245,7652,639,0
2021-02-18,81700,85300,81600,83600,1391938,116366016800,1.9512,-272327,175223,98406,59554,8282,20830,-39,0,9079,-2063,761,700
2021-02-19,84000,84000,81300,82300,643604,52968609200,-1.555,151235,-90380,-45925,-22732,491,-11107,785,0,-13350,-14983,53,-12
2021-02-22,82700,84200,82300,83000,558169,46328027000,0.8505,-49333,47137,-23649,-24268,303,4202,-3386,0,-500,24416,1429,0
2021-02-23,83000,85000,82000,84800,990399,83985835200,2.1687,-150739,52191,68863,21010,3824,3680,-448,0,38252,31305,-1620,2545
2021-02-24,85300,86300,82600,82900,1461332,121144422800,-2.2406,-14781,12141,-405,-26718,2177,9834,11284,0,3438,2365,680,-420
2021-02-25,84400,84400,83000,83400,513823,42852838200,0.6031,52169,-11820,-45954,-42204,-1994,-10146,-4062,0,12465,6784,-1179,-13
2021-02-26,81700,82400,81500,81600,603422,49239235200,-2.1583,94132,-55444,-41381,-13434,-787,-527,139,0,-25634,2310,383,-1138
2021-03-02,82600,82800,81900,82400,392122,32310852800,0.9804,-11583,-32037,41770,26615,-761,-264,-1093,0,17273,1616,234,0
2021-03-03,82300,84700,82000,84300,697397,58790567100,2.3058,-129843,85647,50953,-6868,3616,10766,3744,0,39542,-5140,-1617,153
2021-03-04,83500,85100,83000,84600,599855,50747733000,0.3559,-130138,77943,49963,49791,8457,6184,2530,0,-16999,2819,-587,0
2021-03-05,84300,84300,83000,83600,410485,34316546000,-1.182,43584,-25223,-21511,-6619,1473,289,-916,0,-15738,4005,-855,0
2021-03-08,84400,84400,82800,82900,461978,38297976200,-0.8373,42484,-50641,19020,-12086,6370,29514,-3065,-655,513,-10577,-286,-1571
2021-03-09,83500,85500,83100,84200,839090,70651378000,1.5682,-15632,-20579,61582,41070,3536,2867,1116,-139,13163,-25476,105,-31
2021-03-10,84500,84500,83400,83600,399713,33416006800,-0.7126,40164,-37620,-13359,-7451,5355,71,-765,-60,-10509,10865,-50,0
2021-03-11,83700,84200,82900,83300,473747,39463125100,-0.3589,-33775,17926,14914,-42855,3673,26242,-3790,-182,31519,1416,-481,307
2021-03-12,83700,84400,83300,83800,366287,30694850600,0.6002,-26495,-20379,43607,26884,8887,1761,-2867,0,8908,3747,-480,34
2021-03-15,84300,87400,84100,87200,1855348,161786345600,4.0573,-467882,209530,291127,61237,20517,23278,2771,-213,174528,-30104,-2671,9009
2021-03-16,87700,87900,86600,87000,856250,74493750000,-0.2294,146015,-120101,-29429,-56728,6011,4581,5521,0,7762,-189,3704,3424
2021-03-17,87000,88800,86300,87100,927868,80817302800,0.1149,21400,-60738,37584,8163,3011,11643,4327,0,8014,4928,-3174,2426
2021-03-18,88100,88400,87000,87200,532728,46453881600,0.1148,161,-35547,27356,19081,-741,6805,4590,0,-2803,8021,9,424
2021-03-19,86500,87500,85700,87500,476842,41723675000,0.344,-29493,-12049,37551,25475,4985,12962,5514,0,-10508,5450,-1459,-877
2021-03-22,87600,88000,86500,88000,476804,41958752000,0.5714,-45199,4661,40020,52771,-659,-32374,4998,0,14967,282,236,317
2021-03-23,88800,89400,87400,87800,574683,50457167400,-0.2273,-58456,890,54792,23457,26436,630,4004,0,-49,1222,1552,314
2021-03-24,86600,87000,85400,86200,587724,50661808800,-1.8223,35867,-356,-38841,-39201,-1620,-6539,37879,0,-18477,3336,-6,-10883
2021-03-25,85900,87600,85700,87400,380716,33274578400,1.3921,-80139,36506,44400,21670,10833,2217,5406,0,4246,-761,-6,28
2021-03-26,87900,88500,86700,87200,425680,37119296000,-0.2288,74081,-20156,-54011,-48756,-2827,355,7314,0,-10410,492,-406,313
2021-03-29,86900,87100,86000,86400,344281,29745878400,-0.9174,-11386,-2117,14432,13041,9997,972,9261,0,-18839,-966,37,0
2021-03-30,86500,87200,86200,86600,272879,23631321400,0.2315,2595,13455,-11654,-3405,2154,188,3222,0,-13813,-4130,-266,0
2021-03-31,87300,88600,86700,86900,533023,46319698700,0.3464,49248,-27452,-22372,-194,2028,-2825,-124,0,-21257,-48,624,0
2021-04-01,87500,87800,85500,85900,646621,55544743900,-1.1507,113211,-15931,-89020,13827,-3125,-28573,-4706,-17,-66426,-10418,2158,0
2021-04-02,86400,86400,85400,85900,434234,37300700600,0.0,99083,-45995,-50342,-18479,853,-5674,2535,0,-26677,-761,-1985,-2900
2021-04-05,86000,86300,85300,86000,285555,24557730000,0.1164,-16509,-17901,32386,22472,2723,3596,1320,0,2135,1900,124,140
2021-04-06,86400,87500,86000,86700,360130,31223271000,0.814,-28348,-20474,51301,19701,8018,-590,-304,0,24476,-1547,-932,0
2021-04-07,86700,86700,85500,85600,356857,30546959200,-1.2687,95171,-17164,-74119,-13757,-6904,-30788,-1837,-4000,-16943,-4249,361,110
2021-04-08,85600,85600,85000,85100,405112,34475031200,-0.5841,64653,-20663,-42442,4828,-1244,-3192,-3156,0,-39678,-2384,836,0
2021-04-09,85000,85600,85000,85200,258188,21997617600,0.1175,31985,-3026,-29701,-23162,3165,151,11581,-692,-20744,893,-151,0
2021-04-12,85200,85900,84600,85500,271542,23216841000,0.3521,-51227,-5691,62668,50138,13870,-881,3039,-13,-3485,-6079,329,0
2021-04-13,85500,85500,84600,84900,415223,35252432700,-0.7018,176963,-106346,-73091,-30448,-1870,545,715,-20,-42013,1793,681,0
2021-04-14,84800,84800,83700,83800,664068,55648898400,-1.2956,268989,-152612,-107063,-27862,-52940,-10407,1905,-890,-16340,-2349,-6965,-529
2021-04-15,83800,84400,83300,83700,382971,32054672700,-0.1193,129546,-86737,-46901,-11542,-10988,-3691,-14152,-928,-5600,3326,766,0
2021-04-16,84100,84300,83700,84000,287056,24112704000,0.3584,46966,-40805,-8942,5437,141,936,-451,0,-14923,1954,827,-82
2021-04-19,84000,84000,83200,83900,342405,28727779500,-0.119,36957,-23437,-19858,-12720,-4168,-276,3303,0,-5997,6156,182,0
2021-04-20,83900,85000,83900,85000,355885,30250225000,1.3111,-37173,-16140,54413,10155,19004,468,15553,0,9233,-945,-155,0
2021-04-21,84400,84400,83600,83700,320296,26808775200,-1.5294,101061,-50530,-48674,-14603,-5117,-4484,-1753,0,-22629,-1126,-731,-88
2021-04-22,84000,84100,83400,83400,242461,20221247400,-0.3584,47638,-23801,-25081,-10169,-10040,-281,-3607,0,-640,112,1132,-344
2021-04-23,83100,83500,82700,83500,290140,24226690000,0.1199,29502,-5702,-26151,-17619,1989,-5525,-5285,0,748,2076,275,-459
2021-04-26,83800,85000,83300,84600,470557,39809122200,1.3174,4095,-20117,6384,-11544,5721,590,4708,1499,5470,8971,667,-60
2021-04-27,85100,85400,83900,84100,418268,35176338800,-0.591,67418,-78752,10199,-11712,-1149,13033,-2406,60,12832,808,327,-459
2021-04-28,84400,86600,83400,85900,1070348,91942893200,2.1403,-398186,102455,296249,157930,20865,15251,17743,387,84289,-62,-456,-216
2021-04-29,86300,89900,84600,88600,1993861,176656084600,3.1432,-631536,46135,577238,133151,63689,77008,58740,0,245954,10292,-2129,-1304
2021-04-30,88900,91100,85500,86500,2865487,247864625500,-2.3702,-523439,114714,354764,-10372,85103,202784,14557,14426,44553,55151,-1190,3713
2021-05-03,88100,90800,88000,89200,2157450,192444540000,3.1214,-396953,82145,312105,127634,42756,21260,32390,4099,78466,7851,-5148,5500
2021-05-04,90200,91300,88500,90400,1493426,135005710400,1.3453,-138637,68681,43637,-28488,30933,25320,5267,-1731,976,26158,161,11360
2021-05-06,90400,93900,89600,92500,1329512,122979860000,2.323,-469898,331764,150862,45625,22848,11160,1536,307,69386,-11060,-1668,0
2021-05-07,92500,93400,91600,92900,737992,68559456800,0.4324,-157907,147609,27527,-5161,15625,-1658,-971,239,19453,-17170,-59,0
2021-05-10,92800,94200,91900,94100,896038,84317175800,1.2917,-190042,47462,124611,6873,2504,-252,15578,2409,97499,19498,-1529,0
2021-05-11,93600,94500,92200,94300,743205,70084231500,0.2125,-130932,105040,22657,25130,-8277,-882,1659,-574,3887,3472,-237,1714
2021-05-12,94100,94200,91300,93200,791575,73774790000,-1.1665,-41076,36191,13892,6930,14745,-672,866,-358,-7824,-40,-8967,205
2021-05-13,91800,95700,91800,93700,1242043,116379429100,0.5365,-216924,198829,-33983,75056,30895,57074,4619,216,-201843,43074,9004,0
2021-05-14,94100,95500,92400,92600,671347,62166732200,-1.174,-72410,3290,74837,52501,-5510,3893,2617,1088,12758,-7000,1283,7490
2021-05-17,93200,95700,91700,95500,1064010,101612955000,3.1317,-149459,57707,101479,74219,12050,3383,24912,0,-10587,-7685,-2042,-2498
2021-05-18,95300,96600,93700,93900,616875,57924562500,-1.6754,126784,-171249,34982,31136,-17704,-5417,4491,240,24522,8510,973,-2286
2021-05-20,93000,94400,92400,93300,509029,47492405700,-0.639,-29309,3530,26517,27438,-2168,-956,18512,-951,-15165,-784,46,-193
2021-05-21,93300,93500,90200,91000,1020139,92832649000,-2.4652,317158,-202931,-121926,3086,-19355,-38033,-26523,-3889,-34471,4541,3158,-2741
2021-05-24,90600,92300,90500,91200,526572,48023366400,0.2198,-29537,47871,-4787,43667,7327,6192,-41202,956,-21727,-15479,1932,0
2021-05-25,91800,94200,91600,93800,628724,58974311200,2.8509,-72057,11793,60745,41293,11361,8452,9726,357,-10516,1905,-2386,72
2021-05-26,94100,98900,93900,98100,1736088,170310232800,4.5842,-601763,241108,371780,255778,59090,9072,42912,2470,5258,-5496,-5629,-2800
2021-05-27,98100,99500,96800,97100,928746,90181236600,-1.0194,38669,-81193,50828,56310,14829,1430,8162,-251,-29977,-8111,-193,325
2021-05-28,98000,99100,96900,97400,506662,49348878800,0.309,35078,-45109,11968,10337,2643,-3232,2617,0,-593,-2083,146,196
2021-05-31,99100,103000,98100,101500,1199756,121775234000,4.2094,-238337,77444,172669,91029,42273,9047,16115,7,13876,-11568,-208,322
2021-06-01,101500,101500,99300,99800,759546,75802690800,-1.6749,223449,-194843,-35084,-21414,-3671,-15994,34,-3000,8881,7503,-1025,80
2021-06-02,100000,103000,98800,101500,830538,84299607000,1.7034,-116721,-19565,130893,85289,21697,14146,-6740,10896,5605,6125,-732,0
2021-06-03,101500,101500,99500,99900,505284,50477871600,-1.5764,51066,-49596,-2645,-30219,-11404,-1452,9801,6377,24193,481,694,59
2021-06-04,99000,99200,95900,96700,1350016,130546547200,-3.2032,354617,-147658,-203663,-60371,-31991,-47227,-8784,1000,-56290,-3586,290,0
2021-06-07,97000,97700,96000,97300,591195,57523273500,0.6205,31596,-72778,28575,26396,4703,11922,3615,-5000,-13061,11010,1597,0
2021-06-08,97600,98200,96800,97500,426957,41628307500,0.2055,25025,-2077,1909,4076,-7877,698,14498,0,-7986,-25229,372,-1500
2021-06-09,97600,102000,97400,99900,1065288,106422271200,2.4615,-293104,96955,214015,88729,45791,-7650,29774,-1522,61891,-15848,-2018,-2998
2021-06-10,100500,101000,99100,99400,611096,60742942400,-0.5005,42360,56564,-94095,-13224,-724,8038,4960,0,-93145,-5357,528,0
2021-06-11,99800,100500,98100,98700,424570,41905059000,-0.7042,45496,-43841,-25630,989,-5403,-10566,5398,10238,-26266,23528,447,-20
2021-06-14,99000,99600,98400,98800,367520,36310976000,0.1013,1278,31953,-25814,-3520,3535,-19661,425,-20,-6573,-7059,-358,0
2021-06-15,99000,99000,97600,98700,377512,37260434400,-0.1012,-30718,97,32480,22682,2039,-6469,-62,7,14283,-2144,285,0
2021-06-16,99300,99500,97900,98000,469719,46032462000,-0.7092,58639,-42962,-9840,-18764,-4288,750,-515,2000,10977,-5363,-474,0
2021-06-17,97900,100500,97600,99400,565547,56215371800,1.4286,-125243,3589,119957,56867,26471,18508,9736,687,7512,1741,-44,176
2021-06-18,99300,99900,98200,98200,421332,41374802400,-1.2072,40160,-46320,6633,-7379,8991,-8232,5802,0,7429,-302,-171,22
2021-06-21,97000,97500,95100,95500,735910,70279405000,-2.7495,55612,-22076,-29472,30439,-5112,-15477,-483,282,-36605,-4342,278,-2516
2021-06-22,96400,97500,95800,97400,326864,31836553600,1.9895,-28444,44481,-16957,-10047,7959,7528,1971,0,-24647,531,389,279
2021-06-23,97000,97100,94900,95400,592593,56533372200,-2.0534,134195,-52954,-82725,3041,-9640,-32116,-5818,-5000,-33192,873,611,0
2021-06-24,95400,96000,93500,95800,589854,56508013200,0.4193,-20883,28772,-3185,-12627,-8789,11930,346,-415,6156,-4922,218,214
2021-06-25,96500,98800,95800,98400,776753,76432495200,2.714,-317429,234638,87500,47393,5598,18892,2814,3000,9806,-3569,-1140,-3
2021-06-28,97900,98700,96900,97500,420037,40953607500,-0.9146,-29498,-47975,75613,-9875,11452,40447,4445,654,28490,1662,198,0
2021-06-29,96300,98400,96300,97300,361532,35177063600,-0.2051,-13029,20381,-4066,-4973,-1456,-23783,16863,1543,7838,-3254,-32,-98
2021-06-30,97000,97700,96600,97000,266524,25852828000,-0.3083,-4927,-13628,17677,14857,676,-8099,6617,0,3748,917,-39,-122
2021-07-01,97500,97600,95700,95900,352984,33851165600,-1.134,90491,-7893,-47634,-32411,-425,-25782,7497,0,1264,-34666,-298,2223
2021-07-02,95800,96800,95500,96000,248611,23866656000,0.1043,-770,54938,-54431,-46444,-11573,2926,-207,1500,-1418,181,82,785
2021-07-05,95900,96500,95500,95700,193431,18511346700,-0.3125,25535,-19212,-3781,-15966,-5212,5919,1560,486,8932,-2109,-433,500
2021-07-06,95700,97500,95500,97200,409315,39785418000,1.5674,-132980,9087,122639,38013,26959,24466,20877,-3642,17432,1149,105,-1466
2021-07-07,96000,96100,93800,93900,883245,82936705500,-3.3951,409043,-238913,-172667,-25502,-4762,-30706,9201,0,-120833,1253,1284,-65
2021-07-08,93800,94400,92800,92800,470511,43663420800,-1.1715,65634,-61452,-2744,-15285,9870,-4976,9371,-3,-2221,327,-1765,500
2021-07-09,91600,92900,90600,92700,545807,50596308900,-0.1078,-41554,-36474,77640,33192,43762,12365,13210,274,-24749,422,-34,-414
2021-07-12,92700,94000,92500,93300,205543,19177161900,0.6472,-21258,24406,-3430,9852,6506,-12425,2913,0,-10250,-61,343,-26
2021-07-13,93400,95600,93400,95300,406785,38766610500,2.1436,-149798,39449,114672,69546,29108,5225,525,0,11316,-4189,-134,-1048
2021-07-14,94700,94700,93500,93600,312373,29238112800,-1.7838,116808,-96789,-19393,-12988,-1096,-970,-391,-3944,-504,-826,200,500
2021-07-15,93900,95000,93800,94400,252026,23791254400,0.8547,-44185,-29277,68318,47443,3743,-16,945,0,16223,1567,3577,-20
2021-07-16,94000,95100,93800,95000,200894,19084930000,0.6356,-47174,40053,6517,-1513,9689,146,1375,28,-3194,415,189,-14
2021-07-19,93800,94700,93200,93400,324772,30333704800,-1.6842,57011,-11597,-47124,-12999,-89,-35225,-988,137,1540,1251,459,500
2021-07-20,92200,93300,92100,92800,225549,20930947200,-0.6424,4913,-17543,13582,-5221,4507,1043,1843,-1500,12910,105,-1057,0
2021-07-21,93400,93400,91600,91900,274610,25236659000,-0.9698,116871,-8644,-108773,-40802,-68377,-853,-7407,0,8666,404,142,0
2021-07-22,93500,97200,93500,96000,1129634,108444864000,4.4614,-586768,159017,425220,125729,106931,111289,18290,164,63817,4102,-1571,-1000
2021-07-23,95900,95900,93900,94300,282827,26670586100,-1.7708,66946,-33105,-33129,-20497,-5548,-28879,-3810,0,25605,-957,245,0
2021-07-26,94300,94600,93000,93200,247931,23107169200,-1.1665,75984,-14970,-60558,-863,15,-50024,-356,0,-9312,-1144,688,-18
2021-07-27,93800,94700,93100,93700,267954,25107289800,0.5365,-15352,10078,6724,-612,1731,-4016,2108,0,8557,-2395,945,-1044
2021-07-28,93200,94100,93100,93600,177233,16589008800,-0.1067,-1195,-18114,19093,-2563,8493,-4541,7376,0,10328,-75,291,0
2021-07-29,94200,95000,93800,94400,242056,22850086400,0.8547,-51775,16473,33107,13413,9069,-8926,10452,1201,7898,2213,-18,0
2021-07-30,93800,94400,93200,93500,293060,27401110000,-0.9534,16429,-3254,-13653,-521,-2260,436,105,0,-11413,-362,840,0
2021-08-02,93900,94400,91600,92500,419465,38800512500,-1.0695,193100,-92403,-103859,-90416,-16046,1660,-15158,0,16326,2077,1085,-225
2021-08-03,92600,92700,91900,92600,188231,17430190600,0.1081,56266,-44469,-11775,134,1769,-3735,-2694,-83,-7166,-40,18,0
2021-08-04,92800,94500,92300,94100,395585,37224548500,1.6199,-88117,35147,53454,15338,8919,-901,10454,4000,16892,350,-834,-1248
2021-08-05,94100,94700,93700,93900,191249,17958281100,-0.2125,2499,-22326,20466,5111,-3582,2287,303,-7,16354,-721,82,0
2021-08-06,94700,95800,94000,94400,250880,23683072000,0.5325,-26002,21078,6107,-5264,7284,-3673,609,0,7151,-1034,-149,0
2021-08-09,93700,93800,92700,93000,312631,29074683000,-1.4831,139720,-42419,-97885,-91160,11165,-8090,-8180,0,-1620,-141,725,0
2021-08-10,93500,93600,91800,92200,311995,28765939000,-0.8602,117833,-68977,-42436,-21972,7177,-8915,-8491,1040,-11273,-5380,-1040,-2
2021-08-11,91900,92500,91700,92000,192234,17685528000,-0.2169,31495,-30681,-1421,-7125,-700,-2094,388,0,8110,520,87,0
2021-08-12,92000,92600,91800,92200,270345,24925809000,0.2174,11206,-50980,41674,14426,-5009,-3786,-3823,-1171,43590,-1923,23,-2553
2021-08-13,92000,92800,89400,90000,503326,45299340000,-2.3861,129812,-69638,-48380,2711,-6591,-29884,-3066,710,-11950,-12376,582,-310
2021-08-17,90000,90300,86500,86900,495947,43097794300,-3.4444,112057,-21311,-94041,-60206,7218,-9818,-427,278,-36086,1398,1897,5000
2021-08-18,86900,89700,86700,88500,332404,29417754000,1.8412,-27448,12199,15118,11635,3179,-1564,-1095,0,2963,498,-367,0
2021-08-19,87900,88500,84400,84600,634464,53675654400,-4.4068,162777,5155,-164356,-115803,-3581,-19885,-22397,278,-2968,-3424,-152,0
2021-08-20,85500,85700,83500,84300,351585,29638615500,-0.3546,44534,-6513,-42941,-30920,4016,-7751,-1800,0,-6486,3571,1349,0
2021-08-23,85000,85900,84300,84800,266951,22637444800,0.5931,41740,-8141,-37803,-17114,-5086,-9657,-14222,-1064,9340,2494,1710,0
2021-08-24,86500,89200,86400,88600,492903,43671205800,4.4811,-86449,40796,49219,29665,13797,1630,1777,0,2350,-2006,-1560,0
2021-08-25,89700,89700,87600,88200,360474,31793806800,-0.4515,86944,-27217,-59981,-62471,2983,6745,-7028,-2160,1950,188,66,0
2021-08-26,88900,90600,88600,89200,310945,27736294000,1.1338,-9293,-12833,19787,16702,-3550,2205,1517,0,2913,666,1673,0
2021-08-27,86100,89200,86100,89100,276805,24663325500,-0.1121,-25640,26096,-727,-16288,-2759,228,510,1526,16056,-1453,1724,0
2021-08-30,90300,90400,88900,89100,223594,19922225400,0.0,45876,-51430,4049,1581,8261,-4485,-1326,-6030,4352,1409,96,1696
2021-08-31,89100,89800,88400,89800,215382,19341303600,0.7856,29822,-27842,-278,3843,-1387,2583,-637,76,-4756,-1833,131,0
2021-09-01,89300,89800,88600,88900,303474,26978838600,-1.0022,101627,-50061,-47758,2650,5713,-25116,-5625,0,-25495,-3690,-118,115
2021-09-02,89300,89800,88800,88900,275893,24526887700,0.0,51822,-31348,-26543,5487,1525,-10230,-672,-2500,-20273,5732,337,120
2021-09-03,89300,90300,89000,89200,202636,18075131200,0.3375,33022,-33342,48,-1665,173,-450,-4583,0,6573,255,17,0
2021-09-06,89600,89700,88900,89300,188876,16866626800,0.1121,76579,-66739,-9665,-9283,1633,-6849,-8,-272,5064,-122,-53,50
2021-09-07,89100,90000,88800,89900,159608,14348759200,0.6719,6780,-3233,-3030,-2516,-2652,-469,-1526,0,4133,898,-1415,0
2021-09-08,89700,90600,89100,89300,330248,29491146400,-0.6674,704,-49750,49648,21070,1106,-4939,2906,1000,28505,-555,-47,0
2021-09-09,88800,89000,87500,87600,354709,31072508400,-1.9037,103640,-37026,-61947,4590,-12777,-7697,-2164,0,-44079,-4778,111,180
2021-09-10,87900,88300,87300,88300,178162,15731704600,0.7991,21517,-26685,3421,-832,18602,80,-2262,-10000,-2497,581,1166,330
2021-09-13,87700,88100,86000,87000,300834,26172558000,-1.4723,128903,-21637,-108491,13273,-14961,-11957,-28128,-592,-65538,832,393,-588
2021-09-14,87400,91100,87300,90400,688296,62221958400,3.908,-296575,170984,126610,73329,8359,18610,-12835,389,38758,-599,-420,0
2021-09-15,90400,91000,89300,89800,314258,28220368400,-0.6637,62842,16435,-79425,-10708,-14847,-17122,-4369,21,-32475,-5,153,75
2021-09-16,90000,90400,88500,88700,289069,25640420300,-1.2249,114266,-46754,-78680,-27595,-8985,-27569,622,0,-15355,10196,972,202
2021-09-17,88700,89500,88200,89100,272944,24319310400,0.451,57025,-32010,-25685,6050,4817,-14556,-806,-294,-20990,120,550,94
2021-09-23,88400,88800,87600,88500,320862,28396287000,-0.6734,77865,-50125,-29170,10766,-21843,-22265,-6761,-354,11409,1161,269,-122
2021-09-24,89400,91000,88300,88900,411538,36585728200,0.452,9525,-31358,23220,11369,-6531,8547,-240,1,9574,-274,-1113,500
2021-09-27,88400,89700,88000,88600,199549,17680041400,-0.3375,15740,-18079,356,-18168,5727,-302,-2099,0,15198,1269,714,0
2021-09-28,88600,89400,87500,87700,274027,24032167900,-1.0158,80310,-48619,-33123,9463,-15345,-6762,-2221,-4964,-13344,537,895,50
2021-09-29,86500,87200,85300,86500,437633,37855254500,-1.3683,182492,-91520,-93657,-29820,-2704,-14246,-8560,244,-38290,1403,1282,-281
2021-09-30,86200,87000,85700,86600,231468,20045128800,0.1156,59720,-74947,14101,11044,5786,-557,-1488,500,-1184,686,440,0
2021-10-01,86000,86100,84300,84700,372263,31530676100,-2.194,161123,-134962,-27367,-8466,-3388,-736,-1442,0,-14346,987,219,1011
2021-10-05,85500,89400,85300,88400,905160,80016144000,4.3684,-204077,34527,165978,76327,17474,-1905,5292,-244,69034,5655,-2083,0
2021-10-06,89500,92000,88700,89200,1073969,95798034800,0.905,-130564,23924,108885,34515,22501,47726,20472,3510,-21503,202,-2447,1664
2021-10-07,90100,91500,89600,91000,605416,55092856000,2.0179,-78816,18773,56439,4262,-368,3955,2697,4523,41300,3420,184,70
2021-10-08,91000,91100,89400,90700,411395,37313526500,-0.3297,-65957,42932,23129,-13672,11680,5459,3928,0,15748,-628,524,-14
2021-10-12,90700,91500,89500,89700,382941,34349807700,-1.1025,35446,3409,-48681,-33152,1819,301,3417,0,-21066,7518,2308,0
2021-10-13,90100,92700,90000,92300,594247,54848998100,2.8986,-176762,61796,72779,23940,9708,15386,5771,-21,17767,43446,-1259,228
2021-10-14,92300,93000,91700,92500,396035,36633237500,0.2167,-19214,-6,11587,9925,8602,8275,1949,0,-17164,7623,10,0
2021-10-15,92900,93300,90200,92800,361644,33560563200,0.3243,-71984,59711,7125,14279,3066,5493,-18642,1500,1429,4638,510,0
2021-10-18,92900,93100,90900,91600,398519,36504340400,-1.2931,46938,-26998,-25091,4211,-9415,-3337,-5169,0,-11127,4509,642,-254
2021-10-19,92000,92400,90300,91000,406848,37023168000,-0.655,44907,-31111,-18746,-12707,-5222,1000,-8910,168,6925,4870,80,0
2021-10-20,91100,91300,89700,90000,416996,37529640000,-1.0989,40837,-29717,-14431,-15451,798,-318,1828,-520,-35,2309,1002,-733
2021-10-21,89900,90700,89600,89800,232018,20835216400,-0.2222,35364,2550,-39919,-27749,-8326,-1866,371,-227,-1470,1889,116,-652
2021-10-22,89800,90000,88800,89400,222881,19925561400,-0.4454,30423,3523,-35434,-6634,-7520,-13270,-21680,0,13670,665,823,0
2021-10-25,89400,91700,89400,91600,419183,38397162800,2.4609,-49001,16587,31889,20635,-9684,3890,-550,0,17598,1603,-1078,0
2021-10-26,92000,92300,91000,91300,323550,29540115000,-0.3275,51281,-34985,-11762,-10690,-1772,567,2432,216,-2515,-4349,-185,0
2021-10-27,91400,91400,89000,89100,456891,40708988100,-2.4096,205341,-122877,-87069,-17617,-38677,-4896,-1770,-1628,-21846,2463,2142,-635
2021-10-28,88900,88900,87500,87700,517069,45346951300,-1.5713,265555,-204890,-67254,1173,-18372,-1171,-6653,-484,-41747,1633,4956,0
2021-10-29,87700,88400,86800,87400,367934,32157431600,-0.3421,136722,-95871,-42747,7485,-26651,-8071,-1001,0,-14509,1530,366,0
2021-11-01,85300,85400,80100,80600,2765983,222938229800,-7.7803,1711903,-953080,-777641,-277486,-213772,-69944,-72243,-12912,-128159,18463,355,-3125
2021-11-02,81000,82200,80700,80800,876811,70846328800,0.2481,171536,-83958,-89373,-45361,-32786,-3978,-26326,-699,20804,879,916,-1027
2021-11-03,81100,81800,80100,80900,541359,43795943100,0.1238,88932,-66773,-19141,3967,-7890,-13731,-2311,-1554,2378,-2991,-27,0
2021-11-04,81200,81600,80800,80900,477333,38616239700,0.0,66652,-89358,36658,4076,-553,3816,198,0,29121,-13783,-169,0
2021-11-05,81100,81100,79200,80200,684458,54893531600,-0.8653,223633,-43126,-180741,-130928,-14848,-32658,-6910,6000,-1596,-31,265,199
2021-11-08,81800,83400,81600,82600,922602,76206925200,2.9925,-204465,112482,88038,22368,7285,28844,-15158,1200,44099,4275,-330,-600
2021-11-09,82600,83200,81900,82700,394746,32645494200,0.1211,-26008,-114,26240,-13465,180,10671,-2951,0,31805,106,-224,0
2021-11-10,82100,82500,80800,81000,386305,31290705000,-2.0556,63647,-140440,75839,31119,-2508,-144,-3042,0,50414,405,549,0
2021-11-11,80200,81100,80100,81100,376584,30540962400,0.1235,42590,-45213,1879,-64951,-2046,7896,-4387,4100,61267,992,-248,0
2021-11-12,81000,81800,80700,81300,249599,20292398700,0.2466,-28799,11006,18152,4832,-695,3687,-2617,0,12945,-346,-13,0
2021-11-15,81500,82000,80200,81800,323855,26491339000,0.615,-7932,26704,-14367,-27151,-3563,6023,-3036,0,13360,-4541,136,0
2021-11-16,81600,81800,80900,81200,211719,17191582800,-0.7335,28373,-12984,-17222,-8642,-2675,-6849,-1390,0,2334,1447,386,0
2021-11-17,81200,81300,80200,80400,336908,27087403200,-0.9852,64176,-3124,-60918,-12000,-2700,-29100,-3340,0,-13512,-498,364,-266
2021-11-18,80200,80300,79400,79600,333995,26586002000,-0.995,103122,-52850,-52349,-38812,8078,-23612,-761,500,2258,1914,163,0
2021-11-19,79400,80000,78600,79000,544036,42978844000,-0.7538,260180,16998,-279308,-41076,-65235,-79009,-42855,0,-51133,1430,700,0
2021-11-22,78500,78900,78100,78800,314256,24763372800,-0.2532,69654,5813,-77181,-25107,-15887,-791,-5764,-2000,-27452,999,715,-180
2021-11-23,78700,79400,78200,78800,250802,19763197600,0.0,36932,-11173,-27283,-5817,-17855,12341,693,0,-16645,1284,240,0
2021-11-24,78800,79100,78500,78600,201576,15843873600,-0.2538,45001,1498,-42656,-19841,-6450,-118,-2592,0,-13655,-3777,-66,0
2021-11-25,78400,78500,77800,77900,278934,21728958600,-0.8906,80824,-33259,-45628,-15458,-13035,-6806,67,1300,-11696,-2322,385,0
2021-11-26,77600,77800,74100,74900,1015851,76087239900,-3.8511,473481,-63855,-401004,-136466,-115791,-2162,-33041,-2690,-110425,-7746,-876,-429
2021-11-29,71000,73700,71000,72200,673110,48598542000,-3.6048,63862,23214,-82834,-78651,-24843,-1233,-18186,-4500,44795,-4904,662,-216
2021-11-30,72200,72800,70200,70600,931600,65770960000,-2.2161,103277,-55185,-52092,-17832,-5027,702,-9073,-4000,-16862,3604,396,0
2021-12-01,70600,72300,70000,72000,447766,32239152000,1.983,-33855,9378,23262,8052,-12833,45,-5617,0,34612,1035,180,-997
2021-12-02,71000,73900,70800,73500,321662,23642157000,2.0833,-44363,35895,8124,-8658,2960,87,-501,0,24450,-200,544,-10214
2021-12-03,75300,76500,74400,75900,479691,36408546900,3.2653,-74249,-26114,95370,19282,11892,62575,-7888,0,11430,4738,255,-1921
2021-12-06,75900,76200,74500,76000,233985,17782860000,0.1318,24709,-21130,-4525,-7391,1229,-684,-180,0,2893,1108,-162,-392
2021-12-07,77000,78800,77000,77700,464050,36056685000,2.2368,-28214,53753,-26195,-45616,-15,4919,-2228,-250,16995,221,435,0
2021-12-08,78300,78300,76700,77000,367766,28317982000,-0.9009,21039,-26481,1240,-29813,3455,-1021,1949,231,26439,3953,249,0
2021-12-09,77200,78900,77100,78100,433282,33839324200,1.4286,-85616,50695,34572,-6496,-5988,-40916,-417,433,87950,391,-42,6
2021-12-10,77800,77900,76300,77200,319455,24661926000,-1.1524,117656,-10636,-111850,-28253,-7660,-3778,-4314,0,-64345,5276,-446,-3500
2021-12-13,77200,77700,76700,77100,183985,14185243500,-0.1295,-9536,25698,-16866,-4058,-2355,39,-2109,0,-8383,259,445,0
2021-12-14,76300,77000,75600,76600,161175,12346005000,-0.6485,2315,-400,-1501,12841,1792,-2438,38,322,-14056,-408,-6,0
2021-12-15,76200,77100,76000,76300,121144,9243287200,-0.3916,14325,14108,-28662,949,-15029,-10473,835,320,-5264,223,6,0
2021-12-16,76500,77000,75600,76100,176707,13447402700,-0.2621,39770,9441,-47501,-13932,-4478,-5053,-391,0,-23647,-1014,-696,0
2021-12-17,75900,76800,75600,76800,161115,12373632000,0.9198,-40453,46368,-4648,285,-342,-3293,607,0,-1905,-1174,-93,0
2021-12-20,76400,76400,75000,75200,191639,14411252800,-2.0833,51772,-6414,-41944,-12816,-54,-3855,4409,0,-30102,-3182,-232,474
2021-12-21,76000,76300,75400,75700,244294,18493055800,0.6649,-21674,-25051,51059,-1144,6442,300,3434,-200,42227,-4907,573,0
2021-12-22,76400,78000,76400,77700,292162,22700987400,2.642,-105885,40180,65681,7104,30506,22714,11101,-300,-5444,-311,335,0
2021-12-23,78500,79000,76900,77600,247005,19167588000,-0.1287,28340,-38187,9172,1878,-5463,-1554,921,0,13390,329,346,0
2021-12-24,77800,78500,77200,77900,234944,18302137600,0.3866,-19410,26061,45359,10990,7731,-3390,9790,0,20517,-52633,623,-279
2021-12-27,77900,78400,77400,77900,168546,13129733400,0.0,-41684,13617,32255,587,-397,5652,3101,7629,15927,-3871,-317,-244
2021-12-28,78500,78500,77100,78200,225898,17665223600,0.3851,6338,-11593,14498,-6735,-2308,-17128,4482,585,35602,-9266,23,0
2021-12-29,78500,79200,77600,78300,260374,20387284200,0.1279,-10556,-2801,12981,4349,16529,-221,5217,167,-13060,78,298,0
2021-12-30,78100,78600,77400,78000,174843,13637754000,-0.3831,28788,-23756,-5359,541,12416,-433,4538,250,-22327,240,87,-344
2022-01-03,78600,78700,77800,78200,124557,9740357400,0.2564,27042,-9414,-16960,-1059,-580,-6942,1400,-1401,-8378,-573,-95,0
2022-01-04,78700,78700,77500,77700,145830,11330991000,-0.6394,15926,4747,-21281,-5747,78,31,-388,0,-15276,123,485,21
2022-01-05,77600,77800,76600,76900,182149,14007258100,-1.0296,35859,-1037,-34956,2406,-10387,-551,-531,1000,-26893,326,-192,0
2022-01-06,76200,77400,76100,76900,157644,12122823600,0.0,-10616,31972,-21352,6499,-8155,-4083,536,0,-16029,52,-56,-120
2022-01-07,76600,77400,76400,77300,188948,14605680400,0.5202,24671,17480,-42708,-21564,15481,1760,-9499,0,-28691,861,-304,-195
2022-01-10,77100,77200,72500,74400,699036,52008278400,-3.7516,378115,-148154,-235077,-43958,260,-61589,-1985,6434,-133305,4763,353,-934
2022-01-11,74700,75200,74000,74600,297206,22171567600,0.2688,14023,29522,-41742,-16425,-613,-21415,480,0,-3769,-1049,-754,0
2022-01-12,74900,76300,74200,76000,243458,18502808000,1.8767,-74052,51606,29801,-13125,-936,596,-3568,0,46834,-7268,-87,0
2022-01-13,76100,78500,75800,78500,712530,55933605000,3.2895,-146524,25130,120804,-12421,48461,-80789,12107,-2335,155781,982,-392,0
2022-01-14,78000,78700,76600,77400,345615,26750601000,-1.4013,52533,-38137,-16875,14915,1924,-11580,-3115,0,-18801,2224,255,-218
2022-01-17,77000,77300,74700,75100,333985,25082273500,-2.9716,93107,-35934,-57807,-37023,2995,-11830,-4427,0,-7522,-23,657,0
2022-01-18,75000,75800,74200,74300,225607,16762600100,-1.0652,30224,-25369,-4890,4115,3193,301,-574,1400,-13145,273,-238,-180
2022-01-19,73500,75000,72700,73900,350980,25937422000,-0.5384,53036,-10057,-41553,-29929,1052,-4421,543,0,-8798,-832,-594,0
2022-01-20,73800,76000,73000,74500,274611,20458519500,0.8119,59517,-34545,-25071,-23395,2762,20151,-411,0,-24178,64,35,0
2022-01-21,73600,75100,73400,75000,265485,19911375000,0.6711,-43347,11250,31950,-6147,1563,67798,-919,0,-30345,283,-136,0
2022-01-24,74600,75100,73100,73500,332581,24444703500,-2.0,31558,-15716,-18980,-11514,3615,-646,86,170,-10691,2767,371,0
2022-01-25,73300,73400,70800,71300,377909,26944911700,-2.9932,82470,-46863,-38137,-10864,913,-109,966,0,-29043,2187,343,0
2022-01-26,71000,72000,70200,71200,261054,18587044800,-0.1403,10234,-13167,2070,4545,-3687,2569,-6997,0,5640,815,48,0
2022-01-27,71200,71400,69000,70000,568186,39773020000,-1.6854,131555,-43049,-122089,-53852,-32134,6359,-28806,-6042,-7772,33137,446,158
2022-01-28,70000,72300,69000,72000,421519,30349368000,2.8571,-46650,27999,19151,-14369,6170,1515,-119,0,25954,-518,18,0
2022-02-03,72800,73400,71200,72100,376178,27122433800,0.1389,63245,17360,-82334,-14494,2091,4195,-77,0,-74049,1474,255,0
2022-02-04,71500,76900,71500,76600,640799,49085203400,6.2413,-185839,154141,36549,16012,6809,19117,6294,0,-9683,-4521,-330,-2000
2022-02-07,76700,78000,75600,76500,724368,55414152000,-0.1305,-4469,49101,-35478,1610,38033,9501,2809,0,-87431,-9663,509,0
2022-02-08,77200,80100,76600,77700,944471,73385396700,1.5686,-221610,187213,43406,39255,13743,-79131,1088,0,67535,-8604,-405,916
2022-02-09,78400,79400,77800,78900,422719,33352529100,1.5444,-76051,-10992,86327,-564,4531,10826,1094,0,70440,579,137,0
2022-02-10,79900,80400,78500,79800,848493,67709741400,1.1407,-104220,113617,-5454,-3325,3296,-1711,3887,0,-7601,-3547,-396,0
2022-02-11,79000,80400,78400,78800,493505,38888194000,-1.2531,-10874,42279,-32055,-7482,3666,13950,479,0,-42668,1158,-508,0
2022-02-14,77400,79600,77300,78800,381069,30028237200,0.0,-94249,66190,29093,18747,-3047,-3768,-790,0,17951,-2031,997,0
2022-02-15,78700,79400,77100,78300,312626,24478615800,-0.6345,-47898,83631,-22071,-14339,-5105,-18706,96,0,15983,-13807,145,0
2022-02-16,79500,80900,79000,80600,558973,45053223800,2.9374,-219397,78482,143677,23179,8497,24031,5304,452,81201,-2604,-158,1013
2022-02-17,80500,82000,78500,80400,804841,64709216400,-0.2481,-79306,31665,39823,37332,7582,-4781,10377,355,-11555,7065,753,513
2022-02-18,79400,81000,79400,80400,295751,23778380400,0.0,-32037,13902,16903,-2664,-3185,-6846,705,0,28893,1579,-347,0
2022-02-21,79700,81500,79400,81300,370835,30148885500,1.1194,-97120,26139,72397,24640,2652,15922,8869,-125,20439,-708,-708,0
2022-02-22,80400,81600,80300,81300,371878,30233681400,0.0,-82477,35328,48135,13245,2398,25483,3591,3500,-82,-207,-779,0
2022-02-23,81900,82000,80700,81500,238785,19460977500,0.246,-13423,-9949,23424,21111,-4313,-1160,6900,0,886,314,-366,0
2022-02-24,80800,81200,79100,80300,392848,31545694400,-1.4724,-55904,64277,-5242,-19099,-1624,2934,4212,0,8819,-3316,185,-484
2022-02-25,81200,81800,79500,80000,434988,34799040000,-0.3736,78261,-90016,9221,7442,-930,-1066,645,0,3130,1919,615,0
2022-02-28,80000,80500,79200,80500,262246,21110803000,0.625,-34668,8527,24233,5650,11313,-5176,4564,0,7882,2241,-333,0
2022-03-02,80400,81100,79700,80200,309754,24842270800,-0.3727,58414,-43317,-17029,2056,-1776,4985,7802,0,-29973,1950,-18,-123
2022-03-03,80400,81100,80300,80700,217375,17542162500,0.6234,-16722,13084,4466,-5199,6443,6726,6275,0,-9779,-828,0,0
2022-03-04,80700,81800,80300,81200,252504,20503324800,0.6196,-99877,19244,80833,32763,23822,-2,8815,0,13133,28,-228,2302
2022-03-07,80400,81400,80100,81000,337085,27303885000,-0.2463,-65715,-81429,146095,81299,25337,-10626,8026,0,41651,1236,-187,408
2022-03-08,80200,80500,78800,79300,329622,26139024600,-2.0988,-6903,-94118,98937,31704,31298,208,10938,0,24789,2097,-13,0
2022-03-10,80700,84000,80100,82500,897952,74081040000,4.0353,-254154,1743,253010,36858,86055,29221,5091,10733,82799,418,-1017,2253
2022-03-11,82400,85800,82100,85000,942715,80130775000,3.0303,-384328,88871,311086,208190,45054,9061,13037,1190,34554,-14321,-1308,0
2022-03-14,85000,85000,78800,79500,1150533,91467373500,-6.4706,546295,-447616,-101809,-47922,-22739,-22379,-1928,6250,-13091,4391,-1261,0
2022-03-15,78900,79300,77100,77600,712938,55323988800,-2.3899,272808,-211733,-63155,-33934,-12289,2454,-6989,80,-12477,1182,898,0
2022-03-16,78500,80200,77700,79900,640593,51183380700,2.9639,-62806,-18650,81878,5793,41047,-172,-7918,2500,40351,-618,196,277
2022-03-17,80900,81400,79500,81000,459680,37234080000,1.3767,-63277,18031,43313,8536,90,5600,2588,1080,25419,1622,311,0
2022-03-18,81200,81300,79700,79700,364871,29080218700,-1.6049,92092,-42516,-48397,-14438,-9451,124,1829,0,-26461,-1442,263,0
2022-03-21,80300,81500,79500,79700,332166,26473630200,0.0,38440,-50825,8783,5852,367,12960,-1085,-1949,-7362,3541,61,0
2022-03-22,79700,80100,78800,79600,263628,20984788800,-0.1255,80711,-71694,-7494,-10300,5134,-6624,-1269,0,5565,-1311,-212,0
2022-03-23,80000,80000,79400,79900,230356,18405444400,0.3769,34197,-24326,-5807,-4777,-1191,-984,-98,-6000,7243,-3922,-142,0
2022-03-24,79300,79400,78800,79200,246016,19484467200,-0.8761,76110,-41503,-35745,-9774,-4725,-2938,-5346,-6393,-5864,1289,-151,-705
2022-03-25,79500,79800,78800,79500,135742,10791489000,0.3788,-8528,7098,1422,4271,2991,-5624,-1044,50,778,5,3,0
2022-03-28,79100,79400,78200,79200,241625,19136700000,-0.3774,46637,-34201,-12325,-1014,-1942,-6002,-4246,-720,2897,-178,67,-1298
2022-03-29,79500,81100,78900,81100,394533,31996626300,2.399,-133658,71604,63375,17515,16435,5171,1305,1080,21869,-605,-716,0
2022-03-30,81500,81800,80500,80700,312744,25238440800,-0.4932,-9406,-4508,14009,-11622,14105,2102,1521,1450,6453,216,-311,0
2022-03-31,80600,81400,80600,81200,200973,16319007600,0.6196,-38747,28620,12250,403,2254,-16930,7612,754,18157,-1414,-709,0
2022-04-01,81100,84000,80500,83300,787133,65568178900,2.5862,-374657,118258,260067,142477,31084,35995,19869,2214,28192,-3435,-233,236
2022-04-04,84300,85500,83900,84800,600477,50920449600,1.8007,-193705,70777,122865,84184,32926,15438,8459,0,-16406,900,-837,-1736
2022-04-05,85000,85600,84200,84700,386742,32757047400,-0.1179,-110611,86758,21040,18594,-5493,24644,-1138,-991,-15115,3293,-480,539
2022-04-06,84000,85500,83900,85100,271536,23107713600,0.4723,-39639,57362,-10448,4306,4100,-13613,1655,0,-6896,-6838,-437,0
2022-04-07,84700,84900,82900,82900,377557,31299475300,-2.5852,-19116,32293,-13550,7167,-692,-5447,5246,0,-19824,834,-461,0
2022-04-08,82900,83800,81500,83100,228922,19023418200,0.2413,3020,-3927,482,-2564,1399,-3254,-1200,0,6101,384,41,0
2022-04-11,82700,83200,81800,83000,181124,15033292000,-0.1203,978,1543,-2021,5040,3221,-7293,3337,0,-6326,-533,33,0
2022-04-12,82000,82800,81700,82400,215903,17790407200,-0.7229,25270,-32823,7508,-13051,8108,2895,6505,4812,-2367,348,-303,606
2022-04-13,82900,82900,82000,82700,128515,10628190500,0.3641,-6079,-3406,9894,-1327,-2760,335,-1261,285,14016,-382,-27,606
2022-04-14,83500,85000,83200,83400,372786,31090352400,0.8464,-47008,19267,28761,1845,-1078,4964,4985,868,17177,-990,-30,0
2022-04-15,83400,84000,81500,81900,365239,29913074100,-1.7986,163028,-101479,-61532,13015,-12890,-5382,6660,1660,-64406,27,-44,-189
2022-04-18,82100,85100,81400,83800,505559,42365844200,2.3199,-177873,99742,80172,29776,35964,2461,8323,3092,-237,-1740,-301,793
2022-04-19,84000,84200,83100,83600,191162,15981143200,-0.2387,34117,-33260,-930,6651,-2382,270,6531,391,-12391,-27,100,0
2022-04-20,83800,84100,82900,83000,197380,16382540000,-0.7177,33791,-36208,1960,10736,-2072,-886,8935,0,-14753,494,-37,0
2022-04-21,83300,83700,83000,83400,119890,9998826000,0.4819,-31405,15710,15933,8695,-2653,469,873,0,8549,-187,-51,0
2022-04-22,82900,83000,81800,82300,179581,14779516300,-1.3189,58081,-35309,-22504,13671,-2160,-1114,1728,367,-34996,-183,-85,0
2022-04-25,81000,81900,79800,80100,317506,25432230600,-2.6731,105102,-23672,-82115,-12303,-32281,-2419,-2439,-2510,-30017,432,253,-146
2022-04-26,80500,81400,79800,80800,246108,19885526400,0.8739,-3281,-4165,9513,2892,86,-15937,2616,0,19856,-2284,217,0
2022-04-27,78600,80100,78600,79900,227359,18165984100,-1.1139,46062,-15156,-30969,-58298,4987,879,3342,0,18121,152,-89,0
2022-04-28,80000,81400,79900,81300,193030,15693339000,1.7522,-30150,15631,13415,4581,3994,12062,836,570,-8628,1138,-34,0
2022-04-29,81600,81700,80900,81200,164617,13366900400,-0.123,11541,-12114,1454,-5518,-688,2491,-1986,0,7155,-904,23,0
2022-05-02,80400,81300,80200,81000,146520,11868120000,-0.2463,32975,-51599,18705,889,10205,1028,1931,0,4652,-88,7,0
2022-05-03,80900,81100,80400,80500,144487,11631203500,-0.6173,14729,-1003,-10894,-7621,1119,-620,-1974,0,-1798,-2837,5,0
2022-05-04,80300,80400,79300,79500,250454,19911093000,-1.2422,65308,-33947,-26797,-18898,-3696,-887,6626,-500,-9442,-4507,-57,0
2022-05-06,78900,79100,76600,77700,434867,33789165900,-2.2642,174087,-121000,-42184,5483,-42318,-358,2458,0,-7449,-11733,830,0
2022-05-09,77200,77400,75400,76600,345498,26465146800,-1.4157,48321,-55679,7371,5011,-15792,-6961,-1286,-640,29397,-292,279,-2358
2022-05-10,75100,76200,74100,75900,366275,27800272500,-0.9138,59683,-64620,4960,-35699,-19660,-9412,4521,0,68148,75,-98,-2938
2022-05-11,75800,77900,75200,76100,320238,24370111800,0.2635,21842,-6122,-15190,-22973,-3017,-4795,-405,0,16000,-873,343,0
2022-05-12,75500,76500,74600,74700,335152,25035854400,-1.8397,20291,4821,-25724,-45821,-4030,21378,-3360,0,6109,276,336,0
2022-05-13,74700,76000,74600,76000,185912,14129312000,1.7403,5264,18177,-22867,-40486,-5283,218,-1279,0,23963,-178,-396,0
2022-05-16,76900,76900,74900,75100,216763,16278901300,-1.1842,76751,-7073,-65765,-46660,-9300,2962,-5383,0,-6936,-4133,220,-448
2022-05-17,75400,75600,74700,75200,232967,17519118400,0.1332,55697,12649,-70831,-105460,-7948,21054,1323,0,20200,2398,87,0
2022-05-18,75700,76100,75300,75500,196423,14829936500,0.3989,3356,19537,-23163,-14480,-1038,293,-2671,0,-5182,250,20,-85
2022-05-19,74200,74500,73500,73800,414619,30598882200,-2.2517,171352,-20774,-154134,-72857,-23700,-27004,-2243,0,-27186,3048,508,-1144
2022-05-20,74300,74400,73500,74000,334082,24722068000,0.271,114368,16608,-123985,-39257,-44701,-47940,-8122,-100,16177,-7055,64,-42
2022-05-23,74000,74300,73100,74200,212965,15802003000,0.2703,-11189,2932,7444,-12182,-773,12799,-5988,-500,14088,574,239,0
2022-05-24,73900,74500,73300,73500,199982,14698677000,-0.9434,24691,-5843,-21849,-14362,-9030,1224,-2825,0,3144,3025,-24,0
2022-05-25,73800,74600,73300,74100,225703,16724592300,0.8163,-38337,15904,22455,-23907,-13554,25682,-1170,3900,31504,137,-159,0
2022-05-26,74100,75500,73900,74200,188444,13982544800,0.135,-11054,11906,-1589,-7216,-1623,4601,183,0,2466,715,22,0
2022-05-27,75100,75800,74900,75600,217711,16458951600,1.8868,-48510,33152,15705,6174,11307,-7230,-1161,0,6615,-197,-150,0
2022-05-30,76300,77900,76300,77500,333706,25862215000,2.5132,-152680,72821,79012,7487,33708,22159,232,1609,13817,1435,-588,0
2022-05-31,78000,78100,77200,78000,356299,27791322000,0.6452,-75114,74432,1611,1612,7775,4836,-2739,0,-9873,-879,-50,0
2022-06-02,77100,77900,77000,77100,132731,10233560100,-1.1538,21388,4062,-27035,-4084,-3283,4067,-1220,0,-22515,1538,47,0
2022-06-03,78000,79500,77500,79000,296386,23414494000,2.4643,-92719,7241,85577,16262,29598,1129,13762,0,24826,139,-238,0
2022-06-07,79300,79600,78500,78600,233520,18354672000,-0.5063,-20932,39280,-17586,-1323,6010,-86,-330,0,-21857,-657,-105,0
2022-06-08,79100,79500,78500,78700,154398,12151122600,0.1272,-15742,23933,-8142,-4095,1389,-553,826,0,-5709,100,-149,0
2022-06-09,78200,78400,77500,78000,171973,13413894000,-0.8895,-5922,32638,-27174,-3765,-2918,-728,-3375,0,-16385,639,-181,-3
2022-06-10,77300,78400,76800,77300,155618,12029271400,-0.8974,12195,11801,-24109,-3540,-3722,-3299,-802,0,-12746,109,4,0
2022-06-13,76200,76500,74000,74100,324837,24070421700,-4.1397,55462,-23795,-33168,9551,-5577,-32395,-4540,0,51,1322,179,-258
2022-06-14,73100,74000,72100,73400,292814,21492547600,-0.9447,45134,-34587,-12307,9199,-3501,1752,-5293,0,-14344,1807,-47,-120
2022-06-15,73000,73800,72000,72500,244440,17721900000,-1.2262,-12910,-2931,14796,-3736,5232,190,-377,0,13487,1149,-104,0
2022-06-16,73400,73600,71600,71600,227048,16256636800,-1.2414,9294,4641,-16655,-1148,-3008,-3896,-2030,0,-6573,2841,-121,0
2022-06-17,70100,71900,69900,71200,277008,19722969600,-0.5587,5195,-13263,7497,20712,-3030,-795,-841,-3500,-5049,425,146,0
2022-06-20,71600,72100,69200,70100,223466,15664966600,-1.5449,2846,-14913,12072,745,-2316,-18,-1395,0,15056,149,-154,0
2022-06-21,69900,71200,69700,71000,135524,9622204000,1.2839,-28407,5415,21819,1487,2967,1518,204,0,15643,730,443,0
2022-06-22,71100,71500,68800,69200,237425,16429810000,-2.5352,34660,-13892,-21163,-19004,-412,97,61,-1930,25,206,189,0
2022-06-23,68800,69900,67400,67500,303989,20519257500,-2.4566,-34581,11174,28591,-4429,-1325,-2499,-877,0,37873,-5344,160,-152
2022-06-24,67100,69500,67100,68900,181306,12491983400,2.0741,-32097,11681,21051,1134,-1774,5773,-280,-6000,22198,-389,-246,0
2022-06-27,69800,70800,68300,70300,182197,12808449100,2.0319,-25698,30786,-5837,4131,1455,656,467,0,-12546,686,63,0
2022-06-28,70500,71200,69800,70600,137254,9690132400,0.4267,4144,7660,-12379,498,-227,-5536,324,0,-7438,527,48,0
2022-06-29,69700,73900,69600,73700,368977,27193604900,4.3909,-131512,154199,-21410,-8410,8889,-1440,770,-340,-20879,-674,-603,0
2022-06-30,73700,73800,70500,71200,298831,21276767200,-3.3921,29960,10754,-41135,10976,-1780,-28662,-1469,0,-20200,-76,497,0
2022-07-01,71200,71200,68600,68900,350981,24182590900,-3.2303,73293,11104,-85399,-26668,-26488,-24017,-2342,0,-5884,638,364,0
2022-07-04,68700,69300,66500,67800,251171,17029393800,-1.5965,55089,-49161,-6777,-6596,-19006,-1640,-5376,0,25841,904,-55,0
2022-07-05,68000,69800,67900,69000,168847,11650443000,1.7699,-23119,22964,603,-9954,2917,-69,1272,0,6437,-300,-148,0
2022-07-06,69200,69900,67900,68200,186913,12747466600,-1.1594,-8774,21833,-16193,-16839,-1414,556,44,0,1460,2279,855,0
2022-07-07,68800,69600,68500,69200,105071,7270913200,1.4663,-10287,2633,7697,-504,4168,37,3056,0,940,244,-287,0
2022-07-08,69500,70400,69200,69700,123037,8575678900,0.7225,-21660,21751,642,1744,-1970,879,1029,0,-1040,-600,-133,0
2022-07-11,69800,69800,68300,68800,149558,10289590400,-1.2912,22509,21841,-44406,-17825,-15636,-2577,-2820,0,-5548,51,5,0
2022-07-12,67900,68200,66800,67500,176436,11909430000,-1.8895,27132,-7766,-21201,-4781,-13324,-1754,-1225,0,-117,1243,592,0
2022-07-13,67700,69000,67300,68200,143024,9754236800,1.037,-28765,43213,-12378,-23013,-7275,-3870,-697,0,23369,-2096,26,-892
2022-07-14,67600,68800,67600,67900,230850,15674715000,-0.4399,5636,44681,-50307,-36565,-35415,8819,1432,0,11422,-80,70,0
2022-07-15,67900,68300,66700,67600,207552,14030515200,-0.4418,16285,30866,-47974,-12308,-29021,-3296,-324,0,-3025,803,20,0
2022-07-18,69900,71800,68800,69500,411792,28619544000,2.8107,-25659,89719,-63715,-45455,-1688,5036,2316,3220,-27144,-533,188,0
2022-07-19,69100,69600,68500,68600,121104,8307734400,-1.295,24296,-3859,-20104,-4250,-4714,-108,1107,729,-12868,55,-388,0
2022-07-20,69400,69800,68600,69000,189223,13056387000,0.5831,-4321,45696,-41435,19038,-39473,-9740,-4808,0,-6452,10,50,0
2022-07-21,69000,70400,68900,70200,208201,14615710200,1.7391,-86580,79557,6446,3897,-4090,290,12518,0,-6169,362,215,0
2022-07-22,70200,71100,70000,70500,138705,9778702500,0.4274,-26025,27461,-1443,-6522,-679,-460,-718,0,6936,1,6,0
2022-07-25,70500,70800,69800,70300,167875,11801612500,-0.2837,-9151,60128,-51097,-47056,-18033,-1413,-595,421,15579,160,-40,0
2022-07-26,70700,71300,70300,70900,90188,6394329200,0.8535,-25205,22137,3392,-2289,2637,4681,-353,180,-1464,-331,7,0
2022-07-27,71000,71100,70200,70900,106182,7528303800,0.0,-8969,20663,-11632,-24582,-591,-39,73,-20,13527,-10,-52,0
2022-07-28,71400,71600,70100,70800,209043,14800244400,-0.141,28209,87537,-115801,-102830,-6068,165,-895,0,-6173,25,30,0
2022-07-29,71200,71800,70600,71800,206684,14839911200,1.4124,-71173,79954,-8747,-29084,930,9264,195,-4510,14458,253,-287,0
2022-08-01,72500,74200,71900,72700,274222,19935939400,1.2535,-17004,69768,-51078,-25606,-3734,-513,-467,-4539,-16219,-1487,-199,0
2022-08-02,72100,72600,70700,71100,181355,12894340500,-2.2008,33547,-5138,-28334,-12826,-2502,3537,212,-3590,-13165,-77,2,0
2022-08-03,70600,71600,70600,71500,122249,8740803500,0.5626,-1670,21193,-19413,-16885,-6816,-1015,-2913,0,8216,36,-146,0
2022-08-04,71800,72700,71400,72600,186165,13515579000,1.5385,-48039,42230,6116,2203,13688,-390,2630,0,-12015,-295,-12,0
2022-08-05,72800,73000,72200,72600,125905,9140703000,0.0,-1337,23595,-22318,-13056,-13157,55,2502,-214,1552,55,5,0
2022-08-08,72100,73200,71800,73100,162139,11852360900,0.6887,-33299,67698,-34022,-12360,-4646,-923,-16174,0,81,-307,-70,0
2022-08-09,72800,73200,72300,72800,122413,8911666400,-0.4104,1456,24162,-25533,-21481,1270,-1016,-653,0,-3653,-100,15,0
2022-08-10,73000,73200,71300,71500,122542,8761753000,-1.7857,19746,-10518,-9927,-14900,4258,-436,58,0,1093,579,120,0
2022-08-11,72400,73200,71800,73100,185548,13563558800,2.2378,-36230,-329,36529,-13214,3272,10339,485,672,34975,37,-7,0
2022-08-12,72900,73300,71900,72200,163827,11828309400,-1.2312,24235,17437,-41889,-2918,3359,154,-3462,150,-39172,198,19,0
2022-08-16,72200,73100,72000,72800,123435,8986068000,0.831,-40919,30282,10367,-8089,8309,7988,-3630,0,5789,375,-105,0
2022-08-17,73000,73200,72200,72500,97320,7055700000,-0.4121,-3685,5473,-1831,2204,3127,65,-530,0,-6697,75,-32,0
2022-08-18,72200,73100,71300,72200,133118,9611119600,-0.4138,-3743,12866,-8132,3527,8210,-4316,4976,0,-20529,-1089,98,0
2022-08-19,72200,72500,71600,71900,87343,6279961700,-0.4155,11384,-5609,-5891,-7218,2947,10700,-138,0,-12182,132,-16,0
2022-08-22,71400,71800,70600,71700,97651,7001576700,-0.2782,-11351,18377,-7031,-928,3422,-7265,-755,0,-1505,-299,304,0
2022-08-23,71000,71200,69500,69800,182948,12769770400,-2.6499,75525,-20959,-55270,-20826,-11181,-7490,-1939,0,-13834,642,62,0
2022-08-24,70000,71500,68900,71000,194311,13796081000,1.7192,-8279,7119,1431,-11174,13936,-1089,3324,0,-3566,-260,-11,0
2022-08-25,71500,75000,71000,73800,562617,41521134600,3.9437,-262602,134710,128874,25951,41242,18923,29223,0,13305,-422,-560,230
2022-08-26,74100,74300,72800,73000,175544,12814712000,-1.084,14576,-12091,-2507,-21369,18475,721,-14,-224,-96,3,19,0
2022-08-29,70500,72600,70500,71900,188052,13520938800,-1.5068,-5619,-30923,36916,4072,1213,8639,-5499,-406,28897,-448,74,0
2022-08-30,71900,74200,71800,74000,211098,15621252000,2.9207,-69300,-15346,84503,16564,16626,24909,12197,712,13008,246,-103,487
2022-08-31,73500,74800,73200,73800,341057,25170006600,-0.2703,-27998,-64177,90358,16001,33607,28981,10990,735,-24,1748,69,68
2022-09-01,73300,74800,72700,72900,271005,19756264500,-1.2195,-6646,-11302,17981,24202,1085,11641,-3196,0,-15777,-302,269,26
2022-09-02,73500,73600,72000,72400,195603,14161657200,-0.6859,19679,-4075,-17221,-4281,-17725,7815,-9125,0,6634,1398,219,-539
2022-09-05,72100,72800,71300,71700,161013,11544632100,-0.9669,-1950,9732,-7883,-4832,-4654,6158,-8423,0,3868,-18,119,0
2022-09-06,71700,72700,71500,72200,85990,6208478000,0.6974,-10971,-4518,15619,6334,10100,-173,4297,0,-4939,-132,2,0
2022-09-07,71600,72200,69800,70000,218728,15310960000,-3.0471,68014,-43862,-23330,-7798,412,-2096,-13112,534,-1619,-1147,325,349
2022-09-08,71100,71500,70600,71000,163829,11631859000,1.4286,-22365,16016,6180,-56,8385,-3928,-4220,0,5845,170,-1,154
2022-09-13,71800,73500,71800,73000,208316,15207068000,2.8169,-39210,36199,750,22676,-28071,-4197,5350,0,4911,2119,142,81
2022-09-14,70500,72200,70500,71600,138258,9899272800,-1.9178,-1877,-3234,6515,2108,-656,-1816,2377,347,4155,-1419,15,0
2022-09-15,72000,73900,71700,72800,264510,19256328000,1.676,-69879,-1901,72202,7222,4712,58276,1003,0,898,-344,-78,91
2022-09-16,72300,73800,72000,73800,264529,19522240200,1.3736,-53412,11582,41845,-1072,8513,66045,2998,-29,-34590,-12,-3,-20
2022-09-19,74000,74500,72700,73600,247282,18199955200,-0.271,-38620,-34264,58523,-9246,41962,38606,4607,2223,-19629,14449,-88,0
2022-09-20,73800,76800,73500,76800,462647,35531289600,4.3478,-219274,114417,107803,20049,39595,34600,3873,1794,1797,-905,-2041,6095
2022-09-21,75900,77800,75700,76500,345173,26405734500,-0.3906,-86638,-14540,103253,63515,47228,6996,11554,515,-26555,-1731,-344,0
2022-09-22,75900,77300,75100,76500,300485,22987102500,0.0,-58238,-21524,78516,85638,16788,7702,1376,-2483,-30505,1292,-46,0
2022-09-23,76600,76900,74600,75000,306582,22993650000,-1.9608,-17937,-49466,68738,46989,5575,-15160,13531,220,17696,-1204,-131,-113
2022-09-26,74000,74300,71300,72300,293439,21215639700,-3.6,2497,-56078,51276,6974,29199,-1092,3572,359,12264,-549,2854,0
2022-09-27,72200,73400,71500,73400,246317,18079667800,1.5214,-18121,-11054,29518,6328,2092,-2769,4970,0,18897,-219,-124,0
2022-09-28,72700,74500,71500,73100,313578,22922551800,-0.4087,-23836,78962,-57057,-26208,-1328,-24,-689,-2628,-26180,1682,249,0
2022-09-29,73900,75700,72500,72500,267090,19364025000,-0.8208,-11563,-40986,54162,29068,13127,19912,3181,-72,-11054,304,-1917,0
2022-09-30,72100,73100,71500,71900,190032,13663300800,-0.8276,3801,-5662,4539,770,1401,7727,-1338,-266,-3755,-2697,19,0
2022-10-04,72200,75100,72200,74500,266963,19888743500,3.6161,-44585,53527,-9302,18981,1376,-12910,3534,-250,-20034,1178,-818,1
2022-10-05,75000,75500,73200,73900,191016,14116082400,-0.8054,5932,27644,-33397,11120,-2659,-18009,-5645,0,-18205,-125,-54,1
2022-10-06,74300,75900,73500,74800,216474,16192255200,1.2179,-62767,22084,39819,29421,10553,-5027,5129,0,-257,854,10,0
2022-10-07,74800,76000,74400,75800,281959,21372492200,1.3369,-56636,52676,11884,27924,7389,-11418,-487,-325,-11199,-7933,9,0
2022-10-11,74300,75400,72900,73000,188361,13750353000,-3.6939,26094,-28222,1741,26741,4874,-2800,81,0,-27155,464,-77,0
2022-10-12,73100,75200,72600,74100,187011,13857515100,1.5068,-26230,13345,12392,-2890,1360,-1228,5370,0,9780,497,-4,0
2022-10-13,74200,74700,72900,73500,253812,18655182000,-0.8097,-671,-22059,22716,8848,-24075,-12329,-2658,-768,53698,1,13,0
2022-10-14,74100,75100,73700,74300,191863,14255420900,1.0884,-37753,27957,13827,5926,2493,16920,-3383,-553,-7576,-4000,-31,0
2022-10-17,73600,74000,73000,73500,155761,11448433500,-1.0767,31856,11851,-43703,-5233,-4142,-14492,-1453,0,-18383,0,-4,0
2022-10-18,74100,74800,73300,74500,155119,11556365500,1.3605,-25622,12675,12485,1715,-2620,-1752,-353,1119,14532,425,37,-156
2022-10-19,75200,76300,73000,73500,256586,18859071000,-1.3423,39711,-1502,-38459,-19098,-1953,-611,-1265,0,-15532,179,71,0
2022-10-20,73200,74000,72300,73500,266768,19607448000,0.0,-17670,41286,-28729,-14476,-7301,-565,-341,0,-6046,8,5105,0
2022-10-21,73000,73200,71600,72500,203575,14759187500,-1.3605,17128,-6540,-11913,-2209,-6463,3620,1260,340,-8461,1298,27,0
2022-10-24,73200,73700,71700,72000,213310,15358320000,-0.6897,-544,-33319,33865,9534,-7459,9939,-253,0,22104,-3,1,0
2022-10-25,72500,72600,71000,71400,175693,12544480200,-0.8333,25668,-18529,-7549,7390,-8222,-5147,-1344,0,-238,270,140,12
2022-10-26,71400,71700,69300,69700,327498,22826610600,-2.381,78346,-22285,-55439,-985,-25322,-17498,-5809,-492,-5333,-684,62,0
2022-10-27,69700,71100,69700,71100,186205,13239175500,2.0086,-18881,4387,12913,-17944,-10782,6978,-7193,450,41404,1659,-78,0
2022-10-28,70600,71900,70600,71300,118426,8443773800,0.2813,-36057,1716,34468,4196,8569,-5194,541,517,25839,-17,-110,0
2022-10-31,70600,70600,64500,65000,1726316,112210540000,-8.8359,1001943,-570009,-432609,-114632,-86416,-57624,-42350,493,-131371,-1952,2627,-709
2022-11-01,65100,65400,64500,65300,485501,31703215300,0.4615,-35125,48439,-10890,4643,-31837,-31241,-9114,0,56659,-3370,946,0
2022-11-02,65000,65100,63800,64500,699260,45102270000,-1.2251,270727,-73924,-199090,-50687,-65393,-53048,-23633,213,-6434,734,1553,-108
2022-11-03,63500,63800,62600,62700,475057,29786073900,-2.7907,240330,-102768,-138359,-16484,-54260,-28096,-11057,-2294,-26168,2,795,0
2022-11-04,62800,64800,60600,64700,1004134,64967469800,3.1898,-42683,5116,36753,26268,-24597,38514,-5466,-364,3756,989,-175,-1358
2022-11-07,63500,64700,62800,64200,355616,22830547200,-0.7728,-21139,12086,8207,-250,-5484,-5014,171,0,18783,441,405,1
2022-11-08,64800,65800,64400,65600,451103,29592356800,2.1807,-146434,30443,115832,34681,5323,5064,8265,0,62500,1011,-852,-1
2022-11-09,66200,67100,65800,67000,462633,30996411000,2.1341,-155137,71626,85692,14433,4780,7524,-124,140,58940,-1856,-325,-1
2022-11-10,66000,67400,65600,66700,374417,24973613900,-0.4478,14490,-37153,19749,-711,-1438,-11193,-1263,0,34353,1308,1606,1
2022-11-11,69800,73000,67800,72900,1193789,87027218100,9.2954,-566309,310023,255562,89277,43752,25506,21233,110,75323,-2415,3139,361
2022-11-14,72000,72700,71200,72000,435753,31374216000,-1.2346,-61668,108501,-38752,-3849,4637,-21787,2528,-2268,-17302,-3615,-4466,-711
2022-11-15,71700,72900,71600,72900,222714,16235850600,1.25,-52939,24271,30003,6942,6078,-5433,13161,140,9366,-1134,-201,-251
2022-11-16,72900,74000,72300,73600,329694,24265478400,0.9602,-124663,85465,39196,50856,11333,-5979,2234,-2806,-16443,96,-94,1
2022-11-17,73300,74200,72800,73000,173820,12688860000,-0.8152,-37125,55140,-17497,5192,-1174,-6634,-6135,-1759,-6987,52,-570,0
2022-11-18,72700,73400,72000,72400,175103,12677457200,-0.8219,-41546,50420,-8876,3730,7244,-1002,836,0,-19685,2,0,1
2022-11-21,72400,72800,70800,71700,253933,18206996100,-0.9669,-37303,56292,-18664,33,-13727,-20394,-9773,-2166,27363,-309,-16,0
2022-11-22,71200,71600,69300,70000,408051,28563570000,-2.371,26340,26326,-52821,-10832,-10636,-15797,-2241,140,-13394,249,-94,-61
2022-11-23,70500,71000,70200,70600,174499,12319629400,0.8571,-4750,16159,-11359,49,-978,-13631,-205,0,3406,-115,65,0
2022-11-24,71100,71400,70400,70900,101760,7214784000,0.4249,14632,-16352,1462,3866,792,1406,628,134,-5364,56,202,0
2022-11-25,70900,71200,70100,70400,111124,7823129600,-0.7052,6211,23880,-29439,-11176,-2589,-6885,-3311,0,-5478,-448,-204,0
2022-11-28,70100,70700,68700,70400,138560,9754624000,0.0,-11902,7388,6729,1405,1374,-438,-534,0,4922,-164,-2051,0
2022-11-29,70500,73000,70000,72400,359935,26059294000,2.8409,-39912,-21397,58785,95,44356,3717,8244,1724,648,3495,-971,1
2022-11-30,71700,73400,71700,73000,270993,19782489000,0.8287,-69037,46745,20623,10457,6121,2195,24258,753,-23160,1970,-301,-1
2022-12-01,73600,74900,73000,74200,323573,24009116600,1.6438,-136531,93260,50382,1088,12933,2434,2811,0,31116,-4492,-2619,0
2022-12-02,74100,76800,74000,76000,527373,40080348000,2.4259,-276274,160414,128850,28850,51476,26896,4161,-989,18455,-9403,-3587,1
2022-12-05,76500,80800,76500,80000,1080562,86444960000,5.2632,-513629,323049,204155,70166,50234,82823,-11820,-1820,12728,-12423,-1152,1844
2022-12-06,79700,80900,79300,80300,391679,31451823700,0.375,-90564,110785,-18741,-725,8463,12285,-10009,-660,-27938,-1051,-429,-157
2022-12-07,79700,80500,78800,79300,402710,31934903000,-1.2453,-44968,132083,-87419,16183,-17351,-63786,-15468,-548,-6681,415,-111,232
2022-12-08,79300,79300,76700,78700,523100,41167970000,-0.7566,-6799,91636,-84055,-5612,24366,-61783,-1069,-456,-38552,-519,-263,-949
2022-12-09,78700,80500,77600,79600,406513,32358434800,1.1436,-32916,-3253,35021,22824,21505,-8435,-5842,0,4632,1212,-64,337
2022-12-12,79000,79900,77200,77900,265192,20658456800,-2.1357,48955,-19065,-30781,15542,-317,-24766,2578,0,-23909,1126,-235,91
2022-12-13,78400,79300,77300,79100,244165,19313451500,1.5404,-48862,-21083,70954,41493,5311,6503,14265,411,2804,-982,-27,167
2022-12-14,79500,79600,77600,79100,247986,19615692600,0.0,-11777,-14442,25926,38286,-7068,-6687,-3030,243,4370,278,15,-188
2022-12-15,78500,79100,77300,77600,170568,13236076800,-1.8963,-16126,25371,-9267,14812,-13846,-7792,3284,407,-6256,110,-88,124
2022-12-16,77100,80300,77100,80100,493254,39509645400,3.2216,-206566,106190,104879,89394,25624,14925,-14734,-433,-9906,-4144,-359,9
2022-12-19,79500,80100,78300,78900,201118,15868210200,-1.4981,-16587,6174,10900,11468,2647,-2546,6576,505,-7931,-347,-140,181
2022-12-20,79000,79600,78400,79300,175507,13917705100,0.507,-46784,46026,886,16517,3263,3258,7240,0,-29392,-119,-9,0
2022-12-21,79700,80000,78600,79700,207289,16520933300,0.5044,-64702,-368,64241,55196,3709,10245,-7441,716,1790,864,-35,26
2022-12-22,79800,80800,79500,80700,268293,21651245100,1.2547,-110017,21294,89079,73576,9294,5600,-8006,0,8550,-291,-65,65
2022-12-23,79800,81500,79700,80700,414857,33478959900,0.0,-152519,-14780,167653,92390,66971,3899,6908,0,-2515,580,-934,0
2022-12-26,80700,81100,78800,79000,174650,13797350000,-2.1066,5078,-16668,10680,1709,395,1870,3118,0,3447,848,62,141
2022-12-27,80000,84100,80000,82900,934986,77510339400,4.9367,-521654,214631,308648,141947,13705,25465,12867,1589,113105,-599,-1026,-30
2022-12-28,83500,85000,83000,84600,691791,58525518600,2.0507,-304836,190597,116552,138917,23261,1191,-9954,1477,-40325,-1931,-382,1985
2022-12-29,83200,84400,81500,83100,446669,37118193900,-1.773,-54220,14159,40047,37266,9385,-10631,811,0,2966,-415,429,250
2023-01-02,81600,81800,79000,81500,487087,39697590500,-1.9254,6596,42158,-52245,-25355,-16752,10276,-2448,-8,-19096,2820,671,1138
2023-01-03,81300,84000,80600,82800,398361,32984290800,1.5951,-53794,40499,13511,3517,10278,8830,2356,200,-13257,-240,24,1587
2023-01-04,82800,83300,80500,80700,272268,21972027600,-2.5362,61726,6686,-69359,-31661,-13797,-941,-1732,0,-23570,1532,-585,2342
2023-01-05,81000,85300,81000,85000,689395,58598575000,5.3284,-305917,143195,157200,72225,48730,2090,5201,0,28953,6922,-1400,1
2023-01-06,85100,86500,84200,84700,449071,38036313700,-0.3529,-51538,46088,6446,51637,9505,-9363,-4475,-619,-39364,-1210,214,-875
2023-01-09,85400,86900,84200,85500,373029,31893979500,0.9445,-55383,14434,44084,26673,-8912,-8508,-5658,789,39279,-2424,-711,421
2023-01-10,85400,86100,81600,83600,521529,43599824400,-2.2222,26789,39248,-65505,-12209,-26059,-24155,6447,-99,-4732,-557,25,-4698
2023-01-11,83500,84800,83000,83700,323627,27087579900,0.1196,-29640,15341,13651,-25565,1039,8582,4960,0,25165,352,296,-530
2023-01-12,83900,84100,81900,82600,423802,35006045200,-1.3142,10836,31514,-42070,-20337,-20733,-8424,-2277,60,10063,-434,154,-422
2023-01-13,83300,85400,80700,82500,734903,60629497500,-0.1211,56356,188404,-243192,-16663,-13141,-46814,-12833,25,-153768,-1578,10,2
2023-01-16,82600,83800,81800,82300,368427,30321542100,-0.2424,77752,-17962,-59364,-173,586,-22039,-7845,0,-29894,-641,215,1
2023-01-17,82600,82600,80600,81300,464409,37756451700,-1.2151,80825,7330,-88857,-13612,-43870,-191,1561,105,-32885,815,-113,35
2023-01-18,81500,83500,81000,82600,464811,38393388600,1.599,-58027,87595,-30796,24690,-3421,-45289,-1441,0,-4460,1303,-75,-875
2023-01-19,82200,83500,81600,83500,275195,22978782500,1.0896,-19622,26777,-6704,18365,-840,3497,2344,70,-31241,-616,165,1101
2023-01-20,83200,83900,82100,82800,296462,24547053600,-0.8383,48432,-31484,-17448,-28213,-6480,-7524,-480,389,24143,339,161,717
2023-01-25,83400,83600,81800,82200,275376,22635907200,-0.7246,32690,-27021,-2598,-1775,-4644,-2879,-1338,0,6209,-3041,-30,1829
2023-01-26,82200,82700,81500,82300,319123,26263822900,0.1217,27074,1494,-28824,-18418,-6414,-6675,-3019,-75,2853,42,214,2924
2023-01-27,82300,83100,81500,82900,339132,28114042800,0.729,-42198,24476,16614,1964,1782,-5979,182,0,18665,1262,-154,0
2023-01-30,82500,82600,80100,80500,759324,61125582000,-2.8951,268909,-339647,70733,31609,-10193,-27003,2755,-427,68172,-228,233,5820
2023-01-31,80000,81100,79000,79200,526219,41676544800,-1.6149,150171,-81435,-68142,-32888,-27465,-13179,13674,1076,-16230,-764,170,6870
2023-02-01,79600,80200,79200,80000,218209,17456720000,1.0101,31593,-33143,1339,27554,3492,-17821,-2335,140,-9795,142,69,104
2023-02-02,80700,81000,79800,80100,269397,21578699700,0.125,33513,-53244,19651,22092,2907,-164,5766,1965,-13126,-196,276,211
2023-02-03,80100,80400,79300,80200,234041,18770088200,0.1248,3786,-6291,459,-24522,12027,-3081,4981,-689,10620,1716,330,1123
2023-02-06,80200,81500,79800,80300,371171,29805031300,0.1247,-33271,16585,11033,-7469,-8296,-1410,-4641,-495,39669,5571,82,-6325
2023-02-07,80600,80700,79600,80200,294174,23592754800,-0.1245,95153,-93371,-3077,-8437,2150,-162,214,1285,-9128,980,315,11001
2023-02-08,80500,81500,79900,81300,257609,20943611700,1.3716,-55688,8126,46389,-9076,13734,5149,6399,0,30183,1426,-253,0
2023-02-09,80900,84200,80800,81700,593901,48521711700,0.492,-81893,-10783,98033,38644,40450,25807,5956,-82,-12628,-5067,-290,-114
2023-02-10,82500,84800,82100,83200,557252,46363366400,1.836,-103387,23979,79564,25855,20789,42473,4495,110,-14358,179,-335,200
2023-02-13,83800,83800,81200,81600,314578,25669564800,-1.9231,57066,-40820,-21611,-14060,10314,11161,-3364,581,-25117,5399,-34,-1126
2023-02-14,81600,82300,81200,81300,221053,17971608900,-0.3676,25079,-17015,-8106,-4721,-1453,-1415,-4095,182,4154,11,31,-758
2023-02-15,81500,82200,79700,80200,390665,31331333000,-1.353,82260,-42980,-38203,-31601,93,14794,-3675,-714,-16037,-426,-651,-1063
2023-02-16,80800,81400,80200,80800,225695,18236156000,0.7481,14816,-23816,10086,-933,-11974,-2041,4678,0,20356,-976,-110,0
2023-02-17,80500,81200,79900,80500,163947,13197733500,-0.3713,-15728,11602,4400,-699,1427,-116,5400,120,-1732,-179,-95,0
2023-02-20,80700,82400,80500,82100,237694,19514677400,1.9876,-87381,31013,57058,2970,20837,12661,2407,0,19232,-176,-514,-1049
2023-02-21,82400,82500,80500,80800,207742,16785553600,-1.5834,104135,-41644,-61838,-11689,-13436,-5399,1041,205,-32560,-678,25,0
2023-02-22,80100,80200,79200,79500,226993,18045943500,-1.6089,63560,-38883,-25281,2018,-12205,-3405,-882,0,-17678,164,440,6871
2023-02-23,79800,80200,79300,79600,192277,15305249200,0.1258,3560,-42901,38985,956,-10823,28184,1290,517,15861,46,310,3000
2023-02-24,79600,80300,78900,79700,168880,13459736000,0.1256,-13307,-34799,47450,-2914,15094,21109,-1087,150,13639,621,35,1459
2023-02-27,79200,79300,78000,78600,253261,19906314600,-1.3802,3284,-14573,10284,-9499,11776,18731,-3422,1300,-9128,1228,-223,526
2023-02-28,79200,80600,79200,80200,253281,20313136200,2.0356,-32544,-15460,47437,492,27392,30820,-6823,0,345,789,-222,-4789
2023-03-02,80200,80900,79100,79300,293327,23260831100,-1.1222,72962,-53429,-22943,-31409,-1321,26393,441,40,-17088,1389,2021,1
2023-03-03,79500,79600,77600,78000,433490,33812220000,-1.6393,245742,-129941,-120255,-41469,-37949,-16828,-8333,7,-21854,1920,2534,6171
2023-03-06,78300,78600,77700,78400,262016,20542054400,0.5128,-18359,12649,8533,-16934,-1649,2338,5663,67,18963,-2868,45,85
2023-03-07,78200,78200,77100,77400,339315,26262981000,-1.2755,97737,8944,-106363,-2869,-53852,-33892,10898,0,-26666,-301,-17,18
2023-03-08,76800,77000,75900,76700,297852,22845248400,-0.9044,52914,-36283,-17529,-27785,-2930,1154,2022,866,8933,267,631,211
2023-03-09,77100,77400,76200,76900,446241,34315932900,0.2608,38357,25199,-63805,-115797,-19824,13449,1651,-800,57316,184,65,200
2023-03-10,76000,76900,75500,75800,296516,22475912800,-1.4304,30664,-10710,-20304,-7179,8961,-758,493,384,-22205,130,220,0
2023-03-13,75500,76300,74300,75900,274287,20818383300,0.1319,-14070,-18009,32192,-93,9847,20924,870,0,644,-116,3,0
2023-03-14,75900,75900,73000,73200,284361,20815225200,-3.5573,68501,-51642,-17537,-19979,-7096,830,-5122,0,13830,464,214,0
2023-03-15,73900,73900,72200,72500,273209,19807652500,-0.9563,20741,-28566,4639,2864,-417,-401,4356,0,-1763,3049,137,0
2023-03-16,71200,72300,70600,71800,313969,22542974200,-0.9655,3894,48113,-54826,-14746,-7858,-33672,-2156,0,3606,2365,454,0
2023-03-17,72000,73600,71800,73000,268141,19574293000,1.6713,17464,-368,-17213,-35116,-2070,13716,598,0,5658,158,-41,1
2023-03-20,74500,77000,74300,74900,466490,34940101000,2.6027,-64521,-90390,157489,42112,38286,16828,24997,-423,36468,-219,-2359,-779
2023-03-21,75700,76400,74900,76100,234842,17871476200,1.6021,-24915,-14633,38742,12206,12620,4139,3417,0,6360,637,169,0
2023-03-22,76400,77000,76000,76300,187552,14310217600,0.2628,-19101,8982,9982,-1946,5529,4708,8218,0,-6528,195,-58,1
2023-03-23,76000,79800,75500,78900,663852,52377922800,3.4076,-301928,122236,179418,57462,83665,18438,8172,-2540,16222,1243,-969,-2001
2023-03-24,78600,79500,78100,78500,238508,18722878000,-0.507,-35270,9704,22500,10187,-2428,17588,-4576,-1178,-93,2995,71,3000
2023-03-27,79000,79800,77100,79300,302217,23965808100,1.0191,-63630,-30396,93909,25435,30142,61371,6594,1248,-22881,37,80,-8000
2023-03-28,79300,79700,78200,78800,184396,14530404800,-0.6305,25186,82,-25219,3353,-28379,527,-2000,-286,-6435,-136,87,8001
2023-03-29,78900,81100,78800,80800,447077,36123821600,2.5381,-255987,72170,185561,83482,29389,55038,4874,-930,28710,-227,-1517,-15002
2023-03-30,80900,81500,80100,80700,192998,15574938600,-0.1238,-37348,-31608,73479,52373,9008,2811,10409,0,878,-4530,7,-2000
2023-03-31,81200,81900,80200,81500,257079,20951938500,0.9913,-99725,24460,76247,39224,5917,23793,9770,0,1545,-175,-807,-4002
2023-04-03,81500,83200,81100,82500,325804,26878830000,1.227,-133164,19826,119281,418,81007,25854,32418,0,-20417,-5376,-567,1
2023-04-04,82900,83000,81500,81800,202568,16570062400,-0.8485,-19593,-24820,44398,25153,14087,5506,4166,120,-4634,106,-91,0
2023-04-05,82400,83400,82200,82400,253477,20886504800,0.7335,-80976,15178,66883,57723,8453,-12823,9379,0,5152,-774,-311,-1001
2023-04-06,82500,82500,81200,81400,173089,14089444600,-1.2136,-7826,13533,-5489,8523,2757,-7165,2535,0,-12140,-229,11,1
2023-04-07,81500,82400,81200,82100,214510,17611271000,0.86,-45091,36832,10240,17951,1328,-21327,15669,0,-3381,-1964,-17,0
2023-04-10,81600,82500,81300,81900,178469,14616611100,-0.2436,-46373,40870,10614,9445,8204,-5827,7842,-56,-8398,-5329,218,-596
2023-04-11,82000,84400,81400,83500,406883,33974730500,1.9536,-213990,61677,154250,63569,44982,15230,11431,0,19197,-1550,-387,-159
2023-04-12,83500,84500,83000,84400,279998,23631831200,1.0778,-145520,125061,24073,23079,3500,-189,2147,5000,-9064,-3721,107,-400
2023-04-13,84300,84800,83300,83900,260972,21895550800,-0.5924,-14158,-18473,32435,30363,10323,-15544,764,0,6530,188,8,-1
2023-04-14,84400,85000,83900,84400,185648,15668691200,0.5959,-81300,43590,38120,15446,6305,16362,2491,-312,-1254,4,-414,-918
2023-04-17,84700,84800,83100,83500,174779,14594046500,-1.0664,-1144,14653,-13384,10917,-22039,-6310,5413,-466,-1530,-129,4,631
2023-04-18,83400,86800,83000,86500,627907,54313955500,3.5928,-400649,173745,231158,86578,57430,11034,18022,-407,58226,-3910,-344,275
2023-04-19,87000,87300,85700,86500,293302,25370623000,0.0,-66713,6870,60031,26612,5215,4465,9013,-50,14601,-137,-51,175
2023-04-20,86300,86700,84600,85500,197957,16925323500,-1.1561,-14659,5010,8898,11478,7555,-1509,-153,0,-8598,635,116,125
2023-04-21,84300,84400,78200,78700,994274,78249363800,-7.9532,400598,-137118,-262879,-45058,-98710,-32351,4352,-5360,-77936,-789,188,-7816
2023-04-24,78700,79000,77200,78200,352865,27594043000,-0.6353,40328,-13397,-25929,-1196,-19524,1162,-44007,0,38025,-909,-93,-389
2023-04-25,78400,78800,77600,77700,222959,17323914300,-0.6394,11162,-56910,45661,19853,9149,1545,3844,40,11464,371,-284,-234
2023-04-26,77900,80700,77900,79600,333586,26553445600,2.4453,-45708,-70814,115942,47223,20394,5067,13365,390,29503,428,152,0
2023-04-27,80100,80300,78900,79300,149677,11869386100,-0.3769,12232,-19917,6950,37629,3151,-5173,-92,-619,-27404,606,129,-542
2023-04-28,79500,82300,79000,81500,437178,35630007000,2.7743,-185654,30836,156277,63987,30626,30935,5795,0,24956,-313,-1146,-22
2023-05-02,85000,89000,84500,87300,1327666,115905241800,7.1166,-559497,527696,37524,-19860,17338,32241,-9786,-2722,20097,-2906,-2817,216
2023-05-03,86400,88000,84700,85800,392954,33715453200,-1.7182,-38409,33514,11506,-2043,-1838,4551,6884,0,4464,-6372,-239,-512
2023-05-04,85000,85600,83300,84100,244192,20536547200,-1.9814,35549,1563,-36814,-29912,18348,3636,-11036,0,-17912,88,-386,62
2023-05-08,84400,84500,82000,82500,392094,32347755000,-1.9025,89783,51026,-140090,-127979,-10558,-16475,-5480,2391,15978,-513,-206,2033
2023-05-09,82600,83600,81100,81400,260165,21177431000,-1.3333,52644,67046,-119990,-109354,-4604,-4194,954,370,-3237,164,136,75
2023-05-10,81500,82100,80700,81300,246662,20053620600,-0.1229,70477,26940,-95286,-114471,-3052,7387,17682,106,-2939,-2154,23,1
2023-05-11,81400,81800,80300,80600,314091,25315734600,-0.861,78390,26325,-105404,-94190,877,-474,2398,0,-18015,658,31,4000
2023-05-12,80700,81400,80000,80700,193951,15651845700,0.1241,21416,-5201,-16388,-42696,18710,-1738,22585,483,-13732,103,70,0
2023-05-15,80300,81000,79200,80700,152795,12330556500,0.0,8983,-22025,12597,7728,-5577,6470,4123,910,-1217,246,199,160
2023-05-16,80800,81000,79900,80400,150207,12076642800,-0.3717,40146,-35319,-5785,-3838,-287,3548,-628,0,-4581,-64,1022,1
2023-05-17,79900,81800,79800,81700,173295,14158201500,1.6169,-43747,338,43087,8006,9872,10980,134,0,14021,301,21,74
2023-05-18,81800,82500,81000,81500,186399,15191518500,-0.2448,-3021,-20269,21157,12901,895,601,3534,335,2891,2119,14,0
2023-05-19,81500,83100,81400,82500,259501,21408832500,1.227,-93708,6830,89512,18048,16784,11130,3638,0,39912,-1330,-1304,0
2023-05-22,82600,83900,82100,83600,236846,19800325600,1.3333,-96280,-13290,106607,53984,6472,20238,20830,0,5083,2968,-5,0
2023-05-23,83800,84800,83200,83500,235297,19647299500,-0.1196,-50973,-251,52213,15687,12001,17496,-1494,-717,9242,-906,-83,-2
2023-05-24,83200,83200,80700,81900,270375,22143712500,-1.9162,41189,-4637,-37389,-62151,1607,27368,-4881,110,557,-428,1265,1
2023-05-25,81600,82300,80100,80400,258101,20751320400,-1.8315,97644,-6079,-91833,-69955,-8107,7783,-2350,0,-19204,-299,567,0
2023-05-26,80100,81000,79800,80700,226888,18309861600,0.3731,46986,-68081,19846,-8103,7286,29948,442,134,-9861,113,1136,0
2023-05-30,80700,81100,79700,80500,242423,19515051500,-0.2478,15312,31374,-47259,-23836,-5785,7603,-14700,-272,-10270,550,23,1
2023-05-31,79700,80400,76600,77200,746204,57606948800,-4.0994,378293,-232813,-146217,-68922,-48657,26692,-14123,0,-41711,555,182,504
2023-06-01,77600,78600,77600,78400,253787,19896900800,1.5544,-18588,3085,16896,-1961,9117,8641,-882,371,1593,-1431,38,17
2023-06-02,78800,79000,77800,78300,195315,15293164500,-0.1276,47135,-38001,-8522,-18272,4674,2187,-1518,0,3159,-677,65,1248
2023-06-05,78400,78600,77700,78000,208030,16226340000,-0.3831,49037,-68166,18809,-8236,6310,9846,2,209,10678,174,146,0
2023-06-07,78000,78800,77800,77900,181124,14109559600,-0.1282,32187,-48876,15757,-3036,4088,-5988,-339,0,21032,114,818,0
2023-06-08,78200,78300,76000,76300,510865,38978999500,-2.0539,251886,-132196,-120763,-52642,-40639,-27736,-4549,-229,5328,-122,1195,-296
2023-06-09,77000,78100,76500,76900,392795,30205935500,0.7864,60569,-11772,-51160,-39947,1703,-43055,11338,509,18292,1743,620,0
2023-06-12,76600,76600,73700,74100,710129,52620558900,-3.6411,395170,-110204,-286983,-129669,-48503,-64741,-16849,270,-26857,1099,918,-634
2023-06-13,74600,74600,73400,73800,493551,36424063800,-0.4049,227683,-572,-227340,-43174,-30056,-180928,-5098,-75,31991,34,195,0
2023-06-14,73800,73900,73000,73400,249461,18310437400,-0.542,92121,-30582,-59890,-16704,-19768,-15706,-4894,383,-3201,-1842,193,0
2023-06-15,73400,73900,71900,72000,444677,32016744000,-1.9074,169654,-63783,-105503,-18185,-35816,-44704,-5616,0,2449,141,-509,-3631
2023-06-16,72000,74000,71800,73400,481692,35356192800,1.9444,73445,-117091,40995,-2699,12636,-919,2857,0,29273,1911,740,-153
2023-06-19,73700,74600,72800,73200,409872,30002630400,-0.2725,111730,-41753,-71805,-28969,1067,-73121,-812,0,30121,1469,359,-91
2023-06-20,74300,77500,73700,74100,1008490,74729109000,1.2295,54743,-114151,50951,38449,-3145,2026,16666,0,-3011,6957,1500,-34
2023-06-21,73800,73800,72800,72900,323888,23611435200,-1.6194,128449,-97988,-34733,21847,-9729,-36803,548,0,-10544,3312,960,-52
2023-06-22,72900,73300,72100,73100,203798,14897633800,0.2743,41605,-60343,19440,16942,-11366,-770,5569,0,9065,-1660,958,0
2023-06-23,73100,73100,72100,72300,211103,15262746900,-1.0944,73557,-53977,-18925,20592,-1649,-7520,-1045,0,-29303,-662,7,0
2023-06-26,72300,73100,70900,72800,207279,15089911200,0.6916,-2242,-49737,51571,33212,-1294,-47,2451,238,17037,-38,446,-26
2023-06-27,72500,73300,72400,73000,157521,11499033000,0.2747,33650,-48557,14396,30477,-7944,-2660,2024,238,-7739,437,74,0
2023-06-28,73000,74600,73000,74300,300207,22305380100,1.7808,-95851,47856,48179,27999,8491,-8080,3557,821,15242,-304,120,149
2023-06-29,74000,74400,72800,73200,232723,17035323600,-1.4805,59988,-55025,-3893,7181,3205,130,4812,0,-19221,-1235,165,0
2023-06-30,73200,73900,72900,73400,215021,15782541400,0.2732,8886,-47821,38773,25692,9399,-8150,3651,0,8181,120,42,0
2023-07-03,74000,75200,73600,74800,321773,24068620400,1.9074,-83367,-5386,88118,3445,15801,3939,20826,0,44107,1313,-678,0
2023-07-04,74900,75100,72800,73000,309277,22577221000,-2.4064,125430,-48448,-76633,-47647,-8849,2212,464,60,-21625,-59,-290,-1248
2023-07-05,72900,74200,72500,73700,209222,15419661400,0.9589,-3598,-3237,7420,10381,4515,3833,-1958,241,-9592,859,-1444,0
2023-07-06,73800,73900,72500,73400,314171,23060151400,-0.4071,25367,7141,-33013,26331,-50016,4395,2425,-3,-18399,526,-21,2254
2023-07-07,73200,74200,72800,73500,224127,16473334500,0.1362,-19206,11976,9503,24914,-853,-26229,13138,501,-1968,-2012,-261,0
2023-07-10,73600,75700,73500,75400,420333,31693108200,2.585,-181272,53762,127904,40036,34247,14209,14074,0,26238,815,-1209,-900
2023-07-11,76000,76000,74700,75400,208403,15713586200,0.0,-13255,-37881,49697,31315,11444,4629,3116,0,-953,1226,213,146
2023-07-12,75400,76400,75000,76300,363652,27746647600,1.1936,-76526,-17322,93331,32784,22662,22940,1366,0,13579,1016,-499,0
2023-07-13,76200,76600,75200,75400,396477,29894365800,-1.1796,3884,-26216,21598,16970,26735,18717,-8858,-60,-31906,886,-152,0
2023-07-14,75800,76400,75100,75400,221630,16710902000,0.0,-6853,-6012,16313,3333,-1393,-4283,-4019,0,22675,-3415,-33,0
2023-07-17,75000,75900,74500,75400,228359,17218268600,0.0,6264,-25598,17220,-20226,5100,34907,398,0,-2959,1555,559,0
2023-07-18,75600,75600,73400,73600,253230,18637728000,-2.3873,114191,-35221,-78844,-35132,-10061,-5619,-9116,70,-18986,-282,156,0
2023-07-19,73500,73500,72400,72800,296565,21589932000,-1.087,73990,-19872,-53627,-8085,-22801,-26530,-4172,-75,8257,-313,-178,-221
2023-07-20,72400,72800,71700,71900,269834,19401064600,-1.2363,76565,1875,-76800,-20990,-21695,-22124,-7261,0,-4730,-1438,-202,0
2023-07-21,72000,72300,71100,71300,254088,18116474400,-0.8345,103579,-18340,-86322,-40215,-6382,-19906,-2797,0,-17022,627,456,0
2023-07-24,71300,71400,70100,70600,276638,19530642800,-0.9818,59389,11244,-68848,-8258,-56285,-8745,-5109,0,9549,-1500,-285,0
2023-07-25,71000,71200,68700,69000,532032,36710208000,-2.2663,204760,-94173,-108773,-12386,-52440,-20318,1314,299,-25139,-2060,246,-103
2023-07-26,69100,69200,66600,68200,450850,30747970000,-1.1594,14961,-1493,-12138,10976,-23628,-11198,3807,0,7905,-1009,-321,0
2023-07-27,68500,72100,68200,71900,539286,38774663400,5.4252,-192134,83473,108975,17930,51118,7393,3316,0,19718,-500,186,9500
2023-07-28,71800,72700,70600,72300,352237,25466735100,0.5563,-51922,-39937,81323,-628,2821,88998,-1630,-352,-7574,10356,180,-312
2023-07-31,74100,75900,73500,75300,932984,70253695200,4.1494,-346380,258886,87967,47704,16106,44986,-6905,0,-13924,-10,-463,0
2023-08-01,74800,75800,74700,75600,311790,23571324000,0.3984,-116492,52102,66453,8395,2338,51125,-2528,133,6990,-1666,-397,0
2023-08-02,75900,75900,73100,73800,265034,19559509200,-2.381,3788,15740,-17962,5555,-6511,-5234,-22503,0,10731,-1172,-394,0
2023-08-03,73900,74500,73100,73500,185041,13600513500,-0.4065,-2462,21577,-19142,-6663,-8705,13118,-1583,-4,-18011,22,5,2706
2023-08-04,73100,75400,72900,75000,308390,23129250000,2.0408,-84556,12377,71590,10505,31073,35064,7754,0,-12806,781,-192,0
2023-08-07,74500,75600,74200,75100,202113,15178686300,0.1333,-49672,18020,30498,-22802,29818,29468,8928,0,-14914,1567,-413,0
2023-08-08,75200,75300,74400,74500,152605,11369072500,-0.7989,3601,-12232,8571,1796,18673,1241,8688,0,-21827,106,-46,0
2023-08-09,74700,74700,73700,74000,184318,13639532000,-0.6711,3873,34789,-39129,-22216,-5886,3532,-4154,0,-10667,200,267,262
2023-08-10,80600,87400,78600,86800,5665204,491739707200,17.2973,-1516943,888310,639993,352256,52866,97971,4202,-5514,137996,-2719,-8641,216
2023-08-11,88500,91200,86300,89200,2986868,266428625600,2.765,-386432,113462,279846,198160,13025,29536,-1996,-351,39559,-9219,2343,1913
2023-08-14,90000,93200,89900,91000,2184833,198819803000,2.0179,-425564,194433,229364,148981,35576,38759,-1101,-791,5449,1216,551,2491
2023-08-16,90000,91000,87200,90400,1209664,109353625600,-0.6593,-48723,-38746,84712,71949,20491,-10246,11262,-300,-9295,2019,738,851
2023-08-17,89100,89800,86500,88900,854955,76005499500,-1.6593,-164851,9884,153732,13515,10040,88591,282,-47,39563,719,516,1788
2023-08-18,88100,90800,87000,87800,942180,82723404000,-1.2373,-41260,106769,-59383,8420,-12225,-16301,1492,-140,-40629,-5641,-485,0
2023-08-21,87100,88500,85000,86200,634647,54706571400,-1.8223,-71865,32369,36744,51396,4161,-35493,-1505,0,13569,2797,-45,4616
2023-08-22,86800,87800,85400,85800,385168,33047414400,-0.464,-26889,-2170,27745,21004,-4375,-6253,-542,50,15861,1591,-277,2000
2023-08-23,85800,87000,85300,85600,296366,25368929600,-0.2331,-13205,-18665,32486,14903,4564,7822,4270,-113,1202,-322,-294,-162
2023-08-24,86100,87500,85100,87100,503746,43876276600,1.7523,6724,-164327,152883,23290,20226,98642,4381,-660,5004,5692,-972,2000
2023-08-25,87000,89700,86600,88500,681267,60292129500,1.6073,-59176,-47535,104884,66121,28684,22763,-4578,868,-8974,1630,197,0
2023-08-28,91000,94000,89600,89900,1374396,123558200400,1.5819,-136703,-61798,202421,25110,68621,78519,-14814,-2230,47081,-3051,-869,134
2023-08-29,90800,90900,87500,87600,563340,49348584000,-2.5584,35160,-121226,84115,15175,18839,48265,-4892,0,7978,1481,470,-1250
2023-08-30,87800,88500,87100,87600,413453,36218482800,0.0,-13502,-63729,76215,33102,-1485,15831,4461,0,24456,830,186,-150
2023-08-31,87400,89200,85900,88200,644303,56827524600,0.6849,-46446,-91684,142870,3813,34301,69901,18996,0,14359,-3003,-1737,1500
2023-09-01,88700,91000,87900,88200,536712,47337998400,0.0,-11503,-7137,15816,-21177,41988,18910,2428,0,-26333,2388,436,0
2023-09-04,88500,88900,86700,88000,333748,29369824000,-0.2268,-23562,8183,14595,34861,-5879,-19463,-666,0,5031,1001,-217,711
2023-09-05,88200,90300,88000,88400,318749,28177411600,0.4545,-24751,917,23817,23793,7917,1092,6177,0,-15163,-17,34,1
2023-09-06,88600,89900,87800,88900,361877,32170865300,0.5656,-44965,-17185,69194,49897,7253,-752,11856,0,990,-7129,85,-50
2023-09-07,88500,89400,86700,86900,365091,31726407900,-2.2497,-39519,20455,22623,16956,2843,1915,627,0,429,-3695,136,-147
2023-09-08,87300,88100,86600,88100,247342,21790830200,1.3809,-53164,19205,35916,22772,8036,-9577,-173,0,13860,-1614,-343,998
2023-09-11,88300,90500,86600,89900,521450,46878355000,2.0431,-56188,-32466,87822,3294,88795,29872,2420,597,-37155,751,81,-1
2023-09-12,89900,89900,86800,87000,345827,30086949000,-3.2258,129941,-126772,-3463,2812,14026,951,3375,0,-24628,334,-40,1
2023-09-13,86700,87500,85500,86200,283696,24454595200,-0.9195,36153,-38390,4582,9070,-3151,-6287,5924,0,-974,-2187,-158,0
2023-09-14,86600,87800,86200,86200,280851,24209356200,0.0,13036,-10601,2146,22647,-12580,-16308,3640,0,4747,-4565,-16,0
2023-09-15,86900,89300,86700,88100,418586,36877426600,2.2042,-95054,4865,90907,5006,41030,-21009,24714,114,41172,-693,-25,-120
2023-09-18,87900,91200,87500,90100,550023,49557072300,2.2701,-215933,86578,129129,12349,68106,22775,7423,600,15886,1316,-1090,1990
2023-09-19,90300,90500,88700,89300,229526,20496671800,-0.8879,-13041,1930,12391,8188,6564,-10583,4899,0,3322,-1281,1,1
2023-09-20,89300,89400,87100,88300,275857,24358173100,-1.1198,17870,-51648,34480,25294,2342,-13452,2808,0,17488,-688,-14,0
2023-09-21,87900,87900,84800,86000,459989,39559054000,-2.6048,137811,-91137,-41300,-476,-19034,-10510,2394,0,-14394,-5515,141,720
2023-09-22,85000,85500,84000,84700,341734,28944869800,-1.5116,65616,21358,-89534,-9230,-3391,-83063,2645,-1832,5142,2572,-12,195
2023-09-25,84400,88200,84400,87100,427890,37269219000,2.8335,-68153,49638,19089,1682,16348,-2921,4762,0,-3982,-438,-136,3200
2023-09-26,86400,86400,82600,83300,468760,39047708000,-4.3628,80110,14804,-92618,-5802,-9210,-38486,-4395,-854,-33872,-2173,-123,1
2023-09-27,82700,85000,82500,84700,273661,23179086700,1.6807,-40812,-34126,73282,-7884,45571,18300,4145,0,9150,1738,-82,4000
2023-10-04,83200,83400,78800,79100,676659,53523726900,-6.6116,112675,57603,-170681,-32837,-22346,-117941,2463,61,-2118,-217,620,2037
2023-10-05,79600,80900,78500,78600,251774,19789436400,-0.6321,-23878,-2307,26423,-4751,12440,-4315,520,0,22529,-160,-78,0
2023-10-06,78400,79400,76800,77300,372039,28758614700,-1.6539,43694,49513,-92405,-35413,-1542,-61828,2112,101,3409,-841,39,756
2023-10-10,77000,77100,72200,72500,921503,66808967500,-6.2096,224243,-71080,-168483,-97096,1648,-5959,-30075,291,-38532,6458,8862,1240
2023-10-11,73700,74000,72600,73000,469562,34278026000,0.6897,112883,-88988,-23070,-5228,20645,-34433,6855,581,-11490,-924,99,0
2023-10-12,73300,74000,72600,72900,465477,33933273300,-0.137,46420,119064,-163384,-35325,-16706,-1297,-448,0,-111326,-283,-1817,1718
2023-10-13,73200,73300,71500,72000,363394,26164368000,-1.2346,143724,-98589,-50893,-13498,2029,-20915,-10516,0,-5352,2313,3445,-2641
2023-10-16,71300,71400,69800,70400,482113,33940755200,-2.2222,67531,-48938,-15194,-13971,15175,-6301,-8658,217,14082,-3741,342,-15738
2023-10-17,70700,71600,70400,70500,279338,19693329000,0.142,50960,-63816,7058,31045,-3866,-19153,63,1415,-2446,-249,6047,0
2023-10-18,70900,71000,69700,69800,326701,22803729800,-0.9929,117392,-111693,-102,10254,4924,-17886,3575,97,-212,-4595,-1002,-854
2023-10-19,69300,69400,68400,68600,390093,26760379800,-1.7192,26748,-8538,-15490,6679,5042,-16822,873,0,-11262,-75,-2645,0
2023-10-20,67800,68400,66800,67900,378571,25704970900,-1.0204,107637,-65552,-42855,14737,-39983,-9879,-2702,0,-2807,596,174,-2221
2023-10-23,67900,69800,67500,69400,271173,18819406200,2.2091,-12670,-35827,49937,8867,19387,9060,10585,0,-1362,-448,-992,3400
2023-10-24,69900,70800,68500,70600,321340,22686604000,1.7291,-4038,-72157,85661,39458,33618,2408,6787,0,-2929,-114,-9352,6319
2023-10-25,70700,72500,70600,71600,478988,34295540800,1.4164,-61155,-49605,106605,24882,48493,30029,5855,0,-7654,4182,-27,5000
2023-10-26,70200,71300,69200,69900,368629,25767167100,-2.3743,73785,-66891,-8712,-12282,19769,-15096,-1112,0,818,1515,303,-809
2023-10-27,70300,71100,67600,68500,670349,45918906500,-2.0029,100697,-62779,-41257,18220,-7048,-66672,3073,635,5869,2660,679,4666
2023-10-30,61000,61200,57900,60800,2286287,139006249600,-11.2409,768558,-302854,-485958,-130493,-172121,-72672,-15145,-914,-93887,13572,6682,-726
2023-10-31,61400,64100,61200,62300,843929,52576776700,2.4671,-99827,142721,-40302,5865,-37183,-15160,-17177,0,23342,-1878,-714,11
2023-11-01,62600,62800,60200,61300,679945,41680628500,-1.6051,175942,-104530,-75359,-47805,-29481,-15303,-13266,0,30554,2788,1159,-58
2023-11-02,62100,62800,61500,61800,372942,23047815600,0.8157,67228,-40191,-25557,-25970,3084,195,-8128,-62,4868,-835,-645,456
2023-11-03,62300,65600,62300,65000,803886,52252590000,5.178,-106587,30220,72516,-21706,15406,16018,9346,-2424,55787,3835,16,89
2023-11-06,70900,70900,66600,68800,1435719,98777467200,5.8462,375325,-106757,-292768,-25355,-199365,-25594,-11317,0,-30124,25221,-1021,-1013
2023-11-07,69000,70600,65600,66700,849454,56658581800,-3.0523,191903,-80994,-112069,-38529,-2448,-8477,-9640,-3413,-49468,1027,133,-94
2023-11-08,67400,68700,66600,67000,545126,36523442000,0.4498,-13122,43112,-28293,-38334,33418,-4467,-2115,465,-17260,-1892,195,0
2023-11-09,66900,67500,66000,66900,354387,23708490300,-0.1493,-9407,24831,-11767,-21414,2991,-8994,2837,0,13507,-3204,-453,-694
2023-11-10,66300,66700,65100,65300,337967,22069245100,-2.3916,125734,-6662,-115797,-70323,-8694,-17948,-6828,0,-11219,-3416,141,-785
2023-11-13,65800,66100,64400,64500,226406,14603187000,-1.2251,42637,6698,-46492,-22487,-7970,-15756,-239,0,-41,-2950,107,1
2023-11-14,64900,65800,64700,65500,228188,14946314000,1.5504,14533,17617,-31921,-16606,-9151,-10064,-8852,0,12752,-115,-114,0
2023-11-15,66500,67900,66200,67700,452574,30639259800,3.3588,-123680,127195,-2784,-5857,-11496,-6059,-732,0,21360,-717,-14,0
2023-11-16,67800,68000,66800,67000,250378,16775326000,-1.034,75889,-35891,-43703,-32271,183,-6244,-293,0,-5078,3575,130,0
2023-11-17,67000,67000,65600,65800,289036,19018568800,-1.791,137872,-72774,-66357,-41635,-11052,-11829,930,0,-2771,705,554,0
2023-11-20,66000,67300,65700,67100,266319,17870004900,1.9757,-20976,8427,12641,2747,3987,-6964,1423,0,11635,-541,449,-187
2023-11-21,67400,68800,67100,68500,472175,32343987500,2.0864,-105943,137363,-28527,-35283,12584,-14551,5552,362,2809,-3118,225,0
2023-11-22,68000,68700,67700,68100,242479,16512819900,-0.5839,58453,-5221,-56105,-18232,-25072,-2994,-4103,444,-6148,1601,1272,0
2023-11-23,68100,68100,66900,67300,231779,15598726700,-1.1747,122567,-19241,-103715,-41955,-30610,-15958,-11539,0,-3653,22,367,0
2023-11-24,67300,67300,66300,66500,252571,16795971500,-1.1887,132209,-20914,-112512,-58299,-30787,-5134,-19185,3217,-2324,804,413,0
2023-11-27,66700,67100,66200,66800,181813,12145108400,0.4511,50389,-14694,-33361,-22860,-8974,-5639,-1242,0,5354,-2188,-146,0
2023-11-28,66700,67000,65300,65400,447792,29285596800,-2.0958,263912,-115881,-149990,-55744,-78999,-8076,-19946,0,12776,1278,681,-1
2023-11-29,65400,65700,64300,64600,354639,22909679400,-1.2232,125157,-45088,-81227,-60250,252,-8325,-5638,0,-7266,807,351,0
2023-11-30,64600,66100,64500,65600,532943,34961060800,1.548,36296,42042,-79600,-64465,-5664,-10205,-1460,1341,853,1170,92,0
2023-12-01,65500,66000,65200,65300,236325,15432022500,-0.4573,-6322,47695,-39515,-25308,-1958,-4706,-151,0,-7814,-2107,249,422
2023-12-04,65300,65600,64600,64900,180659,11724769100,-0.6126,32749,10652,-44478,-30320,-1779,-7903,1045,0,-4683,945,132,-838
2023-12-05,64600,65200,64300,64800,203628,13195094400,-0.1541,12803,41900,-54094,-40113,2262,-2248,-7581,0,-6414,-650,41,0
2023-12-06,65000,65400,64700,64800,162228,10512374400,0.0,20108,-3847,-14175,-13912,-2491,619,-3590,0,5199,-2084,-2,0
2023-12-07,64800,64900,64300,64400,142291,9163540400,-0.6173,39404,-5566,-32154,-25047,-77,0,-1304,0,-5726,-1319,-365,0
2023-12-08,64600,64800,64100,64300,221555,14245986500,-0.1553,77576,-20909,-58961,-41503,-14522,-2417,-5971,0,5452,393,1901,0
2023-12-11,64600,65000,64300,64800,255578,16561454400,0.7776,-21647,20696,-889,-3325,-837,347,-253,365,2814,1924,-84,0
2023-12-12,65100,65400,64800,65000,151769,9864985000,0.3086,-2025,8474,-6523,-21085,187,1363,-1237,0,14248,-131,205,1
2023-12-13,65000,65300,64300,64400,167640,10796016000,-0.9231,49436,-26301,-23326,-30299,-2118,16384,-3321,-2315,-1657,132,59,0
2023-12-14,64900,65800,64700,65600,300341,19702369600,1.8634,-86013,21923,61435,6154,31735,12075,-3596,0,14851,2667,-12,216
2023-12-15,65500,66200,65500,66000,203230,13413180000,0.6098,-15918,215,16505,-11646,25569,211,-1851,0,4222,-803,1,0
2023-12-18,65800,65900,65000,65500,220873,14467181500,-0.7576,93304,13720,-105990,-34869,-25374,-28917,-7751,175,-9074,-2083,1049,-180
2023-12-19,65000,65800,65000,65700,162752,10692806400,0.3053,-20864,26714,-3991,2907,-10126,2174,-499,0,1553,-1698,-161,0
2023-12-20,65800,66200,65300,65800,236695,15574531000,0.1522,62436,-14351,-51627,-38666,-14960,162,-9456,138,11155,2181,1361,0
2023-12-21,65300,66100,64900,65200,263799,17199694800,-0.9119,121145,-11196,-112590,-43739,-15756,-5735,-43922,0,-2489,2707,-66,-949
2023-12-22,65100,65200,64600,64700,229912,14875306400,-0.7669,44332,14009,-56466,-17524,-10940,-12288,-9095,0,-6620,-1989,114,1
2023-12-26,65100,65100,64500,64800,203247,13170405600,0.1546,51615,2090,-56987,-31098,-18634,-4392,-910,0,3138,3114,168,-5091
2023-12-27,64600,65000,63900,64300,207561,13346172300,-0.7716,65326,-1822,-63391,-27461,-17547,-5821,-8674,0,-3479,-269,156,-409
2023-12-28,64400,65400,64300,65400,230139,15051090600,1.7107,-49063,83058,-31392,-50951,10958,-294,-3760,176,13006,-844,-1759,-527
2024-01-02,65200,65800,64800,65600,176096,11551897600,0.3058,-19549,25240,-5249,-14581,6325,-16,597,250,2221,-43,-399,-45
2024-01-03,65300,65400,64400,64500,246671,15910279500,-1.6768,113362,-44948,-69194,-4385,-43681,3516,285,-1640,-23289,487,293,0
2024-01-04,64200,64600,62600,63200,424659,26838448800,-2.0155,301289,-174704,-132373,-47560,-56062,-942,-13594,0,-14238,5057,731,23
2024-01-05,63300,63500,62500,62800,272265,17098242000,-0.6329,127727,-9493,-122260,-45543,-2800,-44148,-22028,0,-7742,3071,955,1
2024-01-08,63000,63300,62200,62300,213502,13301174600,-0.7962,101769,-1027,-102060,-79690,-6552,-1347,-8398,0,-6073,906,412,0
2024-01-09,63000,63300,62400,62900,230087,14472472300,0.9631,25076,42590,-68111,-54801,-17,-4674,-14202,0,5583,503,-58,0
2024-01-10,62500,63100,61600,61800,285994,17674429200,-1.7488,178122,-42995,-136688,-107082,-12932,-1563,-7712,0,-7400,712,849,1
2024-01-11,62100,62400,61400,62000,282354,17505948000,0.3236,38243,-1594,-45506,-42415,15912,141,-5321,0,-13845,8606,251,22
2024-01-12,61900,62000,60600,61000,341210,20813810000,-1.6129,221075,-30837,-191364,-101042,-53365,-18301,-20721,0,2492,701,425,-427
2024-01-15,60800,60900,60000,60500,260000,15730000000,-0.8197,74873,19081,-90642,-72369,-17850,1373,-928,0,8132,-3198,-114,-9000
2024-01-16,60100,60500,59100,59100,376030,22223373000,-2.314,198938,-19741,-179261,-71997,-48972,-11875,-17834,0,-28585,-984,1048,2
2024-01-17,59000,59500,57200,57400,457428,26256367200,-2.8765,225995,-105119,-124957,-68709,-27491,-12198,-12605,-1341,-2645,3330,751,32
2024-01-18,57400,58500,57100,57500,281011,16158132500,0.1742,106553,23798,-130565,-79701,-24480,-4303,-11744,0,-10337,298,-84,0
2024-01-19,57800,58500,57100,57500,282805,16261287500,0.0,103281,-25139,-86283,-48737,-19574,-106,-9497,0,-8369,8664,-523,0
2024-01-22,57500,58600,57000,58600,234359,13733437400,1.913,5443,27801,-35791,-26838,-10780,-3841,-6923,0,12657,2882,-335,-66
2024-01-23,58400,60000,58000,59600,247792,14768403200,1.7065,-15349,10480,5908,-12028,6744,1945,49,0,9198,-1133,94,0
2024-01-24,59800,59800,58800,59400,133028,7901863200,-0.3356,16662,10382,-25304,-16715,-11125,-2414,-916,0,5866,-1577,-163,0
2024-01-25,59600,59700,58700,59500,138076,8215522000,0.1684,13953,16300,-26508,-16140,-13723,1671,-768,0,2452,-3724,-21,0
2024-01-26,59600,60600,59100,60100,200595,12055759500,1.0084,-43926,51082,-6977,-17190,11680,-980,570,0,-701,-41,-138,-356
2024-01-29,60500,60500,58100,59500,406742,24201149000,-0.9983,98632,-17215,-83931,-47997,-10447,893,1339,232,-27952,1389,1125,1
2024-01-30,59900,59900,58600,58700,327637,19232291900,-1.3445,147978,-47204,-106150,-66042,-39628,1466,-939,0,-1007,4697,679,0
2024-01-31,58500,58700,57600,58300,252482,14719700600,-0.6814,99970,-7144,-92900,-78285,-829,-1764,-7046,0,-4976,-949,1023,0
2024-02-01,57800,59200,57800,58900,267149,15735076100,1.0292,31279,38219,-71094,-75476,-8467,2094,1493,130,9132,1458,138,0
2024-02-02,59000,60300,58600,59700,302861,18080801700,1.3582,-30779,9092,21927,-6499,5529,5298,-981,0,18580,-238,-2,0
2024-02-05,60000,61300,59100,60500,352136,21304228000,1.34,-37779,28233,9352,12098,-76,5798,-1193,215,-7370,1489,-1295,-120
2024-02-06,60600,61400,60200,60800,369972,22494297600,0.4959,-18565,-24251,43814,31997,-44839,3759,-2994,0,55895,-627,-371,-4
2024-02-07,60800,61800,60400,60900,262608,15992827200,0.1645,20603,-29498,8800,-36974,10739,-726,7187,171,28154,212,-117,249
2024-02-08,60900,61700,60300,60600,415068,25153120800,-0.4926,33004,46893,-80268,-58237,35864,3345,24668,0,-83932,-31,402,-1976
2024-02-13,61000,61000,59100,59300,527771,31296820300,-2.1452,210579,-63843,-146455,-88182,-41135,-1084,-26026,0,9972,465,-746,0
2024-02-14,59000,59800,58700,59100,215318,12725293800,-0.3373,84852,467,-91080,-47853,-12087,-1266,-1353,582,-28172,5506,255,-931
2024-02-15,59600,59700,59200,59300,148773,8822238900,0.3384,29314,688,-9948,-5069,-2499,-338,-1139,0,-239,-19990,-64,-664
2024-02-16,59900,60700,59500,60700,228332,13859752400,2.3609,-89355,78874,11198,98,-3758,11296,287,0,3275,-593,-124,0
2024-02-19,60700,61800,60600,61500,302978,18633147000,1.318,-104362,50545,54703,5798,5936,373,-199,1348,41447,-611,-275,0
2024-02-20,61300,61400,60300,60500,158624,9596752000,-1.626,52514,-27121,-25698,-16489,-2671,-1010,-1305,0,-4223,-197,502,0
2024-02-21,61000,61800,60800,61300,272283,16690947900,1.3223,-66916,15374,49305,35570,13986,-4570,3267,278,842,2598,-361,-68
2024-02-22,61800,61800,61000,61000,144605,8820905000,-0.4894,18026,-33732,15057,9246,9185,-796,-1131,0,-1447,500,149,0
2024-02-23,61000,61200,60500,60700,207462,12592943400,-0.4918,16100,-56349,40491,11148,2103,-972,8084,260,19868,113,-355,0
2024-02-26,60700,61100,60500,60500,196460,11885830000,-0.3295,14519,-55220,41292,17527,5582,-178,4425,0,13951,-482,-109,-15
2024-02-27,60400,60800,59800,59900,240413,14400738700,-0.9917,64299,-86733,21671,3900,7710,-1518,-717,0,12295,622,141,1
2024-02-28,60200,61900,60200,61700,500375,30873137500,3.005,-179702,85803,91710,2714,15666,8150,565,0,64615,3314,-1125,0
2024-02-29,61300,62000,60100,60100,3520750,211597075000,-2.5932,103071,-264744,147954,32927,-354,56020,6861,0,54659,13510,209,-2159
2024-03-04,60800,61400,59400,59400,676644,40192653600,-1.1647,272378,-256234,-7154,17492,-4416,-41819,5106,0,16482,-9418,428,1
2024-03-05,59500,60000,59100,59100,338208,19988092800,-0.5051,103468,-108807,5217,-25587,15298,-238,214,0,15530,-320,442,0
2024-03-06,59100,59500,58900,59200,187501,11100059200,0.1692,36236,-19306,-12505,-6122,-247,-236,313,-318,-5895,-4281,-144,0
2024-03-07,58700,58900,58000,58100,394752,22935091200,-1.8581,190598,-167685,-30066,17601,-17066,-3995,2681,0,-29287,5773,1380,0
2024-03-08,58600,58700,57400,57900,386285,22365901500,-0.3442,144150,-164032,16287,2008,-9233,-294,3084,0,21358,566,3029,-636
2024-03-11,58400,59400,58200,58900,322442,18991833800,1.7271,-19403,37777,-18795,-17360,2098,-11,1080,0,-4602,87,334,0
2024-03-12,59300,60200,58800,59400,321199,19079220600,0.8489,-8480,-14212,22495,2522,13556,51,945,0,-5218,132,65,10639
2024-03-13,59500,59600,58800,59000,225988,13333292000,-0.6734,52517,-76202,23601,2846,16381,9758,695,-324,-12255,71,13,6500
2024-03-14,58800,59500,58200,58200,458576,26689123200,-1.3559,170528,-98506,-67623,25074,2907,-4748,5148,0,-95964,439,-4838,-40
2024-03-15,58200,58400,57600,58000,344970,20008260000,-0.3436,138712,-69246,-70131,-36560,-3827,175,3252,0,-31885,-40,705,-1286
2024-03-18,58100,58200,57500,57800,250740,14492772000,-0.3448,159225,-92238,-62813,-15629,-38143,470,-3567,0,-5944,2893,-7067,0
2024-03-19,57700,57800,57200,57200,304879,17439078800,-1.0381,164125,-119222,-46941,-6903,-9164,-440,-3699,0,-26737,1673,365,2
2024-03-20,57700,57700,57000,57500,213029,12249167500,0.5245,103201,-72026,-31501,-21077,74,71,6041,0,-16610,-27,353,0
2024-03-21,57600,57800,57200,57500,312095,17945462500,0.0,114935,-71662,-30495,-27958,-12038,576,-5006,0,14818,-9973,-2805,-887
2024-03-22,57500,58400,57500,58000,262605,15231090000,0.8696,21249,-7058,-15140,-8571,-1449,-26,-3556,0,-1538,1062,-113,0
2024-03-25,58000,58100,57600,57800,162376,9385332800,-0.3448,18680,-22459,3241,8781,-2314,-1,-998,0,-2227,-90,628,0
2024-03-26,58200,60300,58100,60200,689234,41491886800,4.1522,-267153,103655,154172,97559,13328,4614,19738,778,25380,8360,966,-7225
2024-03-27,60500,61100,60000,60600,454369,27534761400,0.6645,-72812,-24546,98335,32405,16022,29663,12620,0,6325,-1282,305,1300
2024-03-28,61200,61800,60500,60600,441607,26761384200,0.0,-38897,-26076,59535,22238,18732,-396,3860,2750,12084,3644,1794,267
2024-03-29,61100,61100,59700,60000,308564,18513840000,-0.9901,37518,-37054,3941,-17759,18091,134,827,0,2647,-4271,-134,1
2024-04-01,60400,63000,60300,62900,1040425,65442732500,4.8333,-409179,129099,283050,93483,50250,23754,10401,3107,101010,310,-3280,1045
2024-04-02,62500,63000,61700,62800,535420,33624376000,-0.159,19384,-55074,36504,21745,59747,5835,2653,0,-49611,-1126,312,-3865
2024-04-03,62300,62400,61200,61300,393447,24118301100,-2.3885,72740,-30257,-33923,7015,6892,-628,-3540,0,-43663,-7745,-815,1
2024-04-04,61000,61100,59400,59800,512765,30663347000,-2.447,205317,-121198,-77902,-22353,-14664,-7223,-6429,0,-27233,-5686,-531,0
2024-04-05,59200,60500,59200,59800,218812,13084957600,0.0,6199,14547,-20142,-6408,2848,-3387,371,0,-13566,-639,35,0
2024-04-08,60200,60200,59400,59700,168675,10069897500,-0.1672,39964,-4018,-35096,-19753,467,-3141,421,0,-13090,-52,-798,0
2024-04-09,60000,60500,59500,59800,167575,10020985000,0.1675,44507,-33713,-9389,-5800,-922,-64,2164,0,-4767,-1474,69,0
2024-04-11,59400,59500,58400,58800,273738,16095794400,-1.6722,103979,-70484,-32695,-4909,9443,-11995,131,0,-25365,-309,-491,0
2024-04-12,58800,59200,58300,58400,211727,12364856800,-0.6803,123685,-71325,-51087,-13357,-12755,11,-3102,0,-21984,-1060,-213,100
2024-04-15,57500,58000,57100,57300,382750,21931575000,-1.8836,220090,-189882,-29912,-13037,-13740,-394,1123,0,-3864,-754,458,0
2024-04-16,57300,57300,55700,55700,487734,27166783800,-2.7923,267725,-190417,-83357,-17479,-21303,-12632,-18080,0,-13864,4435,1614,1
2024-04-17,55500,57100,55500,55900,190288,10637099200,0.3591,46130,-41751,-4394,113,4061,-1786,-2062,0,-4720,-292,307,0
2024-04-18,55900,57300,55900,57200,172343,9858019600,2.3256,8240,-14045,5064,-11784,-310,-563,7616,-3450,13529,895,-154,26
2024-04-19,56700,57800,56400,57600,214034,12328358400,0.6993,-36065,2028,33098,19831,11627,7076,9272,-725,-14379,975,-36,396
2024-04-22,58100,58500,57700,58000,149986,8699188000,0.6944,-1972,2575,-563,-12959,-4320,7786,2107,0,6823,139,-179,0
2024-04-23,58000,58200,57200,57200,152864,8743820800,-1.3793,47689,-34898,-12540,-4831,-1224,-137,-5653,250,4055,-146,-105,-5000
2024-04-24,57700,57900,57200,57600,150937,8693971200,0.6993,27526,-9451,-17831,-14146,1366,-183,-7222,0,2427,-314,70,-73
2024-04-25,57200,57900,56800,57000,130142,7418094000,-1.0417,21225,1494,-22654,-14167,-4030,-1887,-247,250,-2674,143,-208,101
2024-04-26,57300,57800,57000,57600,92736,5341593600,1.0526,6244,-2812,-3564,-1147,-933,1168,-938,0,-1764,127,5,50
2024-04-29,57900,59300,57800,58800,289686,17033536800,2.0833,-79868,70071,772,-9500,13506,-7293,1559,1074,1427,9242,-217,-1
2024-04-30,59200,60700,59100,59600,521966,31109173600,1.3605,-46137,23233,13387,-13326,10755,4692,-4374,0,15138,10004,-487,502
2024-05-02,58100,58200,57000,57500,689822,39664765000,-3.5235,382047,-125554,-266322,-178043,-21688,-14383,-2263,534,-49531,9265,564,-948
2024-05-03,57700,58600,57700,58300,287471,16759559300,1.3913,-114867,144801,-30935,-29693,-2949,1219,-1560,0,448,1015,-14,1600
2024-05-07,58800,59400,58500,59000,235200,13876800000,1.2007,-62728,46090,17476,-1673,1782,159,-5513,1000,21120,-820,-18,601
2024-05-08,59100,59300,58600,58900,210133,12376833700,-0.1695,15343,54771,-69323,-43954,-17357,-493,-1806,-14712,9083,-807,16,-84
2024-05-09,59400,60400,59200,59600,436135,25993646000,1.1885,-110783,34413,80360,-24428,19991,13224,4135,3000,64421,-3709,-281,17
2024-05-10,60000,60100,59300,59600,159801,9524139600,0.0,18385,-15214,-2582,-5284,-4307,-385,-2177,0,9577,-138,-451,-6
2024-05-13,60100,60100,58400,58600,196683,11525623800,-1.6779,95247,-53354,-41681,-22268,343,11,-231,0,-15892,-207,-5,-3644
2024-05-14,58900,59100,58000,58200,151943,8843082600,-0.6826,61067,-13722,-25974,-20625,169,-349,-157,0,-3933,-21186,-185,-1079
2024-05-16,58700,58800,58100,58300,162383,9466928900,0.1718,6818,-24149,17535,-4909,10883,4592,1403,174,4630,-168,-36,762
2024-05-17,58300,59000,58200,58500,106227,6214279500,0.3431,-3122,-847,3984,-2657,5406,3796,1230,140,-4629,8,-23,698
2024-05-20,58900,58900,57700,57800,205222,11861831600,-1.1966,90191,-66517,-22829,-25173,-4988,1960,146,158,3612,-1025,180,1456
2024-05-21,57700,57900,57300,57500,147006,8452845000,-0.519,55919,-25304,-31520,-14370,-6565,-146,-2952,0,-7487,733,172,0
2024-05-22,57600,57600,56800,57000,315308,17972556000,-0.8696,200369,-75754,-125022,-10256,-46265,-297,-30878,-8000,-28514,339,68,-812
2024-05-23,56900,57200,56600,56700,181081,10267292700,-0.5263,90634,-20729,-71063,-11047,-26550,-3706,-14028,0,-15732,1005,153,0
2024-05-24,56400,56700,56200,56700,140597,7971849900,0.0,51485,-29954,-22523,-2170,-4051,-1125,102,0,-15480,783,209,201
2024-05-27,57100,58000,56700,57200,221827,12688504400,0.8818,31599,-21213,-11954,-13577,-4857,4246,-2676,0,4910,1528,40,0
2024-05-28,57200,57200,56600,56800,170049,9658783200,-0.6993,93876,-27850,-68360,-30165,-12367,-3765,-9139,0,-12460,2206,128,-464
2024-05-29,56600,56600,55900,56200,249288,14009985600,-1.0563,115568,-34706,-84991,-40095,-22926,-5323,-7783,0,-8449,3263,866,-415
2024-05-30,55800,56100,55600,55700,192417,10717626900,-0.8897,88395,-19840,-70510,-48801,-1846,-3392,-3273,-2100,-11098,1680,275,0
2024-05-31,55800,57100,55800,56900,268117,15255857300,2.1544,-47563,10844,34949,3785,-1875,6609,-9493,0,35922,1001,769,1
2024-06-03,57200,57300,56500,56900,125437,7137365300,0.0,30133,-15778,-16820,-7896,-3811,-104,-633,0,-4926,2237,228,550
2024-06-04,57000,57100,56800,56800,123362,7006961600,-0.1757,22976,-11990,-10655,-4567,-1290,92,207,0,-5297,-280,-51,200
2024-06-05,56900,57200,56500,56500,136118,7690667000,-0.5282,36856,-15680,-21470,1630,-12879,-60,105,0,-10566,13,281,300
2024-06-07,56800,57100,56400,56400,131512,7417276800,-0.177,34000,-8278,-26040,-28514,-4395,229,-872,0,6089,201,117,1423
2024-06-10,56200,56300,55700,55700,211007,11753089900,-1.2411,137921,-44549,-92971,-43126,-26610,-4354,-6245,0,-12736,-679,278,100
2024-06-11,55900,56200,55800,56000,107428,6015968000,0.5386,-4179,10607,-5955,960,-455,-260,-3083,0,-3318,-759,286,201
2024-06-12,56000,56300,55700,55900,148964,8327087600,-0.1786,41772,-43918,1808,1709,-1570,-3725,-5651,0,11839,298,40,-794
2024-06-13,56000,56300,55800,55900,183328,10248035200,0.0,40287,-28264,-9986,-10030,-21358,348,-754,0,21810,-1770,-267,-2
2024-06-14,55800,56200,55600,55800,169097,9435612600,-0.1789,47429,-25485,-22332,-5896,11714,-1556,1433,0,-28027,155,233,0
2024-06-17,56000,56100,55700,56100,88134,4944317400,0.5376,-1230,-4092,5146,-3744,11352,-1455,-343,0,-1139,68,108,475
2024-06-18,56100,56300,55500,55500,177760,9865680000,-1.0695,69169,-3850,-64986,-39380,-10577,-414,-3087,-176,-11353,-77,-256,1
2024-06-19,55600,55700,55000,55300,209147,11565829100,-0.3604,58958,-47477,-15803,-16199,1132,-3141,-1066,-3000,6471,4019,303,0
2024-06-20,55400,55600,55200,55400,97903,5423826200,0.1808,7877,1738,-9257,-8539,-2216,-908,402,0,2003,-497,139,1
2024-06-21,55500,55600,55000,55200,188376,10398355200,-0.361,53862,-6134,-47816,-21959,-15172,-7556,-4365,0,1236,-18,106,0
2024-06-24,55100,55300,54900,55000,114172,6279460000,-0.3623,6649,15666,-24410,-15882,-2740,-89,-243,0,-5456,2600,-505,0
2024-06-25,55300,55400,54900,55000,132030,7261650000,0.0,25421,19367,-45794,-37167,-960,-49,-602,0,-7243,426,580,227
2024-06-26,55000,55100,54400,54600,183415,10014459000,-0.7273,48442,-9352,-39664,-16846,-4706,-3325,-1694,0,-13094,212,362,1
2024-06-27,54400,54400,53600,53600,288317,15453791200,-1.8315,103323,6297,-111219,-21305,-20027,-11054,-36916,0,-21917,1128,471,0
2024-06-28,53600,53800,53400,53600,123426,6615633600,0.0,25524,-174,-28288,-10364,-863,-633,-7210,0,-9219,2550,388,1
2024-07-01,53700,53900,53100,53800,89248,4801542400,0.3731,7609,-924,-7298,-356,-794,-2059,-1034,0,-3055,220,393,0
2024-07-02,53600,53600,52700,52700,187506,9881566200,-2.0446,59914,-29091,-33511,-17636,-7321,1505,-4653,0,-5175,2512,176,-231
2024-07-03,52700,53300,52500,52600,127731,6718650600,-0.1898,18908,-111,-19018,-13543,-1047,-410,-3996,0,-23,20,201,1
2024-07-04,52500,53000,51000,51300,348837,17895338100,-2.4715,50764,-5491,-51505,-33792,-9444,-1374,-9025,-9100,12579,5099,1133,-1349
2024-07-05,51400,52200,51400,51700,157147,8124499900,0.7797,-14280,7319,-2545,-6393,-4191,-6964,-2856,0,18243,9482,24,-384
2024-07-08,51600,52600,51500,52400,106855,5599202000,1.354,-8421,15377,-6711,322,-3966,340,-3373,0,-3834,-220,-25,3800
2024-07-09,52300,53600,52300,53300,153253,8168384900,1.7176,-8659,12028,-3307,380,-11910,2695,-188,0,2916,-598,536,2800
2024-07-10,53200,53200,52900,53000,70737,3749061000,-0.5629,18746,2766,-21776,-14425,-2464,-267,-1588,0,-3032,-239,503,0
2024-07-11,53400,53700,52700,53700,157325,8448352500,1.3208,-21351,-23281,44406,998,13353,6630,868,0,23305,236,-10,-748
2024-07-12,53500,54000,53500,53900,101495,5470580500,0.3724,-22823,17784,5349,-2656,3239,-221,921,0,4066,37,-347,0
2024-07-15,53900,54000,53000,53000,95635,5068655000,-1.6698,9109,3303,-12998,-879,-2440,114,-62,0,-9731,86,500,0
2024-07-16,53400,53400,51800,51900,178975,9288802500,-2.0755,82685,-31284,-51765,-8125,-3210,-17584,-1175,0,-21672,351,13,1
2024-07-17,52200,53100,52000,52800,111476,5885932800,1.7341,-49952,33914,13505,3426,2479,2472,-1136,0,6264,2819,-286,0
2024-07-18,53000,53000,52100,52500,102025,5356312500,-0.5682,7913,-2779,-5929,-351,-6032,-3177,271,0,3360,681,114,0
2024-07-19,52200,52200,51400,51800,138958,7198024400,-1.3333,75523,-56378,-22822,-363,-16462,-372,-12,0,-5613,3484,193,0
2024-07-22,52000,52000,51100,51500,101048,5203972000,-0.5792,14230,5413,-20099,-6481,-10992,-1504,-14,0,-1109,182,274,1
2024-07-23,51500,51800,49850,50200,320504,16089300800,-2.5243,192623,-19240,-173090,-42480,-92578,-127,-23076,0,-6529,-565,272,-8300
2024-07-24,50000,50600,50000,50400,97042,4890916800,0.3984,-17111,29667,-12724,106,-5196,60,-7492,0,-203,-917,1085,1
2024-07-25,50000,50100,49500,50000,168131,8406550000,-0.7937,-3517,8607,-2791,2860,1140,-924,-1186,-142,-3714,-2330,31,-825
2024-07-26,50300,51100,50100,50600,130045,6580277000,1.2,-15184,21897,-6637,-14455,-9687,-195,-8928,-50,26967,525,-601,-289
2024-07-29,50100,50300,48150,49750,288176,14336756000,-1.6798,57529,-12497,-43619,-9900,-12096,-653,-670,0,-20301,128,-1541,1
2024-07-30,50200,50200,48700,49000,176147,8631203000,-1.5075,53606,795,-54931,-41483,-3433,-1165,-861,0,-7989,278,252,0
2024-07-31,48950,50400,48800,50000,140637,7031850000,2.0408,-67490,59247,7474,7156,3106,52,-934,0,-1907,1052,-283,1
2024-08-01,49700,50700,49700,50400,85804,4324521600,0.8,-10229,17257,-7137,-627,-2096,-2094,119,0,-2439,0,109,0
2024-08-02,49850,50200,49500,49850,150281,7491507850,-1.0913,-29265,21853,9201,-1619,-352,5553,-1541,-72,7786,-94,-1695,-554
2024-08-05,49400,49400,44750,46050,416605,19184660250,-7.6229,50513,-27135,-23404,-1557,273,-900,-13420,0,-7801,356,-330,1
2024-08-06,46100,48750,46050,47000,214070,10061290000,2.063,-44871,51633,-3501,-233,-12228,6017,-3447,0,6390,-4200,939,0
2024-08-07,46050,48500,46050,48000,144133,6918384000,2.1277,-25538,32594,-7966,3036,-1552,-516,465,0,-9400,1837,-927,1
2024-08-08,47450,48350,47350,47750,172288,8226752000,-0.5208,-11546,-1615,12929,-699,1751,-534,-3072,-212,16092,22,210,-397
2024-08-09,48050,48300,46550,46800,189398,8863826400,-1.9895,95762,-55445,-42918,-1756,-12975,-49,-3565,0,-23987,1649,952,-586
2024-08-12,47000,47700,46800,47600,79851,3800907600,1.7094,-39892,42040,-3756,-605,-217,25,-6361,0,3402,2005,-397,0
2024-08-13,47650,48000,46800,46800,82503,3861140400,-1.6807,32540,-27335,-6418,120,-1769,-725,-1016,0,-3029,25,1188,1
2024-08-14,47100,47500,46650,47500,78461,3726897500,1.4957,-16212,27752,-7410,1944,-5,-1099,-6560,0,-1691,-3981,-149,1
2024-08-16,48100,48250,47450,47500,79724,3786890000,0.0,1090,-1653,310,20,15,859,-4780,0,4196,245,8,0
2024-08-19,47700,48000,47000,47350,66124,3130971400,-0.3158,8430,-3527,-5284,-3343,6,-427,-1939,0,419,100,281,0
2024-08-20,47350,47750,47250,47600,58590,2788884000,0.528,-16213,16223,-290,1687,-36,-156,-3539,0,1753,200,80,1
2024-08-21,47600,47950,47350,47800,65399,3126072200,0.4202,-22680,21733,1681,1914,193,-2265,-4377,0,6216,-795,61,0
2024-08-22,47950,48450,47600,47900,81187,3888857300,0.2092,9934,-16121,5992,-280,971,191,-2169,0,7279,0,195,0
2024-08-23,47700,48000,47300,47800,73549,3515642200,-0.2088,9440,-13342,3879,3276,-5592,101,-3972,0,10066,10,13,0
2024-08-26,47950,48550,47850,48350,126707,6126283450,1.1506,-19223,2746,16053,10055,-2776,1239,447,0,7088,238,186,0
2024-08-27,48500,48600,47950,48550,95275,4625601250,0.4137,-12627,1524,11141,269,-2225,167,-1,0,12931,-54,16,0
2024-08-28,48500,48500,47550,47900,151928,7277351200,-1.3388,80731,-54789,-26112,-10709,-4546,-938,-1214,0,-8705,119,51,0
2024-08-29,47900,47900,47150,47500,73297,3481607500,-0.8351,9878,-14164,3566,361,-255,-389,105,0,3743,4,716,1
2024-08-30,47750,47850,47450,47450,76209,3616117050,-0.1053,8323,-12481,2871,-285,-2138,-18,107,0,5205,1312,-25,0
2024-09-02,47550,47600,46800,47050,125794,5918607700,-0.843,39030,-14284,-25120,4411,-3070,-20382,-3634,0,-2445,52,322,0
2024-09-03,47200,48500,47000,47900,172779,8276114100,1.8066,-29245,45977,-18449,-7233,1,39,-15190,0,3934,1531,186,0
2024-09-04,47000,47050,45900,46200,250272,11562566400,-3.5491,122765,-97860,-26996,-9734,-1543,-1058,40,0,-14701,2158,-67,0
2024-09-05,46000,47350,46000,46500,132409,6157018500,0.6494,-35940,33332,3038,3025,36,-119,4354,0,-4259,305,-735,1
2024-09-06,46800,46800,45300,45350,169141,7670544350,-2.4731,75720,-73662,-3168,-2597,-128,-323,3338,0,-3458,-282,1392,0
2024-09-09,44800,45450,44250,45350,95838,4346253300,0.0,-10602,1866,7505,1092,-1533,-101,1796,0,6250,1221,10,1
2024-09-10,45350,45700,44600,44750,102548,4589023000,-1.323,33190,-18041,-15742,712,-964,-998,-5004,0,-9488,86,507,0
2024-09-11,44800,45050,44300,44800,163797,7338105600,0.1117,-6767,-14868,21508,13524,-9961,-8282,-3407,0,29633,17,110,1
2024-09-12,44800,45950,44550,45550,226289,10307463950,1.6741,-34328,71143,-37157,-9636,3014,-1355,-5908,0,-23272,343,-1,0
2024-09-13,45850,46400,45400,45500,64077,2915503500,-0.1098,8944,-4794,-5109,-3019,-101,132,-2896,0,1559,940,19,-784
2024-09-19,46350,46600,44550,44900,135864,6100293600,-1.3187,11511,-15332,3897,146,-1473,-117,-2857,0,8198,-220,144,0
2024-09-20,45200,45350,44700,44900,177857,7985779300,0.0,4842,-1439,-5071,-449,547,-45,-8000,0,2875,1016,652,1
2024-09-23,44900,45200,44700,45050,66037,2974966850,0.3341,-13524,16566,1352,2636,43,-1708,-2857,0,3237,-4442,48,1
2024-09-24,45100,45600,44900,45600,97504,4446182400,1.2209,-6513,5328,8482,110,14,0,3897,0,4461,-7470,173,0
2024-09-25,46100,48150,46100,46850,349771,16386771350,2.7412,-107614,77660,31131,7646,-857,-228,978,0,23593,479,-1656,-1
2024-09-26,47100,47650,46650,47650,106427,5071246550,1.7076,-12436,-8387,20772,3008,115,-15,-46,0,17710,-518,569,0
2024-09-27,47950,49450,47900,48850,303742,14837796700,2.5184,-87050,66167,12507,2749,2405,2777,2620,0,1957,9269,-893,-1
2024-09-30,49300,49300,47700,47800,172089,8225854200,-2.1494,24704,-24312,-1411,-3167,-823,-165,10016,0,-7272,1178,-159,0
2024-10-02,47600,47600,46550,46950,123045,5776962750,-1.7782,24625,-10434,-14241,9414,-2630,-1538,224,0,-19712,30,20,1
2024-10-04,47050,47050,46150,46150,95171,4392141650,-1.7039,46317,-33225,-13617,-1898,-508,32,-25,0,-11218,580,-55,0
2024-10-07,46500,47200,45800,46750,119154,5570449500,1.3001,-22115,4426,17253,17627,78,-2185,227,0,1505,528,-92,1
2024-10-08,46400,46750,45400,45600,184704,8422502400,-2.4599,97309,-89694,-7340,12668,-1612,-587,39,0,-17848,-609,334,0
2024-10-10,45950,46450,45450,45950,206561,9491477950,0.7675,-43359,4563,39227,-9062,45678,11453,1,0,-8843,-3,-428,0
2024-10-11,46400,46600,45500,45600,86538,3946132800,-0.7617,21916,-39909,17761,15288,5529,278,22,0,-3356,79,153,0
2024-10-14,45600,45900,45100,45700,92682,4235567400,0.2193,-3564,-17548,20759,16259,600,-423,-1,0,4323,321,32,1
2024-10-15,45750,46100,45550,45850,85426,3916782100,0.3282,2447,-13429,10566,12253,203,5,0,0,-1895,84,332,0
2024-10-16,45450,45600,45050,45050,122662,5525923100,-1.7448,53632,-55155,894,5508,-1581,-188,-171,0,-2674,402,227,0
2024-10-17,45100,45700,45100,45200,52957,2393656400,0.333,-11791,2244,9254,6608,641,-3,62,0,1946,205,88,0
2024-10-18,45450,45650,45000,45100,71878,3241697800,-0.2212,24485,-15909,-8910,-6326,2286,-2,-72,0,-4796,52,282,0
2024-10-21,45100,45500,45050,45100,55727,2513287700,0.0,6870,-795,-6228,-1831,-2222,329,-489,0,-2015,517,-364,0
2024-10-22,45050,45050,44150,44250,127073,5622980250,-1.8847,65717,-32152,-33048,-21984,-1811,114,0,0,-9367,-557,40,0
2024-10-23,44350,44550,43700,44200,90765,4011813000,-0.113,12277,-5108,-6035,-3482,-1161,-1192,807,0,-1008,-1322,188,1
2024-10-24,44050,44200,43600,43700,67009,2928293300,-1.1312,12350,-9405,-3165,-138,1,139,-34,0,-3133,305,-85,0
2024-10-25,43700,43800,42600,43000,150098,6454214000,-1.6018,30855,-28182,-6420,45,-489,0,-116,0,-5862,3343,404,2
2024-10-28,42650,43500,42600,43500,70969,3087151500,1.1628,-15194,10182,5129,64,2,0,-6,0,5069,52,-169,0
2024-10-29,43250,43600,43100,43350,60983,2643613050,-0.3448,133,5724,-12129,-10291,-54,0,0,0,-1784,6041,231,0
2024-10-30,43350,43800,43150,43300,62988,2727380400,-0.1153,187,15269,-13909,292,-7392,-327,-4340,0,-2142,-1582,35,0
2024-10-31,43300,44600,42750,44600,133038,5933494800,3.0023,-68654,43894,24504,8708,3571,-18,3098,1554,4852,-180,436,2739
2024-11-01,44200,44250,43500,43600,77743,3389594800,-2.2422,24779,-16011,-9211,-1860,-2209,-163,5592,0,-10572,335,108,1
2024-11-04,42400,42400,40500,41050,591653,24287355650,-5.8486,292886,-152266,-138313,-38182,-21624,-25861,-24870,-1007,-26770,-2580,273,1
2024-11-05,40800,41100,40700,41050,136276,5594129800,0.0,10093,-9969,296,10703,-5230,-512,-1007,0,-3658,-516,96,0
2024-11-06,41000,41100,39900,40050,273333,10946986650,-2.4361,57099,-28779,-28280,3691,-15304,-3038,-10892,0,-2094,210,-250,-643
2024-11-07,39750,40300,39650,40100,136305,5465830500,0.1248,5790,12536,-18945,3007,-11490,-1036,-8932,0,-495,610,9,1
2024-11-08,40050,40400,39950,39950,81734,3265273300,-0.3741,-3507,788,2921,46,37,-265,251,0,2852,-249,47,0
2024-11-11,39650,39900,38650,38800,201959,7836009200,-2.8786,-19084,30507,-11677,2368,291,3026,-15125,0,-2238,229,25,1
2024-11-12,38700,38800,37700,37950,206391,7832538450,-2.1907,-36757,40276,-2337,-772,-220,-82,-62,0,-1152,-1147,-35,-49
2024-11-13,37450,37950,36850,36900,183611,6775245900,-2.7668,-26608,19276,7213,971,2080,2733,74,0,1384,142,-23,-29
2024-11-14,36850,38300,36750,38300,261972,10033527600,3.794,-72544,-12698,86366,5891,24148,17961,11077,110,27373,-457,-667,-194
2024-11-15,38350,38350,37700,37900,102700,3892330000,-1.0444,340,6536,-6468,759,50,-151,-35,0,-7091,-1190,782,0
2024-11-18,37700,39350,37650,39300,144544,5680579200,3.6939,-28876,16895,12412,9788,642,-957,595,0,2344,-496,65,0
2024-11-19,39200,39500,38900,39200,62861,2464151200,-0.2545,13281,-1185,-11200,-5443,-224,-1061,-699,0,-3774,-944,48,1
2024-11-20,39000,39300,38650,39150,46769,1831006350,-0.1276,6003,491,-6548,-3274,-484,-490,-607,0,-1693,123,-69,0
2024-11-21,39150,39600,38850,39100,63066,2465880600,-0.1277,-12417,10866,3084,5670,34,72,0,0,-2692,-1160,-373,0
2024-11-22,39500,39500,38250,38750,69424,2690180000,-0.8951,-1681,-1515,3762,2006,502,-164,45,0,1372,591,-1157,1
2024-11-25,39200,40150,38800,39800,125136,4980412800,2.7097,-35471,38928,-4392,-1290,-5770,-713,-3230,0,6611,1075,-140,0
2024-11-26,39400,39850,39150,39850,56765,2262085250,0.1256,-2409,7083,-5074,-408,-105,-298,117,0,-4380,450,-50,0
2024-11-27,40000,40200,39500,40000,80811,3232440000,0.3764,-11099,14377,-4573,-5067,-58,-209,0,1000,2169,1566,-271,-2408
2024-11-28,40200,40400,39800,40250,67326,2709871500,0.625,-12787,7889,4962,5285,-4552,-207,-2,0,4438,375,-439,0
2024-11-29,40400,40400,39050,39600,99580,3943368000,-1.6149,22619,-17017,-6208,-7530,-3685,-420,2379,0,3047,262,344,1
2024-12-02,39900,39900,39050,39050,68013,2655907650,-1.3889,-5792,2227,3862,3136,-2961,-43,412,0,3318,-225,-72,0
2024-12-03,39400,40300,39200,40050,97817,3917570850,2.5608,-51954,39321,12685,4750,-3106,-76,-26,2000,9142,-36,-16,1
2024-12-04,39350,39600,38900,38950,126515,4927759250,-2.7466,19595,-12866,-6913,2389,-6164,76,-129,-3000,-85,127,57,0
2024-12-05,38800,39100,37900,37900,110648,4193559200,-2.6958,16044,-9491,-6842,-1098,-5966,-865,-221,0,1308,235,54,0
2024-12-06,37800,38400,37200,38150,127043,4846690450,0.6596,-34249,17155,14955,-4346,-2119,-319,155,0,21583,2040,99,1
2024-12-09,37900,37900,35900,35900,208405,7481739500,-5.8978,41378,-35600,-5452,-694,-3411,56,-29,0,-1374,-630,304,0
2024-12-10,36350,37850,36350,37400,104330,3901942000,4.1783,-43380,29889,12875,-558,1726,-93,831,0,10969,609,7,0
2024-12-11,37250,39100,37250,39000,116195,4531605000,4.2781,-39965,28767,10877,-8961,5291,132,4285,0,10129,240,81,1
2024-12-12,39400,39900,38850,39900,213552,8520724800,2.3077,-33023,-42772,76222,3507,4506,598,4499,0,63111,-417,-10,1
2024-12-13,39750,39800,39050,39450,70340,2774913000,-1.1278,21962,-14504,-8511,69,-4000,-1574,-903,0,-2103,1166,-113,0
2024-12-16,39500,39850,39250,39500,59117,2335121500,0.1267,-5339,-2002,7338,2576,2457,-107,-1,0,2413,0,3,0
2024-12-17,39500,39650,38900,39350,106261,4181370350,-0.3797,1242,10106,-12414,-1492,5932,-18463,7942,0,-6334,1150,-84,1
2024-12-18,39400,39400,38750,39050,124602,4865708100,-0.7624,62079,-17959,-41460,-5269,-31711,-335,-5160,0,1015,-2660,0,0
2024-12-19,38200,38500,37950,38400,56524,2170521600,-1.6645,18437,-13971,-4102,1973,18,-187,74,0,-5981,-379,15,1
2024-12-20,38100,38400,37250,38000,95619,3633522000,-1.0417,30142,-16946,-12716,528,360,-366,-3951,0,-9288,-531,51,1
2024-12-23,38100,38300,37600,38250,65553,2507402250,0.6579,-15145,3653,10348,782,624,-1901,13,0,10830,1178,-34,0
2024-12-24,38300,38650,38100,38250,65593,2508932250,0.0,-8973,12016,10495,8665,-1145,-273,-189,0,3437,-13269,-269,0
2024-12-26,38200,38900,37550,37550,131778,4948263900,-1.8301,20351,-6184,-13146,-2678,719,-181,-3090,0,-7916,-1195,174,0
2024-12-27,37700,37700,36700,36850,80057,2950100450,-1.8642,25796,-2085,-22506,-2319,-156,-360,-799,0,-18873,-1396,191,1
2024-12-30,36200,37200,36100,36900,51907,1915368300,0.1357,-13241,11054,1961,2128,414,-341,145,0,-383,10,216,-2
2025-01-02,36750,37200,36600,36650,59798,2191596700,-0.6775,18674,-11067,-6952,-2412,22,-285,287,0,-4368,-670,15,-196
2025-01-03,36500,38150,36500,38150,117999,4501661850,4.0928,-49865,40279,9583,6037,1468,-141,-748,0,3163,-15,18,-196
2025-01-06,38150,38400,37800,38300,78961,3024206300,0.3932,-14571,23336,-8701,-912,-1782,-309,-170,-879,-4454,40,-104,-195
2025-01-07,38400,38750,38250,38300,56750,2173525000,0.0,-3470,-1063,3619,8211,-177,162,-1269,0,-3112,0,914,-196
2025-01-08,37900,39350,37900,39200,104801,4108199200,2.3499,-37536,35141,1197,1822,1755,-185,-1553,0,-442,1227,-29,-200
2025-01-09,39100,39600,38650,39400,190625,7510625000,0.5102,-49861,-4504,54440,1603,29241,-2347,5160,0,20783,20,-95,0
2025-01-10,39050,39400,38450,38900,100342,3903303800,-1.269,4044,22956,-26728,4301,-8258,-2414,-3456,0,-16901,10,-282,0
2025-01-13,38550,38900,38000,38450,74410,2861064500,-1.1568,-8418,-4411,12721,14123,11,-2365,-1,0,953,112,-4,0
2025-01-14,38600,38750,38150,38400,44565,1711296000,-0.13,-10254,8157,2144,7172,5,-184,-216,0,-4634,50,-97,1
2025-01-15,38400,39400,38400,39100,114718,4485473800,1.8229,-41904,59869,-13016,9606,-581,-12870,-201,-965,-5910,-5012,63,-2095
2025-01-16,39350,39350,38900,39300,92773,3645978900,0.5115,-10180,28438,-18971,10646,-12350,-1612,-1685,0,-13970,265,448,0
2025-01-17,39050,39900,39050,39300,140590,5525187000,0.0,-27692,41674,-13971,11809,380,-639,-211,0,-25310,-43,32,0
2025-01-20,39450,39450,38900,39250,60672,2381376000,-0.1272,-10354,5415,5063,8470,-78,-43,-6,0,-3280,-10,-114,0
2025-01-21,39400,39650,38700,39300,85569,3362861700,0.1274,-2012,6649,-5664,12112,-10440,-212,-3543,0,-3582,1,1026,1
2025-01-22,39650,39650,39100,39100,59037,2308346700,-0.5089,2561,-1930,-1151,10812,-13731,-19,-330,0,2117,503,17,0
2025-01-23,39450,39500,38900,38950,74529,2902904550,-0.3836,-530,-1860,2415,9090,19,-61,0,0,-6633,-32,7,0
2025-01-24,38950,39650,38950,39450,103014,4063902300,1.2837,-41804,48647,-6155,11329,-15308,1,-271,0,-1906,-644,-44,0
2025-01-31,39800,39850,37500,38300,165424,6335739200,-2.9151,28646,-3611,-24749,2704,-27394,98,-836,0,678,-60,-226,1
2025-02-03,37500,37750,36300,37400,191131,7148299400,-2.3499,19493,37953,-57063,2235,-48086,-2878,-317,0,-8017,-786,403,0
2025-02-04,37400,38550,37350,38400,134470,5163648000,2.6738,-54716,70761,-16550,4209,-20353,127,-406,0,-127,655,-150,0
2025-02-05,38700,39250,38300,39200,124942,4897726400,2.0833,-62487,61791,939,-8067,999,189,1030,0,6788,-241,-2,0
2025-02-06,39250,40000,39200,39900,241790,9647421000,1.7857,-96738,136408,-38880,-2188,-37023,293,-1589,0,2027,-431,-359,-400
2025-02-07,39550,39900,38900,39400,71881,2832111400,-1.2531,12300,-6423,-5715,1313,815,-1687,448,0,-6604,199,-361,0
2025-02-10,39450,39750,38800,39600,72033,2852506800,0.5076,-16983,17141,351,2976,-273,-176,-2744,0,568,-512,3,0
2025-02-11,39500,39950,39400,39750,63156,2510451000,0.3788,-13082,5955,8286,7953,-410,14,-346,0,1075,-1084,-75,0
2025-02-12,39950,40650,39600,40100,111161,4457556100,0.8805,-27015,5656,21673,7410,1182,11131,-362,0,2311,-191,-123,1
2025-02-13,40050,40500,39900,40500,148013,5994526500,0.9975,-44627,-2335,47100,12873,18707,1,-317,0,15836,19,-157,0
2025-02-14,40650,40800,39300,39650,129004,5115008600,-2.0988,51707,-17682,-33719,2953,-2991,-3596,-5231,0,-24854,-252,-54,0
2025-02-17,39650,39700,39000,39550,54338,2149067900,-0.2522,2720,-1586,-169,1002,-592,-77,-78,0,-424,-732,-233,0
2025-02-18,39500,39550,39150,39350,63313,2491366550,-0.5057,11753,-14540,2475,4522,528,560,-42,0,-3093,312,0,0
2025-02-19,39300,40400,39250,40000,139743,5589720000,1.6518,-48118,32796,16271,2537,-1608,-1,-755,0,16098,-874,-75,0
2025-02-20,41100,42550,40700,41800,511610,21385298000,4.5,-54323,24886,25314,25219,-226,8,1053,0,-740,4123,0,0
2025-02-21,42600,42600,41750,41800,184366,7706498800,0.0,3382,-10710,8317,6064,-4,3666,15,0,-1423,-1093,104,-1
2025-02-24,41100,41950,41000,41550,98299,4084323450,-0.5981,-962,2005,3151,6214,-36,-295,-16,0,-2717,-4007,-187,1
2025-02-25,41300,41550,40450,40550,122432,4964617600,-2.4067,25542,-16852,-8963,-713,-866,-584,148,0,-6948,-47,320,0
2025-02-26,40650,41150,40100,41000,85067,3487747000,1.1097,1480,11345,-13584,3436,-22428,-99,-14,0,5521,399,360,0
2025-02-27,41000,41850,40300,41450,108428,4494340600,1.0976,10547,-3210,-4697,552,-562,-124,0,123,-4686,-2656,16,0
2025-02-28,40850,41250,39750,39800,144400,5747120000,-3.9807,55630,-40594,-16074,-4568,387,-522,509,0,-11880,708,330,0
2025-03-04,39450,39800,38800,39150,66880,2618352000,-1.6332,23636,-18750,-4896,19,-765,-104,399,0,-4445,-4,14,0
2025-03-05,39150,39600,39050,39350,64156,2524538600,0.5109,1476,6482,-6796,-256,-315,-273,219,0,-6171,-1072,-90,0
2025-03-06,39600,40000,39300,39700,67231,2669070700,0.8895,-2222,3356,427,-8,-782,-89,-2096,0,3401,-1689,128,1
2025-03-07,39700,40600,39350,39900,80591,3215580900,0.5038,-14169,9007,8995,6971,-62,2,23,0,2061,-1537,-2296,0
2025-03-10,39850,39900,39400,39550,61238,2421962900,-0.8772,19893,-16091,-3799,-2023,129,-417,-2,0,-1486,-4,1,0
2025-03-11,38200,39150,38200,38900,75978,2955544200,-1.6435,20973,-12395,-8486,-6999,-95,253,148,0,-1793,31,-123,0
2025-03-12,38900,39200,38650,39100,41420,1619522000,0.5141,9280,-7872,-1909,457,-437,-565,-676,0,-688,351,150,0
2025-03-13,39050,39700,38650,39700,115730,4594481000,1.5345,411,-31607,31115,5071,7183,1404,2988,0,14469,80,1,0
2025-03-14,39100,39350,38850,39150,75339,2949521850,-1.3854,32264,-28575,-2895,-3236,2354,-627,-12,0,-1374,-804,10,0
2025-03-17,39150,39450,39050,39300,48621,1910805300,0.3831,4372,-10250,5903,266,3733,-68,-289,0,2261,-25,0,0
2025-03-18,39650,39650,38850,38900,43977,1710705300,-1.0178,3256,-1282,-2180,504,-1068,100,-333,0,-1383,0,206,0
2025-03-19,38650,39150,38600,38950,46326,1804397700,0.1285,9980,2927,-12973,-5664,-8856,425,-629,0,1751,63,3,0
2025-03-20,39000,39300,38900,38950,42347,1649415650,0.0,4241,-1960,-1305,41,-1390,75,-96,0,64,-994,18,1
2025-03-21,39150,40150,39150,40150,151037,6064135550,3.0809,-37247,33481,4216,11584,-5795,9,104,0,-1686,81,-531,0
2025-03-24,40500,41900,40350,40850,158449,6472641650,1.7435,-378,-3869,3431,18576,-9950,-11331,-89,0,6226,650,166,-1
2025-03-25,40650,41250,40100,40500,59672,2416716000,-0.8568,4795,-534,-3516,-2179,-723,-387,-156,0,-71,23,-768,0
2025-03-26,40750,40750,40050,40500,52260,2116530000,0.0,-8606,6250,2237,1362,-3540,1369,342,0,2704,113,6,0
2025-03-27,40100,41350,39950,40850,89157,3642063450,0.8642,-21915,22215,1840,4801,-2230,-1333,779,0,-177,-2149,9,0
2025-03-28,41050,41050,39950,40150,49042,1969036300,-1.7136,21935,-20385,-2397,-944,356,-8,12,0,-1814,844,3,1
2025-03-31,39700,39850,38100,38500,282401,10872438500,-4.1096,82509,-149945,67058,8370,-418,-373,-1764,0,61243,324,54,0
2025-04-01,38600,38800,37300,38000,198179,7530802000,-1.2987,95355,-87091,-8643,-13938,6457,-1208,-1181,0,1227,-291,670,0
2025-04-02,38050,38250,37400,37700,130266,4911028200,-0.7895,33027,-28534,-641,-7086,5023,1037,0,0,384,-3887,35,1
2025-04-03,36650,37700,36200,37550,145808,5475090400,-0.3979,23116,-28265,4577,-9369,2142,-533,-68,0,12405,639,-67,0
2025-04-04,37350,40600,36700,40500,284716,11530998000,7.8562,-109193,62402,45960,-270,24311,3050,7130,0,11739,1180,-349,0
2025-04-07,39700,39700,37900,37950,179120,6797604000,-6.2963,50755,-58370,7508,14579,1753,-2024,2507,0,-9307,42,65,0
2025-04-08,38600,38750,37500,37600,108363,4074448800,-0.9223,20006,-14320,-5571,11009,1554,-1643,-41,0,-16450,-8,-107,0
2025-04-09,37200,37850,36200,36200,142158,5146119600,-3.7234,63915,-53493,-10637,2489,-2787,-3696,-544,0,-6100,147,68,1
2025-04-10,37800,39050,37250,39050,206127,8049259350,7.8729,-82347,71869,10905,-6723,10410,-678,1846,0,6050,-175,-252,0
2025-04-11,38350,38950,38000,38700,80446,3113260200,-0.8963,-10700,15564,-4507,1424,-3148,-215,36,0,-2604,-360,3,0
2025-04-14,38550,39400,38550,39150,83197,3257162550,1.1628,-20148,24470,-4224,3146,-85,-85,-16,0,-7184,42,-140,0
2025-04-15,39100,40100,39100,39850,137786,5490772100,1.788,-33599,36201,-826,1475,1065,-81,-304,0,-2981,241,-2017,0
2025-04-16,39700,39700,38450,38500,143645,5530332500,-3.3877,68647,-46216,-23441,-12686,-2706,-623,-169,0,-7257,874,136,0
2025-04-17,38400,38800,38000,38150,127072,4847796800,-0.9091,28561,13975,-41993,1520,-32472,-13600,-1,0,2560,29,-572,0
2025-04-18,38350,38700,38000,38600,51560,1990216000,1.1796,-1128,6268,-5302,5552,756,-246,4,0,-11368,159,3,0
2025-04-21,38650,38700,38000,38400,66755,2563392000,-0.5181,20977,1769,-22832,-970,-8911,53,-10283,0,-2721,52,34,0
2025-04-22,38350,38350,37850,37900,74603,2827453700,-1.3021,55358,-46182,-9744,-2814,22,-1088,-45,0,-5820,540,28,1
2025-04-23,38400,38700,38250,38550,105520,4067796000,1.715,-27509,31810,-10543,-4310,-87,-5132,-84,0,-930,6229,13,0
2025-04-24,38600,39000,38550,38950,73862,2876924900,1.0376,-26100,26515,-3828,-750,-587,-75,149,0,-2565,3467,-54,0
2025-04-25,39100,39250,38650,39100,74588,2916390800,0.3851,-24193,15510,2990,-4030,-11,-15,-165,0,7211,6363,-670,0
2025-04-28,39700,44250,39550,44100,1244862,54898414200,12.7877,-583978,344401,213114,138427,27783,4796,20060,0,23782,29115,-2652,-1734
2025-04-29,43650,44250,43550,44150,241489,10661739350,0.1134,-44809,-7939,45787,11306,-65,12819,14390,0,7338,7274,-313,-1
2025-04-30,43950,44750,43550,43950,167097,7343913150,-0.453,-21343,1355,13521,1566,876,1722,3141,0,4912,6498,-31,1304
2025-05-02,44000,44450,43600,43900,135767,5960171300,-0.1138,-10017,-6465,9350,8171,2828,-6216,217,0,4349,7219,-87,1
2025-05-07,44450,45200,44100,44200,251425,11112985000,0.6834,-25430,-52956,68578,32259,12554,11575,4638,0,7552,5911,3897,0
2025-05-08,44200,44450,43900,44050,169028,7445683400,-0.3394,-8788,-2617,9172,23400,8418,-2672,1746,0,-21719,1883,350,-1
2025-05-09,44100,44300,43000,43450,119641,5198401450,-1.3621,-19141,2591,22928,18810,2251,-152,36,0,1982,-1281,-5097,1
2025-05-12,43600,44400,43550,44100,109884,4845884400,1.496,-4651,-19004,23760,4936,9264,1406,71,0,8084,-164,59,-1
2025-05-13,43700,44200,42550,42950,123784,5316522800,-2.6077,14183,-32942,18359,10286,1222,75,527,0,6249,1438,-1038,0
2025-05-14,43350,43550,42700,43150,81454,3514740100,0.4657,-15321,-4698,19673,8854,2809,-2788,87,0,10710,-542,888,1
2025-05-15,43100,45100,43000,44350,238568,10580490800,2.781,-23287,-25126,44582,15575,13768,-26,14771,0,494,4016,-185,0
2025-05-16,44900,44900,43500,44000,111156,4890864000,-0.7892,-29,-21893,20283,4615,6932,793,-22,0,7965,1652,-13,0
2025-05-19,44000,46450,44000,46400,502211,23302590400,5.4545,-206244,10291,188133,102116,57725,6481,18931,0,1462,8430,-610,1418
2025-05-20,46500,48200,45450,48100,649448,31238448800,3.6638,-92896,-199073,278409,132025,102390,25932,17412,0,-649,13757,-197,1299
2025-05-21,48050,48300,47150,47600,194815,9273194000,-1.0395,-7842,-86260,81685,52755,13512,3974,3475,0,7963,12149,268,6
2025-05-22,47900,49300,47550,48950,464814,22752645300,2.8361,-123783,-87026,182539,112024,50678,10820,1014,0,6598,29667,-1397,1405
2025-05-23,48700,48900,48000,48250,166697,8043130250,-1.43,-6799,-46111,39990,22870,12943,3104,4517,0,-3443,13275,-355,-1
2025-05-26,48400,48625,47600,48500,158615,7692827500,0.5181,-25046,-22179,35045,19150,-35,6978,75,0,8876,12543,-363,1
2025-05-27,48200,49200,47800,48900,233787,11432184300,0.8247,10228,-46003,20599,22574,11257,-15259,-68,0,1089,15240,-64,1006
2025-05-28,49500,50200,48650,48800,364885,17806388000,-0.2045,-24681,-65042,59147,37421,2922,-1375,1136,0,20943,30456,120,-1900
2025-05-29,49250,49250,47900,48000,274710,13186080000,-1.6393,61578,-21474,-54827,-28824,-13564,-21317,-5522,0,14399,14774,-51,1
2025-05-30,48100,49700,48050,49600,334711,16601665600,3.3333,-75634,6842,54543,43823,14424,-4648,10331,0,-9423,16134,-1885,36
2025-06-02,49550,50000,49000,49850,222221,11077716850,0.504,-23765,-34100,58255,28417,17186,18375,9411,-10,-15782,-635,245,658
2025-06-04,50300,50400,48850,49200,281338,13841829600,-1.3039,53188,-42801,-12452,13216,4692,-25786,3296,0,-8470,2031,34,600
2025-06-05,49000,49450,47600,48300,382754,18487018200,-1.8293,101178,-19571,-83465,-31805,-36624,-720,-17723,0,6702,1792,66,-3295
2025-06-09,48550,50600,48550,50300,419209,21086212700,4.1408,-122159,96330,22156,37653,-22581,651,6921,0,-575,4187,-514,87
2025-06-10,51300,52300,50800,52100,451426,23519294600,3.5785,-65396,-26867,75937,51120,24738,-10782,2568,1754,6286,15689,637,253
2025-06-11,52900,53000,51300,52500,238117,12501142500,0.7678,-19862,-70732,66857,36625,8490,-6783,3619,1754,23142,24163,-426,10
2025-06-12,51800,52800,51800,52200,286682,14964800400,-0.5714,28833,-70298,22994,-5088,41761,-6315,-1545,0,-5188,18731,-260,-631
2025-06-13,51800,52000,49850,50000,366139,18306950000,-4.2146,44956,43524,-103884,-26772,1783,-4472,-7292,0,-67708,15121,283,577
2025-06-16,50200,50600,49500,50200,116563,5851462600,0.4,-12509,3411,-889,3028,-5255,1683,-2749,0,2477,9982,5,-73
2025-06-17,50500,50500,48800,49200,308810,15193452000,-1.992,74056,-28102,-56997,-27291,-21492,-1143,-12971,667,5288,10929,114,-55
2025-06-18,48750,50500,48750,50100,208704,10456070400,1.8293,-21047,36189,-20585,12291,3277,-39303,-2502,0,5652,5067,376,0
2025-06-19,50100,51400,50100,50500,191188,9654994000,0.7984,13109,-19509,-7079,1933,-3776,3582,-2998,0,-5095,13281,198,-725
2025-06-20,50800,51800,50300,51700,305683,15803811100,2.3762,-63677,32231,24315,24224,-2804,4069,-430,0,-3062,7333,-202,2318
2025-06-23,50400,51100,49900,51000,202003,10302153000,-1.354,-1083,-15497,6924,18355,-1009,-2552,-244,0,-7627,9602,54,1
2025-06-24,52000,52000,50700,51600,197394,10185530400,1.1765,-14021,-31442,42733,50214,-599,-1825,-8029,0,3192,2853,-123,-220
2025-06-25,51600,53500,51100,52200,369355,19280331000,1.1628,-12288,11576,4123,57826,-8860,-1773,-3502,11,-39578,-3777,366,-1
2025-06-26,52800,53300,51100,52000,199987,10399324000,-0.3831,15582,-25088,6040,10831,8845,1261,1488,0,-16507,4027,-561,122
2025-06-27,52300,52800,50700,51500,194002,9991103000,-0.9615,17634,-1766,-18844,-553,-15073,-424,186,0,-2979,2882,94,-1
2025-06-30,51600,52200,51200,51700,142206,7352050200,0.3883,-44893,23341,9497,7360,-564,-5839,-224,0,8763,12055,0,1
2025-07-01,51800,51800,49150,50400,312486,15749294400,-2.5145,66645,-80881,-8972,-7002,-4641,3137,-1030,0,1851,23201,7,-1287
2025-07-02,50000,50500,49600,50300,204694,10296108200,-0.1984,11632,-5124,-15129,-220,-25963,-4623,-8179,0,23856,8554,67,0
2025-07-03,50400,52000,50200,51400,341323,17544002200,2.1869,-126253,-17114,128963,104587,-1958,9239,2037,0,15060,16664,-2260,-2
2025-07-04,51700,51700,50500,50700,136289,6909852300,-1.3619,31323,-40853,-3911,585,-2632,757,-377,0,-2244,13367,74,0
2025-07-07,50700,51600,50600,50800,134077,6811111600,0.1972,-40432,16143,12563,5565,-6994,2205,510,0,11277,11757,-31,0
2025-07-08,51100,51300,49800,50600,214941,10876014600,-0.3937,58555,-56104,-16334,-9673,-34396,-2957,-530,0,31222,13785,98,0
2025-07-09,50400,51200,49600,50100,298342,14946934200,-0.9881,74791,-37952,-54414,-26753,-31857,-17027,-3742,-2297,28138,17758,-183,-876
2025-07-10,50100,50300,49500,49750,355135,17667966250,-0.6986,86356,-8038,-73417,-45664,-15975,-12879,-1894,-1877,4873,-4638,-263,-1
2025-07-11,49750,50200,49300,49900,220840,11019916000,0.3015,17871,25696,-36361,-21776,-7700,-10389,-2464,0,5968,-7266,60,0
2025-07-14,49900,52500,49600,52300,559766,29275761800,4.8096,-308538,176442,135681,43063,53646,12976,18112,10000,-2116,-3497,-88,0
2025-07-15,51800,52600,51400,52300,165719,8667103700,0.0,-59483,-2121,58362,17533,25040,10649,5639,0,-449,3363,-121,-50
2025-07-16,51900,52200,51000,51100,134275,6861452500,-2.2945,47361,-53888,4759,-1340,18161,-1263,3283,0,-14082,1504,264,0
2025-07-17,51900,52000,51000,51700,148382,7671349400,1.1742,-2223,-14357,23652,-2877,24065,4859,-387,0,-2008,-7122,50,0
2025-07-18,52100,53000,51200,52100,277106,14437222600,0.7737,-53422,-9988,71794,6070,44500,1475,17895,0,1854,-7914,-470,0
2025-07-21,52000,52600,51500,52200,181850,9492570000,0.1919,-19075,18303,11645,-2244,7673,2244,4272,0,-290,-10713,-160,-10
2025-07-22,52400,54200,51900,52300,413953,21649741900,0.1916,-52337,47771,15200,-12812,27670,-10150,4999,5000,492,-10911,277,1
2025-07-23,52600,52800,51300,52400,150648,7893955200,0.1912,-3322,-10610,10876,12416,-1394,-335,6352,0,-6163,3063,-7,0
2025-07-24,52100,52500,51100,51200,176647,9044326400,-2.2901,83162,-53821,-26557,1533,3424,-5207,3500,-15000,-14638,-2886,102,-169
2025-07-25,50900,51900,50800,51400,125842,6468278800,0.3906,-17475,-40053,54558,2808,63518,-37,873,0,-12601,2970,0,-3
2025-07-28,50900,50900,46800,47300,948266,44852981800,-7.9767,538973,-397301,-158161,-76031,41624,-7796,18170,0,-134128,17021,-532,0
2025-07-29,47550,47800,46750,46850,237140,11110009000,-0.9514,61314,-27451,-21107,-48052,1043,1186,10315,0,14400,-12913,157,1
2025-07-30,47050,47650,46950,47150,227918,10746333700,0.6403,45526,-27579,-6247,-35956,24344,3223,-513,0,2655,-11758,58,0
2025-07-31,46950,47500,46800,46900,134605,6312974500,-0.5302,12954,5341,-7413,-2151,4683,-644,-2673,0,-6628,-10861,-21,0
2025-08-01,46650,46800,45700,45800,143979,6594238200,-2.3454,35910,-13664,-11062,-6100,619,13534,-932,0,-18113,-11285,101,-70
2025-08-04,45500,46900,45400,46750,91476,4276503000,2.0742,-15906,14001,10492,-3616,6791,1618,344,0,5360,-8590,3,-5
2025-08-05,47100,47300,46750,47000,99066,4656102000,0.5348,11838,17300,-25027,-9260,-3387,75,-8938,0,-3517,-4126,15,0
2025-08-06,46550,50300,46550,49250,653519,32185810750,4.7872,-185847,130393,65185,18940,17504,3124,4947,0,20552,-9988,257,118
2025-08-07,50100,50900,49400,50100,235755,11811325500,1.7259,-39622,38652,17470,778,6453,-2947,4059,0,9127,-16348,-152,0
2025-08-08,50300,51800,49600,50600,281444,14241066400,0.998,-40996,12237,43207,15063,31338,-10444,5616,0,1657,-14428,-20,-23
2025-08-11,50300,50900,49900,50600,149701,7574870600,0.0,-35448,-2730,44996,12452,9339,-197,17534,0,5868,-6718,-100,0
2025-08-12,50100,50600,49600,49650,127241,6317515650,-1.8775,-777,6636,936,-7272,-144,-525,1136,0,7741,-6888,93,0
2025-08-13,49700,49800,48800,49450,145127,7176530150,-0.4028,-7856,-3581,19654,-5397,9564,2262,187,0,13038,-8352,135,0
2025-08-14,49500,49950,49150,49700,155738,7740178600,0.5056,-36019,-3694,46564,-6220,22539,-532,3090,0,27691,-6869,18,-4
2025-08-18,49250,50200,48900,49200,110396,5431483200,-1.006,11613,-8799,4302,-2616,11060,809,-90,0,-4861,-7097,-19,0
2025-08-19,49400,49550,48500,49100,88271,4334106100,-0.2033,-114,4269,4304,-3039,-1856,124,-77,0,9152,-8457,-2,0
2025-08-20,49350,49350,48250,49050,89765,4402973250,-0.1018,-18698,12708,15979,-3521,720,5873,185,0,12723,-9999,10,-1
2025-08-21,49500,49650,48900,49000,65502,3209598000,-0.1019,6731,12012,-8395,-4638,-475,113,-182,0,-3213,-10353,5,0
2025-08-22,48800,49450,47500,48250,195321,9424238250,-1.5306,71650,-21322,-38201,-31087,-3651,1015,-2280,0,-2046,-12165,38,-152
2025-08-25,48350,48700,48200,48450,52615,2549196750,0.4145,2726,6798,874,-3089,-199,-165,-753,0,5080,-10400,2,0
2025-08-26,48250,49550,48200,48850,131893,6442973050,0.8256,-11806,7982,14449,-2691,6262,-57,-819,0,11754,-10511,-114,0
2025-08-27,49000,49050,47250,47400,231912,10992628800,-2.9683,133593,-71997,-57783,-20276,-23738,-11467,-2931,0,629,-3844,31,0
2025-08-28,47400,47450,46800,47300,115318,5454541400,-0.211,20067,13729,-22845,-10988,-14578,3422,-2869,0,2168,-10958,7,0
2025-08-29,47600,47600,46350,46900,171523,8044428700,-0.8457,57066,27989,-75439,-70518,-7913,1758,-82,0,1316,-9841,225,0
2025-09-01,46150,46950,46050,46450,143645,6672310250,-0.9595,1520,57996,-49706,-47861,-9378,1485,-960,0,7008,-9994,184,0
2025-09-02,46300,46450,45200,45600,183784,8380550400,-1.8299,41811,19168,-49534,-34343,-14486,-1571,-773,0,1639,-11624,179,0
2025-09-03,45750,46150,45200,45900,102259,4693688100,0.6579,24035,-1104,-13091,-2205,-5704,2334,-1319,0,-6197,-9849,9,0
2025-09-04,46050,49000,46050,47950,358418,17186143100,4.4662,-132788,77010,64555,4395,39904,15473,4629,0,157,-9080,303,-3
2025-09-05,48050,48450,47800,47900,83888,4018235200,-0.1043,13232,-9149,5884,3455,6640,-2811,2535,0,-3935,-9990,23,0
2025-09-08,48250,48650,47800,48500,97081,4708428500,1.2526,-18215,23741,3709,-1380,3545,1140,-458,0,862,-9135,-100,0
2025-09-09,49000,49600,48650,49050,251180,12320379000,1.134,-53680,86786,-19381,-1808,-18132,-121,-1890,0,2574,-13532,-193,-4
2025-09-10,48950,49450,48650,48850,185348,9054249800,-0.4077,-3465,-6052,18450,-1588,2109,-9553,532,0,27018,-8883,-50,-68
2025-09-11,48850,49300,48400,49200,263523,12965331600,0.7165,-26029,4246,33752,-4129,71189,17176,1382,0,-51860,-11780,-189,-6
2025-09-12,49250,51400,48950,50900,430056,21889850400,3.4553,-267972,156621,124260,8329,31991,58596,4695,8000,12599,-12941,32,50
2025-09-15,51000,51300,50200,51000,139070,7092570000,0.1965,-22321,15371,19044,4168,3135,9946,-1453,0,3248,-12049,-45,0
2025-09-16,51000,51300,50700,50900,145932,7427938800,-0.1961,-29619,42265,-10207,-3868,-15090,2027,1372,0,5351,-2249,-190,1
2025-09-17,50900,53000,50700,52500,442874,23250885000,3.1434,-272433,240826,47315,4964,10712,7715,1866,-2000,24075,-15187,-521,-17
2025-09-18,53000,53400,52500,53000,294500,15608500000,0.9524,-98531,87488,24831,-4086,124,7952,2232,0,18609,-13639,-149,0
2025-09-19,54600,58400,54200,54700,1815713,99319501100,3.2075,-521800,410649,190696,37677,161596,6826,-23404,-6000,14014,-77953,-1592,-13
2025-09-22,55600,57300,55200,56400,572424,32284713600,3.1079,-173829,53475,101949,40282,27275,17084,492,0,16901,18389,16,-85
2025-09-23,56100,56400,55000,55700,284523,15847931100,-1.2411,-40399,-10757,57121,29102,12830,8337,-2077,0,8936,-5946,-19,-7
2025-09-24,55900,56000,54100,55000,321878,17703290000,-1.2567,-88880,3330,86857,5948,56608,10237,7994,0,6070,-1317,10,0
2025-09-25,55100,55100,53700,54000,209595,11318130000,-1.8182,26614,20942,-34147,-783,-10630,-3301,-488,0,-18945,-13038,-371,0
2025-09-26,53500,53700,52900,53200,154821,8236477200,-1.4815,-23294,27460,-4988,2876,3647,2734,2220,0,-16466,878,-56,1
2025-09-29,54200,54400,53200,53800,200901,10808473800,1.1278,23800,-47918,23458,50369,-165,-3919,5184,0,-28012,650,10,1
2025-09-30,53300,53300,51000,51400,381618,19615165200,-4.461,138983,29287,-162571,-7773,-55336,-75672,-3943,0,-19767,-5843,144,-80
2025-10-01,51700,51700,48900,49700,606333,30134750100,-3.3074,257237,1023,-254493,-52056,-82679,-28009,-25755,0,-65984,-4376,609,-10
2025-10-02,49950,50400,49450,49800,300092,14944581600,0.2012,2186,-2959,-2398,14833,8101,-7674,12141,0,-29789,3170,1,-10
2025-10-10,49600,50200,49050,49850,226598,11295910300,0.1004,-5791,11131,-7448,-5269,31396,-8855,-6241,0,-18476,2160,-52,-3
2025-10-13,49550,50400,48850,50100,164168,8224816800,0.5015,-336,-11677,11648,1282,8671,224,2629,0,-1158,367,-2,0
2025-10-14,49700,50200,48650,48850,248764,12152121400,-2.495,109442,-50816,-59830,-42912,-779,-800,-3282,0,-12020,858,346,-37
2025-10-15,49200,49800,49050,49800,265342,13214031600,1.9447,32171,61964,-92240,-89248,-11370,215,-2477,0,10640,-1885,-10,0
2025-10-16,49700,49950,49225,49500,261733,12955783500,-0.6024,46339,22047,-75615,-87728,-2075,19,-7165,0,21506,7253,-24,-172
2025-10-17,49050,49300,48750,48950,227964,11158837800,-1.1111,85272,28997,-115097,-88739,-16222,119,-5120,0,-4951,954,-126,-184
2025-10-20,49100,49900,48750,49800,229155,11411919000,1.7365,-41550,9794,30931,28197,-14314,-2977,1133,0,18892,731,94,0
2025-10-21,49950,50000,48900,49300,273316,13474478800,-1.004,121860,-16486,-101351,-77971,-14922,-3255,-11360,0,6157,-3984,-39,0
2025-10-22,49350,49700,49200,49600,177527,8805339200,0.6085,-32412,44764,-13432,-17419,907,-1702,-561,0,5343,1030,50,0
2025-10-23,49600,50400,49100,49250,209664,10325952000,-0.7056,23597,9985,-32255,-20491,-4696,9135,-2114,0,-14090,-1317,-10,1
2025-10-24,49500,49600,49000,49150,155320,7633978000,-0.203,26150,-28471,1849,-13631,2814,5432,-1880,0,9114,494,-22,0
2025-10-27,49300,49700,49200,49500,146019,7227940500,0.7121,-16124,40712,-23264,-22143,-1101,1061,-7719,0,6641,-95,-1229,-3
2025-10-28,49650,50600,49500,49900,235941,11773455900,0.8081,-25657,40303,-12059,-6655,922,26,-391,0,-5961,-2660,73,0
2025-10-29,50200,50200,49050,49450,180569,8929137050,-0.9018,41880,-38704,-3640,-4166,-616,4693,-783,0,-2768,557,-93,0
2025-10-30,49750,50000,49100,49200,177888,8752089600,-0.5056,56000,-13026,-43311,-26293,-14209,3040,-1092,0,-4757,296,41,0
2025-10-31,49200,49400,48650,48700,172950,8422665000,-1.0163,78050,-67902,-10811,-6333,-4242,-1644,-539,0,1947,671,-8,0
2025-11-03,49200,50600,48750,48800,207416,10121900800,0.2053,13891,-16103,593,6584,-845,-469,-1678,0,-2999,1181,438,0
2025-11-04,48800,49450,48500,48650,148803,7239265950,-0.3074,22997,-9520,-12478,-6490,21,-61,-601,0,-5347,-522,-477,0
2025-11-05,48650,48700,45200,45250,621497,28122739250,-6.9887,434664,-365507,-72935,-9858,-15567,-3992,-390,0,-43120,2840,938,-8
2025-11-06,46150,46300,44400,44600,280340,12503164000,-1.4365,118186,-84633,-34639,-8634,-11194,-2480,-7762,0,-4363,997,89,-206
2025-11-07,44600,44600,42950,43400,343706,14916840400,-2.6906,201857,-80413,-123569,-21220,-58264,-2585,-27064,0,-14437,1904,221,1
2025-11-10,43650,44850,43500,44750,120074,5373311500,3.1106,-31374,18518,11187,-7589,11320,-28,-186,-3,7673,1674,-5,0
2025-11-11,44900,45150,44500,44750,128459,5748540250,0.0,18059,16315,-34511,-23115,-4059,-500,-9856,0,3018,39,98,1
2025-11-12,44950,45750,44400,45650,135969,6206984850,2.0112,-31648,22173,8656,1686,-6755,191,-687,0,14221,817,2,0
2025-11-13,45300,46300,45150,46250,135509,6267291250,1.3143,-25249,5455,18800,-4856,-2405,44,-404,0,26421,990,4,0
2025-11-14,45600,46700,45550,45750,124315,5687411250,-1.0811,-7594,-8723,15585,159,8396,3372,210,0,3448,742,-10,0
2025-11-17,46550,48100,46300,48000,305523,14665104000,4.918,-142983,99732,43105,27969,7718,8537,-2346,0,1228,526,-380,-1
2025-11-18,47800,49500,46600,46650,261415,12195009750,-2.8125,21225,-28893,6209,-187,7736,988,439,0,-2767,1636,-177,0
2025-11-19,47650,49400,46700,46900,414888,19458247200,0.5359,-4996,-78751,83882,17447,13318,12027,7052,0,34038,-303,168,0
2025-11-20,47350,49350,46700,48500,410149,19892226500,3.4115,-148378,3480,143188,28116,71318,16990,12310,0,14454,1944,-234,0
2025-11-21,48350,49350,48050,48450,299166,14494592700,-0.1031,-56941,5270,47360,40564,6677,1038,13299,0,-14212,4096,215,-6
2025-11-24,49300,50200,48000,48000,306298,14702304000,-0.9288,-8667,-44462,53967,32860,9537,5956,3953,0,1661,-1033,195,0
2025-11-25,48400,48650,45500,45750,324289,14836221750,-4.6875,160508,-97057,-63047,-14906,-12219,-7279,-5306,0,-23305,-885,481,-32
2025-11-26,46200,46300,45550,46300,205640,9521132000,1.2022,30497,31954,-62349,3857,-64901,-15836,4561,0,9969,375,-477,1
2025-11-27,46250,46700,45400,45700,146106,6677044200,-1.2959,50412,-10874,-36751,-32439,-844,207,-7437,0,3762,-2790,3,0
2025-11-28,45600,45800,45350,45500,96303,4381786500,-0.4376,34761,-27321,-7087,-21031,759,439,173,0,12573,-358,5,0
2025-12-01,45750,46650,45750,46200,114721,5300110200,1.5385,-40341,18761,22148,4272,6097,325,3952,0,7502,-206,-362,0
2025-12-02,46600,46850,46000,46850,98992,4637775200,1.4069,-30733,24518,7232,1488,828,1422,72,0,3422,-952,-65,0
2025-12-03,46950,47500,46550,47250,103229,4877570250,0.8538,-28762,4158,20652,4660,4200,189,2684,0,8919,3961,-9,0
2025-12-04,47000,47200,46300,46800,98011,4586914800,-0.9524,16023,-25007,11052,13249,1823,179,4669,0,-8869,-2068,0,1
2025-12-05,46650,46800,46200,46750,76992,3599376000,-0.1068,-2464,-9640,12335,433,2725,124,-197,0,9250,-233,2,0
2025-12-08,46850,46950,46050,46200,166449,7689943800,-1.1765,32383,1687,-27772,26907,-55444,-129,5239,0,-4345,-6299,1,0
2025-12-09,46200,46500,45550,45950,94832,4357530400,-0.5411,34539,-2494,-32167,-20219,-561,257,-5677,0,-5967,120,2,0
2025-12-10,45950,46150,45450,45500,94952,4320316000,-0.9793,40234,-18527,-21320,-15425,1383,-298,-3772,0,-3209,-410,23,1
2025-12-11,45700,46100,45450,45700,159047,7268447900,0.4396,-11731,59264,-46107,-5336,3568,-242,-8044,0,-36053,-1423,-3,0
2025-12-12,46050,46500,45550,45950,103096,4737261200,0.547,15549,-34941,20095,-194,7641,665,414,0,11569,-692,-11,0
2025-12-15,45700,46100,45300,45450,99312,4513730400,-1.0881,38326,-25036,-13526,-3063,-5557,-127,-29,0,-4752,235,1,2
2025-12-16,45700,45700,45050,45100,143760,6483576000,-0.7701,10260,-7553,-1133,-470,7217,115,-612,0,-7384,-1609,35,1
2025-12-17,45400,45700,44850,45050,107953,4863282650,-0.1109,25023,-18974,-5954,-445,-5616,-1174,158,0,1121,-74,-21,2
2025-12-18,44900,45150,44450,44600,77083,3437901800,-0.9989,10782,-1498,-2878,-1148,195,-48,4,0,-1883,-6423,17,2
2025-12-19,45000,45050,44400,44850,85467,3833194950,0.5605,4233,-10981,6477,98,196,97,-648,0,6734,295,-24,0
2025-12-22,45050,45400,44800,45200,77889,3520582800,0.7804,-7921,-7641,16873,-529,171,30,-209,0,17410,-1289,-22,0
2025-12-23,45300,45450,44850,45000,74806,3366270000,-0.4425,6508,-5197,-1386,-196,-32,-340,-75,0,-744,77,-2,1
2025-12-24,45050,45400,44850,45300,84336,3820420800,0.6667,-24606,19738,5127,-50,1090,89,-1188,0,5186,-227,-32,0
2025-12-26,45300,45350,44650,44850,86611,3884503350,-0.9934,3617,5894,5585,1076,850,159,494,0,3006,-15096,0,0
2025-12-29,44650,44950,44350,44900,63505,2851374500,0.1115,294,1442,-1157,-153,1192,-305,-1350,0,-542,-563,-16,1
2025-12-30,44700,44950,44350,44600,94698,4223530800,-0.6682,31908,-5661,-24106,1616,-14254,630,-6096,0,-5953,-1879,-262,-49
2026-01-02,45050,45600,44550,45550,160185,7296426750,2.13,649,3494,-13117,-1774,-9079,-122,-1270,0,-872,8977,-3,0
2026-01-05,45950,46000,44800,44800,211904,9493299200,-1.6465,67787,-58382,-14822,-4336,-4227,-2232,-1819,0,-2208,4876,541,0
2026-01-06,45150,45400,44450,44700,192293,8595497100,-0.2232,66321,-24606,-42811,20533,-56090,-2696,-1386,0,-3173,1258,-162,1
2026-01-07,44600,45100,44200,44500,178042,7922869000,-0.4474,6277,30,-2688,15042,-2758,-862,-2542,0,-11568,-3768,149,0
2026-01-08,44150,44400,43450,44300,228565,10125429500,-0.4494,17241,-20394,3886,4081,-13415,-646,36,0,13829,-849,116,1
2026-01-09,44250,45300,44250,44850,184447,8272447950,1.2415,-100587,59654,40982,36486,319,101,-2841,0,6917,-200,151,0
2026-01-12,45000,45850,44475,45550,212788,9692493400,1.5608,-98231,85322,8857,13220,-287,-1714,-6490,0,4128,4445,-393,0
2026-01-13,45500,45700,45050,45700,154011,7038302700,0.3293,-30609,29750,2103,11116,-8162,-886,-6940,0,6975,-970,-274,0
2026-01-14,45850,46900,45700,46550,308937,14381017350,1.86,-135419,128473,16899,11942,-2521,-650,-287,0,8416,-9840,-113,-1
2026-01-15,46600,46600,45800,46250,142375,6584843750,-0.6445,16806,-12798,-4381,-9030,-1717,-424,-1448,0,8237,52,321,1
2026-01-16,46300,47200,46000,46500,218232,10147788000,0.5405,-55149,47547,12424,9438,-368,-50,-705,0,4109,-4635,-187,0
2026-01-19,46500,46500,45300,45900,187546,8608361400,-1.2903,5223,-3985,-4996,6978,37,-1086,-16067,0,5144,3810,-52,-2
2026-01-20,45400,46400,45400,46300,158345,7331373500,0.8715,-63371,81149,-17376,-3852,-9088,-1194,-392,0,-2851,-397,-5,1
2026-01-21,45700,45800,44750,45450,190495,8657997750,-1.8359,27090,-18026,-10349,7391,-4959,-9768,-2235,0,-779,1235,50,1
2026-01-22,45400,46050,45150,45600,173686,7920081600,0.33,-47898,68714,-20612,-6771,-6107,-7273,-919,0,463,-236,32,-5
2026-01-23,45600,46300,45250,46300,209898,9718277400,1.5351,-54629,64292,-8219,-17784,-900,-645,-622,0,11731,-1362,-82,1
2026-01-26,46050,46400,45500,45700,168758,7712240600,-1.2959,66865,-47654,-21331,-1254,2009,-12,-977,0,-21098,2102,18,1
2026-01-27,45800,45950,45400,45550,145298,6618323900,-0.3282,23155,-15996,-9530,8939,-3994,-1424,-9617,0,-3431,2213,158,-3
2026-01-28,45550,45850,45350,45700,208370,9522509000,0.3293,-34376,36592,-6777,-1497,-1637,564,-663,0,-3545,5893,-1332,1
2026-01-29,45500,45950,44400,45850,384001,17606445850,0.3282,24655,3478,-27866,2471,-14926,-2121,-1727,0,-11563,296,-563,0
2026-01-30,46200,46600,45700,46200,451252,20847842400,0.7634,-84411,50409,29180,5809,21384,-675,-1634,0,-4702,4560,262,8998
2026-02-02,46700,48300,45800,46050,581123,26760714150,-0.3247,9554,-1433,-11301,19045,178,1052,144,0,-31720,2872,308,0
2026-02-03,46950,47000,46000,46950,252027,11832667650,1.9544,-45256,49240,-1621,-3922,-3564,655,-171,0,5381,-2503,140,0
2026-02-04,46600,47700,45800,47700,382530,18246681000,1.5974,-96047,45058,46021,-8777,4094,29409,-1167,0,22461,4903,65,1
2026-02-05,48050,52800,47700,50100,2103543,105387504300,5.0314,-455293,191762,255473,74274,90402,71627,28087,0,-8917,6570,1488,0
2026-02-06,50300,50800,48100,49050,597017,29283683850,-2.0958,126322,-190846,47312,5516,8898,19655,9604,0,3639,16919,293,0
2026-02-09,49600,50300,48800,49700,362526,18017542200,1.3252,-12866,-24463,36772,12288,3148,-567,2569,0,19334,510,47,0
2026-02-10,50200,53400,50100,52900,1203609,63670916100,6.4386,-601821,265824,325759,93328,99071,64730,47193,0,21556,11895,-1657,-119
2026-02-11,52400,52500,50500,50800,588762,29909109600,-3.9698,235320,-147130,-87754,-17304,-2829,-66828,3589,0,-4384,-2497,2061,2
2026-02-12,50800,51200,49800,49950,391663,19563566850,-1.6732,23197,29000,-49641,-7479,-9208,-25926,-1605,0,-5422,-2169,-387,-1
2026-02-13,49700,49750,48650,48800,314532,15349161600,-2.3023,112902,-40566,-77676,-9104,-47602,-8084,-427,0,-12459,5211,129,0
2026-02-19,49150,49150,48200,48600,318225,15465735000,-0.4098,114895,-51871,-53445,-12647,-9367,-31571,-11829,0,11969,-9669,90,0
2026-02-20,48800,49300,47850,48150,358946,17283249900,-0.9259,54212,25670,-45179,-5350,-5682,-34830,-706,0,6349,-33980,-723,-4960
2026-02-23,48450,48900,48150,48600,180367,8765836200,0.9346,-10365,10305,597,-53,-2021,-2796,-1094,0,6562,-38,-499,-1
2026-02-24,48550,48550,48100,48250,177577,8568090250,-0.7202,74307,-58348,-15033,-9300,-5283,-4833,-920,0,5303,-761,-165,0
2026-02-25,48400,48450,47700,48200,265369,12790785800,-0.1036,105015,-54985,-48364,-14575,-7726,309,-24531,0,-1840,-234,-1432,-1
2026-02-26,49300,49300,48300,48400,395355,19135182000,0.4149,178292,-109032,-71290,-2514,-44411,-9725,-11265,0,-3374,1570,460,-1
2026-02-27,48650,48650,47750,47950,324899,15578907050,-0.9298,146207,-48260,-88533,-60674,-881,-4376,-744,0,-21858,-9544,130,0
2026-03-03,46750,46900,45250,45250,367945,16649511250,-5.6309,71193,-54168,-23409,-8049,17707,-124,-719,0,-32226,8276,-1892,2
2026-03-04,43900,44450,40600,41600,463030,19262048000,-8.0663,-13133,-11458,5822,-12438,12283,-9652,2029,0,13598,20177,-1408,2
2026-03-05,43450,43700,42750,42850,261259,11194948150,3.0048,51160,-1993,-72399,-30494,-11102,-1786,-4936,0,-24080,22581,651,-1
2026-03-06,41900,42750,41300,42050,182255,7663822750,-1.867,96505,-58085,-38753,-9160,-293,-57,-1897,0,-27347,15,318,1
2026-03-09,40350,40550,39700,40400,280202,11320160800,-3.9239,48634,-30505,-18687,35878,-35588,-39981,127,0,20596,208,350,281
2026-03-10,41750,42200,41300,41900,109202,4575563800,3.7129,-4309,9816,-5407,-449,-1156,-114,-1222,0,-2465,-50,-50,-1
2026-03-11,42550,44300,42300,43100,158313,6823290300,2.864,-49364,12882,33704,14226,9865,3325,-242,0,6243,2438,340,287
2026-03-12,42800,44150,42400,44150,243021,10729377150,2.4362,37191,-107864,71263,-8534,53238,-703,39,0,27223,24,-614,0
2026-03-13,42700,43200,42250,42300,216589,9161714700,-4.1903,108379,-67416,-39610,-4386,-7289,-822,-8105,0,-19009,-1440,87,1
2026-03-16,42450,43100,42250,42750,70036,2994039000,1.0638,-18171,24912,-6454,54,1054,-1246,-266,0,-6050,-289,2,0
2026-03-17,43050,43500,42450,42850,156486,6705425100,0.2339,11801,-3628,-8146,-4219,1899,92,-2471,0,-3446,-27,0,-1
2026-03-18,43400,44500,43150,44350,181110,8032228500,3.5006,-71972,31419,40660,30,10380,1590,2649,0,26011,95,-202,0
2026-03-19,43300,43800,43250,43300,99828,4322552400,-2.3675,11518,4338,-15991,150,-9,-371,-54,0,-15707,65,70,0
2026-03-20,43750,44600,43650,44500,199787,8890521500,2.7714,-18091,31970,-12384,171,0,136,-62,0,-12629,-1533,38,0
2026-03-23,43100,43150,41600,41700,181947,7587189900,-6.2921,91129,-48412,-44791,-2007,-638,-1767,-638,0,-39742,1553,521,1
2026-03-24,42700,43100,42100,43100,119511,5150924100,3.3573,-45568,27253,18474,8078,7957,-1313,-453,0,4205,-143,-16,0
2026-03-25,43600,43800,42550,42700,118378,5054740600,-0.9281,36485,-42129,4102,-2777,-3230,-55,-3242,0,13406,-311,1853,0
2026-03-26,42700,42750,41600,41950,162619,6821867050,-1.7564,60546,-4751,-55724,-77,-49334,13,-8712,0,2386,148,-219,0
2026-03-27,43300,48100,43200,47450,1313665,62333404250,13.1108,-507490,350937,203573,166301,20943,2850,19799,0,-6319,-44504,-2516,-1
2026-03-30,46100,46600,44550,45050,252345,11368142250,-5.058,21279,-57305,35304,28021,-2670,5701,46,0,4204,748,-26,2
2026-03-31,44100,45350,43700,44000,161418,7102392000,-2.3307,-22744,-35538,57037,43240,-776,306,-221,0,14487,1224,21,1
2026-04-01,45350,45550,43900,44200,227995,10077379000,0.4545,112953,-102400,-6495,-19901,-11780,-204,-2607,0,27998,-4190,132,-1
2026-04-02,44250,44750,42700,42900,233514,10017750600,-2.9412,28098,-18553,-9658,13372,-4218,73,-4958,0,-13927,74,39,0
2026-04-03,43200,43500,43000,43100,107035,4613208500,0.4662,16395,-421,-15826,1595,-9898,26,-3829,0,-3720,24,-172,0
2026-04-06,43450,44350,43250,43950,130017,5714247150,1.9722,3423,-9699,6067,4646,-362,-2358,0,0,4141,326,-117,0
2026-04-07,44000,46450,43950,46150,349833,16144792950,5.0057,-164393,133722,30590,18431,-567,2728,708,0,9290,292,-211,0
2026-04-08,47650,47950,46300,47600,358555,17067218000,3.1419,-184740,150856,33987,-4743,-960,179,-1529,0,41041,388,-491,-1
2026-04-09,47300,49150,47000,48950,489279,23950207050,2.8361,-255222,57137,200387,73476,103375,10960,1074,0,11503,-1686,-616,-1
2026-04-10,48950,50500,48650,50100,444757,22282325700,2.3493,-310833,138323,176729,24395,54855,3881,8285,0,85161,-3646,-573,152
2026-04-13,48800,49450,48300,48550,170620,8283601000,-3.0938,-25306,31795,-5032,1509,1473,936,2435,0,-11385,-1496,39,0
2026-04-14,48900,49050,47500,48550,221942,10775284100,0.0,-1319,60084,-58366,-60696,1126,-1404,-12443,0,15051,-485,86,0
2026-04-15,49000,50200,48550,49850,280643,13990053550,2.6777,-116220,36739,79750,-27162,101026,450,-849,0,6285,-27,-242,0
2026-04-16,50200,55000,50200,53800,1196275,64359595000,7.9238,-802434,457115,324712,-8530,222538,53645,8628,0,48431,20419,188,0
2026-04-17,53500,53600,52400,52900,257723,13633546700,-1.6729,-9162,-4113,11545,10660,12319,1637,16094,0,-30634,1640,90,1469
2026-04-20,52700,54000,52300,53300,292877,15610344100,0.7561,-41357,-69312,110688,8446,32071,6166,696,0,63196,379,-398,113
2026-04-21,53800,55600,53400,53900,345256,18609298400,1.1257,-40639,17810,27150,-2235,-44864,-5605,-1107,0,80961,-4226,-95,0
2026-04-22,53800,56300,53500,55700,583789,32517047300,3.3395,-305401,91842,206604,70440,57114,50915,14810,0,13325,7179,-224,0
2026-04-23,56300,56900,55100,56700,492433,27920951100,1.7953,-231417,10321,217681,52870,41478,91562,10615,0,21061,3212,203,95
2026-04-24,56700,62900,55800,62300,2026846,126272505800,9.8765,-896901,383749,531204,152966,122796,189716,23492,0,42234,-14772,-3280,0
2026-04-27,65000,67800,64300,65900,1617057,106564056300,5.7785,-70236,60364,20964,96932,50051,-65348,17389,0,-61983,-11377,285,-16077
2026-04-28,66900,69500,66300,69400,1213226,84197884400,5.3111,-313406,407110,-70795,25617,36206,-99487,-5924,0,-27091,-20018,-2891,-116
2026-04-29,69100,70300,67200,67700,529394,35839973800,-2.4496,-74633,105202,-23873,-5780,44286,-58234,-4895,0,750,-6304,-392,0
2026-04-30,67100,67300,64100,65500,836934,54819177000,-3.2496,-181471,248804,-41618,14566,-3994,-42646,94,0,-9638,-25052,-663,0
2026-05-04,65900,67300,64400,64800,477151,30919384800,-1.0687,-55404,55323,-1059,7079,69388,-54032,-5998,0,-17483,1290,-150,-13
2026-05-06,63600,65400,60700,63900,718989,45943397100,-1.3889,-167883,88578,80220,-10987,82395,18009,-12506,0,3309,-999,84,0
2026-05-07,64000,67200,63200,65700,557530,36629721000,2.8169,-141988,55677,85585,-1607,74057,25789,2577,0,-15231,206,520,0
2026-05-08,64100,65900,63400,64200,277057,17787059400,-2.2831,-33135,27357,9723,14751,10755,-28277,-357,0,12852,-3571,-374,-1
2026-05-11,65000,65300,63400,64200,298216,19145467200,0.0,-11727,-10282,22563,-8440,55157,-5379,-5280,0,-13494,243,-797,-1
2026-05-12,63600,63900,60400,62400,531304,33153369600,-2.8037,-183417,92600,95586,-15126,104581,8754,-2483,0,-140,-4645,-124,0
2026-05-13,62500,64200,60400,61100,524324,32036196400,-2.0833,-2675,29942,-34344,-88137,-44613,16554,2171,0,79681,6115,962,0
2026-05-14,61200,67200,61200,66000,710225,46874850000,8.0196,-255511,98709,154466,84688,55225,39397,5481,0,-30325,-1000,3336,0
2026-05-15,66600,67200,61300,62500,452047,28252937500,-5.303,-91052,51882,46239,2959,40188,-4321,4480,0,2933,-6777,-292,0
2026-05-18,62600,62600,58200,59400,376494,22363743600,-4.96,-24348,-24011,56027,-34922,-9943,116,8941,0,91835,-3328,-4340,0
2026-05-19,59200,59300,56300,57800,385944,22307563200,-2.6936,-33921,28963,6157,954,52408,-34926,-19,-4627,-7779,-1220,21,146
2026-05-20,57900,57900,54000,56400,371586,20957450400,-2.4221,-24603,-32837,58056,70577,-2803,-287,-580,0,-8851,-47,-569,0
2026-05-21,57800,57900,56200,57400,290189,16656848600,1.773,16736,39918,-54271,4376,-45509,-3022,-1022,0,-8778,-2455,72,-316
2026-05-22,57500,59000,56500,58300,184105,10733321500,1.5679,-5927,13210,-6678,2148,-4489,1601,-2049,0,-3889,-548,-57,0
2026-05-26,58800,59000,55500,56400,366083,20647081200,-3.259,-4682,38930,-35186,-13468,-46397,24814,-12394,0,12264,641,297,-5
2026-05-27,55700,55800,54000,54700,368970,20182659000,-3.0142,2164,124829,-130218,-4573,-91681,-8259,-18371,0,-7112,3181,44,-222
2026-05-28,54700,55400,52600,55300,387282,21416694600,1.0969,-40095,-72693,112627,-8759,150987,-3815,-561,0,-25219,157,4,-6
2026-05-29,55400,55800,53000,55100,364783,20099543300,-0.3617,-5161,-3343,11118,-12257,69678,-3813,-9179,0,-33309,269,-2883,-2
2026-06-01,54100,54900,53500,54200,422939,22923293800,-1.6334,-76453,-15375,93106,-17735,141043,-19722,-4150,0,-6330,-1220,-58,0
2026-06-02,52900,54200,51400,52100,300485,15655268500,-3.8745,-29514,51646,-21652,-3174,-14662,-3048,-20051,0,19282,-715,235,1
2026-06-04,52500,55400,51200,55000,429233,23607815000,5.5662,3307,-124652,95607,117358,2297,4186,153,0,-28550,23777,1961,163
2026-06-05,57000,58000,53700,55300,421053,23284230900,0.5455,-14728,-105013,121712,11718,52959,55543,6982,0,-5490,-209,-1762,0
2026-06-08,51000,53700,50000,51500,353997,18230845500,-6.8716,-33205,-62875,96762,520,-17635,-4283,-2105,0,120265,-723,41,0
2026-06-09,52100,56600,52100,55200,383976,21195475200,7.1845,-68576,-5595,72088,34263,-8125,31102,11990,0,2859,-177,2260,-1
2026-06-10,54400,56500,53200,56100,359982,20194990200,1.6304,-55370,-82371,140370,42705,75268,9739,20,0,12638,140,-2769,0
2026-06-11,55600,56400,53300,55700,395369,22022053300,-0.713,-9887,-82095,90711,5919,96526,13509,-11042,0,-14200,167,1104,-1
2026-06-12,56500,57400,54900,55500,323187,17936878500,-0.3591,26451,10688,-36594,-30985,-1630,-6874,-22238,0,25262,-493,-52,-129
2026-06-15,56300,58700,55100,55500,302039,16763164500,0.0,18287,44142,-64231,-29695,-3979,-35209,-1058,0,5712,-106,1908,-2
2026-06-16,56000,60000,55000,59800,474665,28384967000,7.7477,-115671,31500,90838,36348,60386,24859,-4959,0,-25795,-3803,-2864,-1
2026-06-17,59800,59800,57100,57800,341343,19729625400,-3.3445,39344,20096,-60374,23606,-79401,-13855,-735,0,10010,784,150,1
2026-06-18,58000,61100,57400,57600,429426,24734937600,-0.346,-46728,-55446,103271,53820,30680,7485,-3701,340,14647,-1467,370,0
2026-06-19,57700,57800,53700,55000,367443,20209365000,-4.5139,32039,3354,-32891,17675,-57618,-3313,-2281,0,12646,-802,-1700,0
2026-06-22,54100,54500,51900,52500,192555,10109137500,-4.5455,14265,31032,-45944,-6296,-14241,-11608,-287,0,-13512,309,338,0
2026-06-23,52000,52200,49350,49700,259881,12916085700,-5.3333,5367,-38703,36052,-11541,57962,-4404,359,0,-6324,-1819,-897,0
2026-06-24,50000,50000,46800,47900,285775,13688622500,-3.6217,76303,56486,-136072,-84211,-10327,-26334,-2465,0,-12735,389,2894,0
2026-06-25,48050,49950,47500,48400,280661,13583992400,1.0438,17752,57503,-75357,-71937,-516,7887,-1117,0,-9674,0,102,0
2026-06-26,48350,48350,45150,45950,288679,13264800050,-5.062,48357,30657,-80826,-72582,-17877,-2079,-1703,0,13416,21,1791,-1
2026-06-29,46700,49400,46350,49050,255102,12512753100,6.7465,-24427,15406,10470,-29067,8491,5825,-25,0,25246,149,-1598,0
2026-06-30,48350,49100,47000,47150,181202,8543674300,-3.8736,39672,-25870,-13380,-3255,-3055,-641,680,0,-7109,-82,-340,0
