date,open,high,low,close,volume,trading_value,change_rate,individual_net,foreign_net,institution_net,pension_net,trust_net,privateequity_net,insurance_net,bank_net,financial_net,other_corp_net,other_foreign_net,other_finance_net
2016-05-26,27873,28176,27510,27996,647819,18136340724,1.3136,-124454,167492,-23495,-12105,3102,7116,2083,0,-22934,-19605,62,-757
2016-05-27,28115,29324,27994,28842,1263628,36445558776,3.0219,-498357,306211,162419,34884,69651,48979,-14625,1897,21633,27491,2236,0
2016-05-30,29023,29144,28479,28721,468366,13451939886,-0.4195,-15470,83681,-72337,-8876,-35535,590,-3670,0,-24846,4451,-325,0
2016-05-31,28780,29265,28659,28842,674830,19463446860,0.4213,-14856,174561,-160652,-20063,-111906,-7273,19746,0,-41156,690,257,0
2016-06-01,28539,28600,28116,28358,626522,17766910876,-1.6781,-66426,203559,-144669,-118031,3011,-418,23109,0,-58433,17900,-10364,6093
2016-06-02,28418,28842,28358,28358,485975,13781279050,0.0,-61446,232717,-137754,-130955,3646,-495,10119,0,-19633,-33660,143,-436
2016-06-03,28236,28417,27873,28056,540612,15167410272,-1.065,6299,91330,-97752,-72429,726,-17048,-21944,0,13798,199,-76,-855
2016-06-07,28056,28660,28056,28237,612063,17282822931,0.6451,-61550,182824,-124714,-115731,-94096,17373,16460,0,58758,3450,-10,-7478
2016-06-08,28600,30051,28600,30051,1859831,55889781381,6.4242,-936101,459971,461621,35084,40,191169,129174,9488,96257,5306,9203,409
2016-06-09,30171,30171,29385,29870,1067506,31886404220,-0.6023,-93815,159598,-63840,-156497,-26961,15560,39549,5002,69507,-5423,3480,-10000
2016-06-10,29929,29989,29324,29447,524505,15445098735,-1.4161,-47782,-43400,92702,-37179,-41306,30661,-7957,0,147716,-821,-699,767
2016-06-13,29143,29566,28901,29447,555012,16343438364,0.0,-110451,73813,42524,17520,-31972,25116,11917,0,19943,-5886,0,0
2016-06-14,29507,29688,28539,28721,556459,15982058939,-2.4654,163169,-98029,-68147,-79379,-31099,59377,8066,0,-25591,1759,1248,479
2016-06-15,28479,28963,28237,28358,416207,11802798106,-1.2639,36903,77657,-110893,-89212,6274,-12087,9310,861,-26039,-3959,292,0
2016-06-16,29324,29869,29143,29447,1388126,40876146322,3.8402,-555394,347267,200139,74874,77901,34293,38690,-3798,-22180,8258,-270,359
2016-06-17,29930,30595,29749,30051,1228009,36902898459,2.0511,-242231,69931,174613,95067,21897,-28485,32853,11532,40897,-1950,-363,852
2016-06-20,30353,30656,29870,30172,830049,25044238428,0.4026,-546,-15858,-16171,-20016,-8119,32277,-6698,1437,-15052,32720,-145,0
2016-06-21,30171,30171,29566,29689,501985,14903432665,-1.6008,-60231,84580,-29085,-40473,4144,-195,-3308,15390,-4643,4928,-192,0
2016-06-22,29445,30352,29445,30233,638889,19315531137,1.8323,-228179,146156,81418,-10529,53296,1299,7945,11673,17734,445,160,0
2016-06-23,29749,29929,29203,29749,653145,19430410605,-1.6009,-4247,106980,-74078,-65915,5012,-9470,-23923,0,40101,-28596,-59,-19883
2016-06-24,30051,30414,27511,27814,1887743,52505683802,-6.5044,160903,100617,-231065,-148263,-9490,-27710,-20197,-19728,6930,-29290,-1165,-12607
2016-06-27,27149,28056,26967,27572,1313937,36227870964,-0.8701,-243992,191954,58950,-65079,16681,12148,-17036,-5000,117236,-9157,2245,0
2016-06-28,27389,28176,27329,28117,834523,23464283191,1.9766,-20642,-11882,30079,-83155,59369,6793,33596,3394,10082,7425,-4980,0
2016-06-29,28599,29022,28357,28540,721255,20584617700,1.5044,-33837,-44127,71702,-14395,-907,5931,16984,-49,64138,6283,-21,0
2016-06-30,28963,29084,28479,28721,503324,14455968604,0.6342,-96684,118057,-21523,7828,8001,-4995,-852,-4108,-22397,450,-300,-5000
2016-07-01,28901,29143,28599,28661,527458,15117473738,-0.2089,82448,-12733,-78329,7418,5170,-111759,2901,12472,4199,8800,-186,1270
2016-07-04,28901,29870,28721,29749,1117433,33242514317,3.7961,-437950,268155,120027,47844,-21168,28500,19903,-2987,47935,50532,-764,0
2016-07-05,29870,30111,29144,29386,647686,19032900796,-1.2202,184158,-162572,-22667,26250,13243,-25830,-18766,193,-17757,977,104,0
2016-07-06,29386,29386,28418,28479,814908,23207764932,-3.0865,253355,-74450,-165652,-2196,4084,-124606,-51174,0,8240,-13594,341,0
2016-07-07,28842,29084,28600,28721,491896,14127745016,0.8497,-57277,50217,-91,-29839,-6188,-718,-4068,0,40722,6113,1038,0
2016-07-08,29143,29264,28478,28540,420832,12010545280,-0.6302,93373,-45233,-51550,-55088,11954,11678,-5960,341,-14475,4002,-592,0
2016-07-11,28720,29022,28599,29024,500186,14517398464,1.6959,-183592,147413,41804,-37890,-16350,26083,-5405,0,75366,420,-6045,0
2016-07-12,29264,29385,28780,29084,376740,10957106160,0.2067,-15075,91804,-66637,-17424,-13744,-13912,-14690,-41,-6826,-9229,-863,0
2016-07-13,29506,29566,29022,29205,610361,17825593005,0.416,30809,32927,-50184,-29452,48972,-32596,-12,-1071,-36025,-13552,0,0
2016-07-14,29385,30231,29324,30233,1534687,46398192071,3.5199,-614098,420714,167249,75693,21975,12783,-3012,7687,52123,31773,-5638,0
2016-07-15,30473,30594,29506,29870,859980,25687602600,-1.2007,122433,-78941,-58689,-38916,24058,14192,16093,-10005,-61330,14653,544,-2781
2016-07-18,29990,30232,29386,30172,664502,20049354344,1.011,8291,-77755,89877,49023,3467,-3209,438,293,39865,6051,-26464,0
2016-07-19,30231,31380,29748,31261,1892796,59170695756,3.6093,-462492,35488,413175,-35340,71248,266992,4823,8289,106163,14060,-231,-9000
2016-07-20,31562,32287,31199,31503,1810955,57050515365,0.7741,-498122,132983,352890,-44256,45202,170802,-5426,1260,190128,12247,2,-4820
2016-07-21,31684,32045,31259,31563,1007744,31807423872,0.1905,-101545,79162,38777,-107691,41832,-6000,-15943,2244,120857,-16156,-238,3478
2016-07-22,31501,31743,30655,30777,772987,23790220899,-2.4903,224302,82468,-297693,-80671,-25255,-197665,-21049,195,27564,-10036,959,-812
2016-07-25,30837,31563,30352,31442,826296,25980398832,2.1607,-274396,123537,155070,-27853,72074,9372,32764,-1000,69713,-4704,493,0
2016-07-26,31441,31985,31017,31140,532977,16596903780,-0.9605,81796,-78927,-9308,-61837,28149,-25103,10134,-634,42958,6204,235,-2975
2016-07-27,31320,31441,30594,30596,576952,17652423392,-1.7469,60581,44935,-86677,-99619,-9481,-12088,8334,0,26177,-9712,-9127,0
2016-07-28,30594,31200,30473,30656,498657,15286828992,0.1961,147097,-15881,-132382,-85064,6136,5319,-5484,0,-49939,1002,164,-3350
2016-07-29,30594,31622,30594,30898,825739,25513683622,0.7894,-73562,85727,-16810,-13881,15255,6389,17103,0,-41676,5833,-1188,0
2016-08-01,30896,31501,30896,31382,576452,18090216664,1.5664,46731,45482,-70416,-77044,2218,119,6649,0,-2358,-21895,98,0
2016-08-02,31078,31259,30534,30596,444205,13590896180,-2.5046,82245,-30516,-52524,-27871,-7838,752,-26808,0,9241,6619,-5824,0
2016-08-03,30292,30776,29929,30354,429130,13025812020,-0.791,39520,53513,-88724,-17144,3825,-68551,-6039,-211,-604,-13048,8739,0
2016-08-04,30474,30656,29930,30051,409337,12300986187,-0.9982,45937,-18868,-24649,-2120,-2416,-14179,128,0,-6062,3390,-5810,0
2016-08-05,30110,30777,30110,30777,407693,12547567461,2.4159,-91352,66533,-17413,-25796,6320,701,-14203,0,15565,44732,-2500,0
2016-08-08,30896,31199,30594,30777,322561,9927459897,0.0,-25068,-24607,48344,8678,53799,-4237,-30483,0,20587,1481,-150,0
2016-08-09,30896,31683,30776,31624,692630,21903731120,2.7521,-96563,16223,80455,751,12620,21256,9940,120,41182,2548,-2663,-5414
2016-08-10,31743,32227,31501,31926,1062234,33912882684,0.955,-79813,-85057,164883,-19999,-3356,165834,10040,71,9293,-3084,3071,3000
2016-08-11,31924,32771,30957,31563,2694595,85049501985,-1.137,485214,-561968,138686,-59456,93270,100028,-40222,-233,34299,-62490,558,11000
2016-08-12,32107,32470,31321,31442,1872218,58866278356,-0.3834,-152087,137060,15404,-45951,8028,36556,-15074,-2147,33992,-186,-191,0
2016-08-16,31986,32893,31804,32651,2124700,69373579700,3.8452,-730519,555156,190010,-7051,57818,82882,76892,-150,-16459,-9930,-4717,-3922
2016-08-17,32650,33194,32469,32833,1280325,42036910725,0.5574,-188142,243993,-62849,-25925,965,-9647,-3897,13000,-41345,6637,361,4000
2016-08-18,32893,33014,32107,32228,784582,25285508696,-1.8427,77212,44257,-121738,-56684,-9574,-6299,-1253,200,-48128,901,-632,0
2016-08-19,32167,32530,31865,32107,750428,24093991796,-0.3754,148668,138171,-290275,-9236,-75291,-53244,-1219,-5926,-145359,2765,671,0
2016-08-22,32045,32348,31562,31684,683246,21647966264,-1.3175,-43202,212370,-174256,-45779,-14776,-67773,2880,951,-55399,5199,-111,5640
2016-08-23,31684,32167,31200,31744,834098,26477606912,0.1894,98761,161411,-263084,-143572,-33818,-5076,5341,1232,-85191,3739,-827,-2000
2016-08-24,31743,32650,31622,32591,920043,29985121413,2.6682,-284584,254464,29281,66080,-19820,-24582,-216,785,5034,2886,-2047,2000
2016-08-25,32529,32650,32045,32410,546397,17708726770,-0.5554,-115957,2690,117118,75220,-27573,1645,10557,1807,55462,-3697,-154,0
2016-08-26,32470,32530,31563,31744,645017,20475419648,-2.0549,118955,-64563,-52038,39851,-46795,-39292,-1908,0,-894,-2644,290,-3000
2016-08-29,31501,31562,30655,30898,842931,26044882038,-2.6651,83917,222864,-319202,-37810,-95560,-49074,-21047,7781,-115852,11809,612,-7640
2016-08-30,31017,31441,30776,31140,462627,14406204780,0.7832,-5000,83835,-86286,12799,-8490,-104500,-16277,0,17966,6269,1182,12216
2016-08-31,30837,31200,30535,30958,763431,23634296898,-0.5845,37249,148132,-192349,-75631,-69616,-49524,-1270,-1591,5283,6588,380,0
2016-09-01,30594,30655,29687,29810,1414201,42157331810,-3.7082,489568,-63284,-448718,-230747,-96605,-17938,1301,-8343,-69386,20698,1736,-27000
2016-09-02,29870,30051,29386,29749,665167,19788053083,-0.2046,51195,160602,-215081,-94521,-14091,-13746,-5160,-8000,-79563,2784,500,0
2016-09-05,30050,30413,29989,30354,482905,14658098370,2.0337,-46771,122834,-60485,-24752,-14626,-27605,-1385,2646,6787,-15255,-323,-1550
2016-09-06,30474,30474,29749,30051,525870,15802919370,-0.9982,164989,9393,-177090,-138769,9247,-5478,5167,0,-43369,2361,347,-3888
2016-09-07,29989,30171,29627,29689,677057,20101145273,-1.2046,276815,34242,-307009,-186172,-31188,-53817,-1677,-8500,-25655,-3793,-255,0
2016-09-08,29990,30051,29144,29144,810462,23620104528,-1.8357,236433,121588,-361665,-155658,-87202,-29597,1622,0,-90830,3486,158,0
2016-09-09,29204,29688,29144,29507,557293,16444044551,1.2455,-56367,119637,-71885,6628,-45861,-16735,6618,0,-22535,8115,500,0
2016-09-12,28963,29265,28721,28721,599704,17224098584,-2.6638,159593,-133188,-25790,3319,-37897,5429,785,40,2534,125,-740,0
2016-09-13,29144,29386,28056,28358,732992,20786187136,-1.2639,280499,-123245,-165224,-40218,-8683,13708,1415,-5418,-126028,7124,846,0
2016-09-19,28115,28478,27934,28177,627439,17679348703,-0.6383,266324,-91921,-175135,-24866,-31995,-12907,3681,0,-109048,1128,-396,0
2016-09-20,28055,28417,27813,28298,582071,16471445158,0.4294,223287,-45430,-183899,-17319,-83755,-8651,-1053,0,-73121,5869,173,0
2016-09-21,28177,28842,28056,28721,606676,17424341396,1.4948,131714,-120511,-13319,891,-3381,24772,9413,162,-45176,2116,0,0
2016-09-22,29022,29022,28115,28117,1095536,30803185712,-2.103,599271,-435855,-165312,-39000,9425,-98194,-9200,-130,-28213,204,1692,0
2016-09-23,28237,28842,28177,28479,624915,17796954285,1.2875,-16418,-17022,29797,3817,6447,9619,-3648,-188,13750,3550,93,0
2016-09-26,28357,28780,28115,28177,544533,15343306341,-1.0604,189683,-86224,-103743,-3352,-10599,-56342,-1263,-44,-32143,-886,1170,0
2016-09-27,28055,28962,27994,28903,727238,21019359914,2.5766,-94447,-52610,145456,26684,82762,3398,8542,0,24070,2334,-733,0
2016-09-28,29203,29265,28600,28721,539653,15499373813,-0.6297,63381,-133866,71022,42188,18765,17591,-2843,0,-4679,-729,192,0
2016-09-29,29143,29506,28901,29024,819055,23772252320,1.055,98297,-145672,45158,12826,-5066,7236,10748,5741,11295,2317,-100,2378
2016-09-30,28902,29507,28660,29265,970234,28393898010,0.8303,-155030,-3694,160178,-21617,51218,89170,14922,0,26485,-1410,-44,0
2016-10-04,29385,29929,29385,29930,761052,22778286360,2.2723,-276238,-81887,350456,227774,55127,15413,76066,-11441,-17213,5740,1929,4730
2016-10-05,29870,29989,29386,29628,508526,15066608328,-1.009,101797,-116488,19211,-5410,8891,10375,5539,-44,-140,-6220,1700,0
2016-10-06,29870,29989,29507,29628,603225,17872350300,0.0,-73682,-18113,87314,86766,23512,13504,-10962,0,-25506,4481,0,0
2016-10-07,29506,29808,29324,29326,421585,12363401710,-1.0193,-36616,4843,31793,-18590,37695,206,10069,0,2413,818,-838,0
2016-10-10,29748,30776,29627,30475,1176158,35843415050,3.918,-318252,18628,305504,130985,9694,42832,23703,360,97930,-6617,737,0
2016-10-11,30896,31078,30534,30777,1124396,34605535692,0.991,-294310,-25885,361993,189885,1994,9449,67938,788,83336,-41287,-511,8603
2016-10-12,30836,31622,30715,31563,1243369,39244455747,2.5539,-365261,23261,350533,317876,7968,-97506,2194,21443,99573,-6850,-1683,-1015
2016-10-13,31501,31743,30777,30777,1042752,32092778304,-2.4903,-17447,-151442,166140,342033,-65037,-839,-34637,4930,-82293,2749,0,1983
2016-10-14,30958,32409,30958,32228,1611298,51928911944,4.7146,-807503,-27433,819553,548239,142112,8610,67566,14442,35496,9842,5541,3088
2016-10-17,32470,32953,31986,32651,1328811,43387007961,1.3125,-326474,-68139,398294,255357,33376,25855,-2660,450,84406,-3473,-208,1510
2016-10-18,32470,33256,32470,32772,1561922,51187307784,0.3706,-605295,183682,432424,181468,99136,99014,50672,2097,3567,-11098,287,-3530
2016-10-19,33013,33738,32952,33498,1301015,43581400470,2.2153,-530134,292641,253365,121754,73320,99661,18291,181,-60784,-15448,-424,942
2016-10-20,33860,34586,33800,34586,1721366,59535164476,3.248,-781913,364448,432858,130249,130542,27506,30623,1448,111073,-15539,146,1417
2016-10-21,34887,34887,33980,34344,1107917,38050301448,-0.6997,-61416,-89891,149614,96313,9552,-1906,-599,-3000,48598,-4865,6558,656
2016-10-24,34223,34707,33860,34042,818024,27847173008,-0.8793,-65016,-50102,106202,63081,1171,-6050,-3333,0,51333,9709,-793,0
2016-10-25,33980,35069,33920,34768,1058074,36787116832,2.1327,-89265,97935,10712,-4640,2720,-22723,-16860,0,52215,-17449,-1933,0
2016-10-26,34525,34525,33195,33558,1442775,48416643450,-3.4802,-115811,180433,-65712,-80071,-14729,-17451,46402,6252,-5851,299,791,-264
2016-10-27,33377,33920,32892,33377,890674,29728026098,-0.5394,-177173,233168,-58110,-71753,-18871,9819,-915,0,23610,1752,363,0
2016-10-28,33135,33498,32288,32893,1043227,34314865711,-1.4501,-217954,268957,-52903,-1998,-18981,-50967,6473,4428,7432,2062,-162,710
2016-10-31,32590,33194,32106,32712,866283,28337849496,-0.5503,-8618,-35371,47655,-6109,29940,-4355,328,809,28859,-4126,460,-1817
2016-11-01,32469,33013,31622,32047,1359593,43570876871,-2.0329,-136155,310849,-171999,7490,-56243,-77818,-2021,-9724,-32966,-3004,309,-717
2016-11-02,31743,32650,31380,31382,1361838,42737200116,-2.0751,-106431,464028,-350365,-194568,-109380,-2629,-52000,-28199,37554,-9010,1778,-1143
2016-11-03,31381,32046,31079,31865,1073663,34212271495,1.5391,51373,12874,-55753,-12569,12760,-48629,40347,-3002,-44660,-8553,59,0
2016-11-04,31683,31864,31138,31503,631740,19901705220,-1.136,-2547,-44658,44991,38401,26780,-25041,16520,-13084,1415,2094,120,0
2016-11-07,32650,33497,32469,33317,1326860,44206994620,5.7582,33851,-312239,279413,146555,21256,62934,-5829,-346,54843,514,-1539,0
2016-11-08,33617,34162,33194,33861,1094256,37052602416,1.6328,-174911,-55808,229514,152026,55692,3019,14707,0,3870,188,1017,200
2016-11-09,34101,34163,28842,29749,6413290,190788964210,-12.1438,868792,441804,-1305205,-488326,-163164,-385975,-54934,-2044,-200235,-2126,-3265,-10527
2016-11-10,30594,30715,29264,30354,3080774,93513813996,2.0337,284888,170129,-459582,-336870,-67067,-68801,-21235,7706,26685,2144,2421,0
2016-11-11,29989,29989,28901,29024,1920247,55733248928,-4.3816,331313,73392,-344968,-216779,-78030,-62936,-66036,-3687,83164,-37413,-22324,-664
2016-11-14,29204,29688,28600,29386,1298733,38164567938,1.2472,-37145,-7872,40275,-105934,23427,42528,-8580,362,83472,5851,-1109,5000
2016-11-15,29567,30535,29325,30051,1260066,37866243366,2.263,-234652,-17271,227346,81096,59779,26690,17167,-2179,44793,23438,1139,0
2016-11-16,30413,30836,29929,30233,813227,24586291891,0.6056,-60562,-75608,131738,61481,29469,59773,567,-372,-19180,3703,729,0
2016-11-17,30352,30413,29869,30112,521076,15690640512,-0.4002,14271,-12289,-12422,25481,-18914,24917,11566,0,-55472,10369,71,0
2016-11-18,30292,30292,29566,29991,565728,16966748448,-0.4018,-73238,45489,29300,71577,862,-4757,-3702,0,-34680,-1449,-102,0
2016-11-21,30110,30413,29808,29991,541513,16240516383,0.0,-729,-77851,77365,-12029,14763,49528,13263,-535,9064,1181,34,3311
2016-11-22,30534,30776,30231,30717,762381,23418057177,2.4207,-199081,-27733,230198,37670,28972,113944,21767,-8581,31260,-4943,1559,5166
2016-11-23,30958,30958,30232,30293,825860,25017776980,-1.3803,153840,-332552,183720,146477,30465,4768,22719,-9154,-11555,-4490,-518,0
2016-11-24,30473,30473,28841,29205,1458080,42583226400,-3.5916,316556,-185812,-123363,-207832,27485,24607,-6993,-2945,42315,-7474,93,0
2016-11-25,28842,29203,28599,28963,1011965,29309542295,-0.8286,104435,51071,-149514,-178217,-2199,-37919,17657,15000,36164,-5483,-509,0
2016-11-28,28901,28962,27692,28298,1067515,30208539470,-2.296,-122060,37622,81908,21117,60678,14280,12990,0,-27157,2077,453,0
2016-11-29,28296,28842,27935,27935,895622,25019200570,-1.2828,186429,-155355,-31428,-43611,-15638,-14622,5229,0,37214,301,53,0
2016-11-30,28055,28478,27873,28117,561033,15774564861,0.6515,-79161,31407,36740,21783,11146,-15248,18264,0,-7871,10514,500,8666
2016-12-01,28962,29203,28538,29084,718989,20911076076,3.4392,-106983,-124404,237678,134332,47512,50011,15143,617,-15074,-5802,-489,5137
2016-12-02,29084,29204,28297,28358,513915,14573601570,-2.4962,63749,-109853,43344,22565,-23400,13826,32759,8809,-11215,888,1872,0
2016-12-05,28417,28962,28055,28419,515117,14639110023,0.2151,-125417,18653,103707,37420,11005,13344,26531,9294,6113,2651,406,0
2016-12-06,28780,30231,28720,29689,1213775,36035765975,4.4688,-376215,120496,255391,44101,168327,38376,13501,-28324,19139,423,-95,271
2016-12-07,29627,30110,29506,29810,745785,22231850850,0.4076,-117148,-191880,304155,110192,147496,44917,15246,1470,-15166,3786,1087,0
2016-12-08,30292,31017,29808,30777,1420482,43718174514,3.2439,-446859,33693,416506,146628,110280,24133,72724,-986,63201,-5481,2141,526
2016-12-09,30776,31320,30473,30898,877872,27124489056,0.3932,-365546,-192429,565807,232646,145714,15,163177,1719,21036,-7625,-207,1500
2016-12-12,31441,31622,30594,30717,770815,23677124355,-0.5858,56179,-163307,112516,138653,-11110,-30678,35771,7370,-27490,-5281,-107,0
2016-12-13,30837,31623,30837,31442,737795,23197750390,2.3603,-308889,38611,271758,131212,52980,1925,43922,3454,38265,-1321,-159,0
2016-12-14,31744,31804,30777,31079,678443,21085329997,-1.1545,25007,-5446,-20736,-33759,3185,660,3690,4112,218,3229,-2054,1158
2016-12-15,30473,31199,30352,31019,790193,24510996667,-0.1931,-26136,60538,-50062,-88672,-6490,-3021,45107,3188,-174,16090,-430,0
2016-12-16,31079,31139,30293,30293,685616,20769365488,-2.3405,55565,96090,-166697,-175835,7620,4568,18980,0,-22030,15044,-2,0
2016-12-19,30473,30534,30110,30233,501860,15172733380,-0.1981,75014,67872,-146369,-29261,-85001,-13898,-14049,0,-4160,3481,2,0
2016-12-20,30232,30958,29809,30051,766120,23022672120,-0.602,136812,-43020,-118581,-79506,-37567,-22805,-6130,1115,26291,10057,14732,21
2016-12-21,30232,31260,29990,31200,947412,29559254400,3.8235,-404001,256470,160337,136776,2186,-8468,11468,3817,20947,-12802,-4,-6389
2016-12-22,31259,31501,30655,30898,506547,15651289206,-0.9679,10530,-16574,17131,12291,-157,-8795,-6335,-4590,24717,-1899,-9188,0
2016-12-23,31199,31380,30896,31019,361117,11201488223,0.3916,-25342,-65649,84314,13152,26268,2412,10472,3135,28875,877,5800,0
2016-12-26,31200,31260,30414,30535,640664,19562675240,-1.5603,-122250,71295,70146,91541,-8737,-13944,-10267,-2645,17198,-4556,-14635,-3000
2016-12-27,30655,31017,30292,30837,637822,19668517014,0.989,-183396,121552,68052,14951,10560,7049,19687,150,18655,-6588,380,-3000
2016-12-28,30837,30837,30352,30535,337919,10318356665,-0.9793,40298,-19556,-20677,26000,2035,7602,218,220,-55302,-1145,1080,-1450
2016-12-29,30413,30473,29687,29870,775908,23176371960,-2.1778,165647,31725,-196305,24261,-63894,-10416,-24230,-3376,-110913,-672,-395,-7737
2017-01-02,29929,30776,29445,30717,506015,15543262755,2.8356,-81651,16490,56624,14686,3338,4541,24468,-2541,12085,8040,497,47
2017-01-03,30897,31986,30656,31744,1275082,40476203008,3.3434,-298781,-99552,369836,50344,119065,33382,77647,2178,85537,29129,-632,1683
2017-01-04,31743,32106,31562,32047,787196,25227270212,0.9545,-91827,-13068,93042,99,36455,938,63454,0,-7904,12459,-606,0
2017-01-05,32409,32832,31865,31986,914188,29241217368,-0.1903,-33867,-122589,151879,131770,15693,-12426,-9700,6445,24634,2286,2291,-4537
2017-01-06,31986,32167,31502,31744,450477,14299941888,-0.7566,95129,-87639,-7536,-22808,1004,-1948,35448,4761,-22407,1267,-1221,-1586
2017-01-09,31683,31803,31078,31261,766100,23949052100,-1.5215,197132,-12887,-187545,-162288,4315,-23435,15863,50,-22050,2965,335,0
2017-01-10,31259,31924,31078,31684,571625,18111366500,1.3531,-3145,81081,-82341,-23393,3688,-34427,24859,522,-53590,4439,-34,0
2017-01-11,31502,32349,31260,32107,847657,27215723299,1.3351,-160924,99536,54839,20516,-19536,18830,-12362,-1449,52159,6920,-371,-3319
2017-01-12,32287,32831,32045,32168,896774,28847426032,0.19,-65523,-149744,208439,177670,-552,-2007,-8788,6727,34200,4742,2086,1189
2017-01-13,32166,32590,32106,32531,715486,23275475066,1.1285,-35181,-179143,213208,180947,2585,-7708,-51348,-2773,91505,1086,30,0
2017-01-16,32349,32470,31380,31563,696731,21990920553,-2.9756,128170,-128257,1619,8614,648,-34086,-841,-2803,31820,-1694,162,-1733
2017-01-17,31924,33738,31864,33498,2674814,89600919372,6.1306,-896515,385590,516346,167604,141040,-14305,40066,12453,158253,-4016,-1405,11235
2017-01-18,33678,33738,33073,33196,937484,31120718864,-0.9015,65933,-232699,167290,101701,85655,2641,-44659,4201,17751,-505,-19,0
2017-01-19,33255,33376,32590,32954,803361,26473958394,-0.729,102348,-89638,-14201,57837,-10567,4794,-24961,0,-41304,2276,-785,0
2017-01-20,32893,33498,32470,33014,791519,26131208266,0.1821,-139316,-167124,308974,142136,22036,77986,2708,0,64108,-1401,-1133,0
2017-01-23,33256,33316,32591,33014,633479,20913675706,0.0,-91468,-171858,277440,241364,11678,17204,598,0,6596,-14211,97,0
2017-01-24,32892,33315,32771,33196,655513,21760409548,0.5513,-126513,-71012,197819,71962,54374,37375,-9968,-198,44274,50,-344,0
2017-01-25,33496,33557,32348,32410,593890,19247974900,-2.3678,-8195,12856,-4906,-17282,10890,25164,28566,0,-52244,380,-135,0
2017-01-26,32650,33315,32529,32954,494258,16287778132,1.6785,-139309,64306,73492,31369,34834,10577,22122,-904,-24506,1516,-5,0
2017-01-31,32591,32831,31442,31563,1058838,33420103794,-4.221,111477,-82663,-23878,-95673,-94598,80758,-49755,-850,136446,-6513,1577,-206
2017-02-01,31683,32287,31380,32168,739272,23780901696,1.9168,-107725,93599,5488,-107921,-13214,54547,-6969,0,79262,8292,346,-217
2017-02-02,32046,32349,31865,31865,623052,19853551980,-0.9419,-65856,-37109,109748,8816,5769,61421,3621,3,30118,-6743,-40,0
2017-02-03,32045,32469,31441,31805,538121,17114938405,-0.1883,43685,-94085,52300,-20568,3031,27684,3460,455,38238,-1460,-440,0
2017-02-06,32167,32288,31563,31744,356145,11305466880,-0.1918,19451,-11559,-6800,5597,-55797,-10876,36917,-803,18285,-799,-293,-123
2017-02-07,31622,31683,30655,30837,895855,27625480635,-2.8572,333304,-110609,-171158,-13194,-79273,-37513,-67289,-1964,34541,-52183,646,-6466
2017-02-08,30836,31380,30715,30837,596375,18390415875,0.0,114917,-43443,-58274,-58301,-1774,13425,4541,0,-16165,-13000,-200,0
2017-02-09,30957,31622,30836,31382,568283,17833857106,1.7674,-179554,170489,8792,12054,3365,29490,3557,-1500,-38174,74,199,0
2017-02-10,31804,32167,31502,32107,592919,19036850333,2.3102,-250478,63357,189286,2018,21355,64332,24903,-1226,77904,-2214,49,0
2017-02-13,32167,33135,31986,33014,1108723,36603381122,2.8249,-643342,95512,561708,383812,35425,78865,22601,-1520,42525,-13643,-235,0
2017-02-14,33315,33980,32771,32954,1185492,39066703368,-0.1817,-215837,-79305,297325,107430,43848,108234,-28440,-301,66554,-8720,6537,0
2017-02-15,33135,33860,32953,33679,1096311,36922658169,2.2,-458170,244327,222069,96008,-6740,24400,994,-2693,110100,-4708,-3518,0
2017-02-16,33799,33799,32590,32833,769714,25272019762,-2.512,179290,-25700,-151984,-3808,15992,-88266,2171,100,-83173,-1425,-181,5000
2017-02-17,32650,32952,32408,32531,709177,23070236987,-0.9198,170884,-71242,-99110,63847,-4677,-79949,21250,1458,-101039,-2147,1615,0
2017-02-20,32710,32831,31683,32047,634675,20339429725,-1.4878,142071,-11893,-131472,28609,-20414,-33236,-18126,-8970,-79335,2356,-1062,0
2017-02-21,32046,32530,31804,32107,794944,25523267008,0.1872,339722,-45477,-243016,-64899,-83881,-36531,-23610,78,-29234,-51187,-42,-4939
2017-02-22,32287,32287,31562,31805,846027,26907888735,-0.9406,298578,-169783,-128966,-95675,-66273,-1749,20328,-4958,19361,208,-37,0
2017-02-23,31684,32107,31017,31442,1949857,61307403794,-1.1413,940078,-564526,-361533,-260942,-93387,-70094,-31859,-866,108815,-17384,3365,-13200
2017-02-24,31744,32409,30897,30958,1908537,59084488446,-1.5393,487073,-114136,-359423,-310220,-143648,40338,-8008,3660,59228,-13142,-372,-773
2017-02-27,31078,31259,30594,30717,747241,22953001797,-0.7785,180701,-26251,-144246,-223017,15692,4828,-3833,1410,60674,-6697,-3507,0
2017-02-28,30777,30957,30535,30656,694395,21287373120,-0.1986,184850,-28396,-157166,-130124,-6280,60485,2095,962,-84463,1090,-378,159
2017-03-02,30715,31259,30050,30112,1244066,37461315392,-1.7745,198254,-165240,-35201,48727,251,1993,179,-6218,-80253,1563,624,120
2017-03-03,29808,29989,29203,29870,972884,29060045080,-0.8037,-59045,285139,-226833,-89126,34881,-9356,-100447,1209,-53449,222,517,-10545
2017-03-06,29929,30110,29264,29930,726339,21739326270,0.2009,47781,15454,-65700,-28165,3415,-19239,5954,-12000,-20785,-3241,5706,5120
2017-03-07,29688,30595,29688,30535,541232,16526519120,2.0214,-13551,-51554,67921,58961,29255,-4221,-4871,529,-10924,-1968,-848,-808
2017-03-08,30655,30715,29989,30233,732763,22153623779,-0.989,263934,-103872,-160382,-56893,1461,-5524,-42201,0,-56017,316,4,-1208
2017-03-09,30293,30352,29749,29749,586792,17456475208,-1.6009,240384,-26554,-213017,42095,-4757,-9630,-28191,-2494,-210040,-991,178,0
2017-03-10,29749,30111,29325,29507,652090,19241219630,-0.8135,225579,-143089,-90366,-32878,918,-4746,-30058,-1707,-21010,7828,48,-885
2017-03-13,29446,29688,29204,29265,758588,22200077820,-0.8201,304347,99389,-402786,-163260,-93709,-50667,-47109,-1895,-46146,-1140,190,0
2017-03-14,29386,29870,29386,29507,643645,18992033015,0.8269,132321,-50681,-93375,-11222,-17773,-14695,-13874,-2084,-33727,11722,13,0
2017-03-15,29567,29628,29144,29144,462718,13485453392,-1.2302,99885,-15177,-76223,-33687,-27656,396,-12366,-3858,948,-8741,256,0
2017-03-16,29566,30171,29385,30112,889355,26780257760,3.3214,-119718,-64614,160582,-3510,5809,99142,1713,2612,53809,24562,-812,1007
2017-03-17,30171,30352,29929,30112,574793,17308166816,0.0,58353,-100343,56782,78710,-615,13503,-719,-2933,-31164,-14146,-646,0
2017-03-20,30050,30352,29869,30112,372851,11227289312,0.0,23321,-64018,35637,22806,6907,2900,-5698,0,8814,5060,0,-92
2017-03-21,30352,30836,30292,30596,869228,26594899888,1.6073,47766,30147,-83679,-74632,-8366,-3943,-1930,6484,-1292,5372,394,0
2017-03-22,30595,30656,30172,30414,735547,22370926458,-0.5948,16220,-134969,111031,115404,30025,-323,-2544,0,-23148,8193,-475,-8383
2017-03-23,30594,31078,30473,31019,756691,23471798129,1.9892,-194988,-46745,228006,179875,4489,28606,318,3039,11679,13285,442,0
2017-03-24,31017,31138,30293,30535,800751,24450931785,-1.5603,178335,6591,-176775,-88260,11938,-43897,-24155,-881,-7932,-8372,221,-23588
2017-03-27,30353,30474,29446,29507,941681,27786181267,-3.3666,532692,-931,-530264,-223986,-52440,-57748,-98765,-2914,-90490,-2560,1063,-3921
2017-03-28,29687,31623,29628,31442,2668060,83889142520,6.5578,-1144222,1028489,98109,-149696,54168,54953,22377,588,117267,17839,-215,-1548
2017-03-29,31683,31683,31078,31624,765116,24196028384,0.5788,-167039,83881,70947,9686,16884,51547,5894,0,-13064,12129,82,0
2017-03-30,31684,31986,31442,31744,1010315,32071439360,0.3795,-332380,220051,107144,-14534,133636,16902,-31599,0,2739,5146,39,0
2017-03-31,31985,32408,31743,31926,795538,25398346188,0.5733,-206781,183026,47509,4526,651,24768,-27060,0,46237,-23844,90,-1613
2017-04-03,32107,32166,31442,31563,647526,20437863138,-1.137,75171,133006,-220331,-56867,-33679,-43406,-10323,0,-72963,12031,123,-3093
2017-04-04,31684,31804,31200,31321,476731,14931691651,-0.7667,741,64978,-50477,54510,-3817,-13852,-149,-4900,-82269,-14262,-980,0
2017-04-05,31623,32107,31321,32107,934191,29994070437,2.5095,-311243,96355,218435,128870,22307,77249,10739,0,-20730,-2947,-600,0
2017-04-06,31864,31864,31380,31624,555047,17552806328,-1.5043,97969,-5270,-95582,-130207,32226,13173,5665,-356,-16083,2908,-25,0
2017-04-07,31683,31864,31441,31624,660044,20873231456,0.0,-655,166346,-164321,7649,9349,-75688,-25203,0,-80428,-1327,-43,0
2017-04-10,31139,31442,30897,30958,675838,20922592804,-2.106,-105555,71700,51851,-39855,13225,21781,-5618,-75,62393,-18956,960,0
2017-04-11,31138,32045,31138,31563,778453,24570312039,1.9543,-234199,94872,141730,24025,23480,6210,42212,6620,54183,-1372,-1031,-15000
2017-04-12,31683,31803,31320,31503,459071,14462113713,-0.1901,-37500,-31657,77865,-1100,29371,-3840,22718,0,30716,-8748,40,0
2017-04-13,31441,31803,30957,31140,707627,22035504780,-1.1523,35392,1215,-31352,55206,23813,-12571,31970,0,-129770,-4974,-281,0
2017-04-14,31018,31563,31018,31200,371482,11590238400,0.1927,-42867,90852,-43184,47025,-36706,-14796,-1855,0,-36852,-4801,0,0
2017-04-17,31442,31442,30958,31200,296634,9254980800,0.0,31078,-76622,51311,28397,797,20101,8230,-1674,-4540,-5017,-750,0
2017-04-18,31381,31442,31079,31200,447531,13962967200,0.0,-36331,-29064,55140,9779,11510,28172,13411,0,-7732,10255,0,0
2017-04-19,31079,31200,30111,30172,1277526,38545514472,-3.2949,554495,-326767,-227982,-151861,2986,-68658,19941,-473,-24505,-356,610,-5412
2017-04-20,30171,30594,30171,30475,635740,19374176500,1.0042,-99706,56574,38911,-8438,10633,-15248,13817,-4922,42626,4214,7,443
2017-04-21,30534,30957,30231,30777,548178,16871274306,0.991,-146665,77217,61100,69607,6579,-11670,23776,0,-27500,7523,825,308
2017-04-24,31078,31138,30594,30717,350347,10761608799,-0.195,30626,-8777,-51903,-8722,-6336,-8840,-4800,392,-25402,31659,-1605,1805
2017-04-25,30715,30715,29989,30656,752043,23054630208,-0.1986,144630,-81326,-65687,11862,-16592,8036,1452,148,-71187,2010,373,594
2017-04-26,30716,31321,30716,31200,719457,22447058400,1.7745,-126313,61665,76728,-4731,406,8830,-5185,77,77187,-11200,-880,144
2017-04-27,31321,31442,30777,31321,589171,18453424891,0.3878,102299,-125881,17026,-8240,27307,44484,-9076,-776,-36673,4705,1851,0
2017-04-28,31079,31200,30414,30414,678552,20637480528,-2.8958,285383,-209939,-70357,-70697,-23264,86327,-17926,-113,-45697,-5550,463,1013
2017-05-02,30473,30836,30352,30777,449830,13844417910,1.1935,-63730,105674,-42472,-45277,-9903,1488,-2525,-109,14015,498,30,-161
2017-05-04,30836,30957,30231,30475,625927,19075125325,-0.9813,68151,-36867,-36943,-79714,-5905,33941,2186,0,12549,4228,1431,0
2017-05-08,30534,30836,30413,30837,664144,20480208528,1.1879,68815,13718,-85820,-110013,1538,-13125,7956,2818,25916,2642,645,-910
2017-05-10,31138,31865,30896,31442,1412320,44406165440,1.9619,-218787,131102,60617,-51504,22911,-3417,18433,-168,74700,18538,8530,-338
2017-05-11,31865,32832,31623,32772,2688244,88099132368,4.23,-1122951,547364,602983,155874,69529,141810,61311,3307,170377,-22035,-5361,775
2017-05-12,33013,33678,32952,33377,2641368,88160939736,1.8461,-768816,148233,654123,326452,226002,15461,39365,11963,34880,-32499,-1041,0
2017-05-15,33739,33739,32893,33558,1348948,45267996984,0.5423,-107930,-26469,146501,37567,-5882,26143,2498,0,86175,-9889,-2213,0
2017-05-16,33860,34949,33860,34586,2214385,76586719610,3.0634,-453957,173519,258026,124767,25244,40989,7302,5132,54479,23568,-1156,113
2017-05-17,34888,35372,34284,34707,1297367,45027716469,0.3499,-50193,-80275,106406,65792,9506,10396,131,189,20392,22598,1464,0
2017-05-18,34101,35008,34101,34768,933809,32466671312,0.1758,-153790,-44881,199173,126621,13753,-1517,27603,11550,23881,-52,-450,-2718
2017-05-19,34948,35310,34464,34647,1070536,37090860792,-0.348,-41231,3978,37360,77805,-20996,-27780,-11422,3055,16698,-477,370,0
2017-05-22,35008,36036,34948,35675,1546340,55165679500,2.9671,-235288,188929,47525,10546,31083,-12480,-5952,5118,19192,-4298,3132,18
2017-05-23,36037,36098,35251,35372,981995,34735127140,-0.8493,178416,-193887,12225,32417,6742,-14870,-21641,1036,8541,4241,-995,0
2017-05-24,35371,35492,34766,35312,1135818,40108005216,-0.1696,-56263,319158,-260916,8726,-36959,-114002,-49064,-321,-65601,-2676,697,-3695
2017-05-25,34948,35976,34887,35433,1242909,44039994597,0.3427,-105401,178053,-72940,-22656,-53264,-20158,-18960,-461,42559,-2170,2458,0
2017-05-26,35432,35735,35191,35372,823362,29123960664,-0.1722,-45059,156746,-120383,50234,-96237,-51796,-26782,-2511,5839,8556,140,870
2017-05-29,35673,37004,35673,36038,1762364,63512073832,1.8828,-9482,-79276,86696,18109,-19390,8990,5863,8279,63082,1567,495,1763
2017-05-30,35794,36520,35673,36340,939682,34148043880,0.838,-122908,13624,107399,62310,21203,-4649,8728,-768,20575,-3539,5424,0
2017-05-31,36459,36641,35976,36038,782627,28204311826,-0.831,4490,-122626,117186,24754,-22202,19718,2144,91,92251,-724,1674,430
2017-06-01,36217,36883,35794,36824,865005,31852944120,2.181,-211870,209540,971,2982,1785,969,8221,-1723,-7166,2571,-1212,-4097
2017-06-02,36581,36642,35311,35493,1728236,61340280348,-3.6145,356468,-84325,-267206,10138,-91902,-88262,-25750,-10135,-61246,-8531,3594,-49
2017-06-05,35129,35734,34887,35675,846930,30214227750,0.5128,-76312,228971,-148397,-72188,-47607,-2251,-15334,0,-10881,-4825,563,-136
2017-06-07,35614,35916,35311,35735,714530,25533729550,0.1682,-167449,287220,-118819,-61270,-10284,-10412,-17866,0,-18987,-407,-545,0
2017-06-08,35673,35735,34586,34949,1515409,52962029141,-2.1995,126616,263945,-374300,-206905,-39058,-23514,29842,692,-134422,-4317,-11944,-935
2017-06-09,35250,36097,35190,35675,1116687,39837808725,2.0773,-246399,426184,-178502,-162718,-30386,-12328,40857,-5000,-8927,-430,-853,0
2017-06-12,35795,36460,35553,35735,914669,32685696715,0.1682,-96880,6239,88803,85918,14332,-2909,181,212,-5335,1704,134,-3596
2017-06-13,36037,36339,35553,35735,745986,26657809710,0.0,-42190,105273,-60621,-8482,-27724,-36339,686,915,10323,-2308,-154,0
2017-06-14,35613,35734,34645,34889,1347987,47029918443,-2.3674,225690,275277,-501890,-153341,-84654,-134201,-41523,-15259,-71873,140,783,-1039
2017-06-15,34586,35070,33860,34465,1018107,35089057755,-1.2153,-75005,255328,-171664,-135973,-16284,9203,-12183,1672,-18099,-8477,-182,0
2017-06-16,34707,35070,34524,34949,594153,20765053197,1.4043,-200764,108873,91555,46246,20328,9897,-1070,20,16134,316,20,0
2017-06-19,35310,35552,34949,35070,939754,32957172780,0.3462,117045,-192113,76961,18743,14114,60609,-46494,0,29989,-1419,-474,0
2017-06-20,35432,37670,35432,37307,3683948,137437048036,6.3787,-1403,238338,-239437,-119197,-8928,54313,39963,-2196,-201092,-9586,12088,-2300
2017-06-21,36701,37004,36036,36340,1400416,50891117440,-2.592,341509,-197190,-137504,-130289,27727,-16016,998,1341,-21265,-6837,22,0
2017-06-22,36459,36459,35372,35856,1147590,41147987040,-1.3319,114198,-112678,-5545,-8404,-5438,3693,-8301,0,12905,4897,-872,0
2017-06-23,36278,36338,35431,35675,801961,28609958675,-0.5048,156418,35874,-189822,-42406,-16939,-46180,-80723,1256,-4830,-1974,-496,0
2017-06-26,35915,36399,35734,36038,630807,22733022666,1.0175,-107738,-19603,130219,14076,6575,26157,4248,0,94163,-3119,241,-15000
2017-06-27,35915,36520,35734,36038,628064,22634170432,0.0,-107804,69053,38158,3114,13987,3883,1585,8708,6881,-700,1293,0
2017-06-28,36399,37366,36217,36884,1341295,49472324780,2.3475,-213331,69603,124753,108382,-13599,1252,2275,321,26950,9874,9101,-828
2017-06-29,37306,37427,36217,36340,889577,32327228180,-1.4749,149146,-84273,-61333,-12910,3777,6046,-13624,0,-44622,-3888,348,0
2017-06-30,35977,36581,35795,36521,654630,23907742230,0.4981,-49402,95530,-41717,-25464,-3401,-4308,-4464,-194,-3596,-4286,-125,-290
2017-07-03,36338,37064,35976,37005,685428,25364263140,1.3253,-112656,37380,74843,10266,18234,25745,2094,-711,19530,534,-101,-315
2017-07-04,37307,38335,37005,37428,1735003,64937692284,1.1431,-71964,-25473,93594,25507,18790,-42355,49002,606,40008,3223,620,2036
2017-07-05,37608,37669,36762,37489,712755,26720472195,0.163,-87349,67935,39818,25779,21752,3312,6082,0,-17107,-13273,-7131,0
2017-07-06,37307,38335,37186,38093,1218629,46421234497,1.6111,-232525,216933,20187,80406,-6236,-364,3144,-300,-56463,-4294,-301,0
2017-07-07,37911,38274,37730,38093,643542,24514445406,0.0,-96318,36450,56095,10326,3643,7222,1717,0,33187,3857,-84,0
2017-07-10,38515,38878,37971,38275,742554,28421254350,0.4778,-27598,-3989,31590,8213,13410,794,1356,1031,6786,937,-940,0
2017-07-11,38273,38817,37910,38456,767215,29504020040,0.4729,61229,-37914,-21220,17384,5582,16422,-11603,-100,-48905,-2405,310,0
2017-07-12,38092,38092,37004,37126,1190571,44201138946,-3.4585,73479,162669,-240617,-174108,-10164,11576,-11486,-17602,-38833,4928,-459,0
2017-07-13,37366,38213,37306,37791,876514,33124340574,1.7912,-157883,167283,-20648,27956,7666,-32930,12845,1900,-38085,11393,-145,0
2017-07-14,38031,39422,37971,38577,1534282,59187996714,2.0799,-483189,405673,76604,7346,23831,-9323,-2999,281,58318,1155,-243,-850
2017-07-17,39422,39422,38455,38758,712757,27625035806,0.4692,8961,-90129,63592,18581,12598,-1715,13162,2342,18624,19458,-1882,0
2017-07-18,38758,39242,38274,39121,601271,23522322791,0.9366,-35149,-21223,63247,15336,37954,-20941,9464,0,21434,-6239,-636,0
2017-07-19,39302,40088,39060,39786,1159221,46120766706,1.6999,-251181,-573,271598,193751,18200,22060,10393,0,27194,-14930,-4914,0
2017-07-20,40148,41176,39906,40875,1245504,50909976000,2.7371,-410731,-6857,414262,329705,21146,30385,16541,-3160,19645,2512,814,0
2017-07-21,40752,40813,40208,40452,718192,29052302784,-1.0349,157856,-129689,-34564,-28182,-12975,1153,-3313,0,8753,6611,-214,0
2017-07-24,40330,40391,39363,40028,931061,37268509708,-1.0482,-14129,35030,-25063,-10240,-7173,-29237,2494,0,19093,4096,66,0
2017-07-25,39966,40752,39483,39665,693501,27507717165,-0.9069,42793,-53382,6514,-11560,-9760,-15004,5516,30,36719,3260,815,573
2017-07-26,40148,40329,39362,39968,617143,24665971424,0.7639,-158714,77747,69264,11495,14892,-5782,-5074,0,53733,14679,-2976,0
2017-07-27,40208,41176,39906,40089,843958,33833432262,0.3027,34514,-217257,159318,52851,51013,19832,3214,-16,32424,4750,18675,0
2017-07-28,40087,40087,38878,39182,703385,27560031070,-2.2625,-158578,92757,97335,17357,29692,-16457,1869,0,72174,-18592,-12922,-7300
2017-07-31,39180,40873,39180,40754,1132348,46147710392,4.012,-354531,133782,237594,32785,53070,15612,63617,42,71944,-17919,1074,524
2017-08-01,40631,40994,40208,40331,764444,30830790964,-1.0379,119677,-245331,123116,18344,36172,-9118,7742,17,69806,5287,-2749,153
2017-08-02,40391,40631,39785,40391,504642,20382995022,0.1488,12055,30085,-45110,-5809,3222,-16553,15041,0,-41196,2692,278,185
2017-08-03,40935,41298,39544,39786,931232,37049996352,-1.4979,-73692,-29686,97585,65851,18777,10825,-24822,678,26276,7617,-1824,0
2017-08-04,39605,40270,39121,40028,612262,24507623336,0.6083,43605,-61327,25919,8148,13146,2955,10368,-104,-8594,-7191,-1006,0
2017-08-07,40330,41298,40149,40572,971436,39413101392,1.359,-184705,-61892,277541,181921,52287,-15958,-523,1666,58148,-28184,-2760,0
2017-08-08,40935,41177,40209,40693,592398,24106451814,0.2982,29033,54109,-92911,1563,22393,-5416,9628,121,-121200,9419,350,0
2017-08-09,39966,40873,39785,40512,701477,28418236224,-0.4448,-102276,28556,70261,53336,9460,-8755,19696,0,-3476,-461,3920,0
2017-08-10,40451,40935,38939,40572,1381954,56068637688,0.1481,-211913,294124,-77846,-37162,16661,-26188,2285,54,-33496,-1904,-2461,0
2017-08-11,39604,40994,39543,40754,1225335,49937302590,0.4486,-602763,377992,225272,67337,13394,1728,30470,-194,110928,530,-1031,1609
2017-08-14,41176,42990,41115,42931,2210992,94920097552,5.3418,-924992,660319,280917,57884,61611,42962,4554,5302,108779,-13053,-3191,-175
2017-08-16,43171,43171,41901,42447,1284796,54535735812,-1.1274,277933,-308997,32391,-5323,-21176,3648,-3989,-3081,62131,8896,-10223,181
2017-08-17,42445,43292,42204,42689,821790,35081393310,0.5701,-46743,48031,3765,-51535,56223,-40267,-2690,1577,40457,-10030,4977,0
2017-08-18,42143,42748,42022,42689,572880,24455674320,0.0,36293,-25938,-26909,-29689,-4991,926,-15457,0,22302,13573,2981,0
2017-08-21,42869,42869,41599,42265,734338,31036795570,-0.9932,35378,-98700,45678,13847,-4014,7920,-5483,-2247,35655,16680,964,0
2017-08-22,41962,43050,41962,42810,514843,22040428830,1.2895,-84916,121718,-1679,-32691,49,2127,-842,0,29678,-35462,339,0
2017-08-23,42809,42991,42446,42507,392358,16677961506,-0.7078,-17532,17300,-5621,10256,9798,-353,-504,-4093,-20725,5345,508,0
2017-08-24,42627,43715,42445,42568,937321,39899880328,0.1435,95439,127676,-238722,-213701,6443,-41690,-6291,0,16517,15687,-80,0
2017-08-25,42929,43413,42506,43172,727414,31403917208,1.4189,-189981,239443,-49891,-460,-41749,-10567,-19030,-5300,27215,141,288,0
2017-08-28,43473,43594,42083,42326,683029,28909885454,-1.9596,136023,16824,-136496,-57733,-47198,-11548,-32549,-250,12782,-16510,159,0
2017-08-29,41902,42507,41358,42507,817964,34769195748,0.4276,-38082,190037,-160469,-84019,-22684,-1804,-17970,0,-33992,7969,545,0
2017-08-30,42385,42748,41841,42326,555822,23525721972,-0.4258,81591,-4942,-83564,-54532,-27564,18316,-48221,0,28437,6020,895,0
2017-08-31,42567,43172,42386,42749,763178,32625096322,0.9994,-73511,122688,-38948,-31336,-3455,33798,-936,28,-37318,-9775,-454,271
2017-09-01,43111,43111,42143,42810,651837,27905141970,0.1427,-100536,-42883,146936,98969,22394,14700,987,798,8920,-3028,-489,168
2017-09-04,41600,42566,41538,42084,565480,23797660320,-1.6959,-72492,-51140,119440,76526,14701,865,2266,0,25082,3704,488,0
2017-09-05,42446,42446,41056,41479,695207,28836491153,-1.4376,-83819,125254,-52884,-29616,-14736,-38843,1464,0,28447,10659,790,400
2017-09-06,41419,42930,41358,42749,1142100,48823632900,3.0618,-226509,219784,-28170,18451,-64766,268,13054,798,2117,35146,-251,1908
2017-09-07,43050,43473,42566,43172,717588,30979709136,0.9895,-222436,71743,141155,74168,25352,10361,32587,4045,-5666,9853,-315,308
2017-09-08,43171,43473,42687,43112,455721,19647043752,-0.139,-95320,145992,-32586,-46374,-3482,13559,7987,2249,-6753,-17126,-960,228
2017-09-11,43112,44985,43112,44805,1091938,48924282090,3.927,-403637,274671,124135,-4762,17481,46300,-5457,87,70043,4344,487,443
2017-09-12,45227,45408,44320,44805,496298,22236631890,0.0,42352,-12073,-24657,-37715,18309,22289,-5149,0,-22391,-5752,130,0
2017-09-13,44985,45650,44743,45410,695823,31597322430,1.3503,-129492,-32823,158286,102568,54976,7956,7227,4636,-19077,4060,-31,0
2017-09-14,45469,45591,44622,44805,676353,30303996165,-1.3323,152798,-14556,-142369,-61792,-24747,-24716,6273,-30,-40049,359,3768,2692
2017-09-15,44622,45348,44380,45168,500866,22623115488,0.8102,-96054,48483,45936,36619,1723,-19627,-10939,-1736,41713,570,1065,-1817
2017-09-18,45348,46678,45348,45954,779423,35817604542,1.7402,-6260,34021,-25908,-31237,18047,9287,-20508,0,-1497,226,-2079,0
2017-09-19,45952,46073,45408,45954,486732,22367282328,0.0,-58286,-39123,88262,-23701,78836,1236,-1843,0,33851,7938,1209,-117
2017-09-20,45893,45953,45167,45228,459795,20795608260,-1.5798,-28555,-39553,61298,12475,5076,2582,-6188,0,47353,9741,-2931,0
2017-09-21,44985,45529,44562,44624,539219,24062108656,-1.3355,-56547,20512,38906,-19286,17734,3435,-15883,0,52906,-2602,-269,0
2017-09-22,44683,44743,42022,43052,1330881,57297088812,-3.5228,-71212,171012,-90557,-112977,69303,-27439,-21204,1464,1090,-2054,-7189,-794
2017-09-25,39724,40631,38394,39061,3207698,125295891578,-9.2702,313878,577060,-878238,-471546,-97391,-118888,-91960,-2986,-92795,-14245,1545,-2672
2017-09-26,39059,40269,38817,39847,1066812,42509257764,2.0122,-271182,148261,126688,55434,44654,-2370,-11133,4560,35543,-3723,-44,0
2017-09-27,39966,40873,39906,40452,698967,28274613084,1.5183,-4057,32321,-30016,-37824,30626,-37093,14569,1784,-1485,1905,-153,-593
2017-09-28,40330,40451,38758,39363,800977,31528857651,-2.6921,59110,102736,-162504,-83424,-34048,-12728,-22268,595,-10631,614,44,0
2017-09-29,39665,39907,39060,39242,504728,19806536176,-0.3074,84425,59301,-153757,-66245,-42437,-5743,-20374,-511,-18222,9908,123,-225
2017-10-10,39967,40935,39484,39907,1112899,44412460393,1.6946,58135,172676,-226141,-147639,-32363,2486,-40651,-505,-7322,-1605,-3065,-147
2017-10-11,40511,41055,39301,39424,1132512,44648153088,-1.2103,269924,-166686,-103543,-122033,-4915,-1971,17292,-264,8348,3052,-2747,0
2017-10-12,39664,41478,39604,40452,1447533,58555604916,2.6075,-128580,187446,-53053,-73615,68367,-17002,43747,-1047,-73503,-4367,-1446,0
2017-10-13,40631,41176,39966,40331,665922,26857300182,-0.2991,99680,-57529,-46157,-74645,-6512,-10191,8378,1500,35313,3814,192,0
2017-10-16,40813,41056,40027,40391,557467,22516649597,0.1488,27784,-53948,19875,-19472,19720,382,9680,0,9560,5789,500,5
2017-10-17,40270,41357,40087,41177,645550,26581812350,1.946,-69550,17567,50105,-37659,70618,54350,3156,0,-40360,818,1060,0
2017-10-18,41176,41659,40329,40754,624726,25460083404,-1.0273,18784,1370,-3776,-20101,29864,-8915,-5249,0,929,-16107,-271,-304
2017-10-19,41055,41115,38152,39545,1159200,45840564000,-2.9666,96580,-27548,-24917,-87609,-3529,-14534,7997,-405,63158,-43336,-779,10005
2017-10-20,39724,41055,38576,40089,1004951,40287480639,1.3756,-52915,160624,-97720,-79630,-18877,-20000,11452,1458,5611,-2729,-7260,2266
2017-10-23,40752,40813,39362,40089,611208,24502717512,0.0,136574,-53705,-83757,-40484,20020,-24593,-3912,0,-34396,1458,-570,-392
2017-10-24,40088,40995,39846,40693,679405,27647027665,1.5066,-137737,4675,118353,31374,38967,12745,16553,19,18695,15209,-500,0
2017-10-25,40934,41176,40208,40331,536284,21628870004,-0.8896,104405,-85303,-20738,-11478,8387,5,-5219,0,-11746,1255,381,-687
2017-10-26,40270,40330,38879,39000,709638,27675882000,-3.3002,167323,58494,-228306,-155868,-56028,-24507,-21931,-524,29855,2042,447,697
2017-10-27,38938,39605,38031,38456,1016072,39074064832,-1.3949,108564,149946,-258883,-155042,-34934,-67930,4011,-26,-4972,2932,-2559,10
2017-10-30,38758,38938,36642,36763,1861961,68451272243,-4.4024,513167,325389,-849985,-587031,-97650,-33081,-52232,-7238,-69843,14719,-3290,-2910
2017-10-31,36762,37306,36217,36824,1205108,44376896992,0.1659,314986,153637,-467183,-341627,-75553,7454,-15903,-37,-41436,875,-2315,-81
2017-11-01,36944,38395,36823,38214,1537469,58752840366,3.7747,-66442,-59495,144003,-40324,85319,45370,-15788,9584,61175,-18779,713,-1333
2017-11-02,38273,39845,37487,39726,1667136,66228644736,3.9567,-489021,56223,428103,-13826,240763,37361,-21998,11586,174236,3449,1246,-19
2017-11-03,40028,40270,38818,39000,886775,34584225000,-1.8275,214555,-293431,77501,-41132,16310,-20537,18296,2658,102481,1024,351,-575
2017-11-06,39059,39180,37910,38275,674656,25822458400,-1.859,196432,-112517,-88409,-132513,731,-37678,41433,4625,35329,6223,-1729,-336
2017-11-07,38273,38273,37245,37731,860740,32476580940,-1.4213,276568,-138965,-162999,-135825,-5109,7660,-22799,246,-7572,27050,-1654,400
2017-11-08,37427,38576,37124,37912,708219,26849998728,0.4797,30440,103547,-120493,-175143,40447,15334,-10085,0,8944,-12826,-668,10
2017-11-09,38214,38335,37608,37670,740424,27891772080,-0.6383,108086,154235,-262556,-75933,-18474,-9729,-45963,0,-112457,-418,653,0
2017-11-10,37790,38031,36641,37126,1059054,39318438804,-1.4441,373262,-33616,-343991,-81598,-4706,-55660,-440,-12556,-188879,3919,426,-152
2017-11-13,37367,37488,35977,36158,1171015,42341560370,-2.6073,227697,125925,-350443,-136383,-27011,-103599,-69184,-4700,-9590,-2328,-851,24
2017-11-14,36460,36944,36037,36400,695686,25322970400,0.6693,77105,59712,-136267,-113725,687,-38146,-13924,-130,29256,-342,-208,-285
2017-11-15,36521,36521,35311,35493,967211,34329220023,-2.4918,85614,143453,-228833,-183880,-7824,-36758,-3647,8844,-5568,18,-252,0
2017-11-16,35492,37306,35492,37247,974650,36302788550,4.9418,-183787,164876,26235,-53170,6398,31536,-2757,1086,42332,-7751,427,810
2017-11-17,37367,37367,36460,36642,595181,21808622202,-1.6243,111261,-22046,-97432,-72219,-18535,19042,-10860,-20,-14840,6481,1736,0
2017-11-20,36883,37124,36157,36219,498996,18073136124,-1.1544,175830,-30226,-146365,-73605,-18423,-7356,-6015,-8573,-31183,74,687,-1210
2017-11-21,36399,36580,35673,36340,748075,27185045500,0.3341,131419,-932,-125296,-38202,-1743,-48657,-28446,8090,-16338,-6205,1014,0
2017-11-22,36580,37790,36580,36703,1260875,46277895125,0.9989,133273,-100192,-42243,-75630,19562,22732,19156,800,-28863,11042,-1880,0
2017-11-23,36883,37124,36338,36461,487831,17786806091,-0.6593,100392,-52082,-49406,-15627,3981,-13303,-503,2986,-26940,1099,-3,0
2017-11-24,36701,36822,36278,36582,343809,12577220838,0.3319,4271,-1656,-3447,-8600,-951,4900,5825,-10000,5379,1411,-579,0
2017-11-27,36763,36884,36037,36158,565610,20451326380,-1.159,155430,-161365,4880,-11522,15978,23725,-4317,0,-18984,1080,-25,0
2017-11-28,36217,36399,35856,35977,501630,18047142510,-0.5006,26290,210,-24710,-27007,24326,-3001,-141,0,-18887,-1756,-34,0
2017-11-29,35977,36580,35915,35977,461141,16590469757,0.0,93043,-38030,-55732,-94229,19942,14906,-8197,0,11846,996,-277,0
2017-11-30,36218,36218,35372,35372,782369,27673956268,-1.6816,133388,-110088,-9177,-20296,-7470,-20980,-2294,4046,38402,-14033,-90,-585
2017-12-01,35431,35614,34284,34949,999175,34920167075,-1.1959,129521,153292,-280477,-231254,-18794,-10934,-4947,1595,-13244,-2638,302,-2899
2017-12-04,34948,36641,34948,36582,832460,30453051720,4.6725,-333871,96062,234399,44068,72194,39715,29262,107,48753,5740,-2330,300
2017-12-05,36580,37245,36157,37126,761969,28288861094,1.4871,-180422,-32293,213460,125873,28684,21941,8448,1841,26673,-314,-431,0
2017-12-06,37124,37245,36580,36703,635954,23341419662,-1.1394,-35140,-48697,72478,38232,12108,24007,3376,0,-5550,11597,-238,305
2017-12-07,36823,37005,35493,36158,650481,23520091998,-1.4849,62422,-160778,96399,9000,14785,7032,14060,-292,51814,2133,-176,0
2017-12-08,36158,36944,36098,36158,472597,17088162326,0.0,-97729,68909,29260,-5328,6736,14156,2324,659,10713,-277,-163,0
2017-12-11,36399,37910,36399,37851,1174966,44473638066,4.6822,-505678,252017,244086,24494,53012,60641,37151,8255,62388,9254,321,-1855
2017-12-12,37910,38515,36943,37368,1016540,37986066720,-1.2761,196717,-297026,76626,66412,-8987,12714,733,-416,6170,22749,934,0
2017-12-13,37186,37246,35856,36521,1118170,40836686570,-2.2666,301369,-340348,-17940,-32183,-12190,-33907,-13704,1386,72632,56384,535,26
2017-12-14,36701,37064,35977,35977,815450,29337444650,-1.4896,204993,-85408,-144016,-50425,-26887,-13303,-5010,7422,-57116,24427,4,1303
2017-12-15,36157,36520,35976,36219,540900,19590857100,0.6727,12917,-83756,71177,31069,2361,-17379,13657,-2354,43823,-516,178,0
2017-12-18,36520,36580,35915,35917,424073,15231429941,-0.8338,62655,-63267,-34461,10575,-10311,-43502,-2897,-2836,14510,34381,692,0
2017-12-19,36157,36459,35794,36038,352918,12718458884,0.3369,31995,-41255,10875,1360,1169,-15946,4935,-1640,20997,400,-2015,0
2017-12-20,36399,37064,36217,36703,729786,26785335558,1.8453,-187427,33438,162082,14520,46257,2174,4355,13926,79225,-8794,701,1625
2017-12-21,36943,37004,36217,36461,457670,16687105870,-0.6593,-69561,-106038,154018,54456,5289,17887,18544,3758,53684,22864,-1283,400
2017-12-22,36520,36641,35976,36219,471750,17086313250,-0.6637,-8232,-60404,116555,32812,35212,-8745,24717,340,32219,-48600,681,0
2017-12-26,36339,36884,36279,36642,526521,19292782482,1.1679,-136568,3638,146925,7325,25486,21112,12835,0,80067,-12781,-1214,100
2017-12-27,36520,36762,36157,36703,359248,13185479344,0.1665,4369,-29228,20702,-40156,19919,552,54635,-7000,-9607,3618,539,2359
2017-12-28,36823,38335,36339,38214,994097,37988422758,4.1168,-392371,200684,183213,79063,22530,33040,34371,-5000,24214,9560,-1086,-5005
2018-01-02,38698,39544,38273,39363,1353949,53295494487,3.0068,-156122,-75391,230823,148949,66011,42964,4776,2843,-36671,1670,-980,1951
2018-01-03,38939,40149,38879,39786,1030007,40979858502,1.0746,-363471,85941,281635,94227,82247,16526,61816,-347,27406,-2515,-1590,-240
2018-01-04,40087,40511,39241,39303,1151327,45250605081,-1.214,-97179,-181333,267926,181702,35494,54662,17908,36742,-60793,9226,1360,2211
2018-01-05,39724,41236,39604,40754,1463011,59623550294,3.6918,-352232,-31658,390577,184820,82448,7737,47647,63357,3009,-2806,-3881,1559
2018-01-08,40995,41358,39967,40814,941900,38442706600,0.1472,-137382,-13663,139120,-19169,13854,19500,65363,20959,37926,12444,-519,687
2018-01-09,41419,41600,40028,41056,1067502,43827362112,0.5929,-208800,38598,223156,85229,-38319,61760,11226,20000,83260,-50848,-2106,0
2018-01-10,41237,41539,40330,40814,804455,32833026370,-0.5894,121834,-127624,8763,-3711,24196,-23951,8875,0,2594,-3328,355,760
2018-01-11,40934,40994,38817,39726,1255341,49869676566,-2.6658,192487,-137852,-52131,89497,-31927,-52695,35321,-11202,-80446,-2633,129,-679
2018-01-12,40149,40270,39121,39363,801493,31549168959,-0.9138,-123398,128876,-11245,-24823,-29020,-31845,15208,17404,40848,6803,-1036,983
2018-01-15,39907,42205,39605,41600,1942700,80816320000,5.683,-279601,960,232647,35057,-3548,97397,-37319,14736,116324,43933,2061,10000
2018-01-16,41720,41780,40692,41540,839443,34870462220,-0.1442,-41923,-200556,222339,94378,27048,38134,11789,0,50990,18129,2011,0
2018-01-17,41539,41963,40632,40935,724762,29668132470,-1.4564,62332,-110168,46808,20906,6885,-21250,8627,-1244,32884,583,445,0
2018-01-18,41115,41236,40028,40270,709076,28554490520,-1.6245,53208,-64773,-21111,30146,26187,-27273,-1245,-5255,-43671,31637,1039,0
2018-01-19,40209,40935,39846,40814,733392,29932661088,1.3509,-36489,160587,-145876,29128,-57404,-127368,6350,0,3418,22412,-634,0
2018-01-22,40814,42084,40572,41963,963727,40440876101,2.8152,-248164,24159,150450,-1264,45909,69441,42067,9293,-15632,75557,-2002,636
2018-01-23,40631,43413,40148,43172,1949356,84157597232,2.8811,-861375,130329,720839,216662,243126,114334,73445,1321,72017,8493,1714,-66
2018-01-24,43171,43836,41659,41903,1023356,42881686468,-2.9394,84065,-41605,-39632,-30343,2930,-82293,18334,-2902,54642,-2879,51,0
2018-01-25,41721,43112,41538,42991,821133,35301328803,2.5965,-291834,192611,124854,74343,17628,24076,-18486,-3037,32396,-24049,-1582,-2066
2018-01-26,43111,43473,42566,43172,557085,24050473620,0.421,-102004,81097,22703,10326,4600,-28462,13605,-985,23626,-1526,-270,-7
2018-01-29,43535,44259,43414,43777,801183,35073388191,1.4014,-249825,173725,84411,-29013,48716,8814,25992,15417,8730,-3413,-4898,5755
2018-01-30,43534,44078,42808,42931,620819,26652380489,-1.9325,-76544,48781,29302,-78671,145943,-28680,1185,500,-10953,-1418,-121,-22
2018-01-31,42385,42990,41659,42568,614729,26167784072,-0.8455,-54408,38639,15219,34370,7570,-4464,4393,0,-26556,475,75,-94
2018-02-01,42385,43534,41659,43172,1011112,43651727264,1.4189,-86389,-12446,98172,12811,27249,12003,46097,17027,-16960,727,-64,-55
2018-02-02,43534,43715,42264,42810,719664,30808815840,-0.8385,-89413,63767,47001,8639,32131,-2851,13820,8521,-14423,-21438,83,1164
2018-02-05,41780,42143,40994,41117,635468,26128537756,-3.9547,-46233,51931,-7692,10227,5422,-6136,-23669,-3059,11825,1984,10,-2302
2018-02-06,39665,40693,39302,40572,949548,38525061456,-1.3255,-131175,110929,25872,27886,32535,-24087,8836,4365,-23736,-5256,-370,73
2018-02-07,41115,41599,38999,39182,680741,26672793862,-3.426,137026,-19400,-103096,1733,29827,-21904,3012,0,-110251,-14644,114,-5513
2018-02-08,39180,40087,39059,39424,609318,24021752832,0.6176,45903,105738,-139226,-10888,8176,-12724,5615,-7888,-118186,-12422,7,-3331
2018-02-09,38093,39363,37791,39121,537926,21044203046,-0.7686,-96666,105529,-8807,9762,31733,-9603,14432,-8925,-44706,-90,34,-1500
2018-02-12,39301,39604,38394,38819,509037,19760307303,-0.772,76772,-8548,-69050,-91246,5037,3110,52982,0,-38957,946,-120,24
2018-02-13,39000,39907,38818,38879,433971,16872358509,0.1546,-18831,2065,16805,9423,18679,4327,15912,-640,-32097,471,-510,1201
2018-02-14,39121,39544,38818,39000,317183,12370137000,0.3112,49639,-42389,-8844,3907,-11185,-17957,292,0,16123,1467,127,-24
2018-02-19,39605,40935,39605,40572,605048,24548007456,4.0308,-218370,-72746,296257,57026,29607,145751,-3963,736,67100,-5037,-104,0
2018-02-20,40571,40934,40208,40452,341855,13828718460,-0.2958,-67473,-84016,151879,27276,16672,81747,17916,3002,5258,-200,-190,8
2018-02-21,40208,40752,39845,40512,406196,16455812352,0.1483,26403,-176011,148573,67372,1138,17238,1669,7402,52753,1133,-98,1001
2018-02-22,40208,40208,38878,39182,737161,28883442302,-3.283,280587,-153493,-129379,-84573,-71440,-9182,-20430,11046,35200,2213,72,10000
2018-02-23,40148,41538,39785,40875,1129366,46162835250,4.3209,-293206,187484,121062,-88830,41339,58848,-8265,1576,119836,-14467,-873,-3442
2018-02-26,41418,41901,40813,40875,581675,23775965625,0.0,-30243,-140324,164052,94541,15668,-4102,13287,-1757,46659,5316,1199,-244
2018-02-27,41357,41478,40571,40633,365535,14852783655,-0.592,-14597,-60888,75599,44860,-10079,-14835,13600,14700,27353,-100,-14,0
2018-02-28,40391,40572,39724,40149,622096,24976532304,-1.1912,20664,37918,-53697,29876,5829,-14848,-13472,-7739,-53400,-4581,-304,57
2018-03-02,39241,39664,38515,38940,793770,30909403800,-3.0113,307022,66261,-359899,-126665,-87377,-74646,-3371,2607,-69588,-12969,-415,-859
2018-03-05,38817,38878,37004,37247,1069675,39842184725,-4.3477,332896,138158,-478505,-241092,-66098,-137500,-5853,-6757,-20441,7289,162,-764
2018-03-06,37670,37791,37307,37428,650833,24359377524,0.4859,125904,-71387,-55960,37667,-67717,-1868,13599,7029,-45144,1042,401,474
2018-03-07,37487,38031,37245,37247,509105,18962633935,-0.4836,49009,52761,-101694,-26452,-24518,-4442,-8608,-3000,-34674,-400,324,0
2018-03-08,37186,37791,36702,37549,682528,25628243872,0.8108,35429,94207,-134161,12922,-93077,-33650,-50623,-8707,39002,5514,-989,-28
2018-03-09,37669,38515,37669,37851,515963,19529715513,0.8043,50977,-35810,-7229,7341,-16251,40302,-11620,-11533,-15468,-8365,427,0
2018-03-12,38334,38334,37608,37912,564969,21419104728,0.1612,181341,-11341,-164554,-112399,-456,-25447,-5966,-9460,-10826,-5203,-243,0
2018-03-13,37910,37910,36822,37005,984652,36437047260,-2.3924,468440,66074,-538002,-292662,-58060,-68266,-40106,-12859,-66049,3378,110,0
2018-03-14,36762,37487,36762,37489,447734,16785099926,1.3079,92681,57460,-148485,-11959,-13503,-40667,-10132,-2058,-70166,-1709,53,0
2018-03-15,37366,37427,36822,37005,702079,25980433395,-1.291,348043,-2815,-342943,-117449,-119073,-97969,-30338,11936,9950,-2286,1,0
2018-03-16,37005,37307,36763,37186,399023,14838069278,0.4891,29407,51510,-82467,-25610,-28784,-23257,-859,2409,-6366,1441,109,0
2018-03-19,37366,37427,36822,36824,367787,13543388488,-0.9735,124002,-13919,-101195,-25846,-58940,-11189,-1464,0,-3800,-8762,-126,44
2018-03-20,36883,36943,36157,36340,645386,23453327240,-1.3144,232936,-130692,-103079,-30030,-37356,-37278,-18013,-12000,24858,1144,-309,6740
2018-03-21,36279,36279,35372,35493,983509,34907684937,-2.3308,334096,-24285,-317114,-199816,-81333,-58046,-7512,-12,29610,7058,245,-5
2018-03-22,35613,36943,35613,36944,916469,33858030736,4.0881,-203541,73782,124704,10284,52909,28850,8405,-21,23927,5171,-116,350
2018-03-23,36218,36521,35614,35614,591574,21068316436,-3.6,280821,-125448,-155096,-48198,643,-16154,10270,0,-101639,-440,163,-18
2018-03-26,35613,36278,35310,35554,481502,17119322108,-0.1685,167110,-69994,-92134,-30090,-29555,-15727,-17829,1989,285,-6033,1051,-1207
2018-03-27,36278,36520,35915,36219,480156,17390770164,1.8704,84861,-80367,-3562,12450,-14764,-7152,-679,0,6606,-1036,104,-23
2018-03-28,35855,36036,35069,35251,609756,21494508756,-2.6726,166888,-157488,-9228,-19933,-94,8858,-28340,0,30254,-724,552,27
2018-03-29,35493,36400,35311,35735,614886,21972951210,1.373,75288,-99379,20118,2404,4994,25147,1998,-714,-12068,4012,-39,-1643
2018-03-30,35976,36399,35613,36038,382288,13776894944,0.8479,-24469,-47168,72201,6377,-8757,15730,642,-15,61656,-564,0,-3432
2018-04-02,36157,36217,35371,35433,444977,15766870041,-1.6788,194912,-199484,-25437,-15609,-17981,-165,-14358,-28,22742,29808,201,-38
2018-04-03,35069,35673,34585,35675,399757,14261330975,0.683,2780,-49852,47023,-5536,-14369,30661,8428,0,27839,-3,52,0
2018-04-04,35674,36037,34586,34586,565393,19554682298,-3.0526,130706,-54703,-75371,-66077,-25958,1773,20221,0,-5375,-813,181,45
2018-04-05,35008,36399,35008,36340,764739,27790615260,5.0714,-272077,210351,61859,-2263,9775,87854,28049,0,-61556,116,-249,0
2018-04-06,36158,36158,35493,35735,373488,13346593680,-1.6648,38754,-147380,108836,29216,10048,16621,4887,0,46375,703,-913,1689
2018-04-09,35432,36037,35432,35735,375393,13414668855,0.0,40503,-39048,-7294,-19695,16987,-2630,-4025,0,-465,5818,21,2534
2018-04-10,35553,35795,35130,35493,396101,14058812793,-0.6772,-194,1674,-3946,-10262,-4019,3052,1306,0,1686,2466,0,4291
2018-04-11,35673,36278,35673,36038,630334,22715976692,1.5355,-62469,-127474,188816,30067,81822,17360,28044,0,31650,1227,-100,-127
2018-04-12,36157,36338,35856,35977,511561,18404430097,-0.1693,92116,-165467,76591,64338,19956,33402,12704,5040,-58849,-3282,42,0
2018-04-13,35977,36279,35493,35493,395993,14054979549,-1.3453,163235,-139891,-21744,-2462,3863,26180,-12181,0,-37144,-1546,-54,0
2018-04-16,35674,35795,34465,34586,862495,29830252070,-2.5554,344460,-272312,-91861,-27307,-25893,-1476,-100536,0,60112,17903,1810,3239
2018-04-17,34828,34888,34525,34828,425552,14821125056,0.6997,48822,-88293,38702,28746,-32529,4029,-33712,2000,71266,99,670,-1098
2018-04-18,35191,36036,35070,35977,731459,26315700443,3.2991,-231404,88321,133014,8900,20544,34296,9011,-1758,61121,11686,-1617,900
2018-04-19,36097,36641,35069,35251,761616,26847725616,-2.018,218583,-217762,-3547,-2781,-16852,-36163,20796,758,30695,2154,572,0
2018-04-20,35250,35794,35190,35675,325574,11614852450,1.2028,-78481,-10304,79767,13527,16042,11466,-874,-8967,48547,9460,-442,26
2018-04-23,36036,36036,35190,35554,498673,17729819842,-0.3392,71300,38372,-106441,-19518,-19739,-35149,-6183,-19425,-6427,-3411,180,0
2018-04-24,35673,35795,34888,34949,613851,21453478599,-1.7016,273075,-60064,-199379,-132408,-2449,-78379,-31835,2000,43692,-13828,196,0
2018-04-25,34645,35250,34162,34344,803831,27606771864,-1.7311,81489,56888,-120867,3778,-82551,-21800,-8771,-800,-10723,-17820,310,0
2018-04-26,34524,35129,34524,34768,462383,16076132144,1.2346,-50677,211868,-170144,6664,-109045,-3930,-9042,3000,-57416,9589,-636,-375
2018-04-27,35070,35372,34465,34707,471797,16374658479,-0.1754,94971,14995,-109775,-20799,-100129,15618,-15922,1955,9945,-721,530,-443
2018-04-30,34827,35069,34464,35010,400275,14013627750,0.873,27104,-25504,-2128,-11030,-6314,24529,-5734,0,-3574,583,-55,-5
2018-05-02,35492,36097,34766,35010,917617,32125771170,0.0,279543,-167273,-93092,-22222,-85787,27605,1690,-3101,-11142,-19595,417,-135
2018-05-03,35129,35190,34645,34768,331639,11530424752,-0.6912,89071,-58932,-30435,-40,-18166,1449,-2341,0,-10927,114,182,-410
2018-05-04,34766,34766,33980,33982,740474,25162787468,-2.2607,290742,-172502,-121222,33166,-74530,-22256,-30980,0,-26155,2892,90,-467
2018-05-08,34283,34524,33073,33075,826604,27339927300,-2.6691,21034,-6205,-15008,26213,-71973,-40742,-516,1321,70689,-1419,1598,0
2018-05-09,32772,33498,32772,33256,620570,20637675920,0.5472,3507,-94394,80197,27495,15332,1569,-5690,0,41491,11210,-520,0
2018-05-10,33557,35250,33498,35070,1053290,36938880300,5.4547,-388743,187058,190251,142331,41133,17543,26832,-10000,-27588,11731,-297,0
2018-05-11,35492,35855,34827,35191,674874,23749490934,0.345,34685,-78486,58655,29547,-6405,-21630,2094,1200,53249,-16014,1160,600
2018-05-14,35190,36097,34948,35796,918457,32877086772,1.7192,-296781,45681,246636,47612,54209,102519,2358,19000,20970,3829,635,-32
2018-05-15,36278,36580,35371,35675,820083,29256461025,-0.338,75539,-23052,-78920,-47006,-14734,50133,-33705,-1412,-27293,11501,14932,-4903
2018-05-16,35250,35310,34403,34526,674514,23288270364,-3.2207,178982,-123956,-36554,32935,-5410,-75538,-36558,10000,38017,-4592,-13880,0
2018-05-17,34464,34766,33617,33740,903726,30491715240,-2.2765,373824,-150883,-213809,-115504,-39707,-64408,20867,-10992,-3352,-8478,-654,-713
2018-05-18,33800,34586,33739,34465,458338,15796619170,2.1488,49226,-21453,-24426,2077,-2132,7099,-88,-4750,-26632,-3002,-345,0
2018-05-21,34524,34524,33920,33982,395499,13439847018,-1.4014,113761,-177738,64665,22546,7213,31567,-2058,5000,397,-1097,409,0
2018-05-23,33738,33859,33073,33196,788896,26188191616,-2.313,352456,-310997,-39831,12724,-20543,517,-5010,-6000,-49519,-2234,606,28000
2018-05-24,33376,33436,32710,32833,587133,19277337789,-1.0935,266912,-115194,-151946,-54493,-78735,-6513,-19848,0,7643,387,-159,0
2018-05-25,32771,32952,31985,32047,804220,25772838340,-2.3939,318337,-197561,-100698,18250,-64152,-6140,-14435,-4120,-4101,-20385,307,-26000
2018-05-28,32227,33194,32227,33075,598662,19800745650,3.2078,-97938,27662,74635,52091,-2736,27385,-906,-18667,17468,-3863,-496,0
2018-05-29,32952,33134,32710,32712,279946,9157593552,-1.0975,41238,-16781,-25013,-2326,-5062,487,-29528,-12926,24342,50,506,0
2018-05-30,32650,32650,31622,31684,637354,20193924136,-3.1426,248463,-136190,-117154,14502,456,-27787,-33926,0,-70399,4042,839,0
2018-05-31,31864,32045,31078,31261,1008889,31538879029,-1.3351,174460,21468,-197314,-74405,-63608,-1524,-10167,-26599,-22097,1708,-322,1086
2018-06-01,31501,31743,31199,31261,437618,13680376298,0.0,147810,-47450,-114132,-31860,-29129,-5301,-30666,0,-17483,12966,806,307
2018-06-04,31321,31442,30293,30414,1312340,39913508760,-2.7094,467548,-71759,-389566,-23167,-178698,-45812,-134402,-5440,8400,-6656,433,-10447
2018-06-05,30534,30836,30413,30596,703943,21537840028,0.5984,151009,58827,-203098,-28296,-70124,-41219,-48961,-237,-14261,-5711,-1027,0
2018-06-07,30655,30836,30352,30596,918859,28113409964,0.0,361219,-8392,-364867,-103409,-158678,-44286,-61714,-6300,9520,10529,1511,0
2018-06-08,30594,31562,30473,30898,890804,27524061992,0.9871,59472,-7240,-63491,-37487,440,2872,-46750,6217,11217,12770,-1511,0
2018-06-11,31139,31502,30656,31321,471501,14767882821,1.369,-14771,-2917,11470,-19529,-14599,7579,392,0,37632,5064,1154,-5
2018-06-12,31683,31683,30836,30898,559566,17289470268,-1.3505,207657,-136623,-73314,-62919,-22418,-14572,-6490,0,33085,1630,650,0
2018-06-14,30716,30837,29628,29628,1153701,34181853228,-4.1103,449675,-245672,-212944,-97468,-85776,-29059,-128729,-1658,126070,9179,-238,3676
2018-06-15,29870,30051,29204,29507,822655,24274081085,-0.4084,79148,-62806,-18615,-1627,-24572,-22658,-1268,-100,29610,2723,-450,2000
2018-06-18,29506,29929,28538,28903,943215,27261743145,-2.047,402,49513,-70315,-40452,-26826,-22355,952,-26657,57296,18180,2220,-12273
2018-06-19,28963,28963,27087,27149,2064156,56039771244,-6.0686,933567,-481640,-459296,-8547,-195522,-43989,-152530,-101349,92506,6491,878,-49865
2018-06-20,26846,27874,26846,27330,995726,27213191580,0.6667,162216,1532,-165108,-113884,-35997,948,-5856,-3985,-6334,1460,-100,0
2018-06-21,27208,27389,26301,26484,899758,23829190872,-3.0955,36192,30788,-67409,-12425,-18465,16811,-6342,-400,-45491,194,235,-1097
2018-06-22,26241,26966,25575,26847,1020047,27385201809,1.3706,194068,-74861,-126324,-104321,17504,7799,-21611,1611,-23425,5893,1224,-3881
2018-06-25,26967,27814,26725,27693,769408,21307215744,3.1512,-43232,-52468,97673,-3332,6288,59535,-954,-10000,46136,-1623,-350,0
2018-06-26,27208,27571,26845,27391,411406,11268821746,-1.0905,55936,-137378,81304,-3609,1213,26589,-1951,0,59062,210,-72,0
2018-06-27,27390,27390,25879,26000,1189181,30918706000,-5.0783,639201,-402131,-245496,-192900,-25654,-18259,-35122,0,26439,7195,1231,0
2018-06-28,25999,27148,25999,26423,814331,21517068013,1.6269,-184287,-5641,192513,102522,-4,74616,-14998,0,30377,-2090,-495,0
2018-06-29,26724,26906,25696,26423,637013,16831794499,0.0,96679,-166284,68509,-25610,30963,53240,-4610,14000,498,984,112,28
2018-07-02,26422,26482,24910,24912,1032399,25719123888,-5.7185,77141,-23307,-36064,3765,2818,-59014,-9847,0,27133,-16926,-844,-919
2018-07-03,25152,25455,24608,25033,655563,16410708579,0.4857,-32697,207856,-176927,-165877,6823,1177,-1505,-3554,-14660,1518,250,669
2018-07-04,24851,25274,24670,24972,436930,10911015960,-0.2437,66464,20936,-86313,-45630,-11053,-16458,-431,-5000,-7741,-1535,448,0
2018-07-05,24972,25214,24730,25093,443732,11134567076,0.4845,-4823,-20483,20556,16700,-19445,21166,-5899,-5000,13034,4790,-40,0
2018-07-06,25093,25456,24487,25335,612350,15513887250,0.9644,125085,-201640,76178,-3150,-878,25756,-5419,500,59369,517,-140,0
2018-07-09,25152,25575,24789,25396,501707,12741350972,0.2408,-14232,-58256,73585,-14795,25080,22164,697,-4505,47527,-804,-293,-2583
2018-07-10,25757,26180,25394,25516,608738,15532558808,0.4725,219003,-228785,13673,-12936,15287,1263,6171,500,3388,-4145,254,0
2018-07-11,25152,25455,24548,24791,806698,19998850118,-2.8414,327129,-142784,-184158,-27678,-16445,-98613,-275,-5064,-35095,-603,416,-988
2018-07-12,24971,25214,24549,24549,980845,24078763905,-0.9762,224293,-144014,-81065,118557,-37030,7484,-14189,0,-155887,-184,970,0
2018-07-13,24789,25575,24789,25335,744417,18859804695,3.2018,-97506,188035,-89395,11908,-1592,-59212,-9374,0,-29450,-924,-210,-1675
2018-07-16,25334,25575,24910,24912,447556,11149515072,-1.6696,38240,-39916,1125,-11462,19187,-12316,-919,0,6635,289,262,0
2018-07-17,25031,25273,24669,24670,497946,12284327820,-0.9714,228626,-164057,-64933,-55170,-2105,-5477,-2003,0,-178,264,100,0
2018-07-18,24790,25093,24670,24730,360655,8918998150,0.2432,19072,25013,-42932,-28459,5933,-2532,0,0,-17874,-806,-347,0
2018-07-19,24730,24851,23944,24186,761137,18408859482,-2.1998,92820,-81723,-7352,-46407,5019,596,-1725,0,33682,-3629,-116,1483
2018-07-20,24124,24789,24124,24549,470129,11541196821,1.5009,-60835,-5588,67312,-22122,-671,21774,4808,0,63523,-89,-800,0
2018-07-23,24789,25394,24427,24489,671837,16452616293,-0.2444,145317,-225967,80854,3215,1604,24473,601,7125,42568,-304,100,1268
2018-07-24,24670,24730,24186,24307,705219,17141758233,-0.7432,44100,9396,-47155,5378,-3338,-35773,-9261,0,-4161,-7456,1115,0
2018-07-25,24548,24910,24306,24368,776710,18926869280,0.251,117192,-13030,-101687,-51510,14411,-44904,-32395,5637,6074,-2420,-55,1000
2018-07-26,24548,24729,24306,24670,650018,16035944060,1.2393,20153,86894,-119019,-45332,-1877,8,-25577,0,-46241,10915,1057,0
2018-07-27,24911,25879,24911,25758,1010178,26020164924,4.4102,-133558,5828,138641,71765,60826,27225,-11776,26813,-37553,-10010,-901,1341
2018-07-30,25696,25817,25273,25456,590212,15024436672,-1.1725,260060,-257044,-4410,-48087,51196,909,-4236,0,-4192,2325,-931,0
2018-07-31,25455,25696,25152,25577,461513,11804118001,0.4753,59309,-111108,51370,11967,14025,1077,-531,0,24859,554,-125,-27
2018-08-01,25757,25817,25152,25396,793209,20144335764,-0.7077,233290,-214048,-20633,-42433,6546,-14979,158,500,4566,1015,376,25009
2018-08-02,25394,25817,24789,24912,733078,18262439136,-1.9058,161861,-45054,-116506,-43273,-3371,-43043,-7041,0,-24778,270,-571,5000
2018-08-03,25213,26362,25031,26303,1481764,38974838492,5.5837,-344088,507257,-161844,17828,-9998,28781,-13076,0,-185379,-963,-362,0
2018-08-06,26241,26603,25455,25516,835072,21307697152,-2.9921,297414,-259634,-39873,-38884,13816,-24733,-238,0,10166,-156,2249,0
2018-08-07,25636,25938,25334,25819,483862,12492832978,1.1875,-3053,-57764,58492,-1836,27621,20658,-3660,920,9789,240,2085,5000
2018-08-08,25575,25817,25273,25275,654475,16541855625,-2.107,248685,-189008,-60250,-20244,-34261,15532,85,0,-21488,540,33,126
2018-08-09,25455,25999,25273,25698,939831,24151777038,1.6736,-7094,-102552,98975,-44279,119713,9132,214,0,14132,4069,6602,63
2018-08-10,25817,25878,25394,25698,424226,10901759748,0.0,86803,-138888,56707,66046,-6515,-2348,-23380,0,21904,-4670,48,1000
2018-08-13,26120,26180,24789,25033,968367,24241131111,-2.5878,275113,-135397,-141459,-24704,240,-84571,125,4873,-37271,1288,455,-151
2018-08-14,25032,25153,24549,24851,776704,19301871104,-0.727,110853,-43283,-77769,-35985,-6608,-34138,-33791,0,32885,10494,-295,-132
2018-08-16,24427,24427,23278,24005,1502324,36063287620,-3.4043,518529,-435884,-90794,-68239,34675,21768,4241,-7423,-40684,7245,904,-35132
2018-08-17,24124,24850,24124,24670,819074,20206555580,2.7703,-172352,117098,58628,-23434,9224,46236,39310,9565,-20934,-2002,-1372,-1339
2018-08-20,24971,25334,24789,24912,624024,15545685888,0.9809,-50277,48773,8778,-24663,-1481,-70,-1157,0,36149,-7599,325,0
2018-08-21,24971,25031,24487,24912,690053,17190600336,0.0,175098,-183400,4325,-23602,13153,4261,6667,0,2055,3556,421,1791
2018-08-22,24911,25032,24186,24186,851297,20589469242,-2.9143,254247,-66334,-191867,-36453,-1659,-89043,-25733,0,-38979,-90,4044,0
2018-08-23,24306,24306,23278,23582,1626085,38346336470,-2.4973,797119,-545618,-253414,-164917,-45095,-27383,-42048,-13531,43327,4017,-2104,-3767
2018-08-24,23580,23762,23338,23703,796186,18871996758,0.5131,223713,-77178,-142886,56113,-17590,-7295,-7047,0,-167067,-4005,356,0
2018-08-27,23762,24003,23520,23703,814930,19316285790,0.0,136764,47008,-185855,-77595,-19611,-4402,-23033,-4546,-56668,1845,238,0
2018-08-28,23944,24367,23763,24307,1024004,24890465228,2.5482,-153111,5877,148877,74628,76127,-8594,3342,10000,-6626,-524,-1119,0
2018-08-29,24488,25818,24428,25758,2511972,64703374776,5.9695,-736287,590598,139747,93736,33981,16968,53147,-3333,-54752,5994,-52,0
2018-08-30,25696,25696,25092,25275,951903,24059348325,-1.8751,175533,-175780,-5801,54766,-44007,-4578,29476,0,-41458,6422,-374,0
2018-08-31,25092,25152,24427,24489,1254206,30714250734,-3.1098,456039,-460313,-3267,-14201,-58233,-5948,-4935,0,80140,8101,-560,-90
2018-09-03,24548,24971,24548,24610,585481,14408687410,0.4941,113354,-36973,-75441,-34582,-6347,-2182,-23195,0,-8611,-855,-85,-524
2018-09-04,24730,24789,24065,24428,789763,19292330564,-0.7395,202732,-142092,-62541,-103117,-1773,1725,1029,0,39595,1875,26,0
2018-09-05,24307,24488,24004,24065,717864,17275397160,-1.486,153831,-36710,-113817,-55342,-1744,217,-42884,0,-12452,-3580,276,-1612
2018-09-06,24065,24125,23702,23823,766724,18265665852,-1.0056,397148,-81107,-312687,-280331,-22718,46,-12284,0,2600,-4484,1130,0
2018-09-07,23701,24124,23459,24005,645848,15503581240,0.764,49433,-157689,107653,-6750,-1961,45319,-1377,0,72422,308,295,0
2018-09-10,23882,24124,23641,23884,505677,12077589468,-0.5041,160794,-90760,-71044,-104680,53568,-749,-12850,-96,-6237,1872,-862,0
2018-09-11,23944,24003,22614,22735,2536085,57657892475,-4.8108,1111895,-749337,-396808,-251240,-133694,12200,-49644,-34981,64165,30025,4225,-3614
2018-09-12,22856,22975,22614,22735,722375,16423195625,0.0,157612,-67351,-91770,-73957,-12863,-18453,-9050,0,22553,1719,-210,0
2018-09-13,22734,23217,22673,23098,929637,21472755426,1.5967,-122702,120613,7153,-21544,-10251,38035,4756,0,-5413,-7044,1980,1570
2018-09-14,23158,23581,23158,23400,517328,12105475200,1.3075,-41003,12829,29971,12687,6395,150,2,0,12107,508,-2305,-1370
2018-09-17,23096,23338,22734,22796,696757,15883272572,-2.5812,339043,-218909,-128517,-58411,-37217,-20064,42,0,-12867,5530,2853,0
2018-09-18,22674,22735,22311,22493,710885,15989936305,-1.3292,130388,-60451,-63414,-40424,-6110,5387,4939,0,-27206,-6745,222,0
2018-09-19,22552,22673,22310,22554,466202,10514719908,0.2712,7598,-2006,-5516,-4924,-16788,6485,3426,0,6285,-148,72,0
2018-09-20,22614,22674,21767,22130,1045642,23140057460,-1.8799,193532,-149555,-61781,-38721,709,-49839,-7350,0,33420,18358,-554,0
2018-09-21,22552,22734,22250,22433,658940,14782001020,1.3692,92586,-86616,-8977,6820,-3732,331,-22319,0,9923,3881,-874,0
2018-09-27,22189,23338,22189,23219,1041971,24193524649,3.5038,-383993,336963,48259,-16101,-150,52020,6145,0,6545,-1104,-125,-200
2018-09-28,23338,23459,23036,23340,615970,14376739800,0.5211,-15477,1970,6320,-76815,1950,50999,-2981,0,33048,7007,180,119
2018-10-01,23399,23459,22794,22856,508020,11611305120,-2.0737,256075,-50653,-209142,-142147,-35946,-891,-21750,0,-8513,3241,479,105
2018-10-02,22856,23339,22856,23158,523334,12119368772,1.3213,-119968,136832,-17019,-23558,-5184,16405,-14046,0,9364,199,-44,0
2018-10-04,23158,23279,22493,22735,816666,18566901510,-1.8266,-21130,70252,-87980,-75207,-19200,-13287,-4737,6218,16108,38764,94,2125
2018-10-05,22492,23096,22431,22916,596514,13669714824,0.7961,-163637,99231,74607,31757,1972,985,10295,6048,22502,-10231,30,1048
2018-10-08,22734,23036,22613,22796,439274,10013690104,-0.5237,26232,-50061,23736,4707,-3352,2780,480,0,14191,48,45,4930
2018-10-10,22735,22795,21586,21707,1279906,27782919542,-4.7772,165215,-251120,84022,-24914,9293,8533,9901,0,81209,1601,282,0
2018-10-11,20557,21161,20255,20256,1364713,27643626528,-6.6845,-43475,-131119,163973,-48657,7581,10884,16218,-1700,179647,10388,233,0
2018-10-12,20073,20617,20013,20377,879119,17913807863,0.5974,119070,26883,-129102,-118273,-6419,9581,1182,4534,-21209,-17180,329,1502
2018-10-15,20375,20436,19952,19954,588997,11752846138,-2.0759,168389,-69164,-99877,-83142,-2817,5519,677,0,-19071,511,141,-1043
2018-10-16,19952,20375,19893,20014,375652,7518299128,0.3007,45767,25391,-70702,9036,1262,-2113,-77837,0,-2038,-481,25,988
2018-10-17,20437,21102,20437,20800,947641,19710932800,3.9273,-158094,253879,-91768,28319,-51548,-69494,-4562,0,5517,-3955,-62,0
2018-10-18,20739,20800,20195,20316,404578,8219406648,-2.3269,139845,-59564,-76499,2649,-63,-58062,464,0,-21487,-3818,36,0
2018-10-19,20014,20135,19650,20135,629535,12675687225,-0.8909,184434,-57919,-127728,-48000,-52897,-11962,-1707,0,-13162,1113,100,0
2018-10-22,20073,20980,19710,20982,694524,14572502568,4.2066,-84055,26923,58304,-5500,31180,33386,2755,0,-1726,-1192,20,-1791
2018-10-23,20859,20859,20073,20256,570807,11562266592,-3.4601,207232,-97867,-107967,-35971,731,-15046,-20,0,-57661,-1223,-175,0
2018-10-24,20557,20799,20255,20377,650271,13250572167,0.5974,-69033,-2056,71311,-60952,24297,-956,3384,0,105538,-112,-110,0
2018-10-25,19952,20980,19831,20982,818046,17164241172,2.969,-252381,99827,154151,60891,1036,14731,433,3915,71616,-1440,-157,1529
2018-10-26,20980,21042,19952,20135,754386,15189562110,-4.0368,207306,-223373,29981,-2577,-1770,22388,3008,0,8928,-13915,1,4
2018-10-29,20134,20436,18441,18502,1929430,35698313860,-8.1103,376421,-500884,138377,17987,3317,-18220,3706,0,133856,-14733,819,-2269
2018-10-30,18502,19167,17776,18744,1395289,26153297016,1.308,-103250,756,100221,39608,3263,31189,-4217,0,28109,1453,820,2269
2018-10-31,19046,19590,18683,19530,959441,18737882730,4.1933,-139611,235581,-90154,-5183,4226,418,9657,0,-102556,-5983,167,3284
2018-11-01,19651,20376,19590,19772,713975,14116713700,1.2391,-77853,170727,-90212,66456,251,-76761,1416,0,-81704,-2520,-142,130
2018-11-02,19952,22068,19952,21768,2033725,44270125800,10.0951,-697099,751385,-37057,15218,28218,77760,13426,0,-171679,-16158,-1071,0
2018-11-05,21646,22614,20800,22130,1860923,41182225990,1.663,31122,-151066,105089,44281,2918,2719,286,0,54885,14632,223,0
2018-11-06,22310,22310,21282,21526,719125,15479884750,-2.7293,156645,-11731,-147851,-94369,-45107,-5965,1460,2000,-5870,2722,215,0
2018-11-07,21645,21948,20920,21103,686247,14481870441,-1.9651,52028,20076,-68824,-46998,-38172,23839,152,1589,-9234,-2970,-310,0
2018-11-08,21706,21887,21403,21526,811610,17470716860,2.0045,-43405,101043,-55285,5507,-38089,19674,43649,0,-86026,-2376,23,0
2018-11-09,21524,21706,21101,21405,389717,8341892385,-0.5621,-52344,54650,-2301,-69755,65308,-474,12108,0,-9488,-2,-3,0
2018-11-12,21282,21645,21041,21405,520634,11144170770,0.0,66895,10434,-81847,58187,-103277,-53390,-36,20270,-5488,4558,-40,1887
2018-11-13,20799,20980,19287,20075,2173610,43635220750,-6.2135,460423,-199816,-259342,-90540,40692,-284940,4807,-41459,118396,-1939,674,-6298
2018-11-14,20135,20739,20074,20558,808841,16628153278,2.406,-308190,-13401,319310,101485,52223,92658,13976,0,58968,2361,-80,0
2018-11-15,20315,20375,19772,20135,617289,12429114015,-2.0576,223698,-182480,-41063,-2172,-37711,-21180,-1418,0,21418,-400,245,0
2018-11-16,20316,21403,20135,20921,940757,19681577197,3.9037,-302638,274574,22551,23919,13954,-41372,807,0,25243,5564,-51,0
2018-11-19,21102,21888,21102,21586,790919,17072777534,3.1786,-207861,-74573,280894,17011,129205,100729,877,0,33072,1205,335,0
2018-11-20,21101,21827,21101,21526,559665,12047348790,-0.278,-63253,-40457,100140,23606,23077,-3138,4158,0,52437,3129,441,0
2018-11-21,21344,22553,21344,22372,1405609,31446284548,3.9301,-260529,68275,194943,50493,62663,58118,41360,0,-17691,-1380,-1309,0
2018-11-22,22613,22613,21766,21889,542223,11868719247,-2.1589,133427,-182269,49583,-16019,37097,20825,2022,0,5658,-386,-355,0
2018-11-23,22008,22371,21585,21647,533823,11555666481,-1.1056,14660,-71511,55523,20728,13510,3220,26969,11968,-22545,1270,58,1673
2018-11-26,21827,22492,21585,22191,843778,18724277598,2.5131,-82904,-115152,194255,63146,3939,58598,-872,19114,47230,3694,107,3100
2018-11-27,22432,22553,21949,22372,621990,13915160280,0.8156,-57699,-147822,204181,20362,38699,109438,10147,5274,18417,1243,97,1844
2018-11-28,22250,22552,21524,22433,996053,22344456949,0.2727,-108287,-166431,277182,79937,23451,109473,29749,0,34572,-2265,-199,0
2018-11-29,22855,23338,22431,22977,1531575,35190998775,2.425,-572203,48986,527324,108407,33287,313005,59955,15994,-4936,-3976,-131,1612
2018-11-30,23157,23338,22794,22856,818403,18705418968,-0.5266,36060,-117864,81877,22390,-5228,69511,3652,0,-8628,300,-373,180
2018-12-03,23339,23521,22916,23400,803825,18809505000,2.3801,-174554,-44661,221405,92560,-1380,27898,88992,15000,-1727,-2370,180,62
2018-12-04,23400,23702,22916,23037,804673,18537251901,-1.5513,-21190,-62236,81024,26194,24899,15544,9884,0,4503,2793,-391,0
2018-12-05,22493,22856,22372,22614,640794,14490915516,-1.8362,60807,11335,-71950,2789,-21239,-84841,-27880,0,59221,-188,-4,0
2018-12-06,22552,24185,22552,23703,2627482,62279205846,4.8156,-930488,157462,774811,264892,309089,151765,113515,15142,-80353,-1232,-553,761
2018-12-07,23823,24065,23279,23521,911700,21444095700,-0.7678,220075,-329847,110471,-84632,51212,85105,19110,0,39676,-345,-354,0
2018-12-10,23158,23400,22735,23158,578524,13397458792,-1.5433,-22943,-77914,102185,36268,871,7263,2044,-3847,54953,-1501,173,4633
2018-12-11,23278,24185,22613,24005,1159141,27825179705,3.6575,-298112,-67162,361922,53491,111324,19362,67971,3376,86398,2959,393,20000
2018-12-12,24246,24670,23883,24186,1119430,27074533980,0.754,-191180,-162110,354126,38396,18675,75938,127693,-2496,94872,-159,-677,1048
2018-12-13,24307,24670,24186,24428,1146328,28002500384,1.0006,-360481,138755,261365,-35950,175708,68848,31507,10592,9384,-39506,-133,1276
2018-12-14,24427,25273,24427,24791,1389204,34439756364,1.486,-427635,-9262,439991,77672,219914,42099,78878,9214,2214,-2749,-345,10000
2018-12-17,24789,25273,24729,25154,835065,21005225010,1.4642,-181459,-61706,245334,95935,103160,-42330,62065,-321,16825,-2152,-17,10000
2018-12-18,24910,25031,24064,24247,1069502,25932214994,-3.6058,-28545,-18965,35977,12577,61559,-167329,51540,3164,64466,10001,1532,10000
2018-12-19,24487,25031,24427,24912,705542,17576462304,2.7426,-237131,67208,178178,33897,80049,11023,9997,0,43457,-7962,-293,-245
2018-12-20,24549,24609,23944,24186,802780,19416037080,-2.9143,-10177,-5137,9178,-28392,17734,-14401,23475,-4584,4684,5303,833,10662
2018-12-21,24064,24669,23943,24670,696498,17182605660,2.0012,-214711,61924,154701,-22091,116187,-6265,20682,0,46590,-2095,181,-402
2018-12-24,24428,25031,24366,24549,481227,11813641623,-0.4905,-120111,-50391,170312,-6461,117581,10166,14193,-842,35994,210,-20,-319
2018-12-26,24064,24306,23822,24005,635120,15246055600,-2.216,-159976,50863,105625,105341,386,551,19801,-28286,5302,3830,-342,2530
2018-12-27,24366,24487,24003,24126,420275,10139554650,0.5041,-33517,-16408,47639,-37550,102326,9065,32576,-4054,-57068,2516,-230,2344
2018-12-28,24186,24851,24065,24428,495260,12098211280,1.2518,-86858,79159,9793,-10962,51684,-108987,53801,-799,25271,-1500,-594,-215
2019-01-02,24609,25032,23702,23944,632603,15147046232,-1.9813,108170,-77173,-63154,5059,30717,-88280,30412,3000,-43814,33133,-976,-248
2019-01-03,24003,24003,22431,22977,1060916,24376666932,-4.0386,-129183,136329,-10119,6339,56251,-110277,41524,18886,-22842,2325,648,0
2019-01-04,22795,23521,22493,23279,617090,14365238110,1.3144,-180891,2783,176587,84807,13652,16952,-1146,0,59507,1681,-160,2815
2019-01-07,23642,24428,23580,23642,526305,12442902810,1.5593,-99705,74666,20118,-1606,-11020,-18981,8969,0,42756,5178,-257,0
2019-01-08,23943,24064,23338,23461,426184,9998702824,-0.7656,33097,-27590,-6543,1479,12778,-20750,-4363,0,4313,572,464,0
2019-01-09,23580,24487,23521,24428,637531,15573607268,4.1217,-239690,25856,218817,32782,73269,92431,21287,1567,-10469,-4256,-727,7950
2019-01-10,24307,24670,24065,24428,585507,14302764996,0.0,-71759,36217,51899,22183,68861,46210,19417,0,-104772,-15681,-676,0
2019-01-11,24730,26000,24549,25879,1799960,46581164840,5.9399,-1084790,369211,760115,284343,206533,105026,40903,3050,115200,-43055,-1481,5060
2019-01-14,25999,26120,25394,26061,791957,20639191377,0.7033,-118248,-272166,396324,204227,112821,3564,46678,3634,24536,-5196,-714,864
2019-01-15,25878,26241,25636,26061,693159,18064416699,0.0,-167450,-70512,238523,151119,97512,-109559,73982,-5851,38261,-700,139,-6941
2019-01-16,26060,26060,25456,26000,907156,23586056000,-0.2341,236813,-164722,-69158,90603,-210,-174162,85223,-3857,-66755,-4001,1068,0
2019-01-17,25939,26544,25758,26000,748490,19460740000,0.0,-228441,8457,219675,112887,46510,-33909,68948,0,22522,492,-183,2717
2019-01-18,26301,26482,25696,25940,633326,16428476440,-0.2308,77632,7407,-86045,60515,-10283,-104531,32363,-8068,-54465,879,127,-1576
2019-01-21,26059,26543,26059,26303,546909,14385347427,1.3994,-154473,76375,73264,11726,13628,-17421,59232,-145,6244,4761,73,0
2019-01-22,26362,26482,25394,25698,736427,18924701046,-2.3001,131921,-84074,-48468,-16677,-26166,-23944,13066,-3957,10135,499,122,-925
2019-01-23,25516,25879,25093,25758,529172,13630412376,0.2335,11871,4140,-12506,51761,-27863,-52547,6718,-4120,15004,-3495,-10,-1459
2019-01-24,25515,25878,25213,25456,510983,13007583248,-1.1725,82391,57367,-142229,-62452,-16056,9500,-42975,3500,-33746,895,1576,0
2019-01-25,25273,26180,25213,25940,603646,15658577240,1.9013,-267220,86451,184616,-20943,90539,45933,-6268,0,75355,-2241,-1606,0
2019-01-28,25938,26845,25938,26605,915050,24344905250,2.5636,-454069,182181,264888,95769,105742,798,19009,-2506,46243,-1707,8707,-167
2019-01-29,26543,26724,26120,26484,542137,14357956308,-0.4548,-62792,-59337,131078,52292,26597,2604,43189,0,6396,119,-9068,0
2019-01-30,26725,27451,26544,27330,864688,23631923040,3.1944,-376414,155489,249183,114270,113650,35513,-6908,2508,150,-22778,-5480,-10000
2019-01-31,27693,27814,27028,27149,736060,19983292940,-0.6623,-89979,-70095,161126,58760,47577,15194,18015,-4146,25738,493,-1545,-12
2019-02-01,27270,27390,26786,26907,363626,9784084782,-0.8914,-30343,22117,6837,21354,6025,427,-2781,-8432,-9813,1425,-36,57
2019-02-07,27028,27511,26846,27451,455982,12517161882,2.0218,-177885,50276,128501,47450,61395,18187,-3040,0,4374,-798,-94,135
2019-02-08,27329,27389,26301,26484,556785,14745893940,-3.5226,188603,-46865,-142929,-2150,-21071,-45531,-24143,-5416,-38794,1082,109,-5824
2019-02-11,26544,26786,26121,26242,414718,10883029756,-0.9138,53384,58866,-108163,-8474,-39543,-24570,-19277,-846,-15453,-2296,-1791,0
2019-02-12,26362,26362,25394,25819,829335,21412600365,-1.6119,68245,218020,-269860,-78308,-37063,-16951,-36387,-373,-98175,-17228,823,-2603
2019-02-13,26000,27028,25697,26665,790157,21069536405,3.2767,-217397,103930,110270,14971,61154,17881,42559,137,-22932,3812,-615,-3500
2019-02-14,26724,27027,25999,26423,628676,16611505948,-0.9076,137977,-82921,-54263,-10713,-7041,1778,-6469,0,-31818,61,-854,0
2019-02-15,26121,26423,25335,25637,876478,22470266486,-2.9747,272508,90417,-360707,-20282,-157487,-9266,-49472,0,-124200,-2803,585,0
2019-02-18,25817,26301,25757,26182,603618,15803926476,2.1258,-147081,113998,33238,17108,-7383,8376,3906,-679,12858,-591,436,-948
2019-02-19,26241,26482,25817,26363,439153,11577390539,0.6913,-98444,36104,62276,48950,21053,-6577,-23975,0,22825,552,-488,0
2019-02-20,26543,28236,26422,28056,2886253,80976714168,6.4219,-1485944,984636,521935,305952,129390,24455,41644,0,18586,-16584,-4043,1908
2019-02-21,28056,28418,27572,28237,1137632,32123314784,0.6451,-306747,-1116,244798,157448,78916,-12849,39859,6138,-22034,54911,8154,-2680
2019-02-22,28116,28116,27510,27935,490469,13701251515,-1.0695,5201,-44617,-14508,-261,7055,-2239,-19456,-1595,1988,53274,650,0
2019-02-25,28358,28963,28237,28358,973240,27599139920,1.5142,-185320,-118469,248724,61985,72209,29960,29854,-1861,57528,55934,-869,-951
2019-02-26,28417,28599,27934,28298,477415,13509889670,-0.2116,-67528,16924,534,-19466,43540,-46938,17868,-870,11682,50201,-131,-5282
2019-02-27,28296,29143,27934,28782,806638,23216654916,1.7104,-215066,-56396,214600,88198,90287,-10306,37970,0,8451,58102,-1240,0
2019-02-28,28841,29083,28176,28298,813928,23032534544,-1.6816,-281186,83046,140800,37221,6745,28240,9726,0,58231,57464,-124,637
2019-03-04,28357,28841,28357,28540,570924,16294170960,0.8552,-75088,-118446,138731,1368,31443,-25207,59438,0,77577,54699,104,-5888
2019-03-05,28296,28417,27873,28056,341639,9585023784,-1.6959,-20309,565,-24256,-11940,-13172,-18827,-4151,0,23834,45000,-1000,0
2019-03-06,27935,28781,27874,28237,441491,12466381367,0.6451,-68061,17753,24747,-4400,34671,-3543,-357,0,-1624,32502,-6941,0
2019-03-07,28357,28357,27027,27270,757748,20663787960,-3.4246,277712,-29068,-296411,-66882,-111666,-106650,-27644,-4103,21846,47007,760,-1312
2019-03-08,26845,27692,26724,27270,457808,12484424160,0.0,-120393,60832,6173,39426,31356,22053,2869,-4728,-79803,54571,-1183,-5000
2019-03-11,27270,27632,27028,27451,296939,8151272489,0.6637,-46595,-31584,25400,-8225,10541,8134,809,0,14141,51964,815,0
2019-03-12,27814,28296,27692,28056,322763,9055438728,2.2039,-88283,-3793,56500,-2464,13442,19269,-1802,20000,8055,35386,190,0
2019-03-13,27814,28357,27571,28056,388547,10901074632,0.0,-94992,-104121,157327,57527,67377,8734,19788,0,3901,41884,-98,0
2019-03-14,28236,28417,27934,28117,435934,12257156278,0.2174,-12459,-9970,-27561,-32476,-11964,-1733,6841,5000,10963,49965,25,-4192
2019-03-15,28115,28538,28055,28419,501671,14256988149,1.0741,-175089,46554,85539,2170,11810,-4801,-2630,0,79820,43153,-157,-830
2019-03-18,28720,28841,28236,28540,318105,9078716700,0.4258,-99675,14404,31538,-15787,3278,2460,-8427,0,53214,54656,-923,-3200
2019-03-19,28599,28659,27994,28117,305440,8588056480,-1.4821,17632,-59454,-8139,-1477,-516,3168,660,0,-9270,49963,-2,-704
2019-03-20,28116,28358,27149,27451,459235,12606459985,-2.3687,69156,-68664,-54490,-17126,-26585,1019,-3677,-5130,-2991,54000,-2,0
2019-03-21,27631,27934,26906,27270,398674,10871839980,-0.6594,-39228,63974,-79561,-7482,-25758,3317,-4617,0,-45021,54909,-94,0
2019-03-22,27209,27209,26423,26665,632038,16853293270,-2.2186,271223,52198,-378576,-108777,-156609,-2568,-74555,-1929,-34138,55138,17,0
2019-03-25,25939,26423,25758,26000,437161,11366186000,-2.4939,-8942,62599,-106023,16272,-21223,-19416,-18653,0,-63003,55462,-3096,0
2019-03-26,26000,26242,25032,25214,1137692,28685766088,-3.0231,193167,121942,-368842,-73398,-147289,-9287,-142669,-25456,30251,53603,130,-994
2019-03-27,25274,26121,25214,25758,579098,14916406284,2.1575,-161274,-91501,197689,114796,64095,-1449,31621,11949,-23323,55100,-14,0
2019-03-28,25515,25636,24789,25275,525551,13283301525,-1.8751,-27803,98100,-124214,-62301,-55237,41697,-26483,168,-22058,53867,50,0
2019-03-29,25031,25636,25031,25275,497029,12562407975,0.0,39697,-159714,65411,4916,11433,37151,-517,0,12624,53906,700,-196
2019-04-01,25394,26543,25394,26303,661957,17411454971,4.0673,-173177,39650,77781,-48692,24738,88653,44685,6371,-37868,55818,-72,-106
2019-04-02,26543,26845,26241,26726,458958,12266111508,1.6082,-75727,-45971,65869,-16169,6554,65784,32047,0,-24389,55838,-9,2042
2019-04-03,26482,27571,26482,27512,659167,18135002504,2.941,-317934,34585,229209,102304,87917,5109,57866,5000,-28987,54290,-150,0
2019-04-04,27632,28116,27511,27693,445146,12327428178,0.6579,-209483,-29957,203357,103043,55754,-3822,22774,0,25608,36097,-14,0
2019-04-05,27752,27934,27389,27633,201785,5575924905,-0.2167,-20622,-22983,44815,-5807,32494,-14802,9797,0,23133,-1267,57,0
2019-04-08,27814,27814,27390,27572,213164,5877357808,-0.2208,-20775,12213,9060,-5539,26561,-21771,7683,628,1498,-395,-103,0
2019-04-09,27571,28357,27571,27996,613216,17167595136,1.5378,-290877,-70377,379154,304241,36313,22101,18526,0,-3921,-17258,-642,1894
2019-04-10,27874,27995,27511,27814,300831,8367313434,-0.6501,-45335,-29190,83013,43491,8635,-21317,494,0,51710,-8488,0,0
2019-04-11,27873,28176,27510,27754,417421,11585102434,-0.2157,26649,-17386,-9226,45226,3363,-24430,-7634,0,-25751,-37,0,0
2019-04-12,27572,27814,27270,27451,341414,9372155714,-1.0917,3148,88110,-79522,29285,-74583,-31048,-5032,-3855,5711,-11711,-25,0
2019-04-15,27510,27813,27389,27512,520660,14324397920,0.2222,19202,90016,-103287,24512,-50120,-25436,7417,0,-59660,-5122,-809,0
2019-04-16,27390,27814,27209,27330,272705,7453027650,-0.6615,26932,56828,-80512,-22787,-38762,1602,-9507,0,-11058,213,-3461,0
2019-04-17,27270,27632,26967,27330,405027,11069387910,0.0,-32666,44610,11169,52514,-40001,12073,-1759,0,-11658,-23113,0,0
2019-04-18,27087,27148,26059,26182,714159,18698110938,-4.2005,176594,127100,-308727,-75763,-101048,-5638,-57177,-9253,-57033,4014,1019,-2815
2019-04-19,26301,26603,25999,26363,275132,7253304916,0.6913,-8206,52712,-43467,-23092,-15267,2268,132,-4773,-1212,-39,-1000,-1523
2019-04-22,26724,26845,26241,26363,348505,9187637315,0.0,87205,-51540,-35851,64260,-24617,-6917,-11324,0,-57253,536,-350,0
2019-04-23,26120,26482,25394,25516,567314,14475584024,-3.2128,247613,91377,-338843,-95790,-105634,-46807,-67867,0,-22745,-1467,1320,0
2019-04-24,25696,25757,24910,25154,621239,15626645806,-1.4187,182760,141874,-323043,-15857,-86464,-23023,-55464,-6434,-129922,-1591,0,-5879
2019-04-25,25092,25575,24971,25154,286489,7206344306,0.0,43934,-27934,-16066,14987,-24655,1217,-6818,0,-797,14,52,0
2019-04-26,25213,25273,23943,24247,768352,18630230944,-3.6058,257474,235980,-494084,-235391,-148445,-39061,-43105,-226,-27856,-85,715,0
2019-04-29,24306,25394,24245,25396,559122,14199462312,4.7387,-144572,-31371,209619,102529,46412,-3860,15263,4502,43628,-33676,0,1145
2019-04-30,25334,25696,24487,24912,590987,14722668144,-1.9058,195951,40080,-234432,-161643,-33979,1237,-27466,0,-12567,201,-1800,-14
2019-05-02,24670,25093,24488,24851,343518,8536765818,-0.2449,48037,36303,-84353,25701,-68950,-49285,-2580,0,10770,0,13,-9
2019-05-03,24850,25152,24669,24912,241205,6008898960,0.2455,20223,-71414,51091,101990,-4554,2941,990,0,-50276,0,100,0
2019-05-07,24306,24729,24245,24489,264609,6480009801,-1.698,42943,-4423,-38028,43902,-23758,6054,6452,0,-70678,0,-492,0
2019-05-08,24185,25575,24185,25154,850285,21388068890,2.7155,-56086,-159669,228525,43445,54025,118378,-1293,5000,8970,-12750,-20,0
2019-05-09,25516,26544,25273,25335,1731135,43858305225,0.7196,-557858,-174690,765736,218570,200216,215461,100360,24275,3768,-34368,1180,3086
2019-05-10,25455,25878,25273,25516,666022,16994217352,0.7144,-18914,-330358,348057,164650,39774,67911,86505,-1145,-4660,875,340,-4978
2019-05-13,25334,25394,24306,24610,637791,15696036510,-3.5507,102685,-241620,138221,51472,45599,20793,6316,-4490,18137,-75,789,394
2019-05-14,24245,25031,24245,24670,475563,11732139210,0.2438,-2277,-164851,209065,131580,26653,13436,24635,-795,13556,-41148,-789,0
2019-05-15,24730,26181,24730,26000,785188,20414888000,5.3912,-289796,-130611,415626,207950,135156,52929,23031,7000,-10666,5004,-223,226
2019-05-16,25636,26301,25575,25698,450482,11576486436,-1.1615,-20639,-38866,59755,3561,7458,16928,27036,2400,2372,-500,250,0
2019-05-17,26060,26423,25456,25637,458034,11742617658,-0.2374,-90142,-59345,149943,97147,-7670,28434,30781,5000,-3749,-500,44,0
2019-05-20,25818,26060,25032,25093,492467,12357474431,-2.1219,13110,-33427,20032,46720,-10858,-10344,7897,-7000,-6383,1045,-760,0
2019-05-21,24669,25757,24669,25396,474107,12040421372,1.2075,-63397,-108606,173823,61010,89510,12352,41401,-89,-28361,-1818,-2,-2000
2019-05-22,25636,26543,25575,26423,823772,21766527556,4.0439,-314459,-202554,516073,271673,194779,17024,61063,-234,-27232,300,640,-1000
2019-05-23,26423,26423,25637,25758,326310,8405092980,-2.5167,103338,-133712,30679,30911,36915,-38457,10195,-274,-8611,-505,200,0
2019-05-24,25696,25938,25334,25698,290933,7476396234,-0.2329,-7297,-41275,48525,25400,-2046,14689,5529,0,4953,50,-3,0
2019-05-27,25637,25818,25032,25214,300953,7588228942,-1.8834,-1049,32017,-30968,38567,-25588,-38018,-887,0,-5042,0,0,0
2019-05-28,25213,25817,25213,25456,580767,14784004752,0.9598,-11016,-51648,63064,2477,33376,-1292,3736,-538,25619,0,-400,-314
2019-05-29,25575,25636,24608,24670,500029,12335715430,-3.0877,229841,-186133,-41910,28883,17958,-57985,4419,0,-35185,-1798,0,0
2019-05-30,24730,25153,24670,24972,494414,12346506408,1.2242,-34506,-57110,90820,70640,-8949,52115,17177,0,-40163,798,-2,0
2019-05-31,24790,25456,24488,24972,427799,10682996628,0.0,16215,-19107,2912,38651,22077,-27020,12667,0,-43463,0,-20,0
2019-06-03,24789,25696,24548,25577,546045,13966192965,2.4227,-143418,-130269,255788,239640,25037,-7770,31752,236,-33107,17863,36,0
2019-06-04,25394,26422,25335,26242,619456,16255764352,2.6,-159056,-194555,354587,230415,64101,18645,20137,0,21289,103,-1079,0
2019-06-05,26724,26724,25878,26303,461933,12150223699,0.2325,-5007,-233204,237532,172019,50210,38546,314,0,-23557,0,679,0
2019-06-07,26301,26362,25636,25819,375529,9695783251,-1.8401,10015,58847,-68714,14864,-29069,-42430,-7964,0,-3980,-153,5,-135
2019-06-10,26120,26180,25455,25819,263501,6803332319,0.0,-1300,29551,-28021,27681,-42707,-30419,1285,-377,16516,-196,-34,0
2019-06-11,25878,26241,25878,26061,202169,5268726309,0.9373,-44967,30412,11302,-3291,-3284,-7,3086,2127,22671,3000,253,-10000
2019-06-12,26059,26301,25636,25940,249156,6463106640,-0.4643,16179,69610,-86045,-53666,-12721,-7024,-32062,0,19428,-149,405,0
2019-06-13,25879,26000,25516,26000,417046,10843196000,0.2313,-11744,51143,-43190,-43731,-11696,-50697,-2249,0,65183,3724,67,0
2019-06-14,26059,26120,24971,25154,494367,12435307518,-3.2538,196492,162057,-358863,-110740,-103204,-41958,-56080,-10132,-36749,663,-349,0
2019-06-17,25213,25455,24789,25033,383546,9601307018,-0.481,12035,36771,-44557,-19450,-17988,-34740,-12893,-10475,60989,-4535,286,-10000
2019-06-18,24972,25214,24790,25093,292795,7347104935,0.2397,36816,-28230,-8606,15116,-636,-29727,4902,-2000,3739,15,5,0
2019-06-19,25878,27813,25757,27270,2480539,67644298530,8.6757,-861917,279878,571368,351609,95925,168547,-29698,3530,-62550,12330,-1659,44005
2019-06-20,27269,27692,27087,27512,648448,17840101376,0.8874,-156323,85370,73331,53366,23124,10221,-3139,5000,-10241,-2650,272,-5000
2019-06-21,27450,27510,26966,27210,470638,12806059980,-1.0977,-14025,-63995,76944,58126,7165,-2379,26629,0,-1597,1010,66,-11000
2019-06-24,27208,27208,26664,26968,320469,8642407992,-0.8894,-700,-21024,21474,27658,-7534,-9093,-10566,-5000,24009,0,250,2000
2019-06-25,27087,27208,26422,26726,344135,9197352010,-0.8974,43965,-26663,-17621,35748,-10794,-38890,16590,1969,-18244,926,-607,-4000
2019-06-26,26543,26906,26362,26605,274860,7312650300,-0.4527,17172,-50389,38961,43134,1465,-12982,-9997,14739,2003,-5739,-5,599
2019-06-27,26725,27270,26483,26786,446068,11948377448,0.6803,-7401,-94836,101389,17175,43602,22133,-8145,0,22624,874,-26,4000
2019-06-28,26846,27632,26725,27451,810958,22261608058,2.4826,-173459,-171552,340703,61667,232167,2056,14593,-14,-6378,4552,-244,36612
2019-07-01,27752,28479,27631,27935,749266,20930745710,1.7631,-111397,-129551,240678,98541,60019,18325,17083,0,51710,38,232,-5000
2019-07-02,27813,28236,27269,28117,686530,19303164010,0.6515,-234327,-73885,280720,227312,-13317,67908,-3654,4629,-10034,27121,371,7876
2019-07-03,28115,28599,27510,27875,488557,13618526375,-0.8607,-62947,-11588,69902,-47284,24112,26970,13158,2684,33262,3075,1558,17000
2019-07-04,28055,28055,27389,27875,326880,9111780000,0.0,-39948,103025,-64354,-16219,-45189,-27608,14741,5900,21,-362,1639,4000
2019-07-05,27994,28296,27571,27633,285887,7899915471,-0.8682,-53783,79369,-25652,45347,-10151,-45516,-7938,0,-9869,283,-217,2475
2019-07-08,27450,27752,26966,26968,288065,7768536920,-2.4065,-103133,106440,-3170,15980,-7397,-2549,988,-2737,-10103,-145,8,2648
2019-07-09,26966,27329,26241,26423,389929,10303093967,-2.0209,15189,53151,-90246,32449,-46576,-13144,-7817,-18390,-36768,21841,65,0
2019-07-10,26543,26724,26120,26363,306035,8068000705,-0.2271,-17256,98677,-82891,42400,-28619,-32464,-14245,-385,-49578,729,741,0
2019-07-11,26543,26966,26301,26363,539207,14215114141,0.0,135999,-24814,-80561,-19571,13392,-19306,-2173,1923,-54826,-28599,-2025,0
2019-07-12,26544,26604,25758,26000,463991,12063766000,-1.3769,132817,81960,-208862,-57414,-58030,-66710,-18,-1426,-25264,-5882,-33,0
2019-07-15,26059,26966,26059,26484,544852,14429860368,1.8615,-44546,-8208,52966,56192,-23309,754,39981,2811,-12829,-140,-72,-10634
2019-07-16,26544,26907,25576,26000,519357,13503282000,-1.8275,72959,-5660,-68142,-19254,-30716,-19620,-807,0,3020,474,369,-765
2019-07-17,25939,26181,25637,25879,257911,6674478769,-0.4654,12797,53823,-65067,-4942,-8054,-26454,-2879,0,-20415,-1778,225,-2323
2019-07-18,25879,25939,24911,24972,662231,16537232532,-3.5048,308336,62632,-371721,-40697,-204377,-40048,-49626,1303,16958,21,732,-55234
2019-07-19,25274,25335,24488,25093,554619,13917054567,0.4845,71233,59198,-121237,-108135,-44158,25392,-16125,-473,22668,-7949,-1245,-406
2019-07-22,25092,25213,24850,24912,214471,5342901552,-0.7213,59881,15298,-75255,-74369,-10532,14617,3170,0,-6207,76,0,-1934
2019-07-23,25093,25696,25031,25335,435459,11032353765,1.698,141,-28920,27492,37915,-11715,998,-11600,0,23232,1282,5,-11338
2019-07-24,25395,25576,24972,24972,258495,6455137140,-1.4328,26960,-65257,38497,14541,37748,-4572,-2041,-1958,144,0,-200,-5365
2019-07-25,24972,25093,24246,24307,627991,15264577237,-2.663,127213,121145,-250636,-75499,-79949,-25599,-28887,-10023,11577,2086,192,-42256
2019-07-26,24064,24427,22975,23340,1031562,24076657080,-3.9783,189661,109471,-286122,-75420,-155216,-90874,-40765,-5323,81745,-12835,-175,-269
2019-07-29,23158,23279,22553,23037,423199,9749235363,-1.2982,-64441,-35057,100806,917,-2013,55771,21609,-18432,43127,-1315,7,-173
2019-07-30,22795,23642,22795,23158,362202,8387873916,0.5252,53,-6670,6293,-18982,-4642,40628,-3067,0,-8025,-101,425,381
2019-07-31,23158,23339,22251,22614,682382,15431386548,-2.3491,106802,45997,-153399,-71502,2317,-80214,-28874,-103,25132,2300,-1700,-155
2019-08-01,22372,23217,22372,22614,459326,10387198164,0.0,7517,102375,-98699,-78853,25655,-52755,10042,9837,-10842,-12242,1049,-1783
2019-08-02,22310,22795,22189,22614,375719,8496509466,0.0,-16367,-137203,154204,131064,34322,-2543,28920,0,-37559,-634,0,0
2019-08-05,22734,22734,21887,21889,599834,13129766426,-3.206,-107709,-122506,227265,80319,19850,6412,23592,-2180,99272,2950,0,0
2019-08-06,21161,22251,20679,21828,683354,14916251112,-0.2787,-102514,-136888,237383,143169,30068,13783,-13222,-6087,68768,2019,0,904
2019-08-07,21827,22129,20496,20619,853902,17606605338,-5.5388,140329,29273,-169629,-20174,-46742,-113602,10851,488,-1686,27,0,1236
2019-08-08,20678,21403,20496,20982,784638,16463274516,1.7605,67294,56398,-124153,17280,-51442,-74911,16020,0,-35629,417,44,4529
2019-08-09,21161,21404,20679,20800,460393,9576174400,-0.8674,108963,15414,-124276,-104237,-39621,-5793,-1842,0,27217,-101,0,0
2019-08-12,20678,20859,20557,20740,298521,6191325540,-0.2885,118657,-41493,-77364,-25520,-42411,-12629,-3405,0,7526,200,0,-925
2019-08-13,20496,20920,20255,20619,428024,8825426856,-0.5834,6411,-105878,99522,110597,-7139,-3381,180,0,-735,0,-55,0
2019-08-14,21042,21042,20679,20921,448376,9380474296,1.4647,74359,-165357,80096,-13722,5342,92397,1565,0,-5486,10876,26,0
2019-08-16,20496,20678,20013,20075,713018,14313836350,-4.0438,302079,-144015,-156406,-10535,-118262,-29258,5394,-4889,1254,-1240,-418,-110
2019-08-19,20256,20800,20195,20679,358210,7407424590,3.0087,-43794,41129,5850,51520,-34894,-23279,-6929,-292,19917,-3400,215,-193
2019-08-20,20618,20860,20437,20679,321402,6646271958,0.0,111298,-103464,-7840,8665,7533,-3588,11189,1000,-32639,-34,40,0
2019-08-21,20678,21524,20557,21284,709375,15098337500,2.9257,59201,-278040,215543,140130,67929,58721,12654,0,-63891,3281,15,0
2019-08-22,21525,22432,21344,21465,1125367,24156002655,0.8504,159879,-534591,373133,78924,162598,93421,30526,4977,2687,1342,237,0
2019-08-23,21101,21403,20859,21103,606855,12806461065,-1.6865,177700,-103768,-73980,-66951,-46292,-9165,15781,0,32647,-450,498,0
2019-08-26,20618,20800,20256,20316,600431,12198356196,-3.7293,183197,89115,-266405,-127653,-69749,-96999,763,0,27233,-5861,-46,0
2019-08-27,20557,20799,20194,20498,616866,12644519268,0.8958,15724,37315,-53244,-14341,861,4114,-51817,0,8387,200,5,-448
2019-08-28,20558,20558,20135,20437,547974,11198944638,-0.2976,172918,-10873,-162443,-23565,-90267,18997,-43047,0,-24132,396,2,-429
2019-08-29,20617,20678,20194,20256,363101,7354973856,-0.8856,131774,35916,-167690,-2854,-110066,1254,-36172,0,-19852,0,0,0
2019-08-30,20617,21102,20496,20921,600052,12553687892,3.283,-51505,-57301,105221,30098,803,47851,-5755,208,30960,3385,200,1056
2019-09-02,20739,21042,20679,20800,360989,7508571200,-0.5784,166160,-81299,-105246,31963,-68106,4464,-83417,1000,8745,20345,40,105
2019-09-03,20980,21403,20859,20982,538900,11307199800,0.875,33400,-106709,69759,55992,621,24622,-7152,3769,-10483,3300,250,2390
2019-09-04,20738,21161,20738,21042,469678,9882964476,0.286,70597,-114184,42187,20313,-8027,-2197,-9528,-1154,42780,1300,100,0
2019-09-05,21101,21827,21041,21647,744417,16114394799,2.8752,-86047,-40899,128695,11127,59202,28383,19109,0,10691,-1659,-90,183
2019-09-06,21646,21828,21223,21465,460739,9889762635,-0.8408,98653,-204944,103643,101069,20403,8987,-1928,0,-24888,2213,435,0
2019-09-09,21524,22129,21403,21949,692381,15197070569,2.2548,-173787,-189680,352942,224995,26749,33826,37383,0,29909,10812,-287,80
2019-09-10,22008,22130,21707,21828,412910,9012999480,-0.5513,53187,-21094,-32191,-61974,7203,141,8100,-1000,15339,98,0,0
2019-09-11,21948,22189,21766,21889,710453,15551105717,0.2795,-16270,-165870,181951,33041,33143,25131,15519,-164,73881,434,-245,1400
2019-09-16,22372,22493,22190,22372,597256,13361811232,2.2066,-114094,-26894,136173,65197,17402,2461,11642,0,39471,4793,22,0
2019-09-17,22431,22734,22189,22675,485999,11020027325,1.3544,-61760,32646,25378,47968,6257,-11267,25540,0,-43120,2364,1372,0
2019-09-18,22735,22856,22069,22372,550237,12309902164,-1.3363,96691,-44199,-55473,-95889,36029,-7698,43544,55,-30809,3819,-838,-705
2019-09-19,22372,22432,22069,22130,232177,5138077010,-1.0817,67444,2993,-64762,-8307,-4625,-6231,-12994,0,-32605,-5770,95,0
2019-09-20,22130,22311,21888,22251,288270,6414295770,0.5468,27432,46518,-74387,-45550,-12089,287,-3349,0,-13686,565,-128,0
2019-09-23,22189,22310,21706,21889,443377,9705079153,-1.6269,113845,83907,-208030,-158788,-47674,2253,-11567,0,8314,10183,95,-568
2019-09-24,22068,22371,21887,22312,326833,7292297896,1.9325,-62877,-16214,81812,62920,-28353,24187,17264,0,6456,-2723,2,-662
2019-09-25,22190,22251,21465,21465,507374,10890782910,-3.7962,198101,-150840,-52551,9020,-25000,-1555,-28312,1213,2914,5147,143,-10831
2019-09-26,21585,21766,21464,21526,253837,5464095262,0.2842,18610,-11367,-7995,2912,2701,1571,-1766,0,-13413,800,-48,0
2019-09-27,21525,21646,21102,21344,221586,4729531584,-0.8455,43400,5282,-50218,-43941,-1900,-7121,-6651,0,9395,1532,4,0
2019-09-30,21282,21767,21223,21707,250710,5442161970,1.7007,-46900,36342,4689,-19869,4570,14316,30,0,5642,5864,5,0
2019-10-01,21525,22009,21465,21586,263922,5697020292,-0.5574,42957,16130,-58181,-81443,-466,11620,-23927,421,35614,-48,-858,0
2019-10-02,21403,21524,21161,21163,316670,6701687210,-1.9596,89604,15310,-130596,-72548,-9646,17423,-37686,-72,-28067,25579,103,0
2019-10-04,21161,21403,20980,21042,261660,5505849720,-0.5718,-14990,62302,-47372,-26863,-9633,835,-15047,0,3336,56,4,0
2019-10-07,21282,21403,21041,21163,278206,5887673578,0.575,21808,46528,-68102,-42636,-874,5230,-428,0,-29394,0,-234,0
2019-10-08,21282,21767,21223,21707,275531,5980951417,2.5705,-68728,16993,51640,21515,16405,8806,-3258,0,8172,0,95,0
2019-10-10,21645,21707,20980,21042,572680,12050332560,-3.0635,217884,-136102,-84850,31662,-37545,2219,-31881,-111,-49194,2859,209,0
2019-10-11,21283,21646,21223,21465,339938,7296769170,2.0103,-72146,-31794,104960,8954,43997,60540,-8123,1266,-1674,-1000,-20,0
2019-10-14,21766,22250,21766,22070,621996,13727451720,2.8185,-318790,-12234,331261,68816,79992,75878,29101,0,77474,-109,-128,0
2019-10-15,21949,22068,21707,21828,279149,6093264372,-1.0965,104364,-59634,-43478,13642,-32643,-4479,-17341,0,-2657,71,-1323,0
2019-10-16,21949,22008,21707,21828,333589,7281580692,0.0,35257,-97169,62695,41110,-47030,10296,29940,0,28379,40,-823,0
2019-10-17,21949,21949,21586,21707,267288,5802020616,-0.5543,22940,-37118,14429,-19052,12214,-1088,14538,0,7817,1331,-1582,0
2019-10-18,21706,21827,20920,21163,634676,13431648188,-2.5061,424658,-240938,-176352,-132418,-38534,-46,5939,-2499,-8731,-7270,-98,-63
2019-10-21,21102,21223,20800,20921,501044,10482341524,-1.1435,174126,77111,-236943,-160457,-26025,-14071,-31222,-2160,-3008,-14308,14,0
2019-10-22,21041,21222,20920,21163,317543,6720162509,1.1567,-37621,69696,-32020,-6567,-33457,2400,-23326,0,28930,-55,0,0
2019-10-23,21042,21102,20437,20558,623228,12812321224,-2.8588,235750,-59931,-168236,-99933,-45500,-2890,-11457,0,-8456,-7699,116,0
2019-10-24,20436,20557,20073,20498,658952,13507198096,-0.2919,184322,56211,-234172,-51819,-31922,-108398,-49086,83,7089,-6482,121,-119
2019-10-25,20557,20678,20375,20498,373213,7650120074,0.0,-20455,146076,-122389,-40803,-22968,-30136,-16636,0,-11846,-3432,200,0
2019-10-28,20679,20800,20437,20558,297006,6105849348,0.2927,64153,13374,-77326,-35238,-27830,-3774,-36939,0,26573,0,-201,-118
2019-10-29,20678,20678,20315,20377,300197,6117114269,-0.8804,136844,-76974,-59853,-38483,-15183,51,-13669,0,7431,0,-17,0
2019-10-30,20376,20437,19288,19530,1358075,26523204750,-4.1566,987895,-393239,-598832,-200523,-327301,-32753,-90148,-11803,64375,3548,628,-679
2019-10-31,19651,20074,19469,19772,677821,13401876812,1.2391,-31510,128813,-96821,-107434,-16184,39695,-274,-443,-11695,-559,77,-486
2019-11-01,19650,19952,19468,19954,450617,8991611618,0.9205,43797,172745,-216739,-94624,-16694,-34007,-61118,0,-10296,-55,252,0
2019-11-04,20255,20255,19952,20075,421034,8452257550,0.6064,120652,48602,-169958,-139822,-43011,-11919,-9401,-980,37307,649,55,-2132
2019-11-05,20134,20255,20073,20256,318953,6460711968,0.9016,-40806,117966,-78488,-47586,-6644,-7788,-13730,0,-2740,-74,1402,0
2019-11-06,20316,20437,20195,20316,349733,7105175628,0.2962,50305,66945,-120239,-55247,-10823,7403,-57002,-260,-4310,2989,0,0
2019-11-07,20316,20376,20135,20316,286054,5811473064,0.0,101111,21927,-123028,-100504,-14735,3436,-18930,312,7393,10,-20,0
2019-11-08,20557,21041,20496,20861,770806,16079783966,2.6826,-122534,93703,30060,15533,26651,16688,4099,627,-33658,-795,-434,120
2019-11-11,20860,20860,20256,20316,482179,9795948564,-2.6125,260448,2082,-243611,-210130,-22087,5319,-1162,315,-15866,-19243,324,0
2019-11-12,20375,20921,20375,20800,466865,9710792000,2.3824,-103443,119828,-17317,-16814,6931,-3837,7975,2962,-14713,903,29,179
2019-11-13,20799,22734,20436,22433,3369541,75588913253,7.851,-937299,76809,812492,85247,364978,188307,98958,6717,62940,45558,2440,5345
2019-11-14,22372,22976,22311,22493,1534938,34525360434,0.2675,-211752,288711,-57295,19200,-34732,-37578,-22971,1459,17217,-19939,275,110
2019-11-15,22552,22734,22371,22554,607240,13695690960,0.2712,-55282,86213,-34057,35355,-5759,-34239,-22936,0,-3063,3074,52,-3415
2019-11-18,22734,22734,22310,22554,482436,10880861544,0.0,-34150,86417,-55566,13191,-75173,-13980,721,0,19675,5299,-2000,0
2019-11-19,22431,22734,22068,22675,673853,15279616775,0.5365,-54741,172010,-113317,20389,-55770,-51697,2656,0,-30728,-3367,-585,1833
2019-11-20,22552,22552,21887,22070,709086,15649528020,-2.6681,201277,62148,-263747,-84476,-45507,-78062,-32123,-430,-24706,10,312,1557
2019-11-21,21828,22372,21828,22130,547712,12120866560,0.2719,-144445,93828,50614,-6702,32462,12885,541,0,11428,515,-512,0
2019-11-22,22250,22371,22008,22070,303419,6696457330,-0.2711,-48880,18220,23924,-7878,-6639,10908,-4467,0,32000,6736,0,0
2019-11-25,22371,22613,22068,22554,375823,8476311942,2.193,-139634,49267,92441,-9961,20922,35971,707,-1316,46118,-2149,75,0
2019-11-26,22552,22613,22250,22554,581077,13105610658,0.0,-29034,-3018,33585,-42451,920,-10853,-4623,-2670,93262,-1155,-378,0
2019-11-27,22673,22673,21887,21949,496173,10890501177,-2.6825,258025,33726,-257746,-24256,-37525,-205839,-3919,-2470,16263,-34200,195,0
2019-11-28,21948,22129,21645,21768,318441,6931823688,-0.8246,2549,81566,-84170,200,1082,-93939,-1027,0,9514,0,55,0
2019-11-29,21828,21828,21102,21223,483548,10262339204,-2.5037,113960,24599,-137572,-21335,-33064,-54635,-7873,0,-20665,-900,-87,0
2019-12-02,21222,22129,21161,22070,551719,12176438330,3.991,-177667,53786,125540,22957,80326,-12627,6295,0,28589,-1709,50,0
2019-12-03,21948,21948,21524,21889,231640,5070367960,-0.8201,25535,-33854,11404,11870,8008,-4255,-452,0,-3767,-3000,-85,0
2019-12-04,21586,21586,21283,21465,339272,7282473480,-1.937,140845,-85569,-55617,-31419,-13913,-2322,110,-215,-7802,-60,401,-56
2019-12-05,21585,21766,21041,21163,303050,6413447150,-1.4069,75122,-56123,-14056,2533,482,-3890,17087,0,-30268,-4989,46,0
2019-12-06,21161,21403,21041,21284,254853,5424291252,0.5718,45120,-14120,-29732,2098,-21688,-2402,-11508,0,3768,-1900,632,0
2019-12-09,21404,21465,21102,21223,170750,3623827250,-0.2866,4873,14950,-19821,4074,-5434,-17735,-8032,0,7306,0,-2,0
2019-12-10,21162,21465,21102,21223,184856,3923198888,0.0,-30904,-11448,32352,14073,4920,-5113,4851,0,13621,10000,0,0
2019-12-11,21283,21586,21223,21344,229514,4898746816,0.5701,25221,16852,-42073,10568,-66535,-5981,-11154,0,31029,0,0,0
2019-12-12,21464,22129,21343,21889,787539,17238441171,2.5534,-239892,130827,109597,114947,6472,45715,7334,0,-64871,-628,96,0
2019-12-13,22310,22735,22251,22614,909903,20576546442,3.3122,-496090,155747,334635,64635,85799,10220,23414,0,150567,5728,-20,0
2019-12-16,22673,22855,22492,22675,393991,8933745925,0.2697,-131666,-94503,225872,50250,122737,-3529,-9158,4523,61049,-153,450,0
2019-12-17,22613,22975,22371,22796,522147,11902863012,0.5336,-193609,-16064,210263,33259,118207,9157,18857,0,29152,236,-826,1631
2019-12-18,22794,22855,22492,22554,334452,7543230408,-1.0616,-6328,-23948,27741,8283,10763,-9588,2005,0,15143,2033,502,1135
2019-12-19,22552,22673,22189,22554,361712,8158052448,0.0,-23608,110262,-86651,-12060,-41632,-17348,-168,0,-16064,-3,0,621
2019-12-20,22613,23399,22552,23219,802436,18631761484,2.9485,-369544,169113,204265,65529,76467,44456,400,-1900,2784,-2750,-1084,16529
2019-12-23,23460,23521,23037,23037,356496,8212598352,-0.7838,-12928,-26614,42535,-863,-2384,7048,10684,0,27883,-2945,-48,167
2019-12-24,23096,23278,22734,22796,338779,7722806084,-1.0461,8135,-26031,8151,58817,-4888,-19366,6360,-6757,-26015,10000,-255,0
2019-12-26,22734,23157,22734,22796,276883,6311824868,0.0,-91129,783,92023,19888,28159,4557,1699,0,37023,-1501,-176,697
2019-12-27,22673,22855,22371,22796,291136,6636736256,0.0,67088,12329,-78896,-64160,10375,163,-3334,0,-21940,530,-1051,0
2019-12-30,22613,22794,22492,22796,234677,5349696892,0.0,3107,-38993,35886,13140,-17193,-4502,854,0,43587,10,-10,0
2020-01-02,22735,22795,22372,22372,344883,7715722476,-1.86,153609,-106606,-48033,-10295,6318,1082,-770,0,-44368,1010,20,0
2020-01-03,22492,23399,22371,23219,715314,16608875766,3.786,-263440,8091,254344,196364,62925,7990,47975,0,-60910,34,971,0
2020-01-06,23037,23158,22493,22493,517494,11639992542,-3.1267,72110,-149831,78685,16700,57292,-10640,13072,0,2261,-21,-943,0
2020-01-07,22735,23521,22614,23279,808977,18832175583,3.4944,-291939,-36464,328220,188308,84700,-10961,31064,0,27109,178,5,8000
2020-01-08,22794,22975,21887,22312,1006349,22453658888,-4.154,171559,-348688,178148,49636,12420,74728,31284,-128,10208,-290,-729,0
2020-01-09,22735,24004,22735,23944,1291733,30929254952,7.3144,-529902,82565,440328,111814,140992,125267,27147,970,33753,7796,-787,385
2020-01-10,23944,24246,23642,24065,876112,21083635280,0.5053,-172382,-139018,300665,218641,42920,109176,-40291,3221,-34011,10760,-25,1009
2020-01-13,24307,24307,23763,23944,566982,13575817008,-0.5028,101654,-147655,43355,113705,3886,-1645,-19915,0,-52676,2419,227,0
2020-01-14,24065,24307,23763,24186,520541,12589804626,1.0107,25759,-76834,48752,94282,-2374,20311,-44998,0,-18469,2592,-269,0
2020-01-15,24065,24307,23823,24186,348751,8434891686,0.0,-18441,-50181,70195,66562,21002,24561,-9907,234,-29329,-1243,-330,-2928
2020-01-16,24186,24245,23521,23642,532783,12596055686,-2.2492,178989,-107775,-76332,16948,13169,-40661,-23154,0,-42696,5117,1,62
2020-01-17,23641,24366,23641,23703,493386,11694728358,0.258,65428,79134,-144953,-16594,-18076,-54206,-2984,0,-55086,121,270,1993
2020-01-20,23822,24487,23701,24247,731353,17733116191,2.2951,-217691,58194,162317,37621,47886,16415,87038,11063,-42830,-1663,-1157,5124
2020-01-21,24186,24307,23883,23944,387037,9267213928,-1.2496,17238,-69513,51395,26882,1129,38,21826,266,-2821,1005,-125,4075
2020-01-22,24065,24186,23702,23823,286068,6814997964,-0.5053,42723,-49430,5496,26798,-4285,-34534,12673,-4499,9343,1761,-550,0
2020-01-23,23763,23823,22976,23158,518846,12015435668,-2.7914,186461,-14315,-162760,-56636,-22619,-42833,-1485,337,-39524,-9385,-1,0
2020-01-28,22250,22552,21403,21526,1041421,22417628446,-7.0472,485102,-24430,-416019,-27074,-115719,-189730,-25352,-1296,-52097,-45803,1150,-4751
2020-01-29,21828,21888,21283,21586,418098,9025063428,0.2787,138606,-90986,-48354,8276,-750,-10224,15354,0,-61010,484,250,0
2020-01-30,21524,21707,20738,21042,828281,17428688802,-2.5202,72155,16489,-89160,13198,-9698,-51370,11201,0,-52491,454,62,0
2020-01-31,21041,21222,20375,20377,550249,11212423873,-3.1603,140921,-44375,-98160,-13334,-80020,-24290,7744,0,12083,1000,614,-343
2020-02-03,19893,20558,19530,20316,662136,13451954976,-0.2994,34708,-126733,94371,7069,-723,31825,24072,0,32231,-2445,99,-103
2020-02-04,20557,20859,20375,20740,573976,11904262240,2.087,204496,-37975,-174533,-17971,-37331,21911,-1210,0,-145105,7890,122,5173
2020-02-05,21102,21161,20497,20800,556962,11584809600,0.2893,114934,-49831,-66866,12820,-609,-1073,12397,0,-90449,906,857,48
2020-02-06,21041,22613,20980,22433,1233258,27665676714,7.851,-521523,-112608,630132,71278,111364,334852,23410,0,89182,4152,-153,46
2020-02-07,22189,22613,21827,22191,355359,7885771569,-1.0788,17482,37122,-53994,-1648,-146,-27144,13634,0,-37274,-605,-5,-1416
2020-02-10,21888,22311,21646,22130,363776,8050362880,-0.2749,30857,-12578,-15111,-37075,759,9243,7890,5000,-928,-2352,-816,0
2020-02-11,22189,23217,21948,22675,982280,22273199000,2.4627,-44487,-175066,233795,22677,89003,65851,-27733,0,79097,-14722,480,4900
2020-02-12,22431,23338,22371,22856,1075035,24570999960,0.7982,-44675,-114999,159196,-6808,51390,11055,70176,8188,20995,22,456,4200
2020-02-13,22916,23279,22372,22493,739432,16632043976,-1.5882,38703,-98879,59265,49396,3316,-32781,30866,3700,4768,420,491,0
2020-02-14,22431,22673,22129,22191,448610,9955104510,-1.3426,70787,52186,-124594,50655,-40461,-107754,-934,0,-26100,1593,28,0
2020-02-17,22189,22975,21887,22796,579971,13221018916,2.7263,-197285,19984,178286,79403,66408,-40369,58268,0,14576,-1045,60,0
2020-02-18,22552,22794,22310,22554,345975,7803120150,-1.0616,-32422,-21061,50115,30342,14368,14057,17532,0,-26184,3361,7,0
2020-02-19,22855,23036,22431,22796,535781,12213663676,1.073,-104823,-118929,228857,68375,68814,26608,18202,1000,45158,-5100,-5,700
2020-02-20,23157,24185,22975,23884,2412170,57612268280,4.7728,-769085,41151,735120,231096,270503,94288,75971,2561,54098,-6645,-541,6603
2020-02-21,23701,25394,23642,24549,2782998,68319817902,2.7843,-543461,664564,-124720,75657,10961,-92752,-2533,12098,-127252,4899,-1282,-899
2020-02-24,23943,24185,22975,23098,1318520,30455174960,-5.9106,-56425,-331940,347366,108215,40911,117216,22715,0,63176,40726,273,-4867
2020-02-25,23096,23338,22552,22735,1060767,24116537745,-1.5716,172005,-239895,17644,83283,42821,-98462,10570,2414,-22137,50162,84,-845
2020-02-26,22129,23036,22068,22675,810884,18386794700,-0.2639,-98910,-72207,114211,13857,13430,60384,21688,1153,1240,56804,102,2459
2020-02-27,23036,23882,22552,22735,1057095,24033054825,0.2646,-60539,-65710,66391,53028,62680,-54264,29320,5403,-28776,60159,-301,-1000
2020-02-28,22251,22372,21404,21586,1160022,25040234892,-5.0539,76098,-407685,269993,109858,29293,-29764,30131,-289,130014,60416,1178,750
2020-03-02,21888,22009,21282,21707,682888,14823449816,0.5605,7769,-246113,147984,50754,48033,31352,10074,0,4395,89832,528,3376
2020-03-03,22250,22431,21585,21768,761957,16586279976,0.281,53371,-195909,101548,75067,26878,17426,17359,-88,-35094,41005,-15,0
2020-03-04,21524,22856,21465,22614,822032,18589431648,3.8864,-165192,8231,118820,74436,71038,31051,20347,0,-78802,38281,-140,750
2020-03-05,22915,22975,22371,22554,527056,11887221024,-0.2653,70543,-53434,-49273,12704,-7657,1355,-9923,2700,-48452,32203,-39,0
2020-03-06,22129,22552,21948,22009,486234,10701524106,-2.4164,19276,-56739,38360,122009,22300,-39697,5135,-5117,-66270,-923,26,0
2020-03-09,21404,21404,19530,19772,1742449,34451701628,-10.164,965474,-468935,-520814,4825,-210087,-209893,1411,-9486,-89769,22852,1423,-7815
2020-03-10,19348,20255,19227,19833,1118972,22192571676,0.3085,148446,-300340,113453,66862,-7384,-47295,36376,-408,62632,39729,-1288,2670
2020-03-11,19953,20376,19409,19651,850691,16716928841,-0.9177,-21704,90569,-74540,-51676,39001,6028,1101,-328,-69720,5050,625,1054
2020-03-12,19468,19589,17473,17656,1952172,34467548832,-10.1522,433122,-166294,-305860,22780,-80404,-187079,-9117,-4880,-44345,38404,628,-2815
2020-03-13,15780,16264,14631,15963,2910084,46453670892,-9.5888,485620,68322,-597486,-293082,-107849,-5691,-7620,-18824,-104932,42332,1212,-59488
2020-03-16,16082,16687,15417,15419,1163081,17933545939,-3.4079,-40832,43364,-92162,57290,-91771,-14487,5179,1010,-50396,89219,411,1013
2020-03-17,14329,15961,14268,15721,1169872,18391557712,1.9586,-221345,156375,-24866,-513,-8328,10788,-5483,-203,20194,90000,-164,-41321
2020-03-18,15780,15961,14147,14149,1201794,17004183306,-9.9994,356998,-144367,-260694,-98034,-56621,-18484,-27256,0,-63159,46226,1837,2860
2020-03-19,14451,14814,11488,11488,2861693,32875129184,-18.807,446619,444226,-983232,-160887,-540295,-49051,-61709,-4001,-159933,92903,-516,-7356
2020-03-20,11899,12696,11330,12698,1992029,25294784242,10.5327,-24762,72238,-89093,-29952,-1801,-25679,-8049,-21223,-7828,39931,1686,5439
2020-03-23,11500,12093,11379,11380,1639321,18655472980,-10.3796,650789,-403192,-309922,-150162,-71598,-36949,-3982,-2432,-34512,62444,-119,-10287
2020-03-24,11790,12516,11403,12516,1189942,14893314072,9.9824,-67439,32724,-37665,-56845,15695,-10106,1208,0,12908,72264,116,-525
2020-03-25,13240,14994,12999,14875,2194418,32641967750,18.8479,-403025,7932,378906,76644,128216,70954,34099,-654,69122,16660,-473,525
2020-03-26,15055,16567,14511,15358,2141194,32884457452,3.2471,-343059,-64573,358124,142557,175549,-29508,91131,16142,-50705,50300,-792,12958
2020-03-27,16385,16506,15175,15963,1184138,18902394894,3.9393,-137036,-107325,213215,104471,54946,18413,16600,16147,-4329,31069,77,6967
2020-03-30,15237,16023,15055,15902,995211,15825845322,-0.3821,17720,-3211,-42273,-30956,-20073,-29990,22883,2095,13259,27600,164,509
2020-03-31,16445,16506,15720,16205,904402,14655834410,1.9054,-98923,-23273,90774,110833,17681,-19801,9498,0,-27437,31850,-428,0
2020-04-01,16082,16627,15357,15419,942617,14534211523,-4.8504,62656,-103396,6344,7358,45,13281,17067,3794,-30410,35644,-1248,-4791
2020-04-02,15417,16082,14994,15963,912231,14561943453,3.5281,-134891,71469,36139,15804,-498,5931,13420,-3463,5297,27327,-44,-352
2020-04-03,16265,16325,15297,15479,993055,15371498345,-3.032,319262,-54658,-294398,-70183,-117996,-15136,-77606,11516,-28938,29953,-159,3945
2020-04-06,15659,15961,15538,15842,732384,11602427328,2.3451,-88175,28305,20574,-21752,-4287,-40207,-1842,0,86690,35442,3854,1972
2020-04-07,16325,16446,15842,16144,1003158,16194982752,1.9063,6050,4854,-21858,249,-9079,-27391,6057,2247,6059,14819,-3865,0
2020-04-08,16082,16143,15780,15782,907338,14319608316,-2.2423,268832,-56553,-248296,-6309,-67076,-52220,-60687,0,-62004,35776,241,0
2020-04-09,16144,16265,15842,16265,882207,14349096855,3.0604,-145103,84960,-9636,-13013,105,21083,479,0,-18290,69529,250,0
2020-04-10,16144,17414,16083,17051,1618617,27599038467,4.8325,-79764,35945,-23214,46732,12297,-3103,-14255,2102,-66987,67849,-816,0
2020-04-13,16869,16930,16386,16386,737638,12086936268,-3.9001,91909,-118575,-44270,32415,-33497,24831,-1009,0,-67010,70000,936,0
2020-04-14,16506,17171,16385,16870,987340,16656425800,2.9537,-203789,-37245,171820,93572,11977,755,29223,45,28900,69480,-266,7348
2020-04-16,16566,16868,16385,16568,663207,10988013576,-1.7902,87413,-115765,-41919,14311,-47860,-1032,1533,1265,-10136,70000,271,0
2020-04-17,17051,17896,16930,17414,1178938,20530026332,5.1062,-249250,11354,165735,108101,13176,37665,5732,0,1061,72201,-40,0
2020-04-20,17594,18078,17535,17535,975249,17100991215,0.6948,115774,-163593,-47912,-98360,47229,38209,1556,0,-36546,95798,-67,0
2020-04-21,17535,17775,16749,17414,1055939,18388121746,-0.69,8522,-78947,-2630,55842,-64905,-13941,8399,0,11975,73969,-914,0
2020-04-22,17050,17050,16445,16870,1104233,18628410710,-3.1239,443900,-6509,-434707,-86142,-70111,-139061,-85544,1228,-55077,-3385,701,0
2020-04-23,16990,17111,16628,16809,896126,15062981934,-0.3616,286262,8605,-294544,-141780,-82178,-4638,-52313,1812,-15447,-400,77,0
2020-04-24,16749,17232,16567,16930,888047,15034635710,0.7199,-121418,4771,114901,-9066,93447,23626,12240,7337,-12683,1800,-54,0
2020-04-27,17292,17775,17110,17535,931269,16329801915,3.5735,-242254,25085,213124,106404,42543,1000,-859,3197,57786,4500,-455,3053
2020-04-28,17654,17775,17171,17233,676678,11661191974,-1.7223,254066,-187025,-79439,-38977,-24162,-1883,653,0,-15070,10988,1410,0
2020-04-29,17352,17715,17231,17595,682270,12004540650,2.1006,-82369,19385,50891,54641,-9472,-4505,-12840,0,23067,12170,-77,0
2020-05-04,17050,17110,16627,16689,1121210,18711873690,-5.1492,573474,-106742,-467031,-210361,-128476,-17796,-91505,0,-18893,-418,717,0
2020-05-06,16990,17172,16809,16930,611362,10350358660,1.4441,40776,110592,-151938,-10831,-99649,-21530,-12694,-2693,-4541,631,-61,0
2020-05-07,16749,17474,16688,17293,862899,14922112407,2.1441,-425990,-15221,-119202,-32844,-55329,5892,-13405,-3414,-20102,561396,-983,0
2020-05-08,17414,17775,17232,17293,581232,10051244976,0.0,90449,-71170,-14508,-5490,12716,-19544,-9962,0,7772,-4204,-567,0
2020-05-11,18865,20739,18018,18079,6593581,119205350899,4.5452,1940024,-524630,-1383315,-546151,-399328,-57427,-257676,-9544,-103740,-36452,4373,-9449
2020-05-12,18441,20134,17775,18805,6583803,123808415415,4.0157,-201943,-87133,266469,-35786,40538,306697,-36647,-10970,11174,24477,-1870,-8537
2020-05-13,18864,19106,18441,18684,1717218,32084501112,-0.6434,279397,-90337,-207659,51189,-58793,-88216,-85152,-2066,-24528,10985,7614,-93
2020-05-14,18622,19166,18501,18926,1492037,28238292262,1.2952,-25349,-53069,81817,43553,-25812,-6387,26743,0,44852,-3249,-150,-1132
2020-05-15,19106,19166,18259,18382,984361,18094523902,-2.8744,142243,-44189,-110882,21786,-42128,-44736,-21708,-4607,-19187,3348,9480,-302
2020-05-18,18562,18683,17837,17958,900133,16164588414,-2.3066,202091,-16156,-186138,-6201,-43056,-145866,14620,-1582,-4053,-528,731,0
2020-05-19,18561,19166,18380,19047,1643484,31303439748,6.0641,-668683,164427,494703,171942,113657,36463,79423,16511,74862,8886,667,1845
2020-05-20,19106,19589,18682,19047,1396049,26590545303,0.0,7529,-128498,109737,6022,59591,50810,14673,0,-21359,12914,-1682,0
2020-05-21,19650,20557,19408,19954,3587660,71588167640,4.7619,-67065,83806,-35973,60186,-23276,-28050,-10232,373,-35232,22623,-3391,258
2020-05-22,20194,20194,18985,19289,1675273,32314340897,-3.3327,342598,-265986,-87353,-45087,14004,-16840,875,0,-40305,12251,-1510,0
2020-05-25,19408,19710,19166,19470,1088194,21187137180,0.9384,-226801,-30526,257514,233261,65886,-37275,-19053,0,14695,-406,219,0
2020-05-26,19711,20558,19651,20558,1918161,39433553838,5.5881,-476851,163671,329468,229716,-8455,47711,-5387,-2985,69664,-15904,-384,-796
2020-05-27,20859,21403,20194,20256,2499792,50635786752,-1.469,362864,-383231,34280,45119,-17750,30351,-11014,85,-14847,-14500,587,2336
2020-05-28,20436,20496,19529,19712,1244807,24537635584,-2.6856,87776,14063,-75228,-16982,-2710,-63533,10837,0,-955,-26323,-288,-1885
2020-05-29,19590,19832,19107,19530,1112387,21724918110,-0.9233,107933,13607,-122877,-18024,21284,-85983,-26,0,-40128,1323,14,0
2020-06-01,20316,20679,20074,20316,1155301,23471095116,4.0246,23713,-110159,81538,31905,47549,10809,21490,0,-30215,5026,-118,0
2020-06-02,20497,20800,20195,20558,1229232,25270551456,1.1912,-48709,66026,-26600,-24673,1712,260,-5096,1720,-811,9115,168,288
2020-06-03,20799,21161,20617,20861,1373129,28644844069,1.4739,-236543,70859,165333,-12656,23209,647,1511,10185,138637,-47,398,3800
2020-06-04,21162,21404,20316,20558,1110194,22823368252,-1.4525,54643,-26640,-13157,-54755,-28624,-2082,-6534,-153,79350,-15148,302,-359
2020-06-05,20558,20618,20074,20437,852604,17424667948,-0.5886,97653,-75258,-22399,-30220,-5501,-22356,-14631,0,50309,-169,173,0
2020-06-08,21042,21042,20375,20800,1108940,23065952000,1.7762,-78514,-15365,86510,-20266,427,81804,-5328,0,26940,7507,-138,2933
2020-06-09,23822,24789,21948,22191,8809001,195480541191,6.6875,1754198,-478739,-1300938,-632364,-181536,-106038,-156065,9586,-238618,27184,-1705,4097
2020-06-10,22794,23217,21887,22191,3285658,72912036678,0.0,210748,-17168,-167438,-127153,-4126,-1709,1072,0,-35522,-31589,5447,0
2020-06-11,21766,22614,21524,21828,2290382,49994458296,-1.6358,147914,-99354,-56829,-73815,-81253,2764,17367,-84,80385,-2538,10807,-2193
2020-06-12,20558,23400,20256,22372,3348958,74922888376,2.4922,-198772,58958,139040,-40892,50310,8621,80058,332,40611,1356,-582,0
2020-06-15,22794,23278,20859,20861,2888726,60261713086,-6.754,81662,-45019,-40055,-42380,65085,-3403,-13354,-1923,-47888,-810,4222,3808
2020-06-16,21706,23036,21524,22977,3213079,73826916183,10.1433,-612750,85450,414813,180004,110406,29836,28739,-43,65933,114855,-2368,-62
2020-06-17,22794,23157,21645,22312,2034547,45394812664,-2.8942,138286,-159334,20238,-7184,4708,-9033,21281,0,10466,417,393,0
2020-06-18,22371,22794,21948,22191,1375273,30518683143,-0.5423,140297,-182720,40299,-9849,12859,32638,-928,0,3579,2201,-77,2000
2020-06-19,22492,22613,21887,22433,1174227,26341434291,1.0905,-77296,-42090,117697,-16675,706,100048,683,0,29435,3063,-1374,3500
2020-06-22,22310,22975,22068,22614,1593834,36042962076,0.8068,-234538,38612,187873,117397,23569,16834,-2916,-1299,37486,7505,548,-3198
2020-06-23,23338,23943,22915,23582,4169502,98325196164,4.2805,-135839,8366,125110,212887,-11511,-36983,32329,-1880,-74375,2932,-569,4643
2020-06-24,24124,24549,23217,23521,2943486,69233734206,-0.2587,225045,-57188,-168603,-42206,38321,-86385,15405,0,-93738,-1873,2619,0
2020-06-25,22915,23399,22673,22916,1423477,32620398932,-2.5722,40320,-43484,23684,32930,14080,-47454,-2496,2951,23673,-20644,124,0
2020-06-26,23399,23882,22734,23884,1682404,40182537136,4.2241,-273165,168988,86905,-3512,21071,44496,50873,-1971,-20279,18597,-1325,-3773
2020-06-29,23339,23521,22976,23037,1223309,28181369433,-3.5463,71858,-42573,-9830,-38155,33535,-1047,36404,0,-40567,-6162,-13293,0
2020-06-30,23521,23763,23097,23279,1123416,26152001064,1.0505,-12690,-107544,104384,8918,46751,1188,25068,2995,19464,15639,211,0
2020-07-01,23459,23580,22734,22796,798937,18212567852,-2.0748,-23717,13032,10332,16007,-25597,-649,-1843,3262,19152,-37,390,0
2020-07-02,23096,23217,22552,22916,731172,16755537552,0.5264,123251,18837,-134943,-86193,-29643,-6128,1249,0,-14228,-7504,359,0
2020-07-03,22794,22975,22371,22796,795594,18136360824,-0.5237,-126127,28904,95490,95601,-55350,6598,4138,0,44503,1661,72,0
2020-07-06,22975,23581,22795,23521,1102665,25935783465,3.1804,-155200,32459,112668,18253,8342,13641,3986,0,68446,10720,-647,0
2020-07-07,23762,23762,23157,23703,1242525,29451570075,0.7738,-256923,25065,207932,205955,29269,-22509,21882,0,-25312,23044,882,-1353
2020-07-08,23763,24186,23460,24186,1442881,34897519866,2.0377,-248662,72626,169665,125580,58943,-2990,7681,0,-19549,6697,-326,0
2020-07-09,25152,27693,24910,27149,11766930,319460382570,12.2509,-707654,153649,609982,319483,247481,116797,49251,10092,-133082,-51131,-4846,-40
2020-07-10,27390,27632,26423,27330,4101492,112093776360,0.6667,292215,-279321,-40734,17116,29770,-76790,21663,0,-32493,27647,193,0
2020-07-13,27632,29567,27209,29386,5993138,176114353268,7.5229,-459512,116581,318364,215354,63217,82901,16166,0,-57274,16012,8555,-2000
2020-07-14,29567,30656,26967,27572,5881449,162163311828,-6.173,451056,-111410,-362786,76125,-179076,-134779,-40610,0,-84446,20825,2315,0
2020-07-15,28176,29022,27510,29024,3646456,105834738944,5.2662,-671708,159855,462540,246071,39917,9797,22982,2740,141033,45654,3659,0
2020-07-16,29324,29506,28236,28661,2171558,62239023838,-1.2507,134136,-136058,43804,11079,10653,20322,10906,1151,-10307,-43805,1923,0
2020-07-17,28841,29143,27994,28903,2034468,58802228604,0.8444,-156960,-89881,253275,227915,50669,-8886,3004,1512,-20939,-11898,5464,0
2020-07-20,28901,30896,28901,30898,4348132,134348582536,6.9024,5441,-220289,247197,222551,34441,-23420,25659,1337,-13650,-34265,1916,279
2020-07-21,30474,33377,30293,32772,7011382,229777010904,6.0651,-480144,-62562,420447,357716,93546,-14691,-20692,-1509,6077,123458,-1199,0
2020-07-22,33013,33799,31683,31926,4113970,131342606220,-2.5815,215904,-74575,-149174,-45498,4935,-11767,7230,6222,-110296,5219,2626,0
2020-07-23,32409,33498,31623,31744,3092659,98173367296,-0.5701,231091,58843,-314675,-80750,-54217,-4650,-13112,-11671,-150275,24113,628,0
2020-07-24,31199,32045,30594,31382,1963668,61623829176,-1.1404,70350,84136,-164831,-82610,-5586,-4628,-2071,-11118,-58818,8769,1576,0
2020-07-27,31380,32650,31380,32168,1787757,57508567176,2.5046,-15516,-187818,204486,53418,72680,25129,167,-22235,75327,263,-1415,0
2020-07-28,32650,32650,30594,30898,2633536,81370995328,-3.948,148945,99490,-223973,-111263,-61428,-11351,-26885,222,-12321,-28079,3617,-947
2020-07-29,31563,32228,31018,31079,2131109,66232736611,0.5858,190309,397,-192963,-101044,-19489,-14687,-23953,0,-43634,7623,-5366,9844
2020-07-30,31078,31924,30656,31563,1536405,48493551015,1.5573,-149378,87749,60558,23938,-3438,2464,30535,6509,900,904,167,-350
2020-07-31,31803,32106,30836,30837,1285539,39642166143,-2.3002,-65861,-33520,97993,17454,-2968,-8019,3208,309,88009,-711,2099,0
2020-08-03,30836,31441,30231,31261,1378643,43097758823,1.375,143727,-114318,-30042,2834,36661,1126,8483,3790,-82936,3633,-3000,0
2020-08-04,31804,34284,31804,32893,5706826,187714627618,5.2206,-185845,-26164,126719,-33649,62980,53562,2312,5949,35565,76612,8678,0
2020-08-05,33316,35070,32591,34949,4023780,140627087220,6.2506,-914372,85066,810845,522834,178690,3551,52948,0,52822,22752,-4291,0
2020-08-06,35310,36520,34403,35010,2901257,101573007570,0.1745,183044,-100638,-172519,-48732,-34689,-4240,-12198,20000,-74080,90435,-322,-18580
2020-08-07,34827,36520,34524,36340,2913024,105859292160,3.7989,-334071,169242,144291,123706,9421,-6466,17193,-298,1304,20226,312,-569
2020-08-10,37487,39664,37245,37610,3943250,148305632500,3.4948,284367,-106116,-242333,-144168,17811,-12239,15213,-310,-118728,61272,2810,88
2020-08-11,37608,40027,36822,38758,3921960,152007325680,3.0524,-284433,175689,108898,-100631,15936,55421,7601,-884,130856,2479,-2633,599
2020-08-12,39605,40270,37488,39121,3295585,128926580785,0.9366,409557,-130842,-232793,-114316,4224,18918,-23630,3825,-121814,-43422,-2500,0
2020-08-13,39180,40390,38394,39061,2059788,80457379068,-0.1534,-146101,231943,-87922,-95259,-38072,-12226,1604,0,58824,2063,17,-2793
2020-08-14,39301,39422,37124,37610,2134652,80284261720,-3.7147,223444,-52660,-191886,-47789,-118207,-11887,-978,-458,-12567,20148,954,0
2020-08-18,38273,40752,37186,38456,5708673,219532728888,2.2494,-421415,186936,246317,42446,43901,-17101,48162,0,145909,-14144,2306,-17000
2020-08-19,39544,39786,37367,38879,2851593,110867084247,1.1,314325,-173857,-145960,-32507,-5786,-14980,-15990,25115,-101068,5464,28,-744
2020-08-20,38335,39845,36338,36763,4064482,149422551766,-5.4425,-44605,461019,-161328,-60280,8730,-13680,-14210,-1735,-80574,-255529,443,421
2020-08-21,37608,38092,36217,37368,2422176,90511872768,1.6457,-24938,15053,1076,-17002,19158,27489,13367,-497,-41545,9291,-482,106
2020-08-24,36884,38818,36158,38335,1979829,75896744715,2.5878,-190973,147493,46197,-533,13765,12771,12983,1663,5548,2461,-5178,0
2020-08-25,38939,42749,38939,42749,7002177,299336064573,11.5143,-1202203,368165,496486,123642,73989,19545,10684,200,285426,338824,-1272,-17000
2020-08-26,42808,42808,40512,42084,4006614,168614343576,-1.5556,645954,-740726,-10039,71764,-37031,-3046,2531,2259,-48910,100344,4467,2394
2020-08-27,42324,45469,41176,43354,5127815,222311291510,3.0178,-360008,41239,288870,185306,953,7442,23269,0,87900,32775,-2876,-16000
2020-08-28,44138,46436,43957,45531,4175798,190128258738,5.0215,-139294,11915,181275,122830,36414,-6821,6645,-2220,24427,-54416,520,0
2020-08-31,46377,49762,46315,48312,5067764,244833814368,6.1079,-50014,-104736,120335,78799,-25216,3461,13773,-13964,63482,29773,4642,0
2020-09-01,48674,48856,46800,47042,3031788,142621371096,-2.6287,897188,-419267,-264131,-67406,-72609,-40786,-24003,-25197,-34130,-216436,2646,0
2020-09-02,47284,48795,47163,47828,2034111,97287460908,1.6708,166525,-102405,-91974,-42169,-19191,43790,2211,-15897,-58420,27534,320,-2298
2020-09-03,48371,59678,48311,55266,18718263,1034483522958,15.5516,-149740,228837,80066,-213734,-33497,27403,-57036,-1532,359117,-151931,-7232,-655
2020-09-04,52301,62641,52301,58652,19395170,1137565510840,6.1267,1143645,-320659,-651697,-249806,-12024,-6652,-75654,-156,-304040,-169900,-1389,-3365
2020-09-07,61794,63246,58892,59317,8295041,492036946997,1.1338,236277,146522,-357219,-183587,-38406,-14773,-17527,542,-104306,-22149,-3431,838
2020-09-08,62036,62157,55748,55810,7145979,398817087990,-5.9123,1063760,-54677,-1002823,-281945,-232884,-91025,-87890,-20800,-288279,-8082,1822,0
2020-09-09,58529,61675,56655,58833,12120663,713094966279,5.4166,508723,-403607,-109453,-144940,-50412,-21242,-30548,-1683,139091,-2821,7158,281
2020-09-10,58106,60706,57562,59559,6009990,357948994410,1.234,277619,-293877,14577,25448,-2377,-12177,-6829,-400,10612,2811,-1130,300
2020-09-11,58106,59376,54780,56052,6784103,380262541356,-5.8883,978166,55760,-1008939,-523518,-126387,33653,-59796,0,-328587,-22193,-2794,-4304
2020-09-14,53572,56051,52544,54056,6890101,372451299656,-3.561,406863,422102,-835424,-318717,-275611,-91312,-132168,-6210,-12356,4529,1930,950
2020-09-15,54780,55204,51636,52182,6267341,327042388062,-3.4668,319584,-7458,-416179,-141024,-75480,-14817,-49015,-4357,-132029,101177,2876,543
2020-09-16,51394,53934,51032,51275,5408420,277316735500,-1.7381,106796,71938,-190938,-95532,-22416,8352,-22393,-400,-59090,6444,5760,541
2020-09-17,51636,53148,50487,51396,4926879,253221873084,0.236,535101,-673077,101304,59081,-13444,12587,14723,617,27893,34814,1858,-153
2020-09-18,52302,52665,50670,51456,2392629,123115117824,0.1167,214695,-278881,37823,26826,-14760,-13316,-17177,0,56252,24496,1867,-2
2020-09-21,51394,52301,46980,47647,6535628,311403067316,-7.4024,-46731,742657,-742063,-379932,-176563,-29586,-51126,-1122,-110274,49936,-3799,6540
2020-09-22,46134,48008,45348,46317,6748183,312555592011,-2.7914,-864629,737084,178481,50314,36949,-9938,-8167,-1345,111090,-38695,-12241,-422
2020-09-23,47706,47766,43292,44805,6122225,274306291125,-3.2645,-234429,388099,-123321,-7298,-76823,2631,-20399,16809,-45258,-30021,-328,7017
2020-09-24,42990,47283,42929,44865,7385974,331371723510,0.1339,201189,-263044,52272,-71102,104354,20312,26173,1156,-37221,8450,1133,8600
2020-09-25,45046,45470,41902,42507,5169547,219741934329,-5.2558,-285386,130301,78041,77302,-31234,-16338,-32952,-6086,85947,78341,-1297,1402
2020-09-28,43293,46316,43172,46256,5644574,261095414944,8.8197,104417,-481765,522939,215639,108380,34787,1740,-832,163225,-146159,568,0
2020-09-29,47828,47887,45106,46498,3849192,178979729616,0.5232,764494,-875458,-53142,-59170,15249,17794,9973,0,-47388,159333,4773,10400
2020-10-05,47645,51455,47585,50973,7059924,359865506052,9.6241,-465223,133662,424054,92675,172780,82753,38555,9866,24947,-95142,2649,2478
2020-10-06,52664,52725,50427,51154,3533564,180755932856,0.3551,419461,-337123,-102758,-85386,63121,16632,-405,0,-97003,21246,-826,283
2020-10-07,50670,54056,50307,53935,5556833,299707787855,5.4365,-544711,123042,402826,227749,50150,64509,28610,-56,31864,23374,-4531,0
2020-10-08,55627,61069,55204,59075,11352848,670669495600,9.53,-1319756,650380,671853,432605,51889,14964,22953,9312,139552,-3706,1229,578
2020-10-12,59256,60042,57563,59377,4917385,291979569145,0.5112,117451,-226775,99142,100186,-13064,848,1903,-3142,15541,12534,-2352,-3130
2020-10-13,58771,59678,57139,57382,4845073,278019978886,-3.3599,61466,-10084,-33821,70556,-36034,-31090,-18021,-2214,-7018,-17922,361,-10000
2020-10-14,57804,58469,55143,55931,4253073,237878625963,-2.5287,-23690,-43868,79481,75358,-4702,-849,-1215,-6000,16540,-10888,-1035,349
2020-10-15,56050,57805,54780,56112,4726851,265233063312,0.3236,604,-41711,2133,23120,14517,8121,1189,0,-38334,38722,252,-6480
2020-10-16,55566,56836,52785,53754,4118717,221397513618,-4.2023,9189,341722,-277959,-92634,-41552,-22675,-32445,-7149,-83296,-66635,-6317,1792
2020-10-19,53149,54116,51214,52242,3720927,194388668334,-2.8128,-352956,371061,-61206,-70761,14723,-34086,-7462,-7172,43486,42285,816,66
2020-10-20,52121,53693,50367,52242,3915863,204572514846,0.0,331718,-59068,-276398,-86062,-14915,20903,-990,7000,-202400,2666,1082,66
2020-10-21,53088,57442,52786,57442,7486225,430023736450,9.9537,-610568,49427,598033,331389,24245,13490,17493,2784,208566,-35876,-1016,66
2020-10-22,55990,56836,53994,53996,4372703,236108471188,-5.9991,825650,-596706,-259103,-107040,-44874,-31081,-183,-2427,-71226,25930,4229,-2272
2020-10-23,54902,55507,53693,53814,2552443,137357167602,-0.3371,59068,-31516,-118097,-47700,-17558,-3924,-15833,781,-31761,92631,-2086,-2102
2020-10-26,53027,54236,50912,50912,2817017,143419969504,-5.3926,-236553,278291,-11342,50476,-54537,-47930,-4031,0,45901,-27826,-2570,-1221
2020-10-27,50307,54237,49580,53391,4309802,230104638582,4.8692,-417326,286861,94597,90123,-8639,17357,7899,-44,-12099,36314,-446,0
2020-10-28,54298,56293,53814,55628,4099000,228019172000,4.1898,-94707,-151359,342736,113437,143657,38575,29936,3000,-9364,-95470,-1200,23495
2020-10-29,54357,55929,54115,55205,2821054,155736286070,-0.7604,24187,-70930,55069,-23599,-8653,4885,710,2201,80961,-8955,629,-1436
2020-10-30,55506,56292,52846,52847,3803941,201026870027,-4.2714,260923,-245695,-23991,60164,6049,-6170,-8524,-2977,-72533,-521,9284,0
2020-11-02,53633,57019,52907,56535,4632218,261882444630,6.9786,-531092,343804,184382,115249,76634,-226,10502,1542,-18564,7728,-4822,-755
2020-11-03,57321,57805,55265,56656,4994590,282973491040,0.214,326439,-334107,9938,-13726,11609,18366,11572,-2000,-25683,2884,-5154,9800
2020-11-04,57864,57925,49943,51638,14040086,725001960868,-8.857,2293039,-566052,-1719593,-748121,-431553,-142929,-145239,-15497,-193054,-17230,9836,-43200
2020-11-05,55627,59618,54659,57987,16065413,931585103631,12.2952,-1046085,649337,386985,138458,74644,152325,-4391,0,26045,14485,-4722,-96
2020-11-06,59920,59920,56473,57926,8332821,482686989246,-0.1052,510142,-532707,-3172,-79086,43646,79318,-5259,0,-41080,29302,-3565,-711
2020-11-09,58771,63608,58529,63126,13138758,829397237508,8.977,-1377220,374522,987258,231217,140292,111645,24010,2061,474670,5632,9808,3363
2020-11-10,62642,65302,60828,62642,9181845,575169134490,-0.7667,707311,-529693,-166918,-56569,-15823,-76261,3091,11363,-35413,-4617,-6083,2694
2020-11-11,62036,62520,59255,59438,6398288,380301442144,-5.1148,970606,-108045,-810806,-324407,-150262,-151427,-80811,522,-118622,-50925,-830,14201
2020-11-12,60585,61674,58832,59680,4390768,262041034240,0.4071,107131,-98004,4529,26251,-28267,3903,-12558,9948,4361,-16150,2494,891
2020-11-13,58772,60465,57442,59498,4228617,251594254266,-0.305,-85352,159527,-83459,-52521,-35285,-24399,-6621,551,34816,10513,-1229,0
2020-11-16,59860,59920,58046,58531,2727867,159664783377,-1.6253,232252,-55744,-187107,-98475,-63718,-7381,-14773,0,727,11625,-1026,-3487
2020-11-17,58529,59860,57562,58652,2777311,162894844772,0.2067,-128436,135419,-22978,6287,-17109,247,1456,0,-13940,13552,2443,81
2020-11-18,59315,60343,58650,60103,3080273,185133648119,2.4739,-379715,110274,248077,66936,17449,16056,4881,5512,144818,21075,289,-7575
2020-11-19,60283,60706,59073,59740,2062074,123188300760,-0.604,36763,-51759,18919,-33195,2083,2042,6,0,47823,-4717,794,160
2020-11-20,59739,59980,58892,59014,1580152,93251090128,-1.2153,155713,-43443,-118026,-32496,-19162,-18890,-6222,0,-41437,6874,-1118,181
2020-11-23,58712,59315,58106,58833,1835589,107993207637,-0.3067,43415,30058,-67805,-111081,-34056,5044,-3492,0,75659,-7182,1514,121
2020-11-24,59861,61069,59194,59740,3870056,231197145440,1.5417,-72122,34238,25817,-95870,-26933,-15317,-11628,0,175164,12989,-922,401
2020-11-25,61191,61191,58893,59135,4006123,236902083605,-1.0127,-393034,261128,76152,92499,4272,-20359,-13088,856,11267,52781,2973,705
2020-11-26,59437,60949,59074,60163,2931560,176371444280,1.7384,-324833,266759,39159,-12317,37117,5944,4584,683,1914,18784,131,1234
2020-11-27,60404,60585,59557,59680,1602985,95666144800,-0.8028,227538,-112658,-122713,-53030,-17337,-12280,-2202,901,-38845,7140,693,80
2020-11-30,59678,59678,57743,57745,3532050,203958227250,-3.2423,953817,-786682,-174854,-108297,-27333,2403,-3323,-1044,-37420,2144,5575,160
2020-12-01,56111,58287,56111,57261,3007694,172223566134,-0.8382,348826,3403,-347780,-215964,-51813,-35220,-31787,-3342,-7611,-5417,968,-2043
2020-12-02,57018,57804,56353,56959,2518012,143423445508,-0.5274,240253,42229,-303062,-210248,-12121,-39419,-6580,-1167,-33527,18377,2203,0
2020-12-03,57261,57261,55627,56233,2335640,131340044120,-1.2746,256032,-10597,-266904,-116756,-48496,-13984,-17262,551,-66264,18787,2682,-4693
2020-12-04,56292,56413,54478,54540,3754076,204747305040,-3.0107,520704,129545,-530865,-212529,-77300,-56432,-35271,6648,-152311,-121046,1662,-3670
2020-12-07,54539,56776,54539,56475,3429264,193667684400,3.5479,-127967,32684,90842,42950,15049,4792,-848,0,26798,2045,2396,2101
2020-12-08,56898,57864,55991,57019,2894700,165052899300,0.9633,-229810,161388,56972,105447,-3064,3350,9940,0,-58701,8065,3385,0
2020-12-09,57562,57622,56292,56596,2006270,113546856920,-0.7419,103520,-101169,-46529,-59442,-18477,3445,-2095,0,32040,44880,-702,-2000
2020-12-10,55809,56535,55688,55870,1945220,108679441400,-1.2828,161706,-77105,-88571,-191447,-34853,-38747,-5167,0,181542,2243,1727,101
2020-12-11,56414,57502,55870,55991,1837948,102908546468,0.2166,64596,63772,-91932,-80377,-26889,-4864,-15281,0,35606,-34937,-1499,-127
2020-12-14,56111,56413,55022,55507,1481572,82237617004,-0.8644,149804,-14382,-151498,-63613,-12223,-4904,-298,-69,-71326,16431,-355,935
2020-12-15,55628,55870,54479,54842,1343258,73666955236,-1.198,152220,-30533,-117979,-60941,-13225,-19696,-4052,0,-19979,-5591,1883,-86
2020-12-16,56715,58892,56413,58531,6836651,400156019681,6.7266,-1788366,1099601,640836,228017,113614,44123,13065,90,235245,51510,-3581,6682
2020-12-17,58832,58892,56836,57503,3011264,173156713792,-1.7563,892975,-647563,-249684,-79899,-2277,-17414,2673,-2125,-150642,2506,1766,0
2020-12-18,57623,57623,55688,55870,2362988,132020139560,-2.8399,647758,-389883,-241385,-81684,-20307,777,4594,-367,-144398,-17810,1320,0
2020-12-21,56111,56534,55566,55810,2086218,116431826580,-0.1074,311854,170539,-464186,-81418,-32144,15036,398,0,-365523,-20071,1864,-535
2020-12-22,53208,57441,53087,55145,5236598,288772196710,-1.1915,-628403,145108,587336,281555,54175,7457,-26910,2277,268638,-108159,4118,144
2020-12-23,56233,56957,54780,56112,2177385,122177427120,1.7536,-406107,28402,378402,172968,41726,12536,71657,456,79059,-1392,695,0
2020-12-24,56050,56293,55143,55205,1473132,81324252060,-1.6164,47740,-145119,115314,25368,5473,-7236,2443,192,89074,-18406,471,0
2020-12-28,55506,55748,53813,54480,2182650,118910772000,-1.3133,-84430,-56695,148987,-110945,2257,-14788,-6240,-1300,280003,-12140,4278,0
2020-12-29,56172,58893,55749,57442,5659235,325077776870,5.4369,-432227,220282,207841,157786,48305,-546,14603,0,-14779,4858,-754,2472
2020-12-30,57563,58106,56836,57926,1989475,115242328850,0.8426,-34226,-11495,36907,-16579,-9821,-7849,158,582,60416,9339,-525,10000
2021-01-04,58651,59921,57140,59498,3632420,216121725160,2.7138,-43970,-87461,119919,98064,-23636,5977,35183,-317,4424,12814,-1302,224
2021-01-05,59678,66874,58832,65182,11670419,760701251258,9.5533,-1645176,929089,676899,176221,77552,48568,47180,-2204,322732,38128,1060,6850
2021-01-06,65181,66511,62157,64335,6900521,443945018535,-1.2994,108777,-474786,270823,61874,9855,8203,12248,0,178266,80943,14243,377
2021-01-07,68808,70381,65906,66996,7489149,501743026404,4.1362,-129477,137530,1981,-164817,77009,11675,24525,-1102,60691,10465,-20499,-6000
2021-01-08,68929,69776,67115,68568,4696262,322013292816,2.3464,-357855,475931,-140222,-59980,-153,1445,3248,0,-83724,24764,-2618,-1058
2021-01-11,68688,73283,66753,68689,7231507,496724984323,0.1765,614748,-241293,-416477,-43722,-10264,-34667,-15774,-1102,-310948,34991,8031,0
2021-01-12,67720,68447,63126,64940,4754826,308778400440,-5.4579,1344473,-273207,-1125620,-99990,-44776,-45403,-69097,-20019,-845709,47492,6862,-626
2021-01-13,65544,68326,65302,66512,3364432,223775101184,2.4207,-482003,273589,185782,65494,-5673,53821,-855,0,80293,20436,2196,-7298
2021-01-14,67115,68325,66148,67117,2471190,165858859230,0.9096,121941,-197569,40013,-163262,-5849,51038,-8774,-9358,176218,30972,4643,0
2021-01-15,70502,70622,66632,66996,3707803,248407969788,-0.1803,465559,-76355,-374028,-53548,13293,1154,19734,-8870,-347797,-12239,-2937,2006
2021-01-18,66621,67744,64251,64750,2539730,164447517500,-3.3524,318114,-75341,-222338,-103426,-18546,-44666,-17606,0,-38094,-17562,-2873,0
2021-01-19,64999,68992,64001,68867,2279735,156998510245,6.3583,-255748,192529,101335,-58895,-24835,-47375,-193,-325,233119,-38021,-95,-161
2021-01-20,70114,71861,67744,71363,3573357,255005475591,3.6244,-466502,83139,368115,280622,72625,-6268,-40361,0,60865,15258,-10,632
2021-01-21,72360,72984,69491,70739,2861704,202434079256,-0.8744,310478,-348758,40209,175402,-11618,-15701,-10650,0,-97224,-1593,-336,0
2021-01-22,71112,72485,70114,70739,2347386,166051738254,0.0,-68459,-1578,54937,204061,-29227,7886,-1925,0,-143143,15886,-786,17285
2021-01-25,70988,71487,69491,69741,1754165,122337221265,-1.4108,404575,-223440,-225520,-160737,-6826,-12470,-21602,0,-23885,41675,2710,0
2021-01-26,69740,70738,67993,68119,1721026,117234570094,-2.3257,185867,-35526,-174434,30653,-32745,-20222,-22283,0,-129398,19950,4143,-439
2021-01-27,68742,69241,66746,67620,1367684,92482792080,-0.7325,103800,-110449,20547,20011,6357,-3128,-2770,0,77,-14682,784,0
2021-01-28,65623,66496,64126,64251,1944871,124959906621,-4.9823,318249,-319138,-5856,-7756,23728,-6186,-13703,0,-894,6790,-45,-1045
2021-01-29,64999,65374,61194,62130,2078770,129153980100,-3.3011,284167,-204434,-99670,-629,-10622,-6813,-2385,0,-78612,15716,4221,-609
2021-02-01,61444,64500,60508,64251,1569666,100852610166,3.4138,-100742,57428,41449,-55204,49811,-19836,1270,157,68297,714,1151,-3046
2021-02-02,65498,66746,64500,65000,1314475,85440875000,1.1657,-93235,43015,52995,-13017,-12034,-12708,-832,-72,92286,-3046,271,-628
2021-02-03,65623,65748,64001,64750,1017181,65862469750,-0.3846,182626,-91633,-93162,2134,-26368,-4575,-12119,0,-52393,2508,-339,159
2021-02-04,65124,65249,62754,63128,1085245,68509346360,-2.505,345781,-172831,-184032,-8957,-17953,-2773,-9498,0,-144851,12375,-1293,0
2021-02-05,64251,67744,63627,67620,3523734,238274893080,7.1157,-753092,225293,521069,148759,68562,15569,26851,538,260790,7265,-535,0
2021-02-08,67619,68617,66621,67495,1967190,132775489050,-0.1849,-84115,-136259,214359,103857,66875,1431,31104,0,9832,7043,-1028,1260
2021-02-09,68368,69491,66496,66497,1406306,93515130082,-1.4786,59905,-20100,-44468,26314,11889,3637,-508,0,-85800,4841,-178,0
2021-02-10,66247,66995,64874,66622,1239759,82595224098,0.188,-6959,63111,-57947,-455,881,-15896,3039,34,-45550,326,1469,0
2021-02-15,66871,67370,65374,65499,1283008,84035740992,-1.6856,261371,-172031,-86580,2770,426,451,1336,0,-91563,-2873,113,0
2021-02-16,65623,66871,65374,65998,804894,53121394212,0.7618,-69518,-486,83648,65049,23191,-1595,-5153,0,2156,-13069,-575,0
2021-02-17,66372,66496,64500,64501,942727,60806834227,-2.2683,349630,-207040,-146274,-30845,-2032,-5727,6834,0,-114504,2481,1203,0
2021-02-18,64625,65623,63502,64002,1023151,65483710302,-0.7736,248385,-188294,-80728,-29238,11975,-18623,-33543,0,-11299,19791,846,0
2021-02-19,64375,65374,61756,62879,1844965,116009554235,-1.7546,657499,-262188,-401900,-134714,-140685,-33973,-37051,1730,-56682,4928,1661,-525
2021-02-22,63128,63377,60633,60633,1536096,93138108768,-3.5719,283480,-131493,-159522,-138311,-1894,-205,-5759,0,-12462,4042,3493,-891
2021-02-23,59136,59697,58262,58575,1821522,106695651150,-3.3942,137192,-20081,-129920,-47290,-86447,-22459,-17030,0,44373,12213,596,-1067
2021-02-24,59385,59447,56266,56391,1406009,79286253519,-3.7286,158218,-92480,-66244,-18095,-12483,-14660,-2029,0,-17889,-1117,1623,-1088
2021-02-25,57327,60196,57202,58824,1550436,91202847264,4.3145,-41868,-111709,146013,3380,24669,2309,7827,0,111007,6618,946,-3179
2021-02-26,56765,57638,55580,56204,1920079,107916120116,-4.454,955278,-647641,-324288,-141077,-53608,-7340,-33522,0,-88741,13542,3109,0
2021-03-02,57701,58948,56141,56454,1342955,75815181570,0.4448,-28396,51626,-23820,-129831,2155,13972,7340,0,82544,231,359,0
2021-03-03,56204,58200,56141,57577,915117,52689691509,1.9892,-42102,-23526,68225,-54693,29530,1879,-261,0,91774,-2816,219,-4
2021-03-04,56328,56453,55642,55768,1135678,63334490704,-3.1419,591369,-289897,-318771,-114109,-38734,-47,-3547,0,-161956,13952,3347,-378
2021-03-05,55081,55455,53833,54832,1059134,58074435488,-1.6784,304957,-88106,-199621,-51762,-93678,-1549,-14030,4600,-41636,-17639,409,-1566
2021-03-08,55954,56578,53334,53335,1259436,67172019060,-2.7302,350187,-217487,-126484,-106743,-13254,-2071,9584,-3032,-10957,-6813,597,-11
2021-03-09,53085,53771,50028,51900,1980239,102774404100,-2.6905,206328,67248,-268428,-261238,-7311,2989,-26297,-5672,45546,-4754,-394,-16445
2021-03-10,53584,53584,51151,51151,1121276,57354388676,-1.4432,260352,-117846,-146505,-122178,-1437,8932,5474,291,-36700,3457,542,-887
2021-03-11,51276,52586,50777,52399,1364753,71511692447,2.4398,-65599,131269,-87610,-168072,55075,27078,40443,0,-42134,21038,902,0
2021-03-12,53521,55767,53521,55019,1741636,95823071084,5.0001,21991,-133881,104849,-5539,71555,16811,12161,3000,6870,5802,1239,-9
2021-03-15,55393,56890,54644,55206,1478518,81623064708,0.3399,212979,14042,-228787,-57275,-71055,-12339,-26851,-1753,-59514,2042,-276,0
2021-03-16,55518,56391,55268,56204,960886,54005636744,1.8078,-103108,128576,-28836,30548,22903,-956,7865,0,-89196,876,2492,0
2021-03-17,56266,56391,54894,56267,946751,53270838517,0.1121,-147484,166439,-94032,-88334,-13945,18098,-9653,-164,-34,76433,-1356,0
2021-03-18,56391,57389,56328,56766,1228408,69731808528,0.8868,-24026,154571,-128857,-111260,10532,-20955,-12461,-177,5468,-3572,1884,-4
2021-03-19,55518,56017,55143,55269,1194520,66019925880,-2.6371,317152,-170168,-145967,-4437,-11651,-26196,-8956,-724,-92549,-1086,69,-1454
2021-03-22,55393,55518,53833,53959,1071420,57812751780,-2.3702,253386,-231990,-34422,6217,-48637,-28954,3398,0,33554,13302,-276,0
2021-03-23,54457,56079,54208,54458,1069582,58247296556,0.9248,-144178,121015,29717,26430,15464,-4122,10007,3020,-21076,-7841,1287,-6
2021-03-24,54083,56328,53459,56142,1194241,67047078222,3.0923,-193218,27443,162557,90124,13749,10236,9778,0,38448,3956,-738,222
2021-03-25,57202,60508,56640,59885,4666291,279440836535,6.667,-875327,291306,601939,169490,152763,132089,42631,700,102708,-18602,684,1558
2021-03-26,60695,61319,58761,59510,2033115,120990673650,-0.6262,205121,-151804,-68427,-51449,5277,-14377,6472,-1224,-13522,14859,251,396
2021-03-29,60071,61319,60071,60758,1826045,110946842110,2.0971,-166757,75560,47973,93463,59328,-62531,-815,-974,-40498,43518,-294,0
2021-03-30,61256,61319,59385,60696,1503275,91242779400,-0.102,-92257,-191626,286763,150411,119519,-4303,10343,511,10282,-3793,913,0
2021-03-31,61132,64750,61132,62505,3331051,208207342755,2.9804,-660212,264797,423928,239888,95850,51301,39800,3658,-7218,-23288,-5225,649
2021-04-01,63253,63253,61007,62255,1446727,90065989385,-0.4,-9762,-131616,117369,100312,-14645,2120,16100,0,12982,23870,139,500
2021-04-02,62754,63253,59884,60820,2330803,141759438460,-2.305,232524,-183211,-57915,-19462,-65419,-16093,15860,0,27629,11172,-2570,-430
2021-04-05,60321,61631,59697,60072,1406470,84489465840,-1.2299,145054,132447,-280637,-199988,-25697,-40199,3048,0,-17801,1743,1393,0
2021-04-06,60321,60383,58637,58824,1416446,83321019504,-2.0775,423558,-158830,-276043,-119070,-6501,-7333,-13161,0,-128918,10580,735,-1060
2021-04-07,58948,60196,58948,59386,945004,56120007544,0.9554,-109057,106783,505,14460,-4624,-14540,4334,0,1940,457,1312,-1065
2021-04-08,58948,61069,58948,60571,1429198,86567952058,1.9954,-294281,366183,-70036,-48430,17535,-1245,69635,1298,-108334,-1639,-227,-495
2021-04-09,60945,61007,59759,60072,833716,50082987552,-0.8238,85064,-50273,-37665,-33316,15986,-16899,21105,-5758,-21638,3510,-636,2855
2021-04-12,60071,60820,59385,60446,748345,45234461870,0.6226,-5739,-33900,26487,-7390,27100,1541,-2797,-640,8437,14059,-907,236
2021-04-13,60508,61756,60258,60321,1246077,75164610717,-0.2068,139979,-30966,-108311,-103018,-23189,-8603,6806,-2355,21666,-364,-338,382
2021-04-14,60820,63502,60570,62879,3127744,196669414976,4.2406,-1156296,605737,550716,194756,122817,56812,49024,8198,117303,2585,-2742,1806
2021-04-15,63502,63627,61568,61818,1785091,110350755438,-1.6874,373557,-284485,-99856,-142245,25436,8963,12806,5422,-13763,3548,7236,3525
2021-04-16,62379,63128,60945,63128,2841076,179351445728,2.1191,-285649,123742,173104,182881,-16797,-14926,3482,0,18464,-10718,-479,0
2021-04-19,63876,64126,62504,63503,1402443,89059337829,0.594,65748,-162626,104898,-287,28782,43911,4523,0,26960,-12440,4420,1009
2021-04-20,63377,63502,62629,63004,818613,51575893452,-0.7858,140885,18947,-164628,-152832,1704,-47964,-5498,7669,32293,-5951,10747,0
2021-04-21,62629,62878,61506,61569,1128555,69484002795,-2.2776,335109,-70219,-272254,-105247,-29537,-25483,-2793,0,-109194,6683,681,0
2021-04-22,62629,63627,62255,62879,1845310,116031247490,2.1277,-372676,236694,128859,-45917,74225,53331,36848,0,9672,6650,473,700
2021-04-23,63377,63502,61631,62006,1267462,78590248772,-1.3884,201562,-85820,-112848,-96350,4821,11309,-12091,0,-23491,-6345,3451,2954
2021-04-26,62629,62629,61506,62006,904451,56081388706,0.0,-136754,133744,-2373,11924,-3593,-1062,1800,0,-14496,6805,-1422,3054
2021-04-27,61568,61818,60383,60571,1468413,88943243823,-2.3143,377959,-96891,-293387,-69040,-62680,-82465,-18354,9423,-66580,12913,-594,-3691
2021-04-28,60134,60196,58387,58512,1656831,96944495472,-3.3993,350159,-153737,-193650,-86396,-3866,-33770,-5224,768,-66162,486,-3258,1000
2021-04-29,58824,59822,57950,58325,923146,53842490450,-0.3196,25460,-92410,68803,36287,-2376,18118,-852,0,2626,-2782,929,15000
2021-04-30,58325,58948,57451,57452,800212,45973779824,-1.4968,44190,-4745,-37507,-6090,-21149,-3997,-543,0,-5728,-3345,1407,0
2021-05-03,57327,57701,55829,56641,979638,55487675958,-1.4116,59176,-55702,-68715,-19723,-32386,-7688,-2119,384,-7183,66681,-1440,0
2021-05-04,55892,56640,54644,56578,1246660,70533529480,-0.1112,71592,-85064,-68555,-14626,-38381,-2322,-3083,384,7922,81551,476,-18449
2021-05-06,56952,58262,56516,57514,966539,55589524046,1.6544,2213,-111765,33389,-23765,15532,-5393,27993,0,17747,75198,965,1275
2021-05-07,58137,59510,57950,58388,830420,48486562960,1.5196,-148422,-40952,105701,15721,4410,12723,47298,360,23531,83257,416,1658
2021-05-10,58886,59635,58387,58949,764025,45038509725,0.9608,85837,-46406,-39837,-61145,-6396,3307,-2785,1379,24826,1702,-1296,977
2021-05-11,58325,58761,57077,57140,1448151,82747348140,-3.0688,743588,-336563,-417775,-73434,-73599,-131657,-7992,1894,-137213,8940,1810,4226
2021-05-12,57701,58761,55206,55768,1874035,104511183880,-2.4011,745444,-163607,-598319,-273530,-157074,-78602,-56707,0,-32406,14329,2153,0
2021-05-13,54769,55705,54270,54769,1342609,73533352321,-1.7913,299292,-320579,17218,49512,-13776,-58096,-1506,0,41084,2309,1760,0
2021-05-14,55081,55642,54332,54957,874032,48034176624,0.3433,186412,-77363,-110732,48663,-75978,-1401,-30528,0,-49992,967,716,-1496
2021-05-17,55081,56453,55081,55705,808512,45038160960,1.3611,-76932,-49091,126448,120824,-11009,7989,1045,0,8156,-945,520,-557
2021-05-18,55954,56204,54956,55206,783565,43257489390,-0.8958,259710,-154076,-113438,-155559,-22367,2519,-15916,7874,70011,9423,-1619,0
2021-05-20,55018,57264,54956,57202,1188507,67984977414,3.6155,-537694,223305,307115,197025,10904,29178,15132,0,54876,8149,-875,0
2021-05-21,57826,59011,56890,56890,1308051,74415021390,-0.5454,-6141,-214107,201742,-91250,53025,162146,3848,0,73973,18225,281,0
2021-05-24,57638,57701,55705,55830,749170,41826161100,-1.8632,143554,-82582,-64257,-18345,-18373,-3687,-4102,0,-19518,2663,622,-232
2021-05-25,56391,57389,56328,56890,616503,35072855670,1.8986,-274807,138797,144011,40552,-25835,10602,2053,1424,115353,-8106,105,-138
2021-05-26,56516,57701,56516,56703,694736,39393615408,-0.3287,-14932,-60237,78470,7616,23160,3250,3371,2051,39022,118,-3419,0
2021-05-27,57638,57701,56328,56454,863269,48734988126,-0.4391,179866,-146334,-38601,-71277,-445,320,38,0,32953,6708,-1639,-190
2021-05-28,56703,57139,56079,56454,597221,33715514334,0.0,-23481,-9902,22915,-24061,-2756,2993,-2111,0,49791,10524,-56,-941
2021-05-31,57077,57139,55767,56142,826990,46428872580,-0.5527,357190,-47327,-307268,-203233,-12343,-3796,-3125,0,-84771,-388,-2207,0
2021-06-01,56266,57701,56079,56828,966289,54912271292,1.2219,-215524,125286,95034,42149,-14565,958,123,0,66369,-4927,131,0
2021-06-02,56890,57077,55767,56142,1088839,61129599138,-1.2072,461110,-291667,-169415,-101986,-24746,-3252,-23806,-3394,-11396,-407,379,-835
2021-06-03,56204,56266,55518,55830,887718,49561295940,-0.5557,240161,-101788,-120487,-79277,-37275,-17523,-887,1000,15986,-12156,-5730,-2511
2021-06-04,55580,56079,55268,55331,925377,51202034787,-0.8938,476417,-68140,-399769,-158726,-137123,-2362,-15489,250,-59652,-11681,3173,-26667
2021-06-07,55642,57015,55642,56267,1139058,64091376486,1.6916,-228886,107964,120124,67878,-16096,-1025,-6578,944,74153,4726,-3928,848
2021-06-08,56516,56703,55330,55331,1267858,70151850998,-1.6635,678949,-432774,-282416,-311692,-5825,-5951,-8148,0,51516,35265,976,-2316
2021-06-09,55518,55518,54270,54270,1401553,76062281310,-1.9176,665035,-404510,-262340,-73340,-27726,-26107,-69400,-3844,-61415,-223,2038,-508
2021-06-10,54270,54831,53397,54582,1209751,66030629082,0.5749,231383,-37652,-197527,-36725,-7022,-4304,-59135,-3173,-86618,3961,-165,-550
2021-06-11,54707,57514,53896,57327,2747399,157500142473,5.0291,-1597273,626483,981040,38089,883912,24896,436,0,33707,-4588,-5662,0
2021-06-14,57327,57888,56017,56142,1222820,68651560440,-2.0671,408478,-314710,-97216,-78752,-651,-1823,10321,0,-26311,1877,1571,0
2021-06-15,56328,56578,55767,56267,575655,32390379885,0.2226,71497,-118320,40523,-16723,1174,51155,11967,0,-7050,6561,-261,0
2021-06-16,56141,56141,55393,55518,827587,45945975066,-1.3312,338720,-105079,-236806,-92496,-29574,-50585,-30558,0,-33304,2668,497,-289
2021-06-17,55642,56141,55206,55705,562276,31321584580,0.3368,-69304,75501,-9422,46940,18150,-65860,14832,543,-24027,3428,-203,0
2021-06-18,56141,58512,55767,58512,2777387,162510468144,5.039,-1685078,1599546,120178,48938,29769,-774,2668,-15000,53258,-32402,-2244,1319
2021-06-21,58387,59136,57638,58388,1789472,104483691136,-0.2119,-117373,213404,-100690,-63442,3912,16011,8219,3206,-67836,5145,-486,-760
2021-06-22,58761,58824,57202,58013,1619844,93972009972,-0.6423,90584,102642,-197697,-57726,-10323,-31922,-52485,-9158,-35944,2840,1631,-139
2021-06-23,58013,59385,57701,58138,1333893,77549871234,0.2155,-179747,98171,82443,71746,21629,-26420,20446,1685,-6630,-1138,271,-13
2021-06-24,58699,59510,56578,57015,1962559,111895301385,-1.9316,374289,-181963,-188072,-199889,-18540,7453,1264,-365,23187,-4947,693,-1182
2021-06-25,57139,57826,57015,57327,686226,39339277902,0.5472,-128066,106484,56479,39103,-21135,1511,-6332,0,43332,-35327,430,0
2021-06-28,57514,57514,56516,56578,629140,35595482920,-1.3065,156928,-20793,-136018,-13772,-34563,-64550,-2345,0,-20788,1365,-1482,0
2021-06-29,57763,58948,57077,57202,1394399,79762411598,1.1029,-71636,78555,-8064,11394,30676,4256,235,0,-54016,-282,1427,-609
2021-06-30,57015,57015,55268,55580,2317718,128818766440,-2.8356,1210574,-546212,-631860,-285043,-104133,-51593,-17209,-2009,-171663,-33701,1199,-210
2021-07-01,55580,56079,55206,55518,756461,41997201798,-0.1116,42581,-38731,-877,41824,-22413,-3611,-12479,0,-2587,-3135,162,-1611
2021-07-02,55580,55642,54956,55081,852767,46971259127,-0.7871,371086,-126450,-249855,-147991,-18888,-19214,-75984,0,12222,3700,1519,0
2021-07-05,55268,55580,55143,55393,490325,27160572725,0.5664,62434,-1607,-61403,-57278,-15529,-3554,-98,0,15295,457,119,-239
2021-07-06,55393,55642,55081,55269,642157,35491375233,-0.2239,155899,-58306,-91717,-96651,-3007,-1908,-11944,0,21793,-5831,-45,0
2021-07-07,55268,55518,54769,55518,660174,36651540132,0.4505,11705,-25505,14326,50294,-11030,-3118,-3666,-114,-17844,-1414,888,-196
2021-07-08,55642,56204,54769,54769,897098,49133160362,-1.3491,127552,-6816,-126551,-102903,-4118,-9444,-3181,0,-3951,5736,79,-2954
2021-07-09,53958,54145,53022,53522,1328694,71114360268,-2.2768,479263,-210779,-270488,-123013,-58045,-8387,-13797,0,-66627,-1175,3179,-619
2021-07-12,53147,53646,52399,53335,818650,43662697750,-0.3494,61217,30080,-96086,-76244,-21961,-6464,-17603,384,26402,4113,676,-600
2021-07-13,53397,55018,53397,54458,1140657,62117898906,2.1056,-316309,335037,-13518,-59611,-26039,14144,9534,0,48545,-4403,-807,-91
2021-07-14,54020,54395,53459,53522,711197,38064685834,-1.7188,341145,-105890,-229480,-190037,-10871,1781,2343,0,-32696,-5609,-166,0
2021-07-15,53646,53896,53022,53335,768647,40995787745,-0.3494,120658,-24162,-116576,-118282,-22258,424,-323,453,23472,19850,230,-62
2021-07-16,53272,53771,52835,53459,511028,27319045852,0.2325,-18800,23254,-7193,23686,3347,793,-1509,0,-33468,2928,-189,-42
2021-07-19,53147,53209,52710,52711,552888,29143279368,-1.3992,198526,-84503,-103909,-42174,-33361,-11379,-3537,0,-13458,-9889,-225,0
2021-07-20,52211,53022,51775,52649,668537,35197804513,-0.1176,-17251,-26749,43296,-11898,14200,63456,-10156,-28477,16171,1479,-775,0
2021-07-21,53085,54208,53022,53584,902213,48344181392,1.7759,-140570,68183,59098,16400,31627,979,10006,0,86,12833,456,0
2021-07-22,54208,54208,53085,53272,550295,29315315240,-0.5823,117738,-131896,13418,-30009,-7206,536,-3859,0,53956,42,698,0
2021-07-23,53272,54020,53272,53896,519621,28005493416,1.1713,-222365,118656,127637,53248,16071,15047,-24,0,43991,-21066,-2862,-696
2021-07-26,53896,53958,52710,52773,625281,32997954213,-2.0836,274707,-88695,-75383,-56506,-11537,-596,149,0,-6837,-111542,913,-56
2021-07-27,52835,53147,52648,52773,362132,19110792036,0.0,-19958,3014,19635,2350,1065,2927,241,-46,13098,-2717,26,0
2021-07-28,52835,52960,51962,52087,607851,31661135037,-1.2999,132317,-79210,-53255,-38916,-9223,-30879,-665,-1516,27944,-765,913,0
2021-07-29,52586,53272,50153,51401,1344594,69113476194,-1.317,457524,-187656,-278832,-84155,-26839,-73141,-3925,4031,-89205,8813,151,-5598
2021-07-30,50777,50901,48406,48781,3428659,167253414679,-5.0972,1487716,-458776,-1042229,-546238,-227675,-84165,-101942,-2832,-65541,10890,2399,-13836
2021-08-02,48593,48781,47471,47908,1592692,76302688336,-1.7896,-198630,130682,69644,-11865,-61231,-874,-24525,750,167389,-1938,242,0
2021-08-03,47845,48344,47283,47970,1030200,49418694000,0.1294,181779,-47990,-132694,-159842,-12674,617,-12214,-263,51682,-1852,757,0
2021-08-04,47845,49404,47845,49093,1102461,54123117873,2.341,-189333,132037,53268,-46575,-17263,3415,-19675,0,133366,3023,1005,0
2021-08-05,49280,49280,48531,48781,647665,31593746365,-0.6355,237159,-110773,-125560,-123188,-16003,-15503,-6924,0,36304,939,-1765,-246
2021-08-06,48656,49280,48593,48906,497878,24349221468,0.2562,159899,25,-161420,-160195,-557,1533,68,0,-2262,1079,417,-7
2021-08-09,48905,49342,48032,49342,843085,41599500070,0.8915,-83815,87567,-221,-14114,16674,3717,-687,0,-5811,-3646,115,0
2021-08-10,50215,51338,49654,49654,2115626,105049293404,0.6323,142952,-323044,172429,-52092,24107,176856,18010,-2672,7638,5988,1675,582
2021-08-11,49716,50215,48781,49093,705068,34613903324,-1.1298,52074,-79340,21075,-36063,-13721,-259,8800,0,61940,5847,344,378
2021-08-12,49404,50215,48781,49405,834654,41236080870,0.6355,-166763,120454,48445,3203,68140,10762,13559,0,-47219,-1425,-711,0
2021-08-13,49529,49841,48094,48282,764241,36899083962,-2.273,196325,-111197,-77958,-37188,-1993,-10989,-2226,0,-25562,-8308,1138,0
2021-08-17,47907,48094,46410,46598,1036702,48308239796,-3.4878,-48395,58369,-62,23854,-9053,-4649,-4629,0,-5585,-10375,463,0
2021-08-18,46098,48469,45973,48282,837831,40452156342,3.6139,-271424,248246,30383,-28380,30292,-11511,-11710,-1794,54572,-6910,-295,-1086
2021-08-19,47595,48094,46909,46972,683022,32082909384,-2.7132,5930,55607,-65346,-25516,6153,-2072,-2591,0,-41320,3473,336,0
2021-08-20,46971,47408,44913,44976,1025742,46133772192,-4.2493,89192,-65702,-37999,-54340,-13212,43075,-23559,-2500,13503,14037,472,-966
2021-08-23,45162,47096,45162,46660,781104,36446312640,3.7442,-384918,290644,97839,-36923,40020,23306,778,0,70658,-2404,-1161,0
2021-08-24,47283,48157,47096,47471,565956,26866497276,1.7381,-53982,35862,18954,-20358,-12189,27443,254,0,23804,-288,-546,0
2021-08-25,47658,49966,47658,49904,1262190,62988329760,5.1252,-406207,55582,341144,85536,74806,90968,7222,9481,71283,9420,61,1848
2021-08-26,50278,50340,48968,49530,945978,46854290340,-0.7494,122745,-85305,-37221,-3374,21102,-11221,8364,376,-72055,408,-627,19587
2021-08-27,49155,51463,48905,50715,1504311,76291132365,2.3925,-534032,156931,372953,81017,92836,42422,32479,2972,120231,5400,-1252,996
2021-08-30,51213,51276,50278,50465,697227,35185560555,-0.493,39241,-261,-36337,16243,-1855,-71678,884,0,19121,-2781,138,948
2021-08-31,50652,51151,49591,50840,1148336,58381402240,0.7431,-100616,223720,-123900,-12709,4348,-120139,-2906,0,7506,1554,-758,0
2021-09-01,50402,50465,49155,49405,1036247,51195783035,-2.8226,390849,-207676,-185064,-45560,-21796,-43254,-16825,0,-57629,662,1229,0
2021-09-02,49591,49841,48843,49342,614045,30298208390,-0.1275,16631,120336,-128544,-23362,-15544,-20320,-8291,0,-61027,-8018,-405,0
2021-09-03,49591,49841,48157,48531,1053972,51150315132,-1.6436,457080,18979,-477285,-297179,-80547,-12267,-73011,-1560,-11048,-89,1315,-1673
2021-09-06,48531,51089,48344,50652,1327729,67252129308,4.3704,-702387,611515,97345,26041,21545,26556,-15005,0,39487,-5695,-778,-1279
2021-09-07,51712,53147,51463,52274,2844809,148709545666,3.2022,-1008739,710030,278433,93730,57987,-17440,33074,-169,111326,22573,-2297,-75
2021-09-08,52648,52898,51650,52461,1201016,63006500376,0.3577,-116600,-57870,175580,192373,27287,-38539,5151,0,-10692,-1385,275,0
2021-09-09,52648,53646,52149,52150,1331400,69432510000,-0.5928,-79680,6207,97592,233101,51056,-29858,25921,0,-182232,-23382,-737,-396
2021-09-10,52835,53209,52024,52524,702347,36890073828,0.7172,-60198,-100232,162752,51532,23236,2148,26103,338,58968,-2419,97,427
2021-09-13,53147,54769,52773,54707,2513384,137499698488,4.1562,-771927,243851,517025,104201,195493,96985,42590,-210,77734,10137,914,232
2021-09-14,55081,55143,53022,53272,1528130,81406541360,-2.6231,393747,-470590,74679,25969,2408,-2498,5402,0,43398,1113,1051,0
2021-09-15,53397,53646,52399,53085,808123,42899209455,-0.351,-97922,112021,-10097,34191,-31305,103,-4035,0,-9295,-4146,144,244
2021-09-16,52523,53771,52461,52649,794602,41835000698,-0.8213,-21010,128486,-100608,10058,3996,-72083,-10807,-2031,-30008,-7263,395,267
2021-09-17,52648,53272,51837,52524,733555,38529242820,-0.2374,-13495,46083,-29608,-14982,17358,-10031,-2801,0,-19429,-3163,183,277
2021-09-23,51775,52710,51400,52524,728842,38281697208,0.0,-173498,156290,20104,49824,2626,-30869,-3767,123,2917,-1711,-1185,-750
2021-09-24,52586,52773,50777,50840,900201,45766218840,-3.2062,133112,-29253,-99746,-26061,-38939,-19120,-9885,0,-6798,-3711,-402,1057
2021-09-27,50527,52399,49529,52274,855617,44726523058,2.8206,-379971,232205,147180,-1267,42654,111198,-11233,0,6427,1645,-1059,-599
2021-09-28,52523,55143,52461,54582,3492530,190629272460,4.4152,-1997183,973955,1070607,493646,144759,437177,33733,2023,-42611,-44328,-3051,1880
2021-09-29,53459,55705,52586,55019,2906319,159902765061,0.8006,-413214,-125347,539660,323898,112797,30626,69665,1829,-907,-3768,2669,1752
2021-09-30,54956,56266,54519,55892,1736713,97068362996,1.5867,-753081,574823,192390,200175,10358,-7312,4375,427,-17879,-10277,-3855,2246
2021-10-01,56079,56079,53397,53584,1282938,68744949792,-4.1294,120894,-88865,-31986,21844,7146,-60963,4838,0,-5770,1671,-1714,919
2021-10-05,54208,55580,53459,54832,1871465,102616168880,2.3291,-360905,112259,272941,143651,48871,45223,9529,450,25217,-24404,109,0
2021-10-06,55580,57202,54020,54208,3013149,163336780992,-1.138,-287781,186827,101092,51715,27610,20327,4906,0,-3466,1202,-1340,0
2021-10-07,55206,55268,50714,52711,2831836,149268907396,-2.7616,356680,-275895,-95507,119099,-63414,-166218,-2599,-412,19668,13176,1546,-1631
2021-10-08,52586,53833,52274,52399,1155851,60565436549,-0.5919,-114275,150295,-26770,64636,-30902,-35676,-6962,0,-17866,-9886,636,0
2021-10-12,53646,55892,53584,55206,2424841,133865772246,5.357,-1136221,977686,181613,56683,40724,46803,9239,0,28414,-19654,-3424,-250
2021-10-13,55642,56328,54457,56017,1376967,77133560439,1.469,-425017,113787,312007,179430,27408,14636,2697,0,87836,-149,-628,0
2021-10-14,56516,57015,54395,55269,2272601,125604384669,-1.3353,248647,20954,-271176,60794,-59136,-311920,-8988,-800,48874,3739,-2164,0
2021-10-15,54769,56578,54270,55705,2456678,136849247990,0.7889,-612531,613579,-732,-39806,-51060,107908,-15458,0,-2316,738,-1054,0
2021-10-18,55705,56391,54519,54645,1024949,56008338105,-1.9029,148213,-10672,-140222,-17367,-28368,-515,-10441,0,-83531,2595,86,0
2021-10-19,55393,57327,55330,56516,1594307,90103854412,3.4239,-490459,372578,142920,55275,29150,26805,8433,182,22781,-23683,-1356,294
2021-10-20,56890,56952,54769,54894,1092947,59996232618,-2.87,403490,-331263,-98582,-15248,-1993,-56786,-11859,0,-11646,24676,1679,-1050
2021-10-21,55455,55829,54395,54520,652877,35594854040,-0.6813,86965,-64046,-16791,24687,1049,-42463,-1165,0,1101,-6841,713,0
2021-10-22,54582,55018,53397,53459,645888,34528526592,-1.9461,68626,-48678,-15074,-17,-26933,-14453,-3529,0,30273,-6301,1427,-415
2021-10-25,53334,54831,52461,54707,685380,37495083660,2.3345,-171186,78194,103883,44410,9076,-14966,9390,538,54639,-8182,-2709,796
2021-10-26,55206,55642,54145,54458,575273,31328217034,-0.4552,33701,-45891,13667,-7893,-1872,-1090,5870,0,18652,-2347,870,0
2021-10-27,54769,55018,53085,53210,704294,37475483740,-2.2917,225492,-89531,-129301,-90510,-4111,-2825,-2294,875,-31721,-7162,502,1285
2021-10-28,53646,53771,51588,51775,987263,51115541825,-2.6969,273450,-156877,-121890,11566,-2252,-72620,-699,0,-57885,6466,-1149,0
2021-10-29,52274,52648,50590,50964,970155,49442979420,-1.5664,152449,-70646,-73865,2598,-25459,-21992,-8500,-609,-18549,-8421,483,-1354
2021-11-01,50153,50465,48281,48594,1847233,89764440402,-4.6503,541673,-81502,-462956,-331443,-92850,-82955,-29872,0,76164,3565,-780,-2000
2021-11-02,48469,49155,47845,48781,915835,44675347135,0.3848,43000,-33726,1697,-69449,-26351,-6597,-3622,314,107027,-9658,-1313,375
2021-11-03,48843,49467,47970,48781,833811,40674134391,0.0,53569,63062,-110110,-36260,-25740,243,-8110,387,-40630,-6897,376,0
2021-11-04,49030,49280,46161,46411,1956951,90824052861,-4.8584,1015520,-276390,-735144,-556749,-129632,-51722,-4527,-34,7520,-5915,1929,0
2021-11-05,46410,46909,45786,45974,767821,35299802654,-0.9416,124922,44245,-156450,-88099,-38363,-732,-3894,-1146,-23580,-8137,-4580,-636
2021-11-08,46098,46535,45599,46223,672515,31085660845,0.5416,28664,-123413,95871,5597,17285,71485,2072,0,-568,-1225,103,0
2021-11-09,46535,46597,45287,45537,802860,36559835820,-1.4841,271346,-247271,-21396,-39578,-22446,42402,-16362,2325,12301,-3665,986,-38
2021-11-10,45287,45537,43915,44040,1146603,50496396120,-3.2874,141180,28404,-155181,-14975,-71065,-22958,-48276,-9139,13239,-16699,2296,-2007
2021-11-11,43665,45100,43166,44290,905717,40114205930,0.5677,-62592,37296,29663,-85829,2111,36535,-3135,0,79737,-2613,-1754,244
2021-11-12,44539,46036,44539,45787,684739,31352144593,3.38,-107573,-4021,130903,-95,48126,-262,4019,9,79106,-20381,1072,0
2021-11-15,45849,45849,44352,45475,548714,24952769150,-0.6814,85312,-109400,17671,-20519,131,677,-1421,0,38803,4904,1513,0
2021-11-16,45412,45849,44975,45537,438454,19965879798,0.1363,34301,9881,-46532,-26770,-27039,4388,-7219,0,10108,2876,-526,0
2021-11-17,45162,45474,44289,44352,618509,27432111168,-2.6023,269115,-118000,-148736,-66146,-8198,1735,12145,0,-88272,-4120,1741,0
2021-11-18,44726,44726,43915,44352,525511,23307463872,0.0,82950,-59166,-24989,-26054,-7153,-470,-2720,0,11408,697,508,0
2021-11-19,44788,45724,44289,44414,660504,29335624656,0.1398,213730,-70222,-149838,-130387,5438,-561,28,0,-24356,5461,869,0
2021-11-22,44476,45225,43977,45225,623361,28191501225,1.826,44247,28828,-71700,-131748,6862,-1965,3921,1238,50010,-2252,877,-18
2021-11-23,44726,44975,44164,44789,619068,27727436652,-0.9641,222860,-18591,-207261,-164780,18617,1355,-2845,0,-59608,2531,461,0
2021-11-24,44788,44788,43603,44103,778462,34332509586,-1.5316,347812,-195932,-160782,-97743,-17039,-7170,-7164,-1221,-30445,7824,1078,0
2021-11-25,44040,44040,43541,43541,415684,18099297044,-1.2743,119103,-44287,-73713,-32433,-587,-7446,-33139,0,-108,-1511,408,0
2021-11-26,43541,43541,41794,41857,1030702,43142093614,-3.8676,332841,24535,-361617,-287293,-5459,-35765,-8804,0,-24296,660,3581,0
2021-11-29,40546,42605,40546,41857,688353,28812391521,0.0,-202208,111637,92942,1909,-3824,-914,-1361,0,97132,-2234,-137,0
2021-11-30,42543,43291,41045,41171,1282005,52781427855,-1.6389,151857,-1865,-148767,-84044,-5216,-2205,-4257,0,-53045,-1361,136,0
2021-12-01,41108,43416,40671,43042,935373,40260324666,4.5445,-385963,235242,155185,99988,42677,-36242,15368,1509,28772,-3678,-786,3113
2021-12-02,42355,44601,42168,44539,782174,34837247786,3.478,-277152,46336,229776,98694,83660,36944,18340,0,-7862,1776,-736,0
2021-12-03,43977,44975,43728,44664,564767,25224753288,0.2807,2463,-56237,50087,25983,24444,11267,7049,905,-16997,4982,-1295,-2564
2021-12-06,44352,45162,43541,44851,548736,24611358336,0.4187,-90401,-4553,90008,-11370,53119,8606,3661,0,36101,6476,-1530,-109
2021-12-07,45225,45225,44414,45101,399125,18000936625,0.5574,-7584,-46243,61462,16473,41315,1226,4358,0,-1910,-10708,3073,0
2021-12-08,45537,46660,45287,45350,1074032,48707351200,0.5521,-159191,52541,104188,-107580,93870,-811,10077,3306,105326,1801,661,0
2021-12-09,45911,46410,45225,46286,704743,32619734498,2.0639,-159316,-78445,238003,66781,29122,29758,22767,3548,86005,1030,-1272,22
2021-12-10,46098,46535,45599,46286,452861,20961124246,0.0,-21831,-56542,85083,-57,96030,773,-47,614,-12132,-7013,303,-98
2021-12-13,46535,46909,45786,45787,493389,22590802143,-1.0781,92929,-126042,20663,14385,5874,-580,1266,0,-282,12502,-52,0
2021-12-14,45786,46223,45287,45600,339934,15500990400,-0.4084,-12661,61978,-51407,13614,-2324,-451,-414,-30,-61800,2202,-112,-2
2021-12-15,45162,45474,44040,44290,731333,32390738570,-2.8728,221898,-3782,-207222,-97242,-60074,-17661,-10236,443,-22452,-15060,4166,0
2021-12-16,44788,45474,44601,45038,448449,20197246062,1.6889,-107351,117985,28900,24158,-2932,672,1553,0,5449,-39567,33,0
2021-12-17,44663,45911,44352,45413,470191,21352783883,0.8326,-20446,35775,26289,24966,3805,-19394,6751,0,10161,-41804,186,0
2021-12-20,44975,45474,44289,44290,375869,16647238010,-2.4729,106753,-73770,-23448,5332,-15966,-5680,-5450,0,-1684,-9897,362,0
2021-12-21,44352,44788,42418,43167,821432,35458755144,-2.5356,246659,-67228,-180747,-74744,-26025,-51578,-47468,1570,17498,-982,2298,0
2021-12-22,43853,45038,43790,44227,453322,20049072094,2.4556,-56223,24245,30380,23891,6813,118,-7308,0,6866,1582,16,0
2021-12-23,44414,44975,44102,44539,439254,19563933906,0.7055,-59362,-26882,85541,50094,2728,-5477,1484,0,34027,-410,1113,2685
2021-12-24,45162,45287,44352,44851,335088,15029031888,0.7005,-86923,-35276,118146,61073,982,963,4562,0,51682,4095,-42,-1116
2021-12-27,44788,45662,44726,44976,407066,18308200416,0.2787,-100644,-18547,117917,50788,-23963,72935,1335,0,16822,935,339,0
2021-12-28,45038,45100,44102,44913,399075,17923655475,-0.1401,-81855,-53383,135234,41444,6529,-770,486,0,87545,727,-723,0
2021-12-29,44726,45537,44352,45163,424311,19163157693,0.5566,-63862,102240,-52110,37607,9313,-7705,1600,919,-91094,13480,252,-2750
2021-12-30,44788,45100,44289,44290,391971,17360395590,-1.933,178680,-77772,-103825,35161,-34895,4086,46,49,-108260,1660,1257,-12
2022-01-03,44289,44539,43728,44352,346349,15361270848,0.14,56860,-16118,-43037,5449,1010,-2522,-2692,0,-44282,1862,433,0
2022-01-04,44227,44788,44227,44477,286405,12738435185,0.2818,19075,48697,-67096,-3002,-4624,-1513,-52,0,-57990,36,-712,85
2022-01-05,43977,44726,43291,43666,525687,22954648542,-1.8234,154564,-31983,-89730,-21035,-21090,-2182,111,0,-45534,-33030,179,0
2022-01-06,43291,43728,42605,42730,471653,20153732690,-2.1435,-2904,18403,-4501,16361,1385,-3300,661,0,-19608,-11299,301,0
2022-01-07,42605,46036,42543,45662,909035,41508356170,6.8617,-447807,188973,229611,60935,114157,26973,20770,0,6423,29949,-726,353
2022-01-10,46535,48406,46410,47721,2470077,117874544517,4.5092,-455403,-12869,464726,279997,39425,83576,14539,-3167,45512,12347,-8801,4844
2022-01-11,47408,47533,45662,45912,961931,44164176072,-3.7908,183133,-304822,103076,38666,34435,-1327,13906,0,17396,18004,609,0
2022-01-12,47034,49779,46660,48906,2346038,114735334428,6.5212,-820336,307338,516398,169435,56372,75659,69618,-472,144161,-2415,-985,1625
2022-01-13,48531,49966,48219,49155,1277706,62805638430,0.5091,15641,-203939,191953,95489,72068,-4652,16249,0,12799,-5033,1378,0
2022-01-14,48531,49342,48281,48781,679560,33149616360,-0.7609,4862,-56755,50588,28967,42881,15466,17503,0,-53459,992,313,-770
2022-01-17,48032,49092,47408,47471,656874,31182465654,-2.6855,23695,10064,-39666,7983,2477,-40814,-3257,-3451,-3317,5252,655,713
2022-01-18,47595,47907,46722,47533,669388,31818019804,0.1306,-114511,-16591,132246,101672,29799,-6030,-1375,-344,1051,-684,-460,7473
2022-01-19,46535,49591,46535,48407,1244581,60246432467,1.8387,-259123,-80580,346888,55111,110037,130545,34400,452,15187,-7362,177,1156
2022-01-20,48406,49092,46909,47034,833949,39223957266,-2.8364,209790,-122504,-91892,-32310,-38577,-24992,-7188,0,11175,4774,-168,0
2022-01-21,46909,46909,45599,46161,707527,32660153847,-1.8561,22416,110099,-133671,-33052,-59618,-19915,-3534,16,-17568,1176,-20,0
2022-01-24,45599,46098,44289,44352,623456,27651520512,-3.9189,53152,-21857,-39780,21639,-1893,-107893,-8041,0,57647,8897,-412,-1239
2022-01-25,43915,44227,41856,42294,924447,39098561418,-4.6402,134780,38108,-171696,-3137,-91591,-36196,-10673,7,-29703,-281,-911,-403
2022-01-26,42293,43166,41669,42106,599748,25252989288,-0.4445,-1559,-26329,12177,-23904,-1185,-4450,16580,7,25144,16330,-619,-15
2022-01-27,41981,42605,39361,39362,983159,38699104558,-6.5169,253776,-40809,-221934,-90662,-46515,-51857,-4097,-4158,-24177,10677,-1710,-468
2022-01-28,39424,40671,38488,40235,742111,29858836085,2.2179,61120,-74347,14661,-13110,-19442,19134,3438,0,24976,-1993,559,-335
2022-02-03,41295,41669,40484,40921,511403,20927122163,1.705,67780,-71232,-528,17511,-12975,-9618,-5013,22,9545,2772,1208,0
2022-02-04,40734,41981,40734,41545,422381,17547818645,1.5249,4347,-32665,29034,23435,234,2918,1903,0,544,-117,-599,0
2022-02-07,41981,42043,40858,41607,495109,20600000163,0.1492,111196,-87689,-26359,30645,19298,1393,-10862,-5019,-56662,2935,-83,-5152
2022-02-08,42043,42979,41357,41670,607454,25312608180,0.1514,-15771,-165861,185088,108394,62459,1610,1786,0,9730,-2556,-900,1109
2022-02-09,42231,44539,41544,44227,1144834,50632573318,6.1363,-508117,-16928,518381,162124,107620,172158,53214,690,22830,6690,-26,-255
2022-02-10,44289,44851,43728,43915,492570,21631211550,-0.7055,5650,87241,-77713,35213,-9548,-813,7816,0,-110381,-15356,178,0
2022-02-11,43166,43291,40359,40921,1760324,72034218404,-6.8177,796805,-297780,-479515,-6918,-163514,-260115,8091,1242,-59645,-20638,1128,1344
2022-02-14,40359,41482,40297,40921,544122,22266016362,0.0,-76227,-3214,80663,61743,-604,-5686,-60,863,24955,-1325,103,-548
2022-02-15,41045,41794,40484,40734,474322,19321032348,-0.457,-60207,-43573,104256,24211,42710,17697,687,0,18951,-164,-312,0
2022-02-16,41357,42605,41295,42106,531516,22380012696,3.3682,-184976,1918,186745,72190,5758,-2014,24654,627,85502,-3414,-273,28
2022-02-17,42480,43790,42043,42418,856219,36319097542,0.741,-139389,62805,82782,26701,36768,-8621,26636,0,619,-5827,-371,679
2022-02-18,42106,42730,40609,41108,1245088,51183077504,-3.0883,451750,-236501,-212420,35053,-189804,-29221,-10008,-5601,-10279,-4119,1290,-2560
2022-02-21,40297,41357,39798,40984,568399,23295264616,-0.3016,18897,-4750,-26104,-9854,7237,-5251,-6359,1680,-13557,12131,-174,0
2022-02-22,39985,40858,39735,39861,625078,24916234158,-2.7401,274472,-124836,-149916,-42340,-30952,-6065,-3698,-574,-66287,-352,632,0
2022-02-23,39860,40858,39860,40609,509337,20683666233,1.8765,-77077,33983,-6779,-27237,-23060,13888,2707,692,26550,49789,84,-319
2022-02-24,39923,40422,39049,39175,586999,22995685825,-3.5312,83748,8345,-90497,-14094,-20009,-20469,3769,0,-38525,-1626,30,-1169
2022-02-25,39923,42043,39860,41607,1118509,46537803963,6.208,-558983,196857,302065,85804,32196,15200,15966,0,151730,60772,-711,1169
2022-02-28,41233,42355,41108,42231,590544,24939263664,1.4997,-78619,-14591,33148,10684,13124,42009,-2837,0,-29832,59689,373,0
2022-03-02,43104,45911,43104,45787,1862538,85280027406,8.4204,-649621,383195,224003,85748,50539,86788,5422,0,-4285,44046,-1623,-209
2022-03-03,45225,45537,44414,44477,943289,41954664853,-2.8611,135365,-105017,-61745,-36248,24546,44328,13452,0,-107823,31520,-123,0
2022-03-04,44539,44851,43977,44477,509966,22681757782,0.0,-14476,-59242,28814,14088,12497,18909,3241,0,-19921,45020,-116,0
2022-03-07,44476,44913,43353,43791,537870,23553865170,-1.5424,-6242,20767,-52581,-16018,5274,-4709,8422,0,-45550,39566,-1510,0
2022-03-08,43853,45350,43166,44165,851367,37600623555,0.8541,-105203,-80793,139197,46291,47889,22000,48851,0,-27116,47260,-461,1282
2022-03-10,44788,45350,43665,45163,883202,39888051926,2.2597,-133723,-3861,90816,18431,-13795,-5546,5839,4355,81532,46683,85,0
2022-03-11,44851,45038,43478,44165,511961,22610757565,-2.2098,104757,-34113,-111023,-63905,-16165,162,-534,0,-30581,40677,-298,0
2022-03-14,43665,45162,43104,43978,522965,22998954770,-0.4234,-48372,15227,-5724,3292,-17099,5572,393,800,1318,38686,183,0
2022-03-15,43416,44102,42231,42605,527615,22479037075,-3.122,96464,-61255,-83885,-24920,-15803,-5479,-7997,400,-30086,47782,894,0
2022-03-16,42917,43291,42543,43042,354870,15274314540,1.0257,-84594,-20155,79153,26611,16365,-1350,-2944,0,40471,25393,203,0
2022-03-17,43977,45038,43853,44352,597453,26498235456,3.0435,-296700,324289,-25091,-38979,389,-8124,-165,2500,19288,-1845,-653,0
2022-03-18,44227,45038,43977,44851,533330,23920383830,1.1251,-122876,-66203,194704,202150,-2048,675,161,0,-6234,-4111,-1514,0
2022-03-21,44913,45100,43915,43978,316780,13931350840,-1.9464,66051,-52693,-14163,5901,3137,542,-9441,0,-13800,266,539,-502
2022-03-22,44476,44975,44164,44290,297515,13176939350,0.7094,-74647,42086,3411,-13793,-13629,-2019,-278,550,32580,29310,-160,0
2022-03-23,44726,45537,44352,44976,404520,18193691520,1.5489,-80794,81068,971,-2730,728,-6797,-6560,0,16330,-178,-1067,0
2022-03-24,44975,45287,44040,44352,411573,18254085696,-1.3874,138086,17586,-156598,-12044,-58341,-31119,-7594,0,-47500,242,684,0
2022-03-25,44539,44601,43416,43791,379152,16603445232,-1.2649,126814,-34119,-93741,-42478,-5324,-3058,-3853,0,-39028,220,826,0
2022-03-28,43853,44289,43603,43791,303553,13292889423,0.0,-10230,-6133,15844,-10512,-5607,-7657,18853,0,20767,-72,591,0
2022-03-29,44227,45100,44102,44103,434983,19184055249,0.7125,-54528,16634,36166,9778,2,-5388,202,0,31121,2674,-946,451
2022-03-30,44164,44539,42792,44040,465741,20511233640,-0.1428,-83067,31299,80624,7712,-9201,-3867,11084,0,74896,-29508,652,0
2022-03-31,44102,45038,43977,44851,464072,20814093272,1.8415,-225532,132692,92837,24892,8850,-787,22849,0,37033,1030,-1027,0
2022-04-01,44726,45662,44289,44602,493031,21990168662,-0.5552,87365,-54254,-34337,20881,34361,15001,-6732,2319,-100167,851,375,0
2022-04-04,44601,44788,43977,44602,268915,11994146830,0.0,9292,24040,-38829,3803,-16724,-1462,-13035,0,-11411,5369,128,0
2022-04-05,45038,45350,44102,44477,307694,13685306038,-0.2803,32219,23593,-57513,-18761,-1488,510,-23357,0,-14417,1629,72,0
2022-04-06,44102,44476,43291,43416,453175,19675045800,-2.3855,158542,-20977,-129531,-68106,-5476,-1857,-6823,0,-47269,-8756,722,0
2022-04-07,43229,43229,41420,41420,706567,29266005140,-4.5974,388433,-85580,-315963,-166861,-33681,-10482,-36066,-263,-66947,11813,1297,-1663
2022-04-08,41856,42231,41544,42169,353545,14908639105,1.8083,-6032,55778,-49203,-5851,-34257,-1808,-19803,-956,15200,-770,227,-1728
2022-04-11,42231,43915,41981,43042,603601,25980194242,2.0702,-219307,224932,-1297,-7609,2835,-4467,1432,0,7135,-3575,-753,-623
2022-04-12,42917,42979,41919,42356,358204,15172088624,-1.5938,60805,-113164,51967,51547,3546,-4462,-1675,14079,-12258,645,-253,1190
2022-04-13,42418,43042,42043,43042,365835,15746270070,1.6196,-69585,127064,-59530,13155,-15166,-54946,-28453,0,24957,2126,-75,923
2022-04-14,43104,43665,42605,42730,487098,20813697540,-0.7249,13065,-8121,-13315,-72802,4386,-11088,8811,0,57761,8306,65,-383
2022-04-15,42231,42979,41981,42481,302498,12850417538,-0.5827,-803,18365,-17708,14004,1590,2755,3709,0,-39766,166,-20,0
2022-04-18,42231,42730,41669,42418,266865,11319879570,-0.1483,9672,36736,-37777,1502,-7768,-1016,-4190,8213,-34518,-8690,59,0
2022-04-19,42293,42917,42168,42294,334646,14153517924,-0.2923,54870,-9771,-44650,962,-21247,-5987,-11772,0,-6606,-418,-31,0
2022-04-20,42355,42605,41856,41982,561681,23580491742,-0.7377,66522,169622,-228032,-113989,-35735,-29060,-8833,1407,-40371,-7885,-227,-1451
2022-04-21,42418,43042,42168,42605,469900,20020089500,1.484,-176309,148886,35684,15610,-19971,-1653,-9814,1009,50591,-8335,74,-88
2022-04-22,41981,42043,40921,41545,1794719,74561600855,-2.488,644493,-173482,-469066,-160589,-99161,-7819,-82212,0,-119125,-2719,774,-160
2022-04-25,40422,40609,39798,39798,602317,23971011966,-4.2051,381375,-135258,-252740,-136560,-40737,-17711,-19835,0,-37897,445,6178,0
2022-04-26,39985,40172,39299,39299,487768,19168794632,-1.2538,251817,-96833,-156648,-125451,-25849,2579,-7064,0,-863,979,685,0
2022-04-27,38301,38613,37802,38052,817937,31124138724,-3.1731,393427,-165681,-221418,-152435,-27044,-7389,-19387,0,-15158,-5767,-561,-5
2022-04-28,38114,39112,37427,38675,1339387,51800792225,1.6372,145773,-97101,-36068,-10541,-56989,48680,-21475,-9491,15284,-16930,4326,-1536
2022-04-29,39174,39923,38550,39923,758327,30274688821,3.2269,-165857,-32004,200212,77326,236,71274,3636,0,47367,388,-2739,373
2022-05-02,39236,40047,39112,39798,306949,12215956302,-0.3131,-33102,55053,-22244,-40617,3501,10115,665,0,4092,-153,446,0
2022-05-03,39735,39985,39486,39736,274655,10913691080,-0.1558,-12815,52738,-39000,-19658,-3059,-4042,-13719,-1283,5084,460,-1383,-2323
2022-05-04,39923,40484,39673,40422,401450,16227411900,1.7264,-146994,40372,107959,-7818,86723,6115,19810,0,4371,-462,-875,-1242
2022-05-06,39486,40546,39361,40173,414128,16636764144,-0.616,-49704,89801,-40034,-29549,-1564,-1457,-991,0,-6473,-1,-62,0
2022-05-09,39735,39985,39174,39237,242221,9504025377,-2.3299,-4404,8507,-4782,-3671,178,-3973,-3514,0,6198,632,47,0
2022-05-10,39049,39236,37926,38675,411915,15930812625,-1.4323,-45209,12520,30213,26158,-20575,20795,-7181,1092,10023,1962,514,-99
2022-05-11,38613,38862,38238,38613,280694,10838437422,-0.1603,44281,-20913,-25045,-10255,431,-1035,1597,0,-15839,16,1661,56
2022-05-12,38051,38675,37427,37490,485582,18204469180,-2.9083,101779,-44949,-56707,-32408,-30172,-20482,1130,0,25783,-595,472,-558
2022-05-13,37677,38425,37615,38301,514491,19705519791,2.1632,-37005,-71205,111100,24713,5430,835,1636,2171,80564,-2812,-78,-4249
2022-05-16,38675,38925,38051,38301,340186,13029463986,0.0,25017,15957,-40153,1233,1887,-12944,-1121,0,-26849,391,-1212,-2359
2022-05-17,38550,39049,38176,38863,438317,17034313571,1.4673,35646,-772,-34577,-136054,8318,753,-3159,32332,63543,400,-697,-310
2022-05-18,39112,39798,38550,38863,417115,16210340245,0.0,16794,53660,-70250,-53125,15737,-1955,5128,24,-34288,578,-782,-1771
2022-05-19,38051,40047,37802,38925,946223,36831730275,0.1595,157911,-112511,-47206,-8617,15840,-1241,21448,0,-74616,467,1339,-20
2022-05-20,39548,41607,39486,41483,1678958,69648214714,6.5716,-688310,387048,304079,40237,81488,4720,32720,2557,139476,-1919,-898,2881
2022-05-23,41544,41544,40234,40547,574247,23283993109,-2.2563,64541,-57944,-5938,-23085,-658,-1188,3678,0,15315,-293,-366,0
2022-05-24,40546,40734,39361,39549,440232,17410735368,-2.4613,55267,-40713,-14894,26318,1634,-23646,82,0,-17801,240,100,-1481
2022-05-25,39860,40858,39673,40048,491188,19671097024,1.2617,-113483,-83229,195211,37838,62674,-3359,15567,166,82695,2076,-575,-370
2022-05-26,40359,44851,40297,44040,4151868,182848266720,9.968,-1285051,563092,757786,258972,399365,107272,42686,-32730,-22859,-28086,-7741,5080
2022-05-27,44040,45537,43416,44539,2005247,89311696133,1.1331,-293389,-154114,444897,147381,176650,39119,41683,-3885,43949,4036,-1430,0
2022-05-30,45038,46410,44352,45912,1459038,66987352656,3.0827,-477658,123214,351533,37900,78724,132639,42996,-717,59991,1667,1244,0
2022-05-31,46348,49404,46285,48719,4244531,206789305789,6.1139,-637893,61032,571290,29934,135349,252557,88099,-56,63747,8160,-2589,1660
2022-06-02,47907,49092,47658,48220,1025152,49432829440,-1.0242,-100760,131183,-32207,-15030,-12831,27393,7236,0,-38193,2190,-406,-782
2022-06-03,48656,50153,47907,49904,1905112,95072709248,3.4923,-731659,46388,659291,146936,158164,285664,40365,-1933,28642,27965,-1985,1453
2022-06-07,50901,51400,49591,50777,1744875,88599517875,1.7494,-412423,65443,345039,175678,144372,29123,16525,-4019,-18246,3955,-2014,1606
2022-06-08,50777,51089,49779,50153,883845,44327478285,-1.2289,-179459,118853,70275,67824,35043,-26418,-3505,-200,-3829,-7266,-2403,1360
2022-06-09,49529,51089,49529,50590,805939,40772454010,0.8713,-270799,195329,76457,103785,-56342,10211,-6862,0,25675,-368,-619,-10
2022-06-10,50028,51338,49966,50715,934318,47383937370,0.2471,-161177,290965,-127789,93459,-214315,-34187,25227,-100,2412,-847,-1152,-285
2022-06-13,50028,50402,49030,49093,1119323,54950924039,-3.1983,-322847,373069,-56954,1651,-35350,-86977,24084,440,38472,11178,-4446,726
2022-06-14,48157,49654,47159,49342,1504678,74243821876,0.5072,-244316,85881,168688,81599,7524,-8576,31793,0,55899,-9803,-450,449
2022-06-15,49404,49654,47408,48220,1014719,48929750180,-2.2739,-96859,-11241,101210,12529,-1774,58863,3989,500,27010,6703,187,93
2022-06-16,49092,49467,47533,48032,795946,38230878272,-0.3899,-104834,61496,43638,46680,945,-7506,-30451,-2548,36518,-353,53,0
2022-06-17,47346,48531,47034,47533,1518316,72170114428,-1.0389,-81900,40706,50910,24042,-17341,-36677,9247,1840,72953,-9061,-655,-3154
2022-06-20,48406,48968,46223,46847,1054174,49384889378,-1.4432,6885,-124831,117609,78836,-51190,-17880,5395,788,101543,386,-49,117
2022-06-21,47159,48219,45911,47721,975114,46533415194,1.8656,-44438,-134552,177986,912,112977,-46127,16090,95,93745,139,865,294
2022-06-22,48094,48157,44975,45101,1101977,49700264677,-5.4902,-34932,-12350,51155,62198,37308,-26245,-13295,717,-8923,-2553,-1320,-605
2022-06-23,45412,47096,44663,44789,1279570,57310660730,-0.6918,-194418,-139061,322791,122109,76893,-29718,19852,180,133907,10166,522,-432
2022-06-24,45412,45911,44476,45475,809235,36799961625,1.5316,4107,29390,-33708,77989,-42902,-72906,9679,90,-5200,721,-510,-458
2022-06-27,45911,46036,44851,45724,856611,39167681364,0.5476,62085,112041,-178203,88742,-16534,-160023,-15698,-1404,-73168,3589,488,-118
2022-06-28,46036,48032,45973,47159,1353116,63811597444,3.1384,15800,-94156,91915,117256,49487,-59846,6364,-3748,-23098,-13230,-329,5500
2022-06-29,46535,49155,46410,48968,1492613,73090273384,3.836,-197636,-66765,264491,154601,122465,4648,50414,882,-71176,1441,-1531,2657
2022-06-30,49030,49654,47221,47284,1383122,65399540648,-3.439,-8310,-248937,251740,108739,126563,-16642,9616,438,22313,4959,548,713
2022-07-01,48032,49217,47346,47721,1061531,50657320851,0.9242,-60640,-210028,269747,218898,46994,-8546,20506,0,-8105,1511,-590,0
2022-07-04,47970,47970,43728,44477,1429174,63565371998,-6.7978,95486,-102302,13270,59212,-5000,-78754,17932,8601,12281,-8331,1877,-1002
2022-07-05,44601,46098,44102,46099,817951,37706723149,3.6468,-116337,162498,-42416,-10471,-17679,-255,10478,3296,-27176,-1557,-2188,-609
2022-07-06,44788,45162,40921,41046,2197237,90187789902,-10.9612,789723,-461121,-341237,-17710,-172464,19130,-1289,4450,-171747,10896,1739,-1607
2022-07-07,41482,42917,40047,42730,1221547,52196703310,4.1027,-464978,76491,388455,226546,55524,25365,10404,788,68767,245,-213,1061
2022-07-08,43416,44289,42979,43167,882132,38078992044,1.0227,-104098,91171,12491,21972,52971,-112745,20389,1123,31297,-27,463,-2516
2022-07-11,43229,43416,41981,42294,609137,25762840278,-2.0224,40264,30358,-72735,-28402,5013,-47296,-2976,0,926,635,1478,0
2022-07-12,41919,42418,40921,41545,598218,24852966810,-1.7709,53545,-94997,25914,34869,1165,17766,12502,3630,-44078,16003,-465,60
2022-07-13,41045,41669,39735,41295,787086,32502716370,-0.6018,40970,4372,-33578,175,-27572,25116,-3586,774,-28485,-13416,1652,0
2022-07-14,40921,41732,40297,41108,726484,29864304272,-0.4528,56821,15944,-73201,105038,-27963,-20249,27062,3518,-165107,404,32,4500
2022-07-15,41170,41482,39548,39923,1192924,47625104852,-2.8827,221539,79773,-296857,-120685,-110894,-48320,-19330,918,2053,-4707,252,-599
2022-07-18,39985,40671,38488,40360,850912,34342808320,1.0946,16283,123790,-143599,47494,-132250,-8152,-18920,6342,-38113,2960,566,0
2022-07-19,40734,41794,40484,40859,700591,28625447669,1.2364,53501,47005,-99557,-89796,6618,-2968,11162,190,-24763,-1031,82,0
2022-07-20,41794,42543,41544,41857,671201,28094460257,2.4425,-93237,7479,67735,-27179,24576,7014,26899,2160,34265,16973,1050,0
2022-07-21,41981,41981,40858,41420,635380,26317439600,-1.044,129965,37827,-178915,-109762,-11173,-8628,-15091,0,-34261,9307,1816,0
2022-07-22,41420,41919,41108,41420,351478,14558218760,0.0,-45790,1108,44914,68034,-1360,8492,895,0,-30650,-574,342,-497
2022-07-25,41669,44414,41482,44165,1305516,57658114140,6.6272,-474751,-54788,517984,97960,133841,148159,49807,-14416,97935,15696,-4141,4698
2022-07-26,44164,44788,43104,43167,622031,26851212177,-2.2597,68211,-39470,-30674,-12499,1184,-7412,5105,0,-17052,1531,402,0
2022-07-27,43229,43915,42543,43791,466836,20443215276,1.4455,6614,-73398,64140,2552,6795,27610,9293,1327,15284,2827,-183,1279
2022-07-28,45350,52710,44726,52711,7869030,414784440330,20.3695,-1800966,634345,1210338,265834,210209,569583,35618,-6515,141153,-36409,-7308,-5544
2022-07-29,53709,55206,52523,54645,7604506,415548230370,3.6691,-1406190,1313970,55994,31656,-115999,238321,-61964,-8681,-26807,40163,-3937,-532
2022-08-01,54270,56328,54270,55081,2840216,156441937496,0.7979,-685034,670350,49233,62356,-6190,13612,15535,-1228,-42152,-30359,-4190,7300
2022-08-02,54582,55518,54145,55019,1488956,81920870164,-0.1126,-303076,439674,-136404,-59475,-9626,-16645,-6715,-4611,-39725,3442,-3636,393
2022-08-03,55081,55767,53209,54395,1761286,95805151970,-1.1342,-185708,179687,1600,68283,-60637,-43552,-1286,-3689,22481,5020,-599,20000
2022-08-04,54083,54083,52087,52150,2204132,114945483800,-4.1272,205399,411386,-618099,-12111,-165229,-401697,-74620,0,38858,1231,83,-3300
2022-08-05,52523,54894,52461,54894,2263987,124279302378,5.2617,-205955,59465,135466,53622,29807,78176,-3757,-1909,-20473,14070,-3046,0
2022-08-08,56017,57202,54020,55955,2983319,166931614645,1.9328,-205544,-255856,445744,138391,112199,224958,-25565,1824,-4176,15567,89,-1887
2022-08-09,56328,56890,54020,55206,2164943,119517843258,-1.3386,-38024,61825,-37680,156946,-67136,-143892,5630,-200,10972,12876,1003,0
2022-08-10,55268,57389,55268,56142,2678769,150391449198,1.6955,-417674,-8566,448396,217865,79410,76551,8070,-717,71766,-21287,-869,-4549
2022-08-11,57576,59011,56453,58013,3265668,189451197684,3.3326,-482111,159597,351010,183981,9398,74710,-101,-2296,85328,-25327,-3169,-10
2022-08-12,58137,59011,57139,57701,1626849,93870814149,-0.5378,-556,27815,-34209,18088,-2360,-3431,-1988,-2640,-40658,4997,1953,-1220
2022-08-16,58699,61256,57888,59697,4761592,284252757624,3.4592,-447532,155146,316613,158603,78172,97142,32739,-1434,-48010,-23491,-736,-599
2022-08-17,59697,60071,57514,58076,2155791,125199718116,-2.7154,279985,-250465,-44989,30081,-33053,-39309,-25565,-948,23745,15293,176,60
2022-08-18,57389,59822,57327,58138,2098892,122025383096,0.1068,130036,-112856,-22860,-39206,23079,53350,-10380,-1253,-48924,5799,-119,474
2022-08-19,58824,60383,57888,58138,2236372,130018195336,0.0,-144515,-78632,220979,28842,43230,65493,14076,7979,61756,1094,1074,-397
2022-08-22,57015,57826,56266,56641,1630652,92361759932,-2.5749,51353,-9492,-49700,-17076,-12109,-13161,-37579,399,29993,4086,3753,-167
2022-08-23,56391,59136,56391,58762,2575737,151355457594,3.7446,-598134,93597,494145,58470,105912,249561,57273,-729,23225,11900,-1508,433
2022-08-24,59323,61631,58886,61506,4053768,249331054608,4.6697,-799719,95613,730905,338598,237257,132648,26251,-320,-39871,-25982,-817,36342
2022-08-25,62754,63003,61007,61444,2973868,182726345392,-0.1008,10778,-265770,251360,58452,88244,34457,18700,1049,50439,-541,4173,19
2022-08-26,62255,64625,62005,64002,3943003,252360078006,4.1631,-865007,575615,290581,114742,48974,97480,9383,-410,20512,-2596,1407,-100
2022-08-29,62255,65623,62192,64875,3278779,212710787625,1.364,-329758,-36596,363488,285302,128413,-97380,9143,10462,31952,2231,635,-4404
2022-08-30,65249,65748,63377,65125,1949964,126991405500,0.3854,34630,43432,-85418,60274,6042,-24071,-16046,232,-112805,12435,-5079,956
2022-08-31,64875,66247,63128,65624,2592214,170111451536,0.7662,-307561,209293,94868,-11105,-29895,75107,1997,310,58241,2989,411,213
2022-09-01,65249,67370,64625,64625,2646771,171047575875,-1.5223,-205945,318986,-66502,102036,28267,-49530,7511,-480,-154688,-44862,-1677,382
2022-09-02,65124,65249,62317,63752,1909983,121765236216,-1.3509,-273603,342653,-55699,14020,19090,-34340,-20223,0,-33154,-13264,-87,-1092
2022-09-05,63377,64625,62379,63503,1268243,80537235229,-0.3906,-296263,310286,-5873,-18915,14211,11973,-1753,0,-11389,-7963,-187,0
2022-09-06,64500,67744,64500,67744,4076412,276152454528,6.6784,-1048546,464496,573051,186873,146055,208583,7516,7307,10524,9494,1505,6193
2022-09-07,67744,68493,65748,66123,2727466,180348234318,-2.3928,76473,-259090,196905,128666,-7196,35080,29017,1356,9619,-10030,-4258,363
2022-09-08,67744,68617,65873,67245,3043608,204667419960,1.6968,-143023,7641,132655,-18867,32759,31934,7530,0,65423,4322,-1595,13876
2022-09-13,67370,67494,62504,65374,3593646,234931013604,-2.7824,-336217,380632,-53722,-34232,-63490,-84004,-41323,-1401,170344,12774,-3467,384
2022-09-14,64251,66995,64126,65873,2179191,143549848743,0.7633,-44384,133732,-80539,36690,8572,-103573,2016,-505,-23893,-9223,414,154
2022-09-15,65997,69740,65124,68119,3584542,244175416498,3.4096,-582102,374578,212992,54192,139335,174949,5132,497,-160630,-4832,-636,-483
2022-09-16,67120,67245,63627,63877,2813582,179723177414,-6.2273,575039,-307218,-265939,141439,-55052,-161664,-279,191,-190574,-3180,1298,0
2022-09-19,63752,64999,62192,63004,2138799,134752892196,-1.3667,-323199,625883,-259692,27468,-109947,-128323,-4545,0,-44345,-41814,-1178,0
2022-09-20,63876,64875,62629,63128,1416078,89394171984,0.1968,-161233,176907,4335,-26230,5797,-14900,-7773,-471,48459,-19227,-782,-547
2022-09-21,62130,63253,60009,61569,2029008,124923993552,-2.4696,-116004,480646,-337340,-56433,-73354,-118907,-43832,-3027,-41787,-26260,-1042,0
2022-09-22,61007,63876,60757,63627,1699526,108135740802,3.3426,-182824,96048,88389,4791,5828,44273,-4704,3661,34380,-2105,492,160
2022-09-23,63128,63377,60570,62006,1869742,115935222452,-2.5477,298252,9349,-319010,-23942,-21747,-167413,-3044,380,-103244,11225,184,0
2022-09-26,60196,61444,57264,57826,3565169,206159462594,-6.7413,-413338,930152,-500743,-34405,-274066,-189355,-40127,2466,35744,-16722,651,-1000
2022-09-27,57888,60009,57327,59697,2184646,130416812262,3.2356,-203653,67128,141262,94902,30607,88778,15729,0,-88754,-5079,342,0
2022-09-28,59946,61568,58075,58575,2346277,137433175275,-1.8795,58987,-138722,90636,-24089,62210,47289,30128,1305,-26533,-11511,610,326
2022-09-29,60196,61256,57638,57826,1912580,110596851080,-1.2787,73250,34160,-120679,29211,-20077,32312,37,654,-162816,12475,794,0
2022-09-30,57264,59697,56952,58887,1538530,90599416110,1.8348,-361044,-93706,465206,124418,73043,228699,36834,-502,12967,-10032,-424,-10253
2022-10-04,60009,62504,60009,61694,1650225,101808981150,4.7668,-167068,171071,-1834,-42741,45921,84611,-849,0,-88776,-877,-1292,0
2022-10-05,63377,64126,62317,63877,2109744,134764117488,3.5384,-517675,458512,25880,59980,43379,79922,-544,0,-157883,34243,-960,1026
2022-10-06,62379,63253,61319,62380,2282812,142401812560,-2.3436,314315,-355427,30950,35865,-7722,113585,-7096,0,-103682,9924,238,0
2022-10-07,61506,62629,58824,59074,2208733,130478693242,-5.2998,527751,-164288,-350526,-53007,-83428,-152104,-41575,-1109,-19303,-12677,-260,0
2022-10-11,57888,59073,56578,57639,1437978,82883613942,-2.4292,-250013,99468,198227,106630,34429,7720,2556,2368,44291,-47464,-218,233
2022-10-12,57514,60321,56640,60009,1402437,84158841933,4.1118,-461683,164990,279098,158609,15374,13552,18339,0,62054,18628,-1033,11170
2022-10-13,59136,59822,56640,56641,1384020,78392276820,-5.6125,149940,41137,-199674,-35430,-50673,-24997,-6755,182,-82001,7737,860,0
2022-10-14,58262,59198,57701,58575,1121405,65686297875,3.4145,-225315,256991,-23248,935,-41748,-110380,9388,1359,116394,-7874,-554,804
2022-10-17,57576,60633,57327,60633,1255594,76130431002,3.5134,-398204,126742,268523,-42951,18305,211815,-1065,0,82544,2499,440,-125
2022-10-18,61444,64750,61256,64750,2384231,154378957250,6.79,-742883,614711,128158,-49833,3011,271771,-11977,-1025,-83783,2019,-2005,-6
2022-10-19,64750,66122,63627,64875,2036138,132094452750,0.1931,-703326,605908,87231,-9132,49374,163264,-298,-916,-115855,12658,-2471,794
2022-10-20,64251,65124,61756,61881,1631408,100953158448,-4.615,271543,-123828,-139775,-25372,-97675,29824,-34590,0,-11168,-11349,3409,-794
2022-10-21,61631,62192,59946,61694,2085462,128660492628,-0.3022,150137,-112633,-38743,6685,-29246,19403,-33059,-1643,82,1548,-309,-965
2022-10-24,63377,64251,58886,59386,2290809,136041983274,-3.741,220209,115570,-320868,-47563,-75120,-112575,-15698,-1325,-67917,-17775,2864,-670
2022-10-25,60383,60633,57826,58699,2201375,129218511125,-1.1568,230268,548342,-791713,-149583,-176137,-420320,-43361,1900,-4213,15925,-2822,1
2022-10-26,59198,61007,59011,60259,1554867,93694730553,2.6576,-144364,123762,21484,-28570,32044,24222,28799,-200,-34879,2292,-3174,68
2022-10-27,61506,64875,58013,64501,4829385,311500161885,7.0396,-930491,693352,235193,58032,11548,135347,64,8007,23197,796,1150,-1002
2022-10-28,64001,64126,59635,59885,3627865,217254695525,-7.1565,1527924,-1407102,-143498,14257,7704,-121650,-19119,3727,-28417,18059,4617,0
2022-10-31,60508,60570,58449,58887,1740051,102466383237,-1.6665,259389,-197364,-66360,-1230,-1812,-78968,-1057,2859,13848,4158,177,0
2022-11-01,60321,62067,60258,61257,2780316,170313817212,4.0247,-1063925,836595,232003,11344,21547,-3388,29080,396,172905,-4077,-596,119
2022-11-02,61132,62192,60009,61319,1228285,75317207915,0.1012,-88686,84329,5116,-20248,48497,30051,1802,0,-55051,221,-980,65
2022-11-03,59947,61444,59323,61257,1302523,79788651411,-0.1011,-49465,220591,-157269,73676,-15126,-120633,7459,0,-102645,-12896,-961,0
2022-11-04,62005,63627,61444,61506,1599335,98368698510,0.4065,-220419,275410,-62146,-35060,24003,-14824,15296,-2371,-49548,6460,695,358
2022-11-07,61506,61506,58137,58200,2371208,138004305600,-5.3751,1032727,-427602,-589773,-143183,-182577,-82358,-60466,824,-122014,-20425,5073,1
2022-11-08,58387,59447,57514,58824,1553079,91358319096,1.0722,-244669,189758,54151,-45344,-33016,-12800,7159,376,137776,995,-235,0
2022-11-09,60071,61756,59136,61569,2585850,159208198650,4.6665,-884435,470615,410503,-15929,60590,102357,-5887,-614,269986,9869,-6552,0
2022-11-10,60945,63627,60321,61881,2342346,144946712826,0.5067,-240845,-8622,237111,48281,74891,-27630,91728,-552,49491,16096,-3740,902
2022-11-11,64375,65623,62504,62754,2186478,137210240412,1.4108,-493991,-45128,534339,-45385,129261,300968,23108,2251,124075,3542,1238,61
2022-11-14,63876,65873,62005,62255,2345289,146005966695,-0.7952,160003,-142134,-16857,-59493,10263,54480,16015,-212,-38276,1156,-2168,366
2022-11-15,62754,63128,60945,61694,1208130,74534372220,-0.9011,215755,-41381,-181052,-6064,-65217,-85838,-28805,130,4915,3720,2958,-173
2022-11-16,62255,63876,60321,63877,1781383,113789401891,3.5384,-286697,173774,110992,93524,29639,-14952,14820,1828,-13868,4222,-2291,1
2022-11-17,64251,64375,61943,62006,1002409,62155372454,-2.9291,265830,-115706,-163210,-21479,4143,-92087,6326,340,-60453,12150,936,0
2022-11-18,62317,63128,62005,62130,823738,51178841940,0.2,-77730,-9363,87715,134,36285,25740,8879,-216,16894,632,-1254,-1
2022-11-21,62629,63627,62192,63378,904007,57294155646,2.0087,-406936,156270,245375,6827,30101,99433,53316,0,55698,5169,122,0
2022-11-22,63377,65249,62629,64501,1538253,99218856753,1.7719,-549739,338487,216805,62271,148630,-26538,56070,3946,-24290,-4016,-1537,-3284
2022-11-23,65249,65374,63876,64875,1059942,68763737250,0.5798,-212327,37033,169638,124862,66831,14194,6572,676,-44049,6068,-412,552
2022-11-24,65374,67744,64999,67370,2911636,196156917320,3.8459,-1029105,746282,281462,110306,234796,89689,62811,9660,-226101,990,371,301
2022-11-25,67370,67869,66372,66871,962010,64330570710,-0.7407,-2067,-41315,48305,-17772,16277,105190,2087,240,-57317,-6343,1420,-400
2022-11-28,67245,67494,65249,65374,1028843,67259582282,-2.2386,-70071,141788,-72906,-21768,-12235,33901,-15544,116,-57555,3475,-2286,179
2022-11-29,64999,65748,64625,65125,835748,54428088500,-0.3809,-24728,77318,-54668,-22467,-2390,729,-2622,200,-27931,3090,-1012,-187
2022-11-30,64375,64750,61568,64002,2734702,175026397404,-1.7244,243857,62116,-280503,-80881,-49547,13120,-4653,4344,-162888,-20468,-5002,2
2022-12-01,64750,64750,63003,64251,1224892,78700535892,0.3891,-149009,29377,119340,-54125,-29422,72382,-16295,-544,147768,1880,-1588,-424
2022-12-02,64500,64875,62504,62754,854257,53608043778,-2.3299,106924,81402,-186320,-54758,-23903,17248,-13684,0,-111225,-2664,658,2
2022-12-05,64126,64500,62504,63378,844182,53502566796,0.9944,-12077,72629,-50284,-25367,-14258,7110,-2451,0,-15318,-10577,309,0
2022-12-06,63003,63003,60071,60072,1543770,92737351440,-5.2163,718411,-84203,-627507,-232242,-112252,-45475,-30744,-27,-206548,-6556,-145,-219
2022-12-07,59572,60383,58948,59760,828042,49483789920,-0.5194,100689,73341,-176039,5674,-117644,-78053,-47085,-1026,62093,377,1632,2
2022-12-08,60258,60446,59323,59822,997856,59693741632,0.1037,7802,-30654,29175,-15939,44435,-8308,4279,2037,2509,-5659,-664,162
2022-12-09,60009,60446,57888,58575,1200493,70318877475,-2.0845,358132,40848,-399960,-53649,-347330,-71292,-10155,-2167,84535,134,846,98
2022-12-12,57638,59385,57264,59323,601485,35681894655,1.277,-72634,145638,-68556,-25229,-4281,-13361,15985,0,-41896,-4699,251,226
2022-12-13,59635,59635,57888,57888,637973,36930981024,-2.419,167224,-47455,-120383,-83748,-7636,-48509,6125,2004,11341,-493,1107,40
2022-12-14,58886,61880,58761,61818,1416759,87581207862,6.789,-552965,295641,250376,-52485,79212,127949,26885,-280,68244,6436,512,851
2022-12-15,61818,61943,60196,60384,859454,51897270336,-2.3197,134990,-105813,-32259,93887,-9259,6200,-12462,2228,-112854,3006,76,1
2022-12-16,59323,61880,58824,61881,804987,49813400547,2.4791,-145777,115775,45903,17186,38567,13265,12901,-4123,-32163,-15728,-173,270
2022-12-19,61132,61568,60446,60758,473549,28771890142,-1.8148,-19834,-85625,111584,42487,6520,56276,-3963,1300,8962,-6244,119,2
2022-12-20,60633,61756,60508,60696,557458,33835470768,-0.102,-173196,41636,125673,50745,20724,53081,2315,198,-1391,5985,-98,1
2022-12-21,61194,61444,60009,60259,414330,24967111470,-0.72,3092,-37707,35394,-12773,5256,39746,-434,0,3396,-1113,334,203
2022-12-22,60757,61256,58824,59136,827273,48921616128,-1.8636,190079,76639,-268925,-75138,-118322,-22746,-53650,0,931,1727,480,0
2022-12-23,58574,58574,56765,56828,1235050,70185421400,-3.9029,194562,260179,-429225,-41455,-121033,-290199,-38338,169,61630,-23974,-1542,1
2022-12-26,57139,57389,56141,56703,669871,37983695313,-0.22,-29310,175350,-155117,1345,-47013,-108695,-7818,-306,7369,6911,2166,1
2022-12-27,56890,57451,55268,55955,1478328,82719843240,-1.3192,146659,220263,-368868,-74423,-209506,-156450,-42717,1363,113048,1370,576,-183
2022-12-28,55518,56453,55018,55144,882410,48659617040,-1.4494,180636,126519,-300361,-3962,-32200,-109898,-4466,1018,-149801,-6684,-110,-1052
2022-12-29,54707,54831,53397,53647,884927,47473678769,-2.7147,17228,281400,-301160,-25669,-94405,-30907,390,806,-152000,1997,535,625
2023-01-02,54145,55268,53397,53459,614214,32835266226,-0.3504,112936,-53487,-43173,15673,13749,-9700,7161,0,-70123,-16827,551,67
2023-01-03,53521,53771,51588,53335,904007,48215213345,-0.232,159241,44879,-206989,16606,-62250,-75890,-14720,4385,-81037,2950,-81,5917
2023-01-04,52648,53334,51962,52649,740616,38992691784,-1.2862,149919,-92936,-55622,11210,-7816,-5835,-6564,1112,-47731,-1701,340,2
2023-01-05,52835,53022,49467,50278,2564737,128949846886,-4.5034,506156,102002,-604231,-109740,-168763,-218785,-99277,4263,-11930,-1703,-2224,1
2023-01-06,49716,52336,48781,51900,1404262,72881197800,3.2261,-192499,16595,173400,-9327,66277,-6906,23859,2152,97855,2653,-149,-510
2023-01-09,53085,54894,52149,54395,1271306,69152689870,4.8073,-216452,-182259,395423,6788,177486,36062,25191,0,149897,2577,711,-1
2023-01-10,54270,54831,53833,54582,696655,38024823210,0.3438,-16856,-17215,25618,-21779,29587,12833,7108,0,-10584,8563,-110,8453
2023-01-11,55518,58886,54395,58325,3408082,198776382650,6.8576,-348964,-282245,630326,171408,271392,-32152,53779,1306,162239,-550,1433,2354
2023-01-12,60820,62255,60009,60009,4215473,252966319257,2.8873,60252,-47591,-23686,-208711,82437,355989,-24168,-4351,-224303,6807,4218,-579
2023-01-13,60820,61631,59323,59697,1857887,110910280239,-0.5199,-81732,408949,-322738,-120994,-18215,-74800,-14350,-678,-93701,-2711,-1768,0
2023-01-16,59946,60882,58512,58637,1283029,75232971473,-1.7756,9922,147772,-161118,-127393,-26860,7428,-19194,-585,5485,2683,741,1
2023-01-17,58637,59635,58013,58076,771136,44784494336,-0.9567,71259,-11720,-75101,-63760,19527,6449,1583,151,-39052,14891,671,1
2023-01-18,57888,58387,57202,57452,690625,39677787500,-1.0745,33945,8365,-41180,568,-23262,1023,-10086,-10772,1347,-2031,901,2
2023-01-19,57202,58137,56828,57078,856163,48868071714,-0.651,20378,-4307,-16832,-76324,-17340,36938,-1937,636,41723,133,628,-528
2023-01-20,56578,57015,55393,56766,1454774,82581700884,-0.5466,233567,271933,-470658,-38184,-113799,-314225,-21033,1109,15473,-36466,1624,1
2023-01-25,57451,57638,56079,56454,822481,46432342374,-0.5496,141380,-12971,-134929,-10189,-50312,-78126,-13113,-55,16866,2911,3609,0
2023-01-26,56453,58387,56204,58200,1077463,62708346600,3.0928,-108101,42873,54534,-19035,20656,-26379,796,428,88068,10110,584,-10000
2023-01-27,58761,59260,57638,57951,985885,57133021635,-0.4278,-34785,34309,4176,-15522,-9832,2540,-1265,-1663,29918,-2747,-953,0
2023-01-30,58013,58387,56828,57015,766293,43690195395,-1.6152,97766,89274,-184651,-24916,-29741,-64632,-3403,90,-62050,-2888,499,1
2023-01-31,56765,57576,56328,56578,781027,44188945606,-0.7665,69231,117592,-165947,-27397,-40108,-86471,-9992,656,-2864,-19056,-1820,229
2023-02-01,57077,57576,56703,57452,751763,43190287876,1.5448,12585,43522,-67787,-34640,5128,60738,-3299,0,-95329,9542,2138,-385
2023-02-02,59510,60321,57950,58138,1639345,95308239610,1.194,101915,-248683,150020,14126,16142,74005,5082,-2168,41156,-3564,312,1677
2023-02-03,57202,58574,56828,58013,1214167,70437470171,-0.215,151051,-95777,-46300,7616,-2963,29727,-3293,-2308,-75078,-11227,2253,-1
2023-02-06,57202,59011,57077,58325,1110214,64753231550,0.5378,-164055,148084,9919,-443,24143,58894,-22476,0,-49161,7341,-1289,-1038
2023-02-07,58013,58824,57576,58824,888058,52239123792,0.8556,-71938,107137,-39530,-72701,7093,100117,9363,0,-83402,5580,-1249,0
2023-02-08,59011,59073,58013,58263,950766,55394479458,-0.9537,167095,-16851,-148288,-41176,-44925,13411,-2971,329,-72956,-2472,516,0
2023-02-09,58200,59884,58013,59573,1465643,87312750439,2.2484,-427657,243211,186658,24798,36249,106878,29792,80,-11139,776,-2988,0
2023-02-10,59136,59260,57264,57639,1103681,63615069159,-3.2464,361707,-297576,-52648,24381,11377,-37765,-2171,510,-48982,-11930,447,2
2023-02-13,57638,58137,56890,57327,603595,34602290565,-0.5413,106747,18918,-126146,26316,-5600,-115419,5147,0,-36590,410,71,0
2023-02-14,57888,58387,56828,56890,870242,49508067380,-0.7623,243263,-38105,-196908,-32235,-24649,-147477,-3852,1251,11344,-8339,89,-1290
2023-02-15,56952,57389,55143,55768,1605697,89546510296,-1.9722,180796,497696,-679983,-268939,-61681,-171826,-855,-912,-173770,1817,-326,-2000
2023-02-16,57077,57327,54894,56766,1827466,103737934956,1.7896,127026,87313,-217028,-330647,-46546,83652,-27485,0,103997,3451,-762,1
2023-02-17,56703,58013,55580,57265,1432683,82042591995,0.879,-36370,47756,-23055,22101,2516,-28057,49656,-3285,-66943,10971,698,957
2023-02-20,56890,56952,52274,53272,3992844,212706785568,-6.9728,1975751,-1434574,-592285,-201092,-151882,37308,-77270,1596,-202826,42345,8763,1881
2023-02-21,53521,54395,52835,53834,1605271,86418159014,1.055,-75478,245658,-168270,-147921,-85669,45982,-29936,3519,46169,-1984,74,-414
2023-02-22,53022,53397,51213,51276,2170705,111305069580,-4.7516,1076888,-447563,-638893,-301009,-95335,-26026,-45158,-80,-166083,9315,253,-5202
2023-02-23,51400,51775,50278,51339,1800471,92434380669,0.1229,280450,52752,-366733,-253168,-59468,-16317,-57105,0,18514,32209,1322,811
2023-02-24,51338,52586,51338,51900,2062048,107020291200,1.0927,130706,246440,-374191,-211673,-635093,-41057,-78743,0,590078,-3761,806,2297
2023-02-27,0,0,0,51900,0,0,0.0,0,0,0,0,0,0,0,0,0,0,0,0
2023-02-28,0,0,0,51900,0,0,0.0,0,0,0,0,0,0,0,0,0,0,0,0
2023-03-02,0,0,0,51900,0,0,0.0,0,0,0,0,0,0,0,0,0,0,0,0
2023-03-03,0,0,0,51900,0,0,0.0,0,0,0,0,0,0,0,0,0,0,0,0
2023-03-06,0,0,0,51900,0,0,0.0,0,0,0,0,0,0,0,0,0,0,0,0
2023-03-07,0,0,0,51900,0,0,0.0,0,0,0,0,0,0,0,0,0,0,0,0
2023-03-08,0,0,0,51900,0,0,0.0,0,0,0,0,0,0,0,0,0,0,0,0
2023-03-09,0,0,0,51900,0,0,0.0,0,0,0,0,0,0,0,0,0,0,0,0
2023-03-10,0,0,0,51900,0,0,0.0,0,0,0,0,0,0,0,0,0,0,0,0
2023-03-13,0,0,0,51900,0,0,0.0,0,0,0,0,0,0,0,0,0,0,0,0
2023-03-14,0,0,0,51900,0,0,0.0,0,0,0,0,0,0,0,0,0,0,0,0
2023-03-15,0,0,0,51900,0,0,0.0,0,0,0,0,0,0,0,0,0,0,0,0
2023-03-16,0,0,0,51900,0,0,0.0,0,0,0,0,0,0,0,0,0,0,0,0
2023-03-17,0,0,0,51900,0,0,0.0,0,0,0,0,0,0,0,0,0,0,0,0
2023-03-20,0,0,0,51900,0,0,0.0,0,0,0,0,0,0,0,0,0,0,0,0
2023-03-21,0,0,0,51900,0,0,0.0,0,0,0,0,0,0,0,0,0,0,0,0
2023-03-22,0,0,0,51900,0,0,0.0,0,0,0,0,0,0,0,0,0,0,0,0
2023-03-23,0,0,0,51900,0,0,0.0,0,0,0,0,0,0,0,0,0,0,0,0
2023-03-24,0,0,0,51900,0,0,0.0,0,0,0,0,0,0,0,0,0,0,0,0
2023-03-27,0,0,0,51900,0,0,0.0,0,0,0,0,0,0,0,0,0,0,0,0
2023-03-28,0,0,0,51900,0,0,0.0,0,0,0,0,0,0,0,0,0,0,0,0
2023-03-29,0,0,0,51900,0,0,0.0,0,0,0,0,0,0,0,0,0,0,0,0
2023-03-30,0,0,0,51900,0,0,0.0,0,0,0,0,0,0,0,0,0,0,0,0
2023-03-31,51900,57000,51000,53700,11861898,636983922600,3.4682,685600,-954774,303440,94957,692235,19427,135286,-5931,-645910,-31321,-2945,13376
2023-04-03,53600,53600,50100,50500,4641724,234407062000,-5.959,940902,-896243,-50959,74790,20792,-125395,27334,3597,-53783,-2226,8526,1706
2023-04-04,51800,52000,50100,50400,3003343,151368487200,-0.198,237345,-257305,29759,3120,-18806,-17568,7592,797,34764,-6971,-2828,19860
2023-04-05,50300,50800,48800,48950,2688586,131606284700,-2.877,633366,-276203,-353381,-204753,-109027,-71514,-2552,701,17562,-3989,207,16202
2023-04-06,48700,51200,47450,49750,5151937,256308865750,1.6343,-415537,-110811,500164,102486,150677,72771,84486,-13182,93125,25229,955,9801
2023-04-07,51000,51700,50100,50900,2976570,151507413000,2.3116,-343231,74835,262079,39984,138548,24601,47051,3356,6656,3093,3224,1883
2023-04-10,52000,53400,51300,52700,4486166,236420948200,3.5363,-582507,270338,324733,90891,103332,93770,56864,1483,-24082,-8294,-4270,2475
2023-04-11,53500,53600,51500,52000,2453671,127590892000,-1.3283,210648,-91906,-125567,-140493,37472,-3351,14629,220,-33653,8180,-1355,-391
2023-04-12,51700,52400,50200,50800,1880851,95547230800,-2.3077,151896,83866,-223522,-80271,-39012,-39678,-25462,860,-40659,-15913,3673,700
2023-04-13,51200,52700,50900,52200,2450700,127926540000,2.7559,-365192,165478,207321,85077,41856,-6076,30652,0,60812,-1789,-5818,-5000
2023-04-14,53300,53400,51600,51600,1673587,86357089200,-1.1494,318406,-306234,-15482,28424,-9429,-32489,-4627,-855,12505,3489,-179,-9011
2023-04-17,51900,52500,51300,52300,1472537,77013685100,1.3566,-133973,65561,68186,51539,43094,-15398,15031,-1284,-12796,121,105,-12000
2023-04-18,53200,54900,52600,54700,5179091,283296277700,4.5889,-645325,58912,572125,287963,204733,61328,44218,-2398,-25747,16221,-1933,2028
2023-04-19,54200,54800,53600,54200,1849742,100256016400,-0.9141,61233,-144512,80600,40296,20315,36333,-18712,-1848,3890,4181,-1502,326
2023-04-20,53900,54600,52700,53100,1763178,93624751800,-2.0295,124462,-62435,-64664,4203,-13931,-11962,-18939,-2072,-12189,1726,911,-9774
2023-04-21,53400,55800,51800,55100,3933278,216723617800,3.7665,-516583,228763,288345,118953,33029,25949,28044,-325,92429,284,-809,-9734
2023-04-24,55900,56400,54600,54600,2672482,145917517200,-0.9074,159610,-346762,164651,24075,29689,58252,5984,1327,44740,20259,2242,584
2023-04-25,54400,55500,53600,55100,2691130,148281263000,0.9158,-120753,15015,98815,4679,46049,108162,-3302,647,-56420,7745,-822,-1000
2023-04-26,54300,54700,53100,53100,2009547,106706945700,-3.6298,226999,3461,-238427,-51566,-22584,-109259,13095,173,-82258,7105,862,13972
2023-04-27,51800,53100,50700,51200,3615181,185097267200,-3.5782,400737,294800,-682689,-47278,-226145,-140182,-67592,-710,-196591,-12703,-145,-4191
2023-04-28,51700,51700,47500,47950,5114731,245251351450,-6.3477,1676108,-352715,-1311460,-234743,-629007,-275290,-106768,1537,-57645,-14623,2690,-9544
2023-05-02,47600,48200,46900,47100,2610562,122957470200,-1.7727,592586,247383,-840142,-136959,-224681,-322678,-50905,-437,-103558,-1553,1726,-924
2023-05-03,46500,47100,45200,45500,2827694,128660077000,-3.397,538130,126608,-652601,-174967,-176034,-194223,-78399,-2026,-30463,-11600,-537,3511
2023-05-04,45500,46000,45150,45750,1449014,66292390500,0.5495,-1051,88512,-89880,-123327,8459,42534,6226,101,-24013,1939,480,140
2023-05-08,46200,46550,45550,45750,1230239,56283434250,0.0,21362,47672,-60807,-80322,-19760,7528,-2186,0,33861,-9769,1542,72
2023-05-09,45700,45750,44500,44700,1256455,56163538500,-2.2951,83280,57086,-134816,-33899,-61317,-23073,-3640,112,-1863,-4944,-606,-11136
2023-05-10,45100,45900,44700,44900,1113386,49991031400,0.4474,76210,23949,-98236,-58023,-18755,8725,-11852,0,-19332,-2602,679,1001
2023-05-11,45200,46600,45200,46150,1402471,64724036650,2.784,-186807,118555,78375,33959,37282,-21251,5620,0,22564,-9383,-740,201
2023-05-12,46400,46500,44800,44850,1103610,49496908500,-2.8169,390896,-248342,-141351,-43489,-18567,-23347,-8957,-364,-45923,-3239,2036,-704
2023-05-15,46550,47900,46200,47000,3509433,164943351000,4.7938,-251632,3959,233362,-56384,122966,119433,25923,0,21608,14080,231,-184
2023-05-16,46550,47000,46050,46850,910120,42639122000,-0.3191,-35070,133270,-97942,-22507,543,-34559,1677,0,-43099,-134,-124,3
2023-05-17,46800,48600,46550,47950,1760038,84393822100,2.3479,-585608,581611,17174,29520,25216,-22413,2913,10000,-28062,-10551,-2626,0
2023-05-18,48350,48350,47350,47400,743097,35222797800,-1.147,172304,-82309,-91680,-46615,-34435,3720,-2027,0,-12351,4060,-2375,28
2023-05-19,47300,47350,46200,46500,1439445,66934192500,-1.8987,349608,-32709,-314443,-118917,-62171,-160284,-7122,-580,37573,-3743,1287,-2942
2023-05-22,46500,46950,45900,46550,861379,40097192450,0.1075,-30959,56094,-26753,-62230,-14534,-4986,-3904,-634,59532,1051,567,3
2023-05-23,47000,47100,46250,46700,1014790,47390693000,0.3222,4489,48989,-56027,-30612,-77236,-6667,-2842,-1200,62524,2077,472,6
2023-05-24,46400,47000,46350,46850,490817,22994776450,0.3212,-7618,124202,-114647,-6798,-42557,-33943,-5270,-410,-25672,-1350,-587,3
2023-05-25,46550,46700,45350,45350,1295549,58753147150,-3.2017,512738,-279258,-236096,-72546,-49625,-21077,-7773,-600,-84521,734,1882,46
2023-05-26,45600,46400,44750,44900,1175864,52796293600,-0.9923,293164,-197130,-99390,-43646,-2044,-42588,17532,2115,-30778,1322,2034,19
2023-05-30,45600,45900,45150,45550,895902,40808336100,1.4477,-70248,-26926,94662,19366,-24926,5655,-22854,0,112658,1801,711,4763
2023-05-31,45550,45800,44750,44750,1999825,89492168750,-1.7563,363075,-371392,1474,-13447,4666,-1450,9389,108,1061,5005,1838,1147
2023-06-01,45050,45600,44600,44600,905906,40403407600,-0.3352,306507,-204178,-97289,16905,-72254,-2688,-2382,0,-17680,-6280,1240,-19190
2023-06-02,45150,47300,45000,47250,2313894,109331491500,5.9417,-926075,417460,515791,26316,75322,282663,41787,0,89501,1295,-8471,202
2023-06-05,47250,47750,46750,47600,1099342,52328679200,0.7407,-228603,35222,189241,-6838,72574,87589,10972,0,24944,3901,239,0
2023-06-07,47650,48100,47300,47300,934013,44178814900,-0.6303,19994,-110716,91882,-5837,67117,2891,-1358,5000,24069,-786,-374,0
2023-06-08,47850,48850,47550,48700,2080445,101317671500,2.9598,-661065,197155,466719,75863,211354,100995,19120,-240,69699,-3353,544,-10072
2023-06-09,48600,48850,47800,48300,1193858,57663341400,-0.8214,13494,-199015,187246,-2560,69277,104353,2768,2023,11331,-789,-936,54
2023-06-12,48500,49000,47700,47750,789011,37675275250,-1.1387,-39863,-27103,71391,-7641,2523,39700,1469,774,34566,-3197,-1228,0
2023-06-13,48250,48350,47100,47200,1026476,48449667200,-1.1518,29967,25440,-31173,-75909,28860,4001,-22632,-717,35224,-21093,-3141,0
2023-06-14,47550,48550,47150,47450,1510626,71679203700,0.5297,-218289,244545,-18488,-36612,-36650,40828,-1768,0,15714,-6357,-1411,0
2023-06-15,47550,47600,45750,46300,1589275,73583432500,-2.4236,178070,-89703,-90831,-23976,-27552,-22844,-16066,0,-2394,1877,587,2001
2023-06-16,46600,47700,46500,46950,1257435,59036573250,1.4039,-12945,162061,-146120,-65398,-13504,-54320,953,0,-13936,-3679,683,85
2023-06-19,46900,47850,46550,47850,1050018,50243361300,1.9169,-188184,89385,95663,97180,5873,-38019,10252,0,18159,3686,-550,2218
2023-06-20,48050,48050,46200,46250,1429497,66114236250,-3.3438,738006,-341726,-402417,-156615,-133412,-90813,-28287,342,6311,6620,-483,57
2023-06-21,46150,46150,44900,44900,1242730,55798577000,-2.9189,520806,-210474,-303242,-123278,-58091,-66825,-33029,-700,-21320,-8405,1315,1
2023-06-22,45000,45350,44500,45200,718933,32495771600,0.6682,13978,-75826,67639,36082,-4151,22239,-3774,-470,17712,-5474,-317,1
2023-06-23,45350,45650,43050,43250,1907819,82513171750,-4.3142,900441,-487490,-409956,-70360,-76212,-83418,-31861,45,-147076,-3408,413,-1074
2023-06-26,43450,43500,42250,42950,930982,39985676900,-0.6936,58338,-30736,-30745,-22233,-12571,-16763,-15400,-125,36241,2197,946,106
2023-06-27,42650,43250,42500,42850,595894,25534057900,-0.2328,-14610,44051,-31581,3936,-10952,-7341,-3679,-36,-13509,1670,470,0
2023-06-28,43150,43250,41900,42300,1011444,42784081200,-1.2835,165832,-57538,-106275,-45932,-28789,-6659,-18165,0,-6067,-939,-1080,-663
2023-06-29,42150,42800,41600,41750,891365,37214488750,-1.3002,177164,-55844,-115957,-61338,-19156,-31581,-6429,-4895,7442,-5759,396,0
2023-06-30,41900,42600,41600,42300,673469,28487738700,1.3174,-36647,73203,-37067,-1382,-26911,-14095,5991,0,-670,1274,-763,0
2023-07-03,42850,43400,42500,42950,693545,29787757750,1.5366,38039,-87721,50153,-35066,14161,-6000,-5390,0,82447,-956,485,1
2023-07-04,42900,43150,42000,42100,703714,29626359400,-1.979,227142,-87098,-139910,-48415,-64788,-7020,-5760,-230,-13897,569,-703,200
2023-07-05,42150,42450,41800,42100,700540,29492734000,0.0,118319,5687,-117446,-41393,1534,-15180,-7399,0,-55008,-6960,400,0
2023-07-06,42150,42150,40950,41150,1144375,47091031250,-2.2565,242593,-74241,-167826,-51745,-1238,-38599,-12974,2588,-66059,-849,323,201
2023-07-07,40800,41200,40450,41000,712161,29198601000,-0.3645,46138,44777,-91272,-22836,-58759,15186,7907,50,-31887,-796,1153,-933
2023-07-10,41500,42350,41300,41950,850411,35674741450,2.3171,-58290,-14320,65649,-6031,-10965,29436,-134,-571,54031,4220,2741,-117
2023-07-11,42400,43100,42000,42750,851960,36421290000,1.907,-145432,-34011,147598,37800,30832,47471,2191,-127,29490,30080,1765,-59
2023-07-12,42850,43200,42500,42900,680755,29204389500,0.3509,-63446,9636,46429,51967,1518,-4028,12519,834,-16382,4583,2798,1
2023-07-13,43750,45150,43700,45050,2311206,104119830300,5.0117,-673707,88420,583694,147346,57371,93731,71721,1768,210757,8044,-6451,1000
2023-07-14,45050,45150,43700,44500,1309117,58255706500,-1.2209,-88136,-137571,217797,92321,34468,5386,36089,3288,46245,8227,-317,0
2023-07-17,43500,43850,42700,42950,1056718,45386038100,-3.4831,131179,15105,-148011,-12235,-28292,-54215,-8001,158,-35427,89,1638,-9999
2023-07-18,43850,45600,43850,44000,1754341,77191004000,2.4447,-155107,-105231,240999,114533,14871,54316,44609,150,10343,19062,277,2177
2023-07-19,44000,44500,43000,44450,826521,36738858450,1.0227,-103520,695,97840,91155,35556,-5720,13003,706,-39325,3435,1550,2465
2023-07-20,44250,45250,43850,44450,888231,39481867950,0.0,-103314,36208,73686,57266,22486,9146,10700,1002,-26914,-5714,-866,0
2023-07-21,44200,44550,43700,44150,832495,36754654250,-0.6749,-21497,-2291,41703,-4527,37074,-1897,3429,190,7434,-17172,-743,0
2023-07-24,43750,43900,42700,43200,990968,42809817600,-2.1518,-80349,195864,-101321,22401,-15559,-34228,-1520,0,-72416,-11905,-2289,1
2023-07-25,43200,43450,42100,43050,1101472,47418369600,-0.3472,-114085,330993,-195125,17171,-25048,-62455,-23061,0,-100539,-20744,-1039,-1193
2023-07-26,43000,43000,41500,41600,1441144,59951590400,-3.3682,29405,-94803,50185,36482,-7684,-1829,156,0,22229,14919,294,831
2023-07-27,41650,42550,38000,38450,3652552,140440624400,-7.5721,1480868,-675460,-839378,-259051,-258484,-72986,-48374,2250,-196043,31060,2910,-6690
2023-07-28,37850,38050,35750,36650,3540779,129769550350,-4.6814,1197516,-505441,-676824,-232146,-245519,-114299,-119264,6032,35780,-15475,224,-7408
2023-07-31,36750,38350,36750,37850,1891322,71586537700,3.2742,-149787,92465,49510,54499,-11217,-15317,42957,0,-21412,7702,110,0
2023-08-01,37900,39700,37900,39050,1427889,55759065450,3.1704,-153563,114647,32323,-14665,1246,-15,17479,-280,27681,4270,2323,877
2023-08-02,39100,39600,38500,38700,954698,36946812600,-0.8963,-6320,59516,-53018,-3406,-48380,-9622,-1740,0,11729,1904,-2082,-1599
2023-08-03,38400,38400,37500,37850,895188,33882865800,-2.1964,245796,-50433,-203016,-74085,-8146,-46896,-17245,-16,-56829,5514,2139,201
2023-08-04,37700,38650,37700,38050,562416,21399928800,0.5284,76987,278,-78191,3184,-17871,-36159,-5781,0,-21564,702,224,0
2023-08-07,38050,38150,37450,37650,486351,18311115150,-1.0512,90151,-29661,-65918,-7294,1277,-1263,-32104,0,-26534,5286,142,0
2023-08-08,38000,38050,36900,37000,687678,25444086000,-1.7264,97056,31483,-137395,-88629,-6094,-2299,-8976,650,-32048,8339,517,1
2023-08-09,37150,37700,36850,37500,517329,19399837500,1.3514,-21244,108717,-85872,-21978,-29010,-14441,-4525,0,-15917,-180,-1421,-1
2023-08-10,38250,38900,37500,38050,1181441,44953830050,1.4667,-182485,-87894,271234,38271,15851,214851,-11345,-1000,14906,-790,-65,-300
2023-08-11,37800,39150,37800,38400,862939,33136857600,0.9198,-117965,-87833,215500,60348,-19445,166236,406,0,656,-7682,-2020,7299
2023-08-14,38300,38300,36650,36850,938766,34593527100,-4.0365,396892,-264866,-133584,-11476,331,-60991,-11587,2695,-55150,1715,-157,2594
2023-08-16,36300,36400,35250,35300,1177015,41548629500,-4.2062,385284,-58113,-327577,2845,-58977,-211519,-8120,4225,-56032,-245,651,1
2023-08-17,34850,35450,34250,35200,859655,30259856000,-0.2833,-1767,8415,-15482,-20834,-4523,13462,-12479,3805,4402,10522,-1688,685
2023-08-18,34550,35400,34500,35150,597111,20988451650,-0.142,44,50264,-51171,-1814,-16870,858,-7638,0,-25707,669,194,0
2023-08-21,35450,38250,35450,37750,2054639,77562622250,7.3969,-496778,-18002,521565,84481,185765,174666,23345,-2125,55635,-6355,-430,-202
2023-08-22,37550,37850,36600,36900,1065114,39302706600,-2.2517,2515,-83432,81568,-49340,64977,69033,1314,180,-4597,-1056,405,1
2023-08-23,36800,36950,35800,35800,649535,23253353000,-2.981,155912,-134846,-22024,667,-21552,4224,683,0,-9546,586,372,3500
2023-08-24,36150,36550,35850,35900,432953,15543012700,0.2793,573,30772,-37414,17881,-66945,3434,-1203,0,9419,5090,979,0
2023-08-25,35150,35550,34900,35300,1088615,38428109500,-1.6713,185363,120995,-307741,-47841,-76273,-112346,-6681,650,-65251,919,464,1
2023-08-28,35700,36250,35400,36000,526671,18960156000,1.983,-18332,63732,-49323,5743,-19465,-38977,-41,-3280,6697,4013,-90,0
2023-08-29,35800,36250,35550,35950,544358,19569670100,-0.1389,41828,-72988,31260,25926,-4725,-24673,-1339,0,36071,-461,361,0
2023-08-30,36600,37650,36400,37150,868466,32263511900,3.338,-268183,51068,201803,76470,44318,39331,15899,2532,23253,15215,97,0
2023-08-31,37200,37200,36000,36450,1267626,46204967700,-1.8843,169663,52029,-221174,-56004,-60552,-96605,284,0,-8297,-824,306,0
2023-09-01,36800,37500,36300,36300,678512,24629985600,-0.4115,146108,-52466,-96347,-37579,6690,-37955,1542,0,-29045,1761,944,0
2023-09-04,36100,37450,35850,37250,645954,24061786500,2.6171,-256516,102883,156132,51062,43709,44656,-2221,0,18926,-2145,-354,0
2023-09-05,37000,37350,35300,35850,1252135,44889039750,-3.7584,377313,-88079,-288487,-58450,-4849,-82216,904,0,-143877,-1350,603,1
2023-09-06,35700,35750,34000,34050,2785363,94841610150,-5.0209,1511042,-382116,-1111302,-559618,-238092,-202431,-70957,2720,-37704,-20483,2859,-5220
2023-09-07,34000,34300,33350,33500,1198556,40151626000,-1.6153,198887,4493,-201912,-180073,-15615,-4443,-23756,3078,19044,-1016,-452,-147
2023-09-08,33800,34450,33150,33400,1135140,37913676000,-0.2985,237967,-183423,-51439,-85696,-338,-9365,-17227,811,60875,-3784,679,-499
2023-09-11,33400,33600,33050,33250,924853,30751362250,-0.4491,165854,-96649,-67655,-51899,-1085,-71596,412,-163,56651,-1237,-313,25
2023-09-12,33300,33950,33100,33150,760265,25202784750,-0.3008,6225,21090,-28292,-16266,-4042,-26891,-2158,0,21065,589,388,0
2023-09-13,33150,33150,32000,32100,1344985,43174018500,-3.1674,349922,-10394,-349362,-259840,-24621,-54465,-5266,1915,-4793,7967,1867,-2292
2023-09-14,31850,32400,31800,32100,1241304,39845858400,0.0,53957,-45372,-9860,-72069,3199,-10755,9183,-12175,72757,886,389,0
2023-09-15,32400,33050,32300,32650,1687548,55098442200,1.7134,-209397,229151,-15266,-89554,-31579,1227,977,0,103663,-4276,-212,0
2023-09-18,32500,32750,32250,32550,509899,16597212450,-0.3063,111423,-22119,-87066,-40105,-23975,3898,-8506,-12381,-5911,-2136,-102,-86
2023-09-19,32450,32550,32000,32000,566218,18118976000,-1.6897,220805,-74134,-146723,-82187,-19299,-5211,-1119,0,-38907,-383,435,0
2023-09-20,32000,32100,31500,31650,647611,20496888150,-1.0938,106248,57317,-119365,-102705,-17680,-8148,1042,-1127,9152,-44957,757,101
2023-09-21,31500,31550,30550,30600,977379,29907797400,-3.3175,185721,138483,-326236,-71476,-66688,-57719,-14310,11420,-127863,2487,-455,400
2023-09-22,30100,30450,29700,30100,1244691,37465199100,-1.634,74507,62374,-138389,-100928,-8705,-19933,-9263,9000,-6367,1034,474,-2193
2023-09-25,29800,30650,29700,29750,686852,20433847000,-1.1628,57850,-1388,-55432,-99687,1082,7747,155,548,34723,-1159,129,0
2023-09-26,29750,30050,29400,29500,584272,17236024000,-0.8403,-2850,76471,-73275,-53095,6976,-15457,11401,0,-24535,-1115,769,1435
2023-09-27,29150,29850,28400,29750,963262,28657044500,0.8475,1904,-75359,70965,6250,9819,33716,-3732,826,20993,2223,267,3093
2023-10-04,29200,29250,27850,27850,1663516,46328920600,-6.3866,190541,-50381,-143856,-115329,-13416,11421,-8746,14087,-9575,2390,1306,-22298
2023-10-05,28000,28200,27250,27250,1057951,28829164750,-2.1544,-52239,40511,8831,-7513,-22590,20355,-7341,11550,12859,2794,103,1511
2023-10-06,27000,27400,26950,27000,952566,25719282000,-0.9174,36395,-6440,-31844,5197,-8642,-18610,-2731,0,-7059,675,1214,1
2023-10-10,27050,27700,26850,27050,931796,25205081800,0.1852,-85212,68849,18995,-38132,15139,4901,6900,0,30187,-2260,-372,0
2023-10-11,28150,29500,28000,29300,1971207,57756365100,8.3179,-361057,93053,252995,116545,80737,-13397,34007,2541,32672,14867,142,-110
2023-10-12,29250,30550,29200,30300,1419166,43000729800,3.413,-80230,-207310,290366,25881,77569,89192,30422,4535,58273,-3806,980,4494
2023-10-13,29700,30600,29150,30400,854962,25990844800,0.33,-54571,-159832,210338,103916,43905,74388,12604,1004,-25641,4136,-71,162
2023-10-16,30450,31600,30050,30650,1379039,42267545350,0.8224,-66537,-1241,61855,39429,-2748,-23475,15518,723,31711,5995,-72,697
2023-10-17,30600,31800,30500,31250,987583,30861968750,1.9576,-166543,21874,148917,101913,48325,24031,9930,0,-35282,-1602,-2646,0
2023-10-18,31950,32450,31300,31300,1024675,32072327500,0.16,-34630,-67810,116076,64938,11327,-1832,-2214,0,44037,-14297,661,-180
2023-10-19,30600,31350,30100,30500,965378,29444029000,-2.5559,15126,8720,-46300,-44799,-9066,-10613,-4329,-1069,26081,20518,1936,-2505
2023-10-20,29800,30400,28800,29900,3058470,91448253000,-1.9672,25405,239809,-282894,-96858,-25548,-90605,-17780,-992,-48443,17679,1,-2668
2023-10-23,29050,29250,27400,27700,2148494,59513283800,-7.3579,458200,-68373,-383205,-91878,-21900,-197826,-50512,-2853,-4652,-10433,3811,-13584
2023-10-24,27950,28950,27350,28900,1078080,31156512000,4.3321,-207096,104670,105073,51785,-102,42795,6444,0,4151,325,-2972,0
2023-10-25,29150,29650,28900,29000,641133,18592857000,0.346,-63910,-13842,76939,39899,29320,430,-2454,0,9744,-16,829,0
2023-10-26,28000,28500,27600,27800,759696,21119548800,-4.1379,82159,-157204,70861,14242,14922,50631,1007,0,-9941,4211,-27,0
2023-10-27,28050,28100,27150,27500,1084945,29835987500,-1.0791,145507,119598,-262512,62402,-9272,-245190,-84,-1111,-69258,-2825,232,1
2023-10-30,27300,27950,26900,27700,851657,23590898900,0.7273,-65086,163450,-99553,21785,5874,-107262,134,0,-20084,880,309,0
2023-10-31,27900,29400,26500,28650,2381489,68229659850,3.4296,14378,-305719,290316,41168,77731,127023,5715,395,38284,2513,-1488,0
2023-11-01,29650,31800,29500,30700,3646580,111950006000,7.1553,-475576,-362723,825351,190262,165913,329056,55931,1178,79363,14116,-1168,3648
2023-11-02,30300,30650,29400,30150,1359318,40983437700,-1.7915,113675,-261311,118199,13263,34786,-46200,19647,1025,96188,28540,897,-510
2023-11-03,30800,31500,30650,30750,1023827,31482680250,1.99,-142953,92412,78556,38688,21705,-10764,34435,752,-6260,-25972,-2043,0
2023-11-06,32000,33150,31500,33150,1643965,54497439750,7.8049,-592905,363769,212699,23464,37726,74309,16457,0,59067,2031,14406,1676
2023-11-07,32750,32800,31700,31900,819424,26139625600,-3.7707,58664,-23971,-39728,8685,41169,9458,-947,-26700,-71060,5273,-238,-333
2023-11-08,32000,32450,31700,31750,467555,14844871250,-0.4702,-10911,40513,-11870,-5968,8776,-469,-2754,34,-11489,-3390,-14342,0
2023-11-09,31300,31800,31100,31500,450551,14192356500,-0.7874,-48728,71696,-22544,-17749,-5525,-11844,1182,0,11392,-164,-260,0
2023-11-10,30900,31450,30450,30450,480377,14627479650,-3.3333,71274,-19030,-66596,-23258,-2875,-4645,146,0,-35965,-832,15184,1
2023-11-13,30850,31150,30300,30400,310520,9439808000,-0.1642,2890,51202,-60043,-8409,-9605,-16620,2651,0,-28059,5315,636,-1
2023-11-14,30900,31200,30600,30950,339071,10494247450,1.8092,-48700,19100,43200,-10499,17319,-1926,-8064,0,46370,922,-14522,0
2023-11-15,33100,34500,32550,33350,2917701,97305328350,7.7544,-848698,356687,497146,97669,116449,80850,57152,-23569,165923,-3058,-2077,2672
2023-11-16,33500,33550,32000,33000,977743,32265519000,-1.0495,115912,-186462,67478,-7639,64291,40755,1855,-2082,-29703,3003,69,1
2023-11-17,32900,32950,31700,31750,791013,25114662750,-3.7879,237012,-69206,-164851,-74017,-35205,-49874,8271,-1454,-12572,-3181,226,0
2023-11-20,31650,33300,31350,33000,771415,25456695000,3.937,-197995,18474,178869,58243,15536,918,35842,418,62165,744,-92,5747
2023-11-21,33400,34550,33300,34300,1441641,49448286300,3.9394,-372115,113769,272024,47946,91400,-2568,22343,-8976,111796,-13679,1,10083
2023-11-22,33900,34450,33250,34000,743395,25275430000,-0.8746,14737,-25249,7769,2097,6767,104,-5542,0,4343,3641,-898,0
2023-11-23,34350,35300,34200,34500,746479,25753525500,1.4706,-101756,154577,-49841,-52642,16883,-11706,2950,0,-5326,-2437,-543,0
2023-11-24,34200,34650,33800,33800,430817,14561614600,-2.029,-18947,35447,-15014,-10349,-1682,-5423,-18054,0,20493,-1800,314,1
2023-11-27,33600,34500,33200,33250,625463,20796644750,-1.6272,-119944,166986,-34594,-50991,2155,-119,-4914,4954,14321,-10355,-2093,0
2023-11-28,33450,33550,32650,32700,832647,27227556900,-1.6541,150960,-64753,-82673,-95620,-17067,-9275,-7855,0,47144,-3782,248,0
2023-11-29,32750,32900,32050,32500,791448,25722060000,-0.6116,57901,24253,-85904,-51624,-6601,-1162,-1360,248,-25406,4330,-580,1
2023-11-30,32000,33400,31800,33400,2419158,80799877200,2.7692,-206734,247884,-53391,-69192,-11181,-737,3739,3887,19151,12409,-168,942
2023-12-01,33400,33400,31800,31850,799280,25457068000,-4.6407,320338,-104164,-216861,-113011,-15336,-916,-30722,-2655,-54221,798,-111,0
2023-12-04,32350,32550,31700,32550,502431,16354129050,2.1978,-150273,137610,21999,-7099,16087,851,8986,292,976,-4950,-4386,1906
2023-12-05,32200,32650,32050,32550,466451,15182980050,0.0,-60532,131102,-67048,3655,-14839,-9349,-4435,723,-42803,-3261,-261,0
2023-12-06,32250,32800,31950,32150,494236,15889687400,-1.2289,-17759,37973,-14004,-31514,-1272,-1059,3009,1754,15078,-6540,330,0
2023-12-07,31950,32050,31100,31550,675508,21312277400,-1.8663,883,76735,-79270,6946,-34495,-1604,3598,802,-52017,1339,313,-2500
2023-12-08,31750,32000,31250,31400,347363,10907198200,-0.4754,42663,-36400,-1956,-639,-884,-4021,-7237,-175,11000,-2290,-2017,0
2023-12-11,31550,31650,31200,31400,395697,12424885800,0.0,-16294,80398,-65292,-77732,2241,1065,-9064,0,18198,1415,-227,0
2023-12-12,31600,32750,31600,32100,752427,24152906700,2.2293,-164234,82931,80633,12491,2423,-7752,-6617,0,79088,-175,845,1000
2023-12-13,31700,31700,30800,31000,908669,28168739000,-3.4268,316935,-248688,-73538,-997,-22448,-19159,-13138,823,-18621,4996,295,2
2023-12-14,32250,32750,31950,32400,1420540,46025496000,4.5161,-440033,201295,284482,79077,122953,14640,17434,0,45586,-45602,-142,4792
2023-12-15,33650,37700,33650,34950,10737122,375262413900,7.8704,-585803,270642,322328,179900,35244,41220,65996,-992,-2228,-7704,537,3188
2023-12-18,35500,35900,34100,35000,1882164,65875740000,0.1431,11835,-168156,158035,94913,82856,266,4551,0,-24329,-448,-1266,-222
2023-12-19,34500,35200,34150,34650,1060440,36744246000,-1.0,-130743,14760,113621,86884,18459,-9966,8546,1077,7621,2024,338,1000
2023-12-20,36700,38250,36350,37700,6081344,229266668800,8.8023,-757529,111758,617722,217997,152826,108514,48094,-1152,85318,22232,5817,6125
2023-12-21,36700,39150,36550,38750,3150545,122083618750,2.7851,3891,-390803,376212,365412,18011,-5510,-19097,-7142,15030,11530,-830,9508
2023-12-22,39200,39200,38000,38550,1725903,66533560650,-0.5161,-257046,-121793,388108,262305,22209,5959,28679,7249,61539,-9191,-78,168
2023-12-26,38000,38700,37700,38450,916700,35247115000,-0.2594,-179187,50694,147784,111240,3760,-24188,3030,354,53575,-17826,-1465,13
2023-12-27,38750,39200,37650,38600,1022244,39458618400,0.3901,-141857,77653,75883,83645,-12295,-1710,9840,-1524,-2073,-11074,-605,0
2023-12-28,38600,39750,38300,39500,1435804,56714258000,2.3316,-343950,44352,290726,127107,62439,2615,68362,-322,60041,9177,-305,-29516
2024-01-02,39500,39500,38300,38600,753499,29085061400,-2.2785,23442,-53481,33012,21913,-14445,1308,6046,0,18348,-2606,-367,-158
2024-01-03,38050,38450,37450,37450,867468,32486676600,-2.9793,96089,81614,-167501,2032,-11813,-14237,-2663,0,-140820,-9975,-227,0
2024-01-04,36650,36900,35550,36600,1083258,39647242800,-2.2697,77119,-39740,-38067,38049,-9304,-12324,-11659,708,-44009,283,405,472
2024-01-05,36400,36950,36050,36300,714593,25939725900,-0.8197,93396,-10264,-93465,-49992,-52051,-17602,-12279,0,41168,10822,-489,-2709
2024-01-08,36300,36850,35600,35600,655553,23337686800,-1.9284,171454,49867,-222767,-136077,-42513,-2791,-16270,0,-23316,1153,293,-1800
2024-01-09,36700,38100,36450,37000,1441041,53318517000,3.9326,-131359,34206,95060,7997,55840,9544,14775,0,8520,1613,480,-1616
2024-01-10,37750,39300,37600,38550,2410753,92934528150,4.1892,-200958,-67022,260273,44382,89108,82874,20684,0,23226,7597,110,-1
2024-01-11,38650,38900,37500,37500,1051976,39449100000,-2.7237,60857,-76673,7796,-15541,17178,39691,718,0,-32054,8976,-956,-2196
2024-01-12,37550,38000,36750,36750,618701,22737261750,-2.0,69293,-74329,1758,-45518,19082,357,-2532,0,30369,2659,619,0
2024-01-15,36750,37950,36750,37200,627403,23339391600,1.2245,29328,-31425,-1779,-8979,-11515,15223,6775,0,-3283,4135,-259,0
2024-01-16,37000,38500,37000,37750,863341,32591122750,1.4785,-203082,27470,176758,42434,60490,100580,5423,395,-33335,-1102,-44,771
2024-01-17,37000,37050,34100,34150,2041632,69721732800,-9.5364,668279,-586758,-87404,-51291,-25672,-8602,-855,2306,-2982,4638,1245,-308
2024-01-18,34100,34600,32800,33200,1408701,46768873200,-2.7818,148087,175089,-328830,-44714,-12048,-213850,-52080,831,-8007,4445,1209,1038
2024-01-19,33400,34100,32450,32600,1316582,42920573200,-1.8072,84775,-29100,-20056,-85109,4760,22625,-3515,626,40557,-36000,381,0
2024-01-22,32700,32900,31650,32200,771241,24833960200,-1.227,49479,36184,-85782,-81463,1639,8471,-1807,626,-13248,-414,533,0
2024-01-23,32650,33550,32600,32900,841747,27693476300,2.1739,-77422,37464,37708,-11598,2632,42377,-5201,0,8006,3309,-1059,1492
2024-01-24,33750,34150,33250,33750,768656,25942140000,2.5836,-47929,92774,-47203,-22913,10095,10729,-2153,0,-42961,3510,-1152,0
2024-01-25,33200,33350,32550,32950,569270,18757446500,-2.3704,19434,-6569,-10322,-22627,1556,14461,-8162,0,4450,69,-2612,0
2024-01-26,32750,33100,32400,32950,460852,15185073400,0.0,1746,96923,-97739,-8881,-68234,4816,-14240,0,-11200,-739,-191,0
2024-01-29,33000,33100,32550,32600,421000,13724600000,-1.0622,52639,34299,-84242,-63177,6543,2271,-23624,0,-6255,-3787,1091,0
2024-01-30,33000,34100,32950,33250,777968,25867436000,1.9939,-184142,65724,123734,26625,48948,3688,12618,1879,29702,-5203,-113,274
2024-01-31,33300,33900,32750,33350,639514,21327791900,0.3008,-53439,53007,146,16819,16933,3796,5755,207,-43363,329,-43,-1
2024-02-01,33400,35000,32850,35000,1014891,35521185000,4.9475,-325262,100539,230663,60853,60561,7876,5418,3023,92932,-4446,-1494,0
2024-02-02,35250,35850,34650,34700,837462,29059931400,-0.8571,71810,-34597,-39895,-57880,6995,-27109,-220,-39,38358,2624,58,0
2024-02-05,34550,34650,32800,33200,1058349,35137186800,-4.3228,388481,-140409,-257767,-71341,-21365,-21667,-28253,272,-112489,7850,1845,-2924
2024-02-06,32800,33200,32250,32250,819274,26421586500,-2.8614,244439,-116057,-129434,-68297,-3900,-115,-31029,39,-24059,424,628,-2073
2024-02-07,32000,32200,31000,31600,1782214,56317962400,-2.0155,514794,-70355,-454742,-226769,-186296,-108461,-43576,1601,109252,8713,1590,-493
2024-02-08,32500,32600,31600,31850,819718,26108018300,0.7911,7333,61771,-75718,-57211,13040,-1005,-2689,0,-27853,5846,768,0
2024-02-13,32600,32850,32200,32250,629246,20293183500,1.2559,-87317,3979,84705,-61219,-3341,6102,-2885,0,146048,-2938,1571,0
2024-02-14,31600,32150,31400,32000,577862,18491584000,-0.7752,99267,77262,-178430,-65690,-6363,-11901,-5851,-1500,-87125,1020,881,0
2024-02-15,32750,32750,32050,32250,514452,16591077000,0.7812,-21564,52032,-32017,-43805,-4525,1518,-3282,0,18077,2263,-714,0
2024-02-16,32600,34150,32600,33600,1359706,45686121600,4.186,-620679,312254,312542,-7964,37794,96378,14191,2545,169599,-2211,-1906,-1
2024-02-19,33300,33850,32900,33250,621708,20671791000,-1.0417,5595,17991,-17923,-74410,1973,30106,-12378,-2278,39096,-4241,-1422,-32
2024-02-20,33450,33650,32850,32950,579253,19086386350,-0.9023,26877,93880,-112757,-87735,13069,9742,-19203,259,-28889,-6783,-1217,0
2024-02-21,32900,33150,32550,32800,486652,15962185600,-0.4552,35527,31802,-65617,-44165,-55177,41002,-4676,184,4351,-2007,295,-7136
2024-02-22,32950,33100,28900,29300,4885784,143153471200,-10.6707,2722118,-720071,-2010579,-801884,-452154,-404715,-143503,2416,-185944,5124,3408,-24795
2024-02-23,28800,28800,26500,26900,6545619,176077151100,-8.1911,3517264,-573544,-2955634,-1712507,-526054,-163961,-375015,-26138,-145098,6348,5566,-6861
2024-02-26,26750,27650,26650,26800,2495943,66891272400,-0.3717,389614,239742,-632018,-320949,-75692,-17646,-76439,-689,-140087,7217,-4555,-516
2024-02-27,26950,27300,26800,27300,1292909,35296415700,1.8657,-145538,171418,-23537,10892,3299,-7166,-6521,0,-23681,-3372,1029,-360
2024-02-28,27600,28250,27450,27950,1658587,46357506650,2.381,-362794,386023,-28256,-70533,17374,707,-1658,-1120,27758,7574,-2547,-784
2024-02-29,27700,27950,27450,27750,920770,25551367500,-0.7156,179814,-41574,-140532,-61268,-7188,-1577,-778,0,-69721,2475,-183,0
2024-03-04,28000,28100,27400,27600,722389,19937936400,-0.5405,-696,19893,-16886,-3637,-9197,4305,-6223,0,-2134,-3081,770,0
2024-03-05,27300,27700,27150,27250,636334,17340101500,-1.2681,48578,87850,-137138,-47431,-23374,-3582,-4575,0,-58176,-379,1089,0
2024-03-06,27200,27450,26800,26900,827642,22263569800,-1.2844,257182,-151997,-107343,-55138,-34293,-956,-5156,0,-11802,7679,-5521,2
2024-03-07,26900,27100,26500,26650,678458,18080905700,-0.9294,78202,-33243,-41350,-16630,-21368,-2152,-623,0,-577,-4166,557,0
2024-03-08,27050,27350,26900,27350,790138,21610274300,2.6266,-165059,95696,72119,-27900,-8055,-2244,4709,0,106332,-2092,-664,-723
2024-03-11,27400,27450,26950,27000,534057,14419539000,-1.2797,151165,-31209,-120776,-70570,-15041,-6170,-11736,0,-17259,773,47,0
2024-03-12,27150,27350,27000,27250,494684,13480139000,0.9259,-26930,70969,-45178,-78112,-9752,988,-12711,0,54409,3699,-2560,0
2024-03-13,27300,27300,26900,26900,685184,18431449600,-1.2844,268911,-101009,-160445,-110296,-30805,-19295,-24037,0,23988,-8044,587,0
2024-03-14,26900,27800,26800,27800,871964,24240599200,3.3457,-237205,188168,53249,-8897,15902,5601,-1897,0,42540,-4765,553,0
2024-03-15,27600,27600,27050,27450,715543,19641655350,-1.259,19714,60778,-78640,-4766,-28328,-14033,-3841,0,-27707,-1313,-539,35
2024-03-18,27550,27650,27100,27650,455440,12592916000,0.7286,-121361,103558,17754,4149,-4479,-152,1460,0,16776,-2,51,0
2024-03-19,27650,27700,27050,27050,545394,14752907700,-2.17,134496,-59519,-78426,-13452,-825,-1672,-398,0,-62079,3984,-535,0
2024-03-20,27300,27550,27000,27050,452820,12248781000,0.0,84482,9791,-97591,-50294,-8066,413,-4354,0,-35291,3200,118,1
2024-03-21,27550,28100,27350,27550,881630,24288906500,1.8484,-181408,100463,71395,-21686,-2209,1975,-1909,0,96992,10203,-653,-1768
2024-03-22,27600,28050,27500,27600,784096,21641049600,0.1815,80876,-53691,-23429,-3972,-2204,124,-1173,0,-16204,-3334,-422,0
2024-03-25,27600,27600,27150,27250,580568,15820478000,-1.2681,136064,-74566,-57973,-5081,-1953,0,50,0,-50989,-7246,3721,0
2024-03-26,27250,27650,27100,27200,620861,16887419200,-0.1835,107021,-121431,17692,-17691,-4657,596,-5703,0,45147,-3347,65,0
2024-03-27,27150,27400,27000,27100,461724,12512720400,-0.3676,121313,-107153,-14240,-26275,-3706,830,-1026,0,16474,28,52,-537
2024-03-28,28200,29250,27550,27650,4018173,111102483450,2.0295,59794,-194337,127248,46763,46176,2414,6921,-602,25576,5231,2064,0
2024-03-29,27850,28600,27800,28350,1398808,39656206800,2.5316,-119189,43047,70058,1842,40431,224,14537,0,13025,5379,705,-1
2024-04-01,28750,29100,28250,29050,1518983,44126456150,2.4691,-491954,357494,126820,-51,33607,59567,8815,0,24883,8592,-952,-1
2024-04-02,28600,28800,27700,27750,1329765,36900978750,-4.475,468389,-282192,-189905,-25472,4163,-76241,-3871,0,-88486,3983,-275,2
2024-04-03,27750,28000,27300,27500,781561,21492927500,-0.9009,76686,-37229,-38765,-1877,1254,3110,5851,0,-47103,-1048,356,0
2024-04-04,27700,27750,27100,27150,642066,17432091900,-1.2727,121430,-87155,-24658,-10068,2536,-1282,-845,0,-14999,-8723,-894,0
2024-04-05,27050,27650,27050,27150,511043,13874817450,0.0,54951,17584,-85094,-27108,-41581,-1991,-79,0,-14336,12319,240,1
2024-04-08,27250,27250,26750,26900,396852,10675318800,-0.9208,75144,-16174,-58201,-23949,320,-479,145,0,-34238,-1145,376,0
2024-04-09,27000,27650,27000,27300,516788,14108312400,1.487,-104257,108146,-2993,-8201,1072,-173,97,0,4212,-342,-554,0
2024-04-11,27050,27300,26700,26950,719799,19398583050,-1.2821,222566,-101905,-123643,-30301,-35085,-5528,-2209,0,-50520,1575,1407,0
2024-04-12,26850,26900,25650,25700,1378114,35417529800,-4.6382,580072,-239119,-337839,-20723,-195584,-25172,1190,1263,-98816,-4289,1175,3
2024-04-15,25250,25350,24650,24700,834166,20603900200,-3.8911,194509,-147790,-42592,-19767,-8688,-2770,-6581,602,-5388,-5185,1058,0
2024-04-16,24200,25050,24200,24500,675151,16541199500,-0.8097,11668,-3229,-4548,608,9687,7014,59,248,-22165,-3979,88,1
2024-04-17,24500,24750,24100,24100,524347,12636762700,-1.6327,174416,-125002,-37294,-6727,-2219,-2159,-7889,0,-19383,-12507,387,1083
2024-04-18,24600,26000,24600,25500,1090783,27814966500,5.8091,-388841,228325,160615,74029,-16049,-1848,36979,0,67505,164,-263,-1
2024-04-19,25300,26100,24700,24900,1358441,33825180900,-2.3529,174404,-157991,-17660,32552,-5402,-6085,1309,0,-40036,445,802,2
2024-04-22,25550,25600,25000,25100,455611,11435836100,0.8032,6161,-28150,21992,-12463,-478,-537,2055,0,33415,15,-18,0
2024-04-23,25400,25450,24550,24550,677148,16623983400,-2.1912,306862,-266231,-42702,-40542,-814,-2510,-7853,0,9017,77,1994,0
2024-04-24,25150,25550,24550,24650,932315,22981564750,0.4073,305373,-180310,-127273,-89166,-5708,-6947,-4142,0,-22619,3934,-1724,1309
2024-04-25,24500,24750,23600,23800,1234964,29392143200,-3.4483,594551,-508408,-88780,-20730,-8208,-2917,-9999,354,-47282,1507,1130,2
2024-04-26,23600,23750,23000,23150,1304757,30205124550,-2.7311,385500,-66819,-334458,-226154,-29328,8878,-76665,602,-9686,12844,2933,-2105
2024-04-29,23350,26600,23300,26300,3856197,101417981100,13.6069,-1266132,870278,406161,156929,161797,-321,-2036,-956,88770,-11338,1031,1978
2024-04-30,26300,26300,25400,25600,1304639,33398758400,-2.6616,22515,38996,-58411,4757,-36781,3716,-7565,0,-20559,-1762,-1338,-1979
2024-05-02,25400,26250,25100,25950,874755,22699892250,1.3672,-81867,-31306,116372,63771,-10542,65967,2408,0,-5232,-1700,-1499,0
2024-05-03,26200,27650,25950,26500,1928258,51098837000,2.1195,-76266,-205569,273062,74771,63127,93169,9568,-850,31973,7600,1173,1304
2024-05-07,27400,28250,26900,28000,2400501,67214028000,5.6604,-808945,47593,747890,68775,188049,269901,28768,1103,191294,14887,-1425,0
2024-05-08,28250,28950,27750,28800,1864751,53704828800,2.8571,-366897,15968,311930,52346,76570,169724,18272,-602,-4029,33625,5374,-351
2024-05-09,29000,29300,28550,28900,1450770,41927253000,0.3472,14252,-156219,140905,72294,142470,-37,8519,-661,-81698,1740,-678,18
2024-05-10,29300,29650,28200,28800,1377330,39667104000,-0.346,-3128,-3469,-7763,46678,-10242,-94353,-874,0,51028,14396,-36,0
2024-05-13,29400,29850,28800,28950,1349973,39081718350,0.5208,-24892,-73404,96342,8012,27010,57622,6002,0,-2588,2354,-400,284
2024-05-14,29100,29450,28500,29250,925738,27077836500,1.0363,-50317,13732,31599,6324,7092,11037,194,0,6950,5463,-477,2
2024-05-16,29900,31300,29650,30000,3128502,93855060000,2.5641,-100801,-70806,182743,53726,23264,31693,7374,-1204,68130,-10502,-634,-240
2024-05-17,30600,31500,29550,30950,2823079,87374295050,3.1667,-46701,-208115,257129,267020,47875,-7827,18994,0,-72619,-779,-1534,3686
2024-05-20,31300,32700,30850,31800,3498469,111251314200,2.7464,-553845,184896,365740,331184,73864,3474,13452,2027,-57975,4122,-913,-286
2024-05-21,31800,31850,28050,28050,4379428,122842955400,-11.7925,481920,44146,-538924,-56734,-80680,-320862,-39179,2816,-44575,12101,757,290
2024-05-22,29100,30100,28500,28800,3144895,90572976000,2.6738,47745,-14291,-61333,102148,50730,-279696,24724,0,41236,23152,4727,-475
2024-05-23,31250,33900,31150,32250,13437653,433364309250,11.9792,-563022,-155396,697188,174259,134576,297309,26471,-54,118295,25525,-4295,-53668
2024-05-24,31700,32500,30050,30250,3811845,115308311250,-6.2016,677287,-419173,-263502,60592,-43886,-252799,10105,626,-38299,-1935,7323,159
2024-05-27,31700,34300,31650,32850,8590020,282182157000,8.595,-872761,317848,556886,119209,164373,191604,4118,808,96774,223,-2196,-20000
2024-05-28,34150,34550,31950,32400,3658066,118521338400,-1.3699,436012,-363925,-80374,-41810,29090,-108917,28105,0,12849,8557,-270,309
2024-05-29,32200,32300,31000,31650,2290167,72483785550,-2.3148,35397,2979,-48477,76488,-37339,-48954,6611,272,-45853,-1889,11990,298
2024-05-30,32250,33000,30350,32200,3202679,103126263800,1.7378,33559,-162953,77995,105333,777,15262,1229,-511,-44094,47554,3845,-1
2024-05-31,32250,33450,31450,31450,2678080,84225616000,-2.3292,183113,-467886,276382,64963,35744,467,2364,0,172843,3570,4821,1
2024-06-03,31600,32350,30600,30850,1380441,42586604850,-1.9078,230546,-99585,-100728,-39204,-12860,-19946,-6169,2023,-24573,-9723,-20510,1
2024-06-04,30500,31000,28850,29700,2338489,69453123300,-3.7277,86420,102878,-157651,22264,-41581,12878,-2992,-1810,-146475,-31752,105,65
2024-06-05,29500,29950,29200,29450,985222,29014787900,-0.8418,80756,48019,-112801,-24727,-40622,14933,-81,0,-62305,-5316,-10658,1
2024-06-07,29600,30200,28850,29400,1256740,36948156000,-0.1698,-65959,69167,14356,-4481,-7748,8667,-60,0,17977,-24166,6602,1
2024-06-10,29500,30400,29350,29750,1206210,35884747500,1.1905,-43575,44302,4771,-14193,19070,42493,-3860,0,-38740,-5984,486,1
2024-06-11,30700,32600,30050,32350,4022195,130118008250,8.7395,-598255,183166,437258,258127,157234,-45599,44376,-637,19583,-12836,-9333,4174
2024-06-12,32700,34300,32050,33900,4165796,141220484400,4.7913,-735492,6286,692605,223428,221579,155741,50415,1980,37919,41644,-5043,1543
2024-06-13,34200,34300,32550,33350,2734231,91186603850,-1.6224,132416,-363729,227312,26856,125428,10428,13361,570,50956,2458,1543,-287
2024-06-14,33100,33150,31000,31050,2667604,82829104200,-6.8966,634698,-49401,-551791,-37636,-317159,-98241,-28172,1877,-73028,-28472,-5034,568
2024-06-17,30350,30950,30150,30250,1178883,35661210750,-2.5765,291071,-136631,-162914,-109709,-22869,9973,-8474,717,-31425,3639,4835,-1127
2024-06-18,29950,30200,29350,29650,1720896,51024566400,-1.9835,83421,52281,-107512,5752,-44321,-48174,3141,602,-23441,-26393,-1797,-1071
2024-06-19,30000,30850,29950,30350,1286564,39047217400,2.3609,93463,-35863,-64562,-22210,-15855,-42160,-6899,0,23189,8378,-1416,-627
2024-06-20,30500,31150,30000,30350,936462,28421621700,0.0,47720,-37512,-7947,17146,-10752,-21830,4953,0,2536,-1546,-715,0
2024-06-21,30550,30650,29850,29900,848857,25380824300,-1.4827,91552,-102833,14391,19231,18421,-23486,-12813,-86,13124,-3056,-54,0
2024-06-24,29900,30350,29700,30000,570705,17121150000,0.3344,29849,-60656,31447,47831,-26410,6379,8345,0,-4697,-1772,1132,-1
2024-06-25,30300,30550,29850,29850,786339,23472219150,-0.5,55762,-188274,126749,92872,-1659,541,2877,0,27818,5528,235,4300
2024-06-26,29750,29750,28600,28850,1494802,43125037700,-3.3501,369753,-58234,-309836,-60105,-101307,-97519,-18391,637,-32596,-3935,2252,-555
2024-06-27,28800,29300,28100,28200,1213987,34234433400,-2.253,209844,54520,-266653,-144854,-8912,-49646,-2036,398,-61604,1607,682,1
2024-06-28,28100,28200,27300,27600,1472981,40654275600,-2.1277,-63531,176981,-104767,-21614,-30560,-50279,-4411,-2139,4235,-10960,2277,1
2024-07-01,26300,26800,25700,26500,2643189,70044508500,-3.9855,123847,257724,-415045,-88355,-208749,-61996,-29457,936,-27426,14057,19417,2
2024-07-02,26350,26400,25350,25550,1634930,41772461500,-3.5849,506035,-44068,-433513,-193656,-79495,-16868,-31316,389,-112144,-30634,2180,-423
2024-07-03,25600,26650,25500,25850,1341712,34683255200,1.1742,275714,-217605,-47371,5331,-17605,-3561,-2482,-147,-28907,6700,-17438,0
2024-07-04,26350,27450,26300,27000,1787633,48266091000,4.4487,-315590,7472,300695,152122,31792,10501,18537,1154,86793,7469,-46,-204
2024-07-05,27200,27400,26750,27150,729253,19799218950,0.5556,-62019,-59648,118692,32881,8594,9898,-3310,-2465,73296,1899,1076,-202
2024-07-08,27150,27350,26800,27100,597624,16195610400,-0.1842,24141,-1561,-19942,-61582,13289,55366,-2921,-11,-24083,-1945,-693,0
2024-07-09,27450,28200,27250,27350,942451,25776034850,0.9225,67465,-85212,15487,-48126,20491,18536,-1839,0,26424,2585,-325,1
2024-07-10,27100,27250,26700,26850,522722,14035085700,-1.8282,84672,-4657,-76370,-46990,-18749,4067,-4329,0,-9919,-1689,-1956,-450
2024-07-11,27400,27450,26850,27250,688245,18754676250,1.4898,-42564,-43315,89335,-20005,131539,-1879,-15076,0,-4707,-2400,-1056,-537
2024-07-12,28000,28300,26900,27250,753663,20537316750,0.0,194412,-166899,-29056,7167,-43004,1883,-3850,-97,8917,1195,348,-72
2024-07-15,26700,27150,26550,27100,847285,22961423500,-0.5505,2960,200643,-192240,8247,-73599,-80288,8165,0,-54765,-11769,406,0
2024-07-16,26600,26650,25450,25450,2235077,56882709650,-6.0886,984050,-261091,-727500,-244305,-277725,-58954,-62550,-7403,-75824,1759,2782,-739
2024-07-17,26250,26350,25400,25550,894600,22857030000,0.3929,121042,-641,-121285,-93397,-42249,-8846,3172,0,24649,-485,1369,-4614
2024-07-18,25100,25650,24900,25550,619248,15821786400,0.0,-40238,69690,-28445,4482,-15269,-1936,2915,248,-18837,885,-1892,-48
2024-07-19,25500,26500,25300,26500,1081903,28670429500,3.7182,-119213,-19531,101570,-2741,33091,28596,2583,5219,11518,35203,1971,23304
2024-07-22,26900,26950,25450,25700,879345,22599166500,-3.0189,330048,-245743,-43025,-23707,10906,1603,-24073,-4170,5032,-40891,-389,-8616
2024-07-23,25900,26050,25150,25150,588872,14810130800,-2.1401,161590,-105126,-56124,-20711,-19312,-4973,-156,0,-10973,1384,-1724,1
2024-07-24,25250,26350,25050,25100,1253966,31474546600,-0.1988,268181,-89801,-178529,-46867,-83876,-20940,-22237,0,-4609,-369,518,0
2024-07-25,24900,25850,24350,25500,1137022,28994061000,1.5936,-213638,42016,170163,55564,56377,46648,-6205,3459,13128,-361,1820,1192
2024-07-26,25100,25650,24500,25000,993849,24846225000,-1.9608,84284,-85160,-1999,-65503,9432,42057,-3126,-1183,16529,2434,441,-205
2024-07-29,25050,25350,24550,25050,650209,16287735450,0.2,-18956,47182,-33194,5708,-23210,-17377,-528,0,2213,6728,-1760,0
2024-07-30,24800,25100,24500,24600,487892,12002143200,-1.7964,193023,-75063,-118522,-22634,-30558,-44952,43,0,-20421,509,53,0
2024-07-31,24650,24800,24250,24750,574867,14227958250,0.6098,59110,13115,-73590,-17102,-8380,-44916,-3677,272,213,1060,305,0
2024-08-01,24950,27350,24800,27000,2052828,55426356000,9.0909,-897469,467819,401585,206287,116062,-4804,13097,-3731,74676,30461,-2396,-2
2024-08-02,26450,26650,25850,26200,922365,24165963000,-2.963,41861,9919,-36754,-44721,9834,3495,68,0,-5431,-14470,-556,1
2024-08-05,25650,25850,22150,22950,1913961,43925404950,-12.4046,408577,-348369,-58436,41471,-19814,-36371,-979,2184,-44928,-3591,1819,1
2024-08-06,23200,24200,23050,23300,1156916,26956142800,1.5251,61853,-65535,10416,-1717,13365,-3051,4668,0,-2849,-7388,654,0
2024-08-07,23000,23650,22700,23100,1026266,23706744600,-0.8584,263660,-74428,-164400,-98510,-15536,17612,-2735,0,-65233,-25446,614,2
2024-08-08,22700,23200,22200,22700,937647,21284586900,-1.7316,222549,-78214,-148135,-101265,-9950,-13461,-6780,0,-19492,225,3575,2813
2024-08-09,23450,25250,23300,25050,1991813,49894915650,10.3524,-853605,409625,450679,234806,121942,278,48516,-602,45740,-3317,-3382,-1
2024-08-12,25450,26950,25350,26600,2036178,54162334800,6.1876,-347935,-8249,360030,158767,91024,35527,22922,1388,42716,-2245,-1601,7686
2024-08-13,26250,27000,26050,26600,787732,20953671200,0.0,-39362,-52199,91110,65174,797,4994,9927,0,10218,1485,-1034,0
2024-08-14,27450,28550,26950,28100,2640957,74210891700,5.6391,-781675,225470,491646,246055,142641,79176,8822,-1239,15385,68906,-4347,806
2024-08-16,28500,29000,28000,28100,1615505,45395690500,0.0,686,-144109,115324,49346,-650,19929,-322,0,47020,29871,-1772,1
2024-08-19,28000,28100,27400,27600,722658,19945360800,-1.7794,-157131,34890,125377,70712,-18434,35751,-3575,0,41061,-3520,384,-138
2024-08-20,28100,28100,26650,27750,1008943,27998168250,0.5435,-65679,-25887,67769,122322,36844,-3396,-8090,0,-79911,22800,997,0
2024-08-21,27200,27300,25700,26150,1671141,43700337150,-5.7658,490562,-76809,-419316,-56506,-238501,-93289,-19032,0,-11991,5750,-187,3
2024-08-22,26300,26600,25750,26150,670269,17527534350,0.0,81666,78824,-136199,-33458,-57653,-6284,-7805,0,-30999,-25649,1358,0
2024-08-23,25900,26050,25450,25650,516673,13252662450,-1.912,73533,-48470,-24811,-57541,7244,567,-518,0,25437,-420,168,0
2024-08-26,26650,27200,25650,25850,1284847,33213294950,0.7797,65031,-65847,41893,-12109,-19757,-7541,2861,0,78439,-39146,-1931,0
2024-08-27,26000,26200,25700,26200,483431,12665892200,1.354,-21353,-47466,73135,2230,16355,-2152,5372,0,51330,-3962,-354,0
2024-08-28,26100,26200,25700,25800,351343,9064649400,-1.5267,39519,-63644,26843,-2302,1043,-316,7464,0,20954,-2700,-18,0
2024-08-29,25600,26050,25400,25650,325922,8359899300,-0.5814,-3595,45968,-45012,-35898,-8671,-2117,-6178,0,7852,2561,78,0
2024-08-30,25900,26050,25600,25800,502713,12969995400,0.5848,21587,-39487,33686,-64912,29164,16003,12831,0,40600,-15933,147,0
2024-09-02,25700,25750,24600,24750,986584,24417954000,-4.0698,450275,-259476,-192694,-4937,-32283,-31132,-35227,0,-89116,-970,2865,1
2024-09-03,24700,25150,24600,24600,452343,11127637800,-0.6061,35667,62703,-98102,-27181,-22689,-19647,-1212,0,-27374,-551,283,1
2024-09-04,23800,24000,23450,23600,715927,16895877200,-4.065,206686,-79778,-130166,-71491,-7494,-2801,269,0,-48649,4894,-1636,0
2024-09-05,23700,24100,23550,23650,309916,7329513400,0.2119,27194,-34904,6048,9706,-2021,-466,-1326,0,155,1471,191,0
2024-09-06,23750,23800,23300,23350,329628,7696813800,-1.2685,58362,-52660,-2256,-2409,-8509,882,496,0,7284,-3539,93,0
2024-09-09,22850,23450,22550,23300,289021,6734189300,-0.2141,46861,-20037,-27474,-9690,-5754,-6673,-6645,0,1288,541,109,0
2024-09-10,23400,23750,23300,23300,287805,6705856500,0.0,37945,-7430,-28787,-2874,-978,3258,1416,0,-29609,-248,-1480,0
2024-09-11,23650,25250,23400,25000,1302552,32563800000,7.2961,-175774,-2843,155234,31521,33391,5483,11950,19917,43235,23212,171,9737
2024-09-12,25850,25950,24600,24900,1101571,27429117900,-0.4,137682,-38945,-89601,-91131,41515,819,13101,-168,-53738,-8366,-770,1
2024-09-13,24800,24950,24200,24600,533969,13135637400,-1.2048,48521,49823,-85524,-45898,-24095,-9469,-1615,-10000,17228,-11463,-1357,-11675
2024-09-19,25050,25250,23650,23850,1353594,32283216900,-3.0488,505955,-499993,7614,202,-2607,15661,0,0,-5642,-14725,1149,0
2024-09-20,24000,24250,23000,23250,2585054,60102505500,-2.5157,768204,-823039,48705,38560,-23078,-14475,-5725,-62,53548,2458,3672,-63
2024-09-23,23450,24000,23250,24000,778553,18685272000,3.2258,-208050,138270,67372,679,-57072,60178,-949,0,64536,-109,2517,0
2024-09-24,24100,26700,24000,26550,2850055,75668960250,10.625,-1373573,805238,565254,116531,76795,150730,57612,-10000,172577,6798,-3717,1009
2024-09-25,26600,26650,25300,25450,1214941,30920248450,-4.1431,-77510,-51789,126440,-13524,18938,-68653,9010,0,170668,1326,1533,10001
2024-09-26,25550,25750,25000,25750,748946,19285359500,1.1788,107134,-206379,99698,-52328,39275,24635,-2861,0,84977,-615,162,6000
2024-09-27,25950,27150,25950,26100,1559940,40714434000,1.3592,-123648,-114086,242453,1781,56423,26496,5755,0,151999,-1808,-2911,-1
2024-09-30,26400,26600,25800,25850,912635,23591614750,-0.9579,-112590,-141372,254472,18051,66214,164671,4047,0,823,-1159,649,666
2024-10-02,25200,25350,24750,24800,1064053,26388514400,-4.0619,194150,-26713,-171643,58638,5310,-148689,8715,0,-96102,3782,424,485
2024-10-04,24900,25050,24450,24600,455528,11205988800,-0.8065,117002,-34578,-81942,2299,12810,-44967,2959,0,-55043,-570,88,0
2024-10-07,24700,25850,24350,25500,692549,17659999500,3.6585,-204672,186555,12987,51143,-24432,-7223,5012,0,-11867,4858,272,354
2024-10-08,25150,25350,24550,24550,597152,14660081600,-3.7255,283786,-171642,-103190,-7507,-16327,-11570,330,0,-68117,-12210,3256,1
2024-10-10,24800,24800,23700,23750,1295271,30762686250,-3.2587,714005,-170448,-551353,-90503,-1835,-10783,-49547,0,-398685,7882,-86,0
2024-10-11,23500,23600,23000,23050,1762248,40619816400,-2.9474,936695,-589476,-326608,-93693,-125014,-19228,-19199,0,-67476,-18863,-1748,-1998
2024-10-14,23150,23350,23000,23100,688022,15893308200,0.2169,158661,-79668,-80337,-33539,18652,-44083,-11466,0,-6497,1255,89,-3404
2024-10-15,23150,23250,22450,22800,1414938,32260586400,-1.2987,727913,-420359,-310518,-56443,-112239,-64627,-19329,0,-56610,-520,3484,-1270
2024-10-16,22400,22500,21800,21850,1777787,38844645950,-4.1667,1096474,-769775,-333300,-118472,-74182,-38031,-18181,0,-83189,4071,2530,-1245
2024-10-17,21950,22100,21250,21250,1223655,26002668750,-2.746,414896,-132603,-284795,-181814,-72239,-2229,-18295,0,-10219,3140,-638,1
2024-10-18,21100,21450,20750,21000,1427334,29974014000,-1.1765,137585,-76652,-87492,-23215,-45320,5214,-22018,0,-2153,25082,1477,0
2024-10-21,21000,22350,21000,21350,1206768,25764496800,1.6667,2798,79292,-87201,-87104,-4678,-1650,-19623,0,25854,6302,-1191,0
2024-10-22,21200,21250,20500,20500,830788,17031154000,-3.9813,323364,-152897,-176661,-85214,-18313,-1856,-2416,0,-52864,4368,1826,-15998
2024-10-23,20700,20800,20000,20550,813106,16709328300,0.2439,34705,9148,-54299,-25306,-4398,-1542,3246,0,-26298,9703,743,-1
2024-10-24,20450,20800,20200,20450,520147,10637006150,-0.4866,12519,-12847,-14894,8668,30442,-26217,-3968,0,-23819,15180,42,0
2024-10-25,20650,20750,20400,20450,388279,7940305550,0.0,-12973,-12802,2053,7140,3500,0,-1226,0,-7361,23617,105,0
2024-10-28,20700,21750,20650,21750,1023476,22260603000,6.357,-350434,177986,201966,100650,23036,8641,19417,0,50223,-29487,-31,-1
2024-10-29,21800,22200,21300,21900,843068,18463189200,0.6897,-109176,4424,95179,65123,4631,7279,7962,0,10184,9776,-203,0
2024-10-30,21650,22100,21100,21500,848758,18248297000,-1.8265,57507,-7694,-44997,-59223,13181,33846,4885,0,-37687,-4846,30,1
2024-10-31,21400,21900,20900,21450,782843,16791982350,-0.2326,-12533,32888,-21933,-34467,-7909,4900,2568,2500,10475,1530,48,0
2024-11-01,21200,21750,21000,21500,525064,11288876000,0.2331,-102800,84350,16246,33690,11031,-31,-24614,0,-3830,1118,1086,0
2024-11-04,22150,22800,21650,22150,1716437,38019079550,3.0233,-229002,-113464,338998,66396,178594,14643,19864,-2500,62002,4094,-626,-1
2024-11-05,22250,22400,21300,21900,961684,21060879600,-1.1287,152735,-52068,-107509,-23027,-16929,-7881,884,0,-60557,7912,-1070,1
2024-11-06,22250,22350,20000,20100,2686924,54007172400,-8.2192,745390,-355210,-406423,-89394,-137483,-71943,-38359,2500,-71580,12928,3315,-164
2024-11-07,19910,19970,18310,18920,3451817,65308377640,-5.8706,850805,-228425,-640564,-220089,-97945,-95408,-147510,-5542,-65967,16557,1627,-8103
2024-11-08,19150,20200,19090,19090,1548407,29559089630,0.8985,20676,83164,-118239,-62130,-14096,-10297,-16435,0,-15281,13642,757,0
2024-11-11,18770,19000,18290,18380,1170963,21522299940,-3.7192,73322,17478,-89775,-27768,-22366,-3057,-27604,600,-9580,-1609,584,0
2024-11-12,18200,18400,17510,17730,1419361,25165270530,-3.5365,-11647,196727,-185282,-74760,-43953,-898,-16282,0,-49390,3032,-2830,1
2024-11-13,17500,17960,17130,17130,1113447,19073347110,-3.3841,27209,93136,-120671,-7345,-100521,38478,-46956,0,-4326,35,291,-1
2024-11-14,17130,17500,16560,17500,1309171,22910492500,2.16,83181,-73555,-10521,-107418,29057,-36470,82913,0,21396,807,88,1
2024-11-15,17760,18250,16660,17040,1455806,24806934240,-2.6286,357590,-295124,-60745,-87018,24030,-8719,-234,0,11196,-3872,2151,0
2024-11-18,17000,17920,16710,17600,1106922,19481827200,3.2864,-222042,90309,130558,-7768,112238,-2238,22387,0,5940,319,856,-1
2024-11-19,17600,18190,17300,17350,1221580,21194413000,-1.4205,387451,-318496,-72643,-46535,-5455,-6040,-5599,0,-9014,628,3060,0
2024-11-20,17360,17520,17050,17080,713970,12194607600,-1.5562,167477,-160324,-8077,-10220,1010,-3121,1857,0,2103,96,828,294
2024-11-21,17100,17270,16830,16830,1060567,17849342610,-1.4637,248481,-231365,-18634,14542,188,-122,-137,0,-33105,516,1002,0
2024-11-22,16940,17160,16570,16590,1514250,25121407500,-1.426,383957,-300122,-88184,-66097,-17877,-4020,-142,-2500,2451,1427,2922,1
2024-11-25,16610,18360,16610,16820,14038200,236122524000,1.3864,-117934,-134376,255319,3722,-172663,53355,13360,-600,357472,1832,-4841,673
2024-11-26,17160,17700,16950,17670,3068011,54211754370,5.0535,87040,-433833,343606,76195,149372,8625,95589,0,13825,-1311,4498,0
2024-11-27,17480,17970,16910,16920,1428156,24164399520,-4.2445,541958,-494236,-47994,-32696,1296,-13030,2445,0,-6253,755,-483,244
2024-11-28,16950,17430,16880,17090,888783,15189301470,1.0047,-23427,-76679,98015,-18666,14688,1904,15929,0,84160,1851,240,0
2024-11-29,17210,17210,16220,16220,1950844,31642689680,-5.0907,803714,-613580,-199399,-71416,-11528,-2774,346,0,-114027,4874,4391,0
2024-12-02,16500,17140,16390,16390,1368906,22436369340,1.0481,-251529,228978,62128,-76462,51398,8608,23121,0,55463,-35859,-3718,0
2024-12-03,16870,17480,16840,17260,1709726,29509870760,5.3081,-443505,289368,179737,5946,19819,881,7485,0,145606,-27649,2049,0
2024-12-04,16900,17900,16820,17510,2373070,41552455700,1.4484,-38124,-167560,247978,63194,93552,18402,23109,0,48267,-42522,228,1454
2024-12-05,17350,17380,16150,16150,2265204,36583044600,-7.767,988186,-888830,-105549,-54329,2454,32062,1161,0,-86897,-1212,7405,0
2024-12-06,16160,16530,15510,15890,1723986,27394137540,-1.6099,167860,-181595,-16401,-16803,-211,-2486,-359,-7488,12803,28261,1875,-1857
2024-12-09,15400,15540,14860,14860,1784306,26514787160,-6.4821,226916,-104011,-133994,-96290,-65679,1864,-2143,-12200,40454,10555,534,0
2024-12-10,15040,16460,15040,16330,2016305,32926260650,9.8923,-784023,642791,155499,9806,38527,7255,20887,0,79027,-11136,-3131,-3
2024-12-11,16350,16900,16210,16430,783522,12873266460,0.6124,37112,-54575,16435,-34670,13589,3735,165,0,31165,320,708,2451
2024-12-12,16820,16920,16340,16760,1496768,25085831680,2.0085,33360,-81830,50293,-5363,117674,60002,36959,1840,-160822,65,-1888,3
2024-12-13,16740,17220,16480,16850,1163003,19596600550,0.537,238473,-115104,-127406,-134075,27434,17857,2647,0,-41262,2927,1110,-7
2024-12-16,17350,17790,16850,16930,1256193,21267347490,0.4748,211019,-173825,-44386,-30132,-17191,5617,3117,0,-6223,2546,4646,426
2024-12-17,17080,17290,16480,16540,953146,15765034840,-2.3036,137647,-39091,-96798,-12381,-39609,-1890,-2201,2601,-43319,-1321,-437,1
2024-12-18,16690,16830,16350,16410,582207,9554016870,-0.786,157110,-69998,-85408,-47399,-14141,-12061,-1499,0,-10308,-1763,59,0
2024-12-19,16080,16170,15820,15980,606105,9685557900,-2.6204,168087,-109815,-58404,-35793,-2715,-26205,-3722,0,10031,23,109,0
2024-12-20,15940,15970,15370,15530,898605,13955335650,-2.816,322261,-153194,-169824,-49440,-31165,-1269,-21191,0,-66621,307,450,-138
2024-12-23,15750,15920,15450,15760,575510,9070037600,1.481,-17472,3523,22676,-28174,5016,-4725,-95,0,50654,-8134,-593,0
2024-12-24,15900,16320,15820,15840,622956,9867623040,0.5076,21061,-11921,-9561,-32661,1073,3301,2662,0,16064,-20,441,0
2024-12-26,16080,16520,15810,15960,1105680,17646652800,0.7576,-18364,-114318,134436,53007,7247,-431,13433,600,59920,-2528,774,660
2024-12-27,15960,15980,15220,15450,880515,13603956750,-3.1955,318544,-268748,-53164,41245,8156,5455,3357,627,-112005,347,3021,1
2024-12-30,15220,16420,15220,16120,1059885,17085346200,4.3366,-390724,233215,173464,37896,48342,6895,19013,0,61319,-13249,-2706,-1
2025-01-02,16210,16430,16020,16150,845879,13660945850,0.1861,94573,-254599,161142,55530,148496,596,11315,0,-54795,-1056,-60,0
2025-01-03,16470,18350,16380,17880,6915309,123645724920,10.7121,-977550,207551,771774,292259,91328,10151,89407,1197,286506,-3423,1648,926
2025-01-06,17910,18200,17410,17940,2065725,37059106500,0.3356,-21698,-354375,155208,118445,3189,11099,8884,0,10900,218685,2180,2691
2025-01-07,18250,18390,17730,17770,1534971,27276434670,-0.9476,273837,-255501,-20758,9106,10127,1990,-17012,0,-25329,2571,-149,360
2025-01-08,17840,18210,17540,17750,1318609,23405309750,-0.1125,102612,-221802,113858,59175,47585,31756,1693,0,-27019,4205,1127,668
2025-01-09,17520,17830,17170,17640,1399152,24681041280,-0.6197,124504,-16057,-63120,26217,33029,-10859,1066,0,-112573,-46263,936,0
2025-01-10,17680,19000,17680,18560,4931445,91527619200,5.2154,-199118,-264100,434102,284345,33507,38980,-1504,0,79398,27543,1573,-624
2025-01-13,18560,18620,18020,18140,1493543,27092870020,-2.2629,197031,-398334,200805,140197,22003,-4502,14070,4883,23213,1304,-806,941
2025-01-14,18130,18490,18120,18150,1022040,18550026000,0.0551,6514,-119111,109989,59244,33828,-2693,-1523,0,20709,3443,-835,424
2025-01-15,18270,18470,17890,17890,1316752,23556693280,-1.4325,265735,-322443,56171,40712,24810,2274,4374,0,-16000,-231,768,1
2025-01-16,18280,20900,18240,20650,7803131,161134655150,15.4276,-984377,238552,628275,318834,112588,84750,77786,0,31922,125454,-7904,2395
2025-01-17,20650,21350,20200,21200,4532870,96096844000,2.6634,360672,-569168,186032,48370,73533,72841,45137,0,-55174,20517,1947,1325
2025-01-20,21150,21150,20350,20650,2207874,45592598100,-2.5943,-27668,-66980,90948,69243,54298,11045,-3908,0,-40912,2335,1365,1182
2025-01-21,21000,21000,18800,19350,4486542,86814587700,-6.2954,475501,-470437,-1563,28195,23401,-48429,4,0,-7587,-5361,1860,2853
2025-01-22,19300,20200,19060,19790,2571608,50892122320,2.2739,-220839,-20869,225220,96306,87557,22642,15504,0,554,13008,3480,2657
2025-01-23,19760,19860,19220,19250,1309904,25215652000,-2.7287,103224,-40377,-37959,41393,-4587,-1605,-9628,0,-63532,-20171,-4717,0
2025-01-24,19580,20650,19360,20100,2356731,47370293100,4.4156,-241304,5381,188451,144239,-34429,69922,2886,0,3571,46814,658,2262
2025-01-31,20100,20450,19620,19770,1318668,26070066360,-1.6418,282053,-270840,-8728,14566,8935,-7756,5903,0,-30534,-1009,-1476,158
2025-02-03,19670,19690,18900,19550,1232105,24087652750,-1.1128,11248,-75147,46046,71482,-3363,-7559,3912,0,-18427,15886,1967,1
2025-02-04,19920,20400,19800,20000,1454331,29086620000,2.3018,47005,-32836,22446,15136,375,23974,2309,0,-19419,-36751,136,71
2025-02-05,20500,20700,19940,20150,1158576,23345306400,0.75,-67765,-34252,88805,74167,18928,5515,-4041,0,-5755,6988,6224,-9
2025-02-06,20600,23050,20150,21450,10865312,233060942400,6.4516,-891395,264564,550155,107396,248464,85891,41373,52,66685,81914,-5238,294
2025-02-07,20950,21150,20000,20100,3978801,79973900100,-6.2937,726365,-626463,-80750,248562,-162165,-41267,18659,0,-140670,-22827,3675,-3869
2025-02-10,20200,20350,19840,19890,1341115,26674777350,-1.0448,245754,-260630,21272,61245,-37017,-8888,-2187,0,8119,-8450,2054,0
2025-02-11,20150,21050,20000,20450,2484469,50807391050,2.8155,-232281,131195,96205,122430,-15729,-2558,-92,0,-8103,543,4338,257
2025-02-12,20650,21350,20100,21100,2625641,55401025100,3.1785,496435,-402260,-96206,-80073,1642,6606,-31717,-873,10347,1084,947,-2138
2025-02-13,20950,22550,20550,21900,4517206,98926811400,3.7915,181332,-403744,210198,77403,31424,-22641,11229,20000,92784,10224,1990,-1
2025-02-14,22100,23350,21500,22000,4877581,107306782000,0.4566,320626,-279308,-23994,3265,-20765,-13591,5663,5000,-3043,-16629,-695,-523
2025-02-17,21750,22000,21200,21700,1776930,38559381000,-1.3636,114790,-67441,-59651,-3819,-49151,-9296,-337,5000,-2048,7653,4649,0
2025-02-18,22000,22250,21600,22100,2021442,44673868200,1.8433,-3294,-37923,51608,106894,-42498,-9965,6441,0,-9264,-11305,914,0
2025-02-19,22100,22250,21800,21900,1618674,35448960600,-0.905,141241,-262424,108360,16337,58182,-11401,1632,-8440,52050,1154,11669,0
2025-02-20,22100,22100,20950,21050,1889695,39778079750,-3.8813,180157,17418,-204341,-13670,-95977,-56164,-9112,-269,-27716,-6088,12854,-1433
2025-02-21,20950,21400,20650,21050,867369,18258117450,0.0,122816,-85248,-40930,-23979,-18145,101,-19816,0,22037,3574,-212,-1128
2025-02-24,20400,21000,20350,20650,1425652,29439713800,-1.9002,171520,175457,-309136,-54586,-159004,-75587,-6287,0,-13672,-14459,-23382,0
2025-02-25,20450,20650,20050,20200,1115683,22536796600,-2.1792,218950,-18525,-214061,-137407,-33812,-141,-6642,0,-35284,-1095,14731,-775
2025-02-26,20200,20900,20050,20900,900115,18812403500,3.4653,-140233,109414,28597,-8836,13537,883,-9999,0,33017,2220,2,-5
2025-02-27,21300,23250,21300,22550,9851738,222156691900,7.8947,-1180099,611906,565165,47777,87195,414950,1480,664,13101,12681,-9653,-2
2025-02-28,22150,22550,21400,21500,3060313,65796729500,-4.6563,444829,-388721,-59784,-62759,15306,21406,1491,0,-35229,-5689,9365,1
2025-03-04,20800,22000,20500,20600,2437066,50203559600,-4.186,503890,-182041,-292464,-70654,-20887,-128721,-18766,0,-53337,-14753,-14632,-99
2025-03-05,21100,21450,20250,21050,1829330,38507396500,2.1845,130286,-79334,-63229,47334,-36350,-80942,423,411,5895,9120,3157,0
2025-03-06,21300,21450,20525,20600,1430819,29474871400,-2.1378,347883,-155658,-189752,-63780,-6352,-74517,9287,0,-56452,-6752,4279,2062
2025-03-07,20600,21950,20250,21400,2330582,49874454800,3.8835,-630426,468029,157519,90642,13113,17662,12483,3405,20926,6991,-2113,-712
2025-03-10,21400,21400,20400,20800,1595522,33186857600,-2.8037,582453,-506848,-77356,-94429,-239,-4601,-1012,10000,12924,-1736,3487,1
2025-03-11,20100,20300,19860,20150,1694386,34141877900,-3.125,530375,-384890,-120827,-105307,6520,-2258,-2885,5000,-21896,-23867,-791,-1
2025-03-12,20200,20700,20200,20400,1168511,23837624400,1.2407,93285,42330,-136318,-143326,-2231,-1199,-1160,5000,6934,1700,-997,-336
2025-03-13,20400,20750,20200,20350,1247482,25386258700,-0.2451,35613,-162025,123627,46924,35955,30131,15913,0,-5296,5952,-3167,0
2025-03-14,20100,20450,20000,20150,804392,16208498800,-0.9828,232313,-115189,-119012,-57095,-31224,-3004,395,0,-27430,1608,280,-654
2025-03-17,20300,20600,20150,20200,985279,19902635800,0.2481,116516,-67734,-38472,-40381,-5580,-17136,-3767,0,28392,-11861,1551,0
2025-03-18,20450,20950,20400,20600,1282657,26422734200,1.9802,-170882,45320,111791,30874,-28019,-19634,-2983,500,131433,14390,-619,-380
2025-03-19,20500,21900,20100,21600,3043896,65748153600,4.8544,-954956,661346,293278,122365,3174,-10767,26301,-10500,160638,4444,-4112,2067
2025-03-20,21650,21650,21000,21100,1159838,24472581800,-2.3148,-8042,-101407,108517,-13897,-635,9554,-1370,0,115048,1641,-709,-183
2025-03-21,20700,20900,19620,19880,3336017,66320017960,-5.782,1193217,-800698,-361065,-186076,-100855,-107431,-34019,0,69922,-33894,2440,-2606
2025-03-24,20050,20250,19900,19900,568237,11307916300,0.1006,62676,10695,-74203,-49966,-700,-26907,-18460,0,21830,675,157,0
2025-03-25,20050,20150,19470,19540,881483,17224177820,-1.809,306887,-156433,-136048,-128619,-27048,-2227,-16463,0,38316,-15407,1001,-7
2025-03-26,19540,20100,19540,19990,579581,11585824190,2.303,-192332,125801,58060,5853,850,3433,1945,0,45979,8555,-84,0
2025-03-27,19900,20150,19400,19460,627286,12206985560,-2.6513,105898,-51758,-78400,-43119,-7155,-10875,2357,0,-19609,23367,893,1
2025-03-28,19510,19530,18920,19180,573904,11007478720,-1.4388,44684,49442,-87603,-681,-1399,-19572,-3622,-40000,-22329,-866,-5657,0
2025-03-31,18750,19000,18220,18410,1230521,22653891610,-4.0146,84173,-213248,60483,-27329,-36400,-18473,-17553,0,160238,72052,-3460,0
2025-04-01,18590,20250,18520,19910,1752708,34896416280,8.1477,-394225,377301,106792,-15727,-24810,-40869,-1885,0,190343,-87028,-2840,-260
2025-04-02,19920,19920,19250,19570,709470,13884327900,-1.7077,20315,-133803,103851,13043,-20462,-1334,-21255,0,134453,9573,64,-594
2025-04-03,19010,19940,18900,19930,936023,18654938390,1.8396,3771,-56984,43665,-18287,-5403,-2298,-1375,0,72472,10129,-581,-1444
2025-04-04,19850,21150,19600,21000,2019097,42401037000,5.3688,-274044,100675,174586,120959,21233,-10756,-5143,0,48754,574,-1791,-461
2025-04-07,20050,20725,19740,20200,1253746,25325669200,-3.8095,-81218,-282790,364915,38925,17455,177792,6688,0,124056,-1792,885,-1
2025-04-08,20700,20850,19800,19960,1090679,21769952840,-1.1881,156946,-249883,98239,61210,-36436,-40364,2397,0,111742,-6447,1145,-310
2025-04-09,19650,20000,19040,19270,1173122,22606060940,-3.4569,350908,-152881,-245212,-69627,-13048,-54794,2234,0,-109978,46248,937,1
2025-04-10,20350,20400,19860,20200,1234997,24946939400,4.8262,-127410,377885,-283055,7004,64195,-84249,2343,0,-272951,33158,-578,603
2025-04-11,19980,20550,19920,20400,881648,17985619200,0.9901,-291931,306074,13453,31572,-6855,-12539,2649,0,-1374,-27573,-23,0
2025-04-14,20350,20700,19990,20150,838345,16892651750,-1.2255,96654,-69533,13732,-2412,-24183,-6622,-2438,0,49386,-40514,-339,1
2025-04-15,20450,21000,20100,20100,1271028,25547662800,-0.2481,261455,-243067,2473,4576,-22067,4180,-520,0,16304,-13238,-7623,0
2025-04-16,20200,20250,19990,20000,519939,10398780000,-0.4975,78349,-119461,40138,2959,18031,-1662,-851,0,21923,300,674,-262
2025-04-17,20650,22550,20350,22100,6648754,146937463400,10.5,-1207211,606772,436024,-66683,54251,92970,-1252,0,357087,164952,-537,-349
2025-04-18,22100,22350,21700,22250,1480575,32942793750,0.6787,84889,-123263,43791,-10661,15490,49980,2359,0,-12777,-5708,291,-600
2025-04-21,22450,24150,22350,23500,4156516,97678126000,5.618,-390719,135774,253752,82418,-15226,82359,8359,0,84467,435,758,11375
2025-04-22,24100,24300,22950,23650,3112489,73610364850,0.6383,659853,-857490,182596,15891,34488,78675,24382,0,29160,16795,-1754,0
2025-04-23,25050,25350,23900,23950,3292499,78855351050,1.2685,-49454,-377414,356409,24559,154434,63126,5144,0,101298,70556,-97,7848
2025-04-24,23750,27500,23600,27100,9100548,246624850800,13.1524,-609067,-115745,708886,161396,243123,461095,22931,13000,-184591,22734,-6808,-8068
2025-04-25,28500,30850,28200,29800,10812131,322201503800,9.9631,-2350013,1268061,1050968,375602,183426,466323,59245,550,-39026,29902,1082,4848
2025-04-28,30400,30950,29750,30100,3394346,102169814600,1.0067,-451348,463991,124213,-11329,-20523,77492,4284,-50,74338,-130300,-6556,1
2025-04-29,29700,31250,28800,30800,4570254,140763823200,2.3256,-1217992,269394,827995,-22521,66338,528054,-4556,-2883,277031,120416,187,-13468
2025-04-30,30250,30300,29000,29900,2903952,86828164800,-2.9221,2274,324496,-305867,-58134,36101,-204629,-4901,-12900,-59758,-22875,1972,-1646
2025-05-02,29400,30750,28800,30300,2006871,60808191300,1.3378,-304346,171953,117759,16860,39956,73628,1555,0,-14240,17283,-2649,0
2025-05-07,30650,31050,29600,30450,1777918,54137603100,0.495,-19927,169254,-177129,36486,-7720,-120894,8812,0,-93813,27583,219,0
2025-05-08,30400,32450,30150,32200,4500495,144915939000,5.7471,-957121,-254690,1223947,290501,278819,569818,3268,0,83270,-10350,-1786,-1729
2025-05-09,33250,33400,32350,32650,2599658,84878833700,1.3975,-497004,-53469,548348,211436,92518,155060,-3301,0,89589,2657,-532,3046
2025-05-12,33300,34300,31850,32800,3258319,106872863200,0.4594,-132161,-252055,374756,106873,134685,-198592,7741,0,324049,9262,198,0
2025-05-13,32100,34000,31600,33700,3595217,121158812900,2.7439,-666733,228973,383592,51028,44744,-95251,-1255,0,378506,56544,-2376,5820
2025-05-14,35600,38000,35350,37350,7475740,279218889000,10.8309,-962200,498721,406346,231466,276019,-151069,38101,0,5279,46414,10719,6550
2025-05-15,37300,37525,36350,37000,1983646,73394902000,-0.9371,125184,-32299,-99564,40618,14438,-233485,6078,0,78787,20016,-13337,-6000
2025-05-16,37050,39000,36700,38400,3733872,143380684800,3.7838,-381053,141070,222607,136397,39579,-144649,12232,0,179048,17389,-13,0
2025-05-19,40000,40750,38200,39050,3175463,124001830150,1.6927,353328,-203822,-99876,14736,52597,-7623,12291,0,-171876,-48215,-1415,-1
2025-05-20,36600,37100,35200,36400,6349929,231137415600,-6.7862,34050,367923,-399886,-25309,-348805,-175428,-92224,5042,245669,-1992,-95,-8831
2025-05-21,36850,37975,35750,37950,3144646,119339315700,4.2582,-366565,121895,213816,-41465,15279,116652,-24532,0,135244,32130,-1276,12638
2025-05-22,37200,39000,32500,33300,10049870,334660671000,-12.253,1482540,243608,-1649540,-309152,-517278,-302310,-66396,1375,-451787,-79403,2795,-3992
2025-05-23,31450,31800,28650,29500,10794621,318441319500,-11.4114,2165140,179417,-2368560,-587596,-669417,-762571,-91701,-5042,-239110,12124,11879,-13123
2025-05-26,28650,29500,28150,28650,4502345,128992184250,-2.8814,693327,-118758,-596767,-283233,-188900,-62919,-11943,0,-49773,20623,1575,1
2025-05-27,28800,29150,28250,28400,2584090,73388156000,-0.8726,454202,-302117,-150313,-11649,-73488,20564,-3408,0,-82332,-1846,74,0
2025-05-28,28550,28900,28200,28400,2440767,69317782800,0.0,103677,234285,-339160,-180466,-107120,-14645,1841,0,-37576,-2594,3792,-1194
2025-05-29,28900,29800,28750,29300,3653492,107047315600,3.169,282882,-329409,44875,49984,-28958,11444,-363,0,12138,2047,-395,630
2025-05-30,30500,30600,29050,29800,3306038,98519932400,1.7065,949004,-812371,-150080,-85046,19067,-20942,-8856,0,-54277,10188,3259,-26
2025-06-02,30300,30600,29600,29900,1951696,58355710400,0.3356,284617,-191292,-115859,-33353,-5281,-28206,-467,-36,-48516,22545,-11,0
2025-06-04,31750,32350,30150,31600,5043612,159378139200,5.6856,350825,-530475,170485,185419,13207,-12761,16191,0,-31459,15541,-6376,-112
2025-06-05,31250,31350,30650,30950,1910747,59137619650,-2.057,342830,-169803,-155825,-47916,-13156,-119819,-5350,0,31705,-19742,2540,-1289
2025-06-09,31150,31250,30050,31050,2149005,66726605250,0.3231,-122981,360951,-217115,5480,-63758,-102841,-10811,0,-45043,-22635,1780,-142
2025-06-10,31050,31500,30650,31100,1860024,57846746400,0.161,17040,3954,-28832,-32475,-65765,-6388,-11557,-882,88235,8027,-189,0
2025-06-11,33100,38300,32250,38250,18875134,721973875500,22.9904,-1590317,997884,480486,-52269,91053,205250,-2917,5554,227695,82386,29561,6120
2025-06-12,37250,37400,36100,36300,5110346,185505559800,-5.098,1055159,-518970,-577040,-59372,-42946,-46402,-38215,0,-390312,41771,-920,207
2025-06-13,37450,37450,35050,35400,3617903,128073766200,-2.4793,203254,-203495,-21810,22764,7273,-12073,-5083,0,-34691,22032,19,0
2025-06-16,36150,36500,35300,36450,2571851,93743968950,2.9661,378833,-215725,-167928,-63122,-9611,-18972,-2698,0,-73499,3142,1678,-26
2025-06-17,34450,34850,32500,33150,7323408,242770975200,-9.0535,2898990,-1071296,-1888438,-401921,-316075,-453913,-46899,-5556,-661341,51073,9671,-2733
2025-06-18,30950,32400,30650,32050,3799935,121787916750,-3.3183,250102,98301,-348045,-146501,-132482,-62914,-13280,-246,7562,4574,-4932,-184
2025-06-19,32950,33000,31500,32000,1964663,62869216000,-0.156,403973,-229251,-182710,-79032,-2902,-56106,-10702,0,-36777,4280,3708,2809
2025-06-20,31300,32750,31300,32150,1929082,62019986300,0.4688,81271,28081,-112095,-70442,-33423,-2562,-10932,-587,7101,387,2356,-1250
2025-06-23,31650,32400,31050,31750,1919308,60938029000,-1.2442,94214,148366,-155226,-68445,-10859,-11189,-9202,0,-48937,-87046,-308,-6594
2025-06-24,32400,33400,32100,32300,2982209,96325350700,1.7323,81335,43439,-80034,-55265,-13302,6326,-12850,0,-4005,-43202,-1538,-938
2025-06-25,33900,34700,32500,32600,4148235,135232461000,0.9288,-14939,8533,24715,24344,-7854,24256,-2618,40,-13451,-13728,-4581,-2
2025-06-26,33000,33050,31550,32300,1564017,50517749100,-0.9202,-135735,93034,48162,7173,13519,16586,262,0,10621,-5342,-119,1
2025-06-27,33050,34350,32650,32950,4105793,135285879350,2.0124,-86397,-93281,181108,-30744,21311,96000,4199,0,90342,207,-1637,0
2025-06-30,31800,32525,31450,31600,1743417,55091977200,-4.0971,252051,-181086,-74396,-52499,-26711,-11339,2934,0,13219,2775,656,0
2025-07-01,33150,34650,32950,33400,7090674,236828511600,5.6962,-1180426,556005,617648,3052,69819,300029,12457,0,231468,4359,2414,823
2025-07-02,34650,35650,33600,35450,7431273,263438627850,6.1377,-1181605,33868,1058561,68944,216839,683893,60810,0,26119,94990,-5814,1956
2025-07-03,35100,37300,34400,36300,8239831,299105865300,2.3977,-1166580,45177,1136020,176534,371454,605102,30605,0,-47674,-2834,-11783,-1
2025-07-04,37000,37350,36150,36450,4204743,153262882350,0.4132,-687832,-211896,902076,297488,193950,390956,29408,0,-11078,582,-2930,1352
2025-07-07,35150,36900,35050,35900,2390544,85820529600,-1.5089,-290649,14352,256570,9991,62458,183881,18102,0,-18336,19543,184,474
2025-07-08,35800,36050,34000,35300,2838151,100186730300,-1.6713,221604,-86166,-102822,132098,-124836,-97598,-6352,0,-6154,-30937,-1679,20
2025-07-09,34200,34250,32100,33350,3656097,121930834950,-5.5241,1219972,-535783,-714032,-43966,-166917,-446735,-34271,0,-20381,26279,3564,-1762
2025-07-10,33700,34700,33350,34700,2601713,90279441100,4.048,-956971,340120,611543,69202,68569,37398,-14853,20000,431066,5210,98,161
2025-07-11,35850,37850,35000,35400,8904015,315202131000,2.0173,-73597,636862,-572018,168777,49471,-889832,259,0,99169,17367,-8614,138
2025-07-14,36200,36200,34550,34800,1981353,68951084400,-1.6949,347749,-165302,-170704,26278,-87729,-88104,-1149,0,-20000,-2686,-9057,0
2025-07-15,35000,36350,34450,36200,2540612,91970154400,4.023,-878267,563522,289880,149940,70082,16722,3672,0,49464,22752,2113,0
2025-07-16,36600,36750,35500,35500,1689779,59987154500,-1.9337,474968,-444112,-18131,2920,11432,6750,-1825,0,-37407,-15086,2361,-1
2025-07-17,35600,35650,34800,35200,941406,33137491200,-0.8451,60405,-71676,7519,15571,4158,12420,1203,0,-25834,3448,304,1
2025-07-18,35600,36650,35300,35300,2404216,84868824800,0.2841,-83350,-22451,109868,35269,14159,77989,1163,0,-18712,-3590,-477,0
2025-07-21,35850,39900,35800,37900,13259806,502546647400,7.3654,-2508809,2135294,293126,115723,59665,-95662,3317,-16094,226198,89685,-9296,-21
2025-07-22,38050,38750,37050,37450,3118811,116799471950,-1.1873,310298,-286769,-32003,119564,-3760,-157604,7978,3714,-1910,9087,-613,15
2025-07-23,38800,38850,36650,37800,3271744,123671923200,0.9346,485444,-517143,23920,-29044,21750,20191,6849,1574,2595,4548,3231,5
2025-07-24,37300,38100,37000,37900,2119348,80323289200,0.2646,243771,-160859,-94044,-37079,-7795,-34980,422,0,-14601,13199,-2067,-11
2025-07-25,37600,39250,37050,39000,3428717,133719963000,2.9024,-928624,468370,438300,138218,58783,130637,8845,0,101872,20977,977,-55
2025-07-28,38650,38650,37650,38100,1836195,69959029500,-2.3077,520731,-427866,-112954,-70072,14418,-38877,754,0,-19178,19839,250,1
2025-07-29,38100,38150,36650,38100,3029806,115435608600,0.0,162834,188507,-322185,-2633,-30891,-218762,7407,0,-73709,-25793,-3363,-3597
2025-07-30,37700,37700,31950,32350,14521991,469786408850,-15.0919,7084625,-3658586,-3546066,-840163,-537171,-393415,-152568,-5559,-1615959,113944,6083,-1231
2025-07-31,32650,32800,30350,30700,5953270,182765389000,-5.1005,2273811,-972844,-1363069,-563492,-421004,-88614,-117370,-1302,-169876,58130,3972,-1411
2025-08-01,30800,31150,29750,29900,2794625,83559287500,-2.6059,195730,-416568,228715,-30065,-82807,12998,3666,0,324922,-9818,1941,1
2025-08-04,29500,30250,29450,30050,1848500,55547425000,0.5017,326669,-230638,-104020,-6879,-38955,-180190,-12019,0,134197,7876,113,-174
2025-08-05,30300,30750,29950,30150,1448432,43670224800,0.3328,373650,-125250,-257789,-181860,-44451,-27088,-34076,0,29685,7152,2237,1
2025-08-06,29800,30650,29800,30600,1434901,43907970600,1.4925,50918,-59599,-2462,6479,-13567,-129700,-11677,0,146003,11317,-174,0
2025-08-07,30350,30400,30000,30200,1363395,41174529000,-1.3072,316724,-287972,-43480,21044,-17641,-188141,-7851,0,149834,14118,610,-725
2025-08-08,30300,30750,30000,30400,1027014,31221225600,0.6623,-149318,106290,40127,-16823,8589,-12903,-2090,0,63354,3556,-655,0
2025-08-11,30000,30000,28700,29000,2240484,64974036000,-4.6053,486848,-275490,-196379,-156576,-43854,-39926,-4687,0,48663,-17420,2441,1
2025-08-12,28550,29500,28500,28750,1456226,41866497500,-0.8621,-121515,336095,-232613,-139216,-35982,-100719,-973,0,44277,17012,1021,0
2025-08-13,29050,29100,28500,29000,813322,23586338000,0.8696,-12791,95700,-76748,-83684,-14874,283,-2466,0,23992,-6171,10,1
2025-08-14,30350,30450,29400,30000,2071046,62131380000,3.4483,98770,-352495,254035,-43369,50669,150915,43510,0,52314,-2906,2596,-4
2025-08-18,31150,31600,30250,30400,2442427,74249780800,1.3333,-116172,-171893,303208,83073,59002,130551,-5719,0,36301,-15530,387,0
2025-08-19,31100,31450,30550,30650,2303871,70613646150,0.8224,-342390,-334922,669622,44400,8308,615617,2411,0,-1114,7718,-28,0
2025-08-20,29850,30400,29600,29850,1232387,36786751950,-2.6101,61913,-137972,71827,-63610,470,83392,-367,0,51941,520,3712,1
2025-08-21,29150,30200,28500,29550,1618664,47831521200,-1.005,-260946,98421,165147,-49377,1998,193447,-277,0,19356,1869,-4491,0
2025-08-22,29050,29150,28500,28850,1663524,47992667400,-2.3689,428790,-164532,-267615,-17008,-66901,-88456,-11196,0,-84050,4241,-884,-4
2025-08-25,29200,29450,28950,29400,802191,23584415400,1.9064,-245963,128478,119352,-14467,23897,79315,-679,0,31286,1486,-3353,0
2025-08-26,29050,29250,28400,28450,1216016,34595655200,-3.2313,444703,-101081,-346079,-224448,-12700,-73840,-3480,0,-31612,356,2101,1
2025-08-27,28550,28850,28450,28650,691373,19807836450,0.703,-34972,230724,-197397,-57600,-46069,-69763,-7664,0,-16301,1886,-241,0
2025-08-28,28650,28650,28050,28450,781969,22247018050,-0.6981,-63335,213802,-153591,-81708,-78091,-3004,-10034,0,19245,2446,678,1
2025-08-29,28550,28600,28100,28350,582157,16504150950,-0.3515,-36100,95058,-58637,-18908,-30071,-8670,-1917,0,929,-74,-247,0
2025-09-01,27950,28000,27400,27500,626789,17236697500,-2.9982,-42308,112301,-75905,-39783,-1085,-31371,-2301,0,-534,4538,1374,-831
2025-09-02,27550,28300,27450,28250,713406,20153719500,2.7273,-191326,120233,70190,1311,-1233,76167,-2705,0,-3350,846,57,0
2025-09-03,28300,28500,28000,28300,492503,13937834900,0.177,-54434,19078,38166,28074,-4400,20210,-491,0,-5227,-3137,327,0
2025-09-04,28550,28750,28300,28600,414186,11845719600,1.0601,-59812,71280,-12832,-2711,-1614,-864,-2704,0,-4936,1279,85,-3
2025-09-05,28650,29000,28500,28700,583696,16752075200,0.3497,-61142,-51939,112515,-4604,24767,49032,-1489,0,44809,508,58,0
2025-09-08,29150,29450,28900,29150,746041,21747095150,1.5679,-124822,-63172,190833,31044,7192,62435,-579,0,90741,-1181,-1658,0
2025-09-09,29000,29200,28700,28950,547375,15846506250,-0.6861,-140807,-17943,158029,-6054,30140,29416,-1621,0,106150,1105,-384,-2
2025-09-10,29050,29200,28650,28950,653677,18923949150,0.0,43556,-103841,63569,-8074,1742,-33174,-2435,0,105510,-2769,-515,0
2025-09-11,29000,30200,28600,29350,2418437,70981125950,1.3817,720940,-550169,-188426,-104519,-4782,-71786,927,0,-8260,13644,4011,-6
2025-09-12,30650,30650,29500,29750,1542030,45875392500,1.3629,517725,-456300,-66661,-5519,-5716,23597,-2657,0,-76365,5334,-98,-1
2025-09-15,30050,31250,29950,30650,2390455,73267445750,3.0252,-638520,412281,225991,-746,128458,36920,623,2081,58134,2511,-2263,521
2025-09-16,30700,30800,29900,30050,850679,25562903950,-1.9576,246920,-176212,-56516,-12595,-22481,-8884,-468,0,-12088,-15294,1102,0
2025-09-17,30250,30250,29700,29950,448937,13445663150,-0.3328,53714,-12509,-41919,2665,-3311,-16683,-1199,0,-23391,919,-205,0
2025-09-18,29900,30600,29850,30300,742282,22491144600,1.1686,-205179,136078,77459,4296,2234,52289,-2303,832,19903,-7586,-772,208
2025-09-19,30150,30150,29650,29700,637552,18935294400,-1.9802,281958,-220448,-59097,-13224,-6004,-10801,-1019,0,-28050,-2338,-75,1
2025-09-22,29700,30100,29550,29700,481376,14296867200,0.0,-85540,76060,9296,7148,2267,2915,-2167,0,-867,312,-128,0
2025-09-23,30050,30650,29800,29950,989315,29629984250,0.8418,-68068,63493,1102,10603,8961,3551,-903,0,-21104,3079,394,-6
2025-09-24,30050,30100,29200,29400,581066,17083340400,-1.8364,174929,-133462,-46534,-21803,-40181,8430,-588,0,7608,1327,3740,0
2025-09-25,29550,29600,29050,29200,506039,14776338800,-0.6803,94670,-24550,-71619,-30870,-14860,-54838,-2444,-728,32303,1229,270,-182
2025-09-26,28950,29300,28550,28700,601757,17270425900,-1.7123,48303,-11742,-33892,-4313,-4567,-19354,-1358,0,-4301,-883,-1786,1
2025-09-29,28600,28900,28300,28450,422327,12015203150,-0.8711,103913,-31387,-76060,-12683,-12344,-52713,-5486,-1199,8665,2626,908,-300
2025-09-30,28300,28750,28300,28550,337352,9631399600,0.3515,-23206,46730,-24586,-10696,-14993,15190,169,-986,-13024,1028,34,-246
2025-10-01,28450,28650,28200,28300,489094,13841360200,-0.8757,37978,19188,-53790,-20328,-63767,-50541,-2307,0,83157,-2657,-719,-4
2025-10-02,28500,29600,28500,28800,939510,27057888000,1.7668,-145920,110860,23821,-23406,-25182,2302,-2432,0,72539,4614,6625,0
2025-10-10,28750,28800,28000,28200,652418,18398187600,-2.0833,290312,-192986,-93022,700,-7498,-8018,-3949,0,-74254,-552,-3752,-3
2025-10-13,27500,28350,27350,28250,540083,15257344750,0.1773,-65639,119025,-46867,563,566,22894,-567,0,-70323,-6036,-483,0
2025-10-14,28250,28600,27650,27800,776065,21574607000,-1.5929,98991,-20976,-82107,-27608,3332,-15994,-3615,0,-38223,3881,211,1
2025-10-15,28000,29200,27950,29000,876291,25412439000,4.3165,-419309,323875,98940,1807,7262,51055,-264,0,39080,-1246,-2260,0
2025-10-16,29450,29850,29250,29800,1046258,31178488400,2.7586,-373311,234085,146451,318,21580,105597,-2058,0,21014,-6803,-422,0
2025-10-17,29400,30200,29100,29750,1174863,34952174250,-0.1678,-106354,81834,20667,-3699,18463,38655,-1789,0,-30955,5108,-1255,-8
2025-10-20,29750,29750,28900,29350,732091,21486870850,-1.3445,11666,-28291,21428,-25200,-12507,48758,-5783,0,16160,-4713,-90,0
2025-10-21,29400,29850,29000,29800,1217974,36295625200,1.5332,-129115,-19079,119655,-9454,5865,231946,-1290,0,-107412,27461,1078,0
2025-10-22,29700,30150,29350,30150,854243,25755426450,1.1745,-285975,194070,87758,22084,6010,8851,-48,0,50861,3698,449,0
2025-10-23,29850,30650,29650,30300,1273271,38580111300,0.4975,-207541,137403,62870,10942,11581,34407,-269,0,6210,6900,368,-1
2025-10-24,30800,32450,30500,32100,4223926,135588024600,5.9406,-1467369,977190,500596,154817,30669,84679,15583,0,214948,-10139,-278,-100
2025-10-27,33150,33250,31950,32200,1968171,63375106200,0.3115,141525,-191819,53507,-34145,-3685,22170,3258,0,65911,-4670,1457,-2
2025-10-28,32350,32400,31300,32350,1381825,44702038750,0.4658,-99641,117753,-16574,-14688,-8403,-33253,-532,0,40302,-10250,8712,0
2025-10-29,32200,32250,30550,30950,2002452,61975889400,-4.3277,548255,-271802,-267663,-81883,-22427,-58510,-260,0,-104584,-9531,741,1
2025-10-30,30650,31100,30050,30200,1183725,35748495000,-2.4233,-61700,82832,-24326,-8900,-1323,-4583,-3946,0,-5534,4668,-1474,-40
2025-10-31,30200,31250,29800,30600,1272107,38926474200,1.3245,-57537,-151240,214564,-9935,-603,218084,-1349,0,8367,-2758,-3029,0
2025-11-03,31000,34050,30850,33100,6308475,208810522500,8.1699,-2197829,1345027,822369,527684,39165,123216,16538,0,115767,35663,-5230,-1
2025-11-04,34000,34150,32500,33800,3390231,114589807800,2.1148,95159,-316102,221417,217532,7962,70205,-47,0,-74236,1499,-1973,1
2025-11-05,32500,32600,28200,28750,9680325,278309343750,-14.9408,4111531,-2324298,-1784326,47059,-46888,-1091664,-2898,0,-689925,-10117,7210,-10
2025-11-06,29150,29200,27400,27600,2501185,69032706000,-4.0,604467,-289743,-294983,-202749,-56197,-897,-6107,0,-28668,-15854,-3887,-365
2025-11-07,26650,27050,25900,26250,2016643,52936878750,-4.8913,654819,-203953,-450680,-452693,-13841,-4616,-17304,0,38279,-2536,2350,-505
2025-11-10,26450,26650,26100,26550,859217,22812211350,1.1429,127685,19251,-154456,-81581,-18574,-57854,-1499,-8,5059,7699,-179,1
2025-11-11,26900,28200,26900,27750,1675365,46491378750,4.5198,-451561,-1772,423022,39326,-5933,341479,-2388,0,50538,30101,210,0
2025-11-12,28150,28500,27700,28450,913330,25984238500,2.5225,-183684,151100,37048,-52604,-3852,29828,-2493,0,66118,-2709,-1755,51
2025-11-13,28500,29600,28050,29550,1740890,51443299500,3.8664,-522576,66152,471430,-1277,34522,18002,-1794,0,421977,-14457,-549,0
2025-11-14,28550,28750,28200,28250,813587,22983832750,-4.3993,237915,-100067,-141678,-34078,-12331,-47147,78,0,-48063,3193,637,-137
2025-11-17,28550,28600,27700,28050,443425,12438071250,-0.708,99624,-33964,-63164,-16341,-45,-166,-2898,0,-43714,-2614,118,0
2025-11-18,27800,28050,27000,27050,660798,17874585900,-3.5651,64539,-39137,-26736,6354,-11375,22611,876,0,-45203,-454,1788,1
2025-11-19,27350,27450,26350,26900,680486,18305073400,-0.5545,84781,-167706,80514,13580,172,9172,-842,0,58431,2344,67,1
2025-11-20,27550,27900,27350,27550,357445,9847609750,2.4164,-34237,24969,7359,-22668,152,-1493,-886,0,32254,1833,76,0
2025-11-21,26750,27100,26450,26700,414897,11077749900,-3.0853,111813,-75104,-36126,-4212,-651,-1033,428,0,-30543,-739,156,-115
2025-11-24,26950,27150,26300,26450,717071,18966527950,-0.9363,113252,-125303,11671,-25156,-5672,15150,-379,0,27728,149,231,0
2025-11-25,26950,27650,26800,27450,764473,20984783850,3.7807,-230774,86031,148053,84457,-3052,62963,13023,0,-9338,5966,-9276,0
2025-11-26,27650,28450,27350,28250,738859,20872766750,2.9144,-348840,214496,125249,48291,6841,24428,56,0,45633,9062,33,0
2025-11-27,28500,29050,27850,27900,623294,17389902600,-1.2389,-24267,30835,-5967,-14888,-561,-23222,-1936,0,34640,-842,241,0
2025-11-28,27900,28150,27400,27950,533764,14918703800,0.1792,-113010,-17375,132204,-14938,94457,9552,387,0,42746,-489,-1330,0
2025-12-01,28050,28050,27450,27700,492175,13633247500,-0.8945,-3020,-25770,30176,-9575,57322,-549,47,0,-17069,-1706,320,0
2025-12-02,27550,27900,27400,27600,351974,9714482400,-0.361,-15426,28518,-8306,-2114,-4365,-6733,-3338,0,8243,-4595,-191,1
2025-12-03,27700,28100,27600,27950,449457,12562323150,1.2681,-94521,131271,-17193,-52460,13849,-3178,-10447,0,35043,-19364,-193,0
2025-12-04,27950,28000,27550,27800,280297,7792256600,-0.5367,49615,-45098,-4765,-3760,19,-1226,470,0,-268,-159,407,0
2025-12-05,27650,27900,27550,27850,472280,13152998000,0.1799,6023,-10993,3066,-55067,1984,-1152,-612,0,57913,1840,64,0
2025-12-08,27900,27950,27200,27500,747323,20551382500,-1.2567,216917,-202169,-18306,-5155,923,12056,-4592,0,-21538,3220,338,0
2025-12-09,27300,27700,27200,27450,392862,10784061900,-0.1818,-22888,68370,-52837,-55428,3106,-4908,-919,0,5312,7122,233,0
2025-12-10,27550,27850,27200,27200,362904,9870988800,-0.9107,127576,-36888,-89725,-10794,-2389,-75671,-2254,0,1383,-856,-107,0
2025-12-11,27700,27800,27250,27550,831799,22916062450,1.2868,-8271,-111026,116661,-18435,91950,-26386,-2795,0,72326,2835,-199,1
2025-12-12,27700,28200,27450,28150,945666,26620497900,2.1779,-457923,135902,326171,16446,279571,4426,3154,0,22575,-2532,-1618,-1
2025-12-15,27700,28950,27500,27850,1039741,28956786850,-1.0657,27202,-57646,33027,10070,90017,-45230,-4,0,-21827,-1841,-742,1
2025-12-16,27950,28000,26900,27150,677112,18383590800,-2.5135,228572,-170092,-57717,-13965,7307,-2970,-295,0,-47793,-795,32,-1
2025-12-17,27350,27500,27000,27150,446159,12113216850,0.0,59104,-44323,-11975,-925,9,-1679,1753,0,-11133,310,-3116,0
2025-12-18,26950,27000,26250,26550,521853,13855197150,-2.2099,136510,-77035,-59547,-1427,378,1168,2015,0,-61682,481,-409,1
2025-12-19,26750,27350,26700,26900,568114,15282266600,1.3183,-55059,1000,54608,13007,2405,-1505,558,0,40142,54,-603,1
2025-12-22,27250,27500,27150,27450,455667,12508059150,2.0446,-215623,132661,93580,7584,-771,-90,-746,0,87603,-14302,3684,0
2025-12-23,28300,28800,27950,28100,1243140,34932234000,2.3679,-319029,236961,82829,-4510,43976,10309,-248,0,33302,2673,-3434,0
2025-12-24,27950,27950,27500,27550,462402,12739175100,-1.9573,-2120,-20145,25913,-4010,8180,-3069,546,0,24266,-4018,370,0
2025-12-26,27650,27750,26650,26650,791087,21082468550,-3.2668,416077,-326212,-87795,-18190,2494,-43886,559,0,-28774,-3722,1652,2
2025-12-29,26700,27300,26400,26800,519925,13933990000,0.5629,142198,-104862,-36762,2816,10,-10353,-855,0,-28380,772,-1346,0
2025-12-30,26750,26850,26600,26800,328652,8807873600,0.0,-6601,-24716,31954,44394,-1052,-12630,1893,0,-597,-490,-147,-54
2026-01-02,26900,26950,26500,26750,606609,16226790750,-0.1866,146633,-102225,-39690,-23406,611,4522,-1845,0,-19572,-4759,41,0
2026-01-05,27000,27250,26800,27000,753425,20342475000,0.9346,-6394,-2093,15560,-26696,-35839,16950,-1853,-2,63093,-10672,3599,-93
2026-01-06,27150,27750,26900,27550,869301,23949242550,2.037,-226503,190448,37334,-26451,-6474,8765,-1948,0,64699,-160,-1119,-1257
2026-01-07,27300,27400,26450,26800,922564,24724715200,-2.7223,339466,-106262,-238775,-71523,5082,-3416,-3993,0,-164924,5058,513,-1
2026-01-08,26500,26650,25900,26500,1208229,32018068500,-1.1194,432493,-284332,-128434,-128075,-7262,-20653,-7559,0,35115,-18968,-759,0
2026-01-09,26250,26350,25700,26100,1178859,30768219900,-1.5094,463703,-219202,-247931,-130012,-12635,-74216,-17040,0,-14027,503,2927,-1
2026-01-12,26250,27150,26250,26950,1225427,33025257650,3.2567,-429468,402384,28394,-16197,3868,26382,-362,0,14702,-2839,1529,1
2026-01-13,27250,28850,26950,28450,2751268,78273574600,5.5659,-553406,440527,106359,-27163,16271,-4377,-791,0,122421,8911,-2391,-2
2026-01-14,28250,29900,27800,28950,2918997,84504963150,1.7575,-88836,105097,-17908,-10753,-5108,33153,-775,0,-34426,1698,-51,1
2026-01-15,29000,29700,28700,29600,2194748,64964540800,2.2453,-386438,345382,46133,-29499,463,-17314,5784,0,86699,-803,-4274,0
2026-01-16,29800,29850,28350,28650,2490396,71349845400,-3.2095,64337,-27775,-39637,-38809,-3748,-11356,-1217,0,16223,-624,3699,-730
2026-01-19,28500,28500,27850,28100,1144496,32160337600,-1.9197,95997,36072,-116638,-36449,-4171,-16025,-745,0,-59246,-14767,-664,-2
2026-01-20,27900,28400,27400,28100,1009446,28365432600,0.0,-95831,122709,-26859,-25492,-10484,-2089,-1077,0,12283,-36,17,0
2026-01-21,27350,27600,26900,27250,1254898,34195970500,-3.0249,383399,-186615,-203775,-21116,-1222,-77142,-1981,0,-100534,1316,5675,-1780
2026-01-22,27400,28300,27350,28100,1457680,40960808000,3.1193,-584549,495911,90151,2929,-320,-2217,-2275,0,92195,-1459,-54,-161
2026-01-23,28700,30400,28650,29700,3981448,118249005600,5.694,-1259324,650617,615693,35275,157837,122769,76608,0,223205,-2521,-4465,-1
2026-01-26,29850,29900,28750,29000,1499090,43473610000,-2.3569,207340,-31413,-179979,-51461,-6618,-12760,-236,0,-108433,4069,-17,-471
2026-01-27,28500,28750,28000,28250,1321689,37337714250,-2.5862,132757,-19882,-98284,-30352,3726,-3471,-1381,0,-66803,-12312,-2279,-3
2026-01-28,28550,28600,28050,28350,1100262,31192427700,0.354,93278,-44362,-56761,43819,-1135,-4253,-1533,0,-93659,5251,2594,0
2026-01-29,28450,29050,27700,28850,1833712,52902591200,1.7637,-223051,241291,-8313,99833,-139749,6551,10667,0,14387,-9888,-39,-2
2026-01-30,28600,28650,27600,27650,2168574,59961071100,-4.1594,1234134,-773526,-472730,31957,-70740,-214250,-64712,0,-154985,10741,1381,0
2026-02-02,27600,27600,26350,26500,1377959,36515913500,-4.1591,711211,-474462,-238187,-34530,-4221,-12058,474,0,-187853,2034,-596,1
2026-02-03,26950,28150,26900,28050,1041476,29213401800,5.8491,-387212,340197,44640,5662,-907,-885,-387,0,41158,3942,-1567,-1
2026-02-04,28100,36450,28050,36450,31440854,1146019128300,29.9465,-2696017,1102558,1400973,337047,578706,33011,170740,0,302548,192747,-261,-21079
2026-02-05,38950,39400,33550,36400,32922155,1198366442000,-0.1372,-352013,237973,55087,175459,226595,71561,-37859,0,-377695,47065,11888,-2974
2026-02-06,35500,45400,35400,42000,53082158,2229450636000,15.3846,-2804235,1519430,1364458,197705,531959,155987,66577,0,410930,-63108,-16545,1300
2026-02-09,41900,49650,41750,47700,35966171,1715586356700,13.5714,-3022162,2030110,1029612,192322,362706,385420,52148,2178,34162,9137,-46697,676
2026-02-10,47800,48900,44500,46600,13459460,627210836000,-2.3061,-452872,408241,76151,-58936,-26006,2740,-93837,0,252191,-30351,-1169,-1
2026-02-11,46050,49250,45950,48000,14317365,687233520000,3.0043,-1523537,1093612,488332,138201,44866,35723,10826,0,258715,-47185,-11222,1
2026-02-12,47800,48200,45400,47550,6903775,328274501250,-0.9375,-324853,198012,173701,23490,36604,103706,-8976,602,18275,-44977,-1883,0
2026-02-13,46400,47900,45250,45900,4883713,224162426700,-3.47,-40700,503154,-462632,-103479,-71256,-72719,3399,-579,-217998,-192,370,0
2026-02-19,46550,59300,46550,58500,18412176,1077112296000,27.451,-1622264,1496680,162061,79139,38459,-37436,28545,358,54899,-17749,-18728,-1903
2026-02-20,56500,56900,52500,53000,7659000,405927000000,-9.4017,1738109,-830630,-836615,-39330,-256878,-202199,-10573,0,-326255,-75833,4969,-1380
2026-02-23,54800,54900,50700,51200,4945295,253199104000,-3.3962,688915,-92622,-608156,-50840,-139659,-67614,12055,132,-352231,12185,-322,-9999
2026-02-24,52700,52700,49625,50900,4004474,203827726600,-0.5859,382099,36768,-380929,-50942,-98683,-141770,-7625,0,-84845,-38294,356,2936
2026-02-25,51300,53000,49800,51600,4220990,217803084000,1.3752,115102,-228475,81117,40740,-50734,87905,-1364,-1058,10258,32455,-199,-4630
2026-02-26,51100,51500,50000,51100,2511043,128314297300,-0.969,53975,227269,-289576,-92095,-30214,-156217,-16075,0,5026,5833,2499,-1
2026-02-27,53100,54900,50700,53000,7288630,386297390000,3.7182,223849,-209155,-16773,-43495,57833,64423,6154,1400,-103047,-2817,4896,-41
2026-03-03,51000,53700,48000,48350,5043606,243858350100,-8.7736,-174954,177956,-25579,49205,-26165,-49058,2768,838,-3444,21501,1076,277
2026-03-04,44450,46900,39300,39950,6007933,240016923350,-17.3733,-1128955,1419045,-284480,-75863,-121451,-148926,1916,0,61040,687,-6297,-1196
2026-03-05,43800,45550,42950,44400,3402565,151073886000,11.1389,-107332,22669,59651,28433,-17620,-36258,6532,593,77973,22895,2117,-2
2026-03-06,46750,54700,46050,51800,17980003,931364155400,16.6667,1123840,-1017098,-37194,85803,43274,84552,9670,122,-260843,-61442,-8106,228
2026-03-09,50900,52400,48600,50500,4987491,251868295500,-2.5097,174310,-525580,341978,128794,84762,89258,11203,1251,26506,8465,827,204
2026-03-10,51400,51700,49250,50500,3389184,171153792000,0.0,-98454,-141799,227369,214485,-579,25667,434,0,-12639,13159,-275,1
2026-03-11,50700,54000,50500,51400,5094847,261875135800,1.7822,-915112,615048,303034,7636,37748,8650,49179,0,199331,-4788,1818,490
2026-03-12,50600,53600,50400,53000,6304555,334141415000,3.1128,-504556,-66801,567854,95566,72243,-54505,8710,0,445839,-1122,4625,1
2026-03-13,51200,51200,48600,48700,3580509,174370788300,-8.1132,906062,-575107,-336378,69703,-100846,-146449,3449,0,-162237,3270,2153,2
2026-03-16,48300,48950,45250,46050,3345092,154041486600,-5.4415,363074,154156,-509668,-15584,-131823,-55813,-43505,0,-262186,-10320,2758,-757
2026-03-17,46650,52300,46400,49450,8084402,399773678900,7.3833,-989924,659691,311171,71960,49736,-16706,1567,-164,204779,10869,8193,-1
2026-03-18,50900,51400,49700,50800,2912289,147944281200,2.73,-574057,107501,484116,151824,-5817,63391,4908,0,269809,-9127,-8433,1
2026-03-19,51100,51300,49550,49750,2024335,100710666250,-2.0669,271567,-368078,95065,-14932,45613,27069,1948,836,34531,-2262,3708,0
2026-03-20,52900,56800,51300,51700,14424069,745724367300,3.9196,-769271,374120,439983,153067,114989,52545,72549,20000,25341,-17395,-27437,1492
2026-03-23,53000,53100,46500,46500,4901673,227927794500,-10.058,1399926,-860357,-537572,47723,-17120,-123419,7166,-10000,-441923,-5332,3335,1
2026-03-24,48350,48400,43450,45000,3567974,160558830000,-3.2258,273021,7720,-321379,-18172,-92408,-109714,-8444,-9076,-83566,40059,579,1
2026-03-25,45750,46600,44650,45000,1949485,87726825000,0.0,317676,-207584,-107170,-44619,-43013,-49410,-5207,1116,34141,-7066,4144,-178
2026-03-26,45350,46450,35450,36800,10598663,390030798400,-18.2222,203630,1102640,-1102574,-496347,-557511,-203787,-134148,-5547,297295,-182241,-21455,-2529
2026-03-27,34850,35650,33600,35650,5559359,198191148350,-3.125,368862,31772,-420888,-280112,-153411,106349,-53615,-1329,-38771,19937,317,1
2026-03-30,34000,36850,33650,36600,6364860,232953876000,2.6648,316986,-289327,-40880,-136470,-17804,90877,-744,0,23260,22325,-9104,1
2026-03-31,36350,39450,34750,37150,7126070,264733500500,1.5027,-756292,-313263,1060437,292904,368470,92756,26135,0,280171,3487,5631,1
2026-04-01,38150,38400,35700,37550,3965005,148885937750,1.0767,-78366,-122230,206178,34717,30225,-59948,-15696,0,216880,1062,-6644,0
2026-04-02,37600,37950,35000,35600,3508052,124886651200,-5.1931,67866,-24912,-36806,23072,-110408,2714,-2017,0,49833,-8180,2032,0
2026-04-03,36050,41600,36000,39050,10292583,401925366150,9.691,-1296543,1267675,61803,-167992,26874,-5205,14051,0,182788,-31357,-1578,11287
2026-04-06,39700,39900,37250,38150,3012859,114940570850,-2.3047,301325,-403085,61763,53644,-48346,3674,4645,0,46851,37595,2402,1295
2026-04-07,38300,39200,37050,37150,1846968,68614861200,-2.6212,12814,97048,-121153,-97036,9142,-37738,-6189,0,10667,8764,2527,1
2026-04-08,38200,40650,37450,40300,3960120,159592836000,8.4791,-1440101,810868,611683,303495,-2969,-4055,23571,-1295,292936,28347,-10797,0
2026-04-09,39600,40500,39050,40050,1936277,77547893850,-0.6203,-61530,-23970,107591,-71395,175537,53437,32848,0,-83189,-13144,-8947,353
2026-04-10,41850,41900,40150,40950,2502151,102463083450,2.2472,-20527,162284,-144817,40437,19480,-3000,-190,0,-201542,3147,-87,-2
2026-04-13,40350,40550,39200,39450,1318358,52009223100,-3.663,162560,-110543,-57203,-43588,780,-4963,-1000,0,-8632,7009,-1823,200
2026-04-14,39950,43850,38800,42150,5548993,233890054950,6.8441,-731478,302319,426689,58324,36511,81638,5588,0,244628,8305,-5835,0
2026-04-15,42600,43400,42000,42400,2152026,91245902400,0.5931,-171116,-173172,334472,168056,29616,3069,23457,1174,109090,7588,2228,10
2026-04-16,45000,45400,43500,44300,3027233,134106421900,4.4811,239986,-120456,29723,-6893,31731,6975,-1956,0,-134,-151474,2221,0
2026-04-17,44200,45900,43700,44050,4798840,211388902000,-0.5643,-84910,91879,-4472,-70577,1513,1292,-2145,0,65445,-850,-1647,0
2026-04-20,43550,44450,41650,43000,2509801,107921443000,-2.3837,60511,-214739,151770,-74964,-11082,94574,-17276,0,160518,2423,35,0
2026-04-21,43650,45900,43000,45450,3871235,175947630750,5.6977,-878854,-5519,846417,48510,86623,300200,68891,0,341336,43946,-5990,857
2026-04-22,45050,48150,44800,47550,3574064,169946743200,4.6205,-651412,44929,563785,198516,64303,64272,31250,0,205120,44995,-2297,324
2026-04-23,48650,48650,44500,46800,2722664,127420675200,-1.5773,451946,-483220,43043,-78197,19009,60347,-2055,0,43562,11349,-23118,377
2026-04-24,46800,49850,46700,49350,4857070,239696404500,5.4487,-959402,379074,572315,270587,167419,67418,-26573,10477,83292,12284,-4271,-305
2026-04-27,51000,51600,48200,50200,3998275,200713405000,1.7224,357630,-797242,461419,16483,34764,286287,2259,-776,122402,-18715,-3092,0
2026-04-28,51500,54900,47550,49400,15020313,742003462200,-1.5936,-452059,-1338945,1831021,96859,726981,1254239,87476,1020,-335689,-37889,-2128,135
2026-04-29,50900,51000,46000,47950,6543268,313749700600,-2.9352,646391,31548,-596399,-31178,-259193,-79677,-8763,-1274,-216515,-82631,1091,201
2026-04-30,48950,55400,48950,50700,11898592,603258614400,5.7351,-1440385,2132863,-738627,233906,-3371,-975471,27927,472,-22693,29173,16976,603
2026-05-04,51200,51600,48200,49900,3652895,182279460500,-1.5779,252522,-30589,-183570,36276,-4929,-219068,-4015,0,8169,-34288,-4075,-3
2026-05-06,49350,49450,47650,48100,3084544,148366566400,-3.6072,521467,233025,-766563,-82643,-280186,-389707,-10830,0,-3197,14372,-2301,0
2026-05-07,47350,48300,46700,47400,1913699,90709332600,-1.4553,-152440,315002,-161386,-13819,-39086,-96642,-2126,9418,-19131,-3995,2819,0
2026-05-08,47800,48850,46400,47300,1695693,80206278900,-0.211,106335,131655,-238564,50194,-21898,-192201,-3643,0,-71014,1246,-672,-2
2026-05-11,47300,47550,44950,45500,2300920,104691860000,-3.8055,479864,-118091,-382934,26414,-49848,-198505,-15631,-40,-145324,14944,6217,0
2026-05-12,44950,46850,41850,43000,3512946,151056678000,-5.4945,44337,364057,-426386,-103847,-197767,-16324,-58469,-20000,-29980,9529,8463,1
2026-05-13,44700,45050,42050,43150,1963559,84727570850,0.3488,336058,-193146,-154268,-84545,25799,-9040,12737,0,-99220,2036,9320,1
2026-05-14,43400,48350,43400,47800,5682380,271617764000,10.7764,-1591612,1260424,343578,-7384,-6662,1759,-3013,0,358879,-8408,-3982,-1
2026-05-15,46850,46900,40000,40600,4540404,184340402400,-15.0628,1865776,-1516290,-351539,85108,39889,-24312,-29613,-765,-434131,19632,-17579,12285
2026-05-18,39950,43600,38550,43350,2735039,118563940650,6.7734,-587870,15710,499748,-29035,73476,217500,6835,0,232831,41537,30875,-1859
2026-05-19,42550,44800,40500,41300,1632173,67408744900,-4.729,-113090,-190731,336287,5676,6941,134367,-1368,0,190671,-2232,-30234,0
2026-05-20,40450,41000,39200,39950,1115789,44575770550,-3.2688,65433,-67822,-625,5144,-12642,52800,-16624,0,-29303,3116,-102,0
2026-05-21,41000,41400,40250,40600,1114362,45243097200,1.627,256822,-58160,-214533,-142288,-36601,-59174,-2516,0,26464,-164,16035,-418
2026-05-22,42150,44750,42150,42700,2321633,99133729100,5.1724,-487952,170161,230392,36023,30777,16172,3001,0,144419,-6509,93908,0
2026-05-26,43600,45900,42350,44450,2062286,91668612700,4.0984,-612400,316730,325307,29120,5368,75847,17,0,215959,-13427,-16210,-1004
2026-05-27,43750,44100,42000,42350,1687640,71471554000,-4.7244,-16307,87651,-30881,67465,-56819,-86940,-7534,0,53732,8988,-49451,-785
2026-05-28,42650,42900,38950,40700,1815166,73877256200,-3.8961,230400,-120262,-86176,-4322,-68054,-1527,-4180,0,-7713,1241,-25203,-380
2026-05-29,41350,42500,40000,41850,2014605,84311219250,2.8256,-176189,357755,-196180,-602,-71383,139417,-11981,0,-251627,12452,2162,-4
2026-06-01,41050,42550,39300,40600,1931201,78406760600,-2.9869,-304100,247609,51035,-36127,-163759,278300,-12950,0,-12677,5553,-97,-1752
2026-06-02,39500,41800,38950,40800,1938200,79078560000,0.4926,-274812,63652,192058,-41465,-3519,292812,-790,0,-54587,12743,6359,-393
2026-06-04,40200,41400,39250,39900,1342868,53580433200,-2.2059,-8833,95916,-51823,-16933,-88102,112109,-23273,0,-35624,-29872,-5388,0
2026-06-05,39300,39600,37050,38400,997824,38316441600,-3.7594,-18516,-115564,137322,-9766,8842,249086,-91,0,-110749,2159,-5401,0
2026-06-08,35300,37000,34500,34750,1096168,38091838000,-9.5052,181713,145012,-317308,-56779,-741,-6335,-5510,0,-247808,3478,-12895,-135
2026-06-09,35100,36800,34550,35550,1071929,38107075950,2.3022,39793,98669,-146440,6766,-29396,-11342,-19798,0,-92670,-817,8795,0
2026-06-10,38900,39300,35300,36600,2868224,104976998400,2.9536,916524,-696813,-226375,54364,-40710,-32296,-4831,0,-204530,15481,-8817,1628
2026-06-11,37200,37250,34600,36950,1875806,69311031700,0.9563,88147,-83680,-14251,-4978,42690,5589,-8989,0,-48557,7889,1895,-6
2026-06-12,38000,38800,36750,37000,2152641,79647717000,0.1353,166926,-343342,151827,-115457,31169,-8201,-8118,0,253105,20502,4087,-671
2026-06-15,36750,40450,36700,38700,2204978,85332648600,10.8883,-571231,330183,145141,99239,137353,-642,-4006,0,-86294,17190,78717,-509
2026-06-16,39250,43850,37650,42200,3425970,144575934000,9.0439,-336464,187729,178540,105728,154999,5419,3217,0,-90823,-4639,-25166,0
2026-06-17,42200,42950,40700,41300,1800432,74357841600,-2.1327,-288606,-107446,396109,-16664,359911,86829,10039,0,-44007,1143,-1200,1
2026-06-18,40700,40700,37800,38100,1544766,58855584600,-7.7482,583890,-202013,-335582,-62560,-79379,-61185,-1250,0,-132056,-848,-45447,848
2026-06-19,38500,38950,36150,38050,1640691,62428292550,-0.1312,77572,235913,-316263,-54394,-6222,-24683,-9254,0,-221710,383,2395,0
2026-06-22,38450,39200,37600,37850,928021,35125594850,-0.5256,293469,-175551,-114232,-279,7739,4091,-5708,0,-120075,2674,-6360,0
2026-06-23,38200,38750,33800,34050,1440620,49053111000,-10.0396,363615,-15587,-351876,-207169,-35576,59038,-12302,0,-155967,1530,2318,100
2026-06-24,33800,34800,33000,33600,881966,29634057600,-1.3216,84238,43679,-137357,-132,-41631,-5153,-318,0,-90123,857,8583,0
2026-06-25,34250,35400,33000,33100,999299,33076796900,-1.4881,216817,-52121,-163529,-64324,-14718,11620,-10698,0,-85409,143,-1310,0
2026-06-26,33250,33750,29300,30650,1453745,44557284250,-7.4018,78226,4723,-98461,-85728,-6550,15024,-290,0,-20915,3459,12053,-2
2026-06-29,31350,35500,31350,35300,1733242,61183442600,15.1713,-170628,223648,-39922,27049,-29887,-204409,-227,0,167552,-812,-12286,0
2026-06-30,34950,35250,33750,33950,1031387,35015588650,-3.8244,277473,-179125,-103966,-51015,-12157,4517,-851,0,-44459,5050,568,-1
2026-07-01,35700,37950,35000,36100,3283411,118531137100,6.3328,195527,-154931,-75805,19446,-35794,-55579,-2446,0,-1131,27536,7673,-301
2026-07-02,36300,37350,32850,34900,2902568,101299623200,-3.3241,511901,-609040,120221,-3170,-40914,45967,-10241,0,128579,-23101,19,0
2026-07-03,35550,35550,32350,32700,2343011,76616459700,-6.3037,744426,-653134,-74369,-2524,-7405,-337,-11088,0,-53015,6594,-23517,0
