date,open,high,low,close,volume,trading_value,change_rate,individual_net,foreign_net,institution_net,pension_net,trust_net,privateequity_net,insurance_net,bank_net,financial_net,other_corp_net,other_foreign_net,other_finance_net
2016-05-25,18016,18245,17862,17979,306490,5510383710,1.5189,-68650,35846,33296,-5546,-1896,698,32,0,40008,15,-507,0
2016-05-26,17977,18283,17862,18131,243366,4412468946,0.8454,-18617,15767,4952,185,-1042,2995,118,0,2696,-1998,-104,0
2016-05-27,18245,18245,17786,18055,260592,4704988560,-0.4192,8268,38095,-46359,-50332,1116,411,-443,0,4797,-1,-3,-1908
2016-05-30,18054,18130,17748,18016,357469,6440161504,-0.216,-3088,68160,-64911,-60881,-3614,-536,-8209,0,8329,-131,-30,0
2016-05-31,17940,19010,17901,18552,913296,16943467392,2.9751,-113986,102520,14825,-14947,36702,21258,-20476,0,-7712,-3089,-270,0
2016-06-01,18665,18665,17710,17749,1059433,18803876317,-4.3284,298194,-150382,-132372,-6537,-14537,-39069,-28694,0,-43535,3764,-19204,0
2016-06-02,17174,17212,16179,16295,13473525,219551089875,-8.192,1489898,4873906,968356,9724,13164,152552,487319,5000,300597,-7336965,4805,0
2016-06-03,16676,16906,16524,16639,1976404,32885386156,2.1111,236437,-195543,-67319,-5031,-33472,-79136,2522,-4000,51798,29920,-3495,0
2016-06-07,16791,16791,16524,16639,1206475,20074537525,0.0,209057,-5141,-241361,-83314,-52035,-21994,-35517,0,-48501,37007,438,0
2016-06-08,16676,16906,16600,16755,2136373,35794929615,0.6972,35001,-136054,104763,45611,16924,245,47529,-1000,-4546,-3710,0,0
2016-06-09,16868,17442,16715,16945,1792800,30378996000,1.134,-55132,-194942,260924,-5220,-4117,59137,48222,0,162902,-10354,-496,0
2016-06-10,17058,17136,16868,16869,920052,15520357188,-0.4485,123983,-164205,40164,-7884,-7843,276,58144,0,-9529,58,0,7000
2016-06-13,16752,16791,16371,16449,771304,12687179496,-2.4898,37140,-33646,-2213,-7349,-1353,7637,18586,0,-22734,-1321,40,3000
2016-06-14,16333,16600,15873,15875,1314853,20873291375,-3.4896,309260,-60175,-253395,10655,-109730,-23156,-10630,0,-123144,2837,1473,2610
2016-06-15,15682,15988,15337,15683,933612,14641836996,-1.2094,-92510,29240,63497,-17251,14072,478,4673,0,52935,626,-853,8590
2016-06-16,15835,16179,15643,15760,631623,9954378480,0.491,-102714,88336,14928,11036,16977,2652,9437,0,-16974,-499,-51,-8200
2016-06-17,15835,16333,15759,15913,576627,9175865451,0.9708,-17022,-32631,49602,6465,7175,105,22327,0,18790,1,50,-5260
2016-06-20,16103,16255,15873,15875,454466,7214647750,-0.2388,83710,-117507,32267,26062,2782,2715,738,0,7860,0,1530,-7890
2016-06-21,16027,16141,15797,16066,697895,11212381070,1.2031,-8788,-44041,59722,16904,23204,9263,1979,0,8372,13219,-20112,0
2016-06-22,16027,16524,16027,16525,553911,9153379275,2.857,-161484,78458,104571,53079,16866,700,26,5000,28900,1836,-23381,0
2016-06-23,16447,16485,16141,16410,449045,7368828450,-0.6959,-9526,-102518,127289,75074,24663,-3606,4325,0,26833,2339,-17584,0
2016-06-24,16830,17058,15414,15492,2651130,41071305960,-5.5941,219154,-289322,82785,16541,136520,56522,-116665,10100,-19633,9642,-22259,-600
2016-06-27,15031,15567,14803,15263,1155668,17638960684,-1.4782,92463,9839,-103128,6327,-10763,-78597,-30087,-15000,24992,1314,-488,0
2016-06-28,15261,16141,15184,15952,921026,14692206752,4.5142,-159515,63432,96841,14821,13386,6167,37027,0,25440,-898,140,0
2016-06-29,16255,16600,15988,16295,627356,10222766020,2.1502,-75688,-63608,130587,70390,32294,2891,39023,0,-14011,9163,-454,0
2016-06-30,16447,16600,16141,16219,440961,7151946459,-0.4664,60762,-49568,-10830,1743,14546,543,1362,0,-29024,-64,-300,0
2016-07-01,16255,16485,16255,16372,315231,5160961932,0.9433,-32297,-8512,41175,5066,-860,910,4694,10000,21365,-474,108,0
2016-07-04,16524,17136,16371,16985,797555,13546471675,3.7442,-102863,52248,44040,11130,32435,20068,-46797,16000,11204,4335,2240,0
2016-07-05,17136,17250,16600,16716,760118,12706132488,-1.5838,102710,-103463,716,38575,22219,-27449,4471,0,-37100,418,-381,0
2016-07-06,16600,16945,16179,16372,702002,11493176744,-2.0579,38673,-56258,11806,-20275,40119,918,13086,0,-22042,5408,371,0
2016-07-07,16639,17098,16524,16907,642556,10863694292,3.2678,-119697,-8506,117122,35769,36563,3668,2166,0,38956,7764,3317,0
2016-07-08,16868,16906,16447,16525,445682,7364895050,-2.2594,92183,-116627,28458,13924,22463,1791,-4193,0,-5527,-3932,-82,0
2016-07-11,16752,17824,16639,17749,1420556,25213448444,7.407,-439615,235400,209355,28102,88154,5429,38423,7500,41747,-4682,-458,0
2016-07-12,17977,18589,17786,18284,1643947,30057926948,3.0143,-73359,-204236,285909,147131,108571,42347,12839,5000,-29979,-7135,-1179,0
2016-07-13,18627,18743,18092,18552,890491,16520389032,1.4658,-160682,35820,135085,132307,19494,13184,-32597,0,2697,-10633,410,0
2016-07-14,18397,18551,18054,18131,756330,13713019230,-2.2693,149586,-154017,1632,8342,-33572,12025,4462,-2500,12875,2327,472,0
2016-07-15,18321,18704,18207,18361,745790,13693450190,1.2685,-36761,-37692,70979,-24722,20664,50192,28834,-6000,2011,4056,-582,0
2016-07-18,18589,19201,18513,19088,1246234,23788114592,3.9595,-246391,2282,247105,93937,47828,42649,12591,0,52250,-2898,-98,-2150
2016-07-19,18895,18895,18321,18667,1183830,22098554610,-2.2056,-20661,13332,5397,65018,-82874,22269,18951,-1000,-16967,5367,-3435,0
2016-07-20,18589,19125,18513,19049,708392,13494159208,2.0464,-211265,3175,200308,130319,37873,2363,13657,0,16096,11373,-3591,0
2016-07-21,19125,19163,18780,19011,533980,10151493780,-0.1995,-76393,12830,62344,27807,9537,-498,840,-6850,31508,1434,-215,0
2016-07-22,18857,19125,18665,18743,491472,9211659696,-1.4097,-92998,18695,74455,22729,-2302,-616,40209,0,14435,0,-152,0
2016-07-25,18895,19086,18321,18819,782963,14734580697,0.4055,-53545,38258,16607,31913,-2067,-25963,19586,-100,-6762,-1095,-225,0
2016-07-26,18665,19813,18665,19700,1336947,26337855900,4.6814,-292478,102816,193596,83459,9054,63433,-3142,-5150,44623,-3318,-616,1319
2016-07-27,19661,19737,19392,19662,837783,16472489346,-0.1929,-37503,-22056,60908,62451,-12611,-1178,-6552,-5000,23798,-1063,-286,0
2016-07-28,19698,20311,19661,20235,1518719,30731278965,2.9143,-267488,62760,202484,148752,87624,13032,58121,-5000,-107245,485,1759,7200
2016-07-29,20119,20158,19698,20044,1046164,20969311216,-0.9439,4566,-13279,2864,123250,26469,-7030,-131763,1000,-9062,5999,-150,0
2016-08-01,20043,20158,19622,19968,569894,11379643392,-0.3792,-36604,13049,40956,34536,3486,-7024,15291,0,-5333,-17391,-10,0
2016-08-02,20043,20272,19813,20274,705615,14305638510,1.5325,-118669,113444,6939,50123,-6533,-9586,14675,0,-41740,-1746,32,0
2016-08-03,20043,20081,19355,19662,826436,16249384632,-3.0186,21897,-48740,15202,39927,-40527,-2017,37908,0,-20089,11440,201,0
2016-08-04,19852,20004,19278,19471,619998,12071981058,-0.9714,55230,18392,-74379,15555,-79810,-6668,28381,0,-31837,1477,-720,0
2016-08-05,19392,20655,19392,20656,1576752,32569389312,6.086,-609514,289669,303976,100853,137427,-21328,40333,7990,37425,14231,1638,1276
2016-08-08,20961,21190,20617,20810,1108198,23061600380,0.7455,-215921,-25583,231998,60186,75153,-2691,100734,4000,-5534,9928,-422,150
2016-08-09,20847,21190,20807,20962,499930,10479532660,0.7304,-46761,-44581,77891,-11080,36365,17442,11971,0,23193,13451,0,0
2016-08-10,20923,21153,20617,20847,471321,9825628887,-0.5486,-35259,-40143,48206,42441,-6272,-4562,6706,0,9893,26306,890,0
2016-08-11,20655,21534,20655,21497,862334,18537593998,3.118,-169453,44510,125799,32006,55891,-1272,6518,0,34850,-1256,400,-2194
2016-08-12,21610,21840,21267,21574,753714,16260625836,0.3582,-100707,-63479,164804,6203,125055,-866,19704,0,11444,-618,0,3264
2016-08-16,21573,21764,21267,21344,614907,13124575008,-1.0661,16299,-17767,-3951,-42474,-3319,-15085,27316,0,29611,5519,-100,0
2016-08-17,21267,21650,20770,21497,755323,16237178531,0.7168,-148546,58851,88963,89232,-3298,-30771,25306,1635,6859,730,2,0
2016-08-18,21496,21802,21229,21574,478157,10315759118,0.3582,-83367,28193,61183,84599,6371,-150,-802,0,-28835,-5932,-77,0
2016-08-19,21650,22032,21420,21880,675424,14778277120,1.4184,-177082,9042,167962,92743,48657,1094,47545,0,-22077,-4342,4420,0
2016-08-22,21802,21802,21190,21344,608079,12978838176,-2.4497,46956,-25752,-12560,55820,-35703,-6055,-5498,0,-21124,-9033,389,0
2016-08-23,21305,21764,21190,21613,494269,10682635897,1.2603,-109049,113050,-12485,58088,-10029,-9330,-34992,2990,-19212,8427,57,0
2016-08-24,21573,21726,21229,21613,406342,8782269646,0.0,-88469,5013,82957,66277,38042,1977,-13726,0,-9613,499,0,0
2016-08-25,21802,21879,21496,21497,385008,8276516976,-0.5367,-49120,482,48986,15129,-10013,3418,15765,0,24687,-336,-12,0
2016-08-26,21343,21420,20884,20962,695576,14580664112,-2.4887,69295,40676,-109569,23943,-28123,-8218,-97729,0,9105,-599,197,-8547
2016-08-29,20655,20923,20081,20810,963085,20041798850,-0.7251,-104049,162216,-56798,-32443,-24644,-15853,14830,0,3271,-2255,886,-1959
2016-08-30,20807,21305,20578,20694,753386,15590569884,-0.5574,82660,88077,-166872,14388,-3779,-40924,-153509,0,16952,-3875,10,0
2016-08-31,20501,21343,20501,21153,995655,21061090215,2.218,-193281,211209,-17804,71130,9629,-1616,-95828,0,-1119,-36,-88,0
2016-09-01,20961,21687,20847,21650,695507,15057726550,2.3495,-223465,84765,142322,75402,56535,25074,2279,0,-16968,-432,-3190,0
2016-09-02,21726,21802,21343,21727,511498,11113317046,0.3557,-117685,126,118838,28518,5996,24019,49831,0,6934,-2419,1140,3540
2016-09-05,21879,22568,21802,22531,866728,19528248568,3.7005,-307181,190154,118563,19798,12812,47990,17441,-4355,21189,-933,-603,3688
2016-09-06,22605,23027,22376,22760,782467,17808948920,1.0164,-149097,100956,53104,19492,17831,5006,24094,-2000,-12723,-5024,61,1404
2016-09-07,22911,22911,22568,22798,576193,13136048014,0.167,-75897,24453,93121,36799,2425,6315,41513,-5000,12875,-41381,-296,-1806
2016-09-08,22835,22950,22146,22262,832646,18536365252,-2.3511,20379,20118,-45878,6785,-38620,20620,-41396,-4740,12258,5304,77,-785
2016-09-09,22262,22911,22070,22568,579267,13072897656,1.3745,-76717,59932,20368,25986,26271,2692,20885,0,-55466,-3655,72,0
2016-09-12,21879,22376,21650,21650,701618,15190029700,-4.0677,21986,-10868,-12080,889,-33587,666,27401,409,-7858,817,145,0
2016-09-13,22108,22223,21650,22225,939574,20882032150,2.6559,-106419,114179,-9513,-14587,-26702,-27048,119770,0,-60946,1853,-100,0
2016-09-19,21879,22146,21650,21919,645231,14142818289,-1.3768,137861,-6461,-127291,-27033,-7346,-45388,6832,0,-54356,-4109,0,0
2016-09-20,22108,22146,21114,21230,968926,20570298980,-3.1434,116045,90469,-200611,-46679,-70031,-56366,53587,0,-81122,-3349,-2554,0
2016-09-21,21153,21153,20655,21039,922496,19408393344,-0.8997,56159,175151,-231889,-57278,-112219,-56343,-2433,0,-3616,479,100,0
2016-09-22,21229,21420,20578,20656,1102329,22769707824,-1.8204,240344,19024,-260481,-50560,-84451,-112910,14438,600,-26686,181,932,-912
2016-09-23,20807,20847,20119,20465,1147467,23482912155,-0.9247,113432,134596,-248838,-180553,-50261,-35291,4274,0,14276,938,-128,-1283
2016-09-26,20311,20425,19775,19929,1141346,22745884434,-2.6191,294228,19811,-316952,-170544,-79857,-26925,-45778,970,7153,2714,199,-1971
2016-09-27,19813,20272,19546,19968,1061958,21205177344,0.1957,107972,120345,-236962,-70308,-134870,-5822,-33961,-4489,12488,8500,145,0
2016-09-28,20081,20158,19201,19355,1303492,25229087660,-3.0699,286404,-79649,-201041,-119003,-76004,8118,15646,100,-29898,-3568,-2146,0
2016-09-29,19508,19813,19392,19471,753845,14678115995,0.5993,29931,77675,-104110,-70659,-33565,27469,-39319,112,11852,909,-4405,0
2016-09-30,19278,19852,19278,19776,871742,17239569792,1.5664,-42878,83103,-40425,-14295,-35767,568,3838,4039,1192,0,200,0
2016-10-04,19928,19966,19546,19547,905537,17700531739,-1.158,152918,-123552,-34676,20059,-7415,-8707,6066,3230,-47909,5310,0,0
2016-10-05,19546,19584,18895,19088,1164369,22225475472,-2.3482,191958,-70028,-117556,-12029,-34285,-31691,-5624,0,-33927,-3027,-1347,0
2016-10-06,19086,20540,18857,20465,1688492,34554988780,7.214,-404623,11057,370184,87236,23330,128294,115823,1537,13964,22926,456,0
2016-10-07,20578,20731,20004,20082,1185443,23806066326,-1.8715,124306,-132769,8163,49544,13274,-40969,25955,0,-39641,500,-200,0
2016-10-10,18780,19622,18359,19547,2153091,42086469777,-2.6641,37000,307425,-323836,-69100,-53931,-65470,-169247,-3624,37536,-21187,598,0
2016-10-11,19468,19584,18972,19432,1072933,20849234056,-0.5883,40378,-20903,-15187,-94917,-3495,5293,21100,-3230,60062,-4408,120,0
2016-10-12,19392,20464,19355,20312,1047823,21283380776,4.5286,-239000,30716,207800,89326,33432,34538,25174,0,25330,-87,571,0
2016-10-13,20195,20234,19775,19968,642950,12838425600,-1.6936,81526,-77681,-3879,5834,21174,4530,7455,96,-42968,34,0,0
2016-10-14,20655,20923,20043,20044,953140,19104738160,0.3806,36521,-73715,38667,-59272,46087,33302,29959,0,-11409,-1501,28,0
2016-10-17,20272,20349,19698,20082,464459,9327265638,0.1896,9663,-14030,1807,6933,6851,-7056,28655,0,-32938,2560,0,-638
2016-10-18,20081,20119,19698,19929,387135,7715213415,-0.7619,96285,15778,-109890,-23916,-27659,-45939,12031,0,-24407,-1915,-258,0
2016-10-19,19928,19928,19316,19355,779460,15086448300,-2.8802,157106,-16457,-137439,-28533,-42487,-74135,4666,0,3050,-3274,64,0
2016-10-20,19355,20004,19278,19968,668096,13340540928,3.1671,-193242,32975,156592,79478,21315,9101,46374,0,324,3815,-140,0
2016-10-21,20158,20540,19813,20388,643626,13122246888,2.1034,-140526,-34273,174048,80420,20496,47292,26378,0,-388,792,-41,-150
2016-10-24,20464,21267,20425,21116,959647,20263906052,3.5707,-240782,51199,193437,52598,52483,20526,28735,312,38783,-3099,-755,0
2016-10-25,21114,21382,20884,21116,808165,17065212140,0.0,-150887,-3698,154709,-9174,14266,39638,59102,1678,45436,1,-125,3763
2016-10-26,21114,21114,20349,20656,591564,12219345984,-2.1784,40496,-87831,51568,58090,2080,-2923,9036,0,-18493,-1918,-2315,3778
2016-10-27,20770,20999,20387,20580,444528,9148386240,-0.3679,36971,-38306,2627,-27586,3376,2149,6287,0,18306,-1113,-179,95
2016-10-28,20807,20847,20311,20694,437596,9055611624,0.5539,63662,-97165,32660,33517,-4838,-441,-730,0,5152,918,-75,0
2016-10-31,20425,20540,20004,20044,441653,8852492732,-3.141,14250,355,-14410,11504,-33238,-831,2546,0,7352,-376,181,-1743
2016-11-01,19889,20464,19661,20198,442905,8945795190,0.7683,-51093,-48414,99500,-4819,193,2744,21756,23163,52767,1,6,3696
2016-11-02,20043,20464,19775,19776,499692,9881908992,-2.0893,13106,-34265,20538,7512,-1369,-79862,10790,0,83467,621,0,0
2016-11-03,19852,19889,19316,19662,857876,16867557912,-0.5765,78043,-116692,40074,12798,-15862,-43736,91367,-13966,9473,-1520,95,0
2016-11-04,19661,19661,19163,19203,623826,11979330678,-2.3345,71661,26594,-100680,-29580,-51159,3770,-4684,244,-19071,2324,101,-200
2016-11-07,19584,20158,19508,19852,688140,13660955280,3.3797,-86837,94705,-39151,-34100,-45885,-33337,57089,-3711,20943,31265,18,-150
2016-11-08,20119,20119,19508,19585,508711,9963104935,-1.345,138891,-20201,-120341,-67114,-25432,-16154,-10926,0,-715,1650,1,0
2016-11-09,19584,19584,17786,18476,1898510,35076870760,-5.6625,127182,87659,-212071,-69958,-6480,-123797,16670,-2224,-29161,-1204,-1566,2879
2016-11-10,19086,20464,19086,20312,1516273,30798537176,9.9372,-478224,231579,252767,27517,33301,61543,67632,15753,47021,-7010,888,0
2016-11-11,20272,21420,20004,21383,1655848,35406997784,5.2727,-466745,-7074,470542,240381,827,54506,148387,17326,11099,4169,-892,-1984
2016-11-14,21382,22759,21343,21956,1931506,42408145736,2.6797,-271461,-22605,276893,69008,108428,23022,68229,-4181,14288,21050,-3877,-1901
2016-11-15,21458,21802,21076,21268,1258695,26769925260,-3.1335,133887,-64164,-82933,-19102,-41666,-3373,-20135,-6200,10490,13160,50,-2947
2016-11-16,21267,21420,20731,21268,1152483,24511008444,0.0,4539,-246923,243327,148966,12911,29570,63672,1320,-13112,-950,7,0
2016-11-17,21229,21610,20884,21574,740666,15979128284,1.4388,-86961,19228,71685,20942,22029,22837,36088,0,-30211,-3952,0,0
2016-11-18,21267,21305,20272,20580,1394855,28706115900,-4.6074,74365,42088,-118264,-43638,-22100,15596,-46094,2100,-23152,531,1280,-976
2016-11-21,20272,20807,20081,20541,600481,12334480221,-0.1895,-158462,90059,70649,72408,-2660,-11826,3627,0,9100,-1302,-944,0
2016-11-22,20807,20884,20234,20618,466636,9621101048,0.3749,-12871,10143,2627,35725,11664,-12963,-26551,-7714,3666,0,101,-1200
2016-11-23,20311,20884,20119,20541,744261,15287865201,-0.3735,-157554,107171,53193,76775,-15849,-37089,42528,764,-13936,-2766,-44,0
2016-11-24,20578,20807,20425,20580,495619,10199839020,0.1899,-115139,-43978,162668,80565,48129,14607,1823,0,17544,-3451,-100,0
2016-11-25,20655,20884,20158,20312,362390,7360865680,-1.3022,-5708,-7506,17094,41848,-8931,-15931,-2621,-9274,12003,-3880,0,0
2016-11-28,20311,20349,19928,19968,352686,7042434048,-1.6936,-7778,9826,17843,2714,5308,25262,-2008,0,-13433,-19891,0,0
2016-11-29,19889,20272,19698,19738,542041,10698805258,-1.1518,57013,-34157,-23924,56178,-30763,-64247,9957,0,4951,0,1068,0
2016-11-30,19737,19852,19584,19738,533627,10532729726,0.0,76387,-63604,-12963,22353,-5797,-22988,2553,0,-9084,50,130,0
2016-12-01,19737,20655,19698,20465,572955,11725524075,3.6833,-108889,-103419,212604,113489,31848,37912,28341,3100,-3310,-57,-239,1224
2016-12-02,20311,20655,19966,20006,293790,5877562740,-2.2429,64146,-47896,-17478,-14168,3898,-329,-261,2380,-8998,2228,-1000,0
2016-12-05,19966,20387,19661,20121,290535,5845854735,0.5748,-35468,-18934,51229,-170,35888,16448,-1221,-1449,1733,3165,8,0
2016-12-06,20349,20770,20272,20580,454757,9358899060,2.2812,-95742,23456,71127,36545,-10999,16428,27779,-397,1668,1225,-66,103
2016-12-07,20578,20617,19431,19509,867415,16922399235,-5.2041,271562,-95455,-184277,-43511,-24187,-72979,-54991,0,11391,-4921,13091,0
2016-12-08,19546,19698,19086,19585,947804,18562741340,0.3896,74546,25446,-86901,-89225,-28745,-12400,20879,-1340,23930,109,-13200,0
2016-12-09,19546,19737,19392,19471,315864,6150187944,-0.5821,6703,42595,-46609,-42156,-30967,11250,-865,-340,14961,-2625,-64,1508
2016-12-12,19508,20349,19508,20121,625824,12592204704,3.3383,-101508,73040,24968,-12233,4580,-21679,24064,0,30236,3400,100,0
2016-12-13,20311,20425,19966,20198,482737,9750321926,0.3827,-59471,-87531,145659,101975,23942,6342,6018,2160,5222,1343,0,0
2016-12-14,20387,20425,19546,19662,881713,17336241006,-2.6537,172726,-194823,21414,18432,-18897,-2484,30899,-598,-6574,682,1,636
2016-12-15,19468,20004,19316,19968,375355,7495088640,1.5563,-37773,-25522,69697,12966,-346,46339,13668,-3218,288,-5162,-1240,0
2016-12-16,20004,20195,19661,19968,549704,10976489472,0.0,1320,-84476,83103,31003,37957,25883,-3729,0,-8011,52,1,0
2016-12-19,19813,20617,19737,20006,737598,14756385588,0.1903,90246,-169115,79369,4090,20339,35471,-4944,10,24403,-500,0,0
2016-12-20,20234,21305,20195,21192,1612427,34170552984,5.9282,-408196,247096,161371,115379,24829,20788,23290,-4688,-16328,-342,71,-1899
2016-12-21,21190,21343,20961,20962,738495,15480332190,-1.0853,-34352,-85654,143074,135150,-29695,739,22744,267,13869,-21833,-1235,0
2016-12-22,21153,21267,20770,21077,398392,8396908184,0.5486,-20662,-33618,56501,-9345,-5051,31395,19544,0,19958,-2208,-13,0
2016-12-23,21229,21496,20961,21421,600836,12870507956,1.6321,-110024,-114823,223202,164366,12707,11672,22782,0,11675,1768,-123,0
2016-12-26,21802,21993,21037,21536,1052371,22663861856,0.5369,-37650,-163956,203502,80656,59399,17475,17938,-267,28301,-1768,-128,0
2016-12-27,21726,21917,21305,21307,1016612,21660951884,-1.0633,48945,-138388,91469,107315,57648,-9202,-82357,500,17565,-3100,1074,0
2016-12-28,21190,21534,20923,21230,601305,12765705150,-0.3614,-81269,28756,51834,102127,-32162,10670,8993,-500,-37294,705,-26,0
2016-12-29,21267,21382,20807,20810,400691,8338379710,-1.9783,60800,-36434,-28668,27839,-37887,311,8586,94,-27475,4301,1,-136
2017-01-02,20847,21534,20617,21459,379991,8154226869,3.1187,-92514,-5786,100366,25021,4469,16625,27890,-3502,30000,-1783,-283,-137
2017-01-03,21610,22146,21305,21880,730984,15993929920,1.9619,-93362,15029,81069,86618,-26731,-4486,25863,0,-195,-2769,33,0
2017-01-04,21956,22070,21076,21116,1026905,21684125980,-3.4918,169939,-3786,-161874,50413,-119279,-44315,-24457,6,-24242,-4214,-65,0
2017-01-05,21153,21650,21037,21574,626035,13506079090,2.169,-123646,102685,16489,76708,-11570,-44998,9451,0,-13102,3948,524,0
2017-01-06,21534,22338,21458,22186,1205009,26734329674,2.8367,-475826,106714,362289,248097,30088,18630,63911,-110,-3479,6343,480,5152
2017-01-09,22338,22376,21687,21956,561762,12334046472,-1.0367,75275,-139757,59157,76372,4799,4036,-15705,-1000,-9145,5344,-19,-200
2017-01-10,22070,22605,21956,22454,811976,18232109104,2.2682,-250427,10274,233293,129326,106717,-5146,-4063,0,6509,6784,76,-50
2017-01-11,22491,22874,22262,22568,692591,15630393688,0.5077,-108690,-24061,137567,91051,63158,-23341,5159,-1930,1470,-4794,-22,2000
2017-01-12,22568,22874,22376,22645,432862,9802159990,0.3412,-89816,6632,82123,71087,-781,-1670,12188,-820,4248,1000,61,-2129
2017-01-13,22605,22644,22070,22339,489332,10931187548,-1.3513,55887,-10798,-41615,6023,-15478,-41017,-11324,100,23191,-7172,3698,-3110
2017-01-16,22032,22453,21802,22378,585889,13111024042,0.1746,-47083,34324,16046,18069,15259,-17670,14787,-447,-13952,-3251,-36,0
2017-01-17,22299,22568,22186,22378,376028,8414754584,0.0,-36246,-18706,57445,42222,-1600,-864,3748,0,13939,-1492,-1001,0
2017-01-18,22414,22491,21840,21880,563097,12320562360,-2.2254,104573,-98158,-8526,22901,646,-31440,-21168,-830,21365,1110,1001,0
2017-01-19,21956,22108,21496,21880,494477,10819156760,0.0,3140,3868,-12227,-40746,-17583,26650,32912,50,-13510,4140,1079,0
2017-01-20,21956,22223,21573,21574,457664,9873643136,-1.3985,23526,-41373,18803,16564,4304,10571,-27901,0,15265,-310,-646,0
2017-01-23,21534,21802,21343,21344,363952,7768191488,-1.0661,10089,29743,-40725,-10854,13037,-23220,-13166,0,-6522,1090,-197,0
2017-01-24,21153,21496,20961,21344,426012,9092800128,0.0,-13269,-22666,37427,13261,-2724,6738,14721,0,5431,-1290,-202,0
2017-01-25,21573,21726,20884,20886,433633,9056858838,-2.1458,111372,-82334,-29055,2421,17777,-15741,-13626,0,-19886,6,11,0
2017-01-26,20807,21650,20807,21497,402825,8659529025,2.9254,-86472,19517,69710,28996,5363,1395,18778,-580,15758,-2735,-20,0
2017-01-31,21343,21458,20999,21001,273998,5754231998,-2.3073,53013,-69056,16216,2853,971,-134,3306,0,9349,-153,-20,-129
2017-02-01,21076,21993,21076,21842,551301,12041516442,4.0046,-122312,-4637,113782,9339,2885,47176,44433,-860,10940,13135,32,-131
2017-02-02,21840,22299,21573,21613,559125,12084368625,-1.0484,1404,-78535,68476,-27549,20371,42562,33158,438,-887,9456,-801,383
2017-02-03,21650,21879,21420,21804,356801,7779689004,0.8837,-7709,-49477,50124,-21487,51321,12039,6585,-1873,3539,7035,27,0
2017-02-06,22032,22186,21573,22148,434257,9617924036,1.5777,-91108,-62540,158031,93510,16934,12807,19168,0,15678,-2217,-2166,-66
2017-02-07,22146,22146,21650,21804,371406,8098136424,-1.5532,-15328,-54230,69288,51107,-725,6803,-824,-2700,15627,300,-30,0
2017-02-08,21764,22070,21726,21804,335135,7307283540,0.0,-21405,-8154,28537,3085,3145,5275,6819,-890,11103,1050,-28,0
2017-02-09,21956,22682,21917,22531,1092521,24615590651,3.3343,-380128,141342,240040,132542,89798,7807,42251,-150,-32208,166,-1420,0
2017-02-10,22644,22874,22376,22760,881313,20058683880,1.0164,-171477,-146799,310829,166466,43744,16551,56050,32,27986,6491,956,0
2017-02-13,22835,23408,22644,23257,1219358,28358609006,2.1837,-357265,85383,348068,198371,71069,14528,6382,1190,51881,-74796,-1390,4647
2017-02-14,23371,23408,22835,22875,816618,18680136750,-1.6425,26758,-103775,200748,145067,4748,8728,-4738,546,45851,-124395,664,546
2017-02-15,23026,23026,22759,22951,426083,9779030933,0.3322,-42976,9067,116807,37386,36745,19349,4734,0,18593,-81961,-937,0
2017-02-16,23026,23179,21993,22072,843642,18620866224,-3.8299,90034,-13219,-73922,5045,-6155,-47760,22658,2294,-50004,-2912,19,0
2017-02-17,21650,21726,21153,21421,1901544,40732974024,-2.9494,429058,124153,-549839,-115745,-58330,-100412,-245713,-855,-28064,-3359,-13,-720
2017-02-20,21420,21458,20847,21077,1200136,25295266472,-1.6059,343388,-324282,-22521,-4771,-651,-1212,5065,0,-20991,2897,518,39
2017-02-21,21153,21343,20847,20886,1147667,23970172962,-0.9062,281635,-99754,-177255,-58690,-52821,-51049,-18014,0,3319,-5305,679,0
2017-02-22,21037,21305,20847,20962,895540,18772309480,0.3639,114954,-93771,-30829,-12678,-11994,6362,-2484,3828,-13863,9461,185,0
2017-02-23,21114,21114,20425,20580,1028643,21169472940,-1.8223,189139,-28372,-161172,-42431,-21911,-31405,-34223,0,-31202,155,250,0
2017-02-24,20693,20884,19966,20121,1236791,24885471711,-2.2303,298439,4149,-311938,-120884,-62926,-94658,-73228,-2418,42176,8844,506,0
2017-02-27,20234,20617,20158,20350,665804,13549111400,1.1381,-11630,21124,-8703,-25183,-9950,3802,9869,0,12759,-870,79,0
2017-02-28,19355,19468,18551,18782,4256322,79942239804,-7.7052,1210994,-30278,-1225372,-787732,-292798,-34752,-224119,-4404,120640,39311,5345,-2207
2017-03-02,18857,19240,18513,18743,1603385,30052245055,-0.2076,222857,7910,-256354,-306662,11525,55596,-9852,5088,-12274,25403,184,225
2017-03-03,18627,18857,18168,18400,1281671,23582746400,-1.83,262560,20828,-288011,-231574,-16043,-29165,-8253,0,-2976,2447,2176,0
2017-03-06,18207,18474,17940,18323,889117,16291290791,-0.4185,118394,48535,-172139,-110342,-28546,-28062,19860,0,-25049,2925,2285,0
2017-03-07,18397,19278,18359,19203,1602135,30765798405,4.8027,-246460,10429,224178,9911,59216,77074,49451,15530,5931,14357,-2504,7065
2017-03-08,19201,19201,18704,18706,863578,16154090068,-2.5881,335725,-185480,-157114,-176217,1184,4704,-967,0,12649,6639,230,1533
2017-03-09,18589,18857,18589,18629,772763,14395801927,-0.4116,83561,58094,-150639,-150034,-27454,13895,3417,0,9537,8130,854,0
2017-03-10,18589,18857,18397,18743,520988,9764878084,0.6119,18488,-33087,14634,-13478,-10485,23432,8716,-798,7247,-1022,987,0
2017-03-13,18743,19086,18627,18935,516829,9786157115,1.0244,-33115,-13675,51589,12445,-13635,29839,4916,-798,18822,-4903,104,0
2017-03-14,19086,19086,18437,18743,1029333,19292788419,-1.014,155978,-77728,-81366,-33540,-1857,20034,-877,-797,-64329,2510,606,0
2017-03-15,18819,19049,18551,18591,570267,10601833797,-0.811,43410,27204,-67917,-45846,-1542,-9721,-4364,0,-6444,-2570,-127,0
2017-03-16,18819,19010,18589,18743,727500,13635532500,0.8176,80740,-42863,-37584,-25102,-4556,-1238,1972,0,-8660,0,-293,0
2017-03-17,18743,19201,18665,19088,947279,18081661552,1.8407,-58828,46600,10356,-72812,3444,1401,-4985,0,83308,-528,2400,0
2017-03-20,19125,19201,18933,18973,482354,9151702442,-0.6025,12687,22047,-26534,-2420,-41611,-9961,-4262,50,31552,-7750,-450,118
2017-03-21,19086,19125,18743,18973,615690,11681486370,0.0,127256,776,-126538,-5269,-3320,2992,-17585,0,-103356,-1750,256,0
2017-03-22,18819,19086,18704,18743,561005,10514916715,-1.2122,11772,23178,-35323,-19323,-8301,-727,-333,0,-6639,325,48,0
2017-03-23,18895,19661,18857,19547,1589482,31069604654,4.2896,-330216,74229,297142,28128,90466,133993,8809,-7898,43644,-41154,-1,0
2017-03-24,19698,19737,18933,19088,1160695,22155346160,-2.3482,329581,-136292,-195949,-199379,23567,5,-11334,0,-8808,2357,303,0
2017-03-27,19163,19201,18665,18935,958878,18156354930,-0.8016,84106,-48789,-32393,-65021,-17102,-3426,-12848,0,66004,-3111,187,0
2017-03-28,18743,18819,18627,18706,720013,13468563178,-1.2094,214557,-78329,-140237,-98373,-9987,-1936,-11386,-100,-16677,2832,1177,-1778
2017-03-29,18743,18780,18321,18476,877052,16204412752,-1.2296,258623,-116255,-150315,-99774,-4244,-685,-23060,0,-22072,3409,4538,-480
2017-03-30,18704,18704,18207,18284,688323,12585297732,-1.0392,201445,-118562,-83611,-66762,1463,5276,-4100,0,-19488,407,321,0
2017-03-31,18207,18665,18207,18323,785845,14399037935,0.2133,109287,3548,-113706,-78648,9580,-4769,-1020,0,-38756,-271,1142,-93
2017-04-03,18397,18551,18207,18284,464671,8496044564,-0.2128,38781,-50374,3019,-2314,13391,-5077,-12632,0,9957,8400,174,-306
2017-04-04,18359,18474,18207,18246,553211,10093887906,-0.2078,65120,-375,-48809,-80666,-6448,77295,-11921,-5078,-21991,-15618,-318,0
2017-04-05,18397,19125,18321,19088,2028737,38724531856,4.6147,-563167,42786,524734,265453,161576,75097,38240,0,-15632,1814,-6167,0
2017-04-06,18933,19125,18704,18935,554267,10495045645,-0.8016,64733,-72163,7381,3296,-474,21457,3659,0,-20557,40,9,0
2017-04-07,18933,19163,18819,19049,480748,9157768652,0.6021,-63097,47722,20333,-2676,-6213,44918,851,-143,-16404,-5060,102,0
2017-04-10,19049,19049,18397,18513,774036,14329728468,-2.8138,172066,-24065,-129508,12862,-95444,9203,-42089,0,-13805,-19516,1023,-235
2017-04-11,18397,18704,18245,18361,526030,9658436830,-0.821,77599,-3891,-73612,-54769,-17225,-1855,3548,0,-3311,-2000,1904,0
2017-04-12,18397,18627,18245,18323,494536,9061383128,-0.207,-14878,79089,-58030,-19491,1530,1302,-9803,0,-31418,-6520,339,-150
2017-04-13,18359,18589,18283,18591,643001,11954031591,1.4626,-17629,17608,-9886,-10802,8699,16045,-2776,-2938,-17006,9941,-34,-1108
2017-04-14,18437,18474,18130,18246,515630,9408184980,-1.8557,141011,-85545,-55970,-13771,-41251,-1200,-24982,0,26082,0,504,-848
2017-04-17,18245,18359,17977,18131,743806,13485946586,-0.6303,67277,1337,-63151,24264,-27392,-6169,-46623,0,-5979,-5463,0,-1252
2017-04-18,18321,18359,18054,18323,531872,9745490656,1.059,9647,-6996,-1945,67369,-4426,-1450,2239,0,-65034,-1030,324,-643
2017-04-19,18245,18283,17786,17864,1154818,20629668752,-2.505,236953,-50125,-175098,69384,11059,-26369,-33021,-1041,-195110,-11966,236,0
2017-04-20,17824,18321,17710,18207,648590,11808878130,1.9201,-107949,142285,-31747,45491,4652,31206,-46906,152,-66354,-2605,16,12
2017-04-21,18207,18245,17862,17979,579671,10421904909,-1.2523,147622,-151037,4741,40668,-18567,5518,-952,1380,-23306,-1350,24,0
2017-04-24,17977,18283,17901,18170,536977,9756872090,1.0624,-67468,564,58307,56298,-12156,57001,7470,0,-50306,8600,-3,0
2017-04-25,18207,18245,17977,18170,532239,9670782630,0.0,-32958,-29658,65715,93286,-16150,30995,32394,920,-75730,-3098,-1,0
2017-04-26,18283,18704,18245,18400,974698,17934443200,1.2658,68068,-42574,-9625,110340,-45062,6789,16215,5183,-103090,-14736,-1133,0
2017-04-27,18397,18665,18054,18284,462057,8448250188,-0.6304,-29722,-28937,59109,48279,23957,14563,29120,0,-56810,-440,-10,0
2017-04-28,18130,18283,17748,17788,833684,14829570992,-2.7128,214747,-73497,-138108,-35268,8378,11775,-43053,-36,-80129,-5163,2021,225
2017-05-02,18092,18321,17862,17864,597995,10682582680,0.4273,57587,-34016,-24540,19141,-3397,4032,-33791,-44,-10419,480,489,-62
2017-05-04,17977,18130,17824,17940,430603,7725017820,0.4254,856,-58449,56065,15133,-11336,5828,25841,0,20599,0,1528,0
2017-05-08,17977,18054,17862,18055,461208,8327110440,0.641,67482,-18005,-54216,8454,-10106,-40338,-12414,-7,260,4690,49,-65
2017-05-10,18054,18397,17977,18170,837553,15218338010,0.6369,66530,-94883,28704,43710,53000,-83546,6269,0,9271,900,-1251,0
2017-05-11,18321,18437,17824,18437,1161423,21413155851,1.4695,-176838,5913,170725,89590,-5713,28737,32225,0,25886,-1121,1321,0
2017-05-12,18397,18704,18283,18667,760450,14195320150,1.2475,-93735,52129,33650,72826,-11371,-10985,-1922,0,-14898,5918,2038,0
2017-05-15,18704,18743,18245,18323,607692,11134740516,-1.8428,81592,-39680,-38508,-40034,2172,-663,-12262,0,12279,-519,-2885,0
2017-05-16,18321,18397,17786,17902,1137267,20359353834,-2.2977,97657,54125,-151538,3929,-73472,-73088,-8348,0,-559,-849,605,0
2017-05-17,17940,18168,17671,18094,634037,11472265478,1.0725,-40258,1486,46560,38410,-9088,5646,20780,0,-9188,-8122,334,0
2017-05-18,17824,18054,17710,17940,491380,8815357200,-0.8511,71820,10042,-82879,-70793,-22992,39270,-8053,0,-20311,1000,17,0
2017-05-19,18054,18321,17977,18131,565712,10256924272,1.0647,-7554,27065,-20881,-6811,10544,-15156,-4289,0,-5169,1351,19,0
2017-05-22,18359,18589,18321,18361,629281,11554228441,1.2685,38824,35633,-72099,-38219,8336,-5592,-9478,10,-27162,-1078,-1280,6
2017-05-23,18359,18551,18207,18476,561753,10378948428,0.6263,-1000,87088,-85628,-66596,9434,-13439,4248,0,-19275,-500,40,0
2017-05-24,18437,18474,18092,18131,801327,14528859837,-1.8673,90844,-81157,-4196,-29128,26848,51733,-5006,0,-48643,-5800,309,0
2017-05-25,18130,18474,18092,18400,868852,15986876800,1.4836,-68523,146788,-79852,-18050,-21572,-8651,-29599,-9352,7372,1354,233,0
2017-05-26,18397,18513,17901,17979,1902433,34203842907,-2.288,524157,-488387,-38736,32398,18554,-86351,-11555,114,7629,3010,-44,475
2017-05-29,17671,17671,17098,17137,2461852,42188757724,-4.6832,552787,-290702,-267247,-160797,-61475,13393,-36571,0,-21797,3238,1924,0
2017-05-30,17136,17480,17136,17404,846921,14739813084,1.558,-137579,67441,71373,59196,8520,-887,-12349,3634,13259,-1005,-230,0
2017-05-31,17480,17480,17250,17443,949214,16557139802,0.2241,53942,-63253,1601,-3779,3899,-8372,1558,189,7838,7567,143,268
2017-06-01,17518,17862,17442,17826,871122,15528620772,2.1957,-241281,183654,55713,49282,3134,22947,1394,128,-21405,-2455,4369,233
2017-06-02,17862,18054,17748,17826,797582,14217696732,0.0,-92928,66595,24540,-10166,5055,637,11641,235,17138,1798,-5,0
2017-06-05,17862,18054,17748,17864,462927,8269727928,0.2132,-22671,43971,-22317,5519,-8209,7060,468,0,-27068,1065,-48,-87
2017-06-07,17862,17901,17442,17710,598853,10605686630,-0.8621,8624,-84361,71210,82047,6800,-21644,3213,0,794,4340,187,0
2017-06-08,17824,17862,17518,17826,601740,10726617240,0.655,-59862,-43179,102780,24278,93774,-1258,48249,0,-62588,110,151,325
2017-06-09,17824,17901,17634,17826,447021,7968596346,0.0,-17536,-22748,38069,33516,8853,1374,1478,0,-7152,472,1743,0
2017-06-12,17824,18016,17748,17902,433116,7753642632,0.4263,-61383,33177,27497,40557,2319,2467,-483,0,-17363,1487,-778,0
2017-06-13,17977,18130,17901,17979,519496,9340018584,0.4301,-26004,-23253,49258,23065,32229,-1991,-843,0,-3202,0,-1,0
2017-06-14,18016,18665,17901,18513,1725747,31948754211,2.9701,-233116,194358,34330,34636,2309,-794,5682,0,-7503,6189,-1761,0
2017-06-15,18589,18665,18283,18513,862105,15960149865,0.0,-48238,26342,26547,-3563,6480,-12996,2074,0,34552,-5071,420,0
2017-06-16,18589,18780,18397,18437,883205,16283650585,-0.4105,36089,-125832,90989,66537,9635,-12714,18109,0,14903,-991,-255,-5481
2017-06-19,18437,18474,16295,16410,4381364,71898183240,-10.9942,257378,-260007,-12006,72332,29068,-30921,7633,0,-89818,12924,1711,-300
2017-06-20,16295,16791,16141,16525,2222533,36727357825,0.7008,168812,-232215,63748,11140,-2867,25031,76291,974,-45510,-554,209,-1311
2017-06-21,16485,16715,16255,16525,799688,13214844200,0.0,16675,-90732,75378,66274,-4075,-9667,-12502,0,58777,-1456,135,-23429
2017-06-22,16409,16485,16065,16334,811254,13251022836,-1.1558,-40166,-45621,84679,82300,-28172,3817,-2646,0,29380,518,590,0
2017-06-23,16295,16752,16295,16755,507353,8500699515,2.5774,-43814,15124,26398,39429,689,1211,-5218,0,-9713,2397,-105,0
2017-06-26,16752,16830,16524,16678,406578,6780907884,-0.4596,24749,-12826,-12779,164,628,-300,-20680,0,7409,193,663,0
2017-06-27,16600,16830,16447,16525,430359,7111682475,-0.9174,70189,-55905,-14084,-8940,1479,-3117,-2517,0,-989,-230,30,0
2017-06-28,16065,16065,15720,15798,1789528,28270963344,-4.3994,207627,-7958,-191187,-141527,-11154,-403,-17141,0,-10962,-9840,1358,-10000
2017-06-29,15835,16371,15759,16182,871074,14095719468,2.4307,-53114,88926,-40224,21376,16757,-44426,-16659,0,-17272,300,4112,0
2017-06-30,16255,16409,15988,16028,717315,11497124820,-0.9517,184508,21316,-206602,-80855,515,-245,-12235,-20,-113716,655,123,-46
2017-07-03,15912,16371,15912,16258,413967,6730275486,1.435,-100447,68081,28921,-4469,7567,11167,2970,382,11353,3439,6,-49
2017-07-04,16295,16409,16141,16219,314262,5097015378,-0.2399,18831,-4349,-17207,8915,-13929,-7231,-4572,0,-390,2944,-219,0
2017-07-05,16371,16676,16255,16410,600328,9851382480,1.1776,-1547,-18080,19765,10315,18510,13454,6399,0,-28913,100,-238,0
2017-07-06,16524,16524,16333,16372,336806,5514187832,-0.2316,21742,-6442,-20331,6761,-10109,-1354,-60,0,-15569,5034,-3,0
2017-07-07,16295,16333,16179,16258,324100,5269217800,-0.6963,-19967,27864,-11791,-34762,1,-346,2327,0,20989,4990,-1096,0
2017-07-10,16333,16562,16255,16372,381111,6239549292,0.7012,-38036,58155,-20051,-18121,-11945,22238,6512,0,-18735,-55,-13,0
2017-07-11,16295,16409,16103,16142,466149,7524577158,-1.4048,29280,-37364,11496,30713,6680,-23203,-2542,0,-152,-3500,88,0
2017-07-12,16600,16676,16255,16295,578272,9422942240,0.9478,893,-47999,47984,45022,28419,10847,-245,0,-36059,-863,-15,0
2017-07-13,16333,16409,16065,16182,543890,8801227980,-0.6935,83017,-42915,-42440,4991,1790,-6906,6498,0,-48813,2336,2,0
2017-07-14,16179,16179,15223,15416,1803814,27807596624,-4.7337,201516,-92751,-105796,-36029,935,-56152,-29494,0,15802,805,-3774,-858
2017-07-17,15490,15643,15337,15569,573924,8935422756,0.9925,-128469,90879,37249,-7526,11907,790,-2649,0,33869,241,100,858
2017-07-18,15643,15873,15567,15836,487650,7722425400,1.7149,-45397,44972,1271,1469,-572,-368,-5001,0,5743,-508,-338,0
2017-07-19,15873,15912,15643,15875,440871,6998827125,0.2463,-64900,13081,51741,6105,9829,183,-9423,0,45047,78,0,0
2017-07-20,15912,16141,15835,15952,381416,6084348032,0.485,-26331,51056,-27722,-25415,8102,0,1573,0,-11982,3003,-6,0
2017-07-21,15988,16218,15912,16066,270712,4349258992,0.7146,-20947,45873,-26757,-1808,-5201,-1914,-26098,0,8264,1831,0,0
2017-07-24,16141,16141,15567,15760,365400,5758704000,-1.9046,2171,-23202,21835,14854,14046,-1251,2087,0,-7901,-559,-245,0
2017-07-25,15643,15912,15643,15875,277595,4406820625,0.7297,-56858,32125,24331,-3329,10295,35,-367,0,17697,302,100,0
2017-07-26,15949,16141,15873,15913,405151,6447167863,0.2394,-66067,19882,45345,7922,15343,412,-2507,0,24175,840,0,0
2017-07-27,16065,16333,15988,16066,559710,8992300860,0.9615,8378,12174,-21455,-21340,5046,546,-2241,0,-3466,900,3,0
2017-07-28,16065,16255,15835,15913,384176,6113392688,-0.9523,-33723,-35978,69133,2494,18691,507,1742,0,45699,768,-200,0
2017-07-31,15835,16103,15337,15760,426828,6726809280,-0.9615,-30522,32586,24403,4835,-10126,1940,201,-3,27559,-23487,-2980,-3
2017-08-01,15682,16103,15643,16028,407295,6528124260,1.7005,-16678,12266,12524,10936,4832,3541,15,-2504,-4294,-8112,0,-2
2017-08-02,16141,16255,15643,15722,547646,8610090412,-1.9092,165863,-53233,-110204,-25208,-4525,-44180,1126,0,-37417,-2437,11,0
2017-08-03,15643,15643,14191,14345,2812150,40340291750,-8.7584,922676,-523698,-403804,-217822,-98061,-31739,26584,0,-81881,-973,5799,-885
2017-08-04,14305,14420,13693,14230,1336906,19024172380,-0.8017,135807,-93103,-43683,-8425,6929,3,5024,0,-48099,858,121,885
2017-08-07,14381,14879,14343,14536,1281560,18628756160,2.1504,-40875,-119637,160024,-41687,24674,123216,-5420,0,59241,387,101,0
2017-08-08,14611,14764,14343,14536,638880,9286759680,0.0,20667,-60781,41138,17644,47528,18664,-10647,0,-32051,-789,-235,0
2017-08-09,14343,14803,14305,14497,513596,7445601212,-0.2683,34938,-6850,-28773,18525,9979,-4580,-24663,0,-28034,644,41,0
2017-08-10,14649,14687,14343,14497,485848,7043338456,0.0,22215,9974,-30649,-7583,3236,416,374,0,-27092,-1500,-40,0
2017-08-11,14343,14497,14151,14268,526092,7506280656,-1.5796,57429,-39639,-17154,-13310,8617,-2503,-15808,5,5814,-976,340,31
2017-08-14,14343,14381,13961,14000,418621,5860694000,-1.8783,74044,-24358,-49961,-8886,-17709,-14162,12925,0,-22129,177,98,0
2017-08-16,13961,14151,13922,13962,402010,5612863620,-0.2714,57562,-66251,8188,-12159,7393,9740,5401,0,-2187,502,-1,0
2017-08-17,13999,14534,13769,14230,872887,12421182010,1.9195,16856,-62201,45217,-36799,42801,122856,-91,0,-83550,120,8,0
2017-08-18,14075,14151,13731,13809,1133643,15654476187,-2.9585,483221,-314694,-166800,30892,-22694,-126920,7896,0,-55974,-1490,-237,0
2017-08-21,13769,13845,13655,13771,572144,7878995024,-0.2752,80430,-58687,-23030,6252,27223,-14465,28817,0,-70857,1265,22,0
2017-08-22,13693,13884,13463,13542,792858,10736883036,-1.6629,24714,-38812,14418,4255,2613,27493,-22813,0,3764,-483,163,-894
2017-08-23,13578,13884,13578,13809,768740,10615530660,1.9716,39626,-51026,10857,75844,11519,-3606,597,894,-74391,500,43,0
2017-08-24,13808,13884,13502,13542,679601,9203156742,-1.9335,158704,-177400,16507,47584,-62361,-6613,14872,0,23025,2004,185,0
2017-08-25,13616,13808,13539,13732,490058,6729476456,1.403,182,-29614,29800,13070,1831,368,98,0,14433,0,-368,0
2017-08-28,13769,14075,13731,13848,365794,5065515312,0.8447,85485,-67964,-22631,-10576,2798,0,248,0,-15101,5100,10,0
2017-08-29,13808,13845,13578,13694,506085,6930327990,-1.1121,148244,-118713,-30286,-62501,20928,0,6853,0,4434,755,0,0
2017-08-30,13731,13808,13693,13771,267636,3685615356,0.5623,3235,-3395,-1355,-8707,3489,728,-1014,0,4149,0,1515,0
2017-08-31,13769,13845,13655,13771,469719,6468500349,0.0,28711,-7767,-24946,-16191,-2334,0,-4282,8,-2206,4002,0,59
2017-09-01,13808,13808,13425,13465,872973,11754581445,-2.2221,200442,-103111,-110217,-122023,-2002,-3502,-35360,28,52608,12780,106,34
2017-09-04,13272,13731,13234,13618,584797,7963765546,1.1363,-110774,44444,62882,13433,6866,16432,7217,0,18934,4050,-602,0
2017-09-05,13693,13731,13272,13350,530026,7075847100,-1.968,146963,-67816,-79074,-65508,-47371,-131,2509,0,31427,-93,20,0
2017-09-06,13348,13463,13042,13121,611760,8026902960,-1.7154,102675,-92555,-11144,-36529,-7221,796,8030,0,23780,1099,-75,0
2017-09-07,13081,13348,13081,13273,339491,4506064043,1.1584,-15506,-7986,23490,-13502,347,33108,-1023,0,4560,2,0,0
2017-09-08,13196,13311,12812,12968,592176,7679338368,-2.2979,66736,-17720,-53132,-45652,-10646,16,-19062,0,22212,5254,-1138,0
2017-09-11,12966,13042,12699,12776,597808,7637595008,-1.4806,93074,-21037,-74995,-24844,-8738,-55060,-12847,0,26977,3030,-72,-483
2017-09-12,12812,13234,12775,13082,744743,9742727926,2.3951,-16023,105128,-89243,-4851,-6503,-60587,-9460,0,-8325,100,38,483
2017-09-13,13042,13119,12928,12929,443931,5739583899,-1.1695,20090,-39895,13904,-14579,-1846,-10934,583,0,40740,6001,-100,-60
2017-09-14,12928,13311,12928,13159,638764,8405495476,1.7789,11326,46508,-57734,-35593,-4252,-11464,-4257,-16,-2156,0,-100,4
2017-09-15,13042,13234,13005,13197,437522,5773977834,0.2888,53330,-40458,-16306,2236,-13734,-14,9666,0,-14460,3534,-100,0
2017-09-18,13158,13272,13042,13082,321293,4203155026,-0.8714,63573,-12652,-53418,-9880,2283,-7,-35756,0,-10058,2097,400,0
2017-09-19,13081,13539,13042,13312,703052,9359028224,1.7581,79705,-11188,-78870,-11325,-37406,-29906,-6842,0,6609,10470,-117,0
2017-09-20,13311,13387,13005,13082,614402,8037606964,-1.7278,88869,-20911,-67992,453,-35371,-20567,-19431,0,6924,61,-27,0
2017-09-21,13042,13081,12775,12891,584145,7530213195,-1.46,125721,-17627,-105332,-67272,-21645,-9459,-411,0,-6545,20,-2782,0
2017-09-22,12775,12890,12622,12739,642036,8178896604,-1.1791,7243,13645,-35646,-39083,1419,0,-1812,0,3830,15050,-292,0
2017-09-25,12584,12736,12277,12433,608394,7564162602,-2.4021,-21878,-31334,53151,-31357,-2490,19546,52953,0,14499,61,0,0
2017-09-26,12316,12775,12316,12700,394296,5007559200,2.1475,-49541,46500,617,-18340,-3642,25,-14942,0,37516,2424,0,0
2017-09-27,12699,13234,12660,13006,903091,11745601546,2.4094,-49442,27533,24607,-20186,39868,20591,280,0,-15946,-3078,380,0
2017-09-28,12966,13081,12660,12739,479327,6106146653,-2.0529,133895,-30454,-104555,-70395,8215,-56477,2506,0,11596,1109,5,0
2017-09-29,12736,13158,12736,13082,593714,7766966548,2.6925,-19340,-8263,24798,-14328,7359,-23862,-362,-48,56123,1990,815,-84
2017-10-10,13348,13502,13234,13465,808468,10886021620,2.9277,75526,-61695,-17953,-30649,-2589,-467,-3818,-62,19708,4122,0,-76
2017-10-11,13425,14305,13387,13924,1562408,21754968992,3.4088,-94989,-33236,115343,-48902,38167,37133,29549,0,59396,11894,988,0
2017-10-12,14037,14075,13655,14000,798595,11180330000,0.5458,56301,-21343,-43099,24164,-1102,-531,-27805,0,-37825,7169,972,0
2017-10-13,14075,14458,13884,14268,982082,14012345976,1.9143,13747,4207,4103,-6675,-1740,17671,-19690,0,14537,-21740,-317,0
2017-10-16,14191,14458,13808,14077,858233,12081345941,-1.3387,-44453,7960,36023,5048,-25789,24324,-15037,0,47477,770,-300,0
2017-10-17,14114,14687,13961,14421,1320001,19035734421,2.4437,-54217,-90820,167495,33678,58151,47659,15925,0,12082,-22258,-200,0
2017-10-18,14573,14573,13999,14191,838948,11905511068,-1.5949,48187,-169472,124938,51396,43531,4855,31000,0,-5844,-3638,-15,0
2017-10-19,14343,15337,14343,15033,2632442,39573500586,5.9333,-60290,-16093,50417,28061,-16589,-32705,32366,0,39284,26480,-514,0
2017-10-20,14955,16830,13922,14842,10594767,157247531814,-1.2705,1073253,-653908,-422930,-100659,24944,187184,49769,-15080,-569088,4717,-1132,0
2017-10-23,15031,15108,14037,14077,2675015,37656186155,-5.1543,261538,123553,-384230,-151839,5755,-173828,-79517,0,15199,-7828,6967,0
2017-10-24,14191,14381,13693,13771,1561944,21509530824,-2.1738,-44486,139023,-98276,-28477,-14754,-14443,-76590,0,35988,3163,576,0
2017-10-25,13808,13922,13425,13771,1369209,18855377139,0.0,-139197,231018,-77850,-51477,-10456,12395,-42497,424,13761,-9116,-4855,0
2017-10-26,13808,14037,13731,13924,819247,11407195228,1.111,-63180,48558,10784,-46776,33100,-2442,1427,0,25475,3864,-26,0
2017-10-27,13884,14191,13884,14077,769981,10839022537,1.0988,-75471,130118,-53971,-35291,-17646,3684,-1080,0,-3638,-746,70,0
2017-10-30,14114,14151,13655,13694,646008,8846433552,-2.7208,65238,27052,-94429,-14584,-5909,-55330,-11007,0,-7601,1962,177,2
2017-10-31,13731,13845,13272,13388,1308149,17513498812,-2.2346,96229,-16015,-96594,-40681,-13285,-27841,-23452,-25,8739,15670,710,-49
2017-11-01,13272,13387,12852,12968,1674461,21714410248,-3.1371,339255,-10051,-339723,-120735,-24278,-133289,-50812,-30,-10540,5190,5329,-39
2017-11-02,13005,13119,12928,13082,608742,7963562844,0.8791,19224,-49618,30236,24549,-2640,11405,-18540,0,15462,9,149,0
2017-11-03,13119,13272,13119,13197,521067,6876521199,0.8791,16277,-49419,31650,-4865,5683,12709,-1333,0,19456,1192,300,0
2017-11-06,13196,13234,12890,13006,931369,12113385214,-1.4473,293660,-128983,-167359,-133736,-13776,23106,-29844,0,-13109,2360,322,0
2017-11-07,12928,13005,12699,12815,1141117,14623414355,-1.4686,297944,-123241,-184475,-45059,-19697,-89429,-40379,0,10089,9377,395,0
2017-11-08,12699,12928,12699,12929,739259,9557879611,0.8896,-7864,-138153,145973,-11904,26505,131214,-694,0,852,-196,240,0
2017-11-09,12928,13425,12852,13388,1648838,22074643144,3.5502,-247697,48513,201231,-10333,33068,190516,109,0,-12129,-1886,-161,0
2017-11-10,13387,13693,13234,13618,1048798,14282531164,1.718,-75263,-113170,182122,-8974,29224,114928,38320,0,8624,6846,-535,0
2017-11-13,13655,13693,13387,13465,654990,8819440350,-1.1235,16109,-8503,-9269,-3151,-19328,19648,746,0,-7182,1661,2,-2
2017-11-14,13387,13463,13158,13388,699243,9361465284,-0.5719,2092,-10602,-2625,10610,-13919,-31505,-4445,0,36634,11025,110,0
2017-11-15,13348,13387,12812,12853,1147939,14754459967,-3.9961,247950,52888,-302919,-43132,-15422,-173098,-102126,0,30859,371,1710,0
2017-11-16,12812,12812,12507,12585,1277149,16072920165,-2.0851,389830,-102960,-288916,-87861,-11544,39744,-183123,0,-46132,368,1678,0
2017-11-17,12545,12736,12430,12470,933965,11646543550,-0.9138,135868,-6673,-119304,-26184,-24377,-52348,-31243,0,14848,-10940,1049,0
2017-11-20,12393,12584,12316,12355,812717,10041118535,-0.9222,81168,-24114,-60877,-45821,-5039,-13279,834,0,2428,1720,2103,0
2017-11-21,12354,12430,12009,12087,1677331,20273899797,-2.1692,200991,-115102,-95781,-43982,-53144,-39798,-5171,0,46314,2064,7828,0
2017-11-22,12124,12430,12048,12164,1029133,12518373812,0.637,159406,-105360,-56497,-19439,-40,-15779,-547,0,-20692,2440,11,0
2017-11-23,12239,12430,12163,12433,636151,7909265383,2.2114,-67187,34284,32362,-12892,21911,144,531,0,22668,590,-49,0
2017-11-24,12469,12507,12316,12355,498983,6164934965,-0.6274,72878,-62035,-9776,2860,-17108,1006,-1577,0,5043,-1197,130,0
2017-11-27,12354,12469,12201,12241,478663,5859313783,-0.9227,23155,-18210,-3531,-2477,-3020,6341,1234,0,-5609,-1615,201,0
2017-11-28,12201,12316,12124,12164,518119,6302399516,-0.629,68142,-71725,2587,5940,2916,391,-19745,0,13085,1096,-100,0
2017-11-29,12163,12393,12087,12241,526038,6439231158,0.633,-119447,105338,17109,4603,-4867,1105,26,0,16242,-3000,0,0
2017-11-30,12393,12545,12277,12547,899947,11291635009,2.4998,-111249,72083,37866,2997,1799,217,1063,600,31171,1200,100,19
2017-12-01,12584,12584,12163,12241,759687,9299328567,-2.4388,185847,-171724,-15225,-4231,317,-19758,409,300,7706,1100,2,32
2017-12-04,12239,12354,12163,12317,446936,5504910712,0.6209,20486,12288,-32874,-6339,-639,12328,299,0,-38523,100,0,0
2017-12-05,12469,13616,12469,13426,3946903,52991119678,9.0038,-765297,425776,352133,108070,61773,138026,32346,0,11918,1621,-14233,0
2017-12-06,13425,13502,12775,12968,2017690,26165403920,-3.4113,209743,-285429,75173,113322,-39405,-24405,16324,0,9337,23,490,0
2017-12-07,13425,13655,12622,12776,2109503,26951010328,-1.4806,240369,-161654,-99251,-17687,-32684,-69000,1030,0,19090,20641,-105,0
2017-12-08,12736,12736,12009,12087,1819164,21988235268,-5.3929,418550,-245949,-182405,-64553,-14495,-155906,-11305,0,63854,3270,6534,0
2017-12-11,12163,12354,12048,12087,616912,7456615344,0.0,83058,-100217,13667,3888,-18568,-10521,4332,0,34536,3442,50,0
2017-12-12,12087,12201,12009,12126,504346,6115699596,0.3227,87730,-87730,3811,-4952,-983,4829,235,100,4582,-3920,109,0
2017-12-13,12124,12354,12124,12241,514186,6294150826,0.9484,16051,-85130,70438,3538,-2860,3283,-3259,4243,65594,-1000,-359,-101
2017-12-14,12277,12507,12163,12164,998741,12148685524,-0.629,40042,31605,-69252,-5909,-51310,42325,29,-4780,-49540,-2699,304,-67
2017-12-15,12239,12393,12163,12317,646078,7957742726,1.2578,14017,-73563,61055,-1028,-6687,27444,709,100,40517,-1500,-9,0
2017-12-18,12316,12354,12048,12050,697020,8399091000,-2.1677,157729,-69547,-89350,-217,-39397,-74035,-9687,200,33866,1100,68,-80
2017-12-19,12048,12239,12009,12126,517422,6274259172,0.6307,-25982,-510,28417,-5122,7524,19749,-312,0,12416,-1925,0,-5838
2017-12-20,12087,12277,12048,12241,373913,4577069033,0.9484,-69249,-756,69257,3455,8083,15113,-131,1000,41737,700,48,0
2017-12-21,12201,12277,12087,12126,446842,5418406092,-0.9395,25256,-779,-29231,-7094,3420,-51602,400,900,24745,4734,20,0
2017-12-22,12201,12201,11857,11973,623672,7467224856,-1.2618,112485,-49369,-63688,-2707,-5493,-32354,-20165,300,-3269,350,222,0
2017-12-26,12009,12201,12009,12126,659923,8002226298,1.2779,-147682,87972,70402,-22569,11662,-6364,6261,0,81412,-10692,0,0
2017-12-27,11895,12048,11742,11820,646691,7643887620,-2.5235,132203,617,-115934,-35174,-60468,-33600,-1718,-3500,18526,-17408,522,0
2017-12-28,11742,11895,11666,11744,571802,6715242688,-0.643,9031,119864,-130787,-107693,-7970,8832,1265,0,-25237,1666,226,16
2018-01-02,11703,11933,11513,11935,698328,8334544680,1.6264,-107425,155834,-51564,-2265,-2376,11430,-7774,0,-50589,-7000,10155,10
2018-01-03,11857,12277,11857,11973,759444,9092823012,0.3184,-40202,170013,-121857,-99653,-1930,-22989,-4189,0,6977,-7954,0,-73
2018-01-04,12087,12430,11971,12355,952964,11773870220,3.1905,-56163,119584,-51911,-14109,619,10166,-919,0,-47668,-11258,-252,0
2018-01-05,12354,12469,12201,12355,578239,7144142845,0.0,-41794,63115,-19290,-1324,-6,-17155,-44,0,-761,-2550,519,0
2018-01-08,12316,12545,12316,12355,824488,10186549240,0.0,-50048,22427,29201,-7290,-13585,34532,-555,0,16099,2050,-3630,0
2018-01-09,12354,12699,12354,12623,785576,9916325848,2.1692,-136014,168599,-26563,-1965,-2214,31479,-1734,0,-52129,-5520,-502,0
2018-01-10,12812,13463,12775,13159,2693779,35447437861,4.2462,-682132,620046,73252,28022,15268,-10958,107872,0,-67412,-630,-10536,460
2018-01-11,13234,13311,12928,13006,831536,10814957216,-1.1627,-68466,174607,-107621,-9366,4716,2716,-119,0,-107904,1562,-82,2336
2018-01-12,13005,13425,13005,13159,994313,13084164767,1.1764,-101462,120394,-21499,-34281,25908,14,264,0,-13404,2576,-9,0
2018-01-15,13234,13387,12852,12929,510985,6606525065,-1.7479,-59789,62457,-1394,2527,-8426,-10859,1235,0,14129,-1298,24,0
2018-01-16,12852,13158,12507,12585,915158,11517263430,-2.6607,34386,21741,-67674,-10327,-6410,-47816,260,0,-3381,11244,303,0
2018-01-17,12545,12584,10938,12241,5304503,64932421223,-2.7334,50761,-125599,4546,-36874,-11464,23088,-3479,0,33275,66574,3718,0
2018-01-18,12201,12239,11818,11935,1044683,12468291605,-2.4998,254637,-116569,-134465,-3892,-10329,-26539,-54746,0,-38959,-3334,-269,0
2018-01-19,11857,12048,11703,12011,697340,8375750740,0.6368,11046,-7423,-4193,3504,-23242,-9043,-27302,0,51890,491,79,0
2018-01-22,11933,12048,11781,11820,540829,6392598780,-1.5902,57480,9102,-66597,176,-6423,-63904,-240,0,3794,-45,60,0
2018-01-23,11781,12163,11781,12164,585545,7122569380,2.9103,-38815,81629,-42811,-15479,4738,-440,-1934,0,-29696,2,-5,0
2018-01-24,12239,12469,12124,12241,750787,9190383667,0.633,-35796,55756,6737,2659,-892,-21150,-327,-153,26600,-14597,-12100,0
2018-01-25,12239,12430,12239,12317,1087426,13393826042,0.6209,-209649,267366,-8095,-15066,6185,-14069,3992,0,10863,-49532,-90,0
2018-01-26,12393,12469,12048,12355,826588,10212494740,0.3085,-82119,26769,51899,41419,-3321,4669,10912,0,-1780,3468,-17,0
2018-01-29,12430,13119,12393,12929,2392035,30926620515,4.6459,33556,154550,-184627,-61394,3929,-29926,8594,0,-105830,1670,-5149,0
2018-01-30,13005,13234,12736,12815,995788,12761023220,-0.8817,29415,21950,-53585,-32713,-10127,-4623,19415,0,-25537,2300,-80,0
2018-01-31,12699,13005,12354,13006,941348,12243172088,1.4904,-66581,9698,35800,38052,316,17146,8191,0,-27939,21114,-31,34
2018-02-01,13005,13119,12775,12776,425967,5442154392,-1.7684,60321,-70710,11119,-4868,11212,72,1165,0,3511,-730,0,27
2018-02-02,12812,12890,12316,12433,673637,8375328821,-2.6847,76444,-81714,2835,-11100,4515,-5,2505,302,6485,2470,-35,133
2018-02-05,12163,12239,12048,12050,730957,8808031850,-3.0805,-2565,-53998,55652,1218,8820,146,-373,0,45889,1006,-95,-48
2018-02-06,11742,11857,11513,11781,1246055,14679773955,-2.2324,79025,-96283,12697,898,8315,-40066,2336,0,41214,-732,5293,0
2018-02-07,11971,12009,11781,11857,725419,8601293083,0.6451,-10604,49977,-40384,-1662,591,8551,3978,0,-51842,1111,-100,0
2018-02-08,11933,12009,11513,11552,1037310,11983005120,-2.5723,195062,-71752,-125090,123,10355,-75619,585,0,-60534,320,1460,0
2018-02-09,11360,11703,11168,11629,856744,9963075976,0.6666,-53060,-93611,144409,-35924,54925,49319,66394,-619,10314,1962,300,0
2018-02-12,11627,11703,11398,11438,561487,6422288306,-1.6424,80649,-39828,-40856,-84140,54679,8894,1941,0,-22230,49,-14,0
2018-02-13,11474,11551,11054,11054,833032,9208335728,-3.3572,253545,-108287,-148801,-95050,-260,-9957,-5230,0,-37516,1100,2443,-788
2018-02-14,11092,11206,10978,11094,552014,6124043316,0.3619,169796,-16901,-155416,-95335,-6387,-64093,-4031,0,13642,2483,38,788
2018-02-19,11092,11398,11054,11400,433950,4947030000,2.7582,-79168,82371,-6919,-1822,1718,-407,-537,0,-5871,3666,50,0
2018-02-20,11398,11933,11360,11705,725526,8492281830,2.6754,-104225,-33014,135116,36912,44334,97039,-360,-96,-42490,100,2023,-223
2018-02-21,11742,11818,11551,11590,360541,4178670190,-0.9825,60986,-48753,-15965,23315,836,7200,2674,0,-49990,3752,-20,0
2018-02-22,11551,11666,11398,11438,318446,3642385348,-1.3115,792,24114,-27072,1866,64,-2743,547,0,-26806,2197,-31,0
2018-02-23,11513,11589,11360,11552,466711,5391445472,0.9967,35228,-17916,-16743,56033,-4944,-22196,276,0,-45912,-569,0,0
2018-02-26,11742,11781,11551,11744,381581,4481287264,1.662,-37514,-951,38967,2717,25453,8648,201,0,1948,-2,-500,0
2018-02-27,11742,11818,11590,11590,306646,3554027140,-1.3113,29944,-35127,4183,-2196,-2810,27900,235,0,-18946,1000,0,0
2018-02-28,11474,11666,11321,11438,515770,5899377260,-1.3115,52216,57824,-109775,-7373,-9306,4500,-43517,-468,-53370,-266,1,-241
2018-03-02,11284,11398,11168,11208,425368,4767524544,-2.0108,94291,-43921,-51974,-6905,311,-22608,1061,356,-24213,1254,350,24
2018-03-05,11206,11360,11092,11132,411260,4578146320,-0.6781,-29791,38370,-7504,12396,4260,-2898,-428,154,-20988,-2975,1900,0
2018-03-06,11168,11284,11054,11132,487624,5428230368,0.0,116199,-48886,-47028,-6732,-4456,-17618,4818,0,-23040,-20300,15,0
2018-03-07,11130,11245,10978,11017,531589,5856516013,-1.0331,16324,54730,-70983,-6179,-9749,293,811,0,-56159,-101,30,0
2018-03-08,11054,11360,10978,11361,755321,8581201881,3.1224,-50188,-35923,86016,163996,10574,-748,-2839,-5,-84949,0,95,-13
2018-03-09,11360,11666,11284,11514,715073,8233350522,1.3467,-64207,22377,37541,69577,-14056,25448,-15444,0,-27984,-33,4322,0
2018-03-12,11703,11818,11551,11629,678848,7894323392,0.9988,-21117,105956,-85439,-59377,6728,-3170,-2293,0,-27327,2500,-1900,0
2018-03-13,11551,11781,11513,11629,480574,5588595046,0.0,-14409,56819,-39351,21682,-20770,-7545,1510,0,-34228,-3057,-2,0
2018-03-14,11703,12239,11513,11590,3168797,36726357230,-0.3354,493690,195748,-690680,-62241,143587,-223828,-13319,0,-534879,1720,-478,0
2018-03-15,11168,11474,11130,11246,1592581,17910165926,-2.9681,210549,73318,-286081,-133048,3569,-3833,-1986,0,-150783,1125,1089,0
2018-03-16,11284,11703,11245,11590,999213,11580878670,3.0589,-157851,155638,-3889,38021,2325,-10657,18,0,-32796,7203,-1101,-800
2018-03-19,11666,11781,11513,11629,646325,7516113425,0.3365,-1046,14552,-27205,30500,5487,-1999,436,0,-61629,13900,-201,0
2018-03-20,11551,11781,11513,11667,444844,5189994948,0.3268,-9609,12269,-2660,8301,-79,-7104,-120,0,-3637,0,0,-21
2018-03-21,11666,12201,11666,11857,1062067,12592928419,1.6285,-44280,105548,-50018,-15456,-303,13029,-351,-13,-46918,-11300,50,-6
2018-03-22,12048,12239,11857,11935,904732,10797976420,0.6578,117118,-17264,-98018,-106336,-414,-9020,118,-20,17654,-2260,424,0
2018-03-23,11742,11895,11436,11476,869106,9973860456,-3.8458,84327,10547,-98919,-12928,1414,-66698,-31,77,-20733,4035,10,-20
2018-03-26,11703,11895,11436,11705,560902,6565357910,1.9955,19491,12815,-34179,-9601,-1053,-2601,171,-13,-21075,1873,0,-7
2018-03-27,12124,12736,11933,12661,2929042,37084600762,8.1674,-603618,728781,-145962,12599,-5433,-6887,339,0,-146559,26765,-5966,-21
2018-03-28,12584,12852,12163,12393,1301368,16127853624,-2.1167,189063,-12531,-176957,-50999,502,-36775,-4430,0,-85235,2000,-1575,-20
2018-03-29,12354,12430,11933,12164,1189083,14464005612,-1.8478,61455,72930,-114647,-94985,1109,-26920,1278,-13,4891,-19701,-37,-7
2018-03-30,12201,12354,12087,12164,692095,8418643580,0.0,-46822,-26373,72525,19834,-2394,85588,18,-13,-30478,-6,676,-30
2018-04-02,12277,12354,11627,11705,1333653,15610408365,-3.7734,68803,59026,-129839,-42129,-33304,-32787,-1234,-21,-20337,2670,-660,-27
2018-04-03,11513,11895,11513,11820,693439,8196448980,0.9825,43024,-26000,-18025,-6677,5348,-4648,4199,0,-16247,1001,0,0
2018-04-04,11857,11857,11436,11476,893061,10248768036,-2.9103,71265,75079,-152045,-83404,-4554,1438,-1138,0,-64387,616,5085,0
2018-04-05,11590,11666,11474,11590,497077,5761122430,0.9934,29498,-9054,-20444,-65852,22,0,-388,0,45774,0,0,0
2018-04-06,11590,11666,11360,11438,613496,7017167248,-1.3115,45125,-55079,14168,3544,-14139,-3950,-405,0,29118,-4250,36,0
2018-04-09,11436,11513,11245,11361,554735,6302344335,-0.6732,43959,-55240,10719,-12726,-137,-6585,-722,0,30889,200,362,0
2018-04-10,11321,11474,11168,11400,502125,5724225000,0.3433,-16178,-3109,18642,-1337,-837,20275,-12143,0,12684,645,0,0
2018-04-11,11436,11513,11321,11438,382964,4380342232,0.3333,11160,10300,-21520,-2775,-1625,-645,-4746,0,-11729,0,60,0
2018-04-12,11474,11551,11321,11438,426317,4876213846,0.0,43489,-88578,44474,2954,-765,-627,-254,0,43166,215,400,0
2018-04-13,11436,11513,11245,11284,614433,6933261972,-1.3464,133574,-95168,-52928,11291,-640,9011,-43907,0,-28683,6498,8024,0
2018-04-16,11436,11513,11360,11438,507956,5810000728,1.3648,87638,-113957,34019,19731,22343,-4442,-2498,0,-1115,300,-8000,0
2018-04-17,11513,11666,11436,11590,525525,6090834750,1.3289,-21669,-6101,27910,40436,2500,7349,-307,0,-22068,-60,-80,0
2018-04-18,11666,12430,11627,12279,2406033,29543679207,5.9448,-83957,44285,-19411,29264,-2105,17599,-161,481,-64489,68253,-9170,0
2018-04-19,12316,12622,12163,12547,1329569,16682102243,2.1826,-291313,141011,146373,-5055,41763,125721,1153,92,-17301,3583,346,0
2018-04-20,12622,13081,12469,12929,2451435,31694603115,3.0446,-612361,250748,419085,27911,213807,260228,64734,18724,-170911,-57150,-322,4592
2018-04-23,13158,13387,12699,13006,3050890,39679875340,0.5956,-103570,233261,-190628,-15232,52925,-48498,-8878,8486,-179431,59930,1007,0
2018-04-24,12890,12966,12393,12929,1097586,14190689394,-0.592,-207168,301773,-92768,-21577,7454,-42848,696,1300,-39093,-1202,-635,1300
2018-04-25,12736,13119,12736,12891,828490,10680064590,-0.2939,4234,75036,-74231,15659,-8239,-32084,1164,2928,-55005,-5469,430,1346
2018-04-26,12966,13196,12660,13045,948068,12367547060,1.1946,-165130,5544,159911,-1212,26194,-5263,-3234,3114,140312,0,-325,0
2018-04-27,13119,13463,13005,13197,1515196,19996041612,1.1652,-189283,174128,14602,1618,127224,12373,-2079,12,-127414,-375,928,2868
2018-04-30,13387,13884,13348,13694,3114728,42653085232,3.766,-248405,414365,-108436,-36935,-56309,47985,-16921,12000,-59832,-56674,-850,1576
2018-05-02,14151,14343,13578,13885,2252341,31273754785,1.3948,58492,17548,-55245,8366,-12946,2430,-10232,10654,-51917,-20640,-155,-1600
2018-05-03,13884,14840,13731,14115,3550511,50115462765,1.6565,-218819,257571,-229589,-46899,-6367,62651,-15437,-4893,-218644,189532,1305,0
2018-05-04,14497,14879,14228,14689,2198935,32300156215,4.0666,-199655,311218,-112743,-3189,1302,17761,1701,0,-130258,1331,-151,-60
2018-05-08,14687,14840,14305,14345,1587210,22768527450,-2.3419,-110598,148212,-48800,55688,-60113,-30100,-10347,-11025,7097,11204,-18,0
2018-05-09,14420,14497,13884,14154,1214935,17196189990,-1.3315,-98170,65545,96752,56098,463,-14195,1718,0,52668,-64091,-36,0
2018-05-10,14381,15070,14343,14994,2328568,34914548592,5.9347,-261688,30867,320642,108760,167329,6694,3558,3000,30301,-84414,-5407,1000
2018-05-11,15184,15184,14458,14842,1897014,28155481788,-1.0137,-31585,-118741,143452,-35004,144491,-2981,-30809,4000,63755,7019,-145,0
2018-05-14,15184,15759,15031,15683,2424714,38026789662,5.6664,-281620,226899,67270,-22111,247716,-58003,-9978,4000,-78658,-9027,-3522,-15696
2018-05-15,15912,16447,15606,16258,3395739,55207924662,3.6664,-49762,181075,-117087,-40565,73406,129865,-37946,1820,-243566,-9395,-4831,-101
2018-05-16,15452,16141,15414,15646,1950653,30519916838,-3.7643,-136873,19379,99178,-17649,20829,-73800,2119,0,167679,13412,4904,0
2018-05-17,15797,16295,15376,15530,1369051,21261362030,-0.7414,-27876,65603,-47762,18061,-17987,-30707,-8549,0,-8580,10335,-300,0
2018-05-18,15682,15912,15223,15606,940828,14682561768,0.4894,-95695,116727,-29147,-572,941,-600,-72,0,-28844,8125,-10,0
2018-05-21,15530,15682,15108,15224,1012236,15410280864,-2.4478,-52136,106712,-27136,-4705,-12148,5029,-61,-5485,-9369,-24616,-2824,-397
2018-05-23,14994,15376,14458,15224,1863507,28370030568,0.0,58494,122302,-151105,47058,-17835,2846,-325,3000,-185849,-30086,395,0
2018-05-24,15223,15376,14649,14842,1026188,15230682296,-2.5092,1021,71192,-101434,-1225,-44831,-11214,-343,0,-43821,29171,50,0
2018-05-25,13808,14687,13808,14230,1835008,26112163840,-4.1234,-239142,366214,-121815,-2695,-53366,-16259,-201,-8036,-41258,-5255,-2,0
2018-05-28,14994,15682,14879,15148,2504935,37944755380,6.4512,191862,-6466,-146225,25270,6124,42572,-14032,6544,-212703,-39289,118,0
2018-05-29,14994,14994,14228,14307,1689053,24165281271,-5.5519,130405,-16791,-104988,783,-1173,-126049,-1724,0,23175,-8473,-153,0
2018-05-30,14228,14420,13884,14268,1564233,22318476444,-0.2726,41436,8591,-58925,31662,-1307,-16665,7280,-5000,-74895,-963,9861,0
2018-05-31,14381,14803,14037,14613,1910782,27922257366,2.418,-101257,1848,105864,83330,11496,7121,-335,145,4308,3615,-10070,-201
2018-06-01,14649,14879,14114,14268,587256,8378968608,-2.3609,63334,-49000,-14354,-7523,1787,-838,-279,0,-7294,-25,45,-207
2018-06-04,14534,14534,14075,14154,544842,7711693668,-0.799,-28245,70382,-43416,506,5135,-11474,1738,0,-39321,900,379,0
2018-06-05,14228,14573,14037,14574,798794,11641623756,2.9674,-37292,32859,4659,28816,4432,-15248,14759,0,-29661,-498,272,1561
2018-06-07,14458,14840,14191,14497,1034043,14990521371,-0.5283,33159,-70617,38364,62245,80551,-9861,7104,0,-93675,-448,-458,-8000
2018-06-08,14497,14534,14267,14268,435483,6213471444,-1.5796,-23058,-43989,61523,18799,74034,3780,12948,0,-48038,5631,-107,0
2018-06-11,14228,14840,14228,14536,799480,11621241280,1.8783,-58433,50418,8503,23003,51719,-10380,-14893,0,-40946,-288,-200,0
2018-06-12,14687,14726,14267,14307,756074,10817150718,-1.5754,-46497,27657,19126,108872,6276,-42909,10971,0,-64084,-186,-100,0
2018-06-14,14228,14228,13387,13465,1665092,22420463780,-5.8852,128547,98383,-241994,6216,-23531,-131318,12903,0,-106268,6911,8153,4
2018-06-15,13463,13731,13348,13579,944319,12822907701,0.8466,-107585,68415,47530,56203,19594,-22970,5298,0,-10595,-8430,70,0
2018-06-18,13234,13425,12852,13045,1285968,16775452560,-3.9325,-188485,112397,91269,-9288,-15415,-10390,-36937,0,163120,-15285,104,179
2018-06-19,12660,12890,12163,12203,3144064,38367012992,-6.4546,4183,492218,-474266,-316941,-458999,-107266,-1949,2185,417919,-15690,-6445,-9215
2018-06-20,12124,12430,12009,12433,1430411,17784299963,1.8848,94730,68555,-164988,-85309,-167990,25732,-1256,-2215,67758,1266,437,-1708
2018-06-21,12277,12430,11818,11857,1136589,13476535773,-4.6328,116173,-102545,-12832,-11601,-5432,-5508,-1188,-2955,19041,179,-975,-5189
2018-06-22,11666,12087,11666,11973,1053024,12607856352,0.9783,72257,51984,-110285,-81464,-45813,7139,-112,1978,7987,-13992,36,0
2018-06-25,11895,12239,11857,12011,868412,10430496532,0.3174,115530,-107934,-6147,-125012,-1287,22959,-89,-2938,100220,-1550,101,0
2018-06-26,11857,12469,11781,12203,1077217,13145279051,1.5985,-70285,-106545,182395,-66319,51039,11130,6435,14408,162880,-4861,-704,2822
2018-06-27,12201,12277,11703,11744,1096613,12878623072,-3.7614,227361,-46934,-181663,-214779,1527,248,3594,2853,-5001,35,1201,29895
2018-06-28,11666,12124,11666,11744,982363,11536871072,0.0,57921,-84915,26884,-72698,23643,58421,21209,0,563,100,10,-4254
2018-06-29,11857,12048,11666,11973,649809,7780163157,1.9499,-86187,89171,-3262,-2917,22418,-17662,25893,724,-29592,504,-226,-2126
2018-07-02,12009,12048,11015,11094,2182526,24212943444,-7.3415,404000,-206991,-209482,-263599,-23516,22350,-7875,-11988,95594,1617,10856,-20448
2018-07-03,11245,11360,10938,11246,845591,9509516386,1.3701,-95381,145695,-52265,-45337,-232,5870,627,-21638,8333,-2740,4691,112
2018-07-04,11054,11321,11054,11170,435221,4861418570,-0.6758,-46876,37837,13419,-7207,706,-307,339,-12889,32666,-4415,35,111
2018-07-05,11206,11245,10748,10941,775822,8488268502,-2.0501,-72475,50672,21072,-4723,-25167,-29918,671,1066,79143,489,242,0
2018-07-06,11054,11513,11015,11400,829058,9451261200,4.1952,-15424,3231,12652,12698,61808,15603,5522,0,-82979,-276,-183,0
2018-07-09,11321,11398,11092,11284,463992,5235685728,-1.0175,-23940,21809,2473,1696,-3932,-3384,-19691,0,27784,-292,-50,0
2018-07-10,11398,11474,11284,11323,585728,6632198144,0.3456,90245,-6489,-83756,-10222,-30571,144,-5654,-22978,-14475,0,0,0
2018-07-11,11245,11321,11054,11132,733208,8162071456,-1.6868,39767,-1585,-38026,-46990,-4574,22768,-10517,0,1724,4,-160,-437
2018-07-12,11130,11206,10862,10864,1212618,13173881952,-2.4075,387326,-98928,-291085,-53941,-45666,-196018,-497,0,6467,1224,1463,-1430
2018-07-13,10862,11015,10786,10902,733832,8000236464,0.3498,119349,16629,-136123,-69720,4448,-41765,-7903,0,-19383,109,36,-1800
2018-07-16,10978,10978,10786,10864,548574,5959707936,-0.3486,79366,-19423,-59828,-12421,-44743,6364,32,0,-8577,-115,0,-483
2018-07-17,10824,11130,10824,11017,598706,6595944002,1.4083,63147,9148,-72199,15189,-74398,-327,-371,-3020,-8491,-96,0,-781
2018-07-18,11015,11054,10594,10635,990906,10538285310,-3.4674,243665,-76572,-169507,-15815,-62552,-66381,-7065,0,-16711,1490,924,-983
2018-07-19,10671,10709,10289,10596,889442,9424527432,-0.3667,-159475,181136,-21599,-405,-39417,-32901,8564,0,43193,-87,25,-633
2018-07-20,10518,10786,10442,10635,545858,5805199830,0.3681,45597,66402,-112739,-42776,-91901,8533,-3514,0,16919,150,590,0
2018-07-23,10632,11092,10632,10941,894146,9782851386,2.8773,-169693,-17260,187759,61744,4793,115433,-47,0,5836,-886,80,0
2018-07-24,11015,11284,10824,11208,714069,8003285352,2.4404,-114331,53494,57435,-6092,43720,13577,3870,0,2360,3602,-200,0
2018-07-25,11398,11627,11206,11284,992407,11198320588,0.6781,-11574,-90662,101096,20069,-12055,96333,-4712,0,1461,929,211,0
2018-07-26,11512,11512,11245,11246,492896,5543108416,-0.3368,63281,-44657,-18360,108,-117,-552,-903,0,-16896,6,-270,0
2018-07-27,11321,11436,11168,11361,535379,6082440819,1.0226,-19364,9081,10668,15139,-76592,-1275,-25,0,73421,-400,15,0
2018-07-30,11321,11590,11321,11514,512119,5896538166,1.3467,-62558,77364,-14418,34669,-23403,-8306,-34546,0,17168,-549,161,0
2018-07-31,11474,11513,11245,11514,668719,7699630566,0.0,-23370,101665,-78287,11495,-34319,-3916,-6275,0,-45269,2,-10,-3
2018-08-01,11398,11398,10862,10941,1923549,21045549609,-4.9766,584190,-142322,-435249,-107169,-152707,-116152,-116200,-9602,66585,-6626,7,-4
2018-08-02,10938,11245,10900,10978,825027,9057146406,0.3382,-12703,175481,-165293,-6923,-112392,-53100,105,0,7017,2418,97,0
2018-08-03,11054,11360,11015,11361,825080,9373733880,3.4888,-174368,206409,-31464,12877,-20833,21085,948,0,-45541,-500,-77,0
2018-08-06,11360,11513,11092,11284,520714,5875736776,-0.6778,60245,-13670,-46899,-48050,18210,-29338,289,0,11990,324,0,0
2018-08-07,11321,11398,10978,11323,312958,3543623434,0.3456,-8058,33920,-25849,-598,1247,-18645,-885,0,-6968,132,-145,0
2018-08-08,11284,11398,11206,11323,404273,4577583179,0.0,18341,43683,-81666,-14307,-3424,-27891,-23214,0,-12906,19542,100,76
2018-08-09,11360,11474,11206,11208,621406,6964718448,-1.0156,60777,51401,-110334,-83242,212,357,-1128,0,-26571,-1894,50,38
2018-08-10,11321,11590,11206,11590,1169536,13554922240,3.4083,-340586,75438,289092,56783,36442,27202,71909,0,96756,-23890,-54,0
2018-08-13,11666,11666,11130,11132,817895,9104807140,-3.9517,246471,-218922,-27504,-44392,1177,1812,-1995,0,15894,5,-50,0
2018-08-14,11092,11284,11092,11208,425307,4766840856,0.6827,40196,-20777,-15430,115,397,-14570,1138,0,-2510,-3999,10,0
2018-08-16,11092,11284,11054,11208,411333,4610220264,0.0,-71815,113909,-41628,-7256,42,-11301,288,0,-23401,-500,34,0
2018-08-17,11360,11398,11206,11284,352649,3979291316,0.6781,20226,16199,-37816,2410,1281,182,-1897,0,-39792,1398,-7,0
2018-08-20,11321,11436,11284,11438,436961,4997959918,1.3648,-15368,-12785,-2271,1230,-53,-1414,-3565,0,1531,30424,0,0
2018-08-21,11474,11474,11206,11361,641403,7286979483,-0.6732,122225,-36892,-101297,-26156,6,-1151,-87684,0,13688,16176,-212,0
2018-08-22,11360,11551,11284,11323,484888,5490386824,-0.3345,-25413,51413,-27683,-1724,246,-6870,-84,0,-19251,3261,-1578,0
2018-08-23,11398,11436,11168,11284,475273,5362980532,-0.3444,38031,-716,1192,-1646,27718,-22297,-2808,0,232,-38487,-20,-7
2018-08-24,11245,11284,11130,11208,423661,4748392488,-0.6735,31770,-299,-31205,-27288,-36,-31988,-286,0,28393,-266,0,0
2018-08-27,11206,11245,10978,11054,661374,7310828196,-1.374,96495,18334,-111100,-47931,-706,-59125,-25826,0,22488,-3729,0,0
2018-08-28,11168,11551,11092,11438,1140057,13039971966,3.4739,-305639,240769,65573,-55423,80286,-21795,750,-3251,65006,-719,16,0
2018-08-29,11474,11666,11398,11552,790216,9128575232,0.9967,-81071,-20352,88421,181,115904,-17109,-108,0,-10447,12882,120,0
2018-08-30,11590,11665,11168,11170,1039915,11615850550,-3.3068,126206,-32889,-98253,-15782,-111281,-384,43157,0,-13963,4000,936,0
2018-08-31,11168,11284,10709,10826,1594383,17260790358,-3.0797,305830,-118173,-188352,-33712,-80215,-34499,-44748,0,4836,568,127,-14
2018-09-03,10900,10978,10748,10902,473825,5165640150,0.702,-9330,37162,-28502,27719,-46182,5261,-1515,0,-13836,547,123,51
2018-09-04,10978,11054,10862,10941,409446,4479748686,0.3577,-11109,-37761,48303,51509,-387,-1375,10097,0,-11541,517,50,0
2018-09-05,10862,11206,10862,11017,575394,6339115698,0.6946,27068,-15399,-12266,32779,725,-28629,581,0,-17722,622,-25,0
2018-09-06,11054,11245,11054,11170,517601,5781603170,1.3888,-122025,79359,42019,36346,6678,2103,-940,0,-2168,496,151,0
2018-09-07,11245,11321,11092,11284,471629,5321861636,1.0206,-98151,35359,62874,44141,703,0,-300,0,18330,0,-82,0
2018-09-10,11284,11589,11168,11552,766013,8848982176,2.375,-224438,66795,150214,37588,1038,25331,41009,0,45521,8311,-882,-273
2018-09-11,11627,11627,11245,11323,643861,7290438103,-1.9823,68706,-56749,-12290,2521,578,-4696,-889,0,-9804,-270,603,0
2018-09-12,11398,11436,11130,11246,449721,5057562366,-0.68,8729,-10129,1463,2238,-1645,-2152,-4380,0,7402,5,-68,0
2018-09-13,11321,11474,11206,11400,693372,7904440800,1.3694,-96453,112188,-15597,21477,-7925,-41094,-481,0,12426,32,-170,0
2018-09-14,11474,11551,11284,11361,490395,5571377595,-0.3421,-23769,-16754,40221,45718,-539,0,49,0,-5007,352,-50,0
2018-09-17,11436,11436,11245,11323,424633,4808119459,-0.3345,3438,-12738,9052,29609,-1502,0,420,0,-19475,5,243,0
2018-09-18,11245,11398,11168,11400,488819,5572536600,0.68,-58880,-45059,104276,50604,9524,0,49362,501,-5954,-200,-137,239
2018-09-19,11436,11666,11360,11438,810103,9265958114,0.3333,-61394,16942,54644,9637,42830,0,16084,193,-14100,-9513,-679,0
2018-09-20,11474,11590,11245,11323,518617,5872300291,-1.0054,-24497,22457,2183,72,2425,18031,-1465,0,-16880,2,-145,0
2018-09-21,11398,11590,11284,11361,827852,9405226572,0.3356,-25617,55422,-29595,-26037,-3783,493,-2357,0,2089,-325,115,0
2018-09-27,11360,11551,11321,11438,615366,7038556308,0.6778,-53978,71579,-19381,40155,-28074,-24348,-896,0,-6218,1850,-70,0
2018-09-28,11398,11513,11321,11400,551013,6281548200,-0.3322,-36469,-38713,74182,33251,21228,55,1459,0,18153,1000,0,36
2018-10-01,11436,11512,11206,11476,654049,7505866324,0.6667,-82110,-31834,113345,24204,941,64950,59,0,23158,699,-100,33
2018-10-02,11551,11781,11321,11323,1017916,11525862868,-1.3332,55265,-32816,-22500,-26054,-143,-18098,1688,0,20107,645,-594,0
2018-10-04,11436,11436,10900,11054,922503,10197348162,-2.3757,52568,3375,-59628,-71759,725,-133,-33233,0,44769,3333,352,3
2018-10-05,11015,11284,10938,11094,687332,7625261208,0.3619,-9541,-12077,21890,-25828,82,18395,5600,0,23641,-292,20,0
2018-10-08,11092,11206,10862,10941,371268,4062043188,-1.3791,-5267,-2229,8517,-229,155,0,263,0,8328,-1190,169,0
2018-10-10,10862,10900,10135,10251,1466123,15029226873,-6.3066,239392,-316449,78367,-26394,-644,97585,-34968,0,43557,-1265,-45,-769
2018-10-11,9791,10059,9639,9639,1351916,13031118324,-5.9701,6453,39227,-43861,-19085,-61,-28405,-10540,0,13705,-2278,459,525
2018-10-12,9562,9715,9485,9639,1032583,9953067537,0.0,77265,-51676,-25260,-17925,-44059,-2676,-9338,0,47457,-633,304,1281
2018-10-15,9639,9868,9523,9716,538111,5228286476,0.7988,-76668,-28886,105155,4818,47364,15908,79,0,36986,311,88,0
2018-10-16,9791,9868,9639,9716,296402,2879841832,0.0,9525,-29096,20731,4037,3313,-2500,-468,0,15929,-1260,100,420
2018-10-17,9868,9906,9753,9869,455975,4500017275,1.5747,85090,-97918,13298,9362,8635,-6499,-914,0,2714,-520,50,0
2018-10-18,9829,9829,9371,9563,1150060,10998023780,-3.1006,180946,-278433,89030,-7586,17311,10400,-993,0,69898,-997,9454,0
2018-10-19,9447,9485,9217,9448,677630,6402248240,-1.2026,-8131,-94177,101171,-40771,18753,6335,-92,0,116946,1487,-350,0
2018-10-22,9409,9409,9256,9372,575493,5393520396,-0.8044,76455,-105428,12858,-64031,-1404,0,-7548,0,85841,6111,10004,0
2018-10-23,9332,9371,8911,9066,1182259,10718360094,-3.265,172059,-44311,-129556,-129175,1986,-47428,-9592,0,59719,1808,0,-5066
2018-10-24,9103,9179,8874,8990,784087,7048942130,-0.8383,-54380,-30920,86176,-4167,944,0,1527,0,87872,-877,1,0
2018-10-25,8568,8950,8568,8722,1151473,10043147506,-2.9811,-167219,25564,139189,-76978,-3936,-4287,3820,0,220570,2606,-140,0
2018-10-26,8796,8835,8147,8377,1330800,11148111600,-3.9555,-185389,78539,111473,-16603,2104,-113,-9408,0,136250,-4565,-58,-757
2018-10-29,8299,8644,8070,8148,875728,7135431744,-2.7337,-180992,51387,130007,3828,1688,1985,6696,0,115053,-327,-75,757
2018-10-30,7955,8414,7955,8224,1013058,8331388992,0.9327,-94644,88234,5318,-26439,953,53289,-46409,0,23924,1107,-15,0
2018-10-31,8414,8452,8070,8377,1052091,8813366307,1.8604,56105,39589,-95694,-9068,17459,-111313,-218,0,7508,0,0,-62
2018-11-01,8299,8452,8184,8377,956061,8008922997,0.0,40688,40922,-64724,-128817,-380,7407,-2956,0,60060,2000,-18886,-38
2018-11-02,8414,8835,8375,8836,1046577,9247554372,5.4793,-186404,129783,56521,-547,43810,-51746,5096,0,59908,0,100,0
2018-11-05,8835,8874,8528,8607,674498,5805404286,-2.5917,154450,-83792,-70658,-5932,3006,-29683,-5726,0,-32323,0,0,0
2018-11-06,8681,8758,8568,8607,648455,5581252185,0.0,43895,-41812,-2071,1891,-290,8,434,0,-4114,0,-12,0
2018-11-07,8644,8874,8338,8492,1310056,11124995552,-1.3361,73000,-45084,-28134,-165629,44888,71354,75430,11284,-65461,-324,542,0
2018-11-08,8681,8758,8605,8644,723985,6258126340,1.7899,-63989,115997,-51663,-19476,-8190,2305,586,-977,-25911,-343,-2,0
2018-11-09,8681,8950,8452,8760,1332690,11674364400,1.342,-65252,58046,-4395,-57252,-19552,105702,984,0,-34277,11601,0,0
2018-11-12,8681,8874,8528,8568,625583,5359995144,-2.1918,83358,33844,-118791,-101900,-674,-10485,-56,0,-5676,1675,-86,0
2018-11-13,8375,8528,8223,8492,957642,8132295864,-0.887,39059,17782,-59042,-101581,-6322,-1933,-9590,0,60384,2221,-20,0
2018-11-14,8414,8414,7765,7918,3343593,26474569374,-6.7593,421714,-256755,-441759,-100685,-115137,-202409,-76691,-4454,57617,277667,-867,0
2018-11-15,7917,7955,7725,7881,1469165,11578489365,-0.4673,172829,9452,-214470,-115093,-87366,-7800,-43032,-5853,44674,32173,16,0
2018-11-16,7955,8032,7841,7995,1443070,11537344650,1.4465,-7016,63462,-31366,23342,-25216,-2457,-10502,0,-16533,-25080,0,0
2018-11-19,8032,8261,7993,8148,1164943,9491955564,1.9137,-303507,378919,-88999,-7352,-114084,24016,9840,0,-1419,13666,-79,0
2018-11-20,8032,8414,7993,8416,1356482,11416152512,3.2892,-141140,296229,7920,3663,-288,40612,194,0,-36261,-162974,-35,0
2018-11-21,8299,8681,8261,8568,1068826,9157701168,1.8061,-72323,127424,54797,16751,6623,-44,768,0,30699,-110000,102,0
2018-11-22,8605,8644,8261,8377,731248,6125664496,-2.2292,127816,-126847,-3193,-4381,283,-44394,1038,0,44261,2122,102,0
2018-11-23,8414,8452,8261,8301,473198,3928016598,-0.9072,-44040,98748,-54716,-7213,3192,-31507,3366,1207,-23761,4,4,0
2018-11-26,8414,8950,8414,8760,2130444,18662689440,5.5295,-207819,-220804,456148,89934,35743,97374,81382,11807,139908,-31657,4132,0
2018-11-27,8874,9103,8720,9027,1358736,12265309872,3.0479,-87942,89394,-9597,24228,15991,33607,3631,0,-87054,11,8134,0
2018-11-28,9141,9447,8950,9142,1408176,12873544992,1.274,-222538,161571,53431,42865,42402,-21366,6246,0,-16716,6850,686,0
2018-11-29,9141,9179,8796,8874,1413510,12543487740,-2.9315,184655,-257436,72164,79600,12851,-69473,5654,72,43460,2514,-1897,0
2018-11-30,8874,8874,8568,8722,9226250,80471352500,-1.7129,157838,-556356,393302,68325,647,39219,6211,139,278766,5021,195,-5
2018-12-03,8835,9217,8796,8951,1217590,10898648090,2.6255,-62259,-52878,96244,27278,19904,69311,10700,81,-31090,19011,-118,60
2018-12-04,8950,9141,8950,8990,737965,6634305350,0.4357,-31650,41614,-21012,38273,6546,-1185,3787,0,-68433,11002,46,0
2018-12-05,8758,8987,8758,8798,609239,5360084722,-2.1357,23142,-19896,-17508,6222,-74,3691,2464,0,-29811,14004,258,0
2018-12-06,8796,9026,8758,8874,917376,8140794624,0.8638,-77141,124511,-49346,5063,0,0,1892,0,-56301,2006,-30,0
2018-12-07,8911,8950,8644,8722,389558,3397724876,-1.7129,88473,-106242,8806,-903,-429,0,2844,71,7223,8990,-27,0
2018-12-10,8605,8720,8452,8568,518064,4438772352,-1.7657,-38106,41996,-9489,-49458,3681,1988,1457,0,32843,5593,6,0
2018-12-11,8605,8796,8528,8530,421974,3599438220,-0.4435,-40132,-19314,58439,596,4981,5129,-3252,0,50985,1006,1,0
2018-12-12,8568,8681,8414,8492,769428,6533982576,-0.4455,89710,29735,-126019,-55822,-33447,-22793,-41780,-507,28566,7010,-436,-236
2018-12-13,8490,8720,8452,8722,986030,8600153660,2.7084,-98228,124729,-22626,-52284,54150,7291,10844,0,-43463,-3628,-247,836
2018-12-14,8758,9026,8681,8836,676866,5980787976,1.307,29222,-68500,38340,63,-1465,-3843,20724,0,22861,1008,-70,0
2018-12-17,8911,8987,8758,8798,432814,3807897572,-0.4301,-2412,-25518,37792,1802,2185,86,4640,0,29079,-10798,936,0
2018-12-18,8720,8758,8528,8607,605247,5209360929,-2.1709,-74621,-8327,82999,-34970,5655,67407,-3534,-69,48510,-51,0,0
2018-12-19,8681,8911,8644,8798,730912,6430563776,2.2191,-19778,87920,-77210,-24973,-67957,-757,11715,0,4762,10066,-998,0
2018-12-20,8681,8796,8568,8644,537547,4646556268,-1.7504,19681,12124,-11820,-13541,12049,26356,16936,72,-53904,-19982,-3,212
2018-12-21,8644,8681,8184,8338,1275589,10635861082,-3.54,152341,-69772,-87781,-24659,-10423,-43733,5698,7406,-22070,5296,-84,0
2018-12-24,8261,8338,8147,8224,393016,3232163584,-1.3672,-3640,5234,-1180,-11916,-12423,1346,-27,-3013,27014,-295,-119,-2161
2018-12-26,7993,8070,7358,7413,2979511,22087115043,-9.8614,647068,-222230,-433795,-261843,-91664,-4301,-153459,-9157,88051,8475,482,-1422
2018-12-27,7542,7626,7374,7421,1596821,11850008641,0.1079,226719,-6207,-214750,-120954,511,6318,-8494,-129,-93303,-9975,4213,1301
2018-12-28,7419,7565,7412,7445,963847,7175840915,0.3234,-490,4422,-4934,6101,1705,2735,6881,0,-23632,1000,2,1276
2019-01-02,7496,7535,7182,7229,1056964,7640792756,-2.9013,126742,-5021,-142511,-87022,-21959,2663,4594,-356,-41736,20484,306,1305
2019-01-03,7236,7428,7206,7322,849267,6218332974,1.2865,-79501,178623,-102441,-36492,-19807,2875,-16633,-143,-32153,3281,38,-88
2019-01-04,7282,7396,7282,7391,558098,4124902318,0.9424,-13101,9997,-8453,-6889,-8432,3762,-9388,-171,12766,561,10996,-101
2019-01-07,7458,7558,7419,7498,570171,4275142158,1.4477,-119163,82026,36726,15580,18834,4774,925,0,-3387,303,108,0
2019-01-08,7558,7725,7535,7589,786894,5971738566,1.2137,-44176,149235,-88586,5699,-11908,-45266,7469,0,-44580,-16432,-41,0
2019-01-09,7580,7725,7580,7689,571413,4393594557,1.3177,26101,69430,-100449,-10224,460,-44686,-25783,517,-20733,4969,-51,0
2019-01-10,7687,7725,7596,7689,633674,4872319386,0.0,28673,102397,-121230,-74476,4289,-16941,-436,399,-34065,-9561,-279,0
2019-01-11,7687,7802,7649,7804,438903,3425199012,1.4956,-34798,20205,6759,27157,24785,-6106,2633,0,-41710,5036,2798,0
2019-01-14,8032,8338,7917,8033,1382520,11105783160,2.9344,28312,-66758,-2627,17230,5880,14838,-4159,-184,-36232,40201,872,0
2019-01-15,8184,8375,8070,8071,737142,5949473082,0.473,28358,-101246,67588,36150,-10807,1417,-14064,0,54892,5150,150,0
2019-01-16,8147,8184,7955,7957,838132,6669016324,-1.4125,88270,1074,-68358,9187,-790,-6605,-47585,-422,-21766,4000,-24986,-377
2019-01-17,8032,8338,8032,8224,878111,7221584864,3.3555,-108799,101562,9050,30178,-100,44006,-25352,-210,-39472,-4924,3111,0
2019-01-18,8299,8375,8070,8262,749703,6194046186,0.4621,-20508,-13874,35571,3856,1456,38788,453,0,-8982,1726,-2915,0
2019-01-21,8375,8681,8261,8416,913854,7690995264,1.864,-80618,-91793,169779,26932,-5739,88376,-1198,-425,61833,2738,-106,0
2019-01-22,8375,8528,8375,8416,518160,4360834560,0.0,1133,-38890,41152,-17514,-18143,111222,-846,0,-33567,-3190,-205,0
2019-01-23,8414,8605,8375,8530,465866,3973836980,1.3546,-106819,26638,80301,41292,-3734,47336,89,0,-4682,-30,-90,0
2019-01-24,8452,8644,8414,8416,404316,3402723456,-1.3365,100787,-29013,-71461,-7374,-8631,14171,2482,0,-72109,-1520,1207,0
2019-01-25,8338,8568,8299,8492,423654,3597669768,0.903,-30307,53349,-23634,5014,-276,-240,9124,0,-37256,947,-355,0
2019-01-28,8528,8758,8452,8607,671347,5778283629,1.3542,-73987,9171,70813,30454,-2368,0,9532,-57,33360,-5793,-204,-108
2019-01-29,8568,8681,8490,8644,483325,4177861300,0.4299,17018,15115,-31143,26918,-15541,21,-674,0,-41867,-1062,72,0
2019-01-30,8720,8796,8568,8644,508981,4399631764,0.0,10603,-38394,31835,33711,173,0,4008,0,-6057,-4000,-44,0
2019-01-31,8720,8758,8605,8684,601500,5223426000,0.4627,-2907,-5476,12003,14998,-650,-1828,4957,0,-4825,-3620,0,-649
2019-02-01,8681,8758,8490,8530,515914,4400746420,-1.7734,16624,-7256,-7748,-5710,17009,-540,4198,0,-22328,-1520,-100,-377
2019-02-07,8605,9103,8605,8874,1040088,9229740912,4.0328,-76984,132818,-76301,-22077,3641,-35469,1755,0,-24328,18367,2100,177
2019-02-08,8835,8874,8605,8644,503594,4353066536,-2.5918,179932,-114404,-63113,-21306,-134,-18928,952,0,-23697,-3266,851,0
2019-02-11,8644,8681,8490,8492,529018,4492420856,-1.7584,51757,-34237,-17420,-28734,-30964,31224,3049,0,8095,0,-100,-90
2019-02-12,8568,8835,8375,8377,1011570,8473921890,-1.3542,237788,75939,-313964,-68328,-16331,-146126,-11527,-554,-71098,-127,364,0
2019-02-13,8490,8490,7917,7995,1943810,15540760950,-4.5601,507200,-31447,-459910,-18516,-22763,-167829,-4900,-342,-245465,-15793,-50,-95
2019-02-14,7496,7512,7099,7206,6842951,49310304906,-9.8687,1895652,-592475,-1282685,-547684,-55768,-439280,-64742,-1733,-173478,-20122,-370,0
2019-02-15,7266,7297,7128,7215,1868934,13484358810,0.1249,251935,-238928,-35846,-111531,-39874,0,329,0,115230,17388,5451,0
2019-02-18,7206,7206,6877,6947,4808781,33406601607,-3.7145,1162228,-554760,-623127,-296929,-565,-247505,-65789,-657,-11207,4808,10851,-475
2019-02-19,6953,7083,6945,7061,1666193,11764988773,1.641,-74146,166825,-92341,-107017,4495,340,11184,0,-2393,-163,-175,1050
2019-02-20,7099,7099,6937,6993,1494791,10453073463,-0.963,253872,16068,-270949,-120580,-436,-2370,2008,0,-149571,794,215,0
2019-02-21,7022,7052,6999,7008,1323075,9272109600,0.2145,141310,8041,-165686,-123799,2008,-21,-459,0,-43415,13897,2438,0
2019-02-22,6509,6578,6310,6389,7377263,47133333307,-8.8328,919360,-276169,-638973,-555881,-289869,95757,-59897,0,171302,-8475,4257,-385
2019-02-25,6372,6448,6318,6342,2572010,16311687420,-0.7356,479646,-226751,-247954,-319284,20631,66532,-99260,-1176,86062,-710,-4231,-1459
2019-02-26,6386,6448,6356,6396,1728818,11057519928,0.8515,189402,58300,-248712,-216687,8845,-45147,499,0,3778,900,110,0
2019-02-27,6379,6463,6349,6457,1279434,8261305338,0.9537,-125063,95805,29853,-95033,25305,22522,579,0,76480,0,-595,0
2019-02-28,6487,6493,6333,6335,1770604,11216776340,-1.8894,113687,-80906,-37126,-135053,20142,125,-242,0,77628,-65,4410,274
2019-03-04,6341,6479,6333,6350,1201212,7627696200,0.2368,30547,5732,-40782,-137123,-507,796,114,3169,92559,2563,1940,210
2019-03-05,6341,6341,6097,6204,2705889,16787335356,-2.2992,318623,23702,-358570,-255328,-13793,3532,-60141,0,-32840,3110,13135,0
2019-03-06,6240,6240,6142,6173,1075560,6639431880,-0.4997,106061,59929,-167069,-138053,-723,0,-20390,0,-7903,1030,49,0
2019-03-07,6187,6234,6111,6136,1278277,7843507672,-0.5994,129142,21622,-153844,-228961,5068,2532,-7355,-3169,78041,-920,4000,0
2019-03-08,6097,6164,5996,6021,1704331,10261776951,-1.8742,122317,119514,-264673,-281305,-4424,0,8181,0,14182,19294,3548,-1307
2019-03-11,6027,6043,5867,5967,1360246,8116587882,-0.8969,75821,174865,-258764,-248423,-22396,-1002,-215,0,11965,971,7107,1307
2019-03-12,5981,6057,5966,6036,757366,4571461176,1.1564,38005,118137,-156378,-142740,-8106,-5242,-4962,0,4672,33,203,0
2019-03-13,6034,6057,5943,5967,941058,5615293086,-1.1431,137080,14619,-146000,-64241,-108640,-5098,575,0,31404,0,-5699,0
2019-03-14,5973,6142,5973,6083,1385445,8427661935,1.944,87374,132149,-214560,-241215,5783,32770,1937,0,-11002,-945,-4018,-2833
2019-03-15,6119,6234,6088,6204,2201315,13656958260,1.9892,-4434,119200,-114819,-330089,20,18099,-562,0,197713,47,6,0
2019-03-18,6219,6325,6134,6150,1624409,9990115350,-0.8704,123840,-2457,-122646,-330092,-42274,90930,-11278,0,170068,1260,3,0
2019-03-19,6173,6257,6103,6159,1207131,7434719829,0.1463,51071,133242,-184643,-220830,-43291,14473,-1960,0,66965,830,-500,0
2019-03-20,6134,6196,6080,6150,1308986,8050263900,-0.1461,108504,-106882,-2438,-205678,6508,52914,1561,0,142257,-1628,2444,0
2019-03-21,6341,6440,6057,6060,4482315,27162828900,-1.4634,803043,-305826,-510749,-685251,4684,42110,-6136,375,133469,12455,1077,0
2019-03-22,6103,6127,6012,6021,1439671,8668259091,-0.6436,67505,118341,-183236,-312516,-16711,17110,-15005,-257,144143,-485,-2125,0
2019-03-25,5958,6303,5958,6074,2763605,16786136770,0.8803,-425072,467619,-47367,-235259,-58231,117266,-5876,0,134733,3488,1332,0
2019-03-26,6043,6318,6004,6304,2830746,17845022784,3.7866,-680111,109668,560105,-81143,97300,91102,-10296,247,462895,10581,-243,0
2019-03-27,6471,6471,6019,6038,3076720,18577235360,-4.2195,1296012,-690662,-615193,79,41287,-109571,5101,0,-550563,2388,7455,-1526
2019-03-28,6011,6100,5833,5869,1310003,7688407607,-2.7989,298454,-43745,-254619,4458,-2487,-99138,2552,0,-161530,-2310,2220,1526
2019-03-29,5851,5984,5806,5931,1604041,9513567171,1.0564,437358,108580,-546024,-39218,-28695,-77452,7146,0,-407556,0,86,-249
2019-04-01,5922,6295,5922,6286,1868106,11742914316,5.9855,-583114,754763,-176787,12568,15079,-29903,1062,0,-175689,5508,-370,96
2019-04-02,6276,6418,6232,6312,950227,5997832824,0.4136,-63821,205205,-141783,-425,-15998,-1500,475,0,-124335,203,196,0
2019-04-03,6339,6427,6285,6411,921456,5907454416,1.5684,-125619,275966,-143705,1307,548,-117,294,0,-145737,-2988,-3654,0
2019-04-04,6382,6436,6339,6411,737996,4731292356,0.0,-63285,151350,-84214,-5177,950,-3253,-1832,0,-74760,0,-3851,-142
2019-04-05,6445,6604,6409,6534,1184507,7739568738,1.9186,4882,166964,-176237,515,-2356,-40563,2265,0,-136098,6000,-1609,0
2019-04-08,6578,6649,6471,6473,979546,6340601258,-0.9336,148814,-63105,-95348,-6022,5013,3912,-100,0,-98151,10300,-661,0
2019-04-09,6560,6569,6436,6473,515263,3335297399,0.0,41554,-16435,-25114,-4818,-73,-516,-5964,0,-13743,-15,10,0
2019-04-10,6427,6436,6295,6384,810574,5174704416,-1.3749,-9282,11129,-10771,15405,-21843,-520,-3524,0,-146,520,8404,-143
2019-04-11,6427,6507,6401,6508,1133147,7374520676,1.9424,-16143,224280,-199910,18419,31380,-75504,-18,0,-174187,-8982,755,0
2019-04-12,6507,6543,6436,6517,560974,3655867558,0.1383,26351,-73420,43143,9984,4097,-133,-390,0,29585,1586,2340,0
2019-04-15,6524,6596,6498,6561,869071,5701974831,0.6752,-177335,-7893,180598,-3840,-53,150000,0,0,34491,3113,1517,0
2019-04-16,6622,6755,6560,6561,1294559,8493601599,0.0,72623,-40330,-42448,27664,-20070,49933,-1330,-80,-98565,864,9291,0
2019-04-17,6560,6560,6356,6366,1099736,7000919376,-2.9721,216971,-118831,-98418,-1714,-9984,-10114,5046,0,-81652,741,-463,0
2019-04-18,6339,6356,6100,6109,1606803,9815959527,-4.0371,465791,-233601,-223687,-6429,5877,-1677,8339,0,-229797,-903,-7600,0
2019-04-19,6108,6276,6045,6153,2024995,12459794235,0.7202,523899,-291872,-234637,3236,43405,-3672,7939,0,-285545,-2380,4990,0
2019-04-22,6134,6232,6117,6189,1043903,6460715667,0.5851,73339,181532,-257669,-84,38984,-13203,4232,0,-287598,720,2078,0
2019-04-23,6197,6285,6187,6259,1725894,10802370546,1.131,160165,432758,-592851,21524,75838,20388,17476,0,-728368,26,-98,291
2019-04-24,6276,6276,6108,6117,1502211,9189024687,-2.2687,457644,-16731,-442278,34826,2243,-119714,7323,0,-366955,0,1365,-1
2019-04-25,6100,6161,6064,6091,1259039,7668806549,-0.425,168078,155531,-315981,26724,32733,-77208,31328,0,-329558,0,-7628,0
2019-04-26,6117,6507,6117,6233,4051367,25252170511,2.3313,-86828,669633,-589739,-25350,8689,-95825,17769,0,-495022,6808,126,0
2019-04-29,6259,6259,6090,6136,1425944,8749592384,-1.5562,485741,-206556,-272907,22248,13977,-90264,2009,0,-220877,-7000,722,0
2019-04-30,6143,6197,6081,6198,1258975,7803127050,1.0104,-17857,-5406,4348,67181,105103,-5311,19946,0,-182457,16033,2882,-114
2019-05-02,6267,6720,6232,6596,5250059,34629389164,6.4214,-1306166,850189,446710,88897,194854,140714,27288,0,-5235,15440,-6173,192
2019-05-03,6587,6604,6206,6215,2786763,17319732045,-5.7762,1009534,-979722,-43629,8085,23273,28254,8767,0,-112008,10847,2970,0
2019-05-07,6134,6179,5966,5976,2351518,14052671568,-3.8455,263313,-239887,-13571,-10740,36467,17114,2276,0,-58688,-9196,-659,0
2019-05-08,5958,6108,5948,6020,1210224,7285548480,0.7363,199388,-216210,19022,10398,8560,-13053,-583,0,13700,-100,-2100,0
2019-05-09,6028,6055,5833,5834,2112167,12322382278,-3.0897,303000,-229319,-73175,-30439,23774,185,-254,0,-66441,1489,-1995,0
2019-05-10,5895,5922,5674,5746,1819173,10452968058,-1.5084,496928,-117383,-388834,-9547,-4680,-67573,2289,0,-308152,9787,-498,-1171
2019-05-13,5744,5780,5425,5444,2000891,10892850604,-5.2558,525946,-52264,-480794,5806,-30889,-64667,-12031,0,-372511,2522,4590,-6502
2019-05-14,5363,5664,5363,5550,1524635,8461724250,1.9471,-95076,294276,-196224,4066,-4643,-68357,527,0,-127817,-1106,-1870,0
2019-05-15,5549,5700,5549,5683,842224,4786358992,2.3964,-22896,27206,-6258,-1419,75096,-21150,9871,0,-68656,140,1808,0
2019-05-16,5683,5683,5558,5594,551370,3084363780,-1.5661,51744,-32992,-17669,2745,3491,5603,9277,0,-38785,-898,-185,0
2019-05-17,5674,5683,5585,5613,523506,2938439178,0.3396,5802,93466,-96097,-3851,-55060,0,-9831,0,-27355,-4001,830,0
2019-05-20,5594,5683,5461,5471,608923,3331417733,-2.5298,82441,-48318,-30247,2392,-1411,-870,-21763,0,-8140,2,-3878,-455
2019-05-21,5425,5488,5319,5399,1288950,6959041050,-1.316,207496,-85442,-125181,2146,4,-713,6131,0,-132749,136,2991,0
2019-05-22,5399,5488,5327,5346,891215,4764435390,-0.9817,290828,-25330,-261991,-13821,-13,0,-17957,0,-230200,-129,-3378,0
2019-05-23,5354,5363,5239,5329,989406,5272544574,-0.318,86919,80479,-163319,635,-18783,-4012,1245,0,-142404,0,-4079,0
2019-05-24,5301,5416,5301,5329,731800,3899762200,0.0,97333,-71686,-27180,-10598,1650,-2200,-391,0,-15641,1722,-189,0
2019-05-27,5310,5443,5293,5426,855932,4644287032,1.8202,-84649,-20843,101673,4618,-394,59089,11314,0,27046,2500,1319,0
2019-05-28,5435,5611,5407,5533,1306073,7226501909,1.972,-121295,77970,42696,1826,2670,119516,198,0,-80697,1000,-371,-817
2019-05-29,5496,5576,5248,5302,2306058,12226719516,-4.175,849283,-645578,-210095,11287,10633,33865,10249,0,-275106,4834,1556,-1023
2019-05-30,5310,5576,5301,5550,2055248,11406626400,4.6775,-607978,576372,35099,55931,44030,13671,11433,0,-89966,-1900,-1593,0
2019-05-31,5532,5629,5461,5541,1263748,7002427668,-0.1622,15107,-172696,136598,160484,91315,1762,3585,0,-120548,28500,-7509,0
2019-06-03,5505,5549,5363,5506,1307249,7197712994,-0.6317,29919,-37742,-3278,9210,61286,1903,65135,0,-140812,7743,3358,0
2019-06-04,5505,5886,5505,5674,2658758,15085792892,3.0512,-352341,294258,56062,130503,1939,-39418,-3894,0,-33360,1823,198,292
2019-06-05,5736,5851,5576,5586,1236206,6905446716,-1.5509,386697,-261554,-120425,-261,1805,0,3299,0,-125268,-4701,-17,0
2019-06-07,5629,5683,5541,5594,1024123,5728944062,0.1432,-104629,97808,10708,2973,1529,0,8502,0,-2296,-530,-3357,0
2019-06-10,5656,5664,5558,5604,801958,4494172632,0.1788,34856,59549,-95478,13848,-46,574,2261,0,-112115,1041,32,0
2019-06-11,5611,5797,5611,5772,1482556,8557313232,2.9979,-393806,239610,147106,131370,1199,-52,22475,0,-7886,7572,-482,0
2019-06-12,5833,5913,5771,5834,1331821,7769843714,1.0742,-105951,-1880,109317,77225,31676,137034,-13756,0,-122862,918,-2404,0
2019-06-13,5878,5931,5816,5888,1775341,10453207808,0.9256,-72540,-75950,143785,-40291,267688,29960,-14475,0,-99097,2977,1728,0
2019-06-14,5939,5939,5824,5878,1558844,9162885032,-0.1698,167084,-415227,240405,199354,105252,74105,-9006,0,-129300,6834,904,0
2019-06-17,5886,5922,5816,5852,750837,4393898124,-0.4423,128972,-100899,-28093,6226,-2137,6800,-1181,0,-37801,20,0,0
2019-06-18,5851,5948,5806,5808,733505,4260197040,-0.7519,-90994,27332,64775,4457,22349,35851,650,0,1468,-1020,-93,0
2019-06-19,5806,5975,5806,5941,1251343,7434228763,2.2899,-367466,323671,60013,4761,68612,1444,-471,0,-14333,-16413,195,0
2019-06-20,5966,6073,5958,5976,1050190,6275935440,0.5891,60588,-49534,-4720,-11686,2488,-351,-139,6671,-1703,-6515,181,0
2019-06-21,6001,6045,5939,6020,1254588,7552619760,0.7363,-169222,154614,20302,23419,-292,0,18,0,-2843,-3904,-1790,0
2019-06-24,6037,6045,5789,5825,1568913,9138918225,-3.2392,473479,-385504,-94083,5713,-137,208,12999,0,-112866,5481,627,0
2019-06-25,5851,5975,5744,5763,1236328,7124958264,-1.0644,112006,62737,-179068,-122558,1951,-53021,2558,0,-7998,3175,1150,0
2019-06-26,5762,5816,5709,5763,811008,4673839104,0.0,119162,-72840,-52373,-6250,-8012,-149,-5505,0,-32457,5301,750,0
2019-06-27,5771,5913,5762,5852,813449,4760303548,1.5443,-225152,179746,42616,-14217,65696,832,-3733,0,-5962,830,1960,0
2019-06-28,5851,5878,5469,5497,2933957,16127961629,-6.0663,1202218,-1019228,-186363,38047,7811,-58812,-12275,-6671,-154463,2623,750,0
2019-07-01,5558,5638,5549,5586,909933,5082885738,1.6191,-240685,105962,94740,-3799,-5989,-13141,2884,0,114785,39983,0,0
2019-07-02,5594,5647,5522,5577,624103,3480622431,-0.1611,-6409,76333,-73231,-31030,8370,-43442,-4386,0,-2743,3307,0,0
2019-07-03,5576,5656,5514,5515,860586,4746131790,-1.1117,193503,-62350,-129560,-4869,-40093,5165,1082,776,-91621,-1804,211,0
2019-07-04,5514,5567,5354,5471,1040545,5692821695,-0.7978,260819,-142192,-79362,10870,-47328,1832,-6138,0,-38598,-39265,0,0
2019-07-05,5425,5576,5425,5533,470186,2601539138,1.1332,-132492,51346,80646,16351,-13583,-2033,72,0,79839,0,500,0
2019-07-08,5549,5549,5461,5471,773115,4229712165,-1.1205,91761,-69238,-23453,-21660,-294,-5000,0,0,3501,1001,-71,0
2019-07-09,5461,5478,5319,5329,1078258,5746036882,-2.5955,320294,-283786,-41301,87,-45462,0,-8182,0,12256,4541,252,0
2019-07-10,5293,5372,5257,5302,1096021,5811103342,-0.5067,166397,-137519,-29009,47138,-104339,-19,-17234,0,45445,38,93,0
2019-07-11,5301,5522,5301,5479,1200117,6575441043,3.3384,-137699,226080,-92371,-49208,246,-1594,-5288,0,-36527,4846,-856,0
2019-07-12,5478,5567,5469,5515,421371,2323861065,0.6571,-72936,84553,-11617,1852,-15308,-203,-704,0,2746,0,0,0
2019-07-15,5505,5567,5380,5408,583117,3153496736,-1.9402,67683,9161,-78875,504,-27724,1114,-3547,0,-49222,2031,0,0
2019-07-16,5416,5576,5416,5479,869635,4764730165,1.3129,-187797,207558,-38454,3978,-35876,6542,-5759,0,-7339,19059,-366,0
2019-07-17,5469,5496,5363,5382,642803,3459565746,-1.7704,-1588,-3573,-19040,-18768,19100,-1359,2134,0,-20147,18501,5700,0
2019-07-18,5380,5452,5363,5373,444588,2388771324,-0.1672,6506,-36168,11625,-17292,36673,-1757,-5403,803,-1399,18037,0,0
2019-07-19,5380,5576,5380,5550,925422,5136092100,3.2942,-354354,79947,263885,114607,49779,-44,864,0,98679,8694,1828,0
2019-07-22,5549,5656,5496,5550,697911,3873406050,0.0,-97529,77689,-5972,-4261,26958,0,-107,0,-28562,25816,-4,0
2019-07-23,5522,5647,5505,5577,733865,4092765105,0.4865,-170568,52772,95906,12261,96,8554,363,0,74632,21380,510,0
2019-07-24,5629,5736,5585,5630,1308172,7365008360,0.9503,-68757,260886,-202416,-3294,73,85,450,-178,-199285,11051,-764,-267
2019-07-25,5674,5700,5310,5418,2630761,14253463098,-3.7655,1194526,-896174,-278035,-118860,-11641,-4929,1602,0,-144207,-20616,299,0
2019-07-26,5478,5842,5452,5674,4697029,26650942546,4.725,-1175068,803113,401910,204897,23000,-111786,13821,0,271978,-20859,-9096,0
2019-07-29,5762,5816,5408,5444,2143199,11667575356,-4.0536,223822,-181429,-67259,-8314,-8478,-15932,400,0,-37450,16353,8513,2515
2019-07-30,5425,5514,5337,5346,1880389,10052559594,-1.8001,808433,-674750,-154098,-34079,-27921,-863,-261,0,-93489,11732,8683,2515
2019-07-31,5301,5399,5301,5399,1258603,6795197597,0.9914,-72917,88363,-16808,679,-1251,-331,-3351,0,-12555,60,1302,1
2019-08-01,5399,5399,5257,5320,1304771,6941381720,-1.4632,153550,-86057,-65235,-112742,-2177,748,-1170,-321,50427,-2278,20,0
2019-08-02,5274,5274,5141,5151,1927813,9930164763,-3.1767,762777,-564344,-114792,17874,4455,3256,-3246,0,-137131,-68875,-14766,0
2019-08-05,5062,5097,4583,4611,3962866,18272775126,-10.4834,413178,-349584,-101912,68330,-93245,39711,-13440,0,-103268,8916,29402,0
2019-08-06,4388,4814,4388,4611,2158703,9953779533,0.0,-429341,327805,104876,52831,-38938,-15408,3448,0,102943,-2717,-623,0
2019-08-07,4636,4707,4539,4664,1167656,5445947584,1.1494,85002,-117245,30970,6311,3583,675,-24,0,20425,3050,-1777,0
2019-08-08,4672,4760,4672,4700,1199108,5635807600,0.7719,26103,-84013,57890,-36677,-16265,3082,-588,0,108338,0,20,0
2019-08-09,4742,4831,4681,4708,1054498,4964576584,0.1702,179136,53798,-234634,-76071,11369,-21530,402,0,-148804,500,1200,0
2019-08-12,4734,4814,4681,4797,739465,3547213605,1.8904,-128371,162259,-33905,5405,2722,-16611,-2485,0,-22936,0,17,0
2019-08-13,4742,4840,4734,4814,735495,3540672930,0.3544,55795,85196,-139901,8156,2430,-141,-6057,0,-144289,-1000,-90,0
2019-08-14,4857,4964,4823,4948,1059674,5243266952,2.7835,-63390,141750,-78040,14696,5703,612,3933,0,-102984,-420,100,0
2019-08-16,4857,4973,4814,4921,823873,4054279033,-0.5457,-96729,113929,-17381,20957,1053,-9224,-2806,0,-27361,5,176,0
2019-08-19,4964,5221,4937,5178,1417037,7337417586,5.2225,-400015,310470,89790,127934,-29471,-17207,-1262,0,9796,-70,-175,0
2019-08-20,5186,5213,5106,5178,812049,4204789722,0.0,-6557,50206,-43141,-47800,581,516,-7036,0,10598,-552,44,0
2019-08-21,5177,5319,5159,5240,1149691,6024380840,1.1974,-59218,-5979,67888,14206,-225,12542,1430,0,39935,-2711,20,0
2019-08-22,5230,5266,5168,5213,1010792,5269258696,-0.5153,118107,-76536,-47543,-16553,3940,19,-8036,0,-26913,5952,20,0
2019-08-23,5151,5274,5132,5223,674308,3521910684,0.1918,-168284,106929,62325,33280,-2406,-645,1437,0,30659,-970,0,0
2019-08-26,5062,5168,5044,5089,851062,4331054518,-2.5656,-263408,193560,69584,71887,1187,1190,133,0,-4813,381,-117,0
2019-08-27,5186,5257,5088,5125,992447,5086290875,0.7074,191160,-76397,-114765,-29731,2698,0,-5,0,-87727,0,2,0
2019-08-28,5079,5213,5079,5187,600876,3116743812,1.2098,-69836,18155,51671,1095,1355,595,-351,0,48977,0,10,0
2019-08-29,5195,5363,5159,5169,1149988,5944287972,-0.347,122014,-81373,-41367,-7337,3986,0,1510,0,-39526,0,726,0
2019-08-30,5186,5337,5186,5302,1162331,6162678962,2.573,-500174,500864,5802,-10952,-13229,-1029,1225,0,29787,-6500,8,0
2019-09-02,5301,5372,5257,5338,536210,2862288980,0.679,-57165,14470,42899,5777,18840,0,4630,0,13652,14,-218,0
2019-09-03,5337,5408,5337,5346,589746,3152782116,0.1499,-99391,42737,56543,3180,23582,-52,3793,0,26040,1,110,0
2019-09-04,5346,5416,5310,5418,749357,4060016226,1.3468,-137681,91994,46055,22901,-4835,0,3724,-1757,26022,0,-368,0
2019-09-05,5399,5461,5310,5311,1195720,6350468920,-1.9749,292867,-153592,-140932,-30579,-9927,-42778,-4,0,-57715,1061,596,71
2019-09-06,5363,5390,5293,5311,615221,3267438731,0.0,67264,84616,-151078,-10285,2143,-134716,-8695,0,475,-812,10,0
2019-09-09,5319,5452,5319,5329,1043716,5561962564,0.3389,-175639,220148,-33307,11834,-26803,5413,29739,0,-53490,-12312,1110,0
2019-09-10,5354,5514,5337,5497,1438571,7907824787,3.1526,-387554,359224,105043,16612,540,13468,29366,0,45057,-78707,1994,0
2019-09-11,5522,5629,5478,5594,1591940,8905312360,1.7646,-355097,139014,207403,63780,6883,46047,53118,0,37575,8888,-208,0
2019-09-16,5585,5958,5585,5931,2458767,14582947077,6.0243,-869264,294282,542570,43702,178582,106545,29480,0,184261,44540,-12128,0
2019-09-17,6329,6569,6187,6215,7869196,48907053140,4.7884,1056892,-1056032,-50274,232384,54134,-140816,-60618,0,-135358,35044,14370,0
2019-09-18,6153,6153,5948,6003,3450521,20713477563,-3.4111,513149,-425079,-50951,91837,-42854,-2364,-91165,0,-6405,-21734,-15385,0
2019-09-19,6019,6303,5975,6251,3161221,19760792471,4.1313,290299,-142120,-127591,-2023,62381,-58738,15714,0,-144925,-20270,-318,0
2019-09-20,6267,6295,6100,6153,1790293,11015672829,-1.5677,219543,-312525,90797,29768,38739,-767,-477,0,23534,1650,535,0
2019-09-23,6179,6524,6179,6384,3798849,24251852016,3.7543,40318,-318025,274583,-1392,40115,13857,7947,0,213919,2647,477,137
2019-09-24,6382,6392,6232,6269,1754084,10996352596,-1.8014,287227,-377248,103321,41767,13695,35273,-9533,0,22119,-12658,-642,0
2019-09-25,6267,6348,6143,6153,2017197,12411813141,-1.8504,164749,-59203,-100110,-1054,39743,-87681,-836,0,-50282,-4949,-487,0
2019-09-26,6197,6240,5939,6073,2114279,12840016367,-1.3002,44339,-96402,49080,2413,3418,171,-7416,0,50494,3212,-229,0
2019-09-27,6073,6143,5984,5994,1052802,6310495188,-1.3008,115581,-119647,3046,1141,22320,-728,-4917,0,-14770,256,764,0
2019-09-30,5984,6073,5833,6030,1290781,7783409430,0.6006,-230743,159264,66618,11798,27478,6,-3649,0,30985,4798,63,0
2019-10-01,6073,6143,5922,6047,1042957,6306760979,0.2819,31102,-56137,22860,33030,-7099,-2314,-1873,0,1116,2195,-20,0
2019-10-02,5984,6011,5851,5861,1487323,8717200103,-3.0759,304685,-74939,-202764,-26340,-5134,-57581,-180,0,-113529,-27290,308,0
2019-10-04,5789,5886,5691,5701,1355621,7728395321,-2.7299,-76444,91781,-15608,7696,-1467,-7923,-243,0,-13671,161,110,0
2019-10-07,5700,5753,5594,5639,1011997,5706651083,-1.0875,16957,-10377,-1186,5179,4662,-7285,-554,0,-3188,565,-5959,0
2019-10-08,5620,5851,5620,5692,1263629,7192576268,0.9399,108796,-159948,36057,29998,-8798,0,6980,0,7877,15282,-187,0
2019-10-10,5691,5709,5558,5586,1035883,5786442438,-1.8623,196346,-146336,-62377,-15247,0,2426,-3821,-211,-45524,12061,306,0
2019-10-11,5674,5744,5585,5586,804750,4495333500,0.0,249771,-177475,-72650,-188,-36512,-21176,-3231,0,-11543,20,334,0
2019-10-14,5638,5851,5629,5781,1172230,6776661630,3.4909,-241393,-48422,288438,27124,7329,1185,98510,0,154290,1615,-238,0
2019-10-15,5833,5913,5780,5789,1068432,6185152848,0.1384,197881,-218397,35643,7750,5476,-33689,60008,0,-3902,-15140,13,0
2019-10-16,5824,5886,5806,5852,543179,3178683508,1.0883,-32385,-14795,46802,7382,996,12,-684,0,39096,-22,400,0
2019-10-17,5851,5913,5762,5772,639953,3693808716,-1.3671,37706,-5035,-34913,-36150,219,-214,-331,0,1563,1222,1020,0
2019-10-18,5824,5869,5736,5789,605463,3505025307,0.2945,58198,-32305,-13726,-12413,1387,-107,188,0,-2781,-13850,1683,0
2019-10-21,5789,5824,5674,5683,572703,3254671149,-1.8311,-16153,41813,-30833,5047,784,-901,167,0,-35930,4222,951,0
2019-10-22,5744,5816,5691,5772,753727,4350512244,1.5661,-152523,31989,123574,14883,-4342,0,33356,0,79677,-3020,-20,0
2019-10-23,5727,5780,5594,5630,1094711,6163222930,-2.4602,37988,-14163,-35233,-21138,579,5242,22334,0,-42250,11240,168,0
2019-10-24,5629,5691,5594,5639,647472,3651094608,0.1599,-54150,54880,-4783,-3429,-991,425,325,0,-1113,4053,0,0
2019-10-25,5638,5709,5594,5666,466710,2644378860,0.4788,-17784,2918,16382,9061,96,5492,-893,-816,3442,-1500,-16,0
2019-10-28,5647,5762,5629,5657,715955,4050157435,-0.1588,-81101,35670,45393,8108,-45,31,-158,-819,38276,-497,535,0
2019-10-29,5700,5700,5532,5533,1148688,6355690704,-2.192,266374,-255807,-50347,4931,-3703,66,-4387,0,-47254,46039,-6259,0
2019-10-30,5629,5664,5514,5533,778114,4305304762,0.0,8327,51442,-84418,-19510,-9896,-1482,1873,0,-55403,17510,7139,0
2019-10-31,5576,5576,5416,5444,1393680,7587193920,-1.6085,195222,-42371,-185831,-8117,-792,-2621,873,0,-175174,32866,114,0
2019-11-01,5327,5346,5079,5116,3789675,19387977300,-6.025,1439639,-613937,-886187,-197118,-49099,-260742,-131994,0,-246899,58106,2379,-335
2019-11-04,5079,5239,5079,5204,1366070,7109028280,1.7201,-444279,258650,182043,6967,-2587,13808,-524,0,164379,4908,-1322,0
2019-11-05,5177,5239,5151,5187,1339524,6948110988,-0.3267,305092,-140169,-165554,-9109,-3572,-74352,-1053,0,-77468,331,300,0
2019-11-06,5186,5230,5141,5204,742924,3866176496,0.3277,-21542,-63985,44653,-4558,-4282,23,-2420,0,55890,40186,688,0
2019-11-07,5204,5274,5186,5196,752395,3909444420,-0.1537,76546,-66738,-10704,-13077,-417,0,-376,0,3166,924,-28,0
2019-11-08,5230,5257,5204,5231,615149,3217844419,0.6736,-1885,1408,487,5070,-4519,-6854,391,0,6399,203,-213,0
2019-11-11,5230,5239,5124,5169,735126,3799866294,-1.1852,183632,-130700,-55883,12346,-8166,-2513,-2428,0,-55122,2473,478,0
2019-11-12,5151,5204,5106,5134,514359,2640719106,-0.6771,34353,-23229,-9165,3380,-4400,-2121,-4666,0,-1358,-2013,54,0
2019-11-13,5097,5168,5071,5071,656521,3329217991,-1.2271,176362,-28336,-118395,-105000,-1783,-67,406,0,-11951,-29631,0,0
2019-11-14,5062,5088,4999,5054,1103934,5579282436,-0.3352,287688,-104231,-183630,-200830,-5796,-4815,-40866,0,69033,344,-171,-356
2019-11-15,5035,5115,5035,5036,853324,4297339664,-0.3562,105800,21360,-115900,-120953,-53705,-828,-15015,0,74601,-11442,182,0
2019-11-18,5071,5132,5026,5071,813552,4125522192,0.695,61272,29701,-112982,-154911,-7209,-11495,14395,0,46238,22029,-20,0
2019-11-19,5106,5106,4982,5018,1004194,5039045492,-1.0452,187892,-33270,-161953,-147324,-4061,-11931,-16493,0,18223,7230,101,-367
2019-11-20,4999,5018,4840,4850,1925096,9336715600,-3.3479,643679,-323183,-311992,-180610,-3664,-12998,-40254,0,-74466,-6714,-1790,0
2019-11-21,4840,4902,4698,4744,1506265,7145721160,-2.1856,-70606,103697,-33912,-107719,-702,-15592,-3041,0,93142,178,643,0
2019-11-22,4734,4804,4707,4726,812279,3838830554,-0.3794,138766,-162857,21971,-36957,-4243,-628,-4373,0,68172,1990,130,0
2019-11-25,4734,4804,4734,4779,899152,4297047408,1.1215,242115,-128088,-107008,-240938,-16393,141793,-19166,0,27696,-7099,80,0
2019-11-26,4770,4902,4751,4867,1178998,5738183266,1.8414,-45700,-205491,277599,-60679,-6645,95188,-10330,0,260065,-26328,-80,0
2019-11-27,4893,4920,4831,4841,697551,3376844391,-0.5342,121568,-259722,149300,-14821,-11332,121768,599,0,53086,-11016,-130,0
2019-11-28,4893,4956,4814,4895,751139,3676825405,1.1155,129698,-243571,118701,1153,1223,85,0,0,116240,-4938,110,0
2019-11-29,4902,4982,4831,4841,857147,4149448627,-1.1032,171730,-195050,35442,-10751,36204,20041,-27363,0,17311,-11602,-520,0
2019-12-02,4857,4937,4849,4929,583934,2878210686,1.8178,-229746,-8096,244932,10426,670,56209,-375,0,178002,-7000,-90,0
2019-12-03,4893,4920,4840,4876,527742,2573269992,-1.0753,18544,-588,-18365,-3659,27880,1447,-18524,0,-25509,16,393,0
2019-12-04,4840,4911,4725,4779,1110364,5306429556,-1.9893,251051,43471,-301680,1615,223,-109152,-1828,0,-192538,-3435,10593,0
2019-12-05,4770,4814,4681,4700,791354,3719363800,-1.6531,136674,-54960,-76043,-275,-4163,-39953,-2031,0,-29621,-15283,9612,0
2019-12-06,4698,4804,4583,4664,1677340,7823113760,-0.766,291550,-248248,-77696,6717,-28780,-10494,-4340,-121,-40678,33624,770,0
2019-12-09,4689,4742,4636,4673,831529,3885735017,0.193,79258,113491,-181303,-8742,-872,-231,-224,0,-171234,-11566,120,0
2019-12-10,4689,4840,4672,4708,944102,4444832216,0.749,65396,-21239,-13743,-913,-551,-380,-4339,0,-7560,-30598,184,0
2019-12-11,4698,4751,4681,4734,483962,2291076108,0.5523,-104943,83844,33470,3717,-28195,-4199,-3802,0,65949,-11756,-615,0
2019-12-12,4760,4946,4742,4948,2018787,9988958076,4.5205,-371238,190191,282284,94941,7922,13418,9326,0,152844,-99749,-1488,3833
2019-12-13,4956,4991,4742,4850,1994773,9674649050,-1.9806,423689,51350,-474505,45614,-2580,-8676,-5978,0,-502885,-894,360,0
2019-12-16,4849,4956,4823,4929,1832140,9030618060,1.6289,26810,111278,-147992,2244,-97674,29213,-162,0,-81613,9944,-40,0
2019-12-17,4902,4902,4787,4841,1025023,4962136343,-1.7854,204888,-229168,33420,-8832,16772,3698,-1630,0,23412,-8930,-210,0
2019-12-18,4840,4867,4814,4850,550225,2668591250,0.1859,-62358,42549,18138,-8656,89544,24081,-5278,0,-81553,1431,240,0
2019-12-19,5035,5213,4956,5036,5056849,25466291564,3.8351,1050496,-710213,-477262,-28031,9626,3665,20191,0,-483462,85932,51047,749
2019-12-20,5071,5088,4991,5062,1657650,8391024300,0.5163,21448,-179217,149844,11075,2356,-1800,-362,0,138575,8010,-85,0
2019-12-23,5106,5106,5018,5107,1073572,5482732204,0.889,-149231,-9564,141615,6959,55939,63384,10889,0,4632,17950,-770,-188
2019-12-24,5106,5124,4999,5054,995194,5029710476,-1.0378,-180061,-53516,190963,16525,-2443,16856,17896,0,142129,41083,1531,0
2019-12-26,5009,5079,4999,5045,734675,3706435375,-0.1781,-84055,65728,7377,2287,19136,-9789,-21709,0,17452,7439,3511,0
2019-12-27,5044,5106,4982,5089,860600,4379593400,0.8722,-75885,117774,-58943,7196,1401,-14233,-1223,0,-52084,17093,-39,0
2019-12-30,5071,5115,5044,5071,570295,2891965945,-0.3537,-19090,46493,11526,9606,-429,-2133,12484,0,-8002,10142,-49071,0
2020-01-02,5079,5141,5018,5081,825990,4196855190,0.1972,18577,129325,-157778,-25612,-4138,-8671,-16960,0,-102397,10968,-1092,0
2020-01-03,5079,5124,5035,5071,858341,4352647211,-0.1968,67595,98136,-167282,-3477,-22906,-864,-5127,0,-134908,511,1040,0
2020-01-06,5026,5062,4893,4921,1518839,7474206719,-2.958,159886,2534,-162883,-63124,-26561,-3872,4875,0,-74201,-975,1438,0
2020-01-07,4964,4999,4893,4903,762157,3736855771,-0.3658,23939,42040,-66991,-66300,-21159,-12,2764,0,17716,111,901,0
2020-01-08,4876,4884,4654,4708,1958849,9222261092,-3.9772,61614,-57091,-26798,-73507,-9222,-2325,295,0,57961,21384,891,0
2020-01-09,4787,4814,4734,4806,953778,4583857068,2.0816,110058,-51021,-58636,55131,-21088,-6000,-1054,0,-85625,0,-401,0
2020-01-10,4778,4902,4770,4867,932072,4536394424,1.2692,-203059,275985,-72864,-10392,-52824,-12112,1012,0,1452,-72,10,0
2020-01-13,4867,4937,4849,4929,661272,3259409688,1.2739,50965,46889,-100238,-7710,346,-30031,2276,0,-65119,2492,-108,0
2020-01-14,4929,4982,4911,4921,591528,2910909288,-0.1623,-43314,97541,-55511,-54,-766,-4527,-2864,0,-47300,480,804,0
2020-01-15,4920,5079,4902,5036,1060583,5341095988,2.3369,-58947,87180,-18830,-12913,-1659,45771,-437,0,-49633,-8249,-1154,41
2020-01-16,5044,5124,5035,5062,1090579,5520510898,0.5163,-32225,-7238,55419,-23144,40280,133892,772,0,-96555,-14891,-1065,174
2020-01-17,5079,5106,5018,5018,730121,3663747178,-0.8692,198340,-17310,-180775,-116814,-1304,-5028,-2806,0,-54823,-95,-160,0
2020-01-20,5053,5062,4920,4939,892570,4408403230,-1.5743,112264,86958,-200254,2325,-89204,-47758,-881,1366,-66102,1053,-21,0
2020-01-21,4911,4982,4884,4886,574470,2806860420,-1.0731,83287,10869,-93377,763,-17320,-44364,-290,312,-32478,-1798,1019,0
2020-01-22,4893,5151,4831,5143,2290182,11778406026,5.2599,-106354,-109715,277529,17568,49058,-90730,83832,500,193312,-69656,8196,23989
2020-01-23,5097,5469,5071,5444,4424601,24087527844,5.8526,-616839,354675,294154,-698,273040,20763,42421,395,-42424,-22949,-9041,657
2020-01-28,5327,5514,5159,5515,3581749,19753345735,1.3042,-126811,-435374,571924,955,346158,55050,22791,0,146176,-14805,5066,794
2020-01-29,5496,5505,5274,5276,2079665,10972312540,-4.3336,521373,-386025,-136909,7446,64263,-4749,29207,0,-234452,3800,-2239,1376
2020-01-30,5293,5293,4973,4974,2382454,11850326196,-5.724,462409,-380450,-77051,3797,40542,-26370,23413,0,-118433,-7644,2736,0
2020-01-31,4964,5035,4814,4850,1803245,8745738250,-2.493,180499,-256140,72557,16662,645,222,-3032,0,58060,3231,-147,0
2020-02-03,4742,4831,4636,4770,1924724,9180933480,-1.6495,162477,-148862,-9818,-3459,-57698,-39621,581,0,90379,-5132,1335,0
2020-02-04,4751,4867,4751,4823,1021385,4926139855,1.1111,140367,-47404,-105566,-7160,-2142,33376,-3928,0,-125332,12597,6,-380
2020-02-05,4849,4876,4760,4841,1066352,5162210032,0.3732,185829,10898,-193435,1133,-2920,-20254,-1832,0,-169562,-2997,-295,0
2020-02-06,4857,4991,4857,4956,1336319,6622796964,2.3755,-135022,162218,-30631,17456,-142193,14456,-6875,0,86525,1452,1983,0
2020-02-07,4956,4999,4893,4929,750151,3697494279,-0.5448,39837,33190,-72270,-8874,-13633,515,-6591,0,-43687,-793,36,0
2020-02-10,4902,4982,4857,4929,757113,3731809977,0.0,47211,-925,-47678,3790,-7212,26417,-144,0,-70529,1462,-70,0
2020-02-11,4929,4973,4902,4948,753838,3729990424,0.3855,-931,95894,-94563,1504,-24254,-56411,-197,0,-15205,900,-1300,0
2020-02-12,4937,4999,4911,4956,903978,4480114968,0.1617,208105,-112997,-94108,-19099,-70042,-12,-793,-4,-4158,-1000,0,0
2020-02-13,4964,4973,4804,4806,2179435,10474364610,-3.0266,727060,-552295,-223961,-42103,-58139,-22049,-2213,0,-99457,49555,-359,0
2020-02-14,4840,5141,4831,5045,3084467,15561136015,4.973,-406352,605983,-143242,-15918,5925,-128863,33550,0,-37936,-53609,-2780,0
2020-02-17,5071,5443,5062,5338,5025838,26827923244,5.8077,-92141,691809,-599282,-110395,122579,-407535,46947,0,-250878,-1088,702,0
2020-02-18,5327,5372,5115,5143,2847694,14645690242,-3.6531,356255,-439335,91687,12373,52054,3692,8611,0,14957,-10022,1415,0
2020-02-19,5115,5124,4911,4965,2339735,11616784275,-3.461,60395,-447526,382243,4530,-22754,144793,2467,0,253207,845,4043,0
2020-02-20,4999,5009,4823,4850,1841194,8929790900,-2.3162,355652,-324458,-61111,-55270,-51029,91503,-64975,0,18660,27843,2074,0
2020-02-21,4804,4849,4751,4770,1639195,7818960150,-1.6495,474861,-423460,-57321,-893,-2510,23693,-21613,0,-55998,6200,-280,0
2020-02-24,4672,4707,4565,4566,2180819,9957619554,-4.2767,149554,-365955,206591,-1613,-32944,8082,-7984,0,241050,14869,-5059,0
2020-02-25,4539,4672,4530,4602,2353843,10832385486,0.7884,764103,-651677,-107735,-3711,-1396,-129863,-106151,0,143386,-4500,-191,-10000
2020-02-26,4530,4618,4512,4584,1253074,5744091216,-0.3911,239593,-77329,-165557,1317,-55918,-52326,8331,0,-66961,766,2527,0
2020-02-27,4565,4628,4512,4531,1171770,5309289870,-1.1562,175545,-61522,-97678,6112,1021,-30809,-1357,0,-72645,-21865,5520,0
2020-02-28,4459,4494,4392,4442,2194277,9746978434,-1.9642,-278168,-54878,331217,6404,-64893,174671,1846,0,213189,-1055,2884,0
2020-03-02,4433,4467,4344,4394,1671209,7343292346,-1.0806,310780,-263523,-45727,16017,1642,-44486,672,0,-19572,-344,-1186,0
2020-03-03,4494,4512,4414,4424,1032379,4567244696,0.6827,220893,-63631,-137138,-18083,566,-25022,229,0,-94828,-19999,-125,0
2020-03-04,4406,4441,4401,4424,875903,3874994872,0.0,200382,-154636,-52064,-338,1916,-28263,11128,0,-36507,5902,416,0
2020-03-05,4459,4503,4423,4505,1100304,4956869520,1.8309,-21666,-44192,59467,4729,2520,11559,1389,-702,39972,4396,1995,0
2020-03-06,4459,4467,4406,4416,1276613,5637523008,-1.9756,497756,-252272,-270997,-9623,2332,3625,-2648,0,-264683,26507,-994,0
2020-03-09,4379,4383,4135,4176,2261136,9442503936,-5.4348,621587,-355557,-280644,6271,-81792,3724,-20470,0,-188886,12132,2482,509
2020-03-10,4077,4153,4024,4052,2611925,10583520100,-2.9693,398788,-251359,-154310,29041,-76590,-118438,-50523,0,77173,2641,4240,-14973
2020-03-11,4055,4131,3036,3183,21239295,67604675985,-21.4462,2578081,-44322,-2552653,-493213,-560721,-592468,-470796,-3178,-428858,12731,6163,-3419
2020-03-12,3000,3310,2850,2903,10913326,31681385378,-8.7967,73368,1439527,-1502166,-737779,-423475,31150,-410830,0,38768,-11921,1192,0
2020-03-13,2650,2766,2504,2753,7451554,20514128162,-5.1671,-709167,851178,-124292,-162753,368,0,-231,0,38324,-18472,753,0
2020-03-16,2752,2831,2552,2558,4691129,11999907982,-7.0832,16559,58594,-70314,-2445,-3673,-2589,-861,0,-60746,-7895,3056,0
2020-03-17,2304,2778,2304,2758,5778619,15937431202,7.8186,-655209,439023,201503,-88573,55190,172364,-21555,0,84077,14645,38,0
2020-03-18,2805,2809,2539,2566,3732767,9578280122,-6.9616,586120,-366711,-257948,-51552,-82075,-33753,-78,0,-30490,24580,13959,-60000
2020-03-19,2570,2614,2308,2345,4275653,10026406285,-8.6126,-584736,669511,-179006,-72562,-92355,45819,-36056,0,30004,94543,-312,-53856
2020-03-20,2344,2468,2220,2358,4152855,9792432090,0.5544,-34931,-4065,-7108,8588,20288,-370,-306,0,24692,41875,4229,-60000
2020-03-23,2132,2260,2123,2190,3033644,6643680360,-7.1247,-36423,105305,-60225,-27379,-15975,33199,-2114,0,-47956,83,-8740,0
2020-03-24,2243,2486,2243,2487,3194321,7944276327,13.5616,-191166,140248,43664,477,37520,129,1780,0,3758,555,6699,0
2020-03-25,2761,2885,2624,2713,4788569,12991387697,9.0873,197449,-155426,-34708,-21149,2002,-3855,-3085,0,-8621,-9938,2623,0
2020-03-26,2712,2969,2579,2891,7060363,20411509433,6.561,66743,-53905,-74806,-10345,-11209,-12937,271,0,-40586,52179,9789,0
2020-03-27,3612,3612,2987,3183,14202134,45205392522,10.1003,704738,-565044,-121897,18854,-78743,3095,14902,1284,-81289,-13446,-4351,0
2020-03-30,3147,3147,2872,3028,5047801,15284741428,-4.8696,-50639,-61623,134267,-4809,87940,0,955,0,50181,-15927,-6078,0
2020-03-31,3080,3142,2973,3028,4631775,14025014700,0.0,127585,-271785,129678,-3804,1054,-418,156,0,132690,11035,3487,0
2020-04-01,2987,3652,2850,3178,12487470,39685179660,4.9538,-82252,41836,43863,-15435,-8128,28584,-721,0,39563,-2337,-1110,0
2020-04-02,3133,3222,3005,3170,3158619,10012822230,-0.2517,-130974,-24028,161585,23125,8918,410,1384,0,127748,-9755,3172,0
2020-04-03,3235,3493,3213,3298,5254632,17329776336,4.0379,65574,-39590,10056,53352,307,-2030,5730,0,-47303,-31422,-4618,0
2020-04-06,3289,3368,3204,3325,3126158,10394475350,0.8187,-160370,6719,163630,8298,11416,410,81,0,143425,-13803,3824,0
2020-04-07,3390,3457,3298,3339,3306160,11039268240,0.4211,-125299,-40719,166984,14902,73431,207,41979,1285,35180,-3000,2034,0
2020-04-08,3337,3395,3244,3307,2358129,7798332603,-0.9584,-158958,35916,112842,-27554,2714,-926,32193,-3,106159,2510,7690,259
2020-04-09,3351,3409,3320,3409,2673153,9112778577,3.0844,-156091,-27501,177038,25602,59982,33872,-125,0,57707,8203,-1649,0
2020-04-10,3537,3590,3386,3511,4791238,16822036618,2.9921,-19992,-278451,128988,-8146,84210,36359,1985,0,14158,171057,-1602,422
2020-04-13,3532,3718,3439,3537,4825327,17067181599,0.7405,90406,-65475,-57493,-6551,18259,-5481,5607,0,-69327,50178,-17616,0
2020-04-14,3572,3679,3572,3618,3150661,11399091498,2.2901,-107626,-3931,116223,18010,1648,765,5332,0,90468,-2216,-2450,0
2020-04-16,3293,3390,3178,3312,5492021,18189573552,-8.4577,13880,149989,-140935,2455,-478,-1458,18,0,-141472,-1643,-21291,0
2020-04-17,3328,3412,3315,3387,2675400,9061579800,2.2645,-474815,321346,172125,-3317,301,-191,1644,0,173688,-5900,-12756,0
2020-04-20,3493,3802,3412,3626,6836696,24789859696,7.0564,-579837,390603,181766,-1942,169833,10589,-300,0,3586,13558,-6090,0
2020-04-21,3648,3768,3368,3582,6053801,21684715182,-1.2135,445707,-518060,209932,14840,14981,76313,0,0,103798,-157752,20173,0
2020-04-22,3723,3821,3501,3534,5986682,21156934188,-1.34,719412,-428209,-301379,-7124,-17405,-2333,-572,0,-273945,8692,1484,0
2020-04-23,3546,3550,3386,3467,2625683,9103242961,-1.8959,-91730,92800,3838,11836,330,8973,8335,0,-22246,-5621,713,-3390
2020-04-24,3466,3466,3306,3325,1976038,6570326350,-4.0958,220726,-130401,-92163,-12059,14,28,-141,0,-80005,-5573,7411,0
2020-04-27,3324,3421,3231,3400,2339551,7954473400,2.2556,-472922,404517,70411,12304,22041,0,0,0,36066,3270,-5276,0
2020-04-28,3723,3723,3457,3489,4483328,15642331392,2.6176,659142,-474512,-222828,33174,-98251,-7934,0,118,-149935,-7710,45908,0
2020-04-29,3484,3554,3435,3542,2165180,7669067560,1.5191,-320713,267283,68067,-693,17457,0,24033,0,27270,-12764,-1873,0
2020-05-04,3457,3532,3426,3471,1435989,4984317819,-2.0045,81471,-74427,-52143,40008,-3057,717,5802,0,-95613,48374,-3275,0
2020-05-06,3537,3546,3457,3476,1159047,4028847372,0.1441,113381,-142627,21729,14908,2024,17,-747,0,5527,7400,117,0
2020-05-07,3484,3501,3435,3476,1156665,4020567540,0.0,-179280,189199,-4368,-4306,-9030,0,-682,0,9650,-6553,1002,0
2020-05-08,3501,3506,3470,3484,1034967,3605825028,0.2301,-106006,81192,24715,-2575,613,-280,17766,0,9191,-981,1080,0
2020-05-11,3484,3577,3412,3493,2587262,9037306166,0.2583,-56843,23599,6529,-30934,-3125,0,116379,0,-75791,19939,6776,0
2020-05-12,3532,3541,3399,3404,1707443,5812135972,-2.548,379864,-199574,-179674,-10254,-51500,-923,431,0,-117428,-1041,425,0
2020-05-13,3382,3466,3359,3462,1200783,4157110746,1.7039,-97534,56579,27250,3162,-4046,1774,35204,0,-7006,14585,-880,-1838
2020-05-14,3457,3523,3417,3467,1524098,5284047766,0.1444,-13060,18121,-12365,13849,55931,598,18457,0,-101199,8143,-839,-1
2020-05-15,3448,3585,3431,3471,2323264,8064049344,0.1154,-295078,160222,125133,-1881,2262,2442,3879,0,118431,9897,-174,0
2020-05-18,3457,3479,3373,3440,1117895,3845558800,-0.8931,33277,30443,-39,4727,-789,0,3173,0,-7150,-65842,2161,0
2020-05-19,3448,3621,3448,3600,3820277,13752997200,4.6512,-1138507,1094089,50019,6103,-6292,444,-1223,0,54403,-11124,5523,-3416
2020-05-20,3599,3599,3515,3542,1503319,5324755898,-1.6111,106396,-176484,68289,-5542,175,4,14587,0,59065,545,1254,0
2020-05-21,3559,3683,3546,3648,2924334,10667970432,2.9927,-514215,545389,-11546,-5513,2975,-205,11447,0,-20250,-19735,107,0
2020-05-22,3643,3652,3439,3502,2789628,9769277256,-4.0022,708998,-547313,-164651,-5828,-2151,8313,14859,0,-177794,491,2475,-2050
2020-05-25,3501,3519,3443,3502,1034300,3622118600,0.0,-103661,75629,14619,6790,644,-557,202,0,7540,13235,178,0
2020-05-26,3501,3559,3474,3537,1273281,4503594897,0.9994,-316545,195098,115219,3406,2279,355,6551,-1,102629,-3796,10024,0
2020-05-27,3563,4228,3546,4043,20332136,82202825848,14.3059,39858,-88810,176105,-10323,30209,185594,17159,0,-46534,-132177,5024,0
2020-05-28,4108,4108,3802,3883,5923844,23002286252,-3.9575,206233,-36420,-172957,-1579,-10156,-207257,0,0,46035,-7083,10227,0
2020-05-29,3887,3891,3723,3795,3050819,11577858105,-2.2663,102597,-183559,82206,-6471,4171,135,-14,0,84385,-8969,7725,0
2020-06-01,3910,4051,3905,3937,3880033,15275689921,3.7418,480263,-376250,-67681,5802,987,-120,4902,0,-79252,-29437,-6895,0
2020-06-02,4051,4636,4051,4309,13767101,59322438209,9.4488,-703529,660023,38213,18747,1278,86703,5277,0,-73792,15115,-9822,0
2020-06-03,4406,4441,4224,4322,6711506,29007128932,0.3017,-222368,-115215,391767,37173,-4392,20217,49557,-3086,292298,-55030,846,0
2020-06-04,4406,4618,4379,4385,5557618,24370154930,1.4577,-326572,81623,272671,23739,-39272,14449,2121,0,271634,-7739,-19983,0
2020-06-05,4433,4494,4295,4469,3259845,14568247305,1.9156,-490000,387187,112271,20410,13495,11940,3934,1886,60606,-17126,7668,0
2020-06-08,4601,4628,4428,4513,3518747,15880105211,0.9846,177413,-198334,15307,-6640,16820,15,-28120,0,33232,3104,2510,0
2020-06-09,4645,4742,4583,4690,4715752,22116876880,3.922,-398687,266026,71318,-6047,5730,3380,-11064,0,79319,38980,22363,0
2020-06-10,4698,4707,4530,4690,2491901,11687015690,0.0,22490,-135614,137333,65128,23060,17417,14392,0,17132,-7180,-17029,204
2020-06-11,4628,4770,4494,4558,4132207,18834599506,-2.8145,157538,330446,-483741,-87036,-159129,-15365,-48274,0,-175497,-2443,-1800,1560
2020-06-12,4224,4433,4202,4397,3056799,13440745203,-3.5323,-69123,-6286,72132,-1488,8181,9840,2704,-2403,55298,6400,-3123,0
2020-06-15,4308,4423,4131,4136,2685267,11106264312,-5.9359,-15868,-85636,110656,11395,77335,20478,9857,-3,-8405,-2790,-6362,-1
2020-06-16,4334,4867,4237,4566,8629377,39401735382,10.3965,29337,-148648,107838,14858,8264,-1501,-2521,0,88738,11907,-434,0
2020-06-17,4459,4609,4322,4406,3147500,13867885000,-3.5042,112393,-52494,-57072,-6524,-1858,-440,-6788,0,-41462,-496,-2331,0
2020-06-18,4414,4414,4250,4331,1552784,6725107504,-1.7022,-119286,19774,97719,3425,-9714,-1068,-12981,-1731,119788,1839,-46,0
2020-06-19,4428,4428,4219,4286,1989077,8525184022,-1.039,66933,50429,-122140,924,-1738,-51070,-60416,0,-9840,947,3831,0
2020-06-22,4259,4388,4197,4256,1898445,8079781920,-0.7,80792,-30818,-58045,-2874,-3383,-52138,-2590,0,2940,1919,6152,0
2020-06-23,4317,4330,4122,4132,1721938,7115047816,-2.9135,7529,-3295,-6135,3398,-788,-3562,-423,0,-4760,1700,201,0
2020-06-24,4166,4237,4113,4132,1049682,4337286024,0.0,67462,-64557,-9407,3054,-1413,-1926,302,0,-9424,4497,2005,0
2020-06-25,4033,4073,3975,4016,1499178,6020698848,-2.8074,-118142,144641,-20657,-16453,33081,-4378,1532,0,-34439,-3418,-2424,0
2020-06-26,4024,4077,3989,4025,910174,3663450350,0.2241,-13464,46973,-51316,-5155,175,-1816,31,0,-44551,17571,236,0
2020-06-29,3958,4433,3922,4114,3810725,15677322650,2.2112,255818,-65800,-204548,186,4617,-1498,1017,0,-208870,16440,-1910,0
2020-06-30,4175,4414,4122,4286,4952761,21227533646,4.1808,-60744,75597,-25083,12160,-458,-174,-757,0,-35854,6423,3807,0
2020-07-01,4330,4339,4166,4172,1254410,5233398520,-2.6598,-64605,-39733,103917,3049,6,0,0,0,100862,223,198,0
2020-07-02,4193,4281,4171,4233,1069730,4528167090,1.4621,5371,-69036,61257,8554,1123,0,0,0,51580,4400,-1992,0
2020-07-03,4277,4286,4171,4225,806817,3408801825,-0.189,89821,-81931,-8448,38372,655,931,-9882,0,-38524,448,110,0
2020-07-06,4224,4237,4131,4176,822492,3434726592,-1.1598,-159301,69656,67447,-581,-546,66,3175,0,65333,22010,188,0
2020-07-07,4188,4211,4082,4083,1019777,4163749491,-2.227,114480,-136588,3477,-45,408,0,327,0,2787,-330,18961,0
2020-07-08,4117,4144,4082,4096,871369,3569127424,0.3184,-42156,61149,-10306,7258,-233,180,-31,0,-17480,6979,-15666,0
2020-07-09,4122,4127,4069,4096,1153824,4726063104,0.0,49113,-86719,22865,-46306,156540,-1926,-197,0,-85246,4696,10045,0
2020-07-10,4117,4149,3980,3999,1218942,4874549058,-2.3682,202127,-116711,-75398,-9276,-10113,0,-1094,0,-54915,-12029,2011,0
2020-07-13,4038,4113,3980,4079,1073263,4377839777,2.0005,12357,47552,-59194,7554,-8657,0,7970,0,-66061,-780,65,0
2020-07-14,4077,4153,4055,4114,1142871,4701771294,0.8581,20383,-3557,-20945,420,-85,0,-2844,0,-18436,-10,4129,0
2020-07-15,4184,4414,4144,4238,2867685,12153249030,3.0141,24620,-76568,55352,3643,-7496,2728,-59,0,56536,-6144,2740,0
2020-07-16,4192,4450,4192,4363,2621380,11437080940,2.9495,-224716,156227,77117,30,1200,20000,-127,0,56014,-11242,2614,0
2020-07-17,4433,4530,4326,4358,2355173,10263843934,-0.1146,431652,-452466,19559,9042,38118,0,-4320,0,-23281,1677,-422,0
2020-07-20,5115,5115,4715,4876,16379042,79864208792,11.8862,216448,128935,-291651,47619,-54367,-36124,-33773,0,-215006,-46040,-7692,0
2020-07-21,5018,6339,4893,6339,38277414,242640527346,30.0041,-129883,79464,92701,-37405,5281,1032,9685,0,114108,-24628,-17654,0
2020-07-22,6986,8236,6986,7608,92389322,702897961776,20.0189,787433,-89406,-260872,291557,36976,5719,-26583,0,-568541,-359629,-77526,0
2020-07-23,7775,8041,7189,7634,26409487,201610023758,0.3417,-550937,308845,192566,56159,596,-599,-1,0,136411,49309,217,0
2020-07-24,7394,7394,7242,7244,4492334,32542467496,-5.1087,52723,29393,-82100,-19332,-2897,0,-22351,0,-37520,3417,-3433,0
2020-07-27,7403,7765,7403,7723,5403047,41727731981,6.6124,-89630,35,51089,-1071,-2,15,-608,0,52755,31740,6766,0
2020-07-28,8023,8821,7828,8822,8257523,72847867906,14.2302,-274377,-11794,203252,13974,-170,341148,-127,0,-151573,83327,-408,0
2020-07-29,9531,10461,8866,9620,25460903,244933886860,9.0456,769328,-73874,-623195,14040,-12072,-345138,-3702,0,-276323,-77555,5296,0
2020-07-30,9176,9885,8954,9620,10323593,99312964660,0.0,-197770,-15066,170406,-42681,2660,0,-14377,0,224804,11965,30465,0
2020-07-31,9841,9885,9131,9309,6047259,56293934031,-3.2328,123559,-72373,-92668,16819,4962,-2024,-9135,0,-103290,53385,-11903,0
2020-08-03,9486,9486,7987,8219,16168015,132884915285,-11.7091,9507,20355,-85228,-124588,-4859,-21403,-2994,0,68616,48037,7329,0
2020-08-04,7970,8599,7633,8299,18706468,155244977932,0.9734,-540693,78614,439458,-384,8,-34,-591,0,440459,65978,-43357,0
2020-08-05,8422,8511,8156,8273,4954117,40985409941,-0.3133,142751,-147705,-34517,-2516,1128,-4068,-8241,0,-20820,40086,-615,0
2020-08-06,8191,8236,7934,8033,5960161,47877973313,-2.901,8889,-153223,126050,-1666,-1952,-1387,-3083,0,134138,-4712,22996,0
2020-08-07,8413,8777,7987,8104,10090600,81774222400,0.8839,-41676,101484,-38516,49218,-1879,0,-1803,0,-84052,-4712,-16580,0
2020-08-10,7987,8236,7731,8201,7002492,57427436892,1.1969,-536206,516247,41410,69776,28105,-3068,-7449,0,-46298,-32085,10634,344
2020-08-11,8201,8201,8006,8024,4070160,32658963840,-2.1583,96684,-96983,25121,3627,-1583,-1161,-18658,0,42896,-19139,-5683,0
2020-08-12,7917,8404,7820,8059,8499231,68495302629,0.4362,-120205,-24726,133433,62901,6940,0,1117,0,62475,9393,2105,0
2020-08-13,8138,8201,7934,7989,3952786,31578807354,-0.8686,7278,-5564,103539,3450,43310,662,30390,0,25727,-111750,6497,0
2020-08-14,8059,9309,7979,8583,33777692,289913930436,7.4352,-650232,-287745,920693,395000,118289,104993,-2294,0,304705,31002,-13718,0
2020-08-18,8511,8954,8236,8689,16336867,141951037363,1.235,-1242615,82414,1064776,962969,2258,-162610,8907,0,253252,88847,6578,0
2020-08-19,8954,9176,8626,8911,10331787,92066553957,2.555,-131399,-212301,377300,430429,-1168,11835,2356,0,-66152,17926,-51526,0
2020-08-20,9176,9264,8458,8911,11857733,105664258763,0.0,-452372,5034,503711,485575,2830,16733,-9902,0,8475,-54831,-1542,0
2020-08-21,8909,8998,8644,8786,6104794,53636720084,-1.4028,-429282,-106066,389705,436733,-7259,-25828,2142,0,-16083,154063,-8420,0
2020-08-24,8572,8759,8094,8671,6173885,53533756835,-1.3089,-293892,-13241,303513,257031,-7448,-11923,2706,0,63147,-645,4265,0
2020-08-25,8688,9087,8582,8999,10016794,90141129206,3.7827,-453686,233138,336613,457423,-3854,48813,-15200,0,-150569,-101923,-14142,0
2020-08-26,8998,8998,8733,8866,6303277,55884853882,-1.4779,-329984,-40936,351973,363372,-1497,-334,-2064,0,-7504,14745,4202,0
2020-08-27,8866,9131,8759,9133,8614697,78678027701,3.0115,-550361,217182,328805,313483,2129,8366,-2691,0,7518,-27466,31840,0
2020-08-28,9220,11836,9176,11526,81905959,944048083434,26.2017,-442772,1360537,-458414,22918,88541,-2745,-13354,0,-553774,-448166,-11185,0
2020-08-31,11969,14672,11747,14275,82099317,1171967750175,23.8504,687325,-1153114,574478,851920,157733,51139,10667,0,-496981,-45703,-62986,0
2020-09-01,14761,14894,13343,14142,26784834,378791122428,-0.9317,-331493,91544,134030,9535,-45236,-2,15250,29,154454,80985,24934,0
2020-09-02,14318,16224,13564,14851,50660966,752366006066,5.0134,850937,9431,-836534,91814,53016,-73808,-16822,0,-890734,20485,-44319,0
2020-09-03,14894,15604,14274,14452,16358554,236413822408,-2.6867,-19537,-126241,-91017,-5202,-103492,-100642,-421,0,118762,181404,55391,-22
2020-09-04,13520,15293,13431,14452,17495819,252849576188,0.0,191651,158469,-344374,-4581,2345,-901,-180,0,-341057,-60352,54606,0
2020-09-07,13166,15028,12944,14275,42615447,608335505925,-1.2247,-3147782,-5842,3136233,191527,-26083,40934,-76,0,2929931,68628,-51237,0
2020-09-08,14939,15293,13476,13521,16394230,221666383830,-5.282,523332,231949,-465209,50139,-24103,-290333,-28,0,-200884,-275180,-14892,0
2020-09-09,13299,13431,12101,12501,13406567,167595494067,-7.5438,-240802,-68331,98346,-4517,5012,-180450,-43,0,278344,184672,26115,0
2020-09-10,12678,13831,11836,13033,27491118,358291740894,4.2557,131565,-149113,55791,-18490,105011,80329,-4199,0,-106860,-27356,-10887,0
2020-09-11,12766,13875,12634,13166,13720222,180640442852,1.0205,407844,71319,-450630,-2628,1243,-317425,-14,0,-131806,-23803,-4730,0
2020-09-14,13343,13476,13077,13211,4583314,60550161254,0.3418,108696,-45822,-55566,-4022,-11518,5252,-351,0,-44927,-7940,632,0
2020-09-15,13210,13342,12722,13299,4661241,61989844059,0.6661,113193,10012,-84028,-12105,-3106,10825,-586,-2794,-76262,-38920,-257,0
2020-09-16,13564,14007,13387,13920,9173210,127691083200,4.6695,-219791,40069,216436,-12969,-2326,-3715,-6325,0,241771,-37686,972,0
2020-09-17,14363,14717,13653,13698,13823254,189350933292,-1.5948,661603,-756372,96550,15347,-36640,48977,14999,0,53867,-2980,1199,0
2020-09-18,14096,14229,13033,13299,8731665,116122412835,-2.9128,831843,-442103,-393274,13613,22996,-1309,28256,0,-456830,-1337,4871,0
2020-09-21,13077,13476,12456,12768,6746929,86144789472,-3.9928,655548,-320432,-200683,1049,3327,-68,24934,0,-229925,-140831,6398,0
2020-09-22,12501,13077,12058,12412,10153776,126028667712,-2.7882,62568,-134055,49479,22628,2989,20774,13651,0,-10563,25501,-3493,0
2020-09-23,12456,12501,11658,11881,5835657,69333440817,-4.2781,60979,-9587,-15483,-3229,334,-291,53848,0,-66145,-46492,10583,0
2020-09-24,11525,12456,11304,11704,6714498,78586484592,-1.4898,-147912,304374,-35570,20991,5220,4232,31818,0,-97831,-132603,11711,0
2020-09-25,11747,11925,11304,11393,4063528,46295774504,-2.6572,-15979,-13993,-57516,6942,3831,610,1620,0,-70554,98014,-10526,35
2020-09-28,11525,12412,11393,11969,6178206,73946947614,5.0557,-457504,256945,175484,34097,19242,233,7864,0,114048,44150,-19075,0
2020-09-29,12146,12323,11703,11792,2678088,31580013696,-1.4788,18278,-54601,33045,-13264,-5234,-4516,-8816,0,64875,2845,433,0
2020-10-05,11969,12456,11747,12412,4054760,50327681120,5.2578,-537566,392152,139738,54492,7087,949,1021,0,76189,9071,-3395,0
2020-10-06,12634,12678,12190,12280,3290465,40406910200,-1.0635,236462,-93713,-167053,99335,-27908,-25681,-50608,0,-162191,24851,-547,0
2020-10-07,12101,12368,11925,12058,2321857,27996951706,-1.8078,-83217,24458,27286,2003,-526,-287,-752,0,26848,25276,6197,0
2020-10-08,12279,12545,12058,12325,5678884,69992245300,2.2143,-638109,1067057,-476664,-27527,107445,6131,20027,0,-582740,28929,18787,0
2020-10-12,12501,12501,11836,11925,3940148,46986264900,-3.2454,253530,-98220,-144408,-5332,9396,-801,47501,0,-195172,25061,-35963,0
2020-10-13,11969,12013,11437,11704,4158147,48666952488,-1.8532,-44124,205840,-172133,-14985,1611,9658,46491,0,-214908,1696,8721,0
2020-10-14,11658,11703,11215,11438,5040006,57647588628,-2.2727,-210414,-271538,519223,15280,35473,10931,149867,0,307672,-40566,3295,0
2020-10-15,11823,12209,11244,11389,5895644,67145489516,-0.4284,695969,-633956,-85365,78579,-9414,14010,-51696,0,-116844,44363,-21011,0
2020-10-16,11341,11823,11148,11631,2961494,34445136714,2.1249,-49579,264057,-141740,14268,-44417,-14701,16089,-1227,-111714,-72250,-488,-38
2020-10-19,11823,12981,11485,12885,8468530,109117009050,10.7815,-232783,212577,29091,37426,18224,653,6420,0,-33632,-20242,11357,0
2020-10-20,12885,13512,11968,12982,9693364,125839251448,0.7528,-193263,-4727,250387,41480,-2738,10762,3692,0,197191,-43837,-8560,0
2020-10-21,12885,13271,12547,12982,3641828,47278211096,0.0,-259621,185146,79155,1862,23169,-1448,3373,0,52199,-4326,-354,0
2020-10-22,13030,13367,12788,13223,3569969,47205700087,1.8564,-393420,67401,355634,303323,841,0,2673,0,48797,-35812,6197,0
2020-10-23,13319,13705,13223,13416,5341821,71665870536,1.4596,-422721,32116,442184,368212,2740,44028,3084,0,24120,-57348,5769,0
2020-10-26,13464,13464,12692,12692,3392692,43060046864,-5.3965,99522,-70759,40325,26377,1393,-14437,-2421,0,29413,-68405,-683,0
2020-10-27,12354,12933,12064,12934,2996361,38754933174,1.9067,-459257,155060,353576,297601,7265,4271,31416,0,13023,-51054,1675,0
2020-10-28,12933,13416,12788,13320,3213910,42809281200,2.9844,-493237,207725,339879,343362,31389,1851,10696,0,-47772,-53323,-1044,353
2020-10-29,12933,13657,12885,13658,5580170,76213961860,2.5375,-615211,245888,422882,355234,13165,12631,2086,0,39766,-43991,-9568,0
2020-10-30,13754,13947,13126,13271,3875618,51433326478,-2.8335,52787,-371777,311923,372849,-2372,15693,1586,0,-84472,3985,3082,8639
2020-11-02,13126,13512,13078,13416,2317881,31096691496,1.0926,-306105,16765,316398,299581,8895,3038,-1223,0,6107,-17900,-9158,0
2020-11-03,13561,13995,13319,13851,4853289,67222905939,3.2424,-1244797,764989,460212,315999,1572,29,1138,0,141474,25353,-5757,0
2020-11-04,14043,14091,12885,13368,7571634,101217603312,-3.4871,-225424,533600,-218510,-21692,-19106,-35213,23141,2378,-168018,-92457,2791,0
2020-11-05,13754,14091,13464,14044,5729962,80471586328,5.0569,-1913768,1258091,692446,464716,2797,20356,34726,0,169851,-33310,-3459,0
2020-11-06,14188,14381,13657,14188,5173601,73403050988,1.0253,-723262,397103,310441,323527,4906,1400,948,0,-20340,13821,1897,0
2020-11-09,14477,15877,14477,15105,17479313,264025022865,6.4632,-874749,725468,204030,160759,-34446,16520,-1369,0,62566,-55694,945,0
2020-11-10,15201,15394,14670,15395,6646163,102317679385,1.9199,393799,-956937,523510,477918,-19480,3709,73864,0,-12501,21572,18056,0
2020-11-11,15684,16118,15201,15781,11910652,187961999212,2.5073,-1216673,487148,784204,667351,9900,322,64730,0,41901,-29160,-25519,0
2020-11-12,15732,15974,15298,15829,5887078,93186557662,0.3042,-592345,162102,428978,526433,-16,-4946,19185,0,-111678,-9851,11116,0
2020-11-13,15732,16022,15539,15877,5378151,85388903427,0.3032,-409933,241338,249795,289914,19408,2818,8362,0,-70707,-84026,2826,0
2020-11-16,15829,15925,15153,15202,6006986,91318201172,-4.2514,-665925,667322,3613,-5687,3915,-1148,21366,0,-14833,-4959,-51,0
2020-11-17,15250,15587,14622,15298,4220041,64558187218,0.6315,-338810,426460,-82825,81625,-4125,181,10121,0,-170627,-4695,-130,0
2020-11-18,15105,15153,14284,14381,7874776,113247153656,-5.9942,228067,559402,-775440,24469,-58661,-4185,-87846,0,-648811,-12180,151,-406
2020-11-19,14091,14477,13802,14140,5183267,73291395380,-1.6758,-167625,414322,-256439,76636,-61694,-6960,-55289,0,-209132,17493,-7751,0
2020-11-20,14140,14477,13947,14285,2782424,39746926840,1.0255,-57593,284021,-235803,4802,-98161,-2785,-60428,0,-78826,11544,-2169,-405
2020-11-23,14284,14864,14140,14768,4568419,67466411792,3.3812,-528723,838218,-313141,-24825,-30104,33163,-43723,0,-247652,3993,-347,0
2020-11-24,14864,15057,14574,14768,4011765,59245745520,0.0,147939,336544,-476790,-19092,-74662,-9624,-155154,0,-218258,-10580,2887,0
2020-11-25,14767,15008,14333,14864,4686437,69659199568,0.6501,-820598,845829,31201,9316,9580,8449,5587,0,-1731,-56382,-50,0
2020-11-26,14719,15587,14574,15491,7657765,118626437615,4.2182,-1373094,1459765,-33284,-7936,7511,17985,32643,0,-83487,-28788,-24599,0
2020-11-27,15539,16794,15250,16505,17133271,282784637855,6.5457,-2878335,2691473,207793,36313,13368,-19645,3276,0,174481,-1198,-19733,0
2020-11-30,16842,17083,15587,16167,29033623,469386583041,-2.0479,-2046617,2638613,-517185,-63900,326584,-78657,-65054,0,-638158,-67396,-7415,2000
2020-12-01,15780,16022,14960,14961,9433777,141138737697,-7.4596,561658,-326208,-333687,-208408,-8859,-20027,-42941,0,-53452,70548,27689,0
2020-12-02,14719,15394,14429,14526,8009790,116350209540,-2.9076,670605,-327456,-330877,-50759,-75270,-54398,-4679,0,-147771,-24744,12472,2000
2020-12-03,14574,14912,14188,14478,4192430,60698001540,-0.3304,502967,-345494,-140209,-63572,-31862,-226,2299,0,-47148,3309,-20573,300
2020-12-04,14429,14477,14091,14381,3546145,50997111245,-0.67,191860,-154304,-60590,-281866,-8251,3738,20910,0,203679,21472,1562,1200
2020-12-07,14188,14236,13705,13899,3815378,53029938822,-3.3516,154506,11196,-210829,-110748,-854,-1616,-23812,0,-74599,40361,4766,800
2020-12-08,13898,14622,13754,13899,3771114,52414713486,0.0,439309,-70943,-366147,-332934,-1702,81,-23727,0,-7865,-2618,399,0
2020-12-09,14091,14236,13898,14044,2259109,31726926796,1.0432,309995,-9725,-271561,-302251,4342,11773,1392,0,13183,-22214,-6495,0
2020-12-10,13850,14188,13705,14092,3134196,44167090032,0.3418,315906,218572,-524668,-299111,-139,-8874,-5057,0,-210937,-8331,-1479,-550
2020-12-11,14284,14429,13898,14237,3668539,52228989743,1.029,413992,106607,-538667,-433340,-10795,-14042,-44014,0,-36476,17507,561,0
2020-12-14,14091,14140,13850,13899,1767211,24562465689,-2.3741,38585,60522,-108576,-6314,-4408,-1429,-9599,0,-87126,8229,1240,300
2020-12-15,13995,14140,13754,13802,1470495,20295771990,-0.6979,112991,-59774,-40076,-9287,10909,-3121,-12346,0,-26231,-12732,-409,0
2020-12-16,13947,13995,13174,13368,4278447,57194279496,-3.1445,549106,-454047,-118212,-1427,-51475,-705,-20929,0,-43676,5597,17556,0
2020-12-17,13367,14284,12933,13851,5872262,81336700962,3.6131,-271904,280995,700,3772,10079,5989,8408,0,-27548,-17680,7889,0
2020-12-18,13802,13802,13367,13416,2789612,37425434592,-3.1406,233260,-198478,-14765,9407,-23962,-4914,-1017,0,5721,-20386,369,0
2020-12-21,13271,13609,13223,13416,2214304,29707102464,0.0,-163806,182582,6916,-3455,13442,4007,-10180,0,3102,-24763,-929,0
2020-12-22,13223,13512,12885,12934,2996006,38750341604,-3.5927,241206,82643,-398491,17702,-2386,-26722,4853,0,-391938,73034,1608,0
2020-12-23,13030,13319,12595,12644,2986487,37761141628,-2.2422,-419425,384437,85071,8092,-13596,-1137,237,0,90275,-52906,2823,1200
2020-12-24,12499,13223,12161,12885,7242997,93326016345,1.906,-17669,-228561,209799,37420,-38278,32869,34352,0,142836,36260,171,600
2020-12-28,12981,13030,12258,12403,5052701,62668650503,-3.7408,428859,-268163,-166051,-157173,9695,2929,7347,0,-29449,-13935,19290,600
2020-12-29,12402,12837,12306,12596,3078807,38780652972,1.5561,248290,-127713,-151427,22666,-12540,-15845,10994,0,-156702,30353,497,0
2020-12-30,12644,13078,12451,13030,3336707,43477292210,3.4455,-63200,-94992,207097,67899,9415,-2549,3095,0,129237,-43134,-5771,0
2021-01-04,13126,13464,12981,13416,3758591,50425256856,2.9624,47742,-176863,190891,12106,-28007,25957,14733,0,166102,-63525,1755,0
2021-01-05,13561,14477,13416,14188,7488840,106251661920,5.7543,-330041,188266,147732,11696,42910,-3719,-6450,0,102573,22168,-28125,722
2021-01-06,14284,14381,13609,13658,4334704,59203387232,-3.7356,615027,-318462,-310233,-185102,-6678,-12935,6126,0,-111644,19435,-5767,0
2021-01-07,14043,14091,13561,13658,3413939,46627578862,0.0,10477,-14523,4335,-47551,-1517,-496,-2570,0,55969,15251,-15540,500
2021-01-08,13898,13947,13512,13706,4577632,62741024192,0.3514,148691,-27265,-136215,-10851,-21120,-5784,-30386,0,-68074,32442,-17653,0
2021-01-11,13657,13657,12740,12982,7233682,93907659724,-5.2824,776626,-350625,-447117,-50807,-68699,-25533,-6346,0,-296532,7831,13285,800
2021-01-12,12788,12981,12451,12789,3400191,43485042699,-1.4867,-35594,78879,10380,35009,-9256,-4792,-2671,0,-7910,-52958,-707,0
2021-01-13,12933,13174,12644,12837,2761095,35444176515,0.3753,-23933,28545,-8169,-7490,-1819,-233,-2735,0,4108,1743,1814,0
2021-01-14,12837,13898,12644,13416,8268947,110936192952,4.5104,-23280,290081,-223586,-34891,29782,-2417,30327,0,-246387,-41715,-1500,0
2021-01-15,13512,13705,12933,13078,3346617,43767057126,-2.5194,663974,-369978,-307498,-81347,-29375,-3668,-17097,0,-176011,18138,-4636,0
2021-01-18,12933,12981,12547,12644,2838067,35884519148,-3.3186,199264,-53756,-188330,-697,-550,645,-3785,0,-184243,40733,2089,300
2021-01-19,12547,12933,12451,12837,2999100,38499446700,1.5264,-417572,123970,298860,-6213,2173,17621,-1580,0,286859,-4671,-587,0
2021-01-20,12885,12981,12499,12789,2634050,33686865450,-0.3739,339728,-86975,-249504,-120478,-5949,-1291,-837,0,-120949,2114,-5363,0
2021-01-21,12933,13367,12837,12885,3596076,46335439260,0.7506,-343788,183185,221304,28826,-5585,-1036,-1977,0,201076,-58820,-1881,0
2021-01-22,13126,13223,12837,12934,2742160,35467097440,0.3803,400460,-261733,-158659,-162,-16896,-9950,-11650,0,-120001,14851,5081,0
2021-01-25,12885,12981,12692,12789,2288590,29268777510,-1.1211,38170,-42836,6419,-29663,9017,-314,-2266,0,29645,600,-2353,0
2021-01-26,13416,13416,12788,12837,3838225,49271294325,0.3753,428724,-223454,-216070,-48966,-19619,-7892,-31990,0,-107786,10755,45,183
2021-01-27,12837,12885,12595,12692,2084823,26460573516,-1.1295,-43177,31976,8390,23700,-937,-306,1567,0,-15634,1293,1518,0
2021-01-28,12354,12547,12161,12210,3154871,38520974910,-3.7977,297256,-208242,-105224,-44573,10401,-258,-416,0,-70378,13839,2371,0
2021-01-29,12258,12402,11003,11341,7121094,80760327054,-7.1171,368825,-73328,-107464,11956,4033,-3917,228,0,-120634,-190074,2041,870
2021-02-01,11099,11582,10713,11534,4242122,48928635148,1.7018,-155317,37099,124189,29376,15139,141,508,0,75729,2562,-8533,3296
2021-02-02,11582,11727,11244,11438,2501207,28608805666,-0.8323,54893,-72060,-6209,-29616,-14158,-1914,1647,0,37832,23197,179,0
2021-02-03,11485,11582,11292,11486,2302163,26442644218,0.4197,-56338,102905,-42220,12808,-6252,-7536,-1163,0,-40077,-2061,-2286,0
2021-02-04,11534,11582,11051,11148,2276664,25380250272,-2.9427,325848,-136424,-194507,-21518,-9078,-3982,-224,0,-159705,3804,1279,0
2021-02-05,11244,12113,11099,11389,4993404,56869878156,2.1618,273226,-294109,23233,-37422,17299,-527,211,0,43672,-6910,4560,0
2021-02-08,11678,12113,11630,11824,4155540,49135104960,3.8195,61740,-84672,36492,19278,-7644,1320,310,0,23228,-14697,1137,0
2021-02-09,11920,12161,11823,11824,1914214,22633666336,0.0,24480,-15495,-8700,13769,-2467,2662,-311,0,-22353,-325,40,0
2021-02-10,11775,11823,11485,11775,2059342,24248752050,-0.4144,-222,44693,-40257,20593,688,3410,8578,0,-73526,-3310,-904,0
2021-02-15,11775,11823,11485,11727,1922053,22539915531,-0.4076,-146197,121885,26698,-8874,84803,-60,468,0,-49639,9031,-11417,0
2021-02-16,11727,11727,11292,11438,2385733,27288014054,-2.4644,158930,-70746,-86367,-1695,-11467,1841,-4657,0,-70389,-862,-955,0
2021-02-17,11341,11389,11003,11100,2473217,27452708700,-2.9551,123266,34040,-161468,-1458,-15324,-7854,7495,0,-144327,7310,-3148,0
2021-02-18,10954,11630,10954,11100,2380840,26427324000,0.0,111368,-169770,36372,14640,3505,43765,-15,0,-25523,15077,6953,0
2021-02-19,11099,11244,10713,11003,2170103,23877643309,-0.8739,-68268,104279,-20918,8341,1058,-47759,196,0,17306,-7460,-7633,-60
2021-02-22,11051,11196,10713,10810,1972062,21317990220,-1.7541,239697,-107274,-120570,-98171,300,-149,-205,0,-22345,-12376,523,0
2021-02-23,10568,10761,10327,10617,2669102,28337855934,-1.7854,-425179,356951,62218,-1114,-884,2686,251,0,61279,5211,799,0
2021-02-24,10617,10713,9845,9893,4306794,42607113042,-6.8193,-274425,199080,-17555,-37876,2859,2285,-447,0,15624,89226,3674,0
2021-02-25,10086,10810,9893,10714,3487705,37367271370,8.2988,-839551,734075,104317,-47837,-2590,0,-990,0,155816,1028,131,-82
2021-02-26,10327,10375,9893,10231,3914959,40053945529,-4.5081,1160117,-1029274,-197756,-36716,-2197,532,223,0,-159598,61897,5016,0
2021-03-02,10520,10520,10134,10328,1940875,20045357000,0.9481,-225996,197403,27659,-23707,-836,1003,-6189,0,57388,7800,-6866,0
2021-03-03,10279,10906,10231,10907,3234110,35274437770,5.6061,-824595,474877,350989,28889,142339,8876,-636,0,171521,1731,-3002,0
2021-03-04,10665,10954,10472,10762,2191866,23588861892,-1.3294,248906,-419262,123971,37517,107470,0,20046,0,-44362,46232,153,3300
2021-03-05,10568,10617,10231,10424,1745624,18196384576,-3.1407,406495,-316354,-94425,-65036,-2237,-3222,3126,0,-27056,4831,-547,0
2021-03-08,10472,10713,10279,10328,1454225,15019235800,-0.921,55098,-144605,71405,14283,12688,2421,-14,0,42027,17653,449,0
2021-03-09,10472,10520,10086,10424,1820421,18976068504,0.9295,-88590,41793,80084,-5890,21537,1139,-35,0,63333,-32987,-300,0
2021-03-10,10617,10665,10182,10279,1511902,15540840658,-1.391,431012,-114475,-327113,-289304,-19540,0,1932,0,-20201,9124,1452,0
2021-03-11,10279,10327,10038,10231,2444182,25006426042,-0.467,314353,563253,-900815,-876251,-10469,-21609,164,0,7350,24410,-1201,0
2021-03-12,10327,11292,10279,10955,5030048,55104175840,7.0765,-982237,783666,213862,44083,28103,200,169,0,141307,-14175,-1116,0
2021-03-15,11051,11244,10713,10955,1802468,19746036940,0.0,346895,-300699,-48040,9191,-23338,-2533,-4238,0,-22901,1909,-65,-4221
2021-03-16,11099,11292,10906,11245,2194428,24676342860,2.6472,19467,-150682,170103,116869,14634,19983,-146,0,18763,-37479,-1409,0
2021-03-17,11292,11437,11003,11438,1699489,19438755182,1.7163,-59048,-40932,94059,123217,-3467,-15396,-2503,0,-7792,6979,-1058,0
2021-03-18,11485,11534,11099,11245,2120401,23843909245,-1.6874,425456,-198489,-213272,107015,-148013,52,-15223,0,-155903,-16170,2475,-1200
2021-03-19,10906,11389,10906,11196,2617070,29300715720,-0.4357,-62615,66667,-5327,122603,4527,-2298,-18302,0,-111857,434,841,0
2021-03-22,11678,12064,11341,11486,6715213,77130936518,2.5902,526724,-466598,-93642,100465,-114967,241150,-110005,0,-210285,31656,1860,0
2021-03-23,11582,11630,11389,11389,1853777,21112666253,-0.8445,74681,-179494,133850,135847,369,-1950,-19100,0,18684,-27721,-1316,0
2021-03-24,11341,11678,11148,11631,1898044,22076149764,2.1249,-335466,227770,105785,135274,-14597,-162,-3271,0,-11459,1675,236,0
2021-03-25,11582,11920,11485,11824,2149782,25419022368,1.6594,-183643,81576,108820,108724,683,-3757,359,0,4811,-5758,-995,-2000
2021-03-26,11920,12451,11871,12258,4534073,55578666834,3.6705,-862081,735375,161849,131921,-2500,3416,-1201,0,30213,-34983,-160,0
2021-03-29,12499,13319,12354,12789,8265923,105712889247,4.3319,-516203,33458,490107,211232,110395,208339,-3889,0,-35970,-5411,-1951,0
2021-03-30,13030,13223,12451,12741,3657634,46601914794,-0.3753,185579,-352567,156141,164036,19213,-2485,-6624,0,-20588,5507,5340,2589
2021-03-31,12788,12885,12354,12548,2641621,33147060308,-1.5148,165852,-79387,-61963,1191,2173,-18444,1115,0,-48259,-22666,-1836,261
2021-04-01,12644,12692,12113,12210,2424497,29603108370,-2.6937,68434,-93307,42884,96409,7532,-63444,134,0,2253,-17960,-51,0
2021-04-02,12161,12644,12064,12548,2193922,27529333256,2.7682,-105343,-43178,108908,87943,587,-1984,429,0,21933,28176,11437,0
2021-04-05,12644,12933,12547,12644,1675265,21182050660,0.7651,-110458,57351,48936,67767,-2048,-2753,-492,0,-13538,904,3267,0
2021-04-06,12692,12740,12402,12548,1553969,19499203012,-0.7593,47534,-34142,-8274,75545,-9603,-2042,-2838,0,-69336,9661,-14779,0
2021-04-07,12499,12547,12354,12499,1356197,16951106303,-0.3905,-113266,74406,45050,73367,-9636,-2389,2870,0,-19502,-3349,-2841,340
2021-04-08,12692,12981,12644,12934,3491735,45162100490,3.4803,-541116,109480,430008,180718,170000,-2877,178156,0,-95989,1673,-45,0
2021-04-09,12933,13030,12788,12837,1714816,22013092992,-0.75,57135,-114794,73827,101118,10333,-13223,2126,0,-26527,-16938,770,0
2021-04-12,12837,12885,12547,12741,1722041,21940524381,-0.7478,-77899,30455,52452,159475,17498,-101254,-3657,0,-19610,-5302,294,0
2021-04-13,12788,12981,12692,12982,2759241,35820466662,1.8915,-524940,248681,275777,108394,100859,8131,23247,0,35146,129,353,0
2021-04-14,13030,14043,12981,13851,10156892,140683111092,6.6939,-778728,510407,324659,69029,41805,10870,145726,0,57229,-57023,685,0
2021-04-15,13802,13802,13319,13465,5250262,70694777830,-2.7868,828729,-746788,-121718,-62577,15952,-26657,21565,-792,-69209,35215,4562,0
2021-04-16,13464,13705,13126,13513,3502910,47334822830,0.3565,-16015,-58668,84094,135618,-9896,5039,5849,0,-52516,-10563,1152,0
2021-04-19,13561,13754,13416,13465,2236916,30120073940,-0.3552,-9114,-32284,47875,65268,-5595,-8605,803,0,-3996,-6459,-18,0
2021-04-20,13126,13609,13030,13416,2947841,39548234856,-0.3639,-290617,255292,81329,75053,-9825,1234,1025,0,13724,-49659,3655,118
2021-04-21,13416,13416,13030,13127,2486474,32639944198,-2.1541,-57209,-40950,120137,242683,-7059,-2495,-6882,0,-106110,-22898,920,0
2021-04-22,13223,13705,13174,13513,3579910,48375323830,2.9405,-137352,140890,57479,86694,15001,-15958,-16159,0,-12099,-60384,-633,0
2021-04-23,13464,13657,13223,13320,2231279,29720636280,-1.4283,143645,-258804,116524,106600,-1782,-15000,-19758,0,46464,-955,-410,0
2021-04-26,13464,13512,13319,13513,2003123,27068201099,1.4489,-61500,-91864,148803,203339,7826,1988,-56585,0,-7765,1958,2603,0
2021-04-27,13657,13850,13416,13465,3646002,49093416930,-0.3552,-135141,-30008,58831,69561,-41425,-760,-47,0,31502,104279,2039,0
2021-04-28,13995,14140,13561,13754,6676927,91834453958,2.1463,-362619,-14128,340680,172908,101241,13450,1813,0,51268,36775,-708,0
2021-04-29,13850,13898,13416,13658,3628390,49556550620,-0.698,-324902,142183,266961,224430,-3889,-158,-2907,0,49485,-83916,-326,0
2021-04-30,13705,13802,13223,13465,3538966,47652177190,-1.4131,183828,44977,-170623,-24521,9394,-33214,2881,0,-125163,-54561,-3621,0
2021-05-03,13271,13319,12161,12355,6820747,84270329185,-8.2436,780369,-446585,-351696,-44344,-16319,-23288,-58536,0,-209209,19314,-1402,0
2021-05-04,12016,12258,11534,12210,5542156,67669724760,-1.1736,298445,-166193,-173774,-8308,-4080,5109,-17254,0,-149241,23055,18467,0
2021-05-06,12064,12354,11871,12065,3717118,44847028670,-1.1876,773759,-699593,-216864,-12434,-28546,-21493,-1357,0,-153034,145708,-3010,0
2021-05-07,12161,12451,12064,12210,2664881,32538197010,1.2018,185679,66314,-115629,-7718,-3667,-127215,469,0,22502,-129818,-6546,0
2021-05-10,12258,12740,12209,12644,3254235,41146547340,3.5545,43234,-69983,57214,166227,-1723,-77008,12877,0,-43159,-25185,-5280,0
2021-05-11,12451,12788,12354,12548,2642653,33160009844,-0.7593,527857,-291976,-259947,-4840,25032,-81304,458,0,-199293,29245,-5179,0
2021-05-12,12499,12499,12064,12161,2511866,30546802426,-3.0842,532928,-328959,-212460,47715,-2313,-162847,7386,0,-100301,7485,1006,-2100
2021-05-13,11775,12258,11727,12017,2942165,35355996805,-1.1841,164213,-38886,-142096,192960,19121,-30467,1798,0,-325508,12479,4290,0
2021-05-14,12064,12209,11823,11872,1670129,19827771488,-1.2066,418319,-301689,-119201,-71613,4158,-41166,-10123,0,-457,1405,1166,0
2021-05-17,12016,12402,11920,12065,2650245,31975205925,1.6257,251339,-164985,-134962,71434,-16927,-123733,-7,0,-65729,35876,12732,0
2021-05-18,12064,12258,12016,12161,1473644,17920984684,0.7957,34337,-182180,125376,76964,1210,-36684,309,0,83577,34155,-11688,0
2021-05-20,12499,13512,12209,13320,10932370,145619168400,9.5305,-720129,769610,-130254,90355,13852,19132,75807,0,-329400,95897,-15124,0
2021-05-21,13416,13561,12837,13416,6481544,86956394304,0.7207,897952,-787058,-150204,45463,-186,64282,3989,0,-263752,33683,5627,0
2021-05-24,14333,14477,13802,14044,14799770,207847969880,4.681,398704,-371433,-130897,62184,81580,-109980,-46017,0,-118664,106892,-3266,0
2021-05-25,14091,14381,13609,14188,6947261,98567739068,1.0253,-691445,479156,184626,64979,46858,-60370,3237,0,129922,28584,-921,0
2021-05-26,14284,15829,14236,15540,26708230,415045894200,9.5292,-2152662,2177846,-148783,60399,92764,-65248,1278,8286,-236452,111760,11839,-9810
2021-05-27,15780,16649,15636,16215,23470620,380576103300,4.3436,243282,316581,-522772,44115,77721,-315220,3895,0,-333283,-37411,320,0
2021-05-28,16360,17470,15925,17229,23797626,410009298354,6.2535,-1285385,2020566,-655185,-22676,7615,-215487,-16626,0,-410011,-64277,-15719,2000
2021-05-31,17856,19496,17421,19207,41760974,802103027618,11.4806,2333092,-1060720,-1313979,508993,-170454,-157862,-129056,202,-1363802,15423,26184,-2000
2021-06-01,19496,19931,18338,19063,25546342,486989917546,-0.7497,1035988,-191333,-809382,182592,-70639,-301683,-10264,0,-608799,-19929,-15344,-589
2021-06-02,18628,23502,18483,21283,67934185,1445843259355,11.6456,1867531,-709687,-1749705,54062,115894,31761,2757,198,-1953377,555168,36693,-1000
2021-06-03,21765,22344,21089,21958,27589743,605815576794,3.1715,2095191,-1797572,-319729,150796,-41564,512,-34245,0,-395228,-2196,24306,0
2021-06-04,22054,24516,21668,24226,50411596,1221271324696,10.3288,1047497,701545,-1701895,-29057,-16362,-107755,87283,-400,-1634604,-46507,-640,-1000
2021-06-07,25046,30886,24998,30886,81784993,2526011293798,27.4911,4002912,-1548678,-2374147,-6655,-77448,-437505,-135572,5729,-1733196,-112203,32116,10500
2021-06-08,30789,30789,24467,24468,71801269,1756833449892,-20.7796,-1061281,-232085,1345962,-117838,71808,-204445,-54702,0,1645139,-43477,-9119,6000
2021-06-09,23936,26687,22826,25192,51082790,1286877645680,2.959,174453,128948,-217001,9310,132919,-158877,-25923,0,-172430,-100035,13635,-2000
2021-06-10,24612,25095,22247,22586,27787232,627602421952,-10.3446,-667609,1006380,-397003,-548483,363399,112522,-41382,0,-286160,72758,-14526,3101
2021-06-11,23068,23599,21813,22923,21210949,486218583927,1.4921,-431223,-85533,201520,-16928,8150,-12336,2920,0,221414,312386,2850,-1700
2021-06-14,23068,23068,21620,22730,15979595,363216194350,-0.8419,-389665,27721,352843,-2812,-28110,170088,-5489,0,217666,13644,-4543,1500
2021-06-15,22682,23357,22247,22779,7453228,169777080612,0.2156,-27381,-52377,98964,-3071,-17042,-1694,-7063,0,127834,-21882,2676,0
2021-06-16,22440,24998,22199,23599,22421398,529122571402,3.5998,-62047,147257,-160526,-667,42602,-78227,-160,0,-125574,68193,7123,1500
2021-06-17,23357,23936,22923,23261,5813291,135222961951,-1.4323,125674,-28968,-72251,-5322,-8160,-82080,-103,0,23914,-21454,-3001,-500
2021-06-18,23502,24371,22730,24371,9996171,243616683441,4.7719,-640461,368511,237880,4726,228710,-2288,-283,0,11015,36538,-2468,-4000
2021-06-21,24612,25481,23840,24902,11344649,282504449398,2.1788,766493,-191163,-588662,-17757,-2303,-155702,-3458,0,-409442,6522,6810,0
2021-06-22,24950,26301,24757,25819,16771479,433022816301,3.6824,-169306,517772,-401025,24603,9493,-114147,-262,0,-320712,44506,8053,0
2021-06-23,25867,26253,24853,25095,13152297,330056893215,-2.8041,136646,-82223,-97775,126971,21442,1950,2648,0,-255312,25937,17415,4526
2021-06-24,25384,25529,23647,23792,14783123,351720062416,-5.1923,886765,-465556,-506994,-3699,4448,-103353,1986,5890,-414166,85785,0,1900
2021-06-25,23647,24371,23261,23889,8977925,214473650325,0.4077,340294,417575,-813789,-14449,25024,94930,-54,-3797,-915443,46816,9104,0
2021-06-28,23743,24033,22875,22923,9909084,227145932532,-4.0437,1275641,196197,-1381353,-148861,-84774,-320425,-61629,0,-766154,-88599,-1886,490
2021-06-29,22875,23695,22585,23358,8607966,201064869828,1.8977,-21152,451312,-430578,6138,-340,-9294,24248,0,-451351,-155,573,21
2021-06-30,23309,23357,22682,23020,5068510,116677100200,-1.447,-100365,226283,-149560,-6814,4159,2965,-10470,0,-139400,27316,-3674,0
2021-07-01,23261,24322,22826,23985,11482301,275402989485,4.192,-544700,1137749,-624911,-9614,108552,-11021,-64,0,-707553,23650,8212,-5211
2021-07-02,24660,24950,23840,23889,8555495,204382220055,-0.4003,715582,-593330,-227245,16512,14585,31267,3010,0,-296619,117306,-12313,4000
2021-07-05,23936,24564,23454,24082,7245664,174490080448,0.8079,-705592,708999,-6302,-21727,28616,-2221,29404,0,-40874,4554,-1659,500
2021-07-06,24564,25722,24322,25143,21369097,537283205871,4.4058,-813554,788263,-38115,48007,222831,123318,83150,0,-515421,30663,32743,0
2021-07-07,25143,25481,24322,24468,9203665,225195275220,-2.6846,1295305,-1240230,-37613,71510,33306,-80535,80316,0,-142210,5096,-22558,0
2021-07-08,24226,24660,23936,24371,7145981,174154702951,-0.3964,-435515,217074,241947,-40559,93104,20352,102917,4000,62633,-23282,-224,-500
2021-07-09,23985,25336,23647,25192,11886824,299452870208,3.3688,-1541868,1491047,81137,31601,93650,95144,27854,437,-166049,-20274,-10042,-1500
2021-07-12,26012,26156,24612,24613,9526027,234464102551,-2.2983,2843328,-2750993,-107344,14466,-415,-18883,3967,0,-105979,17057,-2048,-500
2021-07-13,24612,25384,24564,24613,7382775,181712241075,0.0,-235836,229880,-1729,17671,6326,-26903,5374,0,-5697,9654,-1969,1500
2021-07-14,24757,25191,24467,24999,5217081,130421807919,1.5683,-1144243,926890,89076,43759,1923,-10571,7861,1945,43159,67296,60981,1000
2021-07-15,25143,25722,24853,25143,8623735,216826569105,0.576,-222872,486042,-263367,-53154,29835,-80796,6459,1905,-167616,11703,-11506,0
2021-07-16,25191,25239,24129,24226,7895511,191276649486,-3.6471,1591258,-1299618,-345661,-2171,-69772,-105057,-48935,0,-118726,43516,10505,-1000
2021-07-19,23743,24371,23261,23937,4638584,111033785208,-1.1929,340839,-131268,-222949,-10062,10376,-152627,229,0,-71865,10981,2397,1000
2021-07-20,23647,24564,23550,24226,8324479,201668828254,1.2073,528281,11080,-556418,-144466,188809,195778,55437,0,-850476,23949,-6892,-1500
2021-07-21,23406,24129,22778,23551,23977814,564701497514,-2.7863,1587106,-541855,-1137211,-641346,-106420,-342671,-15891,-1,-27382,12885,79075,-3500
2021-07-22,23599,23695,22585,22682,11058230,250822772860,-3.6899,622343,-274272,-334239,-481162,175,-108581,-3987,0,263742,-23774,9942,-4426
2021-07-23,22585,22923,22199,22586,6208731,140230398366,-0.4232,-664483,365729,289522,54661,7688,93137,349,0,134187,2035,7197,-500
2021-07-26,22682,22826,21813,22006,6947948,152896543688,-2.568,-425112,444498,-17267,-43624,-23914,-29662,-2113,0,81046,-6140,4021,1000
2021-07-27,22103,22633,21909,22151,5269838,116732181538,0.6589,-357026,285239,109700,29350,-11969,72109,-192,0,20402,-22740,-15173,0
2021-07-28,22054,22296,21523,21765,5210606,113408839590,-1.7426,366726,-407485,59049,11625,-37409,96731,5393,-1106,-16185,-5925,-12365,0
2021-07-29,22199,22247,21620,21765,3730604,81196596060,0.0,541295,-460464,-84448,-91252,2158,-7863,723,0,11786,7953,-4336,0
2021-07-30,21620,21716,20800,20993,9733965,204345127245,-3.547,743576,-778923,3255,6277,-15455,-26042,760,0,37215,27616,4476,500
2021-08-02,20944,21379,20558,21041,4692093,98726328813,0.2286,-319461,284525,31441,-4114,-3676,-58259,796,0,97217,-6854,10349,-523
2021-08-03,21089,21089,19786,19980,9532826,190465863480,-5.0425,37944,340419,-400298,-407872,-31740,603,7765,-1905,32351,20557,1378,500
2021-08-04,20076,20944,19690,20897,8247052,172338645644,4.5896,-1195546,1300220,-62449,-145182,-1885,18070,7323,-303,61028,-25838,-16387,-1500
2021-08-05,21089,21379,20510,20897,5271833,110165494201,0.0,662745,-779321,130788,-29952,6912,37467,15328,0,101533,-19355,5143,-500
2021-08-06,20800,21716,20703,21620,6904642,149278360040,3.4598,169523,-134653,-118468,-38409,39624,-13292,34082,0,-140465,86504,-2906,-8
2021-08-09,21620,21620,20655,20703,5603765,116014746795,-4.2414,2084629,-910170,-1202670,42357,-3795,-21273,2345,0,-1223004,22809,5402,700
2021-08-10,20703,20993,20317,20752,4994317,103642066384,0.2367,-93669,954473,-856286,23697,-26797,84987,-15390,0,-923283,-10195,5677,500
2021-08-11,20558,21089,20510,20607,3278698,67564129686,-0.6987,-263002,254815,12909,111303,-6230,-542,-1930,0,-88992,-325,-4397,-700
2021-08-12,20703,21475,20655,20945,8235636,172495396020,1.6402,-756573,1669525,-849766,115139,54034,73063,177611,1493,-1272606,-47633,-15553,1500
2021-08-13,21041,21089,19786,20076,6455804,129606721104,-4.149,969825,-713757,-183335,-682,-72777,616,-19631,0,-88361,-83321,10588,-2500
2021-08-17,20365,20462,19786,19931,4843754,96540860974,-0.7223,-75494,37293,25407,57024,-258,-9408,-17635,0,-5316,15799,-3005,1000
2021-08-18,19690,20413,19448,20173,5365736,108242992328,1.2142,-864986,917009,-26572,33091,-1880,4986,3623,0,-67392,-26403,952,1000
2021-08-19,19979,20027,18821,18821,9241322,173930921362,-6.702,1984856,-1490314,-410869,-110142,-5236,21045,-3855,-11905,-301276,-86703,3030,500
2021-08-20,18869,19400,18676,18821,7162932,134813543172,0.0,-1682693,1511258,99071,2801,35412,17915,-758,1114,42087,71474,890,500
2021-08-23,18966,19400,18145,19111,6197770,118445582470,1.5408,-1205682,1026064,176013,7792,12004,27991,3154,0,125572,3566,39,-500
2021-08-24,19448,20269,19303,20028,6079921,121768657788,4.7983,-150020,123896,616,19381,40946,-5014,-10599,0,-44598,25830,-322,500
2021-08-25,20076,20413,19834,20124,4281663,86164186212,0.4793,-250541,-25102,316385,291062,5322,-153,-5204,0,25358,-38754,-1988,0
2021-08-26,20269,20317,19207,19400,5316925,103148345000,-3.5977,877534,-767809,-100582,-55388,24215,0,21272,0,-90681,-2099,-7044,0
2021-08-27,19110,19883,18966,19738,3765143,74316392534,1.7423,-1197336,718326,490925,237082,19349,14372,18928,0,201494,-11385,-530,-300
2021-08-30,20027,20124,19641,19690,2922910,57552097900,-0.2432,347361,-238478,-78179,-17224,6203,3828,6168,0,-77454,-16400,-14304,300
2021-08-31,19690,20172,19400,20173,4381267,88383299191,2.453,-413948,396179,-1520,112611,-22072,9527,68535,0,-169821,18846,443,-300
2021-09-01,20172,21958,19931,21138,17313479,365972319102,4.7836,626279,-880230,264676,2123,31071,24275,55122,0,153785,13791,-24516,-1700
2021-09-02,21427,21668,20558,20559,8211790,168826190610,-2.7391,1921176,-1938386,2264,14992,29477,10665,-4694,0,-49817,8527,6419,1641
2021-09-03,21379,21765,20703,20993,8966393,188231488249,2.111,1156538,-1230221,64991,50786,-15091,84534,2372,0,-57969,10555,-1863,359
2021-09-06,21089,21282,20751,21090,3519543,74227161870,0.4621,264726,-224406,-19117,71678,7235,662,-27407,0,-71285,-929,-20274,0
2021-09-07,21089,21716,20993,21138,7801203,164901829014,0.2276,811506,170099,-1012839,209243,18292,73079,15734,0,-1328987,31964,-730,-200
2021-09-08,20848,20896,20365,20414,4976009,101580247726,-3.4251,712354,-360348,-416516,30697,11782,11083,15818,0,-485896,76408,-11898,0
2021-09-09,20317,20510,19931,20173,4268063,86099634899,-1.1806,-69206,454258,-368449,-2151,-101492,-1975,61709,0,-324640,-18047,1444,100
2021-09-10,20124,20317,19545,19690,3594695,70779544550,-2.3943,504978,-569051,61252,19354,-30069,1203,29731,0,41233,-5520,8341,-200
2021-09-13,19593,19883,19303,19594,3412892,66872205848,-0.4876,-199123,226826,-20704,-118032,605,2856,88708,0,5159,-12352,5353,0
2021-09-14,19690,20558,19690,20269,3893380,78914919220,3.4449,-991825,922409,56188,-21194,15730,3312,-9715,0,69055,22054,-8826,-1000
2021-09-15,20317,20944,20220,20317,4404744,89491183848,0.2368,358651,-201781,-165909,33579,1725,-229,-1533,0,-200451,9142,-103,1000
2021-09-16,20606,21379,20413,21090,7837821,165299644890,3.8047,-1377958,1125688,227842,160117,60882,8729,7664,0,-9450,37884,-13456,-100
2021-09-17,21330,21620,20751,20897,8504125,177710700125,-0.9151,443863,-255150,-166838,-30868,6476,26792,-5479,0,-163959,-20311,-1564,200
2021-09-23,20462,20944,20269,20366,4053982,82563397412,-2.541,515965,-560031,26055,28605,1220,12950,-1809,0,-14711,20633,-2622,-200
2021-09-24,20510,20558,19786,19835,4391013,87095742855,-2.6073,942422,-996022,45338,25528,-537,10356,-2750,0,12741,8144,118,0
2021-09-27,19593,20220,19593,19931,2921285,58224131335,0.484,-107293,-38149,158614,99803,-37161,4853,-6480,0,97599,-11006,-2166,0
2021-09-28,20076,20365,19931,20269,3768022,76374037918,1.6959,-520293,464053,-38839,22217,-37136,-23983,14125,0,-14262,98819,-3740,200
2021-09-29,19883,20027,19496,19738,4444053,87716718114,-2.6198,753901,-683063,-80672,16435,19000,-3298,12437,0,-124846,3663,6171,-400
2021-09-30,19690,20365,19593,19835,3826058,75889860430,0.4914,-74445,125281,-33489,-16434,42200,-4384,8201,0,-63272,-1279,-16068,200
2021-10-01,19641,19738,18917,19014,5540286,105342998004,-4.1391,1074534,-903474,-183899,-8580,1433,-2361,-2343,0,-171748,10365,2474,-300
2021-10-05,18676,19352,18580,18821,4370102,82249689742,-1.015,-156964,5639,137449,23129,8508,2797,434,0,102381,17605,-3729,200
2021-10-06,19014,19159,17421,17518,8294689,145306361902,-6.9231,237938,-180266,-204174,-37163,-28122,-72299,8004,1958,-76552,159854,-13352,0
2021-10-07,17614,18435,17614,18339,3963006,72677567034,4.6866,-1023576,878924,138474,33661,408,-3612,124,0,109393,2397,3781,-1500
2021-10-08,18531,18773,18242,18435,3009198,55474565130,0.5235,-299173,355072,-60344,57051,15493,-28338,800,0,-106750,6025,-1580,1400
2021-10-12,18338,18821,18097,18290,2881248,52698025920,-0.7865,346432,-254111,-127114,-29265,4288,-1084,-29962,0,-70691,43222,-8429,-400
2021-10-13,18580,21282,18387,20993,21802612,457702233716,14.7786,-1966607,1177500,834432,616214,265032,-1356,123729,0,-166687,-42822,-2503,-2500
2021-10-14,21523,22247,20751,21669,23023562,498897564978,3.2201,-549239,-101432,755836,312581,297575,238308,7249,0,-101577,-96975,-8190,1700
2021-10-15,21861,23309,21716,22634,26797443,606533324862,4.4534,-175419,-213940,453467,389752,65146,145055,43921,0,-190907,-79030,14922,500
2021-10-18,23116,23309,22006,22296,13747479,306513791784,-1.4933,884802,-894144,21370,-3290,-10438,44182,11744,0,-21128,-8540,-3488,300
2021-10-19,22199,22730,21861,22200,9347618,207517119600,-0.4306,-160516,97620,114435,36268,6345,-37135,11608,0,96658,-49334,-2205,691
2021-10-20,22392,22440,21041,21041,11357252,238967939332,-5.2207,264377,-504432,167271,-70685,2228,-7899,4951,0,238436,40723,32061,240
2021-10-21,21282,22537,21137,22296,15563218,346997508528,5.9645,556283,-1126901,515981,69383,153529,57522,153242,0,82505,63190,-8553,-200
2021-10-22,22440,22682,21765,21813,12090012,263719431756,-2.1663,400297,-996009,545213,258704,110610,50343,46592,8272,71292,48773,1726,-600
2021-10-25,22585,24998,22489,24854,46741882,1161722735228,13.9412,-3018165,2945795,-41724,455988,335094,36790,68452,1000,-939148,125840,-11746,100
2021-10-26,24564,25432,24178,25192,24476450,616610728400,1.3599,63682,-612165,373162,157569,-33482,-20053,1330,-965,264163,177804,-2483,4600
2021-10-27,24902,25432,24371,24806,13695310,339725859860,-1.5322,510320,-461737,60145,211080,-57555,-114278,40703,3312,-26560,-103084,-5644,3443
2021-10-28,24467,25384,23116,23358,21727686,507515289588,-5.8373,-15414,-222522,215414,-14262,31421,1185,-71268,-3868,268506,10328,12194,3700
2021-10-29,23647,24129,23261,23551,9832627,231568198477,0.8263,1033049,-1223233,136444,200946,70396,207,12888,-65,-149802,62766,-9026,1874
2021-11-01,24129,24564,22826,23213,11976572,278012165836,-1.4352,480698,-855643,337667,135974,10150,11695,-2521,1534,174689,31925,5353,6146
2021-11-02,23309,24274,23068,24226,10560196,255831308296,4.3639,-1132117,619971,483551,266058,47755,36814,5791,0,127133,33398,-4803,0
2021-11-03,24902,24998,23406,23744,12386449,294103845056,-1.9896,1890239,-2047364,67206,303446,2211,-596,2007,1008,-240370,77395,12524,-500
2021-11-04,24371,26591,24226,25336,52443254,1328702283344,6.7049,-4848972,3570754,1192477,856362,275785,71734,118874,943,-119521,87619,-1878,-11700
2021-11-05,25674,25915,24757,25578,19060137,487520184186,0.9552,1636760,-1947668,369704,281156,22720,4626,16562,400,39140,-61324,2528,5100
2021-11-08,25770,26060,24998,25626,12713938,325807375188,0.1877,1655629,-1587449,-67847,301877,20298,1296,3798,0,-395116,17699,-18032,0
2021-11-09,25722,26687,25384,25481,20941744,533616578864,-0.5658,1891156,-2068315,167222,215257,18541,-5528,10361,943,-72252,-8364,18301,-100
2021-11-10,25384,25674,24660,24806,12333518,305945247508,-2.649,-711364,340420,391608,95248,76021,40461,1570,0,173408,-35769,15105,4900
2021-11-11,24516,25095,23985,24902,11258227,280352368754,0.387,-569168,-274539,822835,56643,29442,15144,12775,0,708631,4810,16062,200
2021-11-12,24998,26108,24950,25288,13124467,331891521496,1.5501,-97198,-50142,137553,87526,18250,26992,9753,0,-8568,23011,-13224,3600
2021-11-15,25384,25481,24612,24661,7317478,180456324958,-2.4794,864275,-930069,22741,-28846,-52451,-6664,-23486,200,133988,27116,15937,0
2021-11-16,24612,25143,24371,24806,7447883,184752185698,0.588,-579400,345159,242885,131793,49308,18642,19121,0,23921,-8024,-620,100
2021-11-17,25143,25770,24467,24516,12172826,298429002216,-1.1691,1295686,-1048864,-272470,-120100,132046,-163456,5477,0,-162837,37242,-11594,36400
2021-11-18,24371,24419,23550,23599,10259766,242120217834,-3.7404,-330316,100865,192208,123798,-14101,-15675,19168,1576,70004,27484,9759,7438
2021-11-19,23212,23599,22392,23213,11366685,263854858905,-1.6357,-857542,631786,276485,76590,-42584,2711,19888,0,220080,-55371,4642,-200
2021-11-22,23406,23888,22778,22875,7488441,171298087875,-1.4561,347782,-362117,32510,153115,-20157,-26981,-7672,0,-65775,-16831,-1344,-20
2021-11-23,23261,23743,22778,22827,6692288,152764858176,-0.2098,347877,-100550,-235994,481,33308,-94280,29929,0,-205532,-13163,1830,100
2021-11-24,23309,23406,22537,23165,6250045,144782292425,1.4807,-200927,137555,57810,358606,3457,-2881,8313,-600,-315409,2790,2772,6324
2021-11-25,23212,23406,22489,22489,5193571,116798218219,-2.9182,524750,-414854,-72065,10017,3109,-6233,8062,0,-88312,-42532,4701,1292
2021-11-26,22392,22826,22103,22248,6270266,139500877968,-1.0716,-547086,469345,48339,96053,36234,-11316,9051,-1886,-84997,2984,26418,5200
2021-11-29,19593,20027,18966,19207,21345904,409990778128,-13.6686,120072,767817,-837368,-341224,-192990,-80770,-166802,-8186,-48172,-28189,-22332,776
2021-11-30,19352,19400,18242,18339,16738333,306964288887,-4.5192,-485058,630873,103320,-44187,40754,26794,-11616,0,85275,-223323,-25812,6300
2021-12-01,18338,19496,18145,19207,11022583,211710751681,4.7331,-152484,-62675,143064,-76335,122073,108089,5301,0,-21701,78000,-5905,5637
2021-12-02,18773,19352,18724,19159,4704419,90131963621,-0.2499,-154235,309173,-164548,-138511,-3282,-42211,43452,0,-24496,14045,-4435,500
2021-12-03,19400,19786,19207,19449,4919205,95673618045,1.5136,181793,-157249,-37121,-11214,-16094,12282,1188,0,-58183,15388,-2811,34900
2021-12-06,19400,20076,19255,20028,6055492,121279393776,2.977,-548669,516370,30773,98964,43009,20436,3353,0,-134833,-6230,7756,-156
2021-12-07,20124,20317,19834,20028,3560485,71309393580,0.0,75056,41667,-139417,-20016,25207,-92138,19708,0,-72478,22139,555,300
2021-12-08,20317,20993,20269,20462,5260019,107630508778,2.167,-521228,456408,89928,-46369,459,-41640,8282,0,170896,-12297,-12811,-1700
2021-12-09,20462,20896,20413,20897,4639028,96941768116,2.1259,-509565,-115911,624047,106911,287767,24358,114129,0,91153,-3664,5093,-271
2021-12-10,20944,21379,20655,21234,3644562,77388629508,1.6127,-341120,-220434,556722,429485,57321,50517,92895,0,-69681,7605,-2773,-3815
2021-12-13,21234,21716,21234,21524,3061535,65896479340,1.3657,-418944,-25420,439421,370658,-967,2096,12431,0,54703,2569,2374,500
2021-12-14,21523,21523,20751,20848,3755475,78294142800,-3.1407,237008,-215223,-53139,43705,-32470,-17088,1307,0,-52590,13993,17361,3997
2021-12-15,20606,21186,20510,20945,2321749,48629032805,0.4653,-372989,344019,49035,91448,-13444,-2827,29412,0,-55554,-2884,-17181,0
2021-12-16,20993,21186,20510,20752,2855348,59254181696,-0.9215,124695,39785,-99002,-81824,7562,-2904,-16404,0,-5432,-67430,1952,0
2021-12-17,20510,21089,20462,20945,2704613,56648119285,0.93,-600653,557032,72998,57987,2653,-1917,13375,0,900,-22829,-6548,0
2021-12-20,20993,21330,20800,21041,3160926,66509043966,0.4583,-112999,132477,-4023,28027,-6618,41409,3015,0,-69856,-14662,-793,0
2021-12-21,21137,21234,20462,20559,2941254,60469240986,-2.2908,475783,-396441,-74719,-90646,-36458,34780,-58647,0,76252,-21313,16690,0
2021-12-22,20655,20655,19786,19931,4206997,83849657207,-3.0546,-511230,458798,76973,96106,-67885,1128,-9721,0,57345,-21007,-3534,0
2021-12-23,20076,20172,19593,19690,4279994,84273081860,-1.2092,-535392,488113,50639,-25618,-59680,48644,-26948,-1797,116051,9149,-12509,-13
2021-12-24,19690,19979,19545,19545,3112104,60826072680,-0.7364,-361418,196274,129077,-36836,1829,80959,-2974,0,86099,34711,1356,0
2021-12-27,19496,19738,19303,19449,4105409,79846099641,-0.4912,-386208,436550,-93098,36660,-13243,97499,3572,0,-217586,34033,8723,0
2021-12-28,19496,20413,19496,20028,8203606,164301820968,2.977,-1712801,606225,697519,-227,107174,136684,56560,0,397328,401080,7977,0
2021-12-29,20365,21041,20220,20800,7467936,155333068800,3.8546,1117203,-605016,-183370,-303857,173862,250408,4183,0,-307966,-325485,-3332,0
2021-12-30,21000,21050,20300,20400,3039827,62012470800,-1.9231,1254497,-591090,-636616,45343,7175,-233058,263,0,-456328,-27485,694,-11
2022-01-03,21300,21600,20700,20950,4473282,93715257900,2.6961,379262,-120822,-239208,137379,33796,-164870,-17192,-3994,-227726,-16973,-2259,3399
2022-01-04,20850,20900,20500,20650,2509924,51829930600,-1.432,547195,-309671,-235565,107690,-55624,-72176,4611,0,-220301,14794,-16753,235
2022-01-05,20600,21050,20350,20750,3656521,75872810750,0.4843,-350620,646228,-233486,123459,-66518,-33277,-90228,0,-166922,-34457,-27665,0
2022-01-06,20300,20650,20000,20050,3070341,61560337050,-3.3735,625843,-269605,-347217,-81835,-69333,-12654,-28671,0,-154724,-5517,-3504,0
2022-01-07,20050,20300,19800,20250,2427353,49153898250,0.9975,-58721,210009,-150651,34561,17725,-38588,-5301,0,-159048,609,-1246,0
2022-01-10,20450,21000,20300,20550,4477914,92021132700,1.4815,175344,-40378,-152281,12030,5419,-9175,-27786,0,-132769,827,16488,0
2022-01-11,20350,20800,20250,20550,2249008,46217114400,0.0,-239477,222243,11734,26995,3140,1718,9779,0,-29898,4765,735,0
2022-01-12,20550,21000,20500,20900,3187490,66618541000,1.7032,-1279925,998636,291053,26476,36449,3665,-23854,0,248317,-6241,-3523,0
2022-01-13,21000,21050,20300,20700,4245573,87883361100,-0.9569,631802,-595415,-16025,50769,-1473,-67186,-39854,0,41719,-22730,2368,0
2022-01-14,20350,20400,20050,20150,3275824,66007853600,-2.657,454508,-410947,-29094,-15649,-64359,-78222,-59422,0,189791,-16272,1805,-1233
2022-01-17,20150,20150,19600,19800,3459380,68495724000,-1.737,-30204,48257,-22755,3113,-116643,-21880,-54158,0,166813,3008,1694,0
2022-01-18,19700,19900,19000,19050,3870925,73741121250,-3.7879,523820,-369288,-147622,-33391,387,-16066,-36009,0,-62543,-4358,-2552,0
2022-01-19,18950,19650,18800,19100,3723958,71127597800,0.2625,280282,-42888,-244771,27932,-19236,-2634,-29749,0,-222965,5860,1517,1881
2022-01-20,19100,19200,18400,18650,5004206,93328441900,-2.356,1331369,231011,-1548929,-11574,-99462,-42474,-37406,0,-1358013,14546,-27997,0
2022-01-21,18650,19050,18400,18450,3878332,71555225400,-1.0724,1022697,-288927,-420616,22928,-80511,-2016,-84424,0,-276593,-317483,4329,0
2022-01-24,18150,18350,17800,18000,3771113,67880034000,-2.439,-497417,497812,572408,322892,29046,-16907,-53893,0,291270,-549805,-22998,0
2022-01-25,18050,18150,17100,17200,4290190,73791268000,-4.4444,-181855,170016,-3863,15866,6245,36116,-10251,0,-51839,15601,101,0
2022-01-26,17200,18200,17200,17900,5332300,95448170000,4.0698,-189263,106895,54928,63601,-18438,-2599,-266,0,12641,23381,4059,-11
2022-01-27,18100,18250,17650,17800,3808893,67798295400,-0.5587,371419,-356315,-41130,-81657,35561,-4208,-1669,0,10864,26008,18,-21
2022-01-28,18050,18150,17300,17700,3837197,67918386900,-0.5618,981625,-702567,-274942,26355,-4556,-43127,-713,0,-252901,-7230,3114,0
2022-02-03,18150,18350,17850,17950,3220029,57799520550,1.4124,135078,263266,-395767,24720,23452,-10647,1053,0,-434345,7678,-10255,0
2022-02-04,18150,18550,17850,18050,4498749,81202419450,0.5571,1022514,958,-1074573,51624,2064,142898,11421,0,-1282580,42824,8277,0
2022-02-07,18250,18300,17300,17300,6895516,119292426800,-4.1551,3304093,-753507,-2586206,-65758,-27710,-700,-12244,0,-2481794,42366,-6746,2000
2022-02-08,17400,17850,17250,17450,6761982,117996585900,0.8671,108971,-264619,147380,128072,24067,-359817,17289,0,337769,6550,1718,0
2022-02-09,17450,17900,17300,17800,5412405,96340809000,2.0057,-320370,298328,-3219,-44543,75629,-147814,37510,0,75999,30228,-4967,0
2022-02-10,17850,18100,17250,17400,6863862,119431198800,-2.2472,992494,864552,-1821074,-36137,-111755,-200406,4965,0,-1477741,-34539,-1433,0
2022-02-11,17250,17600,16900,17350,3696217,64129364950,-0.2874,241734,146713,-405132,18198,-11529,-53677,-45,0,-358079,15390,1295,0
2022-02-14,16850,16900,15500,15600,10091884,157433390400,-10.0865,2729027,-897954,-1887033,-304916,-111755,18257,-131420,-2466,-1350220,32056,23904,-4513
2022-02-15,15350,15900,15200,15450,4637764,71653453800,-0.9615,-149019,621885,-495243,-129510,-75650,-55818,-11875,0,-222390,20611,1766,0
2022-02-16,15800,16450,15700,16350,4367655,71411159250,5.8252,-320038,743640,-473839,65102,-24868,-102381,-94,0,-411598,48151,2086,0
2022-02-17,16350,17250,16200,16850,6290708,105998429800,3.0581,-100803,106186,-68252,381191,21150,-88402,12362,0,-395222,25036,37833,669
2022-02-18,16400,18500,16350,18500,9967745,184403282500,9.7923,27201,-257078,262205,598340,37872,1651,38417,0,-424856,-15329,-16999,10781
2022-02-21,18050,19000,18000,18900,7252419,137070719100,2.1622,484710,-626127,100054,290339,25885,-35985,1782,0,-181967,5124,36239,0
2022-02-22,18500,19100,18250,18600,5141221,95626710600,-1.5873,-346997,354791,5336,58242,29519,-11459,972,0,-71938,-13540,410,0
2022-02-23,18600,18850,18350,18700,4207236,78675313200,0.5376,-351070,495137,-183380,-24346,775,-239436,356,0,79469,38903,410,-198
2022-02-24,18600,19100,18050,18100,5745352,103990871200,-3.2086,-324040,428810,-118021,143625,2356,-125139,272,0,-139135,16633,-3382,0
2022-02-25,18550,19350,18400,18900,8935172,168874750800,4.4199,148684,70497,-227148,153660,79812,-91239,12217,0,-377598,2622,5345,-4000
2022-02-28,21000,21900,20350,20800,28646876,595855020800,10.0529,2670508,-631741,-1985625,387540,-44558,-132067,-7566,0,-2188542,-59187,6045,-432
2022-03-02,20200,21700,20150,21150,14896142,315053403300,1.6827,-1112013,792390,349018,182642,15023,100070,8617,0,54732,-32027,2632,-12066
2022-03-03,22250,22300,21150,21250,14544579,309072303750,0.4728,422960,483754,-1126808,7483,-2002,22161,7886,0,-1162336,224319,-4225,0
2022-03-04,21350,22350,21000,21700,19438353,421812260100,2.1176,1716078,572185,-2398638,88647,85729,77911,19487,0,-2673612,115371,-4996,3200
2022-03-07,21750,21850,20800,21250,11144900,236829125000,-2.0737,2392628,-1498368,-945374,-95659,-100949,-8339,-19936,0,-720491,26591,24523,0
2022-03-08,20650,21000,20050,20800,12991783,270229086400,-2.1176,2823702,-556485,-2292486,-196061,11128,-42964,-15258,0,-2054631,-572,25841,5300
2022-03-10,22450,22500,20650,21100,24667383,520481781300,1.4423,4875149,-2486011,-2336383,-2030414,-28338,-236649,20698,0,-61680,-58631,5876,0
2022-03-11,21150,23250,20850,23250,30782087,715683522750,10.1896,-1766156,2430966,-768721,110341,182391,172907,26801,13000,-1267583,93003,10908,-6578
2022-03-14,23500,23900,22900,23350,20952739,489246455650,0.4301,2516417,-2426296,-109694,-34153,-10524,47147,-3890,0,-109842,21454,-1881,1568
2022-03-15,22900,23300,22100,22300,12494051,278617337300,-4.4968,418659,-245927,-213589,28630,-104972,-32853,-1569,0,-108425,41473,-616,5600
2022-03-16,22650,23250,22350,22600,8732663,197358183800,1.3453,185006,-103689,-106961,95948,9591,-5546,31203,0,-238129,30069,-4425,-28
2022-03-17,22700,22950,22150,22600,7140677,161379300200,0.0,-105867,369305,-177638,-102673,-8677,5515,-18119,9000,-62684,-81912,-3888,0
2022-03-18,22800,22950,22300,22400,6259772,140218892800,-0.885,109762,157229,-247759,-39267,-18990,-27279,-26601,0,-135622,-11838,-7394,0
2022-03-21,22500,22550,21700,21800,7570199,165030338200,-2.6786,9623,583732,-628180,-77850,-24590,-93856,2581,9000,-443498,27752,7073,33
2022-03-22,22100,22250,21600,21700,6374280,138321876000,-0.4587,603898,141142,-777439,-34280,403,-21023,-3389,6500,-725650,21850,10549,0
2022-03-23,21850,22300,21450,21850,10300993,225076697050,0.6912,756744,-337432,-393290,52613,-45042,14366,-1062,0,-414672,-29927,3905,507
2022-03-24,22000,23150,21650,22700,17831949,404785242300,3.8902,502665,60539,-636092,89461,69916,-60054,36077,9000,-780972,60840,12048,480
2022-03-25,22800,22800,22100,22150,7278083,161209538450,-2.4229,865650,-360616,-508864,-150180,-13807,-30775,-9074,0,-305063,4433,-603,35
2022-03-28,22150,22450,21800,21900,5036040,110289276000,-1.1287,965093,-494493,-485902,48207,-28579,21115,36854,0,-563499,4482,10820,0
2022-03-29,21900,22050,21000,21100,8905252,187900817200,-3.653,1142101,-23211,-1091143,-40808,-12800,56338,1574,-27000,-1073447,-21267,-6480,5000
2022-03-30,21050,21400,20250,20400,10862771,221600528400,-3.3175,908079,758593,-1693874,-95715,-26292,58928,-52516,0,-1578289,7000,20202,10
2022-03-31,20150,20550,20100,20450,7618745,155803335250,0.2451,1783945,206212,-2022980,-36049,-9486,-35486,66282,6500,-2014741,25824,6999,0
2022-04-01,20800,20850,20250,20300,5220407,105974262100,-0.7335,1131027,-661701,-487148,-99420,-14224,-72743,25275,0,-326046,16940,882,10
2022-04-04,20300,21200,20100,21000,7439470,156228870000,3.4483,346598,-457392,33350,158735,3254,21592,9728,0,-159959,61681,15763,0
2022-04-05,21150,21200,20600,21000,3709805,77905905000,0.0,308214,-249409,-71713,114120,17834,27959,3448,0,-235069,11932,976,-5
2022-04-06,20850,21300,20550,20550,4044908,83122859400,-2.1429,597708,-307889,-340926,-94706,1736,-35593,2685,0,-215057,47109,3998,9
2022-04-07,20450,20800,20300,20500,4346786,89109113000,-0.2433,216877,-393674,148034,335710,9072,-30439,4573,0,-170871,29064,-301,-11
2022-04-08,20650,20850,20350,20700,3206462,66373763400,0.9756,-266661,69839,193566,139902,99263,61718,-22810,0,-84507,-14827,18083,0
2022-04-11,20500,20650,20150,20200,3097217,62563783400,-2.4155,258666,-39338,-295730,-88470,427,-17673,-33378,0,-156633,73487,2915,-3
2022-04-12,20000,20450,19950,20100,3453023,69405762300,-0.495,24773,63257,-90155,42291,-6190,-57754,-8428,0,-61940,4486,-2361,1866
2022-04-13,20250,20800,20050,20750,3800172,78853569000,3.2338,-559900,295148,260560,66433,38785,14610,15677,0,124874,-2740,6932,181
2022-04-14,20800,21050,20600,20850,4053377,84512910450,0.4819,-272647,408542,-141746,-318676,45606,510,26825,0,103380,5788,63,609
2022-04-15,20700,21150,20500,20950,2971405,62250934750,0.4796,-340072,154462,177841,328670,48070,380,-10117,0,-189162,25907,-18138,0
2022-04-18,21050,21650,20950,21300,4614365,98285974500,1.6706,76333,-267630,96193,46793,42758,89133,1109,0,-83600,106065,-10961,0
2022-04-19,21450,21550,21000,21350,4335130,92555025500,0.2347,-224951,1118904,-910602,259910,27777,7063,19669,23500,-1248615,19072,-2423,94
2022-04-20,21400,21850,21250,21650,5462781,118269208650,1.4052,-709173,337176,342145,361820,6459,-23806,417,0,-2745,29432,420,0
2022-04-21,22000,22200,21700,21750,6695408,145625124000,0.4619,-58925,-317217,305842,139593,35202,744,5506,0,124797,52565,17735,0
2022-04-22,21600,21600,21150,21150,3859930,81637519500,-2.7586,546487,-324161,-241138,-82760,21046,-3402,-4023,0,-171799,17991,821,-200
2022-04-25,20550,20850,20400,20400,4784194,97597557600,-3.5461,771882,-373424,-403804,-15934,-7479,-4556,-790,0,-375050,10143,-4797,5
2022-04-26,20450,20700,20400,20500,2365288,48488404000,0.4902,4643,-70072,54285,41959,2359,312,552,-23500,32603,8470,2674,0
2022-04-27,19950,20750,19950,20600,3564588,73430512800,0.4878,-17893,-38701,65783,15781,-30,-565,12792,0,37996,-12708,3519,-191
2022-04-28,20600,21150,20350,21150,3398623,71880876450,2.6699,-45643,-57733,101971,24150,54020,15719,3705,0,4287,6365,-4960,90
2022-04-29,21300,21450,20600,20600,4595157,94660234200,-2.6005,1067133,-719509,-380769,-352472,-10641,43031,-8641,0,-52146,20909,12236,100
2022-05-02,20350,20750,20300,20450,2783810,56928914500,-0.7282,493409,12661,-490136,-524053,13810,-835,-6181,0,27123,-18695,2761,0
2022-05-03,20650,21350,20650,20800,4848099,100840459200,1.7115,166799,29797,-205664,-264991,32748,53867,7085,0,-34378,10379,-1311,5
2022-05-04,21050,21300,20700,21000,5223209,109687389000,0.9615,-718840,546641,175236,78351,22772,527,7038,0,69898,2052,-5089,-3350
2022-05-06,20850,21250,20650,20850,4320206,90076295100,-0.7143,1003315,-666256,-327125,-77215,-36125,-26117,4488,0,-192156,-3563,-6371,0
2022-05-09,20850,21250,20700,20950,4130879,86541915050,0.4796,22870,-122391,79335,11628,-7900,-16520,20095,0,72032,10806,9380,0
2022-05-10,20750,20800,20150,20450,4949976,101227009200,-2.3866,692958,-583557,-143231,-93055,-6892,-37130,19015,24600,-49864,36070,-2240,95
2022-05-11,20500,20550,20050,20100,3465350,69653535000,-1.7115,704475,-544707,-159017,-75760,-6243,-3581,-1451,0,-72058,-1014,263,76
2022-05-12,19950,20100,18600,18750,10685592,200354850000,-6.7164,1024212,-193870,-813482,-327285,-112768,-115994,-34911,-24600,-196926,-10224,-6636,-998
2022-05-13,18550,19750,18550,19650,7318326,143805105900,4.8,-1356792,1680099,-37707,-26240,-54121,-18548,-17687,-928,82784,-265816,-19784,-2967
2022-05-16,19700,20200,19600,20050,4383477,87888713850,2.0356,-580004,390465,218793,72499,26076,203610,2741,0,-83463,-36218,6964,-2670
2022-05-17,20050,20550,20000,20550,3244332,66671022600,2.4938,-811475,647280,193239,14130,-16561,12622,4739,0,179454,-19095,-9949,-1145
2022-05-18,20650,20750,19800,19850,4869301,96655624850,-3.4063,970180,-205487,-804027,-594576,-35218,-15058,-9753,53,-147948,35133,4201,-1527
2022-05-19,19150,20000,19100,19800,3526501,69824719800,-0.2519,-90890,200482,-88138,28526,-50980,95184,-4979,0,-156519,-13646,-7808,630
2022-05-20,20450,20700,20150,20600,6503125,133964375000,4.0404,-932185,329384,625471,394176,33207,-80010,-2712,0,291159,-21776,-894,-10349
2022-05-23,21150,21400,20350,20400,6226683,127024333200,-0.9709,667208,-617321,-129801,-26387,25913,-103259,856,0,-26924,78513,1401,0
2022-05-24,20450,20750,20050,20150,3085693,62176713950,-1.2255,-113124,199366,-79797,-41017,3792,-34186,0,0,-8386,-3909,-2536,0
2022-05-25,20350,20450,19850,20050,2571857,51565732850,-0.4963,-44650,27434,50475,68541,-91405,-40518,-4622,0,118479,-30851,-2408,0
2022-05-26,20200,20450,19900,20000,2968052,59361040000,-0.2494,-46656,11067,19148,105286,-33289,522,-1967,0,-51404,18057,-1616,0
2022-05-27,20350,20400,20000,20150,2303180,46409077000,0.75,-480238,313831,191355,9547,-829,4855,-230,0,178015,-19874,-5074,-3
2022-05-30,20450,20700,20150,20250,3302730,66880282500,0.4963,142751,-157828,18454,-17881,-18293,-3506,-2950,0,61102,-988,-2389,-18
2022-05-31,20300,20800,20250,20750,9076600,188339450000,2.4691,-1675860,1649871,23428,61230,92017,21256,-3424,0,-147643,12495,-9934,-8
2022-06-02,20900,20900,20200,20200,3812110,77004622000,-2.6506,1435608,-896770,-549749,-190543,-27152,-10059,1195,0,-323195,9319,1592,5
2022-06-03,20350,20350,19800,19900,4467731,88907846900,-1.4851,1319699,-988599,-348581,-226973,-40828,-19072,-15535,0,-46168,11982,5499,-5
2022-06-07,19900,19950,19400,19550,3593852,70259806600,-1.7588,579176,-362297,-223778,51373,5144,-5470,-33467,0,-241358,599,6300,0
2022-06-08,19650,19800,19400,19400,2350430,45598342000,-0.7673,216292,-172305,-56965,5498,-1588,-19205,-14681,0,-26991,11550,1428,2
2022-06-09,19350,19550,18900,19550,3939507,77017361850,0.7732,-268480,-65192,331690,52731,51902,-14616,19295,0,222362,-5670,7652,16
2022-06-10,19250,19400,19000,19150,2222339,42557791850,-2.046,137045,-82975,-81008,62483,17072,-23178,2816,0,-140203,25162,1776,2
2022-06-13,18550,18800,18000,18050,6026327,108775202350,-5.7441,-343614,-63117,43409,145004,-867,36639,-27276,0,-110098,349657,13665,7
2022-06-14,17400,18250,17200,18100,5457793,98786053300,0.277,-710538,687130,159642,82036,31500,47490,-4229,0,2845,-137794,1560,0
2022-06-15,18000,18200,17250,17350,4370373,75825971550,-4.1436,124105,94095,16804,175669,-18722,-1245,-1239,0,-137766,-236078,1074,107
2022-06-16,17600,17900,17050,17150,4332508,74302512200,-1.1527,-188898,231050,-40007,43227,4314,-27576,-3952,594,-56602,-7190,5045,-12
2022-06-17,16500,17400,16500,17050,6564565,111925833250,-0.5831,-691585,643182,37470,-51429,-45282,15368,886,0,117927,15106,-4173,0
2022-06-20,17450,17600,16100,16400,6005704,98493545600,-3.8123,697667,-780039,21342,7502,-2284,4779,-542,0,11877,58791,2239,10
2022-06-21,16400,16900,16200,16650,3711977,61804417050,1.5244,-291296,130294,147068,25300,-1317,17105,9103,-6000,102877,13139,795,0
2022-06-22,16850,16950,16000,16050,5566173,89337076650,-3.6036,449139,-335162,-119858,-40535,-29575,33199,-3804,0,-79143,-7236,13117,0
2022-06-23,16850,17700,16450,16900,16726876,282684204400,5.296,928268,-926193,94867,-11550,142683,-32145,48317,-20008,-32430,-104336,7394,0
2022-06-24,16950,17050,16400,16950,5081279,86127679050,0.2959,552547,-821052,252174,47542,20106,97647,42321,0,44568,15157,1174,-10
2022-06-27,17350,18250,16950,18200,8556329,155725187800,7.3746,-293548,212395,44381,114967,68676,-4461,45623,2000,-182407,46383,-9611,-17
2022-06-28,18200,19050,18100,18750,8277865,155209968750,3.022,188746,-331566,168841,142021,20960,21822,81500,7091,-104543,-4490,-21531,-10
2022-06-29,18450,19950,18300,19800,10608126,210040894800,5.6,-1020811,1025163,-28012,22780,66956,93306,83476,1309,-297306,13995,9665,1467
2022-06-30,19900,20300,19350,19400,8387736,162722078400,-2.0202,-996234,1095454,-3758,164058,41370,-33102,11801,2911,-190796,-81788,-13674,0
2022-07-01,19450,19950,19050,19400,6164425,119589845000,0.0,-669382,502540,192679,117531,21143,-22841,28959,480,47405,-26520,683,2
2022-07-04,19600,19750,18100,18350,6645916,121952558600,-5.4124,-274641,479384,-226898,-53551,-100104,-89237,816,0,16417,18852,3303,-1239
2022-07-05,18350,18700,17850,18400,5072898,93341323200,0.2725,85029,-36635,-72814,-42964,-36804,8861,-27492,1313,24823,23301,1119,-551
2022-07-06,18600,18800,17400,17450,6581996,114855830200,-5.163,595712,-107429,-462739,-13647,-75068,-57672,-11648,0,-304224,-39624,14080,-480
2022-07-07,18100,18850,17800,18700,7893062,147600259400,7.1633,-986220,895958,100170,31651,-29229,16893,-38058,0,118176,-3806,-6102,737
2022-07-08,19100,19100,18400,18550,4196993,77854220150,-0.8021,423265,-386116,-35775,105824,-53832,-21691,6633,0,-70975,1670,-3044,-1734
2022-07-11,18650,18700,18100,18350,2783456,51076417600,-1.0782,-128359,153641,-24198,42991,276,-1470,3901,0,-69901,-1219,135,5
2022-07-12,18200,18500,17650,18150,3507711,63664954650,-1.0899,304026,-301066,-9311,28241,2044,-8166,8485,0,-39915,4059,2292,0
2022-07-13,18100,18300,17550,17750,2736093,48565650750,-2.2039,383115,-371700,-11741,-71866,-7295,-1672,-12412,360,81144,127,199,0
2022-07-14,17650,17950,17350,17800,3196017,56889102600,0.2817,23592,132502,-197817,-93620,-7520,16366,569,0,-113612,37966,3757,0
2022-07-15,17650,17750,17150,17450,2771850,48368782500,-1.9663,273464,-82665,-221063,15459,-18256,-7088,-6970,0,-204208,24304,5960,0
2022-07-18,17500,17800,17400,17650,2452112,43279776800,1.1461,-115289,165796,-51300,64457,-12518,-6752,-18111,0,-78376,-379,1172,0
2022-07-19,17700,17950,17450,17550,2495171,43790251050,-0.5666,558901,-379254,-171144,-69386,12682,10701,-20026,0,-105115,-2156,-6347,0
2022-07-20,17850,17850,17550,17650,2104671,37147443150,0.5698,114766,-112378,16841,85040,-8960,-9590,-8596,0,-41053,-17529,-1700,0
2022-07-21,17750,17950,17600,17800,2103324,37439167200,0.8499,-23248,105819,-103897,64827,1428,8532,-12727,0,-165957,15001,6325,0
2022-07-22,17800,18150,17700,17800,2371293,42209015400,0.0,-147345,80503,64849,62994,7778,-3636,8992,0,-11279,3951,-1958,0
2022-07-25,17750,17800,17450,17500,2278064,39866120000,-1.6854,490528,-298341,-207464,-114552,-30955,-82630,-24102,0,44775,16356,-1079,0
2022-07-26,17700,18450,17650,17750,5269771,93538435250,1.4286,567778,-491481,-195751,-201656,7457,2727,-13423,0,9144,116130,3324,0
2022-07-27,17750,17950,17600,17900,1948230,34873317000,0.8451,-281694,300126,-28699,-129848,-2132,12295,-3416,0,94407,9698,569,-5
2022-07-28,18200,18200,17800,18150,3017942,54775647300,1.3966,296390,-44882,-227735,-237337,9508,-18742,7956,0,10826,-25429,1656,54
2022-07-29,18200,19000,18100,18750,6072369,113856918750,3.3058,-1131433,910921,210666,-49236,-43683,-45630,11263,0,334912,20924,-11078,3040
2022-08-01,18800,18950,18500,18750,3055710,57294562500,0.0,17653,-243624,207653,-10990,66606,21603,107318,1777,21282,15260,3058,57
2022-08-02,18800,19200,18300,18450,4349423,80246854350,-1.6,286487,-190404,-127976,-31372,47455,21074,-2345,0,-162817,34402,-2509,29
2022-08-03,18350,18800,18200,18700,3029896,56659055200,1.355,-448884,357671,84876,34611,77243,-29623,-850,0,3495,7744,-1407,0
2022-08-04,18850,18900,18550,18600,2014279,37465589400,-0.5348,224441,-103431,-132443,-26995,2234,-13743,-165,0,-93802,11970,-537,28
2022-08-05,18550,18900,18450,18850,2680909,50535134650,1.3441,-1033055,668919,363981,120178,59082,3177,39456,0,141312,10298,-10143,776
2022-08-08,18900,19350,18750,19250,3787880,72916690000,2.122,-389064,248486,-34799,45639,20417,-2466,-39217,0,-59172,178120,-2743,0
2022-08-09,19300,19800,19200,19750,4577464,90404914000,2.5974,-1224232,559249,685526,438951,17531,71784,11307,130,145596,-20103,-440,227
2022-08-10,19800,20500,19600,20200,9019644,182196808800,2.2785,-1756956,883224,828013,376975,269603,33079,78572,0,67420,38418,7301,2364
2022-08-11,20500,20650,20100,20300,5736690,116454807000,0.495,-754040,616826,-47699,-191040,19298,74404,40192,800,8647,195971,-11058,0
2022-08-12,20400,21700,20350,21150,14352395,303553154250,4.1872,-2268280,1358382,950852,525049,56647,221795,22851,-360,124870,-39830,-1124,0
2022-08-16,21250,21800,20850,21200,8389809,177863950800,0.2364,-210754,92175,145370,18843,22727,65959,30051,23000,-15210,-21863,-4928,0
2022-08-17,21200,21700,21100,21200,6344352,134500262400,0.0,-609670,687311,-107850,-71537,24516,-47644,824,0,-14009,31194,-985,0
2022-08-18,20950,21600,20950,21450,4423900,94892655000,1.1792,-642143,703466,-41134,30264,-11620,11984,31969,-1040,-110191,-2982,-17207,7500
2022-08-19,21650,21700,21100,21150,4048714,85630301100,-1.3986,-286753,190340,33915,-219730,14328,94435,3098,0,141784,59683,2815,0
2022-08-22,21050,21550,21050,21300,4535155,96598801500,0.7092,-468943,190491,318158,-22394,115163,260609,61878,0,-96718,-35691,-4015,-380
2022-08-23,21200,22100,20800,22000,11179633,245951926000,3.2864,-2270959,965889,1293244,487952,240624,301374,120734,1583,140180,4626,7200,797
2022-08-24,21950,21950,20850,21600,8237100,177921360000,-1.8182,622205,-754761,107355,17943,176360,44664,2675,0,-134287,30258,-5057,0
2022-08-25,21650,22700,21600,22650,12553535,284337567750,4.8611,-2970681,1154364,1791814,411045,400120,484024,109559,776,398462,37590,-13087,-12172
2022-08-26,23000,23050,22000,22150,12269911,271778528650,-2.2075,554466,-214425,-382295,-253720,126715,47638,-29342,0,-273586,41522,732,0
2022-08-29,21400,22350,21350,22150,6584232,145840738800,0.0,-612557,547421,68441,89430,89507,-26198,-5397,860,-95253,-139,-3166,15492
2022-08-30,22400,22550,21600,21700,7621825,165393602500,-2.0316,1413474,-1104149,-338704,57339,145571,-457630,43118,-22226,-132842,30820,-1441,27966
2022-08-31,20100,20550,20050,20350,52609426,1070601819100,-6.2212,10444051,15670377,1858537,600456,718382,-37438,205642,6319,317884,-28005312,32347,47292
2022-09-01,20450,20600,19150,19200,16906202,324599078400,-5.6511,4811803,-4419285,-466499,26203,-57101,-320962,36616,102,-161505,58105,15876,10148
2022-09-02,19400,19750,19000,19100,9852175,188176542500,-0.5208,2218512,-1968350,-293329,-113037,-52830,-63983,-725,0,-54900,27965,15202,-7854
2022-09-05,19100,19550,18700,18900,8944145,169044340500,-1.0471,1122643,-616689,42554,179106,-126763,-22292,-9786,0,22279,-547701,-807,10
2022-09-06,19050,19400,18950,19100,4387576,83802701600,1.0582,741171,-914422,145672,-13312,48549,53750,30101,460,26124,25151,2428,0
2022-09-07,19100,19100,17900,18100,10575237,191411789700,-5.2356,2299393,-1563306,-861696,-97886,-243133,-171533,-32715,0,-316429,113796,11813,0
2022-09-08,18300,18350,17800,17800,6224734,110800265200,-1.6575,1257092,-1388579,107163,36668,-87829,-3346,2458,2758,151454,16277,8047,5000
2022-09-13,18200,18200,17850,17900,5112500,91513750000,0.5618,1178659,-1167744,4969,-130212,-67202,44554,-13176,0,170331,-18085,2201,674
2022-09-14,17350,17800,17300,17500,6230561,109034817500,-2.2346,1068044,-883181,-202899,-2842,-109985,-14855,-15288,0,-59985,13606,4430,56
2022-09-15,17700,18250,17500,17750,7263129,128920539750,1.4286,1510839,-1491826,-25047,-32457,10208,11683,6758,13621,-39126,24016,-17982,4266
2022-09-16,17650,17900,17400,17600,4721699,83101902400,-0.8451,845067,-516378,-375989,-37132,-86897,53224,5494,0,-310678,44896,2404,0
2022-09-19,17650,17700,16750,16800,6541172,109891689600,-4.5455,819646,-494736,-301901,26256,-79955,6417,-15923,0,-238696,-21392,-1617,0
2022-09-20,17000,17450,16900,17350,4510077,78249835950,3.2738,-72556,-13313,217178,14415,29547,38027,-14627,0,149816,-134913,3604,0
2022-09-21,17200,17600,17000,17250,3948430,68110417500,-0.5764,237399,-247230,7907,-146365,46960,84362,-1438,0,24388,6,1918,0
2022-09-22,16950,17400,16750,17300,3991641,69055389300,0.2899,623380,-420737,-208594,-40567,-61180,20280,-14619,8571,-120518,-1840,7791,-561
2022-09-23,17350,17350,16550,16900,4826991,81576147900,-2.3121,828051,-419201,-419309,-143607,-63556,8299,-45126,6567,-181886,9266,1193,0
2022-09-26,16650,16700,15400,15500,9796673,151848431500,-8.284,476548,408471,-910212,-353866,-301440,-300707,-144360,0,190962,25017,176,-801
2022-09-27,15500,15950,15250,15600,6867788,107137492800,0.6452,182236,2764,-257048,-283877,-22164,45712,-17731,0,21012,51545,20503,0
2022-09-28,15500,15600,14500,14700,9314852,136928324400,-5.7692,-1039905,1646191,-433368,-292388,-102613,24697,-50601,1228,8285,-164839,-8079,-21976
2022-09-29,15100,15200,14250,14300,6781006,96968385800,-2.7211,34320,438072,-505905,-364236,-21811,-1264,-68815,-12942,-41496,34436,-923,4659
2022-09-30,14050,14600,13950,14250,7095899,101116560750,-0.3497,-628823,759802,70223,-104516,-6992,36159,-54620,2960,197232,-95789,-105413,0
2022-10-04,14600,15000,14450,14950,4214728,63010183600,4.9123,16943,130742,-157843,-141222,-40120,-68,656,2611,21543,10120,38,-1243
2022-10-05,15400,15400,14200,14250,5982745,85254116250,-4.6823,2121105,-1192291,-927976,-447360,-137793,-2790,-9967,2725,-345246,-4237,3399,12455
2022-10-06,14350,14900,14350,14800,3523594,52149191200,3.8596,-485936,309533,177824,-45842,15639,45541,-9298,0,171784,-3791,2370,0
2022-10-07,14600,14800,14400,14550,3196493,46508973150,-1.6892,467176,-247141,-238369,-176528,14657,-9755,-14568,1298,-74324,16845,1489,20851
2022-10-11,14100,14250,13300,13500,6229330,84095955000,-7.2165,269866,628597,-834939,-372834,-25228,-77088,-25023,-26712,-303832,-58386,-5138,-4222
2022-10-12,13450,13800,13300,13600,4229805,57525348000,0.7407,-156816,71586,-20343,228,-7285,-18452,647,-540,5059,26552,79021,0
2022-10-13,13500,13550,12450,12600,8495686,107045643600,-7.3529,401467,1067039,-1238141,-478028,-385114,-44637,-199638,-7621,-123104,-235303,4938,1
2022-10-14,13000,13300,12750,13100,4981767,65261147700,3.9683,-680137,505813,172812,57873,-1155,-27127,-5401,-3635,152257,-9716,11228,0
2022-10-17,12700,13300,12500,13250,3638614,48211635500,1.145,-105232,317047,-218247,-101881,-15840,-11317,-8000,-1970,-79239,6249,183,0
2022-10-18,13600,13700,13150,13500,3732353,50386765500,1.8868,85971,-143990,63590,-168626,9564,-3205,17329,0,208528,-340,-5231,0
2022-10-19,13600,13950,13250,13350,4351355,58090589250,-1.1111,431422,-68129,-350791,-252572,-86337,13900,-9712,0,-16161,-20068,7566,91
2022-10-20,14000,14450,13800,14050,12749283,179127426150,5.2434,986079,-1569641,289059,-290542,397980,178292,85143,19010,-101209,296779,-2276,385
2022-10-21,14000,14150,13300,13300,5746289,76425643700,-5.3381,1665742,-1197229,-537508,-100838,38839,-40190,-2483,-960,-431876,35889,33106,0
2022-10-24,13600,13850,13400,13600,3951589,53741610400,2.2556,-676033,637261,53466,-41778,-123785,-15334,-2197,0,236560,-3508,-11186,0
2022-10-25,13350,13500,12750,12950,7667300,99291535000,-4.7794,1763781,-714717,-1048730,-310732,-275781,-68293,-90702,-105532,-209691,-337,3,12001
2022-10-26,13100,13400,12850,12950,5972837,77348239150,0.0,75653,283906,-416333,-221941,-238333,-1803,-28201,-1120,75065,58971,-2197,0
2022-10-27,13050,13450,13000,13400,4645660,62251844000,3.4749,-1134444,869313,265889,-180555,-58124,42763,-2731,0,464536,-828,70,0
2022-10-28,13400,13800,13300,13600,4035580,54883888000,1.4925,-169453,-51913,155047,-84944,-17076,106463,-56046,-1827,208476,65839,480,1
2022-10-31,13500,13550,13000,13250,4839931,64129085750,-2.5735,629848,-46599,-583804,-94618,-250093,-101618,-106850,0,-16424,3730,-3175,-14201
2022-11-01,14350,16650,14000,15850,50186813,795460986050,19.6226,1080167,-626820,-671231,-214512,-42153,-78382,84935,5485,-388045,273949,-56065,-38559
2022-11-02,15400,15650,14200,14400,20279801,292029134400,-9.1483,2820968,-2077158,-747361,-394287,-98830,-68706,-37106,-1850,-146583,12376,-8825,1
2022-11-03,14150,15500,14000,14950,19890236,297359028200,3.8194,450123,-409491,-166490,48506,109294,-128248,14757,0,-210799,114099,11759,0
2022-11-04,15000,15250,14800,14900,5788652,86250914800,-0.3344,409041,-576424,135820,14285,10725,-4166,-1363,0,116339,33358,-1795,0
2022-11-07,15100,15600,14850,15400,9139897,140754413800,3.3557,-429916,7225,429726,34949,-10106,43738,15844,0,345301,3685,-10720,0
2022-11-08,15500,15900,15300,15600,5850774,91272074400,1.2987,74507,-68591,-34418,-38354,-6132,-90560,-113,0,100741,30857,-2355,0
2022-11-09,15700,16150,15650,15950,6887616,109857475200,2.2436,-893616,507810,397705,41697,-2550,-3635,1785,0,300409,-12871,972,59999
2022-11-10,15850,16600,15650,15850,11015018,174588035300,-0.627,853355,-632660,-184488,-211451,-27444,58494,20997,0,-25085,-22827,-13380,1
2022-11-11,16600,16600,16100,16500,7965255,131426707500,4.1009,-1486811,999862,473363,29745,-17274,5966,4161,0,450765,12965,621,0
2022-11-14,16700,17500,16500,16900,11611161,196228620900,2.4242,599889,-481277,-97597,29750,-6670,-358,3685,0,-124004,31776,-52791,0
2022-11-15,17000,17200,16700,16950,4690274,79500144300,0.2959,77432,-83774,-16408,11590,-33732,-23920,17262,0,13070,-7082,29832,-678
2022-11-16,17100,17300,16550,17250,7407932,127786827000,1.7699,-417378,465315,-33866,50474,-24582,-67985,-12360,0,20587,-34576,20505,0
2022-11-17,17350,17450,16350,16350,7979032,130457173200,-5.2174,1866011,-787230,-1132995,-246592,-215357,-314959,-64278,0,-291809,51382,2832,0
2022-11-18,16450,16700,16200,16300,5738679,93540467700,-0.3058,-708504,754787,-29813,103087,-20160,-116796,-12802,0,16858,-11078,-5392,0
2022-11-21,16350,16600,16200,16450,3476157,57182782650,0.9202,-609079,459746,170441,125620,-2368,-90578,-1134,0,138902,-19275,-1833,-1
2022-11-22,16400,16950,16350,16850,4999521,84241928850,2.4316,-995642,549726,440365,127366,29536,24323,16301,328,242510,4490,1061,1
2022-11-23,17000,17100,16700,16900,3257156,55045936400,0.2967,-249117,31358,220891,172318,36728,-20570,15300,0,17115,-8145,5013,0
2022-11-24,17000,17200,16800,17150,3324916,57022309400,1.4793,-818215,417891,331618,257425,26838,4258,6966,0,36131,71168,-2462,0
2022-11-25,17250,17450,16850,16950,3817941,64714099950,-1.1662,532756,-438840,-111077,-35436,12695,-15999,6513,2100,-80950,17009,152,0
2022-11-28,16900,16950,16500,16550,3299209,54601908950,-2.3599,-271802,266152,6975,113591,-1817,-36559,-25337,0,-42903,1938,-3263,0
2022-11-29,16450,16700,16400,16600,2073572,34421295200,0.3021,-186038,104329,75869,60818,977,-82,-18958,0,33113,5853,-13,1
2022-11-30,16600,16850,16500,16750,3419935,57283911250,0.9036,-405108,662204,-277724,-125632,14465,194,-3090,0,-163661,19741,887,0
2022-12-01,16950,17050,16700,16750,2790804,46745967000,0.0,58977,-91536,76209,10671,-463,-4372,3495,0,66878,5558,-49208,0
2022-12-02,16750,16750,16100,16150,3972630,64157974500,-3.5821,239672,-78417,-183472,33599,-19952,-68126,-18941,0,-110052,23388,-1171,0
2022-12-05,16250,16500,15800,16150,3201044,51696860600,0.0,-523898,551787,-34639,53748,2517,-40861,-8699,-1015,-40329,6956,-206,0
2022-12-06,16200,16250,15850,15900,2622275,41694172500,-1.548,-234689,335088,-108853,10492,-14244,-39263,-10187,0,-55651,8045,409,0
2022-12-07,15750,16100,15650,15950,2371499,37825409050,0.3145,-552238,443526,113294,32016,22108,67,1459,303,57341,-4687,105,0
2022-12-08,15950,16050,15500,15950,4343309,69275778550,0.0,-412586,-1018187,1434846,16348,1075636,9005,313995,-2148,21362,-4159,86,648
2022-12-09,15950,16150,15800,16000,2354866,37677856000,0.3135,-136922,-84339,286169,89099,147794,11389,26052,-930,12475,-65776,868,290
2022-12-12,15900,16200,15750,16050,2525210,40529620500,0.3125,-223702,158753,101713,39018,-14770,-4443,183,0,81410,-35405,-1359,315
2022-12-13,16300,16750,16050,16050,5146930,82608226500,0.0,907198,-669672,-233690,-41907,1201,1234,4800,0,-199129,-4740,904,111
2022-12-14,16200,16400,15950,16350,2971007,48575964450,1.8692,-832818,579979,253182,91408,1826,41016,8090,0,110842,47,-390,0
2022-12-15,16600,17000,16450,16600,7259840,120513344000,1.5291,27584,-579365,558825,109794,136976,442617,51351,7363,-189277,-8628,1584,1
2022-12-16,16250,16450,16050,16200,3523031,57073102200,-2.4096,213095,-214444,-93814,50284,-16911,-9093,17130,-3670,-131614,99037,-3874,60
2022-12-19,15950,16000,15550,15550,3198517,49736939350,-4.0123,759145,-494169,-280114,-65754,-29756,-8641,-54373,-1110,-120480,13115,2023,0
2022-12-20,15550,15800,15300,15500,2608459,40431114500,-0.3215,-494915,322030,189789,237410,-30924,-40903,-7300,-2200,33706,-13777,-3127,0
2022-12-21,15600,15750,15400,15450,1821977,28149544650,-0.3226,-261957,238469,24636,-77429,-3574,-2331,-1566,0,109385,-2360,1212,151
2022-12-22,15600,15750,15500,15650,1825069,28562329850,1.2945,-338046,163521,169906,19739,-12405,-20437,-4884,0,187892,5410,-791,1
2022-12-23,15350,15500,14900,15000,4741720,71125800000,-4.1534,-208566,183785,-26727,-73855,1733,-95657,919,0,140133,50063,1445,0
2022-12-26,15000,15100,14650,14800,2643007,39116503600,-1.3333,-766015,537274,246973,21705,5134,9729,22675,0,187730,-16275,-1957,0
2022-12-27,14800,15050,14800,14850,4755935,70625634750,0.3378,-1715354,941223,669044,142358,21710,2717,34090,0,472277,103912,1175,-4108
2022-12-28,14950,15800,14900,15700,7173101,112617685700,5.7239,-907752,809128,139055,-116008,49784,235503,7870,0,-38352,-28787,-11644,258
2022-12-29,15750,16200,15350,15400,4185941,64463491400,-1.9108,605031,-301329,-336246,31553,-13664,-27348,1974,0,-328856,34507,-1963,95
2023-01-02,15550,15650,15200,15250,2055671,31348982750,-0.974,121992,-196403,72135,82547,23696,37800,-4105,0,-69560,1902,374,1757
2023-01-03,15200,15350,14800,15100,2882312,43522911200,-0.9836,215151,-81728,-130252,55862,-2701,52522,-241,0,-238789,-2670,-501,3095
2023-01-04,14950,15400,14750,15350,2774250,42584737500,1.6556,-293622,264751,46627,89575,-1574,5856,-3381,0,-48153,-14157,-3599,4304
2023-01-05,15450,15500,14900,15150,2824340,42788751000,-1.3029,651788,-237857,-416963,20552,-34883,-119882,-21716,0,-261034,3039,-7,0
2023-01-06,14950,15600,14900,15500,3520392,54566076000,2.3102,-754659,699564,95985,48075,-6070,-11801,3896,0,61885,-39662,-1228,0
2023-01-09,15600,16350,15450,16250,5007477,81371501250,4.8387,-1664651,761115,937002,29852,239085,238269,17716,0,411976,-35953,2487,104
2023-01-10,16500,16600,16150,16400,6079252,99699732800,0.9231,-764482,51986,710248,194066,91266,74922,13359,0,336635,2543,-295,0
2023-01-11,16600,16750,16350,16400,3744965,61417426000,0.0,209472,148714,-291076,-80046,-26266,-111715,-5094,0,-67955,-66394,-716,0
2023-01-12,16600,17050,16450,16900,7585935,128202301500,3.0488,-1155724,484787,452684,99973,112504,227760,4038,6000,2362,217410,843,47
2023-01-13,17000,17200,16750,17150,5199400,89169710000,1.4793,-601298,295896,269214,83675,36492,65144,19562,0,64341,41289,-5101,0
2023-01-16,17400,17450,16450,16500,8834739,145773193500,-3.7901,1885774,-858313,-851702,-63645,-184364,-93063,-12886,0,-495849,-175695,-64,-1895
2023-01-17,16500,16750,16250,16300,3098591,50507033300,-1.2121,24481,809,-21637,66348,-24053,-53528,-6963,6024,-8856,-4291,638,-609
2023-01-18,16350,16400,15900,16000,3162026,50592416000,-1.8405,-142415,73545,65953,36072,-9411,-20115,-9215,0,68622,2394,523,0
2023-01-19,16100,16400,16050,16100,2731748,43981142800,0.625,440023,-465809,-38530,94338,-1168,3226,-7653,0,-127273,59967,4349,0
2023-01-20,16150,16350,15900,16250,2108912,34269820000,0.9317,-325358,150663,186569,146690,-25903,-15979,-14548,0,96309,-13923,2049,0
2023-01-25,16360,16420,16100,16110,3354716,54044474760,-0.8615,333375,13175,-248388,-67470,-11173,-92827,-43541,0,-33377,-96964,-1198,0
2023-01-26,16110,16300,16070,16280,2875285,46809639800,1.0552,100718,212301,-286142,-53441,10196,-196195,-9151,0,-37551,-24703,-2174,0
2023-01-27,16320,16900,16260,16590,5215081,86518193790,1.9042,-748720,228749,302814,123989,-1338,5518,-892,-6000,164038,220666,-3509,17499
2023-01-30,16710,16870,16570,16610,3894790,64692461900,0.1206,-361072,67511,273748,130201,-57165,283971,318,0,-83578,20003,-190,1
2023-01-31,16580,16750,16370,16700,3626527,60563000900,0.5418,-617953,208120,402560,124694,-14777,135906,8083,0,148654,4199,3074,0
2023-02-01,16760,16770,16430,16530,3314405,54787114650,-1.018,544059,-575937,31668,90800,-10905,88892,-155,0,-136965,3721,-3511,1
2023-02-02,16610,16700,16400,16600,3154847,52370460200,0.4235,-134475,163439,-40090,9568,-665,52906,1689,0,-103588,7410,3716,0
2023-02-03,16570,16690,16480,16500,2696530,44492745000,-0.6024,89614,51653,-143022,-88200,-34040,-2455,-4761,9036,-22602,192,1563,0
2023-02-06,16480,16480,15840,15840,4853484,76879186560,-4.0,1131794,-524753,-577778,10541,-142293,-111045,-10715,0,-321464,-42622,13359,-2802
2023-02-07,15840,15960,15690,15710,3766903,59178046130,-0.8207,395084,-351617,-82196,132497,-103141,-45660,-1390,0,-64502,37188,1541,0
2023-02-08,15750,16210,15750,16090,3679734,59206920060,2.4188,-564176,514952,53116,96780,-6440,-52595,-15404,0,30774,-2128,-1764,1
2023-02-09,16030,16040,15850,15880,2419606,38423343280,-1.3052,393751,-232315,-166738,9890,4057,-46540,3489,0,-137634,-2492,7794,0
2023-02-10,15840,15860,15520,15650,3276002,51269431300,-1.4484,342796,-21103,-326861,49246,-42081,-37502,-22914,0,-282325,-125,5293,8715
2023-02-13,15710,15920,15650,15720,2636363,41443626360,0.4473,-116045,216159,-101718,21740,-21671,-67190,725,0,-35322,3680,-2076,0
2023-02-14,15800,16030,15780,15960,2766498,44153308080,1.5267,-719230,622342,131396,83012,-27856,-117334,-3999,0,197573,-31193,-3315,0
2023-02-15,15970,16010,15290,15320,4650959,71252691880,-4.01,1733012,-926442,-634167,-63082,-15146,-85980,-1523,0,-483437,-173183,780,15001
2023-02-16,15430,15620,15380,15470,2673879,41364908130,0.9791,-503673,205106,287558,-3943,-17806,-81971,-3525,0,394803,11535,-526,0
2023-02-17,15300,15620,15230,15470,2271405,35138635350,0.0,-250129,528580,-253810,-19407,-17625,-52332,-181,0,-164265,-25043,402,0
2023-02-20,15500,15880,15290,15720,2891928,45461108160,1.616,-352664,304724,38004,11706,-3285,-56800,447,0,96461,5298,4638,-10525
2023-02-21,15900,16260,15800,16200,5130282,83110568400,3.0534,-1055073,880922,90263,22542,68189,-60635,23924,0,46243,77262,6626,-10000
2023-02-22,15970,16460,15950,16230,4564945,74089057350,0.1852,-242038,489454,-243001,77013,8091,-12813,14636,0,-339928,-3332,-1083,10000
2023-02-23,16300,16420,16020,16330,3445835,56270485550,0.6161,-821108,285749,566779,193274,164328,-883,4671,0,205388,-7452,-23968,1
2023-02-24,16330,16640,16250,16320,4298766,70155861120,-0.0612,-361157,55598,332561,212578,126946,-839,-811,0,-26312,-26265,-737,20999
2023-02-27,16180,16430,16110,16260,2645855,43021602300,-0.3676,-167727,189395,-5295,254954,10023,3684,-254,0,-273758,-17788,1415,56
2023-02-28,16360,16500,16260,16260,3788123,61594879980,0.0,-292401,-175481,489356,321253,18893,-132,224,0,149119,-19006,-2468,-1
2023-03-02,16160,16670,16160,16580,5444938,90277072040,1.968,-1358982,1194792,253039,219099,47844,1560,3588,0,-19052,-76907,-11942,0
2023-03-03,16600,16780,16210,16720,5530314,92466850080,0.8444,-1074320,270557,815112,582605,122111,-503,60224,0,50143,-8191,-3158,532
2023-03-06,16700,16980,16600,16890,5199228,87814960920,1.0167,-897977,524553,364660,249211,17370,9646,-2972,0,91405,4902,3862,0
2023-03-07,16900,16990,16670,16840,4017290,67651163600,-0.296,-337843,266737,110932,224513,8137,-1438,-23957,0,-96361,-29407,-10419,38
2023-03-08,16800,17260,16660,17130,8722695,149419765350,1.7221,-387815,-282332,669415,920018,71723,32805,13500,0,-358652,13068,-12336,-9979
2023-03-09,17290,18320,17280,18140,25659871,465470059940,5.8961,-2451417,442611,2135153,1666379,281831,174652,203052,0,-110760,-117559,-8788,-80001
2023-03-10,18030,18370,17690,17890,10207127,182605502030,-1.3782,362581,-626010,239428,290542,74208,-14929,3963,22150,-136506,33509,-9508,0
2023-03-13,17780,18040,17400,17810,6962135,123995624350,-0.4472,-610609,41207,571284,142497,51601,111104,-453,1055,245480,-6787,4905,20000
2023-03-14,17700,17860,16730,16780,8669240,145469847200,-5.7833,-46959,47718,69731,44251,-22503,-124257,3439,1055,155713,-73162,2672,12033
2023-03-15,17250,17990,17120,17690,8767717,155100913730,5.4231,-895880,516595,361589,133099,86637,133383,23695,0,34034,17070,626,-49259
2023-03-16,17690,17690,17200,17360,5005319,86892337840,-1.8655,759147,-670338,-40317,47638,19614,16635,43053,0,-167581,-47333,-1159,324
2023-03-17,17560,17580,17050,17090,4404664,75275707760,-1.5553,70962,38023,-128756,-32506,-10698,-110290,9233,-10000,25505,19329,442,0
2023-03-20,16990,17390,16860,17020,4221727,71853793540,-0.4096,211507,-171351,-51820,16838,-11754,-4066,19106,0,-71944,6664,5000,0
2023-03-21,17130,17140,16680,16750,4084065,68408088750,-1.5864,271683,-402047,74311,31975,1874,-20208,-16692,0,77362,45899,10154,0
2023-03-22,16830,16970,16480,16510,4702727,77642022770,-1.4328,909499,-559444,-327848,-49689,-60101,-61478,-8137,1055,-149498,-23300,1093,0
2023-03-23,16380,16450,16080,16130,5722913,92310586690,-2.3016,331459,-328277,-19731,-10298,-17233,-38317,-36910,-25315,88342,15451,1098,20000
2023-03-24,16210,16790,16000,16300,6524954,106356750200,1.0539,1217046,-974931,-215004,39812,49837,2023,-10576,0,-276105,-24179,-2932,-19995
2023-03-27,16300,16310,15840,15950,4820797,76891712150,-2.1472,813740,-744765,-99256,-4301,-7512,-23863,-12948,0,-50633,25963,4318,1
2023-03-28,15960,16170,15820,16100,3746813,60323689300,0.9404,66672,-208594,159500,-12551,-2333,55423,-17017,0,135978,-18307,729,0
2023-03-29,16170,16920,15970,16650,7640751,127218504150,3.4161,517700,-654714,133567,77673,18631,5976,21514,0,9793,248,3199,-20
2023-03-30,16660,16690,16210,16350,6071505,99269106750,-1.8018,982895,-886534,-108057,51310,-18320,-15326,-24298,0,-101418,4525,7171,-5
2023-03-31,16340,17150,16300,17000,10667172,181341924000,3.9755,-1420641,1052820,364004,59606,146965,95646,17681,0,44106,5822,-2005,0
2023-04-03,17020,17290,16810,17060,5999794,102356485640,0.3529,-271297,-66581,337696,502212,-2290,-5691,941,0,-157477,4022,-3840,1
2023-04-04,17020,17480,17020,17280,5979172,103320092160,1.2896,-1216417,640069,619359,41640,243190,121765,45277,600,166843,-26382,-16629,44
2023-04-05,17080,17220,16610,16980,6849792,116309468160,-1.7361,-493098,347057,180586,158082,-132508,-74918,15084,0,218793,-35891,1346,-3947
2023-04-06,16950,17350,16900,17050,5869627,100077140350,0.4122,-784336,483955,291539,151831,50731,240187,-6332,0,-144878,9211,-369,0
2023-04-07,17130,17150,16800,16830,4015924,67588000920,-1.2903,472838,-447461,-62087,-81488,4049,138765,-13447,-10000,-100768,28481,8229,802
2023-04-10,16830,16940,16390,16750,5000474,83757939500,-0.4753,-707401,565001,147242,5863,77661,13486,-28799,0,79379,-8989,4147,-348
2023-04-11,16750,17230,16650,16970,5106654,86659918380,1.3134,-1007585,673763,295845,59737,-13521,47894,39816,-10060,172582,-9706,47683,-603
2023-04-12,17020,17910,17000,17700,12799902,226558265400,4.3017,-2748187,1810688,964945,186488,444728,227842,114278,0,-8391,-69058,41612,0
2023-04-13,17740,17980,17570,17860,6339687,113226809820,0.904,-605405,171384,415822,83847,133993,16511,30598,0,149927,15980,2219,946
2023-04-14,17980,18250,17670,18080,8155956,147459684480,1.2318,-1585409,908778,665824,359227,57413,144115,81897,-1377,24549,7315,3492,0
2023-04-17,18350,19480,18250,19300,23326779,450206834700,6.7478,-4117546,2279780,1959196,974612,389210,159817,482770,-2050,-45162,-115908,-5522,-1
2023-04-18,19400,19400,18560,18640,11148031,207799297840,-3.4197,469620,-414171,-62620,203358,-3301,21963,24357,-1791,-307207,1981,5190,1
2023-04-19,18330,19000,18300,18540,7611256,141112686240,-0.5365,-829452,686155,121612,32589,-9975,49875,3175,0,45948,16618,5067,0
2023-04-20,18700,19080,18240,18370,7734047,142074443390,-0.9169,-300198,301179,-24957,215033,-69090,-45597,-25292,0,-102547,28101,-4125,2536
2023-04-21,18340,18660,18020,18410,5970460,109916168600,0.2177,-304301,305029,-14329,211915,-241453,-98865,16458,0,97570,11648,1953,46
2023-04-24,18440,18850,17910,18080,5888901,106471330080,-1.7925,481527,-213814,-275551,122085,-370270,-74674,105,0,47203,9904,-2066,0
2023-04-25,18290,18770,17870,18100,8874845,160634694500,0.1106,952542,-941407,-60758,230864,-188945,99559,18200,0,-220436,52457,-2834,0
2023-04-26,17740,17980,17100,17100,9133999,156191382900,-5.5249,2403654,-1257801,-1230688,2361,-635649,-233467,-47430,0,-271503,78577,6258,-45000
2023-04-27,16900,17240,16660,16930,6525535,110477307550,-0.9942,211878,497731,-722531,120129,-298733,-351196,-3647,0,-189084,13957,-1035,0
2023-04-28,17100,17290,16560,16690,7092891,118380350790,-1.4176,626907,184453,-1014412,-33291,-453473,-318263,-63832,0,-145455,192375,10677,-98
2023-05-02,16630,16630,16100,16130,8497929,137071594770,-3.3553,2117364,-1055533,-961822,-364911,-609058,-114886,-102955,0,229987,-101896,1887,1
2023-05-03,15800,16000,15550,15570,8122231,126463136670,-3.4718,1785450,-1108093,-720957,-163656,-307446,-98591,-80830,0,-69830,45722,-2122,-604
2023-05-04,15990,16070,15720,15810,6676920,105562105200,1.5414,1291275,-1004826,-285502,46509,-20463,-77999,-31478,0,-202072,-18384,17437,1
2023-05-08,15980,15980,15800,15810,3558213,56255347530,0.0,757946,-814085,3898,-120804,-13755,-405,-872,0,139587,52214,27,147
2023-05-09,15810,15820,15520,15540,3899445,60597375300,-1.7078,999230,-768124,-288096,-137033,-106140,-9702,-19719,0,-15502,49983,7007,0
2023-05-10,15510,15690,15310,15360,3872476,59481231360,-1.1583,916331,-609501,-347824,-135676,-67084,-71815,-54296,0,-18953,24104,16890,0
2023-05-11,15380,15620,15290,15330,3668960,56245156800,-0.1953,614881,-530719,-89505,-35020,-11208,-9410,-2124,0,-31744,932,4411,1
2023-05-12,15350,15400,15100,15140,3518129,53264473060,-1.2394,742324,-554351,-87695,21412,-15420,-106,-1356,-590,-91635,-103301,3023,0
2023-05-15,15140,15480,15060,15380,3569530,54899371400,1.5852,249184,-486321,212793,54864,1847,4733,509,1000,149840,22140,2204,0
2023-05-16,15600,16050,15590,15820,6090991,96359477620,2.8609,-9093,-40778,-57729,53010,-130325,-274,12281,0,7579,102889,4711,0
2023-05-17,15940,16110,15690,15770,3662141,57751963570,-0.3161,570177,-573929,-9987,13488,2979,-4048,-31661,0,9255,13959,-220,0
2023-05-18,15840,15930,15570,15780,3108159,49046749020,0.0634,235861,-12909,-213633,-117357,-5220,-5298,-40535,0,-45223,-14692,5373,0
2023-05-19,15790,16080,15780,16050,3664969,58822752450,1.711,-572240,389008,189348,-84070,913,-2076,-2691,0,277270,-4052,-2064,2
2023-05-22,16120,16700,16100,16380,5867434,96108568920,2.0561,-254470,244645,5718,-100994,-11579,-5498,-78304,0,202094,-5485,9592,-1
2023-05-23,16460,16500,16270,16410,2635166,43243074060,0.1832,-211165,169812,65366,71345,-7260,-16810,-1128,-1000,20218,-23373,-640,1
2023-05-24,16380,16500,16230,16370,2876212,47083590440,-0.2438,-374637,421452,-27021,15174,-4666,-5584,-49,0,-31896,-21498,1704,0
2023-05-25,16310,16540,16110,16160,2823124,45621683840,-1.2828,80046,248633,-306833,-83327,1030,8731,-90,0,-233177,-23391,1545,0
2023-05-26,16100,16260,15920,16000,2667363,42677808000,-0.9901,48195,193285,-236714,-55845,2885,-20450,-9027,0,-154277,11139,-15905,0
2023-05-30,16030,16260,15960,16060,3003648,48238586880,0.375,112894,228040,-181609,-83497,-32798,-3203,-29286,0,-32826,-162366,3041,1
2023-05-31,16020,16080,15870,16080,4768120,76671369600,0.1245,-306428,291699,11077,-29254,58933,-6352,-9997,0,-3860,7483,-3831,1607
2023-06-01,16100,16380,16030,16200,3553945,57573909000,0.7463,-234663,166747,26714,72442,21330,2703,32846,2400,-105071,46945,-5743,64
2023-06-02,16300,16480,16270,16440,3337794,54873333360,1.4815,-768344,598634,175395,36509,12435,3467,-6234,0,129218,-10761,5076,0
2023-06-05,16550,16950,16530,16950,5109308,86602770600,3.1022,-1646158,1293186,407352,197317,13805,20883,398,983,173965,-22566,-31814,1
2023-06-07,17150,17490,17070,17400,6632297,115401967800,2.6549,-1788372,1174453,529885,-4740,259342,-10103,43825,0,235616,86372,-2338,5945
2023-06-08,17400,17990,17360,17910,8344601,149451803910,2.931,-2368940,1727295,627839,261328,174828,50780,82003,2530,56307,13860,-54,63
2023-06-09,18030,19140,18010,18970,21807559,413689394230,5.9185,-7563465,5308170,2461779,-3783,2338509,189665,39731,0,-102344,-189158,-17326,1
2023-06-12,18980,19150,18030,18440,13980557,257801471080,-2.7939,-996556,705529,357193,247880,14339,3292,13602,0,38080,-48813,-17353,40000
2023-06-13,18580,19190,18550,18870,11632474,219504784380,2.3319,-1749909,1498493,238296,75147,-169,21349,-14122,0,176091,9086,4034,-20000
2023-06-14,18980,19000,18480,18750,6886391,129119831250,-0.6359,-672458,637843,71194,117075,16721,-5459,-1726,0,-55417,-35108,-1471,0
2023-06-15,18820,19060,18640,18750,6261737,117407568750,0.0,-439272,492735,-194734,-113298,10172,-31564,-34158,0,-35886,162013,-20742,10000
2023-06-16,18880,19360,18660,19270,9271007,178652304890,2.7733,-1949650,1864029,298666,192497,78683,31547,34947,730,-11080,-203104,-9941,-28658
2023-06-19,19340,19370,19010,19280,6161779,118799099120,0.0519,-443320,111692,337858,173669,14913,94186,18270,500,11319,4207,-10437,25001
2023-06-20,19370,20200,19160,19270,15170674,292338887980,-0.0519,-78392,65362,53752,133657,20508,62627,63439,1681,-203686,-46723,6001,-24474
2023-06-21,19400,19660,19040,19270,7437770,143325827900,0.0,-748680,585222,165029,-23619,57696,603,135399,0,-40050,1133,-2704,35000
2023-06-22,19260,19280,18000,18010,13508101,243280899010,-6.5387,1599790,-710745,-774732,-3632,-107697,-355146,-108523,0,-215082,-25525,-88788,15348
2023-06-23,17900,18370,17890,18110,5520005,99967290550,0.5552,-384302,394906,-8366,187606,-10167,-8218,-25678,1770,-158680,-4442,2204,5001
2023-06-26,17900,18040,17550,17790,5166894,91919044260,-1.767,-386639,132995,245587,55803,-17361,34475,-3667,8500,163212,5956,2101,4625
2023-06-27,17830,18300,17810,18230,5005256,91245816880,2.4733,-28495,47094,-16181,24971,112667,20127,56014,6067,-236028,641,-3059,1
2023-06-28,18340,18340,17970,18000,3466874,62403732000,-1.2617,284320,-542911,243271,169582,23591,40282,10426,0,-612,15636,-316,2
2023-06-29,18140,18180,17700,17750,3398202,60318085500,-1.3889,-116129,86996,28725,60070,8843,46900,2276,0,-89365,2701,-2293,1
2023-06-30,17870,18180,17860,18110,3431001,62135428110,2.0282,-327887,175054,149864,71933,-5226,-3985,-34071,2800,118413,3373,-404,0
2023-07-03,18210,18220,17910,18100,3281662,59398082200,-0.0552,-58279,-284426,335962,91011,-44379,-57976,3966,0,343339,8493,-1750,1
2023-07-04,18080,18080,17800,17920,3546173,63547420160,-0.9945,-150380,144815,421,-114130,-11177,2964,3220,0,119544,5878,-734,0
2023-07-05,18050,18200,17610,17740,4161144,73818694560,-1.0045,389421,-70555,-302334,-58166,-29786,-48259,2807,240,-169171,-14568,-1964,1
2023-07-06,17700,17810,17360,17400,4432982,77133886800,-1.9166,238672,-111910,-113780,122980,-20452,-2952,2750,-43,-226063,-14998,2016,10000
2023-07-07,17330,17590,17160,17400,3739076,65059922400,0.0,112928,17898,-137924,64561,3166,-11993,1769,1267,-196694,5572,1526,0
2023-07-10,17500,17940,17500,17730,4260814,75544232220,1.8966,-128856,129693,-980,19485,-12000,-13229,20971,1347,-17555,-4447,4590,1
2023-07-11,18050,18930,18030,18850,12449251,234668381350,6.317,-2542888,1315669,1256565,631799,133952,29674,213345,286,282509,-71983,42637,-35000
2023-07-12,19020,19110,18350,18390,7333258,134858614620,-2.4403,963334,-581028,-349877,-103823,9836,29806,-109636,130,-191190,962,-33391,15000
2023-07-13,18480,19180,18170,19060,8868816,169039632960,3.6433,-2128430,295352,1862747,181052,256174,833261,32679,2678,606903,-14254,-15415,-50000
2023-07-14,18870,18870,17840,17890,12639660,226123517400,-6.1385,4440662,-3295217,-765402,-18630,-75679,-302307,-8816,470,-360441,-383691,3648,1
2023-07-17,17910,18020,17550,17600,5080681,89419985600,-1.621,1043510,-731292,-290412,71649,-105834,-261884,-1653,0,7309,-25217,3411,1
2023-07-18,17690,17780,17310,17350,4769079,82743520650,-1.4205,709496,-544008,-171440,32027,-47945,-105589,-19807,0,-30126,1607,4345,0
2023-07-19,17350,17690,17180,17670,4079456,72083987520,1.8444,4204,-237329,252705,225726,24123,-613,64990,1557,-63078,-18766,-814,0
2023-07-20,17650,17650,17270,17570,2853528,50136486960,-0.5659,21724,-162386,143955,200492,24594,-10863,146,0,-70415,-7215,3922,1
2023-07-21,17500,17570,17260,17370,3059896,53150393520,-1.1383,-4971,8710,17612,-40433,-17088,-6310,20500,260,62705,-20364,-987,-2022
2023-07-24,17370,17390,17030,17280,4077810,70464556800,-0.5181,-575678,454451,136006,103019,-40381,-1861,-6990,0,82219,-13993,-786,0
2023-07-25,17310,17790,17310,17710,5707891,101086749610,2.4884,-926630,778565,181516,41322,36661,33534,38054,0,35126,-29647,-3804,-3181
2023-07-26,17760,17770,16550,16720,10079108,168522685760,-5.5901,1301491,-1508134,-272683,-31257,-62646,-9696,-19497,360,-149947,475588,3738,0
2023-07-27,16630,17210,16630,16860,4696296,79179550560,0.8373,-566537,196201,383125,196297,-54179,89842,50442,0,100723,-470,-12319,0
2023-07-28,16860,17480,16570,17480,5137810,89808918800,3.6773,-403003,169771,230503,307925,-17505,-29878,15772,1280,-47091,-1041,3770,0
2023-07-31,17850,17850,17370,17490,5780632,101103253680,0.0572,782111,-724303,-54493,-90440,4208,11115,12598,6199,1827,1827,-5142,0
2023-08-01,17460,17730,17350,17500,3702874,64800295000,0.0572,-245778,163335,64261,8622,-7456,3732,7556,860,50948,19520,-1338,-1
2023-08-02,17440,18240,17330,17690,10983837,194304076530,1.0857,-1266327,1111019,70414,73807,23500,5948,30126,910,-63877,73797,11097,0
2023-08-03,17840,17850,16940,16970,6967040,118230668800,-4.0701,2652942,-1316491,-1076332,-422696,-68409,-11336,-17160,-60,-556672,-249712,-10407,1
2023-08-04,16970,17080,16710,16920,3665049,62012629080,-0.2946,509935,-3954,-183950,-78489,-6603,-5374,-45432,0,-49436,-319826,-2205,1384
2023-08-07,17050,17240,16780,16800,3702972,62209929600,-0.7092,774279,-393322,-377691,-140362,-146145,27351,1873,0,-120408,999,-4265,0
2023-08-08,16830,17060,16680,16760,2897858,48568100080,-0.2381,30062,38926,-42973,22617,-48827,37180,-3482,0,-50461,-27750,1735,0
2023-08-09,16800,17040,16730,17000,2682800,45607600000,1.432,-26221,32580,-20035,24995,-61089,-4434,1660,0,18833,13467,209,0
2023-08-10,16910,17080,16810,16880,2426479,40958965520,-0.7059,222688,-143936,-66433,-56653,276,74,13065,-750,-22445,-11818,-501,0
2023-08-11,16900,17070,16810,16930,2143319,36286390670,0.2962,-1546,40547,-36201,-56377,4389,-176,4763,0,11200,-1208,-1592,0
2023-08-14,16960,17050,16590,16610,3222873,53531920530,-1.8901,961718,-575156,-392828,-53785,-8762,272,-9863,-76,-320615,5566,700,1
2023-08-16,16450,16580,16300,16310,2911073,47479600630,-1.8061,-229744,252865,-31036,72455,-26835,-15266,1112,510,-63013,10043,-2128,1
2023-08-17,16230,16350,15950,16250,3587408,58295380000,-0.3679,127020,-27255,-113833,29225,-62542,-15942,5217,0,-69791,13580,488,0
2023-08-18,16020,16260,15940,16020,2713901,43476694020,-1.4154,400205,-213356,-181004,-80044,-4043,-15182,1637,0,-83373,-8105,2260,1
2023-08-21,16000,16280,15980,16020,2066185,33100283700,0.0,100697,-38390,-64671,-51117,-6527,276,1878,0,-9181,893,1471,0
2023-08-22,16070,16110,15960,15990,2318700,37076013000,-0.1873,232740,121770,-354566,-258797,-25584,-20181,-312,0,-49692,154,-98,0
2023-08-23,15990,16850,15990,16380,5050867,82733201460,2.439,-682039,551974,128031,23319,-21979,92784,26002,-1800,9705,3969,-1935,0
2023-08-24,16700,16700,16220,16570,3075005,50952832850,1.16,-6574,-122979,118746,-53729,3909,2277,1696,0,164593,11475,-668,0
2023-08-25,16360,16810,16340,16700,2370322,39584377400,0.7846,-250349,266794,-20675,13910,-492,-370,15094,-5730,-43087,4287,-57,0
2023-08-28,16870,17330,16870,17170,5669524,97345727080,2.8144,-1112950,711735,427094,150499,55219,21339,58941,-318,141414,-24231,-1648,0
2023-08-29,17290,17440,17100,17360,3520744,61120115840,1.1066,-877648,764179,113761,15912,809,17266,5738,0,70405,2236,-2528,3631
2023-08-30,17400,17820,17350,17750,5876303,104304378250,2.2465,-2454675,1949478,527557,214366,29459,13166,17340,0,249694,-21271,-1089,3532
2023-08-31,17990,18760,17830,18220,17523405,319276439100,2.6479,-2903372,2673487,201503,-8781,96644,10624,82282,0,20734,34222,-5840,0
2023-09-01,18290,18550,17410,17470,9137701,159635636470,-4.1164,355628,-278366,-97251,13182,22138,-2948,-13813,-701,-115109,19211,778,0
2023-09-04,17480,17710,17170,17190,4217999,72507402810,-1.6027,404383,-343035,-56332,-75117,-3286,5137,-6319,0,23253,-5583,567,0
2023-09-05,17230,17240,16910,16970,3644463,61846537110,-1.2798,582691,-452051,-124954,-15519,-10664,-36075,-1787,0,-60909,-2127,-3559,0
2023-09-06,17000,17080,16600,16610,4131111,68617753710,-2.1214,1347572,-1065035,-296379,-69875,-16051,-14669,-24765,0,-171018,8442,5400,-1
2023-09-07,16530,16760,16520,16660,3142247,52349835020,0.301,663896,-609455,-61658,4406,-2574,-3154,4783,0,-65119,2129,5088,0
2023-09-08,16800,16870,16610,16850,2658948,44803273800,1.1405,326504,-430004,102649,60623,2330,-1524,-4953,0,46173,944,-93,0
2023-09-11,16970,17730,16970,17220,8021543,138130970460,2.1958,-550570,255351,273328,130398,6568,12495,23137,-76,100805,19448,2443,1
2023-09-12,17290,17290,16750,16770,4082563,68464581510,-2.6132,1124268,-1085967,-54142,-17850,15050,-70388,-1218,0,20264,16174,-333,0
2023-09-13,16770,17010,16600,16910,2985320,50481761200,0.8348,69224,-218501,167924,137140,2645,-23952,10480,0,41612,-19056,409,-1
2023-09-14,16900,17020,16790,17020,2531644,43088580880,0.6505,-237797,-389540,635413,36666,-15854,-1074,-6285,0,621960,-7869,-207,0
2023-09-15,17040,17190,16900,17170,2925758,50235264860,0.8813,-707989,280581,442083,60056,65978,-11095,-11446,0,338590,-15847,1172,0
2023-09-18,17170,17320,17020,17020,2142331,36462473620,-0.8736,263201,-191770,-89258,4089,13312,-10385,23869,0,-120143,13823,4004,0
2023-09-19,17950,18090,17410,17900,17114186,306343929400,5.1704,-2600698,1536242,1148441,819456,299487,272235,53166,0,-295904,-72606,-11379,1
2023-09-20,17850,17850,17050,17060,6875625,117298162500,-4.6927,2438679,-2317733,-165851,31528,-11967,47004,-11225,0,-221191,39737,5168,0
2023-09-21,16980,17200,16800,16840,4370886,73605720240,-1.2896,226628,-398961,181644,331013,34946,31474,17312,0,-233101,-11103,1792,0
2023-09-22,16650,16950,16550,16670,3567261,59466240870,-1.0095,317330,-442081,96904,87804,679,-30893,5203,0,34111,26900,947,0
2023-09-25,16630,16680,16460,16550,2921505,48350907750,-0.7199,151844,-479952,326315,154574,55606,4134,10358,0,101643,12352,-10559,0
2023-09-26,16620,16760,16310,16330,3017727,49279481910,-1.3293,731359,-730778,-4170,99682,16532,14461,24042,916,-159803,1767,1822,0
2023-09-27,16140,16500,16090,16430,2166027,35587823610,0.6124,150983,-260192,136974,170062,1832,-7159,14601,0,-42362,-28326,561,0
2023-10-04,16340,16380,15760,15770,4253850,67083214500,-4.017,1448913,-1086055,-384883,-74304,-53570,-57301,-67,0,-195983,17858,4167,-3658
2023-10-05,15880,16050,15500,15530,3060416,47528260480,-1.5219,223473,-364412,127334,114797,-40884,-4785,-15954,11621,59881,14827,-1222,2658
2023-10-06,15400,15650,15370,15440,2209136,34109059840,-0.5795,631922,-474662,-189781,-55397,-44854,-105425,-45152,0,61045,29623,2898,2
2023-10-10,14950,15330,14750,14800,6464477,95674259600,-4.1451,451049,-585032,118303,51879,-53058,-116359,-113908,461,361287,15396,284,-11999
2023-10-11,14950,15280,14860,15210,3159069,48049439490,2.7703,-145242,246388,-112283,-282956,-95211,-20574,-46053,0,332511,7906,3231,0
2023-10-12,15280,15440,14970,15130,4094298,61946728740,-0.526,1236335,-382134,-844749,-334034,-360477,-56781,-156547,1765,61325,-12640,3188,0
2023-10-13,15300,15310,14400,14530,7824978,113696930340,-3.9656,2834625,-712981,-2148899,-902961,-357072,-256858,-249148,-1373,-361670,22368,4887,-19817
2023-10-16,14390,14570,14170,14290,3670542,52452045180,-1.6518,-40548,585699,-525681,-373063,-36798,-31108,-40066,841,-45488,-17587,-1883,1
2023-10-17,14440,14730,14270,14270,3452233,49263364910,-0.14,458209,113727,-574181,-83056,-343991,-17838,-35010,-8300,-81728,6779,-4534,-4258
2023-10-18,14280,14520,14280,14420,2341923,33770529660,1.0512,-101631,168616,-78169,5519,1964,942,-4282,0,-82312,10141,1043,0
2023-10-19,14190,14270,13960,14030,3101406,43512726180,-2.7046,370997,-243816,-125762,109,-19906,2449,-24830,-2234,-81351,174,-1593,1
2023-10-20,13950,14090,13730,13830,3044333,42103125390,-1.4255,83037,158405,-277838,-234726,-8659,-10910,-6026,-6902,-10615,35518,878,0
2023-10-23,13830,14050,13800,13860,2164663,30002229180,0.2169,-49135,-43415,59882,-24179,12219,12797,-1888,0,60933,32341,327,0
2023-10-24,13990,14130,13460,14050,2718220,38190991000,1.3709,-25350,74914,-69769,-77996,2728,40373,-9224,0,-25651,15784,4421,1
2023-10-25,14120,14160,13930,14060,1728852,24307659120,0.0712,-116674,94183,23056,41496,-5473,1087,5950,0,-20004,-1185,620,0
2023-10-26,13810,13930,13560,13630,2597308,35401308040,-3.0583,201580,-336761,21098,-7554,-14671,25290,-33629,0,52817,113619,464,-1155
2023-10-27,13740,13870,13500,13580,2140230,29064323400,-0.3668,-339130,210755,132620,21599,2979,24536,-1831,-5000,91583,-5437,1192,-1246
2023-10-30,13450,13790,13450,13780,1976907,27241778460,1.4728,-311367,205313,111716,37973,9753,728,418,0,61682,-6987,1325,1162
2023-10-31,13910,13920,13350,13420,2783847,37359226740,-2.6125,487702,-476103,-22067,-38654,-15897,31335,-28437,-8563,40226,10435,33,-2077
2023-11-01,13550,13690,13410,13460,1675872,22557237120,0.2981,-77913,11013,67937,-75779,-2800,5211,2159,0,139145,-1073,36,1
2023-11-02,13690,14030,13580,13910,2901997,40366778270,3.3432,-92860,-91326,168235,99191,12553,-80537,5260,0,134426,6595,9356,-2658
2023-11-03,14020,14190,13770,13980,2417312,33794021760,0.5032,139641,-364240,224531,90924,8939,13605,-1977,0,113039,-530,598,1
2023-11-06,14540,15000,14360,15000,5270912,79063680000,7.2961,-740415,642833,221138,-123503,48511,45076,4190,0,245160,-127652,4096,1704
2023-11-07,15000,15000,14350,14580,3590867,52354840860,-2.8,356653,17712,-339137,-153259,14988,-1297,-24458,0,-173789,-38637,3409,-1322
2023-11-08,14610,14850,14470,14550,2276346,33120834300,-0.2058,64769,59270,-124880,-130255,1488,-31443,-7562,2260,40016,2379,-1538,616
2023-11-09,14290,14410,14020,14110,3451251,48697151610,-3.0241,770457,12140,-781922,-694487,-58909,-22337,-94585,-3500,91895,-3980,3305,1
2023-11-10,13850,13940,13770,13840,1636104,22643679360,-1.9135,59841,138217,-178217,-80197,-20252,-12873,-21627,0,-43268,-21426,1585,0
2023-11-13,13980,14040,13680,13720,1697288,23286791360,-0.8671,347616,-8790,-359185,-159109,-74847,-5078,-13946,0,-106205,22928,-2569,0
2023-11-14,13860,14210,13800,14210,1811655,25743617550,3.5714,-587773,278227,321525,165656,-12974,-4875,-1323,0,175041,-12267,288,0
2023-11-15,14450,14660,14360,14660,2557703,37495925980,3.1668,-873505,365863,488090,8600,2684,34235,2940,0,439631,17860,1692,0
2023-11-16,14700,14740,14530,14600,1614014,23564604400,-0.4093,-43462,102502,-55055,20964,-39994,8547,11648,0,-56220,-7419,3434,0
2023-11-17,14610,14620,14340,14390,1386982,19958670980,-1.4384,213126,-71132,-145225,-100672,-39467,-11143,5426,-10,1559,2978,253,-918
2023-11-20,14370,14720,14290,14680,1707728,25069447040,2.0153,-483839,289221,199426,-8014,8690,9504,-686,0,190222,-3899,-909,-290
2023-11-21,14700,14780,14530,14690,2008313,29502117970,0.0681,-340946,250455,105255,57528,-3377,2809,974,0,47322,-14467,-297,-1
2023-11-22,14750,14770,14450,14610,1688901,24674843610,-0.5446,-15267,26090,-7273,12308,5021,4873,-841,0,-28634,-3556,6,0
2023-11-23,14730,15080,14710,14940,3026285,45212697900,2.2587,-511254,623198,-113026,-89732,40628,52391,4614,0,-120927,6479,-5397,0
2023-11-24,14950,15130,14880,15020,1703946,25593268920,0.5355,-344567,198032,131244,59128,63101,-12310,-287,0,21612,12511,2780,0
2023-11-27,15080,15100,14840,14960,1661963,24862966480,-0.3995,-253537,264374,-11864,-82570,5804,2046,-3330,0,66186,396,631,0
2023-11-28,15110,15340,15030,15260,2643879,40345593540,2.0053,-622081,201626,424872,45432,40452,195383,28896,0,114709,2255,-6672,0
2023-11-29,15260,15260,14970,15070,1786131,26916994170,-1.2451,71373,43120,-117084,73817,-19437,-11085,-10420,0,-149577,-1963,4554,-382
2023-11-30,14990,15800,14870,15800,3705112,58540769600,4.8441,-829502,811928,28771,-58709,-1264,3000,12532,0,73212,-3185,-8012,0
2023-12-01,15600,15600,15220,15270,2260691,34520751570,-3.3544,278771,7529,-291548,-13459,-8282,-118505,-1659,0,-149643,1764,3484,0
2023-12-04,15380,15720,15380,15610,3099825,48388268250,2.2266,-954773,702798,235195,156982,-18849,3410,47574,0,44211,18341,-1561,1867
2023-12-05,15600,16170,15570,15900,5270726,83804543400,1.8578,-1468038,842133,652177,321971,193265,19555,58728,0,58658,-23457,-2815,0
2023-12-06,16150,16240,15840,15950,3611870,57609326500,0.3145,-406615,-62922,508672,276402,98549,14465,27715,0,83537,-32619,-6516,8004
2023-12-07,15890,15900,15580,15890,2155438,34249909820,-0.3762,-108670,1446,116320,120949,46808,0,-4115,0,-84322,-3227,-5869,37000
2023-12-08,15870,16080,15710,15720,2014425,31666761000,-1.0699,-106177,42979,61359,-87266,16765,7763,-7066,0,121163,1572,267,10000
2023-12-11,15390,15570,15210,15510,2764922,42883940220,-1.3359,-232914,124030,100283,4402,-58051,4985,-14156,0,95100,17070,-8469,68003
2023-12-12,15730,15950,15700,15800,2277725,35988055000,1.8698,-402277,101371,306756,54055,-17525,11453,16977,0,309796,-7107,1257,-68000
2023-12-13,15810,15810,15380,15450,1851766,28609784700,-2.2152,15219,30448,-51453,-56219,-18780,3069,5250,0,5227,4645,1141,10000
2023-12-14,15670,15840,15600,15840,2730039,43243817760,2.5243,-809912,367122,453849,46161,177164,60499,20624,0,146371,-11381,322,3030
2023-12-15,15900,15930,15740,15910,2139101,34033096910,0.4419,-466685,405612,60903,85820,-33141,15294,-40165,0,29625,-62,232,3470
2023-12-18,15850,15910,15690,15750,1443735,22738826250,-1.0057,88917,93505,-180590,-146975,7406,-2239,-1021,0,-37482,-2221,389,-279
2023-12-19,15450,15840,15450,15680,1562940,24506899200,-0.4444,-202321,240908,-30237,700,2804,-22502,-28483,0,16087,-6776,-1574,1157
2023-12-20,15790,15980,15720,15910,2253632,35855285120,1.4668,-756889,434374,328242,-35542,12555,703,14836,0,335490,-2916,-2811,200
2023-12-21,15780,15900,15480,15550,2524263,39252289650,-2.2627,640727,-103184,-537626,-369675,-10764,-8639,-23708,0,-124840,-1619,1702,0
2023-12-22,15650,15650,15410,15510,1671315,25922095650,-0.2572,-292888,142577,158054,37540,16125,17252,-4622,0,91759,-4912,-2831,0
2023-12-26,15610,15700,15370,15420,2084693,32145966060,-0.5803,-594099,340416,297828,34370,16208,444,-39481,0,285631,-43817,-328,656
2023-12-27,15430,15640,15400,15640,1567855,24521252200,1.4267,-194726,215438,8152,-32115,26231,-517,-25917,0,40470,-29288,424,0
2023-12-28,15660,15900,15510,15900,2335589,37135865100,1.6624,-860985,546583,354439,-27096,-38388,2465,-15439,2469,444817,-40239,202,-14389
2024-01-02,15900,16040,15720,16010,2109268,33769380680,0.6918,-149937,282287,-146573,-218012,-924,-17815,-28162,0,117408,8879,5344,932
2024-01-03,15850,15900,15600,15600,2191181,34182423600,-2.5609,900809,-129488,-790907,-349014,-14341,-22720,29,0,-404861,15519,4067,0
2024-01-04,15510,15660,15410,15570,1514733,23584392810,-0.1923,-3935,138389,-139876,48970,37725,-12620,-3528,0,-210423,7267,-1845,0
2024-01-05,15690,15780,15550,15560,1539993,23962291080,-0.0642,60479,137191,-193520,-62780,-22529,-4691,-3316,0,-100204,-6073,1923,0
2024-01-08,15680,15730,15530,15560,1581709,24611392040,0.0,28789,91255,-127884,-62315,-664,-384,699,0,-65220,12287,-4447,0
2024-01-09,15700,15780,15580,15580,1259097,19616731260,0.1285,-115644,167624,-57644,-46843,-40430,-4543,-1142,0,35610,-517,6181,-296
2024-01-10,15580,15640,15160,15190,2340544,35552863360,-2.5032,506646,-117085,-396174,-190869,-1617,-20532,-21812,0,-161345,3505,3108,1
2024-01-11,15200,15480,15150,15150,1719484,26050182600,-0.2633,-88034,289697,-202358,-31205,-9803,-19827,-4015,-2614,-134893,6780,-6085,-1
2024-01-12,15200,15270,15020,15060,1704650,25672029000,-0.5941,31936,18063,-47567,-20227,-9284,-5447,12995,0,-25604,-2843,411,0
2024-01-15,15120,15320,15060,15320,1318881,20205256920,1.7264,-289779,151661,134046,76311,29026,5524,-1075,0,24260,3790,282,0
2024-01-16,15320,15360,15090,15230,1531386,23323008780,-0.5875,7666,142288,-150048,-36902,437,953,39,0,-114575,-1333,1427,0
2024-01-17,15270,15270,14560,14570,2935031,42763401670,-4.3336,665929,-461250,-211302,-77872,-33690,-32112,1943,0,-69621,6152,471,50
2024-01-18,14750,14920,14640,14780,1941646,28697527880,1.4413,-291098,162096,144467,92753,6535,-13560,-163,0,58902,-15521,56,0
2024-01-19,14870,15130,14870,15130,1636362,24758157060,2.3681,-520100,335877,182751,3368,77384,13861,1964,0,86174,2319,-847,0
2024-01-22,15270,15280,15000,15010,1287642,19327506420,-0.7931,72333,-38621,-37861,-49187,-6690,-2743,4413,0,8846,1741,2408,7500
2024-01-23,15030,15150,14980,15000,1248628,18729420000,-0.0666,-316051,294751,23601,-28050,-44928,2820,-10886,0,104645,-1642,-659,0
2024-01-24,15010,15020,14800,14860,1197281,17791595660,-0.9333,54282,105817,-161417,-133718,-25616,1026,-456,0,-2653,1481,-163,0
2024-01-25,14840,14870,14300,14870,2985230,44390370100,0.0673,37567,244248,-258437,-95935,-1630,-548,-2383,0,-157941,-24568,1190,0
2024-01-26,14870,15280,14790,15170,2122184,32193531280,2.0175,-792248,807561,-7117,29765,3299,981,-4082,0,-37080,-8279,83,0
2024-01-29,15230,15560,15200,15320,2313980,35450173600,0.9888,-552504,405897,151724,72638,8295,15631,2345,0,45315,-2858,-2259,7500
2024-01-30,15480,15600,15030,15030,1877476,28218464280,-1.893,97873,17873,-119259,-86263,-31444,-291,4871,0,-6132,3310,203,0
2024-01-31,14900,15440,14890,15440,3684053,56881778320,2.7279,-586829,651314,-59748,18334,3526,-142,-4448,0,-77018,-2476,-2261,0
2024-02-01,15440,15580,15210,15380,1935366,29765929080,-0.3886,188202,19685,-197313,-26154,86,-1209,-34126,0,-135910,-9841,-733,0
2024-02-02,15400,16100,15310,16000,5846733,93547728000,4.0312,-2226218,1303743,919298,501531,48000,43621,73548,0,272599,9347,-6170,-20001
2024-02-05,15960,15960,15340,15370,3312720,50916506400,-3.9375,1474905,-832770,-655332,-59306,-26243,-49920,-10202,0,-509662,10770,2427,1
2024-02-06,15290,15450,15230,15320,1409909,21599805880,-0.3253,-86987,188717,-99683,8927,-49262,-9958,-17676,-8750,-22951,-3419,1372,-13
2024-02-07,15280,15430,15170,15240,1694519,25824469560,-0.5222,-155735,34752,119038,13362,-33572,-6324,-10945,-33,156550,1506,439,0
2024-02-08,15300,15710,15290,15620,2392223,37366523260,2.4934,-704150,326287,374377,203501,-5730,-2268,-54885,0,233759,4100,-614,0
2024-02-13,15690,15780,15550,15620,1614544,25219177280,0.0,-295428,-64577,367311,101271,-14199,9069,-17691,0,288861,-5482,-1824,0
2024-02-14,15460,15460,15290,15360,1559104,23947837440,-1.6645,142923,-1014,-144158,4928,-28642,20403,1914,0,-142761,902,1347,0
2024-02-15,15550,15620,15370,15390,1518495,23369638050,0.1953,-460,58365,-44835,-103339,8827,-733,-10340,0,60750,-12519,-551,0
2024-02-16,15490,15570,15330,15370,1438734,22113341580,-0.13,180239,79899,-261706,-184990,-35278,-49666,-31223,6158,38794,1426,142,-5501
2024-02-19,15370,15670,15340,15630,2066654,32301802020,1.6916,-674044,559205,111713,-79354,-3178,19427,-744,-3080,178643,3310,-184,-1
2024-02-20,15720,15720,15430,15540,1828555,28415744700,-0.5758,68919,255237,-333351,-190904,53199,4522,1229,0,-201397,10431,-1236,0
2024-02-21,15540,16150,15460,15970,4448086,71035933420,2.7671,-1608778,998523,616887,142296,130073,152843,62903,9375,124397,-3718,-2914,-5000
2024-02-22,15990,16490,15770,16300,6214676,101299218800,2.0664,-985223,384218,565814,169256,181314,-14127,52222,1990,200159,42865,-7674,-25000
2024-02-23,16600,16630,16210,16350,4013239,65616457650,0.3067,-249601,16619,279293,328918,44717,-39703,39627,0,-81206,-48035,1724,-13060
2024-02-26,16490,16530,16080,16130,2244025,36196123250,-1.3456,213624,-183263,-21527,-17203,-2014,35537,7883,0,-49822,-7804,-1030,4092
2024-02-27,16210,16390,15850,15960,2117223,33790879080,-1.0539,-166901,122268,65962,34888,42206,-12768,14985,0,-13350,-17557,-3772,1
2024-02-28,15970,16270,15860,16140,1681722,27142993080,1.1278,-305678,139481,161054,15130,19437,-4381,34592,0,96276,2785,2358,0
2024-02-29,16100,16240,15950,16240,2035766,33060839840,0.6196,-164119,172041,-4614,123977,15798,-17846,7064,0,-133607,-1776,-1532,0
2024-03-04,16300,16420,15770,15770,3110647,49054903190,-2.8941,1021350,-709354,-311857,-160127,-12147,-16907,-6857,0,-115819,2918,-3057,0
2024-03-05,15800,15870,15460,15460,2319953,35866473380,-1.9658,512218,-167554,-372505,-1123,-26745,-72144,-17465,-5421,-249607,19985,7856,0
2024-03-06,15500,15710,15350,15630,1752227,27387308010,1.0996,-110014,89546,9161,89051,-53483,814,18106,0,-45327,10930,377,0
2024-03-07,15680,15680,15420,15580,1401354,21833095320,-0.3199,30153,-24162,-3781,5797,-273,-6778,-4781,0,2254,-1975,-235,0
2024-03-08,15710,15900,15440,15860,2084140,33054460400,1.7972,-481815,214310,266353,-25418,-7808,-25583,3644,0,321787,1423,-271,-269
2024-03-11,15960,17290,15890,16720,22523304,376589642880,5.4224,-3780902,2210872,1612197,323910,370286,409333,90064,12000,406604,-37852,-4315,0
2024-03-12,16970,17150,16610,17030,8074010,137500390300,1.8541,-752675,-371586,1096935,350624,238072,315654,87626,-2107,103039,33057,-5731,4027
2024-03-13,17110,17790,17000,17480,14079981,246118067880,2.6424,-1964047,1026128,844118,316642,225629,168115,77180,49291,7261,94744,-943,0
2024-03-14,17700,18500,17550,18230,18288130,333392609900,4.2906,-3041967,1705744,1240383,301086,316396,246000,178031,45000,132386,92212,3628,21484
2024-03-15,18470,18550,17760,17980,8533585,153433858300,-1.3714,-297926,59517,273975,-35427,193580,63967,112214,10000,-70359,-41057,5491,0
2024-03-18,18150,18180,17810,17860,3999193,71425586980,-0.6674,-46286,-173331,230905,-56754,46515,-32215,50865,6000,216494,-11112,-176,0
2024-03-19,18350,18920,17780,17840,12722844,226975536960,-0.112,732411,-1049223,293008,418799,205040,-149256,164550,4000,-354781,18496,5308,4656
2024-03-20,17500,17750,17210,17740,6722040,119248989600,-0.5605,-517128,444188,13145,129715,-44230,-120037,57256,4323,-17812,59757,38,3930
2024-03-21,17650,18130,17610,18070,5160145,93243820150,1.8602,-1076173,765779,340347,-82084,29292,-29347,-17877,50000,399408,-25442,-4511,-9045
2024-03-22,17890,18190,17790,17890,3747422,67041379580,-0.9961,-92751,284331,-200384,-214167,37474,-97984,2862,-14000,85431,7976,828,0
2024-03-25,17890,17980,17230,17300,4860054,84078934200,-3.2979,277587,249028,-541448,-288564,-98954,-62782,-63829,0,-27318,12466,2367,-1
2024-03-26,17300,17460,16970,17210,4156582,71534776220,-0.5202,-263173,408795,-125533,-181866,-44041,-83669,-7360,0,191403,-14504,-5585,0
2024-03-27,17150,17550,17010,17480,3863061,67526306280,1.5689,-114302,23590,113259,-90987,42627,71990,55179,0,34450,-20605,-1942,0
2024-03-28,17850,18100,17500,17520,4830265,84626242800,0.2288,66475,-125784,73922,80983,44052,34139,71924,10000,-167176,-15365,752,0
2024-03-29,17490,17600,17220,17220,2524536,43472509920,-1.7123,185962,77161,-261926,-192154,-63064,-15440,6929,-1500,3303,4586,-5783,0
2024-04-01,17340,17400,17060,17270,2146515,37070314050,0.2904,-91154,76062,71594,29391,-18579,8498,-11451,-4997,68732,-51080,-5422,0
2024-04-02,17200,17200,16640,16780,5075350,85164373000,-2.8373,483605,63761,-539171,-120510,-190394,-37181,-32477,-8500,-150110,-6317,-1878,1
2024-04-03,16630,16760,16460,16500,2499652,41244258000,-1.6687,-1423,285768,-299363,-27626,-98407,-11051,8572,0,-170851,13270,1748,0
2024-04-04,16710,16850,16480,16810,2412736,40558092160,1.8788,-3257,160646,-164894,-5738,-36423,9231,58095,5000,-190528,6897,608,-4531
2024-04-05,16630,17080,16570,16980,2715731,46113112380,1.0113,155715,-203043,35833,176720,18903,-63907,52180,1569,-149632,12573,-1078,0
2024-04-08,16980,16980,16500,16550,2300795,38078157250,-2.5324,-772,173887,-155672,-23965,-64362,-2435,-25522,0,-39388,-24308,6865,0
2024-04-09,16580,16650,16210,16250,2301107,37392988750,-1.8127,329142,46675,-390255,-59502,-93172,-24665,-101405,-23000,-88511,10762,3676,0
2024-04-11,15860,15860,15000,15120,9126279,137989338480,-6.9538,2631388,-515165,-2042868,-467283,-167779,-83386,-213712,-143000,-964379,-69306,-4049,-3329
2024-04-12,15060,15380,14940,15310,3335803,51071143930,1.2566,-114220,340800,-201101,20263,-7738,-23371,-5819,0,-184437,-27196,1717,1
2024-04-15,15160,15380,15000,15120,2081675,31474926000,-1.241,15833,-26695,8296,7274,6138,3428,3255,0,-11799,-810,3376,0
2024-04-16,15000,15060,14540,14600,3657519,53399777400,-3.4392,482820,-117098,-320774,-146393,-64970,-33901,-56248,0,-19262,-41403,-3545,0
2024-04-17,14630,14800,14320,14320,2717485,38914385200,-1.9178,325292,-141815,-165726,3452,-27407,-14862,-21108,0,-105801,-19848,2097,0
2024-04-18,14400,14960,14400,14900,2901014,43225108600,4.0503,-11299,223459,-182349,147053,13679,-26208,-143787,0,-173086,-24410,-5401,0
2024-04-19,14750,14790,14360,14690,2638314,38756832660,-1.4094,380142,-96132,-337481,50688,-26730,-21688,-53467,0,-286284,49542,3929,0
2024-04-22,14950,15800,14950,15730,4363033,68630509090,7.0796,-805624,306834,493457,163065,65806,66788,26789,0,171009,7926,-2593,0
2024-04-23,15640,15720,15430,15540,2243428,34862871120,-1.2079,221020,-214653,-10432,-27203,18109,20396,-2113,0,-19621,3869,196,0
2024-04-24,15770,15910,15580,15770,2265827,35732091790,1.4801,-111960,60105,46518,14416,-34670,-5824,2097,0,70499,1468,3869,0
2024-04-25,15700,16400,15610,15860,4182658,66336955880,0.5707,-105947,115763,16303,87820,30582,34847,31148,0,-168094,-31066,4947,0
2024-04-26,15950,16250,15780,16210,2584334,41892054140,2.2068,-400089,148447,223648,112473,1076,95364,15660,0,-925,35309,-7315,0
2024-04-29,16480,16950,16300,16790,4319136,72518293440,3.578,-680808,313066,374230,227140,-18166,25864,12215,0,127178,-2461,-4027,-1
2024-04-30,16860,17040,16600,16800,3357626,56408116800,0.0596,-281931,319221,-50014,-68494,21973,-14055,-32838,0,43400,13672,-948,0
2024-05-02,16860,17090,16500,16500,3091806,51014799000,-1.7857,361579,-285199,-85002,33621,2736,37197,-1553,0,-157004,8669,-47,1
2024-05-03,16670,16900,16290,16550,2742456,45387646800,0.303,-138237,111414,14138,-4822,-30447,32183,-1019,0,18243,16488,-3803,0
2024-05-07,16670,17150,16620,17080,4909006,83845822480,3.2024,-2139267,1828476,302991,49067,-3704,4063,-9037,0,262602,14306,-6506,0
2024-05-08,17040,17350,16970,17350,4228373,73362271550,1.5808,-1173361,647456,560312,320726,-21572,-3309,42959,0,221826,-28723,-5684,-318
2024-05-09,17370,17940,17330,17640,5610241,98964651240,1.6715,-964946,577166,343340,-16382,78512,106243,15393,0,159510,54420,-9980,64
2024-05-10,17790,17820,17260,17330,3452162,59825967460,-1.7574,-145312,303731,-152792,-5775,-102095,-217484,-4126,0,176688,-2406,-3221,0
2024-05-13,17480,17840,17270,17700,3857620,68279874000,2.135,-765586,458262,266369,60638,51636,-37299,30063,3840,149719,40245,710,7772
2024-05-14,17750,17890,17530,17670,2709021,47868401070,-0.1695,-251886,153787,115261,-41846,6673,19492,-71,0,131012,-15424,-1738,1
2024-05-16,17890,18230,17860,18100,6900766,124903864600,2.4335,-2051330,1299606,722302,252394,19550,17212,3823,384,432135,29693,-271,-3196
2024-05-17,17990,18370,17960,18050,4289283,77421558150,-0.2762,-121155,383223,-228799,-141823,703,-2574,14988,0,-100094,-31708,-1561,1
2024-05-20,18100,18180,17690,17800,4049716,72084944800,-1.385,-30777,322888,-254894,-118258,-152655,8646,-6778,0,14151,-34454,-2763,0
2024-05-21,17800,17990,17660,17710,2644936,46841816560,-0.5056,-269077,408674,-133956,-50083,-2160,-72039,1040,0,-10714,-6722,1081,0
2024-05-22,17750,18380,17710,18060,7405159,133737171540,1.9763,-702289,549427,196647,91230,93527,-2422,23985,8420,-18093,-46081,2296,0
2024-05-23,18380,18400,17970,18120,4907488,88923682560,0.3322,-41626,-78,31094,106754,42809,11168,25249,6000,-160886,2211,8399,0
2024-05-24,17950,18280,17440,18260,4634875,84632817500,0.7726,-631024,901563,-275550,-58029,-50,-18607,3736,0,-202600,6792,-1781,0
2024-05-27,20050,21750,19700,21300,69376008,1477708970400,16.6484,-7442480,5772543,1820223,652042,334189,253839,20533,323,559296,-147866,-2420,1
2024-05-28,21900,22000,20550,21800,40450557,881822142600,2.3474,-1819544,1724931,49189,163257,-12321,-22519,64463,17688,-161380,55532,-10108,1
2024-05-29,21500,22000,20550,20950,24131082,505546167900,-3.8991,94397,194810,-276689,-71927,103870,14777,175847,5000,-516139,-17740,5222,11883
2024-05-30,20700,21000,20200,20600,13731664,282872278400,-1.6706,-42271,-11048,82853,115512,-19857,25988,15818,-1390,-53479,-28345,-1189,261
2024-05-31,20550,21750,20400,20800,23319880,485053504000,0.9709,-962945,452823,616983,-68727,67064,47017,48896,0,521136,-109289,2428,1597
2024-06-03,21350,21350,20700,20750,10844092,225014909000,-0.2404,348365,-275862,-129383,-44072,14010,19742,-5663,-15000,-99984,60628,-3748,1584
2024-06-04,20300,20600,19060,19200,22201157,426262214400,-7.4699,1297375,-523496,-789787,-170660,-73052,-78158,-150976,22422,-339491,11393,4515,128
2024-06-05,19190,19400,18700,19120,11131017,212825045040,-0.4167,161584,356400,-484967,-277248,20222,54774,-115412,750,-171381,-21724,-11293,3328
2024-06-07,19320,19840,19060,19170,9572160,183498307200,0.2615,446587,-439208,-42371,-48005,8376,-13261,-49490,0,44858,24798,10194,15151
2024-06-10,19270,19740,19230,19450,8708921,169388513450,1.4606,539963,-541120,-22814,-9118,37107,18247,15602,2000,-101653,21812,2159,15001
2024-06-11,19720,19920,19050,19160,7737686,148254063760,-1.491,147547,-287535,128743,80999,65871,19807,32845,0,-85779,2533,8712,15000
2024-06-12,19300,20250,19290,20000,13075043,261500860000,4.3841,-1016901,508574,504042,-7283,136029,-922,119307,-25000,294548,9872,-5587,-12637
2024-06-13,20050,20200,19520,19520,8249591,161032016320,-2.4,1092449,-527661,-571607,44741,-91602,-4597,-24267,0,-461997,11109,-4290,-33885
2024-06-14,19760,20150,19520,19660,8012095,157517787700,0.7172,372907,308180,-759731,121200,-676498,135,20000,0,-221726,79951,-1307,-2842
2024-06-17,19800,19920,19550,19680,3791849,74623588320,0.1017,478525,-337157,-122526,7846,1747,-11639,-64697,0,-55783,-18014,-828,0
2024-06-18,19790,19940,19350,19720,5968659,117701955480,0.2033,-81014,180232,-38966,-2830,-19582,40616,-30534,-2469,-24168,-52592,-7660,1
2024-06-19,20050,21400,19820,21150,22507234,476027999100,7.2515,-2937322,1155996,1821473,571262,199947,242246,117900,9004,674726,-45827,5680,6388
2024-06-20,21200,21300,20600,20850,8196543,170897921550,-1.4184,-146704,-303043,430894,30315,34299,188870,55404,184,120391,5230,13623,1431
2024-06-21,20850,21150,20400,20900,6442943,134657508700,0.2398,170519,78716,-249876,-80795,-37121,-13110,13833,0,-132683,4653,-4012,0
2024-06-24,21100,21150,20550,20800,5116277,106418561600,-0.4785,270164,-552751,280937,-110541,153822,382479,-32886,0,-113033,208,1442,1096
2024-06-25,20700,20800,20150,20500,4365817,89499248500,-1.4423,-230254,478614,-237796,-41113,-13933,-123904,-15133,0,-43714,-6430,-4134,1
2024-06-26,20750,20800,20100,20400,3944738,80472655200,-0.4878,8526,143792,-160027,-12127,5280,-17708,14878,0,-150351,4339,3370,1
2024-06-27,20200,20200,19410,19890,8053252,160179182280,-2.5,57341,216803,-266682,118483,-69856,-59337,-2294,-8858,-244820,-579,-6883,0
2024-06-28,19790,20450,19630,20100,4460272,89651467200,1.0558,86186,-141141,45406,-29610,17171,-12718,3260,0,67302,8104,1445,1
2024-07-01,20100,20400,19850,19950,3308069,65995976550,-0.7463,51481,123016,-172318,-70652,2648,-56555,-17311,0,-30448,2954,-5133,0
2024-07-02,20000,20050,19230,19330,5001382,96676714060,-3.1078,426293,-30147,-390037,-73125,-53486,-81484,-51111,-6126,-123300,-9796,3687,-1405
2024-07-03,19390,19710,19220,19260,3217410,61967316600,-0.3621,196302,-163633,-34195,523,-5316,-8962,-5056,0,-15384,1260,266,0
2024-07-04,19280,19610,19230,19450,3031068,58954272600,0.9865,-219588,-33036,245029,-38009,9115,425,-2452,-10000,285949,10286,-2691,1
2024-07-05,19450,19680,19310,19540,3669523,71702479420,0.4627,157123,-321811,138093,-5908,-106952,-97046,-5609,-4130,360518,29760,-3165,-2780
2024-07-08,19850,21600,19700,21000,17115452,359424492000,7.4719,-2713840,2228119,566770,494209,-36664,48004,11880,0,41649,-43655,-37394,7692
2024-07-09,21350,22300,21150,22250,27672205,615706561250,5.9524,-2000136,2161588,-234797,-37858,20909,-158188,-10135,0,-50183,70694,2651,658
2024-07-10,22350,22350,21500,21850,10787800,235713430000,-1.7978,1025493,-774108,-225657,118339,-41329,-817,32129,0,-331818,-19071,-6657,-2161
2024-07-11,21850,22150,21400,21850,9593927,209627304950,0.0,-556160,520996,52951,79506,7529,10563,-12732,0,-32557,-11937,-5850,642
2024-07-12,20800,21700,19970,20900,25828467,539814960300,-4.3478,359351,1292571,-1579880,-1439714,-52552,474491,-309625,-2753,-244392,-57359,-14683,-5335
2024-07-15,21700,21900,20900,21600,13663975,295141860000,3.3493,-626699,98709,459326,-43860,248110,347602,-26446,-528,-60681,35997,32667,-4871
2024-07-16,21700,21700,20300,21000,11853733,248928393000,-2.7778,137333,-786930,624432,18635,-158810,648545,-16636,-208,136250,29931,-4766,-3344
2024-07-17,21100,22500,21050,21250,28715925,610213406250,1.1905,-2293571,1425853,787710,57094,144928,237141,102232,-278,247587,66652,13356,-994
2024-07-18,23850,25000,20900,21000,63401772,1331437212000,-1.1765,9289551,-4817418,-4377280,-593974,-958553,-2085977,-210100,-2907,-493025,-83717,-11136,-32744
2024-07-19,21100,21100,20100,20200,14963385,302260377000,-3.8095,-424981,524621,-117287,-6133,-249816,-23637,-14483,0,176782,24951,-7304,0
2024-07-22,20300,20750,20000,20200,10307333,208208126600,0.0,-874469,605511,311672,-88446,73788,26302,9728,0,290314,-55971,13257,-14
2024-07-23,20050,20350,19610,19880,9843278,195684366640,-1.5842,-489624,681746,-213782,-2462,-93339,66127,-18430,0,-165678,1763,19897,0
2024-07-24,19760,20100,19640,19820,6287396,124616188720,-0.3018,-529916,432934,111271,-51341,187,41863,729,2600,117233,-11065,-3224,0
2024-07-25,19750,20200,18910,18930,9151927,173245978110,-4.4904,568174,-434627,-139653,-107046,-68473,-58283,-32866,275,121706,10675,-4569,5034
2024-07-26,18800,19300,18800,18870,5558211,104883441570,-0.317,-120442,133654,-42857,-139982,-12257,72520,-19287,0,56149,36679,-7034,0
2024-07-29,18930,18970,18310,18530,5559272,103013310160,-1.8018,38895,26937,-94496,-88495,-5495,17428,-29871,0,11938,29136,-472,-1
2024-07-30,18410,18720,18150,18560,5141839,95432531840,0.1619,317310,-244540,-89776,21100,-52434,-10124,-3966,0,-44352,16611,395,0
2024-07-31,18640,19800,18640,18830,14217304,267711834320,1.4547,1146389,-1222446,48541,-41939,31053,646,-1814,0,59321,26422,1094,1274
2024-08-01,18850,19040,18710,18710,3223275,60307475250,-0.6373,398108,-277347,-133356,-84080,5134,-66537,-2045,8000,6171,5646,6949,1
2024-08-02,18440,18440,17660,17690,6333063,112031884470,-5.4516,1123117,-554426,-566133,-96691,-32661,-5684,-88042,-1854,-343557,-10864,8306,2356
2024-08-05,17280,17290,15150,15860,8528030,135254555800,-10.3448,-87267,30177,32473,-82584,36622,105400,-5977,-11100,11112,14177,10440,-21000
2024-08-06,16020,17300,16020,16870,7701706,129927780220,6.3682,-843599,870944,-37977,-9979,9772,98686,-8675,0,-127780,4442,6190,-1
2024-08-07,16800,17170,16610,16850,3752220,63224907000,-0.1186,794908,-669081,-160441,51519,56875,-16294,-11530,0,-241012,30047,4567,1
2024-08-08,16610,17680,16590,17540,6916530,121315936200,4.095,-599887,392272,179627,442381,83645,10319,9666,0,-366384,16337,11651,0
2024-08-09,17720,17880,17500,17690,2791297,49378043930,0.8552,297299,-362372,43437,78036,2570,4025,1297,0,-42491,20933,703,0
2024-08-12,17790,18490,17720,18340,3352235,61479989900,3.6744,-510241,286406,230786,132325,-1507,-2099,376,0,101692,4626,-11577,-1
2024-08-13,18450,18700,18120,18150,3047042,55303812300,-1.036,50915,-69950,26266,-5990,-5652,-271,1994,0,36184,-7121,-110,1
2024-08-14,18440,18470,18100,18170,1949539,35423123630,0.1102,-16622,-8421,13202,4695,24056,-1679,9989,0,-23860,10255,1586,1
2024-08-16,18410,18960,18410,18750,4173741,78257643750,3.1921,-1125217,838479,301655,91777,14078,61422,3029,0,131349,-22081,7164,0
2024-08-19,18890,18890,18160,18230,3153671,57491422330,-2.7733,612909,-564839,-42257,-92240,871,-17843,-1962,0,68917,-7080,1267,0
2024-08-20,18350,18350,17960,17970,2970641,53382418770,-1.4262,425695,-394376,-36557,6054,4663,-12129,-3417,0,-31728,7835,-2597,0
2024-08-21,17840,18100,17600,18040,2239981,40409257240,0.3895,20563,2681,-44482,-38466,5764,2312,-9793,0,-4651,20720,518,352
2024-08-22,18060,18120,17630,17760,1844964,32766560640,-1.5521,225624,-151127,-73234,14402,-15878,-9035,-16168,0,-46555,-1675,412,0
2024-08-23,17730,18110,17600,18010,2158110,38867561100,1.4077,-181541,102768,51341,58619,-16311,-3173,-2477,0,14683,1067,26365,0
2024-08-26,18010,18020,17230,17430,3234955,56385265650,-3.2204,685482,-556570,-86843,-139318,-1453,-62,-8013,5330,56673,-43331,1262,0
2024-08-27,17250,17870,17050,17860,2821052,50383988720,2.467,-845535,314340,531016,110753,16948,237170,1463,0,164682,1779,-1600,0
2024-08-28,17780,18840,17730,18480,8797648,162580535040,3.4714,-1371678,133674,1207943,450329,-13153,357972,124179,0,288044,25224,4837,572
2024-08-29,18420,18450,17660,17750,4748040,84277710000,-3.9502,1115908,-884026,-231762,-182780,42585,18787,19665,0,-130020,-4874,4754,1
2024-08-30,18000,18460,17990,18100,3987360,72171216000,1.9718,-318423,17859,266279,205468,-27010,-49058,57458,0,83729,37453,-3168,-4308
2024-09-02,18300,18300,17830,17890,1972917,35295485130,-1.1602,554396,-170484,-364035,-123497,-729,-64060,-872,0,-174877,-20346,469,0
2024-09-03,17890,18020,17600,17650,2152522,37992013300,-1.3415,277311,-224551,-61543,78993,-13508,-87376,-2727,0,-36925,12966,-4183,0
2024-09-04,17100,17650,16900,17200,3900091,67081565200,-2.5496,717607,-392417,-354473,-93277,-21728,-16386,-17509,0,-205574,30065,-782,1
2024-09-05,17200,17350,16570,16620,3117440,51811852800,-3.3721,609075,-491305,-107177,18786,-12394,-81138,-4545,0,-27886,393,-10986,0
2024-09-06,16620,16890,16490,16570,2141879,35490935030,-0.3008,23490,-52772,33101,-42126,-2189,-1065,1039,0,77442,-2315,-1504,0
2024-09-09,16150,16890,16100,16800,1829627,30737733600,1.3881,-221529,278820,-64233,-43628,963,-1025,7894,0,-28437,8576,-1634,0
2024-09-10,16910,16970,16540,16560,1575573,26091488880,-1.4286,273896,-187013,-92187,95768,-98916,-2991,-7987,0,-78061,4773,531,0
2024-09-11,16700,16830,16260,16370,2024091,33134369670,-1.1473,354417,-193884,-165578,-52182,-148930,-19352,5927,-5330,54289,5744,-699,0
2024-09-12,16500,17710,16500,17710,4467950,79127394500,8.1857,-1124710,829893,276529,13212,34027,-11560,-337,0,241187,12468,5820,0
2024-09-13,18290,18670,17820,18160,5730891,104072980560,2.5409,84557,-12699,-77479,122646,-69313,-54581,1078,0,-77308,8753,-3132,-1
2024-09-19,18500,18750,18310,18710,4720304,88316887840,3.0286,-677103,309133,413331,117765,29734,-2030,29673,0,238189,-55716,10355,0
2024-09-20,18710,18790,17950,17960,5353964,96157193440,-4.0086,511075,-317669,-184193,-123076,-52770,-7339,-21279,0,20370,-2982,-6231,-99
2024-09-23,18300,18720,18120,18200,3924727,71430031400,1.3363,-409457,166720,244961,201918,-16273,83028,-12081,6000,-17631,-5631,3407,0
2024-09-24,18250,18330,17760,18160,2653431,48186306960,-0.2198,-144409,-9289,156820,-30959,-2573,-12002,14,0,202340,1861,-4983,0
2024-09-25,18340,18620,18080,18100,2332580,42219698000,-0.3304,-417733,27377,361504,72530,23980,2089,169,0,262736,13872,14980,0
2024-09-26,18110,18480,17980,18450,2525949,46603759050,1.9337,-941729,355395,577267,66592,12383,-878,21192,0,477979,-4022,13089,-1
2024-09-27,18470,18520,18050,18050,2136062,38555919100,-2.168,201509,-87384,-93621,-60855,-21121,-2926,-3016,0,-5703,-6297,-14207,0
2024-09-30,18170,18310,17850,17910,2322831,41601903210,-0.7756,-275464,-53014,342513,96928,50450,-2983,-3105,0,201223,-14040,5,0
2024-10-02,17710,17710,17250,17310,2532931,43845035610,-3.3501,684226,-398677,-293226,-117966,-5093,14307,-328,0,-193147,5121,2556,9001
2024-10-04,17470,17580,17140,17410,2178359,37925230190,0.5777,-81017,-301763,376038,210364,2158,-4182,-9,0,167706,5457,1285,1
2024-10-07,17490,18270,17280,18270,3744724,68416107480,4.9397,-1070237,957503,123178,-68702,8371,5719,23357,0,154435,-8120,-2324,-2
2024-10-08,18130,18760,18110,18370,4087833,75093492210,0.5473,-609685,758781,-154480,-25409,-13535,-51877,95513,-2000,-157172,5578,-194,0
2024-10-10,18400,18470,18130,18200,2389396,43487007200,-0.9254,-159408,170372,-6077,88162,393244,3038,-318,0,-490204,-4396,-491,1
2024-10-11,18290,18460,18060,18100,1659316,30033619600,-0.5495,-133739,120367,7904,-26495,45223,52538,18561,0,-81923,6090,-622,0
2024-10-14,18200,18500,18150,18470,2294944,42387615680,2.0442,-639392,282392,357181,265272,14396,-43781,12552,0,108742,1481,-1662,0
2024-10-15,18650,19350,18650,19000,9302369,176745011000,2.8695,-1631269,273459,1310798,364013,391504,190098,131055,0,222128,53272,-6260,12000
2024-10-16,18820,19950,18550,19460,10748471,209165245660,2.4211,-1021334,56463,922835,344701,305070,56927,62885,8820,144431,41460,576,1
2024-10-17,21100,21500,20550,21150,34706921,734051379150,8.6845,-7137575,4316201,3011044,621658,859346,1405547,144471,5550,-26323,-178445,-11225,795
2024-10-18,20900,21300,20100,20450,10127307,207103428150,-3.3097,-156166,189155,-66192,75046,14943,-433924,9910,19839,247993,13363,19840,1
2024-10-21,21350,21400,20300,20650,12710750,262476987500,0.978,402581,-629993,187363,-29696,127481,255404,53837,20000,-239663,46347,-6298,0
2024-10-22,20300,21300,20000,20650,13625006,281356373900,0.0,-944807,-3318,992170,234906,67458,409949,72977,8238,203642,-47637,3592,-5000
2024-10-23,20650,20800,19960,20100,6418161,129005036100,-2.6634,77797,349795,-351466,7832,-39742,-76782,-18764,9950,-232363,-69164,-6962,-1597
2024-10-24,19850,21000,19840,20850,8918248,185945470800,3.7313,-1846222,1947052,-57460,30380,62090,-1925,11048,0,-154053,-41913,-1457,-5000
2024-10-25,20850,21300,20550,20600,4764600,98150760000,-1.199,-72125,195638,-121665,66612,16710,35508,26317,-4566,-262247,-1868,20,1
2024-10-28,20800,21700,20750,21400,11033510,236117114000,3.8835,-2326524,1952876,250823,176120,75921,57604,6865,-24030,-56356,119978,2847,14699
2024-10-29,21800,22150,21500,21850,12069996,263729412600,2.1028,-1236766,907770,339360,244504,181059,-764,31033,9066,-121012,-7573,-2791,-4526
2024-10-30,21850,22000,21250,21400,6459985,138243679000,-2.0595,-144097,473706,-311039,126903,-66334,-214085,-4856,-4275,-148392,-22951,4381,0
2024-10-31,20150,20800,19700,20050,14011947,280939537350,-6.3084,228720,-487195,281044,344056,73276,-193651,64023,3523,-12974,-24822,2253,2791
2024-11-01,20600,20750,19850,19980,5749622,114877447560,-0.3491,790060,-140148,-571590,-119876,67692,-205709,18663,0,-335823,-39701,-38621,3463
2024-11-04,20050,20150,19350,20000,4911648,98232960000,0.1001,102272,-85560,-13724,89222,-919,-71755,-28133,0,-2140,-838,-2150,1
2024-11-05,19930,20550,19790,20400,4022063,82050085200,2.0,-156061,213519,-59977,-68946,48697,9067,-8258,12321,-51669,2144,375,-1189
2024-11-06,20450,21150,20450,20900,7885107,164798736300,2.451,-231983,-115103,331263,201235,101167,47713,80421,52013,-141559,15907,-84,-9727
2024-11-07,21200,21700,20500,21400,9313005,199298307000,2.3923,-1176912,6953,1074305,503775,199137,178292,163634,2204,32183,92109,3545,-4920
2024-11-08,21400,21700,21100,21450,4591326,98483942700,0.2336,-513883,49220,457953,311034,64481,-40019,61925,0,56532,6013,697,4000
2024-11-11,21300,21900,20900,20900,6806611,142258169900,-2.5641,-59716,-270591,333295,256137,66938,14555,25141,8620,-28096,-21221,18233,-10000
2024-11-12,20700,21400,20600,20850,5632665,117441065250,-0.2392,-63637,-305716,289390,158540,12434,25156,120291,0,-27032,79586,377,1
2024-11-13,21000,21650,20550,20750,7911988,164173751000,-0.4796,-240728,-290723,558989,312096,112322,-93796,83262,1000,144105,-44521,16983,0
2024-11-14,21200,22450,20950,22450,17292496,388216535200,8.1928,-4144072,3312335,754726,252691,5195,147217,39183,23000,291194,82237,-5226,-3754
2024-11-15,22400,22500,21250,21850,10709767,234008408950,-2.6726,1019575,-782794,-270774,33983,-34097,-100938,7292,-30000,-150015,33458,535,3001
2024-11-18,21550,22150,21300,21550,7772892,167505822600,-1.373,265573,-362363,-13546,149995,-89535,1435,11370,6947,-96760,106831,3505,3002
2024-11-19,21950,22800,21750,22400,12909089,289163593600,3.9443,-1704665,1173774,550861,359279,127079,82203,72004,7768,-96006,-20279,309,-1466
2024-11-20,22350,22400,21600,21700,5971125,129573412500,-3.125,969878,-856015,-125692,-60206,-16835,11576,8329,-17000,-52692,14494,-2665,1136
2024-11-21,21650,21900,20850,20900,5994908,125293577200,-3.6866,650365,-356031,-333561,173651,-25314,-258961,14173,320,-237432,42869,-3642,2
2024-11-22,21300,22750,21250,22100,15909665,351603596500,5.7416,-4478384,4071720,456778,229711,99491,324660,-54148,11682,-159310,-36050,-14064,4692
2024-11-25,22350,22500,22000,22150,7335876,162489653400,0.2262,53848,-212525,184480,79405,6644,-36917,-17364,3670,151081,-20696,-5107,-2039
2024-11-26,22000,22000,21000,21050,7907491,166452685550,-4.9661,2738399,-1971700,-803411,-162856,-121144,-482587,14249,0,-54043,40341,-3629,2970
2024-11-27,21050,21400,21000,21100,4066364,85800280400,0.2375,-195589,198622,12442,91424,8571,-93146,-13222,-23282,41878,-23839,8364,219
2024-11-28,21250,21800,21150,21450,3953289,84798049050,1.6588,-540356,317112,238145,64795,78926,-23437,16658,0,103201,-14330,-571,-1998
2024-11-29,21300,21350,20300,21150,7293479,154257080850,-1.3986,-351922,159087,216326,52825,54581,-45618,16881,-12407,147062,-20753,-2738,3002
2024-12-02,21200,21350,20700,20700,3268088,67649421600,-2.1277,-112346,-100028,231129,128934,-46176,3095,146,0,147129,-19666,911,-1999
2024-12-03,20850,21350,20750,21150,3594136,76015976400,2.1739,-1039224,725113,315536,84936,56309,-36330,14560,-1352,199167,1327,-2752,-1754
2024-12-04,20600,20900,18580,19000,25531530,485099070000,-10.1655,1906304,1305076,-3056638,-1266163,-898887,-420689,-235516,-1869,-226518,-147197,-7545,-6996
2024-12-05,19180,19390,18480,18690,8487418,158629842420,-1.6316,-20992,165604,-168062,-222373,7867,26728,-25543,-70281,111540,23667,-217,4000
2024-12-06,18550,18900,17640,18080,10277179,185811396320,-3.2638,-2233846,2114590,194799,-80261,-122484,-70392,-36487,0,504423,-100958,25415,0
2024-12-09,17790,17850,17200,17380,7621883,132468326540,-3.8717,-784094,936772,-86607,-426352,-141932,93773,-13258,-5001,406164,-67013,942,-1
2024-12-10,17500,17900,16910,17180,13229410,227281263800,-1.1507,2740795,177064,-2964218,-901568,-461755,-267932,-286943,0,-1048016,37183,9176,1996
2024-12-11,17390,17520,16970,17230,6769658,116641207340,0.291,994330,-980744,-48187,-75525,-33507,-174827,-23845,0,259517,36352,-1751,0
2024-12-12,17390,18190,17310,17830,10237930,182542291900,3.4823,-97035,-164160,165672,19307,133651,-95566,51968,0,46048,83391,12132,10264
2024-12-13,17830,17880,17220,17240,6652260,114684962400,-3.309,1563516,-765293,-932323,-226475,-177710,-134531,-20572,0,-374009,136668,-2568,974
2024-12-16,17350,17910,17350,17640,5640808,99503853120,2.3202,-541186,537067,-62552,108798,-28909,-95416,-3503,-9388,-34998,46960,19711,864
2024-12-17,17840,17850,17420,17490,4083393,71418543570,-0.8503,447871,-362675,-92525,30557,-25395,-92518,21105,0,-26275,5900,1429,1
2024-12-18,17590,18270,17490,18060,5186115,93661236900,3.259,-931873,660012,260814,233852,10086,-62633,37237,0,42271,10576,471,1
2024-12-19,17700,18060,17470,17850,4646486,82939775100,-1.1628,1114461,-1152533,6733,45638,-24712,24960,6348,10398,-55900,27468,3871,1
2024-12-20,18530,18550,17570,17570,7472877,131298448890,-1.5686,1497289,-1333103,-176930,72173,-2972,-10321,17241,0,-254836,27548,-14804,1785
2024-12-23,17830,18330,17770,18160,4139796,75178695360,3.358,-1144115,455193,653739,316513,22256,1409,13858,3428,296275,26368,8815,0
2024-12-24,18160,18690,18160,18280,4603391,84149987480,0.6608,-443381,245899,184295,122387,13059,-24482,19852,0,55986,11494,1693,-2507
2024-12-26,18470,18520,17860,17860,3625772,64756287920,-2.2976,392746,-300803,-125705,-92770,10186,-2512,-12530,0,-28080,24936,8826,1
2024-12-27,18130,18180,17430,17620,4586870,80820649400,-1.3438,556005,-262192,-316600,-156308,-3296,2346,9555,0,-168897,12938,9849,0
2024-12-30,17600,17840,17500,17550,2594742,45537722100,-0.3973,101976,-132584,36829,83094,-14384,-35492,-7456,0,11065,-7724,1503,2
2025-01-02,17600,18240,17600,18060,3032474,54766480440,2.906,-443558,306082,142355,152125,-12856,991,26470,0,-24375,-784,-4095,0
2025-01-03,18220,18370,17960,18200,4544088,82702401600,0.7752,-22284,-446153,449841,272089,73777,-12393,5595,0,110641,20323,-1727,132
2025-01-06,18500,18740,18190,18630,5055167,94177761210,2.3626,-787502,347893,410672,229830,-18319,-2282,7382,0,196314,26570,2367,-2253
2025-01-07,18900,19080,18740,18980,4591740,87151225200,1.8787,-701368,482524,244439,127596,30823,3570,16576,0,65873,-19095,-6500,1
2025-01-08,18690,18900,18370,18900,3834048,72463507200,-0.4215,253173,-72430,-153663,-61808,-15088,-27959,-6040,0,-42718,-25138,-1942,-50
2025-01-09,19060,19060,18350,18830,4165547,78437250010,-0.3704,251855,-548263,306891,167012,141296,-41824,-20326,0,60732,-7486,-2997,1
2025-01-10,19770,20550,19300,20000,21673672,433473440000,6.2135,-1121744,758289,475906,325307,320348,66809,11294,0,-234613,-105269,-7182,-13239
2025-01-13,20300,20550,19820,20100,7574561,152248676100,0.5,114256,-271860,209841,-8643,203344,52099,23174,0,-60167,-47040,-5197,34
2025-01-14,19940,20200,19830,20100,3913984,78671078400,0.0,-344422,152959,229111,131653,-8189,92338,15168,0,-2499,-32416,-5232,640
2025-01-15,20200,20600,19900,20300,5122024,103977087200,0.995,-473305,78120,397218,162795,164769,-33210,-2922,0,106786,-5085,3052,-1000
2025-01-16,21000,21100,20600,20800,6025092,125321913600,2.4631,-561761,-52709,550929,280710,60516,22789,5743,0,187099,68261,-4720,-5928
2025-01-17,21500,22000,21150,21750,13756111,299195414250,4.5673,-1179211,365615,725156,263214,287740,125270,50259,0,8657,94371,-5931,-9984
2025-01-20,22100,22900,21600,21900,16311734,357226974600,0.6897,227660,-710415,510694,182687,198281,35676,23991,0,73619,-42305,14366,-3560
2025-01-21,22150,22350,21700,22050,6325422,139475555100,0.6849,-18076,-135086,176586,78135,-25591,6676,30816,1598,84861,-15918,-7506,91
2025-01-22,22550,24250,22500,23950,31258484,748640691800,8.6168,-7493839,5854013,1852881,712268,354778,112509,62659,-5740,614000,-190992,-22063,2407
2025-01-23,24050,24100,23400,23850,10160667,242331907950,-0.4175,413248,-948934,528081,251017,136911,99744,45707,1516,-6803,17017,-9412,-11
2025-01-24,24900,25150,24300,24700,15520011,383344271700,3.5639,-1176814,829609,472755,46392,88834,100915,57546,0,185960,-125001,-549,-6892
2025-01-31,23500,24100,23150,23900,15303404,365751355600,-3.2389,2186132,-2022706,-309505,-92702,-75302,-158407,20231,0,-2409,94320,51759,-916
2025-02-03,23150,23800,23100,23350,9026940,210779049000,-2.3013,-966429,1071403,-84330,382381,-205077,-58920,-413,0,-202309,-60624,39980,8
2025-02-04,24000,24750,23650,24400,9612429,234543267600,4.4968,-908425,-61660,776584,560339,135891,52579,28633,3449,-3876,192769,732,-431
2025-02-05,24600,24600,23700,23950,5969958,142980494100,-1.8443,139920,-255803,173179,196217,11308,-60177,12536,0,13325,-67549,10253,-30
2025-02-06,24500,24500,23850,24000,5496725,131921400000,0.2088,-111425,77993,41892,19126,27306,-36696,9418,0,23134,-3297,-5163,-396
2025-02-07,23250,23650,22700,23200,8864252,205650646400,-3.3333,-154323,382655,-195792,74716,-41409,-183683,-20904,4045,-23355,-24859,-7681,-5202
2025-02-10,23600,23800,22900,23000,5482455,126096465000,-0.8621,-17066,-136441,95936,-59627,56607,11542,-28224,-4344,120379,18574,38997,-397
2025-02-11,23050,23950,23050,23550,5280321,124351559550,2.3913,-844128,424099,242236,146488,-82600,30017,58709,4000,85635,214592,-36799,-13
2025-02-12,23600,24350,23350,24250,7299965,177024151250,2.9724,-610173,357033,232280,89730,19312,21359,19316,9000,73800,35579,-14719,-237
2025-02-13,24500,24650,24050,24550,6884176,169006520800,1.2371,-749769,410193,351778,188757,43500,-14379,-6084,10000,129984,40500,-52702,0
2025-02-14,24550,28250,24450,27600,55550815,1533202494000,12.4236,-5879869,3778798,1891009,338159,-29379,454875,16821,23904,1079621,199226,10836,7008
2025-02-17,26900,28700,26150,28200,29333641,827208676200,2.1739,-340803,-1175184,1604897,9658,39560,49702,-105886,0,1612072,-73236,-15674,-209
2025-02-18,29400,30550,29050,30300,35485391,1075207347300,7.4468,-2161891,1438688,781035,-295181,123309,160689,10205,-44200,836926,-27323,-30509,-10713
2025-02-19,30900,30900,29500,29850,17987673,536932039050,-1.4851,1361462,-720041,-640564,-209453,-76066,-453264,-27104,8304,117395,20992,-21849,-376
2025-02-20,29400,29800,28100,28650,17575818,503547185700,-4.0201,930403,52519,-1059621,-80000,-113259,-218248,-39545,27,-604183,79957,-3258,-4413
2025-02-21,28750,29450,28300,28950,10117896,292913089200,1.0471,695571,-610388,440,80264,26304,15952,-4320,4465,-120157,-95003,9380,-2068
2025-02-24,28250,28750,27500,28100,9711056,272880673600,-2.9361,892289,-174555,-679833,-110360,-72448,-77495,-24432,-2635,-392025,-24011,-13890,-438
2025-02-25,27700,28600,27400,28250,8160438,230532373500,0.5338,371994,-154346,-190846,133871,-16683,-54240,16695,-4719,-265867,-26888,86,97
2025-02-26,28000,28200,27200,27600,7857812,216875611200,-2.3009,606088,-101561,-465286,66872,-233640,-83544,-110870,2101,-104545,-35431,-3810,-1660
2025-02-27,28000,28200,26900,27050,6824895,184613409750,-1.9928,211792,132200,-304671,-63851,-2550,-65173,24881,-18000,-180166,-39576,255,188
2025-02-28,26500,26900,25250,25400,13565445,344562303000,-6.0998,1691626,-726757,-899586,-222654,-31833,-144616,44126,0,-543942,-64956,-327,-667
2025-03-04,24750,25850,24700,25500,9094716,231915258000,0.3937,1251863,-703760,-586242,63939,-53146,-66167,3908,0,-534781,24673,13466,5
2025-03-05,26550,27200,25650,26900,13199012,355053422800,5.4902,894635,-1954838,863095,604242,229067,42439,133097,0,-155673,183729,13379,9923
2025-03-06,27000,27400,26325,26500,7474904,198084956000,-1.487,1467123,-1371406,-90765,-50280,49099,8184,-6109,0,-91649,-7235,2283,-10
2025-03-07,25850,26700,25350,26350,7395091,194860647850,-0.566,756254,-425355,-307957,-228294,37658,-3281,8013,0,-122383,-23811,869,330
2025-03-10,26300,26600,25650,26250,6310178,165642172500,-0.3795,887543,-81197,-762619,-304981,-74093,-225740,124,0,-157943,-45396,1669,14
2025-03-11,25150,25700,24650,25550,8281822,211600552100,-2.6667,546682,199050,-676023,-138616,-71567,-36615,-9970,-1649,-416908,-72067,2358,-698
2025-03-12,26050,26950,25800,26250,9482846,248924707500,2.7397,-16444,74413,-120798,-44400,38978,7260,30404,-1485,-151557,26163,36666,2
2025-03-13,26350,27150,25850,25850,9559895,247123285750,-1.5238,1592486,-929754,-656352,-194210,94130,-3831,49907,0,-625359,3119,-9499,23011
2025-03-14,26400,27100,26000,26750,11307695,302480841250,3.4816,-483965,373672,229915,101978,16950,37689,50670,5000,40631,-117983,-1639,-23003
2025-03-17,27100,27100,25550,25600,12152675,311108480000,-4.2991,2908994,-2068398,-1023944,-55587,-269420,-124560,2147,0,-576138,181250,2098,-386
2025-03-18,25300,26200,24750,25800,9464041,244172257800,0.7812,-112145,31152,181980,137203,-12889,15256,11029,-11443,42822,-102472,1485,2
2025-03-19,26050,27400,26000,26600,15416506,410079059600,3.1008,-916324,405568,529164,176083,61593,180845,26760,0,84885,-3190,-15218,-1002
2025-03-20,27050,27100,25450,25500,7791782,198690441000,-4.1353,1598128,-1349831,-158150,-127329,-10896,-76076,16973,0,-1623,-91864,1717,40801
2025-03-21,25250,27650,25250,27000,16078140,434109780000,5.8824,-2345996,1630528,520823,398969,35811,102107,2420,0,-21287,210156,-15511,2803
2025-03-24,27000,27150,26500,26600,3809578,101334774800,-1.4815,600155,-557513,-62770,-74434,-5005,14558,4684,0,-7688,-341,20469,5115
2025-03-25,27000,27750,26350,26550,6096858,161871579900,-0.188,513164,-541730,67425,-21497,33275,4266,455,0,50964,-27003,-11856,-38
2025-03-26,26700,27050,25700,25750,4072877,104876582750,-3.0132,653981,-458788,-211583,-173645,-12232,-29961,-45031,0,14474,11010,5380,34812
2025-03-27,25400,25850,25000,25050,3399033,85145776650,-2.7184,7197,30153,-33606,57304,-36828,-27213,9618,0,-36491,268,-4012,4
2025-03-28,24700,25050,24100,24350,4248520,103451462000,-2.7944,-472047,555594,-87366,24392,-56356,-49138,-42872,-609,34406,-959,4778,2811
2025-03-31,23450,23850,23300,23450,4304162,100932598900,-3.6961,-312072,573686,-110226,-75446,-20562,-28327,-120400,-2000,126509,-150026,-1362,10000
2025-04-01,23700,24350,23700,23850,3603990,85955161500,1.7058,175693,279151,-445646,-468115,12021,16009,-18828,4008,-70742,-13565,4367,80001
2025-04-02,24150,24700,23650,23950,3804949,91128528550,0.4193,389055,80357,-476028,-176959,76726,-35551,3780,3319,-347540,4432,2184,197
2025-04-03,23050,23950,23000,23600,3317518,78293424800,-1.4614,600911,-491454,-136099,12826,6006,-21869,-2100,0,-131218,20523,6119,256
2025-04-04,23050,24250,22250,23050,9303071,214435786550,-2.3305,-969215,943199,70521,121059,-64103,-54995,-10802,-14952,94313,-31750,-12755,1
2025-04-07,21800,21950,20500,20650,6966945,143867414250,-10.4121,660455,-286998,-401668,-101465,-69456,-54916,-68059,-5340,-104432,22197,6014,2000
2025-04-08,21600,21600,20550,20750,4971559,103159849250,0.4843,183209,461627,-665957,-446871,-24723,27921,-16219,-8138,-185648,16468,4653,-12279
2025-04-09,20500,21100,19960,20150,4963918,100022947700,-2.8916,125716,416828,-486624,-384867,504,-13583,-30442,7400,-79672,-55142,-778,14036
2025-04-10,21950,22150,21400,22150,4519005,100095960750,9.9256,-155280,-742989,900271,157633,81083,47368,9065,463,604694,-223,-1779,-35
2025-04-11,21600,23400,21400,23400,4735671,110814701400,5.6433,-280694,20090,268585,66050,155849,38990,58967,5188,-56919,-5572,-2409,460
2025-04-14,23800,23850,22950,23350,3014484,70388201400,-0.2137,826582,-944011,132629,23117,93392,-2971,47959,0,-28868,-25577,10377,0
2025-04-15,23550,24350,23200,24100,3836499,92459625900,3.212,23424,-638764,528567,275939,127731,65349,42741,0,16807,95639,-8866,0
2025-04-16,24250,24250,23200,23350,3167471,73960447850,-3.112,229389,-306786,15463,193467,-149465,-10427,8556,0,-26669,56511,5423,1
2025-04-17,23250,24600,23250,24450,5611133,137192201850,4.7109,-459778,-300288,748850,271463,183571,93455,67626,0,132736,5761,5455,-1
2025-04-18,25250,26200,25000,25950,9342636,242441404200,6.135,-743647,-548242,1289501,709741,244932,47444,89022,0,192389,6984,-4596,5973
2025-04-21,26550,26600,25600,26050,5684586,148083465300,0.3854,714920,-651929,-22197,-170497,52026,221362,19284,0,-144372,-41486,692,0
2025-04-22,25600,26200,25550,25650,3763759,96540418350,-1.5355,315090,-87295,-215843,-83161,4987,30118,-11990,3816,-159613,-13384,1432,0
2025-04-23,26250,26250,25600,25750,3008282,77463261500,0.3899,339316,-235163,-116750,14842,-32068,-83174,4586,0,-20937,21575,-8978,1
2025-04-24,25750,26950,25700,26900,7151830,192384227000,4.466,-1864845,1242370,696659,239339,291640,169467,20466,446,-25884,-60786,-13398,1185
2025-04-25,27850,28000,27450,27900,6572442,183371131800,3.7175,-958039,601158,405445,68262,210731,-8465,-7332,20000,122250,-50812,2248,-1
2025-04-28,28250,28500,27650,28300,4927227,139440524100,1.4337,-618719,559459,107013,14972,22565,57304,17435,-5000,-264,-61825,14072,1
2025-04-29,28450,28950,28050,28900,5013948,144903097200,2.1201,-855678,715556,85366,18214,34461,33507,-14534,0,13716,55391,-635,2
2025-04-30,29350,29900,28400,28950,7230121,209312002950,0.173,35862,332149,-340515,-39640,-94169,21834,-2519,-20000,-206021,-18111,-9385,0
2025-05-02,29450,29500,27050,27700,11490437,318285104900,-4.3178,955397,-695670,-260636,196949,-70832,-72941,-17228,0,-266289,-4127,5036,-30295
2025-05-07,25150,27500,25150,27300,12312853,336140886900,-1.444,-3581436,2956041,801636,75718,44388,339916,25249,404,315184,-174053,-2188,777
2025-05-08,27450,28000,26650,27750,6334443,175780793250,1.6484,-222000,296747,-62118,95262,-27451,-52886,34551,-768,-110828,-19087,6458,2
2025-05-09,28050,28700,27600,27850,4958723,138100435550,0.3604,679258,-427120,-251703,-31360,-40511,-77654,9699,0,-111883,-412,-23,6
2025-05-12,28850,30150,28400,28800,13828502,398260857600,3.4111,-1465358,837795,540633,321971,56649,-6122,25985,0,142147,100429,-13499,3
2025-05-13,29150,29950,28450,29650,7723345,228997179250,2.9514,-840801,698781,125943,22602,77895,37784,-3661,15000,-23677,10879,5198,0
2025-05-14,30400,31450,30250,31300,14737537,461284908100,5.5649,-1823056,1100666,632490,114698,96985,102733,7148,0,314967,77543,12357,-4041
2025-05-15,31900,32750,31100,31950,9164026,292790630700,2.0767,-1408881,1411137,-5052,-97595,103630,5299,-28326,0,11937,-2032,4828,3
2025-05-16,32450,34750,31900,34300,17619218,604339177400,7.3552,-3639348,2748914,897824,261986,86370,168894,43672,307,341893,7843,-15233,-5298
2025-05-19,34900,35000,33750,34600,9332808,322915156800,0.8746,1523627,-1236712,-185244,-103633,4127,18208,-2725,0,-124852,-103037,1366,23631
2025-05-20,34450,37300,34350,37200,15739607,585513380400,7.5145,-2958854,3259867,121951,43196,-43645,19145,21202,-2796,81046,-479004,56040,3803
2025-05-21,38650,39300,37100,39100,17374970,679361327000,5.1075,-254203,1154484,-789000,-292365,-92035,-37125,-33742,5128,-339912,-22725,-88556,1051
2025-05-22,38500,39000,37600,38250,10239052,391643739000,-2.1739,1188871,-826272,-240487,1903,-45446,29106,-27114,-256,-198635,-106300,-15812,-45
2025-05-23,39850,41400,39300,40800,16382809,668418607200,6.6667,-204613,566215,-613262,-252032,1356,93052,-29361,-9646,-416161,265802,-14142,-470
2025-05-26,42800,42850,40150,41500,15784843,655070984500,1.7157,667667,-356218,-240528,147118,-57536,-13974,-57382,-467,-261169,-74216,3295,2882
2025-05-27,40800,42550,40550,42350,10536843,446235301050,2.0482,-1089277,973228,44520,174070,-57600,-93972,-16679,0,38789,105902,-34373,-88
2025-05-28,43300,43450,39100,39800,23906372,951473605600,-6.0213,-687771,1413509,-450336,-126790,-431412,-264211,-73010,0,458302,-260929,-14473,-13215
2025-05-29,40100,42400,39800,42200,14449764,609780040800,6.0302,-1840042,1366275,368386,36057,-41557,-54716,-6946,11612,423842,93831,11550,94
2025-05-30,41750,41750,39850,40350,12787928,515992894800,-4.3839,2615712,-1476221,-990174,-393366,-129705,-351813,-90720,328,-23329,-178626,29309,-1569
2025-06-02,39300,41850,39300,40950,10013882,410068467900,1.487,-1732882,1646310,226446,222703,-82058,5180,-5211,10937,75626,-121034,-18840,-731
2025-06-04,40900,42900,40750,42650,11387783,485688944950,4.1514,-1774299,1863937,-113969,-109630,-34260,-169414,-38645,-297,238918,22455,1876,-641
2025-06-05,45750,46250,43100,45900,20061143,920806463700,7.6202,-343341,548299,-395299,-128767,-24419,119382,-39191,17119,-332669,192649,-2308,-6754
2025-06-09,47200,48200,46100,47500,12678443,602226042500,3.4858,1732293,-1433902,-380255,-330061,50057,189414,-41322,31630,-279254,69441,12423,-719
2025-06-10,47550,48500,45800,48000,12176419,584468112000,1.0526,-180462,-354745,472823,-11832,121981,346123,-23383,-1121,42550,59749,2635,-1495
2025-06-11,47950,51600,47450,51100,14201108,725676618800,6.4583,-1504170,1437196,43592,11715,-43979,-78565,-13468,-44,172181,37736,-14354,-4248
2025-06-12,54300,56300,53000,54600,16430444,897102242400,6.8493,2356963,-2020272,-356516,75481,126365,-1137,-5124,4291,-556488,20663,-838,96
2025-06-13,55300,55400,52400,54600,14943904,815937158400,0.0,2448885,-2410873,-131302,301509,-301468,7939,11452,-1119,-146486,75597,17693,-3129
2025-06-16,55500,59800,54200,59600,14476095,862775262000,9.1575,2125451,-2412582,102663,4970,-78856,-12186,458,-8180,203766,197416,-12948,-7309
2025-06-17,62500,63200,56500,59400,23039564,1368550101600,-0.3356,5923498,-4441256,-1507874,-536250,-610454,-164627,-34506,-10146,-143816,-4736,30368,-8075
2025-06-18,58900,62300,57700,61000,14495257,884210677000,2.6936,1302616,-1419139,20311,118210,-42619,-69798,-29753,4113,28936,89124,7088,11222
2025-06-19,60500,61500,59200,61000,7994191,487645651000,0.0,217986,-375805,126787,10195,24077,-82375,-9329,1400,182108,32382,-1350,711
2025-06-20,60200,61000,58200,60200,10039131,604355686200,-1.3115,-333160,624226,-180064,-147282,-17596,-32578,-10323,-3148,43209,-121175,10173,-12346
2025-06-23,59100,69400,59100,68600,28367599,1946017291400,13.9535,-3733514,2728396,985906,-13122,92034,509483,-13070,2614,409289,-18749,37961,-1322
2025-06-24,70600,71400,67000,68900,13780632,949485544800,0.4373,2406239,-1997170,-431918,-372081,44132,-6359,-40887,3667,-56208,11657,11192,-4182
2025-06-25,68400,69300,64200,65800,11308003,744066597400,-4.4993,1419479,-1054514,-449216,-229926,-131535,-82257,-31379,-4066,29631,80939,3312,316
2025-06-26,63800,67100,62500,64700,13499836,873439389200,-1.6717,318263,-99613,-414999,-86847,-69080,-202116,3131,-2249,-43895,190126,6223,-13943
2025-06-27,64300,66500,63800,65800,7601019,500147050200,1.7002,-1301424,578230,621461,99708,29997,141032,32,46,350620,99480,2253,26
2025-06-30,70400,72200,66800,68400,12295863,841037029200,3.9514,1237207,-829708,-376481,-336216,33132,-47727,-26550,-14292,20336,-38415,7397,-5164
2025-07-01,67800,69300,61700,62500,14134978,883436125000,-8.6257,1326584,144881,-1332036,-457971,-260653,-404968,-64708,-1368,61210,-146472,7043,-203578
2025-07-02,62300,63000,59500,61600,12016774,740233278400,-1.44,647012,-287252,-383228,-321780,-139428,-25008,-40255,17629,126931,23797,-329,-1317
2025-07-03,63100,64100,61300,61900,6984206,432322351400,0.487,636134,-758914,63097,61095,-62768,-93853,-3561,-8873,171628,53404,6279,-571
2025-07-04,61500,64000,59800,60000,7881195,472871700000,-3.0695,460452,388468,-760001,-521049,-55411,-68559,-4152,-8000,-102438,-87512,-1407,-392
2025-07-07,58900,63500,58600,62900,9074725,570800202500,4.8333,-669657,243732,313425,32887,92727,51565,20537,0,115290,111035,1465,419
2025-07-08,63700,66800,62900,66600,10035127,668339458200,5.8824,-567627,56707,332783,44494,70386,146910,4202,16000,50788,187622,-9485,3
2025-07-09,67100,67100,64100,64400,6921230,445727212000,-3.3033,1845296,-1635750,-299216,-232233,-19433,6816,-6171,0,-48190,77299,12371,-5
2025-07-10,65200,65300,62500,63100,7153224,451368434400,-2.0186,1285055,-622433,-638542,23596,47834,-96506,-13298,0,-593278,-33730,9650,-6890
2025-07-11,63500,63700,60500,60500,7581825,458700412500,-4.1204,1223870,-714627,-463567,-84840,-107288,-195314,-36323,-16000,-24271,-52281,6605,469
2025-07-14,60800,63000,59000,60200,7522323,452843844600,-0.4959,-42782,458551,-295732,-57153,-77947,-171035,-23136,16290,-66270,-120057,20,83519
2025-07-15,62400,65300,61100,65300,12238170,799152501000,8.4718,-1622847,907191,570577,117047,104658,277471,3553,-16290,166340,155298,-10219,-82202
2025-07-16,64800,65100,62900,63600,6041772,384256699200,-2.6034,594699,-293403,-208679,66469,54431,-278046,-3640,862,-102077,-101530,8913,53322
2025-07-17,64900,65500,62600,63300,5721579,362175950700,-0.4717,451149,-471316,22574,-116124,40614,-10090,10970,0,97203,-8856,6449,1
2025-07-18,63700,65000,62600,64800,5840366,378455716800,2.3697,-822663,464939,195652,-39410,14659,71626,4471,0,144152,165035,-2963,154
2025-07-21,65800,68500,64700,68400,12003142,821014912800,5.5556,-2851476,1443530,1534831,267082,153319,667948,19750,0,425463,-123190,-3695,1269
2025-07-22,67000,67000,62500,62600,12619813,790000293800,-8.4795,6008557,-3616186,-2110394,-387558,-130301,-840325,7165,-602,-754925,-273618,-8359,-3848
2025-07-23,63400,64100,62400,63400,4609170,292221378000,1.278,150836,-445029,319723,163495,37014,-29647,4832,-1991,146017,-25453,-77,3
2025-07-24,65500,67100,64800,65400,8285648,541881379200,3.1546,-2142308,1474755,690234,24995,88137,169083,7205,-935,402157,-16355,-6326,-408
2025-07-25,65900,66700,64000,65900,6428969,423669057100,0.7645,-1232855,320260,940385,240592,141331,49970,13646,0,495051,-27430,-360,-205
2025-07-28,65100,65200,62600,63500,6552841,416105403500,-3.6419,2078977,-1851915,-266054,-106917,23826,-37645,2402,0,-147119,28125,10867,-601
2025-07-29,63800,65400,62300,65100,6058820,394429182000,2.5197,-1190830,772809,428005,120790,3641,52873,18598,2114,229853,-7170,-2814,136
2025-07-30,64400,64700,63500,63700,3994493,254449204100,-2.1505,753953,-649680,-183346,-29379,-16996,-37211,-5109,-1500,-56430,72915,6158,-36721
2025-07-31,64900,66800,63600,65600,10172066,667287529600,2.9827,-1176492,753844,390520,83289,28356,70660,5773,8000,195187,31455,673,-745
2025-08-01,64900,65200,60900,61400,9805226,602040876400,-6.4024,4522658,-3001384,-1460273,-265969,-230095,-222529,-5609,-24198,-712371,-80009,19008,498
2025-08-04,61200,64900,61100,64300,7644885,491566105500,4.7231,-3284572,2480051,662960,119107,18994,73230,11113,0,439883,146606,-5045,633
2025-08-05,65100,65800,64000,64800,4234409,274389703200,0.7776,-509580,693682,39270,-24403,526,-19321,33834,3323,45311,-222774,-598,0
2025-08-06,65400,66900,64800,66300,7621974,505336876200,2.3148,-1722246,1221816,453313,75831,43421,33167,29362,8045,263486,51446,-4329,1
2025-08-07,66300,67800,65100,65400,7028428,459659191200,-1.3575,151066,-237445,144635,84283,5143,-11436,43440,0,26252,-66015,7759,-3047
2025-08-08,65800,66500,64700,66400,3430734,227800737600,1.5291,-926362,543127,427590,10286,89115,274979,11437,7,41238,-43754,-601,528
2025-08-11,66900,70000,66600,69400,12119383,841085180200,4.5181,-2569676,2054276,395640,20617,155406,286252,19640,-15973,-71002,130837,-11077,700
2025-08-12,70000,70600,65100,65500,11456932,750429046000,-5.6196,3776581,-3324192,-342736,104472,13615,-356,-2598,-3379,-455142,-116617,6964,652
2025-08-13,66900,67000,65200,66500,3751147,249451275500,1.5267,-115853,-155460,242899,56226,48268,154103,13522,73,-34294,28943,-529,5001
2025-08-14,66100,66400,64400,65500,4562288,298829864000,-1.5038,607941,-210041,-391645,-50864,616,-125446,16934,0,-235373,-11167,4912,2488
2025-08-18,65300,66800,64900,65100,3325497,216489854700,-0.6107,533323,-403167,-117135,12436,11607,-141234,162,16,-123,-14291,1270,1
2025-08-19,62700,63800,59500,59500,11588978,689544191000,-8.6022,1293434,-811181,-389417,-138140,-155548,-4766,-44802,-7815,-29111,-101546,8710,-9235
2025-08-20,54300,58300,51100,57400,27973111,1605656571400,-3.5294,1132709,-1124063,-181449,-149561,-290813,-42532,-69756,-4613,367487,160899,11904,8339
2025-08-21,58200,63300,57200,61500,18858670,1159808205000,7.1429,-1388020,-146306,1524039,401695,201110,758532,58426,-155,94399,22121,-11834,10032
2025-08-22,62800,63000,61500,62200,6049757,376294885400,1.1382,472012,-464018,-44484,-92290,29364,-21529,9900,753,29034,37005,-515,284
2025-08-25,63800,66200,62700,65900,9091500,599129850000,5.9486,-2221060,1630893,637325,-29509,15422,445379,-348,15,206366,-74764,27606,0
2025-08-26,64400,64500,62500,63300,8035078,508620437400,-3.9454,2124127,-1541284,-610481,-70120,-13597,-415218,-2464,3394,-112629,21113,6525,153
2025-08-27,64000,64800,62700,63100,5128958,323637249800,-0.316,-245579,157037,63751,42863,18570,-203754,-7235,446,212371,26260,-1469,490
2025-08-28,63100,63600,62500,62900,3239392,203757756800,-0.317,163081,61728,-249854,-33943,22683,-463310,5259,0,219457,23188,1857,0
2025-08-29,63100,63300,61500,61700,4054284,250149322800,-1.9078,258731,-55195,-116474,-67225,-42820,25614,-34904,155,2537,-90216,3154,169
2025-09-01,60800,62700,59100,59600,5716620,340710552000,-3.4036,804806,40383,-810689,-133534,-182806,-329738,-8018,8,-150625,-37648,3148,-5976
2025-09-02,60500,61300,59600,60400,2966108,179152923200,1.3423,365630,-158376,-215093,101312,-72248,-112187,2654,-5335,-129289,10443,-2604,0
2025-09-03,61300,63100,61200,62400,5684184,354693081600,3.3113,-417188,171326,240302,63040,86996,-37284,9384,19,117783,6105,-545,364
2025-09-04,63800,64500,62400,62800,5423711,340609050800,0.641,-522250,336457,145974,26282,97752,38679,-1058,37500,-53169,41060,-1241,-12
2025-09-05,62500,62600,61400,61800,2993213,184980563400,-1.5924,599680,-352276,-264211,36694,-150350,-152955,3767,-7500,5927,15139,1668,206
2025-09-08,61200,61400,60500,60900,2969015,180813013500,-1.4563,947514,-558097,-401559,-145861,-66211,-157560,-826,1017,-32433,7626,4516,315
2025-09-09,61100,62700,60200,62200,4166491,259155740200,2.1346,-456825,389061,49174,136298,-81173,-66741,-8872,2000,68163,16261,2329,-501
2025-09-10,62500,63100,61700,62600,4417144,276513214400,0.6431,-629175,353919,346530,2895,19792,-9496,13667,7000,312719,-37437,-33837,-47
2025-09-11,62700,62800,60700,61000,5153511,314364171000,-2.5559,300171,-5578,-293891,-181987,-33355,-82972,-26194,2032,28607,-5715,5013,-22
2025-09-12,59900,61000,58400,61000,6545777,399292397000,0.0,-1192509,1388513,-142579,4564,-96444,-110968,-40037,271,94984,-58304,4879,5051
2025-09-15,60500,60700,58600,58800,6290788,369898334400,-3.6066,2300302,-1148624,-1150826,-207968,-382406,-223573,-72685,797,-267175,-8178,7326,2184
2025-09-16,60100,63500,59900,63300,10211386,646380733800,7.6531,-5299127,4425861,883537,150051,-79268,196455,1832,952,616815,10123,-20394,-3300
2025-09-17,62200,62200,60800,61300,4251068,260590468400,-3.1596,879684,-637457,-317632,-32452,-17205,-40936,-13746,2024,-215490,71042,4363,173
2025-09-18,62400,62500,60600,60600,4347323,263447773800,-1.1419,2132074,-1771614,-333858,-59188,-46412,9709,-11168,56,-225575,-30820,4218,-1280
2025-09-19,61900,63300,60600,60800,4819288,293012710400,0.33,555422,-614499,43039,35399,5655,6750,-5160,2000,-1805,16383,-345,200
2025-09-22,63000,64200,62200,62400,6830285,426209784000,2.6316,-2189629,1462152,732615,247387,102388,59240,-40374,6468,357667,-34350,29212,-161
2025-09-23,62000,64400,61800,63100,7614160,480453496000,1.1218,-2508203,1375825,1125728,183517,164410,160904,26402,5018,576694,21564,-14914,8783
2025-09-24,63400,66400,63300,65900,12114101,798319255900,4.4374,-2967994,1645051,1291867,274252,124434,123429,58474,843,709102,28062,3014,1333
2025-09-25,67000,67000,63500,64000,7602443,486556352000,-2.8832,1429673,-1697262,237701,-102108,167258,301501,14250,-2592,-140774,17198,12690,166
2025-09-26,63500,64300,62100,63100,5541302,349656156200,-1.4062,388130,-630312,204160,76385,108422,24846,5368,-21985,8612,35071,2951,2512
2025-09-29,62700,64200,62100,62900,3647678,229438946200,-0.317,-274201,118747,-28828,-50333,45051,53717,13284,-19421,-71502,171169,13113,376
2025-09-30,62900,62900,61900,62700,3606043,226098896100,-0.318,211363,-166285,61549,-40220,2011,292635,-1948,118,-191135,-102344,-4283,88
2025-10-01,62700,65600,62700,64600,6938399,448220575400,3.0303,-2980123,1982992,784716,70127,110062,415181,36674,722,150098,222272,-9857,1852
2025-10-02,65200,66300,63800,64800,6999933,453595658400,0.3096,-930841,934972,-63920,142781,-44188,33526,2198,2750,-200991,66012,-6223,4
2025-10-10,66300,74800,66100,74500,19302308,1438021946000,14.9691,-6843353,5319578,1788210,306713,482078,444047,72682,9516,482987,-237258,-27177,-9813
2025-10-13,74900,78500,73400,77600,14272165,1107520004000,4.1611,510370,-1074494,431084,224682,364566,406840,17419,7937,-593766,131877,1163,3406
2025-10-14,79600,79700,74500,75800,12010193,910372629400,-2.3196,270877,328856,-627096,-98821,-288200,99390,-41268,-6462,-291238,18253,9110,-497
2025-10-15,77200,83100,76500,82900,11930455,989034719500,9.3668,-2329588,1713765,545082,89356,70554,90711,-5215,48,304603,78224,-7483,-4975
2025-10-16,84700,84700,82400,83700,7429581,621855929700,0.965,1302841,-878190,-404047,-9330,-27073,-181142,-31789,1143,-153056,-18870,-1734,-2800
2025-10-17,81200,83600,79800,80200,7348394,589341198800,-4.1816,1209811,-543758,-724288,-74298,-51216,-467839,-13129,-4294,-119690,49880,8355,6178
2025-10-20,82200,82300,79400,80300,4709983,378211634900,0.1247,854641,-646748,-229689,-70502,-87791,-155166,-25836,-209,113293,21877,-81,-3478
2025-10-21,81100,83800,79500,80000,7005242,560419360000,-0.3736,784383,-733421,-35995,-10663,-52120,-12216,-32222,3514,72777,-47222,32255,-5065
2025-10-22,78300,79100,77100,79000,4895634,386755086000,-1.25,784593,-331139,-471649,-123886,-126937,-235893,-20607,408,37325,14152,4043,-2059
2025-10-23,76600,77800,75500,76300,5543167,422943642100,-3.4177,1412268,-587743,-837327,-156194,-121304,-215449,-22691,-2003,-287290,4954,7848,-32396
2025-10-24,78300,81000,77400,80900,8095168,654899091200,6.0288,-716513,-432091,1111709,229846,75140,291214,4053,1077,510378,32766,4129,1
2025-10-27,82400,82800,80900,81900,4964095,406559380500,1.2361,101504,-534926,314905,9673,59725,139474,-24928,-11136,142403,118992,-475,-306
2025-10-28,83600,86500,82300,86400,9619982,831166444800,5.4945,-1376691,633720,685692,91268,68416,166001,-8028,-219,368253,65162,-7883,1
2025-10-29,90700,97400,90100,96400,16679002,1607855792800,11.5741,-2977286,2693701,315196,33985,-58575,-48669,-12590,5039,396145,-14938,-16673,-139
2025-10-30,93200,93700,89100,89700,10224579,917144736300,-6.9502,2893140,-2274400,-528055,24434,-84580,-15882,-20760,207,-430931,-104450,13765,-543
2025-10-31,90600,91200,88200,88700,5182993,459731479100,-1.1148,1403300,-1373416,-95810,-86500,4872,-40460,-9667,-2180,37154,62275,3651,971
2025-11-03,89500,90300,88700,89500,4163376,372622152000,0.9019,688532,-561771,-171785,9360,-70560,-99560,-20825,-7469,11201,48108,-3084,6068
2025-11-04,88300,91900,88100,89500,5250243,469896748500,0.0,282197,-321317,-33163,-11397,-8224,-22298,-11867,-3917,22994,69854,2429,1546
2025-11-05,86200,86500,79200,83600,12058956,1008128721600,-6.5922,2762780,-1880555,-811005,-122316,-147942,-240652,-41463,-13135,-246259,-75327,4107,762
2025-11-06,85700,87500,79000,79300,9627107,763429585100,-5.1435,2797519,-2044182,-827580,6065,-63049,-349597,-8722,1220,-411969,69096,5147,-1528
2025-11-07,76000,80900,75800,77900,8514588,663286405200,-1.7654,778108,-491402,-283614,-257131,-85164,-122689,16542,-20329,185963,-2689,-403,-806
2025-11-10,78700,80600,77300,79600,4562734,363193626400,2.1823,422381,-573067,131047,-11412,-53950,-25747,-10584,685,234010,19842,-203,-1955
2025-11-11,80000,80600,76900,78200,5045991,394596496200,-1.7588,222924,196534,-424340,-96492,-89270,-170715,-21989,43,-45823,19699,-14817,-94
2025-11-12,78900,79600,77800,78400,2934998,230103843200,0.2558,235536,758,-233683,-177247,-66166,-72787,-6750,151,88930,-301,-2310,186
2025-11-13,78900,83900,78600,83100,7945958,660309109800,5.9949,-874697,647707,216290,32261,-4915,31793,-5319,-30,163205,-15785,26485,-705
2025-11-14,80500,81400,78200,78400,6117065,479577896000,-5.6558,2634824,-1883056,-773345,-68217,-26494,-129316,-49731,174,-549278,10389,11188,49517
2025-11-17,79200,79900,78400,78800,2785151,219469898800,0.5102,769456,-255034,-455051,-68094,-75263,-172206,-5678,0,-132910,-17384,-41987,-900
2025-11-18,77100,79300,75000,75400,4481145,337878333000,-4.3147,156365,17170,-141994,29226,-42361,-49089,-11811,20050,-86746,-36018,4477,-1263
2025-11-19,77200,77500,72500,74400,4874642,362673364800,-1.3263,858071,-958558,58796,-28547,-11700,-9373,-14851,38,123284,53628,-11937,-55
2025-11-20,77100,79500,76500,77700,4284021,332868431700,4.4355,-200951,-162703,394349,64510,19136,80771,1979,760,224505,-34490,3795,2688
2025-11-21,73600,73900,72500,73100,3710469,271235283900,-5.9202,1398633,-1035172,-335015,-80752,-20981,14448,-9087,-668,-234409,-35431,6985,-3566
2025-11-24,74200,74500,71700,72500,4434839,321525827500,-0.8208,445911,-437191,-23419,-69515,-29380,-22982,-3267,6,101355,15782,-1083,364
2025-11-25,74500,75300,72800,73500,2759653,202834495500,1.3793,13442,60371,-103861,-25252,-65631,-5383,2550,40,-10170,23315,6733,-15
2025-11-26,74600,78400,74400,77700,4463298,346798254600,5.7143,-1356898,437936,862791,134225,169464,135614,10000,3098,408052,63177,-7006,2338
2025-11-27,79400,79900,77000,77600,3201206,248413585600,-0.1287,-94552,6304,14084,-80925,23472,5061,-2886,-900,70352,79647,-5483,-90
2025-11-28,77800,77800,76100,76400,2094782,160041344800,-1.5464,456792,-655784,186883,-142351,-4420,58465,-16336,0,291869,9514,2595,-344
2025-12-01,77400,77900,74600,74900,2242179,167939207100,-1.9634,465818,-232794,-216418,-7315,9105,-30089,-18949,0,-168880,-18918,2312,-290
2025-12-02,74600,76800,74200,75000,2978860,223414500000,0.1335,378721,-315697,-35807,42517,322,-114981,-11944,-56,48266,-30199,2982,69
2025-12-03,78000,78700,76200,78400,3892884,305202105600,4.5333,-474079,139465,323809,73234,52558,34994,7242,709,155098,18958,-8153,-26
2025-12-04,80600,81200,78000,79200,3902774,309099700800,1.0204,259119,-418994,106221,14903,41712,42115,18731,6,-11778,56001,-2347,532
2025-12-05,79600,80700,78400,80400,3813990,306644796000,1.5152,-1110492,368968,706022,47234,73651,97786,1813,-2273,488142,39256,-3754,-331
2025-12-08,78100,78100,76300,76800,5826257,447456537600,-4.4776,1486750,-752412,-699593,-135287,-27128,-90270,-4973,0,-441630,-48319,13574,-305
2025-12-09,76700,77900,75300,76700,2739253,210100705100,-0.1302,-37673,-71304,26958,-19857,-10681,-7345,-4781,0,70337,78121,3898,-715
2025-12-10,76700,78100,76400,76800,2489211,191171404800,0.1304,-145648,42908,82565,-10812,-14388,-13198,-24846,0,145900,9789,10386,-91
2025-12-11,78000,79200,77100,77300,4672243,361164383900,0.651,-187881,107231,33937,-16309,-113105,-1306,-26212,-1789,193099,44823,1890,-441
2025-12-12,78700,80400,77600,79700,5474020,436279394000,3.1048,-1227399,128267,1207347,-4822,7304,482343,-7571,0,730094,-107141,-1074,-1
2025-12-15,76800,77600,76100,77100,4304510,331877721000,-3.2622,1855586,-967950,-872759,-11790,-51859,-159792,-11499,0,-637819,-23408,8531,0
2025-12-16,77100,79000,73400,77300,7621947,589176503100,0.2594,425538,-363287,1237,-108728,-148730,624674,-21433,0,-344546,-58421,-5067,0
2025-12-17,78100,78500,74800,75500,3971897,299878223500,-2.3286,714121,-336506,-438883,-106853,-120552,-163720,-7727,-2605,-37726,59774,1494,300
2025-12-18,74400,75900,72600,74500,3102027,231101011500,-1.3245,647966,-337902,-317570,-39897,3015,-39416,-3626,0,-237646,3351,4155,0
2025-12-19,75700,77600,74800,77400,3687392,285404140800,3.8926,-630557,267388,424829,-57988,8438,7097,-22593,-32,489594,-58383,-3277,313
2025-12-22,79400,80100,77700,78000,4089864,319009392000,0.7752,-364481,-100511,460969,55633,20973,-813,-7027,1998,390105,4539,-516,100
2025-12-23,78600,79000,77500,77600,2742514,212819086400,-0.5128,-267534,90431,214202,106756,-6024,-28553,5437,2491,134957,-37819,720,-862
2025-12-24,77900,78000,75800,75900,2536166,192494999400,-2.1907,162718,-87326,-65442,-39037,-13756,-37220,9550,2396,13299,-10169,219,-674
2025-12-26,75900,75900,73500,73600,5247445,386211952000,-3.0303,239895,-555719,-340311,-144852,-54374,-83663,-6034,-10879,-27110,638418,17717,-13399
2025-12-29,74400,76500,73800,76500,3657688,279813132000,3.9402,193288,644536,-145205,14163,-31810,-60750,-6437,28,-60400,-685934,-6685,1
2025-12-30,75600,77700,75100,75300,2834603,213445605900,-1.5686,430235,-197735,-131606,-86691,-121867,-11949,2607,25,87107,-99794,-1100,-838
2026-01-02,75800,76200,74600,75200,2800553,210601585600,-0.1328,274336,-20310,-228208,-54026,-45092,-10427,-18503,607,-100769,-24340,-1478,2
2026-01-05,76600,83300,76500,83200,15125707,1258458822400,10.6383,-4146599,3462873,770972,85245,19283,170942,4925,12217,487122,-70945,-16301,-8762
2026-01-06,86000,86100,81900,85900,9538963,819396921700,3.2452,-107979,-217656,250261,131846,126981,164524,16930,81,-190257,85811,-10437,156
2026-01-07,85000,86900,83200,84000,6931439,582240876000,-2.2119,-236145,248246,-12261,-32150,-19635,21849,-18199,103,36746,-3805,3965,-975
2026-01-08,85000,86000,83300,83700,4745395,397189561500,-0.3571,618374,-57037,-550411,57538,-1129,-31337,20337,40,-595505,-8833,-2093,-355
2026-01-09,84900,87300,83300,84200,5124556,431487615200,0.5974,78320,-270150,189488,-69085,-78605,50540,9126,103,277226,4743,-2401,183
2026-01-12,87700,90400,86200,88100,11400912,1004420347200,4.6318,-544688,565244,-11082,55639,63055,-155930,-12136,100,47339,-13963,4489,-9149
2026-01-13,88000,88100,85500,87000,5385770,468561990000,-1.2486,978652,-755092,-202865,-19201,-44743,9090,-24685,223,-123597,6613,-27308,48
2026-01-14,88000,90800,86500,89600,11558755,1035664448000,2.9885,-1951318,1392285,544907,114027,25253,49130,12090,-225,344625,20183,-6057,7
2026-01-15,90000,90100,88400,89500,4591674,410954823000,-0.1116,12598,-186540,140053,4776,-33148,18100,-2270,-936,152940,31304,2585,591
2026-01-16,90100,96400,89900,95300,17969737,1712515936100,6.4804,-4963188,4558539,445802,-7900,56751,125045,-7900,-7442,297192,-31549,-9604,-9944
2026-01-19,97000,97000,93700,95400,8509605,811816317000,0.1049,1238261,-969477,-289207,-84362,-24635,34345,-6078,18,-205679,13046,7377,-2816
2026-01-20,96100,98100,92500,95300,10795773,1028837166900,-0.1048,406052,-64139,-319171,-178977,-9495,-29724,-18062,169,-83134,-21120,-1622,52
2026-01-21,91500,92900,90200,91300,7923831,723445770300,-4.1973,669228,-321870,-280491,-44239,6121,-34522,-12441,525,-192038,-67293,426,-3897
2026-01-22,94100,95700,89500,90000,8033403,723006270000,-1.4239,459252,70066,-573800,-64707,-50800,-92438,-38689,-823,-325917,46068,-1586,-426
2026-01-23,90800,94900,90000,93300,8194841,764578665300,3.6667,-2431862,1839473,603028,62491,-27228,590,-4813,-110,581286,-1605,-9034,-9188
2026-01-26,94600,94600,91100,91800,5800785,532512063000,-1.6077,1561358,-1032053,-540779,-90755,-34574,-38230,-3324,-310,-378970,8044,3430,5384
2026-01-27,96000,96200,92700,93600,6846342,640817611200,1.9608,699915,-678721,-71735,10532,-8949,-5776,-14577,971,-49963,46962,3579,-3973
2026-01-28,94100,94200,91200,92000,6937694,638267848000,-1.7094,1838151,-1420217,-459675,-117762,-79493,17451,-48361,4357,-237390,34812,6929,1523
2026-01-29,92400,95600,92400,94000,10185321,957420174000,2.1739,-2484036,1843840,695593,148268,3438,-7897,-16251,60,548364,-37012,-18385,19611
2026-01-30,93000,94000,90400,90600,6970845,631558557000,-3.617,2677312,-1891362,-766853,-141687,-97982,-110480,-27457,-1306,-387851,-22068,2971,-90
2026-02-02,87800,91400,85400,86200,6823888,588219145600,-4.8565,964950,-152877,-818957,-81183,-100123,41555,-5676,-246,-672986,245,6639,-298
2026-02-03,88300,91200,87300,91200,4647177,423822542400,5.8005,-1230321,1029897,188154,82481,21732,-25230,-23751,3525,129273,11872,398,124
2026-02-04,94400,96700,92100,96500,12423583,1198875759500,5.8114,-4358328,3559372,893268,8650,50028,43294,-1653,1176,791773,-72703,-21609,0
2026-02-05,94000,96100,90300,90600,7594510,688062606000,-6.114,3269887,-2217988,-1099636,-230124,47249,-28459,-3040,2151,-887416,36646,11091,3
2026-02-06,88300,89500,85200,89000,5838705,519644745000,-1.766,1278893,-1396139,46790,5271,-745,63208,-1724,239,-19462,67576,2880,3
2026-02-09,93100,96900,91800,95400,9843507,939070567800,7.191,-4006863,2984279,1121432,74609,78264,16932,24707,19873,915048,-78080,-20768,-8001
2026-02-10,95100,95400,93300,94100,3956141,372272868100,-1.3627,-174287,287022,-132874,-79601,-22565,-94771,595,242,62265,18770,1369,961
2026-02-11,95400,96500,94000,95500,5915111,564893100500,1.4878,-1072015,1071902,25315,-32093,-1112,4065,14654,-691,50490,-21766,-3436,-9998
2026-02-12,94700,95500,92300,95500,6335775,605066512500,0.0,1103257,-1619317,530074,17238,-135905,-6448,-33472,-4215,690884,-16857,2843,1992
2026-02-13,94000,99900,93700,96700,17459913,1688373587100,1.2565,-3037497,2432542,585901,53839,-35342,60331,-9008,-800,517621,37965,-18911,-740
2026-02-19,100500,100600,98300,98400,5026177,494575816800,1.758,825711,-682524,-106103,-44509,-16885,-14769,32882,286,-63610,-40012,2928,502
2026-02-20,99200,106800,98400,103500,12069557,1249199149500,5.1829,-2686467,2084866,574720,144764,-4117,23865,-1162,4789,406578,11835,15046,3
2026-02-23,105300,105300,101000,102000,5545186,565608972000,-1.4493,1081075,-666527,-396948,-157351,-67961,-18900,-28412,-9944,-114355,-23081,5481,-25
2026-02-24,101800,102700,99100,101300,3886617,393714302100,-0.6863,397409,-428357,12276,-115329,-55031,-8005,-4864,-19949,215447,14693,3979,7
2026-02-25,102300,104200,101400,103200,4216954,435189652800,1.8756,-773089,532443,271167,62230,37341,30276,-14750,4806,151269,-26789,-3732,-5
2026-02-26,104100,104500,102600,103800,4153497,431132988600,0.5814,-75515,250187,-176230,-116455,-62404,-29416,-28602,15,60498,24171,-22613,134
2026-02-27,105500,110200,105500,106300,8296804,881950265200,2.4085,-934358,845257,61402,-55510,-5841,67581,-12631,-1921,69691,30815,-3116,33
2026-03-03,104700,106200,96700,96900,7514576,728162414400,-8.8429,1034389,-590394,-475620,-22560,-17640,-66592,6044,-1906,-373029,27435,4190,63
2026-03-04,91300,93300,79000,80600,13364978,1077217226800,-16.8215,248175,190856,-430989,-85760,-4979,62865,-29524,-381,-381332,-13508,5466,8122
2026-03-05,91000,93200,89100,90500,6781072,613687016000,12.2829,1069169,-752139,-344419,36534,-13104,8013,-2453,278,-384912,24459,2930,11225
2026-03-06,88600,98200,88600,98000,7901291,774326518000,8.2873,-262344,190702,42618,-4886,66503,98171,-6242,153,-110977,31876,-2852,-104
2026-03-09,98600,99700,91500,96200,7957034,765466670800,-1.8367,2273153,-1955695,-337110,13919,47467,129153,6556,-16,-533869,13624,6028,-320
2026-03-10,100300,104900,99900,102500,10814168,1108452220000,6.5489,-3916191,3039444,905643,196640,115727,153394,28550,2625,407659,-19620,-9276,1048
2026-03-11,103800,104500,99200,101000,6103321,616435421000,-1.4634,26956,-81449,71438,1706,-1185,-68124,-11095,47,150185,-15151,-1794,-96
2026-03-12,101000,104600,101000,103500,4875165,504579577500,2.4752,-1189430,775414,451503,67829,84554,86129,9459,-90,201121,-34369,-3118,2501
2026-03-13,100700,108500,100700,106500,9435079,1004835913500,2.8986,-2009002,831694,1135195,36206,1590472,147747,5725,4107,-649265,44007,-1894,203
2026-03-16,108000,110700,105000,105700,5817407,614899919900,-0.7512,395615,-428280,35030,84983,67113,-27056,54273,5,-144649,-6928,4563,361
2026-03-17,107100,107200,104400,104400,3105960,324262224000,-1.2299,533065,-385317,-150069,17626,-28547,-53448,-9938,-78,-75671,1585,736,-13
2026-03-18,106800,108600,106500,107300,4134308,443611248400,2.7778,-1666000,1206332,463237,8177,-22757,28053,-10283,46,464999,65,-3634,-4998
2026-03-19,105100,108500,105000,106300,3330546,354037039800,-0.932,-339759,315985,13139,29014,13913,1101,-1795,-199,-28898,14188,-3553,3
2026-03-20,107500,112100,105600,109600,8066734,884114046400,3.1044,-2060316,1434158,687674,106282,54381,92748,4508,-1069,431972,-52084,-9432,-1148
2026-03-23,107100,107200,100400,100700,6026425,606860997500,-8.1204,2655156,-1779533,-862965,-106906,-51429,-144038,-17736,227,-544586,-21060,8402,1503
2026-03-24,105700,106800,97200,100100,5096704,510180070400,-0.5958,1321838,-902064,-418833,-72941,-33171,-168902,-5493,257,-139287,-6493,5552,704
2026-03-25,102400,104800,101300,102600,3200148,328335184800,2.4975,-977163,574114,395062,40035,9348,28571,-3003,-230,321038,9008,-1021,-697
2026-03-26,103000,104200,99600,100900,2606678,263013810200,-1.6569,-258873,207318,66557,-20619,7459,-40753,-1335,347,121456,-15056,54,2
2026-03-27,97700,99200,95100,98100,3549743,348229788300,-2.775,1043918,-697705,-355858,-74630,-44373,-36009,-7786,3305,-195830,9232,413,-535
2026-03-30,93000,94500,91400,94200,2828606,266454685200,-3.9755,3330,-79229,74117,28192,-50690,-31088,14671,-6652,119682,420,1362,2
2026-03-31,94900,95900,91100,91800,4215936,387022924800,-2.5478,186061,-521069,320291,75382,20234,-5981,6461,709,223484,13693,1024,2
2026-04-01,97800,100400,96000,99600,3416180,340251528000,8.4967,-1359632,552352,829550,6584,63580,90184,-2736,1406,667538,-15210,-7060,2994
2026-04-02,100500,101400,92500,93600,5180190,484865784000,-6.0241,279516,-34578,-384371,-11317,-129437,-79248,-3783,-1749,-158839,136036,3397,2
2026-04-03,96200,97400,95300,96600,2522536,243676977600,3.2051,-634689,4550,-19881,-29326,6088,25608,-3358,-11,17923,653131,-3111,-36805
2026-04-06,96500,99000,95500,95700,2040458,195271830600,-0.9317,146119,-222824,-67165,-22668,-18009,-5417,1796,-14981,-7884,143509,361,-2
2026-04-07,96900,97700,94000,94900,2102382,199516051800,-0.8359,148646,71299,-221439,-32666,-15057,-24199,-1864,-5,-147649,-310,1804,1
2026-04-08,99200,101700,99200,101200,4010457,405858248400,6.6386,-1670414,1156798,526223,-48982,-31527,75367,-12035,-20143,564480,-4254,-8353,-937
2026-04-09,100100,101700,99500,100000,2195437,219543700000,-1.1858,-399312,520300,-186499,42315,-83718,-6164,1924,-617,-140871,65568,-57,632
2026-04-10,101200,101200,99500,100200,2785465,279103593000,0.2,-236667,-502944,698347,-9424,829933,-13189,-5459,-744,-102587,45195,-3931,-183
2026-04-13,97900,99300,96700,99300,1746075,173385247500,-0.8982,-262583,155426,-350,75742,37284,-7660,-3463,21,-102002,112946,-5439,-272
2026-04-14,100800,101300,99600,99700,1937143,193133157100,0.4028,-172065,-13942,97478,-59124,-8769,344,-10266,-1372,176668,90441,-1912,-3
2026-04-15,101900,105700,101600,104200,5470474,570023390800,4.5135,-2561629,1924066,653125,94835,45558,78766,3382,-2389,433320,-6091,-9471,-347
2026-04-16,107800,112000,106500,110800,8123993,900138424400,6.334,-3353560,2876086,582894,66480,26202,79148,16450,-3466,398118,-90380,-15040,-38
2026-04-17,111600,111800,107300,108500,3591052,389629142000,-2.0758,878212,-832457,-16699,-46649,-28578,-3298,3141,57,57843,-32341,3285,785
2026-04-20,109200,114700,108600,111000,5644556,626545716000,2.3041,-1162418,956642,269209,-47504,48840,98612,-8263,-2,178415,-57095,-6338,-889
2026-04-21,113500,116400,112600,115700,4773848,552334213600,4.2342,-1149190,1028191,122126,38770,20092,45222,-11132,5989,22785,1744,-2871,400
2026-04-22,115000,116800,112000,115900,3779530,438047527000,0.1729,396561,-268679,-127919,21752,70136,-66458,1033,4977,-159356,520,-483,-3
2026-04-23,119600,123900,118100,122600,8119024,995392342400,5.7808,-1786860,2012859,-177794,8648,21645,-40611,-7786,-328,-159177,-46324,-1881,-185
2026-04-24,123000,127950,122600,127100,5682618,722260747800,3.6705,-1134974,745574,389997,32002,23058,-14938,-2607,6006,346314,5929,-6526,162
2026-04-27,130300,130300,125600,128900,3984476,513598956400,1.4162,344911,-359309,-23032,31356,-9254,-48476,-10574,-409,14124,35462,1968,201
2026-04-28,128400,129400,126300,127800,3191190,407834082000,-0.8534,30742,165569,-196508,-91358,-33768,-34844,-16250,-6701,-12796,-2428,2625,-791
2026-04-29,126200,131100,126200,129200,3292329,425368906800,1.0955,-602732,234366,368006,-13415,54423,271902,-436,-773,57381,-2783,3143,-1076
2026-04-30,129800,129900,126000,127100,3380571,429670574100,-1.6254,73652,-61706,1155,66861,62570,-281749,-2020,-2182,158486,-14209,1108,-811
2026-05-04,128800,129700,125600,127200,3214565,408892668000,0.0787,577711,-176374,-405395,48385,-144827,-141826,-17478,-64,-149573,-365,4423,-12
2026-05-06,127900,130000,126100,127000,3905996,496061492000,-0.1572,401016,251327,-695627,-60694,-143097,-99915,-60447,-3230,-327727,40291,2993,-517
2026-05-07,131400,139200,131200,136400,7805577,1064680702800,7.4016,-1295405,998646,293320,73432,-19387,8343,1268,-846,230871,-2676,6115,-361
2026-05-08,134500,134800,128000,129600,4535272,587771251200,-4.9853,2380655,-1962556,-417649,-122846,-169241,-22268,-4966,-745,-97094,-3124,2674,-489
2026-05-11,130700,130700,126800,128000,3619903,463347584000,-1.2346,569380,-147531,-450422,-50392,-111371,-29593,-37545,613,-221321,23892,4681,-813
2026-05-12,130600,134000,120500,125600,6170656,775034393600,-1.875,-196560,289788,-103518,76398,3434,-2789,-13541,-478,-168734,6012,4278,2192
2026-05-13,123800,124600,117500,120000,4596035,551524200000,-4.4586,1309053,-861077,-452064,-96073,-21385,-50148,-69705,5303,-218925,-5722,9810,-1131
2026-05-14,121600,122300,116000,117100,4374858,512295871800,-2.4167,953148,-719175,-263038,-73131,-177654,-2888,-25229,297,15478,20842,8223,89
2026-05-15,118800,118900,108400,110800,5217764,578128251200,-5.38,400793,-123496,-303988,-5325,-164364,-36267,2138,-25,-102041,20957,5734,1896
2026-05-18,108100,113600,103500,112100,4669776,523481889600,1.1733,393730,-390152,1413,-6224,50061,5124,10508,-958,-56996,-11247,6256,-102
2026-05-19,111000,112900,103900,106000,3654573,387384738000,-5.4416,453154,-509931,40643,16423,-17373,-81929,-11632,103,135047,4605,11529,4
2026-05-20,106400,107100,99700,101300,4332142,438845984600,-4.434,38177,255923,-281486,-211951,-43474,-32722,-16700,50,22508,-7449,-5165,803
2026-05-21,107200,109500,106800,108400,2673341,289790164400,7.0089,235688,-235248,-15930,-11840,761,-10152,9672,1963,-3322,10647,4843,-3012
2026-05-22,117000,117000,110600,111600,2905411,324243867600,2.952,582527,-500817,-77456,59544,-27608,-8008,-6223,380,-95763,5362,-9616,222
2026-05-26,114300,115800,111000,112600,3027392,340884339200,0.8961,135051,35731,-170472,-62646,83166,-21764,-10763,-16,-158375,-1904,1594,-74
2026-05-27,114700,114800,108200,108500,3275348,355375258000,-3.6412,569489,-273100,-269773,-9421,59386,-39242,-44399,49,-229804,-24470,-2146,-6342
2026-05-28,110600,111800,102200,105900,3224326,341456123400,-2.3963,50981,-4568,-18285,24044,-40616,-5848,-3684,-387,8452,-28544,416,-246
2026-05-29,107400,107500,102500,105600,4493853,474550876800,-0.2833,15197,-24158,9909,-47514,26902,-17213,-22417,2050,66134,-2967,2019,1967
2026-06-01,109300,114200,106900,106900,4321740,461994006000,1.2311,154140,-52897,-100587,-36601,-63499,5387,-35860,-68,30990,-3778,3122,-936
2026-06-02,108800,109300,99700,100000,4962133,496213300000,-6.4546,1631992,-1243389,-404088,-68159,-15660,-76479,-19808,273,-224244,29383,-13898,-11
2026-06-04,100000,100400,97900,99200,2776755,275454096000,-0.8,674814,-671138,-65176,-39883,-9948,-58402,-5869,1637,47260,52904,8596,29
2026-06-05,100000,100100,92600,95600,3573951,341669715600,-3.629,203570,-52805,-161456,-4624,-50029,-81338,-10493,192,-15167,8489,2202,3
2026-06-08,87000,90400,85500,85800,3956048,339428918400,-10.251,858095,-522652,-371708,-143680,-23094,-20924,-15035,-2845,-166036,51041,-14776,-94
2026-06-09,88300,93300,87700,92300,3082661,284529610300,7.5758,-139010,124363,-16744,-10247,74941,-23615,-4489,106,-53438,-3640,35031,-2
2026-06-10,89900,92100,87500,91100,2646807,241124117700,-1.3001,111154,-239873,169494,22052,13658,-14614,2713,5,145676,-23410,-17365,4
2026-06-11,88500,89200,85300,88600,2837237,251379198200,-2.7442,585896,-432223,-199281,-40072,-92996,-7671,-12171,-515,-45790,29847,15761,-66
2026-06-12,93300,95000,91100,93100,2998526,279162770600,5.079,-116124,-144298,248152,-198880,452328,-5935,-6003,2278,4358,10630,1640,6
2026-06-15,100400,101200,97600,99800,2520626,251558474800,7.1966,-65956,-72899,154526,-26536,20184,163925,-10158,1455,5063,4863,-20534,593
2026-06-16,105100,105500,101800,103300,3298532,340738355600,3.507,152856,-531544,340968,53509,247487,190890,4739,-28,-155629,18679,19041,0
2026-06-17,104500,106200,102500,103200,2408504,248557612800,-0.0968,95125,6295,-123055,11404,-92783,-389,-436,-4608,-36315,13656,7979,72
2026-06-18,108600,109300,99600,99600,4268637,425156245200,-3.4884,1672607,-1221986,-430138,2700,-44663,-61226,317,727,-327969,8572,-29055,-24
2026-06-19,101000,101900,94300,97900,4389382,429720497800,-1.7068,26476,79622,-84469,-23881,-51640,-23414,-44613,-571,61021,-17081,-4548,-1371
2026-06-22,95600,97000,94100,94200,2146567,202206611400,-3.7794,147018,66828,-210559,28126,-65836,-13284,-6997,-313,-151776,-3194,-93,-479
2026-06-23,94000,98700,89000,89200,4439638,396015709600,-5.3079,-606878,497534,109136,11135,-11070,11983,-3036,-648,101691,674,-466,-919
2026-06-24,89300,92800,87200,90600,3053656,276661233600,1.5695,-184469,107911,67597,8434,23332,39212,230,-1371,-2261,4593,4368,21
2026-06-25,92100,93200,87600,87800,2733284,239982335200,-3.0905,555763,-189684,-327250,-98679,-6990,-30872,-28079,-46,-162401,-36700,-2129,-183
2026-06-26,86900,87800,79300,81100,4768842,386753086200,-7.631,-127144,185581,-89792,107676,-68468,-33742,-9577,23,-89818,-32738,64093,4114
2026-06-29,80400,88600,79600,88000,4231835,372401480000,8.508,-585252,548466,80824,66539,-281373,5309,720,6983,282040,172,-44210,606
2026-06-30,88400,88600,84500,86800,2472580,214619944000,-1.3636,267485,-270572,7863,-15910,3248,570,8321,827,10804,-6223,1447,3
2026-07-01,89100,90800,86100,88500,2186748,193527198000,1.9585,-142532,-85482,195262,17135,21270,48263,2005,376,106210,30442,2310,3
2026-07-02,87300,89400,84100,86000,2538076,218274536000,-2.8249,-349402,100269,270512,107021,-52305,-3236,13794,-5819,211049,-6951,-14428,8
2026-07-03,86000,87400,80100,86200,2936728,253145953600,0.2326,-191089,220281,19585,-137746,-9741,66075,2260,5,98818,-33899,-14878,-86
2026-07-06,88700,90300,82950,85500,2210209,188972869500,-0.8121,374118,-275511,-108682,-64942,30933,-20980,-4054,-4,-49635,-3505,13580,0
2026-07-07,83900,84500,78900,81600,2593895,211661832000,-4.5614,312572,-363886,33130,-120550,-2039,-30640,-9915,-221,196484,12844,5340,11
2026-07-08,79300,79800,72700,74000,3895625,288276250000,-9.3137,-183503,408717,-223013,-11105,-141317,-70530,-30553,-409,39197,-3446,1245,-8296
2026-07-09,74100,77000,71600,73200,3641029,266523322800,-1.0811,-349470,153576,201659,24330,55993,-134191,-5489,-3648,265821,-5479,-286,-1157
2026-07-10,74700,79900,74300,78100,2775529,216768814900,6.694,-473110,59488,419775,78966,43311,154905,6430,1189,134822,-1691,-4462,152
2026-07-13,78600,79700,72300,73200,2881964,210959764800,-6.274,546171,-627073,78543,29595,-3473,-5431,-14029,41,74536,-3584,5943,-2696
2026-07-14,73000,73400,68200,70900,4068785,288476856500,-3.1421,302275,-573797,249629,-53165,-11153,-5975,607,-2009,322620,22890,-997,-1296
2026-07-15,73000,74300,72000,73000,2540969,185490737000,2.9619,198736,-23168,-127968,-69025,-69486,-7020,14475,42,3139,-50068,2468,-93
2026-07-16,70900,71800,68500,69700,2541779,177161996300,-4.5205,165835,-166524,-19212,772,-27571,-27083,-1201,33,35181,16657,3244,657
2026-07-20,65900,67000,63800,64800,2835943,183769106400,-7.0301,-251444,263995,-2863,-187091,-47632,-27074,-5978,-583,270713,3561,-13249,-5218
2026-07-21,64700,67400,63000,66800,2611452,174444993600,3.0864,-310261,541814,-227235,-179025,-16748,5342,-6796,56,-29982,-1807,-2511,-82
2026-07-22,69100,72700,68100,69200,3001478,207702277600,3.5928,-465597,483981,-49485,-15516,-22017,9855,27129,-7,-48929,32265,-1164,0
2026-07-23,70300,73300,69900,73200,1764464,129158764800,5.7803,-248049,196230,54397,66669,4761,-440,905,11,-17486,-1887,-691,-23
2026-07-24,72500,74000,71200,72100,2017878,145489003800,-1.5027,209421,-90684,-124306,-42804,75106,12499,1645,60,-170738,4032,1537,-74
2026-07-27,72400,72600,69100,70900,1484901,105279480900,-1.6644,427051,-435898,14666,22143,1520,1843,5245,0,-16088,-5924,105,3
2026-07-28,68700,68900,64000,64700,2148321,138996368700,-8.7447,103119,-154209,81800,-57912,-105161,-21303,-332,2319,263798,-32494,1784,391
2026-07-29,66500,66600,57000,60800,4800443,291866934400,-6.0278,-570324,54156,503161,102718,-22987,4336,7086,-1607,425941,20645,-7638,-12326
2026-07-30,59000,63500,59000,60200,3193446,192245449200,-0.9868,-183227,115852,81231,8650,-11364,17675,15210,-1382,53649,-13063,-793,-1207
2026-07-31,64000,67800,63600,67100,3208797,215310278700,11.4618,-488363,596662,-69740,51138,2653,-10785,-12990,9,-101667,-36832,-1727,1902
2026-08-03,67400,68300,65000,67700,1762521,119322671700,0.8942,145844,-90500,-58153,-28394,49522,36547,4278,1814,-127242,1461,1348,5322
2026-08-04,68200,73200,67900,73000,2577175,188133775000,7.8287,-405029,209019,194202,119585,32123,57523,21523,33,-36540,5762,-3954,-45
2026-08-05,75400,77300,73500,77000,2227898,171548146000,5.4795,-172584,-52182,187425,128517,22744,53420,11168,0,-30261,39745,-2404,1837
2026-08-06,75800,78800,74300,76400,1933602,147727192800,-0.7792,86925,-211945,113743,44823,-7479,28675,27988,921,17966,11842,-565,849
