date,open,high,low,close,volume,trading_value,change_rate,individual_net,foreign_net,institution_net,pension_net,trust_net,privateequity_net,insurance_net,bank_net,financial_net,other_corp_net,other_foreign_net,other_finance_net
2016-05-25,53600,53700,52600,53000,637123,33767519000,0.0,80950,-144519,47220,22970,51901,13921,2664,500,-44225,16612,-263,-511
2016-05-26,53200,54600,53000,53400,638944,34119609600,0.7547,-76748,11345,53624,-35806,20205,15998,2713,-500,51014,12114,-335,0
2016-05-27,54000,55800,53900,55600,1153816,64152169600,4.1199,-240695,293991,-31975,-43345,2516,16441,4320,-3950,-8441,-20282,-1039,484
2016-05-30,56100,56400,55000,55700,767791,42765958700,0.1799,48617,-127716,62267,28417,29190,7201,22835,0,-25376,16656,176,0
2016-05-31,56300,56500,55300,56100,933757,52383767700,0.7181,-134871,44238,91994,87462,30001,6845,3178,0,-35492,-1320,-41,0
2016-06-01,56100,57000,56000,56100,544499,30546393900,0.0,-59391,97462,-37628,22979,-122,-3754,-10188,1800,-48343,-323,-120,0
2016-06-02,55900,56000,54400,54500,647427,35284771500,-2.852,116139,-49740,-68857,-23956,-19765,-8362,-19626,-10010,16125,2446,12,-3263
2016-06-03,54300,55400,53500,54500,562951,30680829500,0.0,-31189,11612,18925,286,-4232,-25312,626,0,47557,2072,-1420,0
2016-06-07,54600,55200,54100,54300,655930,35616999000,-0.367,43653,-32616,-9303,-28717,2902,2667,-4835,0,19208,-1668,-66,-528
2016-06-08,54100,54400,53300,54400,887520,48281088000,0.1842,6186,62518,-70864,-12486,-21860,-52493,-1793,-3133,20901,2144,16,0
2016-06-09,55300,57300,55100,56400,1539831,86846468400,3.6765,-444533,365714,78881,13129,-1465,59928,-3831,0,11708,14,-76,-588
2016-06-10,56900,57200,56100,56400,502108,28318891200,0.0,-34328,-41928,75441,25959,-38617,7391,-8610,-5,89323,847,-32,0
2016-06-13,55800,56400,55500,55800,392941,21926107800,-1.0638,-67760,-13570,81399,-12203,20043,24138,-1938,-1840,53226,24,-93,-27
2016-06-14,55700,55800,54300,54600,548243,29934067800,-2.1505,127450,-104007,-24900,-353,5959,-13958,-12665,0,-3883,1494,-37,0
2016-06-15,54700,55200,53500,54200,589932,31974314400,-0.7326,69835,-62870,-6843,59570,-2884,-7576,-3855,0,-52098,27,-149,0
2016-06-16,54600,54800,53500,53600,430753,23088360800,-1.107,28673,27028,-54198,5444,7417,-8627,3155,0,-51587,-1461,-42,-10000
2016-06-17,53800,54500,53400,53900,500452,26974362800,0.5597,-136330,167951,-30287,-17745,4614,16438,-26456,2540,-3968,-1509,175,-5710
2016-06-20,54800,56200,54600,56100,691974,38819741400,4.0816,-234151,253295,-17786,-20021,20501,1762,137,0,-20165,-1413,55,0
2016-06-21,55500,55800,55000,55700,399103,22230037100,-0.713,-29660,3277,26033,1473,37529,116,-13024,14524,-14416,628,-278,-169
2016-06-22,55600,55600,54500,54900,501106,27510719400,-1.4363,106371,-91525,-12822,-14460,17142,-16211,-22756,0,23805,-1979,-45,-342
2016-06-23,54800,55600,54400,55200,436187,24077522400,0.5464,-76483,106319,-29325,-37909,-5156,-32,-9698,0,23424,-570,59,46
2016-06-24,55900,55900,52000,52300,1291330,67536559000,-5.2536,156900,-147997,-25038,-22177,-14389,-651,-821,-4181,17478,15476,659,-297
2016-06-27,50900,52600,50600,52000,832384,43283968000,-0.5736,-103627,2038,102140,-934,86924,-41098,3727,10,52975,-595,44,536
2016-06-28,51900,53400,51600,53000,557900,29568700000,1.9231,-64887,121671,-49724,-15884,-30810,3234,1184,0,-7133,-7234,174,-315
2016-06-29,53500,54200,52800,53700,377468,20270031600,1.3208,-54067,65597,-16213,23141,1979,-6354,-3143,0,-29209,4692,-9,-2627
2016-06-30,54100,54200,53300,53900,440683,23752813700,0.3724,7503,141831,-147672,-23586,-39595,-33159,399,0,-51631,-1385,-277,-100
2016-07-01,54500,55200,54100,55100,609842,33602294200,2.2263,-199441,120538,69378,15901,6309,-8086,96769,0,-37709,-13332,22857,-3806
2016-07-04,54700,56300,54300,56300,606923,34169764900,2.1779,-234371,22821,192864,26911,-14494,118229,68902,-6,-6678,-1144,19830,0
2016-07-05,56000,56500,55500,55900,457414,25569442600,-0.7105,-78452,-25933,96528,30670,41643,-11897,35794,0,318,1750,6107,0
2016-07-06,55800,56600,54700,55100,557909,30740785900,-1.4311,-32059,-1618,32888,37855,43976,-49176,22162,-12,-31344,803,-14,9427
2016-07-07,55500,56900,55000,56400,725132,40897444800,2.3593,-267158,146460,115149,109403,82092,-56943,50244,635,-70833,5739,-190,551
2016-07-08,56900,57400,56100,56200,642248,36094337600,-0.3546,-69929,33762,27894,23001,17747,-35056,65354,0,-44638,8393,-120,1486
2016-07-11,56100,56600,54900,55100,1028224,56655142400,-1.9573,158424,90155,-259411,-51330,-31845,-132536,-14132,-2000,-18479,9004,1828,-9089
2016-07-12,55300,56700,54800,56400,842443,47513785200,2.3593,-164640,245847,-66194,12081,-1856,-80571,-3365,0,7219,-14570,-443,298
2016-07-13,56600,56900,55200,55600,855891,47587539600,-1.4184,158771,-12528,-143863,9446,-46420,-54573,1038,0,-51174,-2567,187,-2180
2016-07-14,55800,56500,55200,55900,625935,34989766500,0.5396,-38780,194347,-157473,-27951,-82240,-19544,-6415,-17,-21306,2104,-198,0
2016-07-15,56000,56300,55500,55600,509023,28301678800,-0.5367,-43758,95057,-49831,-25697,-76362,6861,77481,-2856,-29258,-1819,351,0
2016-07-18,56100,56300,55100,55400,364989,20220390600,-0.3597,-8503,62343,-56741,-20019,-37291,-35671,725,-7,35522,2920,-19,0
2016-07-19,55500,55600,54500,55100,455834,25116453400,-0.5415,11846,92659,-105397,-11564,-34069,-29268,-2386,0,-26726,899,-7,-1384
2016-07-20,54900,55400,54200,54300,397794,21600214200,-1.4519,94267,-28333,-69154,-51374,-9074,-3961,-1898,0,-2535,3173,47,-312
2016-07-21,54400,54600,52000,52800,1796452,94852665600,-2.7624,581322,-468272,-118256,-25273,-25208,-91795,-19425,0,46248,5419,-213,-2803
2016-07-22,53100,53400,52700,53200,712108,37884145600,0.7576,108046,-37126,-67982,-20396,-37157,-24106,-6558,0,20235,-3121,183,0
2016-07-25,53300,54100,53200,53400,489554,26142183600,0.3759,18522,-3146,-18218,-12378,1853,-5185,-2197,0,-311,740,2102,0
2016-07-26,53200,54500,53100,54400,520865,28335056000,1.8727,-167882,150420,20140,523,3574,-4879,-9136,0,30058,-2666,-12,0
2016-07-27,54700,56300,54500,56200,969776,54501411200,3.3088,-470587,246117,231622,111014,29290,59286,-2827,-13,33799,-6804,-348,1073
2016-07-28,56000,56600,54800,55000,796703,43818665000,-2.1352,108876,-212366,103163,23088,-2784,45975,12683,0,23106,615,-288,1095
2016-07-29,55100,55500,53400,53500,979250,52389875000,-2.7273,358918,-188966,-172854,-9214,-90086,-22930,-45151,0,-5473,2307,595,0
2016-08-01,53900,54200,53200,53600,511517,27417311200,0.1869,176108,-135164,-44180,-48049,-32202,1840,13388,0,20843,3290,-54,0
2016-08-02,53600,53700,52900,52900,389732,20616822800,-1.306,144603,-93840,-55555,885,-5714,2258,-28219,0,-24765,1010,3782,0
2016-08-03,52700,53400,52700,52700,414150,21825705000,-0.3781,126543,-67627,-55416,-48518,11600,-6404,-4094,-16,-7984,-5533,2033,0
2016-08-04,53100,53200,52300,52500,660223,34661707500,-0.3795,279960,-133439,-153498,-58848,-35404,-55689,1336,-8,-4885,6616,361,0
2016-08-05,52600,53600,52600,53500,726247,38854214500,1.9048,-20304,25120,-3226,-38641,-24835,63339,930,-768,-3251,1630,-3220,0
2016-08-08,53700,53900,52500,52700,525468,27692163600,-1.4953,218664,-76834,-144085,-68153,-67535,-765,-1874,0,-4953,1993,262,-805
2016-08-09,53000,53900,52900,53700,666942,35814785400,1.8975,-130117,167046,-33466,-40821,-33601,57888,-19054,-2000,4122,-3252,-211,0
2016-08-10,53800,53800,52700,53300,821138,43766655400,-0.7449,217421,-131988,-82865,-77017,-46045,31376,1834,-8000,14987,-2641,73,0
2016-08-11,53100,53100,52500,52500,501118,26308695000,-1.5009,253969,-112727,-145831,-49391,-29588,-21105,-21571,0,-24176,3577,1012,0
2016-08-12,52700,53100,52200,52400,631535,33092434000,-0.1905,212764,-180115,-36171,-67283,-37725,3220,968,-250,64899,862,2660,0
2016-08-16,53000,53400,52800,52800,500438,26423126400,0.7634,-46943,61745,-37076,-18157,-23131,-7459,260,0,9448,23276,-1002,1963
2016-08-17,53200,53500,52800,53400,614904,32835873600,1.1364,-118084,41015,75941,13024,-16564,48493,-94,0,29143,1215,-87,1939
2016-08-18,53500,53700,52800,53100,427221,22685435100,-0.5618,43279,-17569,-13629,-10387,-15823,35389,-6289,0,-16519,-12100,19,0
2016-08-19,53100,53200,52100,52200,931376,48617827200,-1.6949,436931,-198326,-234338,24292,-55766,-109179,-27988,0,-65697,-5746,1479,0
2016-08-22,52300,53300,52300,52400,540501,28322252400,0.3831,13683,21075,-53205,-6005,-31862,8327,9553,0,-33218,90,18357,0
2016-08-23,52700,52800,51400,51500,737608,37986812000,-1.7176,315992,-99646,-183185,-2418,-72813,-16195,-33908,-707,-56837,-33734,573,-307
2016-08-24,51600,51700,51000,51100,653161,33376527100,-0.7767,234276,-49634,-197493,-17575,-77058,-14936,-27247,0,-60677,-8722,21573,0
2016-08-25,51400,52300,51400,52100,579633,30198879300,1.9569,-120569,93203,28135,-15777,-2857,49338,-2170,0,-399,-760,-9,0
2016-08-26,52100,52200,51500,52100,354347,18461478700,0.0,-29949,8600,21139,-10969,-11403,27425,300,0,15786,-817,1027,0
2016-08-29,52100,52200,51400,51500,353607,18210760500,-1.1516,34330,-10878,-23365,-22832,-26170,53553,-15786,0,-12130,-511,424,0
2016-08-30,51600,52400,51600,52200,405074,21144862800,1.3592,-90475,64023,27476,-19501,-20894,65266,6804,0,-627,-420,-604,-3572
2016-08-31,52000,53000,51500,51500,682642,35156063000,-1.341,69023,-102689,33795,-15487,18961,25650,-3007,0,9816,130,-259,-2138
2016-09-01,52300,52400,51000,51100,732564,37434020400,-0.7767,328297,-232547,-101099,-43915,-26111,4038,-1167,0,-36756,3391,1958,2812
2016-09-02,51500,51800,51300,51500,495103,25497804500,0.7828,-25142,94901,-70639,-15338,6661,289,-13570,583,-51264,879,1,2000
2016-09-05,51900,53300,51900,53100,925082,49121854200,3.1068,-414706,212974,203335,88401,19360,16229,5929,-3,73419,1200,-2803,0
2016-09-06,53000,54000,52700,53900,855259,46098460100,1.5066,-289460,216974,71552,3077,-494,72687,-3633,-305,478,1695,-761,-258
2016-09-07,54200,54500,52800,52900,955324,50536639600,-1.8553,171288,52364,-225282,17464,-201944,-30483,-41143,0,31067,2949,-1319,-243
2016-09-08,53400,53800,51800,51800,1192036,61747464800,-2.0794,310875,-156600,-153479,-69150,-44449,53162,-39528,0,-53325,-629,-167,-189
2016-09-09,51900,52000,51200,51500,684075,35229862500,-0.5792,287768,-169683,-120942,-49737,-69774,4074,-4196,58,-3367,1544,1313,2000
2016-09-12,51800,52100,51200,51200,875347,44817766400,-0.5825,178706,-153832,-22027,9289,-44508,-71014,9439,0,72772,-2998,151,1995
2016-09-13,51400,51600,50000,50000,1060793,53039650000,-2.3438,529152,-189894,-339577,-48509,-107506,-48099,-6265,125,-129323,344,-25,0
2016-09-19,49950,50500,49800,50000,638793,31939650000,0.0,247687,-87392,-159840,-45985,-18998,822,-27120,13,-67720,-912,457,-852
2016-09-20,50100,50300,49150,49200,1057822,52044842400,-1.6,408120,5542,-420547,-225513,-100975,-12698,-30545,0,-50741,6220,665,-75
2016-09-21,49250,50300,49250,50300,831122,41805436600,2.2358,-67777,221028,-151397,-54037,-84113,994,-2486,0,-8636,-427,-1427,-3119
2016-09-22,50700,50900,49750,49750,699899,34819975250,-1.0934,209337,-48581,-162759,-64679,-43773,-14097,-17968,60,-19254,2189,-186,-3048
2016-09-23,50200,50400,49900,50100,444660,22277466000,0.7035,29879,-4887,-24007,1828,-72525,4081,-2588,0,45257,-713,-272,-60
2016-09-26,50500,50600,49900,49900,388880,19405112000,-0.3992,76063,25617,-126420,-51455,-38958,-2668,-30103,0,-3236,24638,102,0
2016-09-27,49850,50300,49600,50200,412254,20695150800,0.6012,71570,-33707,-41158,-8277,-44402,-7716,-849,0,20145,2996,299,-59
2016-09-28,50100,50200,49000,49000,1095284,53668916000,-2.3904,651412,-339486,-290944,-92990,-98835,2628,-66280,217,-30684,-21794,812,-5000
2016-09-29,49250,49550,48700,48800,782458,38183950400,-0.4082,268078,950,-260936,-127888,-56021,-34598,-15910,63,-21054,-8034,-58,-5528
2016-09-30,48800,49100,47850,47900,1014013,48571222700,-1.8443,277693,-183804,-96235,-28439,-59962,823,-15090,0,6433,881,1465,0
2016-10-04,48200,48350,47200,47350,1161282,54986702700,-1.1482,410905,-328567,-83517,-29659,-40416,-2725,-16390,-11988,17661,652,527,0
2016-10-05,46850,48700,46850,48150,1122116,54029885400,1.6895,-5863,262313,-267815,-38895,-143702,1510,-67899,0,-25010,10719,646,6181
2016-10-06,48000,49050,47900,48600,774820,37656252000,0.9346,25612,96493,-122541,11147,-38199,-20837,-31505,0,-43147,1769,-1333,0
2016-10-07,49400,49450,47900,48400,810009,39204435600,-0.4115,129682,13115,-135863,1450,-24384,-5038,-71231,0,-36660,-6310,-624,0
2016-10-10,48700,51200,48600,50900,1730902,88102911800,5.1653,-643439,468101,185635,-212,39325,20504,10137,-247,116128,-9636,-661,0
2016-10-11,51600,53500,51300,53500,2898941,155093343500,5.1081,-883245,687660,181269,-18179,616,90967,16565,363,90737,13198,1118,200
2016-10-12,53700,54200,51500,51600,2135115,110171934000,-3.5514,165471,70250,-238688,-114974,-97841,-17111,-41033,-200,33271,5000,-2033,-800
2016-10-13,51900,52000,49900,50200,1263334,63419366800,-2.7132,311775,-42652,-270976,-14152,-62120,-59404,-24606,-5,-118289,2470,-617,7600
2016-10-14,50400,51300,50200,50300,681536,34281260800,0.1992,-31991,40637,-7515,2305,-12465,6033,-8483,-2540,6135,-1165,34,1500
2016-10-17,50500,50800,50000,50000,435232,21761600000,-0.5964,32027,22632,-55191,-12570,4021,3437,-3433,229,-46875,-542,1074,0
2016-10-18,50100,50400,49400,49900,570624,28474137600,-0.2,-40794,62331,-18640,-569,-3267,-6513,-23880,0,15589,-3396,499,0
2016-10-19,50200,50700,49850,49900,455099,22709440100,0.0,83384,-35095,-50088,2091,7634,692,-27097,0,-33408,1400,399,0
2016-10-20,50400,50700,49950,50700,371101,18814820700,1.6032,-42592,-6279,46112,8017,4856,2462,609,0,30168,1974,785,0
2016-10-21,51000,51000,50300,50300,396235,19930620500,-0.789,69506,19038,-98280,-47316,-16474,-5513,-11642,0,-17335,10287,-551,0
2016-10-24,50800,51500,50700,51300,469435,24082015500,1.9881,-95989,47554,51368,39966,-3661,3245,746,0,11072,-2838,-95,0
2016-10-25,50900,51200,50100,50100,610553,30588705300,-2.3392,189615,-66017,-125725,-100210,-21603,-585,-25982,5,22650,2931,-804,0
2016-10-26,50000,50300,49650,50300,467423,23511376900,0.3992,-29027,-8015,35858,2867,9625,3885,-18110,0,37825,920,264,-234
2016-10-27,50300,50400,49050,49150,945087,46451026050,-2.2863,427083,-348115,-77504,673,-25979,-12061,-11,5,-40194,-996,-468,63
2016-10-28,48850,48900,47550,47600,1476994,70304914400,-3.1536,492635,-250772,-245145,-58553,-71711,-48129,-33598,-174,-35224,5417,-2135,2244
2016-10-31,47350,48150,47000,47800,746977,35705500600,0.4202,112454,-96796,-16601,7228,2114,-24827,-29925,13,29725,2108,-1165,-929
2016-11-01,47600,47650,46950,47350,606342,28710293700,-0.9414,168067,-156895,-12722,-10387,-6668,2625,-23716,7500,17924,950,600,0
2016-11-02,47150,47900,47100,47400,548417,25994965800,0.1056,-99597,51357,53189,28567,16911,2545,-19390,9723,14833,-2117,-2832,0
2016-11-03,47550,48400,47250,47500,716257,34022207500,0.211,77566,-21983,-55228,-22573,-28461,-3441,-25134,0,24381,306,-661,0
2016-11-04,47600,47650,47000,47100,418742,19722748200,-0.8421,96492,-35126,-62611,-47840,-7409,2568,-27391,-168,17629,888,357,0
2016-11-07,47600,47750,47150,47350,444815,21061990250,0.5308,-24516,-3947,27601,-13425,-8695,22153,-16754,0,44322,101,761,0
2016-11-08,47550,47850,47350,47750,455848,21766742000,0.8448,131286,6355,-141655,-59119,-43946,-6751,-27426,0,-4413,4448,-434,0
2016-11-09,48000,48050,45200,45700,1461344,66783420800,-4.2932,202916,-157008,-55062,-32097,-8048,-9427,-11488,66,5932,10749,-1595,0
2016-11-10,46400,47050,46200,46700,896687,41875282900,2.1882,-94849,218462,-127343,-41357,-21964,12181,-14746,0,-61457,3254,476,0
2016-11-11,46500,46650,45600,45750,719669,32924856750,-2.0343,236409,-81496,-160558,-93900,-53819,-17513,-15248,5,19917,7315,-1670,0
2016-11-14,47000,47350,46200,46400,752247,34904260800,1.4208,98544,-42458,-79238,-32069,-80012,2359,-14572,4200,39356,23841,-689,1500
2016-11-15,46100,47850,46100,47050,725313,34125976650,1.4009,-114971,67704,30751,-27996,-31798,76099,8265,0,6181,17232,-716,0
2016-11-16,47200,47750,47000,47000,476989,22418483000,-0.1063,39388,-36589,-2535,13292,-11530,23917,-10213,2000,-20001,-20,-244,0
2016-11-17,46650,47300,46650,46850,312645,14647418250,-0.3191,49945,-31319,1735,33844,-1245,-4135,1531,7000,-39260,-20462,101,4000
2016-11-18,46900,47100,46000,46850,514155,24088161750,0.0,51139,-35256,-14516,-5331,23355,-728,-4809,0,-33003,68,-1435,6000
2016-11-21,46700,46850,46050,46050,397425,18301421250,-1.7076,115770,-105996,-8609,-6890,-9393,56318,-30112,0,-20032,29,-1194,1500
2016-11-22,46250,46500,45750,45900,411221,18875043900,-0.3257,59034,-29296,-29438,1870,-3374,-11207,-17104,0,-1123,535,-835,1500
2016-11-23,45900,46800,45900,46600,611177,28480848200,1.5251,-158797,-43897,205346,191828,-2547,12814,42687,4127,-43063,-1430,-1222,-500
2016-11-24,46550,46800,46000,46000,308749,14202454000,-1.2876,3105,-32004,30362,16126,-18309,10666,4799,0,17080,-53,-1410,0
2016-11-25,46100,46250,45700,45800,270431,12385739800,-0.4348,31646,-19300,-11769,3321,-26554,2606,-4952,100,14210,320,-897,-500
2016-11-28,45750,45800,45250,45300,526862,23866848600,-1.0917,82757,-67988,-13660,12762,10432,20159,-74,-541,-53516,-1122,13,-2882
2016-11-29,45200,46150,45200,45350,566553,25693178550,0.1104,30516,-51720,21596,3547,3384,19684,-4818,-1800,7267,-543,151,-5668
2016-11-30,45400,45650,44900,44900,646673,29035617700,-0.9923,141844,-130515,-8448,-262,15626,19731,-7665,0,-35878,-2808,-73,0
2016-12-01,44700,46450,44700,46250,667213,30858601250,3.0067,-206976,215397,-3634,7654,-2436,3744,1434,11,-12354,-4789,2,-1687
2016-12-02,46300,46450,45900,46350,450435,20877662250,0.2162,-136153,154139,-18796,-14436,-20118,32508,176,0,-16426,1025,-215,-500
2016-12-05,46300,46350,45600,46000,357553,16447438000,-0.7551,-22652,-30247,50790,-10591,8698,19347,15783,1712,16341,1999,110,-500
2016-12-06,46100,47250,46100,47100,644517,30356750700,2.3913,-178518,95639,84045,20594,9062,22735,37134,591,-5571,-951,-215,-500
2016-12-07,47250,47500,46800,46950,549707,25808743650,-0.3185,-24252,-1889,27336,4104,18947,20696,4943,0,-21854,-1560,365,500
2016-12-08,47500,47800,47250,47500,545953,25932767500,1.1715,-111755,55347,57890,-547,-3227,4191,27846,1500,26627,-1457,-25,1500
2016-12-09,47600,48450,47550,47950,743986,35674128700,0.9474,-138374,190984,-43409,-51100,15796,8874,-44847,-1366,31133,-7386,-1815,-1899
2016-12-12,47900,48600,47850,48150,598286,28807470900,0.4171,-113545,211401,-94811,-24868,-1351,-5159,-45833,0,-17100,-2747,-298,-500
2016-12-13,48000,48900,47750,48850,666506,32558818100,1.4538,-296492,220125,83519,39652,-2761,22252,-2381,5100,19157,-7126,-26,2500
2016-12-14,49100,49150,48150,48300,609882,29457300600,-1.1259,48236,-27852,-17858,13717,-20785,-1635,-33619,180,23638,-3597,1071,646
2016-12-15,47850,48200,47400,48150,643676,30992999400,-0.3106,2770,-46956,42849,105836,-22029,-36739,-12269,0,8550,2590,-1253,-500
2016-12-16,47850,48050,47600,47850,491284,23507939400,-0.6231,-8827,8364,-5408,23672,-19876,9802,-6622,1000,-12884,6600,-729,-500
2016-12-19,47800,48350,47600,47700,390223,18613637100,-0.3135,-3718,6805,-1647,12441,-13950,-3510,4587,0,-715,-1240,-200,-500
2016-12-20,47900,48200,47800,47800,283044,13529503200,0.2096,-43869,-12653,60869,65995,-12968,1033,3326,0,3483,-4600,253,0
2016-12-21,47700,48400,47700,48200,395898,19082283600,0.8368,-93802,59663,34923,12890,-3849,747,-2141,0,27276,-784,0,0
2016-12-22,48200,49600,48200,49400,864243,42693604200,2.4896,-370354,138384,231138,178684,17816,-11637,9091,11125,23559,-3259,4091,2500
2016-12-23,49350,49750,49200,49650,446610,22174186500,0.5061,-158115,90695,64507,25515,-12278,-15908,27519,1994,37665,2689,224,0
2016-12-26,49800,51000,49350,50900,951361,48424274900,2.5176,-415529,117999,300560,65275,97194,39306,95283,1029,2473,-7477,4447,0
2016-12-27,50900,51400,50400,50900,731183,37217214700,0.0,-291284,45037,214792,107921,35494,34818,34006,0,2553,31106,349,0
2016-12-28,50800,52200,50700,51500,965048,49699972000,1.1788,-171871,87089,89431,124456,-10770,40982,8933,-1149,-77021,-2582,-2067,4000
2016-12-29,51400,52000,51200,51600,482241,24883635600,0.1942,-97122,43252,64555,109111,-11826,1326,33227,0,-67278,-6889,-3796,-5
2017-01-02,51800,52300,51600,51600,431474,22264058400,0.0,-65870,8865,57383,18068,11155,-3724,37332,-13,-5447,-875,497,12
2017-01-03,51800,54400,51800,54300,1715000,93124500000,5.2326,-830666,473452,372163,122605,81891,80369,102820,173,-16828,-13160,-1789,1133
2017-01-04,54200,54500,53100,53800,1262418,67918088400,-0.9208,-75081,-12618,82044,99388,35447,-15592,13994,1438,-53736,9205,-3550,1105
2017-01-05,54000,55700,53400,53600,1428250,76554200000,-0.3717,-121600,137662,-14510,30449,-42165,11307,-5123,-11815,12023,1444,-2996,-9186
2017-01-06,53800,54000,52400,52600,1382362,72712241200,-1.8657,162763,118396,-287410,-93480,-13958,-38946,-63414,-11018,-61906,874,5377,-4688
2017-01-09,52300,53600,51200,53600,1555889,83395650400,1.9011,-14309,-8359,38010,31497,4313,-25561,32718,1227,-7014,-9061,-6281,830
2017-01-10,53100,53200,51800,51800,956045,49523131000,-3.3582,225366,-223747,-5300,4784,41398,-38949,12023,-2000,-19556,857,2824,-3000
2017-01-11,51700,52300,51200,52000,979211,50918972000,0.3861,65842,65625,-126701,-22117,-26607,-34734,-57115,31100,-17171,2400,-7166,-57
2017-01-12,52100,53400,52100,53300,795012,42374139600,2.5,-204769,79932,125971,48992,11177,15175,12660,-50,33658,687,-1821,4359
2017-01-13,53100,53500,52500,52900,555164,29368175600,-0.7505,14972,-54231,37835,14367,-6932,-3969,-19125,100,53579,1409,15,-185
2017-01-16,52900,53300,51900,52800,681671,35992228800,-0.189,105334,-104988,128,12133,22157,-49669,-2088,-5100,27788,-145,-329,-5093
2017-01-17,52300,53000,52300,52400,451998,23684695200,-0.7576,-28993,-65571,91884,18189,49888,6183,-11302,-8000,41286,3361,-681,-4360
2017-01-18,52800,53900,52500,53700,938989,50423709300,2.4809,-328311,144686,196235,81259,31243,1418,31931,-2975,51395,-11527,-1083,1964
2017-01-19,53700,54700,53300,54500,1070070,58318815000,1.4898,-310911,130781,183262,127885,7270,28546,50450,340,-32614,-2187,-945,1385
2017-01-20,54400,54500,54000,54100,432160,23379856000,-0.7339,-27424,-70424,90908,94609,-5769,-17201,-6053,0,25322,7025,-85,0
2017-01-23,54100,54500,53300,53400,345819,18466734600,-1.2939,-8982,52626,-43571,-19435,-23534,-1128,8734,0,-8208,-220,147,0
2017-01-24,53300,54200,53300,54100,450680,24381788000,1.3109,-165093,77785,95692,78285,-5288,10529,16381,0,-4215,-8388,4,0
2017-01-25,54300,55400,53500,54200,1121403,60780042600,0.1848,-289724,81279,170566,174141,52481,-37691,23992,11045,-53436,39283,-1404,34
2017-01-26,55000,55500,53200,53200,1226161,65231765200,-1.845,159817,-111547,-17708,24267,25604,-21197,2105,2821,-51308,-30714,152,0
2017-01-31,53500,55700,53400,55400,1376669,76267462600,4.1353,-588530,497114,110011,2313,-2468,8620,57766,-2049,44374,-16913,-1682,1455
2017-02-01,55800,58000,55800,57900,2286272,132375148800,4.5126,-937856,430052,515351,145198,53799,95913,98762,10014,105073,-4054,-3493,6592
2017-02-02,58500,59400,57300,58300,1824780,106384674000,0.6908,-564797,174915,380117,136032,39918,60775,71696,11186,59048,9311,454,1462
2017-02-03,58700,59100,57400,58200,780014,45396814800,-0.1715,-55015,114032,-59193,-12886,-23307,-2083,-8355,41,-12603,92,84,0
2017-02-06,58800,59100,57700,58600,852582,49961305200,0.6873,-85990,375,95279,70050,-127,36816,-10135,0,-1219,-8879,-785,-106
2017-02-07,58900,59300,58200,58800,754879,44386885200,0.3413,-61855,58520,-3344,23774,-11706,-24734,-8884,0,18206,3401,3278,0
2017-02-08,59000,60400,58600,60400,1795800,108466320000,2.7211,-580712,360192,249209,107287,41341,45891,60090,5795,-6921,-31689,3000,-4274
2017-02-09,60400,61900,60100,61500,1352533,83180779500,1.8212,-495198,232790,273757,174746,38878,14279,84201,848,-42041,-12466,1117,2846
2017-02-10,61800,61900,61200,61300,740823,45412449900,-0.3252,-175950,99759,74684,19578,6897,15812,11376,-10326,31347,1206,301,0
2017-02-13,61600,62000,59600,60700,1012067,61432466900,-0.9788,12174,137121,-146048,-73145,-54492,-37197,5124,-13370,28283,-2757,-490,-1251
2017-02-14,61000,61600,60600,61600,720671,44393333600,1.4827,-229037,225633,7197,28313,-13887,-11494,-14873,1580,17558,-881,-2912,0
2017-02-15,61700,62900,61700,62200,899514,55949770800,0.974,-269192,189373,84997,41503,14649,28323,10072,2170,-11720,-2940,-2238,0
2017-02-16,62300,62700,61300,62700,727097,45588981900,0.8039,-191203,275896,-79393,-28103,2513,-3890,6913,-1748,-57575,-5539,239,2497
2017-02-17,62600,62700,61200,61400,795235,48827429000,-2.0734,43718,146919,-193410,-115007,-25934,-10140,-29171,-5000,-7612,2301,472,-546
2017-02-20,61100,62100,60700,62000,481297,29840414000,0.9772,-120133,117792,2047,47956,21428,-30907,4998,-93,-41335,-881,1175,0
2017-02-21,62100,62800,61900,62100,443630,27549423000,0.1613,-99105,78634,24123,16902,-7231,-10046,5095,-66,19469,-2497,-1155,0
2017-02-22,62700,63000,62300,62900,703290,44236941000,1.2882,-265947,168617,97886,36687,10101,4377,70653,3127,-28591,1807,-2363,1532
2017-02-23,62900,63300,62200,63100,773393,48801098300,0.318,-202908,158005,45870,55209,41262,7349,-12756,-4056,-38138,-9,-958,-3000
2017-02-24,63200,63600,62200,62700,825344,51749068800,-0.6339,-40816,165840,-122036,-12625,-61779,-25498,-47968,-2400,28234,-3383,395,0
2017-02-27,63200,63200,58800,59000,2350933,138705047000,-5.9011,462366,80266,-535819,-237217,-146599,-106406,-100804,2829,60464,2227,-9040,-8086
2017-02-28,58700,60000,58200,59800,1519971,90894265800,1.3559,-157758,161872,-12855,48410,-25392,18752,-20844,1750,-31150,8649,92,-4381
2017-03-02,60700,62200,60600,61600,1329490,81896584000,3.01,-172698,295734,-119092,-40277,5863,29524,2590,544,-115985,-3222,-722,-1351
2017-03-03,61300,62400,60600,62200,1001078,62267051600,0.974,-265784,227178,44398,41740,14491,-5133,17343,0,-23043,-5727,-65,-1000
2017-03-06,61500,62000,59900,60300,959701,57869970300,-3.0547,107538,-132637,15455,16984,21614,108,18240,3265,-41256,7391,2253,-3500
2017-03-07,61600,63300,61500,63300,1734620,109801446000,4.9751,-743428,587888,168732,52758,53315,58055,-9488,6306,10216,-13466,274,-2430
2017-03-08,63400,65400,63300,64900,1777042,115330025800,2.5276,-627416,588133,41932,33534,17241,-8959,20791,207,-15772,-2825,176,-5110
2017-03-09,65500,65800,64100,64800,1196256,77517388800,-0.1541,-84892,206490,-121236,-102940,-24567,30749,8095,-708,-31865,-3,-359,0
2017-03-10,64200,64800,63800,64100,940025,60255602500,-1.0802,-2955,153908,-154320,-130095,-17268,-9840,2981,29034,-29132,3249,118,0
2017-03-13,65000,65700,64500,65300,733138,47873911400,1.8721,-240368,236130,25622,43142,6354,-2541,23460,0,-44793,-20583,-801,0
2017-03-14,66700,67400,66600,67100,1602346,107517416600,2.7565,-479646,446457,49000,59594,9159,37055,41280,-11857,-81231,-13401,-2410,-5000
2017-03-15,67300,67900,66800,67800,891284,60429055200,1.0432,-254511,280917,-15115,-28050,27493,397,-2126,-602,-12227,-9981,-1310,0
2017-03-16,68400,68500,67000,68100,916464,62411198400,0.4425,-133041,263501,-132594,-39898,-23526,-22998,-29575,-1400,-15197,2896,-762,0
2017-03-17,67900,69700,67700,68900,1175426,80986851400,1.1747,-224409,430479,-190115,-49085,-45854,-5298,-10576,-772,-73530,-15261,-694,-5000
2017-03-20,68500,68600,66700,67200,1130043,75938889600,-2.4673,-35847,236389,-218006,-87193,-56006,-15219,-23935,-765,-33451,15738,1726,-1437
2017-03-21,67900,67900,66500,66900,1356321,90737874900,-0.4464,-166200,380233,-222219,-38375,-83777,-76467,-14963,1385,-10276,8042,144,254
2017-03-22,67300,69600,67300,69200,1353787,93682060400,3.438,-226082,372925,-18433,28126,-51281,-30577,36882,-6,877,-127888,-522,-2454
2017-03-23,70200,72200,70100,72000,2098932,151123104000,4.0462,-644619,689380,59202,45950,-30507,-3421,60560,654,-4214,-105118,1155,-9820
2017-03-24,73000,73900,71600,72200,1365959,98622239800,0.2778,-149643,85506,44249,-15236,10401,4695,12318,911,30266,17704,2184,894
2017-03-27,72600,72600,70400,71300,868109,61896171700,-1.2465,-39486,27798,8797,24721,-5154,-17534,-17384,-1673,25821,3272,-381,0
2017-03-28,72000,72100,69800,70700,932883,65954828100,-0.8415,-53959,92062,-36343,25691,-45444,-33936,7815,79,9452,-2534,774,0
2017-03-29,70400,71000,69200,70100,1062889,74508518900,-0.8487,-47391,41791,3404,59956,-31676,-6445,-13161,-1442,-2950,2500,-304,-878
2017-03-30,70100,70200,66500,68100,2225859,151580997900,-2.8531,36515,235530,-261379,-131912,-85144,-15565,-56065,832,28758,-10224,-442,-2283
2017-03-31,68300,68700,66900,67900,1201094,81554282600,-0.2937,-41533,46456,-58655,-31658,-8089,6017,-17233,0,-7690,52912,820,-2
2017-04-03,68400,69900,68300,68700,964628,66269943600,1.1782,-40819,105600,-71260,1883,2072,-4618,-23766,0,-45841,6204,275,-990
2017-04-04,69200,69200,68000,68300,583153,39829349900,-0.5822,26943,42374,-32015,-27154,-3894,10856,7003,-865,-17961,-36905,-397,0
2017-04-05,68300,69000,66500,67200,1116475,75027120000,-1.6105,-21812,131548,-101195,-17501,-17613,-3528,-27700,0,-34853,-10215,1674,0
2017-04-06,66900,70700,66300,70600,1571616,110956089600,5.0595,-396445,-9710,414990,33872,82468,141869,103437,-2682,56026,-7121,-1714,0
2017-04-07,71200,72200,69800,70900,1754356,124383840400,0.4249,-210887,335968,-138494,-1780,28369,-65192,3852,-216,-92669,16401,-2988,-10858
2017-04-10,70700,70900,67900,67900,1306155,88687924500,-4.2313,146717,-112710,-69367,7035,-66405,-43126,-9874,1580,41423,34754,606,0
2017-04-11,68100,69800,68100,69500,1032197,71737691500,2.3564,-220631,291356,-9063,46849,8992,-36262,-7046,0,-21691,-59993,-1669,95
2017-04-12,70000,70100,68900,69100,555051,38354024100,-0.5755,-99918,105192,11513,-5092,-9481,-7311,-8283,-113,42087,-15804,-983,-294
2017-04-13,69300,70300,69200,69500,550004,38225278000,0.5789,-146151,87736,50853,7248,1758,1299,5599,10000,24893,7680,-118,56
2017-04-14,69000,69000,67800,68300,492819,33659537700,-1.7266,72684,15640,-95815,-28741,4523,-38499,1559,0,-34687,7481,10,30
2017-04-17,68700,70200,68700,69600,558900,38899440000,1.9034,-127265,159209,-12454,15332,13754,-30905,197,-134,-10698,-15400,-4090,0
2017-04-18,70000,70300,68900,70000,544965,38147550000,0.5747,-157627,233144,-64019,-45243,3122,-8161,7235,0,-21021,-10725,-773,49
2017-04-19,70700,71500,70100,70700,947412,66982028400,1.0,-187149,202868,3389,-24811,14268,7038,-2161,500,8307,-18985,-123,248
2017-04-20,71300,71400,70400,71100,718589,51091677900,0.5658,-204465,262728,-33894,11634,-28635,3321,-2138,-123,-18161,-24222,-147,208
2017-04-21,71100,71300,70400,71000,581937,41317527000,-0.1406,-46377,71118,-20213,-30689,1546,8619,-1334,0,1501,-4174,-354,144
2017-04-24,71400,72200,71300,71700,551940,39574098000,0.9859,-183434,113284,38681,-7601,12939,12642,526,-2620,22686,32268,-799,109
2017-04-25,72000,72200,71500,72200,545785,39405677000,0.6974,-158962,211855,-35194,-7365,-890,9806,-3300,0,-33445,-17224,-475,0
2017-04-26,72800,72900,72300,72700,640000,46528000000,0.6925,-193312,214435,42319,2522,-5078,13178,-1313,0,33010,-62901,-541,0
2017-04-27,72700,73400,72000,72300,608575,43999972500,-0.5502,-20162,36706,-1614,43711,-29716,17354,1546,77,-34586,-14829,-101,0
2017-04-28,72000,72100,68700,69100,2295287,158604331700,-4.426,640911,-784177,54376,18345,-41083,9641,20962,3965,41028,86921,1969,1518
2017-05-02,69600,71000,69200,70400,1301950,91657280000,1.8813,-175809,300380,-117150,-64542,-42411,14728,-35792,3,10632,-7352,-69,232
2017-05-04,71800,72400,71200,71700,799566,57328882200,1.8466,-196020,223419,40351,47052,9619,-8143,2910,0,-11087,-68016,266,0
2017-05-08,72900,77000,72900,77000,2624129,202057933000,7.3919,-1233720,991063,226548,51382,40774,61321,4973,-1072,69308,19708,-3599,-138
2017-05-10,77100,78800,75900,76300,1904728,145330746400,-0.9091,-53724,36521,42270,-78136,-8811,90101,-27894,-95,67105,-23959,-1108,0
2017-05-11,77000,79800,76900,79800,1876649,149756590200,4.5872,-337409,361879,-20452,-69025,-22780,53611,-28582,995,44820,-2154,-1864,509
2017-05-12,80200,81300,79300,81200,1589519,129068942800,1.7544,-360437,306693,58466,9913,-19630,43018,264,-37,24938,-3901,-821,0
2017-05-15,81800,81800,79200,81000,1261164,102154284000,-0.2463,68588,-169788,96836,6062,-3753,9356,-10202,0,95263,4398,-34,110
2017-05-16,81400,82000,78600,79000,1357416,107235864000,-2.4691,194441,-190026,-23075,-31138,-14814,-16859,-33578,0,73186,16598,2062,128
2017-05-17,79500,80900,79400,80000,857014,68561120000,1.2658,-77871,81272,-9910,-22569,6557,-13560,17359,0,2303,6861,-352,0
2017-05-18,78800,79700,78500,79100,716864,56703942400,-1.125,-62848,94332,-23270,-45793,16805,-3735,-2381,-120,11954,-8334,120,0
2017-05-19,79600,81400,79400,81400,1094715,89109801000,2.9077,-362193,265901,100115,-1466,40948,13041,9576,2326,34301,-1575,-2248,1389
2017-05-22,82200,82300,81100,81600,585488,47775820800,0.2457,-48400,9921,33895,32342,29398,-1447,8244,1678,-36373,4303,281,53
2017-05-23,82200,82200,81000,81100,573284,46493332400,-0.6127,15637,-18819,-3008,-3035,4779,2320,-10882,511,3959,5649,541,-660
2017-05-24,81200,82400,80900,82300,538991,44358959300,1.4797,-169193,119270,49738,9485,11664,7588,6537,-159,14534,82,103,89
2017-05-25,82800,82800,81700,82300,513491,42260309300,0.0,-16605,-36429,68371,9473,360,10596,3049,399,44494,-17600,2263,0
2017-05-26,82300,82400,81300,81900,665382,54494785800,-0.486,67256,-51185,-10245,22785,-2391,-7301,-8326,1119,-17202,-7060,1234,1071
2017-05-29,81700,84300,81700,83500,823722,68780787000,1.9536,-206086,179481,26262,-27665,-4823,-7586,686,-593,66243,1369,-1026,0
2017-05-30,83700,84100,82300,83500,525707,43896534500,0.0,-34491,-23106,54899,172,8553,5662,10211,0,30301,1934,764,0
2017-05-31,83500,83600,82100,82500,714803,58971247500,-1.1976,13776,-36267,32586,-6969,-2314,-2732,-8940,5153,48334,-4561,-5534,54
2017-06-01,82700,82900,81300,81300,628909,51130301700,-1.4545,61296,46157,-105552,-54253,-496,-25237,-1194,19,-24439,-2788,887,48
2017-06-02,82100,86900,82100,86600,1869364,161886922400,6.5191,-772325,573673,198055,52444,94643,6647,8277,4191,32260,-683,1280,-407
2017-06-05,87700,88900,86900,87300,998730,87189129000,0.8083,21580,-30050,9907,-3917,25565,24916,728,-175,-37105,-1658,221,-105
2017-06-07,86700,87100,84900,85300,1346470,114853891000,-2.291,365779,-380143,-601,-14742,-946,393,4660,408,9774,12879,2086,-148
2017-06-08,85800,87800,85000,86800,1330511,115488354800,1.7585,-129129,-268568,398720,243509,81450,8429,53959,-1010,12513,-1043,20,-130
2017-06-09,87500,88800,87300,88300,896973,79202715900,1.7281,-205992,88524,117321,56775,43977,6205,5095,3029,2240,306,-159,0
2017-06-12,86800,87000,85200,85600,1341050,114793880000,-3.0578,391233,-307934,-121011,34765,-37873,-121295,24614,-3007,-18215,36795,917,0
2017-06-13,85000,86100,83800,85800,1213895,104152191000,0.2336,118709,-97997,-2637,17045,-32707,-12904,5327,586,20016,15850,-33925,0
2017-06-14,86400,88000,85400,85900,987899,84860524100,0.1166,-61186,-14339,99047,109232,-27371,-23167,-1462,1744,40071,-17726,-5796,0
2017-06-15,85900,87700,85300,87300,877550,76610115000,1.6298,-204409,139464,37530,98121,-21496,3887,9308,-46230,-6060,26853,562,0
2017-06-16,87200,87500,85800,86100,737508,63499438800,-1.3746,135245,-212980,70120,21305,226,-5600,8216,-786,46759,4649,2966,0
2017-06-19,86100,86900,84800,86200,662054,57069054800,0.1161,-5014,40971,-6813,-33158,-7851,-2912,11576,0,25532,-26001,-3143,0
2017-06-20,87300,87500,85700,86000,628514,54052204000,-0.232,26870,47352,-65929,8072,-22566,-2270,-13564,-4600,-31001,-1470,-6823,0
2017-06-21,86000,86300,84100,85900,722785,62087231500,-0.1163,-62374,1254,59354,-12408,12376,-2379,16198,30,45537,424,1342,0
2017-06-22,85300,86100,81300,81900,2179462,178497937800,-4.6566,410596,-80928,-345388,-171319,-24116,-74452,-79460,-859,6409,11125,4595,-1591
2017-06-23,82500,84100,81800,84100,1151493,96840561300,2.6862,-184709,278922,-80592,-39450,-22672,-15514,-7282,0,4326,-12297,-1324,0
2017-06-26,84600,85500,83600,85100,734655,62519140500,1.1891,-64369,41882,22766,6469,1618,2816,4145,-3400,11118,-1561,1282,0
2017-06-27,84300,84800,82200,82300,1431967,117850884100,-3.2902,430080,-88965,-342301,-161617,-97284,-10688,-36840,1353,-37225,-7558,8744,0
2017-06-28,81900,82000,78500,79300,1989102,157735788600,-3.6452,146328,-8436,-137752,-38035,-50839,-25661,-26696,-2177,5773,-4695,4555,-117
2017-06-29,80300,81200,79500,79700,1018774,81196287800,0.5044,-103053,160202,-52752,-48546,-32722,3593,-25587,-966,51476,-6037,1640,0
2017-06-30,78500,80700,78100,80200,999093,80127258600,0.6274,-125316,159742,-56515,-38910,14241,-16064,-1299,-124,-14321,-201,22290,-38
2017-07-03,80400,82300,80300,80900,928999,75156019100,0.8728,9940,9852,-41234,-32582,11361,-2745,-6047,894,-12114,24573,-3131,-1
2017-07-04,80500,80800,79600,79900,566386,45254241400,-1.2361,15436,-22830,-1684,5312,-9249,11126,-20087,-181,11395,-140,9218,0
2017-07-05,79900,81300,79400,79900,648725,51833127500,0.0,54742,-28107,-15327,2715,-1121,-4468,-17204,-2365,7116,-20220,8912,0
2017-07-06,80500,80600,76600,77100,1965678,151553773800,-3.5044,531302,-169530,-391777,-67936,-66913,-58855,-66967,-960,-131935,15410,14595,1789
2017-07-07,76400,76400,73800,73900,2330893,172252992700,-4.1505,278925,26436,-315459,-163520,-72495,-31636,-34579,2390,-16288,4288,5810,669
2017-07-10,72700,72800,70700,70800,3056226,216380800800,-4.1949,226645,-320226,86580,-43820,-37406,56261,-4563,20867,95399,2839,4162,-158
2017-07-11,71300,72000,70000,71500,1546488,110573892000,0.9887,66447,-161893,79239,6463,877,31844,-3224,9635,33644,5195,11012,0
2017-07-12,72000,73000,70800,70800,1208011,85527178800,-0.979,243255,-170132,-69461,-34709,14236,-2828,-9238,-1570,-35145,3636,-7298,-207
2017-07-13,71300,72500,71000,71200,1363044,97048732800,0.565,19273,41372,-64021,-32534,1525,7451,10736,-2087,-49112,8487,-5111,0
2017-07-14,71900,72200,69000,69500,1764528,122634696000,-2.3876,213947,-153801,-54987,-67781,5221,4564,3122,-39332,39476,-9116,3957,-257
2017-07-17,69900,70400,69700,70100,741053,51947815300,0.8633,-21459,14102,-12499,-15848,-20154,26724,-11534,-10,8323,19746,110,0
2017-07-18,70300,70700,69600,70000,660135,46209450000,-0.1427,47837,-73105,21970,-7011,-10793,4869,2968,-1672,33609,3923,-625,0
2017-07-19,70200,71400,70200,70500,1017542,71736711000,0.7143,148851,-275490,98232,15614,8965,-24449,7348,144,90437,25522,2885,173
2017-07-20,70900,71200,69200,69400,956192,66359724800,-1.5603,183708,-141870,-64875,-27139,-12560,28565,-74890,-3893,24867,22084,953,175
2017-07-21,69800,70100,68200,68200,1015026,69224773200,-1.7291,44610,32711,-57081,-55050,-16308,-4983,-3502,-6868,29916,-21151,911,-286
2017-07-24,68200,68400,66700,67500,1417600,95688000000,-1.0264,85060,-93001,45816,452,-27098,-3084,5277,-7441,78129,-35307,-2568,-419
2017-07-25,67500,68200,67300,67500,838858,56622915000,0.0,39815,-126945,83007,40353,-3777,14626,-12614,11133,28603,416,3707,4683
2017-07-26,67900,68700,67300,67900,1066820,72437078000,0.5926,35819,-173597,126939,31751,16971,4248,-6680,305,80344,11007,-168,0
2017-07-27,68200,68300,66300,66500,1371488,91203952000,-2.0619,421011,-395892,-34200,-32459,-14361,-1179,-9145,0,20657,8815,266,2287
2017-07-28,66800,67800,66300,66700,1282188,85521939600,0.3008,-194726,152405,46905,12829,12711,-14568,-201,-3645,39892,-4775,191,-113
2017-07-31,67000,67600,66500,67100,659263,44236547300,0.5997,-13081,-74659,88473,-19885,643,64698,-8647,-1216,52748,-2542,1809,132
2017-08-01,68000,69600,67800,68300,1485811,101480891300,1.7884,-61614,-90309,147523,85784,21828,13619,25057,4450,-1900,4837,-437,-1315
2017-08-02,69200,69500,67300,68400,838130,57328092000,0.1464,170851,-244055,72843,22654,4789,-5814,1339,32603,12272,211,150,5000
2017-08-03,68900,69200,68100,68400,838838,57376519200,0.0,-85467,-83245,160635,83778,23784,32852,3345,3881,10995,8178,-101,2000
2017-08-04,69000,72100,68800,71800,1976833,141936609400,4.9708,-392434,-746,385162,97471,86924,51873,173951,9024,-35918,9589,-1571,1837
2017-08-07,72300,72700,71500,71600,947809,67863124400,-0.2786,-59533,-146621,216550,122916,43170,24784,18691,2998,1991,-14532,4136,2000
2017-08-08,72100,72200,70300,71600,713434,51081874400,0.0,-13892,-60335,58531,19340,22412,15157,3363,-4059,2318,10687,5009,0
2017-08-09,70700,71500,70500,71400,690037,49268641800,-0.2793,-34775,-68942,112224,82869,9097,6326,-2513,6500,9945,1508,-10015,0
2017-08-10,71400,74100,71400,73700,1796419,132396080300,3.2213,-559155,283572,285550,95637,55723,31452,47859,11520,35563,-5531,-4436,7796
2017-08-11,72600,74700,71600,73400,1581856,116108230400,-0.4071,-410318,-33211,443072,149391,74842,45417,73171,-3245,101406,3784,-3327,2090
2017-08-14,74200,74700,73000,73700,798565,58854240500,0.4087,-66716,-13693,78358,23499,35868,5227,8613,-277,5428,1757,294,0
2017-08-16,74000,74500,73100,74000,769023,56907702000,0.4071,4729,-9128,-6637,21646,903,-14917,-24957,-200,10888,12129,-1093,0
2017-08-17,74000,74200,73000,73600,662603,48767580800,-0.5405,-3022,28568,-9075,7756,14636,1577,-4362,330,-29012,-17283,812,0
2017-08-18,72600,73300,72000,73000,751321,54846433000,-0.8152,-21586,-30560,30734,39215,-4810,2730,-16785,-200,10584,21788,-376,0
2017-08-21,72800,75900,72800,75800,1159623,87899423400,3.8356,-414211,287565,106726,70952,15551,12989,14344,-608,-4502,21572,-1652,-2000
2017-08-22,76000,76400,75300,75700,697166,52775466200,-0.1319,63595,-53994,11005,-20271,-4271,815,5767,0,28965,-20477,-129,0
2017-08-23,76200,78500,76100,77500,1309345,101474237500,2.3778,-266391,109250,164338,143951,40011,18823,-2041,-20108,-16298,-8189,992,0
2017-08-24,77800,78000,76600,77400,811372,62800192800,-0.129,-34689,-178939,213885,159110,34026,975,6594,12,13168,-890,633,0
2017-08-25,77800,77900,76800,77700,442385,34373314500,0.3876,11104,-99872,80321,31821,21830,-2270,5798,657,22485,8194,253,0
2017-08-28,77500,77600,75900,76300,553675,42245402500,-1.8018,65241,-116947,34009,51635,-756,-21851,-4954,-13,9948,18816,-1119,0
2017-08-29,75500,75500,73400,74400,1540731,114630386400,-2.4902,259497,-303315,54595,18723,44628,-9605,-14625,4109,11365,-11355,578,0
2017-08-30,75500,82400,75200,82300,3932544,323648371200,10.6183,-1060818,455606,634120,343463,83402,79052,90834,8292,22616,-18559,-10349,6461
2017-08-31,82700,82800,80200,81500,1889427,153988300500,-0.9721,53536,-241482,198210,98692,19499,21949,38074,-10881,25692,-9141,-1123,5185
2017-09-01,82900,84300,81000,83600,1944745,162580682000,2.5767,-186703,-226600,446553,288169,78014,39495,31226,-1043,11507,-22191,-11059,-815
2017-09-04,81700,84100,81600,82700,1508080,124718216000,-1.0766,-227322,-16101,258719,148978,19060,51563,27888,-124,8854,3555,-18851,2500
2017-09-05,83300,87000,83300,86500,2612281,225962306500,4.5949,-729065,402169,354269,242454,28087,24202,19938,-530,35118,-7495,-19878,5000
2017-09-06,87000,87400,85300,85300,1564911,133486908300,-1.3873,165364,-138983,-10702,20504,-33005,-22252,-10376,-6866,42428,-15777,98,-1135
2017-09-07,85900,87100,85000,85300,1268664,108217039200,0.0,-142470,176899,-32625,-25257,-2745,-19613,-3153,0,19607,2136,-3940,-1464
2017-09-08,85700,85800,82200,82500,1944947,160458127500,-3.2825,4365,62457,-54655,10554,-45266,-61017,20262,-2687,23499,-10443,-1724,0
2017-09-11,83300,83600,81500,83100,1501501,124774733100,0.7273,227355,-314252,76087,78826,-12025,-20125,16519,1451,13941,6238,4572,-2500
2017-09-12,83800,83900,82400,83000,937921,77847443000,-0.1203,-63631,-54789,142196,123892,16692,-4060,17164,6617,-18180,-12379,-11397,71
2017-09-13,83800,88500,83700,87400,2808612,245472688800,5.3012,-785149,351647,443466,372259,23450,-5862,58081,8008,-14030,-623,-9341,1560
2017-09-14,87700,88300,86600,87900,1709823,150293441700,0.5721,52895,-177327,119623,-16465,-3509,-3476,42788,-4930,106361,9943,-5134,-1146
2017-09-15,87400,91500,87300,89500,2655625,237678437500,1.8203,-491473,120409,358758,202051,24332,38200,61953,2651,29750,17563,-5257,-179
2017-09-18,90800,92300,89800,91000,1506118,137056738000,1.676,-126809,36376,91029,78693,37113,12856,36606,-13603,-56561,9375,-9971,-4075
2017-09-19,91000,91000,88400,89000,1473897,131176833000,-2.1978,161053,-78946,-79266,-177862,-9782,5915,-353,-11267,117478,-10979,8138,-3395
2017-09-20,89300,89300,86500,86600,1666502,144319073200,-2.6966,142446,140593,-277732,-149893,-47127,-39402,-16651,-11736,-11355,877,-6184,-1568
2017-09-21,86600,88400,84700,86400,1397736,120764390400,-0.2309,96079,-19883,-78398,-54017,-18966,-27015,-1391,-4738,29657,2225,-23,-1928
2017-09-22,86500,88800,85500,87400,1254640,109655536000,1.1574,-49702,63276,-13629,3419,-34136,4594,-19300,221,27573,869,-814,4000
2017-09-25,86800,88000,83800,84300,1536892,129559995600,-3.5469,117083,-57340,-64971,-46724,-22109,3873,-1051,4535,-3495,3056,2172,0
2017-09-26,83500,83700,80700,81800,1607876,131524256800,-2.9656,6958,100037,-113671,-493,-57809,-21729,-50377,1246,21664,5807,869,-6173
2017-09-27,82000,83400,81000,81200,973194,79023352800,-0.7335,62137,831,-78703,-8283,-59244,466,-12584,-6129,7071,7835,7900,0
2017-09-28,81300,81400,78900,80100,1379732,110516533200,-1.3547,87455,48315,-132346,44077,-66290,-67044,-3153,-1063,-38873,-7170,3746,0
2017-09-29,80400,82500,80200,82400,909359,74931181600,2.8714,-50154,11647,27910,49795,-5431,2973,1807,-9947,-11328,10700,-103,41
2017-10-10,79700,81500,78900,80800,2417240,195312992000,-1.9417,265004,-51562,-281863,-35818,-88033,6424,-88295,1043,-75945,57502,10919,-1239
2017-10-11,82100,88000,81800,87400,3091409,270189146600,8.1683,-878599,419262,501108,236170,125743,92006,59064,-752,-11393,-37528,-4243,270
2017-10-12,87600,91700,87500,87900,2679580,235535082000,0.5721,-359198,452441,-81985,-58932,-18766,-20589,3416,-3571,16411,-14135,2877,46
2017-10-13,89300,90500,88000,88500,1148910,101678535000,0.6826,-305439,222022,88096,3921,6978,1974,5937,173,68922,-3068,-1611,191
2017-10-16,89400,91700,88800,89300,1370439,122380202700,0.904,-159757,111459,49753,29884,-11511,12286,4137,0,15088,1684,-3139,-131
2017-10-17,88800,90900,87700,89800,1201400,107885720000,0.5599,-161114,109106,57299,25565,-22040,20231,18707,3585,12660,-4056,-1235,-1409
2017-10-18,90500,91700,89700,90400,1235889,111724365600,0.6682,-246660,204960,69031,32465,1958,22777,-9789,0,21925,-29404,2073,-305
2017-10-19,91500,97500,90600,96500,4384919,423144683500,6.7478,-1024511,613788,431199,176935,86256,68248,32232,11848,52539,-8654,-11822,3141
2017-10-20,96500,96800,94300,95300,1516859,144556662700,-1.2435,-10817,7877,-187,-54991,3164,23628,4513,0,23499,5269,-2142,0
2017-10-23,95600,98500,94800,97200,1696409,164890954800,1.9937,-137517,168294,-28223,-13115,13726,-35758,7583,0,-659,-875,-1679,0
2017-10-24,96900,98200,93400,93400,1526327,142558941800,-3.9095,49499,13235,-78309,-129363,-9781,-11138,-19951,-39,92009,10990,4585,-46
2017-10-25,94600,95900,92900,93900,1127777,105898260300,0.5353,-71833,146631,-73942,-50884,17864,-27017,-2824,530,-11717,-2111,1255,106
2017-10-26,94200,94900,92500,92700,1028083,95303294100,-1.278,-66751,93478,-28698,-23532,836,-634,-13733,-2000,10365,-119,2090,0
2017-10-27,93500,95500,92100,92800,1312328,121784038400,0.1079,46627,127896,-168076,-128175,-18279,13672,-11809,-222,-22263,-3342,-3105,-1000
2017-10-30,93500,95700,92600,94800,1146628,108700334400,2.1552,-257359,256528,1204,29579,7020,-20844,451,-1657,-12924,9399,-9772,-421
2017-10-31,95300,96100,90800,91000,2091668,190341788000,-4.0084,463262,-63732,-416468,-265596,-33847,-49314,14179,-3586,-76195,-7634,24572,-2109
2017-11-01,91100,93400,90600,92300,1413470,130463281000,1.4286,-155062,376985,-220311,-139764,-18793,-37915,8461,7398,-40312,-1864,252,614
2017-11-02,92500,94200,90500,91600,1238258,113424432800,-0.7584,95170,91992,-198677,-187663,-18973,-4544,-14137,0,26640,14953,-3438,0
2017-11-03,91800,93000,91000,92000,865372,79614224000,0.4367,-26097,79569,-59060,-105667,25041,-4956,-8256,-5937,40715,7953,-2365,0
2017-11-06,91700,94500,91700,93200,1470396,137040907200,1.3043,-84997,195013,-109118,-63559,1339,-6219,-16698,1703,-25684,11887,-12785,0
2017-11-07,92900,93500,91000,91300,1081425,98734102500,-2.0386,142482,28031,-153914,-155727,-6607,15281,-2170,2724,-7415,-21612,5013,0
2017-11-08,91000,92500,90700,92400,740499,68422107600,1.2048,-155441,241604,-90598,-82357,6536,-4765,4258,0,-14270,4718,-283,0
2017-11-09,92800,97000,92700,96000,2106195,202194720000,3.8961,-593488,531774,84289,-78281,22056,40553,54629,-4155,49537,6422,-28997,-50
2017-11-10,96000,96400,93900,94400,1074369,101420433600,-1.6667,-73591,-71244,101394,7599,-4910,-11788,-257,2000,106856,43177,264,1894
2017-11-13,94400,95200,92400,93000,877548,81611964000,-1.4831,37636,-9411,-24060,22093,-10636,-21864,2553,5315,-21536,-1595,-2570,15
2017-11-14,92500,93000,90300,91500,1235545,113052367500,-1.6129,145555,-75836,-86141,-14811,-41147,-2792,-19404,4417,-11405,10747,5675,-999
2017-11-15,92100,92200,90600,91300,850027,77607465100,-0.2186,-46395,85403,-28908,4623,2376,-15806,1168,5555,-26877,-8564,-1536,53
2017-11-16,91300,92900,90100,92200,884980,81595156000,0.9858,-89760,75967,8924,7683,-10058,2285,-1425,6345,4147,4892,-23,-53
2017-11-17,93100,93800,92200,92600,750975,69540285000,0.4338,-27466,117044,-89856,-63006,-9228,2542,-3565,6288,-22887,-16,294,0
2017-11-20,93000,93700,92200,92200,617288,56913953600,-0.432,13059,57370,-42825,-28143,-3581,2954,7751,3131,-24937,-27076,-528,0
2017-11-21,92300,93000,90900,92900,705381,65529894900,0.7592,-80351,123950,-35150,9255,-17525,-8947,-14769,1237,-2805,-6905,-1544,-1596
2017-11-22,92500,96800,92500,95900,1671226,160270573400,3.2293,-541628,295745,258290,112131,37517,20308,29996,173,58215,-9448,-2959,-50
2017-11-23,96000,96700,94100,94100,745586,70159642600,-1.877,35549,-18769,-1878,-34248,-281,3364,2777,5233,21277,-13536,-1366,0
2017-11-24,93600,94400,93000,93400,404062,37739390800,-0.7439,-2809,-39654,35891,-2526,4111,2956,-1831,-1669,34850,6599,-27,0
2017-11-27,93500,94400,92100,92200,663809,61203189800,-1.2848,22932,-15458,-8902,-26959,8256,8126,-1186,1000,1861,1281,147,0
2017-11-28,92500,93300,91200,91800,608339,55845520200,-0.4338,-39984,64685,-22752,-37683,15946,-3133,-20628,-3777,26523,-1902,-47,0
2017-11-29,92500,92800,90600,91400,679015,62061971000,-0.4357,46766,82274,-128024,-24877,10625,-5533,-76709,-266,-31264,-1151,135,0
2017-11-30,91300,92000,89500,90000,898094,80828460000,-1.5317,-111078,131783,-20365,-63447,2870,-19685,299,-82,61732,-358,18,-2052
2017-12-01,90600,93900,90500,93500,840847,78619194500,3.8889,-319042,277374,48591,39166,22716,697,266,-625,-15091,-7316,393,1462
2017-12-04,93600,94400,92500,94400,551331,52045646400,0.9626,-118332,120780,1239,10504,12152,-6381,-246,-28,-14762,-3503,-184,0
2017-12-05,93900,94800,93200,94300,458094,43198264200,-0.1059,-72768,43291,29714,-4733,21893,6518,3256,5641,-2507,-180,-57,-354
2017-12-06,94100,96500,93600,93600,862910,80768376000,-0.7423,-146023,119291,31053,40447,3262,-11580,-3362,-1362,3648,-3381,-940,0
2017-12-07,94500,96500,94000,96200,1287867,123892805400,2.7778,-450216,288260,156664,58652,29137,21922,1077,-2597,48432,5545,-253,41
2017-12-08,96000,97200,94200,94500,794868,75115026000,-1.7672,-36463,30771,7442,-58338,24836,-4397,-2263,76,47578,-1800,50,-50
2017-12-11,95900,96800,94800,96700,786713,76075147100,2.328,-227199,26065,208675,131949,18679,23035,8181,-43,21874,-7634,93,5000
2017-12-12,96000,98700,96000,98000,1318613,129224074000,1.3444,-312206,-39353,383243,274264,17709,33109,41663,4344,7322,-31661,-23,4832
2017-12-13,98000,98300,96900,97900,723184,70799713600,-0.102,-123735,-47188,172270,67988,12208,17913,-5387,555,79002,-908,-439,-9
2017-12-14,97900,104000,97900,101500,2495201,253262901500,3.6772,-697342,528893,183939,17376,766,41449,35483,4197,84674,-14462,-1028,-6
2017-12-15,103000,106000,102500,105500,1496469,157877479500,3.9409,-429854,185850,243586,166028,25433,53775,-19745,-30480,48124,1789,-1371,451
2017-12-18,106500,106500,103000,104000,716415,74507160000,-1.4218,-32086,-34428,75923,23530,5942,-979,613,531,46286,-9112,-297,0
2017-12-19,104500,106000,102500,103500,825856,85476096000,-0.4808,-44284,22465,27886,-11115,16443,-20470,7568,3842,31157,-5445,-622,461
2017-12-20,104000,104500,101500,103000,587992,60563176000,-0.4831,-52958,-72302,122327,27340,18494,-9565,3057,-1773,84774,2227,706,0
2017-12-21,102500,103000,98400,99300,1115976,110816416800,-3.5922,-481,-48884,49872,-25260,3180,10745,3987,-7096,64316,-1180,673,0
2017-12-22,100500,101500,99400,100000,591818,59181800000,0.7049,-130299,114494,39121,-7879,13092,-19930,20352,4900,28587,-23460,144,-1
2017-12-26,101500,102500,99200,99200,934572,92709542400,-0.8,-240351,78312,164479,83427,24854,-7486,8227,100,66357,1702,-4142,-11000
2017-12-27,101500,107000,101000,107000,1187463,127058541000,7.8629,-11255,-35231,38838,-22489,31822,-9367,74794,15701,-65061,-1857,9505,13438
2017-12-28,107000,109500,105000,106000,822274,87161044000,-0.9346,-13840,-86999,102428,37615,33586,23229,-1774,2690,7038,-554,-1035,44
2018-01-02,106500,111000,105500,109500,948226,103830747000,3.3019,1435,-70501,75944,23264,20574,22709,17840,-702,-7993,-6907,29,252
2018-01-03,109500,110500,107500,109500,627983,68764138500,0.0,89631,-22148,-64378,17033,7084,-1768,-10957,1319,-67855,-3331,226,-9234
2018-01-04,110500,111000,105000,106000,977691,103635246000,-3.1963,53673,-59741,1038,-34487,21563,-13908,32363,21,-4514,4279,751,0
2018-01-05,106000,111500,106000,111000,883832,98105352000,4.717,-198362,74215,126421,94940,26699,-1545,20689,1000,-21362,-1866,-408,6000
2018-01-08,113500,114000,103500,105000,2480029,260403045000,-5.4054,867992,-150871,-714262,-200687,-91094,-136744,-46438,-27228,-211125,6823,-9682,-946
2018-01-09,105000,110000,105000,109000,1387659,151254831000,3.8095,-270801,112945,147164,7546,-2281,58690,-1380,870,85191,12890,-2198,-1472
2018-01-10,109000,111500,107500,109000,909012,99082308000,0.0,-110440,19512,94127,2921,9186,40437,14073,2148,26354,-3533,334,-992
2018-01-11,110000,111000,108500,110500,791790,87492795000,1.3761,-37197,83955,-43019,-56734,-3164,-2328,-6764,-9000,34971,-1393,-2346,0
2018-01-12,110500,111500,107000,109500,823474,90170403000,-0.905,65934,-50541,-18454,-15292,903,-9093,-23360,126,27254,-6,3067,1008
2018-01-15,109500,110000,106000,107000,695438,74411866000,-2.2831,36493,-5570,-29485,-8284,16278,-9887,-33349,159,606,-1378,-60,4992
2018-01-16,106500,108500,105000,108000,555065,59947020000,0.9346,-56738,11220,46206,40390,-6579,-6924,6411,-3635,12717,90,-778,3826
2018-01-17,108500,113000,108000,110500,815085,90066892500,2.3148,-112030,30620,84140,39894,9901,-4579,17192,-1111,21459,-3201,471,1384
2018-01-18,112000,112000,107500,107500,503773,54155597500,-2.7149,91750,-58137,-35973,-1357,547,-5524,-2932,-96,-26611,1824,536,0
2018-01-19,107000,109500,106500,107500,533503,57351572500,0.0,-70776,121606,-50453,-40454,-14,-12485,-1522,996,3026,93,-470,0
2018-01-22,108500,109000,106500,109000,469543,51180187000,1.3953,-84297,115239,-29926,8318,8364,-20364,3568,-42,-29906,-187,-829,136
2018-01-23,107500,110000,103500,109500,1166939,127779820500,0.4587,-98300,117728,-19776,27733,2124,-47630,-8004,3194,1740,457,-109,1067
2018-01-24,107500,108500,102000,102500,1406328,144148620000,-6.3927,354497,-5052,-340738,-212455,-2906,-69852,-54574,-6326,7815,-10630,1923,-2440
2018-01-25,102500,104500,101000,103500,899675,93116362500,0.9756,-36706,160715,-125608,-87285,-50975,-5188,-28998,-3502,50340,989,610,0
2018-01-26,104500,105500,102500,103000,777285,80060355000,-0.4831,107541,-72155,-40281,-24159,-4051,-38271,3505,392,22307,6163,-1268,-4
2018-01-29,103000,104000,101000,102000,1031365,105199230000,-0.9709,273358,34319,-315249,-200695,-32431,-61222,-12492,-301,-5933,1801,5771,-2175
2018-01-30,101500,103000,100500,101000,735284,74263684000,-0.9804,121453,-25351,-82784,-61607,-25301,-14321,5964,1940,10552,-14141,823,-11
2018-01-31,100500,103000,100000,102500,804156,82425990000,1.4851,-71407,67351,12798,-20697,19955,8162,2002,0,4372,-3008,-5734,-996
2018-02-01,103000,104000,101000,103500,860002,89010207000,0.9756,-89416,75909,11705,-4557,4211,6240,-9864,0,15774,883,919,-99
2018-02-02,103000,103500,99900,101000,975164,98491564000,-2.4155,112563,87566,-204221,-167613,-55474,27580,-8857,-6058,8201,1081,3011,-2000
2018-02-05,99400,99600,97200,97700,745562,72841407400,-3.2673,38739,44220,-75221,-18887,-10291,-6033,-18146,-9363,-12368,-10008,2270,-133
2018-02-06,94900,96700,93400,96100,1094871,105217103100,-1.6377,-16572,49986,-30013,-8354,-4035,5740,-11125,2136,-14399,-3253,-148,24
2018-02-07,98000,100500,96000,96500,1082264,104438476000,0.4162,-25193,-17702,47162,72847,38053,-5678,24338,2180,-84578,389,-4656,0
2018-02-08,97200,99700,97100,99300,813467,80777273100,2.9016,-129015,48874,83068,98488,49868,-4476,9055,0,-71867,-1595,-1332,2000
2018-02-09,96500,98200,96200,96300,645790,62189577000,-3.0211,49605,-54249,2895,39128,45170,-1945,-11424,-42,-68492,1616,133,500
2018-02-12,97300,98300,96400,96700,390757,37786201900,0.4154,28651,-30819,955,13006,23370,-3458,1251,2003,-35217,193,1020,0
2018-02-13,97400,101000,96500,99200,782907,77664374400,2.5853,-169137,79599,93437,55528,19755,29246,32477,2053,-32622,-2046,-1853,-13000
2018-02-14,100000,101000,96900,97200,570366,55439575200,-2.0161,160105,-145074,-33362,664,-14289,-7202,-4035,70,-8502,3015,15316,-68
2018-02-19,99400,103000,98900,102500,893618,91595845000,5.4527,-414338,216910,193959,63134,30063,33725,12666,7573,40828,19033,-15564,5970
2018-02-20,102500,104500,101500,104000,632252,65754208000,1.4634,-265016,188159,75714,5631,22506,26092,21322,1937,-2263,1859,-716,489
2018-02-21,103500,104000,100000,101000,895703,90466003000,-2.8846,185300,-114081,-60769,16716,-6850,-40299,-4549,23,-26267,-10162,-288,457
2018-02-22,101500,103000,99200,99800,572286,57114142800,-1.1881,81772,-30695,-51331,13335,-21836,-10246,-18989,-900,-12695,165,89,0
2018-02-23,100000,102000,99000,102000,502137,51217974000,2.2044,-45052,75755,-31680,-35192,-27481,-813,9288,-1326,24147,1602,-625,-303
2018-02-26,103000,103000,100500,102000,480011,48961122000,0.0,-31746,14196,14839,-22161,514,24907,-18384,-464,30519,2380,331,-92
2018-02-27,103000,103500,100500,100500,386397,38832898500,-1.4706,33462,-15954,-22948,-4479,789,-7467,-16715,-4080,9200,5969,-529,-196
2018-02-28,100000,102500,99900,99900,508365,50785663500,-0.597,-38721,2972,31304,1175,5611,27671,2255,6510,-15028,3850,595,3110
2018-03-02,99400,101500,98000,101000,499607,50460307000,1.1011,-58942,39076,29863,6414,15688,28720,11702,0,-32608,-8927,-1070,-53
2018-03-05,101500,104500,101500,103500,866063,89637520500,2.4752,-433013,206141,220874,106249,28591,72196,10507,1046,2285,6915,-917,0
2018-03-06,105000,106000,102500,106000,813711,86253366000,2.4155,-367666,176701,194497,49487,14753,66634,19091,29512,14873,-3144,-388,147
2018-03-07,106500,109000,105000,107000,1125599,120439093000,0.9434,-370137,-36729,411775,141850,83620,72420,71103,850,41578,-3440,-1469,354
2018-03-08,108500,109000,105500,107000,911403,97520121000,0.0,-92516,87373,-191,76811,-64459,39801,6678,-20524,-40478,3042,2292,1980
2018-03-09,109000,110500,108000,109000,830465,90520685000,1.8692,-197881,69271,125309,19062,45066,2203,12939,-7925,53687,3786,-485,277
2018-03-12,110500,111000,108500,109500,573289,62775145500,0.4587,-132886,95202,39490,12839,6964,-8054,10438,-132,17363,-2838,1032,72
2018-03-13,110500,114000,109500,113500,1151725,130720787500,3.653,-506271,253555,263861,141439,62937,7174,42770,3725,6032,-10584,-561,-216
2018-03-14,112500,114000,111000,113000,754011,85203243000,-0.4405,25712,-28078,1059,-8983,32479,-5612,-494,-2272,-13157,2117,-810,-902
2018-03-15,113500,113500,109000,111000,753489,83637279000,-1.7699,93240,-6645,-88595,-54470,-9458,-18224,7854,-4283,-8503,544,1456,-1511
2018-03-16,111000,111500,109000,110500,639540,70669170000,-0.4505,-9576,49048,-41318,-44132,6077,3731,-6294,-477,696,3942,-2096,-919
2018-03-19,110500,112500,110000,111000,302806,33611466000,0.4525,-80593,55386,26896,-1966,-551,10870,-2107,1778,18862,-598,-1091,10
2018-03-20,110000,111000,109000,110000,488409,53724990000,-0.9009,18118,-26173,909,8819,-10352,-21684,-1781,0,25907,6701,445,0
2018-03-21,109500,112500,109500,112500,575722,64768725000,2.2727,-104620,24522,83257,33678,10377,-3390,11791,4608,26194,-3882,723,-1
2018-03-22,112500,114500,111000,111500,608489,67846523500,-0.8889,-9801,-21954,32414,-5128,15161,-12695,2731,-1544,33705,-688,29,184
2018-03-23,108500,110000,106000,106500,696815,74210797500,-4.4843,40523,-25018,-17452,-12367,4709,-3498,10764,4536,-21686,371,1576,90
2018-03-26,106500,110500,106500,109000,730771,79654039000,2.3474,-229738,101087,124732,-9930,6230,66639,39547,5810,13332,5586,-1667,3104
2018-03-27,111500,113000,111000,111500,904837,100889325500,2.2936,-159194,-124021,279519,78392,73283,19854,56011,4139,46596,5444,-1748,1244
2018-03-28,111000,111000,108500,109000,590380,64351420000,-2.2422,13279,19918,-31006,36591,3591,-36506,-8666,952,-17630,-2577,386,-9338
2018-03-29,109500,110000,107500,109000,561254,61176686000,0.0,61813,-120789,55322,27961,3783,12578,-5964,17496,-619,3042,612,87
2018-03-30,110500,111000,109500,109500,433535,47472082500,0.4587,101976,-118358,18761,24752,-2571,-25293,1774,559,21349,-2080,-299,-1809
2018-04-02,110000,112500,110000,110500,340315,37604807500,0.9132,-37838,19213,18759,745,6822,-21908,4795,524,27729,-115,-19,52
2018-04-03,109500,112000,109000,110500,377188,41679274000,0.0,-30500,19877,9040,-16101,14613,-5018,5682,4197,5578,1928,-345,89
2018-04-04,110500,111000,104500,104500,909945,95089252500,-5.4299,335854,-62039,-272414,-83850,-31716,-57606,-16496,2420,-86276,-1652,251,1110
2018-04-05,106000,107500,104500,105000,644490,67671450000,0.4785,98749,100470,-187540,-40352,-41358,-41497,-26651,416,-38184,-11272,-407,86
2018-04-06,105500,111500,105000,111000,1519548,168669828000,5.7143,-245431,-16386,263736,108310,63425,76533,14978,-1521,3856,-166,-1753,-1845
2018-04-09,111500,112500,108500,109500,727354,79645263000,-1.3514,16071,-23296,10507,14315,23003,-23884,-9983,-7459,20768,-3321,39,-6253
2018-04-10,109000,109000,105500,107000,958899,102602193000,-2.2831,213228,-116603,-112683,-22017,-70161,-30703,-580,-680,11786,15448,610,-328
2018-04-11,107500,108000,105500,107000,533827,57119489000,0.0,50105,6984,-56798,-7808,-31682,2373,-795,0,-18746,-262,-29,-140
2018-04-12,106500,108000,105500,106500,861133,91710664500,-0.4673,120784,39565,-158919,96547,-23070,-16324,-3953,-366,-211842,-1446,16,89
2018-04-13,108000,108500,106000,106500,517401,55103206500,0.0,55751,-30912,-27155,-6855,-10128,-9931,14018,475,-14683,2920,-604,-51
2018-04-16,106500,107000,104000,104500,519056,54241352000,-1.8779,147090,-53720,-97493,-20353,-48704,-16292,-16307,-3448,7524,2032,2091,87
2018-04-17,105000,107000,104000,105000,473722,49740810000,0.4785,27499,14659,-40717,-10738,-26354,-9217,-5870,2640,14268,480,-1921,-5446
2018-04-18,106500,107000,104000,104000,561642,58410768000,-0.9524,112845,-59042,-54043,-33520,-22498,-33101,4817,6265,24994,39,201,-1000
2018-04-19,105000,107000,104500,106000,726517,77010802000,1.9231,-66695,95352,-26875,21187,-38970,-4641,1819,-1128,-2634,762,-2544,-2508
2018-04-20,105500,111000,105500,109000,1238083,134951047000,2.8302,-303351,92703,210902,88963,-5114,31884,-30751,-3300,131768,-453,199,-2548
2018-04-23,110500,111000,103500,104500,1135766,118687547000,-4.1284,461419,-194492,-267094,-148345,-35287,-57669,-12119,-485,-12099,-2101,2268,-1090
2018-04-24,105000,105500,101000,102000,868864,88624128000,-2.3923,327248,-101470,-227208,-98893,-45133,-76926,-18569,0,12137,-65,1495,176
2018-04-25,101500,101500,99100,100000,932572,93257200000,-1.9608,215094,-25988,-192233,-106621,-6805,-46065,-7079,-1452,-20295,2093,1034,-3916
2018-04-26,101000,103500,99900,101000,835327,84368027000,1.0,202922,6703,-211354,-133980,-11584,-35957,-1145,-3410,-25278,2131,-402,0
2018-04-27,103500,104500,101000,101500,721921,73274981500,0.495,-54575,160513,-102948,-9628,-29709,-41701,-14443,992,-7409,-2996,6,-1050
2018-04-30,102500,103500,102000,102000,575630,58714260000,0.4926,-93644,139933,-47598,-2675,-7090,-4671,-24617,-2005,-6540,1035,274,0
2018-05-02,102500,103000,100000,101500,767053,77855879500,-0.4902,-26254,45872,-21838,23605,-15530,-6934,-29357,-1764,8142,2390,-170,0
2018-05-03,102000,103000,101000,103000,625844,64461932000,1.4778,-88924,116922,-28273,-15248,-8826,4390,-10736,-4785,7720,462,-187,-788
2018-05-04,103000,103000,98700,99000,972728,96300072000,-3.8835,325489,-107851,-217994,-28770,-36422,-8672,-27684,180,-112988,150,206,-3638
2018-05-08,100000,101000,94700,94900,1398768,132743083200,-4.1414,363872,35892,-408552,-135418,-101792,-96336,-27287,-1428,-46041,6888,1900,-250
2018-05-09,95100,95800,93500,95300,863912,82330813600,0.4215,1653,80185,-67412,-21907,-61008,7205,-12769,-514,21581,-15525,1099,0
2018-05-10,95000,97500,94700,95200,751327,71526330400,-0.1049,71053,63824,-137978,33591,-54603,11059,-25588,175,-102612,2974,127,0
2018-05-11,95600,98600,95600,97700,758454,74100955800,2.6261,-63589,53239,5126,3980,-397,-22345,-4360,1748,26500,7162,-1938,0
2018-05-14,99500,100500,97200,97500,829383,80864842500,-0.2047,120017,-64890,-59663,-66214,-26556,16906,-12211,-853,29265,3613,923,0
2018-05-15,97100,97500,95200,96600,814411,78672102600,-0.9231,136162,-9631,-128462,-43751,-18562,-22045,-35273,-850,-7981,1255,676,0
2018-05-16,96300,97500,96100,96900,430070,41673783000,0.3106,-29231,64687,-37854,-29526,-12186,6548,-10261,-1153,8191,628,1770,533
2018-05-17,97200,98900,97000,98000,602962,59090276000,1.1352,-88505,56658,29332,-4213,18065,-786,-8279,50,24495,1425,1090,0
2018-05-18,98100,98700,97000,98000,473681,46420738000,0.0,-3992,108823,-105084,-86649,-8010,-5084,-5034,-1773,2091,-1041,1294,-625
2018-05-21,98000,98800,96900,98700,556964,54972346800,0.7143,-62953,185965,-123209,-70225,-11819,-20969,-7418,-15915,3137,-514,711,0
2018-05-23,98200,99300,98100,98700,615723,60771860100,0.0,3353,20952,-27301,-44170,-8408,29002,-8021,-7210,11506,1764,1232,0
2018-05-24,98800,100500,97300,98000,652598,63954604000,-0.7092,74577,63788,-139239,-71575,-23280,-18978,-10977,-104,-14325,-675,1549,0
2018-05-25,97900,98700,96600,96700,523804,50651846800,-1.3265,102837,-60541,-46036,-38835,-4642,-9671,-2794,2149,7757,2677,1063,0
2018-05-28,96500,97600,95300,95500,519213,49584841500,-1.241,74659,12032,-88088,-41311,-17615,-3568,-9929,1260,-16925,512,885,0
2018-05-29,96200,96700,95500,96100,403665,38792206500,0.6283,-25192,41935,-15933,2371,-11568,5612,2334,-3109,-11573,-96,-714,0
2018-05-30,96200,98300,95800,96100,733711,70509627100,0.0,-46276,33058,10771,-1045,26817,19644,23231,-2325,-52758,68,2379,-2793
2018-05-31,97600,97600,92000,92600,1461934,135375088400,-3.642,370419,-193739,-179290,-133195,-31995,21434,-13176,8095,-28926,-32,2642,-1527
2018-06-01,92500,92500,87800,88200,2401034,211771198800,-4.7516,912466,166707,-1077408,-379995,-192955,-149035,-246376,1699,-108075,-5633,3868,-2671
2018-06-04,88600,89700,88300,89000,795419,70792291000,0.907,-52079,126072,-66184,-12626,-23065,-8246,-12026,538,-10759,-8028,219,0
2018-06-05,89400,90800,89200,90400,736301,66561610400,1.573,-89837,195486,-112842,-71538,-16266,-1515,4101,-500,-27124,7044,149,0
2018-06-07,91000,91800,89600,90600,706966,64051119600,0.2212,55577,74606,-142168,-63693,-28596,-31850,-20973,110,2834,10947,1038,0
2018-06-08,90300,91300,89700,89900,488599,43925050100,-0.7726,10724,80488,-95747,-119428,6108,16560,-2904,-692,4609,4130,405,0
2018-06-11,90100,90300,88600,89000,705279,62769831000,-1.0011,164592,174053,-324638,-307434,-20050,-19435,-9009,8170,23120,-14669,662,0
2018-06-12,89200,91400,89200,90000,602030,54182700000,1.1236,-27962,102421,-76412,-126220,21752,-824,10631,-7934,26415,2053,-100,-232
2018-06-14,91400,94100,91000,93600,1444370,135193032000,4.0,-204123,129761,61236,-39432,63886,1991,31666,-12150,14671,13104,22,604
2018-06-15,94500,94500,90800,90900,990542,90040267800,-2.8846,125203,-121401,-1341,-64102,29499,5866,11796,100,13500,-2817,356,2000
2018-06-18,91000,92400,88500,89200,767776,68485619200,-1.8702,1257,51979,-43842,-46444,-20995,-34963,1975,615,55272,-9196,-198,698
2018-06-19,88200,89900,85100,85200,1012856,86295331200,-4.4843,203586,-37001,-170697,-78368,-78243,23778,-53174,-4600,22686,3732,380,-2776
2018-06-20,85100,87400,85000,86200,645081,55605982200,1.1737,-13003,36547,-26710,-28264,-22594,43851,-2216,-135,-20517,3032,134,3165
2018-06-21,86300,87200,82000,82000,1395643,114442726000,-4.8724,431441,1282,-433313,-120190,-75702,-2218,-183785,-9229,-35868,344,246,-6321
2018-06-22,81300,83100,81100,82300,751430,61842689000,0.3659,-61583,56908,3932,15360,-54040,40837,-984,5978,-9251,682,61,6032
2018-06-25,82300,85000,81800,85000,636705,54119925000,3.2807,-203696,159702,45034,25181,856,3738,9712,2285,3262,1065,-2105,0
2018-06-26,84300,84700,82500,83900,537279,45077708100,-1.2941,54448,8024,-63825,-25384,-25950,-26692,-12837,100,26938,1492,-139,0
2018-06-27,84000,85300,83300,83700,507804,42503194800,-0.2384,22647,50306,-72424,-16856,-4084,-19998,-6404,0,-25082,-1888,1359,0
2018-06-28,82900,83300,80800,80900,715235,57862511500,-3.3453,182495,-54620,-129552,-20221,-50870,-22878,-35827,-3591,10840,1375,302,-7005
2018-06-29,81200,83100,80800,83000,621098,51551134000,2.5958,-91732,48154,47380,19452,11608,27051,7342,7208,-25439,-1007,-2795,158
2018-07-02,83100,83100,79500,79700,682443,54390707100,-3.9759,187056,-77991,-121269,-22915,-13828,-6543,-37541,1130,-40420,8501,3703,-1152
2018-07-03,80200,80900,79100,79900,530738,42405966200,0.2509,-12691,80218,-63980,-59330,-6377,9851,-3743,-3088,-1293,-4681,1134,0
2018-07-04,79500,80300,77400,77700,587475,45646807500,-2.7534,97535,-9316,-89410,-33389,-33873,4769,-12604,-4378,-8835,1869,-678,-1100
2018-07-05,77000,78800,76000,77800,706939,54999854200,0.1287,35867,3328,-37075,-69618,-28723,32122,533,-298,29063,-1718,-402,-154
2018-07-06,77100,78300,73500,75700,1722781,130414521700,-2.6992,370860,-92429,-283963,-65572,-83616,-7863,-120793,-12536,6446,3397,2135,-29
2018-07-09,75100,78100,75100,77700,799335,62108329500,2.642,-99713,6746,81037,-2175,8457,16209,2803,2253,52337,11039,891,1153
2018-07-10,77700,79300,77400,78200,712585,55724147000,0.6435,35849,-88729,55345,21149,-11116,3103,16283,1929,17962,-2799,334,6035
2018-07-11,78400,78400,75800,76600,759985,58214851000,-2.046,77808,-51463,-34422,-32354,-9147,-8930,7453,1273,4522,6416,1661,2761
2018-07-12,76400,76400,75100,75200,946355,71165896000,-1.8277,137625,-31274,-110777,-111626,-18185,-8798,-10194,192,38777,1689,2737,-943
2018-07-13,75900,77800,75900,77600,935008,72556620800,3.1915,-22981,-22203,48204,43634,11570,-10725,23620,1365,-22203,280,-3300,943
2018-07-16,77600,78200,76400,76400,553500,42287400000,-1.5464,98591,-119324,9280,11143,-4466,-9052,-4024,4422,11257,11586,-133,0
2018-07-17,76100,79700,75200,78800,1323914,104324423200,3.1414,-107954,-97223,215922,44490,16989,121119,24201,1158,7965,-10413,-332,0
2018-07-18,78600,82200,78600,80700,1191864,96183424800,2.4112,-60109,-70627,126189,26837,123454,-2635,26364,-1587,-43243,4593,-46,-3001
2018-07-19,81000,83100,80000,82300,1164716,95856126800,1.9827,-109137,-173504,271674,107613,59311,30349,81829,16001,-24329,11255,-288,900
2018-07-20,82100,83100,81000,81000,829497,67189257000,-1.5796,69537,-223064,146318,67888,2100,-2256,32207,-394,48378,6335,874,-1605
2018-07-23,80900,81200,78100,78400,739344,57964569600,-3.2099,41773,-57955,12200,26462,-17600,-55151,2377,-586,58134,3570,412,-1436
2018-07-24,78200,81700,76800,81000,991504,80311824000,3.3163,-34760,-79004,120852,29511,43761,4748,10337,-2046,37273,-4597,-2491,-2732
2018-07-25,80500,82400,79800,80800,772980,62456784000,-0.2469,-87382,-64713,147653,101474,29527,-11839,19029,2551,4411,5230,-788,2500
2018-07-26,81400,82200,80300,81800,725896,59378292800,1.2376,-10640,-168898,180857,83483,69547,5479,30968,1752,-10884,-1501,182,512
2018-07-27,80300,80400,75800,76000,2544391,193373716000,-7.0905,1352540,-678412,-679929,-133755,-121345,-95507,-224651,-20891,-76858,3332,2469,-6922
2018-07-30,76300,76400,74800,75200,997710,75027792000,-1.0526,213122,-126688,-105351,-6444,-1579,-61538,-11145,-1742,-22637,16880,2037,-266
2018-07-31,75400,75600,74800,74800,725430,54262164000,-0.5319,182573,-163590,-13869,-11413,53,1717,-10161,-4987,10896,-5453,339,26
2018-08-01,75500,76200,75000,75300,761449,57337109700,0.6684,114215,-77490,-29350,-15303,-9562,4597,-16804,13180,-5487,-7441,66,29
2018-08-02,75100,76100,74800,75100,616998,46336549800,-0.2656,52635,-76001,14558,42021,-25941,13052,-6029,0,-8551,8676,132,6
2018-08-03,75400,75700,74400,75200,582491,43803323200,0.1332,61850,-17338,-37796,-7060,-3795,4688,4106,0,-34404,-6877,161,-1331
2018-08-06,75400,75900,74200,74400,685629,51010797600,-1.0638,132473,-130730,-6344,-2271,-6129,-22417,-4835,-1055,30357,2303,2298,6
2018-08-07,75000,75500,74100,75100,723231,54314648100,0.9409,-75779,35692,41054,-14444,-2058,21283,2352,6176,27368,-1272,305,377
2018-08-08,75400,77300,75400,75900,1286104,97615293600,1.0652,-39236,-181950,205648,34106,40145,70588,41054,21140,-4517,16934,-1396,3132
2018-08-09,76400,80500,76000,80400,2132947,171488938800,5.9289,-672013,429007,254993,-110353,131754,91159,86088,5317,50364,-8860,-3127,664
2018-08-10,80000,80700,78700,79000,961866,75987414000,-1.7413,-28899,-132213,160439,116080,19017,34558,25891,1578,-36937,1146,-473,252
2018-08-13,78200,78400,75800,76300,840750,64149225000,-3.4177,210663,-194764,-3637,4035,22147,-12506,4277,8393,-29983,-12333,71,0
2018-08-14,76100,76200,70900,73600,2397515,176457104000,-3.5387,575330,-861466,263371,105796,20035,58253,42892,-5764,31892,21044,1721,10267
2018-08-16,72500,73900,71300,73300,920959,67506294700,-0.4076,74403,-124451,55421,51313,1274,-6251,2719,1148,5125,-5287,-86,93
2018-08-17,74100,74100,72400,72400,849229,61484179600,-1.2278,313992,-233442,-88248,-52612,9253,-16313,12154,-1367,-36086,4843,2855,-3277
2018-08-20,72800,73500,71900,72200,670001,48374072200,-0.2762,152634,-149496,-5914,-14475,-24712,751,-7768,5,38220,3166,-390,2065
2018-08-21,72300,73500,70800,73400,1404794,103111879600,1.662,147357,-279087,130297,45807,17536,27549,13673,-2067,27799,4067,-2634,0
2018-08-22,73800,75600,73200,73200,1110406,81281719200,-0.2725,21573,-39330,18782,-30232,37619,12295,20400,1305,-23607,-459,-566,1002
2018-08-23,73600,74600,72700,74600,879090,65580114000,1.9126,-51657,-33336,97067,-11242,34258,13811,38889,3099,8499,-12088,14,9753
2018-08-24,74100,75200,73400,74700,815946,60951166200,0.134,19664,-88908,71285,29967,18059,12502,7258,3216,-729,-2170,129,1012
2018-08-27,74400,75200,73700,74300,863531,64160353300,-0.5355,129003,-138964,-3846,-26892,24613,-15085,15138,2041,-4675,13684,123,1014
2018-08-28,75100,75800,73600,73700,903687,66601731900,-0.8075,195034,-231605,43549,24427,10694,9400,8707,-5416,-4263,-8089,1111,0
2018-08-29,74200,77500,73600,77200,1417794,109453696800,4.749,-456566,66698,386212,114206,116249,50141,56618,-1340,47925,4902,-1246,2413
2018-08-30,77300,77400,75800,76400,1006172,76871540800,-1.0363,8058,-198998,184708,106302,47748,13960,58484,1916,-43702,5651,581,0
2018-08-31,75800,77100,75300,76800,762868,58588262400,0.5236,17469,-144945,132517,86921,28806,533,30368,0,-14094,-4893,-148,-17
2018-09-03,76800,78800,76600,76700,924434,70904087800,-0.1302,-49532,-94821,127294,58178,40364,24054,10027,0,-5654,19324,-2265,325
2018-09-04,77200,79200,77100,78100,922362,72036472200,1.8253,-116309,-21777,133458,55241,39774,35121,15800,4044,-19630,5270,-642,3108
2018-09-05,77800,78500,76100,76200,873220,66539364000,-2.4328,219309,-287124,49527,47959,40558,-39467,10144,4940,-14607,17732,556,0
2018-09-06,75900,76200,74000,74400,1144654,85162257600,-2.3622,424775,-467736,44445,27472,-7998,2308,6864,-156,15955,-2620,1136,0
2018-09-07,74200,75100,73400,74300,670262,49800466600,-0.1344,37389,-142393,107965,63020,972,-9729,-5895,-15,59612,-2503,-458,0
2018-09-10,74200,74300,73000,73100,858482,62755034200,-1.6151,277174,-75241,-193898,-20841,-61309,-95639,2526,651,-23305,-8146,111,4019
2018-09-11,73000,74300,72500,72800,712081,51839496800,-0.4104,164746,-192737,35759,10797,744,-7560,5364,1022,24372,-8494,726,1020
2018-09-12,73200,73500,71900,72100,852910,61494811000,-0.9615,288574,-169209,-121007,-137720,-3208,-3444,14689,100,8313,-1212,2854,263
2018-09-13,72400,72800,71100,71500,971252,69444518000,-0.8322,306015,-104726,-197608,-185590,-7080,-14483,-12330,27,24369,-5864,2183,-2521
2018-09-14,72100,72800,71700,72100,809166,58340868600,0.8392,136111,-19838,-121253,-20967,-59972,-6399,-19441,691,-15340,911,4069,175
2018-09-17,72400,73200,71800,71900,521629,37505125100,-0.2774,97210,-21184,-79691,-17509,-19408,-1927,899,-2000,-39746,309,3356,0
2018-09-18,71200,71500,68400,69000,2606048,179817312000,-4.0334,1277517,-561346,-708627,-276159,-174568,-64733,-140757,-23705,-25045,-24949,17405,-3660
2018-09-19,69400,69400,67900,68200,1494446,101921217200,-1.1594,332561,-229259,-112695,-17080,-43024,-210,-42185,-13877,1238,3153,6240,2443
2018-09-20,68300,70000,68200,69000,1194328,82408632000,1.173,-108770,76929,35954,1473,6767,36378,-21956,14,17895,-2047,-2066,-4617
2018-09-21,69600,70100,69100,69500,760994,52889083000,0.7246,-18782,-26606,41882,21695,-7163,8930,-15026,105,33341,1072,2434,0
2018-09-27,69100,70100,68500,69600,897762,62484235200,0.1439,26177,-60337,33541,52006,10808,-15812,1936,-1792,-13794,-61,680,189
2018-09-28,70000,71900,69900,71000,1255496,89140216000,2.0115,-240064,64977,170416,74258,19024,26416,16038,1854,33325,5955,-1284,-499
2018-10-01,71000,71500,70200,71100,558633,39718806300,0.1408,-23620,-21753,31092,24177,18113,3315,-3630,4846,-15709,15570,-1289,-20
2018-10-02,70700,71300,69900,69900,600630,41984037000,-1.6878,24852,5379,3631,22125,-9898,859,-22799,-1604,8423,-36336,2474,6525
2018-10-04,69700,70200,68400,69000,681480,47022120000,-1.2876,28199,11279,-30446,-4734,-14608,-3364,-10488,-2325,3033,-12335,3303,2040
2018-10-05,68600,71200,68000,70500,952571,67156255500,2.1739,22098,-6268,-8873,-29273,6420,-1211,-5942,-1625,23073,226,-7183,-315
2018-10-08,69600,69700,67800,67800,922338,62534516400,-3.8298,374839,-239339,-138163,-70443,-95459,2156,-6289,-1638,23297,2284,379,10213
2018-10-10,67200,67300,65200,65200,1103556,71951851200,-3.8348,146560,-179224,32301,-25433,-10019,8499,-51412,-3963,106058,-809,1172,8571
2018-10-11,62400,63900,61600,62300,1441637,89813985100,-4.4479,-61188,133338,-70741,-34539,-78312,69122,-32601,-3258,10182,-2393,984,-1335
2018-10-12,62100,65100,62100,64400,1114941,71802200400,3.3708,-202424,160214,37778,42539,13419,27995,10373,-839,-55538,4510,-78,-171
2018-10-15,64400,65500,63800,64300,434965,27968249500,-0.1553,-57897,72357,-17711,4252,16443,898,8738,-293,-47749,3205,46,0
2018-10-16,64300,65000,63400,63500,508133,32266445500,-1.2442,49666,-5884,-46236,-1769,-23466,594,900,0,-21481,2384,70,-1014
2018-10-17,64500,65800,64000,64600,676861,43725220600,1.7323,-14112,-9716,24774,31757,-7473,-1038,1632,-100,1496,161,-1107,-1500
2018-10-18,64700,66000,64400,64900,499578,32422612200,0.4644,-34065,52095,-4923,4604,11007,342,138,-240,-21595,-13250,143,821
2018-10-19,64400,66000,63200,65700,581306,38191804200,1.2327,-79906,27563,43747,59666,1924,-4676,4118,0,-17285,8613,-17,0
2018-10-22,64600,66300,64600,65700,354570,23295249000,0.0,-32380,27400,4397,-6432,1341,1336,2052,0,6100,229,354,0
2018-10-23,65200,65300,63100,63600,597221,37983255600,-3.1963,146912,-27494,-120478,-99193,-4635,829,-15153,0,2674,501,559,-5000
2018-10-24,64200,64700,63500,64500,543722,35070069000,1.4151,-130165,46556,86296,-31233,3462,5957,5032,-166,103244,-640,-2047,0
2018-10-25,62700,63400,61700,62700,661062,41448587400,-2.7907,-11765,-7431,14473,-15794,890,-21483,-4421,-3407,93688,4711,12,-35000
2018-10-26,63100,63900,60500,61100,920580,56247438000,-2.5518,36336,72942,-122305,-74930,-10162,-62358,6750,1455,16635,12900,127,305
2018-10-29,60900,61900,59100,59400,683052,40573288800,-2.7823,-34106,17119,18088,-44557,-20047,-152,4341,715,77558,-1150,49,230
2018-10-30,58800,61700,58800,61200,811009,49633750800,3.0303,-133340,48362,68613,-7539,2570,29576,15948,3076,24982,16671,-306,0
2018-10-31,61500,63800,61000,63300,819823,51894795900,3.4314,-120366,42046,86547,-17828,107660,59997,26260,1788,-91308,-8201,-26,-22
2018-11-01,63700,66500,63400,66000,1056023,69697518000,4.2654,-300120,53610,243988,154807,57899,58501,39625,3842,-73187,2052,470,2501
2018-11-02,66600,67700,66200,67200,792881,53281603200,1.8182,-52944,71060,-15195,-4456,51675,-20997,15952,0,-57699,-2758,-163,330
2018-11-05,67000,68000,66200,67600,503725,34051810000,0.5952,-29737,32504,-4279,19144,20132,-19,11146,-924,-53524,1650,-138,-234
2018-11-06,67600,68800,67100,68000,497920,33858560000,0.5917,-124400,55665,71516,441,67254,9208,8474,3031,-16892,-3224,443,0
2018-11-07,68400,69200,66600,67300,738870,49725951000,-1.0294,-50887,17834,33336,-4057,27124,2395,20296,-63,-12295,-237,-46,-64
2018-11-08,68800,70700,68300,69900,1080894,75554490600,3.8633,-419200,91135,353995,109099,84286,62197,55626,118,38669,-18183,-7747,4000
2018-11-09,70000,72300,69700,71400,1129981,80680643400,2.1459,-310225,-45436,365615,247650,86068,34120,66654,0,-68877,-3927,-6027,0
2018-11-12,71000,72200,70000,71200,631830,44986296000,-0.2801,-130659,-49240,185410,139733,31160,20636,-945,0,-5174,-735,-4776,0
2018-11-13,70200,71400,68800,70200,680494,47770678800,-1.4045,-24539,31648,-25099,25711,-25618,-41207,32593,-6385,-10193,18034,-44,0
2018-11-14,69600,71000,68700,69500,527813,36683003500,-0.9972,9902,51269,-55491,19564,-20453,-51067,-602,-1295,131,-5908,228,-1769
2018-11-15,69600,70400,68900,70300,459559,32306997700,1.1511,-19155,10386,18352,24025,20251,-29182,-2615,0,5873,-9869,286,0
2018-11-16,70900,72200,70300,71800,690404,49571007200,2.1337,-206032,43983,171800,105272,43531,28910,1945,-1158,-5234,-9400,-351,-1466
2018-11-19,72200,73100,71200,71600,637905,45673998000,-0.2786,7467,-83933,138100,96620,24627,-10053,725,419,25762,-61590,-44,0
2018-11-20,70800,71000,69600,70500,563066,39696153000,-1.5363,-67954,39956,18277,25957,-3233,-53946,-12972,-1438,63909,6846,2875,0
2018-11-21,69900,70300,69200,69700,483426,33694792200,-1.1348,35263,-92156,54032,38001,-15248,-4602,2159,-2885,36607,4355,-1494,0
2018-11-22,70500,70600,68200,69200,561708,38870193600,-0.7174,74577,-22809,-55311,-3266,-15138,-21880,-17347,0,2320,1637,1906,0
2018-11-23,69500,70100,68900,69400,290959,20192554600,0.289,-30992,6304,24772,39676,-7669,-600,-9317,-830,3512,958,-1042,0
2018-11-26,69500,71600,69400,71200,658708,46900009600,2.5937,-186141,-27513,210091,104735,7325,38324,686,0,59021,4770,-1207,0
2018-11-27,71700,72300,71500,71800,478157,34331672600,0.8427,-120713,43190,82737,81575,8819,2650,-2637,1149,-7106,-4198,-1016,-1713
2018-11-28,72100,72700,71800,72400,479308,34701899200,0.8357,-121673,85423,43260,32526,-7744,30493,1522,-80,-13457,-2264,-4746,0
2018-11-29,73500,74600,73400,73800,923966,68188690800,1.9337,-280597,197576,104608,68187,33408,12406,14407,0,-22648,-18065,-3522,-1152
2018-11-30,73800,74400,72000,72500,768135,55689787500,-1.7615,49660,-79567,25467,44503,-25550,4008,-8163,1149,10017,3262,1178,-497
2018-12-03,74000,74500,73000,74400,671484,49958409600,2.6207,-172131,81355,94012,45021,41637,376,13468,0,-5488,-1100,-2136,-1002
2018-12-04,74200,74700,73100,73200,514998,37697853600,-1.6129,33960,21590,-64446,-24460,6788,-16859,-864,0,-29051,9207,-311,0
2018-12-05,72100,72600,71200,71700,499091,35784824700,-2.0492,110717,-35685,-81715,-32758,-17186,-3977,-32599,0,4805,676,6007,0
2018-12-06,71300,71300,68000,68600,1054851,72362778600,-4.3236,195982,-25928,-165514,-73530,-27979,-91194,-21423,1000,47612,-6085,1545,0
2018-12-07,69400,69900,66700,66900,1100511,73624185900,-2.4781,369005,75805,-453491,-113532,-91321,-190772,-73830,-2627,27225,6332,2349,-8634
2018-12-10,66300,67400,64800,65300,806527,52666213100,-2.3916,116431,-76444,-49865,-27465,-28954,-35393,-4751,-1110,48353,5207,4671,-545
2018-12-11,65600,67100,65500,66700,626998,41820766600,2.144,-72680,38675,40442,13269,-4949,-6791,-8977,0,47890,-6449,12,0
2018-12-12,66600,68200,65600,67900,681318,46261492200,1.7991,21804,-74730,55725,25671,-2188,-27601,8856,304,51037,-1840,-959,-354
2018-12-13,68000,68800,67100,68200,816888,55711761600,0.4418,47189,-67523,17313,15555,76507,-18204,-17492,0,-39414,1544,1477,361
2018-12-14,68300,68500,66300,67700,517004,35001170800,-0.7331,-38617,42780,866,-21627,15412,18147,-18706,-600,8240,-4380,-649,0
2018-12-17,67700,69200,66900,69100,442744,30593610400,2.0679,-116902,79947,41018,4693,-3865,11806,9332,0,19052,1146,-5209,0
2018-12-18,68200,68800,66800,66900,627414,41973996600,-3.1838,110835,-66215,-55666,-32554,-38376,16427,-7811,0,6648,3679,7367,0
2018-12-19,66900,67500,65100,65300,885616,57830724800,-2.3916,238433,-155356,-85169,-97689,-12571,5973,-2274,50,23025,1630,462,-1683
2018-12-20,64500,64500,61800,62600,1670644,104582314400,-4.1348,470992,-208234,-283759,-164776,-95784,2093,-69083,109,43605,19594,1407,77
2018-12-21,62000,62900,61800,62400,829833,51781579200,-0.3195,30221,-43907,31032,-42538,-11478,32617,-22347,-2007,76855,-18138,792,-70
2018-12-24,62000,62400,61200,61800,513348,31724906400,-0.9615,1883,-42814,44102,13319,2158,15887,-6344,-2039,21121,-3196,25,0
2018-12-26,61000,61900,60600,61300,453037,27771168100,-0.8091,-31596,17005,29604,-1809,2500,5385,2861,-2198,24846,-14824,-189,-1981
2018-12-27,62500,63300,61700,61900,562848,34840291200,0.9788,112328,-41585,-67095,-19493,4898,25770,1298,0,-82030,-3948,300,2462
2018-12-28,62300,63500,62100,62300,464747,28953738100,0.6462,35771,-43785,7512,18222,-7247,41375,-20053,0,-24852,443,59,67
2019-01-02,63300,64200,62700,62800,568844,35723403200,0.8026,-38071,-90793,127737,35812,14437,89614,15345,30,-27577,499,628,76
2019-01-03,63100,64100,62100,62900,604561,38026886900,0.1592,-99975,-25714,125867,63684,30507,46711,10769,-729,-25221,51,-229,146
2019-01-04,63000,63400,61100,62200,602100,37450620000,-1.1129,103216,-82010,-20367,-11960,4016,-7233,3342,0,-8532,-816,-23,0
2019-01-07,63100,64700,62700,64200,660173,42383106600,3.2154,-167702,42741,125194,90438,11990,-18410,70649,4939,-35875,-201,-32,1463
2019-01-08,63700,63700,61200,61900,1338626,82860949400,-3.5826,304627,-113093,-197175,-104239,-6641,-36333,-17451,901,-40358,2750,2891,6946
2019-01-09,61700,63700,61600,63200,950285,60058012000,2.1002,-183926,122095,61281,44925,-29934,43867,-4655,257,6721,-573,1123,100
2019-01-10,63100,66000,62700,65600,1065551,69900145600,3.7975,-262214,117679,150075,20402,33595,64441,31842,1475,-2481,-1879,-3661,801
2019-01-11,65700,66500,65200,66000,601380,39691080000,0.6098,-67894,-72393,137588,103977,29392,25389,39086,786,-60987,3209,-510,-55
2019-01-14,66000,66400,65000,65900,401456,26455950400,-0.1515,-94644,38150,61697,42244,22450,20719,18577,748,-44513,-5102,-101,1472
2019-01-15,65600,66500,65300,65800,560337,36870174600,-0.1517,6504,-132532,120273,70198,4730,3781,29290,78,12196,4694,1061,0
2019-01-16,66000,67600,66000,66500,565004,37572766000,1.0638,-17440,-34847,52249,55011,5235,3453,3149,0,-14807,641,-603,208
2019-01-17,66800,67600,66000,66100,467844,30924488400,-0.6015,-20139,53222,-33052,-11919,-2652,2644,11642,0,-32781,2207,-2238,14
2019-01-18,66800,67300,66300,67000,488762,32747054000,1.3616,-118959,8615,109990,50895,40574,-2243,8273,3301,8676,1442,-1088,514
2019-01-21,67700,68100,65800,66400,614764,40820329600,-0.8955,37787,-41508,3033,4456,-11491,-579,7407,0,3270,1645,-957,-30
2019-01-22,66400,66900,64100,64500,997141,64315594500,-2.8614,273936,-209905,-67544,2441,-8007,-9684,-33672,0,-18591,-940,4453,-31
2019-01-23,64400,65700,64300,65200,587708,38318561600,1.0853,-119602,10945,107677,32789,10763,-8927,-1854,0,62881,1506,-526,12025
2019-01-24,65100,65800,64800,65200,620651,40466445200,0.0,187574,-149051,-43905,-19893,-2176,-3260,3489,1500,-23580,3568,1814,15
2019-01-25,65200,69800,65200,69500,1749374,121581493000,6.5951,-659212,174882,490230,205515,81591,87096,87523,1633,25314,-2670,-3230,1558
2019-01-28,69600,70200,67600,67700,809802,54823595400,-2.5899,168378,-64432,-102739,-25812,-31441,-36108,-10290,7574,-4970,-3526,2319,-1692
2019-01-29,67400,67400,66200,67400,845170,56964458000,-0.4431,248096,-146913,-98534,-2562,2173,-18193,-95648,889,15284,-5100,2451,-477
2019-01-30,68000,68500,66800,67600,825346,55793389600,0.2967,89335,-152806,65181,30114,14013,5623,-15133,3201,27348,-38,-1672,15
2019-01-31,68100,68400,66200,66600,903199,60153053400,-1.4793,181677,-107063,-75621,-71606,-8068,-29822,-11729,70,45658,-4445,5452,-124
2019-02-01,66300,66300,65200,65400,1039069,67955112600,-1.8018,380873,-285875,-104715,-11570,-39680,-23324,-11403,-7452,-11164,11048,-1331,-122
2019-02-07,65900,66400,65300,65900,663706,43738225400,0.7645,42704,-45262,4892,12156,2563,3106,-2073,0,-10860,-400,-1934,0
2019-02-08,65500,65700,64700,64800,690327,44733189600,-1.6692,156911,-78612,-77780,-80426,21472,-17772,-41180,0,40126,-4113,3594,0
2019-02-11,65000,69600,64900,69300,1987125,137707762500,6.9444,-785062,407879,373470,113814,56693,36059,31419,-2835,138320,14303,-10590,0
2019-02-12,70300,72900,70300,71900,2499697,179728214300,3.7518,-873340,181828,724893,50411,278988,157182,129624,22611,76866,-21569,-11812,9211
2019-02-13,72700,73900,71900,72100,1310740,94504354000,0.2782,-352918,65186,298256,118702,197057,13198,26225,1165,-58290,-11061,537,199
2019-02-14,70500,73000,70500,72300,799937,57835445100,0.2774,-141146,-38823,176048,71568,24719,-3279,24295,752,57993,4762,-841,0
2019-02-15,72700,73000,71400,72000,598744,43109568000,-0.4149,-38733,-4593,54320,52708,-6448,-11480,39424,0,-23898,-5033,-5961,4014
2019-02-18,73200,73400,71100,72000,585460,42153120000,0.0,1986,-14428,14194,56626,-23202,-14460,-31032,0,22262,-5886,4134,4000
2019-02-19,72000,73000,71000,72300,520978,37666709400,0.4167,-96178,-14323,110950,120715,4301,-25852,-2652,0,13438,2656,-3105,1000
2019-02-20,72400,73200,72300,72700,503913,36634475100,0.5533,2032,-66624,62762,13616,25723,-1400,10597,0,3326,2043,-213,10900
2019-02-21,72800,73500,72100,73000,678067,49498891000,0.4127,-105728,28618,81543,73456,9402,-6834,7290,0,-271,-3689,-744,-1500
2019-02-22,72900,73300,72100,73200,534335,39113322000,0.274,-67944,-33663,106142,68818,10194,-5687,13475,0,19342,-5318,783,0
2019-02-25,73500,73600,70500,71300,1097013,78217026900,-2.5956,264444,-203544,-69766,55060,-40025,-52815,-33115,-10808,14153,5125,3741,-2216
2019-02-26,71300,71700,70400,70500,509895,35947597500,-1.122,69892,-60236,-10551,25742,-10020,-32291,-7421,0,13439,-1046,1941,0
2019-02-27,70500,72500,70000,72200,782090,56466898000,2.4113,-238034,91504,146092,128075,6386,-16756,8396,2252,17642,545,-107,97
2019-02-28,72500,72500,70400,70500,882603,62223511500,-2.3546,80279,-183669,96832,53529,9678,-15488,614,-264,48773,5997,561,-10
2019-03-04,70800,71800,70800,71200,474980,33818576000,0.9929,-63841,9358,71965,47598,1752,-11573,-7921,0,39116,-15356,-2126,2993
2019-03-05,70900,72000,70300,71300,417224,29748071200,0.1404,-13727,-54001,75133,21096,29476,-879,7055,0,18385,-6873,-532,0
2019-03-06,72300,74600,72300,74400,1630920,121340448000,4.3478,-272989,-10814,291295,-2614,121773,131827,15715,1171,15054,-1520,-5972,8369
2019-03-07,75200,76700,74200,75100,1846111,138642936100,0.9409,-399218,-19420,427469,123856,104132,126962,56414,10286,15849,-7800,-1031,-10030
2019-03-08,75000,76100,73300,73700,734055,54099853500,-1.8642,61439,-194953,124420,94502,6468,-15151,17562,975,19096,8265,829,968
2019-03-11,74000,75900,73000,75300,796316,59962594800,2.171,-83176,-44207,131928,56647,29013,-33769,46947,4000,29980,-3015,-1530,-890
2019-03-12,75700,76100,74200,74400,642759,47821269600,-1.1952,100524,-189287,81329,47633,7260,-20774,13395,0,36041,7318,116,-2226
2019-03-13,74500,76300,74300,76300,671827,51260400100,2.5538,-165287,186155,-5215,21628,4027,-27449,11211,-110,-14522,-15146,-507,0
2019-03-14,76600,78100,75800,77500,1256548,97382470000,1.5727,-376936,81548,302925,203582,65739,-252,60190,0,-14178,-6329,-1208,-12156
2019-03-15,77600,78200,77000,77200,922796,71239851200,-0.3871,-73650,47887,16268,13577,-3065,-14607,18244,380,3140,9595,-100,-1401
2019-03-18,78000,78800,77400,78200,585035,45749737000,1.2953,-84013,92628,-3036,36379,-14074,-56154,38195,0,-5582,-5409,-170,-1800
2019-03-19,78100,78600,75300,76100,874127,66521064700,-2.6854,-24572,18075,8860,37018,-1997,-11733,3021,0,-17049,-2825,462,-400
2019-03-20,76500,77500,76000,77400,623145,48231423000,1.7083,-65035,30461,33913,67104,850,-34648,8183,0,-7602,680,-19,26
2019-03-21,77400,77400,73800,74100,1570980,116409618000,-4.2636,612783,-304258,-356519,-83221,-139880,-66187,-3087,-3196,-73313,47378,616,12365
2019-03-22,74100,76200,72800,76100,1456647,110850836700,2.6991,-182662,329779,-126811,-42391,-33739,-35867,-2374,-1161,-13079,-20207,-99,1800
2019-03-25,74900,75100,73000,73000,806732,58891436000,-4.0736,149666,-9413,-127623,-35321,-18405,-28356,-6622,-3587,-34417,-12716,86,-915
2019-03-26,73800,75100,73000,73300,778354,57053348200,0.411,-135,91095,-100755,-6924,-32491,-3170,-53402,0,-4768,9793,2,0
2019-03-27,74000,74900,73800,73900,511443,37795637700,0.8186,-61470,30473,31479,7009,2961,1092,-462,0,21079,-505,23,-200
2019-03-28,73600,74300,71800,72200,838816,60562515200,-2.3004,183325,23685,-191866,-67239,-34456,-5823,-39831,-1189,-42895,-16466,1322,-433
2019-03-29,72500,75100,72500,75100,1064758,79963325800,4.0166,-287020,278745,13813,-7903,3975,550,3811,50,13533,-5577,39,-203
2019-04-01,75500,76800,75100,76800,626814,48139315200,2.2636,-206998,176074,29641,-19436,14944,20265,13269,0,7553,1697,-414,-6954
2019-04-02,77000,78100,75500,75900,691913,52516196700,-1.1719,23163,39640,-60872,-26564,-6458,498,1440,-2783,-26674,-1124,-807,-331
2019-04-03,76000,77700,76000,76500,887694,67908591000,0.7905,-201957,91999,107292,105609,-7195,1766,-19236,213,31994,2662,4,-5859
2019-04-04,77100,77100,75000,75600,794535,60066846000,-1.1765,240903,89168,-330177,-173647,-74717,-44873,-48945,0,11305,121,-15,700
2019-04-05,75600,77500,74500,75800,1051488,79702790400,0.2646,-44041,135053,-90302,25654,-25756,-33605,-63159,4188,2349,-820,110,27
2019-04-08,76500,77300,75500,76400,763891,58361272400,0.7916,3676,118573,-132919,-53188,-15693,-31346,-16648,-5699,-9330,9855,815,-1015
2019-04-09,77200,77900,76400,77600,1049976,81478137600,1.5707,-299370,405353,-114740,-88403,-18446,3127,-25436,-1522,20453,8416,341,-4513
2019-04-10,77500,78400,76800,77200,863213,66640043600,-0.5155,19406,147227,-163836,-112023,-44984,-30973,-22358,-1239,51435,-2775,-22,-3694
2019-04-11,78000,78000,76800,77400,603065,46677231000,0.2591,9802,93942,-102444,-60040,-28207,-10259,-36445,500,32007,-1497,197,0
2019-04-12,77600,77800,75800,76000,806869,61322044000,-1.8088,216426,-18983,-223900,-74100,-61622,-12294,-15171,-2178,-59534,26889,-432,999
2019-04-15,76600,77100,76000,76600,630842,48322497200,0.7895,-31253,146411,-112800,-59780,-14040,-18998,-2124,-1354,-16728,-2431,73,224
2019-04-16,76400,78000,76300,77900,767127,59759193300,1.6971,-232868,256440,-26204,22275,-11620,346,-9184,-13,-23408,2950,-318,-4600
2019-04-17,77900,78000,75700,75900,996833,75659624700,-2.5674,405903,-85719,-322731,-97019,-72434,-57716,-65566,200,-30183,2117,430,-13
2019-04-18,75900,76500,73800,74000,935012,69190888000,-2.5033,363075,2316,-373969,-132944,-144024,-57031,-31125,-178,-8640,7258,1320,-27
2019-04-19,74600,74900,73600,73900,451650,33376935000,-0.1351,134952,-15526,-118190,-74565,-26821,-15712,-2736,-200,1844,-1636,400,0
2019-04-22,74400,74500,73100,73500,422266,31036551000,-0.5413,167220,-20188,-145827,-86367,-8292,-5356,-17203,-2489,-25970,-1574,369,-150
2019-04-23,73000,74300,73000,74200,456648,33883281600,0.9524,27446,96046,-123465,-83630,-14286,-4481,-9732,-2095,-13064,-383,356,3823
2019-04-24,75400,75400,73500,73700,611885,45095924500,-0.6739,-15065,56525,-37339,6285,5145,-8831,11426,634,-51998,-4050,-71,0
2019-04-25,74200,77000,74100,77000,1382565,106457505000,4.4776,-583641,348953,245156,46507,37563,106683,14005,-195,40593,-7935,-2533,0
2019-04-26,76200,76800,74500,74800,666597,49861455600,-2.8571,115036,-47262,-75469,-33749,-5994,11973,-3706,-279,-43688,6673,1022,-26
2019-04-29,75100,75900,74700,75900,413655,31396414500,1.4706,-115630,77014,39673,-277,14927,-6301,1842,-577,30059,-858,-199,0
2019-04-30,75900,76200,74700,75800,476352,36107481600,-0.1318,-31707,31383,-1043,-21008,-16161,29908,774,-95,5504,3190,-1823,35
2019-05-02,75300,76900,75300,76800,574899,44152243200,1.3193,-200155,190251,18750,30786,-22111,11628,1961,474,-2388,-8976,130,-1600
2019-05-03,76500,77200,75900,76600,409579,31373751400,-0.2604,3481,4454,-12228,-12031,-679,33708,963,136,-34325,5194,-901,0
2019-05-07,75200,77400,75100,77000,685250,52764250000,0.5222,-222604,282138,-57152,-5151,11590,7501,2245,177,-72314,-2173,-209,-1200
2019-05-08,76300,77100,75900,76300,469011,35785539300,-0.9091,5869,74349,-80107,-19227,3728,-24555,1962,-28,-42587,-179,68,600
2019-05-09,76100,76500,73300,73300,882026,64652505800,-3.9318,68100,37563,-106103,-32384,-1838,-12655,-1420,6069,-66875,389,51,3000
2019-05-10,73300,74100,71700,72400,889534,64402261600,-1.2278,180513,-170025,-10806,120515,135,-33448,-6302,690,-89990,269,49,-2406
2019-05-13,72400,72500,70200,70400,863415,60784416000,-2.7624,168757,33906,-204387,-15067,-38047,-77055,-10719,-331,-63917,1530,194,749
2019-05-14,69800,72200,69700,71500,675293,48283449500,1.5625,-23518,-13878,47444,37445,2895,10397,578,-796,-2772,-9416,-632,-303
2019-05-15,71500,72800,71400,72500,481239,34889827500,1.3986,-58438,137080,-81282,5461,246,-12628,-926,0,-73693,2286,354,258
2019-05-16,72500,73300,70300,71000,797872,56648912000,-2.069,150719,52714,-208464,-82194,-19973,-36084,-16288,200,-54125,4363,668,0
2019-05-17,71600,72700,70600,70900,577604,40952123600,-0.1408,12085,50541,-61637,-17372,-25087,4221,-12613,237,-11023,-976,-13,0
2019-05-20,71500,71800,70400,70500,455147,32087863500,-0.5642,46970,5160,-54633,-40430,1949,-13328,209,0,-3033,2440,63,0
2019-05-21,70000,74000,70000,72900,977936,71291534400,3.4043,-270460,236276,34608,-53165,86778,-2810,69361,-114,-61005,305,-729,-4437
2019-05-22,73800,74000,72300,73100,570131,41676576100,0.2743,-61221,133990,-75113,-30679,10358,-10123,6624,1001,-54864,2352,-8,2570
2019-05-23,74300,75700,73600,75300,1020203,76821285900,3.0096,-247453,70841,176748,69500,41945,15981,29413,-135,25217,2221,-2357,-5173
2019-05-24,75300,76900,75300,76300,996814,76056908200,1.328,-260841,314787,-65474,-27571,-7195,-20009,16588,844,-27131,13443,-1915,-1000
2019-05-27,76000,77100,75500,76600,534540,40945764000,0.3932,-207211,21433,184550,146984,15476,-2819,6232,0,18677,1582,-354,0
2019-05-28,76800,77800,76600,77500,849444,65831910000,1.1749,-252194,90145,163841,151820,-245,20636,-19573,2588,8615,-1063,-729,0
2019-05-29,77300,77600,76000,77000,566640,43631280000,-0.6452,-127623,86413,38032,75120,7899,-10035,18795,0,-53237,3986,-808,-510
2019-05-30,77500,78400,77100,78400,595073,46653723200,1.8182,-282987,156605,125912,77962,10819,28777,14279,0,-5925,2022,-1552,0
2019-05-31,78400,79000,76900,78600,964303,75794215800,0.2551,-196507,98565,103577,142916,27504,-12970,25177,-3974,-62156,-4397,-1238,-12920
2019-06-03,78300,81000,77700,81000,1199365,97148565000,3.0534,-462977,258967,218603,105833,57874,18825,37278,1361,-2688,-12404,-2189,120
2019-06-04,81100,81200,78600,78600,746768,58695964800,-2.963,74773,-74830,-6361,3772,-2061,7937,-307,94,-15796,5086,1332,0
2019-06-05,79400,79800,77300,77600,686357,53261303200,-1.2723,32382,82184,-113816,-9338,-22715,-105034,8963,-1270,15602,-448,-302,-24
2019-06-07,78000,79300,77900,78300,586903,45954504900,0.9021,-104650,10437,91171,66339,-3597,18430,4262,151,5586,2196,846,0
2019-06-10,79100,79200,76500,77900,788511,61425006900,-0.5109,67582,-56153,-28478,-28633,-5040,-34946,-6828,244,47258,18592,-1543,-533
2019-06-11,79100,82600,78600,82600,1765695,145846407000,6.0334,-700398,244695,492867,169484,81022,133617,22168,-6725,104596,-35036,-2128,-11295
2019-06-12,82600,83400,81400,82000,621262,50943484000,-0.7264,-64236,54224,4201,-5947,11595,46,-476,0,-1017,5201,610,0
2019-06-13,82500,82500,80500,81900,616931,50526648900,-0.122,33216,19808,-52894,-28199,-16239,-23068,-2532,0,16086,-216,86,1058
2019-06-14,81500,81700,79800,80700,697659,56301081300,-1.4652,3624,17501,-20418,53964,-7758,3208,-11326,498,-59099,-484,-223,95
2019-06-17,80500,82600,80400,80700,511634,41288863800,0.0,-20679,-28102,48615,52257,1621,4141,-2417,-1000,-2487,280,-114,-3500
2019-06-18,81100,81600,80700,81300,336762,27378750600,0.7435,-24297,35626,-17539,-2513,4455,-9518,-536,142,-9050,6090,120,-519
2019-06-19,82000,82200,80000,80800,600944,48556275200,-0.615,13608,83007,-107402,-83154,-6908,11348,-26319,-1000,-1345,10869,-82,-24
2019-06-20,80700,81500,80000,80500,426167,34306443500,-0.3713,37477,45794,-79827,-62122,-17607,77,740,124,-1039,-3258,-186,0
2019-06-21,80500,81100,79800,80400,479526,38553890400,-0.1242,-14248,82596,-62987,-45904,-2120,-1438,-13378,0,-147,-5301,-60,0
2019-06-24,81000,81300,80300,81300,340793,27706470900,1.1194,-75349,91572,-13911,-23392,-289,-4661,-2300,-536,17267,-2086,-226,0
2019-06-25,81200,81300,79600,80300,399565,32085069500,-1.23,67826,9637,-80372,-50679,-3397,-5494,-5902,-4685,-7139,1589,1320,-3076
2019-06-26,79600,79900,78100,79300,599410,47533213000,-1.2453,71349,61375,-139011,-51855,-48122,-22227,-20076,-2785,6054,6318,-31,0
2019-06-27,79500,80400,79100,79700,494293,39395152100,0.5044,-23462,153792,-129719,-82881,-16912,-23587,-9404,-860,4009,-170,-441,-84
2019-06-28,79600,80500,78900,79300,517996,41077082800,-0.5019,-24915,174004,-145942,-90113,-25553,1888,-37059,-17,4912,-3147,0,0
2019-07-01,78400,78400,76300,76700,1219190,93511873000,-3.2787,356177,84191,-446573,-236632,-53521,-97876,-39557,-2890,-16097,4543,1662,0
2019-07-02,76900,77500,76500,77400,559142,43277590800,0.9126,-61484,241173,-172101,-95829,415,-21500,-47316,0,-8229,-7598,10,358
2019-07-03,77500,77800,76300,76300,436849,33331578700,-1.4212,-12271,125774,-105686,-67736,-26676,6881,-17592,-967,404,-7402,-415,0
2019-07-04,76700,77200,75700,76600,264621,20269968600,0.3932,38643,35611,-75457,-59928,-7947,-4449,-14816,-129,11812,448,755,0
2019-07-05,76600,77200,72500,72600,1835388,133249168800,-5.2219,627341,119220,-752942,-229673,-162585,-125066,-92350,-2689,-136824,3613,2768,-3755
2019-07-08,71900,72100,70000,71500,1088645,77838117500,-1.5152,-4996,75516,-57325,-45024,-45053,10839,-43844,-4430,70287,-13020,-175,-100
2019-07-09,71500,72000,70300,70600,588749,41565679400,-1.2587,25642,84756,-118173,-36178,-46798,-10257,-39395,-89,14144,3652,4123,400
2019-07-10,70500,71700,70500,70600,733489,51784323400,0.0,148160,-18494,-129203,-88275,-16301,-10590,-11734,13,-2316,-1536,1073,0
2019-07-11,70800,71400,69900,70600,756217,53388920200,0.0,224639,-64845,-161060,-62011,-75389,-51498,-6919,-13,33242,-890,2156,1528
2019-07-12,70800,71100,70400,70800,390397,27640107600,0.2833,69883,-32775,-41369,-22925,-9596,-1055,-641,0,-7454,4201,60,302
2019-07-15,70700,70800,69800,70300,441059,31006447700,-0.7062,60679,67759,-136869,-91678,-25027,-5729,-18444,0,4009,7784,647,0
2019-07-16,70300,70800,69500,70000,568181,39772670000,-0.4267,59787,-48420,-12186,-27241,-15939,2863,-4798,2000,31360,299,520,-431
2019-07-17,70300,71500,70200,71100,630890,44856279000,1.5714,-79685,94067,-12397,17612,-15352,-6077,-5302,-141,-3013,-2062,77,-124
2019-07-18,70800,71000,68700,69100,1023088,70695380800,-2.8129,313497,-264742,-36767,52492,-62456,1099,-7973,-1057,-18657,-15012,3024,-215
2019-07-19,69700,70900,69300,70600,582803,41145891800,2.1708,-111234,95861,21012,-34472,5695,5496,-371,-654,45424,-4782,-857,-106
2019-07-22,70600,71300,70300,70700,398652,28184696400,0.1416,-362,81378,-80931,-38519,-7236,-1003,3861,0,-37999,-54,-31,-35
2019-07-23,70800,71200,70600,70800,362832,25688505600,0.1414,21927,-31105,19055,15632,-15896,2415,-1374,0,18278,-5697,-4180,0
2019-07-24,70600,71000,69900,70000,317197,22203790000,-1.1299,42784,-18401,-24713,-15168,2292,-249,-9395,-460,-1355,438,-108,-378
2019-07-25,69800,70400,69300,69700,458863,31982751100,-0.4286,14397,21924,-39038,16588,-19460,233,-9343,-27,-25913,2613,104,-1116
2019-07-26,69000,69600,68100,68600,614213,42135011800,-1.5782,45729,1496,-47217,-70674,-42543,34729,7563,258,24552,-1716,1708,-1102
2019-07-29,68300,69700,68000,68600,377474,25894716400,0.0,-55246,37719,17685,25854,1527,-13479,777,-28,2777,-517,359,257
2019-07-30,68400,68700,67400,67500,505505,34121587500,-1.6035,131547,-146508,14171,-7157,-4001,-3871,-4496,0,33518,-847,1637,178
2019-07-31,67100,67500,64600,65300,1247381,81453979300,-3.2593,299550,-108628,-106144,-41355,-47213,-30177,-23151,-86,36427,-88759,3981,-589
2019-08-01,64100,65300,64000,64100,676243,43347176300,-1.8377,63731,-145785,81002,64709,3195,-15812,3225,-128,21903,-264,1316,3910
2019-08-02,63100,64900,62800,63600,816748,51945172800,-0.78,13683,-113203,99990,130220,-23682,6679,-11154,-382,-803,-480,10,-888
2019-08-05,62800,63300,61600,61600,806856,49702329600,-3.1447,-199005,-14427,218000,102852,6182,24645,2326,-3549,85544,-4890,322,0
2019-08-06,59300,62200,59200,60200,1042821,62777824200,-2.2727,14697,-172466,156758,-36733,-8995,21867,-8717,-286,188385,720,291,1237
2019-08-07,60300,61100,59100,59600,837509,49915536400,-0.9967,194731,-74312,-118115,-133642,-43136,-583,-18772,-737,77246,-2650,346,1509
2019-08-08,60300,60500,59600,59600,864002,51494519200,0.0,210397,-86236,-126223,-152077,-16741,541,-8075,0,50129,677,1385,0
2019-08-09,60500,61500,60100,60300,641409,38676962700,1.1745,160640,-95739,-65081,-22693,-4058,-2032,-253,0,-36060,-50,230,15
2019-08-12,60600,60900,60100,60500,350227,21188733500,0.3317,131644,-81088,-50697,-4805,747,1281,-8471,238,-38708,-92,233,-979
2019-08-13,60000,60500,59600,59800,405225,24232455000,-1.157,64579,-80952,16718,32393,-3133,-582,-1285,50,-10725,-413,68,0
2019-08-14,60500,60800,59800,60100,513745,30876074500,0.5017,92048,-41436,-51596,-24719,-7926,1996,-1317,68,-19353,210,774,-345
2019-08-16,59700,60000,58500,59900,466335,27933466500,-0.3328,52229,-90346,37310,19702,1609,3795,948,270,10886,400,407,100
2019-08-19,60300,60800,60100,60300,306761,18497688300,0.6678,14745,-56086,41190,27695,-1360,9744,-9045,0,14156,88,63,0
2019-08-20,60400,60900,60200,60800,339259,20626947200,0.8292,18629,-871,-18663,8528,-6002,-2456,-671,-261,-17801,522,383,0
2019-08-21,60600,60900,60100,60700,369160,22408012000,-0.1645,82311,-82984,701,23476,-4991,294,-2195,-114,-15042,-152,124,-727
2019-08-22,60700,61500,60600,60600,465946,28236327600,-0.1647,61856,-107385,41755,21334,8147,8086,16121,0,-11933,3715,59,0
2019-08-23,60600,61000,60000,60700,300527,18241988900,0.165,-23815,12412,11220,3085,-283,3366,2049,0,2557,110,73,446
2019-08-26,59800,60000,59500,59500,385090,22912855000,-1.9769,43496,-74719,32789,8024,4470,2094,1659,202,15324,-1598,32,1016
2019-08-27,60000,60500,59100,59200,611051,36174219200,-0.5042,45349,-57089,11629,-18890,7485,18861,-3968,0,5061,-20,131,3080
2019-08-28,59500,60500,59500,60300,319818,19285025400,1.8581,-15356,41542,-26098,-9481,390,-3896,-3078,0,-10033,32,-120,0
2019-08-29,60500,60500,59500,59800,245916,14705776800,-0.8292,85504,-35173,-50125,-14156,-1783,-4228,-2459,-72,-27314,-111,-95,-113
2019-08-30,60300,61800,60000,61300,624060,38254878000,2.5084,-45160,53921,-6621,-11018,5010,10552,-7097,-299,-3769,-1412,-728,0
2019-09-02,61100,61500,60700,61400,253018,15535305200,0.1631,23997,-44066,20350,10494,5112,-10344,8540,0,6407,-295,14,141
2019-09-03,61400,62000,60900,61700,450012,27765740400,0.4886,48065,-21280,-27237,7988,-4584,391,-6669,0,-24363,-513,965,0
2019-09-04,61300,62100,60700,62100,385424,23934830400,0.6483,43367,-72354,31504,25738,-13265,-7481,-9879,-166,36557,-2668,151,0
2019-09-05,62300,62600,61800,62300,691827,43100822100,0.3221,133473,-102455,-44441,-52061,133,-1364,3301,1973,3508,13311,112,69
2019-09-06,62700,62800,61900,62000,299704,18581648000,-0.4815,63823,-26481,-37768,-24561,-3194,-1429,-9134,-467,1017,323,103,0
2019-09-09,61800,62000,61200,61300,468845,28740198500,-1.129,91490,-55029,-24779,-24640,-4811,-6258,-6693,-96,17673,-11923,241,46
2019-09-10,61300,65500,61300,64900,1293106,83922579400,5.8728,-273530,-64800,320912,28904,31806,173114,3761,1622,85058,18589,-1171,-3353
2019-09-11,65000,65600,63700,64500,1005230,64837335000,-0.6163,-12275,-77965,98917,131533,18049,-4826,8490,585,-55745,-8825,148,831
2019-09-16,65700,66500,65000,66200,935319,61918117800,2.6357,-135161,63001,75226,-1149,40270,56466,-1977,-94,-18223,-2073,-993,-67
2019-09-17,65400,65800,65000,65600,495985,32536616000,-0.9063,66313,-90654,24359,-879,28,19590,-4169,56,9733,-446,428,0
2019-09-18,65800,66900,65400,66100,454311,30029957100,0.7622,-36998,10262,27773,11438,12011,14240,6029,309,-16284,-1087,50,30
2019-09-19,66600,66700,64800,65200,582024,37947964800,-1.3616,176746,-88976,-106420,-43318,-16613,-20552,-4074,-1348,-19919,18480,170,-596
2019-09-20,65200,65900,64800,65900,499133,32892864700,1.0736,2599,-28749,26027,41458,-10543,-13201,-5342,-94,13749,112,11,0
2019-09-23,65800,65800,65000,65100,348446,22683834600,-1.214,61930,-19503,-16429,-30087,-13320,10095,-3260,0,20143,-26014,16,0
2019-09-24,64800,67200,64800,66800,676438,45186058400,2.6114,-164102,167362,-6390,-331,-5698,134,4245,-2134,-2306,3615,-485,-300
2019-09-25,66400,66900,65800,66200,330788,21898165600,-0.8982,-54948,-66575,121444,64435,5617,2288,7981,-148,41556,15,64,-285
2019-09-26,66600,68100,66500,67100,579805,38904915500,1.3595,-142606,17367,124697,-4350,21290,56443,11831,-1260,41374,547,-5,-631
2019-09-27,67300,67300,66200,66700,293599,19583053300,-0.5961,27313,12543,-40057,-45179,2059,-6396,1057,187,8215,6,195,0
2019-09-30,66300,67600,66000,67400,364683,24579634200,1.0495,-101991,44728,57496,59472,11138,-2055,2457,0,-13545,-49,-184,29
2019-10-01,67200,67300,66200,66500,488507,32485715500,-1.3353,160100,-147848,-10867,20624,2946,-14221,-4011,564,-16769,-1320,-65,0
2019-10-02,66500,66900,66000,66300,394430,26150709000,-0.3008,-82819,35812,40064,7894,-730,24216,14535,282,-6136,6720,223,3
2019-10-04,66100,66900,65800,66400,352541,23408722400,0.1508,-59156,46441,16434,40177,-7748,-11906,6280,371,-10201,-3930,211,-539
2019-10-07,66400,69700,66400,69400,955986,66345428400,4.5181,-336084,92965,250132,54614,49410,79119,23148,443,43913,-5365,-1648,-515
2019-10-08,69600,69600,67900,68300,894099,61066961700,-1.585,160267,-200458,35519,6430,10056,13676,5244,-2156,1725,4669,3,544
2019-10-10,67900,69000,67800,68300,808616,55228472800,0.0,-73077,94400,-24101,75057,45382,21779,15683,1390,-184546,2889,-111,1154
2019-10-11,69100,69500,68700,68800,374565,25770072000,0.7321,-71798,32267,40232,36312,2924,-17314,12523,0,5787,-237,-464,0
2019-10-14,69600,70100,68800,68900,360306,24825083400,0.1453,-29689,27909,2000,18742,7372,-38998,5420,0,9075,-298,78,389
2019-10-15,68900,69600,68800,69500,442758,30771681000,0.8708,-97936,44746,50284,58305,2620,-4426,9049,0,-15273,-2649,5555,9
2019-10-16,70000,70300,69700,70300,392730,27608919000,1.1511,-142477,106943,39817,17696,1606,-3277,7746,9700,8640,-3230,-1053,-2294
2019-10-17,70300,70300,68300,68800,541697,37268753600,-2.1337,139816,-117381,-27831,-20903,-10517,-10345,-19912,268,33681,5182,214,-103
2019-10-18,68600,69500,68400,68800,293636,20202156800,0.0,-39153,43918,-872,-5974,203,-9968,1615,-25,13455,-3853,-40,-178
2019-10-21,69300,69400,68700,69100,208431,14402582100,0.436,-48822,33593,10113,14000,654,-4609,-1890,-28,1986,5085,31,0
2019-10-22,69100,69700,69100,69400,283529,19676912600,0.4342,-46316,7658,39039,8889,-1827,-17982,10882,0,39091,90,-471,-14
2019-10-23,69200,69400,68400,68600,290288,19913756800,-1.1527,-17710,14803,1961,-4039,-3981,9292,1593,0,-904,954,-8,0
2019-10-24,68800,69200,68000,69000,327266,22581354000,0.5831,-31676,61585,-34351,-15225,4061,-16786,-1182,41,-5260,-695,5137,0
2019-10-25,68600,69100,67600,68200,415169,28314525800,-1.1594,69104,6087,-71258,-65765,-10741,-2918,-1184,0,9350,-4049,116,0
2019-10-28,68700,69200,68400,68800,204867,14094849600,0.8798,-67582,60035,7648,6303,375,-6340,4459,0,2851,0,-101,0
2019-10-29,69400,69600,68800,69000,307860,21242340000,0.2907,-55822,81320,-21588,7923,2197,-33459,1529,0,222,-3109,-801,0
2019-10-30,69300,69600,68200,68500,332728,22791868000,-0.7246,-760,67872,-66168,-23151,-18099,-1715,-3233,-672,-19124,-632,-312,-174
2019-10-31,68800,69600,66600,66900,1094750,73238775000,-2.3358,475118,-179148,-296724,-130784,-68489,-44830,-40308,0,-11260,12004,-11250,-1053
2019-11-01,66800,67400,66100,67200,404075,27153840000,0.4484,-14633,31893,-17579,-11321,-4446,-2728,-4544,0,5460,308,11,0
2019-11-04,67700,67800,67100,67100,450676,30240359600,-0.1488,-15732,-15211,37630,-11849,190,-579,-1054,0,50922,-6533,-154,0
2019-11-05,67200,68400,67200,68300,549499,37530781700,1.7884,-127533,212988,-87211,-43442,-9370,-20252,-2487,0,-10157,2013,-257,-1503
2019-11-06,68500,69000,68200,68700,417686,28695028200,0.5857,-23636,150777,-126999,-41989,-11457,-9717,-14277,195,-49754,-23,-119,0
2019-11-07,68600,69400,68200,69100,427382,29532096200,0.5822,-120541,138989,-18176,9478,-27159,-4077,-6969,1048,9938,222,-494,-435
2019-11-08,69300,69800,68800,69400,353530,24534982000,0.4342,-63999,117259,-53115,-23469,-4921,-8766,-8198,669,-8430,-107,-38,0
2019-11-11,69400,69600,68600,69300,278287,19285289100,-0.1441,-41392,5109,36500,55210,-3360,-580,-1410,0,-13360,-204,-13,0
2019-11-12,69400,69900,68600,69000,311635,21502815000,-0.4329,20040,-7927,-10410,-41809,-9553,9531,-2012,0,33433,-1674,-29,0
2019-11-13,69000,69000,67900,68800,366473,25213342400,-0.2899,14939,28674,-48942,-28696,-5210,-13262,-6521,185,4562,5050,279,0
2019-11-14,68200,69200,68200,69000,305427,21074463000,0.2907,-54831,30682,24495,-54130,-4065,-7487,-9,0,90186,-49,-297,0
2019-11-15,69000,70700,69000,70500,728818,51381669000,2.1739,-377548,211119,176718,90990,-14949,10954,5324,0,84355,-7151,-3138,44
2019-11-18,70700,72200,70400,71500,609015,43544572500,1.4184,-191342,30505,156146,86641,24092,18673,14118,4646,6254,523,4168,1722
2019-11-19,71200,72500,70900,71900,538536,38720738400,0.5594,-116594,46610,68715,51068,32176,13832,15057,1853,-45119,1942,-673,-152
2019-11-20,71500,71800,70300,70900,479826,34019663400,-1.3908,51581,-76662,24800,45345,-10772,-4080,1747,130,-7570,196,85,0
2019-11-21,70700,71300,69700,70400,475086,33446054400,-0.7052,-48896,-4289,54784,11743,7300,-4349,-1761,0,41816,-1626,27,35
2019-11-22,70200,70600,69500,70100,267673,18763877300,-0.4261,16629,-25943,9108,1222,-15758,-905,-6979,0,31589,196,10,-61
2019-11-25,70500,71400,70200,71400,380355,27157347000,1.8545,-77858,24503,52906,-21254,44,23944,-2506,0,52759,393,56,-81
2019-11-26,71400,71900,70900,70900,697121,49425878900,-0.7003,-59818,-79931,140107,-18473,1305,45752,3452,0,99871,-331,-27,8200
2019-11-27,71500,72000,71000,71500,292977,20947855500,0.8463,-52594,53886,-921,-11770,-8187,-1465,486,0,20015,-381,10,0
2019-11-28,71400,71600,70200,71000,259491,18423861000,-0.6993,23271,-38133,14539,-4377,-1867,3712,5486,0,11885,361,-38,-300
2019-11-29,71200,71200,69700,69900,350465,24497503500,-1.5493,47246,-57165,9732,-19857,-13358,12281,32401,-702,-1033,182,5,0
2019-12-02,70000,70400,69800,70300,237237,16677761100,0.5722,-25244,11981,12468,-2414,2688,-15614,-511,0,28319,825,-30,0
2019-12-03,69800,70500,69400,70500,217447,15330013500,0.2845,-65704,62169,13875,16699,357,-3302,2712,-734,-1951,-10300,-40,94
2019-12-04,69600,70100,69400,70000,294889,20642230000,-0.7092,-7860,-4667,12473,4895,-7082,2663,-2828,-1973,16798,102,-48,0
2019-12-05,70200,70600,69300,70000,295956,20716920000,0.0,8243,36711,-44937,-25585,-5584,1701,-4261,0,-11208,55,-72,0
2019-12-06,69700,70200,69500,70200,272392,19121918400,0.2857,-4766,18730,-13469,-1531,-6350,-6971,-3432,0,4815,585,-1080,0
2019-12-09,70400,70500,68700,69100,436982,30195456200,-1.567,109932,-48759,-62217,-48421,-13206,-13672,-4143,0,18209,1041,3,-984
2019-12-10,69300,71200,69200,71200,575566,40980299200,3.0391,-248654,319163,-69441,-39060,1856,-37524,-7139,745,10453,-902,-166,1228
2019-12-11,71400,71500,70400,71200,339949,24204368800,0.0,-12208,1311,3115,-16638,-16515,-5302,1331,1267,38915,7822,-40,57
2019-12-12,71200,72100,71000,71700,979009,70194945300,0.7022,-193717,60051,134066,6862,4574,898,10977,0,111946,-114,-286,-1191
2019-12-13,72500,72800,72100,72200,405472,29275078400,0.6974,-60848,-7085,67909,30398,-10237,-1322,-2374,0,52528,92,-68,-1084
2019-12-16,72200,72400,71700,72000,271523,19549656000,-0.277,-42878,-35331,77295,10691,-1248,-660,-2974,0,71486,1084,-170,0
2019-12-17,72200,73100,72100,72400,455261,32960896400,0.5556,-48718,57311,-9844,18175,-34331,-8342,1861,84,12411,795,456,298
2019-12-18,72400,72900,71700,72500,399504,28964040000,0.1381,-61113,69816,-7864,32436,-2181,-13722,-9908,1183,-16357,-825,-14,685
2019-12-19,72200,72600,71800,72500,302037,21897682500,0.0,-62786,93292,-30417,-22408,-2098,-2677,-5548,0,1716,-102,13,598
2019-12-20,72700,72700,71600,72500,403031,29219747500,0.0,-27530,34735,-8911,-2829,-450,494,-2099,3000,-7343,1562,144,316
2019-12-23,72600,72600,71900,72500,257344,18657440000,0.0,-56290,19749,36576,252,17925,2366,9426,138,6469,-763,728,0
2019-12-24,72500,72700,71900,71900,220741,15871277900,-0.8276,-57340,11612,48090,-677,7200,5322,3895,-3534,35912,-1750,-612,-28
2019-12-26,72000,72200,71200,71300,372424,26553831200,-0.8345,-76174,3859,69553,11281,9431,6040,-27,-8161,50989,2762,0,0
2019-12-27,71300,72100,71100,71800,498244,35773919200,0.7013,64672,-28807,-50846,5867,9955,-9547,-16892,0,-40340,14857,124,111
2019-12-30,71800,72200,71600,72100,283273,20423983300,0.4178,-7735,7102,10782,4986,-4265,-4222,-1725,0,15863,-10099,-50,145
2020-01-02,71800,72100,71000,71000,284758,20217818000,-1.5257,69075,-13231,-53021,-7601,-3994,-2644,3103,-84,-41801,-2811,-12,0
2020-01-03,71400,71900,70800,71100,369493,26270952300,0.1408,53119,44960,-98388,-18509,-2327,-4406,-10035,-37,-63074,-368,677,0
2020-01-06,70300,70500,69600,69900,337026,23558117400,-1.6878,5251,16007,-16773,12994,-6395,17103,-2706,0,-37294,-3867,-618,-475
2020-01-07,69800,70600,69800,70300,265311,18651363300,0.5722,-10221,50800,-37252,-13564,-8787,-1001,-1632,0,-12268,-3639,312,0
2020-01-08,70300,70300,67000,67500,937438,63277065000,-3.9829,142468,75861,-219136,-106314,-15764,-52156,-7843,-3910,-31593,-469,1276,-1556
2020-01-09,68100,68300,66100,66600,1565867,104286742200,-1.3333,574240,-352880,-238963,-120508,-93419,15143,-48142,-12,8047,17268,335,-72
2020-01-10,67000,67500,66400,66800,797710,53287028000,0.3003,177516,-99560,-80619,4542,-15410,-15760,3591,-134,-55721,2041,622,-1727
2020-01-13,66900,67000,66200,66600,600906,40020339600,-0.2994,217817,-134153,-94906,-59511,-9829,-11432,-8124,0,-6010,10741,501,0
2020-01-14,67200,69400,67100,68300,1081428,73861532400,2.5526,-48280,10418,33297,83878,-1599,8765,-5078,5200,-57696,4162,403,-173
2020-01-15,68800,70000,68600,69600,698052,48584419200,1.9034,-131398,86364,41391,66614,15814,-12679,-5016,444,-24010,4069,-426,224
2020-01-16,69800,70000,68900,69900,440562,30795283800,0.431,-32231,70052,-28171,32189,-15769,-8066,-1134,-83,-35661,-8652,-998,353
2020-01-17,69800,70200,68900,69200,464204,32122916800,-1.0014,72689,11089,-89757,-38701,-15049,-5314,-6750,0,-24171,5885,94,228
2020-01-20,69600,71700,69400,71200,894609,63696160800,2.8902,-333373,249277,89928,90386,-2486,-3239,3041,1238,1212,-5556,-276,-224
2020-01-21,71400,71600,70100,70100,379059,26572035900,-1.5449,66645,-17604,-30571,-3484,9576,-18192,-1355,2885,-19993,-18401,-69,-8
2020-01-22,69800,70500,68600,70400,546215,38453536000,0.428,7278,-73675,64709,52986,-4973,-16519,2349,3390,27265,1634,54,211
2020-01-23,69600,69700,68600,69000,604024,41677656000,-1.9886,221671,-163479,-61804,-29502,-12831,-721,-6703,1105,-16152,3391,221,3000
2020-01-28,66600,67500,66600,67100,729302,48936164200,-2.7536,50656,-144326,83028,25432,53403,-18758,5383,258,17567,10711,-69,-257
2020-01-29,67100,68000,66900,67200,585990,39378528000,0.149,105855,-143384,38696,39134,30741,46304,-610,0,-76831,-1382,215,-42
2020-01-30,67000,67800,66900,67200,549972,36958118400,0.0,32932,-19851,-3908,12740,-328,26193,7162,-1273,-49402,-8627,-546,1000
2020-01-31,67200,67600,65800,65900,697360,45956024000,-1.9345,158639,-151332,-9907,29838,-634,-42448,2037,-220,-109,1763,837,1629
2020-02-03,65400,65600,64100,64900,797729,51772612100,-1.5175,64849,-127620,40041,-5836,1913,-21884,3660,765,61494,22182,548,-71
2020-02-04,64400,65400,64400,65100,716163,46622211300,0.3082,212244,-59024,-157704,-22121,-32961,5558,-6077,0,-102372,3652,832,269
2020-02-05,65600,65700,64800,65200,657342,42858698400,0.1536,101488,14266,-86449,36185,-24157,-882,-2114,0,-95481,-28880,-425,0
2020-02-06,65600,67000,65500,66800,635295,42437706000,2.454,-18188,67408,-45007,-4171,-21946,3790,3153,0,-26097,-4276,63,264
2020-02-07,66700,67400,66500,67300,519466,34960061800,0.7485,-111458,162170,-50304,821,-18086,738,5361,0,-39138,-374,-34,0
2020-02-10,67000,67000,66100,67000,364246,24404482000,-0.4458,27787,-53120,23511,11096,2468,-8892,4879,0,13960,1807,15,0
2020-02-11,67500,67600,66800,67200,462160,31057152000,0.2985,-38090,46124,-5458,-20511,-3306,-1529,-892,0,20780,-2392,-184,0
2020-02-12,67000,68300,67000,67900,487071,33072120900,1.0417,-76857,50295,26418,5432,-26005,11536,-982,-4,36441,104,40,0
2020-02-13,68200,68400,67000,67100,699540,46939134000,-1.1782,80477,103536,-186793,-154880,-6340,-3486,-3869,0,-18218,2610,170,0
2020-02-14,67200,67600,66700,67000,354348,23741316000,-0.149,23570,40363,-63714,-2106,-22391,-6933,-19067,0,-13217,-262,43,0
2020-02-17,66900,67300,66000,67000,560384,37545728000,0.0,18555,-105666,89623,69869,-24512,-7671,-8389,0,60326,-2502,-10,0
2020-02-18,67900,70000,67700,68900,1338368,92213555200,2.8358,-258667,60261,198520,146278,56253,13813,40308,-2,-57883,-316,202,-247
2020-02-19,69300,69400,68000,68800,636116,43764780800,-0.1451,-23998,-32688,57102,60703,-5031,-4829,232,-709,6870,-458,42,-134
2020-02-20,68700,69000,66700,67200,677402,45521414400,-2.3256,157526,-25063,-132135,-112347,-538,-11877,-3378,1497,-5492,-466,138,0
2020-02-21,66000,67000,65800,66100,531902,35158722200,-1.6369,61533,-41823,-16864,14130,-4811,-8029,622,0,-8976,-3027,181,-9800
2020-02-24,64800,65000,63100,63300,874557,55359458100,-4.236,70204,-231601,159608,77916,23768,-13451,-1722,0,72997,1348,441,100
2020-02-25,62200,63500,62100,63000,956415,60254145000,-0.4739,256640,-292931,40098,12201,-4852,-9762,-6056,-376,48465,-4508,701,478
2020-02-26,62100,63700,61500,63300,607215,38436709500,0.4762,-75883,58377,17615,35431,-18925,2553,3918,212,-5878,-364,255,304
2020-02-27,63000,63600,62000,62400,524379,32721249600,-1.4218,52970,-109757,57262,372,12888,-9493,-9763,0,63258,-115,-360,0
2020-02-28,61400,61700,60000,60400,932828,56342811200,-3.2051,-28113,-141674,167683,33436,27812,-18849,-3354,0,128638,2216,-112,0
2020-03-02,60300,61200,59600,60100,711979,42789937900,-0.4967,153694,-137466,-20177,-8784,-3001,-45184,-8271,0,45063,1815,2134,0
2020-03-03,61500,61700,60000,60200,587763,35383332600,0.1664,198842,-69122,-131797,-23024,-4349,-10622,-29276,-1491,-63781,1989,88,746
2020-03-04,60100,61200,60100,60600,520867,31564540200,0.6645,48538,-10483,-36723,14614,-6010,2421,-6900,-412,-45436,750,-2082,5000
2020-03-05,61300,61900,60800,61500,573595,35276092500,1.4851,52152,-13964,-38716,47396,-15110,-3009,-5113,0,-62880,204,324,0
2020-03-06,60900,61100,60200,60300,542438,32709011400,-1.9512,131033,-94018,-25739,36138,4506,-21251,-16183,4000,-32849,-11285,9,-100
2020-03-09,59000,59300,57500,57800,1001568,57890630400,-4.1459,163559,-324813,131925,38925,35565,-9963,2161,-711,65309,28435,894,639
2020-03-10,58800,61400,58400,60000,1500440,90026400000,3.8062,-218409,167232,80438,-19891,-3554,72956,4801,5222,20153,-29182,-79,751
2020-03-11,60000,61000,58100,59000,938290,55359110000,-1.6667,178371,-186052,3163,-20459,19716,-14210,-1030,-207,19353,4251,267,0
2020-03-12,58900,58900,55000,55500,1649095,91524772500,-5.9322,332382,-551065,206401,-20107,37857,2937,4416,-2396,183709,12048,234,-15
2020-03-13,51100,54500,50600,52500,1968749,103359322500,-5.4054,139831,33537,-179434,86111,14437,-11278,3114,-4057,-266532,7696,-1630,-1229
2020-03-16,53100,54200,50400,50400,948845,47821788000,-4.0,210680,-93980,-109645,14010,-3269,-11479,3976,135,-113480,-7497,442,462
2020-03-17,48000,52000,48000,49450,1004008,49648195600,-1.8849,33543,-39109,1410,-4798,-15604,15785,-10463,0,19745,1039,3117,-3255
2020-03-18,50200,50800,47700,48000,886739,42563472000,-2.9323,105785,-118388,10823,67769,-18261,-11131,-538,-644,-26857,1810,-30,485
2020-03-19,48900,49600,43650,43650,1601945,69924899250,-9.0625,40625,-84037,34602,55384,-34917,-2976,-5094,-1075,21778,7958,852,1502
2020-03-20,44600,45700,43550,45100,1539670,69439117000,3.3219,227401,-309179,84201,51441,-157,-380,-6363,0,39736,-2839,416,-76
2020-03-23,42350,42850,41600,41850,1186795,49667370750,-7.2062,248568,-158415,-96810,-6598,-63363,5215,5625,0,-35510,6473,184,-2179
2020-03-24,42700,44450,42200,44400,1316623,58458061200,6.0932,11426,-140569,112094,51393,17366,-8544,-3410,0,53804,14828,2221,1485
2020-03-25,48400,48850,46800,48500,1506779,73078781500,9.2342,-56970,15078,44791,35315,-19098,494,-2358,0,30469,-732,-2167,-31
2020-03-26,49450,51300,48600,49000,1377158,67480742000,1.0309,51308,-89509,38862,77119,5808,12967,5199,1502,-63733,-1813,1152,0
2020-03-27,51300,51500,48000,49400,1110394,54853463600,0.8163,168583,-220965,64401,23713,5470,19141,-17891,0,33089,-12300,281,879
2020-03-30,48400,49200,47100,48500,937027,45445809500,-1.8219,191223,-210294,16037,22469,-805,2142,2855,-1502,-9122,2109,925,0
2020-03-31,49100,49500,47600,48200,1106424,53329636800,-0.6186,229994,-169593,-59900,-4210,-3683,-7790,-8515,0,-36448,-348,-153,746
2020-04-01,48250,50800,47850,48100,1298461,62455974100,-0.2075,-101465,43977,54625,88242,10865,-20544,30374,474,-54361,1497,1366,-425
2020-04-02,49100,50000,48500,49300,1071663,52832985900,2.4948,-38931,-150064,188859,129925,33996,6415,14520,-567,5021,325,-189,-451
2020-04-03,50100,51200,49200,49850,963015,48006297750,1.1156,93026,-127762,27372,39071,10168,-4674,11700,43,-28936,6993,371,0
2020-04-06,50400,51100,49900,51100,868309,44370589900,2.5075,-72956,-30819,116135,4925,2972,377,2357,0,105346,-12657,297,158
2020-04-07,52500,55600,50900,54500,2123508,115731186000,6.6536,96800,-217644,113248,56801,1082,58765,17930,3512,-24932,7412,184,90
2020-04-08,54800,54800,53300,53300,1593974,84958814200,-2.2018,392930,-257977,-136470,-48900,23867,-15504,4039,-740,-99063,221,1296,-169
2020-04-09,54200,54300,53300,54200,926771,50230988200,1.6886,81014,-135216,54477,52730,6919,-4120,-10729,-1311,11454,118,-393,-466
2020-04-10,54100,54100,53300,53800,687486,36986746800,-0.738,134922,-65758,-67231,-8043,-8539,-6042,-12442,-193,-31989,-2166,233,17
2020-04-13,53800,54100,52800,53200,626957,33354112400,-1.1152,98831,-23870,-76748,-11574,800,-6326,-5051,-1020,-53577,1113,674,0
2020-04-14,53600,53900,53000,53600,922591,49450877600,0.7519,86660,-301086,215734,4734,-28104,-14697,-7654,-1018,262473,-1350,42,0
2020-04-16,53100,53600,52500,53500,788724,42196734000,-0.1866,163449,-152520,-10449,16303,1287,-1000,-6788,-1670,-18581,-670,190,0
2020-04-17,54300,55900,53900,54500,1414373,77083328500,1.8692,4336,-6904,-12366,-29921,-4982,3545,-11519,0,30511,17291,-2357,0
2020-04-20,54700,54800,53500,53800,809110,43530118000,-1.2844,216802,-131493,-85007,-40420,-5032,7490,4090,0,-51135,-604,302,0
2020-04-21,53400,53500,51700,52600,1029388,54145808800,-2.2305,126148,17237,-128644,-68141,-15440,-9814,-20046,0,-15203,-14951,210,0
2020-04-22,52000,52400,51300,52400,727548,38123515200,-0.3802,184727,13787,-206653,-76836,-27316,-3352,-20803,0,-78346,2186,5953,0
2020-04-23,52700,53500,52500,53300,702412,37438559600,1.7176,-85500,74538,13471,57727,-17029,1879,-12787,200,-16919,-1999,-510,400
2020-04-24,52800,53200,52300,52600,529035,27827241000,-1.3133,79185,-15971,-63604,15031,-24460,10,-6268,0,-47917,298,92,0
2020-04-27,52800,53800,52700,53400,561740,29996916000,1.5209,-106658,35747,68710,30688,-14879,3052,-1035,0,51007,2956,-755,-123
2020-04-28,53800,54500,53100,53600,712240,38176064000,0.3745,50019,15838,-66449,-46099,-7702,-1738,3200,1,-14111,-223,815,0
2020-04-29,53900,55100,53600,54900,1017067,55836978300,2.4254,-163666,143485,19786,22567,-13271,4123,-12924,0,19291,1536,-1141,0
2020-05-04,54000,55800,53400,55200,1119161,61777687200,0.5464,-130566,311943,-181164,-38718,-18012,-7546,4395,0,-121283,-231,18,0
2020-05-06,56300,56400,55200,55500,805783,44720956500,0.5435,48864,-114294,61427,44460,-2718,-2784,-2413,0,24882,2655,1348,0
2020-05-07,55100,55100,54100,54700,754248,41257365600,-1.4414,141539,-174442,35790,26060,-18093,1664,1025,0,25134,-2925,38,0
2020-05-08,55000,55500,54900,55200,632501,34914055200,0.9141,-13668,73657,-56048,-55450,-4897,-450,-1904,0,6653,-1434,-2507,0
2020-05-11,55400,55700,54300,54500,536547,29241811500,-1.2681,60960,20603,-83638,-23906,-7483,-14,-20033,0,-32202,1897,178,0
2020-05-12,54600,55400,54000,54500,707739,38571775500,0.0,-83282,104307,-21701,9216,-1371,2109,-4001,0,-27654,52,624,0
2020-05-13,53800,55000,53600,55000,577061,31738355000,0.9174,-33804,12077,25994,-21420,-5504,17317,1239,0,35162,-3984,-283,-800
2020-05-14,54500,54900,53900,54200,593689,32177943800,-1.4545,67118,-24521,-45624,-15642,-6946,931,-1500,0,-22256,2590,437,-211
2020-05-15,54200,54500,53400,54400,504474,27443385600,0.369,-2333,8341,-4524,19883,949,6930,-12850,-7,-19010,-2212,728,-419
2020-05-18,54800,56400,54400,56400,1005066,56685722400,3.6765,-320782,214185,106091,51567,3302,23777,-7200,0,34645,-1374,1880,0
2020-05-19,57800,58600,57200,58200,1138915,66284853000,3.1915,-255476,101476,162640,64107,-788,15246,3071,0,81004,-419,-8221,0
2020-05-20,57700,58000,57100,58000,552137,32023946000,-0.3436,52607,-5557,-46021,-22365,-1524,-82,-867,0,-21183,-1807,778,0
2020-05-21,58000,58300,57000,57200,709139,40562750800,-1.3793,221634,-123652,-85927,-1044,-9692,453,-8082,-442,-67120,-14859,2804,0
2020-05-22,57200,57300,55900,56300,518452,29188847600,-1.5734,-37122,27991,7558,22409,-2296,302,-7329,0,-5528,981,592,0
2020-05-25,56600,56600,55400,56100,478311,26833247100,-0.3552,75049,-72162,3505,40483,-7504,-9669,-11756,0,-8049,-5532,-860,0
2020-05-26,56300,57800,56200,57100,674912,38537475200,1.7825,-150838,30055,118450,60827,26351,-2919,-8184,-1,42399,2498,-165,-23
2020-05-27,57500,60000,57400,59500,1707086,101571617000,4.2032,-510228,406416,117405,77862,7243,19827,6308,0,7165,-9795,-3798,-1000
2020-05-28,59700,59800,57400,58500,1094166,64008711000,-1.6807,159569,-135336,-24348,-87859,50248,3992,2379,0,6892,-1002,1117,0
2020-05-29,57900,59300,57500,59300,900113,53376700900,1.3675,-127560,145529,-18378,-45776,16908,5259,2195,0,3036,580,-171,0
2020-06-01,59000,59500,58500,59200,550906,32613635200,-0.1686,111872,-53732,-59555,-29231,-5014,4597,2769,0,-32676,933,482,0
2020-06-02,59200,61000,59200,60000,846026,50761560000,1.3514,-170139,83454,87261,25264,12790,21936,6225,0,20915,-903,327,131
2020-06-03,60500,62400,60500,62100,1433963,89049102300,3.5,-454199,149420,315278,73322,98438,5537,49819,-1946,90108,-9451,-1048,0
2020-06-04,62800,63100,61200,62200,934862,58148416400,0.161,-108066,19216,101085,45499,24229,-3023,7238,-156,27662,-9029,-3206,-364
2020-06-05,62200,63000,61700,63000,860924,54238212000,1.2862,-150297,77968,73276,82413,-28105,25563,11003,0,-14598,393,-1340,-3000
2020-06-08,64500,64500,63000,64000,975466,62429824000,1.5873,-178476,11214,179045,145920,27048,4044,30092,0,-29621,-8822,-2961,1562
2020-06-09,64800,67100,64500,66600,1897513,126374365800,4.0625,-388641,75014,257705,216617,57080,14129,30695,4439,-65704,57148,-1226,449
2020-06-10,67400,70400,66600,70100,2744224,192370102400,5.2553,-570262,139669,402497,146323,146691,76202,123632,16733,-101004,28831,-735,-6080
2020-06-11,69500,70800,67500,69000,1942350,134022150000,-1.5692,175441,-276715,86334,-4569,81961,-5766,45047,2175,-32598,15263,-323,84
2020-06-12,65300,68900,65200,67800,1689624,114556507200,-1.7391,-96154,-50049,156979,27307,39766,12728,15789,13075,48314,-11260,484,0
2020-06-15,67000,67100,62800,62900,1545344,97202137600,-7.2271,-72262,-106268,213269,107125,26030,10084,1473,0,68484,-34928,189,73
2020-06-16,65100,66100,64400,65200,1220699,79589574800,3.6566,135270,-107984,-18321,-11585,-3903,8402,-533,-3000,-7657,-9220,255,-45
2020-06-17,64700,68300,64600,68200,1576915,107545603000,4.6012,-500492,31991,458547,296086,88848,-5199,55259,0,23657,10533,-579,-104
2020-06-18,68000,69200,66900,67800,946224,64153987200,-0.5865,-72089,-9479,87325,12842,56276,11109,20916,0,-16871,-6378,621,3053
2020-06-19,68500,68800,65900,68800,861053,59240446400,1.4749,-125800,48743,78977,47324,9736,376,70563,61,-48963,-2173,253,-120
2020-06-22,67900,68500,67300,67500,632910,42721425000,-1.8895,30986,-7356,-21172,-7230,-10698,-363,-659,-927,-1295,-2261,-197,0
2020-06-23,68100,68100,65000,66600,849668,56587888800,-1.3333,13870,-34410,26839,-17942,21822,1960,16325,0,4674,-6561,262,0
2020-06-24,66400,68000,66200,67000,622511,41708237000,0.6006,-16512,-46695,54260,20680,18946,3723,5121,0,5790,8775,172,0
2020-06-25,65600,66000,64600,64700,798688,51675113600,-3.4328,155089,-42080,-126168,-18955,-5471,-5215,-6342,-4853,-85207,12808,351,-125
2020-06-26,65500,65500,64500,64700,528872,34218018400,0.0,46393,26788,-59565,-13382,-20285,-1925,2618,-5841,-20750,-11597,-2019,0
2020-06-29,63800,64000,62500,63500,756841,48059403500,-1.8547,-39789,35596,20140,26036,-29592,-6412,-8569,-2000,40829,-16339,392,-152
2020-06-30,64000,64500,63200,63200,648411,40979575200,-0.4724,95661,-51540,-47498,89,-39664,2862,-27463,0,16678,3374,3,0
2020-07-01,64000,65400,63600,64400,564319,36342143600,1.8987,-73818,-68440,137840,95798,1977,946,8389,0,30730,5465,-1047,0
2020-07-02,64500,65200,64000,64600,451291,29153398600,0.3106,35909,13443,-51215,-40203,-11964,-884,-7466,-1605,11267,2136,-273,-360
2020-07-03,65000,65400,64100,65000,494161,32120465000,0.6192,114139,-125538,-1855,14179,-25583,-10273,15212,0,4127,12977,277,483
2020-07-06,65500,68800,65000,68100,1461414,99522293400,4.7692,-532432,144312,373032,138743,25120,22506,25440,0,156769,17143,-2055,4454
2020-07-07,69400,69500,64600,65500,1720050,112663275000,-3.8179,-41982,76929,-19215,-6607,23651,-9280,18970,4385,-51375,-16792,1060,1041
2020-07-08,66200,67900,65600,66400,1111546,73806654400,1.374,-114553,50607,72642,121464,17484,-4975,-20313,1446,-42464,-8659,-37,0
2020-07-09,67500,68400,67100,67700,984866,66675428200,1.9578,-200272,195468,9181,57238,14540,1837,-1521,-5846,-58249,-5215,838,1182
2020-07-10,68100,68600,66500,68200,781290,53283978000,0.7386,-193222,150057,40845,48546,42238,1057,-5100,0,-45865,-2010,4330,-31
2020-07-13,69200,69400,68200,68500,569857,39035204500,0.4399,-117429,82028,35637,15932,9945,-1493,-8034,0,19207,-359,123,80
2020-07-14,68700,71200,68600,70800,1780194,126037735200,3.3577,-476883,309273,160260,77571,71776,27008,1955,2653,-20806,8299,-949,103
2020-07-15,71700,75000,71600,74900,2504840,187612516000,5.791,-971982,737790,216504,138074,41516,56596,25007,1279,-37968,27309,-9621,-8000
2020-07-16,75100,76000,73000,74500,1184023,88209713500,-0.534,-157660,124661,38077,-8664,29189,3071,17672,500,-5255,-4043,-1035,1564
2020-07-17,75100,76700,74200,75700,1266762,95893883400,1.6107,-207269,82475,130640,50932,75368,17189,11663,2705,-27217,-1735,-4111,0
2020-07-20,75600,76200,74500,76000,901831,68539156000,0.3963,-125068,225790,-84023,-46215,14292,-6912,-1504,-496,-43188,-14331,-2368,0
2020-07-21,76200,76300,74600,74900,912127,68318312300,-1.4474,-30904,166016,-122712,-80164,-22420,-9200,-19604,-5894,14570,-9259,-3141,0
2020-07-22,75000,76300,74500,75000,801570,60117750000,0.1335,-99316,254031,-146915,-28390,-9216,-4335,-17018,0,-88672,-7622,-178,716
2020-07-23,74800,74800,73100,74100,759138,56252125800,-1.2,-53518,164979,-99267,-14222,-13208,-132,-16896,-146,-54663,-12197,3,0
2020-07-24,73400,75200,73000,74100,698830,51783303000,0.0,-90311,157500,-59425,37520,-16884,7077,-9753,0,-75120,-7405,-359,-2265
2020-07-27,73700,75300,73300,73600,568984,41877222400,-0.6748,-4787,-9639,18390,-20893,4478,-696,414,-28,38115,-4153,189,-3000
2020-07-28,74000,74200,72100,72500,975596,70730710000,-1.4946,135720,85199,-222941,-65635,-40011,-21695,-22843,-31,-70149,1303,719,-2577
2020-07-29,72500,73400,71700,72000,804210,57903120000,-0.6897,41481,90014,-134738,-55052,-24754,-4456,-8403,-904,-41169,2737,506,0
2020-07-30,72700,73500,71800,72100,735701,53044042100,0.1389,117965,-89653,-62927,-17184,-15680,159,-717,-4323,-20488,34311,304,-4694
2020-07-31,72200,72500,70600,70700,851076,60171073200,-1.9417,234472,-21881,-209982,-79879,-40553,-20296,-39099,-500,-29655,-2735,126,0
2020-08-03,71300,74500,71000,74000,1183563,87583662000,4.6676,-287258,248996,62636,58827,9123,19706,9708,0,-34728,-24535,161,0
2020-08-04,74900,78100,74000,77900,1738014,135391290600,5.2703,-552703,307707,253431,164863,85291,7168,34301,605,-39064,-6386,-2049,267
2020-08-05,78900,78900,76500,78300,1197933,93798153900,0.5135,-223863,219113,7258,-27482,39795,-2132,42750,1089,-48312,-1898,-610,1550
2020-08-06,78300,78900,76900,77200,899941,69475445200,-1.4049,-66334,-16725,98514,93391,-3364,-6591,-10815,736,25929,-16057,602,-772
2020-08-07,77800,78300,76300,77200,759800,58656560000,0.0,14542,95257,-107806,-24921,-10717,-11809,-3410,1400,-57629,-723,-1270,-720
2020-08-10,77100,86200,76500,85700,3706582,317654077400,11.0104,-950488,340517,601645,394176,14984,100939,34813,3943,52599,11659,-3333,191
2020-08-11,86300,86300,83000,83000,1684857,139843131000,-3.1505,206352,-112735,-104067,-37171,-3025,-104679,40,77,41080,9999,451,-389
2020-08-12,82900,88900,81300,87300,2704977,236144492100,5.1807,-482321,296522,192749,122469,-14027,11816,7407,269,65210,-3279,-3671,-395
2020-08-13,87700,90300,85000,87000,1950559,169698633000,-0.3436,-63673,56157,11251,-110712,13802,7544,1725,163,98427,-3467,-268,302
2020-08-14,87400,90000,85900,88700,1669303,148067176100,1.954,-149802,84761,79557,-47977,33158,-4068,21373,0,67071,-13423,-1093,10000
2020-08-18,88300,89200,82500,84000,1462971,122889564000,-5.2988,-55278,64802,-3327,-79643,8355,-1505,23998,-1225,46693,-5428,-769,0
2020-08-19,84000,88000,83600,85000,1316003,111860255000,1.1905,-194339,210769,4133,17106,1253,-724,12843,-135,-26175,-20145,-418,-35
2020-08-20,84700,87300,84000,84900,1424255,120919249500,-0.1176,-212257,73564,141090,61937,42498,18883,39803,591,-22622,-2012,-385,0
2020-08-21,86800,91000,86700,90300,2978055,268918366500,6.3604,-782046,325349,468406,221794,44616,14927,34228,13661,137573,-9917,-1792,1607
2020-08-24,90000,91600,89100,90600,1265081,114616338600,0.3322,-130032,-94420,226323,101274,28711,2615,33350,-84,60457,196,-2067,0
2020-08-25,90500,92400,89600,90300,1161120,104849136000,-0.3311,-22064,2097,11253,-42859,50101,9935,10170,-10166,-3928,7200,1514,-2000
2020-08-26,90200,90200,86800,87900,1571474,138132564600,-2.6578,418242,-4139,-421032,-235138,-17213,-9524,-12502,-984,-145671,6173,756,0
2020-08-27,87700,88700,85500,86200,1330067,114651775400,-1.934,63320,283913,-346225,-99529,-10279,3306,-12121,-1016,-224549,-2546,1538,-2037
2020-08-28,87100,87900,85200,85900,954228,81968185200,-0.348,90094,14082,-110854,-24958,6999,-2588,-1307,-1222,-87778,5649,1029,0
2020-08-31,86100,87300,84200,84200,1388783,116935528600,-1.979,200506,-322811,117034,21112,14694,11520,-6904,-5504,83915,4419,852,-1799
2020-09-01,85100,87900,84700,87700,1133236,99384797200,4.1568,-158340,-72951,233702,96918,44306,5824,-68,-1901,92598,-2463,52,-3975
2020-09-02,89300,89700,85300,86500,1170481,101246606500,-1.3683,361044,-222958,-150317,-119514,-9080,-10493,6152,0,-17382,12560,-329,0
2020-09-03,86500,87300,85600,85700,764553,65522192100,-0.9249,128433,10134,-138151,-46549,-31385,-4629,-8962,-103,-46523,-766,350,0
2020-09-04,83000,84600,83000,84000,974597,81866148000,-1.9837,209793,114109,-326666,-75685,-26153,-14377,-5533,258,-200060,1951,813,-5116
2020-09-07,83700,85300,82900,83800,629528,52754446400,-0.2381,80524,40455,-119269,-29705,-41779,-2335,-6203,0,-39247,-2055,345,0
2020-09-08,84300,87200,83100,85800,1367597,117339822600,2.3866,-170987,-61220,227877,118143,16164,969,13365,2257,76979,5400,-1070,0
2020-09-09,87200,92000,84600,90200,3555936,320745427200,5.1282,-1051627,492579,587987,268341,144309,63332,99885,883,10371,-26060,-2879,866
2020-09-10,91100,95000,90500,93200,2880767,268487484400,3.3259,-417882,42273,352661,155634,41921,6658,45937,0,103511,24838,-1890,-1000
2020-09-11,93200,93900,89700,92400,1507008,139247539200,-0.8584,190935,-324777,142580,109770,28454,2108,45890,72,-43935,-7935,-803,221
2020-09-14,93500,94900,91300,92100,1226790,112987359000,-0.3247,137104,-58583,-91133,-83470,-21168,-11097,28810,-4944,128,11987,625,608
2020-09-15,92000,93100,90700,91800,952767,87464010600,-0.3257,-58050,164716,-105820,-2663,-23643,5128,-15048,-1188,-68406,-80,-766,0
2020-09-16,91200,93300,90300,90600,815205,73857573000,-1.3072,79202,3571,-71468,18210,-29288,-8971,-11581,-4745,-35117,-11566,261,24
2020-09-17,91000,91200,88900,90600,870174,78837764400,0.0,4790,-39609,39958,25630,23478,266,11162,429,-21007,-4334,-805,0
2020-09-18,90700,90900,88700,89900,931059,83702204100,-0.7726,129284,-12658,-125088,-62496,-15396,-7134,-18153,0,-21909,7902,560,0
2020-09-21,90100,92500,89400,90900,1050515,95491813500,1.1123,-11728,111264,-110182,-128240,11816,2312,27273,2724,-27080,10972,-326,1013
2020-09-22,90400,91400,88000,88900,1054942,93784343800,-2.2002,167960,25381,-209514,-100436,-3706,-17357,13841,530,-102074,15699,474,-312
2020-09-23,89500,91500,88000,91200,1121711,102300043200,2.5872,-213420,169185,55012,47468,20757,5665,12494,-889,-30737,-10066,-711,254
2020-09-24,89600,91500,89500,89500,1150871,103002954500,-1.864,-34214,-115213,150922,89170,14144,-12835,-902,-1671,63054,-1144,-351,-38
2020-09-25,91000,93700,90200,92900,1625943,151050104700,3.7989,-450398,190011,274899,70337,13420,12780,9123,174,167036,-11979,-2533,2029
2020-09-28,93800,94500,91500,91700,905918,83072680600,-1.2917,92304,-2949,-89762,-116884,-11729,-4270,8975,0,34146,571,-164,0
2020-09-29,92700,93400,91500,91700,808542,74143301400,0.0,-62355,38315,22135,-12762,84,-5600,7665,0,32748,1836,69,0
2020-10-05,91000,93500,90900,92100,1007727,92811656700,0.4362,-27657,143355,-115696,-69597,-21968,9074,-14968,0,-18237,-1011,1009,0
2020-10-06,93500,98500,93200,94400,2733167,258010964800,2.4973,-365044,434759,-82163,-19654,4970,32367,-9137,-278,-91104,13135,-687,673
2020-10-07,94400,96300,92800,96100,1263545,121426674500,1.8008,-206758,162416,50763,38099,845,2858,-6967,-45,15973,-6123,-298,0
2020-10-08,97000,98900,92700,93300,2181852,203566791600,-2.9136,430196,6760,-431328,-52285,-61642,-41726,-22200,561,-253396,-6377,749,-640
2020-10-12,93600,93800,91000,91900,1139080,104681452000,-1.5005,340078,-74506,-279779,-94168,-45549,-45792,-42806,-843,-50021,13532,675,-600
2020-10-13,92500,93800,91300,91700,1015570,93127769000,-0.2176,35874,113473,-149284,-90749,-34859,9452,-38921,-239,6032,-290,227,0
2020-10-14,92700,92800,90600,91400,847948,77502447200,-0.3272,114514,24561,-140161,-18363,-34847,-10446,-49268,-115,-26292,1171,-85,-830
2020-10-15,91500,92400,91100,91400,678538,62018373200,0.0,-56434,138901,-83083,-30990,-6740,2593,-22900,274,-25553,1049,-433,233
2020-10-16,91600,92200,89200,89900,749853,67411784700,-1.6411,72266,31340,-99378,-26414,-22026,-24805,-10991,-619,-14751,-4294,66,228
2020-10-19,90500,90600,88700,89100,487840,43466544000,-0.8899,47770,-4021,-44359,-27075,-26324,-4920,-12044,-2206,28039,501,109,171
2020-10-20,87600,90700,87600,90700,498432,45207782400,1.7957,-124864,75824,46364,9158,-4080,2242,855,0,37973,2759,-83,216
2020-10-21,91400,91400,89800,90400,502901,45462250400,-0.3308,41605,98336,-139495,-94079,-34901,-5789,-7412,277,2188,-510,64,221
2020-10-22,90300,90300,87500,88400,598631,52918980400,-2.2124,158153,-73343,-102922,-28980,-33110,3123,-22694,0,-20384,17477,635,-877
2020-10-23,89000,89700,88600,89600,453141,40601433600,1.3575,-122195,163204,-22873,-6327,-13853,-899,-15919,-143,14198,-18313,177,70
2020-10-26,89400,89800,88600,89100,397433,35411280300,-0.558,-11472,138834,-117322,-72985,-21457,-126,-15931,0,-5234,-9917,-123,-1589
2020-10-27,88800,90600,88600,89400,523862,46833262800,0.3367,-68456,133623,-92866,-7371,-69782,4916,-9726,0,-11016,27830,-131,113
2020-10-28,88900,90200,88800,90000,375683,33811470000,0.6711,-30966,103718,-52179,779,-169,-14687,-10640,-2189,-25379,-20668,95,106
2020-10-29,88900,89200,86800,87200,786668,68597449600,-3.1111,374661,-208508,-178228,-25096,-59833,-10565,-8475,287,-74612,11884,191,66
2020-10-30,87300,87400,83400,84000,981485,82444740000,-3.6697,195728,2024,-200264,-44925,-64957,-6409,-32949,0,-51024,1364,1148,0
2020-11-02,85300,86300,84400,85500,510392,43638516000,1.7857,-78550,91159,-15999,-25616,2623,4337,6918,0,-4261,2795,595,0
2020-11-03,85800,87100,85700,86300,409909,35375146700,0.9357,-30792,10942,24169,-15906,-19915,-16694,10138,-2055,71451,-4773,454,-2850
2020-11-04,88100,88100,86000,86100,602908,51910378800,-0.2317,101702,-26,-117797,-90155,-17810,-398,-22119,0,13324,15942,179,-639
2020-11-05,86600,87100,85900,86500,754241,65241846500,0.4646,303624,-11223,-301642,-197321,-52994,-3833,-62000,0,16945,9385,-144,-2439
2020-11-06,86700,87200,86100,87100,707090,61587539000,0.6936,-10000,132160,-84902,-61378,-24483,-10731,-7916,0,19546,-38111,853,60
2020-11-09,87900,88300,87100,87300,586050,51162165000,0.2296,88703,5731,-95708,-76291,-19115,5007,-32218,-172,27437,619,655,-356
2020-11-10,87800,87800,85500,85900,898189,77154435100,-1.6037,379530,48123,-422799,-111201,-132094,-28799,-97100,-311,-53183,-6271,1417,-111
2020-11-11,86000,87200,85800,86800,960361,83359334800,1.0477,9121,-26595,-2670,-76140,-8582,-716,-3657,1970,83586,20625,-481,869
2020-11-12,87100,87200,85700,86100,781666,67301442600,-0.8065,97763,60164,-167252,-46557,-5887,-3242,-17757,-235,-93762,9502,-177,188
2020-11-13,85900,86400,85200,85600,592333,50703704800,-0.5807,213706,-58089,-164306,-118190,-35084,2879,-8103,0,-5808,8350,339,0
2020-11-16,86500,87500,86300,86500,807027,69807835500,1.0514,100387,150589,-255667,-216433,-26957,-4408,-10148,57,3527,3916,775,-1305
2020-11-17,86600,87100,84800,85000,1066813,90679105000,-1.7341,492632,-15168,-411007,-277657,-36712,-34820,-11169,0,-50724,-67399,942,75
2020-11-18,85400,89500,85100,88800,2116015,187902132000,4.4706,-527875,38857,496232,113475,67318,12295,15311,2075,284458,-7175,-39,1300
2020-11-19,90300,90700,88500,89100,1219430,108651213000,0.3378,7060,44174,-49703,-30396,9985,-2341,8941,0,-36693,-948,-583,801
2020-11-20,89700,90200,87800,88700,588066,52161454200,-0.4489,19240,27435,-73235,-30341,-9481,2357,-2457,0,-33384,26505,55,71
2020-11-23,89100,89900,87700,89200,746317,66571476400,0.5637,-36163,51178,-14715,-1004,-2537,-458,17265,-68,-27945,-958,658,32
2020-11-24,89400,89500,88000,88600,871390,77205154000,-0.6726,234018,-94019,-157459,-46973,-35097,-682,-20516,-5219,-44403,17159,301,-4569
2020-11-25,89100,89500,86600,87500,1022025,89427187500,-1.2415,245628,3595,-257178,-141765,-30887,-9350,-4006,0,-71253,6863,1092,83
2020-11-26,87500,88300,86300,87000,741023,64469001000,-0.5714,243664,-21212,-223535,-99133,-45004,-2296,-31204,0,-45100,-80,1163,-798
2020-11-27,87000,88000,86800,87800,750504,65894251200,0.9195,-47546,103193,-51464,-24236,-16688,-4675,1806,0,-7851,-4526,343,180
2020-11-30,87800,87900,85500,85500,1428395,122127772500,-2.6196,421673,-421164,-14042,-26339,-14905,-869,-5402,0,33298,12569,964,175
2020-12-01,86100,86500,85500,86000,693134,59609524000,0.5848,251203,-63810,-186305,-183211,-21392,529,-8286,0,27628,-1717,629,-1573
2020-12-02,86300,86300,85500,85900,818536,70312242400,-0.1163,189521,-49273,-150416,-75903,-29065,813,-12813,0,-34548,9619,549,1100
2020-12-03,86800,90300,86600,90300,2391369,215940620700,5.1222,-708515,410801,300582,89473,49241,23039,8195,0,130634,-1773,-1095,0
2020-12-04,90000,91500,89100,90500,1763876,159630778000,0.2215,-172843,83910,59800,20998,3047,-4829,-6929,0,42107,27582,1551,5406
2020-12-07,92000,92200,89000,89200,1278901,114077969200,-1.4365,124340,-66289,-72781,-20077,-14037,1686,-10259,-45,-30049,14353,377,0
2020-12-08,91000,96500,90900,95000,4702429,446730755000,6.5022,-1404376,748436,774852,357530,86611,136002,36862,2245,156916,-113780,-5132,-1314
2020-12-09,96800,98000,95000,96200,2114941,203457324200,1.2632,140043,-99234,-34845,-97541,18149,4538,8141,1290,27515,-10060,4096,3063
2020-12-10,95100,95800,93800,95400,1691356,161355362400,-0.8316,48864,162574,-214512,-230327,-21964,-26064,6021,0,55793,2289,785,2029
2020-12-11,96100,97100,94900,95800,1013826,97124530800,0.4193,-73604,-5535,76741,-65999,14351,8164,4426,-643,116129,2048,350,313
2020-12-14,95400,95700,94000,95000,1013069,96241555000,-0.8351,38007,18426,-53042,-32043,-9291,-2253,10464,0,-20719,-4287,896,800
2020-12-15,94500,94900,93000,93400,1094196,102197906400,-1.6842,112352,-13066,-100211,-46120,-5104,-27760,-7905,-190,-13132,-82,1007,0
2020-12-16,94200,97500,94200,97300,1785477,173726912100,4.1756,-571472,386172,134937,78505,-805,981,-436,0,60432,51122,-759,-3740
2020-12-17,97000,97800,96000,96900,1038351,100616211900,-0.4111,-35673,12283,9072,-38500,15068,-15177,3573,-613,44524,14223,95,197
2020-12-18,97300,97400,95700,95800,835663,80056515400,-1.1352,48040,-42147,2764,13176,-13791,1205,-3013,0,5775,-8848,191,-588
2020-12-21,95800,95900,93600,94900,946927,89863372300,-0.9395,2208,-19380,16374,30114,-16785,-2825,-3972,0,9842,65,733,0
2020-12-22,94600,94700,91800,92200,943385,86980097000,-2.8451,158169,-94752,-56156,-30703,-5702,-1288,-2259,-457,-15747,-9092,1831,0
2020-12-23,92700,119500,91100,119500,16565841,1979617999500,29.6095,-1004853,269375,812651,294066,259875,62035,158132,10593,23402,-77907,734,4548
2020-12-24,125000,128500,110500,112000,11918248,1334843776000,-6.2762,68699,-84893,9247,-146938,-171,-40419,-19923,-440,219713,10579,-3632,-2575
2020-12-28,114500,136500,113000,124500,21982050,2736765225000,11.1607,-158724,-38563,172113,-116593,-9017,34067,-4061,767,268302,18004,7170,-1352
2020-12-29,127500,134500,125000,131500,7476122,983110043000,5.6225,462821,-189324,-279040,-96465,-66417,-5958,-1096,-170,-99469,5617,-74,-9465
2020-12-30,128000,136000,128000,135000,1533422,207011970000,2.6616,-113380,33192,57320,-19170,7780,-5212,5844,-2499,67077,25622,-2754,3500
2021-01-04,136500,144000,136500,142000,1868234,265289228000,5.1852,222244,-195196,-62800,-11093,-17238,-7120,-17024,721,-11293,33455,2297,247
2021-01-05,139000,140000,137000,140000,1602818,224394520000,-1.4085,480631,-266906,-224918,-161506,-13772,-21194,-14257,-1130,-12797,8325,2868,-262
2021-01-06,148500,150500,137000,137500,5283488,726479600000,-1.7857,945664,-671878,-310086,-51479,-29299,-35143,1907,-331,-182016,35295,1005,-13725
2021-01-07,139500,155000,137000,150000,9782722,1467408300000,9.0909,51934,-142725,121856,-21482,-1698,-6929,-21691,-342,174140,-40222,9157,-142
2021-01-08,145000,151000,140500,147500,9472733,1397228117500,-1.6667,1926779,-1660038,-284247,-85998,-36601,-6610,-88940,-1269,-63112,21150,-3644,-1717
2021-01-11,148500,152000,138000,142000,6584433,934989486000,-3.7288,830663,-316260,-475931,-122752,-46899,-25690,-49124,-27,-230958,-37632,-840,-481
2021-01-12,140500,147500,135000,138500,4585235,635055047500,-2.4648,265531,102648,-359154,-45566,-15258,-16796,-12066,40,-268416,-9417,392,-1092
2021-01-13,141000,143500,137000,140000,2589622,362547080000,1.083,-134138,2825,115841,14352,-16859,8476,-9470,0,121759,14496,976,-2417
2021-01-14,138500,150500,138500,147000,5618859,825972273000,5.0,-746427,171465,519292,25677,56924,21789,42071,0,373097,57730,-2060,-266
2021-01-15,145500,146000,139500,140000,3051738,427243320000,-4.7619,490261,-282660,-215170,-37532,-5390,27849,11824,0,-211914,5470,2099,-7
2021-01-18,141500,145000,138500,139000,2469549,343267311000,-0.7143,-52622,-39094,88039,31630,53176,-14700,-9316,2238,22999,3486,191,2012
2021-01-19,140000,149500,139000,148000,4114713,608977524000,6.4748,-860229,408111,440087,149319,50987,28001,10495,61,201155,14625,-2594,69
2021-01-20,148500,167000,146500,167000,10340439,1726853313000,12.8378,-472861,-94246,481311,129455,51535,73742,28256,737,195974,89255,-3459,1612
2021-01-21,168500,192500,163500,185000,16304954,3016416490000,10.7784,-88766,33341,54185,308204,57624,-6504,21269,-274,-326280,3649,-2409,146
2021-01-22,183000,193000,177500,177500,7015098,1245179895000,-4.0541,690233,-533630,-218468,11050,-16312,-52595,-9763,160,-150108,59573,2292,-900
2021-01-25,177500,181000,174500,178000,2710809,482524002000,0.2817,262775,-324525,99123,-359,7193,-11210,9960,8584,83673,-35711,-1662,1282
2021-01-26,179000,181500,169000,170000,3706727,630143590000,-4.4944,496590,-315567,-168505,-80073,-21548,-25653,-29197,1382,-11596,-16847,4329,-1820
2021-01-27,170000,175500,166500,167000,3244402,541815134000,-1.7647,175679,10555,-175497,-34442,-23084,-5969,-4202,295,-107870,-11036,299,-225
2021-01-28,163500,167000,161500,164500,2465978,405653381000,-1.497,-29509,-51451,69214,9679,37251,-2244,85,0,23940,5303,6443,503
2021-01-29,166500,166500,150500,153000,5396272,825629616000,-6.9909,603167,-629654,-24535,-655,-9450,-28718,-8827,-2152,29188,43551,7471,-3921
2021-02-01,153500,159000,150000,158000,3617362,571543196000,3.268,197,-264670,267842,65770,14755,3257,5527,133,178809,-7199,3830,-409
2021-02-02,160000,164000,156000,158000,2620315,414009770000,0.0,191130,-281003,71785,-74203,10650,9293,2751,80,122829,11274,6814,385
2021-02-03,160500,166000,159000,165000,3179393,524599845000,4.4304,166940,-290567,33551,-36443,36359,31648,11979,1815,-13547,88253,1823,1740
2021-02-04,163000,163000,156000,157500,2660265,418991737500,-4.5455,818161,-548862,-261087,-62333,-44088,-4785,-3043,1005,-147309,-11759,3547,-534
2021-02-05,159000,160500,154500,158000,1914947,302561626000,0.3175,111038,-79666,-13195,-34670,993,142,-860,-322,22272,-18566,389,-750
2021-02-08,158000,163500,157000,157000,1895740,297631180000,-0.6329,183790,-287332,92543,47755,8107,-7738,-5573,0,49876,11379,-380,116
2021-02-09,158500,168000,157000,161000,3866170,622453370000,2.5478,-353115,69201,273409,56501,50396,31502,14563,2755,113478,10642,-137,4214
2021-02-10,163500,168500,161000,167500,3256875,545526562500,4.0373,-423139,59832,354271,168434,128361,40953,50608,4263,-39482,9487,-451,1134
2021-02-15,170500,171000,165000,165000,2113807,348778155000,-1.4925,397952,-312998,-100694,-45063,3704,-6893,2119,0,-55445,16825,-1085,884
2021-02-16,167000,174000,166000,172500,3199701,551948422500,4.5455,-115378,21573,58380,954,-5021,4091,-6994,-2228,66831,39222,-3797,747
2021-02-17,172000,177000,169000,176000,2965260,521885760000,2.029,-247435,-152314,380252,167781,42085,47541,20658,-394,102512,19835,-338,69
2021-02-18,175000,176500,168500,171000,2499314,427382694000,-2.8409,218654,-209139,17127,-61253,16629,-45125,24642,0,81825,-31900,5258,409
2021-02-19,170500,172500,164000,168000,2236161,375675048000,-1.7544,303152,-170692,-112341,-65773,3828,-8138,497,-809,-41818,-19885,-234,-128
2021-02-22,172500,174500,164500,166000,2511075,416838450000,-1.1905,340493,-64348,-286094,-127165,-631,14852,5089,361,-178756,8660,1289,156
2021-02-23,161000,162000,157000,157500,2897046,456284745000,-5.1205,747009,-246954,-491384,-160865,-52448,-44126,-19687,-1662,-216009,-9533,862,3413
2021-02-24,157500,159000,149000,150000,3061646,459246900000,-4.7619,70134,249584,-303688,-136972,-42992,-22888,-21337,-1131,-77611,-15697,-333,-757
2021-02-25,153500,154500,151000,154000,1755139,270291406000,2.6667,-11854,75004,-63868,-44679,-10122,309,-13907,-414,4599,1037,-319,346
2021-02-26,148000,150500,146000,146500,2453529,359441998500,-4.8701,369731,-219900,-132356,-26764,-11588,-4460,-24455,0,-64054,-11682,-5793,-1035
2021-03-02,150500,152500,147000,149000,1552321,231295829000,1.7065,-52071,40151,12408,-28870,-4446,996,1112,0,43616,-167,-321,0
2021-03-03,149000,152000,148000,150500,1033609,155558154500,1.0067,42879,-76242,30086,-37131,18933,1907,-8857,0,55239,3930,-653,-5
2021-03-04,148000,148500,145000,146000,1342531,196009526000,-2.99,383034,-225238,-156745,-32183,-23658,-8603,-5395,0,-86551,-1796,745,-355
2021-03-05,142500,149500,142000,148500,1479199,219661051500,1.7123,-38005,-22416,43832,25944,16220,-486,2170,685,2598,16209,380,-3299
2021-03-08,149500,150000,142000,143000,1165677,166691811000,-3.7037,322491,-213149,-126316,-75717,-10994,-538,-4789,-2249,-31892,15498,1476,-137
2021-03-09,143500,146000,142000,144500,1530784,221198288000,1.049,74021,-158994,72550,-2275,1594,3788,-4580,805,72795,10211,2212,423
2021-03-10,148500,149000,142000,142500,1143711,162978817500,-1.3841,103810,-60831,-46873,-88538,40727,16011,-3135,0,-12134,-2628,6522,196
2021-03-11,143500,149000,143500,147500,1651447,243588432500,3.5088,-210538,160699,45290,-21778,7718,19443,158,-74,39743,4239,310,80
2021-03-12,149500,154500,149500,152500,1567260,239007150000,3.3898,-166276,-119576,279816,128403,13069,9969,-3754,-245,132383,6733,-697,-9
2021-03-15,152500,153500,150500,151500,819248,124116072000,-0.6557,70215,-120997,58505,29964,3692,-1878,-2553,472,28401,-8413,690,407
2021-03-16,153500,159500,153000,158000,1996472,315442576000,4.2904,-278542,95973,185828,71400,33231,342,19694,-397,60430,-3010,-249,1128
2021-03-17,158000,161000,155000,158000,1543163,243819754000,0.0,256501,-262144,14182,13283,13799,966,20237,0,-37266,-8498,-41,3163
2021-03-18,160500,161000,155500,155500,1400789,217822689500,-1.5823,339462,-325175,-13241,-101802,39666,-3610,11291,728,40206,-1771,725,280
2021-03-19,151500,154000,151500,153000,1195480,182908440000,-1.6077,180362,-46955,-134630,-73961,-3105,2394,-132,300,-56214,1310,-87,-3912
2021-03-22,154000,157000,152500,155000,962272,149152160000,1.3072,-50655,51859,7734,-20004,2682,-1534,-1301,-59,27950,-7601,-1337,0
2021-03-23,155000,155500,145500,145500,2053555,298792252500,-6.129,583752,-309317,-285084,-125497,-41646,-11597,-19304,330,-88863,8673,1976,1493
2021-03-24,143500,147000,143500,146500,1127948,165244382000,0.6873,57170,41053,-187111,-26687,-12871,-14511,-5844,2100,-129298,88299,589,0
2021-03-25,146000,150500,145000,148000,1138392,168482016000,1.0239,20136,17932,-43834,-16280,175,11784,-10510,0,-29003,5525,241,0
2021-03-26,147000,147000,140500,143000,1993831,285117833000,-3.3784,403764,-81402,-331266,-171860,-61479,-27056,-45185,-270,-23926,7700,1204,-1490
2021-03-29,143000,143500,140000,140500,1212152,170307356000,-1.7483,181005,88262,-251177,-128023,-35182,-10065,-37481,-274,-39385,-18795,705,-767
2021-03-30,144000,153000,143500,152000,3244882,493222064000,8.1851,-313183,3593,302486,38045,32737,39402,1216,2000,189086,7560,-456,0
2021-03-31,154000,156000,149500,150000,2039038,305855700000,-1.3158,139067,-202844,52069,49843,16968,6055,7766,0,-34894,12534,-826,6331
2021-04-01,154500,160500,150500,159000,3574578,568357902000,6.0,-464256,326445,131835,9564,-11163,25576,-8097,-675,113780,4987,989,2850
2021-04-02,159500,160000,155000,158500,1761019,279121511500,-0.3145,205421,-170869,2003,1075,-25733,-7781,7513,-274,27271,-37495,940,-68
2021-04-05,163000,165000,153000,154500,3827492,591347514000,-2.5237,349514,-87841,-218428,-61237,-23122,-43491,-10741,-82,-78701,-40363,-2882,-1054
2021-04-06,158000,162500,156500,160000,3084796,493567360000,3.5599,-157535,231709,-77422,-97137,24794,11609,4580,-70,-22230,3802,-554,1032
2021-04-07,160000,163500,158000,158500,2655588,420910698000,-0.9375,152831,-112810,-42392,1336,-9875,17315,-15020,0,-35622,1160,1211,-526
2021-04-08,160000,160500,156000,156500,1735278,271571007000,-1.2618,367976,-171004,-191577,11107,-22642,-11856,-2335,-297,-164680,-6421,1026,-874
2021-04-09,157500,162500,157000,158500,1764047,279601449500,1.278,-65610,87312,-31935,7828,7030,-1021,2419,-3638,-45462,8182,2051,909
2021-04-12,159000,161000,156000,156500,1005281,157326476500,-1.2618,81672,-40265,-45589,-598,-4569,-3644,-6095,-920,-29799,3304,878,36
2021-04-13,156500,158500,155000,157500,1114768,175575960000,0.639,47585,-44337,6824,-29091,-11668,-2231,-5765,-2049,57788,-9996,-76,-160
2021-04-14,163500,165000,159000,161500,2454760,396443740000,2.5397,-282157,174396,114771,50829,4916,6868,8214,0,44024,-6868,-142,-80
2021-04-15,162000,172000,161000,172000,5009228,861587216000,6.5015,-1228089,896409,320695,87847,38560,37442,12596,-164,144360,12800,-1815,54
2021-04-16,173000,173500,166500,168500,2328661,392379378500,-2.0349,459703,-353613,-110718,-38774,-18957,306,-7530,0,-45816,6512,-1884,53
2021-04-19,170500,174500,169000,171000,2281804,390188484000,1.4837,-197957,117775,53845,5754,-6782,1624,8646,0,50152,27551,-1214,-5549
2021-04-20,170500,172000,168500,172000,1209405,208017660000,0.5848,98196,-103714,-593,-14034,-15292,-8064,6674,-2000,32123,5215,896,0
2021-04-21,170000,170000,165500,166000,2042543,339062138000,-3.4884,361444,-209258,-147960,-36894,-22474,-12680,-2507,986,-74403,-6353,2127,12
2021-04-22,167500,168500,163000,163500,1321558,216074733000,-1.506,192996,-126317,-76238,-24263,946,-3197,-4958,0,-44766,5984,3575,0
2021-04-23,161500,166500,160000,163500,1125379,183999466500,0.0,-85341,74657,6420,-5442,-1832,-1082,-3814,0,17815,2226,2038,775
2021-04-26,165000,170000,163500,169500,1892283,320741968500,3.6697,-360163,70414,294895,153006,9739,12913,6018,0,113194,-1073,-4073,25
2021-04-27,170000,170500,166500,167000,1027920,171662640000,-1.4749,30759,-50398,4010,-16992,-4401,-9382,-1910,-243,37082,15189,440,-144
2021-04-28,167500,168500,163000,164000,1095517,179664788000,-1.7964,59946,-85351,54484,19388,-45133,-1632,-5448,0,87309,-29815,736,0
2021-04-29,165000,165500,160000,162000,1192074,193115988000,-1.2195,112839,-98172,-22490,-45094,-12119,-31149,8922,300,56879,7989,-166,-229
2021-04-30,164000,165500,157000,157500,1601686,252265545000,-2.7778,310661,-3155,-302211,-87404,-18254,-5064,9870,250,-201609,-6040,745,0
2021-05-03,156500,158500,153000,155000,1410927,218693685000,-1.5873,225563,-41174,-162449,-56491,-18878,-3199,2009,-572,-85318,-21612,-328,0
2021-05-04,155000,156500,152500,154500,1063073,164244778500,-0.3226,149704,-62848,-69702,-64704,6907,-1345,43,0,-13603,-16581,-573,3000
2021-05-06,154000,154500,149500,151500,1825692,276592338000,-1.9417,589330,-320218,-274707,-69681,-45109,-13557,-7228,0,-138866,4114,1481,-266
2021-05-07,152500,155000,152000,153000,949811,145321083000,0.9901,71386,-93374,21634,-6725,-3102,891,-17695,0,48265,-470,824,0
2021-05-10,154500,155000,153000,153500,1183390,181650365000,0.3268,293636,-229235,-74635,-89451,-19316,4081,-6764,0,37180,5484,4750,-365
2021-05-11,151500,152500,148500,149000,1632384,243225216000,-2.9316,462255,-92919,-368902,-133304,-54183,-19213,-20949,-346,-140502,-3383,2949,-405
2021-05-12,148500,150000,145000,147000,1308616,192366552000,-1.3423,157547,-64530,-91808,-49439,-22442,-3152,-11990,-227,-4810,-1578,369,252
2021-05-13,144500,150000,144000,148000,1541542,228148216000,0.6803,-39839,30692,5729,-60443,-4928,10683,-1679,0,62096,2702,716,0
2021-05-14,149000,150000,146500,148500,634322,94196817000,0.3378,-2861,-62318,65265,8562,-5532,5382,32153,0,23842,-859,773,858
2021-05-17,151000,151000,146000,147500,553776,81681960000,-0.6734,99677,-26743,-60580,-7087,-3028,-8564,-2202,0,-39690,-11740,-614,-9
2021-05-18,148000,150500,147000,150000,551940,82791000000,1.6949,-102307,7035,96730,22900,-9652,-12,-3442,0,87020,-1572,114,-84
2021-05-20,150000,151500,148000,149500,589695,88159402500,-0.3333,21937,-57127,33747,33432,-2516,-11582,-1284,0,15697,2239,-796,0
2021-05-21,151500,152000,149500,149500,686324,102605438000,0.0,12385,-33247,19788,29198,-3182,3090,-5626,0,-3793,751,323,101
2021-05-24,149500,150500,147500,149500,537981,80428159500,0.0,-50933,52411,9934,26228,-6115,1126,-3987,0,-7144,-10587,-825,-174
2021-05-25,151500,154000,150500,153500,894261,137269063500,2.6756,-187945,30054,155110,62332,8872,9597,161,0,73290,3469,-688,858
2021-05-26,153500,155000,151000,152000,698912,106234624000,-0.9772,15639,-11660,-7780,9394,-8686,-537,-3630,-39,-4286,3381,420,4
2021-05-27,152000,153500,148000,149500,1163137,173888981500,-1.6447,94054,-44527,-49384,-60425,-35388,745,-13585,0,59442,-140,-3,-173
2021-05-28,150500,153000,149500,151500,612753,92832079500,1.3378,-143309,126016,19761,-34740,-8151,2624,-1141,0,61169,-2267,-201,0
2021-05-31,153000,154500,151000,152000,530955,80705160000,0.33,34755,101394,-137699,-57505,-12794,1337,-14700,0,-54037,29,1521,0
2021-06-01,151500,153000,150000,151500,656695,99489292500,-0.3289,108970,-42894,-54529,-96518,-21483,-4140,17256,0,50470,-11964,417,-114
2021-06-02,152000,153000,151000,151500,448035,67877302500,0.0,-27972,81636,-52524,-25755,-9218,-2276,-7818,0,-7450,988,-2128,-7
2021-06-03,152000,156000,152000,154500,1156086,178615287000,1.9802,-192044,77028,114370,14592,4339,436,2712,0,92571,1776,-1130,-280
2021-06-04,153500,154500,152000,153500,558204,85684314000,-0.6472,55464,11248,-65074,-13885,-23075,1783,-562,0,-29335,-3501,1863,0
2021-06-07,155000,158000,154000,155000,988186,153168830000,0.9772,21737,-48628,17245,-16317,7769,10951,6475,0,8367,10881,-1235,0
2021-06-08,155000,156000,152500,152500,633240,96569100000,-1.6129,119288,-76804,-33298,-32487,-3569,3391,-2437,0,1804,-9440,254,0
2021-06-09,153000,153500,150500,150500,561497,84505298500,-1.3115,33873,-20219,-4856,-6173,-2919,-952,-770,-512,6470,-9450,652,0
2021-06-10,151000,152000,149000,150000,954307,143146050000,-0.3322,114831,61485,-177957,-125986,-8363,9913,-454,0,-53017,879,762,-50
2021-06-11,151000,153000,150500,151500,413298,62614647000,1.0,-37991,-2180,39164,28790,-9086,-234,395,0,22407,1179,-172,-3108
2021-06-14,152000,158500,151500,157500,1741300,274254750000,3.9604,-563178,456774,103188,35922,37109,36581,35839,641,-41658,5354,-2138,-1246
2021-06-15,159000,160500,156500,158500,1021245,161867332500,0.6349,-41816,-31787,69389,45067,15416,-1230,15860,0,-7190,3940,274,1466
2021-06-16,157500,159000,156500,157500,674520,106236900000,-0.6309,56749,-41261,-19231,3280,3460,-1624,-12943,0,-9116,3358,385,-2288
2021-06-17,156000,156500,153000,154500,1115514,172346913000,-1.9048,261077,-147253,-105911,-26605,-11302,-25977,3177,0,-45204,-8808,895,0
2021-06-18,155000,158000,154500,157000,978143,153568451000,1.6181,-218032,127366,112740,75552,3088,-8331,-968,639,42760,-21832,-242,0
2021-06-21,155000,163500,154500,160500,1975315,317038057500,2.2293,-520884,347643,165081,35141,73597,13140,13583,-647,31292,10243,-2083,-1025
2021-06-22,163000,164500,159000,159000,1111298,176696382000,-0.9346,234628,-245793,-4607,-7044,2720,-3952,-1392,0,5111,14917,855,-50
2021-06-23,159500,162000,155500,157500,1185360,186694200000,-0.9434,143268,-185442,36584,49393,-8029,-26753,4609,0,17380,4494,1096,-16
2021-06-24,158500,164500,156500,164000,2156462,353659768000,4.127,-671539,476949,193532,67666,24548,9036,21869,-1297,73273,2712,-1654,-1563
2021-06-25,165500,167000,162000,163500,1132098,185098023000,-0.3049,72859,-158834,78027,43646,5593,951,12761,0,14897,6724,1224,179
2021-06-28,165000,166000,160500,163500,946236,154709586000,0.0,45334,-65849,46997,36864,5377,827,4415,0,-986,-27363,881,500
2021-06-29,164500,165000,160000,161000,903807,145512927000,-1.5291,202829,-153451,-44380,-15320,-4350,6174,-1062,0,-29822,-5347,349,0
2021-06-30,162500,166000,162000,163500,1118470,182869845000,1.5528,-71962,100623,-33199,-19608,6576,865,8407,-641,-28898,4370,168,100
2021-07-01,164000,164500,160500,162000,779316,126249192000,-0.9174,93031,-16481,-75316,-2176,1545,-28001,8507,1512,-57703,-1098,-136,1000
2021-07-02,163500,166500,163000,163500,873575,142829512500,0.9259,-204718,170442,32666,-5855,13448,8229,4383,60,12402,4510,-2900,-1
2021-07-05,164500,167000,163500,167000,1045443,174588981000,2.1407,-326635,230562,92962,10383,-1964,3402,7968,0,73173,3309,-198,0
2021-07-06,168500,172000,166500,170000,1902339,323397630000,1.7964,-486745,452455,12274,-18182,17808,-3552,24588,4296,-12172,26048,-4032,-512
2021-07-07,171000,171000,163500,165000,2371947,391371255000,-2.9412,547552,-297332,-245548,-6603,-36844,-55847,-6323,2774,-142570,-6010,1338,-135
2021-07-08,165500,165500,160000,160000,1861927,297908320000,-3.0303,444463,-252513,-212267,-116425,-47024,-37391,-4795,-191,-5917,26300,-5983,-524
2021-07-09,158000,161500,157000,159000,1408620,223970580000,-0.625,136575,-109267,-30068,39811,-18771,-8597,4967,477,-41670,1678,1082,-6285
2021-07-12,160500,161000,158000,158500,781657,123892634500,-0.3145,106188,-123249,8344,18345,34257,-12615,-9547,-863,-21908,5281,3436,675
2021-07-13,158000,163500,157500,163500,1105815,180800752500,3.1546,-234221,-5518,228019,63835,7803,6616,1412,0,148353,11529,191,0
2021-07-14,162000,162000,159000,161000,689838,111063918000,-1.5291,119359,-119964,-4937,-7499,-1259,-7671,-7670,0,19436,4860,682,-274
2021-07-15,161000,162000,159500,161000,648066,104338626000,0.0,-12718,41602,-29530,-12885,-17291,-1481,-15265,0,17392,259,387,0
2021-07-16,159500,161500,159500,160500,523298,83989329000,-0.3106,-9681,57380,-42872,-7501,-11122,2438,1598,0,-28285,-4386,-441,0
2021-07-19,159000,159000,157000,157500,598680,94292100000,-1.8692,75361,-23356,-49969,-24429,-9485,-2546,1078,0,-14587,-2079,43,0
2021-07-20,156500,163500,156000,162500,1343210,218271625000,3.1746,-608987,607570,10797,-41641,23593,20536,1738,0,6671,-6624,-2756,-100
2021-07-21,163000,164500,161500,163000,829143,135150309000,0.3077,-268281,301400,-26638,-4097,1272,-1150,-207,0,-22456,-5768,-713,0
2021-07-22,163500,164500,162000,164000,806953,132340292000,0.6135,-203810,111041,97922,25267,-2052,-235,538,0,74404,-4669,-484,0
2021-07-23,164500,167500,164000,166500,1191816,198437364000,1.5244,-534859,389776,149796,26697,13668,31847,17948,34,64602,-3496,-1217,-5000
2021-07-26,167500,168000,163000,163000,849316,138438508000,-2.1021,28175,-56943,40644,28521,-9186,-23,-117,139,21310,-9752,-2124,0
2021-07-27,164500,164500,162000,163000,428806,69895378000,0.0,-59613,37128,21425,-2419,-10968,4031,-14,0,31383,1315,-255,-588
2021-07-28,162500,165500,161000,164000,676883,111008812000,0.6135,-116478,65835,53771,34972,562,-9560,2724,0,24450,-3010,-118,623
2021-07-29,165500,167000,164000,166500,770794,128337201000,1.5244,-183248,147687,36283,9139,-3761,4527,4823,317,21308,-282,-440,-70
2021-07-30,165000,165500,157500,157500,2178044,343041930000,-5.4054,684087,-323626,-367671,-109579,-79718,-32998,-10435,23,-134912,4252,2958,-52
2021-08-02,157500,158500,155000,156500,809541,126693166500,-0.6349,127785,-144788,25954,-13829,-21130,-31,-5063,0,66007,-4413,-4538,0
2021-08-03,157000,158000,155500,156500,716492,112130998000,0.0,66833,25425,-63770,-49453,-13844,-5693,-11368,0,16588,-29091,603,0
2021-08-04,158000,160500,157000,160000,691765,110682400000,2.2364,-167739,127606,37781,-3058,-35829,-417,-409,63,77431,2686,-334,0
2021-08-05,159500,160000,158000,158000,560669,88585702000,-1.25,122269,-35167,-87996,-72381,-30902,-2502,-3945,64,21670,-111,1005,0
2021-08-06,158500,159000,156500,157000,413308,64889356000,-0.6329,96431,14344,-107693,-47272,-23620,-1465,-10624,0,-24704,-3436,354,-8
2021-08-09,157500,162000,157000,161000,1152308,185521588000,2.5478,-399964,204069,198509,120659,28501,34584,22046,0,-7181,-1281,-1333,-100
2021-08-10,162000,162000,157000,157500,859174,135319905000,-2.1739,285276,-168810,-128209,-90031,-15561,9086,666,920,-33282,10851,892,-7
2021-08-11,157500,158500,155500,156000,536980,83768880000,-0.9524,94569,-80321,-16626,-21174,-19075,-737,-1203,639,24924,1727,651,0
2021-08-12,156000,157500,153000,153000,981866,150225498000,-1.9231,119615,-24847,-95007,-111507,-1462,8114,7034,195,2500,-1278,1517,119
2021-08-13,153500,154000,148000,150500,916837,137983968500,-1.634,158461,-25423,-140514,-5602,-4213,-10723,-1579,195,-118392,6735,741,-200
2021-08-17,150500,153500,150000,151000,779899,117764749000,0.3322,-71224,100673,-22940,1335,14161,8331,758,0,-47525,-6561,52,0
2021-08-18,150500,154000,150000,153500,652995,100234732500,1.6556,-138301,103212,37576,7209,-2491,1578,2671,0,28609,-1643,-844,0
2021-08-19,151500,153000,148000,148000,737444,109141712000,-3.5831,158206,-45626,-109925,-20786,-2451,-3420,-2429,0,-80689,-3154,499,-150
2021-08-20,148500,150500,146000,146500,802093,117506624500,-1.0135,74344,-37068,-35189,-20011,5240,4600,6282,195,-31495,-2433,346,0
2021-08-23,145500,146000,138000,140500,1780072,250100116000,-4.0956,261040,-147917,-117784,-88993,-43426,-1111,-24289,-249,40802,4507,154,-518
2021-08-24,141000,144500,138500,142000,1375732,195353944000,1.0676,126076,-222036,92468,44627,-65907,-2254,-2502,0,118504,3075,417,0
2021-08-25,142500,144500,139500,142000,806947,114586474000,0.0,216944,-202976,-19410,-39460,-7491,-10437,-4114,868,41224,3610,1832,0
2021-08-26,142000,145000,140500,141500,806681,114145361500,-0.3521,117014,-96906,-24049,-19063,-10499,-1380,-10396,0,17289,3916,25,0
2021-08-27,141000,141000,139000,140500,593281,83355980500,-0.7067,93022,-105989,16815,-12429,-27313,2717,-4687,917,57610,-3913,65,0
2021-08-30,141500,142000,139000,139500,740133,103248553500,-0.7117,195235,-141132,-58799,-32485,-20327,-14567,-1204,2245,7840,4507,189,-301
2021-08-31,139500,142000,138000,142000,1035617,147057614000,1.7921,362,112891,-105846,-59495,-3508,-14352,-15910,49,-12734,-7262,-145,104
2021-09-01,143000,143000,140000,141000,758432,106938912000,-0.7042,143105,-134656,-9559,-22364,-20392,-764,-6173,112,39730,836,274,292
2021-09-02,140500,141000,139000,139500,667898,93171771000,-1.0638,207787,-21240,-188265,-97623,-35655,-1233,-41086,278,-12946,1579,139,0
2021-09-03,142000,154500,140500,153500,4043334,620651769000,10.0358,-285368,144312,139965,25123,28112,86706,34718,-195,-27265,1066,25,-7234
2021-09-06,151000,151500,146500,148000,1611682,238528936000,-3.5831,251796,-308514,43616,-29137,21663,12510,2661,70,35849,12550,552,0
2021-09-07,149000,150500,147500,147500,757429,111720777500,-0.3378,125936,-104044,-28387,-13319,530,-3485,-1284,0,-10927,6140,355,98
2021-09-08,146500,147000,143000,144000,1296091,186637104000,-2.3729,221486,-110325,-106577,-37974,-11372,-82942,-4458,0,30084,-5589,1005,85
2021-09-09,144000,145500,141500,141500,955728,135235512000,-1.7361,107273,1114,-114093,-77216,-18120,2761,4008,61,-25587,4906,800,0
2021-09-10,143000,151000,143000,146500,1851877,271299980500,3.5336,-78879,-52491,125110,58582,12168,7939,15925,40,30456,7383,-1123,0
2021-09-13,144000,144500,141500,143000,808784,115656112000,-2.3891,116101,-89270,-28637,-26010,-17487,-7823,-9640,0,32253,1211,595,70
2021-09-14,143500,145000,142500,142500,573492,81722610000,-0.3497,59758,-65860,12025,-2695,-21975,-5939,1377,-927,42184,-5956,33,0
2021-09-15,143500,143500,140500,142000,763228,108378376000,-0.3509,87466,-83114,-5885,-4473,-7229,11231,-2112,-639,-2743,1309,224,80
2021-09-16,142500,143500,140000,141000,639525,90173025000,-0.7042,202760,-55534,-152034,-52731,-19039,-146,-11220,77,-68975,4353,455,0
2021-09-17,140500,141000,139000,139500,799115,111476542500,-1.0638,299897,-197536,-102825,-33944,2888,469,-4017,67,-68447,4045,-3581,159
2021-09-23,138500,141000,136500,140500,1090853,153264846500,0.7168,49762,49042,-96424,-35983,-6805,86,-5634,0,-48028,-2088,-292,-60
2021-09-24,142000,142500,139000,139500,865310,120710745000,-0.7117,142061,-67805,-75164,-31731,-6264,111,-6213,0,-31067,1334,-426,0
2021-09-27,139000,139500,138000,138500,526452,72913602000,-0.7168,179237,-142042,-37975,-23320,-10687,-412,-3605,146,-97,783,-3,0
2021-09-28,138000,138500,132500,132500,1667863,220991847500,-4.3321,580841,-211514,-363283,-84014,-70893,-6355,-37867,0,-163454,-7896,1852,-700
2021-09-29,129000,131000,128000,129500,1435656,185917452000,-2.2642,247287,-46566,-206242,-46110,-950,941,-3172,-4984,-152297,4714,807,330
2021-09-30,128500,129000,125000,127500,1505941,192007477500,-1.5444,208497,-151557,-55898,13283,-7281,523,-7834,-5747,-50756,-2986,1944,1914
2021-10-01,125500,127500,124500,125500,1099392,137973696000,-1.5686,-7454,139693,-120226,-70430,-17437,-3179,-3008,63,-26353,-10365,-1648,118
2021-10-05,123000,125500,121000,123500,1158497,143074379500,-1.5936,-62891,122206,-58639,-60847,1418,-839,-12899,155,15727,-382,-294,-1354
2021-10-06,125500,126000,119000,120000,1599552,191946240000,-2.834,322719,-145821,-177999,-78973,-353,-61,-14950,208,-83384,468,633,-486
2021-10-07,121000,125000,120000,124000,907601,112542524000,3.3333,-202667,94074,105751,8877,1732,3484,7952,0,83082,3357,-515,624
2021-10-08,125000,125500,119000,120000,1407749,168929880000,-3.2258,304619,-1162,-309357,-126327,6066,-1930,-13057,-8000,-166086,4964,936,-23
2021-10-12,121000,125500,119000,124000,1793542,222399208000,3.3333,-254777,212950,40719,-53627,-7131,25549,-20706,-71,96902,639,469,-197
2021-10-13,122500,123000,119500,122000,943291,115081502000,-1.6129,195577,-200666,-743,-39675,7553,-13515,-8360,0,53254,5598,234,0
2021-10-14,123500,125500,122500,123500,950533,117390825500,1.2295,93719,-65800,-29338,-62195,2538,2983,1367,-70,26039,1232,187,0
2021-10-15,125000,127000,125000,126500,743492,94051738000,2.4291,-120796,46554,75724,42821,-681,6465,639,77,26403,-1626,144,0
2021-10-18,127500,127500,123500,123500,716291,88461938500,-2.3715,207404,-25886,-182305,-50258,-4570,1248,-54893,0,-73832,262,525,0
2021-10-19,124500,127000,123500,126500,600501,75963376500,2.4291,-116652,116355,59,13566,8513,3616,-97081,0,71445,588,-350,0
2021-10-20,126500,127500,125000,125000,579159,72394875000,-1.1858,-13187,39473,-33299,-27284,7240,-357,-2596,0,-10302,6317,696,0
2021-10-21,126000,127500,125000,125500,571147,71678948500,0.4,-23215,40793,-17596,-14391,-1138,10215,1755,0,-14037,-327,345,0
2021-10-22,125000,126000,123000,125000,360096,45012000000,-0.3984,2092,9092,-8054,-12540,-1371,-1934,-2452,0,10243,-2898,-232,0
2021-10-25,123500,126000,122500,124500,554539,69040105500,-0.4,-2872,2680,1442,-18192,-1632,201,3483,0,17582,-924,-326,0
2021-10-26,125000,126000,124500,125500,706443,88658596500,0.8032,-5724,-17637,22374,-11195,609,-2519,4955,0,30524,1109,-122,0
2021-10-27,125500,126000,121500,122000,912547,111330734000,-2.7888,296773,-262697,-38417,-28483,-3963,13153,1178,0,-20302,3688,653,0
2021-10-28,122000,124000,121000,122000,842870,102830140000,0.0,46515,30092,-75827,-57977,-6713,-576,-6934,0,-3627,-1734,954,0
2021-10-29,124000,129000,119500,120500,2301006,277271223000,-1.2295,606692,-506563,-104545,-108523,9253,9384,-7293,-117,-8625,3177,1239,1376
2021-11-01,121000,122000,119500,120500,761704,91785332000,0.0,20108,-46230,24963,-26703,-278,-9368,-1939,0,63559,1082,77,-308
2021-11-02,121000,124500,120500,123000,915388,112592724000,2.0747,-245197,180747,64320,11945,-1873,-2983,-15933,0,73243,362,-232,-79
2021-11-03,123500,124000,121000,122000,503633,61443226000,-0.813,28296,28087,-53137,-53,-40,729,-1178,0,-52395,-3272,26,-200
2021-11-04,124000,126000,122000,122500,769589,94274652500,0.4098,-77347,78368,4303,-29700,-1134,2776,8704,0,23857,-4875,-449,-200
2021-11-05,123500,124500,121500,123000,470484,57869532000,0.4082,-15957,63625,-41317,-7521,3226,723,-306,0,-37326,-6565,214,-113
2021-11-08,123000,123500,120500,122500,478858,58660105000,-0.4065,-16741,7450,8867,-11149,-411,6468,-799,0,14950,342,82,-192
2021-11-09,123000,125000,122000,123000,497844,61234812000,0.4082,7908,-21766,14805,-33146,3167,-278,329,0,43928,-752,-195,805
2021-11-10,122000,123000,119000,119500,707984,84604088000,-2.8455,221873,-141277,-79104,-22621,-6051,-2536,546,20,-48840,-2355,863,378
2021-11-11,119000,119500,115500,117500,1137785,133689737500,-1.6736,182087,-53019,-127465,-72393,-38252,-13808,-27933,134,23215,988,-2591,1572
2021-11-12,118000,122000,118000,122000,734937,89662314000,3.8298,-340832,303678,45218,-36294,12081,2869,-270,567,66597,-7554,-510,-332
2021-11-15,122500,125000,122500,124500,521720,64954140000,2.0492,-123667,69021,60081,3521,1268,12741,9794,621,32136,-5380,-55,0
2021-11-16,124500,125500,123000,124000,565313,70098812000,-0.4016,25980,5300,-30736,-12143,-1390,4329,2002,0,-23534,-1099,555,0
2021-11-17,124500,125000,122000,123000,524897,64562331000,-0.8065,-17631,119489,-98051,-22784,-531,2113,-5390,0,-70899,-2791,-1016,-560
2021-11-18,123500,124000,122000,122500,480336,58841160000,-0.4065,8333,30454,-40198,-26619,-4203,356,-2906,0,-7185,1620,-209,359
2021-11-19,128000,137500,127500,133500,4928339,657933256500,8.9796,-502911,-116072,619415,193157,279018,56073,15559,792,57413,27,-459,17403
2021-11-22,133500,136000,131500,134000,1670033,223784422000,0.3745,-21990,-92451,113637,63070,4981,-19726,-578,582,64474,120,684,834
2021-11-23,132500,133000,127000,128000,1329955,170234240000,-4.4776,169002,-31241,-143918,17244,-43969,-68668,3478,704,-53369,5903,254,662
2021-11-24,127000,130000,126000,128500,988988,127084958000,0.3906,8035,18971,-29932,9305,-13269,-3589,9253,0,-31632,3327,-401,0
2021-11-25,128500,129000,125000,125500,675145,84730697500,-2.3346,169628,-104347,-69228,-24273,-11714,-19133,-596,76,-13588,3587,360,0
2021-11-26,125500,126500,121500,122000,872482,106442804000,-2.7888,187011,-133342,-51449,-789,-770,-6271,-310,-280,-43029,-1818,-402,0
2021-11-29,118000,122000,118000,119500,933062,111500909000,-2.0492,-102309,55527,44149,-23497,13617,-1848,-57,-100,56234,2408,225,-200
2021-11-30,120500,122000,115000,115500,1809765,209027857500,-3.3473,342091,-223855,-121188,-19046,-8225,-2428,-1793,-5745,-83951,2118,834,0
2021-12-01,116500,120000,115500,120000,851165,102139800000,3.8961,-94410,87287,13828,13198,3286,5974,3745,0,-12375,-6910,205,0
2021-12-02,118000,122000,118000,122000,725845,88553090000,1.6667,-57403,34706,29342,-5156,14584,25275,-789,0,-4731,-6916,271,159
2021-12-03,122000,123000,119000,122000,780951,95276022000,0.0,50685,-48480,-2389,24785,-2785,-66,-1511,0,-22787,4,180,-25
2021-12-06,121500,125000,120500,124000,819472,101614528000,1.6393,-83799,2293,83844,60646,5029,-854,-865,0,19416,-2326,-12,472
2021-12-07,124000,126000,121500,125500,720765,90456007500,1.2097,-73059,15937,58460,27881,6315,33354,1787,0,-10727,-1274,-64,-150
2021-12-08,127500,128000,122500,123500,1043122,128825567000,-1.5936,184712,-298590,115519,6879,24132,234,-1918,220,85178,-1970,329,794
2021-12-09,122500,125000,122000,123000,1151051,141579273000,-0.4049,134418,61763,-199745,-80632,-177031,-50631,-564,0,109822,2212,1352,-709
2021-12-10,122000,126000,121500,126000,671405,84597030000,2.439,-157812,73654,87874,32921,21858,-2386,22524,0,11030,-2994,-722,1927
2021-12-13,129500,135500,129000,134000,2612253,350041902000,6.3492,-555956,100106,478570,121192,181092,22717,32940,0,117785,-21270,-1450,2844
2021-12-14,132500,133500,128000,128500,1506380,193569830000,-4.1045,305614,-362828,49298,75136,15835,-25022,5406,-39,-22198,7919,-3,180
2021-12-15,128500,130500,127000,129500,855372,110770674000,0.7782,91606,-153102,60286,387,35285,4429,4274,0,10911,1405,-195,5000
2021-12-16,131500,132500,129000,130000,705254,91683020000,0.3861,103258,-150197,45775,6943,-110,2492,-510,0,36932,882,282,28
2021-12-17,128000,131500,127500,129500,944383,122297598500,-0.3846,36970,-140661,100171,-9845,27675,4393,24784,3149,49612,3051,469,403
2021-12-20,128500,129000,125500,125500,864094,108443797000,-3.0888,248223,-48444,-202652,10467,-9139,-347,-297,-156,-203180,2232,641,0
2021-12-21,127000,131000,126500,130500,993693,129676936500,3.9841,-298940,98029,206603,47310,57267,7089,16620,0,78317,-4434,-1258,0
2021-12-22,132000,132500,129000,129500,703187,91062716500,-0.7663,50616,-68402,18086,14568,166,-11248,3716,0,10884,-546,246,0
2021-12-23,130500,139000,128500,137000,2564334,351313758000,5.7915,-751979,86875,664296,195468,119790,40133,24381,0,285298,3035,-2227,-774
2021-12-24,137000,138000,134000,136500,1170212,159733938000,-0.365,160802,-220349,55379,37449,16298,571,967,0,3800,3646,522,-3706
2021-12-27,136500,140000,135500,138000,958151,132224838000,1.0989,-76168,-126316,207965,133278,16778,9040,10811,150,38038,-4768,-713,-130
2021-12-28,139000,139500,137000,138000,1186045,163674210000,0.0,-250214,18425,259652,95160,6924,-35212,7035,705,184616,-27703,-160,424
2021-12-29,138500,141500,138000,140500,1104635,155201217500,1.8116,-79978,-59423,136369,159720,13933,9750,5141,0,-52175,2369,663,0
2021-12-30,140000,140500,138000,138000,703821,97127298000,-1.7794,194458,-155594,-36725,21036,21702,17460,6171,70,-102956,-3711,1572,-208
2022-01-03,139500,140500,138000,139500,534878,74615481000,1.087,-18213,10856,8094,31880,9740,-1175,4624,0,-36975,411,-1148,0
2022-01-04,143000,145000,140000,142000,1419997,201639574000,1.7921,-96466,14036,75821,64839,28813,7728,4877,0,-34912,7714,-1105,4476
2022-01-05,142000,142000,137500,138500,965541,133727428500,-2.4648,165497,-28042,-141770,16134,-2235,-6112,822,0,-150354,3083,1232,-25
2022-01-06,136000,139000,134500,135000,1038777,140234895000,-2.5271,97680,-5445,-91314,8058,-74,-12400,-4593,0,-82474,-1548,627,169
2022-01-07,136500,138000,135000,137500,808243,111133412500,1.8519,-45412,22153,22514,40249,7868,-12596,-2310,0,-10697,-555,1300,0
2022-01-10,135500,136000,129000,130000,1784965,232045450000,-5.4545,586431,-266778,-334787,-97982,-32382,5489,4435,0,-214803,14549,585,456
2022-01-11,129500,131500,127500,130500,985952,128666736000,0.3846,40239,48826,-88370,-21605,6630,-7368,-5510,3,-60520,-1297,602,0
2022-01-12,131500,138500,131000,137000,1757579,240788323000,4.9808,-457542,98689,354787,83016,55374,161160,-1450,0,55890,4966,-900,797
2022-01-13,139000,150000,139000,145500,5019347,730314988500,6.2044,-882157,428423,453672,67168,104469,162954,19590,105,98666,1310,-1248,720
2022-01-14,145500,150500,143500,146000,2850564,416182344000,0.3436,-153063,-43473,190283,136065,67237,-40327,12196,2803,12655,7834,-1581,-346
2022-01-17,145000,145500,139500,140500,1727769,242751544500,-3.7671,142043,-16351,-126126,33520,-19240,-44375,-10744,0,-85586,608,-174,299
2022-01-18,140500,142000,137500,138000,1340867,185039646000,-1.7794,158014,-107304,-53609,11267,-29041,-31009,-18105,0,12766,3489,-590,513
2022-01-19,136000,139500,135500,137000,1329933,182200821000,-0.7246,114437,-65522,-51004,-13457,-9515,-54498,4406,1810,18889,683,1406,1361
2022-01-20,137500,140000,136000,140000,1103779,154529060000,2.1898,-151042,116336,34546,21445,-9851,-6053,166,62,28319,626,-466,458
2022-01-21,137500,138000,131000,133500,1954318,260901453000,-4.6429,568510,-276257,-321774,-54650,-15581,-157611,-11407,858,-83383,27402,2119,0
2022-01-24,132000,136000,130000,134000,1502530,201339020000,0.3745,-15200,-78991,111453,127,23257,5988,-9442,142,90757,-17116,-146,624
2022-01-25,134500,135500,130000,131000,1448593,189765683000,-2.2388,179823,-130518,-62709,-17316,-2068,-31102,-6122,422,-6248,12200,1204,-275
2022-01-26,131500,132500,128500,129000,988127,127468383000,-1.5267,198316,-134757,-65876,-44446,-611,-20267,-9858,0,9314,1381,936,-8
2022-01-27,129500,130500,122500,124000,1588541,196979084000,-3.876,38639,43142,-84736,-55758,-14389,2964,-11562,1094,-6970,2533,422,-115
2022-01-28,125000,127500,124000,127500,1048524,133686810000,2.8226,148156,-240366,85291,23888,26465,5595,17536,0,11563,7225,-306,244
2022-02-03,130000,130500,126000,126000,1236485,155797110000,-1.1765,376951,-207762,-171637,-64170,-42980,-16094,-11596,1539,-45336,2172,276,7000
2022-02-04,126000,128000,125000,128000,715127,91536256000,1.5873,-26202,24356,895,8771,-14871,7985,2397,650,-4037,710,241,0
2022-02-07,127500,127500,124000,125000,907137,113392125000,-2.3438,173239,8853,-185258,-54304,-12598,-46812,-8063,0,-63481,2791,375,0
2022-02-08,125000,126500,123500,124000,635927,78854948000,-0.8,48759,-64393,14130,19163,-24592,343,4058,0,11270,1389,115,3888
2022-02-09,126000,129000,125500,129000,1151000,148479000000,4.0323,-81851,-41573,73349,-3872,12476,-7850,-532,0,81277,24870,25205,-8150
2022-02-10,131000,131500,126000,128500,1304496,167627736000,-0.3876,-53303,68115,-1774,-98572,7156,38800,13,551,49642,-14096,1058,636
2022-02-11,126500,128500,126000,126500,640135,80977077500,-1.5564,60449,-82852,21601,41051,4144,-156,-6412,143,-17097,648,154,-72
2022-02-14,124000,126000,121500,123000,982772,120880956000,-2.7668,41071,33630,-50558,54831,-15322,-48401,234,-459,-40664,1007,-25150,-777
2022-02-15,123500,124500,120500,122000,828330,101056260000,-0.813,119808,-65374,-51403,-2102,-4209,-21826,-3106,222,-20158,-2799,-232,-224
2022-02-16,124500,125000,122500,123000,679538,83583174000,0.8197,178927,-192936,10555,33238,4313,-22764,-1002,8,-3084,3046,408,-154
2022-02-17,123000,126000,122500,124000,1006830,124846920000,0.813,-140521,52726,86276,28796,32941,-3098,2647,0,24990,2590,-1071,0
2022-02-18,122000,124000,121000,123500,684818,84575023000,-0.4032,37385,-23202,-15340,1077,-4693,-22157,-2729,4,13169,741,416,-11
2022-02-21,120500,124500,120000,124500,680962,84779769000,0.8097,-91703,77944,15989,23957,-7832,18341,2424,0,-20901,-1952,-278,0
2022-02-22,121500,123000,121000,121500,699128,84944052000,-2.4096,153475,-115877,-37496,-17621,2654,-7262,1780,0,-18047,-770,668,1000
2022-02-23,123000,127000,122000,125500,1198273,150383261500,3.2922,-186544,-33509,221331,49437,53653,70561,24129,6290,21391,-1032,-246,-4130
2022-02-24,124500,127500,123000,124000,1218895,151142980000,-1.1952,-62691,69857,-1630,832,21000,8386,4978,0,-36905,-5610,74,79
2022-02-25,126000,126500,123000,124000,714011,88537364000,0.0,94984,-156769,57105,13380,3169,-5659,15755,4064,26396,3960,720,0
2022-02-28,123500,123500,121000,123500,851199,105123076500,-0.4032,44811,24654,-71593,-23507,-13996,-14355,1030,0,-21765,1939,189,1000
2022-03-02,123000,125000,122000,123500,678583,83805000500,0.0,-17362,48619,-34245,-15511,-11160,-2459,2520,0,-7429,3262,-274,-206
2022-03-03,125000,128000,124500,127500,799782,101972205000,3.2389,-165840,76726,86978,26804,4773,29666,10769,1600,14366,3957,-1821,-1000
2022-03-04,126500,127000,123000,123500,695378,85879183000,-3.1373,298902,-174303,-136429,-59843,-15924,-20018,-892,152,-39280,9101,2729,-624
2022-03-07,121500,122000,119000,120500,957534,115382847000,-2.4291,289299,-189073,-106552,2277,-6582,-20807,3293,0,-88905,5268,1058,4172
2022-03-08,118000,120000,117000,118000,866699,102270482000,-2.0747,167917,-167892,5535,39128,-28218,6018,654,-355,-10894,-6476,916,-798
2022-03-10,121000,121500,119000,120500,878951,105913595500,2.1186,69033,-215814,147670,2414,-22394,12923,1059,830,153956,-1128,239,-1118
2022-03-11,120000,122500,119500,122000,648403,79105166000,1.2448,-195035,188171,-17094,28619,-5999,-4680,1496,2130,-31924,24100,-142,-6736
2022-03-14,121500,124000,121000,122000,842386,102771092000,0.0,-104573,70326,36312,35013,-966,1814,7068,380,-6987,-2018,-47,-10
2022-03-15,121500,124500,121000,123000,754807,92841261000,0.8197,-112350,-10743,124565,38573,18620,73978,1566,850,-9022,-1697,225,0
2022-03-16,124500,125000,121500,125000,805188,100648500000,1.626,-119704,78930,41332,-4474,1743,37748,5170,1518,-364,659,-1217,-9
2022-03-17,126000,127000,125000,126000,1038478,130848228000,0.8,-124034,68030,42202,7891,-1264,4618,8942,361,21318,14621,-819,336
2022-03-18,126500,126500,123500,123500,959017,118438599500,-1.9841,267241,-291078,25655,24401,-4860,4124,2342,870,-1222,-2173,355,0
2022-03-21,124000,124500,122000,123000,578097,71105931000,-0.4049,43201,-35796,-2421,-5376,-2957,3171,-911,-2308,5960,-4549,-435,0
2022-03-22,122500,124500,122000,124000,628292,77908208000,0.813,9428,-8021,-1454,-5532,-10419,771,-586,0,14312,230,-183,0
2022-03-23,124500,125000,122500,123000,755327,92905221000,-0.8065,197077,12148,-204951,-18239,-100653,-72793,-17106,-1570,5410,-4350,76,0
2022-03-24,122000,122500,120000,121000,742512,89843952000,-1.626,242476,-74368,-171610,-54038,-18280,-15036,-9937,-1000,-77756,2119,1383,4437
2022-03-25,122000,122500,119500,120500,629103,75806911500,-0.4132,168775,-48332,-121308,-87783,-17870,-5157,-7347,1150,-8301,-82,947,4000
2022-03-28,120000,121000,119000,120000,477494,57299280000,-0.4149,65851,-7384,-63043,-31647,-32133,-6472,-10174,0,17400,4196,380,-17
2022-03-29,121500,121500,119500,120000,601558,72186960000,0.0,215905,-105188,-123266,-102317,-32518,-3103,-15071,0,29743,2314,10235,0
2022-03-30,121000,123000,120500,121000,750649,90828529000,0.8333,-13937,5941,8278,-3623,-17286,-1261,-5192,-1580,38220,9248,-9530,-1000
2022-03-31,120500,121500,120000,120500,687529,82847244500,-0.4132,143961,-60700,-86393,-48327,-26315,-10298,-19218,50,13374,2533,599,4341
2022-04-01,119500,120000,117000,117500,1358388,159610590000,-2.4896,768372,-322663,-454024,-159357,-53316,-74563,-40134,-4124,-130094,6061,2254,7564
2022-04-04,117500,118000,116000,117000,714473,83593341000,-0.4255,243696,-22572,-221539,-126009,-28486,-41226,-17017,0,-11801,-438,853,3000
2022-04-05,118500,119000,117000,117500,635707,74695572500,0.4274,216930,-42306,-175433,-119057,-40354,4737,-3303,20,-21440,-139,948,3964
2022-04-06,116500,117500,114000,114000,1301974,148425036000,-2.9787,627430,-209109,-413119,-115679,-101603,-72396,-43807,-3427,-75897,-8986,3784,-310
2022-04-07,113000,116500,112500,114500,1626623,186248333500,0.4386,408234,-244488,-169011,-67005,-59462,2233,-3008,107,-43279,3581,1684,1403
2022-04-08,116500,123000,116000,122000,3064268,373840696000,6.5502,-1084874,123935,933273,405927,178582,121102,63849,5471,173635,31649,-3983,-15293
2022-04-11,124500,126500,123000,125000,2333625,291703125000,2.459,-488164,241564,281292,-6395,48267,201871,17039,407,20306,-33033,-1659,-203
2022-04-12,123000,125500,121500,122500,1383096,169429260000,-2.0,-12956,29008,-10581,-24536,3906,23499,-8753,3590,-4163,-5398,-73,-4124
2022-04-13,123500,127000,123500,127000,1618670,205571090000,3.6735,-380179,153938,230930,32740,18589,71553,32178,531,76734,-3244,-1445,-1395
2022-04-14,128000,129000,125500,126000,1540317,194079942000,-0.7874,-41592,11048,24779,-206047,47278,64892,22113,3970,95116,5176,589,-2543
2022-04-15,125500,128500,124500,126500,1101269,139310528500,0.3968,21797,10764,-37720,-59396,21873,12609,20490,0,-33296,3932,1227,0
2022-04-18,125000,126000,123500,124500,627153,78080548500,-1.581,58291,53971,-124982,8170,-26930,-66673,846,2090,-42485,11731,989,0
2022-04-19,125500,128000,124000,124500,710036,88399482000,0.0,50148,-25181,-33292,11251,-10556,-33387,3091,-4000,309,8397,-72,0
2022-04-20,125000,125000,122000,123500,930835,114958122500,-0.8032,233428,-67456,-169823,-13952,-22082,-99899,-7888,-244,-24818,2442,1409,-940
2022-04-21,124000,126000,123500,125000,685827,85728375000,1.2146,-102034,65299,61848,37209,-6079,-22479,-6122,-4100,63419,-24383,-730,0
2022-04-22,123000,124000,122000,123000,576346,70890558000,-1.6,97827,-15241,-85936,-6197,3330,-17121,-2851,0,-63097,2008,1342,0
2022-04-25,120500,121500,119000,119000,979122,116515518000,-3.252,64528,42168,-106715,-35359,-28401,-9699,-1624,-2391,-26857,-1228,1247,-2384
2022-04-26,120000,122000,119500,121500,700343,85091674500,2.1008,-117740,-5166,122759,47355,5023,45885,6032,0,20084,606,-459,-1620
2022-04-27,118000,120500,118000,119500,595523,71164998500,-1.6461,140982,-48107,-90161,-36106,-8949,-40350,669,130,-5620,-2029,-685,65
2022-04-28,120500,120500,119000,120500,594286,71611463000,0.8368,113432,-62178,-53572,-31583,-7802,-6014,1505,0,-9278,-2800,5118,-400
2022-04-29,120000,120500,115500,116500,1980893,230774034500,-3.3195,794078,-277584,-531898,-182762,-125223,-82488,-53774,-2449,-84363,1906,13498,-839
2022-05-02,115000,116500,114500,116500,513571,59831021500,0.0,53041,14384,-73929,-53075,-191,-2798,-7969,0,-9896,2221,4283,0
2022-05-03,117000,117500,115500,115500,618090,71389395000,-0.8584,240292,-70550,-141469,-41023,-36838,-40330,-7646,0,-20225,-28658,385,4593
2022-05-04,116000,117000,115000,115500,532967,61557688500,0.0,121484,-24210,-99588,-59754,-12517,-23556,-9866,8,3660,1499,815,2437
2022-05-06,114000,116000,114000,115000,471521,54224915000,-0.4329,43517,-55539,10352,10454,-2416,-1879,-8150,0,12684,1521,149,-341
2022-05-09,115000,115500,112500,113000,717315,81056595000,-1.7391,186742,-98078,-88334,-56223,-10707,-11758,-4834,329,-6141,-498,168,1000
2022-05-10,111000,112500,109500,111500,809529,90262483500,-1.3274,11247,-10229,-4505,14044,-283,-1894,-4244,-248,-10478,2940,547,-1402
2022-05-11,111000,111500,108000,109000,1267614,138169926000,-2.2422,408503,-218755,-190550,-86847,-48344,-6416,-12403,499,-39540,1377,-575,2501
2022-05-12,108000,109500,105500,106000,1191168,126263808000,-2.7523,60756,26136,-91369,-113577,-11982,-2158,-7651,389,42647,4426,51,963
2022-05-13,106500,108500,106500,107500,705097,75797927500,1.4151,-64497,24752,40870,5380,-7349,-2550,-3298,-2381,52163,-1325,200,-1095
2022-05-16,109000,109500,107000,107500,458454,49283805000,0.0,115205,-25808,-86345,-18760,-5923,-1868,-5929,0,-51777,-2857,-195,-2088
2022-05-17,107500,108500,106000,107500,846435,90991762500,0.0,219787,-262578,41515,20661,-7575,10308,-4467,0,20941,1284,-8,1647
2022-05-18,108500,109500,106500,107000,838409,89709763000,-0.4651,108516,-96857,-37674,-10549,-6902,12312,-9514,-635,-22661,24442,1573,275
2022-05-19,104000,104500,101000,101500,1986525,201632287500,-5.1402,871247,-390105,-493880,-198271,-62521,-29296,-41537,668,-164614,12244,494,1691
2022-05-20,102000,105500,101000,104500,1205007,125923231500,2.9557,-189996,138875,29780,3014,-25185,-4099,-13264,-315,69730,22839,-1498,-101
2022-05-23,105000,106500,103500,105000,688569,72299745000,0.4785,49827,-69435,32097,4426,-8423,7425,-540,0,29209,-12730,241,0
2022-05-24,105000,105000,102000,102500,722885,74095712500,-2.381,79900,-11788,-59820,-19356,496,-3916,-12393,0,-24651,-8697,405,0
2022-05-25,103000,103500,101500,102500,504358,51696695000,0.0,50877,-88037,35534,9600,-13974,-12064,-1746,0,52976,1772,-146,742
2022-05-26,103000,104000,101000,102000,677212,69075624000,-0.4878,52050,-30296,-33793,-27268,-3039,1212,-7999,4,1297,12180,-141,2000
2022-05-27,104000,105000,102500,103500,668914,69232599000,1.4706,-73110,17494,65962,4645,610,15778,-31,0,44960,-10697,351,0
2022-05-30,105000,106000,104500,106000,623975,66141350000,2.4155,-79092,34047,38204,4738,10495,1755,896,0,20320,6997,-156,0
2022-05-31,106000,106500,104500,105000,1819056,191000880000,-0.9434,187475,-67335,-105006,-5800,-10461,-20565,-6344,0,-67836,-15695,561,6000
2022-06-02,104000,104000,102000,104000,660479,68689816000,-0.9524,154150,46309,-203820,-104877,-10548,-16177,-2710,-270,-68780,2594,767,-458
2022-06-03,105000,105500,103500,104000,610654,63508016000,0.0,83777,-106430,22482,160,-4582,-2478,-644,0,30026,253,-82,0
2022-06-07,103500,103500,101500,101500,664509,67447663500,-2.4038,162076,-26147,-135204,-26278,-13605,-58198,-1744,-83,-35296,-1743,1018,0
2022-06-08,102000,103000,101500,102000,568572,57994344000,0.4926,51645,-80382,-57956,-28695,-12808,-7727,-7818,9,-917,86541,152,0
2022-06-09,102000,102500,101000,102500,929702,95294455000,0.4902,42914,69321,-116927,-169979,-54963,-49325,-16983,0,174332,3764,928,-9
2022-06-10,101000,102000,100000,100500,595867,59884633500,-1.9512,192856,-51791,-103978,-41897,-17185,-1654,-13405,85,-29922,-37801,714,0
2022-06-13,98500,98900,95100,95100,1400191,133158164100,-5.3731,344656,-103568,-181181,-38373,-26710,-40297,-9527,1378,-67652,-61411,1504,0
2022-06-14,92800,96300,92700,95300,1012058,96449127400,0.2103,-66329,51475,13879,-1352,-7842,19688,-6295,-4978,15119,1084,-109,-461
2022-06-15,94500,95500,92500,93200,829525,77311730000,-2.2036,17066,22709,-42386,-62214,-9874,3994,-81,1146,27061,2174,437,-2418
2022-06-16,94700,97600,93800,94400,860556,81236486400,1.2876,-160442,201949,-41907,-29725,-18861,-9845,-795,0,16950,706,-306,369
2022-06-17,92800,93700,92000,93200,827209,77095878800,-1.2712,135641,47725,-184848,-69222,-55527,-96292,-947,2854,34286,1206,276,0
2022-06-20,93400,93500,89300,90200,919626,82950265200,-3.2189,61140,23354,-97182,-71771,-18432,-47430,-4075,-7665,54682,5188,7500,-2491
2022-06-21,90300,91400,90000,91000,516032,46958912000,0.8869,-63490,85526,-26642,-27586,-24821,-12712,-8190,-710,45450,4490,116,1927
2022-06-22,91400,91500,87100,87200,1196070,104297304000,-4.1758,172322,-77891,-73595,-72823,-13176,10818,-12409,655,10340,-13775,-7061,3000
2022-06-23,86800,89800,85600,88300,1418259,125232269700,1.2615,-258720,61349,199753,45172,8428,-2700,11193,-1203,138212,-2466,84,651
2022-06-24,88300,90000,88300,89000,877028,78055492000,0.7928,-26447,-74707,98616,-57690,46982,49741,-1661,-205,61362,1622,916,87
2022-06-27,90200,91000,89000,89700,842826,75601492200,0.7865,77614,-61616,-15099,-23843,-8693,15261,-5599,-1752,12527,-729,-170,-3000
2022-06-28,89100,90100,87800,89000,727402,64738778000,-0.7804,135384,-9613,-128390,-119879,-10987,6912,-8368,0,3932,1722,897,0
2022-06-29,88000,91800,87400,90700,873866,79259646200,1.9101,-94325,32994,56910,38469,12227,7655,11985,0,-13426,5278,-857,0
2022-06-30,90900,90900,88300,88300,790624,69812099200,-2.6461,63854,-15112,-51678,-48485,1545,8503,5703,0,-18998,1649,1287,54
2022-07-01,89000,92900,88800,89900,1390290,124987071000,1.812,-129921,-19370,143760,4102,34622,41692,28570,-49,34823,4331,1200,0
2022-07-04,90800,91000,88600,90200,701722,63295324400,0.3337,-22387,-47882,72085,-4434,10236,4761,8781,-418,53181,-1645,-171,-22
2022-07-05,91000,96000,90700,95500,1348997,128829213500,5.8758,-236749,63171,168109,80723,32686,15712,21574,-3,17092,7138,-1669,325
2022-07-06,94700,95100,92800,93100,1023511,95288874100,-2.5131,100210,-2051,-97238,-25565,8723,40867,-1591,206,-120220,-988,67,342
2022-07-07,94000,96400,93500,95900,1090036,104534452400,3.0075,-125634,-58497,194426,131654,18831,27529,433,0,15578,-9942,-353,401
2022-07-08,96300,98300,91800,92000,1494419,137486548000,-4.0667,314602,-247678,-69041,17899,-21364,-38101,-6301,485,-21659,1049,1068,0
2022-07-11,91500,92700,91000,91300,710884,64903709200,-0.7609,23107,-9620,-22203,-14917,-9266,-8561,3744,-50,6847,8503,213,0
2022-07-12,90700,90900,89100,90400,654534,59169873600,-0.9858,-15363,52568,-37036,-32462,-2734,4109,-3671,-180,-2098,-190,21,0
2022-07-13,89900,92300,89900,91100,676772,61653929200,0.7743,-16288,-49478,70464,-46246,10180,59644,3317,0,43569,-4660,-38,0
2022-07-14,90600,91000,89500,90200,658582,59404096400,-0.9879,92609,27183,-130146,-22581,-15558,4817,-364,211,-96671,10002,352,0
2022-07-15,90900,91500,89100,90900,604053,54908417700,0.7761,12606,3638,-18492,15776,-5709,-1496,-3244,-200,-23907,2165,83,288
2022-07-18,92500,94400,92000,92500,847838,78425015000,1.7602,77814,-39130,-33254,-28130,8750,4309,618,1430,-20539,-5900,470,308
2022-07-19,91700,93000,91400,92900,410666,38150871400,0.4324,14417,-8452,-4875,9844,278,79,1101,0,-16234,-506,-584,57
2022-07-20,95200,95300,93300,94100,643294,60533965400,1.2917,-36664,1686,35215,-1929,980,-543,13899,5,22803,-273,36,0
2022-07-21,94100,94400,93000,94200,444578,41879247600,0.1063,52227,-54110,-2873,3833,2503,151,-841,230,-8749,4846,-90,0
2022-07-22,93800,94700,93500,93500,363025,33942837500,-0.7431,12095,27061,-42895,-30349,-2314,-5681,-2312,0,-2385,3112,627,146
2022-07-25,93100,94700,93000,93900,351528,33008479200,0.4278,-22,-10019,14875,-5736,4187,-1967,-4566,0,22865,-4896,62,92
2022-07-26,93500,94700,93300,93600,417522,39080059200,-0.3195,52143,-96374,44919,23355,3177,1620,3476,0,13291,-930,242,0
2022-07-27,93800,94500,93200,94300,330196,31137482800,0.7479,2834,-17540,15328,5748,-3646,-545,-871,0,14642,-1293,671,0
2022-07-28,95100,95500,93000,93600,666622,62395819200,-0.7423,186693,-137051,-50676,-20453,-14862,1162,-13062,0,-3542,747,287,81
2022-07-29,94200,94800,93600,94400,674170,63641648000,0.8547,-70384,20588,48981,6514,-2554,11847,4106,0,28985,1140,-325,83
2022-08-01,94800,95300,93600,94400,485739,45853761600,0.0,-48831,-1038,44006,28034,14743,4265,-3403,126,153,5916,-53,88
2022-08-02,94400,95000,93200,93500,474933,44406235500,-0.9534,85911,-9104,-72699,-32886,-7922,-1642,3649,-585,-33357,-5461,1353,44
2022-08-03,93500,93900,93000,93800,374218,35101648400,0.3209,28629,13007,-40725,-1224,-15599,-4535,-13082,0,-6294,-1020,109,9
2022-08-04,94400,96900,94200,96000,1059583,101719968000,2.3454,-117773,15444,90982,38579,23186,1538,20854,6600,183,12501,-1154,42
2022-08-05,96400,96700,95400,95900,447686,42933087400,-0.1042,4326,-18876,13795,-16448,5939,11557,-2230,230,14749,1012,-257,-2
2022-08-08,95800,95800,93600,94000,579176,54442544000,-1.9812,258375,-148907,-106236,-29602,-2337,-969,-20326,0,-53002,-3747,515,0
2022-08-09,94000,94700,92800,94700,542364,51361870800,0.7447,-15150,20430,-781,4476,468,-4227,-6612,32,5116,-4782,283,-34
2022-08-10,93900,94500,92700,92800,502234,46607315200,-2.0063,173732,-66845,-109224,-66713,-8762,-2111,-6479,-168,-24991,1536,801,0
2022-08-11,93900,101000,93400,101000,2683987,271082687000,8.8362,-1053540,584238,476002,257212,75557,-8631,36041,1848,113919,-2962,-3738,56
2022-08-12,100500,102500,99600,101000,1151625,116314125000,0.0,-126625,-42391,174862,110804,34766,12418,18190,208,-1670,-5106,-740,146
2022-08-16,101500,103000,100000,102000,872610,89006220000,0.9901,-70976,-104406,180553,81854,28820,40568,2874,-242,26679,-5936,765,0
2022-08-17,102500,105000,102000,103500,1537894,159172029000,1.4706,-185478,-142778,328929,61918,133382,117206,25432,-178,-5136,-254,-419,-3695
2022-08-18,102000,103500,100500,102000,768622,78399444000,-1.4493,8094,-20587,15227,8657,20898,43929,5459,-179,-63537,-2619,-115,0
2022-08-19,101500,102500,100500,101000,571786,57750386000,-0.9804,-69303,34889,34986,15257,8785,3941,7091,-3998,2848,-632,60,1062
2022-08-22,99700,101500,99200,100000,664440,66444000000,-0.9901,-28973,-47896,75419,42377,42533,16277,-377,-6000,-19397,445,1005,6
2022-08-23,99100,99700,98000,98200,588286,57769685200,-1.8,10524,-66840,52717,58838,6696,-6688,-258,165,-6049,2244,1355,13
2022-08-24,98800,99000,97900,98100,557382,54679174200,-0.1018,38996,-108446,64505,50161,13900,14380,150,250,-14357,45,4900,21
2022-08-25,98900,99700,98300,99100,541955,53707740500,1.0194,51050,-168092,120811,43838,1532,59039,825,0,11675,-3062,-707,3902
2022-08-26,99900,100500,99000,100500,549129,55187464500,1.4127,-62423,-55921,122523,97487,7311,18646,-1660,687,-381,1863,-6042,433
2022-08-29,96800,97500,95200,96200,852805,82039841000,-4.2786,242816,-195518,-54998,30600,-8412,-7356,-14836,165,-54668,1335,6365,-491
2022-08-30,96600,97800,95400,97500,514506,50164335000,1.3514,-35957,9900,29951,40546,3277,-4307,-2788,0,-6314,2324,-6218,-463
2022-08-31,96700,101000,96200,101000,712641,71976741000,3.5897,-125959,82771,41267,42274,2051,12150,-6440,95,-8875,1722,199,12
2022-09-01,99100,99600,97700,97700,683659,66793484300,-3.2673,155006,-114863,-48942,25796,8874,-5340,162,70,-76102,-611,9410,-2402
2022-09-02,98300,99900,97000,97300,464595,45205093500,-0.4094,19551,-9214,-17997,5422,-3698,4870,-43,0,-24568,3032,4628,20
2022-09-05,97200,98300,96500,97200,330235,32098842000,-0.1028,-23983,12299,11876,8851,2819,-4678,-1785,-3614,10283,715,-907,0
2022-09-06,97300,97500,96100,96800,354834,34347931200,-0.4115,87398,-47617,-34304,-25767,-2206,4526,-733,2573,-13555,-874,-4603,858
2022-09-07,96200,96400,93600,94400,654418,61777059200,-2.4793,186533,-111190,-77238,-17011,4533,-13321,-8304,120,-43255,1542,353,0
2022-09-08,95300,95400,93500,93800,598114,56103093200,-0.6356,88671,-153882,61180,-18977,12605,5201,-4611,-262,67224,3829,202,0
2022-09-13,95700,98200,95100,97900,703205,68843769500,4.371,-218320,77203,137215,43214,10674,9189,4799,260,64879,4046,-144,4200
2022-09-14,93600,94600,93600,94000,721562,67826828000,-3.9837,281220,-159320,-125347,-18944,-17412,-63689,-1266,50,-24086,2435,1012,0
2022-09-15,94600,94600,92000,92000,672520,61871840000,-2.1277,282571,-178101,-96852,-21800,-10229,-6211,-2674,0,-55938,-6551,-1067,0
2022-09-16,91100,91200,90000,90600,769264,69695318400,-1.5217,181436,-115503,-68617,9074,15671,-17409,-3597,-150,-72105,1831,853,-101
2022-09-19,90200,91700,90200,90400,455443,41172047200,-0.2208,-34078,33201,1488,28391,-11873,-26927,-899,80,12716,-828,217,0
2022-09-20,91000,91400,89400,89700,540462,48479441400,-0.7743,132978,-156429,21945,22361,-10674,-11568,-7877,11,29692,1378,128,0
2022-09-21,90000,90100,87600,88000,669889,58950232000,-1.8952,266809,-135358,-138226,-59828,6247,-70970,-7936,207,-5946,6270,505,0
2022-09-22,86100,86500,84500,85300,927127,79083933100,-3.0682,370399,-231444,-143212,-43446,-42605,8379,-13837,2498,-59201,3894,363,5000
2022-09-23,85300,86600,84400,84900,725235,61572451500,-0.4689,-83580,40498,43104,14352,9170,23687,1503,386,-6307,-65,43,313
2022-09-26,83500,84400,81600,81800,981155,80258479000,-3.6514,49940,46837,-112718,-125701,-11441,-28450,-864,525,44605,15322,619,8608
2022-09-27,81600,81800,80000,81300,960659,78101576700,-0.6112,72627,-24902,-42541,-114489,-2056,40936,-10684,-160,42012,-4853,-331,1900
2022-09-28,80700,81800,78300,79300,1063245,84315328500,-2.46,20744,-61295,39102,-32170,13571,11860,-5430,-298,49269,1623,-174,2300
2022-09-29,80500,80700,77900,78000,788884,61532952000,-1.6393,-13874,-22116,34336,-15862,764,9611,-9808,-295,49026,1446,208,900
2022-09-30,77200,79900,77200,78600,887235,69736671000,0.7692,-102031,64732,34437,-41458,4411,25418,2259,-39,43846,63,2799,0
2022-10-04,79800,81000,79800,80700,764137,61665855900,2.6718,-54084,109322,-55055,-5953,-8869,-20683,451,393,-20394,-1380,1197,0
2022-10-05,82200,82400,78600,79200,696257,55143554400,-1.8587,197388,-13093,-185858,-4854,-39183,-42515,-8184,-6090,-85048,1501,62,16
2022-10-06,80000,81400,79400,80600,582507,46950064200,1.7677,-74160,110169,-36027,25229,-2416,-38317,-4688,0,-15891,298,-280,56
2022-10-07,79800,82300,79700,81700,676353,55258040100,1.3648,-38303,52137,-18049,-14865,17140,22350,798,0,-58472,4111,104,15000
2022-10-11,79800,79900,77700,78200,827730,64728486000,-4.284,229077,-136594,-94017,63888,-20238,-153417,-4900,-1024,21174,-223,1757,500
2022-10-12,78400,80000,77800,79800,594177,47415324600,2.046,-122014,116617,6914,-26525,-2752,-2473,1191,-951,36424,611,-2128,2000
2022-10-13,79600,80700,78100,78100,588068,45928110800,-2.1303,4672,145564,-150053,-72702,-6859,-12347,-16588,313,-43546,-203,20,1676
2022-10-14,80000,81500,79700,80700,462737,37342875900,3.3291,-96495,45759,50601,24707,-593,4838,-234,-5,21917,362,-227,-29
2022-10-17,79700,81800,79300,81700,394098,32197806600,1.2392,-10256,34525,-22718,-11091,1679,-3383,2596,0,-12519,-1120,-431,0
2022-10-18,83100,83300,81300,82800,594072,49189161600,1.3464,13863,10903,-23074,-778,-2756,-5490,-14154,0,6104,-1421,-271,-6000
2022-10-19,82000,82600,80400,80600,706403,56936081800,-2.657,187894,-155708,-25239,5968,-3580,-9146,-3825,0,-19612,-7573,626,4956
2022-10-20,80300,81400,78800,81200,594436,48268203200,0.7444,-37129,59429,-21579,-2742,657,-10755,4717,0,-15291,791,-1512,1835
2022-10-21,80700,81500,80100,80800,347557,28082605600,-0.4926,-26217,26262,1992,-13470,-3383,-5947,43,0,24749,-1965,-72,0
2022-10-24,81700,82300,80400,80900,611218,49447536200,0.1238,39068,-111000,57077,14672,-1817,8105,2085,0,34032,15258,-403,0
2022-10-25,80900,81900,79700,80100,552564,44260376400,-0.9889,127275,-28128,-98489,-65385,-29439,2100,-17572,0,12017,-772,114,-210
2022-10-26,80100,80200,77300,77800,1247943,97089965400,-2.8714,522539,-65288,-461024,-56239,-122795,-46427,-48710,-434,-189149,2564,1209,2730
2022-10-27,78300,80700,78000,80200,920792,73847518400,3.0848,-248158,303993,-68900,-80621,-9445,5234,-4468,1038,32369,8174,4891,-13007
2022-10-28,79800,81200,79600,79900,641547,51259605300,-0.3741,-15433,135810,-115201,-2380,-59399,-6509,376,0,-47320,92,-5268,31
2022-10-31,82000,82000,80500,81600,713095,58188552000,2.1277,-45380,43606,15411,20559,-9254,12649,7402,0,-15745,-12822,-815,-200
2022-11-01,81500,82900,80800,82600,611191,50484376600,1.2255,-47198,17957,35011,18212,-7229,1259,12425,515,9829,-4141,-1629,0
2022-11-02,81700,84000,81500,83700,740355,61967713500,1.3317,-228077,171293,58843,14624,16621,38629,8053,0,-19084,-1581,-478,0
2022-11-03,81900,83700,81000,82800,643835,53309538000,-1.0753,44780,1833,-48948,6341,379,-1458,633,0,-54843,3053,-718,0
2022-11-04,82600,90000,82100,88600,2425215,214874049000,7.0048,-630176,95130,545996,31815,92887,131713,60953,-425,230610,-10141,-809,-1557
2022-11-07,89200,91200,87400,90900,1584070,143991963000,2.5959,-91452,-239050,310779,144481,53249,53407,24482,264,34323,19438,285,573
2022-11-08,90900,92600,90300,91300,994859,90830626700,0.44,-151166,-46098,183867,72446,31509,-31462,12326,-353,98947,13635,-238,454
2022-11-09,91600,94100,91200,93200,933729,87023542800,2.0811,-175329,86364,100098,17257,13165,-43522,16839,6177,90000,-12070,937,182
2022-11-10,92200,94000,91900,91900,803724,73862235600,-1.3948,-40252,104960,-53017,33871,-46307,-17892,15285,-1572,-36683,-11164,-527,281
2022-11-11,95400,95400,93700,94500,891240,84222180000,2.8292,-188522,66950,123256,28749,22680,-9788,10324,646,70575,-478,-1206,70
2022-11-14,94700,96900,94500,95600,888814,84970618400,1.164,-164116,80876,89993,54927,24684,5213,5153,6642,-3606,-5556,-1197,-3020
2022-11-15,96100,98800,95800,96600,736227,71119528200,1.046,-62345,-63972,126197,72419,14692,12793,3372,-636,23896,186,-66,-339
2022-11-16,96900,96900,94700,95600,589204,56327902400,-1.0352,-32121,110236,-73848,-10085,-36054,-27016,-3610,-1001,3918,-4216,-51,0
2022-11-17,95100,95800,92900,92900,523307,48615220300,-2.8243,-15746,101428,-80332,-28660,-5467,-13979,-5709,-120,-26397,-4987,-363,0
2022-11-18,93100,94600,91000,92000,864219,79508148000,-0.9688,-40077,238808,-204953,-41100,-89010,-50526,-10713,-70,-13534,6250,-28,0
2022-11-21,92500,92500,89300,90100,659130,59387613000,-2.0652,61803,86548,-147479,1908,-22933,-143319,-27221,1415,42725,-589,-283,-54
2022-11-22,90300,90700,89100,89500,392751,35151214500,-0.6659,44865,10674,-47971,-36129,-5386,-8028,-13280,0,15963,-7514,-54,-1111
2022-11-23,90600,92100,90000,90200,454470,40993194000,0.7821,-18432,-65971,85947,12628,48784,9638,-3971,19,18849,-1608,64,0
2022-11-24,90800,91500,90200,90500,302045,27335072500,0.3326,76104,-89312,10548,-11258,20351,575,-557,399,1037,3839,-1179,1
2022-11-25,91000,91000,89100,89700,309097,27726000900,-0.884,34244,-1969,-37933,-5191,-17663,-5532,446,-456,-9537,5500,158,0
2022-11-28,91600,95200,90700,93200,1494873,139322163600,3.9019,-111702,-126905,233150,113234,68924,-26954,44868,271,19315,5930,-473,13492
2022-11-29,93400,94000,91300,93800,623921,58523789800,0.6438,55440,-41083,-10750,9124,5467,-26083,1132,0,-390,-4314,707,0
2022-11-30,92900,98300,92600,97600,1734591,169296081600,4.0512,-492536,238630,259796,26378,58493,114091,30821,273,29740,-6586,696,0
2022-12-01,98900,99000,96100,96200,656245,63130769000,-1.4344,129942,-136303,3818,-17351,3350,-7203,2316,303,22332,2261,282,71
2022-12-02,96400,98500,95400,96600,809770,78223782000,0.4158,-43007,17018,23508,22650,23934,18867,10175,1256,-56654,2766,-285,3280
2022-12-05,97200,97700,95900,96800,462365,44756932000,0.207,-4152,-12485,15566,17381,26179,2966,8421,2867,-39698,63,1008,-2550
2022-12-06,95900,100500,95500,97200,1145457,111338420400,0.4132,-164998,17266,155346,47786,71675,13414,17573,201,-7614,-8013,399,12311
2022-12-07,95000,95500,89500,90300,1994747,180125654100,-7.0988,529491,-340883,-199084,-19771,39538,-97206,-6202,977,-117354,6918,3558,934
2022-12-08,89600,90700,88800,89800,922814,82868697200,-0.5537,-1947,-74851,86531,-37615,54360,-33604,-7099,-1709,88769,-9898,165,23429
2022-12-09,90500,91200,89700,91000,599973,54597543000,1.3363,-89166,-15823,102698,26906,-336,9538,1735,0,64855,2501,-210,0
2022-12-12,89800,91300,89500,89800,431521,38750585800,-1.3187,5255,60151,-65572,-40975,-7897,-14151,-7342,-213,975,-281,447,4031
2022-12-13,90200,90300,87700,88100,588048,51807028800,-1.8931,138725,-5648,-131717,-47345,-27650,-9901,-19152,-357,-29312,-746,-614,2000
2022-12-14,88800,90100,88500,89900,471240,42364476000,2.0431,-78828,16690,62482,25005,2042,2515,3359,271,29290,-116,-228,0
2022-12-15,89500,89600,88500,88700,244911,21723605700,-1.3348,22488,29691,-54025,-18180,270,-1280,-1587,0,-33249,1688,158,1
2022-12-16,87000,87900,85800,87200,625891,54577695200,-1.6911,120995,17113,-142178,-23985,-19202,-19056,-4814,271,-76262,3568,502,870
2022-12-19,87200,87800,86100,86900,432162,37554877800,-0.344,40294,-6272,-34248,-27276,1149,-6996,-3381,0,2256,171,55,0
2022-12-20,86600,86700,85300,86100,340339,29303187900,-0.9206,-26553,101092,-75028,-19779,-45615,-405,-8223,0,-996,-47,536,-10
2022-12-21,86700,86800,85000,85900,255814,21974422600,-0.2323,-12344,5310,20184,-6535,-4071,20846,-548,-46,11157,-12680,-470,-619
2022-12-22,86500,91700,86500,90300,1421236,128337610800,5.1222,-239282,322736,-90043,-44579,-54063,37285,-9505,63,-19244,7708,-1119,0
2022-12-23,88500,92200,88200,90900,946249,86014034100,0.6645,-138455,54475,90533,14109,21991,49205,14021,290,-3484,-6199,-354,-5599
2022-12-26,90900,91000,88700,88900,466302,41454247800,-2.2002,-52837,-78912,129702,19846,28506,2778,9139,423,69010,1739,308,0
2022-12-27,89500,90400,89100,89700,553886,49683574200,0.8999,-234384,52015,207438,2203,32853,-1548,24814,257,148859,-25174,105,0
2022-12-28,89200,90700,88600,89400,490113,43816102200,-0.3344,35810,35447,-69653,-20085,-5693,21222,2740,444,-68663,-1820,216,382
2022-12-29,88500,89400,86500,86500,451139,39023523500,-3.2438,122962,-19995,-104167,6339,6299,-28827,-4172,218,-84929,1126,74,905
2023-01-02,87200,87600,86300,86400,256377,22150972800,-0.1156,-3666,-2582,4290,-1338,10865,14424,-5007,0,-14944,2002,-44,290
2023-01-03,86400,87000,83500,85700,535289,45874267300,-0.8102,85277,-3859,-83862,-13444,693,-3225,-1497,271,-67106,2225,219,446
2023-01-04,84900,89700,84500,89700,582484,52248814800,4.6674,-159974,132491,28509,33471,32173,1049,18020,0,-56943,-376,-650,739
2023-01-05,89700,90500,89000,89900,372671,33503122900,0.223,-41537,76225,-35847,-2295,2864,4171,2063,0,-42650,1147,12,0
2023-01-06,88700,91600,88700,90700,520258,47187400600,0.8899,-114008,43288,80156,36046,14359,-7436,15918,-81,17850,-9298,-138,3500
2023-01-09,91600,95500,91600,95100,1246443,118536729300,4.8512,-551712,87791,464113,168664,74719,27731,33759,-201,159322,1762,-1954,119
2023-01-10,94900,95300,93600,95100,583121,55454807100,0.0,-73246,-14780,88460,29960,8608,-14376,6364,0,57904,-685,251,0
2023-01-11,95300,95800,93800,94800,454625,43098450000,-0.3155,17426,-15790,-2133,-30155,-6653,7574,-3885,230,24501,474,23,6255
2023-01-12,95000,95500,93100,93700,487521,45680717700,-1.1603,24254,27526,-51056,-21394,-13470,-17522,1257,198,-125,-584,-140,0
2023-01-13,94100,95300,93600,94200,500644,47160664800,0.5336,-91816,66100,25068,12233,-10361,-1639,2470,1484,20857,440,208,24
2023-01-16,94700,95800,92700,94400,458632,43294860800,0.2123,10435,-80269,70404,1374,27805,32,-3507,884,43815,-245,-325,1
2023-01-17,94200,95200,93300,94700,511231,48413575700,0.3178,-50220,2339,55606,-8478,54484,1897,109,505,7089,-7455,-270,0
2023-01-18,94700,95600,94200,95200,458888,43686137600,0.528,-70616,-12085,80377,21037,46638,16599,6574,0,590,2536,-212,-11061
2023-01-19,94200,97100,94100,96300,601293,57904515900,1.1555,-121959,-46270,168142,51212,100800,5504,13710,148,-1306,847,-760,-1926
2023-01-20,96200,96700,95000,96300,391157,37668419100,0.0,-26766,-57464,83519,38302,38489,-2311,4668,667,3694,721,-10,10
2023-01-25,97200,97800,96200,96600,403888,39015580800,0.3115,-16792,-20097,40395,1818,16755,-37,2438,-271,19483,-2075,-1431,209
2023-01-26,96400,97900,95800,97900,496024,48560749600,1.3458,-201540,169246,39256,-21835,18626,12530,1778,-26,27993,-6168,-794,190
2023-01-27,98100,100000,97500,98100,813280,79782768000,0.2043,-131930,67928,40348,-8506,1219,597,-1690,-247,48888,23883,-229,87
2023-01-30,100000,101200,98100,100400,1322757,132804802800,2.3445,-344648,146,360196,94859,94319,123441,36377,-20,23722,-14104,-1590,-12502
2023-01-31,99900,103200,99200,100100,1140938,114207893800,-0.2988,-110259,-50214,193533,95480,15030,40198,9857,-188,35154,-33289,229,-1998
2023-02-01,100100,100100,98100,99100,738213,73156908300,-0.999,165320,-146090,-14186,-9632,9791,21009,1157,179,-36690,-5478,434,0
2023-02-02,100100,101500,99000,100900,727164,73370847600,1.8163,-133872,-8262,144222,63297,61975,57492,7148,689,-45946,-1170,-918,-433
2023-02-03,101300,102100,100200,100800,493356,49730284800,-0.0991,-63111,18025,41451,6335,-9078,39522,1365,-2762,6069,3533,102,0
2023-02-06,100900,102900,100000,101600,663779,67439946400,0.7937,-116827,-20905,140715,98376,58944,3937,7415,-518,-25038,-3525,542,-2401
2023-02-07,101800,103000,101300,102000,568693,58006686000,0.3937,-12060,-47556,53100,72927,6742,1145,4694,-1885,-30523,6114,402,0
2023-02-08,102500,108800,102200,107600,1809917,194747069200,5.4902,-675228,292857,354879,117932,63579,-1554,26523,672,141364,27550,-58,6363
2023-02-09,106600,108800,105000,108000,1189827,128501316000,0.3717,-65533,-166718,218128,210301,45947,-15025,27744,-7587,-43968,14538,-415,716
2023-02-10,108000,112200,106900,110600,1330878,147195106800,2.4074,-205879,-66838,264367,95959,111415,3357,17231,-351,22718,9548,-1198,14038
2023-02-13,110000,110000,105500,107200,907871,97323771200,-3.0741,52019,-119883,61142,71837,9015,-17754,5806,0,-7727,6154,568,-35
2023-02-14,108700,114200,108700,113300,1957756,221813754800,5.6903,-513788,232890,273875,204664,65395,9899,2797,3927,-10357,7839,-816,-2450
2023-02-15,113600,114200,112400,112800,1108858,125079182400,-0.4413,13380,52894,-73066,10345,856,-13193,13625,-158,-84401,8123,-1331,-140
2023-02-16,114000,116400,113200,114000,1080764,123207096000,1.0638,-113464,-10786,120575,58380,21438,-43703,22121,-301,62690,4435,-760,-50
2023-02-17,112600,115500,112100,113900,735524,83776183600,-0.0877,-120087,86214,28781,50912,10232,1315,13249,0,-47019,2451,2641,92
2023-02-20,114000,115100,112800,113300,730359,82749674700,-0.5268,-2238,21594,-14261,-18890,-3496,-21496,-1126,-47,30794,-3517,-1578,0
2023-02-21,113200,116100,112600,114000,735027,83793078000,0.6178,-123042,131611,-2200,21018,14089,-14923,5421,0,-27857,-5753,-616,52
2023-02-22,113000,113800,111000,111100,692730,76962303000,-2.5439,4462,97571,-94674,14913,-24989,-32011,5150,-122,-61493,-6106,-1253,3878
2023-02-23,112400,117000,112300,114700,1414208,162209657600,3.2403,-190228,80401,110930,3956,35917,26299,7776,-324,34461,270,-1373,2845
2023-02-24,115000,115700,112400,113400,711338,80665729200,-1.1334,51286,-158801,106321,30122,39955,47604,3967,535,-15861,1070,124,-1
2023-02-27,112800,114100,111400,112700,556263,62690840100,-0.6173,56280,12370,-72785,10405,-11628,-17321,2138,446,-56911,4102,33,86
2023-02-28,113400,113400,110500,111200,666842,74152830400,-1.331,22146,-75947,52999,21845,7883,3128,6860,-196,12179,635,167,1300
2023-03-02,110600,112400,110600,111400,484235,53943779000,0.1799,-95786,68835,32054,63808,2564,-3533,4734,-144,-35376,-4649,-454,1
2023-03-03,112500,113400,109500,110800,475873,52726728400,-0.5386,2213,-16531,16495,43198,-14216,-10361,-2515,923,-562,-2648,471,28
2023-03-06,112000,115500,111100,114500,964347,110417731500,3.3394,-181133,-3616,182233,37854,6117,11574,11677,58,114875,2979,-463,78
2023-03-07,114400,115400,112200,114400,748490,85627256000,-0.0873,23119,-113308,86174,96544,-3789,-5048,15754,0,-15345,5701,-1686,-1942
2023-03-08,116200,120600,116200,117500,1731900,203498250000,2.7098,-235153,171300,61752,12752,29677,94558,-10015,-982,-64216,1788,313,-22
2023-03-09,119600,121400,116700,117000,1144788,133940196000,-0.4255,85288,-163860,78033,15764,-13906,-20450,5358,70,80434,-414,953,10763
2023-03-10,115400,118300,114600,115700,858971,99382944700,-1.1111,52577,-12123,-36202,65138,2879,-59307,-1329,0,-43583,-4169,-83,0
2023-03-13,116000,118500,113600,117500,851620,100065350000,1.5557,-108391,50323,72296,50004,24603,-7665,215,0,5139,-13534,-694,0
2023-03-14,116700,117300,111200,111800,1114429,124593162200,-4.8511,109661,-196711,84269,45898,10603,-13328,-3269,152,42214,2446,335,1999
2023-03-15,114600,117800,113200,117400,1133693,133095558200,5.0089,-311199,248347,61274,11655,21454,830,3406,0,23538,2236,-658,391
2023-03-16,116000,119200,115800,117500,916862,107731285000,0.0852,-100712,13863,87166,24495,17760,-7675,-2031,140,54305,1696,-2013,172
2023-03-17,119000,119500,116900,117900,918172,108252478800,0.3404,-101757,112785,-11848,1539,12452,-2939,-13889,390,-14401,258,562,5000
2023-03-20,118200,118500,112900,113900,965943,110020907700,-3.3927,193614,-66965,-126727,-24563,-17730,-56516,-13894,-228,-13710,-60,138,-86
2023-03-21,114500,114700,112400,113300,712657,80744038100,-0.5268,1980,158801,-158455,5435,-34579,-115559,-15712,590,1488,-2558,232,-118
2023-03-22,115500,116500,113600,114200,756170,86354614000,0.7944,-74068,158243,-86740,-20169,-27510,-30795,-18344,-907,10985,2594,-29,0
2023-03-23,113700,114700,110300,111800,1324425,148070715000,-2.1016,265704,-43601,-207368,121,-99152,-92669,-44030,900,27461,237,-14972,1
2023-03-24,111900,113500,111000,113000,893158,100926854000,1.0733,-109277,207763,-98396,-7502,-17420,-30116,-4485,600,-39473,-99,9,0
2023-03-27,113000,114500,111000,113500,778173,88322635500,0.4425,-51010,85806,-32752,-46397,-10171,7788,3348,-60,12810,561,-2605,-70
2023-03-28,113000,113100,109000,111800,1263322,141239399600,-1.4978,147145,-159333,9342,-13067,-3287,40422,-12402,-2208,1962,2545,301,-2078
2023-03-29,112900,114500,112700,113700,554609,63059043300,1.6995,-252401,214771,39768,12999,2692,-2222,-5861,500,31660,-1826,-312,0
2023-03-30,114500,115600,113100,113100,570965,64576141500,-0.5277,-20128,96061,-77345,-37872,-31417,-3041,-6112,279,537,1325,87,281
2023-03-31,114100,115700,113800,115300,855187,98603061100,1.9452,-154594,156340,16131,-16046,-2779,9953,3724,4300,16979,-15381,-2496,0
2023-04-03,116000,116300,113200,113800,713112,81152145600,-1.301,74233,15311,-92517,-19000,-24264,-4430,-9066,4,-35761,1069,1904,0
2023-04-04,114300,117200,112800,115900,896834,103943060600,1.8453,-209539,193897,24276,-27205,10206,19663,1267,0,20263,-6019,-2615,82
2023-04-05,116700,119700,116100,116800,1010185,117989608000,0.7765,-139301,154781,-10633,-20152,18929,-65735,18588,0,37989,4808,-9655,-252
2023-04-06,117400,118100,113600,113900,891174,101504718600,-2.4829,156913,57319,-223161,-76340,-42090,-46347,-1026,0,-57358,8036,893,0
2023-04-07,115500,116100,113800,114300,921786,105360139800,0.3512,122980,-90359,-34063,-47634,-26388,8053,-10342,3049,41199,461,981,-2000
2023-04-10,115000,115900,112600,113000,1018183,115054679000,-1.1374,150985,77658,-175785,-106942,-7303,-35822,-21116,-4,-3624,-54087,1229,-974
2023-04-11,113500,114200,112100,112600,1095649,123370077400,-0.354,170322,108643,-274581,-106056,-96815,-9056,-28338,303,-31200,-5595,1211,-3419
2023-04-12,112700,114900,112700,114600,1116912,127998115200,1.7762,-241998,333072,-78492,7244,-20786,-8500,-1981,1000,-56064,-11248,-1334,595
2023-04-13,116000,117500,113500,115300,1275287,147040591100,0.6108,-40546,101543,-82252,-92375,-12159,26339,4119,-4,-6004,20837,418,-2168
2023-04-14,116100,116900,114600,115200,795003,91584345600,-0.0867,78081,97526,-179139,-59979,-49095,-29996,-17878,-561,-21014,2558,974,-616
2023-04-17,115100,115100,111700,112200,1014716,113851135200,-2.6042,343171,-132621,-203899,-70024,-24446,-25510,-6165,4167,-78721,-7576,925,-3200
2023-04-18,112300,113000,111000,111600,1014529,113221436400,-0.5348,61268,181020,-242440,-34168,-54613,-9182,-3113,-730,-140634,-7683,7835,0
2023-04-19,112600,113500,111800,112900,747852,84432490800,1.1649,-171494,295263,-117520,-40524,-28827,-6219,-10735,-114,-31100,-2480,-3769,-1
2023-04-20,112600,113300,109300,110600,877927,97098726200,-2.0372,152983,-35193,-133334,-68990,-47977,-7267,577,0,-9679,14810,734,2
2023-04-21,110300,110600,106900,107800,1187692,128033197600,-2.5316,171262,212624,-388837,-181619,-106676,-114812,-33633,-92,48674,-3758,8709,-679
2023-04-24,107200,108500,107200,107400,561213,60274276200,-0.3711,40431,116406,-151928,-136496,-21104,-10560,-3748,952,28086,-5018,109,-9058
2023-04-25,107700,109900,106300,108900,1051431,114500835900,1.3966,-5094,73980,-75758,-37226,-1130,-30658,7863,838,-15386,6863,9,-59
2023-04-26,109000,110100,108000,108400,603110,65377124000,-0.4591,4616,56702,-44621,-22322,-334,6085,-596,378,-27832,-16427,-270,0
2023-04-27,108500,108900,106900,107700,522016,56221123200,-0.6458,38312,49267,-85122,-7550,-9949,-1361,-3646,303,-62726,-2725,268,-193
2023-04-28,109900,110500,108200,109300,808675,88388177500,1.4856,-72799,93315,-12651,-25557,10091,34220,5993,164,-37869,1192,-9057,307
2023-05-02,109300,109800,108700,109500,443845,48601027500,0.183,-20193,2598,15693,-2972,2027,-7174,4556,0,19247,1373,529,9
2023-05-03,109100,109400,107900,109300,371989,40658397700,-0.1826,-15437,57685,-43129,-11960,-388,1848,171,1466,-34175,842,39,-91
2023-05-04,109000,110000,108000,109200,436200,47633040000,-0.0915,-4428,48671,-40581,-3413,-13175,5730,7166,0,-36889,-3644,-18,0
2023-05-08,110000,112600,109700,112300,821333,92235695900,2.8388,-251229,142592,110521,-31268,21353,50313,9309,0,60814,438,-2322,0
2023-05-09,113000,113600,111000,111900,562232,62913760800,-0.3562,36291,-16542,-21180,-20556,-1417,7368,10679,93,-17175,1194,237,-172
2023-05-10,111700,115400,111600,114900,1231852,141539794800,2.681,-516241,477505,60152,12480,6001,47323,7194,715,-13778,-19378,-2038,217
2023-05-11,115500,116500,114100,116200,904911,105150658200,1.1314,-259049,221636,40661,15910,17665,6027,-4601,0,5476,-1511,-1737,184
2023-05-12,116100,116200,111800,111800,753751,84269361800,-3.7866,261601,-171022,-95574,-13995,-35786,-26631,-3186,0,-15976,2842,2153,0
2023-05-15,111400,112200,110100,111500,485601,54144511500,-0.2683,-918,-25200,20856,8374,-267,1495,-1249,0,12503,5554,-292,0
2023-05-16,112200,112600,110300,110500,646552,71443996000,-0.8969,50524,-24310,-32968,-13087,-20388,-996,-6638,0,8133,5253,1501,8
2023-05-17,110200,112500,110200,111900,388321,43453119900,1.267,-70775,76177,-11039,13262,-18571,-16018,5219,-30,5092,5677,-40,7
2023-05-18,112700,113500,112100,113000,407261,46020493000,0.983,-96777,89061,12151,409,-9225,-687,9019,0,12635,-1607,-2828,0
2023-05-19,113600,114200,112700,113400,436895,49543893000,0.354,-63976,55618,10152,-36772,-8564,-7402,4168,0,58856,-1429,-365,-134
2023-05-22,113100,115300,113000,113800,516511,58778951800,0.3527,-57199,3129,54930,13141,1787,9699,-1309,29,30480,-2141,1281,1103
2023-05-23,114400,115400,113600,114200,430549,49168695800,0.3515,-58683,33659,18178,13338,-12309,-2886,-2531,28,22252,6128,718,286
2023-05-24,113500,113800,112700,113300,368199,41716946700,-0.7881,-14563,72006,-59372,-19198,-6320,-8661,-912,-4144,-20138,2488,-559,1
2023-05-25,113200,113500,111500,112600,475713,53565283800,-0.6178,109990,16309,-128030,-16510,-29757,-7832,-508,29,-74451,726,1005,999
2023-05-26,112300,113600,112000,112700,389620,43910174000,0.0888,12924,59252,-74073,-26566,3467,-12120,-5442,29,-33446,501,1396,5
2023-05-30,114500,124900,113700,124900,3759591,469572915900,10.8252,-1046267,719092,359570,98260,4692,57340,19924,-5807,186530,-27155,-5240,-1369
2023-05-31,125200,125500,122300,122800,1976166,242673184800,-1.6813,-59399,-47803,112721,103650,13641,35885,-3158,322,-38260,-5754,235,641
2023-06-01,122300,124000,121200,123000,938784,115470432000,0.1629,-77511,60649,7797,-25347,-2313,17431,1351,-56,16456,9927,-862,275
2023-06-02,123900,124400,121500,123100,923145,113639149500,0.0813,62797,-72709,-4056,-59389,-9915,805,-3899,1770,66571,13594,374,1
2023-06-05,123800,128900,123600,127200,1917032,243846470400,3.3306,-265343,41005,220071,29568,27729,63653,11185,-921,88965,7955,-3688,-108
2023-06-07,128300,128700,125700,125700,872501,109673375700,-1.1792,-22588,11581,6580,-7070,5559,-3544,6715,-800,5719,5659,-1232,1
2023-06-08,126200,127300,125300,126700,919226,116465934200,0.7955,-55535,72039,-14538,23803,5632,-1770,11106,-1544,-51777,-1930,-36,12
2023-06-09,127300,127500,125200,126200,670364,84599936800,-0.3946,21124,-651,-18625,-31175,-13815,-16625,-8801,-200,52365,-2155,307,-374
2023-06-12,127600,127800,125500,125600,482727,60630511200,-0.4754,21557,-5893,-10944,-10607,-12879,-739,-17657,-30,30968,-5040,320,0
2023-06-13,126000,126300,123000,124400,873521,108666012400,-0.9554,-8603,56764,-46039,-54922,-40182,-27551,-4064,-319,80834,-571,-1551,165
2023-06-14,124700,126700,124100,124700,786347,98057470900,0.2412,-103334,158364,-55519,-34017,1085,1125,-1848,-124,-21741,-89,578,1
2023-06-15,124700,125500,122800,123600,634873,78470302800,-0.8821,2782,67538,-82432,-60186,-16287,-3119,4354,-180,-6988,13688,-1576,-26
2023-06-16,124100,124500,122700,124500,632413,78735418500,0.7282,-6421,72073,-68496,-29552,-4646,-352,-3477,-1025,-31044,2008,836,1600
2023-06-19,125100,125800,124000,124900,592598,74015490200,0.3213,-50872,23724,23409,-34021,-10407,54758,-6229,-556,18865,4743,-1004,999
2023-06-20,124700,124800,122800,123700,393495,48675331500,-0.9608,85283,22384,-104818,-64024,-7907,-701,-1090,-2,-31095,-2976,127,1
2023-06-21,123700,126700,123600,125000,830330,103791250000,1.0509,-61094,71095,-3076,-8593,2170,1114,6471,-5549,1312,-7096,171,-1
2023-06-22,125000,125800,123300,125400,429073,53805754200,0.32,-52865,-6847,59987,32249,8066,2228,8820,475,8148,-215,-60,1
2023-06-23,125600,125600,122500,123300,442726,54588115800,-1.6746,78287,-16592,-54398,-6712,-2224,-4431,3794,-535,-44290,-7382,85,0
2023-06-26,123100,124300,122300,123500,390871,48272568500,0.1622,-66970,42839,26226,1729,-2698,-4841,25829,0,4702,-1967,-128,1505
2023-06-27,123500,123500,121700,123000,392796,48313908000,-0.4049,-12641,-6092,19626,20785,-9236,-1386,31746,0,-22283,-919,26,0
2023-06-28,123900,124900,122600,122800,430813,52903836400,-0.1626,-38347,-6169,46636,9973,3887,6948,27350,0,-1122,-2032,-88,-400
2023-06-29,123000,127900,122800,126000,951939,119944314000,2.6059,-267742,83479,189399,46130,74443,36139,12736,1100,18850,-4542,-594,1
2023-06-30,127400,128100,124500,126700,747023,94647814100,0.5556,74378,-128669,48134,6827,2089,13481,8779,600,16008,5457,700,350
2023-07-03,128200,128200,125800,127100,579555,73661440500,0.3157,23228,-89653,68486,-11591,6909,3441,886,0,68841,-2095,34,0
2023-07-04,128000,132400,127400,128200,1276606,163660889200,0.8655,-39717,-22859,61773,-29007,16015,17725,-557,-187,57785,1155,-352,-1
2023-07-05,128700,129500,126700,128200,598268,76697957600,0.0,11628,22026,-32630,688,9273,2205,5725,140,-50675,-1149,125,14
2023-07-06,128100,128100,124700,125300,752592,94299777600,-2.2621,119280,-46535,-75505,16247,-24325,381,-2853,-21,-64043,2552,208,-891
2023-07-07,125200,125300,121300,123000,1017692,125176116000,-1.8356,136811,-61420,-73756,3751,-3320,-1672,2231,1255,-72578,-1099,-536,-3423
2023-07-10,123000,123900,117800,118300,1234262,146013194600,-3.8211,335583,-231811,-105969,-20281,-15967,-34502,-14370,-2010,-19002,2723,-526,163
2023-07-11,118900,119300,117000,118500,749754,88845849000,0.1691,139369,-126514,-19014,-9556,-14114,-33018,3333,2058,33115,5606,553,-832
2023-07-12,118200,120800,118200,120200,803261,96551972200,1.4346,-58779,34437,21320,2286,-765,12820,3622,361,2881,3072,-50,115
2023-07-13,121500,123800,121400,121400,952933,115686066200,0.9983,-20716,39288,-31480,-4526,12060,-9464,-276,75,-29363,9340,3568,14
2023-07-14,121600,125800,121200,125400,887354,111274191600,3.2949,-288478,169939,116797,916,3060,971,-776,0,112549,4374,-2632,77
2023-07-17,124700,124800,123100,123800,503904,62383315200,-1.2759,32184,-37631,5209,6178,2648,18789,-5604,6,-16808,33,205,0
2023-07-18,124900,125600,122400,123100,507638,62490237800,-0.5654,41306,-30300,-9881,2469,-14087,1660,-4606,7325,-2642,635,-1760,0
2023-07-19,123900,125300,123400,123500,528890,65317915000,0.3249,-113621,130037,-7087,-1593,5678,-695,1208,4,-11689,-8899,-430,0
2023-07-20,122700,124200,120700,121400,525660,63815124000,-1.7004,131256,-18292,-113253,-18721,-8615,-2152,-2282,-440,-40743,-159,448,-40300
2023-07-21,120500,121000,119300,120800,447735,54086388000,-0.4942,-60877,89952,-27024,-5622,-3645,-2882,154,107,-15136,-2200,149,0
2023-07-24,120800,120800,119000,120000,700303,84036360000,-0.6623,-36211,88591,-55379,-19210,-4903,-12518,674,498,-19921,3468,-469,1
2023-07-25,120400,120500,117900,119000,888147,105689493000,-0.8333,-16366,12205,-1356,-7965,-7967,-2395,550,-600,17248,-421,5938,-227
2023-07-26,118400,119000,115000,116300,1191082,138522836600,-2.2689,-136946,143043,2761,-32931,-14558,-17334,-2988,373,68796,-8121,-737,1403
2023-07-27,117300,120000,116400,117500,848072,99648460000,1.0318,-50590,-26992,80571,813,4513,19148,5163,350,50685,-3623,634,-101
2023-07-28,118000,118000,109500,110600,2067990,228719694000,-5.8723,1030871,-537495,-508837,-132887,-118768,-32739,-4907,1046,-221907,12540,2921,1325
2023-07-31,111100,111300,107800,108400,1536570,166564188000,-1.9892,390736,-134626,-262454,-161709,-55830,1629,-18310,90,-28325,6389,-45,1
2023-08-01,108600,110400,108500,109200,999759,109173682800,0.738,292555,-152625,-143828,-139579,-30862,-2319,-11668,0,40414,4301,-403,186
2023-08-02,107700,108400,105500,105800,1205051,127494395800,-3.1136,386097,-200861,-194754,-73926,-58909,-6601,-12004,397,-43718,8838,680,7
2023-08-03,106000,106400,104500,104600,839099,87769755400,-1.1342,105611,-10354,-100867,-32623,-13690,-24695,-8966,655,-20892,4665,945,-656
2023-08-04,105200,105500,103500,103600,938988,97279156800,-0.956,199178,-155695,-47130,-26827,-987,-45204,-3346,395,28839,3580,67,0
2023-08-07,103500,104800,102200,103100,773844,79783316400,-0.4826,139086,-45615,-96961,-52199,-15438,-6771,-11004,-61,-11489,1180,2310,1
2023-08-08,104100,104300,102300,102400,687995,70450688000,-0.679,52638,28489,-89954,-36453,-10365,-15556,-9223,553,-18911,8167,660,1
2023-08-09,102900,104700,102100,104700,758819,79448349300,2.2461,6009,54490,-61718,-44749,-4697,-13238,-944,259,1650,2471,-1252,1
2023-08-10,103500,103500,101600,101900,965050,98338595000,-2.6743,379525,-191256,-205357,-106397,-13206,-2730,-16898,305,-66432,11673,5415,1
2023-08-11,102500,105600,102300,103800,820040,85120152000,1.8646,-64206,116798,-45250,-57988,2239,-581,-1868,0,12948,-3643,-3699,0
2023-08-14,103400,103500,101200,101500,611893,62107139500,-2.2158,185395,-102436,-92879,-56379,-2907,-3921,-2915,2118,-28876,8639,1281,1
2023-08-16,100500,100600,98900,99600,1001720,99771312000,-1.8719,134857,-77213,-69913,-11590,-7869,-10133,-2019,590,-40126,10039,2230,1234
2023-08-17,98600,100200,97700,99900,822444,82162155600,0.3012,89107,-11525,-79773,-49330,2953,-21343,2872,810,-15736,2140,51,1
2023-08-18,98400,99200,97700,98300,651756,64067614800,-1.6016,154383,-45080,-106228,-18785,-70960,-6619,-3226,1057,-7695,-2548,-527,0
2023-08-21,98700,100800,98500,98600,483252,47648647200,0.3052,-21079,48283,-27473,-36235,771,594,1302,0,6093,249,20,2
2023-08-22,99800,99900,98400,98700,493253,48684071100,0.1014,32153,38240,-80883,-28987,-49002,-1548,-308,530,-1568,10260,230,0
2023-08-23,98700,99400,97700,98600,437376,43125273600,-0.1013,26489,3763,-32188,-20986,-10672,-822,95,504,-308,1940,-4,1
2023-08-24,99900,100500,99100,99100,428094,42424115400,0.5071,73426,-10335,-64624,-40062,-31045,75,368,50,5991,1553,-20,-1
2023-08-25,98100,99500,97600,98300,358283,35219218900,-0.8073,-3572,23580,-24849,-10365,809,2973,337,-1100,-17679,6179,-1338,176
2023-08-28,98700,99600,98500,99600,286756,28560897600,1.3225,-28930,17870,8204,-30676,-8928,886,12167,0,34579,1347,1509,176
2023-08-29,100500,100500,99400,99600,381781,38025387600,0.0,81841,-50392,-31640,-25399,-208,115,-9952,0,3804,310,-119,0
2023-08-30,100400,101600,100000,100100,539750,54028975000,0.502,-1120,-7785,7508,-3951,10106,17546,-41779,176,25409,313,1084,1
2023-08-31,100100,100300,98200,98500,834956,82243166000,-1.5984,204262,-131439,-76598,-39567,-20413,4387,-60312,0,39307,2110,1665,0
2023-09-01,98600,101400,98600,99600,715471,71260911600,1.1168,-11906,106417,-89479,-19531,-301,2317,-62062,79,-9550,-3957,-1075,-431
2023-09-04,100600,103100,100100,102500,838710,85967775000,2.9116,128765,-123928,79,-22626,17074,1965,7937,0,-3424,-4845,-71,-847
2023-09-05,102900,103000,101400,102200,548160,56021952000,-0.2927,19150,-57837,41239,1153,28665,15227,2239,437,-7245,-2745,193,763
2023-09-06,101800,102100,99800,100500,502812,50532606000,-1.6634,112175,-37258,-75392,-20314,2259,-12553,-4074,0,-40711,523,-48,1
2023-09-07,99400,100300,99300,99800,415020,41418996000,-0.6965,48689,-8771,-42595,901,-11078,-10865,-5036,-65,-16452,2194,483,0
2023-09-08,99800,99800,98200,98800,514430,50825684000,-1.002,68852,-29662,-41333,-26247,-12819,-10772,-8096,100,16500,1579,564,1
2023-09-11,98800,99200,98400,99200,316499,31396700800,0.4049,2246,24647,-28518,-25145,2333,-5964,-1654,81,1831,-262,1887,0
2023-09-12,99300,100000,99000,99000,443115,43868385000,-0.2016,-348,-5878,7540,13085,-5825,-4948,1086,0,4053,-1336,22,89
2023-09-13,99800,104800,99700,104200,1747152,182053238400,5.2525,-371759,113294,261847,116908,129820,-23970,41566,0,-9340,-1001,-2381,6863
2023-09-14,104900,105000,103200,104300,801801,83627844300,0.096,-76470,50083,23000,5500,19735,21525,1662,4,-25426,2313,1074,0
2023-09-15,104900,108400,104700,107400,1559412,167480848800,2.9722,-462177,269494,212052,27659,20959,44797,2913,268,116794,-18099,-1270,-1338
2023-09-18,106100,107000,105100,105400,500798,52784109200,-1.8622,14609,14927,-27636,-4855,4296,826,-2508,0,-25394,-2381,481,-1
2023-09-19,105400,106400,103100,104300,631804,65897157200,-1.0436,-3985,23761,-35717,-22837,-10109,12465,-1038,0,-14199,16812,-871,1
2023-09-20,103000,103500,101600,103400,698127,72186331800,-0.8629,36892,-125318,61911,31620,-9887,-3157,143,309,42833,26236,279,50
2023-09-21,102900,105300,102300,102900,562419,57872915100,-0.4836,14453,74092,-91943,-47450,15304,-12641,6739,0,-53895,2631,767,0
2023-09-22,101700,103500,101400,103100,456213,47035560300,0.1944,-18815,-4613,25874,-13683,13236,20482,3698,166,1776,-2862,416,199
2023-09-25,103100,103600,102000,103400,335383,34678602200,0.291,-50337,10521,40615,-4998,16758,9898,36,0,19110,-481,-318,-189
2023-09-26,103500,103600,100100,100700,734024,73916216800,-2.6112,50785,-79561,26377,25700,-6168,7897,-3880,0,3828,1901,498,-1000
2023-09-27,99900,102000,99600,100900,469905,47413414500,0.1986,19092,17466,-33938,-22971,-9755,4290,3380,-1027,-8030,-2999,379,175
2023-10-04,98900,99400,97600,97900,785602,76910435800,-2.9732,87315,-31482,-57821,-38063,-15193,5199,-1319,248,-8788,2668,-680,95
2023-10-05,98700,99700,97900,98600,381548,37620632800,0.715,-41384,41218,1815,10551,-5547,31,-107,0,-2397,-1820,171,-716
2023-10-06,99300,99400,97700,98200,399040,39185728000,-0.4057,77552,-106137,27718,32998,1461,9436,-6970,100,-8709,787,80,-598
2023-10-10,99600,105600,99100,105100,1679320,176496532000,7.0265,-203531,-70933,272853,72220,75564,75986,11419,-601,30136,3566,-1955,8129
2023-10-11,104800,107100,103400,106600,1566039,166939757400,1.4272,-300262,141701,173881,97895,39625,21671,24280,0,-9737,-13143,-2177,147
2023-10-12,106900,107600,105300,106000,611354,64803524000,-0.5629,-38771,85393,-48505,13393,-605,-11447,-1409,173,-48223,1241,642,-387
2023-10-13,105000,105800,104200,105100,433329,45542877900,-0.8491,-50954,48415,2560,23963,275,-11460,7598,0,-17817,-277,256,1
2023-10-16,104400,106200,103400,105500,507581,53549795500,0.3806,-55931,1019,54511,28142,7062,4083,1707,0,13517,-122,523,0
2023-10-17,106500,108400,105800,106200,540306,57380497200,0.6635,-72892,39468,31714,16377,8607,2614,3685,-90,335,528,1182,186
2023-10-18,106000,107500,105300,106600,441654,47080316400,0.3766,-51371,43326,13172,60077,-2402,-47553,1146,4,2030,-4806,-321,-130
2023-10-19,105000,107000,104700,106200,411350,43685370000,-0.3752,-70150,45236,26105,33765,9141,-1325,3108,0,-18584,-809,-382,0
2023-10-20,105500,106100,104000,105400,473987,49958229800,-0.7533,-82087,77337,7375,25379,-6385,-3824,2578,140,-10536,-1875,-750,23
2023-10-23,105400,106000,104000,104400,326339,34069791600,-0.9488,410,-39642,45414,39755,-514,634,1546,0,3992,-7312,1130,1
2023-10-24,105500,106300,103300,105100,384139,40373008900,0.6705,-17878,-8615,26039,23742,6462,1570,9445,4,-15229,364,90,45
2023-10-25,105800,109500,105800,108500,1039648,112801808000,3.235,-290631,153853,146917,41210,68543,16669,22296,-162,-1660,-7918,-2221,21
2023-10-26,106100,106900,104800,105300,581477,61229528100,-2.9493,-377,-44872,44135,31706,14227,137,3707,-17,-5715,197,917,90
2023-10-27,106000,106000,99000,101600,1033993,105053688800,-3.5138,125932,-94973,-38575,-250,2224,-9484,-9671,-50,-21398,4190,3426,54
2023-10-30,101600,104200,101600,103100,471152,48575771200,1.4764,-59501,-10268,70780,46672,15697,1772,3630,-5,3151,-64,-947,-137
2023-10-31,104100,105300,99300,99700,715127,71298161900,-3.2978,130328,-99737,-29192,-26950,3868,4794,2401,-802,-13158,2419,-3818,655
2023-11-01,101100,101900,100000,100300,426695,42797508500,0.6018,-61763,-10701,73397,52925,-21682,776,474,-242,41325,-1618,685,-179
2023-11-02,102100,103000,99600,99700,1102768,109945969600,-0.5982,390826,-413049,16999,-5785,-34432,10634,-3725,-974,51144,3637,1587,137
2023-11-03,100900,101700,100400,101400,524655,53200017000,1.7051,-162143,120923,36815,-10654,655,8099,9893,-1,28001,4187,218,822
2023-11-06,103900,105300,102700,105300,794809,83693387700,3.8462,-191090,125866,71215,-13418,-2707,-410,157,739,87110,-1823,-4168,-256
2023-11-07,105000,105000,102600,103400,500058,51705997200,-1.8044,9593,4512,-17958,-302,1108,1681,4138,-244,-24007,2960,893,-332
2023-11-08,104600,106400,102700,102800,578249,59443997200,-0.5803,-3900,27490,-24512,-50855,-1889,68,1170,-249,27042,995,-73,201
2023-11-09,103100,104900,103000,103700,390517,40496612900,0.8755,-73719,65384,8948,18883,313,80,4892,-1025,-14643,-14,-599,448
2023-11-10,103300,104200,102100,103700,315618,32729586600,0.0,-41826,-8993,49773,39621,21296,1046,5042,-1000,-16504,501,545,272
2023-11-13,105100,105100,102100,102100,336661,34373088100,-1.5429,51020,-46658,-2200,-8268,2634,-1356,8797,-1819,-2188,-2964,802,0
2023-11-14,103100,104100,102600,103300,293782,30347680600,1.1753,-38241,598,39293,10847,-8625,164,-2564,-9,40297,-381,-1269,-817
2023-11-15,105700,106800,104700,106700,656732,70073304400,3.2914,-202797,57432,153532,45215,3884,8756,8119,-895,88201,-7641,-526,252
2023-11-16,106600,111800,106500,108400,1367614,148249357600,1.5933,-167240,121942,36563,-21858,25046,5896,23236,-165,3614,14913,-6178,794
2023-11-17,109100,109100,105600,105700,558146,58996032200,-2.4908,205676,-123818,-87805,-29771,-3105,-978,-10872,0,-43079,6262,-315,0
2023-11-20,106100,107400,105300,106600,360450,38423970000,0.8515,-22087,-41335,63237,29751,-26,3454,1151,0,29137,-831,1016,-230
2023-11-21,106900,109400,106900,108400,553572,60007204800,1.6886,-178892,146542,32513,18282,4288,3096,3350,-2427,5157,273,-436,767
2023-11-22,107900,108200,106600,107600,362536,39008873600,-0.738,38111,57754,-101046,-59565,-21372,-3512,4931,148,-21244,5182,-1,-432
2023-11-23,107900,108200,105300,106000,536208,56838048000,-1.487,170339,-52437,-118316,-4916,-42945,-189,-14798,10,-55479,256,158,1
2023-11-24,106300,106800,104800,104900,359388,37699801200,-1.0377,117049,-22795,-99476,-78956,-10446,-2840,-3165,4800,-8869,5120,102,0
2023-11-27,105300,106000,103800,104100,418757,43592603700,-0.7626,84324,-22587,-52227,-36887,-24637,2017,-12079,172,19534,-11814,2304,-347
2023-11-28,105000,105800,103700,104500,543628,56809126000,0.3842,84776,-76284,-7087,-15820,-23378,-1196,-10374,0,43521,3267,-4672,160
2023-11-29,104200,104900,103000,103400,536827,55507911800,-1.0526,235482,-68721,-170530,-42446,-85750,-6164,-6943,14,-29340,1496,2273,99
2023-11-30,103000,104000,102500,102700,925212,95019272400,-0.677,218646,-115102,-102497,-75987,-25256,-6751,-2774,-441,8712,-1659,612,0
2023-12-01,103200,103800,102300,102400,465918,47710003200,-0.2921,89101,9604,-99856,-39097,-11546,-5633,-4557,0,-38628,1057,94,-395
2023-12-04,103100,103300,101300,101600,506453,51455624800,-0.7812,130355,-53993,-77819,-32659,-24333,-2851,-12141,111,-5947,986,471,1
2023-12-05,101600,102200,100900,101100,404265,40871191500,-0.4921,62266,23078,-79545,-3398,-46668,-2373,-5286,49,-21869,-5336,-463,0
2023-12-06,101300,101600,99900,100000,772580,77258000000,-1.088,332454,-104163,-237035,-79148,-122184,-5369,-33931,-4688,9224,7814,930,-939
2023-12-07,99200,99500,95100,95300,2316717,220783130100,-4.7,1123603,-187958,-944287,-413048,-355895,-7763,-126080,-1573,-40297,2028,6614,369
2023-12-08,96100,96300,93800,94600,1346294,127359412400,-0.7345,431186,-97229,-340205,-235264,-49851,-30554,-49382,-2046,28514,5177,1071,-1622
2023-12-11,95000,96400,94300,95000,1155003,109725285000,0.4228,147560,-191654,35361,10989,-6368,11023,-2454,54,22270,7246,1487,-153
2023-12-12,96000,97100,95400,96700,980503,94814640100,1.7895,-85359,15158,70840,-18445,1854,12610,-4853,11,77599,812,-1451,2064
2023-12-13,96900,97200,95700,95800,547785,52477803000,-0.9307,80090,-69165,-9770,-4475,620,-6162,-2688,23,2912,-1551,396,0
2023-12-14,97100,97200,96000,96800,1033739,100065935200,1.0438,-28233,-222083,247139,-9475,222219,-9643,-7558,13,50819,2898,279,764
2023-12-15,96900,97400,96400,97200,925632,89971430400,0.4132,159492,-160807,-21740,-31526,5235,10110,-6172,0,-390,22090,965,1003
2023-12-18,97400,97400,96100,96100,537938,51695841800,-1.1317,207642,-113315,-101273,-20916,-25888,-642,-22992,51,-30664,6140,806,-222
2023-12-19,95000,99300,94800,98300,1234344,121336015200,2.2893,-464946,142219,333614,81151,27434,3238,17271,45,203775,-9707,-1180,700
2023-12-20,99000,99500,98300,99200,570657,56609174400,0.9156,-172469,26096,147602,15317,9598,-9422,7215,-51,124945,-440,-789,0
2023-12-21,98500,100400,98500,99500,543574,54085613000,0.3024,-134339,81704,59809,43977,993,-9985,3797,0,22534,-8088,914,-1507
2023-12-22,100400,100400,99000,99700,319969,31900909300,0.201,-31593,-11785,43593,32142,-1327,-321,-3014,0,20313,-164,-51,-4200
2023-12-26,100600,100600,99200,100000,313537,31353700000,0.3009,-66983,11706,56038,3879,2252,-359,4551,0,45450,-610,-151,265
2023-12-27,100000,100000,98700,100000,306136,30613600000,0.0,1227,966,-2955,23032,8182,-2353,-8179,0,-23372,1655,-893,-265
2023-12-28,99900,101900,99500,101800,751858,76539144400,1.8,-332788,173547,162016,61626,16424,11033,15437,0,57288,-2208,-567,208
2024-01-02,101500,101800,100500,101400,407630,41333682000,-0.3929,2373,9978,-13260,-6986,2110,-572,3693,1005,-12351,953,-44,-159
2024-01-03,100400,101000,99400,99500,489206,48675997000,-1.8738,123565,6701,-132344,7671,-2611,4636,263,1500,-143804,1833,245,1
2024-01-04,98500,98700,97200,97800,713479,69778246200,-1.7085,233867,-167921,-74996,33169,-9112,-8615,-1431,1092,-90099,8152,898,0
2024-01-05,97600,97800,96800,97100,472224,45852950400,-0.7157,168962,-84615,-87910,-39275,5479,-4415,-2930,0,-46769,2889,674,0
2024-01-08,97500,100300,97000,99100,757089,75027519900,2.0597,-38155,-79834,112943,71983,7409,10904,4819,1017,16848,4829,217,-37
2024-01-09,100100,100700,98000,98000,540554,52974292000,-1.11,58590,-22443,-44680,-73953,5436,3643,1989,0,18205,7884,649,0
2024-01-10,98000,98900,97000,97200,508980,49472856000,-0.8163,38141,-28014,-13219,-13315,307,-202,-1083,-223,1296,2578,514,1
2024-01-11,97500,97500,95000,95000,1235778,117398910000,-2.2634,599825,-436385,-175258,-74311,38424,-1854,-3066,133,-134608,10933,885,24
2024-01-12,95000,95800,94300,94700,583157,55224967900,-0.3158,236140,-182714,-59000,-48040,-736,-1142,2607,95,-11785,5195,379,1
2024-01-15,95300,95600,94900,95100,288403,27427125300,0.4224,22594,-26884,1891,5481,-613,673,2223,700,-6573,953,1446,0
2024-01-16,94700,95400,93700,94600,443988,42001264800,-0.5258,50873,-44439,-1279,16011,7767,297,4,310,-25668,-4552,-603,0
2024-01-17,94000,94100,90700,91300,922101,84187821300,-3.4884,373452,-346140,-35981,-5701,-24011,-5392,-7763,743,6103,7627,1042,40
2024-01-18,91100,92400,91100,91200,491278,44804553600,-0.1095,45514,-102770,57355,31310,4496,-1265,1452,17,21344,-247,148,1
2024-01-19,92200,92400,90900,91800,438001,40208491800,0.6579,89130,-29368,-60041,-27634,-13933,-6370,-5634,-4300,-2170,11,268,0
2024-01-22,92900,92900,90800,91200,500375,45634200000,-0.6536,66690,-52253,-18364,-53362,16375,17779,-5280,-2517,8641,5764,-1837,0
2024-01-23,92000,94900,91200,93800,513677,48182902600,2.8509,-108584,26576,76971,-13848,13944,6772,424,-772,70451,4612,425,0
2024-01-24,94300,95200,93200,93900,446762,41950951800,0.1066,-75623,24488,48944,25987,3530,1965,2333,130,14998,2228,-37,1
2024-01-25,93900,94300,92700,94000,300281,28226414000,0.1065,-10327,-26435,36564,33943,7880,-1248,-55,13,-3969,-57,255,0
2024-01-26,94000,94100,92700,93500,359923,33652800500,-0.5319,39173,-29448,-12916,8649,-739,7032,-3069,-329,-24406,2987,204,-54
2024-01-29,93600,95500,93600,94300,462718,43634307400,0.8556,-48698,-4556,53540,44640,11753,9253,1658,0,-14064,-620,334,300
2024-01-30,95000,95700,94500,94500,441305,41703322500,0.2121,-60175,-34724,101033,62872,613,4135,5283,0,27630,-5698,-436,500
2024-01-31,94300,94400,91200,93500,703333,65761635500,-1.0582,95158,-40908,-55752,9373,-29207,-54665,-5558,570,23789,1272,230,-54
2024-02-01,92600,95600,92500,95100,680461,64711841100,1.7112,-158965,163738,-4120,-8381,-7272,2838,-6135,-183,15739,-229,-424,-726
2024-02-02,95600,97900,95400,97300,937733,91241420900,2.3134,-290189,227559,65634,6953,6647,-333,1948,102,50176,-1284,-1720,141
2024-02-05,97800,98000,95500,97100,593080,57588068000,-0.2055,-64935,158200,-97488,4647,2358,-4871,-8282,0,-92343,4470,-247,1003
2024-02-06,96800,97700,96600,96600,418705,40446903000,-0.5149,-64510,64399,-2742,29722,-1726,-2546,-3234,0,-24946,2743,110,-12
2024-02-07,97700,99400,96800,98900,792315,78359953500,2.381,-281788,163597,105333,36539,-3880,7126,-11326,-2031,78904,13311,-453,1
2024-02-08,99500,99800,98000,98200,602261,59142030200,-0.7078,-66373,96714,-30662,11756,840,-1089,1481,1405,-44654,503,-182,-401
2024-02-13,99000,100500,98700,99400,669368,66535179200,1.222,-176059,101751,119857,36567,15466,2571,-4232,357,69128,-45562,13,0
2024-02-14,98300,100500,97600,99000,506194,50113206000,-0.4024,-71440,82778,-11826,21777,27993,1721,-7068,-7,-56242,937,-449,0
2024-02-15,100400,100400,97800,97900,408053,39948388700,-1.1111,55787,-59395,9025,44553,-815,-11990,-9747,0,-12976,-4525,-892,0
2024-02-16,98900,99500,97700,99300,477114,47377420200,1.43,-63167,5823,72738,35542,5973,2413,201,0,28609,-14357,-1037,0
2024-02-19,99400,100400,99400,99800,490299,48931840200,0.5035,-111140,117606,-3364,176,-14728,-3894,-7096,-1155,23386,-1926,-1176,-53
2024-02-20,100100,100200,97500,97800,471790,46141062000,-2.004,136264,-83382,-51766,-7161,-4925,-7377,-5886,-156,-26234,-1099,-17,-27
2024-02-21,97800,99200,97600,97600,300832,29361203200,-0.2045,18766,-13303,-4806,-14229,-6214,-3603,-2774,-46,22060,-614,-43,0
2024-02-22,98500,98500,97600,97800,209279,20467486200,0.2049,-65261,31868,34503,3246,-11958,-1435,-2277,0,45640,-1420,310,1287
2024-02-23,98600,99200,97900,97900,295948,28973309200,0.1022,-51624,39421,13190,9558,-12905,-1451,-1989,-1054,21031,-1249,262,0
2024-02-26,100400,101400,98200,98200,585114,57458194800,0.3064,41213,9234,-50992,-58938,1843,8122,1294,0,-3313,1580,-1035,0
2024-02-27,98600,98700,95500,96100,469486,45117604600,-2.1385,84854,-60194,-22362,3909,-2847,-1683,-1736,0,-15705,-3362,1064,-4300
2024-02-28,96100,96300,94000,95300,715424,68179907200,-0.8325,134213,9474,-148418,-74660,-30853,-4194,-19739,1671,-20588,4345,386,-55
2024-02-29,95800,96200,94700,94900,605548,57466505200,-0.4197,133501,-79789,-56935,12283,-4745,-12399,2043,0,-54118,3785,-562,1
2024-03-04,95100,95600,93800,93900,627925,58962157500,-1.0537,141279,-76390,-75908,-58423,-14287,-731,-11979,-348,9917,9666,1353,-57
2024-03-05,93500,94500,92900,93400,400619,37417814600,-0.5325,34874,19175,-52984,-8093,1448,-7008,-1711,-521,-37013,-1135,70,-86
2024-03-06,93300,95400,93200,94700,440556,41720653200,1.3919,-103896,25003,76287,68509,16210,-3336,12948,20,-19364,2766,-160,1300
2024-03-07,94700,95300,93900,94900,336931,31974751900,0.2112,-2068,-54927,54892,31799,21805,-14783,10982,0,-910,2200,-97,5999
2024-03-08,95600,96000,94800,95600,386803,36978366800,0.7376,-141455,25838,131862,66851,9037,-2088,4929,-11,53759,-15529,-716,-615
2024-03-11,95800,96900,94900,95500,430272,41090976000,-0.1046,-113164,30078,87507,69060,677,-1492,15890,0,2661,-4257,-164,711
2024-03-12,96500,98800,96100,97800,907451,88748707800,2.4084,-255674,61132,197027,103655,10205,4322,15647,-2000,63952,-1887,-598,1246
2024-03-13,98700,99000,97200,97600,369089,36023086400,-0.2045,8887,-29340,22754,21703,-2044,-1125,-3312,-50,7582,-2613,312,0
2024-03-14,98100,99300,97800,99300,671971,66726720300,1.7418,-273871,281516,4640,70085,-6756,1895,3506,0,-64113,-11630,-655,23
2024-03-15,99100,99400,98000,98900,616605,60982234500,-0.4028,-94677,83019,15724,29001,5122,1452,5422,10,-25283,-3279,-787,0
2024-03-18,99500,99500,96000,96100,562587,54064610700,-2.8311,271111,-217597,-56322,-9263,-31413,-3221,-9051,10,-3907,1311,1497,523
2024-03-19,96000,96700,94900,96200,392220,37731564000,0.1041,-2300,67553,-60599,6364,2776,-12194,-5862,0,-51683,-5079,425,0
2024-03-20,96800,97400,95800,96000,305510,29328960000,-0.2079,15528,-3016,-12275,-16547,-2205,2082,-2611,0,7005,-548,311,1
2024-03-21,97000,99200,96300,99200,785161,77887971200,3.3333,-419484,243058,155782,58477,10493,-3828,-625,-667,93419,20933,-289,-1487
2024-03-22,98400,100200,98200,99400,575294,57184223600,0.2016,-185366,119945,66057,21814,24609,1155,8589,0,9889,-57,-579,1
2024-03-25,99500,100200,98600,98900,313812,31036006800,-0.503,-488,-5933,7339,3089,9201,8320,-363,0,-12908,171,-1089,0
2024-03-26,99500,100700,96700,96800,1169503,113207890400,-2.1234,429752,-278146,-144167,-134941,-14877,6999,-34769,10,34808,-9973,2534,-1397
2024-03-27,96700,97500,96500,97000,394971,38312187000,0.2066,32159,-49800,25024,17299,-6199,-3357,2411,0,15359,-8753,1370,-489
2024-03-28,97100,97400,96500,96800,467819,45284879200,-0.2062,-69905,101977,-27017,-15992,-5859,-140,-8205,0,3790,-6178,1123,-611
2024-03-29,97200,97400,95100,95100,632913,60190026300,-1.7562,313861,-178904,-145650,-85418,-11821,-1949,-14456,-353,-31596,7413,3280,-57
2024-04-01,95500,96700,95500,96500,315646,30459839000,1.4721,-68682,55838,12623,-21296,6830,19865,-5312,0,12536,555,-334,0
2024-04-02,96500,97400,96100,96500,489530,47239645000,0.0,-7633,55578,-47860,-28032,7022,8031,-5900,0,-28718,562,-647,-263
2024-04-03,96400,96500,93900,93900,720922,67694575800,-2.6943,352769,-258866,-104353,-29326,2016,-6367,-5178,-355,-65086,9464,986,-57
2024-04-04,94900,95300,94000,94300,289992,27346245600,0.426,29594,11592,-42739,-16861,-9120,-728,-878,0,-15152,889,664,0
2024-04-05,94200,97600,93900,95900,603196,57846496400,1.6967,-144628,176428,-24970,17616,-6038,-1915,-3097,-30,-31506,-5273,-1557,0
2024-04-08,96600,96600,94200,94500,444924,42045318000,-1.4599,168015,-85302,-81481,-51382,9764,-5457,-2872,10,-31564,-2117,885,20
2024-04-09,95300,97300,95100,96200,573774,55197058800,1.7989,-193902,209596,-13302,-27883,-1800,-2773,3018,-53,16188,-914,-1478,1
2024-04-11,95200,96400,94200,96400,579703,55883369200,0.2079,54027,7154,-63155,216,23064,-8802,-2962,0,-74636,2289,-315,-35
2024-04-12,96100,96100,93400,93500,910573,85138575500,-3.0083,611107,-390786,-224017,-29647,-89755,-1764,-5161,0,-97691,1346,2350,1
2024-04-15,92800,93300,92400,92500,421493,38988102500,-1.0695,75442,-35351,-48964,-11122,-19454,-4291,-8095,788,-7290,11509,-2636,500
2024-04-16,92000,92500,90600,91800,651094,59770429200,-0.7568,66147,15630,-79795,8042,-65081,-5910,1291,231,-18368,-2350,368,0
2024-04-17,91700,92700,91000,91000,402786,36653526000,-0.8715,37652,26564,-64429,-14642,-25102,-1365,-1950,0,-21370,-48,261,0
2024-04-18,91400,93200,91100,92600,357081,33065700600,1.7582,-40965,59246,-17795,1055,-4462,-2532,280,65,-12851,-375,-111,650
2024-04-19,91800,92500,90300,91200,455832,41571878400,-1.5119,59332,20902,-80113,-15686,-9205,-5308,2726,200,-51081,-343,222,-1759
2024-04-22,92400,92400,91200,92000,347838,32001096000,0.8772,-3743,-1379,-1724,-5169,-6200,-6772,-7851,-1002,25270,-2782,9628,0
2024-04-23,92100,92900,91800,92800,345656,32076876800,0.8696,-19665,89401,-69884,-59518,-1059,-1656,-7463,0,855,-276,424,-1043
2024-04-24,93300,93400,92200,92200,487563,44953308600,-0.6466,224665,-164650,-64243,-46250,-3008,-1006,-16442,-165,2686,-827,5055,-58
2024-04-25,91900,92600,90500,90600,842782,76356049200,-1.7354,393423,-315394,-80180,-29044,-12998,-1502,-6382,300,-30554,2091,60,0
2024-04-26,91000,91200,90500,90800,723810,65721948000,0.2208,243541,-198406,-45374,-22847,-14290,1808,-12721,210,2466,1940,-1701,0
2024-04-29,91200,92800,91200,92800,572860,53161408000,2.2026,-267756,229610,38527,8541,2782,8418,3211,900,9076,-458,77,5599
2024-04-30,93200,93500,92000,92900,590806,54885877400,0.1078,-70959,81738,-9297,-40272,15818,2940,-870,62,12480,-2803,1321,545
2024-05-02,92300,92500,91300,91500,427617,39126955500,-1.507,216915,-170554,-46561,-36973,-3641,1434,-186,286,-7639,759,-559,158
2024-05-03,92200,92900,92100,92400,540211,49915496400,0.9836,-1299,10879,-5732,-10669,-5140,9031,-947,473,1519,-1288,-2560,1
2024-05-07,93200,93800,93000,93800,545231,51142667800,1.5152,-172641,96113,89672,14471,7564,4112,54,104,62706,-811,-12333,661
2024-05-08,93800,94100,93500,93900,328371,30834036900,0.1066,-44052,94503,-49299,-40508,-625,-415,-12813,-1041,6316,-765,-387,-213
2024-05-09,94000,94000,92600,93300,464569,43344287700,-0.639,53103,-69998,19170,-10926,-1695,-307,-1673,0,33728,-2291,16,43
2024-05-10,94400,97800,94300,97500,1642154,160110015000,4.5016,-940251,472200,458939,155396,64614,38484,41581,82,158878,10963,-1851,-96
2024-05-13,97900,98000,96400,97600,546299,53318782400,0.1026,-64166,2480,61427,19933,6576,19285,13461,0,2272,1653,-1394,-100
2024-05-14,97600,99400,97200,98300,630411,61969401300,0.7172,-227431,55141,167480,14324,51597,41982,7157,834,51075,5550,-740,511
2024-05-16,99200,99800,97700,98800,657185,64929878000,0.5086,-203457,69917,123532,-5319,65575,78,3429,-4,61315,10437,-429,-1542
2024-05-17,99000,99100,97800,97900,297028,29079041200,-0.9109,-44599,50891,-4402,12434,874,3780,105,0,-21595,-1333,-557,0
2024-05-20,98800,98900,97300,97500,318579,31061452500,-0.4086,-26053,-2326,40848,15564,6654,3440,-717,0,15907,-12010,-459,0
2024-05-21,97000,97800,96000,96500,343275,33126037500,-1.0256,-8673,14968,-3427,74,3149,-2991,-2740,0,-919,-2808,-60,0
2024-05-22,96700,96900,95100,95300,385832,36769789600,-1.2435,68483,-53872,-8500,11424,-12802,-2119,-2420,0,-2583,-6237,126,0
2024-05-23,96000,97300,95400,95400,317313,30271660200,0.1049,44965,-6126,-39066,-32593,4791,3834,2677,0,-17774,-547,774,-1
2024-05-24,94500,94800,93800,94100,297059,27953251900,-1.3627,51189,-1084,-45629,16820,1292,-1625,-3847,500,-59012,-4587,111,243
2024-05-27,95500,97400,94700,96400,463903,44720249200,2.4442,-144771,32020,114111,65728,8523,14751,4397,1100,19515,-2043,683,97
2024-05-28,97300,109500,97200,109300,6852467,748974643100,13.3817,-2234411,1281953,1001856,271438,84984,167539,56669,3755,416973,-40991,-8407,498
2024-05-29,112500,113900,109000,110500,4855132,536492086000,1.0979,-385930,-203742,588935,203223,89661,118426,66127,1694,109442,4507,-3770,362
2024-05-30,109500,111100,106200,106300,1667504,177255675200,-3.8009,-66985,72874,-10685,-2188,3450,-30999,-13,1634,17732,5144,-348,-301
2024-05-31,107500,109900,104800,104800,2070778,217017534400,-1.4111,-15464,-176591,161886,43260,22757,-9843,15039,1586,89086,29488,681,1
2024-06-03,105600,107200,102000,103100,1699404,175208552400,-1.6221,265948,-66805,-164021,-18546,-27645,9482,-24875,245,-102683,-37324,2202,1
2024-06-04,103100,103600,100200,101100,1245682,125938450200,-1.9399,285441,-119841,-173367,-37845,-32514,-97591,-124,-2938,-2024,5160,2607,-331
2024-06-05,101900,102200,99600,100700,963661,97040662700,-0.3956,117844,-74915,-38442,62,-15076,-3519,-249,0,-19911,-5566,1079,251
2024-06-07,101100,101800,99400,100700,1269757,127864529900,0.0,126650,-204007,90947,9394,4457,36242,-2223,10,41039,-15711,2121,2028
2024-06-10,100300,102300,99400,100600,973905,97974843000,-0.0993,123210,-56605,-68382,-31727,4324,3284,-7549,-8,-38457,1235,542,1751
2024-06-11,101200,101200,98100,98200,1238559,121626493800,-2.3857,306339,-157205,-166237,9531,-6230,-39960,-8135,-5453,-115989,15253,1850,-1
2024-06-12,99900,101200,99000,100600,1143396,115025637600,2.444,-13018,-139393,142507,60238,40111,5849,-1529,9,38168,10577,-673,-339
2024-06-13,101100,101100,98700,98700,1290744,127396432800,-1.8887,238951,-192511,-51920,37068,-49960,4200,-3752,118,-39715,4604,876,121
2024-06-14,98700,99300,97900,98900,725460,71747994000,0.2026,26852,11537,-43586,8067,-29426,-5955,-9015,967,-5024,4856,341,-3200
2024-06-17,99400,100900,98500,100400,953639,95745355600,1.5167,-97902,-38584,114523,61127,4940,5597,2054,676,39010,21623,340,1119
2024-06-18,100900,101900,99800,101800,843389,85857000200,1.3944,-86249,5920,81043,35491,11568,8009,2236,-582,24169,83,-797,152
2024-06-19,103500,108700,103300,108000,3453496,372977568000,6.0904,-874708,750842,167311,92591,29948,-5463,8576,8736,36009,-38607,-4838,-3086
2024-06-20,107200,109000,106700,108400,1257874,136353541600,0.3704,-259448,112928,139483,58692,44956,19328,-241,-171,16666,5188,1849,253
2024-06-21,107300,108800,106700,108300,964295,104433148500,-0.0923,-230347,222776,10901,15839,3763,6324,1172,-189,-16008,-3292,-38,0
2024-06-24,108600,111700,108400,110200,1751043,192964938600,1.7544,-375547,134592,244779,167733,9720,82466,-2527,434,-12676,-4208,384,-371
2024-06-25,111300,112000,109000,111100,914520,101603172000,0.8167,-242059,190511,66545,37950,-2478,-3365,10115,158,23232,-13049,-1948,933
2024-06-26,109800,111600,108000,111400,1016808,113272411200,0.27,-192785,235329,-20434,20186,966,-17771,-194,-5002,-18619,-21905,-205,0
2024-06-27,110700,111200,108500,109200,817680,89290656000,-1.9749,-3918,91966,-76351,6736,62,-7080,733,-5981,-70822,-12096,399,1
2024-06-28,110100,111000,108300,110900,625642,69383697800,1.5568,-175851,132945,42089,35079,4997,9304,1209,-41,-8460,1198,-381,1
2024-07-01,111000,114900,108900,109600,1149549,125990570400,-1.1722,-3340,10273,-24300,12570,-2833,-3545,558,-2679,-28206,17391,-24,-165
2024-07-02,109100,109500,106100,107200,840689,90121860800,-2.1898,-14341,52285,-37138,-16278,-9534,-17673,-3948,53,10159,-106,-700,83
2024-07-03,108000,108300,106000,107200,629442,67476182400,0.0,61587,-28991,-35300,-31554,-31566,13815,5776,4,8224,2923,-219,1
2024-07-04,107900,108900,105700,107900,886576,95661550400,0.653,-20381,-164806,178803,59606,13240,-888,7400,0,99445,7057,-673,0
2024-07-05,108900,112700,108300,110800,1771133,196241536400,2.6877,-285669,221478,94731,-35370,9599,15747,20343,910,83581,-30366,-174,-79
2024-07-08,110700,111000,108200,108300,837625,90714787500,-2.2563,107340,-40090,-53225,21470,-5744,-19154,-15263,-59,-30895,-15575,1550,-3580
2024-07-09,108900,109900,108300,109600,628472,68880531200,1.2004,-41717,53777,-14508,9502,-5122,-38358,741,1435,17040,2699,-251,254
2024-07-10,109000,110400,108300,110300,574856,63406616800,0.6387,-94150,101345,-5376,54309,-16631,-3149,-1106,0,-38799,-1404,-415,0
2024-07-11,111000,111200,109800,111000,926544,102846384000,0.6346,-121756,388548,-272148,-23135,27642,875,-2224,11,-275317,5992,-636,0
2024-07-12,110300,110500,107800,109400,649908,71099935200,-1.4414,43398,25492,-67950,2440,-18984,-30055,-3888,-5,-17432,-2148,1208,-26
2024-07-15,109600,110800,108900,109900,472733,51953356700,0.457,-61199,134664,-75146,-17760,-3275,-5828,-2110,-1000,-45173,1932,-251,0
2024-07-16,110300,112100,109100,112000,983640,110167680000,1.9108,-179341,63812,116138,48785,22233,22242,8452,-113,14538,110,-719,1
2024-07-17,112500,115400,112100,112100,1191385,133554258500,0.0893,-262807,247590,10388,947,-3407,15317,-111,666,-3024,5719,-890,0
2024-07-18,110900,112700,110500,110900,675749,74940564100,-1.0705,-40768,157707,-113141,-19155,-19850,-27890,1871,0,-48183,6895,-10693,66
2024-07-19,110600,114400,110500,111800,907720,101483096000,0.8115,-116688,151225,-38230,29645,-5456,-3850,2272,0,-60842,3869,-176,1
2024-07-22,112400,113000,110500,111000,497171,55185981000,-0.7156,-18921,15387,5015,9074,24539,-21766,-217,-7,-6414,-843,-638,-194
2024-07-23,111700,114600,111700,113900,986056,112311778400,2.6126,-425945,332508,113850,46692,33107,24386,6516,518,982,-19511,-902,1649
2024-07-24,113500,114500,111900,112500,610385,68668312500,-1.2291,-65544,109539,-39979,-7396,-3568,-16572,-3195,0,-9248,-4183,167,0
2024-07-25,110800,111400,109200,110200,895154,98645970800,-2.0444,-107602,219540,-110029,-3803,3598,-64031,-9171,-293,-37280,-1004,-905,951
2024-07-26,111000,111300,106000,107100,1259536,134896305600,-2.8131,154647,41463,-190035,-85967,-5449,-12940,-9340,-1786,-74501,-5514,-561,-52
2024-07-29,107600,107700,104700,104800,764725,80143180000,-2.1475,225124,-56073,-154947,-47920,-28570,-17680,-15585,395,-45910,-13341,-763,323
2024-07-30,103800,105600,102600,103200,593505,61249716000,-1.5267,-18888,94326,-65454,-8131,-3151,-20495,657,821,-36143,-10500,516,988
2024-07-31,103600,104500,102300,104000,517504,53820416000,0.7752,67255,39538,-101148,-58667,-6004,-9636,-4951,0,-22457,-5909,264,567
2024-08-01,104400,105100,103700,103700,365094,37860247800,-0.2885,78907,17591,-94663,-30061,-10129,-6263,-2457,0,-45753,-2378,543,0
2024-08-02,101800,102300,98800,99100,730066,72349540600,-4.4359,169141,-13561,-153868,-59157,-44488,-35478,-8253,224,-5776,-1630,-82,-940
2024-08-05,97500,97500,86500,89700,1343825,120541102500,-9.4854,230794,-217190,-21143,-16159,670,-1735,10296,1321,-15787,6636,903,251
2024-08-06,91100,92900,89100,89900,1402579,126091852100,0.223,614836,-481207,-157735,-73874,-23570,-2074,-7883,-167,-50139,4860,19246,-28
2024-08-07,90200,95700,90000,94700,941118,89123874600,5.3393,-158236,123220,34948,9199,14708,24956,5614,-127,-22732,-41,109,3330
2024-08-08,93500,95300,92100,94100,746389,70235204900,-0.6336,52755,-25333,-28240,-51710,-24358,1168,-8746,928,53023,748,70,1455
2024-08-09,96500,97000,94000,94200,457079,43056841800,0.1063,81938,-31169,-52686,-18530,4186,1452,627,-386,-40035,1980,-63,0
2024-08-12,94400,96200,94300,95600,297869,28476276400,1.4862,-57683,47157,10590,10477,-948,169,-3271,52,2110,-111,47,2001
2024-08-13,95500,96100,94500,94800,346547,32852655600,-0.8368,30963,15880,-29383,-16809,-3964,-7045,-574,-568,-423,52,-17512,0
2024-08-14,96000,96500,94500,95600,397437,37994977200,0.8439,36005,44272,-80070,-48886,-15807,227,-12025,-58,-3444,-156,-51,-77
2024-08-16,97300,99000,96600,96600,478530,46225998000,1.046,-2637,13450,-12168,-18990,-8537,7494,-4089,-388,12684,1516,-161,-342
2024-08-19,97300,98500,96800,97400,483361,47079361400,0.8282,-119570,104950,20976,-5061,-4454,-721,-671,-17,31990,-6709,353,-90
2024-08-20,98200,98500,96900,97400,285409,27798836600,0.0,874,33477,-33880,-11939,-13250,-1156,-229,0,-7305,191,-662,-1
2024-08-21,96700,98100,96000,97600,265101,25873857600,0.2053,-31201,37242,-2893,9247,-6821,-14096,-668,-1130,11158,-3016,-132,-583
2024-08-22,98200,98900,97600,98100,265019,25998363900,0.5123,-48082,37513,13632,-6112,3243,-1969,1805,0,16665,-2865,-198,0
2024-08-23,97700,99000,97200,98700,267411,26393465700,0.6116,-64078,16331,46147,-8407,-1568,-4259,-2953,0,63333,-3895,5495,1
2024-08-26,99300,99500,98300,99200,237816,23591347200,0.5066,-44702,9234,39763,1042,2590,-416,-472,-386,37405,-4311,16,0
2024-08-27,99400,99400,98300,98600,207580,20467388000,-0.6048,36085,-914,-35303,-37665,-2919,541,-6847,-52,11639,-126,258,0
2024-08-28,98900,99100,97100,98300,264327,25983344100,-0.3043,-8836,15512,-8584,738,-12301,212,-12015,10,14772,1901,7,0
2024-08-29,98300,98500,97100,97300,327033,31820310900,-1.0173,-32629,84225,-47035,-18096,-24952,-2823,-6664,1876,5267,-3878,-683,-1643
2024-08-30,100000,104500,99400,99400,1141903,113505158200,2.1583,-89171,69937,19706,7975,16731,-14749,688,-1181,10061,-287,-185,181
2024-09-02,99900,102400,98200,101600,511432,51961491200,2.2133,-133703,123078,15579,2538,10595,2392,-973,0,845,-5207,253,182
2024-09-03,102100,102900,101700,102000,381699,38933298000,0.3937,-120238,87963,31339,-6541,31417,2169,514,-1220,4998,1038,-102,2
2024-09-04,99500,102600,99300,100700,729415,73452090500,-1.2745,-128857,259791,-124958,-10511,27077,1697,3393,1979,-148053,-5508,-468,-540
2024-09-05,102000,105500,101800,104100,947316,98615595600,3.3764,-320442,193051,159887,46187,90483,-26,42328,1217,-20304,-31332,-1164,2
2024-09-06,104400,104400,100800,100800,655369,66061195200,-3.17,-33162,77,29850,21956,7560,-360,2651,0,-1959,4722,-1487,2
2024-09-09,99800,103700,99700,103400,508309,52559150600,2.5794,-169079,107634,73954,24218,20996,8352,1658,5,18724,-12365,-144,1
2024-09-10,104300,104800,102200,102200,487322,49804308400,-1.1605,-97862,22080,76223,38411,12873,1268,2017,0,21587,-414,-27,67
2024-09-11,103300,104500,101300,102100,328650,33555165000,-0.0978,-30324,-12364,43840,22723,1349,-406,169,-1719,21723,-1494,342,1
2024-09-12,103100,103600,101100,102400,524435,53702144000,0.2938,28110,39630,-67028,-24011,18588,-298,2053,9,-63145,-765,53,-224
2024-09-13,102600,105300,102300,104400,539926,56368274400,1.9531,-253772,189547,68365,34559,2924,926,759,-189,29384,-3858,-282,2
2024-09-19,107400,111000,107400,109500,1336983,146399638500,4.8851,-767972,589924,188789,28228,26015,24478,1255,-1175,109999,-8644,-2097,-11
2024-09-20,108500,110400,107700,110100,719401,79206050100,0.5479,-185082,48606,137837,60389,6198,7151,7546,416,55702,-1017,-344,435
2024-09-23,110400,112400,109200,110900,462772,51321414800,0.7266,-156959,99526,58477,-20126,21565,1147,5429,-1411,51695,-385,-659,178
2024-09-24,110500,113600,108800,113500,704111,79916598500,2.3445,-293149,116324,176096,12142,8834,2686,-3972,-395,157135,1831,-1102,-334
2024-09-25,113700,113700,105500,105600,1038510,109666656000,-6.9604,292397,-82363,-208064,-88833,-46772,-10509,-13262,-1006,-46381,-3110,1140,-1301
2024-09-26,106600,107900,106100,107900,535114,57738800600,2.178,-49746,62809,-8235,-25953,-20277,47,-2634,145,40411,-5235,407,26
2024-09-27,107700,109600,106500,106500,417394,44452461000,-1.2975,-36142,54811,-17486,-9518,-6279,9666,-541,0,-10788,-1328,145,-26
2024-09-30,107400,107700,104300,104300,406956,42445510800,-2.0657,34171,40504,-78682,-15433,-1700,-1514,-2426,0,-57525,4402,-395,-84
2024-10-02,103300,105700,102600,103000,444424,45775672000,-1.2464,16042,78435,-94189,-3733,-1154,2050,-2474,0,-89035,687,-975,157
2024-10-04,104100,106900,103600,105900,409224,43336821600,2.8155,-75590,103026,-26159,19681,1216,1299,584,148,-49087,-1222,-55,0
2024-10-07,105800,105900,103000,103700,542298,56236302600,-2.0774,139454,-23556,-115441,7202,-947,-1495,698,9,-120908,-552,95,0
2024-10-08,103900,104000,98000,98000,1185008,116130784000,-5.4966,430331,-126660,-314336,-12029,-96724,-55603,-24855,-903,-122933,9648,1017,-1289
2024-10-10,98000,98400,96700,97200,675353,65644311600,-0.8163,116942,-20473,-96023,-6808,-47252,-8901,-32302,0,-182,-433,-13,-578
2024-10-11,98300,100200,98300,98500,499239,49175041500,1.3374,-90969,97387,7571,11165,-6210,6389,441,0,-4300,-14297,308,86
2024-10-14,99000,99400,98300,98700,287959,28421553300,0.203,-11812,39605,-27573,-3986,-14454,-1795,-7929,-416,696,-20,-200,311
2024-10-15,98700,99400,98300,98400,348089,34251957600,-0.304,19963,-4716,-14885,17502,-20336,-6711,-5296,-1312,3442,-515,153,-2174
2024-10-16,97300,98000,96600,97500,449341,43810747500,-0.9146,41886,1167,-43538,7493,-20705,-25280,-9282,15,6220,207,278,-1999
2024-10-17,98300,98700,97300,97600,250163,24415908800,0.1026,6614,2910,-9082,-12238,-9168,-3299,891,0,14731,-762,320,1
2024-10-18,98100,98100,97100,97300,159454,15514874200,-0.3074,-9929,-10923,19444,-4586,3182,-1527,-118,0,22089,1415,-7,404
2024-10-21,98300,98900,97200,97200,182074,17697592800,-0.1028,3720,-2098,-1749,-11903,-1346,-800,196,0,12104,-289,416,0
2024-10-22,97000,97400,94300,96300,469583,45220842900,-0.9259,37411,16705,-54718,-18749,-6243,-8129,816,-590,-21442,465,137,-381
2024-10-23,97200,100300,97200,99500,653627,65035886500,3.3229,-198399,178725,20226,-12936,6733,-6103,-5865,0,38421,-764,212,-24
2024-10-24,99500,99500,96700,97200,295597,28732028400,-2.3116,78230,-6153,-72266,-37250,-1675,-6215,-3714,0,-22988,118,71,-424
2024-10-25,97400,97400,91700,92100,1000018,92101657800,-5.2469,636918,-310539,-335288,-91687,-89661,-15671,-18081,-6293,-112354,8108,801,-1541
2024-10-28,92600,92800,91500,92400,490122,45287272800,0.3257,89377,-114439,23146,18636,-27025,-12,-7518,-40,39109,1674,242,-4
2024-10-29,92800,92900,91200,91400,473930,43317202000,-1.0823,162869,-141199,-24090,-385,-16288,-394,-1091,0,-6019,1802,618,87
2024-10-30,91700,92400,91500,91500,295828,27068262000,0.1094,21658,-54355,-26228,-11594,-10138,1565,225,5,-6291,58300,625,0
2024-10-31,91500,91900,89500,89500,774675,69333412500,-2.1858,306411,-408117,38349,-18205,-13202,-1527,1162,20,70101,62735,622,0
2024-11-01,89800,91600,89200,90800,393593,35738244400,1.4525,-91021,24640,5131,-393,-18484,-2855,11604,199,15060,61191,59,0
2024-11-04,91000,92300,90400,92300,282767,26099394100,1.652,-20378,-35856,11116,2314,-888,1099,6910,-188,1869,44844,274,0
2024-11-05,91100,92600,91000,91900,238250,21895175000,-0.4334,-24727,-4356,-29160,3852,3719,-3441,-521,21,-32790,58051,192,0
2024-11-06,92300,93100,91300,91400,310599,28388748600,-0.5441,-28907,-26357,-980,14337,-555,-563,8574,0,-22773,56151,93,0
2024-11-07,91000,92700,90500,91600,281873,25819566800,0.2188,-22368,-46099,10782,35046,3895,-2317,-1757,0,-24085,58325,-640,0
2024-11-08,92500,92500,91000,91200,231867,21146270400,-0.4367,39696,-88023,-11869,-2311,-2797,-538,-1695,0,-4528,60031,165,0
2024-11-11,91100,91600,89600,89900,329411,29614048900,-1.4254,-2552,-3930,-54928,-17071,-8823,-390,-2373,191,-26462,61260,150,0
2024-11-12,89500,89700,87700,87900,397600,34949040000,-2.2247,55923,-55619,-62914,-19869,-11221,2328,-3130,6,-31028,62142,468,0
2024-11-13,87100,89100,87100,87700,337930,29636461000,-0.2275,-79561,-23557,41820,38067,8619,-362,-4378,0,-926,59613,1685,800
2024-11-14,88300,89700,87400,89700,392933,35246090100,2.2805,-30351,-68542,42552,-13759,60385,271,-931,0,-3415,56753,-412,1
2024-11-15,89700,89700,88100,88500,270178,23910753000,-1.3378,26929,-68884,-18071,21640,693,-8092,-1445,0,-29833,59866,160,-1034
2024-11-18,88300,90800,88200,90100,295260,26602926000,1.8079,-44188,2990,-6983,-901,-2441,-1913,-124,-4,-1600,48424,-243,0
2024-11-19,90100,91800,90100,90800,266403,24189392400,0.7769,-38958,-28513,12497,24231,1008,-2569,1001,-2482,-8692,54846,128,0
2024-11-20,90800,93600,90800,93000,420244,39082692000,2.4229,-183571,128483,10023,17540,15546,608,3746,-500,-27515,45272,-207,598
2024-11-21,93300,93500,92200,92600,289613,26818163800,-0.4301,-32654,-55133,43025,35243,14249,-322,-144,-5,-5996,44663,99,0
2024-11-22,93400,93900,92600,93300,273486,25516243800,0.7559,-63010,24421,-6633,-6295,-2311,-9754,7976,0,3914,45247,-25,-163
2024-11-25,94200,96400,93500,94200,677582,63828224400,0.9646,-104486,6412,55664,20992,-5124,-4894,12815,150,31062,42637,-227,663
2024-11-26,93500,95200,93300,94500,224277,21194176500,0.3185,-32006,18263,-31568,1115,-4559,-382,554,0,-27868,45326,-15,-428
2024-11-27,95200,95500,91700,92100,391819,36086529900,-2.5397,74055,-60047,-43343,2185,-32909,-6630,-6443,-316,2806,31121,-1786,-2036
2024-11-28,92100,92500,91300,91900,234710,21569849000,-0.2172,12775,-58986,40775,27734,-9027,-4756,-745,-160,27756,5338,98,-27
2024-11-29,92000,92100,89500,89700,538059,48263892300,-2.3939,88530,-172181,84901,-5068,-4872,3836,20202,-158,70987,-1368,118,-26
2024-12-02,90100,90200,87700,88200,556888,49117521600,-1.6722,154747,-175499,20360,-22768,-9852,-45,-2220,0,55245,425,-33,0
2024-12-03,89100,89600,88200,89000,354051,31510539000,0.907,-4935,-9428,18667,3698,-7248,-3324,-1428,0,26969,-4038,-266,0
2024-12-04,87000,88000,86600,87300,544557,47539826100,-1.9101,159853,-123114,-39149,-16593,-6256,-2478,-3915,-1907,-7800,1055,1355,-200
2024-12-05,87400,87600,85800,86000,397776,34208736000,-1.4891,165986,-135496,-39243,-13698,-5671,-3133,-527,-1889,-14325,8105,648,0
2024-12-06,86000,86600,83300,85100,455580,38769858000,-1.0465,-17514,-62661,84115,53558,319,-6447,-3563,6,41590,-5947,2007,-1348
2024-12-09,83900,84400,82300,83200,567362,47204518400,-2.2327,-88993,-92430,181788,96353,8260,1010,18563,-28,56763,1934,-2299,867
2024-12-10,83100,85000,82900,84300,965339,81378077700,1.3221,94848,-125347,30529,4786,-5406,-1983,-4395,0,37752,-45,15,-225
2024-12-11,84300,86100,84000,85900,273017,23452160300,1.898,1713,-411,3093,-18261,2921,2343,460,0,15629,-4335,-60,1
2024-12-12,86400,88200,85900,87800,634491,55708309800,2.2119,-113173,85412,29474,18264,66664,279,10949,0,-70228,-1852,139,3546
2024-12-13,87600,88800,87600,88300,272310,24044973000,0.5695,-19697,17453,-2590,23144,-3447,-3347,-3122,0,-15171,4707,127,-647
2024-12-16,88800,88900,87400,87800,276988,24319546400,-0.5663,16301,-57965,40764,44777,-1019,13,-2779,11,-239,786,114,0
2024-12-17,87400,88100,86700,86800,371618,32256442400,-1.139,-17626,-36397,44886,37477,3645,-338,-851,-87,5773,9017,120,-733
2024-12-18,87700,92300,87700,91500,795521,72790171500,5.4147,-368344,211821,167646,95629,28733,2871,24111,0,16389,-10991,-132,-87
2024-12-19,89500,90400,88000,88100,455731,40149901100,-3.7158,178670,-130645,-52116,-8854,-3685,-138,-3595,6,-35631,4520,-429,-219
2024-12-20,87800,88000,85600,86200,427186,36823433200,-2.1566,156798,-80703,-78325,-36704,-6343,-5166,-10158,0,-19954,2022,208,0
2024-12-23,86400,87300,86300,86900,259210,22525349000,0.8121,39599,-18513,-21120,-22107,-10772,-1783,-8773,5,22309,-10,44,1
2024-12-24,87600,87700,86700,86900,151067,13127722300,0.0,3048,30508,-35126,-29789,-1711,1896,-4195,-20,-1307,1526,44,0
2024-12-26,87000,87200,85300,85700,255019,21855128300,-1.3809,81243,-9730,-57448,-50362,-74,362,-2718,0,-4656,-12709,-1356,0
2024-12-27,85000,85700,83700,84500,292642,24728249000,-1.4002,74316,-42323,-31785,-25204,7687,-4307,-2724,-5,-7232,-257,49,0
2024-12-30,84000,84900,83500,83500,261914,21869819000,-1.1834,104006,-58918,-44589,-48505,-3630,-493,-8051,-53,16154,-1052,553,-11
2025-01-02,83500,84400,82700,84000,257663,21643692000,0.5988,19022,13281,-33186,-22213,2985,209,1100,-16,-15068,886,-3,-183
2025-01-03,83900,85700,83900,85100,252319,21472346900,1.3095,24723,-18529,-8198,-14252,2223,-11392,-267,0,15974,1514,490,-484
2025-01-06,85900,85900,84400,85400,438799,37473434600,0.3525,90141,-15214,-75756,-34328,-22051,-20919,-5411,0,7439,792,37,-486
2025-01-07,86700,88500,85600,85600,753370,64488472000,0.2342,-38767,-71681,119232,43136,12771,59804,-8505,0,12515,-9418,634,-489
2025-01-08,85600,88300,85500,86800,447480,38841264000,1.4019,-79079,80603,-2658,-29090,13872,1226,1225,-1028,11146,-1651,2785,-9
2025-01-09,86800,87500,85500,85800,573671,49220971800,-1.1521,116509,20447,-137090,-88490,-3826,-12626,-22196,16,-9968,41,93,0
2025-01-10,85700,86300,85600,85800,344963,29597825400,0.0,37477,-7112,-34358,11043,-1346,-7437,-2648,-133,-33768,2848,1145,-69
2025-01-13,85600,85700,84000,84300,464331,39143103300,-1.7483,135847,-62142,-75079,-5868,-16178,-9897,-8382,-292,-34308,3231,-1857,-154
2025-01-14,84600,84700,84100,84300,253992,21411525600,0.0,37274,-18623,-18400,1181,-5624,-2452,-218,0,-11287,-274,23,0
2025-01-15,84700,85500,84200,84300,320655,27031216500,0.0,36604,50761,-87563,-47299,-6796,-11487,-9221,45,-12640,701,-503,-165
2025-01-16,85100,85800,84900,85100,301418,25650671800,0.949,-32826,39234,-6236,-2549,-2681,-5691,-1074,0,6040,-115,-57,-281
2025-01-17,85000,85300,83500,83700,390497,32684598900,-1.6451,154681,-53590,-98107,-66409,-12181,-3941,-8684,359,-6742,-3365,381,-509
2025-01-20,84000,84400,83800,84100,236456,19885949600,0.4779,-28334,35660,-8262,-10785,197,779,-1417,0,2975,757,179,-11
2025-01-21,84300,84800,83900,84300,352784,29739691200,0.2378,-11258,36139,-24628,-12965,-11453,709,-2988,0,2069,-71,-182,0
2025-01-22,85100,89300,84400,86400,1314488,113571763200,2.4911,-189595,4425,175859,-86498,119247,57133,9699,-945,75872,9562,-251,1351
2025-01-23,86700,86800,84500,84500,515475,43557637500,-2.1991,158896,-120950,-39333,-26763,25297,435,9770,0,-48073,1137,250,1
2025-01-24,84900,88700,84500,85100,1001032,85187823200,0.7101,3456,-95820,104824,43346,70648,9426,21029,0,-39238,-12920,460,-387
2025-01-31,84900,85000,83800,84200,506930,42683506000,-1.0576,143496,-30644,-117104,-23514,-62756,-22803,-4706,0,-3325,3672,580,0
2025-02-03,83100,83200,77600,78200,1326733,103750520600,-7.1259,649960,-329482,-332130,-55500,-133461,-76083,-23008,1062,-35020,9755,1897,-10120
2025-02-04,79600,79700,78100,78400,629803,49376555200,0.2558,140599,-108836,-103188,-16167,-85752,-244,-2124,-950,2483,70721,704,-434
2025-02-05,79100,80300,78900,79900,434946,34752185400,1.9133,-66974,43129,-34918,-16991,-14815,889,-1588,0,-2405,58910,-147,-8
2025-02-06,80400,80600,79500,80600,401172,32334463200,0.8761,-69352,-32059,38495,29902,5175,-3098,-5417,0,12796,63012,-96,-863
2025-02-07,80000,80400,79500,79600,328226,26126789600,-1.2407,84323,-100233,-49624,-25615,-4507,-7488,-488,0,-11526,65519,15,0
2025-02-10,78900,79400,77700,79100,588765,46571311500,-0.6281,67830,-134410,6052,20552,-12145,-20022,-11273,-1,34439,60293,235,-5498
2025-02-11,79400,79900,78200,79700,426719,34009504300,0.7585,36798,-89101,-12073,-21447,-10167,6530,-2966,0,15989,64156,220,-12
2025-02-12,79400,79900,78800,79100,440372,34833425200,-0.7528,82274,-150820,3279,-43232,-7852,-1503,-3253,0,59119,65202,65,0
2025-02-13,79300,79800,78800,79500,749206,59561877000,0.5057,92253,-220109,63960,-26571,-11431,-2810,-17985,0,122757,63571,325,0
2025-02-14,79700,80200,78900,79500,771963,61371058500,0.0,143002,-255387,48787,29247,-839,1733,-339,0,18997,63319,279,-12
2025-02-17,79500,80000,79200,79400,539176,42810574400,-0.1258,109057,-175277,-3757,-23144,-6144,-9,-4613,0,30153,68928,1049,0
2025-02-18,79500,79800,78500,79700,690231,55011410700,0.3778,96996,-171049,10103,-27910,-10936,2012,-3549,-77,50563,64411,-461,0
2025-02-19,79900,82500,79900,81500,1086060,88513890000,2.2585,-274414,120950,95769,-17740,13390,4421,9449,0,85694,57710,-15,555
2025-02-20,81800,82800,81300,82500,526344,43423380000,1.227,-133481,22550,45645,6726,1079,1339,5243,0,30705,66390,-1104,553
2025-02-21,82600,83300,81500,82400,467758,38543259200,-0.1212,60482,-97348,-24539,-12987,-3054,-1801,-7076,0,-436,61777,-372,815
2025-02-24,82400,84000,82300,83400,532688,44426179200,1.2136,-41359,-67175,51623,44149,13024,39,1038,0,-7169,57271,-360,542
2025-02-25,83100,83300,82300,82300,340039,27985209700,-1.3189,49334,-60995,-44536,-16840,2695,-702,-2064,-1200,-26425,56358,-161,0
2025-02-26,82300,82800,81700,82300,261915,21555604500,0.0,-30815,-37776,11938,6387,427,-1124,-3866,0,10119,56726,-73,-5
2025-02-27,83200,84400,82200,82600,514180,42471268000,0.3645,-6138,-31034,-24531,-4507,29342,-1741,-9785,-120,-37720,61677,26,0
2025-02-28,81400,81800,78900,78900,856333,67564673700,-4.4794,329678,-280320,-119138,-943,2626,-1217,5477,18,-125162,69234,546,63
2025-03-04,78200,79300,78000,78200,420402,32875436400,-0.8872,128751,-169878,-18180,-4104,-2873,-39,415,3824,-15403,58768,539,0
2025-03-05,78500,79300,78100,78600,337995,26566407000,0.5115,53699,-6176,-57945,-31265,21394,-5774,-5525,6,-36781,10290,132,0
2025-03-06,79100,80200,78900,79500,347224,27604308000,1.145,15866,25081,-35240,-26066,-1390,-1637,-3190,0,-2953,-5662,-45,-4
2025-03-07,78900,78900,77800,77900,621586,48421549400,-2.0126,402439,-334449,-68631,-34506,-15184,3759,-9152,0,-13548,-99,740,0
2025-03-10,77900,78700,77300,78500,480479,37717601500,0.7702,89084,-91523,259,-44260,11618,36352,5220,31,-8702,1412,768,0
2025-03-11,76900,82700,75600,81800,1312797,107386794600,4.2038,-444387,86002,346328,-35255,115753,28482,31741,546,195141,12163,-106,9920
2025-03-12,82700,84700,81900,82200,860939,70769185800,0.489,-96839,27672,68333,-8450,19664,25407,11356,1079,19277,394,440,0
2025-03-13,82400,82600,80100,80500,638383,51389831500,-2.0681,58299,-105115,39877,-58152,107327,5287,305,-6,-15209,7144,-205,325
2025-03-14,80900,82300,79900,80500,448426,36098293000,0.0,58295,-73284,14500,-65429,2610,-19840,392,0,96747,517,-28,20
2025-03-17,82200,84400,81200,82100,786495,64571239500,1.9876,21863,12489,-25514,-57714,3950,-15130,2225,0,41155,-8958,120,0
2025-03-18,82300,82800,80500,80700,579314,46750639800,-1.7052,137471,-119587,-17604,-21500,-6349,-8697,1082,300,17560,-376,96,0
2025-03-19,81600,82400,81100,81900,574156,47023376400,1.487,-51686,14589,36163,2123,5801,-9838,1833,0,36470,1084,-150,-226
2025-03-20,82400,83600,81900,82800,641530,53118684000,1.0989,-83535,34489,50250,2196,13175,-2963,2611,0,35322,-1527,323,-91
2025-03-21,83300,84000,82500,83400,638764,53272917600,0.7246,-72018,82650,-7870,-1919,23755,355,1628,0,-31678,-2372,-390,-11
2025-03-24,83000,83000,81800,81800,250685,20506033000,-1.9185,72273,-38991,-34751,-3092,-2945,-2372,-2392,0,-23950,1541,-72,0
2025-03-25,82300,83300,82300,82800,271450,22476060000,1.2225,-42366,54707,-13328,20176,-7768,2357,-2668,0,-25794,1266,-279,369
2025-03-26,83700,85400,83500,84800,731000,61988800000,2.4155,-234302,119326,118350,40039,16060,33553,10039,2722,15947,-3041,-333,-10
2025-03-27,83900,83900,82300,82400,376636,31034806400,-2.8302,188477,-96402,-96114,1408,-19668,-10763,6309,604,-74004,3933,106,0
2025-03-28,82200,82200,79600,80000,520309,41624720000,-2.9126,110872,-32899,-81476,-15610,-12243,-4038,-3347,37,-46275,3518,-15,0
2025-03-31,78300,78400,77100,77200,527303,40707791600,-3.5,303443,-254036,-54453,-4940,-7346,-14620,150,-1011,-26986,3565,1481,300
2025-04-01,77900,78400,77000,77900,356143,27743539700,0.9067,99590,-81957,-20252,-4024,9376,-1129,-4288,0,-20329,2226,393,142
2025-04-02,78100,78400,76700,77400,329645,25514523000,-0.6418,147663,-88006,-63226,-8708,-5349,-18,1805,0,-50956,2999,570,0
2025-04-03,75800,75800,72600,72900,1574127,114753858300,-5.814,981900,-722586,-266399,-51544,-46521,-15633,-12922,1351,-140669,4064,3021,-461
2025-04-04,71000,73600,71000,72800,564805,41117804000,-0.1372,55354,-33749,-21302,-20195,-47506,-3296,-15139,560,64274,-687,384,0
2025-04-07,70800,71200,68000,68100,1004618,68414485800,-6.456,576569,-395256,-180054,-18944,-18771,-9553,-21601,-2366,-108821,2887,-4146,2
2025-04-08,69100,69500,66800,66900,752667,50353422300,-1.7621,283461,-198610,-94201,-9764,-31622,-6334,-9358,105,-37228,4751,4599,0
2025-04-09,65800,66900,64100,64700,638901,41336894700,-3.2885,218622,-82371,-143435,-66945,-16639,-638,-14421,-703,-43285,6479,705,-804
2025-04-10,69500,70100,68000,68700,1023079,70285527300,6.1824,63833,-138068,74485,11492,7121,13286,-3543,925,44268,3187,-3437,936
2025-04-11,67200,68100,66700,67900,536366,36419251400,-1.1645,132098,-103369,-27682,-1263,-1542,-783,-5570,0,-16892,-883,-164,-1632
2025-04-14,68900,69700,68300,69000,587316,40524804000,1.62,51779,-65703,12027,46574,-15181,-34175,-2400,0,17208,1918,-21,1
2025-04-15,69600,71000,69600,70000,389352,27254640000,1.4493,-22984,2590,16710,13798,-19390,-1735,-8652,-546,33235,2126,1558,0
2025-04-16,69900,70800,69300,69300,311088,21558398400,-1.0,14344,-18059,4069,-9,627,-2625,1482,0,3951,-563,209,643
2025-04-17,69300,69800,68900,69700,245961,17143481700,0.5772,51226,-4673,-47008,-24530,-17562,-1266,-1218,0,-2432,303,152,0
2025-04-18,69800,70200,69400,70100,174771,12251447100,0.5739,-19551,56203,-38151,-8170,-10250,-1767,-14472,7,-3499,1295,204,0
2025-04-21,70200,70800,69500,70400,172887,12171244800,0.428,-6104,-7674,15218,571,4271,4893,3888,14,1581,-2321,881,0
2025-04-22,69800,70200,69500,69800,195443,13641921400,-0.8523,35903,-7975,-28362,-771,-4162,-2153,-474,-10643,-10159,-582,1016,0
2025-04-23,71000,71500,70300,71300,395586,28205281800,2.149,-81288,15400,65819,6585,-5077,0,1120,0,63191,257,-188,0
2025-04-24,71300,71400,69700,70300,366155,25740696500,-1.4025,117913,-81463,-37348,-21836,-7273,30,878,0,-9147,590,308,0
2025-04-25,71200,72600,70800,71600,555142,39748167200,1.8492,-106426,61982,45155,-2982,-16100,-525,2111,0,62651,578,-1289,0
2025-04-28,71500,71800,70900,71000,244338,17347998000,-0.838,-2286,16118,-17333,-18727,-13194,592,-6909,0,21514,3800,-299,-609
2025-04-29,71200,72300,71100,71800,339323,24363391400,1.1268,-50015,30104,30843,-7809,3978,-943,-865,79,36403,-10857,-75,0
2025-04-30,71300,72000,70700,71400,287038,20494513200,-0.5571,27652,-10977,-15409,-13220,-1975,-1178,-1136,-5,2104,-877,-389,1
2025-05-02,71000,71200,70400,70600,202511,14297276600,-1.1204,6977,33590,-41050,-26239,-8581,-243,-55,0,-5931,391,92,-1
2025-05-07,72000,72000,70800,71200,335932,23918358400,0.8499,-24923,62612,-36595,-13034,-12472,2265,-2916,-9,-10429,-1163,69,0
2025-05-08,71200,71500,70800,70800,367397,26011707600,-0.5618,48550,20094,-68269,7892,-6089,-688,-4110,0,-65274,-79,-296,0
2025-05-09,71200,71200,70500,71100,261129,18566271900,0.4237,28489,-22276,-4680,16935,-1433,-1606,211,0,-18788,-809,-724,1
2025-05-12,71500,72800,71300,72800,342148,24908374400,2.391,-145146,111125,45773,22867,82,367,438,0,22020,-11683,-69,-1
2025-05-13,73100,73500,72500,73000,379984,27738832000,0.2747,-18999,31589,-10670,14566,-16743,1895,2557,-217,-12727,-1719,-201,-1
2025-05-14,73600,73600,71600,72500,451096,32704460000,-0.6849,83335,-62393,-20033,-18488,1535,1819,-479,0,-4409,-686,-223,-11
2025-05-15,72000,72600,71500,71600,233079,16688456400,-1.2414,70542,-26503,-53213,-19280,-6028,-784,-5329,0,-21793,9099,75,1
2025-05-16,71800,72100,70800,71300,183904,13112355200,-0.419,13723,-4733,-8253,-6105,1822,-262,-1921,-4995,3208,-553,-184,0
2025-05-19,70600,71200,70000,70300,218924,15390357200,-1.4025,73952,-21406,-53205,-13365,-4079,135,-4310,42,-31629,576,83,1
2025-05-20,70900,71400,70100,70500,227059,16007659500,0.2845,9550,-3576,-5977,-5912,4710,91,-2911,0,-1955,40,-37,0
2025-05-21,70500,70800,70100,70300,240943,16938292900,-0.2837,55641,-16645,-39738,-14374,-7442,-196,-7279,0,-10430,706,36,-17
2025-05-22,70100,70600,69700,70300,316537,22252551100,0.0,58606,23669,-83641,-25591,-7330,2938,-2966,0,-50693,1394,-28,1
2025-05-23,70400,70900,70000,70000,209927,14694890000,-0.4267,51348,-353,-50569,1678,-24,238,-49,0,-52412,-429,3,0
2025-05-26,70000,71600,69600,71600,239182,17125431200,2.2857,-45191,58271,-12468,5167,-2037,702,-3800,0,-11644,-619,7,-856
2025-05-27,70800,70900,68300,69000,631617,43581573000,-3.6313,431509,-280196,-155489,-33684,-13393,-3515,-14314,0,-89719,3062,1114,-864
2025-05-28,69500,71500,69300,71200,561303,39964773600,3.1884,-266458,219897,46658,2009,-7624,-907,-1182,24,55947,-377,280,-1609
2025-05-29,71800,72300,71000,72200,371386,26814069200,1.4045,-64869,30406,38094,499,207,-5099,823,0,41663,-2507,-1124,1
2025-05-30,71800,72300,70800,71100,592255,42109330500,-1.5235,102142,-84567,-18828,-10685,-8006,817,-13336,13,12404,1189,64,-35
2025-06-02,70800,71400,70600,70800,251758,17824466400,-0.4219,95229,-48566,-46849,-15884,-1220,-1070,-5580,-36,-23059,88,98,0
2025-06-04,71500,72600,71100,71300,593895,42344713500,0.7062,45236,39401,-73317,-73042,-4178,-1101,-8477,-70,13551,-11121,-199,0
2025-06-05,71600,72800,71600,72400,458239,33176503600,1.5428,-78437,110715,-29272,-16357,-26717,-981,-11801,0,34380,-2783,-223,-7796
2025-06-09,73000,73600,72700,72900,452130,32960277000,0.6906,67222,20442,-90092,-8702,-13321,-33239,-6088,-11,-28650,1769,659,-81
2025-06-10,73700,74600,72600,73700,640483,47203597100,1.0974,-19100,19738,2872,-22706,6946,782,-8943,-261,27664,-3939,429,-610
2025-06-11,74000,74600,73400,74600,514323,38368495800,1.2212,-21912,14472,6633,541,-6176,-22677,-1459,54,36824,1018,-211,-474
2025-06-12,76400,76500,74900,75200,897232,67471846400,0.8043,266669,-258794,-14491,2143,85799,-51501,12622,-41,-63500,5571,1045,-13
2025-06-13,74200,74700,71800,72200,931983,67289172600,-3.9894,305232,-73223,-231725,-95544,11850,-26722,-13357,96,-108049,-954,670,1
2025-06-16,71400,72000,70600,72000,394654,28415088000,-0.277,83306,-41844,-46822,-11775,-11029,-15822,-12670,77,4440,735,4625,-43
2025-06-17,72200,73500,71800,72200,451460,32595412000,0.2778,28839,39295,-69572,-61287,-3580,-423,-4947,-81,769,1482,-44,-23
2025-06-18,71800,74500,71500,73800,559285,41275233000,2.2161,-68517,62416,9646,-14122,-383,-205,-1707,27,26036,-169,-3376,0
2025-06-19,74200,74300,72600,73100,388030,28364993000,-0.9485,152335,-63051,-89367,-50056,-905,-2605,-3493,0,-32253,-49,132,-55
2025-06-20,73300,74000,72800,74000,529685,39196690000,1.2312,-110529,150385,-38327,-6861,-2828,-2063,-6798,-878,-19185,-1616,87,286
2025-06-23,72800,78500,71500,74700,1370349,102365070300,0.9459,213428,-131545,-88184,-22630,-8634,5712,-4735,33,-57930,6036,265,0
2025-06-24,76600,77600,75800,76200,1168788,89061645600,2.008,80561,-47994,-11696,35784,-4645,30029,-3299,0,-68590,-22802,1931,-975
2025-06-25,76800,77000,75000,76100,514310,39138991000,-0.1312,83987,-1772,-87497,-40575,-8198,-13270,-2344,0,-23061,-1101,6383,-49
2025-06-26,76200,76200,74300,74700,393009,29357772300,-1.8397,130123,-70449,-56829,-24596,-16609,-1183,-10371,0,-4070,-2849,4,0
2025-06-27,74800,75200,73700,74100,434975,32231647500,-0.8032,68789,-15677,-56035,-24298,-16791,-11234,-6352,0,2640,2648,275,0
2025-06-30,74300,74800,73700,73800,422420,31174596000,-0.4049,33560,-26513,-10898,-33346,-3989,-1892,-1911,-5,30245,3299,552,0
2025-07-01,74300,76800,74200,75400,655170,49399818000,2.168,-227556,215746,10827,7071,-441,-36228,-2775,47,43896,2160,-1177,-743
2025-07-02,75400,76200,74600,76200,419986,32002933200,1.061,-56960,8302,46619,17595,370,-9982,758,0,37878,1574,465,0
2025-07-03,76700,78000,76000,77900,704594,54887872600,2.231,-207527,124864,82040,14822,11445,-10028,1485,25,64565,2457,-1834,-274
2025-07-04,78600,80800,77200,77200,922122,71187818400,-0.8986,64780,-99145,30446,-4966,8684,35113,18029,0,-26413,4106,-187,-1
2025-07-07,77000,77000,74000,74100,791075,58618657500,-4.0155,396943,-168487,-226710,-65490,-18720,-20080,-4909,0,-117511,-1351,-395,0
2025-07-08,73600,74600,73000,73600,707380,52063168000,-0.6748,283405,4816,-299780,-145272,-6886,-29505,-45858,6,-72265,11332,227,0
2025-07-09,73800,74100,73200,73700,360540,26571798000,0.1359,83542,2737,-85729,-38853,-10818,-3393,-19664,9,-12570,-614,64,-440
2025-07-10,75000,76000,74400,75400,623424,47006169600,2.3066,-49407,54479,-8610,-40080,-1541,-35391,-2907,13,71296,1749,1789,0
2025-07-11,75400,76100,74800,75300,332192,25014057600,-0.1326,41148,-3014,-35490,-25381,1726,853,-2776,13,-9925,-2541,-103,0
2025-07-14,75800,80900,75700,77200,1769412,136598606400,2.5232,-37915,86808,-82575,-5700,-3018,-27552,9032,0,-55337,30791,2891,0
2025-07-15,77100,77400,76200,76900,478176,36771734400,-0.3886,90138,-24995,-58994,-17396,-8714,-1250,-3544,22,-28111,-6009,-140,-1
2025-07-16,76600,76800,75400,75400,531088,40044035200,-1.9506,280574,-183897,-87137,-54185,-5448,-11051,-4399,0,-12055,-9866,326,1
2025-07-17,76000,76200,74600,76000,375098,28507448000,0.7958,51665,-61318,4702,8755,-1951,858,738,120,-3818,5837,-886,0
2025-07-18,76200,76600,75700,76200,268217,20438135400,0.2632,-7806,-42909,33074,162,-5262,236,1921,0,36017,17791,-150,0
2025-07-21,76100,77000,75800,76600,277303,21241409800,0.5249,10570,18985,468,-5533,-2484,870,274,22,7325,-29990,-33,-6
2025-07-22,77200,79000,76400,76900,893819,68734681100,0.3916,-32168,16467,13631,-10815,-2784,-19641,849,0,46198,1501,569,-176
2025-07-23,77700,79500,77100,79100,1017097,80452372700,2.8609,-361560,136938,226732,-1968,36029,-8446,52119,-291,149288,-1641,-469,1
2025-07-24,79000,79100,77400,77900,628366,48949711400,-1.5171,271353,-226312,-49069,-16320,-2668,-1028,2267,0,-31222,4058,-30,-98
2025-07-25,79000,79000,76800,77100,431257,33249914700,-1.027,120158,-86661,-34677,-5547,-2444,-8704,751,0,-18675,849,331,-58
2025-07-28,77400,78400,76900,77800,374976,29173132800,0.9079,22216,-54378,31696,-7240,-714,-125,1653,0,38122,-1,467,0
2025-07-29,77400,77800,76400,77400,357009,27632496600,-0.5141,65099,-35893,-27719,-4747,-11936,-18848,-4912,0,12724,-1922,435,0
2025-07-30,77200,79500,77000,78700,779571,61352237700,1.6796,-339390,205017,142446,-653,-1775,44306,10250,0,90596,-7389,-684,-278
2025-07-31,79900,80000,76900,77400,735716,56944418400,-1.6518,451409,-365216,-91893,-11578,-8256,-42436,2366,8,-31997,4457,1243,0
2025-08-01,76800,77500,75000,75000,600252,45018900000,-3.1008,160595,-170167,8425,26013,-8646,-2059,2270,56,-9209,1853,-706,0
2025-08-04,75500,76000,74800,75800,245078,18576912400,1.0667,27934,-35291,6933,-900,6814,5243,-37,13,-4198,357,67,-2
2025-08-05,76200,77300,76100,76600,355246,27211843600,1.0554,58745,-7543,-49415,-18428,1682,-2050,-10574,-96,-19949,-1640,-147,0
2025-08-06,76100,77400,76100,76900,254054,19536752600,0.3916,-54886,70735,-15145,-11699,-2936,-1413,-320,13,1810,-413,-291,-600
2025-08-07,77000,77400,76400,77200,250257,19319840400,0.3901,-30852,38290,-5217,11857,-3423,-5225,-1150,0,-6340,-2394,173,-936
2025-08-08,77100,77400,76600,76900,271831,20903803900,-0.3886,-476,-15342,12292,11989,-5227,223,2248,0,3775,1597,1929,-716
2025-08-11,77000,78100,76600,76600,348955,26729953000,-0.3901,30290,-37015,8430,9977,-1421,-2505,-1055,0,3434,-91,-1614,0
2025-08-12,76500,77100,75900,75900,314487,23869563300,-0.9138,69012,-37452,-28252,-12368,-4102,-1597,-688,0,-9497,-2937,-371,0
2025-08-13,76400,78900,76000,78300,838607,65662928100,3.1621,-496198,401656,96493,55678,-8849,-12550,18838,-86,43461,-3004,1053,1
2025-08-14,78500,78500,77000,77200,367302,28355714400,-1.4049,96521,-37488,-59687,2659,2285,-25539,-2703,49,-36436,210,444,-2
2025-08-18,77200,77700,76700,76800,287958,22115174400,-0.5181,-21774,-15375,30349,26268,2666,4415,-2035,12,-977,6672,128,0
2025-08-19,76900,77100,75600,76500,307306,23508909000,-0.3906,34550,-41382,9722,17349,-3725,1624,-6089,0,909,-3107,217,-346
2025-08-20,76200,76800,75400,76700,373742,28666011400,0.2614,-50393,-30934,62339,24851,-8681,539,1559,0,44071,19044,-56,0
2025-08-21,76900,76900,75700,75800,359488,27249190400,-1.1734,143199,-78571,-55047,-30263,-7568,-165,-8980,-7,-8064,-9771,190,0
2025-08-22,76000,76800,75000,75300,378845,28527028500,-0.6596,119347,-46963,-64169,-24367,-1949,-2017,-13446,-321,-21931,-8195,-20,-138
2025-08-25,75800,76000,75500,75900,174807,13267851300,0.7968,-13135,14001,-691,-1212,-4096,-2807,-8792,0,16216,-262,87,0
2025-08-26,75600,76700,75300,75300,416636,31372690800,-0.7905,8514,51109,-59341,-39775,-3331,-3596,-570,13,-12083,-290,8,1
2025-08-27,75800,75800,75100,75200,263165,19790008000,-0.1328,48088,-4153,-44052,-35455,-1355,978,-95,6,-8130,-243,360,-1
2025-08-28,75300,75500,74900,75200,280205,21071416000,0.0,25331,-16363,-9165,-15471,-816,-4649,-605,0,12376,66,131,0
2025-08-29,75400,75500,73600,73900,546283,40370313700,-1.7287,125290,-113491,-20978,-34033,-3078,-1179,210,0,17101,9067,112,1
2025-09-01,73900,73900,72000,72200,348361,25151664200,-2.3004,139579,-107450,-26313,-18244,1682,-8077,3627,0,-5301,-5955,139,0
2025-09-02,72200,72900,72000,72900,401821,29292750900,0.9695,27106,-19069,-9555,-5758,-8005,1476,2205,0,527,1258,260,0
2025-09-03,72800,74500,72800,74400,309645,23037588000,2.0576,-110403,109387,1496,23672,1626,-4162,-1327,0,-18023,10,-490,-290
2025-09-04,74100,75900,74000,75300,531146,39995293800,1.2097,-157238,259041,-96586,2807,-1793,-14077,-72678,0,-10843,-5176,-41,-2
2025-09-05,75600,75700,74700,75100,226879,17038612900,-0.2656,-9959,27381,-16488,3007,-14438,315,-11050,0,5678,-974,40,0
2025-09-08,75100,75400,74700,75200,183302,13784310400,0.1332,-43630,30573,13203,6297,5697,-483,-201,0,1893,-93,-53,0
2025-09-09,75300,75800,74700,75600,268395,20290662000,0.5319,-33841,36350,21961,2154,-620,240,-3739,0,23928,-24373,-97,-2
2025-09-10,75600,76200,75000,75800,332791,25225557800,0.2646,-99290,47865,51419,-5821,-2876,-235,-4458,0,64810,78,-72,-1
2025-09-11,75900,76600,75600,75900,473494,35938194600,0.1319,-34972,159227,-124290,-101329,267,52,-5290,-13,-17975,55,-20,-2
2025-09-12,76300,77400,76200,77000,476178,36665706000,1.4493,-252537,190745,43100,30377,-11233,-925,-1690,2,26568,17395,1297,1
2025-09-15,77000,77700,76800,77100,375754,28970633400,0.1299,-63068,107223,-44235,2524,-15882,-13024,-12748,0,-5105,2,78,0
2025-09-16,77200,77500,76800,77000,375476,28911652000,-0.1297,-66122,76453,-9752,-20278,6344,-4462,-368,-82,9094,-669,90,0
2025-09-17,77400,78800,77200,77900,703739,54821268100,1.1688,-86480,137377,-51651,-36285,1107,-2005,-1922,11,-12544,940,-186,-13
2025-09-18,81300,83800,80000,82200,3742513,307634568600,5.5199,-976793,432483,556801,107417,113691,160798,29823,-86,145205,-5776,-6715,-47
2025-09-19,81800,81800,79100,79100,1177491,93139538100,-3.7713,339512,-142510,-211503,-71606,-15567,-12107,-9305,-24,-102894,11667,2834,0
2025-09-22,80100,81600,79700,79700,641705,51143888500,0.7585,-40835,-2085,48181,37319,-8482,1901,-3182,0,20626,-4255,-1006,-1
2025-09-23,80700,80900,78700,79400,729541,57925555400,-0.3764,31350,125154,-154253,-18464,-4246,-29819,-822,0,-100900,-2333,82,-2
2025-09-24,79100,79100,77000,78000,635037,49532886000,-1.7632,232826,-130594,-107026,-30152,-35528,-14911,-5738,0,-20664,4073,721,-33
2025-09-25,77500,78200,77400,77900,424766,33089271400,-0.1282,15435,-12055,-1102,5255,-7600,301,-3288,20,4210,-2635,357,0
2025-09-26,77200,77400,76000,76300,548336,41838036800,-2.0539,223199,-80310,-143635,-78272,-33549,-6139,-6716,80,-18626,365,381,-413
2025-09-29,77000,77700,76400,76700,318695,24443906500,0.5242,16592,33410,-47928,-26607,-6778,-20740,-8333,0,14571,-2804,730,-41
2025-09-30,76500,76500,75000,75600,846132,63967579200,-1.4342,159489,-36632,-124083,-54479,-4549,-35642,-1276,0,-28069,924,302,-68
2025-10-01,76100,76300,75000,75100,305645,22953939500,-0.6614,125787,-61694,-61890,-49210,-5383,-5332,-12756,0,10878,-2443,240,-87
2025-10-02,75900,77000,75650,76400,814910,62259124000,1.731,-98146,296409,-197422,-47556,-38249,-10296,-13277,0,-88044,-1540,699,0
2025-10-10,77600,79100,76900,79000,955851,75512229000,3.4031,-261515,372182,-96395,1390,-600,-3456,52,0,-93780,-11996,-2276,-1
2025-10-13,77800,81300,77000,81000,1378387,111649347000,2.5316,-512179,481061,48657,64186,5867,-1028,13221,0,-33549,-15849,-1690,-40
2025-10-14,81500,83800,81100,83000,1742436,144622188000,2.4691,-786732,734420,90860,58921,17231,47533,-2025,502,-31229,-30444,-8104,-73
2025-10-15,83500,84500,82600,84300,788790,66494997000,1.5663,-376944,254625,129257,105181,3638,-442,3167,0,17713,-6399,-539,0
2025-10-16,83100,84400,83100,83900,628316,52715712400,-0.4745,-39631,9870,33942,-626,-2909,-4082,-6945,0,48504,-3301,-880,0
2025-10-17,83300,84700,83100,84200,556190,46831198000,0.3576,-187107,159423,27793,20192,-2879,714,-1604,0,11373,832,-941,-3
2025-10-20,85800,91400,85700,91000,2111530,192149230000,8.076,-786510,550679,240683,95743,10962,-13946,50260,22,97641,-3752,-1100,1
2025-10-21,91400,91900,88600,89200,1062670,94790164000,-1.978,33112,-68411,42207,-1250,8603,-1052,-7343,43,43206,-5422,-1486,0
2025-10-22,90000,90100,87600,89600,605113,54218124800,0.4484,-19872,-9747,31022,4538,2377,1836,-10150,77,32344,-1177,-226,0
2025-10-23,88600,91200,88300,90200,756369,68224483800,0.6696,-132743,162429,-32901,-18074,-13992,6128,-485,-44,-6435,315,2900,1
2025-10-24,90400,90500,86400,88000,1159776,102060288000,-2.439,589899,-417373,-171269,-68389,-8372,-19792,-19205,-69,-55442,-2534,1277,0
2025-10-27,88200,90800,88100,89000,579322,51559658000,1.1364,-183465,137224,43496,-8455,-4248,7809,-7056,0,55446,3128,-383,0
2025-10-28,89100,89200,88100,89100,460279,41010858900,0.1124,-97407,86650,9298,6780,-3894,5515,-1711,-158,2766,1739,-280,0
2025-10-29,89700,89700,88100,88800,705875,62681700000,-0.3367,56181,11786,-70412,-86553,-5421,3908,-6837,-93,24584,2211,234,0
2025-10-30,89100,90200,87100,87600,752690,65935644000,-1.3514,89537,-43261,-47456,-24071,-5118,-9789,-6929,11,-1560,1146,34,0
2025-10-31,86800,88500,86300,87600,1104075,96716970000,0.0,97438,-158621,55950,-3526,1424,244,-1095,0,58903,4903,330,0
2025-11-03,88700,90200,87900,88600,927485,82175171000,1.1416,110960,-120448,4066,-14287,-5733,-5245,-5836,0,35166,5210,212,1
2025-11-04,88600,91300,88300,88500,932443,82521205500,-0.1129,-57461,32299,21965,-18024,10502,26767,-1381,-22,4127,3493,-296,-4
2025-11-05,88000,88000,83400,87100,912444,79473872400,-1.5819,-58474,73059,-2827,-15511,6645,18824,-599,0,-12183,-11160,-598,-3
2025-11-06,89100,93300,88700,91700,2254077,206698860900,5.2813,-712919,427119,311472,176002,46087,8496,32830,5,48179,-25515,-157,-127
2025-11-07,91100,91100,87600,88300,1113728,98342182400,-3.7077,329350,-262653,-59878,-30650,-12622,-5985,-4895,66,-5792,-6248,-571,0
2025-11-10,89000,90400,86700,89600,702948,62984140800,1.4723,-130540,76226,59649,-3084,18968,40288,-773,-47,4297,-5441,106,0
2025-11-11,90300,92500,89800,90600,971144,87985646400,1.1161,-30828,80124,-42304,-30554,-2116,3328,-2053,55,-10964,-7577,585,0
2025-11-12,94500,94500,92000,92900,1023036,95040044400,2.5386,89442,-150043,59934,-10252,9923,31828,2326,5,26103,463,204,1
2025-11-13,92900,96200,91800,92500,1173916,108587230000,-0.4306,72996,48129,-146858,-27909,-983,6089,398,-61,-124392,25834,-101,0
2025-11-14,90600,92300,90000,90200,586352,52888950400,-2.4865,-4173,37425,-29128,17010,-106,-25366,866,0,-21383,-6142,2018,-149
2025-11-17,92000,92000,90400,91400,480706,43936528400,1.3304,79189,-48591,-33370,-27109,1728,-4648,-1929,109,-1521,2421,351,0
2025-11-18,90700,91000,87500,87600,632417,55399729200,-4.1575,35553,17372,-47914,-11681,2133,-769,1057,-32,-38622,-5560,549,0
2025-11-19,88500,88600,85000,87100,613143,53404755300,-0.5708,16473,-40320,29304,-1562,1668,3,-724,0,29918,-5143,-314,1
2025-11-20,88900,89200,87300,87300,355910,31070943000,0.2296,61611,-52462,-11848,-36287,-6364,-299,-1013,-4,32119,2559,140,0
2025-11-21,85200,86700,84900,86400,311895,26947728000,-1.0309,-77785,60479,18829,-3355,-167,163,-734,0,23126,-1373,-150,-204
2025-11-24,87500,87500,84000,84000,759352,63785568000,-2.7778,189258,-151885,-37734,-41970,-6484,-7588,-4990,0,23366,-868,1229,-68
2025-11-25,85800,87700,85100,85200,485683,41380191600,1.4286,-81900,121723,-39579,-16691,-4576,1283,-1350,0,-18244,-174,-70,-1
2025-11-26,86200,86500,84700,86500,455906,39435869000,1.5258,13158,39529,-53023,-76254,-1981,-4748,-7819,-109,37887,163,173,1
2025-11-27,86600,87100,85000,85400,548757,46863847800,-1.2717,149219,-138232,-12748,-12323,-1095,-12404,-1164,0,14238,1348,413,0
2025-11-28,85800,86100,84900,85600,322741,27626629600,0.2342,20090,-47459,28230,-22472,-2126,1697,-1030,0,52161,-985,124,0
2025-12-01,85800,86400,85100,85400,428509,36594668600,-0.2336,-36126,41009,-6188,-11192,3095,-26,-2023,0,3958,33,1272,0
2025-12-02,85800,87200,85500,87200,400432,34917670400,2.1077,-128079,136009,-54,-4283,-2225,2552,-3469,0,7427,-7511,-365,-56
2025-12-03,87200,90500,86800,89500,568024,50838148000,2.6376,-180691,130003,59392,12104,6080,2938,4688,2870,30712,-8330,-374,0
2025-12-04,89900,95600,89000,94800,1757147,166577535600,5.9218,-892856,628839,270860,66695,67212,28779,39448,-537,69094,-4213,-2630,169
2025-12-05,98200,102500,97400,99700,2776901,276857029700,5.1688,-574910,321524,274324,86307,68778,57056,13355,-1078,49906,-18641,-2297,0
2025-12-08,99700,99800,96100,97100,851551,82685602100,-2.6078,225346,-207999,-22844,-28657,-4738,18963,-1546,-1490,-5376,4776,721,0
2025-12-09,97000,97000,94800,95500,691477,66036053500,-1.6478,79186,-32209,-47517,-12930,1670,-22169,-3068,0,-11020,-193,733,0
2025-12-10,95800,95900,94000,94500,538045,50845252500,-1.0471,27531,25468,-54618,-30645,-5937,-1397,-715,0,-15924,1408,211,0
2025-12-11,95900,96800,94700,94700,785399,74377285300,0.2116,47326,33228,-82993,16918,-46551,548,-3668,0,-50340,1930,509,100
2025-12-12,95700,96400,94800,96400,481346,46401754400,1.7951,-66199,37114,27444,-26069,-4089,-1499,-3347,52,62395,1416,225,1
2025-12-15,94700,97100,94200,95700,581279,55628400300,-0.7261,-32435,16954,18890,34523,1443,-603,1575,15,-18063,-2992,-417,0
2025-12-16,96100,96200,92800,93100,559341,52074647100,-2.7168,78121,-93172,17386,22398,-4974,-3742,-2582,0,5095,-2549,214,1191
2025-12-17,94000,96500,93400,96300,668159,64343711700,3.4372,-151881,-16191,166035,114607,4649,1979,11832,-82,33050,2395,-358,0
2025-12-18,94000,94200,91500,93000,681180,63349740000,-3.4268,210991,-244676,24586,37076,343,-5738,-4120,0,-3115,9129,-30,140
2025-12-19,94100,94300,92700,94300,775883,73165766900,1.3978,-95000,74787,20482,-16164,-860,-640,-348,21,38473,-91,-178,0
2025-12-22,94800,94900,93000,93900,475361,44636397900,-0.4242,49529,-52975,16784,-13006,-154,-2509,-6748,0,39201,-526,-12812,0
2025-12-23,94100,94700,92500,92700,426912,39574742400,-1.278,138085,-57808,-72010,-30606,-12369,-11792,-10877,10,-6376,-8724,457,0
2025-12-24,93200,94100,92500,92500,288895,26722787500,-0.2157,-22543,12368,11738,-468,1158,-266,-300,0,11614,-1665,102,0
2025-12-26,93400,93400,91500,91600,368644,33767790400,-0.973,109112,-97163,-6286,-23925,9007,629,969,41,7162,-4634,-1029,-169
2025-12-29,91300,91900,90300,91800,373276,34266736800,0.2183,3340,-14260,13145,-4336,25847,-3632,116,5,-4856,-1943,-282,1
2025-12-30,92000,92200,90900,91900,418596,38468972400,0.1089,-77142,15990,65678,60945,-9777,518,13776,-5,221,-4297,-229,0
2026-01-02,92200,92200,90800,91400,467181,42700343400,-0.5441,63875,-52992,-10338,-24830,9961,8769,-1863,59,-2435,-1021,476,1
2026-01-05,92500,94700,92400,93000,753679,70092147000,1.7505,4142,-39816,37146,-23542,45584,11867,-1245,79,4505,-904,-568,-102
2026-01-06,94000,96400,93000,94000,870410,81818540000,1.0753,-30124,8531,20755,12020,4903,12728,-465,-14,-8278,1823,-985,-139
2026-01-07,94000,94000,90800,92300,1018835,94038470500,-1.8085,230944,-89948,-154755,-51659,-33194,-19180,-13623,68,-37176,12956,803,9
2026-01-08,92000,92900,91100,92200,767354,70750038800,-0.1083,-34879,140187,-105930,-37358,-30440,-24824,-10875,-15,-2418,685,-63,0
2026-01-09,92000,92200,87900,89100,1547720,137901852000,-3.3623,415235,-322053,-104295,-21903,-43760,-36564,-17537,0,15744,10148,965,-275
2026-01-12,88900,89000,86600,88000,1165681,102579928000,-1.2346,146957,-36925,-102768,-49601,-56758,-1034,-23179,0,27803,-6580,-684,1
2026-01-13,88600,90800,88200,90800,1125930,102234444000,3.1818,-25132,-34812,56664,-17023,-3431,-385,-9279,21,86762,4127,-847,-1
2026-01-14,91900,97200,91100,92500,2215408,204925240000,1.8722,255591,-304870,45272,-24362,-8114,-14060,-5664,0,97472,2398,1609,0
2026-01-15,92200,94400,91700,94000,1123935,105649890000,1.6216,-287610,183241,100314,-9298,35140,1697,6950,110,65714,4804,-749,1
2026-01-16,95100,103700,94300,98400,4653041,457859234400,4.6809,-754808,641886,119455,49528,-1558,13102,10984,-234,47635,-6371,-162,-2
2026-01-19,97700,107600,95300,106900,3808484,407126939600,8.6382,-863182,687510,190222,141746,22428,9620,11917,-114,3919,-11446,-3104,706
2026-01-20,109200,109300,102100,105000,1913232,200889360000,-1.7774,54628,-54823,-3823,39460,-7126,6347,-4645,10,-37870,3006,1012,1
2026-01-21,102500,110500,101500,109300,2536425,277231252500,4.0952,237013,-266002,18621,90908,19987,12401,-2432,-384,-101769,9343,1025,-90
2026-01-22,111600,111600,105400,106200,1726668,183372141600,-2.8362,273284,-222208,-61459,27488,4649,2290,-15306,-39,-80536,7036,3347,-5
2026-01-23,106200,108600,104700,105600,1221871,129029577600,-0.565,-165249,135433,33867,2738,5175,-31922,-468,-45,58389,-3833,-218,0
2026-01-26,104900,105000,101700,102500,1442337,147839542500,-2.9356,137497,113165,-250132,-42194,-37390,-56614,-2764,-399,-110771,-1098,568,0
2026-01-27,101300,101400,99500,101300,1125191,113981848300,-1.1707,121528,-47996,-71866,-16478,-17035,-27235,-12835,11,1705,-2831,1165,1
2026-01-28,102000,102100,99800,99900,1273383,127210961700,-1.382,325892,-117381,-205665,-90144,-10151,-16278,-8376,10,-80659,-4909,2063,-67
2026-01-29,100100,101500,97500,100900,1479925,149324432500,1.001,107532,-32413,-71202,-34482,-4079,-16961,-555,126,-15046,-3960,43,-205
2026-01-30,100000,102200,98800,99100,1139046,112879458600,-1.7839,19807,21324,-32463,-6165,5963,-17757,-6452,6,-7732,-8296,-372,-326
2026-02-02,98300,100200,95400,96600,1073877,103736518200,-2.5227,57614,83398,-142225,-16170,-13385,-13031,-1322,-1,-98816,1767,-554,500
2026-02-03,98700,100700,98100,100300,1037039,104015011700,3.8302,-198984,124520,78091,47848,-30782,-23025,-2965,0,87013,-2912,-715,2
2026-02-04,100300,103800,100200,102800,1383130,142185764000,2.4925,-268264,357872,-79843,-54246,4112,-71468,-1717,0,43476,-7309,-2456,0
2026-02-05,101800,102600,99500,100300,824988,82746296400,-2.4319,8805,124341,-136199,-26795,-704,-13267,-1775,0,-93669,3200,-147,11
2026-02-06,98300,99200,96000,99200,802143,79572585600,-1.0967,-6046,64279,-55703,2914,-3305,-54318,-2908,15,1900,-2181,-349,-1
2026-02-09,101200,103200,100100,102600,899239,92261921400,3.4274,-288233,252906,36515,12985,-10503,-66726,-1642,5,102396,-3061,1873,0
2026-02-10,103300,104700,102500,104000,1117921,116263784000,1.3645,-288774,282769,8375,-22023,-3450,-61754,-2420,-99,98121,-1524,-846,0
2026-02-11,106500,128700,106400,127900,13160492,1683226926800,22.9808,-500521,13909,403361,165004,99383,-22921,44090,-130,121155,85002,-1751,-3220
2026-02-12,127800,127800,119000,121400,5121457,621744879800,-5.0821,675918,-624241,9529,11611,12843,14273,-2901,-25,-26272,-62554,1348,0
2026-02-13,117900,119700,116100,117200,2261854,265089288800,-3.4596,-148278,80840,64148,21901,22522,12754,-2087,61,8791,3327,-37,206
2026-02-19,120000,122600,119000,121100,1916025,232030627500,3.3276,-381308,209345,186188,-8975,34115,105571,-7998,-163,63139,-14336,111,499
2026-02-20,120300,126100,120300,123600,1906702,235668367200,2.0644,-479765,437212,44351,13540,5839,-62755,-4447,-3,92176,-464,-1334,1
2026-02-23,125400,139500,124500,132600,5519357,731866738200,7.2816,-651689,279941,397721,81251,9688,166647,999,30,139006,-23129,-2844,100
2026-02-24,134700,135800,128600,134500,1918668,258060846000,1.4329,-81026,-6310,86343,154,-1032,-41350,-3228,-107,131973,1491,-498,-67
2026-02-25,134400,134400,131200,133300,1265443,168683551900,-0.8922,15842,49872,-59394,-74663,-422,-18152,-8656,113,42384,-3394,-2926,2
2026-02-26,142000,149100,140500,146700,4568151,670147751700,10.0525,-813802,243935,537444,193783,83190,131600,25586,69,102584,35943,-3520,632
2026-02-27,144700,151900,143600,145700,2611013,380424594100,-0.6817,152578,-315465,157416,-1642,18353,66606,9883,33,64281,5550,-79,-98
2026-03-03,140100,141300,127000,127600,2709473,345728754800,-12.4228,362824,-125176,-233978,-38076,6833,-29229,-6714,-85,-166827,2573,-6243,120
2026-03-04,118000,123100,106700,109000,2558128,278835952000,-14.5768,-254182,437397,-174868,24987,-138148,-14176,-166,173,-36430,-6670,-1677,-11108
2026-03-05,118700,120700,113900,115400,1954025,225494485000,5.8716,391109,-236583,-149288,-44552,-11334,-17824,-3677,92,-71992,-2196,-3042,-1
2026-03-06,112500,119400,112500,118000,1179043,139127074000,2.253,21526,58012,-35670,31488,-4712,-30122,974,0,-33299,-43515,-353,1
2026-03-09,110800,113700,108000,113400,1042771,118250231400,-3.8983,-145840,223605,-78262,-13589,-16114,31705,-756,84,-79753,763,-266,161
2026-03-10,119300,119300,113300,115900,1051235,121838136500,2.2046,217645,-173519,-46388,-42503,-9610,677,-888,0,5934,1165,1097,2
2026-03-11,118600,122500,116500,117900,1047058,123448138200,1.7256,-175333,184854,-5646,-11518,1345,-9272,-1991,4,16786,-2791,-1084,-1000
2026-03-12,116300,117400,113800,114000,956070,108991980000,-3.3079,340679,-17597,-325291,-88747,-22900,-56966,-5385,0,-151193,-161,2370,-100
2026-03-13,110600,114400,109800,113100,733098,82913383800,-0.7895,64533,35844,-101626,2652,-654,-43506,573,0,-60693,671,578,2
2026-03-16,112900,116700,112300,114200,648220,74026724000,0.9726,-15565,-9028,19610,24374,3494,18089,486,0,-26833,5070,-87,0
2026-03-17,116900,117400,114500,114500,691353,79159918500,0.2627,69988,-129502,59776,-3148,-2716,71410,860,17,-6646,-769,507,-1
2026-03-18,116400,120700,115800,120000,933385,112006200000,4.8035,-215256,145991,45582,-36675,-7494,-16094,-2561,0,108406,25435,-1752,0
2026-03-19,115900,117900,115200,116200,560434,65122430800,-3.1667,83016,-45451,-37362,6142,-3649,-3407,-3576,0,-32872,-407,204,0
2026-03-20,117000,120300,116500,117900,797591,94035978900,1.463,-95992,110037,-11447,-41937,-8941,1463,-5577,0,43544,-2306,-292,1
2026-03-23,111300,113500,109000,109500,932229,102079075500,-7.1247,310607,-156137,-136438,1834,-15861,-62930,-5855,-8,-54619,-19507,1475,1001
2026-03-24,114200,116000,110900,114300,655877,74966741100,4.3836,-128188,46859,84336,-19708,5946,14251,-1247,-21,85253,-847,-2160,-138
2026-03-25,116100,117300,114200,114700,757815,86921380500,0.35,-28694,-3855,41683,-19721,-853,-8028,-7584,-233,78102,-8041,-1093,0
2026-03-26,114300,115200,111200,113000,580950,65647350000,-1.4821,-21635,119545,-98032,-7316,-48893,9593,-1596,0,-49820,27,95,0
2026-03-27,109100,112200,107700,112000,552035,61827920000,-0.885,24354,-20440,-6327,-1892,-1664,370,-823,0,-2589,2498,-85,271
2026-03-30,105700,108900,104600,108300,462366,50074237800,-3.3036,-62639,64245,-776,6796,-398,-11895,-909,-52,9592,-678,-152,-3910
2026-03-31,105300,107900,103600,105600,759539,80207318400,-2.4931,-113414,-3258,118159,-10874,-8271,15124,-10005,0,132849,-1081,-406,-664
2026-04-01,110700,113100,109200,112500,676738,76133025000,6.5341,-91946,20893,72577,-67099,6599,-15760,-2036,0,150874,-988,-536,-1
2026-04-02,115300,116400,107200,108800,882435,96008928000,-3.2889,-70967,140790,-70623,-29585,-743,16295,112,0,-56703,484,316,1
2026-04-03,110800,111500,107300,108300,439721,47621784300,-0.4596,100174,-15756,-83259,-66479,-731,-9996,-3822,0,-1635,-1763,604,-596
2026-04-06,108100,110200,107800,109400,351253,38427078200,1.0157,-12521,6042,6699,3831,-1021,-21451,-1311,0,26716,-100,-120,-65
2026-04-07,111400,114400,105000,107100,1090464,116788694400,-2.1024,338285,-103240,-237941,-98330,-5705,-65450,-9795,5,-58408,2233,663,-258
2026-04-08,114200,117300,112900,116700,1193144,139239904800,8.9636,-333459,329420,6132,-48063,15864,-8963,-7579,26,55019,-1352,-741,-172
2026-04-09,117100,120700,115700,117200,1188521,139294661200,0.4284,-28114,150364,-127309,-25945,-30422,-31509,-3698,103,-35667,4293,766,-171
2026-04-10,119000,119900,117200,118400,608715,72071856000,1.0239,-73037,108531,-33876,-13101,-2250,12140,-9352,3,-21029,-1319,-299,-287
2026-04-13,115300,116800,114700,115300,469084,54085385200,-2.6182,68395,27703,-96595,-7284,11461,-51235,-611,10,-48936,332,165,0
2026-04-14,118200,121400,117600,120000,679271,81512520000,4.0763,-221938,175561,59063,22734,-127,-6544,-6193,-2,49094,-11788,-898,101
2026-04-15,124000,126300,121000,122200,970337,118575181400,1.8333,-168245,200540,-28199,-80236,3690,8693,-1677,0,41331,-2254,-1842,0
2026-04-16,123300,127000,122500,126000,862043,108617418000,3.1097,-240061,101957,136966,633,4225,95936,-1067,0,37370,1775,-637,-131
2026-04-17,125400,125600,123200,124200,519561,64529476200,-1.4286,57459,-8976,-45331,-24880,-2918,-8365,-3908,-154,-4974,-3381,229,-132
2026-04-20,123700,125800,123000,124500,448899,55887925500,0.2415,-103782,147897,-40545,-20220,3169,-32542,911,-44,8181,-3248,-322,0
2026-04-21,125800,127000,125300,126600,600138,75977470800,1.6867,-97015,46678,48561,7296,2759,25770,-1716,25,14433,538,1238,-6
2026-04-22,126000,133900,125600,132800,1430607,189984609600,4.8973,-175135,55192,113582,46245,3489,46710,4977,0,13432,7252,-891,-1271
2026-04-23,135900,135900,126600,129900,1201334,156053286600,-2.1837,281313,-164400,-117585,-40553,-808,-68001,-7629,36,-630,-847,1519,0
2026-04-24,130800,132900,126100,127500,815555,103983262500,-1.8476,148186,-137652,-12672,-18204,10100,-6382,-11260,38,13036,1381,757,0
2026-04-27,128700,131200,127300,130000,628169,81661970000,1.9608,-108010,118934,-10835,-3054,-2232,-15227,-1415,0,11093,-536,447,0
2026-04-28,141600,149000,138800,140000,3412120,477696800000,7.6923,-175775,82188,105263,-26922,41543,-26727,-696,-7,118157,-10341,-1335,-85
2026-04-29,141200,142100,134600,135800,1519252,206314421600,-3.0,462405,-272587,-163347,-7098,-9553,-93805,-1340,31,-51582,-28520,2049,0
2026-04-30,140300,151700,138800,140900,4601367,648332610300,3.7555,-364234,187574,162308,47968,28712,-36909,21694,6606,94238,12059,2293,-1
2026-05-04,146200,146200,140300,143200,1517270,217273064000,1.6324,-4361,41359,-33049,43969,-26335,-31422,656,-1790,-18124,-3166,-783,-3
2026-05-06,147400,157000,147000,154900,3976159,615907029100,8.1704,-1041861,965333,50480,61831,11532,-45515,-8906,-44,32292,23314,2734,-710
2026-05-07,155000,155700,145000,148700,1943210,288955327000,-4.0026,273265,-237197,-50703,26620,373,-59819,-1082,16,-16811,15346,-711,0
2026-05-08,148000,158400,145800,154100,2029897,312807127700,3.6315,-384147,239834,152866,14383,10329,71870,-3461,43,59626,-10122,1569,76
2026-05-11,157600,158600,152000,156700,1761737,276064187900,1.6872,-2171,-11788,4292,10007,43388,-18547,11737,127,-42420,10475,-808,0
2026-05-12,161400,194900,160400,184900,10296997,1903914745300,17.9962,-937887,643299,316836,48001,46920,193429,12627,-347,22460,-16403,-5845,-6254
2026-05-13,192800,195000,183900,191400,4385663,839415898200,3.5154,46250,-228001,195843,24190,41764,83070,2243,2780,41586,-6184,-7908,210
2026-05-14,202000,224500,201000,217000,4316463,936672471000,13.3751,267311,-335612,78023,-31533,3453,-54257,-1639,-415,162736,-11806,2084,-322
2026-05-15,256000,266500,233000,240500,5856267,1408432213500,10.8295,1037610,-1058302,-8555,71141,-23333,-11868,8704,-543,-52420,26526,2721,-236
2026-05-18,249000,249500,212000,217000,3949389,857017413000,-9.7713,988960,-837517,-152307,-30676,-9100,-79269,-2676,767,-31595,1898,-1034,242
2026-05-19,209500,214000,187400,191700,4689967,899066673900,-11.659,162346,29620,-178330,-105199,-32578,-21225,-5897,287,-8191,-22532,8896,-5527
2026-05-20,189500,190100,175300,181000,3723283,673914223000,-5.5816,-40427,-80115,112733,8998,-7316,48925,-366,282,63649,4653,3156,-1439
2026-05-21,192300,235000,191000,235000,5319048,1249976280000,29.8343,-493813,71495,294918,111337,75822,73861,11851,-2010,24078,124790,2610,-21
2026-05-22,241000,247500,228000,237000,4120471,976551627000,0.8511,346009,-589007,198085,22294,39933,11828,585,-279,123640,18781,26132,84
2026-05-26,246000,249000,228000,239500,2749083,658405378500,1.0549,123329,-277224,175273,24963,63210,-239,-3120,-1742,92609,-5143,-16235,-408
2026-05-27,244000,245500,230000,235000,2775873,652330155000,-1.8789,434843,-553384,115237,106897,101749,-64874,-3324,4,-24984,8285,-4981,-231
2026-05-28,234500,243000,215000,225500,3018457,680662053500,-4.0426,-106644,63120,35332,-450,-5815,2008,-3918,49,43513,79,8113,-55
2026-05-29,255500,293000,248500,293000,9055982,2653402726000,29.9335,-559026,-66568,445767,95581,86217,124784,21765,11,118383,172747,7080,-974
2026-06-01,375000,380500,358500,380500,4962100,1888079050000,29.8635,408140,-393970,-280965,-167302,-1680,-40894,-7916,130,-63359,263965,2830,56
2026-06-02,423000,438000,330000,392500,10466703,4108180927500,3.1537,2774489,-2535821,-351075,-51362,-14006,-55769,655,49,-229990,112948,-541,-652
2026-06-04,358000,361000,328000,328000,4288588,1406656864000,-16.4331,1290309,-1043386,-271969,-139706,-60383,-44270,-5704,14,-21801,19422,5624,-119
2026-06-05,320000,336000,294500,303000,6066192,1838056176000,-7.622,1105081,-1061471,-18198,-36309,-14137,-27031,-370,163,58716,-44437,19025,770
2026-06-08,255000,292500,254500,268000,4271907,1144871076000,-11.5512,-25315,77302,-42539,25657,-4118,-72259,5530,-753,2637,1985,-11433,767
2026-06-09,274500,277000,228000,248000,5188949,1286859352000,-7.4627,514286,-389637,-121138,-95355,-11957,-35410,-11780,-61,40333,-18550,15039,-6908
