date,open,high,low,close,volume,trading_value,change_rate,individual_net,foreign_net,institution_net,pension_net,trust_net,privateequity_net,insurance_net,bank_net,financial_net,other_corp_net,other_foreign_net,other_finance_net
2016-05-26,95500,95700,92000,92000,93458,8598136000,-3.5639,18937,-22520,2225,16638,435,-18216,1207,-447,2608,1356,2,0
2016-05-27,92900,98000,92500,97300,127081,12364981300,5.7609,-41617,10188,26448,5792,-1596,12404,5038,1251,-1933,5087,-106,5492
2016-05-30,98100,99700,97500,98000,99409,9742082000,0.7194,-9717,25680,-15703,7028,540,-31994,2900,1839,3068,-227,-33,916
2016-05-31,98000,99400,96500,99300,47352,4702053600,1.3265,-5217,5404,-175,2258,-6593,-1449,3254,1280,379,58,-70,696
2016-06-01,98600,99500,96100,97500,74874,7300215000,-1.8127,27227,-1662,-34208,-5475,-9172,-6565,-12254,565,-768,8573,70,-539
2016-06-02,96500,98600,96000,98400,48846,4806446400,0.9231,-6631,9616,-2985,-1527,-142,-3073,2642,2500,-2048,0,0,-1337
2016-06-03,98400,102500,97500,100000,135127,13512700000,1.626,-27919,39159,-10488,-2477,2052,-13579,128,2500,888,-737,-15,0
2016-06-07,100000,101500,98300,101000,49960,5045960000,1.0,-15788,18620,-2913,3037,-72,0,-961,0,-3769,-100,181,-1148
2016-06-08,101500,104000,100000,103500,76334,7900569000,2.4752,-32725,34880,-2971,-2153,958,-46,512,-1462,-780,820,-4,0
2016-06-09,102500,104500,102000,103500,55137,5706679500,0.0,-24983,28942,-2554,-6124,459,3293,-768,50,367,-1520,115,169
2016-06-10,103500,106000,102000,105000,67025,7037625000,1.4493,-25127,10759,15454,5068,4701,-9928,395,0,15218,-1126,40,0
2016-06-13,104000,106500,103000,104000,61113,6355752000,-0.9524,6243,11025,-17644,-1187,2334,-17364,-154,20,-1293,378,-2,0
2016-06-14,102500,104000,100500,103500,65686,6798501000,-0.4808,-5108,5833,-794,16978,-1975,-11951,-2009,-41,-796,-4,73,-1000
2016-06-15,102500,103500,99900,101500,69708,7075362000,-1.9324,2248,13284,-14470,9504,-3065,-21114,-400,0,605,-1063,1,0
2016-06-16,102000,102000,99000,99900,57783,5772521700,-1.5764,-8495,18422,-10325,2500,-1118,-6989,-2012,0,1118,400,-2,-3824
2016-06-17,100500,102000,100000,102000,204155,20823810000,2.1021,-12738,6810,4928,733,4126,-957,-64,0,1090,995,5,0
2016-06-20,103500,104500,102500,103000,38754,3991662000,0.9804,1822,-6239,3407,-9,-5390,6262,-105,50,2599,938,72,0
2016-06-21,104500,104500,99800,99900,63030,6296697000,-3.0097,8552,19344,-27974,-72,2054,-9642,-33,0,-20281,56,22,0
2016-06-22,100500,101000,98900,99000,55463,5490837000,-0.9009,6227,8213,-15760,-8706,69,568,-3477,-264,-3950,1240,80,0
2016-06-23,98100,99400,96400,96700,64623,6249044100,-2.3232,8952,-16482,8104,0,3979,13801,-4712,1310,-6219,-593,19,-55
2016-06-24,97700,98300,92800,94300,119630,11281109000,-2.4819,-6319,12778,-7761,-12810,6167,3157,-1962,-41,-2329,1274,28,57
2016-06-27,92000,99400,92000,96400,85183,8211641200,2.2269,-8567,-4590,11837,17300,2562,-2257,-2521,21,-3268,1000,320,0
2016-06-28,95100,99100,95100,96600,82467,7966312200,0.2075,-5372,183,11883,13485,3386,-6136,-356,-5000,6862,-6542,-152,-358
2016-06-29,98400,99600,97000,98500,92762,9137057000,1.9669,45255,-31106,-14532,-7991,-1577,-16069,191,0,12137,400,-17,-1223
2016-06-30,98100,99400,96100,97100,97723,9488903300,-1.4213,24709,-34375,7704,-3989,7378,5847,-5177,-54,3699,1951,11,0
2016-07-01,97000,97800,94900,96200,109739,10556891800,-0.9269,10920,-7675,-3265,-12755,-748,3132,1035,0,6071,5,15,0
2016-07-04,96700,96700,94000,94500,93985,8881582500,-1.7672,47673,-8931,-38060,-4940,-20688,-12036,732,0,-1528,-701,19,400
2016-07-05,94500,95800,93500,95700,58664,5614144800,1.2698,10372,7398,-17472,-5229,-441,-9801,-1134,0,-967,-300,2,100
2016-07-06,95500,95500,93300,94200,76646,7220053200,-1.5674,3799,5195,-11825,-618,-8207,-3298,42,0,256,2796,35,0
2016-07-07,94600,95100,94000,94800,55330,5245284000,0.6369,-1064,15199,-14415,-11133,-4827,0,722,0,1123,99,181,-300
2016-07-08,95200,102000,94500,96000,291676,28000896000,1.2658,25165,56727,-81459,-1902,6472,-83399,-2910,0,-720,-339,-94,1000
2016-07-11,97400,99400,97100,97700,150139,14668580300,1.7708,14585,1875,-18277,13166,9389,-43551,-668,0,4118,738,1079,-731
2016-07-12,97900,99300,97600,99000,84512,8366688000,1.3306,-23751,-5874,29811,20825,13955,-6122,2649,0,-1264,-100,-86,-232
2016-07-13,99400,99500,96600,96700,92190,8914773000,-2.3232,1820,-6824,4042,1962,6395,-4963,1076,0,-428,762,200,0
2016-07-14,98400,98400,96000,96500,55002,5307693000,-0.2068,5732,6632,-12377,-11215,238,-18,1289,0,-2671,0,13,0
2016-07-15,97100,97100,94500,95200,57740,5496848000,-1.3472,662,7425,-8067,-6018,-118,-5647,1610,0,2773,-45,25,-667
2016-07-18,95200,95700,94500,95400,39551,3773165400,0.2101,3274,10688,-14581,-5150,-2063,-6392,-388,0,-856,620,-1,268
2016-07-19,96000,96100,95000,95900,29329,2812651100,0.5241,-1347,8606,-7464,-9224,777,-90,-303,0,1244,205,0,132
2016-07-20,95500,99300,95500,99200,102586,10176531200,3.4411,-20439,14367,5753,-6240,5470,-1,1831,0,3093,302,17,1600
2016-07-21,101500,102000,99600,100000,116128,11612800000,0.8065,-17096,19632,-2742,-4796,4632,410,-1045,1435,-3378,241,-35,0
2016-07-22,98300,100500,98300,99300,1385573,137587398900,-0.7,32575,539603,-570264,91954,-366445,93842,26898,500,-417013,-1845,-69,0
2016-07-25,99900,102000,99500,101500,166973,16947759500,2.2155,-187,8360,-8393,-1203,-2483,-3820,-3525,0,2638,226,-6,0
2016-07-26,101500,101500,99400,100000,136148,13614800000,-1.4778,15294,-39251,21542,10891,9573,4388,-4334,0,1738,2325,90,-714
2016-07-27,100000,104000,99900,103500,108331,11212258500,3.5,-15811,1624,14683,15613,352,2242,872,0,-4396,-154,-342,0
2016-07-28,103000,105000,102500,103500,83648,8657568000,0.0,-8973,-23973,32360,17249,15830,560,-458,0,-222,590,-4,-599
2016-07-29,103500,106000,103000,104500,116874,12213333000,0.9662,-17569,11907,-3484,7750,12426,-3792,-15271,0,-4597,9141,5,0
2016-08-01,104000,106500,104000,105500,137775,14535262500,0.9569,-5944,15829,-12237,-2588,2491,-20472,3846,-1000,5486,2514,-162,0
2016-08-02,105000,106000,103500,105000,95895,10068975000,-0.4739,-14089,-14562,28689,12310,14186,-6047,5194,0,3046,0,-38,0
2016-08-03,105000,108000,103000,104000,350473,36449192000,-0.9524,20350,60088,-83598,-415,14351,-167517,1560,3500,64923,3163,-3,0
2016-08-04,103500,104500,101500,103500,88315,9140602500,-0.4808,37300,-4295,-30479,13268,-3423,-7696,191,-45,-32774,-2806,280,0
2016-08-05,102500,107000,102000,106000,142483,15103198000,2.4155,16609,-8831,-7471,9503,2290,-11812,3791,529,-11772,-307,0,0
2016-08-08,106000,107000,104000,104500,80327,8394171500,-1.4151,9725,14328,-23501,4500,-4130,-14921,3125,30,-11105,-553,1,-1000
2016-08-09,104500,105500,103000,104500,128210,13397945000,0.0,-18,34257,-31243,16470,-917,-52494,-3320,23,9742,-3022,26,-747
2016-08-10,104000,104500,103000,104000,77225,8031400000,-0.4785,3718,12096,-20280,418,-4921,-9696,-3338,0,-2743,4317,149,0
2016-08-11,104000,104500,102500,104000,55598,5782192000,0.0,-7529,-1207,4106,-632,-4362,2795,-1237,0,7542,4630,0,0
2016-08-12,104000,105000,103000,103000,48175,4962025000,-0.9615,-4899,17427,-11027,-6682,-3457,-1013,-285,-515,925,-1501,0,0
2016-08-16,93700,98200,93700,97000,332241,32227377000,-5.8252,72311,-38881,-40759,34934,-33807,-14592,-5693,-257,-21944,8829,-1500,600
2016-08-17,96900,96900,89200,92800,394690,36627232000,-4.3299,127729,-102995,-31259,-5128,-15197,3573,-15188,-2860,3441,5909,616,100
2016-08-18,92800,93100,90200,90600,217740,19727244000,-2.3707,40912,-40650,-1513,7470,-4797,-8402,-2499,954,5761,700,551,0
2016-08-19,90800,92300,90000,91300,147935,13506465500,0.7726,44061,17508,-61076,-45542,-16537,1206,-2212,420,1589,414,-907,0
2016-08-22,91300,91500,89800,89800,127151,11418159800,-1.6429,46717,16846,-65819,-52908,-6713,-3777,-796,675,-2470,2145,111,170
2016-08-23,90000,90700,87300,87600,174649,15299252400,-2.4499,64917,18693,-84777,-58319,-12616,-1315,-4324,600,-803,1096,71,-8000
2016-08-24,88600,89900,88400,89100,113657,10126838700,1.7123,30052,22893,-50492,-1599,-6568,-37212,-2712,0,-2401,1776,-4229,0
2016-08-25,89400,90800,89300,90500,63651,5760415500,1.5713,3166,1034,-2733,1906,-4228,-738,-62,0,389,-19,-1448,0
2016-08-26,90600,91000,89100,90400,36411,3291554400,-0.1105,-741,-8712,9453,-2213,-98,4528,-401,0,2637,0,0,5000
2016-08-29,90100,90200,87800,88500,99878,8839203000,-2.1018,19800,-4781,-14527,-716,-1547,2583,-1936,0,-13011,-513,21,100
2016-08-30,88200,90100,88200,88500,59454,5261679000,0.0,17900,1741,-18901,570,-5701,-13393,-920,0,543,-770,30,0
2016-08-31,88800,91800,88600,91600,96147,8807065200,3.5028,-8690,9952,1107,1236,15312,-2097,-114,0,-13230,-2277,-92,0
2016-09-01,91200,92800,91000,92100,63147,5815838700,0.5459,-15080,-715,16675,13431,2472,1543,180,0,-951,133,-1013,0
2016-09-02,92500,92500,90800,92300,71514,6600742200,0.2172,-12802,1380,12639,16992,-1961,-3341,-893,0,1842,-214,-1003,0
2016-09-05,92800,92800,91000,91000,69755,6347705000,-1.4085,18701,-15529,-3099,558,-2773,-1777,95,0,735,-224,151,63
2016-09-06,91000,91700,89300,90000,71774,6459660000,-1.0989,3418,-3573,175,9164,-1041,-3723,1879,-172,-5932,-21,1,0
2016-09-07,90000,90400,87200,87800,118570,10410446000,-2.4444,17957,-15742,-2479,8099,2116,-11970,-2309,5000,-3415,253,11,0
2016-09-08,87800,88300,82600,83500,258171,21557278500,-4.8975,65928,-28136,-42181,-6673,-3394,-19796,-5496,-2269,-4553,4289,100,0
2016-09-09,83600,85000,82900,84300,86142,7261770600,0.9581,11738,-8079,-3438,-1688,-653,-312,-1853,0,1068,-720,499,0
2016-09-12,83700,86100,83500,83500,94772,7913462000,-0.949,-11239,17007,-5194,3409,-37,-2863,802,63,-6568,-594,20,0
2016-09-13,84200,86700,84200,86300,66765,5761819500,3.3533,-21273,14663,7321,7015,3416,-3266,368,0,-212,0,-711,0
2016-09-19,87300,90000,86800,87700,123891,10865240700,1.6222,-21473,32606,-10583,-9048,1604,-1026,63,0,-2176,-470,-80,0
2016-09-20,87100,89300,86200,88500,69773,6174910500,0.9122,8158,-11742,7016,922,-317,463,3934,50,1964,-3506,74,0
2016-09-21,88000,88500,87100,87300,67237,5869790100,-1.3559,4500,19518,-24173,-5484,-16033,4,-845,0,-1815,-50,205,0
2016-09-22,87300,88100,87100,87200,67207,5860450400,-0.1145,-2027,38343,-36325,-22849,-10605,-1744,-386,0,-685,-37,46,-56
2016-09-23,87000,87000,82900,83500,248212,20725702000,-4.2431,46524,50740,-96878,4045,-44200,-39668,-5840,-2200,-9015,-550,164,0
2016-09-26,83400,84000,80700,80900,242733,19637099700,-3.1138,64052,-20504,-46157,9683,-18399,-26086,542,-2500,-9397,2507,102,0
2016-09-27,80900,83700,79800,82700,201495,16663636500,2.225,-19626,56378,-34960,-27470,1272,-12360,300,0,3298,-2010,218,0
2016-09-28,82700,83800,82500,82600,65244,5389154400,-0.1209,-7767,22645,-13478,-3367,-6576,59,-2711,-2000,1117,-1335,-65,0
2016-09-29,82000,84300,82000,83000,109913,9122779000,0.4843,-22334,-10446,35237,11818,10975,4260,559,0,7625,-2046,-411,0
2016-09-30,83100,83600,81100,82900,102313,8481747700,-0.1205,10186,-25579,15954,3361,7418,55,2062,0,3058,-566,5,0
2016-10-04,84000,85300,83800,85200,86534,7372696800,2.7744,-9575,29361,-19741,-9340,-4423,184,2453,0,-8615,68,-113,0
2016-10-05,84100,85000,81900,81900,96621,7913259900,-3.8732,48272,-42466,-6800,-3221,-4128,-823,-149,200,1321,600,394,0
2016-10-06,82600,82700,81600,81900,52139,4270184100,0.0,5692,-2234,-3742,-682,2108,289,-2934,249,-2876,-331,615,104
2016-10-07,82400,82400,80200,80400,87589,7042155600,-1.8315,15802,-5574,-8172,-3297,1430,-1692,-194,-150,-4269,-1982,-74,0
2016-10-10,80800,81400,80200,80300,49185,3949555500,-0.1244,12756,4238,-12990,-11993,-3757,2957,338,-620,85,-4030,26,0
2016-10-11,80500,82800,80400,81900,68623,5620223700,1.9925,-12225,26538,-12785,-11449,-2836,2784,1007,-100,-2191,-1120,-408,0
2016-10-12,81400,81500,79900,80100,141784,11356898400,-2.1978,58715,-41098,-18144,8370,-7978,-12572,-5038,0,-926,450,77,0
2016-10-13,80400,80500,76700,76700,181708,13937003600,-4.2447,48642,-27395,-23982,-4671,-11464,166,-4722,-63,-3228,2793,-58,0
2016-10-14,77500,79500,76300,78500,85586,6718501000,2.3468,-13978,12753,1258,3255,546,-10,1210,0,-3743,-7,-26,0
2016-10-17,78200,78900,76000,77300,83947,6489103100,-1.5287,12144,-3914,-9770,6323,-2875,-14264,-2737,0,3783,1589,-49,0
2016-10-18,77300,78600,76700,77600,51760,4016576000,0.3881,534,-3110,2575,7305,-3517,-2853,-2999,-50,4689,0,1,0
2016-10-19,78000,80100,78000,78200,85170,6660294000,0.7732,-5618,-22433,28057,12821,-2382,7600,-698,0,10716,-5,-1,0
2016-10-20,78700,80000,78200,78500,47696,3744136000,0.3836,1202,-5254,4354,8194,-6967,-1217,968,2000,1376,-313,11,0
2016-10-21,79100,79800,77900,79800,42710,3408258000,1.6561,-1854,5915,-4136,446,-4028,-204,-264,0,-86,50,25,0
2016-10-24,79900,80400,78200,78500,78728,6180148000,-1.6291,3492,14289,-18381,-15016,-424,-5309,-467,0,2835,600,0,0
2016-10-25,78500,79600,78000,79200,38685,3063852000,0.8917,-9533,526,8893,4960,439,482,7,0,3005,595,-481,0
2016-10-26,78500,79200,76400,77300,87306,6748753800,-2.399,6976,-5209,-1173,3555,-2897,1905,-6362,200,2426,-200,-394,0
2016-10-27,78200,78300,75200,76000,112377,8540652000,-1.6818,42585,-30021,-14905,7952,-8105,6779,-9959,0,-11572,850,1491,0
2016-10-28,76300,76800,75200,76500,73134,5594751000,0.6579,-10628,10875,3630,-14305,3913,13834,-43,0,231,-3861,-16,0
2016-10-31,76000,76400,73300,74000,134526,9954924000,-3.268,2809,26513,-15147,-9792,-4954,4408,-10970,420,5741,-14187,12,0
2016-11-01,73400,73500,69600,70300,229640,16143692000,-5.0,41757,47249,-87558,-27921,-8876,-25571,-9781,1451,-12184,-1334,-114,-4676
2016-11-02,70000,70000,65200,65500,285452,18697106000,-6.8279,14550,36411,-53698,-56957,-342,-4109,-5976,9223,4407,1564,1173,56
2016-11-03,65500,68800,64400,68000,227772,15488496000,3.8168,-28166,56133,-27423,-40397,16231,-12561,7667,1000,637,-589,45,0
2016-11-04,68200,73000,67800,71400,230144,16432281600,5.0,-36781,63509,-22401,-12720,-5085,-1795,-95,-3000,294,-3114,-1213,0
2016-11-07,72000,73800,72000,73500,93588,6878718000,2.9412,-3366,22274,-18917,-11591,1955,-9268,5718,-3500,-2231,10,-1,0
2016-11-08,74500,74500,71500,72000,41459,2985048000,-2.0408,8758,6190,-14741,-3125,31,-6231,-19,-3500,-1897,0,-207,0
2016-11-09,72900,81900,70400,76000,1003232,76245632000,5.5556,44028,-38649,-3729,-12684,29439,-25406,72225,1499,-68802,-736,-914,0
2016-11-10,76800,81300,76200,77500,401065,31082537500,1.9737,-33474,37244,-1466,-29716,15679,-39009,26368,8280,16392,-2152,-152,540
2016-11-11,77500,78900,72200,73700,232896,17164435200,-4.9032,5172,10342,-15338,-7396,-3737,-9511,6782,1345,-2821,-910,734,0
2016-11-14,72700,75700,71700,73600,129506,9531641600,-0.1357,-11449,42060,-28899,-27606,2671,-7044,846,-2204,4438,-1515,-197,0
2016-11-15,67600,73300,67400,72000,403825,29075400000,-2.1739,-27701,81402,-54377,11708,-9304,-74747,3027,-3649,18588,-955,1631,0
2016-11-16,72100,77200,72100,76600,185828,14234424800,6.3889,-39219,35737,3724,-11496,2122,4900,5250,-1604,4552,-217,-25,0
2016-11-17,77500,77600,74600,75700,74508,5640255600,-1.1749,3713,-19132,16018,2882,5339,5646,506,0,1645,-500,-99,0
2016-11-18,76600,76600,74300,74300,102546,7619167800,-1.8494,-16582,30955,-14375,-14440,-821,0,-28,0,876,0,2,38
2016-11-21,75200,75400,73500,75000,41434,3107550000,0.9421,-9832,7873,1966,9119,-1241,7,-126,0,-5793,3,-10,0
2016-11-22,75000,76700,74000,76100,52490,3994489000,1.4667,-9157,-12059,21211,14435,4219,2568,-50,0,39,6,-1,0
2016-11-23,76800,76900,74600,75000,47305,3547875000,-1.4455,4104,3057,-6542,-8129,19,5930,-40,100,-4422,-600,-19,0
2016-11-24,75600,75600,73000,73000,48406,3533638000,-2.6667,3616,6024,-9485,0,-325,-10152,88,0,904,-127,-28,0
2016-11-25,74200,77900,74200,77000,123571,9514967000,5.4795,-43520,51638,-7706,-6018,3452,-5495,-4233,1287,3301,-354,-58,0
2016-11-28,76800,76800,75200,75800,39894,3023965200,-1.5584,-4521,-1497,6054,-2143,-152,7430,806,0,113,-36,0,0
2016-11-29,75800,77300,74500,77000,74659,5748743000,1.5831,-12409,14755,-2339,-1748,487,1048,-774,0,-1352,0,-7,0
2016-11-30,77400,77500,75000,75400,71593,5398112200,-2.0779,2697,-14254,12760,11516,326,500,287,0,131,-1205,2,0
2016-12-01,76100,76400,74700,75900,32941,2500221900,0.6631,-1900,-4658,6314,10520,-764,265,277,-270,-3714,244,0,0
2016-12-02,76000,77100,75000,75500,77340,5839170000,-0.527,-3145,-16816,19974,14592,1207,321,4082,1338,-1566,0,-13,0
2016-12-05,76200,76400,74800,75100,40872,3069487200,-0.5298,-5059,-1043,6102,-5635,11661,-36,-169,0,281,0,0,0
2016-12-06,75000,75700,74800,75200,28107,2113646400,0.1332,-4958,54,4862,-1734,5106,474,537,0,479,42,0,0
2016-12-07,75200,75300,74100,75000,38223,2866725000,-0.266,-3459,16687,-9298,-4111,-975,-776,-3783,0,347,-3930,0,0
2016-12-08,76400,76400,74700,75000,51901,3892575000,0.0,2175,22924,-25099,-5794,1413,-6149,-10630,180,-4119,0,0,0
2016-12-09,74700,77400,74700,77100,46757,3604964700,2.8,-10275,10719,-244,-3188,486,1603,-1923,-280,3058,-200,0,0
2016-12-12,77700,79900,75900,79300,70677,5604686100,2.8534,-23700,1906,21797,7349,9378,8354,-1720,-1500,-64,0,-3,0
2016-12-13,78700,79500,76800,78800,80300,6327640000,-0.6305,-3080,14574,-10158,5145,-11777,25,4252,-4000,-3803,-1339,3,0
2016-12-14,79600,82300,79400,81900,147288,12062887200,3.934,-64225,42528,22676,15929,10691,9030,-6517,0,-6457,0,-979,0
2016-12-15,81500,82600,80500,82000,62331,5111142000,0.1221,-6110,-4579,10640,7316,-281,8569,695,102,-5964,203,-154,203
2016-12-16,82000,82000,80800,81900,45428,3720553200,-0.122,-4393,4542,-149,3035,-77,0,1299,0,-4406,0,0,0
2016-12-19,83300,83300,81600,81700,65082,5317199400,-0.2442,-2005,9112,-7607,-1995,169,-303,-4781,0,-697,500,0,0
2016-12-20,82000,83300,81900,82600,71987,5946126200,1.1016,-15293,28806,-13403,-2805,3250,-1833,-13279,0,1264,0,-110,0
2016-12-21,83100,83100,82000,82300,34858,2868813400,-0.3632,-6896,21365,-14268,-124,-7692,-124,-4901,0,-1427,-201,0,0
2016-12-22,81300,81900,80500,81100,44204,3584944400,-1.4581,-7811,21712,-13645,577,-4343,-4936,-6333,0,1390,-256,0,0
2016-12-23,80500,81500,80500,81100,33311,2701522100,0.0,-6011,18206,-12195,2777,-2451,-7786,-4683,0,-52,0,0,0
2016-12-26,81000,81100,79600,80100,55316,4430811600,-1.233,-10834,31634,-22222,294,-9912,34,-7652,93,-5079,1422,0,0
2016-12-27,81000,82000,80100,81100,31058,2518803800,1.2484,-14050,14662,-162,1765,-687,-1158,-169,-93,180,-438,-12,0
2016-12-28,81200,83300,80600,81100,50075,4061082500,0.0,-10740,18067,-7308,9959,-2667,-14400,913,0,-1094,0,-19,-19
2016-12-29,80500,81800,80200,80500,44704,3598672000,-0.7398,1686,20193,-21579,-2292,-2788,-15671,-861,0,33,-300,0,0
2017-01-02,79700,82000,79700,81700,19693,1608918100,1.4907,-1079,1904,-425,0,2056,-3368,-629,0,1516,-400,0,0
2017-01-03,82000,83000,81700,82900,39319,3259545100,1.4688,-7243,8230,-106,4177,-5228,-500,2240,0,-795,-865,-16,0
2017-01-04,83000,84300,82800,83800,64025,5365295000,1.0856,-35120,28297,7308,16148,-3571,-1833,7,0,-3443,-484,-1,0
2017-01-05,83500,84400,81400,82200,51601,4241602200,-1.9093,14051,-1899,-12123,3890,-6714,-3200,-5131,0,-968,-15,-14,0
2017-01-06,83000,84000,82300,83200,51331,4270739200,1.2165,-3800,17878,-13821,536,-11151,-700,-991,0,-1515,-257,0,0
2017-01-09,83200,83200,81300,81300,23869,1940549700,-2.2837,10644,-3703,-6941,0,-5108,-1504,-4548,4000,219,0,0,0
2017-01-10,81300,81300,79400,79800,82654,6595789200,-1.845,13753,38242,-51374,-13558,-10207,-14923,-12001,0,315,-625,4,-1000
2017-01-11,80200,80800,78500,79300,73780,5850754000,-0.6266,18108,19180,-37140,-15167,-7219,-13461,-2824,2000,-469,-151,3,0
2017-01-12,79600,82300,78100,82300,66236,5451222800,3.7831,-22527,36127,-13658,-6646,-430,2504,-3888,0,-5198,60,-2,0
2017-01-13,81900,82200,80000,80500,71964,5793102000,-2.1871,22869,13963,-37233,9724,-18246,-4350,-18227,-2517,-3617,400,1,0
2017-01-16,80500,80500,79200,79700,31267,2491979900,-0.9938,1429,7384,-8713,-985,-7276,-6,-296,100,-250,-100,0,0
2017-01-17,80400,80400,79000,79400,42616,3383710400,-0.3764,2596,18165,-20370,1075,-9859,-7314,-3807,-81,-384,-392,1,0
2017-01-18,80000,80300,78700,79700,40806,3252238200,0.3778,4500,14248,-18748,-1390,-4070,-4755,-7551,99,-1081,0,0,0
2017-01-19,80500,80800,79500,80700,42665,3443065500,1.2547,-7621,16580,-8959,3439,-7930,-1767,-3124,127,296,0,0,0
2017-01-20,80500,80700,79600,79800,41693,3327101400,-1.1152,-4001,15700,-10689,1893,-8763,-1011,34,10,-2852,-1010,0,0
2017-01-23,79900,80500,77100,77100,55491,4278356100,-3.3835,23978,-9063,-14615,-2341,-6082,-2517,-385,-2230,-1060,-302,2,0
2017-01-24,77600,77700,73900,75000,96178,7213350000,-2.7237,18819,-3989,-11285,15340,-13538,2287,-5990,-1087,-8297,-3567,22,0
2017-01-25,75000,75100,71100,71400,101155,7222467000,-4.8,37953,-16158,-22145,-1529,-15098,-1663,-2877,100,-1078,90,260,0
2017-01-26,71400,73200,71100,71300,72733,5185862900,-0.1401,45505,-5581,-39925,-12344,-14987,-1971,-2024,20,-8619,0,1,0
2017-01-31,71300,73100,70700,72400,56721,4106600400,1.5428,-11802,15839,-4166,-783,-7971,32,-1508,0,6064,122,7,0
2017-02-01,72400,73000,71300,72100,44618,3216957800,-0.4144,17336,-7586,-7432,-6457,-1807,435,-3,50,350,-18,-2300,0
2017-02-02,71500,72700,71500,72100,40830,2943843000,0.0,6077,-8701,2604,938,1260,726,-2046,0,1726,0,20,0
2017-02-03,72100,72200,70600,72000,40037,2882664000,-0.1387,-10658,17405,-6493,-3778,640,253,-165,-4000,545,-247,-7,12
2017-02-06,71600,71600,69800,70200,54757,3843941400,-2.5,13412,-7534,-5984,-1778,1857,-5266,6,0,-825,203,-97,22
2017-02-07,70300,71100,70100,70700,32289,2282832300,0.7123,7192,-2098,-4514,54,-4119,-1999,-150,0,1678,-580,0,22
2017-02-08,69500,69800,66800,67100,236276,15854119600,-5.0919,103688,-51833,-51987,-6806,-20725,-8521,-21712,2367,3692,5,127,-282
2017-02-09,67000,69000,66200,68000,74754,5083272000,1.3413,-528,7697,-6899,-542,-3091,-474,-6070,330,2286,-269,-1,662
2017-02-10,68200,68400,65600,66000,116272,7673952000,-2.9412,45087,1888,-47379,-11837,-16101,-11154,-15855,10,7425,400,4,133
2017-02-13,66900,68800,66800,68000,72224,4911232000,3.0303,-17585,10387,7199,-2510,-8002,1145,12457,71,3896,0,-1,142
2017-02-14,68800,70300,67500,70200,69603,4886130600,3.2353,-13235,2694,6163,-1589,-5276,10233,-9,153,2283,-820,5198,368
2017-02-15,70700,73000,70600,71700,92234,6613177800,2.1368,-29062,-570,29548,6145,2695,6840,4710,-50,6780,0,84,2428
2017-02-16,72500,72500,69400,70500,56265,3966682500,-1.6736,9933,-1372,-8629,-1223,-11732,5833,-77,0,-1430,0,68,0
2017-02-17,70500,71100,70300,71000,52177,3704567000,0.7092,221,6147,-6172,-5953,-2278,3192,-2499,0,1366,0,-196,0
2017-02-20,71000,72900,70500,70800,49901,3532990800,-0.2817,-2280,-4313,6542,6130,-6422,10228,-3850,0,456,50,1,0
2017-02-21,70900,70900,70200,70400,61908,4358323200,-0.565,18005,4101,-22075,-654,-7825,1402,-13293,-1855,0,30,-61,150
2017-02-22,70300,71400,70200,71000,105372,7481412000,0.8523,6011,17212,-23020,-12590,-4847,2590,-1180,0,-6993,-193,-10,0
2017-02-23,71100,71600,70400,71000,107799,7653729000,0.0,2524,-24069,21545,6037,6481,-146,1817,-50,7406,0,0,0
2017-02-24,71000,72700,71000,72100,78040,5626684000,1.5493,-29898,-4116,34065,27526,-379,1478,2820,-150,2770,-50,-1,0
2017-02-27,72100,73300,71100,72800,61729,4493871200,0.9709,-10190,-16866,26988,24941,776,8497,-6823,609,-1012,70,-2,0
2017-02-28,73700,74500,72100,74300,86377,6417811100,2.0604,-18646,-23514,41620,27630,7913,9143,-3576,469,41,441,99,0
2017-03-02,74400,75200,70300,71500,158324,11320166000,-3.7685,-16799,-52079,69187,51724,14103,8745,1587,340,-7024,-16,-293,-288
2017-03-03,71500,75700,71100,75100,113427,8518367700,5.035,-49282,3128,46813,23048,12313,9196,5294,-33,-3289,-478,-181,284
2017-03-06,75100,76000,74400,75400,65060,4905524000,0.3995,-6112,-19982,25589,22079,6756,359,-84,-10,-3511,313,192,0
2017-03-07,76100,78400,75600,76300,129519,9882299700,1.1936,-19942,-8048,27529,27653,-7647,10924,88,0,-5709,95,366,2220
2017-03-08,76900,77100,74400,76200,115471,8798890200,-0.1311,959,-55057,54075,47130,8324,22,-35,0,-1366,0,23,0
2017-03-09,76900,78600,76200,78000,115645,9020310000,2.3622,-35495,1614,34125,47645,-1188,-11894,1537,130,-2978,0,-244,873
2017-03-10,78800,80900,78100,80000,142791,11423280000,2.5641,-43240,16665,26763,29486,-2497,-2725,6258,37,-4127,93,-281,331
2017-03-13,80000,80900,78200,78500,86713,6806970500,-1.875,19006,-15116,-4143,-182,2611,-3658,-920,10,-2004,122,131,0
2017-03-14,78300,78300,76000,76700,93232,7150894400,-2.293,796,10897,-11751,-508,428,-10158,-1201,10,-322,-105,163,0
2017-03-15,76500,77600,75900,76500,34431,2633971500,-0.2608,-2163,15796,-13527,-3506,-2761,-4617,-2334,0,-309,-100,-6,0
2017-03-16,77300,77400,74800,77000,70432,5423264000,0.6536,-8108,-7461,15632,15602,-7473,4243,2421,0,837,-130,67,2
2017-03-17,77000,80500,76500,79900,124770,9969123000,3.7662,-51586,10886,34766,33790,-9211,1094,11991,-10,-3044,5936,-2,156
2017-03-20,80000,80500,78400,79000,47620,3761980000,-1.1264,8136,-16596,8453,7689,-114,-36,-187,0,1101,-15,22,0
2017-03-21,79600,80800,78200,80400,155142,12473416800,1.7722,-15061,-18875,34241,9678,4237,9500,4462,1222,5142,200,-505,0
2017-03-22,80400,80500,78200,78500,103637,8135504500,-2.3632,-2171,-20132,22952,11152,-358,1920,5468,0,4856,-665,16,-86
2017-03-23,79300,81600,79300,81200,126992,10311750400,3.4395,-40497,16087,24641,25096,1979,-7049,3370,-1204,2449,-208,-23,0
2017-03-24,81200,81700,79900,81400,67705,5511187000,0.2463,-17334,4007,12126,21459,-36,2842,-5605,-1619,-4915,201,1000,0
2017-03-27,80600,81600,79100,81200,45099,3662038800,-0.2457,-9999,-8272,18261,14972,5924,-2065,90,-1926,1266,0,10,0
2017-03-28,80800,82300,79700,80100,60760,4866876000,-1.3547,2489,967,-3458,-10936,-311,1196,6782,-1813,1604,0,2,20
2017-03-29,79900,80900,77600,77900,90433,7044730700,-2.7466,35041,-9609,-25997,-6364,-5781,-219,835,5000,-19468,524,41,0
2017-03-30,77500,78600,76800,77600,52571,4079509600,-0.3851,11217,-6283,-3381,-353,-5253,-152,-3257,5050,584,-731,-822,0
2017-03-31,77700,79500,77600,78500,59332,4657562000,1.1598,-8929,-5284,14268,3545,-107,5820,1231,6000,-2221,-105,50,0
2017-04-03,78400,79500,78300,79100,54230,4289593000,0.7643,-2185,-1885,4042,4880,-127,3565,-1547,0,-2729,28,0,0
2017-04-04,79500,80900,78600,80800,55395,4475916000,2.1492,-19013,6188,13038,10685,-3073,-2,7376,0,-1948,0,-213,0
2017-04-05,81300,82100,79600,81200,60779,4935254800,0.495,-11233,3177,8056,10094,1763,792,2028,0,-6621,0,0,0
2017-04-06,80300,82400,80200,81300,66270,5387751000,0.1232,-19980,-316,19567,13386,5109,991,2453,0,-2372,717,12,0
2017-04-07,81800,82900,81600,82800,131554,10892671200,1.845,-51556,19110,32448,9663,-144,15044,4354,-10,3541,0,-2,0
2017-04-10,83300,84700,82800,83100,126407,10504421700,0.3623,-20046,11964,8106,10823,-11935,3586,617,-100,5115,0,-24,0
2017-04-11,83000,83100,80400,82200,74442,6119132400,-1.083,-3332,-13612,16831,15233,3400,260,1763,-1835,-2069,122,-9,79
2017-04-12,82000,82700,80600,81000,66306,5370786000,-1.4599,-9043,2624,6294,4609,1271,-1094,1318,0,190,0,125,0
2017-04-13,81000,81400,79600,79600,78000,6208800000,-1.7284,4984,215,-4234,8637,-7277,-4391,1215,0,-2418,-1024,59,0
2017-04-14,79700,81600,79700,80300,53158,4268587400,0.8794,-10262,7678,3863,5808,-153,-1851,7082,0,-7023,-658,-621,0
2017-04-17,81000,83600,81000,82900,86977,7210393300,3.2379,-39285,28511,10775,12584,915,1760,449,1300,-6484,0,-1,251
2017-04-18,82800,84800,82600,84700,129759,10990587300,2.1713,-48804,37180,11188,6221,1999,4454,7216,135,-8837,440,-4,0
2017-04-19,84900,88500,84900,87800,210347,18468466600,3.66,-81421,50248,31351,22298,16261,4032,13488,2500,-24235,-123,-55,-2993
2017-04-20,90000,90400,86800,87000,111640,9712680000,-0.9112,-2719,20284,-15548,2940,5418,-11803,-3464,500,-8782,-2049,32,-357
2017-04-21,88000,88500,84500,85800,92399,7927834200,-1.3793,14010,-13037,-905,7876,-1019,-6414,-2310,0,2266,-100,32,-1304
2017-04-24,85900,86900,84200,84600,73947,6255916200,-1.3986,4054,-4628,1073,12341,-6419,-3071,-1408,-1042,672,-514,15,0
2017-04-25,84400,86200,84100,84600,57126,4832859600,0.0,-4144,-2927,5923,12423,1078,-1672,143,0,-6049,150,998,0
2017-04-26,84800,87000,84000,86800,97838,8492338400,2.6005,-6899,-9905,16847,17949,-1907,-1363,6671,885,-4875,-29,-14,-513
2017-04-27,81800,84200,79900,80000,435388,34831040000,-7.8341,149866,-50689,-100097,-5921,-37749,-16994,-16467,-2900,-7994,1428,-508,-12072
2017-04-28,79500,81000,79500,80700,111764,9019354800,0.875,-849,15877,-14725,22340,-29462,-5317,193,0,-2229,-302,-1,-250
2017-05-02,81100,81200,78200,78200,107118,8376627600,-3.0979,23345,-12649,-11439,-2119,-7332,-919,-3393,0,-2676,660,83,5000
2017-05-04,78400,79800,78400,79500,77306,6145827000,1.6624,406,19981,-20322,-12045,-8474,374,-947,0,770,10,-75,0
2017-05-08,79300,82300,79300,81300,120785,9819820500,2.2642,-13962,14824,-1017,-168,-1491,571,-610,-149,836,155,0,-6
2017-05-10,81000,82300,80100,81800,126640,10359152000,0.615,-18249,17268,1479,-2854,4962,-2688,658,0,1401,-235,-263,0
2017-05-11,81800,82000,80700,80700,82734,6676633800,-1.3447,7508,-3978,-3512,-8396,-1889,8049,-92,0,-1184,30,-48,0
2017-05-12,81100,81400,79700,81300,74819,6082784700,0.7435,4101,2306,-5890,-4693,-1913,-194,-79,0,989,-480,-37,0
2017-05-15,82000,82300,80400,81000,39756,3220236000,-0.369,7909,-7194,-694,-321,-608,-217,843,1000,-1391,0,-21,0
2017-05-16,80700,81600,80000,81300,66734,5425474200,0.3704,-747,-15836,16974,2123,1893,2251,9656,-185,1172,-71,-320,64
2017-05-17,81200,81300,78700,79200,77711,6154711200,-2.583,12906,-14647,2480,277,-2712,227,4262,0,426,349,-1088,0
2017-05-18,78500,80700,78000,79500,101481,8067739500,0.3788,-12656,4678,8978,11378,-77,0,1738,-4421,360,-950,-50,0
2017-05-19,80000,81100,79700,79900,72572,5798502800,0.5031,5774,-5727,465,4743,-372,1312,-5497,0,279,281,-793,0
2017-05-22,80200,82800,80200,82300,95817,7885739100,3.0038,-33159,4828,29030,28099,-499,5361,-406,0,-4186,243,-942,661
2017-05-23,83000,83100,81500,82500,69850,5762625000,0.243,-13297,6541,8149,2207,516,6939,-1781,0,268,-568,-825,0
2017-05-24,82600,83800,81300,83400,98106,8182040400,1.0909,-30765,31412,1683,1240,-774,217,211,2534,-1745,170,-2500,0
2017-05-25,83400,84500,81900,83800,110035,9220933000,0.4796,-8895,-24260,37065,47022,-2579,-182,-5598,478,-2076,-2796,-1114,0
2017-05-26,83800,84000,82400,82400,48958,4034139200,-1.6706,14649,-2458,-10371,-4182,-2098,553,-310,106,-4440,-230,-1590,0
2017-05-29,82500,83400,81400,81500,59636,4860334000,-1.0922,5008,-1911,-3004,10111,3014,-1014,-13949,0,-1166,7,-100,0
2017-05-30,82300,83500,81500,82700,68960,5702992000,1.4724,-1624,2726,-49,3915,3518,-360,-979,0,-6143,-949,-104,0
2017-05-31,83000,83100,81000,82000,79271,6500222000,-0.8464,19561,-28317,9077,14949,-2510,1684,-10211,0,5165,-352,31,0
2017-06-01,81500,81700,80600,81100,62802,5093242200,-1.0976,15473,-17553,1920,4584,2838,-51,-1079,0,-4372,470,-310,0
2017-06-02,81200,82700,81000,82500,75487,6227677500,1.7263,-6644,-8677,15311,12208,-528,938,1908,0,546,10,0,239
2017-06-05,82900,83000,80800,81200,96177,7809572400,-1.5758,20440,-34486,14145,3994,166,7178,2147,0,660,-100,1,0
2017-06-07,81300,81600,78300,78300,199311,15606051300,-3.5714,106031,-73245,-34142,-24015,-2915,2216,-473,-5867,-2926,1240,116,-162
2017-06-08,78300,78400,74900,75900,633283,48066179700,-3.0651,147125,-225664,76088,-34532,129093,-18797,24744,-5308,-19504,1764,687,392
2017-06-09,76000,76400,74900,74900,143160,10722684000,-1.3175,46313,-52186,4964,-4960,9574,-594,-2601,715,2830,813,96,0
2017-06-12,75000,75400,73100,73100,127828,9344226800,-2.4032,39300,-13641,-26160,-28444,-1207,401,3786,-860,164,478,23,0
2017-06-13,73200,74500,73000,73000,131045,9566285000,-0.1368,41674,-40492,-3189,-3345,-624,1512,2139,-1000,-1871,1965,42,0
2017-06-14,73100,73200,72100,72100,124019,8941769900,-1.2329,43662,-51852,8516,1370,2268,6672,-440,-3000,1646,-263,-63,0
2017-06-15,72200,72700,71800,72200,98371,7102386200,0.1387,31639,-53684,19609,2993,1803,4571,-238,0,10480,2255,181,0
2017-06-16,72300,72500,71100,71200,122098,8693377600,-1.385,32968,-8424,-22697,-2276,-12009,-660,-2742,-188,-4822,-1819,-28,0
2017-06-19,71400,74800,71400,74700,143250,10700775000,4.9157,-45055,-1326,49270,11220,10828,6149,4218,70,16789,-2838,-51,-4
2017-06-20,74800,75300,73200,74100,101939,7553679900,-0.8032,-1099,-25825,26175,17381,-289,7403,133,-60,933,288,461,674
2017-06-21,74000,75100,72400,73200,118797,8695940400,-1.2146,18905,-25990,6484,18822,-6870,-1405,-4648,0,830,712,-111,-245
2017-06-22,73000,74600,71800,74200,75149,5576055800,1.3661,-12034,-3528,15788,15463,-235,-18,-43,70,551,-260,34,0
2017-06-23,74700,75500,73000,75200,107944,8117388800,1.3477,-26988,1491,25700,14172,4198,6455,-4879,0,5754,0,-203,0
2017-06-26,75500,75500,73800,74300,37950,2819685000,-1.1968,-1696,-6690,10036,4756,545,779,-120,0,4076,-1500,-150,0
2017-06-27,74300,75200,73300,74500,48816,3636792000,0.2692,-4250,-1202,5750,4898,101,435,-2057,0,2373,0,-298,0
2017-06-28,75000,75000,73600,74100,39854,2953181400,-0.5369,3902,-8322,5820,1101,3018,138,-31,0,1594,-1400,0,0
2017-06-29,74200,75800,74100,75700,58427,4422923900,2.1592,-23378,-2886,28312,13596,1004,1024,2512,0,10176,-2000,-48,0
2017-06-30,75700,75700,73800,74000,46855,3467270000,-2.2457,17911,-16697,-1243,448,-1676,640,1011,419,-2100,30,-1,15
2017-07-03,74900,75300,73100,73300,52415,3842019500,-0.9459,8060,1571,-11624,-5953,-5913,108,145,15,569,2000,-7,-595
2017-07-04,73300,75100,73300,74300,70931,5270173300,1.3643,6551,-9757,3207,-3427,-1030,-617,119,0,8162,0,-1,0
2017-07-05,74300,75000,73600,73900,44545,3291875500,-0.5384,-1237,-180,1865,7733,-4328,282,-36,0,-1786,-448,0,0
2017-07-06,73700,74600,73500,74000,36559,2705366000,0.1353,-2984,-3301,5837,7909,-59,141,66,0,-2220,448,0,0
2017-07-07,73700,74400,72200,72800,63226,4602852800,-1.6216,8046,-7917,12,4516,-1641,-3924,-15,0,1076,-270,129,0
2017-07-10,72800,73200,69700,70200,164068,11517573600,-3.5714,41151,-28909,-14786,4536,-465,-11513,-128,-1270,-5946,2571,-27,0
2017-07-11,70800,71500,70300,70600,50851,3590080600,0.5698,493,895,-1520,2311,300,-1948,-123,0,-2060,-17,149,0
2017-07-12,70400,72000,70100,70800,69778,4940282400,0.2833,6676,230,-7191,10042,-11356,-1059,5,-2100,-2723,283,2,0
2017-07-13,70500,71000,70200,70700,76968,5441637600,-0.1412,8672,943,-10821,1982,-4182,-1692,-4132,-1500,-1297,1200,6,0
2017-07-14,70500,70700,68200,68800,111734,7687299200,-2.6874,47167,385,-49605,778,-15292,-12650,-10107,-2515,-9819,2014,39,0
2017-07-17,68200,68400,65000,67100,283774,19041235400,-2.4709,85583,-51984,-23944,51431,-49041,-10559,-695,-374,-16387,-9649,-6,1681
2017-07-18,66300,67900,66300,67200,170224,11439052800,0.149,1907,-27299,24063,32272,-23801,-1115,2195,0,14512,1329,0,0
2017-07-19,67300,70900,67300,70900,201826,14309463400,5.506,-35698,77754,-41446,-29372,-9484,-3330,3893,0,-2813,-475,-135,-340
2017-07-20,71300,71300,70000,70900,87111,6176169900,0.0,-11685,2202,9659,4370,6490,961,48,0,-2210,-171,-5,0
2017-07-21,70900,73100,70100,72500,112391,8148347500,2.2567,-30471,84,30802,23622,871,1061,5981,0,-733,-400,-15,0
2017-07-24,71700,73100,71700,72600,84406,6127875600,0.1379,-2085,-12477,13352,11626,350,-5,-96,0,1477,1500,-290,0
2017-07-25,72900,73500,72900,73300,90351,6622728300,0.9642,-14610,-6299,19690,2868,6998,751,-2611,0,11684,1288,-69,0
2017-07-26,76800,80500,76300,80200,701321,56245944200,9.4134,-296511,215456,82604,-42725,99859,8026,451,1353,11881,-1435,-114,3759
2017-07-27,80100,83200,78800,83100,282361,23464199100,3.616,-128697,118827,11852,14003,-5039,8788,-526,1310,-5943,-2334,352,-741
2017-07-28,82100,83500,81000,82500,130059,10729867500,-0.722,-39668,22361,19730,8219,8056,2725,22,0,1369,-1901,-522,-661
2017-07-31,83800,85600,81900,81900,134725,11033977500,-0.7273,-35506,19770,16436,2459,3876,3346,-89,6,10335,-356,-344,-3497
2017-08-01,82300,85400,82200,85200,155793,13273563600,4.0293,-72688,17829,54475,21759,25950,5429,7115,-1410,-5625,316,68,1257
2017-08-02,85000,85300,81600,82200,130053,10690356600,-3.5211,-14836,-20440,33426,17844,12041,-722,-1238,-290,6061,1917,-67,-270
2017-08-03,81700,82600,80100,80300,114800,9218440000,-2.3114,-10095,-16075,25227,16044,-397,-486,836,0,9230,864,79,0
2017-08-04,80300,81000,79400,79800,88526,7064374800,-0.6227,6676,-20113,13117,10187,-1252,-16,536,-15,3387,210,110,290
2017-08-07,80200,81800,79100,80400,92502,7437160800,0.7519,3502,-12294,8721,6928,1030,-90,-1292,-9,1301,100,-29,853
2017-08-08,80700,81300,79200,79600,62014,4936314400,-0.995,11873,-1395,-10631,-4567,-3034,0,-13,0,-3017,163,-10,0
2017-08-09,79900,84500,79700,83500,200604,16750434000,4.8995,-47330,21036,27362,14155,-525,8447,785,488,4012,-962,-106,0
2017-08-10,82900,83500,80000,82500,137449,11339542500,-1.1976,2825,-49093,46206,19591,11925,1023,8080,0,5587,-150,212,0
2017-08-11,83400,83500,80000,80800,117891,9525592800,-2.0606,-6930,-14061,21033,4645,-914,-69,10884,11,6429,100,-142,47
2017-08-14,80800,81000,77300,79100,98623,7801079300,-2.104,5620,-25121,19011,8100,-5148,2062,12051,0,1631,500,-10,315
2017-08-16,79100,80700,79000,79700,76563,6102071100,0.7585,4342,16665,-20899,-22369,1162,445,897,0,-1034,-107,-1,0
2017-08-17,78800,80500,78600,79400,61084,4850069600,-0.3764,1994,13646,-15788,-12288,585,-117,177,0,-3913,0,148,-232
2017-08-18,79300,80900,78800,78900,58858,4643896200,-0.6297,806,-4252,3700,3451,-1104,4615,-3752,0,-1010,135,-389,1500
2017-08-21,79500,79500,75500,75700,127245,9632446500,-4.0558,43771,-25111,-19645,-1107,-2109,-5587,51,0,-10893,969,16,0
2017-08-22,76400,77900,76400,77900,69102,5383045800,2.9062,-20383,27285,-6902,11956,-2526,-13743,-584,0,-2005,0,0,0
2017-08-23,77200,79500,77200,78500,51930,4076505000,0.7702,-11458,3150,8177,9546,-8,-362,296,0,-1295,131,0,0
2017-08-24,78500,79300,77400,78000,47765,3725670000,-0.6369,-2875,5531,-3036,14906,-17625,-2365,41,0,2007,370,10,0
2017-08-25,78000,79900,77200,78700,46618,3668836600,0.8974,-12153,4689,7394,15516,-12839,46,1099,0,3572,100,-30,0
2017-08-28,78700,79600,78500,78700,27116,2134029200,0.0,-1650,3080,-1585,1016,-7169,-450,83,0,4935,1,154,0
2017-08-29,79600,80200,78700,79700,60267,4803279900,1.2706,-18193,5414,13089,6228,-4043,9456,225,231,992,-300,-10,0
2017-08-30,80700,83700,80700,83300,183387,15276137100,4.5169,-94746,15929,81022,41689,5654,20137,8788,222,4572,-1749,-456,-40
2017-08-31,83500,84000,81900,83400,112170,9354978000,0.12,-9555,-11003,19872,18615,-17487,13729,7008,495,-2783,971,-285,295
2017-09-01,83900,83900,82200,82500,46029,3797392500,-1.0791,-4567,5097,-704,-4436,-147,270,2940,-1,615,152,22,55
2017-09-04,84800,85100,79700,80000,151538,12123040000,-3.0303,31904,-9752,-21037,-5800,-13506,2317,-2543,-767,-498,-1140,25,-240
2017-09-05,81200,81300,78600,78800,71393,5625768400,-1.5,12726,-16192,3481,4800,-90,-3349,61,0,2059,-16,1,0
2017-09-06,78800,80400,78800,79800,58123,4638215400,1.269,-4625,-19308,23934,15928,2163,-1100,7701,0,-758,34,-35,0
2017-09-07,79000,81500,78500,81000,104010,8424810000,1.5038,-9457,-22839,31922,15607,-3963,9537,2082,3290,979,374,0,4390
2017-09-08,81000,81200,79600,80300,89518,7188295400,-0.8642,-1386,-12963,13686,6237,3750,144,4524,0,-1062,657,6,93
2017-09-11,77600,79700,77500,79200,58024,4595500800,-1.3699,-12475,6906,5943,2468,960,-3455,-9,2042,2554,-314,-60,1383
2017-09-12,78600,79200,74100,76200,193375,14735175000,-3.7879,47942,-51671,6175,-6748,10676,1404,-5612,1265,5471,-2416,-30,-281
2017-09-13,77500,77600,74500,75100,109579,8229382900,-1.4436,37666,-23843,-13985,-9797,-4211,-3746,546,0,2676,162,0,547
2017-09-14,75000,76700,75000,75900,70599,5358464100,1.0652,4647,-4524,-18,-3829,466,297,408,1211,759,-110,5,670
2017-09-15,76700,76700,74800,75000,71537,5365275000,-1.1858,21362,-10,-21352,-4544,-12611,-603,-3363,106,-337,0,0,0
2017-09-18,74200,74900,72500,73000,228076,16649548000,-2.6667,44415,-205,-41960,-19365,-13236,-7278,-270,3558,-3913,-2305,55,-1456
2017-09-19,73100,74800,73100,74500,58768,4378216000,2.0548,-13383,33824,-21941,-13374,-1842,-33,1683,4081,-12456,1500,0,0
2017-09-20,75000,75200,74000,74500,42659,3178095500,0.0,2289,6809,-9097,-7811,-1049,-50,804,0,-991,-1,0,0
2017-09-21,74100,74700,71400,71700,122848,8808201600,-3.7584,39347,10826,-40432,-28061,2315,-9247,-2856,-767,-1816,-9822,81,0
2017-09-22,71800,73200,71000,71600,41166,2947485600,-0.1395,1978,1460,-4115,-5325,1372,-903,393,-48,396,542,135,0
2017-09-25,71600,72500,70100,70100,43981,3083068100,-2.095,16473,-324,-16151,-13207,-720,-6363,682,136,3328,0,2,-7
2017-09-26,70100,71600,70000,71100,41756,2968851600,1.4265,2278,3541,-5858,-12542,1902,-240,-651,446,5227,39,0,0
2017-09-27,71000,71600,70100,71100,44772,3183289200,0.0,-893,9720,-8848,-8599,-4051,-263,3252,119,694,0,21,0
2017-09-28,70500,74000,70500,72700,65866,4788458200,2.2504,-11756,14169,-5828,-88,1650,93,814,15,-8312,3418,-3,0
2017-09-29,73200,73200,71800,72800,53817,3917877600,0.1376,5862,6423,-12769,-1677,-4836,-440,636,-11,-6151,480,4,-290
2017-10-10,72800,73000,70900,71800,70509,5062546200,-1.3736,16796,-17573,598,-1229,1156,3882,1066,-17,-4245,220,-41,-15
2017-10-11,72000,73500,72000,72200,80447,5808273400,0.5571,11512,6212,-17675,-12508,870,209,-2893,0,-3350,11,-60,-3
2017-10-12,72200,74200,72100,74200,79231,5878940200,2.7701,-12026,5859,5967,8217,-1558,229,-365,0,-556,200,0,0
2017-10-13,74000,76000,74000,75900,96511,7325184900,2.2911,-41216,32553,9663,8672,2629,-1050,-2044,0,1456,-1000,0,0
2017-10-16,76200,76200,73500,74500,66815,4977717500,-1.8445,1891,13724,-15915,4301,1812,-22845,75,0,742,200,100,0
2017-10-17,75000,76000,73600,75700,84567,6401721900,1.6107,-16195,-5512,21710,8577,-64,-22,11191,4091,-1813,-3,0,-250
2017-10-18,75800,76900,75600,75800,63690,4827702000,0.1321,-7464,-14258,21229,9197,4298,114,3908,3312,-257,476,17,657
2017-10-19,77300,79900,77000,77700,123658,9608226600,2.5066,-12942,1484,10773,-5270,2841,-34,7702,3143,-643,785,-100,3034
2017-10-20,77700,78400,77100,77600,41167,3194559200,-0.1287,-12603,4713,8929,7127,-606,-2,3584,0,-1174,-1039,0,0
2017-10-23,77300,77500,75400,76300,38018,2900773400,-1.6753,3066,918,-3893,-1200,-462,-1,-82,0,-2148,0,-91,0
2017-10-24,75500,77200,75100,75200,33446,2515139200,-1.4417,89,-5097,5003,4777,-95,-157,-90,0,568,0,5,0
2017-10-25,74900,75100,74100,74400,46339,3447621600,-1.0638,10275,3438,-15121,-8284,-6144,-60,-270,0,-363,1400,8,0
2017-10-26,74500,77100,74500,76500,47735,3651727500,2.8226,-11351,1058,9528,6423,580,-5892,1011,3495,2545,792,-27,1366
2017-10-27,76000,78000,75800,76300,54547,4161936100,-0.2614,-609,-4068,4278,4290,-1758,-2522,539,3044,972,249,150,-287
2017-10-30,76000,76400,74400,74900,59044,4422395600,-1.8349,12353,8427,-20782,-24373,-1868,6913,94,103,-1651,0,2,0
2017-10-31,73000,74200,71700,71900,163175,11732282500,-4.0053,52671,16216,-69945,-41679,-2624,-15291,-12861,946,1297,943,115,267
2017-11-01,71000,73200,70500,72500,80643,5846617500,0.8345,10638,5767,-17001,-12227,-4155,-9034,-720,2128,4209,596,0,2798
2017-11-02,72100,72600,71200,71500,75600,5405400000,-1.3793,28668,1214,-35480,-12743,-16242,4103,-13959,-487,3537,5275,323,311
2017-11-03,72200,72900,71600,72100,45500,3280550000,0.8392,6739,-1283,-4915,-6585,419,-2,-929,-599,2781,-500,-41,0
2017-11-06,72200,72900,70800,72400,49937,3615438800,0.4161,-184,-1275,1988,-4658,8175,610,-2739,-239,775,-500,-29,64
2017-11-07,72200,72600,71800,72000,34418,2478096000,-0.5525,7695,-10211,2216,-413,164,395,-834,824,2080,300,0,0
2017-11-08,72200,74600,72200,72900,80298,5853724200,1.25,-258,-12526,12458,-550,2160,7854,2557,0,437,300,26,0
2017-11-09,73500,73500,72200,72500,49448,3584980000,-0.5487,7738,-12136,3893,-462,208,-12,229,0,3930,500,5,0
2017-11-10,64500,64600,59800,59800,1604786,95966202800,-17.5172,942840,-511474,-458902,-286027,-137480,-25916,-50194,7639,34032,20935,6601,-956
2017-11-13,60000,60100,56000,56600,1019028,57676984800,-5.3512,561198,-392285,-171488,-123703,-8717,-18122,-5334,7019,-24031,2123,452,1400
2017-11-14,56800,58600,56300,57600,520157,29961043200,1.7668,92070,-104054,11787,15283,447,-4076,250,-3289,-274,-94,291,3446
2017-11-15,57800,58700,57300,57500,334976,19261120000,-0.1736,33300,-41728,6053,-7400,376,372,-2767,13793,1504,30,2345,175
2017-11-16,57500,57800,56300,57400,180581,10365349400,-0.1739,53950,-43675,-11377,-9761,598,-858,-6904,0,5548,920,182,0
2017-11-17,57000,58700,56800,57800,184530,10665834000,0.6969,30539,-38915,7053,-4798,9672,199,2142,0,51,1050,273,-213
2017-11-20,61300,61600,59300,60400,503972,30439908800,4.4983,67878,-114488,45977,-6458,2504,32940,5,0,16773,734,-101,213
2017-11-21,60500,60900,59200,59600,218339,13013004400,-1.3245,64927,-85880,20584,10485,4397,-44,0,0,5746,370,-1,0
2017-11-22,59700,60300,58900,59400,207533,12327460200,-0.3356,27847,-37886,-126,6731,2658,-4003,-392,0,-5120,270,9895,0
2017-11-23,59400,60000,58500,59900,114873,6880892700,0.8418,-15390,-10037,24210,20117,2286,10,207,97,1390,1387,-170,103
2017-11-24,59600,60300,59100,60000,132234,7934040000,0.1669,-28675,-25495,51712,45057,5202,33,98,0,1263,2600,-142,59
2017-11-27,60000,60500,59300,59400,131401,7805219400,-1.0,30734,-23623,-8336,-1276,-6514,3184,1276,0,-5374,1275,-50,368
2017-11-28,59400,59700,58700,58700,133597,7842143900,-1.1785,28752,-22296,2760,-363,302,-220,0,0,3041,-9206,-10,0
2017-11-29,59200,59400,58600,58600,149181,8742006600,-0.1704,24806,-35926,11120,2674,6218,479,3519,115,-1710,0,0,-175
2017-11-30,58900,60000,58000,59500,365465,21745167500,1.5358,-75050,29311,43960,-2601,596,-2374,56,0,47469,1780,-1,814
2017-12-01,59700,60000,58600,59100,102069,6032277900,-0.6723,21292,-20524,167,2902,1567,-545,-30,0,-3701,-800,-135,-26
2017-12-04,59800,60400,58800,58900,125678,7402434200,-0.3384,17636,-12435,-5871,7377,-22,-898,35,0,-12363,250,420,0
2017-12-05,59000,59500,58500,58800,125035,7352058000,-0.1698,31778,-29224,-2704,-502,436,4585,-2,0,-7221,200,-50,0
2017-12-06,58900,58900,57000,57100,212034,12107141400,-2.8912,85583,-83577,-2074,3807,-84,-113,66,0,-5750,60,8,0
2017-12-07,57200,57300,56000,56100,246057,13803797700,-1.7513,76336,-104750,25823,22887,2555,99,-52,0,185,2620,-29,149
2017-12-08,56100,57100,55400,56100,206459,11582349900,0.0,54286,-76130,18976,8471,7605,382,348,4270,-3166,2865,3,1066
2017-12-11,56300,57200,55900,56800,104430,5931624000,1.2478,12385,-20135,7850,147,4177,1378,-1000,0,3148,-100,0,0
2017-12-12,56800,57700,56800,57300,131914,7558672200,0.8803,4326,-34478,27352,18186,4976,507,-45,0,3572,2800,0,156
2017-12-13,57600,58300,57300,57700,150129,8662443300,0.6981,21843,-43026,21587,6562,7618,-5934,-1836,0,14982,-304,-100,195
2017-12-14,57700,58500,57600,57600,146346,8429529600,-0.1733,-5530,-20352,25885,27299,-2117,-869,-7258,8291,564,-1,-2,-25
2017-12-15,57900,58100,57200,57800,107934,6238585200,0.3472,8285,-31283,22498,8869,449,6302,224,2462,4192,500,0,0
2017-12-18,57800,57800,57200,57400,61181,3511789400,-0.692,8547,-16253,7747,5148,96,450,50,0,2003,1,-42,0
2017-12-19,57400,57600,56500,56900,104670,5955723000,-0.8711,-7018,-12591,14092,9490,-434,106,-80,1831,3179,5817,-300,0
2017-12-20,57100,57500,56700,56900,80944,4605713600,0.0,-7633,215,3813,6174,-679,48,-22,-7623,5915,3600,5,0
2017-12-21,57100,57700,56300,56500,90022,5086243000,-0.703,17957,-8591,-8867,1621,441,-6634,1453,-9321,3573,-500,1,0
2017-12-22,56700,56700,55900,56200,93560,5258072000,-0.531,3423,-10065,8734,4229,-98,78,436,0,4089,-1822,-270,0
2017-12-26,56300,58000,56300,57500,98603,5669672500,2.3132,-62238,31241,30997,12173,10164,89,-4511,106,12976,7,-7,0
2017-12-27,57000,57500,54300,57400,141339,8112858600,-0.1739,9852,-19226,7962,5590,2581,604,683,0,-2682,1087,325,1186
2017-12-28,57700,60800,57700,59800,330826,19783394800,4.1812,-149170,71787,83494,28559,38170,2379,3048,1191,8589,-6103,-8,1558
2018-01-02,59800,60500,59500,60300,105294,6349228200,0.8361,-24634,-3737,28134,13867,1864,8956,1680,0,108,237,0,1659
2018-01-03,60300,60300,58800,59200,150080,8884736000,-1.8242,-12481,-13854,39489,11953,7166,8099,1286,0,11008,32,-13186,-23
2018-01-04,58600,59500,57700,57800,141177,8160030600,-2.3649,9282,-5502,57,-352,4472,1453,128,0,-5644,-2125,-1712,0
2018-01-05,56100,57500,55400,55800,281124,15686719200,-3.4602,106789,-76812,-29941,-2157,-6168,-16404,176,-1063,-4325,-260,224,0
2018-01-08,56000,56000,54000,54500,223472,12179224000,-2.3297,58641,-53786,-5853,4495,1947,-19418,2499,0,4624,807,191,0
2018-01-09,54500,55200,54000,54600,95582,5218777200,0.1835,22623,-14060,933,-569,3175,-671,-2899,0,1897,-9499,3,0
2018-01-10,54700,54900,53700,54000,105983,5723082000,-1.0989,32035,-28270,-3886,695,-1046,-34,46,0,-3627,71,50,80
2018-01-11,54000,54300,53600,53900,99075,5340142500,-0.1852,5057,732,-10997,-1388,564,232,0,0,-10477,5200,8,72
2018-01-12,53900,54300,53600,53600,72061,3862469600,-0.5566,10618,-11980,1258,-2830,967,-1140,1728,0,2533,97,7,0
2018-01-15,53600,53700,52400,53200,127141,6763901200,-0.7463,-4770,-18914,22250,2849,8273,-1170,4456,0,-5340,1382,52,13182
2018-01-16,53000,53500,52700,53300,80224,4275939200,0.188,8206,-15508,6846,-606,2110,1762,70,0,3510,446,10,0
2018-01-17,53200,53400,52800,53100,63655,3380080500,-0.3752,14267,-12185,-2153,2387,-308,-666,-4205,0,639,33,38,0
2018-01-18,52900,53800,52900,53400,76193,4068706200,0.565,14443,-12291,-3989,3034,4077,-182,-9877,0,-1041,1837,0,0
2018-01-19,53300,54300,53300,54200,105899,5739725800,1.4981,-15098,-4001,17194,22684,1538,374,-6913,0,-489,1900,5,0
2018-01-22,54300,54500,53700,54100,57877,3131145700,-0.1845,6507,-13829,7022,5614,3907,1585,-4051,0,-178,200,100,145
2018-01-23,54500,54600,54000,54400,64149,3489705600,0.5545,1346,-2039,-132,-287,2303,7877,-13880,0,2277,25,800,1578
2018-01-24,54200,54400,53900,54300,59050,3206415000,-0.1838,9536,-1023,-7817,-16001,2517,863,-66,-22,4892,100,-796,0
2018-01-25,54200,57000,54000,57000,217134,12376638000,4.9724,-82283,9847,70757,32851,29273,2399,1603,0,3223,1938,-259,1408
2018-01-26,57300,59100,56600,58900,203013,11957465700,3.3333,-100160,6436,91899,47304,30282,12880,469,0,970,1720,105,-6
2018-01-29,59500,59600,57800,58100,144014,8367213400,-1.3582,-18008,15128,431,-10909,9149,7454,441,-7882,2198,2626,-177,-20
2018-01-30,58200,59000,57300,58400,94055,5492812000,0.5164,-16662,4317,15257,13546,4071,1286,1209,-5578,739,-2912,0,-16
2018-01-31,58400,58900,57600,58600,77778,4557790800,0.3425,-2319,-6393,8159,4799,2398,2148,-39,-5280,4126,600,-47,7
2018-02-01,58700,60100,58200,59800,200154,11969209200,2.0478,-77843,13075,60377,27637,9000,2565,8797,549,13574,4350,41,-1745
2018-02-02,58600,58800,57400,57400,183833,10552014200,-4.0134,28182,-36502,7760,6381,8721,-2203,-308,0,-4315,1023,-463,-516
2018-02-05,56700,56800,54200,54300,221099,12005675700,-5.4007,64826,-62255,-3783,-5546,4390,-6574,122,0,3769,1203,9,56
2018-02-06,53000,53700,52600,53600,137628,7376860800,-1.2891,16508,-22827,5910,3176,7126,-4350,1102,99,-2123,412,-3,880
2018-02-07,53900,55400,52700,52700,115397,6081421900,-1.6791,46043,-26387,-19659,-2364,-378,-8218,-35,0,-8814,0,3,150
2018-02-08,52200,53800,52200,52400,122733,6431209200,-0.5693,62785,-54238,-8478,134,3045,-512,-1088,0,-10057,-80,11,0
2018-02-09,51700,51900,50900,51400,136448,7013427200,-1.9084,15473,-30258,15175,4209,488,-4739,22208,0,-6822,-404,14,-169
2018-02-12,51400,52100,50800,51300,106962,5487150600,-0.1946,5672,-21046,15088,5162,2807,9332,241,0,-2454,285,1,0
2018-02-13,51500,51800,49950,50100,179629,8999412900,-2.3392,51242,2111,-36606,-25114,-1533,-1252,106,-211,-8802,-16708,-39,200
2018-02-14,49900,50400,48400,49000,177476,8696324000,-2.1956,56566,-24387,-31104,-20543,-7650,-164,-2680,0,-212,-830,-245,145
2018-02-19,49300,49850,48950,49600,99888,4954444800,1.2245,30604,-6605,-24499,-25277,-4019,-774,1485,0,4234,500,0,-148
2018-02-20,49650,50600,49450,49900,76193,3802030700,0.6048,11599,3425,-17024,-15597,852,1607,172,-9,-4027,2000,0,-22
2018-02-21,49650,50200,49250,49400,89508,4421695200,-1.002,42355,-593,-41603,-40040,-54,32,226,0,-1767,-200,41,0
2018-02-22,49450,50200,49150,49400,82724,4086565600,0.0,30413,7283,-37983,-36732,-122,172,10,0,-1311,250,37,0
2018-02-23,49250,49650,49050,49200,112996,5559403200,-0.4049,37117,3063,-40833,-41323,-2518,-42,57,0,2993,650,3,0
2018-02-26,49500,50600,49400,49400,99360,4908384000,0.4065,13693,20211,-34686,-24862,-1015,-11815,-595,0,3601,652,130,0
2018-02-27,49600,50100,49050,49050,83587,4099942350,-0.7085,39062,-3385,-36282,-25446,40,-14242,1950,0,1416,603,2,0
2018-02-28,48950,49550,48850,49000,67877,3325973000,-0.1019,6543,13477,-20021,-13256,561,-4483,457,0,-3229,0,1,-71
2018-03-02,48550,48950,47100,47250,182099,8604177750,-3.5714,64854,-3812,-61600,-37952,-1457,-21245,1268,0,-3414,550,8,1200
2018-03-05,47250,48250,47050,47850,66593,3186475050,1.2698,-14190,28334,-12144,-6450,-397,-688,-45,0,-4564,-2000,0,0
2018-03-06,47800,48550,47600,47800,64839,3099304200,-0.1045,6565,5988,-14038,-12956,-2200,-3069,-310,0,8531,1484,1,-4034
2018-03-07,47150,47200,44750,45150,342940,15483741000,-5.5439,139028,-93191,-47292,-19202,6064,-362,4832,-218,-39805,1441,14,1399
2018-03-08,45350,45900,45250,45500,125602,5714891000,0.7752,-47634,63543,-15742,-6417,-10409,-83,979,-1,1595,0,-167,-1406
2018-03-09,45300,46250,44750,45100,147227,6639937700,-0.8791,4616,27140,-31808,-5734,-1570,-25880,1037,0,339,47,5,0
2018-03-12,45300,48150,45250,47900,133604,6399631600,6.2084,-57434,57591,-2487,-504,-1437,-1780,-238,0,1472,2300,30,0
2018-03-13,47800,47800,47000,47100,60921,2869379100,-1.6701,6825,4486,-11761,-1932,-3949,-1005,-463,0,-4412,0,450,0
2018-03-14,46600,47150,45950,46200,71994,3326122800,-1.9108,12764,3895,-16659,-10467,-7534,-214,-336,0,1892,0,0,0
2018-03-15,46500,47250,45500,47200,62972,2972278400,2.1645,-10867,-662,10279,-1030,-1755,0,14751,0,-1687,1250,0,0
2018-03-16,47000,47500,46750,47200,51818,2445809600,0.0,12942,-8522,-4243,-2346,-2002,-1213,-7,0,1325,0,-177,0
2018-03-19,47250,48300,46250,47950,87399,4190782050,1.589,-10447,-14692,25130,30084,107,-2072,0,0,-3023,-11,20,34
2018-03-20,47800,48400,46500,46800,83206,3894040800,-2.3983,20781,-19655,-1406,2048,-3215,-3342,-2795,-109,6007,300,-20,0
2018-03-21,46800,49600,46800,49450,184047,9101124150,5.6624,-81010,88659,-3860,-5011,2601,-194,3724,0,-4980,-3990,201,0
2018-03-22,49600,49850,48100,49400,160385,7923019000,-0.1011,-11898,-41600,50626,2450,8535,17750,71,7019,10605,521,2351,4196
2018-03-23,48000,49650,48000,48900,145215,7101013500,-1.0121,-25043,27730,-2687,-3254,638,9836,-12,0,-9895,0,0,0
2018-03-26,48900,49600,47900,48200,82973,3999298600,-1.4315,16090,-9258,-6832,-2000,-419,55,70,0,-4563,0,0,25
2018-03-27,48450,49550,48300,48750,102958,5019202500,1.1411,1455,-9634,8179,-2713,3321,8466,-2008,0,1113,0,0,0
2018-03-28,49000,49000,46850,47100,105988,4992034800,-3.3846,35704,-13898,-21836,-12250,1571,-3092,288,0,-8387,-10,40,34
2018-03-29,47100,47600,45850,46350,111302,5158847700,-1.5924,38836,-1348,-42873,-21785,-6211,-1263,-3325,-110,-10179,-15,5400,0
2018-03-30,46200,48400,46150,48150,123766,5959332900,3.8835,-37334,34237,8523,13571,15353,-20621,2831,0,-2611,-106,-5320,0
2018-04-02,48150,49400,47100,47250,71285,3368216250,-1.8692,2166,-782,-1637,861,-18,-3363,1065,0,-182,0,253,0
2018-04-03,47200,48850,46650,48350,85137,4116373950,2.328,-19509,11384,8625,3552,337,-844,1826,0,3754,0,-500,0
2018-04-04,48150,48650,47000,47000,58162,2733614000,-2.7921,14799,-6158,-8636,-12989,2511,-1017,1576,0,1249,0,-5,34
2018-04-05,47100,47900,46950,47150,42509,2004299350,0.3191,-40,-5014,4841,362,1439,3140,-54,0,-46,0,213,0
2018-04-06,46950,47850,46600,46700,70440,3289548000,-0.9544,7054,-9502,1819,618,-4059,134,-35,0,5161,0,629,0
2018-04-09,46200,46850,45900,45900,86398,3965668200,-1.7131,18488,-18233,-934,-4271,-201,-60,-2126,0,5724,-221,900,0
2018-04-10,46250,46250,44850,45300,97297,4407554100,-1.3072,30429,-10412,-25352,-9836,-536,-17796,-367,0,3183,6235,-900,0
2018-04-11,45100,46500,44700,45150,123102,5558055300,-0.3311,47373,-28038,-17835,-2412,-13349,-115,3662,0,-5802,-1500,0,181
2018-04-12,45400,45550,44850,45100,108211,4880316100,-0.1107,33242,-24755,-9195,-10123,402,-1753,659,0,1620,450,258,0
2018-04-13,45200,46150,45200,45900,86008,3947767200,1.7738,-6773,8282,-4213,-8749,89,5221,9336,0,-10110,2950,-246,0
2018-04-16,46450,47600,46300,46700,83173,3884179100,1.7429,-19849,14703,7075,-524,263,5673,730,0,933,-1100,-829,0
2018-04-17,46750,47050,45600,45750,84514,3866515500,-2.0343,42283,-21586,-20897,-200,-8199,-14019,471,0,1050,100,100,0
2018-04-18,45600,46150,45450,45600,52780,2406768000,-0.3279,-3263,9987,-7386,-4736,-3838,-1521,1338,0,2298,262,400,-927
2018-04-19,45550,45600,42850,43250,317527,13733042750,-5.1535,137607,-93780,-44705,-35299,193,-14788,6756,-772,1665,-173,1051,-2460
2018-04-20,43300,43750,42900,43400,85801,3723763400,0.3468,-16014,9477,8430,751,918,1069,987,0,4410,-501,-1392,295
2018-04-23,43000,43000,41450,42450,218875,9291243750,-2.1889,26296,-13114,-12794,-15607,1820,-1487,1065,0,2504,-415,27,-1089
2018-04-24,41900,42850,41800,42600,91507,3898198200,0.3534,7275,-5803,-1448,-397,12,-102,-259,0,1698,0,-24,-2400
2018-04-25,42100,42700,41500,41650,109172,4547013800,-2.23,35577,-8729,-27376,-6323,-3717,5432,-152,-8008,1367,500,28,-15975
2018-04-26,41750,43150,41500,43050,93727,4034947350,3.3613,-46732,28323,17399,8623,4047,8340,-97,0,-3514,1100,-90,0
2018-04-27,42600,43650,42000,42200,120962,5104596400,-1.9744,25521,14869,-41432,-1322,-20066,-5226,-16168,0,1344,918,124,6
2018-04-30,41750,41750,39350,39550,324915,12850388250,-6.2796,45075,21861,-63965,-1354,-10662,-13250,-18348,0,-9824,-2497,-474,-10527
2018-05-02,39100,39400,37100,37100,391548,14526430800,-6.1947,51061,-28503,-26223,-6608,-31373,-4335,8105,0,2628,3427,238,5360
2018-05-03,36800,39100,36800,38800,365318,14174338400,4.5822,-98946,74274,26035,13758,4760,3619,-192,0,1590,-1383,20,2500
2018-05-04,38650,42500,38000,42450,472169,20043574050,9.4072,-108015,-31721,139059,96180,-1920,30319,11740,5071,-7562,430,247,5231
2018-05-08,42550,45400,42500,44750,397739,17798820250,5.4181,-114198,32801,82697,77913,2216,10693,-1280,0,-6845,-1262,-38,0
2018-05-09,44750,45100,42900,44100,277119,12220947900,-1.4525,-20693,-60086,82057,79136,896,1600,-1386,0,1811,-1504,226,0
2018-05-10,44000,45150,43100,45000,143301,6448545000,2.0408,-33298,979,33036,25170,2811,329,815,0,3911,-717,0,0
2018-05-11,45150,45150,43750,44100,85370,3764817000,-2.0,4213,-7807,4351,-2019,-2656,-2114,-2034,10000,3174,96,-853,0
2018-05-14,43700,44950,43150,43200,75932,3280262400,-2.0408,-11498,13585,-2672,-2809,-1371,3,-398,-3000,4903,560,25,0
2018-05-15,43250,43850,42900,42950,88194,3787932300,-0.5787,2372,-14124,11803,-12804,38999,-13507,-54,0,-831,0,-51,0
2018-05-16,43550,44500,42850,42950,107100,4599945000,0.0,13528,-11248,-1230,-2432,-289,1701,-550,-352,692,-1039,-11,0
2018-05-17,42900,43500,41900,42050,96185,4044579250,-2.0955,8676,11715,-20050,2302,152,-8538,-7969,-7000,1354,-41,-300,-351
2018-05-18,42200,43100,41750,42950,96988,4165634600,2.1403,-19922,6325,14209,2198,8113,979,1248,0,2141,-612,0,-470
2018-05-21,42350,42800,40600,41150,129979,5348635850,-4.1909,54394,-37824,-16480,-27517,6452,57,1074,0,3454,-90,0,0
2018-05-23,40850,41550,40550,40850,99072,4047091200,-0.729,-5028,17657,-12830,-8329,-134,-3034,-54,0,-1279,200,1,0
2018-05-24,40650,46600,40600,44450,698037,31027744650,8.8127,-50319,12849,100916,53053,-216,21719,-313,0,24673,-63602,156,2000
2018-05-25,46950,47900,44350,45350,577031,26168355850,2.0247,28594,-50691,130524,104594,12676,11384,722,-49,1368,-108310,-117,-171
2018-05-28,43800,46450,43750,46250,256967,11884723750,1.9846,-72207,8853,96175,81113,13599,-4601,516,0,3640,-32768,-53,1908
2018-05-29,46250,51400,45500,50600,599133,30316129800,9.4054,-263886,31782,226411,137730,31702,20647,17504,626,16707,5765,-72,1495
2018-05-30,50600,51200,49050,50600,318177,16099756200,0.0,-54873,-112687,170064,101689,33755,2200,32298,191,-2734,-2582,78,2665
2018-05-31,50600,52800,49650,51000,391234,19952934000,0.7905,-24572,-93918,145826,101304,8008,33890,18851,-9337,3322,-27829,493,-10212
2018-06-01,51500,51500,48750,50100,183881,9212438100,-1.7647,-1320,-53569,54710,44142,-643,5255,-4366,0,10310,248,-69,12
2018-06-04,50100,50700,49050,49250,65657,3233607250,-1.6966,-2476,-9129,13008,-132,-473,13603,-65,0,75,-1403,0,0
2018-06-05,49100,49750,47800,49500,133212,6593994000,0.5076,-23211,31217,10944,2926,-330,6,3965,0,4377,-18952,2,0
2018-06-07,49500,53500,49000,52900,359637,19024797300,6.8687,-82182,22541,101863,84149,1802,22332,3670,-813,-8842,-42295,73,-435
2018-06-08,52900,53400,52000,52000,136718,7109336000,-1.7013,-8723,-37068,53362,33593,5885,2908,13711,-408,-818,-7571,0,-1509
2018-06-11,52100,52600,49650,49900,125340,6254466000,-4.0385,27942,-11263,-481,4034,-10505,4728,875,0,387,-16330,132,0
2018-06-12,50100,50900,48850,49100,91925,4513517500,-1.6032,-2912,9802,6929,3566,-552,-439,-4,0,4358,-13821,2,0
2018-06-14,49950,52200,49300,49450,242763,12004630350,0.7128,-36472,10187,76019,38327,26727,676,1908,0,7622,-49727,-7,759
2018-06-15,49800,53000,49750,51900,366967,19045587300,4.9545,-87435,70788,128142,74472,15132,4388,-363,0,33756,-111494,-1,757
2018-06-18,52600,53400,50600,51000,333401,17003451000,-1.7341,882,-52776,151532,96926,-67,20777,58847,-3728,-18720,-99641,3,-2503
2018-06-19,51900,51900,48000,49300,232405,11457566500,-3.3333,-24322,-44531,85301,53294,22748,-1126,-575,0,10960,-16451,3,0
2018-06-20,49300,49300,46300,46550,299841,13957598550,-5.5781,90546,-22839,-67995,-21936,-4836,-58628,-8052,1911,18525,-18,306,5021
2018-06-21,46100,47200,45200,46300,149599,6926433700,-0.5371,1067,-18832,18204,16971,17493,-17994,3324,0,-3778,341,-780,2188
2018-06-22,45450,46350,44000,44400,134194,5958213600,-4.1037,9354,6177,-16472,-11707,-5719,-4066,1037,-2682,3799,927,14,2866
2018-06-25,44600,46350,44000,44950,93426,4199498700,1.2387,6409,1579,-8184,-608,1535,-7463,1608,0,-3256,196,0,0
2018-06-26,44800,45550,43500,43850,91147,3996795950,-2.4472,-523,810,-369,-1485,251,-2642,-293,-69,3869,-387,469,0
2018-06-27,43750,43750,41600,42050,177156,7449409800,-4.1049,16833,12275,-28672,-5364,-2401,-5300,-9471,-3848,2752,-257,-179,-5040
2018-06-28,42050,42750,41350,41650,193008,8038783200,-0.9512,-24057,12243,11443,12433,-2353,1449,957,0,-1043,251,120,0
2018-06-29,41650,41900,39700,40050,243354,9746327700,-3.8415,87244,-26513,-61734,-55831,-4148,-1539,1992,-263,-1091,981,22,-854
2018-07-02,40050,40600,37850,38150,186154,7101775100,-4.7441,42153,-10166,-24960,133,-17015,-6577,-3323,0,1822,-7028,1,0
2018-07-03,37750,38700,37000,38000,178946,6799948000,-0.3932,-18876,23542,-4714,-414,-9614,-4049,-305,0,9668,48,0,0
2018-07-04,37700,38300,37050,37200,160908,5985777600,-2.1053,67886,-1532,-66532,-18214,-30501,-8542,-9582,980,1609,178,0,-2282
2018-07-05,37300,37850,36200,37000,146734,5429158000,-0.5376,1309,-7871,6798,1725,-6561,3118,2498,315,7143,0,-236,-1440
2018-07-06,37000,37600,36650,37500,74171,2781412500,1.3514,8499,-8141,-1098,-542,36,1419,-6145,430,3704,860,-120,0
2018-07-09,37900,38800,37600,38200,127168,4857817600,1.8667,33828,-32245,-2417,-5707,1605,7495,1407,775,-7992,480,354,0
2018-07-10,37800,38450,37800,38050,51371,1954666550,-0.3927,22787,-10512,-11961,-968,172,-5645,-2513,500,-3507,30,-344,0
2018-07-11,37700,37700,36850,36900,123282,4549105800,-3.0223,48243,-13088,-36644,-8764,-10066,-1945,-9810,0,-6059,2539,-1050,0
2018-07-12,37050,37350,36400,36550,152459,5572376450,-0.9485,28082,21539,-49523,-10746,-21951,-10844,12303,0,-18285,-176,78,0
2018-07-13,36900,37850,35450,35750,348732,12467169000,-2.1888,109725,16256,-133469,-96878,1524,-21962,-2817,-858,-17093,7232,256,4615
2018-07-16,35750,35850,35000,35100,223274,7836917400,-1.8182,54874,29283,-85781,-57176,-7083,-13978,-512,0,-6579,1905,-281,-453
2018-07-17,35250,36850,35250,36450,143188,5219202600,3.8462,-57864,42406,10409,-6396,2660,1708,6051,2613,1156,5000,49,2617
2018-07-18,36750,36750,35050,35150,151125,5312043750,-3.5665,65282,-6327,-60012,-17764,-12659,-58,-35723,0,6192,500,557,0
2018-07-19,35150,35900,33550,33850,226103,7653586550,-3.6984,41553,33743,-81265,-5524,-12679,-65987,29,0,2896,5460,509,0
2018-07-20,33600,35000,33600,34900,138535,4834871500,3.1019,-29911,19765,9072,1457,-4178,-5844,-135,3569,8762,662,412,5441
2018-07-23,34950,36100,34100,34450,113437,3907904650,-1.2894,2917,16971,1992,-6754,2015,-1353,-485,0,8569,-21803,-77,0
2018-07-24,34950,35200,34450,35100,69162,2427586200,1.8868,-5201,27213,-20920,-17578,-3827,-49,-1314,0,1848,300,-1392,0
2018-07-25,35000,35450,33950,34600,91418,3163062800,-1.4245,15739,-1945,-13794,13268,197,-30163,-308,0,3212,0,0,0
2018-07-26,35050,35050,33950,34150,104192,3558156800,-1.3006,32800,-4354,-28296,-9275,-15985,-89,-1691,0,-638,-150,0,-618
2018-07-27,34300,34600,33900,34500,65934,2274723000,1.0249,5702,21779,-27981,-13069,-5892,-2988,-1646,0,-3877,200,300,-509
2018-07-30,34600,34950,34200,34400,62935,2164964000,-0.2899,11389,20867,-32459,-505,-28633,-5968,345,0,2302,0,203,0
2018-07-31,34400,35150,34250,34750,81412,2829067000,1.0174,626,13482,-15718,1302,-14883,-330,-150,0,-1642,2000,-390,-15
2018-08-01,34800,35100,34550,34850,50562,1762085700,0.2878,12590,7264,-18444,-18132,-2602,-374,1130,0,1549,-1500,90,-15
2018-08-02,34700,35500,34100,34300,117465,4029049500,-1.5782,30746,-7379,-23577,-22912,-7658,1,1722,0,5270,0,210,0
2018-08-03,34500,34650,34100,34300,63886,2191289800,0.0,779,17603,-21988,-21879,-1863,1872,-695,0,-516,4006,-400,1093
2018-08-06,34300,34700,34250,34550,60618,2094351900,0.7289,9671,16966,-27837,-5991,-16998,-1432,-2983,0,-433,500,700,0
2018-08-07,34500,34600,33750,34150,85263,2911731450,-1.1577,26860,224,-26315,-6255,-14794,0,-137,0,-6182,-69,-700,1053
2018-08-08,34150,35050,34000,34250,82706,2832680500,0.2928,-11155,32164,-22042,-15519,-5875,1833,-830,0,-1593,1033,0,-58
2018-08-09,34450,34450,33500,33600,135208,4542988800,-1.8978,57055,-23156,-33899,-11142,-2,3323,-14,0,-26064,0,0,0
2018-08-10,33850,33850,33300,33650,98048,3299315200,0.1488,36269,29900,-66680,-16650,357,-4670,-35738,-2021,-7958,500,11,0
2018-08-13,33800,34600,33700,33800,139814,4725713200,0.4458,-23301,22837,464,-42970,13535,24205,176,0,5518,0,0,0
2018-08-14,33800,33800,30850,32250,395258,12747070500,-4.5858,84289,-167639,82751,46380,-5425,4608,20773,2802,9418,657,-58,4195
2018-08-16,31750,32200,30850,31150,157356,4901639400,-3.4109,63550,-72250,7570,-2408,-378,6519,6857,0,289,1130,0,-3309
2018-08-17,31000,31550,31000,31500,104145,3280567500,1.1236,18753,-1678,-10075,-1223,-3574,-5257,1582,500,-208,-7000,0,-1895
2018-08-20,31750,32350,31000,31200,138630,4325256000,-0.9524,21288,17880,-34577,-39161,-7,-4008,3815,300,4484,-4691,100,0
2018-08-21,31100,31850,31050,31500,81836,2577834000,0.9615,3852,19845,-23632,-20255,0,0,803,0,-4180,0,-65,0
2018-08-22,31500,33100,31500,32150,222911,7166588650,2.0635,-6124,67198,-63693,-71032,-4504,2906,1299,3575,-1372,2590,29,5435
2018-08-23,32350,32450,30950,31250,198691,6209093750,-2.7994,126605,-43218,-84348,-93276,-5233,13623,1118,0,-454,961,0,-126
2018-08-24,31200,31800,31050,31550,64068,2021345400,0.96,-14522,13096,1426,273,4477,-998,-23,0,-1203,0,0,-1100
2018-08-27,32050,32150,31450,31700,76465,2423940500,0.4754,-10345,7540,2304,-6812,3829,5135,-2124,0,2276,0,501,0
2018-08-28,31950,32400,31600,32300,82815,2674924500,1.8927,-19997,2253,12126,-2157,3266,8470,853,0,1694,1500,4118,0
2018-08-29,32750,35000,32750,34650,385764,13366722600,7.2755,-114332,21965,95353,40409,23171,19151,1171,-400,11851,1100,-4086,0
2018-08-30,34350,34450,33750,34000,139519,4743646000,-1.8759,34257,-48982,14174,18072,-2152,-2857,885,0,226,600,-49,0
2018-08-31,34000,34000,33150,33300,103255,3438391500,-2.0588,36684,-38271,1590,3527,-2683,-511,-257,0,1514,0,-3,0
2018-09-03,33600,34400,33500,34150,103509,3534832350,2.5526,-23040,1901,21168,7418,7488,114,1265,0,4883,0,-29,0
2018-09-04,34150,34300,33450,33900,80138,2716678200,-0.7321,16386,-26582,10096,9018,-28,73,-934,0,1967,100,0,0
2018-09-05,34000,34600,33600,33650,70099,2358831350,-0.7375,-9803,809,8589,9405,351,16,0,0,-1183,400,5,0
2018-09-06,33650,34400,33600,34250,60699,2078940750,1.7831,-11732,2668,9064,8386,147,75,-28,0,484,0,0,0
2018-09-07,34700,34800,33900,34300,61310,2102933000,0.146,13128,-13600,319,-430,82,-4145,68,0,4744,0,153,0
2018-09-10,35600,35600,34450,34600,130806,4525887600,0.8746,8132,-16873,8106,3994,18,0,-16,0,4110,0,635,0
2018-09-11,34700,34700,33300,33700,127048,4281517600,-2.6012,18916,-29635,4356,-192,-568,-290,-855,0,6261,5780,583,0
2018-09-12,33900,34300,32800,34100,126217,4303999700,1.1869,-5775,-21232,26871,-3084,-9223,-64,36105,0,3291,100,36,-154
2018-09-13,34100,35100,33850,34100,175866,5997030600,0.0,-19429,15870,2861,-630,6115,0,7432,0,-10056,1746,-1048,0
2018-09-14,34500,37000,34450,36550,322919,11802689450,7.1848,-135220,108406,23501,-167,366,4283,9374,1863,4228,825,2488,3554
2018-09-17,36350,36400,35400,35400,110517,3912301800,-3.1464,39506,-42338,2214,-2310,-4,1500,1245,0,1783,558,60,0
2018-09-18,35400,35450,34100,34200,181875,6220125000,-3.3898,103457,-87267,-20214,-26735,8,0,-502,0,7015,3794,230,0
2018-09-19,34200,34500,33150,33200,104280,3462096000,-2.924,19990,-19295,-271,-1789,-2130,0,133,0,3515,0,-424,0
2018-09-20,33050,34000,33050,33800,97621,3299589800,1.8072,-11182,-10326,20374,21032,75,2163,-993,0,-1903,3190,-2056,0
2018-09-21,33850,34350,33300,33450,75104,2512228800,-1.0355,13243,-11667,-3717,-698,-22,0,-126,0,-2871,2141,0,0
2018-09-27,33600,36000,33600,35750,209846,7501994500,6.8759,-76062,56891,20319,85,-433,1000,459,0,19208,-1010,-138,0
2018-09-28,34000,34800,32600,34650,388767,13470776550,-3.0769,-20480,-60048,79876,86795,2235,4082,3444,0,-16680,810,-158,0
2018-10-01,34600,36100,33050,34600,224997,7784896200,-0.1443,-39094,-13254,52298,54127,-7479,-285,7718,0,-1798,50,0,15
2018-10-02,34850,36400,34750,36250,196981,7140561250,4.7688,-99456,47739,51016,1567,32876,13484,2255,0,834,705,-4,0
2018-10-04,36750,37950,35800,37900,259541,9836603900,4.5517,-84927,10938,79473,16301,36113,1912,20020,3267,1860,-5502,18,0
2018-10-05,37900,38300,36550,38050,168533,6412680650,0.3958,-10339,-56250,65742,11332,5739,10678,16998,-1144,22139,940,-93,0
2018-10-08,38000,38000,36800,36950,111411,4116636450,-2.8909,-1814,-21426,23240,8108,-2185,-9295,18755,0,7938,0,0,-81
2018-10-10,37000,37600,35900,36500,120099,4383613500,-1.2179,-12066,-5181,18396,11862,-274,1894,-4046,0,8960,-1148,-1,0
2018-10-11,35300,35950,33400,34200,243241,8318842200,-6.3014,-7050,8008,26781,39050,7014,-2668,1224,0,-17599,-27719,-20,-240
2018-10-12,33200,35350,33200,33800,137585,4650373000,-1.1696,28933,-16183,-12231,2617,-2886,0,-5189,0,-107,-509,-10,-6666
2018-10-15,33750,34900,33500,34550,114795,3966167250,2.2189,-17013,13531,3662,3142,6778,-3209,3508,-1889,-2801,-180,0,-1867
2018-10-16,35050,35050,33850,34050,65426,2227755300,-1.4472,4142,-1767,-2475,-1241,693,2327,-2543,-2780,1129,0,100,-60
2018-10-17,34500,34600,34050,34400,54440,1872736000,1.0279,-6832,12139,-5207,-75,1349,-4130,-4301,0,2048,0,-100,-98
2018-10-18,34000,35350,34000,34550,65492,2262748600,0.436,-11562,14235,-4173,-2862,-1551,1574,-2705,0,2233,1500,0,-862
2018-10-19,34100,34200,33600,33650,73579,2475933350,-2.6049,-3824,-1844,6489,-1779,4155,971,-49,0,3191,-971,150,0
2018-10-22,33650,33900,32800,32950,98629,3249825550,-2.0802,21477,15178,-36674,-38827,81,-800,287,0,2585,169,-150,0
2018-10-23,32850,33050,31400,31850,109856,3498913600,-3.3384,19748,-6448,-13974,-12980,84,19,-10015,0,8918,672,2,0
2018-10-24,31600,32450,31300,31550,111895,3530287250,-0.9419,7997,30965,-39214,-24349,-1529,0,-13350,-3039,9506,204,48,-6453
2018-10-25,30900,31350,30550,30850,147789,4559290650,-2.2187,-13656,-5343,20386,-3953,2346,-214,460,-58,21805,-1387,0,0
2018-10-26,31100,31450,30500,30750,82021,2522145750,-0.3241,-16007,-1969,17976,-676,18,1795,15184,0,1655,0,0,0
2018-10-29,30700,31500,29150,29200,144787,4227780400,-5.0407,-19572,895,19293,10827,267,17,336,0,7846,-866,250,0
2018-10-30,28300,29850,27950,29050,167118,4854777900,-0.5137,-12706,29568,-14833,1178,-988,-4968,1730,0,937,-1527,-502,-12722
2018-10-31,29100,29950,28600,29100,88315,2569966500,0.1721,10213,13144,-23559,-993,-11996,761,-4668,0,-6485,200,2,-178
2018-11-01,29100,29900,29100,29400,64641,1900445400,1.0309,11587,2408,-13987,-2236,-7036,-13,-63,0,-4543,-8,0,-96
2018-11-02,29450,30850,29450,30600,80209,2454395400,4.0816,-24179,20520,432,8538,-983,5688,-7784,0,-5027,3227,0,0
2018-11-05,30400,32400,30400,32250,75804,2444679000,5.3922,-13506,13576,-1640,1546,2,0,116,2794,-6098,1547,23,0
2018-11-06,32250,33450,32050,33350,75645,2522760750,3.4109,-25822,12823,8630,12040,-56,-2177,215,0,-1392,4375,-6,0
2018-11-07,33600,34500,31900,32500,170114,5528705000,-2.5487,30536,23951,-56838,-50701,7142,-4170,-4379,-499,-4231,2345,6,0
2018-11-08,33050,36350,32950,36200,298896,10820035200,11.3846,-30459,45808,-13825,11272,4036,4036,10815,2046,-45219,-1519,-5,-811
2018-11-09,35700,36400,35150,35350,87259,3084605650,-2.3481,7514,-6455,-1247,12568,-4046,150,-4451,-195,-5273,188,0,0
2018-11-12,35450,36050,34800,35150,54074,1900701100,-0.5658,-4600,566,3834,4668,-764,0,-1376,447,1264,200,0,-405
2018-11-13,35050,35600,34100,35050,101589,3560694450,-0.2845,349,7161,-9010,6455,-10976,42,238,0,-4769,1500,0,0
2018-11-14,35400,37300,35200,36200,147154,5326974800,3.281,-2223,1413,-1288,-11016,10483,11362,-4787,0,-5970,2358,-260,-1360
2018-11-15,36000,36300,35000,35500,95656,3395788000,-1.9337,-3189,6877,-3698,12747,-16780,-8040,599,0,7636,0,10,140
2018-11-16,35500,35750,34800,35350,82110,2902588500,-0.4225,2669,-6967,4498,9049,109,-4000,379,0,3474,-200,0,-4513
2018-11-19,34950,37000,34950,36850,102089,3761979650,4.2433,-24137,9259,16082,10193,10574,-1293,-1289,0,-2103,-1200,-4,0
2018-11-20,36700,39950,36650,39100,321675,12577492500,6.1058,-83152,16638,64471,22357,26771,274,-6151,-3103,24323,2168,-125,0
2018-11-21,39100,39700,38450,39250,98102,3850503500,0.3836,2017,-12901,11970,1874,13015,106,-2682,0,94,-1086,0,-437
2018-11-22,39400,39400,37650,38100,82531,3144431100,-2.9299,-31323,4249,26474,12796,-968,2025,-173,0,12794,600,0,0
2018-11-23,38250,38850,37250,37400,66382,2482686800,-1.8373,-717,6089,-6038,-551,347,-6180,-1519,0,1865,666,0,0
2018-11-26,36900,39700,36900,39300,115726,4548031800,5.0802,-30137,-4948,35746,38385,7009,2159,-7470,0,-3512,-661,0,-825
2018-11-27,38700,39200,37600,38250,102378,3915958500,-2.6718,35812,-9039,-27635,-18941,-1840,-2270,-10632,-2151,7395,862,0,804
2018-11-28,38250,38450,37050,37550,77123,2895968650,-1.8301,10322,19960,-30582,593,-869,-18944,-11833,0,471,300,0,0
2018-11-29,37900,37900,36550,36600,100029,3661061400,-2.53,9968,21792,-31243,-15483,-15023,-5311,2792,0,1782,-517,0,0
2018-11-30,36600,37400,36250,36950,53430,1974238500,0.9563,-4468,23266,-18177,-1526,-7686,-4893,-330,0,-3742,-189,-432,0
2018-12-03,37200,37550,35200,35750,292318,10450368500,-3.2476,47343,5603,-53646,-7359,-28408,-1596,-715,-881,-6540,1200,-500,-8147
2018-12-04,35750,36200,34650,35850,123555,4429446750,0.2797,4898,26389,-20533,61,-15207,4603,93,194,-10277,-10754,0,0
2018-12-05,35350,35700,34650,35200,125439,4415452800,-1.8131,40692,864,-40941,2289,-2828,-26757,-18163,-2626,7144,-615,0,0
2018-12-06,35200,35550,34600,34850,95179,3316988150,-0.9943,-19359,14894,4465,-5574,-29,953,-471,0,9586,0,0,0
2018-12-07,34850,35050,33850,34000,62110,2111740000,-2.439,-8720,5665,2355,-908,-1097,-1754,63,0,6051,600,100,0
2018-12-10,33250,35450,33250,35100,112342,3943204200,3.2353,-36951,21551,23897,15119,11027,-302,-328,0,-1619,-8497,0,0
2018-12-11,35100,36250,34350,35300,91253,3221230900,0.5698,-13170,-6658,35958,12950,19077,545,70,0,3316,-16130,0,0
2018-12-12,35300,35800,35050,35500,64083,2274946500,0.5666,-2662,476,23192,4767,11276,1731,409,0,5009,-21006,0,0
2018-12-13,36000,36050,34950,34950,169042,5908017900,-1.5493,4542,4180,2402,26400,-1634,823,257,0,-23608,-11124,0,164
2018-12-14,34550,35550,34300,34350,58289,2002227150,-1.7167,8201,-2553,-3178,-5959,2010,-21,556,0,236,-2470,0,0
2018-12-17,34850,35050,33250,33400,58419,1951194600,-2.7656,9953,66,-10676,-7727,-453,-500,-885,-3806,2695,619,38,0
2018-12-18,33800,34150,32900,33550,62435,2094694250,0.4491,-64,11209,-11402,-1009,-2214,-1213,-3362,-4401,797,257,0,0
2018-12-19,33550,34250,33350,33750,45990,1552162500,0.5961,-10341,16083,-5485,-2111,-6298,2725,1616,0,-1417,-257,0,0
2018-12-20,34250,35000,33600,34000,54193,1842562000,0.7407,-8205,-4174,13596,1458,-2116,11380,2919,0,-77,-1217,0,32
2018-12-21,34000,34350,33200,33550,52369,1756979950,-1.3235,15782,-11337,458,2531,-5279,2741,-3050,0,3515,-4903,0,0
2018-12-24,33550,33850,33300,33800,26273,888027400,0.7452,-2087,-2233,3197,2430,428,507,-130,126,-164,1123,0,0
2018-12-26,32500,33750,31800,33350,103487,3451291450,-1.3314,19202,-15978,-3154,-9446,140,176,836,0,5491,-70,0,-351
2018-12-27,33100,34700,32800,33700,69031,2326344700,1.0495,-9757,11651,-644,4528,1956,-1369,4248,0,-10437,-1250,0,430
2018-12-28,33650,37750,33650,36950,300059,11087180050,9.6439,-83017,20150,61507,18691,20552,-51,7441,0,13443,1154,206,1431
2019-01-02,37100,38750,36400,38250,274387,10495302750,3.5183,-47954,-11350,98304,-8955,37556,65928,3679,7256,-8424,-39000,0,1264
2019-01-03,38300,40900,38300,39900,380297,15173850300,4.3137,-82203,97320,45726,-107,16321,32333,3730,0,-6551,-60887,44,0
2019-01-04,39900,41650,39700,40750,242815,9894711250,2.1303,-56646,58578,46804,530,14025,23190,9920,-471,-7056,-48727,-9,6666
2019-01-07,40800,40850,39200,39600,164995,6533802000,-2.8221,15170,12329,-6010,26381,-26086,12918,-4972,0,-14251,-21621,132,0
2019-01-08,39850,41550,39850,41350,188811,7807334850,4.4192,-45291,-8583,82483,-3839,17506,28791,19123,0,20902,-28385,-224,0
2019-01-09,41300,41900,40700,41300,123208,5088490400,-0.1209,12500,-30094,39496,16490,-3883,1025,26141,0,-1332,-21852,-50,1055
2019-01-10,41050,41700,40650,41350,164667,6808980450,0.1211,-14910,3550,34395,-39221,3064,14991,8305,0,47256,-23035,0,0
2019-01-11,41000,41350,40700,40750,94533,3852219750,-1.451,-2539,8033,3422,-8699,-10647,14968,6183,0,1617,-8916,0,0
2019-01-14,40200,40750,39450,39550,138085,5461261750,-2.9448,-1261,36434,-18714,-23172,-12174,12210,-25,0,4447,-16453,-6,0
2019-01-15,40000,40950,39500,39900,161542,6445525800,0.885,55095,-2773,-34793,-36510,-2653,2527,-10692,586,11949,-17471,-58,0
2019-01-16,39850,40200,38500,38700,104338,4037880600,-3.0075,14175,4718,-9490,-12029,2812,10639,-9614,0,-1282,-9350,-53,-16
2019-01-17,38500,38700,36600,37050,332788,12329795400,-4.2636,63050,-31779,-29822,-4080,-22368,15030,-1961,539,-16849,-1357,-92,-133
2019-01-18,37100,37350,35400,35900,251187,9017613300,-3.1039,85601,-22572,-45877,-22684,-17485,3723,-8401,96,-1126,-17502,350,0
2019-01-21,36050,36300,35300,35950,138536,4980369200,0.1393,10683,-12304,6139,5817,4622,-2989,1839,0,-3150,-4518,0,0
2019-01-22,35950,36350,35450,35750,100174,3581220500,-0.5563,25135,-23513,18538,-4545,4293,12163,4225,2000,402,-20210,50,0
2019-01-23,35750,35900,35400,35750,98574,3524020500,0.0,16555,-15965,11510,-4132,7804,1957,22,0,5859,-12200,100,0
2019-01-24,35800,35950,34550,34700,174972,6071528400,-2.9371,91547,-34144,-55730,-57792,-3516,9068,249,657,-4396,-1616,-57,0
2019-01-25,34850,34900,34300,34650,119982,4157376300,-0.1441,56197,-15144,-41022,-7006,-17765,-12682,2704,0,-862,32,-63,-5411
2019-01-28,34800,34900,34300,34400,140340,4827696000,-0.7215,62005,-57786,-2682,-4955,8456,-7679,9127,-8,419,-1340,-197,-8042
2019-01-29,34300,34700,33550,33700,165018,5561106600,-2.0349,81681,-56966,-24717,-19215,3406,-9688,5039,0,-4259,-3,5,0
2019-01-30,33950,34150,33600,33950,173241,5881531950,0.7418,81936,-35737,-46230,-18303,-1395,-27226,927,0,-233,31,0,0
2019-01-31,34100,34350,33750,34000,145256,4938704000,0.1473,51867,-43721,-8202,-8344,-3768,446,2977,0,507,0,56,-20
2019-02-01,34050,34700,33700,34550,179758,6210638900,1.6176,10026,-61660,51047,7872,-197,38149,4133,0,1090,588,-1,0
2019-02-07,34700,35100,34250,34900,164248,5732255200,1.013,31827,-40352,28152,22642,239,21461,-10811,-2397,-2982,-19605,-22,0
2019-02-08,34900,35500,34800,35350,172333,6091971550,1.2894,-9510,-21705,55406,8089,3774,26147,248,0,8344,-24290,99,8804
2019-02-11,35550,36000,35050,35400,153318,5427457200,0.1414,13895,-36018,45787,24965,-135,13481,7405,0,71,-23638,-26,0
2019-02-12,35600,35600,34550,35100,114193,4008174300,-0.8475,11068,-13671,19503,10833,13246,-9368,773,0,4019,-16900,0,0
2019-02-13,35850,36100,35650,35900,204893,7355658700,2.2792,-16711,10709,41039,17954,7585,12602,972,1842,84,-35000,-37,0
2019-02-14,36150,36450,35850,36450,177937,6485803650,1.532,-15731,-18176,69010,12242,19211,13360,17813,0,6384,-35103,0,0
2019-02-15,36500,37350,36000,36900,169031,6237243900,1.2346,-8475,-26417,37642,15801,6056,-2567,7895,0,10457,-2760,10,0
2019-02-18,37150,38500,36800,38400,229142,8799052800,4.065,-110205,21212,89363,35211,31854,7221,135,0,16192,-369,-1,-1250
2019-02-19,38650,39150,37950,38600,130052,5020007200,0.5208,-28841,9961,19000,9529,5258,4091,1465,-761,-498,0,-120,-84
2019-02-20,38600,38950,37400,38300,120838,4628095400,-0.7772,-13960,7615,6125,-1085,3797,-344,740,0,3017,250,-30,0
2019-02-21,38300,38700,37550,38400,102923,3952243200,0.2611,-10644,35109,-24405,-2881,-9661,-14196,-65,-1081,3479,0,-60,0
2019-02-22,38400,39350,38300,39300,102855,4042201500,2.3438,-64687,30827,30822,8748,5048,13485,-17,0,3558,3038,0,0
2019-02-25,39550,39550,37700,38150,122906,4688863900,-2.9262,13153,11046,-24619,-14433,588,-15218,427,0,4017,420,0,0
2019-02-26,38200,38300,35900,38050,119908,4562499400,-0.2621,-27866,48550,-20652,-18334,-2035,-6539,-1666,2536,2907,-32,0,2479
2019-02-27,38000,40650,37750,40600,378095,15350657000,6.7017,-172696,83856,92862,66804,45855,-35879,8533,-904,8404,-3798,-224,49
2019-02-28,40800,40850,38800,38950,159727,6221366650,-4.064,20665,-39768,18619,12673,-3892,-6829,-770,0,17377,-100,584,60
2019-03-04,39350,40500,38350,39050,133993,5232426650,0.2567,21802,8610,-31403,-32368,6389,3784,-7647,0,-1618,918,73,57
2019-03-05,39000,39300,37800,38600,108841,4201262600,-1.1524,1990,4941,-6644,-17270,4828,7122,-2493,0,1485,-616,329,-316
2019-03-06,38000,39550,37700,39150,118273,4630387950,1.4249,-25006,6399,18707,-7260,2074,1717,9248,-2241,15478,0,-100,-309
2019-03-07,39500,39500,38000,38650,112935,4364937750,-1.2771,13031,-17877,5046,-21085,3196,20134,-4506,-1561,9285,-200,0,-417
2019-03-08,38700,38700,37250,37800,99841,3773989800,-2.1992,26137,-20023,-6053,-2484,7222,-6796,-1505,0,-2181,50,-111,-309
2019-03-11,37700,37900,36750,37700,81552,3074510400,-0.2646,2959,-2113,-827,-9199,8695,-1088,2060,-1800,-6511,0,-19,7016
2019-03-12,38150,38150,36900,37050,88424,3276109200,-1.7241,15276,-4081,-10752,-10794,2023,-1158,-3619,0,3364,-443,0,-568
2019-03-13,37100,37250,36150,36500,91179,3328033500,-1.4845,22362,128,-22495,-14107,5722,870,-7164,-5770,-1508,25,-20,-538
2019-03-14,36850,36850,36150,36450,102768,3745893600,-0.137,28652,10306,-38801,-15461,-4764,-17289,1238,0,-2137,-157,0,-388
2019-03-15,36450,38250,36450,38000,233888,8887744000,4.2524,18159,21323,-39963,-30212,8695,-6460,-521,-2372,-8153,357,124,-940
2019-03-18,37500,38250,37000,37200,136629,5082598800,-2.1053,10768,-5376,-5177,-17,-3582,-1132,-3248,-1333,4135,44,-259,0
2019-03-19,37100,37100,35350,35500,340004,12070142000,-4.5699,159218,-58531,-100218,-71491,-18622,10115,-10803,-958,-7989,-279,-190,-470
2019-03-20,35900,37350,35850,36700,310623,11399864100,3.3803,-99109,112043,-12990,-69259,13366,10845,24854,-2168,9856,56,0,-484
2019-03-21,36700,37050,35800,36000,140861,5070996000,-1.9074,30527,-32000,1487,11525,482,-6152,195,0,-4001,-14,0,-562
2019-03-22,36250,39350,36050,38650,377539,14591882350,7.3611,-105258,66554,38893,2907,30530,2688,25550,-4383,-16113,-379,190,-2286
2019-03-25,38000,39600,37300,38150,137410,5242191500,-1.2937,-11971,-22605,34341,-5875,1572,31448,3663,0,3928,-52,287,-395
2019-03-26,37900,40100,37750,39900,223585,8921041500,4.5872,-68907,5491,64830,10455,20034,33085,4929,580,-3058,-1160,-254,-1195
2019-03-27,40150,40500,39000,40250,159247,6409691750,0.8772,-7139,-59057,65902,5403,10109,49853,583,0,-337,-25,319,291
2019-03-28,40000,40250,39000,39550,95729,3786081950,-1.7391,-12027,-31397,43336,3360,3141,30112,5306,0,723,88,0,694
2019-03-29,39250,39850,38600,39350,82305,3238701750,-0.5057,-22717,-2046,24719,1845,758,13417,4434,0,3543,10,34,722
2019-04-01,39100,39850,38650,39700,124424,4939632800,0.8895,-5179,-184,5381,17819,-6190,-20586,9221,0,5120,0,-18,-3
2019-04-02,39350,39650,38600,38700,98884,3826810800,-2.5189,18637,-5248,-15429,6818,-10036,-7368,-1747,0,-2611,-100,2140,-485
2019-04-03,38400,38700,37850,38150,82021,3129101150,-1.4212,17767,-8985,-7605,1517,-2476,-3096,-2260,0,-1290,-85,-1092,0
2019-04-04,38550,39300,38150,38800,99162,3847485600,1.7038,-1984,-12604,15694,9312,14743,-11271,-1078,640,3348,0,-1106,0
2019-04-05,38850,39350,38400,38450,51908,1995862600,-0.9021,110,-8170,8860,5732,-4194,-3892,3696,0,7901,-600,-200,-383
2019-04-08,38450,38550,37500,37650,101475,3820533750,-2.0806,26736,-6993,-19803,-1829,1347,-14702,-2186,0,-2433,0,60,0
2019-04-09,37650,38100,37350,37500,46228,1733550000,-0.3984,9088,-7588,-1580,6930,694,-3283,-3816,0,-2105,0,80,0
2019-04-10,37850,37900,36850,36850,101025,3722771250,-1.7333,39120,-15498,-24019,1551,-9349,-15305,-2580,0,1664,100,297,0
2019-04-11,36900,37150,36800,36950,84979,3139974050,0.2714,30731,-27932,-2799,-4968,3016,3237,-2041,0,-2043,0,0,0
2019-04-12,37200,38100,37200,37650,107103,4032427950,1.8945,12712,-34841,22604,2817,165,828,9274,0,9520,100,-575,0
2019-04-15,37550,37800,37050,37150,76838,2854531700,-1.328,36124,-20189,-14710,-11580,626,-1423,-2717,0,384,-1225,0,0
2019-04-16,37100,38000,36850,37850,105791,4004189350,1.8843,13995,-15189,1085,1999,826,1295,-2397,0,-638,100,9,0
2019-04-17,37900,37900,37050,37550,102787,3859651850,-0.7926,38476,-50863,11996,9562,-115,524,1051,0,974,0,391,0
2019-04-18,37600,38850,37500,38400,204140,7838976000,2.2636,-27904,28714,-252,-12309,-2982,6521,2425,0,7207,-100,-458,-1114
2019-04-19,38650,38650,37950,38550,98727,3805925850,0.3906,19192,-35647,16455,-54,4358,7486,1759,0,2906,0,0,0
2019-04-22,38750,39350,38200,38350,110791,4248834850,-0.5188,-8777,17486,-8684,-351,-1034,5663,-1340,0,-11622,-27,2,0
2019-04-23,38450,38450,37250,38250,89448,3421386000,-0.2608,6986,-22080,15112,4353,-2531,11118,3747,0,-1575,-18,0,0
2019-04-24,38000,38050,37300,37500,88189,3307087500,-1.9608,32648,-11906,-20961,13928,-11643,-5238,-5435,-1220,-8861,-31,250,-2492
2019-04-25,37600,37850,36900,37500,56404,2115150000,0.0,2199,-8888,6939,-1496,-1678,10023,-1223,0,1313,0,-250,0
2019-04-26,37500,37500,36350,36750,99090,3641557500,-2.0,23727,-27043,3316,4867,-6775,12760,-3935,0,-3601,0,0,0
2019-04-29,36750,36800,36000,36450,89795,3273027750,-0.8163,33292,-1781,-31961,183,-18829,-132,-15747,-2426,4990,0,450,0
2019-04-30,36300,37550,36300,37450,87778,3287286100,2.7435,-31627,22997,7730,7071,11368,1158,-4124,0,-7727,1000,-100,-16
2019-05-02,37150,37800,36850,37400,59057,2208731800,-0.1335,-7139,-2570,10161,5349,6596,3923,-4467,0,-1223,0,-452,-17
2019-05-03,37250,37500,36200,36300,115529,4193702700,-2.9412,38477,-21482,-16850,1161,5916,-12900,-7852,0,-3175,-975,830,0
2019-05-07,36850,37550,36350,37250,178256,6640036000,2.6171,-65299,8652,51644,20882,53205,-10492,-5906,0,-6045,5833,-830,0
2019-05-08,36800,37000,36450,36600,43011,1574202600,-1.745,7328,-8238,860,2338,900,-589,-2543,0,754,50,0,0
2019-05-09,36650,36700,34500,34500,213039,7349845500,-5.7377,77060,-43231,-33559,-14546,-11134,10959,-11900,0,-6938,-150,-120,0
2019-05-10,34850,35600,34050,34700,89231,3096315700,0.5797,27375,1639,-28927,-13575,159,-152,-11766,0,-3481,0,-87,-112
2019-05-13,34700,34900,33250,33250,107187,3563967750,-4.1787,39234,-16253,-23297,4875,-939,-6536,-10892,0,-9805,314,2,0
2019-05-14,32500,34550,32500,34000,88041,2993394000,2.2556,-25871,26752,-2139,-8113,6909,-2256,-89,0,1410,1258,0,0
2019-05-15,34000,34400,33350,34000,51838,1762492000,0.0,12846,-1609,-11187,-7657,2060,161,-2719,0,-3032,0,-50,0
2019-05-16,34100,34400,33450,34250,79188,2712189000,0.7353,20772,-17862,-2615,-10225,-1021,13106,-1017,0,-3458,-300,5,0
2019-05-17,34400,35000,33950,34500,57230,1974435000,0.7299,-2001,-7041,9042,-11400,2272,17987,-235,0,418,0,0,0
2019-05-20,34850,35500,34500,34500,68081,2348794500,0.0,-31005,13682,17333,-1240,1580,9244,1138,0,6611,0,-10,0
2019-05-21,34200,34950,33650,33850,78531,2658274350,-1.8841,12144,15581,-28025,-716,746,5307,-32004,0,-1358,300,0,0
2019-05-22,33850,34500,33550,34300,73645,2526023500,1.3294,-386,23014,-22628,1594,1073,9136,-32939,0,-1492,0,0,0
2019-05-23,34200,34400,33900,34250,37812,1295061000,-0.1458,-9340,6089,3291,426,6569,-7682,569,0,3409,-50,10,0
2019-05-24,34200,35150,34200,35050,62159,2178672950,2.3358,-34052,4232,29820,9348,3769,11074,325,0,5304,0,0,0
2019-05-27,34900,35350,34200,34750,71872,2497552000,-0.8559,448,976,-1524,2874,-753,-9189,1339,0,4205,100,0,0
2019-05-28,34800,34950,33950,34100,61869,2109732900,-1.8705,4464,6903,-11368,4982,-8535,479,-10121,0,1827,1,0,0
2019-05-29,34400,34450,33350,33550,47955,1608890250,-1.6129,7946,9722,-17679,-446,-11679,-2048,94,0,-3600,11,0,0
2019-05-30,33950,33950,33100,33200,66216,2198371200,-1.0432,28191,-6269,-21923,-8295,-8855,-1073,3069,0,-5175,1,0,-1594
2019-05-31,33100,33800,33100,33450,40519,1355360550,0.753,5122,4168,-9316,-5922,33,-2780,498,0,-1145,26,0,0
2019-06-03,33250,33300,32250,32950,154957,5105833150,-1.4948,64270,-3405,-54258,-21007,-10895,-8527,2060,0,-15889,-6607,0,0
2019-06-04,32650,33250,32550,32850,94753,3112636050,-0.3035,26217,12933,-39674,-18065,1092,-8447,-309,0,-13945,51,473,0
2019-06-05,33000,33200,32700,32900,73592,2421176800,0.1522,12326,14082,-26439,-35395,14147,0,-1376,0,-3815,31,0,0
2019-06-07,32950,33350,32800,33300,77005,2564266500,1.2158,-7996,14928,-7701,-13396,8363,2772,-4913,90,-617,769,0,0
2019-06-10,33300,34450,33250,34300,79543,2728324900,3.003,-29834,17617,10646,-124,14155,-1314,-636,0,-1435,2019,-448,0
2019-06-11,34300,34950,34300,34750,67429,2343157750,1.312,-27835,2416,25647,-3466,31062,1799,-3448,0,-300,-228,0,0
2019-06-12,34750,35100,34250,34500,58592,2021424000,-0.7194,-6100,9799,-3685,-16409,14677,-525,751,-888,1648,1,-15,-2939
2019-06-13,34400,34700,33900,34600,80605,2788933000,0.2899,2061,-4460,2398,-3719,10881,-3067,-2228,0,531,1,0,0
2019-06-14,34600,35050,34050,34900,69607,2429284300,0.8671,-22077,-7928,30013,-282,17636,11081,1294,0,284,1,-9,0
2019-06-17,35200,35200,33850,34000,76060,2586040000,-2.5788,22989,-12131,-10859,9070,7385,-1824,-11513,0,-13977,1,0,0
2019-06-18,33800,34250,33400,33950,56961,1933825950,-0.1471,-1607,2395,-789,-8686,-2241,-69,1022,0,9185,1,0,0
2019-06-19,34100,34400,33700,33700,52078,1755028600,-0.7364,10732,3822,-14555,-11796,-3888,58,211,0,860,1,0,0
2019-06-20,33750,34100,33600,33700,46238,1558220600,0.0,15866,2949,-18816,-10032,350,-7145,-74,0,-1915,1,0,0
2019-06-21,33850,34150,33550,33800,75793,2561803400,0.2967,17927,-6048,-11880,-8316,-2202,-246,2,0,-1118,1,0,0
2019-06-24,33900,33900,32950,33200,78447,2604440400,-1.7751,23518,-14510,-10019,-9148,4679,-638,-6948,0,2036,1001,10,0
2019-06-25,33300,33400,32200,32350,140299,4538672650,-2.5602,80961,-45931,-35621,-3570,-15306,-584,-450,0,-15711,586,5,0
2019-06-26,32350,32850,32050,32100,90220,2896062000,-0.7728,40995,-85,-41101,-20282,-17952,24,659,0,-3550,191,0,0
2019-06-27,32150,32500,32050,32150,79068,2542036200,0.1558,23621,-9218,-14445,4330,-986,-11826,-2103,0,-3860,42,0,0
2019-06-28,32000,32250,30950,31100,156909,4879869900,-3.2659,57764,-32861,-23857,4273,-23081,-1600,-1778,0,-1671,-1149,103,0
2019-07-01,31350,31350,30150,30650,139514,4276104100,-1.4469,8089,5029,-13118,-23519,17003,211,-9581,0,2768,0,0,0
2019-07-02,30500,31000,30100,30650,122205,3745583250,0.0,43945,2365,-46310,-26625,-11299,-2588,-1765,0,-4033,0,0,0
2019-07-03,30950,31050,30500,30550,63216,1931248800,-0.3263,13045,-17147,4102,6451,-2618,407,-129,0,-9,0,0,0
2019-07-04,30750,30800,29700,29800,132307,3942748600,-2.455,62003,-12154,-48753,-39214,1295,-10963,945,0,-816,-1101,5,0
2019-07-05,29800,30300,29700,30050,77213,2320250650,0.8389,8362,-3515,-4720,-8787,391,-1043,-1615,0,6334,-127,0,0
2019-07-08,29800,30050,28300,28550,135655,3872950250,-4.9917,40407,-16466,-23890,-6168,-13929,-1789,-1477,0,-527,-100,49,0
2019-07-09,28600,28850,27950,28500,90603,2582185500,-0.1751,12552,3946,-16605,-22558,268,183,-135,0,5807,100,7,-170
2019-07-10,28200,29000,28100,28250,129963,3671454750,-0.8772,24657,393,-24943,-20475,298,-4178,-1179,0,591,-137,30,0
2019-07-11,28200,28550,28200,28300,84236,2383878800,0.177,27777,7526,-35305,-23355,-1886,-1070,2204,0,-11198,0,2,0
2019-07-12,28300,28600,28250,28400,62167,1765542800,0.3534,16579,6218,-22797,-23727,0,-20,-2,0,952,0,0,0
2019-07-15,28450,28700,27850,28400,90992,2584172800,0.0,13675,553,-15228,-15989,-1811,1566,1826,0,-959,1000,0,139
2019-07-16,28400,29200,27950,29050,93908,2728027400,2.2887,9993,-19931,9908,-2647,10425,-30,997,0,1163,10,20,0
2019-07-17,29000,29300,28550,29050,86598,2515671900,0.0,21553,-34443,12890,-15649,6726,3634,12576,0,5603,0,0,0
2019-07-18,29100,29250,28800,28950,65444,1894603800,-0.3442,6276,-14870,8594,-5437,4204,739,-1383,0,10471,0,0,0
2019-07-19,28950,29950,28950,29800,128004,3814519200,2.9361,-14875,-21243,28920,-5495,26497,2581,-72,0,5409,7198,0,0
2019-07-22,29800,30650,29450,30150,80677,2432411550,1.1745,-8610,-7973,12862,504,5025,154,2293,32,4854,3586,135,0
2019-07-23,30100,30500,29700,30050,58514,1758345700,-0.3317,6891,-15648,8757,-262,-364,0,6630,0,2753,0,0,0
2019-07-24,30100,30400,29550,29750,71433,2125131750,-0.9983,4850,-1246,-3585,-2234,-5071,0,219,0,3546,0,-19,-45
2019-07-25,29900,30300,28850,29750,124427,3701703250,0.0,560,-14867,14077,24097,-8654,-2092,-896,0,1622,231,-1,0
2019-07-26,29250,29850,29000,29050,65626,1906435300,-2.3529,10074,-4291,-5293,4114,-16970,4765,539,0,2259,-500,10,0
2019-07-29,29000,29250,28350,28400,60281,1711980400,-2.2375,2891,-2461,-430,-6858,-1954,7859,231,0,292,0,0,0
2019-07-30,28100,29700,27850,29700,74870,2223639000,4.5775,-21588,-3211,24799,18161,1628,5738,338,0,-1066,0,0,0
2019-07-31,29700,29750,29100,29450,61715,1817506750,-0.8418,-5133,-17019,18867,4819,-833,2998,2823,0,9059,3285,0,1
2019-08-01,29400,29550,28850,29150,39951,1164571650,-1.0187,3720,-1392,-2328,322,-1637,-2265,1414,0,-162,0,0,0
2019-08-02,28650,29900,28300,29350,78292,2297870200,0.6861,-15977,-6007,21984,28263,-349,1575,-104,0,-7401,0,0,0
2019-08-05,28950,29500,27750,28500,126562,3607017000,-2.8961,-18271,-19884,38655,45136,5212,-14619,971,0,1955,-500,0,0
2019-08-06,28300,28500,27300,28000,135164,3784592000,-1.7544,-10686,-12962,24138,29182,-2092,-21425,1491,0,16982,-500,10,0
2019-08-07,27800,28100,26550,27100,159069,4310769900,-3.2143,19522,-17313,-2556,5493,11185,-2320,-1544,0,-15370,125,222,0
2019-08-08,27050,27550,26700,27300,141850,3872505000,0.738,9095,11343,-20313,-13669,-2557,-17424,6243,0,7094,-125,0,0
2019-08-09,27400,27900,27400,27750,64231,1782410250,1.6484,-14467,24566,-10099,-400,-330,-2630,727,0,-7466,0,0,0
2019-08-12,27750,28150,27550,28150,55574,1564408100,1.4414,-1618,11317,-10382,2383,-210,-7760,-113,0,-4682,698,-15,0
2019-08-13,28200,28700,27850,28450,73653,2095427850,1.0657,144,-230,86,-6029,398,4396,-466,0,1787,0,0,0
2019-08-14,28500,30600,28200,30300,181916,5512054800,6.5026,-67834,31049,36785,7579,3903,35531,-11422,0,1194,0,0,0
2019-08-16,30100,30950,29950,30550,117166,3579421300,0.8251,-9039,-23638,32677,10333,22638,1226,707,0,-2227,0,0,0
2019-08-19,30600,31150,30000,31100,112666,3503912600,1.8003,-38927,17884,21043,11834,17715,-3924,-4547,0,-35,0,0,0
2019-08-20,30950,32050,30850,31800,91759,2917936200,2.2508,-37160,16576,20427,7140,5323,-323,8823,0,-536,157,0,0
2019-08-21,31300,32050,31300,31900,75873,2420348700,0.3145,-21749,19560,1090,11145,-1205,-11533,1704,0,979,786,313,0
2019-08-22,32000,32000,31150,31200,65123,2031837600,-2.1944,13215,7628,-20961,-857,5374,-18501,-3271,0,-3706,0,118,0
2019-08-23,31650,31750,30800,31250,97499,3046843750,0.1603,-8343,1617,3390,3379,3647,-2404,556,0,-1788,3176,160,0
2019-08-26,31250,31750,30400,31200,94158,2937729600,-0.16,-17741,10361,7304,-3153,5138,2438,2357,0,524,0,76,0
2019-08-27,31350,31850,31100,31250,58114,1816062500,0.1603,3627,-5882,2249,10666,-3350,-1167,-1,0,-3899,6,0,0
2019-08-28,31500,32400,31050,31500,90427,2848450500,0.8,-929,-1437,2013,-12821,5426,4763,670,0,3975,290,63,0
2019-08-29,31600,31900,30950,31300,64291,2012308300,-0.6349,11697,1445,-13142,-18449,2289,3065,-683,0,636,0,0,0
2019-08-30,31300,31600,31100,31150,57936,1804706400,-0.4792,5854,12986,-18520,-293,-1224,-17776,-535,0,1308,-320,0,0
2019-09-02,31000,31550,30900,31000,57805,1791955000,-0.4815,13027,10456,-23515,-15657,-3905,0,125,0,-4078,32,0,0
2019-09-03,31250,33250,31250,33200,212301,7048393200,7.0968,-78106,26725,51159,-546,23833,25923,4018,0,-2597,252,-30,528
2019-09-04,33200,35400,32950,35400,280488,9929275200,6.6265,-101538,-13713,115546,17195,77624,-3532,3433,0,20668,-288,-7,158
2019-09-05,35500,35550,33750,34000,201166,6839644000,-3.9548,25467,-23147,-592,-2062,-7623,-16146,6032,0,19198,-1871,143,9
2019-09-06,34000,34500,33700,33850,85267,2886287950,-0.4412,1150,863,-2013,9519,-1167,-3624,-1555,0,-5186,0,0,0
2019-09-09,33700,34300,33050,33350,106502,3551841700,-1.4771,18142,-10073,-8005,-8711,-1571,284,432,0,1561,-66,2,0
2019-09-10,33100,33700,33000,33550,71415,2395973250,0.5997,-11369,2912,8447,20296,-4508,-5935,-1668,0,262,10,0,0
2019-09-11,33750,34100,32950,32950,138533,4564662350,-1.7884,15188,-3083,-12105,16282,-33574,119,9020,0,-3952,0,0,0
2019-09-16,33050,33350,31700,32250,188817,6089348250,-2.1244,54499,18611,-72808,-12073,-15255,-28019,13362,0,-30379,-302,0,-444
2019-09-17,32250,32950,31950,32450,72658,2357752100,0.6202,-17446,5466,11980,8591,9099,-6497,-1913,0,2700,0,0,0
2019-09-18,32650,34800,32500,34300,163295,5601018500,5.7011,-56737,9690,47247,11320,23417,10435,9861,0,-8616,0,-200,830
2019-09-19,34000,35300,33750,34600,174131,6024932600,0.8746,-29478,-38497,66263,8497,52174,-1935,5033,0,2494,1633,79,0
2019-09-20,34450,35650,33950,35200,137607,4843766400,1.7341,-38420,-24942,62523,16102,28189,3859,2034,0,12339,799,40,0
2019-09-23,34900,36200,34650,34700,149975,5204132500,-1.4205,-30135,-2378,32508,6183,1574,19457,2724,0,2570,140,-135,0
2019-09-24,35100,35850,34500,35000,113631,3977085000,0.8646,-22044,-3274,25232,6956,-3361,3822,1347,0,16468,86,0,0
2019-09-25,35100,35400,34250,34650,61605,2134613250,-1.0,-11687,-845,13082,-214,-1731,579,6418,0,4404,33,-583,3626
2019-09-26,34700,35700,34500,34950,59048,2063727600,0.8658,-7191,-7162,14373,12916,-328,-5532,5704,0,1613,0,-20,0
2019-09-27,35200,35200,34500,34800,46220,1608456000,-0.4292,-2055,-9371,11396,9639,5393,-2366,-1215,0,-55,30,0,0
2019-09-30,34900,36050,34900,35650,142401,5076595650,2.4425,-7971,-9846,20168,-10914,9016,29131,-691,0,-6374,-2100,-251,0
2019-10-01,35900,35950,35150,35200,64998,2287929600,-1.2623,6754,-22123,15381,2725,-1554,5105,5968,0,3137,0,-12,0
2019-10-02,34700,35450,34700,34700,43584,1512364800,-1.4205,12464,-6809,-5655,-1344,-4053,1760,-145,0,-1873,0,0,0
2019-10-04,34200,34950,33900,34600,59983,2075411800,-0.2882,-11245,-6063,17630,2617,-200,10214,-218,0,5217,-320,-2,0
2019-10-07,34600,35000,34200,34750,51528,1790598000,0.4335,-5732,-8704,14406,12864,145,-2711,367,0,3714,0,30,27
2019-10-08,34200,35350,34200,34850,52016,1812757600,0.2878,-1025,-8915,9970,5080,5320,5208,-3673,0,-1965,0,-30,0
2019-10-10,34550,35300,34300,34600,85142,2945913200,-0.7174,10558,-11740,1182,11747,-2704,4546,-2769,0,-9638,0,0,0
2019-10-11,35050,35050,34450,34500,36991,1276189500,-0.289,6717,-3802,-2915,8034,-1436,-4934,-3079,0,-1500,0,0,0
2019-10-14,34650,35000,34450,34950,54441,1902712950,1.3043,-2058,-4625,6696,4514,-4800,-6323,9658,0,3947,-13,0,-300
2019-10-15,35100,35600,34600,35200,78369,2758588800,0.7153,-16676,-14539,31219,3455,-953,14420,18281,0,-3984,7,-11,0
2019-10-16,35250,36700,35250,35500,117167,4159428500,0.8523,-18812,4561,13709,6640,-11126,7090,9417,0,1688,642,-100,0
2019-10-17,34400,36050,34400,34850,107537,3747664450,-1.831,21511,-11514,-10197,-3914,1392,-7470,5493,0,-5698,0,200,0
2019-10-18,35150,35500,34750,35100,50942,1788064200,0.7174,-10586,-8929,19015,8203,997,8617,-202,-3,1416,500,0,-13
2019-10-21,35500,35800,34600,35650,86078,3068680700,1.567,-35852,-15075,51099,9456,3145,32828,896,0,4774,28,-200,0
2019-10-22,35500,36050,35450,35450,67083,2378092350,-0.561,-12767,-6888,19560,2605,2461,-2871,-608,0,17973,95,0,0
2019-10-23,35100,35850,34900,35500,70650,2508075000,0.141,-8070,-18351,26421,-3357,-2529,27759,123,0,4425,0,0,0
2019-10-24,35100,35650,34800,35150,59951,2107277650,-0.9859,3508,-5290,1782,-1201,-4321,6312,-602,0,1594,0,0,0
2019-10-25,34650,35350,34650,35000,48468,1696380000,-0.4267,-6797,-10322,17116,3031,-1912,5639,9409,-89,1038,3,0,0
2019-10-28,35450,35550,34600,34600,45987,1591150200,-1.1429,10045,-7704,-2628,-5968,1283,-514,262,0,2309,287,0,0
2019-10-29,34400,35050,34000,34200,69886,2390101200,-1.1561,263,3517,-3776,5611,-9757,1457,-3338,-89,2441,-3,-1,-101
2019-10-30,33850,34100,32950,33450,114560,3832032000,-2.193,-4454,-17407,21866,2349,-5507,17374,11553,0,-1062,-45,40,-2841
2019-10-31,33550,34000,33200,33650,72682,2445749300,0.5979,3945,5483,-9034,-4685,-4059,-293,2480,0,-2477,-394,0,0
2019-11-01,33700,34000,33250,33750,46812,1579905000,0.2972,-4348,-1456,5804,7864,-236,-2556,-13,0,745,0,0,0
2019-11-04,34000,34000,33450,33450,57535,1924545750,-0.8889,-697,3081,-2384,-2205,-4595,1250,542,0,2624,0,0,0
2019-11-05,33350,33850,32800,33300,104582,3482580600,-0.4484,-44242,23388,20945,21772,3868,-2591,-915,0,-1189,81,-172,0
2019-11-06,33350,34150,33150,33850,63819,2160273150,1.6517,-8940,742,8238,7692,6339,-2391,-4089,0,1387,0,-40,-700
2019-11-07,33750,34100,33200,33750,58606,1977952500,-0.2954,1325,-4977,3651,10353,-3521,2,-2864,0,-319,1,0,0
2019-11-08,33600,34000,33600,33800,29414,994193200,0.1481,-1344,5873,-4529,-4281,-141,-196,-922,0,1011,0,0,0
2019-11-11,33550,33900,32800,32800,81362,2668673600,-2.9586,22100,5309,-47709,-3094,-1089,-2283,-362,0,-37600,20300,0,-3281
2019-11-12,32650,32950,32150,32650,62338,2035335700,-0.4573,11774,2428,-14202,-5982,-590,-10322,297,0,2395,0,0,0
2019-11-13,32450,33000,32300,32750,43827,1435334250,0.3063,2940,2038,-4979,-1162,-3235,-457,-30,0,-95,1,0,0
2019-11-14,32600,32900,32300,32500,64091,2082957500,-0.7634,2077,806,-2684,1821,61,-1083,124,0,-3607,-199,0,0
2019-11-15,32900,34450,32700,34400,114849,3950805600,5.8462,-60327,19898,40429,14120,10205,-7230,9025,0,14309,0,0,0
2019-11-18,34650,34650,34100,34550,46091,1592444050,0.436,-5813,4258,1505,-1540,1721,-5223,3526,807,2214,50,0,0
2019-11-19,34200,34650,33700,34500,63146,2178537000,-0.1447,-12921,1342,11579,9993,6660,-4609,469,-85,-849,0,0,0
2019-11-20,34500,34550,33700,33900,73090,2477751000,-1.7391,20191,-8997,-11694,-6957,3265,-2218,-7660,-86,1962,500,0,0
2019-11-21,33800,34400,33600,33700,61896,2085895200,-0.59,-6212,-5951,12163,-5062,7409,3156,524,0,6136,0,0,0
2019-11-22,34250,34450,33200,34100,82757,2822013700,1.1869,-2532,2503,-2615,-8457,11787,-10838,3400,0,1493,2530,114,0
2019-11-25,33850,34400,33550,34350,64478,2214819300,0.7331,-18326,530,17015,8372,3887,-3188,129,0,7845,743,38,-30
2019-11-26,34350,34700,34050,34500,62515,2156767500,0.4367,-28054,-1808,29862,16750,4937,1435,652,0,6088,0,0,0
2019-11-27,34800,34900,33900,34000,32120,1092080000,-1.4493,2680,5056,-7736,-778,-2439,-4150,-107,-71,-191,0,0,0
2019-11-28,33700,34400,33550,34200,38418,1313895600,0.5882,-7980,4638,3343,3251,1176,-3357,838,0,1435,-1,0,0
2019-11-29,34550,34550,33500,34250,64209,2199158250,0.1462,-10112,2591,7521,16467,1993,-5459,-1478,0,-3901,0,0,-101
2019-12-02,34450,34700,33600,34650,62290,2158348500,1.1679,-14009,-2469,16480,18187,3423,2541,-10459,0,2788,-2,0,0
2019-12-03,34800,34800,33500,33700,56701,1910823700,-2.7417,28480,-8871,-19608,-6951,358,-1130,-9298,0,-2486,0,-1,-101
2019-12-04,33500,33800,33150,33650,41903,1410035950,-0.1484,3273,-5539,1079,3204,958,-1519,-887,0,-677,1187,0,0
2019-12-05,33300,33900,32900,33900,48449,1642421100,0.7429,-4206,-10066,14272,17095,-3378,441,132,-807,326,0,0,463
2019-12-06,33450,34100,33350,34050,31851,1084526550,0.4425,-3751,-3732,7483,11180,1769,219,-4328,0,-1357,0,0,0
2019-12-09,34350,34350,33650,33900,75739,2567552100,-0.4405,-19145,-1654,20799,17924,5300,869,-356,0,-2938,0,0,0
2019-12-10,33650,34100,33350,33450,22930,767008500,-1.3274,4176,-1118,-3258,168,-1648,-67,11,0,-1722,200,0,0
2019-12-11,33450,33450,32850,33100,36810,1218411000,-1.0463,6254,-758,-5496,-741,-2289,-1251,-1941,0,726,0,0,0
2019-12-12,33150,33500,32850,33350,110512,3685575200,0.7553,-1943,-5597,7540,12689,-1071,-3263,-806,0,-9,0,0,0
2019-12-13,33400,33650,33150,33500,60832,2037872000,0.4498,4417,-6839,2438,18296,-9730,-5890,-541,0,303,-16,0,0
2019-12-16,33650,34050,32600,33400,116782,3900518800,-0.2985,27259,-24734,-2525,5543,-6716,-7645,8668,0,-2555,0,0,180
2019-12-17,33100,33400,32650,32700,98340,3215718000,-2.0958,30127,-3060,-27167,21013,-22569,-15987,-1659,0,-7965,0,100,0
2019-12-18,32700,33100,31950,32100,83059,2666193900,-1.8349,30210,-4172,-27103,686,-2903,-8596,-3920,0,-12370,0,1065,0
2019-12-19,32050,32500,31600,32400,70910,2297484000,0.9346,1030,1609,-2639,20133,-8564,-401,-9011,0,-4796,0,0,0
2019-12-20,32050,32550,31800,32400,58661,1900616400,0.0,-1541,-2372,3893,-1002,-10225,207,11523,0,3390,20,0,0
2019-12-23,32500,32600,32050,32350,42677,1380600950,-0.1543,2613,-198,-2415,4491,-3412,401,2457,0,-6352,0,0,0
2019-12-24,32350,32500,31650,31950,69789,2229758550,-1.2365,30493,-9892,-20253,-2806,-14422,-6215,-428,0,3618,-348,0,0
2019-12-26,31900,32000,31200,31350,108196,3391944600,-1.8779,61437,-24577,-41320,7119,3154,-17745,-5459,0,-28389,260,4200,0
2019-12-27,31100,31400,30700,31150,87373,2721668950,-0.638,19908,12461,-30723,1951,-11162,-8706,459,0,-13265,850,-2496,0
2019-12-30,31750,31900,31450,31600,89073,2814706800,1.4446,12147,6378,-18525,3305,247,-3877,2784,0,-20984,0,0,0
2020-01-02,31650,32000,31600,31750,51155,1624171250,0.4747,1811,3440,-3851,-3233,-41,-3845,2307,0,961,0,-1400,0
2020-01-03,31650,33250,31350,32850,199004,6537281400,3.4646,-23293,25343,-565,-4207,2100,5591,2554,0,-6603,-20,-1465,0
2020-01-06,32900,34200,32850,33600,188696,6340185600,2.2831,-73069,49143,23898,21633,2681,-3429,6064,0,-6351,20,8,3300
2020-01-07,33550,33600,32450,32850,113768,3737278800,-2.2321,22259,-24172,1834,15205,-9339,-1671,243,0,-2604,0,79,0
2020-01-08,33200,35350,31950,32400,605312,19612108800,-1.3699,126242,-47818,-79008,-4629,-32417,-41222,-7150,0,6410,500,84,0
2020-01-09,31550,32050,31400,31800,242925,7725015000,-1.8519,31182,15875,-47024,-16737,-16452,-11302,-127,0,-2406,50,-83,0
2020-01-10,31800,31800,30700,30950,186263,5764839850,-2.673,67536,-13283,-55415,656,-12119,-39029,3024,0,-7947,720,442,0
2020-01-13,30650,31050,30200,30500,165254,5040247000,-1.454,31000,9716,-42226,-8607,-15043,-13632,-1088,0,-3856,10,1500,0
2020-01-14,30500,30850,30100,30250,145697,4407334250,-0.8197,50624,-15795,-34976,-1892,-11795,-19667,-280,0,-1342,399,-252,0
2020-01-15,30300,30350,29750,29950,163638,4900958100,-0.9917,100146,-18340,-82000,-28195,-22662,27,631,25,-31871,209,-15,45
2020-01-16,30100,30450,29800,29900,121385,3629411500,-0.1669,28806,1916,-32665,-6619,-14782,-14269,1877,0,-1169,1853,90,2297
2020-01-17,29950,30100,29550,29600,106885,3163796000,-1.0033,28608,-11332,-20081,2781,-409,-18372,-53,0,-4028,5,2800,0
2020-01-20,29600,29750,29050,29250,159668,4670289000,-1.1824,57692,-9819,-25713,-34311,-9592,8566,50,121,9453,-19410,-2750,0
2020-01-21,29300,29700,29150,29550,75556,2232679800,1.0256,4727,-7288,3045,11031,-455,-9479,201,28,524,16,-500,1195
2020-01-22,29700,30200,29350,30100,88609,2667130900,1.8613,-8560,-5545,12010,12237,1507,-5132,6,45,2159,3300,-1205,1188
2020-01-23,30000,30300,29850,30100,61177,1841427700,0.0,5803,-1519,-4804,7220,1917,-9558,2717,35,-7135,520,0,0
2020-01-28,29500,29700,28800,29050,107211,3114479550,-3.4884,-1087,-4089,8236,11759,1708,-7244,-84,0,2097,-3060,0,0
2020-01-29,28900,29350,28900,29200,56587,1652340400,0.5164,7017,8423,-15460,6946,-157,-11756,-37,0,-10456,20,0,0
2020-01-30,29100,29400,28500,28700,91502,2626107400,-1.7123,26037,-11754,-14322,12495,-2850,-19922,131,0,-4176,37,2,0
2020-01-31,28800,29100,27850,27850,93286,2598015100,-2.9617,9030,2251,-11339,11750,-11772,-8784,207,0,-2740,50,8,0
2020-02-03,27500,28150,27100,28100,72980,2050738000,0.8977,-2702,-3720,7022,15378,-925,3949,383,0,-11763,-600,0,0
2020-02-04,27850,28350,27850,27950,68501,1914602950,-0.5338,16304,-3063,-13358,4443,-2040,-142,-2596,0,-13015,17,100,-8
2020-02-05,28050,28400,27850,28100,72513,2037615300,0.5367,16413,629,-18471,1156,-3653,-280,-2511,0,-13183,1429,0,0
2020-02-06,28200,29400,28100,29300,70353,2061342900,4.2705,-25786,9536,15252,7031,3124,100,-2189,0,7186,1000,-2,0
2020-02-07,29100,29550,28850,29150,47795,1393224250,-0.5119,-1924,6673,-4766,3627,1474,-3974,-1785,0,-4108,17,0,0
2020-02-10,28950,29700,28900,29500,43678,1288501000,1.2007,-9264,-2183,11447,5467,7224,510,570,0,-2324,0,0,0
2020-02-11,29850,29900,29200,29450,64260,1892457000,-0.1695,12508,5317,-17840,-10437,-6372,397,-1955,0,527,10,5,0
2020-02-12,29050,29250,28400,28900,170321,4922276900,-1.8676,49210,-7543,-42672,-16710,-19104,-882,-2782,0,-3194,1000,5,0
2020-02-13,28900,29000,28400,28650,75345,2158634250,-0.8651,7891,817,-8958,-9703,2398,2703,-675,0,-3681,250,0,0
2020-02-14,28450,28800,28400,28650,43385,1242980250,0.0,12817,-3430,-9386,-4933,-3023,179,-14,0,-1595,0,-1,0
2020-02-17,28650,28650,27800,27850,123086,3427945100,-2.7923,77004,-4533,-70866,-18695,-33813,-7423,-9457,0,-1478,-1900,295,0
2020-02-18,27700,27800,27400,27550,73705,2030572750,-1.0772,28982,-6754,-22229,-17236,1179,-544,117,0,-5745,0,1,0
2020-02-19,27750,27900,27100,27450,83768,2299431600,-0.363,29482,-7326,-22156,4359,-29406,-13,270,0,2634,0,0,0
2020-02-20,27550,28950,27550,28000,185854,5203912000,2.0036,-27673,22810,5163,-32404,1269,6893,-2470,0,31119,0,-300,756
2020-02-21,27700,28400,27700,27900,97017,2706774300,-0.3571,-35254,6419,171,4543,-333,83,2173,0,-6295,28664,0,0
2020-02-24,27700,27700,27050,27050,92125,2491981250,-3.0466,-9726,-18658,4269,5196,55,4,-248,0,-738,24115,0,0
2020-02-25,27000,27400,26500,27100,85231,2309760100,0.1848,-14738,2129,-7364,-5441,-430,87,-182,0,-1398,19973,0,0
2020-02-26,27000,27300,26800,27250,63197,1722118250,0.5535,-9089,2276,2990,5500,-371,9,-33,0,-2115,3823,0,0
2020-02-27,27100,27400,27050,27150,66680,1810362000,-0.367,-26613,-6748,3601,6170,30,-59,-335,0,-2205,29764,-4,0
2020-02-28,26650,26950,25950,26050,122466,3190239300,-4.0516,2559,-21363,-11308,5494,-491,-29,102,0,-16384,30210,-98,0
2020-03-02,26100,26300,25900,26000,90980,2365480000,-0.1919,8054,-5758,-20533,-20137,-1393,-2,1878,-12,-780,18237,0,-87
2020-03-03,26100,26600,26100,26450,87849,2323606050,1.7308,-1152,2554,-17289,2740,126,95,-126,0,-20124,16016,-129,0
2020-03-04,26450,26850,26450,26700,50264,1342048800,0.9452,-1214,1343,-14112,3274,-7746,-1143,-1110,0,-7387,13983,0,0
2020-03-05,26750,27300,26550,27000,59831,1615437000,1.1236,6010,6076,-20686,2509,-11877,-103,-4396,0,-6819,8600,0,0
2020-03-06,27000,27250,26300,26400,85549,2258493600,-2.2222,5838,-13185,-25553,-7050,-2026,-31,-1142,0,-15304,32900,0,0
2020-03-09,26200,26200,25000,25200,125088,3152217600,-4.5455,2049,-13008,-19366,8182,227,-767,-3861,0,-23207,30225,100,60
2020-03-10,25200,25600,24800,25200,78074,1967464800,0.0,-7963,-11390,2970,4731,-6721,-306,57,0,5110,16403,-20,99
2020-03-11,25050,25400,24600,24600,89405,2199363000,-2.381,-14959,-8701,-9839,2677,-3183,-626,-680,0,-8027,33500,-1,0
2020-03-12,24400,24650,22550,22750,187293,4260915750,-7.5203,10429,-38226,19463,18513,-4434,44,-814,-13,6167,8500,-166,0
2020-03-13,20300,21800,19850,21350,258243,5513488050,-6.1538,-35880,31268,3512,7409,-2564,-235,-2827,-25,1814,1100,0,-60
2020-03-16,21350,24900,20850,21350,129076,2755772600,0.0,44701,-29671,-15448,-1422,-15617,-586,-570,0,2747,416,2,0
2020-03-17,20000,21200,19850,20600,144060,2967636000,-3.5129,636,18518,-19155,-5902,-3275,-870,-506,0,-8540,0,1,-62
2020-03-18,20600,20850,19400,19400,138065,2678461000,-5.8252,10332,-2841,-7711,-1567,-3270,-927,-822,0,-1175,220,0,50
2020-03-19,19400,20000,16000,16100,330342,5318506200,-17.0103,-92508,95895,4038,33787,-18554,-23769,-366,0,12940,-7157,-268,0
2020-03-20,16000,17400,16000,17400,246970,4297278000,8.0745,87,24986,-21539,7711,-8919,-12938,-7531,0,138,-3389,-145,0
2020-03-23,15800,16850,15600,16550,132657,2195473350,-4.8851,2920,-8386,-7179,143,-3979,-609,-980,0,-1595,12580,65,-159
2020-03-24,16700,17850,16600,17850,146422,2613632700,7.855,12830,-7169,-15043,4259,-6662,-288,-15093,0,2741,9381,1,0
2020-03-25,18200,19050,18200,18950,157630,2987088500,6.1625,17678,-18102,-577,1965,-1047,-489,-361,0,-645,1000,1,0
2020-03-26,19300,19550,18500,18500,166999,3089481500,-2.3747,22642,-9252,-13396,-9061,-2301,-63,-304,0,-1667,0,6,0
2020-03-27,19400,19750,18400,19100,115512,2206279200,3.2432,2514,-5654,3141,3661,-1383,-48,-184,0,1020,-1,0,75
2020-03-30,18700,19200,18200,19050,79402,1512608100,-0.2618,-14273,8144,6129,5389,-100,279,57,0,504,0,0,0
2020-03-31,19300,19600,19000,19300,98715,1905199500,1.3123,8610,-1591,-7019,4544,-3569,37,-52,0,-2541,0,0,-5438
2020-04-01,19500,20250,18850,19400,132819,2576688600,0.5181,623,962,-1887,-1883,-611,-592,862,0,337,200,102,0
2020-04-02,19300,19650,18700,19450,93325,1815171250,0.2577,2878,-10552,7594,2096,-3787,2513,991,0,5781,100,-20,0
2020-04-03,19250,19650,19050,19300,89124,1720093200,-0.7712,-155,-666,921,144,161,-230,1440,0,-594,0,-100,0
2020-04-06,19300,20150,19000,20100,84729,1703052900,4.1451,-29130,20996,8024,762,-1194,39,-131,0,8548,190,-80,0
2020-04-07,20550,22200,20400,21650,194723,4215752950,7.7114,1646,-17416,10301,3095,1772,18,1890,0,3526,5469,0,0
2020-04-08,22050,23600,21650,23150,213828,4950118200,6.9284,3015,1325,-4363,-7359,-4160,5830,11384,0,-10098,10,13,40
2020-04-09,23300,24150,22600,23500,188868,4438398000,1.5119,45026,-22266,-22791,-14979,-21070,-392,1368,0,12282,31,0,0
2020-04-10,23400,23650,22750,23550,83321,1962209550,0.2128,-252,-4957,4659,5150,3205,-848,1686,0,-4564,550,0,30
2020-04-13,23200,23300,22250,22350,92690,2071621500,-5.0955,18483,1026,-20508,-1229,-16884,-559,2023,0,-3859,919,80,0
2020-04-14,22350,23150,22300,22900,57812,1323894800,2.4609,-11778,9722,2036,-3711,-3537,115,1219,0,7950,20,0,0
2020-04-16,22350,22900,22000,22800,67350,1535580000,-0.4367,-2915,-3205,6094,7801,-36,-136,-78,0,-1457,26,0,0
2020-04-17,22800,23350,22800,23250,82336,1914312000,1.9737,-8493,8409,-59,-160,911,-164,-872,0,226,143,0,0
2020-04-20,23200,23750,22950,23150,113988,2638822200,-0.4301,14034,6640,-21516,-5483,-10004,-190,-1204,0,-4635,800,42,0
2020-04-21,23150,28350,22650,23650,2019460,47760229000,2.1598,430044,-26326,-395549,-199286,-90055,-19520,-70463,0,-16225,-10554,2385,0
2020-04-22,23500,23850,22900,23350,289730,6765195500,-1.2685,463,14380,-13807,3458,985,-214,-13927,0,-4109,-1036,0,0
2020-04-23,23250,23700,23150,23550,186639,4395348450,0.8565,-15801,13436,2665,9350,-2521,-40,-5231,0,1107,0,-300,0
2020-04-24,24000,26700,23950,25650,949572,24356521800,8.9172,-130609,10736,119668,62646,37856,2969,850,69,15239,-797,1002,39
2020-04-27,25750,26100,24650,25700,410875,10559487500,0.1949,11252,-25262,14308,20770,-8736,-47,-1288,0,3609,0,-298,0
2020-04-28,25600,27450,25250,26000,533731,13877006000,1.1673,77756,-9858,-67400,-10441,-27615,-16895,-11181,1,-1269,120,-618,0
2020-04-29,26150,26300,25550,26100,216315,5645821500,0.3846,-41187,9289,31161,29932,3336,0,-2252,0,145,738,-1,0
2020-05-04,24400,24850,24000,24000,314304,7543296000,-8.046,80457,-15526,-63635,3119,-35020,3925,-12059,0,-23600,-808,-488,0
2020-05-06,24100,24450,23750,23950,161815,3875469250,-0.2083,3432,8164,-11696,-7023,-6835,-112,597,0,1677,100,0,0
2020-05-07,23800,24100,23700,23900,127176,3039506400,-0.2088,-9405,5309,5235,23920,-825,0,-26761,0,8901,-35,-1104,0
2020-05-08,24000,24150,23800,23900,128536,3072010400,0.0,29564,-5244,-24380,-21131,-516,-51,-1935,0,-747,60,0,0
2020-05-11,23900,24550,23850,24500,184403,4517873500,2.5105,-47757,22094,25799,1507,467,3427,11451,0,8947,286,-422,0
2020-05-12,24200,24500,23750,24100,116097,2797937700,-1.6327,12309,-25424,13075,11251,-25,2574,-3203,0,2478,0,40,0
2020-05-13,24100,26200,23850,26200,538445,14107259000,8.7137,-123005,32247,90996,44340,10680,11041,12830,0,8456,-260,22,3649
2020-05-14,26200,26400,24900,26050,422472,11005395600,-0.5725,-8142,-53801,60110,39645,18537,4529,4827,4687,-12111,1837,-4,-4
2020-05-15,26350,26950,26050,26700,248354,6631051800,2.4952,-92373,20627,71813,45155,6427,11161,4895,-12,4198,-110,43,-11
2020-05-18,26850,28900,26700,28000,376339,10537492000,4.8689,-111752,7848,103494,84932,9410,8004,1382,0,-1333,432,-22,1099
2020-05-19,28800,29450,27400,27950,321502,8985980900,-0.1786,55014,-21606,-33550,-30727,2399,2537,200,0,-9840,-147,289,1881
2020-05-20,28400,28900,28100,28750,206281,5930578750,2.8623,-20801,14545,5678,-3692,-83,-21,10441,0,-967,546,32,0
2020-05-21,29400,30900,28900,30550,428519,13091255450,6.2609,-180514,48102,130192,27727,56030,18087,5126,0,23222,1924,296,0
2020-05-22,30950,31650,30150,31400,287285,9020749000,2.7823,-92895,-11360,104003,17576,37351,22834,11533,8690,6750,302,-50,-731
2020-05-25,32400,32400,30650,31850,192175,6120773750,1.4331,-25642,-15716,40969,7346,41239,-2106,1013,0,-6523,437,-48,0
2020-05-26,31850,32700,31800,32300,140800,4547840000,1.4129,-38025,28509,9395,14227,611,-3004,791,-1,-3229,-279,400,0
2020-05-27,32750,35000,32450,34950,390732,13656083400,8.2043,-118759,25224,94318,46267,35337,6474,11621,-9568,4187,-636,-147,0
2020-05-28,34900,36900,34050,35300,463685,16368080500,1.0014,-60272,-4848,65721,45155,31716,-15003,4083,-2877,3691,-795,194,-1044
2020-05-29,36350,36350,34900,35850,204873,7344697050,1.5581,-11874,12996,-726,-5407,9893,-908,435,0,-4739,-396,0,0
2020-06-01,35600,35650,34100,34300,299681,10279058300,-4.3236,59623,-2439,-56979,-19355,-41801,-903,4028,0,1052,-153,-52,0
2020-06-02,34350,34900,33500,34550,243754,8421700700,0.7289,-13809,37052,-22214,2531,-14857,-7341,-191,0,-1157,-629,-400,-1199
2020-06-03,34450,34450,33350,33600,242473,8147092800,-2.7496,12424,37576,-49504,-4270,-48588,-6261,-7953,-378,18811,-496,0,-865
2020-06-04,33700,34500,33700,33950,151104,5129980800,1.0417,-35891,26583,9308,-1314,-1506,4514,-282,-8,7923,0,0,-19
2020-06-05,34100,34600,33350,34250,161979,5547780750,0.8837,-34335,15714,23561,4308,-5200,503,1877,0,22073,-400,-4540,0
2020-06-08,34700,34950,33450,33700,198958,6704884600,-1.6058,20481,14200,-33980,42,-14987,-1250,-14228,0,-3557,-635,-66,0
2020-06-09,34450,34500,33600,33950,154531,5246327450,0.7418,5806,-1291,-4545,-5918,4073,369,2868,0,-5937,0,30,0
2020-06-10,34200,34200,33400,34000,111005,3774170000,0.1473,-6720,15140,-5843,181,-5064,615,569,0,-2144,-2578,1,0
2020-06-11,33700,34000,32800,32800,202992,6658137600,-3.5294,15696,36049,-51745,-30198,-4958,-2454,4519,0,-18646,0,0,-8
2020-06-12,32000,33050,31150,32700,201824,6599644800,-0.3049,-43212,35874,7293,936,-12582,-488,5180,0,14247,45,0,0
2020-06-15,33300,36400,33300,33950,819486,27821549700,3.8226,-38602,-7845,46910,26263,5965,347,3094,0,11242,-1060,597,-1
2020-06-16,34400,34600,32950,34150,457277,15616009550,0.5891,50044,-46991,-759,-5414,-1889,-380,-2471,0,9396,-2332,38,-1
2020-06-17,36100,37300,34450,36300,1296368,47058158400,6.2958,32742,-26137,6331,-16455,48543,419,10387,0,-36563,-13468,532,0
2020-06-18,36300,36500,35150,35550,415678,14777352900,-2.0661,13737,-1278,-12172,-11224,6172,3486,2533,0,-13139,-121,-166,0
2020-06-19,35750,35850,33400,33550,421055,14126395250,-5.6259,31410,-33185,2451,-371,3252,4334,-8559,0,3795,-668,-8,0
2020-06-22,33050,33600,32350,32600,240395,7836877000,-2.8316,-14163,14613,1250,-3988,3584,-190,-5392,0,7236,-1749,49,0
2020-06-23,32700,33400,32600,32750,147492,4830363000,0.4601,1448,-331,-1019,-545,644,-403,-930,0,215,-9,-89,0
2020-06-24,32000,32350,31300,31800,266696,8480932800,-2.9008,-10961,66364,-56035,833,-36611,-2980,-11752,0,-5525,637,-5,0
2020-06-25,31200,31550,30450,30650,171066,5243172900,-3.6164,1743,2709,-4012,11159,-16038,-533,297,0,1103,-596,156,0
2020-06-26,30750,31200,30300,30650,96179,2947886350,0.0,-6739,16949,-10134,-14,-159,-284,-6101,0,-3576,-76,0,0
2020-06-29,30600,30700,29500,29650,102081,3026701650,-3.2626,-4493,18945,-14270,-7451,-10,-133,-2832,0,-3844,0,-182,0
2020-06-30,30150,30700,29800,30000,99866,2995980000,1.1804,-14141,29779,-16038,680,-58,-426,-2733,0,-13501,400,0,0
2020-07-01,30000,30300,29300,29600,66437,1966535200,-1.3333,-6462,1481,4681,352,-216,1892,-622,0,3275,300,0,0
2020-07-02,30000,30300,29600,30000,53327,1599810000,1.3514,-2776,7829,-5462,-5758,12,-330,-176,0,790,409,0,0
2020-07-03,30000,30350,29850,30000,46927,1407810000,0.0,6121,-549,-5572,-295,58,-5919,-485,0,1069,0,0,0
2020-07-06,30000,30400,30000,30400,49998,1519939200,1.3333,-9887,4507,4526,-454,35,6,-443,0,5382,700,154,0
2020-07-07,30600,31350,30050,30150,94163,2839014450,-0.8224,16882,-11154,-5720,-2604,45,-2066,-427,0,-668,-174,166,0
2020-07-08,30300,30300,29500,29650,68526,2031795900,-1.6584,7720,-2703,-4845,-96,-723,-135,-352,0,-3539,10,-182,0
2020-07-09,29400,30000,29400,29900,61343,1834155700,0.8432,-391,3233,-2843,211,4161,-4816,-150,0,-2249,1,0,0
2020-07-10,29750,29850,28450,28550,140316,4006021800,-4.5151,21264,-20587,346,-817,15810,973,-7244,0,-8376,-159,-864,0
2020-07-13,28600,29250,28000,29000,67546,1958834000,1.5762,-14461,13377,1104,665,1442,-1882,2388,0,-1509,-20,0,0
2020-07-14,29000,29300,28400,29150,80504,2346691600,0.5172,4616,16621,-21237,-17017,7623,-8319,-2989,0,-535,0,0,0
2020-07-15,29250,31550,29200,31250,215974,6749187500,7.2041,-51088,11547,31350,8108,1233,11312,687,0,10010,7700,491,0
2020-07-16,31200,31250,30600,31100,59298,1844167800,-0.48,3840,-9155,5788,-49,2163,-4,386,0,3292,-384,-89,0
2020-07-17,31600,31650,30700,31200,72070,2248584000,0.3215,547,-11527,8010,-732,5136,2598,1022,0,-14,2970,0,0
2020-07-20,31450,31550,30750,31450,51745,1627380250,0.8013,-3073,-4930,7946,-19,9105,-331,1699,0,-2508,-50,107,0
2020-07-21,31450,32400,31150,32000,72536,2321152000,1.7488,-11363,6679,4684,-41,-3276,-125,2927,0,5199,0,0,0
2020-07-22,31900,32300,31750,32000,56878,1820096000,0.0,-10349,6134,3606,6167,-124,817,-563,0,-2691,600,9,0
2020-07-23,31900,32300,31150,32100,91214,2927969400,0.3125,-17914,1601,16327,20651,-341,-46,40,0,-3977,0,-14,0
2020-07-24,32250,33000,31600,32150,78080,2510272000,0.1558,-13237,975,11563,15316,34,-505,-2366,0,-916,500,199,0
2020-07-27,32200,33700,32200,33700,152703,5146091100,4.8212,-49879,13952,32820,11047,20062,0,-270,0,1981,3116,-9,0
2020-07-28,33700,34100,33000,33350,117186,3908153100,-1.0386,-15144,294,14840,-237,15505,553,-862,0,-119,0,10,0
2020-07-29,34350,35300,33650,34900,248259,8664239100,4.6477,-92309,15849,56922,36639,16715,420,2609,0,539,19870,-332,0
2020-07-30,35550,35650,34350,34900,146100,5098890000,0.0,-6715,-13681,22192,16807,7682,-222,-796,0,-1279,-2000,204,0
2020-07-31,34600,35100,33500,33650,99576,3350732400,-3.5817,3070,8399,-11769,63,1558,-3474,-1479,0,-8437,0,300,0
2020-08-03,33650,34150,32750,33700,122829,4139337300,0.1486,9718,575,-11290,15316,-13862,-1310,564,-505,-10461,987,10,-1032
2020-08-04,33500,34700,33450,34400,81764,2812681600,2.0772,-28435,5744,21437,15171,9361,-1188,-727,0,-1180,0,1254,0
2020-08-05,34650,34750,33300,33450,86328,2887671600,-2.7616,31985,-2011,-30110,-808,-8050,-356,-10568,0,-10328,-31,167,0
2020-08-06,33150,34500,33150,33300,99479,3312650700,-0.4484,-1944,26224,-24352,978,-18528,-130,-5382,0,-1290,0,72,0
2020-08-07,33250,33700,32700,33150,67073,2223469950,-0.4505,-4571,12759,-9238,2862,-583,0,-5726,0,-5791,1000,50,0
2020-08-10,32550,34700,32550,33900,129248,4381507200,2.2624,-21456,27840,-7162,-1325,-3763,4979,-2034,0,-5019,810,-32,0
2020-08-11,35550,35550,34300,35300,179475,6335467500,4.1298,-41643,19282,24245,-500,-2123,-1896,28583,0,181,-1500,-384,0
2020-08-12,35050,36600,34700,36600,215578,7890154800,3.6827,-48420,20326,28603,2928,-1322,-889,29764,0,-1878,-310,-199,0
2020-08-13,36750,37050,35550,36150,200440,7245906000,-1.2295,21265,-50049,26778,-927,-2708,-18,27175,0,3256,1510,496,0
2020-08-14,36250,36900,33950,34300,252393,8657079900,-5.1176,16639,12880,-30691,-18217,-16042,-3511,104,0,6975,900,272,0
2020-08-18,34200,34700,33300,33400,189875,6341825000,-2.6239,-30012,-27995,50182,32278,7434,-405,-286,0,11161,7179,646,0
2020-08-19,33150,35250,32700,34300,200039,6861337700,2.6946,-14806,-14096,29198,18316,-9818,-41,26524,0,-5783,0,-296,0
2020-08-20,33950,35150,33600,33700,174793,5890524100,-1.7493,-18440,-28366,43798,25252,-8448,2,25055,0,-2521,2878,130,4458
2020-08-21,34700,34850,33500,34000,125216,4257344000,0.8902,-12220,-21278,33492,17443,-960,-363,17715,0,-343,0,6,0
2020-08-24,34000,34550,33550,33650,73705,2480173250,-1.0294,13608,-5222,-8762,-5520,-1147,-616,82,0,-1561,314,62,0
2020-08-25,33650,34100,33500,33700,99500,3353150000,0.1486,22128,-1042,-14269,-395,-10021,0,-5472,0,1619,-6819,2,0
2020-08-26,33600,33950,32750,32900,94766,3117801400,-2.3739,38618,-14498,-19278,-476,-8200,-27,-154,0,-10421,-4850,8,0
2020-08-27,32800,33100,31600,31800,121641,3868183800,-3.3435,22026,-3254,-16872,-646,-10519,-187,-1194,0,-4326,-1500,-400,0
2020-08-28,32300,32300,31300,31750,78247,2484342250,-0.1572,10525,6347,-18212,98,-16213,-4,-2419,0,326,1289,51,0
2020-08-31,31750,32150,30800,31200,137954,4304164800,-1.7323,39483,1835,-25351,-211,-10923,0,-4554,0,-9663,-16000,33,0
2020-09-01,30900,32350,30800,32350,124276,4020328600,3.6859,-22083,5636,18739,33337,-17946,-2,1160,0,2190,-2097,-195,0
2020-09-02,32450,32450,31650,31950,113619,3630127050,-1.2365,38016,-16616,-21430,3153,-26234,-227,-920,0,2798,0,30,0
2020-09-03,31950,32550,31800,32050,94829,3039269450,0.313,11910,6159,-18089,4389,-18793,-2,28,0,-3711,0,20,0
2020-09-04,31200,32050,31200,31700,132407,4197301900,-1.092,35449,9918,-46097,-8788,-3228,-57,-27879,0,-6145,700,30,0
2020-09-07,32100,32400,31750,32100,90964,2919944400,1.2618,1335,1150,-2505,7364,-6344,0,-551,0,-2974,0,20,0
2020-09-08,33350,33600,31900,32150,178995,5754689250,0.1558,19624,-4760,-14936,137,-1648,-24,-14412,0,1011,15,57,0
2020-09-09,31200,31800,31200,31500,115839,3648928500,-2.0218,18653,-7479,-8151,-1221,-5203,-383,-158,0,-1186,-3026,3,0
2020-09-10,31700,32100,31600,32000,81440,2606080000,1.5873,-1919,3487,-853,-1253,-1214,-1399,-590,0,3603,-695,-20,0
2020-09-11,31550,32100,31350,31500,70878,2232657000,-1.5625,15056,-10700,-4364,-657,-1498,-154,-110,0,-1795,7,1,-150
2020-09-14,31800,31950,31450,31600,58208,1839372800,0.3175,12607,-3368,-9528,-10461,-168,-81,-39,0,1368,289,0,-147
2020-09-15,32000,32000,31350,31650,60876,1926725400,0.1582,10354,-5390,-4994,-621,-1729,-246,-97,0,-2301,2,28,0
2020-09-16,32100,32350,31750,32000,149296,4777472000,1.1058,-28880,27709,2318,133,-1249,1628,1825,0,-19,-1172,25,0
2020-09-17,32000,34300,31550,34250,320187,10966404750,7.0312,-136174,39102,111586,54893,34194,-825,4683,0,18923,-14904,390,-282
2020-09-18,34500,34950,33350,34500,220736,7615392000,0.7299,-35911,-14721,53796,38437,2402,2972,9719,0,266,-3496,332,0
2020-09-21,34300,35150,34050,34550,129210,4464205500,0.1449,-38735,4744,34081,25564,6861,553,940,0,732,-237,147,-569
2020-09-22,34350,34750,32450,32450,153546,4982567700,-6.0781,23862,-40144,15401,-1097,2288,9789,9368,0,-3446,1074,-193,-1501
2020-09-23,32600,33250,31900,32800,87829,2880791200,1.0786,8904,-14423,5521,11626,-8970,-242,7948,0,-4841,-12,10,0
2020-09-24,32200,32350,31250,31250,131885,4121406250,-4.7256,37832,-27253,-10550,-3349,-9297,-32,3353,0,-1225,-29,0,0
2020-09-25,31900,31900,31000,31100,53485,1663383500,-0.48,5938,-11137,5128,7513,-1100,0,-519,0,-766,-9,80,0
2020-09-28,31350,32300,31350,32050,45533,1459332650,3.0547,-19919,1817,18599,14115,906,42,1212,0,2324,0,-497,0
2020-09-29,32050,32300,31750,32150,52643,1692472450,0.312,2013,2873,-4548,164,-348,78,-5094,0,652,1,-339,0
2020-10-05,32850,32850,31700,32150,67020,2154693000,0.0,24854,-3913,-20995,-13106,-10236,29,-353,0,2671,24,30,0
2020-10-06,32150,32200,31850,32100,54050,1735005000,-0.1555,13339,-1750,-11610,-6158,-4434,-2,-526,0,-490,1,20,0
2020-10-07,32100,32200,31600,32100,66880,2146848000,0.0,5585,6057,-11643,-5926,-35,-9979,-180,0,4477,1,0,0
2020-10-08,32150,32200,31600,31850,79125,2520131250,-0.7788,19312,637,-19901,-10833,-4073,-711,61,0,-4345,8,-56,0
2020-10-12,31950,32000,31500,31750,60736,1928368000,-0.314,19713,-1333,-18415,-17859,-936,23,-421,0,778,5,30,0
2020-10-13,31750,32000,31200,31400,84839,2663944600,-1.1024,39729,-525,-39271,-20344,-15946,-17,-549,0,-2415,7,60,0
2020-10-14,31400,31550,30850,30900,92409,2855438100,-1.5924,27529,1294,-28844,-2991,-4455,-20005,209,0,-1602,1,20,0
2020-10-15,30900,31000,30000,30400,64957,1974692800,-1.6181,9434,719,-10137,-8919,-84,0,-103,0,-1031,-17,1,0
2020-10-16,30500,30600,29850,29950,76817,2300669150,-1.4803,20280,-6404,-13892,-16923,210,-46,28,0,2842,5,11,-3
2020-10-19,30150,30600,30000,30400,59798,1817859200,1.5025,-5326,5185,125,-6522,353,-58,81,0,6271,0,16,0
2020-10-20,30200,30450,29400,29500,97137,2865541500,-2.9605,46742,-16582,-30698,-18005,88,0,-14548,0,1767,502,36,0
2020-10-21,29550,29950,29250,29600,59286,1754865600,0.339,12558,6625,-19653,-5429,-5238,-1342,-8477,0,833,470,0,0
2020-10-22,29800,30050,29250,30000,41193,1235790000,1.3514,-11313,4098,7230,4362,-47,0,3,0,2912,1,-16,0
2020-10-23,30000,30150,29600,30000,58463,1753890000,0.0,14993,3345,-18350,-19729,3865,-136,-2236,0,-114,2,10,0
2020-10-26,29850,30100,29700,29950,33556,1005002200,-0.1667,-8978,6221,2426,1385,137,20,31,0,853,331,0,0
2020-10-27,29500,29850,28850,28900,131634,3804222600,-3.5058,72900,-5743,-67511,-65307,28,326,118,0,-2676,339,15,0
2020-10-28,28450,29000,28400,28900,56769,1640624100,0.0,20621,-7363,-13257,-10139,-192,0,-373,0,-2548,-5,4,-5
2020-10-29,28500,28650,28200,28550,61656,1760278800,-1.2111,15421,-10237,-5777,-647,36,-33,264,0,-5397,592,1,0
2020-10-30,28850,28850,28000,28050,58868,1651247400,-1.7513,13055,-8043,-6315,285,-2054,-318,118,0,-4346,1302,1,0
2020-11-02,28350,28350,27900,28050,52837,1482077850,0.0,16157,7078,-23236,-9568,-13417,-151,-83,0,-17,0,1,0
2020-11-03,28000,28900,27950,28300,82176,2325580800,0.8913,26439,11079,-38460,-17712,-12920,-1097,-8768,0,2037,942,0,0
2020-11-04,28550,28800,28350,28650,56637,1622650050,1.2367,2208,3951,-6379,-10091,-19,-60,0,0,3791,-430,650,0
2020-11-05,28750,29700,28700,29500,72791,2147334500,2.9668,-19648,16885,2785,-242,-12,-349,-62,0,3450,-22,0,0
2020-11-06,29950,30050,29550,29550,91061,2690852550,0.1695,28315,-7097,-21234,-10294,-1008,-90,-9076,0,-766,16,0,0
2020-11-09,29650,29850,29100,29250,95956,2806713000,-1.0152,41836,-870,-41346,-24729,-2547,0,-16139,0,2069,338,42,0
2020-11-10,29400,29800,28950,29650,85270,2528255500,1.3675,-11429,23703,-12104,-10137,-400,-115,-268,0,-1184,-340,170,0
2020-11-11,29700,30300,29500,30200,93716,2830223200,1.855,-19239,24677,-5927,-9930,-22,-48,63,0,4010,-10,499,0
2020-11-12,30050,30050,29500,29600,97806,2895057600,-1.9868,47417,-18740,-29189,-24704,-143,-44,-129,0,-4169,2,510,0
2020-11-13,29600,29750,29250,29600,58445,1729972000,0.0,13220,5453,-16374,-15126,-280,13,-513,0,-468,-2999,700,0
2020-11-16,29650,30150,29450,29900,91655,2740484500,1.0135,-14575,22855,-9339,-10248,-651,-121,-68,0,1749,1061,-2,0
2020-11-17,29900,29950,29500,29600,72414,2143454400,-1.0033,26357,-6482,-19911,-15227,-3298,-21,-107,0,-1258,36,0,0
2020-11-18,29600,30000,29250,29850,58631,1750135350,0.8446,-15873,11593,10492,9379,-1288,-38,-177,0,2616,-5717,-495,0
2020-11-19,29950,30000,29600,29850,36828,1099315800,0.0,-6530,-2242,8772,10041,-188,18,-17,0,-1082,0,0,0
2020-11-20,29900,30100,29750,29950,72181,2161820950,0.335,15719,16511,-32230,-31997,-1236,-722,-262,0,1987,0,0,0
2020-11-23,30100,30100,29500,29950,71599,2144390050,0.0,13418,8326,-21671,-22993,-496,-121,-202,0,2141,10,-83,0
2020-11-24,30100,30150,29850,29950,55648,1666657600,0.0,5602,548,-6316,-4556,78,-82,-208,0,-1548,100,66,0
2020-11-25,30000,30200,29750,29800,108292,3227101600,-0.5008,12808,5112,-5878,148,-4673,-795,-788,0,230,-10750,-1292,0
2020-11-26,29650,30050,29650,29950,39030,1168948500,0.5034,-1539,795,294,1228,-535,-94,2576,0,-2881,450,0,0
2020-11-27,30000,30050,29750,30000,28880,866400000,0.1669,456,2360,-2851,-361,-614,-378,-70,0,-1428,35,0,0
2020-11-30,30350,30350,29850,30300,82377,2496023100,1.0,-15661,14527,1133,322,727,0,21,0,63,0,1,0
2020-12-01,30300,30300,29900,29900,77997,2332110300,-1.3201,30066,-16531,-14046,-11002,-798,-2,-109,0,-2135,501,10,0
2020-12-02,29950,30200,29050,29200,175500,5124600000,-2.3411,89920,-15052,-75085,-36305,-28239,-6511,317,0,-4347,145,72,0
2020-12-03,29300,29450,29000,29100,95206,2770494600,-0.3425,23983,-1321,-23132,-20044,-1375,-546,-396,0,-771,421,49,0
2020-12-04,29100,29400,28950,29150,94014,2740508100,0.1718,31543,-2864,-28705,-26707,-1853,-109,-1677,0,1641,-79,105,0
2020-12-07,29150,29150,28800,28950,70338,2036285100,-0.6861,16252,-5419,-10614,-281,-1545,-72,-6097,0,-2619,2152,-2371,0
2020-12-08,29000,29100,28650,28650,79073,2265441450,-1.0363,28783,-6327,-22952,-21005,-1784,7,-2667,0,2497,723,-227,0
2020-12-09,28700,29350,28700,29050,68966,2003462300,1.3962,-6038,3858,2313,-2973,81,922,-100,0,4383,-329,196,0
2020-12-10,29000,29250,28750,29000,97020,2813580000,-0.1721,13998,-9324,-4047,-2250,-3902,-389,-1044,0,3526,-641,14,12
2020-12-11,29000,29450,28850,29050,85076,2471457800,0.1724,18663,1247,-20455,-1747,-7512,461,-15718,0,4061,751,-206,0
2020-12-14,29400,29400,29050,29250,58608,1714284000,0.6885,10876,-1785,-8342,-125,-2585,-1844,-711,0,-3077,-751,2,0
2020-12-15,29300,29550,29150,29500,76618,2260231000,0.8547,10931,-7172,-4017,248,-2016,-1091,-841,0,-317,0,258,0
2020-12-16,29650,29650,29250,29450,69202,2037998900,-0.1695,15843,-17358,1012,-1318,36,-2,-184,0,2480,503,0,0
2020-12-17,29450,29550,29000,29050,93715,2722420750,-1.3582,44546,-7215,-37335,-2572,-18545,-318,-18155,0,2255,4,0,0
2020-12-18,29000,30250,29000,30050,198271,5958043550,3.4423,-53235,53215,-3232,-1619,-728,-55,-129,0,-701,3500,-248,0
2020-12-21,30500,30500,29700,29950,110346,3304862700,-0.3328,23735,-23555,-337,1175,-941,-118,-18,0,-435,150,7,0
2020-12-22,30000,30000,29250,29250,78330,2291152500,-2.3372,17965,-16153,-2328,-103,-634,-212,-332,0,-1047,501,15,0
2020-12-23,29350,30300,29250,30100,167033,5027693300,2.906,-709,493,-4356,-1714,-1009,-402,-70,0,-1161,4554,18,0
2020-12-24,30350,30600,30050,30250,102061,3087345250,0.4983,5867,345,-344,-569,-6565,-18,-895,0,7703,-5868,0,0
2020-12-28,30250,30550,30200,30550,108627,3318554850,0.9917,-1003,-6644,7707,120,-1005,-2,-822,0,9416,0,-60,0
2020-12-29,30350,30450,29900,30150,77642,2340906300,-1.3093,23006,-3889,-13847,-127,-1458,-360,60,0,-11962,-5145,-125,0
2020-12-30,30150,30800,29950,30500,140777,4293698500,1.1609,-34260,27948,8362,286,9588,909,-214,0,-2207,-1936,-114,0
2021-01-04,30600,30750,30100,30700,116063,3563134100,0.6557,-3705,7685,-4148,-61,-1983,-310,-550,0,-1244,166,2,0
2021-01-05,30650,31150,30400,31100,135770,4222447000,1.3029,-11223,16988,-6294,-1802,-2586,-135,-483,0,-1288,497,32,0
2021-01-06,31350,31600,30400,30400,204480,6216192000,-2.2508,46108,-9560,-37547,-1246,-16694,-6179,-6104,0,-7324,999,0,0
2021-01-07,30550,30800,30050,30100,204494,6155269400,-0.9868,35798,12111,-45110,-10355,-18953,-27609,1724,0,10083,-2867,68,0
2021-01-08,30300,31850,30200,31200,470306,14673547200,3.6545,-62911,119066,-54167,-3407,-46350,-26760,25693,0,-3343,-2667,679,0
2021-01-11,31650,33000,30900,32000,543499,17391968000,2.5641,-34669,4312,27243,29312,-19199,-764,29129,0,-11235,2492,622,0
2021-01-12,32200,32300,31500,32250,200245,6457901250,0.7812,-12207,-10126,23406,-716,-2107,-277,24959,0,1547,-1085,12,0
2021-01-13,32350,33250,32000,32450,260144,8441672800,0.6202,13612,1670,-20515,6342,-20124,-223,-5770,0,531,5047,186,-1271
2021-01-14,32150,33200,31950,33000,166448,5492784000,1.6949,-16123,-15455,14837,15729,5495,-367,-406,0,-5614,16294,447,0
2021-01-15,33000,33300,32300,32850,174037,5717115450,-0.4545,27086,-15147,-12599,9057,-26019,9423,186,0,-5246,1204,-544,0
2021-01-18,32900,35250,32850,34100,567462,19350454200,3.8052,-105083,60088,42917,8516,1912,21917,-373,0,10945,2316,-238,0
2021-01-19,35000,36100,34500,35950,446834,16063682300,5.4252,-72470,-17511,95695,59191,6473,3809,8356,0,14428,-5825,111,3438
2021-01-20,36350,39650,35050,38600,694759,26817697400,7.3713,-145009,25929,111972,29953,40334,4806,27603,0,9276,7522,-414,0
2021-01-21,39750,42700,39050,42700,857066,36596718200,10.6218,-69150,-11818,70678,53381,-23537,35750,-264,0,5348,9464,826,0
2021-01-22,43100,43200,40700,41050,428904,17606509200,-3.8642,-13126,-5681,21742,16591,5220,-2228,-1241,0,3400,-2943,8,0
2021-01-25,41200,41800,39800,40600,366583,14883269800,-1.0962,29209,-14892,-15586,-26260,-3467,1505,-3593,0,16229,1147,122,0
2021-01-26,40250,41400,39400,40500,353343,14310391500,-0.2463,14310,8911,-21040,-34005,17513,-980,-2279,0,-955,-2155,-26,-334
2021-01-27,40500,40850,38600,38850,285380,11087013000,-4.0741,-19967,24636,1208,12011,-4819,-5274,-874,0,164,-5286,-591,0
2021-01-28,37950,38500,37550,37550,208176,7817008800,-3.3462,-31742,28299,5298,10230,227,261,-52,0,-4567,-1870,15,-801
2021-01-29,38050,39000,36100,37150,261099,9699827850,-1.0652,-1940,-2852,11032,25016,-3203,-9765,-1149,0,133,-5586,-654,0
2021-02-01,36800,38550,35700,37900,213745,8100935500,2.0188,-19801,-14346,26700,11104,-18669,2004,29846,0,2469,7049,398,-54
2021-02-02,39100,40150,38100,38700,238582,9233123400,2.1108,9105,-16571,3477,3761,-7205,5343,-309,0,1887,3705,284,0
2021-02-03,39000,39300,38250,39000,142519,5558241000,0.7752,25041,-7283,-14047,-6546,-7640,35,-723,0,827,-3113,-598,0
2021-02-04,39300,43800,38850,43600,1423563,62067346800,11.7949,-209063,69612,145709,52125,52570,16871,12823,0,10166,-6585,327,1154
2021-02-05,43600,46350,42750,45350,970739,44023013650,4.0138,-126912,12782,106210,62086,38188,-11220,12228,692,3599,8670,-750,637
2021-02-08,45350,47050,42800,42850,534918,22921236300,-5.5127,91783,-57029,-35666,19792,-32712,-29740,-158,983,5733,272,640,436
2021-02-09,42950,43800,41800,42200,278714,11761730800,-1.5169,23795,-1078,-25527,7828,-26681,-6221,-8501,0,8048,2759,51,0
2021-02-10,42300,43700,41850,43050,317435,13665576750,2.0142,2557,32385,-40294,-1648,-16784,-4372,608,0,-18098,5378,-26,0
2021-02-15,43450,43450,41900,42750,216029,9235239750,-0.6969,50056,-21732,-27986,-2806,-22861,-688,-175,806,-2262,-400,62,0
2021-02-16,42700,42900,41450,41600,202821,8437353600,-2.6901,25135,8665,-32213,-3763,-23459,-4998,-334,0,341,-1575,-12,0
2021-02-17,41400,42200,40900,41650,148956,6204017400,0.1202,8442,7926,-18560,-805,-10523,-720,-124,0,-6388,2113,79,0
2021-02-18,41850,43500,41800,41950,261400,10965730000,0.7203,6021,-39619,38374,46396,-527,-295,-2,0,-7198,-5064,288,0
2021-02-19,42000,42450,40400,42250,198872,8402342000,0.7151,-19239,2365,17421,33741,-15711,63,-71,0,-597,-301,-246,-4
2021-02-22,42300,42800,40500,40750,208558,8498738500,-3.5503,10809,-8434,-1585,15880,-17366,-224,-368,0,493,-898,108,0
2021-02-23,40600,40600,39450,39850,147358,5872216300,-2.2086,-20616,39666,-19240,479,-15081,-24,-1822,0,-2792,166,24,0
2021-02-24,39650,39950,37600,37800,218762,8269203600,-5.1443,-28587,41789,-11006,20341,-16151,-9778,-8070,0,3487,-2416,220,-835
2021-02-25,38500,39300,38200,39300,144087,5662619100,3.9683,11343,-2227,-6879,-4844,1027,-218,-613,0,-2227,-2094,-143,-4
2021-02-26,38550,38550,36550,37000,255878,9467486000,-5.8524,29953,17047,-47028,-40016,-1072,-25,464,-1789,-3158,-4,32,-1432
2021-03-02,38000,38400,36800,37050,101492,3760278600,0.1351,9965,-4950,-6203,-1647,-43,-51,-617,0,-3845,-130,1318,0
2021-03-03,37300,38100,37100,38100,101610,3871341000,2.834,5837,-7687,2291,-556,-1593,202,53,0,4185,-441,0,0
2021-03-04,37600,38000,36850,37550,91589,3439166950,-1.4436,6973,-5509,-1277,-3208,1496,0,28,0,407,-217,30,0
2021-03-05,37100,37400,36400,36900,103486,3818633400,-1.731,16658,-10499,-7052,-28,70,368,-348,0,-7114,1050,-157,0
2021-03-08,37600,38550,37200,37500,157322,5899575000,1.626,30590,-20570,-10198,4793,5,-1381,-263,0,-13352,145,33,0
2021-03-09,37500,38050,35500,36250,194587,7053778750,-3.3333,74654,-64817,-11461,-6448,-8929,63,778,0,3075,1914,-290,0
2021-03-10,36700,37200,35050,35250,145864,5141706000,-2.7586,26361,15524,-41793,-12184,-22558,-205,109,0,-6955,-97,5,0
2021-03-11,35250,37000,35250,36750,159262,5852878500,4.2553,-27708,24360,-2880,11669,-844,59,-176,0,-13588,5475,753,0
2021-03-12,37200,38250,36950,38150,109472,4176356800,3.8095,-31530,4289,26489,18178,2748,1667,573,0,3323,1156,-404,0
2021-03-15,38450,38500,37650,37900,92918,3521592200,-0.6553,-1722,-1896,4437,6016,487,-22,1653,0,-3697,-819,0,0
2021-03-16,38000,38450,37750,38000,55398,2105124000,0.2639,494,-6247,543,8,329,175,1321,0,-1290,5230,-20,0
2021-03-17,38200,38500,37300,38400,81576,3132518400,1.0526,2910,-2538,-1093,3,-13027,13367,356,0,-1792,481,240,0
2021-03-18,38350,39400,38200,38400,105787,4062220800,0.0,6870,-10163,1832,-12098,9626,3486,-62,0,880,1586,-125,0
2021-03-19,37950,38900,37300,38650,87906,3397566900,0.651,111,393,1869,-151,3995,187,-9,0,-2153,-2454,81,0
2021-03-22,38700,38850,37600,37900,112663,4269927700,-1.9405,32801,3665,-35247,1221,-2670,648,-35782,0,1336,-1210,-9,0
2021-03-23,37950,38300,36500,36850,161840,5963804000,-2.7704,73913,-1245,-71031,-12646,-5976,-8205,-44037,0,-167,-1683,46,0
2021-03-24,36750,37550,36550,37400,81141,3034673400,1.4925,-14991,10091,2579,269,-798,-150,3241,0,17,2300,21,0
2021-03-25,37600,38600,37500,38500,121583,4680945500,2.9412,-17833,9279,4318,-1164,-209,3099,1031,0,1561,4276,-40,0
2021-03-26,38900,39750,38500,38650,145938,5640503700,0.3896,-13921,5004,234,-3830,1482,195,1062,0,1325,8606,77,0
2021-03-29,39000,39600,38350,39200,151195,5926844000,1.423,-17283,18315,-5180,-10439,1065,7129,-742,0,-2193,3762,386,0
2021-03-30,40500,40500,39000,39100,198707,7769443700,-0.2551,34459,-47341,15260,7437,2417,3803,-83,0,1686,-2376,-2,0
2021-03-31,39300,41000,39250,40150,236950,9513542500,2.6854,-22799,13258,8030,-1918,18015,8570,-9682,0,-6955,1436,75,0
2021-04-01,40350,40600,39600,40450,142695,5772012750,0.7472,-29883,-15931,51802,246,19382,12138,12544,0,7492,-5966,-22,0
2021-04-02,40750,41900,40700,41250,251483,10373673750,1.9778,-71720,5053,70432,-787,25988,27096,10781,0,5954,-3922,157,1400
2021-04-05,41700,44350,41500,43900,438876,19266656400,6.4242,-168806,83254,84676,-9412,21151,53953,1999,693,15623,1199,-323,669
2021-04-06,43900,44450,42650,44000,253301,11145244000,0.2278,14629,-71154,54555,3099,44703,24,9103,0,-2374,1958,12,0
2021-04-07,43550,43950,42100,42100,223860,9424506000,-4.3182,25569,-4978,-22642,-6339,-17651,-6752,1585,0,6515,2062,-11,0
2021-04-08,42100,42250,41300,41450,137438,5696805100,-1.5439,23177,-14126,-11423,-18611,596,1442,4373,0,777,2406,-34,0
2021-04-09,41650,43350,41550,43000,180914,7779302000,3.7394,-28795,-16565,46454,6069,11044,1826,26121,0,1394,-1436,342,0
2021-04-12,43000,43250,42050,42500,108818,4624765000,-1.1628,18073,-28235,6149,-10933,5120,11967,110,0,-115,4013,0,0
2021-04-13,42300,43700,42300,43600,183583,8004218800,2.5882,-11390,-23690,42012,3624,4649,12460,15876,956,4447,-6650,-282,0
2021-04-14,43600,43700,42950,43400,106207,4609383800,-0.4587,7832,-19686,10255,2912,1544,-28,4325,0,1502,1148,451,0
2021-04-15,43350,43350,42200,42350,119704,5069464400,-2.4194,25900,-35650,11813,2428,2551,-188,7515,0,-493,-2471,408,0
2021-04-16,42350,42450,41700,41850,102171,4275856350,-1.1806,18199,-6130,-8562,-124,-4154,-411,718,0,-4591,-3507,0,0
2021-04-19,41850,42500,41300,42500,112097,4764122500,1.5532,4061,-9919,6065,8150,-2694,-3261,5027,0,-1157,-417,210,0
2021-04-20,42200,42800,41850,42500,101887,4330197500,0.0,-1652,-13286,14832,-2926,11891,528,34,0,5305,73,33,0
2021-04-21,42400,42450,40600,41000,171708,7040028000,-3.5294,74593,-22634,-52885,-30983,726,-6491,427,0,-16564,896,30,0
2021-04-22,41000,41400,40450,40550,128600,5214730000,-1.0976,8378,9705,-17497,-19910,1428,259,-527,0,1253,-1139,553,0
2021-04-23,40500,41100,39500,40800,173431,7075984800,0.6165,17005,8047,-28668,-31225,3513,906,-14,0,-3090,4311,-695,1242
2021-04-26,41500,42050,40950,41400,183414,7593339600,1.4706,-6492,-3802,7763,-10851,18989,130,577,0,354,2904,-373,-1436
2021-04-27,41700,41700,40300,40800,91151,3718960800,-1.4493,3000,-7595,2642,-3212,1449,2103,200,0,2102,1953,0,0
2021-04-28,41000,41000,39200,39500,127337,5029811500,-3.1863,51531,-14157,-38274,-22218,-7060,-5119,-3948,0,71,754,146,0
2021-04-29,39450,40550,39100,40300,76271,3073721300,2.0253,-12139,65,13682,-80,4053,-16,-25,0,9750,-1611,3,0
2021-04-30,39750,40300,39500,39600,99332,3933547200,-1.737,27024,-20743,-7287,-21934,13302,-14,-216,0,1575,1008,-2,0
2021-05-03,39800,39800,38800,38800,89016,3453820800,-2.0202,7380,3474,-6249,-10398,3515,-14,63,0,585,-4605,0,0
2021-05-04,38700,39750,38450,39550,65758,2600728900,1.933,-7292,-9370,13250,6826,-79,-721,7512,0,-288,3412,0,0
2021-05-06,39800,40900,39450,40200,109894,4417738800,1.6435,6289,-9033,3061,2016,3619,-16692,73,0,14045,-227,-90,0
2021-05-07,40250,41250,40150,41000,85679,3512839000,1.99,-18016,252,18289,3388,1496,93,-888,0,14200,-526,1,0
2021-05-10,41400,41400,40000,40200,188785,7589157000,-1.9512,71263,-14744,-57170,-20841,-7330,-35952,830,0,6123,-16,667,0
2021-05-11,40200,40200,39200,39650,103354,4097986100,-1.3682,19080,-3853,-15536,-2048,-1337,-3526,196,0,-8821,39,270,0
2021-05-12,39700,39850,38100,39150,105652,4136275800,-1.261,17895,-17797,990,18,-1300,6147,-172,0,-3703,-1104,16,0
2021-05-13,38550,39500,38300,38650,133814,5171911100,-1.2771,12374,-549,-12213,154,-16732,0,178,0,4187,535,-147,0
2021-05-14,38700,39700,38700,39700,77695,3084491500,2.7167,-16994,8346,8117,-4272,10607,5675,-7,0,-3886,550,-19,0
2021-05-17,40200,40300,38950,39350,90749,3570973150,-0.8816,26114,-13822,-11731,-2950,-23,-402,-3005,0,-5351,-608,47,0
2021-05-18,38850,41200,38700,40850,252175,10301348750,3.8119,-63768,43462,16027,-23459,6351,1707,1431,0,29997,3629,650,0
2021-05-20,40850,40850,39400,39650,122563,4859622950,-2.9376,49285,-42335,-4236,-3182,7,88,1135,0,-2284,-2760,46,0
2021-05-21,39750,40100,38650,39500,127089,5020015500,-0.3783,51134,-38726,-9729,-12042,1877,42,-145,0,539,-2864,185,0
2021-05-24,43000,44950,41500,43350,2162168,93729982800,9.7468,-258217,80631,188703,33834,68135,11564,22228,0,53611,-8997,-2120,-669
2021-05-25,44150,49000,44100,47100,2594645,122207779500,8.6505,-74435,-33754,101575,102610,59718,-65357,-10093,6812,7885,5938,676,0
2021-05-26,46600,47800,45700,47200,697435,32918932000,0.2123,-42166,-28376,72894,48773,-9539,-19897,9033,667,40526,-2461,109,3331
2021-05-27,46850,47100,45450,45750,509581,23313330750,-3.072,32748,-64538,32533,-784,-2285,48508,5363,0,-21589,-1436,693,3320
2021-05-28,45250,45500,44500,45000,372806,16776270000,-1.6393,7406,-6607,-1190,2246,-11991,6031,1445,0,1079,247,144,0
2021-05-31,44750,45150,44050,44250,299025,13231856250,-1.6667,649,-22570,23059,12692,-5569,-44,3270,0,12710,-108,-1030,0
2021-06-01,44400,46950,44050,46800,553623,25909556400,5.7627,-71204,-836,67118,26248,16689,-5088,10651,0,18618,5166,-244,0
2021-06-02,46400,46500,44200,44450,490473,21801524850,-5.0214,132059,-87810,-43597,-6092,-19099,-778,10452,0,-28080,-497,-155,0
2021-06-03,44650,44700,43400,43600,310725,13547610000,-1.9123,52572,-36059,-17257,22830,-25386,-11641,-2707,0,-353,1043,-299,0
2021-06-04,43250,43500,42800,42900,298792,12818176800,-1.6055,101980,-12178,-90417,-31121,-18008,-13546,-771,0,-26971,-144,759,0
2021-06-07,43100,43650,42750,43400,219734,9536455600,1.1655,46891,-23577,-23213,-10641,-12337,1450,-59,0,-1626,-326,225,0
2021-06-08,43400,44750,43150,43700,443926,19399566200,0.6912,-13766,-22840,33956,-5486,40935,-12894,4159,-1649,8891,3034,-384,0
2021-06-09,43900,45250,43650,44900,358027,16075412300,2.746,-100749,30929,70471,16888,34584,-11714,5819,0,21134,-769,118,3760
2021-06-10,45100,45150,43550,44000,331682,14594008000,-2.0045,51742,-46431,-5144,11760,-5636,-5855,756,0,-6169,-193,26,0
2021-06-11,44150,44200,43100,43350,147644,6400367400,-1.4773,24946,-6414,-18868,-20739,4167,-10704,7991,82,335,335,1,0
2021-06-14,43350,43350,42400,42500,195799,8321457500,-1.9608,41495,-38479,-7422,10316,3732,221,-21026,0,-665,3943,463,0
2021-06-15,42500,42900,42300,42450,113891,4834672950,-0.1176,36620,488,-37946,-31784,-364,33,-5457,167,-541,805,33,0
2021-06-16,42500,43550,42450,43400,118788,5155399200,2.2379,-16415,3356,13295,-2740,12903,1718,-107,0,1521,-371,135,0
2021-06-17,43200,43200,42250,42400,148933,6314759200,-2.3041,48533,-24257,-25563,-16806,3907,-264,-7747,0,-4653,1148,139,0
2021-06-18,42650,44100,42350,44100,248379,10953513900,4.0094,-81757,24818,57085,12221,16709,4025,2275,0,22187,-191,45,-332
2021-06-21,43300,43500,42550,42650,176966,7547599900,-3.288,47252,-30412,-14830,10008,-4585,-10612,-2460,0,-6510,-2001,-9,-671
2021-06-22,43050,43350,42750,43000,107364,4616652000,0.8206,3138,-674,-2190,-7447,3955,1012,-432,0,722,-326,52,0
2021-06-23,43000,43500,41950,41950,180557,7574366150,-2.4419,35841,296,-36455,-17385,-9342,-1952,-8593,0,817,61,257,0
2021-06-24,41950,42350,41400,41850,155244,6496961400,-0.2384,29634,11472,-40928,-36863,-4457,-638,-617,0,1647,-154,-24,0
2021-06-25,41750,42700,41700,41800,114417,4782630600,-0.1195,14609,666,-15447,-20887,972,34,192,0,4242,167,5,0
2021-06-28,42250,43300,41850,42150,206294,8695292100,0.8373,25486,5897,-33419,-41096,-4265,457,-1331,0,12816,2039,-3,0
2021-06-29,42250,42700,41750,42350,103017,4362769950,0.4745,22028,-9700,-11465,-11625,-1181,3032,2667,0,-4358,154,-1017,0
2021-06-30,42550,42550,42050,42450,79725,3384326250,0.2361,13420,-5145,-7196,-15245,5764,1066,-295,1891,-377,-183,-896,0
2021-07-01,42500,42600,41400,41500,173737,7210085500,-2.2379,78373,-14139,-64684,-5282,-35247,-652,-10457,637,-13546,208,242,-137
2021-07-02,41600,42500,41600,42100,133129,5604730900,1.4458,-29729,30774,-538,466,-2710,-48,4081,632,-2959,-723,216,0
2021-07-05,42600,44500,42450,44350,497418,22060488300,5.3444,-203950,147757,52505,8131,6108,14597,996,487,22186,3473,215,0
2021-07-06,44500,44750,43600,44350,204911,9087802850,0.0,-28976,267,27922,-800,21497,3738,1527,605,1355,865,-78,0
2021-07-07,44300,44500,43300,44150,166140,7335081000,-0.451,25908,-3992,-17252,-137,-3351,-8253,-329,610,-5577,-4609,-55,-215
2021-07-08,44250,44300,42250,42350,230132,9746090200,-4.077,38648,-32180,-5026,-1280,2435,-1740,-30,-230,-4181,-1073,-369,0
2021-07-09,42000,42350,41250,41650,186932,7785717800,-1.6529,51515,-39199,-13667,-1243,-1830,-2133,4271,0,-12662,1313,38,-70
2021-07-12,42100,42250,41500,41600,104769,4358390400,-0.12,8533,-5309,-2848,-1033,-1471,139,-432,0,1128,-453,77,-1179
2021-07-13,41950,42000,41250,41350,158681,6561459350,-0.601,56242,-21754,-31392,-12417,-2215,-8032,-6512,254,1330,-2917,-179,-3800
2021-07-14,41400,41550,40950,41050,109810,4507700500,-0.7255,23341,-13573,-9380,-1851,-4234,-549,-393,385,-1604,-890,502,-1134
2021-07-15,41150,41750,41050,41400,98681,4085393400,0.8526,1406,196,-1463,6744,-2417,-4930,23,0,-814,100,-239,-69
2021-07-16,41500,42400,41400,42350,128343,5435326050,2.2947,-41234,1042,40042,-427,16579,23566,1531,575,-1738,150,0,-44
2021-07-19,42500,43500,42350,42500,184572,7844310000,0.3542,-21518,-10169,23660,-1306,7765,14641,8424,0,-5864,7963,64,0
2021-07-20,41800,43150,41700,42950,134449,5774584550,1.0588,-3872,-2212,5172,-84,5504,16093,185,123,-16649,902,10,0
2021-07-21,43200,43500,42250,42450,114942,4879287900,-1.1641,-8226,5268,2075,1840,2364,2350,-3328,0,-429,293,590,-722
2021-07-22,42500,43800,42450,43550,245708,10700583400,2.5913,-42565,27301,9831,18267,-3625,1277,-5208,0,-880,5517,-84,0
2021-07-23,44100,44650,43600,43900,216069,9485429100,0.8037,-17678,1196,19067,26167,306,98,-262,0,-7242,-2579,-6,0
2021-07-26,44500,44500,43450,43650,162128,7076887200,-0.5695,-42554,11828,30009,23932,3022,-2359,448,0,5029,-76,793,-63
2021-07-27,43900,45400,43750,44000,273059,12014596000,0.8018,-75789,43587,30933,1818,1554,0,-2588,0,11065,1697,-428,19084
2021-07-28,44000,44500,43050,43650,141037,6156265050,-0.7955,-4866,1859,3188,166,-10471,17,-92,0,4068,29,-210,9500
2021-07-29,43800,44300,43150,43250,106986,4627144500,-0.9164,26838,-3754,-23416,-2327,-24221,5599,-97,0,-2370,342,-10,0
2021-07-30,43000,43100,42200,42800,144417,6181047600,-1.0405,-14313,14901,-1041,13885,-11562,9773,-12029,0,-1108,510,-57,0
2021-08-02,42950,44000,42400,43250,144797,6262470250,1.0514,-22735,-1672,25755,29049,-2498,-120,-5059,0,5780,-1242,-106,-1397
2021-08-03,43200,43250,41850,42800,144925,6202790000,-1.0405,6088,-9825,6584,24165,-20828,89,1671,0,1487,-2929,82,0
2021-08-04,42750,44300,42650,44100,191360,8438976000,3.0374,-102708,80668,22395,22252,1684,870,-2954,0,543,-342,-13,0
2021-08-05,44200,44450,43800,44250,80453,3560045250,0.3401,-18530,-1699,20128,11331,1684,4554,-273,0,2832,193,-92,0
2021-08-06,44300,44450,43550,44050,108117,4762553850,-0.452,-2166,2662,-222,10631,-6529,-1,-265,0,-4058,-178,-96,0
2021-08-09,44100,44150,43100,43150,98313,4242205950,-2.0431,15871,-2507,-12321,11049,-6574,20,-13200,0,-3616,-970,-73,0
2021-08-10,43300,43700,42150,43200,97516,4212691200,0.1159,8900,-11185,1485,7900,2178,93,-6154,0,-2532,588,212,0
2021-08-11,43250,44500,43250,44250,168444,7453647000,2.4306,-81649,46153,32428,15402,14743,305,-1254,0,3232,3370,-302,0
2021-08-12,44500,45600,43450,45350,527582,23925843700,2.4859,-101715,34924,67535,29427,4345,-13580,-5070,0,52413,791,-1535,0
2021-08-13,46300,46650,44800,45800,440185,20160473000,0.9923,-51384,15214,43484,23739,14765,-2537,12792,525,-7249,-6713,-601,1449
2021-08-17,46100,48350,45900,47650,761633,36291812450,4.0393,-235129,201902,45645,37504,4444,2028,7830,1031,-7192,-14140,1722,0
2021-08-18,47800,48850,46600,48500,393136,19067096000,1.7838,-102998,75835,23395,11409,8442,7064,1343,0,-4863,4229,-461,0
2021-08-19,48300,48950,47350,47850,303943,14543672550,-1.3402,-77535,53027,23842,14773,6156,-1294,436,270,3501,17,649,0
2021-08-20,48050,49950,45550,46400,548284,25440377600,-3.0303,-51552,2473,52578,30920,2118,11330,-2356,0,10821,-2694,-805,-255
2021-08-23,47100,49450,47000,48500,379820,18421270000,4.5259,-114002,89567,27938,20259,-4817,4538,977,0,6981,-4460,957,0
2021-08-24,49550,49600,46800,47000,306871,14422937000,-3.0928,77279,-55122,-15551,4392,-1963,682,-9771,0,-8891,-5299,-1307,0
2021-08-25,47150,49100,46600,48800,279158,13622910400,3.8298,-87615,41478,41146,30170,3677,3379,1495,0,2425,5204,-213,0
2021-08-26,48800,49950,48150,48600,201588,9797176800,-0.4098,13832,-19351,4269,9352,649,-320,46,0,-5458,2903,-1653,0
2021-08-27,50000,51500,48600,48850,605223,29565143550,0.5144,26494,-46297,20995,28198,-17996,-2120,4344,874,7695,-1786,594,0
2021-08-30,49500,53200,49150,52700,690885,36409639500,7.8813,-224764,144434,26618,26614,-3117,-7211,4983,886,4463,53457,255,0
2021-08-31,53400,53800,51600,52100,309564,16128284400,-1.1385,57084,-17821,-38169,9701,-20551,-16743,-3461,0,-7115,-1225,131,0
2021-09-01,51600,53200,51200,52400,209188,10961451200,0.5758,-16666,-4255,20014,4975,8504,-2175,-2184,74,10820,842,65,0
2021-09-02,52500,52800,50900,51600,194622,10042495200,-1.5267,17136,8601,-28198,14397,-28706,-13584,-1452,0,1147,2652,-191,0
2021-09-03,51700,51900,50300,51200,216049,11061708800,-0.7752,8909,33647,-29895,21142,-33955,-5892,-998,0,-10192,-13194,533,0
2021-09-06,51200,52100,50700,51700,114048,5896281600,0.9766,3425,-9694,7442,7812,212,126,-56,0,-652,-898,-275,0
2021-09-07,51700,52400,51100,52000,92790,4825080000,0.5803,5444,-3806,-1330,1363,-6031,6050,-135,-618,-1959,-162,-146,0
2021-09-08,51900,52900,51200,52300,135918,7108511400,0.5769,-28060,11454,15097,6779,2174,3196,400,0,2548,1586,-77,0
2021-09-09,52400,53300,50800,50800,191763,9741560400,-2.8681,5539,10964,-17731,4947,-4697,-2006,-1570,0,-14910,1326,-98,505
2021-09-10,50800,52300,50800,51300,107731,5526600300,0.9843,-29358,24790,11228,3381,1996,-845,-893,0,7084,-6851,191,505
2021-09-13,51500,51500,49850,50300,139411,7012373300,-1.9493,-2561,14101,-11046,4327,-1155,-11865,1556,0,-3909,-512,18,0
2021-09-14,49850,51000,49800,50400,92920,4683168000,0.1988,-9672,9848,2818,5295,-776,-3553,-1998,0,3850,-2910,-84,0
2021-09-15,50200,51400,49900,50800,147813,7508900400,0.7937,1315,-5532,3147,14363,-7583,-512,906,0,-4316,-2,1072,289
2021-09-16,51500,52400,50200,51800,179885,9318043000,1.9685,-37780,-17792,48258,16092,30114,6423,-1219,0,-3454,7850,-536,302
2021-09-17,52100,53000,50700,52600,180179,9477415400,1.5444,-6615,-30258,37519,15607,24671,6374,-183,0,-9278,-703,57,328
2021-09-23,51900,52600,51300,52200,104665,5463513000,-0.7605,-12625,2628,13382,12766,-831,-918,41,0,2502,-3421,36,-178
2021-09-24,52700,53100,51100,52000,135268,7033936000,-0.3831,-6649,7599,-2541,11709,-10848,-1341,-123,0,-2045,676,915,107
2021-09-27,51000,51700,50200,50600,136616,6912769600,-2.6923,-5008,3170,-1121,16048,-10440,-256,-728,0,-5745,2663,296,0
2021-09-28,50300,51100,49800,50300,100827,5071598100,-0.5929,-13016,9289,3310,15795,680,-1691,-205,0,-11269,211,206,0
2021-09-29,49050,49650,48150,49150,215841,10608585150,-2.2863,-18158,36545,-19562,14720,-22842,-2771,-964,0,-6952,936,239,-753
2021-09-30,50300,52200,49700,52000,247238,12856376000,5.7986,-19930,-20065,39646,16786,15105,8338,3127,-74,-4788,409,-60,1152
2021-10-01,51400,52100,50200,50400,119069,6001077600,-3.0769,-5100,11683,-5674,-162,-6367,-140,3626,0,-2631,-1403,494,0
2021-10-05,49900,50900,49100,50300,100132,5036639600,-0.1984,991,-3749,2042,-1300,522,310,-525,0,3035,705,11,0
2021-10-06,50100,50300,46500,46600,205611,9581472600,-7.3559,31414,-27833,-4297,1027,-8261,1074,-486,0,2349,805,-89,0
2021-10-07,46750,49100,46750,49000,134726,6601574000,5.1502,-36672,24679,9118,555,-4566,9743,215,0,3171,2965,-90,0
2021-10-08,50300,50300,48300,48900,76826,3756791400,-0.2041,16854,-17695,1847,2581,-500,448,3479,0,-4161,-988,-18,0
2021-10-12,48900,49000,47900,48650,57086,2777233900,-0.5112,6343,4608,-10968,-1910,-7581,47,-282,0,-1242,-488,505,0
2021-10-13,48150,49000,47700,48100,83483,4015532300,-1.1305,16099,-1668,-13000,-3921,-7250,542,-4387,0,2016,-948,-483,0
2021-10-14,48400,48450,47750,48150,90251,4345585650,0.104,26511,-16765,-10238,-5192,-1485,3161,-7377,0,655,-37,529,0
2021-10-15,48150,48850,48000,48600,95604,4646354400,0.9346,4872,8169,-13259,-8536,-8690,1881,518,0,1568,226,-8,0
2021-10-18,49200,49350,48100,49050,105745,5186792250,0.9259,10185,6860,-19411,7114,-9088,125,-11337,0,-6225,2826,-460,0
2021-10-19,49250,49450,48650,48850,55514,2711858900,-0.4077,-5335,-1443,4541,-3387,4356,0,125,0,3447,2235,2,0
2021-10-20,48700,49250,47050,47200,127463,6016253600,-3.3777,48245,-27291,-22408,24,-12073,1,-240,0,-3306,1474,-20,-6814
2021-10-21,47250,48250,47000,47500,97955,4652862500,0.6356,-21715,23476,1275,-66,30,5,-149,0,1455,-3010,-26,0
2021-10-22,47500,47700,46300,46750,95780,4477715000,-1.5789,7568,-9547,3325,-760,-303,-836,1002,-46,4268,-1409,63,0
2021-10-25,46350,47300,46000,46400,71673,3325627200,-0.7487,9555,6522,-17233,-4266,-12891,-365,-3850,0,4139,1137,19,0
2021-10-26,46400,46800,45650,46300,104693,4847285900,-0.2155,9600,3003,-13135,20,-6871,-140,-3342,-771,-2031,555,-23,0
2021-10-27,46400,46900,45600,46550,66048,3074534400,0.54,-9044,-11784,20780,108,2182,20418,-40,0,-1888,27,21,0
2021-10-28,46800,48100,46250,47450,120705,5727452250,1.9334,4915,-32061,27263,-91,8099,23968,161,0,-4874,-164,47,0
2021-10-29,47850,47850,46550,46600,78667,3665882200,-1.7914,8038,-26498,18380,-1138,1474,20601,-113,0,-2444,110,-30,0
2021-11-01,46700,47650,46450,46650,53677,2504032050,0.1073,17407,-22171,5014,132,-1718,-23,386,0,6237,-186,-64,0
2021-11-02,47100,47200,46400,46600,40928,1907244800,-0.1072,7412,-10203,2162,28,-3604,0,-1733,0,7471,648,-19,0
2021-11-03,46500,47200,45800,46900,98266,4608675400,0.6438,15079,-13844,-1197,4114,5664,-12210,7471,0,-6236,80,-118,0
2021-11-04,47400,48400,47300,47700,92340,4404618000,1.7058,-19821,-7741,27568,2851,6379,5506,7873,0,4534,114,-120,425
2021-11-05,48000,48150,46200,47450,110528,5244553600,-0.5241,45537,-40076,-6864,-8413,-1107,29,5996,0,-3369,1315,88,0
2021-11-08,47500,47700,46700,47500,79286,3766085000,0.1054,9866,8849,-19039,-14323,-1343,-4240,1575,0,-708,324,0,0
2021-11-09,47300,49100,47300,49100,134604,6609056400,3.3684,-19887,8637,9439,-1139,53,-6127,5155,0,11361,1784,27,136
2021-11-10,49100,50400,48400,48700,186939,9103929300,-0.8147,43743,-27612,-17809,-4134,-12433,-11,-3727,0,2496,1695,-17,0
2021-11-11,48750,49900,47550,47950,193161,9262069950,-1.54,24148,-35489,12673,4178,9009,4274,-7366,2699,-121,-1781,449,0
2021-11-12,47850,50000,47300,48900,242818,11873800200,1.9812,-51637,33328,20791,-719,9236,3549,-2037,0,10762,-1583,-899,0
2021-11-15,49350,50200,48600,48850,98521,4812750850,-0.1022,19809,-22712,3660,805,-2399,2211,-1228,0,4351,-897,140,-80
2021-11-16,49000,50500,48700,49950,178318,8906984100,2.2518,-13361,12479,-100,-5943,6119,-279,-2797,716,1546,585,397,538
2021-11-17,53700,57900,52000,57800,1946055,112481979000,15.7157,-78570,53021,33784,17928,-34700,61033,9444,0,-19538,-7468,-767,-383
2021-11-18,60400,72900,58000,58000,3662471,212423318000,0.346,279447,-35990,-194206,-10358,-41125,-38438,-22399,0,-81568,-48669,-582,-318
2021-11-19,60600,66300,59500,65000,2980146,193709490000,12.069,21978,78887,-101002,-65742,17339,2386,-4674,0,-50311,-3512,3649,0
2021-11-22,63700,64200,56900,57700,1057882,61039791400,-11.2308,146398,-80289,-61525,6536,-32734,-13722,-18416,-1277,-1912,-4374,-210,0
2021-11-23,57200,59000,55900,56200,521198,29291327600,-2.5997,-58192,96584,-37173,-5086,-17084,-26517,-2748,0,14262,-1362,143,0
2021-11-24,55800,58600,55300,57900,429282,24855427800,3.0249,14104,7741,-21867,1337,207,-19352,-1811,0,-2248,44,-22,0
2021-11-25,57400,58500,56300,56800,267203,15177130400,-1.8998,3563,26003,-31471,-6388,4408,-26482,-6335,0,3494,-656,2561,-168
2021-11-26,56800,57400,55300,55700,270274,15054261800,-1.9366,-12249,28792,-15885,0,-9,-13767,53,0,-2162,-472,-186,0
2021-11-29,55400,59200,54500,54700,586416,32076955200,-1.7953,101865,-75639,-23174,-2280,5004,-20509,-1017,0,-4372,-991,-2061,0
2021-11-30,54900,56800,53200,53700,343377,18439344900,-1.8282,1524,3800,-5365,-1808,-1337,628,1390,0,-4238,1,40,0
2021-12-01,53700,56300,52900,55700,345006,19216834200,3.7244,9556,-27576,18393,20320,3248,427,927,0,-6678,-274,-99,149
2021-12-02,55500,56500,54600,56200,258576,14531971200,0.8977,38270,-67104,28482,20060,11876,88,566,0,-4108,107,245,0
2021-12-03,56700,58400,55700,57800,265432,15341969600,2.847,7649,-7616,-1381,-1794,17031,-19866,4605,0,-1567,1297,51,210
2021-12-06,57500,58700,57100,57900,165632,9590092800,0.173,16839,-6161,-10892,-1653,5260,-15467,1380,0,-412,95,119,0
2021-12-07,58400,58500,56500,57200,204684,11707924800,-1.209,27099,-17725,-8620,-6250,-3121,116,-1126,0,1761,79,-833,0
2021-12-08,57500,59300,56700,58100,250849,14574326900,1.5734,-26192,7802,17336,-2149,7047,-7727,8855,1589,8724,1048,6,997
2021-12-09,59500,63200,58800,62900,816178,51337596200,8.2616,-43173,26505,17480,-9087,-1162,-10554,2279,43,23125,-1098,286,12836
2021-12-10,62300,63800,60200,61000,431770,26337970000,-3.0207,50571,-12023,-27928,-5303,1390,-16299,-12296,0,4188,-11651,1031,392
2021-12-13,61600,64600,61200,62900,500675,31492457500,3.1148,-25496,13503,10069,6531,-3538,1877,-2935,0,8134,1951,-27,0
2021-12-14,63500,63700,62000,62900,301840,18985736000,0.0,51844,-43524,-8983,2999,5523,-9309,-3814,0,-4382,1033,-370,0
2021-12-15,62800,62800,60900,62000,242903,15059986000,-1.4308,-24635,22338,1002,2707,798,-9629,3534,0,3592,1182,113,0
2021-12-16,62000,63200,60600,60900,218989,13336430100,-1.7742,-5876,21493,-16244,-1371,2202,-14125,-3,0,-2947,262,365,0
2021-12-17,60200,66700,60000,64300,902744,58046439200,5.5829,-13558,5053,11549,440,944,8953,-2130,0,3342,-2917,-127,0
2021-12-20,63100,63700,61100,61100,325400,19881940000,-4.9767,61266,-42832,-20601,-1946,-5866,1177,-1218,-324,-12424,2191,-24,0
2021-12-21,61400,63200,60300,61800,286591,17711323800,1.1457,-39088,32402,6587,-9177,-278,97,7204,0,8741,80,19,0
2021-12-22,61600,63500,60900,61100,199855,12211140500,-1.1327,3532,3162,-5977,-7593,-152,41,-262,0,1989,-281,-436,0
2021-12-23,61200,62800,61100,62500,184187,11511687500,2.2913,-23868,17469,5913,-5930,-5053,13584,-389,0,3701,801,-315,0
2021-12-24,62300,63400,62000,62700,151933,9526199100,0.32,2874,-6938,4252,-6104,4200,3583,-426,0,3451,-2,-186,-452
2021-12-27,63400,67000,63400,66100,554903,36679088300,5.4226,-62063,31983,28250,13384,12506,-1961,382,0,4002,1803,27,-63
2021-12-28,66900,67800,65100,65500,404594,26500907000,-0.9077,14072,-27796,15028,-556,-1408,4152,402,0,12468,-1078,-226,-30
2021-12-29,65300,68700,65000,67800,396298,26869004400,3.5115,-29525,24497,4420,246,4482,1682,1696,0,-3746,587,21,60
2021-12-30,68700,70200,67600,68600,432604,29676634400,1.1799,30156,-18084,-12402,-30304,5158,15316,-65,0,-2490,514,-184,-17
2022-01-03,69500,70000,67900,69100,269474,18620653400,0.7289,-1565,-5829,2614,-9099,20026,1448,-352,0,-9394,4886,-106,-15
2022-01-04,69100,72200,68800,70900,660583,46835334700,2.6049,-7202,10286,-3878,-36008,14135,27495,-1435,0,-8037,-925,1719,-28
2022-01-05,71100,71200,66700,67600,493226,33342077600,-4.6544,60538,-8683,-53276,-13810,-5925,-21980,-1439,0,-10147,1136,285,25
2022-01-06,65900,68300,65300,65400,333036,21780554400,-3.2544,-38405,68646,-31433,-10166,-11118,6682,-11905,-1857,-3069,1310,-118,0
2022-01-07,65300,67100,64500,66200,212502,14067632400,1.2232,-20449,28688,-6939,-2926,5190,1609,-4503,0,-6309,-81,-1219,0
2022-01-10,66100,67400,65600,65800,153085,10072993000,-0.6042,11517,-2759,-8733,-8319,-72,-1449,400,0,707,-45,20,0
2022-01-11,66500,68200,65600,66500,264792,17608668000,1.0638,36691,-24689,-12777,-11662,-1360,-1431,-3234,0,4910,701,74,0
2022-01-12,67100,69100,67000,68000,193652,13168336000,2.2556,2974,-6429,3017,-1269,1061,3259,3944,0,-3978,498,-60,0
2022-01-13,68800,73000,68700,72000,614680,44256960000,5.8824,-87283,60474,31729,-9893,8430,24997,5704,0,2491,-4555,-365,0
2022-01-14,71900,72600,69500,71500,385112,27535508000,-0.6944,74400,-44757,-28052,-11084,-6892,-6583,-3878,-780,1205,-1615,24,-40
2022-01-17,74400,77700,67400,68100,1245964,84850148400,-4.7552,163970,-130539,-31208,-14550,-2108,15360,-1256,-679,-27609,-1245,-978,-366
2022-01-18,68000,68200,62000,62900,787516,49534756400,-7.6358,21444,-3309,-16467,-9494,-18300,16851,-10935,-4452,9863,-1952,284,0
2022-01-19,61400,63600,60600,62000,449261,27854182000,-1.4308,-35472,28735,6755,-3389,-6168,24939,-8106,-1439,918,-100,82,0
2022-01-20,62300,65800,62300,65700,428946,28181752200,5.9677,-19925,-48658,61840,6373,11884,39801,3101,0,681,7018,-275,0
2022-01-21,65700,65700,62200,63700,347786,22153968200,-3.0441,16120,-32109,19200,108,23253,-4456,428,0,-133,-3545,334,0
2022-01-24,62900,63600,61100,61300,278944,17099267200,-3.7677,-11390,15717,-934,-1704,2156,-6344,-820,0,5778,-3473,80,0
2022-01-25,60600,61800,59300,60000,286462,17187720000,-2.1207,-51902,30079,20504,9420,604,1814,1489,0,7177,1096,223,0
2022-01-26,60400,61800,59700,59700,197481,11789615700,-0.5,13813,-32173,17115,-2924,1146,3504,-256,0,15647,1141,104,-2
2022-01-27,59700,59800,56100,57300,297737,17060330100,-4.0201,-61505,81413,-23435,-24821,1685,931,-1639,0,489,3428,99,-80
2022-01-28,57300,58700,56100,58000,270005,15660290000,1.2216,-2145,30745,-27128,-6222,6122,-40269,18370,0,-5129,-206,-1266,0
2022-02-03,60000,60400,56100,56300,350368,19725718400,-2.931,112309,7486,-118943,-7915,-15526,-86032,-2274,0,-7196,-1246,394,0
2022-02-04,56700,59400,56100,59300,312389,18524667700,5.3286,-790,-13828,4622,-5583,-2463,7083,4413,0,1172,10148,-152,0
2022-02-07,60600,66000,59400,63800,768198,49011032400,7.5885,-74191,-16602,87492,15661,34682,13311,11393,0,12445,3534,-233,0
2022-02-08,64200,65600,63100,64300,320778,20626025400,0.7837,6160,-51541,42615,5828,17260,1689,4116,0,13722,2486,280,0
2022-02-09,64600,64800,62200,62400,196968,12290803200,-2.9549,49659,-37712,-10822,1154,-9569,-2200,2199,0,-2686,-1157,32,280
2022-02-10,62400,64100,61700,62400,265193,16548043200,0.0,10683,-4263,-6389,-5601,4029,-12606,15127,0,-7338,-20,-11,0
2022-02-11,62400,63400,60000,60200,240923,14503564600,-3.5256,28070,-425,-27397,1107,-17823,1148,1754,5620,-18876,1305,-1553,-327
2022-02-14,60600,62900,58000,59500,497595,29606902500,-1.1628,39242,-19043,-13366,-6177,-5585,6286,679,0,-8335,-6903,70,-234
2022-02-15,59300,60100,57800,58200,181726,10576453200,-2.1849,3684,-1372,-2094,-1060,-2262,-2069,1112,0,2185,-311,93,0
2022-02-16,58900,60600,58700,59900,148479,8893892100,2.921,-31688,-6508,32699,3710,1758,20047,1964,0,5875,5616,-119,-655
2022-02-17,59800,62000,59800,61200,232405,14223186000,2.1703,-31216,-7867,40482,4128,18158,17303,-4145,0,5038,-1399,0,0
2022-02-18,60700,61200,59200,59700,156175,9323647500,-2.451,31175,-21585,-11424,-2980,-2512,-2043,-5371,0,1482,1853,-19,0
2022-02-21,60200,64500,60000,64000,493086,31557504000,7.2027,-65144,-1501,73315,-774,60583,12009,6071,0,-4574,-5989,-681,0
2022-02-22,64600,65000,60900,61200,386559,23657410800,-4.375,111794,-100151,-15194,33007,891,-39474,1196,0,-10814,3003,548,0
2022-02-23,61900,61900,60400,60900,178562,10874425800,-0.4902,15983,-6213,-9892,114,-402,-13076,1153,0,2319,45,77,0
2022-02-24,61400,62600,59400,60700,406515,24675460500,-0.3284,17603,-39735,24757,27149,3684,460,933,0,-7469,-2329,-296,0
2022-02-25,61600,64700,60900,64000,444088,28421632000,5.4366,-134987,51387,87778,39779,34286,4275,4519,0,4919,-3778,-400,0
2022-02-28,65400,69700,65100,68100,896076,61022775600,6.4062,-234478,12278,221808,48876,48885,79482,23960,-443,21048,-752,1144,0
2022-03-02,71300,75500,70500,72900,1102579,80378009100,7.0485,-165175,157806,12474,2335,-18012,17149,11359,1251,-2895,-4992,-113,1287
2022-03-03,71800,73300,68600,72500,669708,48553830000,-0.5487,-48600,29115,19896,-8443,40826,-3607,6305,488,-15882,-679,268,209
2022-03-04,71300,75900,71200,74600,668022,49834441200,2.8966,-111044,30866,80519,-1222,6281,66846,8440,0,174,61,-402,0
2022-03-07,76000,78900,73700,73900,856990,63331561000,-0.9383,-34035,65417,-26494,3937,-7729,-24815,855,491,264,-4687,-201,503
2022-03-08,74600,76400,71600,71700,592732,42498884400,-2.977,2417,49262,-45420,25324,-18647,-42513,-2015,0,-7569,-6269,10,0
2022-03-10,70900,73500,66800,72900,601996,43885508400,1.6736,-60416,-21224,80914,6667,-3842,89115,-3552,0,-7056,432,294,-418
2022-03-11,73700,75700,73200,75200,407380,30634976000,3.155,-54873,32228,22595,46946,2701,-31014,6367,60,-2465,453,-403,0
2022-03-14,76500,78000,75000,76100,590857,44964217700,1.1968,-14875,-32499,49798,72327,-2331,-7808,-5791,0,-6599,-2653,229,0
2022-03-15,76300,76800,72800,73100,386970,28287507000,-3.9422,-12210,10759,400,17035,-6718,-6008,-1948,0,-1961,1260,-209,0
2022-03-16,73600,74700,71500,74100,239512,17747839200,1.368,-7948,11245,-2414,-2774,-6477,8315,-2343,0,865,-821,-62,0
2022-03-17,72400,72900,69700,71600,621706,44514149600,-3.3738,62070,12097,-71638,-27937,-41801,23634,-14695,0,-10991,-2569,40,152
2022-03-18,71600,74200,71200,73700,280903,20702551100,2.933,-78459,46048,33129,-311,11443,18692,3628,0,-323,-543,-175,0
2022-03-21,75100,77200,74100,74300,319031,23704003300,0.8141,25548,-26776,1205,156,3969,-2909,724,-4647,3912,-37,60,0
2022-03-22,75000,79900,74100,77000,749593,57718661000,3.6339,-156687,87422,74919,820,14136,29012,2147,0,28804,-5257,-397,0
2022-03-23,77900,77900,74300,75300,454109,34194407700,-2.2078,144841,-101177,-44592,-235,-11307,-43310,4802,0,5458,843,85,0
2022-03-24,74800,77300,74800,76700,247624,18992760800,1.8592,-66651,43022,22453,-640,11785,13998,237,0,-2927,1118,58,0
2022-03-25,78300,79400,75900,76600,351898,26955386800,-0.1304,30306,-8189,-22274,-77,1233,-18222,3989,0,-9197,-53,210,0
2022-03-28,76400,79000,75500,78800,428235,33744918000,2.8721,-56795,27736,26451,644,10011,10518,1221,50,4007,2655,-47,0
2022-03-29,78000,78100,71900,72200,711414,51364090800,-8.3756,213566,-138578,-75491,-6537,-29829,-14388,-4725,0,-20012,10,493,0
2022-03-30,71300,73000,71000,72700,320958,23333646600,0.6925,25810,30706,-54452,1729,-21728,-30965,2284,0,-5772,-2151,87,0
2022-03-31,73400,74300,71500,71900,232697,16730914300,-1.1004,-14381,15769,-2195,-1253,-6572,2596,-2463,0,5347,697,110,150
2022-04-01,71900,72800,71100,71800,157721,11324367800,-0.1391,-12930,9971,2905,838,-697,15976,-113,0,-13099,70,-16,0
2022-04-04,72200,73000,71800,72400,84928,6148787200,0.8357,2006,-6685,4653,2645,956,769,523,0,-240,-140,166,0
2022-04-05,72400,72700,70900,71000,119841,8508711000,-1.9337,8179,-2959,-2415,720,392,-3315,68,0,-280,-3030,225,0
2022-04-06,70800,72000,70200,71500,155048,11085932000,0.7042,-23708,20619,2853,-2264,-2310,15009,-8391,-1707,3248,58,178,-732
2022-04-07,71500,71500,69100,69300,200073,13865058900,-3.0769,-363,25638,-25728,1565,-3116,-6353,1572,0,-19396,389,64,0
2022-04-08,70600,72000,69100,70300,167590,11781577000,1.443,10606,-2498,-7848,-1368,-5215,-785,-1689,0,1209,-286,26,0
2022-04-11,70600,70800,69500,69600,82593,5748472800,-0.9957,5935,-8190,-653,40,-943,509,-188,0,343,1462,1446,-414
2022-04-12,69600,70900,68900,69900,140491,9820320900,0.431,177,-12796,9584,7749,-2581,5118,-832,0,130,3025,10,0
2022-04-13,70600,72700,70000,72000,195468,14073696000,3.0043,-16111,-231,12484,7044,-802,-10877,1100,0,15328,4362,-504,691
2022-04-14,72300,72800,71500,72800,133374,9709627200,1.1111,-23377,11507,11666,-9156,-152,-638,9849,0,11763,148,56,0
2022-04-15,72600,75000,71400,73300,226937,16634482100,0.6868,-229,-538,-3951,1083,5949,-9962,4822,0,-5843,5629,-911,0
2022-04-18,73600,77300,73300,76700,484092,37129856400,4.6385,-147624,38414,110456,8259,53713,33204,8525,0,6755,-526,-720,0
2022-04-19,77100,77500,75700,77400,182476,14123642400,0.9126,-43667,39322,7611,924,1929,7070,-527,0,-1785,-3197,-69,0
2022-04-20,76900,76900,75100,75100,183626,13790312600,-2.9716,18428,7949,-31355,1638,-1432,-25147,-9419,0,3005,4978,0,0
2022-04-21,75600,76900,74100,76400,180644,13801201600,1.731,-37085,12583,27148,1482,1971,3045,11087,0,9563,-2079,-567,0
2022-04-22,75000,79600,74800,78600,346712,27251563200,2.8796,-47700,27436,15873,1747,6432,-1020,580,0,7855,4475,-84,279
2022-04-25,77900,81300,77100,77400,398535,30846609000,-1.5267,43758,-50372,-9765,7708,-14420,292,-9349,0,6155,15533,846,-151
2022-04-26,78200,81500,77300,78200,535612,41884858400,1.0336,34975,6203,-48343,530,4483,-53557,-2647,0,2848,6825,340,0
2022-04-27,77800,84300,76600,82400,1558080,128385792000,5.3708,-262298,222365,60163,34472,44232,19524,5365,1690,-45139,-17831,-2399,19
2022-04-28,83000,84300,80800,82300,592157,48734521100,-0.1214,75467,-55066,-34189,-11642,-12256,-17299,-5055,0,12063,13598,190,0
2022-04-29,82400,83100,81200,82100,269901,22158872100,-0.243,-55079,66027,-12718,6810,-15759,-17864,-308,0,14403,1573,197,0
2022-05-02,82400,87100,82400,85500,575304,49188492000,4.1413,-94706,61719,30590,12963,20044,23058,4170,180,-31282,903,1494,1457
2022-05-03,85800,87300,84500,86800,414817,36006115600,1.5205,-50194,49240,9227,-1915,6314,34917,2427,0,-32972,-6072,-2201,456
2022-05-04,86700,87600,85100,85700,365590,31331063000,-1.2673,15724,47107,-64780,-723,-12052,-45546,-252,0,-6630,1927,22,423
2022-05-06,84600,87800,84400,85300,352925,30104502500,-0.4667,6214,63053,-52165,5735,-10591,-44843,1987,-270,-4183,-18620,1518,0
2022-05-09,85700,87900,82800,83900,465107,39022477300,-1.6413,31641,57752,-82202,-3722,-8284,-54923,-1170,0,-14049,-7119,-72,-54
2022-05-10,82800,84200,81300,82800,330753,27386348400,-1.3111,-446,90197,-89148,-26020,-8911,-35259,-3237,0,-15692,-663,60,-29
2022-05-11,83000,83400,78000,78000,483347,37701066000,-5.7971,123743,-42604,-77241,8835,-11131,-57110,-1374,0,-16319,-3294,-604,-142
2022-05-12,77500,78900,76000,76800,362280,27823104000,-1.5385,-8577,35789,-26627,9782,-6764,-19388,-1850,-350,-7954,-654,69,-103
2022-05-13,77000,77900,75500,77700,209731,16296098700,1.1719,8625,-6107,-7001,3461,-2884,-16089,475,0,8190,661,3822,-154
2022-05-16,78600,78700,73700,75200,446002,33539350400,-3.2175,101275,-49902,-55207,-8837,-28247,2340,-28130,170,7661,3526,308,-164
2022-05-17,75700,76500,74400,75200,204742,15396598400,0.0,-4563,-4605,12699,1922,-194,-1748,5496,0,7223,-2616,-915,0
2022-05-18,75800,75800,73900,74100,214404,15887336400,-1.4628,33548,-19048,-13188,8456,3103,-16793,-99,0,-7855,-743,-569,0
2022-05-19,72600,74900,72500,73200,248478,18188589600,-1.2146,3093,-25547,22392,1629,13234,-2225,10059,0,1023,167,-105,-1328
2022-05-20,73800,74400,72900,73200,185684,13592068800,0.0,19074,-29904,10520,-9305,4528,6249,-1524,0,10572,-139,449,0
2022-05-23,75900,78000,75100,76200,471592,35935310400,4.0984,1903,-139037,119648,6229,53723,39193,13746,0,6757,16887,599,0
2022-05-24,76800,78300,74800,74900,240231,17993301900,-1.706,46090,-73473,25028,-3004,6197,981,13191,0,6663,2173,182,1000
2022-05-25,76200,80100,75600,79000,453781,35848699000,5.474,-94810,40518,57690,1085,34692,11385,5562,-200,5198,-3383,-15,-32
2022-05-26,79200,79700,77700,78700,189084,14880910800,-0.3797,24673,-26422,2454,-990,-6338,8475,-2274,0,3581,-806,101,0
2022-05-27,78700,79600,77300,78500,189709,14892156500,-0.2541,-1228,-25197,25341,11137,-5416,1959,104,6300,11257,1063,21,0
2022-05-30,79000,81300,78800,79300,176775,14018257500,1.0191,5300,-5103,1315,-861,2191,-2272,285,0,1972,2036,-3548,0
2022-05-31,79400,80200,78300,79200,166715,13203828000,-0.1261,-18941,16690,3958,2519,5910,-2,3721,0,-8190,-1627,-80,0
2022-06-02,79400,82000,78600,80600,167462,13497437200,1.7677,-17717,21442,-3268,-1174,4455,-455,1412,0,-7506,-495,38,0
2022-06-03,80600,81100,78600,79900,187543,14984685700,-0.8685,23677,-22505,2413,16572,-1132,232,-14500,0,1241,-3508,-77,0
2022-06-07,81000,83400,80800,82200,332282,27313580400,2.8786,-72775,59904,11624,-1947,14387,456,12366,0,-13638,695,552,0
2022-06-08,83000,83700,80400,81800,201718,16500532400,-0.4866,-11497,-2419,7802,-5820,2897,8424,-986,0,3287,6056,58,0
2022-06-09,81800,85000,81300,84600,341051,28852914600,3.423,-102903,26600,73872,-8859,52666,24310,2791,3546,-576,3835,-1404,-6
2022-06-10,84400,86500,83900,84300,209130,17629659000,-0.3546,-10730,23132,-12390,-1117,3751,-1194,779,0,-14609,-44,32,0
2022-06-13,83800,84200,81500,81700,278688,22768809600,-3.0842,-45227,52527,212,-300,13106,-2513,-364,0,-9717,-7854,342,0
2022-06-14,81000,81100,77600,79400,289834,23012819600,-2.8152,-18324,32402,-16940,-2315,-1906,-8002,-5764,0,1047,2315,547,0
2022-06-15,79100,79800,76000,76900,239058,18383560200,-3.1486,-17173,1647,15839,4390,7265,11582,-4385,-150,-2886,1188,-1501,23
2022-06-16,77000,79600,76000,77000,177579,13673583000,0.13,-18022,-12974,31808,30048,-232,-222,771,0,1443,-796,-16,0
2022-06-17,76100,77200,75600,76100,136425,10381942500,-1.1688,-11101,3151,6186,-2195,594,149,406,434,6798,961,803,0
2022-06-20,77500,79100,75000,76400,196002,14974552800,0.3942,20343,-39328,21338,-124,15108,2632,146,120,3656,-2296,-57,-200
2022-06-21,76000,76800,72500,74800,221786,16589592800,-2.0942,6242,-2632,2684,7697,5020,-1113,-3158,-208,-5554,-6257,-37,0
2022-06-22,75400,75700,69500,69900,213769,14942453100,-6.5508,30693,3458,-36067,4792,-29561,563,2127,-9211,-4777,1454,462,0
2022-06-23,68900,70400,66500,66800,237186,15844024800,-4.4349,-67541,48949,17955,1083,-3145,6011,-759,0,14765,467,170,0
2022-06-24,66400,69200,66400,68600,130531,8954426600,2.6946,-2925,-7585,9641,2019,-4558,1669,2064,21,8615,633,236,-189
2022-06-27,69500,71700,68700,70900,122913,8714531700,3.3528,10321,-34165,21601,3067,15644,6587,1810,0,-5507,2180,63,0
2022-06-28,71300,73400,70900,72900,131665,9598378500,2.8209,-3881,2356,778,-11616,9842,2232,2963,170,-2813,381,366,0
2022-06-29,72500,75200,71700,73800,147470,10883286000,1.2346,220,-20791,19738,1582,15279,2061,7476,0,-6718,839,-6,58
2022-06-30,74200,75100,71600,71800,120474,8650033200,-2.71,3579,-5306,1525,-1204,1229,-101,2578,0,-977,541,-339,0
2022-07-01,73000,78100,73000,75800,392506,29751954800,5.571,-62548,-7587,64730,374,47381,6726,14089,910,-1450,5016,389,-3300
2022-07-04,76400,76900,67900,71000,431929,30666959000,-6.3325,81052,-100342,31928,35661,-9989,-4730,15539,0,-4553,-12888,250,0
2022-07-05,71300,71900,68300,71200,206592,14709350400,0.2817,-15266,32243,-14560,-1133,-14542,-5547,9991,-120,-2509,-1577,-840,-700
2022-07-06,70000,72000,69100,69100,146934,10153139400,-2.9494,697,16599,-16445,152,1074,-6780,4489,0,-15380,-885,34,0
2022-07-07,69500,70200,67900,69600,103277,7188079200,0.7236,-8533,6358,2473,427,341,-7,72,0,1640,-305,7,0
2022-07-08,70200,71000,69300,69400,75099,5211870600,-0.2874,-1843,3133,-2160,1421,-276,1900,-5509,0,304,18,852,0
2022-07-11,70000,71900,68400,70400,129468,9114547200,1.4409,-650,-5129,6287,9602,4383,-6317,-4341,0,2960,-573,65,0
2022-07-12,70100,70200,66900,67100,137399,9219472900,-4.6875,36290,-37020,2058,-1184,7294,-889,302,0,-3480,-2364,1036,15
2022-07-13,66300,67400,65200,66300,170388,11296724400,-1.1923,21465,36348,-40411,-4174,-17564,-21829,-698,0,3854,-17392,-10,0
2022-07-14,65800,71400,65800,70200,233714,16406722800,5.8824,-95891,62240,33248,1212,14980,6298,7281,-240,3717,442,-39,0
2022-07-15,70400,72100,69700,70300,176320,12395296000,0.1425,7171,-14518,8474,11390,3655,-2217,1596,0,-5950,-1175,48,0
2022-07-18,71100,74000,70800,73300,166126,12177035800,4.2674,-40682,2763,39106,1517,6736,12752,9679,9604,-1182,-915,-272,0
2022-07-19,74800,75300,72600,74500,194160,14464920000,1.6371,-24463,-6224,30931,5146,1589,17107,8728,0,-1987,414,-658,348
2022-07-20,75000,75300,73600,74400,134983,10042735200,-0.1342,-12954,12058,817,-2708,9763,367,-4552,0,-2053,-192,271,0
2022-07-21,74200,75500,73500,74400,90130,6705672000,0.0,-12833,6487,5862,2862,-896,1153,6567,832,-4656,702,-218,0
2022-07-22,74400,79000,74300,77700,308238,23950092600,4.4355,-40793,10394,27279,8257,19031,-12963,19037,926,-7009,3093,27,0
2022-07-25,78300,81600,77900,80800,307722,24863937600,3.9897,-86530,-8358,93524,296,36246,56064,9706,100,-8888,1224,140,0
2022-07-26,81400,83200,79900,81500,299331,24395476500,0.8663,-51944,2153,61111,52148,2595,26773,-11930,384,-9338,-10929,-391,479
2022-07-27,81700,82500,80000,81500,170311,13880346500,0.0,-33182,26925,7908,13905,-3617,20839,-4672,0,-18547,-1774,123,0
2022-07-28,82200,83800,81500,82800,198927,16471155600,1.5951,-54834,29364,26850,17120,-1012,21060,-1964,6949,-15317,-1749,369,14
2022-07-29,83000,88500,82500,88000,522773,46004024000,6.2802,-102204,101041,8858,16112,-8036,50459,1043,0,-50801,-5005,-2690,81
2022-08-01,86900,88600,86000,86700,247504,21458596800,-1.4773,9030,9415,-19624,9620,-454,-485,-4748,0,-23668,1421,-242,111
2022-08-02,86300,87700,84600,86700,303284,26294722800,0.0,-36123,32277,6046,11345,-8234,7095,1721,-1905,-3986,-2103,-97,10
2022-08-03,86800,88100,85600,86900,160718,13966394200,0.2307,3663,9648,-13240,8500,-17951,3254,-1333,-3920,-1790,-89,18,0
2022-08-04,87200,87400,85400,86900,154991,13468717900,0.0,-14588,17018,-2006,6747,-21907,19972,-3039,-110,-3678,-350,-74,9
2022-08-05,87000,89800,85500,88700,213224,18912968800,2.0713,-43184,20245,24274,6739,-18096,22165,-3738,0,17186,-1345,10,18
2022-08-08,89500,95000,89300,94100,653922,61534060200,6.0879,-124047,146902,-34262,-7971,-112,12269,3004,0,-41452,10678,729,0
2022-08-09,95400,96400,92500,93400,366466,34227924400,-0.7439,-22076,39125,-16675,-2645,-5754,2585,-2985,0,-4662,-1956,1582,-3214
2022-08-10,93400,94500,92100,92800,193005,17910864000,-0.6424,963,8113,-13255,-6209,5775,-11243,-6897,4780,539,4509,-330,0
2022-08-11,93000,93200,87900,90100,539340,48594534000,-2.9095,115789,42857,-155081,-12149,-90727,-43040,-10389,0,1224,-2525,-1040,0
2022-08-12,90500,91100,88100,88200,262923,23189808600,-2.1088,64462,14584,-80344,-6689,-19094,-49205,-316,0,-3340,1341,-43,-1700
2022-08-16,88800,90600,88000,88200,251035,22141287000,0.0,33741,-15645,-20971,-885,-4265,-11870,-97,0,-3854,2478,397,0
2022-08-17,88200,88900,86900,88300,190439,16815763700,0.1134,24699,15593,-41307,-3114,-8406,-20046,-3293,-5200,-1248,972,43,0
2022-08-18,88500,93800,87200,90700,604807,54855994900,2.718,-47631,62610,-15174,6036,48089,-98636,12043,0,15251,-24,219,2043
2022-08-19,91600,93000,90400,90900,180125,16373362500,0.2205,8438,-10389,-1067,-1495,2020,4322,364,0,-5999,2817,201,-279
2022-08-22,90300,91900,89600,91200,130109,11865940800,0.33,-9222,-7082,16175,1216,3814,11581,-2843,0,2447,502,-373,-40
2022-08-23,90400,95700,90200,94200,323579,30481141800,3.2895,-94851,5833,93455,2046,28756,56650,5920,0,13,-4374,-63,70
2022-08-24,96700,101500,95400,99300,688081,68326443300,5.414,18350,41208,-61856,-35908,18604,-47474,6564,352,-4006,1769,529,12
2022-08-25,101000,105000,97700,102500,522535,53559837500,3.2226,-26351,6418,20984,-14162,21603,27924,1521,0,-15889,-788,-263,-13
2022-08-26,104000,107000,101500,105500,258443,27265736500,2.9268,-11921,19897,-10540,-10229,5294,12716,1265,0,-19754,2347,217,168
2022-08-29,103000,108000,103000,105000,273388,28705740000,-0.4739,27781,-20994,-6792,-4114,8980,1559,-1118,545,-12728,25,-20,84
2022-08-30,107000,107000,102000,103500,267014,27635949000,-1.4286,-2563,32399,-33807,-21577,-9843,8913,-4001,0,-7201,3986,-15,-98
2022-08-31,103500,107000,100500,106000,263481,27928986000,2.4155,9700,-4608,-7757,3919,-2852,3587,2247,0,-14599,2817,-152,-59
2022-09-01,104000,108000,102500,103000,236271,24335913000,-2.8302,-12080,4086,6595,5017,2066,1433,2168,0,-4089,1358,41,0
2022-09-02,104000,107500,100500,105500,228772,24135446000,2.4272,-28786,-6805,33324,18113,3567,7388,1184,0,2886,2355,-88,186
2022-09-05,105500,109500,103500,107500,279441,30039907500,1.8957,-4660,-33845,38934,-3385,20936,9399,6936,0,5048,-1081,652,0
2022-09-06,108500,110000,106500,109000,196797,21450873000,1.3953,11167,-13111,2116,-791,6428,-1435,4086,0,-6172,-284,112,0
2022-09-07,109000,114000,103000,104000,418098,43482192000,-4.5872,66560,-4820,-60626,-1147,-35129,-21710,-94,0,-2763,-1219,105,217
2022-09-08,104000,105000,100500,103500,293106,30336471000,-0.4808,-13391,13198,144,-14458,5407,6870,-2305,0,4506,339,-290,124
2022-09-13,102500,104000,93500,95800,717777,68763036600,-7.4396,75880,45610,-118506,-40521,-32303,-36150,-37622,-355,28745,-3504,520,-300
2022-09-14,93700,97000,92500,96600,325368,31430548800,0.8351,18021,-6445,-12862,15450,-89,-11260,-3116,-354,-13598,974,312,105
2022-09-15,96300,99700,94200,95300,349059,33265322700,-1.3458,11272,27038,-35837,-4408,-4164,-21571,903,0,-6597,-2445,-28,0
2022-09-16,95000,95700,92500,93500,208332,19479042000,-1.8888,-25545,32759,-6239,-319,3454,8633,-7450,0,-10557,-758,-217,0
2022-09-19,94400,95500,90700,91400,255980,23396572000,-2.246,-26108,13873,11724,-17554,5697,21866,-2236,1756,2195,1013,-502,0
2022-09-20,91800,94600,91800,93600,196118,18356644800,2.407,11083,-30360,19061,4525,3190,6349,-73,0,5070,223,-7,0
2022-09-21,92800,96300,92500,95200,205631,19576071200,1.7094,-3017,-14742,18052,14959,7646,-2218,6804,0,-9139,-346,53,0
2022-09-22,96400,98200,94000,97400,287739,28025778600,2.3109,-22586,-26724,41574,9480,-4551,30594,11229,350,-5528,7669,67,0
2022-09-23,97400,98800,94000,94300,205883,19414766900,-3.1828,13318,-43134,30638,357,4387,24629,4183,340,-3210,-870,48,-48
2022-09-26,94300,95200,88600,89900,364928,32807027200,-4.666,-41430,49481,-4262,11668,-9396,-30560,2383,-1979,13237,-3835,46,10385
2022-09-27,90100,90900,87000,90100,184521,16625342100,0.2225,-12209,6438,5639,3718,6840,-7313,425,0,1969,252,-120,0
2022-09-28,89600,91800,89000,90300,228143,20601312900,0.222,-12679,-55967,66519,6356,27362,13764,11908,0,7129,2084,43,0
2022-09-29,91700,93300,89400,91100,205564,18726880400,0.8859,-16500,-32280,44720,6373,6818,11577,1023,0,11529,3894,166,7400
2022-09-30,89400,93100,88700,90300,172584,15584335200,-0.8782,-4499,-30652,32668,5326,12005,3102,9078,0,4440,2522,-39,-1283
2022-10-04,93000,97200,92200,95000,242039,22993705000,5.2049,-319,-7910,4710,4431,3106,2994,-1259,0,-4499,3691,-172,-63
2022-10-05,97000,97100,89100,91400,397369,36319526600,-3.7895,85860,-92573,2426,1905,-3437,13024,-3299,0,-6073,3432,855,306
2022-10-06,92500,94300,91100,93600,162838,15241636800,2.407,-16763,5108,11783,1259,11613,12277,1332,0,-9698,-121,-7,-5000
2022-10-07,93100,93500,88000,90100,472157,42541345700,-3.7393,17277,-35348,18820,-2064,-12419,50436,-5588,-3210,-8335,-515,-234,0
2022-10-11,89700,93100,89200,90000,267980,24118200000,-0.111,-15627,-5122,25161,-3122,9438,15948,3023,0,-126,-4696,284,0
2022-10-12,89600,95700,84400,94300,559219,52734351700,4.7778,-5689,-66536,58077,4808,32230,32784,983,728,-18146,14432,-284,4690
2022-10-13,95000,95100,84300,84400,648703,54750533200,-10.4984,179441,-133941,-38910,-12223,-27110,27128,-5692,0,-21013,-6572,-18,0
2022-10-14,86200,91400,85800,89700,421000,37763700000,6.2796,-113769,75655,38385,-11981,-2617,27655,34,0,25270,-276,5,24
2022-10-17,87000,88100,82300,83900,598195,50188560500,-6.466,201050,-23226,-179513,-8719,-49610,-95652,0,-1051,-24481,254,1435,0
2022-10-18,84800,87700,84800,85900,354379,30441156100,2.3838,-79815,109348,-28890,3380,-2107,-27214,-2936,-7130,7117,-517,-126,0
2022-10-19,86900,90300,85600,88300,295414,26085056200,2.7939,-107369,53199,51998,13224,13885,13684,8903,0,-1208,1907,265,3510
2022-10-20,89200,90500,87800,87800,242700,21309060000,-0.5663,-23406,-4577,27678,11183,6965,14019,1606,0,-6033,313,-8,-62
2022-10-21,88000,88800,86300,87500,124683,10909762500,-0.3417,2272,-10869,8616,13859,-2828,-64,1179,0,-3530,-54,35,0
2022-10-24,89000,91900,89000,90900,197568,17958931200,3.8857,-49633,42751,2067,1767,949,-1179,193,0,337,4717,98,0
2022-10-25,93100,93100,90200,90900,134356,12212960400,0.0,16870,-35744,15479,4235,-1876,6470,1639,-1052,6063,3383,12,0
2022-10-26,91000,93000,90400,91200,117247,10692926400,0.33,-13409,5503,8239,3698,803,-410,5302,0,-1154,-448,115,0
2022-10-27,92400,95300,92400,94900,178632,16952176800,4.057,-61391,22157,38866,3128,2126,7774,12173,0,13665,755,-387,0
2022-10-28,95400,102000,94600,100500,489737,49218568500,5.9009,-115807,94173,24660,-2663,22564,-10731,8491,676,6329,-2878,-148,-6
2022-10-31,100500,103000,99700,101500,274030,27814045000,0.995,-28264,57736,-28370,5377,-16841,-11027,-8681,0,2849,-176,-926,-47
2022-11-01,102500,107500,102000,106500,308008,32802852000,4.9261,-70659,127649,-45114,82,-3668,-39843,6834,0,-8520,-10935,-941,1
2022-11-02,107500,110000,101000,103000,480505,49492015000,-3.2864,15975,152971,-158353,-18638,-38439,-103324,-4188,0,6236,-10615,22,0
2022-11-03,101500,106500,100000,103500,284934,29490669000,0.4854,-34928,105419,-64012,10252,596,-78989,4004,0,-248,-6120,-359,373
2022-11-04,103500,107500,102500,104500,231945,24238252500,0.9662,-7983,59159,-51699,1309,-8285,-32206,-7038,0,-5479,666,-143,0
2022-11-07,107000,107000,99100,100000,292830,29283000000,-4.3062,41502,26699,-67319,-1811,-14249,-22346,-24864,0,-4049,-1030,148,0
2022-11-08,100500,101000,97800,99800,251864,25136027200,-0.2,26323,13871,-40062,-13635,-18269,-7601,-6677,0,6120,-102,-30,0
2022-11-09,100500,101500,97200,98700,277613,27400403100,-1.1022,15541,56347,-71338,-34116,-13091,-13767,-7340,0,-3024,-550,0,0
2022-11-10,98300,100000,97200,97700,199452,19486460400,-1.0132,-1961,17566,-14234,-6922,-6110,25968,-4668,-1475,-21027,-1314,-57,0
2022-11-11,99700,100500,96500,97700,278600,27219220000,0.0,55864,-29089,-26523,-2148,-13477,-2094,-9985,0,1181,-158,-94,0
2022-11-14,97900,97900,91400,92000,468394,43092248000,-5.8342,158023,12374,-169792,-59749,-63304,-17295,-32431,0,2987,-1269,664,0
2022-11-15,92200,92300,90000,90700,319210,28952347000,-1.413,66493,27242,-95627,-5681,-52617,-11182,-35609,0,9661,1642,250,-199
2022-11-16,92700,93000,89800,91300,405476,37019958800,0.6615,67906,-19279,-50476,-18636,2903,-9308,-5849,0,-19337,1849,0,-249
2022-11-17,91000,91500,89100,89200,247873,22110271600,-2.3001,57550,-2765,-54805,-6772,-13640,-23646,-8305,0,-2442,-198,218,0
2022-11-18,89500,94200,87900,92200,499249,46030757800,3.3632,-30681,-2790,-8875,-27775,9644,-11039,5445,0,14850,42933,-587,0
2022-11-21,92900,93600,90600,91200,206815,18861528000,-1.0846,39783,-34149,-5153,-20522,2167,9545,2399,0,1258,-474,-7,0
2022-11-22,91600,95000,91600,94900,325567,30896308300,4.057,-69191,22199,43200,-3097,7860,1448,13022,169,23659,4005,-213,139
2022-11-23,95300,95500,92900,93700,208807,19565215900,-1.2645,46625,-6158,-36592,-12699,-8514,-14243,124,0,-1399,-4180,305,139
2022-11-24,94200,94200,92300,92700,175958,16311306600,-1.0672,27140,-3821,-25161,-3290,-11393,-5542,-1753,400,-3380,1653,189,-203
2022-11-25,93000,93100,90500,91700,187527,17196225900,-1.0787,13131,14972,-27038,-8871,6724,-10456,-6673,0,-7762,-1185,120,0
2022-11-28,92300,93600,90900,90900,173696,15788966400,-0.8724,28577,-21600,-6756,7763,-4826,-2423,-371,180,-6977,-370,149,-102
2022-11-29,90700,93600,90700,92000,204948,18855216000,1.2101,-20711,24504,-6442,-20229,3597,5187,1468,0,3534,2674,-25,1
2022-11-30,92600,93400,91200,92500,149017,13784072500,0.5435,386,13812,-13984,-483,277,-3987,-2751,0,-6937,-143,-71,-103
2022-12-01,92700,93200,91200,91500,174757,15990265500,-1.0811,56574,-37202,-19000,650,-130,-19198,6,0,-329,-465,93,1
2022-12-02,91500,92200,90400,91800,134932,12386757600,0.3279,-26827,24450,4246,-2137,-199,10629,-819,0,-3229,-2013,144,1
2022-12-05,92000,92600,90400,90400,164131,14837442400,-1.5251,11420,7641,-19516,-11764,-1988,-2501,-1161,0,-2102,159,296,0
2022-12-06,90400,90800,88500,90300,125685,11349355500,-0.1106,-8128,8906,-829,-7559,399,8144,-794,0,-1019,0,51,0
2022-12-07,90000,91200,89000,89800,115373,10360495400,-0.5537,-13242,6247,7031,8597,-2164,81,186,-503,832,-13,-23,2
2022-12-08,90300,90300,84900,87300,279720,24419556000,-2.784,38679,-50538,10974,-12216,18368,8803,4334,0,-8130,858,27,-185
2022-12-09,87000,88200,83100,84000,379439,31872876000,-3.7801,74586,14686,-48813,4974,-41815,-12060,-880,-383,1350,-40437,-22,1
2022-12-12,84300,86800,83300,86300,218504,18856895200,2.7381,-24288,21875,-980,20600,-4218,-24062,-1190,0,7881,3294,99,9
2022-12-13,86900,90000,86700,88700,166183,14740432100,2.781,-34782,12561,22233,6860,1604,-6779,3901,210,16437,-125,113,0
2022-12-14,89300,90400,88200,89900,98048,8814515200,1.3529,-11542,-8289,19145,12094,4299,2464,1280,0,-992,738,-52,0
2022-12-15,89800,92200,89300,90500,142422,12889191000,0.6674,-30114,14919,14281,4192,11942,-11811,806,80,9071,704,210,1
2022-12-16,89500,91400,87600,87800,151305,13284579000,-2.9834,28207,2914,-32045,-557,-1087,-20786,-3791,-169,-5669,881,43,14
2022-12-19,87800,90000,87100,89200,90971,8114613200,1.5945,-24219,34240,-9024,427,-688,-10951,1631,110,446,-914,-83,1
2022-12-20,89200,92000,88900,90000,208110,18729900000,0.8969,-39690,3149,21253,22647,7321,-13473,-72,173,1141,7766,7522,3516
2022-12-21,90800,91900,89900,90400,113129,10226861600,0.4444,-1331,-2473,4805,15398,7228,-24191,1773,50,4324,-1135,134,223
2022-12-22,91100,91400,89200,91100,135819,12373110900,0.7743,-6098,14042,-5839,4840,-2641,-14069,2566,0,3300,-2400,295,165
2022-12-23,90300,91000,88200,88200,202283,17841360600,-3.1833,-27125,6042,19284,3715,-2127,-895,-5374,0,23965,-888,2687,0
2022-12-26,88400,90400,87300,90200,155704,14044500800,2.2676,-66687,24444,43111,2072,11770,15890,4953,0,8187,-18,-850,239
2022-12-27,90500,93900,89600,93300,363926,33954295800,3.4368,-135199,45256,90527,1294,20945,39400,11067,9,17629,-1511,927,183
2022-12-28,93200,94200,91200,91600,217743,19945258800,-1.8221,82512,-65186,-15793,1967,1982,-22901,7283,66,-4471,-532,-1001,281
2022-12-29,91600,93000,91200,92200,165629,15270993800,0.655,-10843,-15092,19719,2,2471,-9539,29708,82,-3540,6318,-102,535
2023-01-02,93500,93800,87900,88900,238505,21203094500,-3.5792,97325,-48601,-47125,5004,-9932,-41567,2559,-667,-2991,-1807,208,469
2023-01-03,88600,88600,81200,81300,727049,59109083700,-8.5489,299347,-95143,-196901,-75510,-13300,-52789,-32323,-399,-22680,-7974,671,100
2023-01-04,81300,81300,75500,78000,607729,47402862000,-4.059,162636,-157994,-17504,-3298,9023,202,-21704,-494,-1109,13167,-305,-124
2023-01-05,78000,79100,75400,77800,438305,34100129000,-0.2564,55452,-20444,-36110,22495,-23912,-25639,-5522,0,-3533,1145,-43,1
2023-01-06,76800,78900,76100,77500,274108,21243370000,-0.3856,28551,-1619,-28547,15546,-19286,-34042,3857,0,5273,1402,213,105
2023-01-09,77900,80900,77700,80700,305504,24654172800,4.129,-52689,35865,13883,-824,15040,-3776,948,0,2496,2904,37,-1
2023-01-10,80800,81000,78500,79300,271427,21524161100,-1.7348,54579,-52590,-5360,2231,-2181,-3987,-5143,0,3718,2548,823,2
2023-01-11,80000,81800,79800,81300,283317,23033672100,2.5221,-18863,28657,-6107,2581,-11358,-18364,4355,0,16679,-3783,96,0
2023-01-12,82400,83200,80800,81100,289484,23477152400,-0.246,77342,-24418,-57124,-909,-15495,-11162,4024,0,-33582,1122,3078,0
2023-01-13,81600,83900,81300,82500,372742,30751215000,1.7263,20402,2830,-18085,7966,-6056,-28356,1256,0,7105,-5511,364,0
2023-01-16,83000,83000,78500,79900,611868,48888253200,-3.1515,165450,-37138,-127286,-35806,-26683,-31324,-22795,45,-6494,-847,-179,-4229
2023-01-17,80900,82800,79100,79400,422311,33531493400,-0.6258,19262,15146,-36967,-9053,16771,-30570,-3181,0,-10934,2436,123,0
2023-01-18,79500,80000,77300,77800,273493,21277755400,-2.0151,62808,-2255,-57882,3407,-22580,-6746,-6954,0,-25010,-1642,-1029,1
2023-01-19,77200,78300,76500,77600,202003,15675432800,-0.2571,29527,26876,-56801,-8281,-15614,-311,-3613,0,-28983,414,-16,1
2023-01-20,77500,78900,77000,78100,142879,11158849900,0.6443,-9026,-6074,12913,9244,408,-3554,2861,0,3954,2196,-9,0
2023-01-25,79000,79100,77700,78500,148672,11670752000,0.5122,-1338,-15032,15442,17818,-33,2237,-1756,0,-2824,653,275,0
2023-01-26,78800,80500,78700,80300,247109,19842852700,2.293,-56261,41616,10597,-2636,-2740,3045,37,0,12778,4228,-180,113
2023-01-27,80900,81600,80000,80700,184000,14848800000,0.4981,-10253,-14509,22892,28068,-2096,1274,-5711,0,1357,1173,697,0
2023-01-30,81100,82900,79100,79300,339964,26959145200,-1.7348,-5608,12603,-10592,-11464,-4446,-81,1529,121,3750,3832,-235,-1
2023-01-31,79500,80900,78500,80800,165301,13356320800,1.8916,-65940,37520,28700,12615,-57,-1711,-346,0,18199,347,-627,0
2023-02-01,80800,81200,79700,81000,206394,16717914000,0.2475,-32854,-14944,48053,29306,6124,-2667,2287,0,13108,73,-328,-105
2023-02-02,81500,81700,80000,80900,167585,13557626500,-0.1235,15269,-25209,11519,-1869,334,-1192,3933,0,10313,-1524,-55,0
2023-02-03,81000,81800,80200,81100,137657,11163982700,0.2472,-29537,15645,13544,3855,-26,6560,-2693,0,5847,332,16,1
2023-02-06,80800,82800,80000,81300,188190,15299847000,0.2466,-43173,13688,29081,7570,13775,8098,3887,0,-4250,356,48,1
2023-02-07,81300,81800,79700,79900,195431,15614936900,-1.722,72740,-59832,-10671,-827,-3900,5427,-3140,0,-8231,-2135,-102,0
2023-02-08,80300,81700,80000,80300,179109,14382452700,0.5006,-124,-2971,3137,1005,-3853,13088,-2584,0,-4518,66,-108,-1
2023-02-09,80300,81200,79200,79200,263796,20892643200,-1.3699,58788,1709,-59577,-7794,-21203,15825,-7368,0,-39038,-792,-128,1
2023-02-10,79900,80700,77500,79300,331402,26280178600,0.1263,53478,-8066,-45733,-26129,-928,-22803,313,-60,3873,77,244,1
2023-02-13,80000,80600,78200,78600,227950,17916870000,-0.8827,63759,-62568,-1225,2964,15072,-13563,1504,-130,-7072,-117,151,0
2023-02-14,79000,79100,77900,78200,236277,18476861400,-0.5089,39531,8367,-48406,1560,-40324,-18732,-2209,0,11298,1091,-583,1
2023-02-15,78000,78800,74100,74500,519039,38668405500,-4.7315,196597,-64132,-131740,-63116,-20773,-16517,-16041,-115,-15179,-428,-297,1
2023-02-16,75100,75600,73700,74500,262101,19526524500,0.0,62661,11136,-72640,-34936,-27066,1844,-15504,-70,3091,262,-1419,1
2023-02-17,73800,75700,73300,75400,197191,14868201400,1.2081,2105,21105,-22881,3814,-12098,2212,-11656,-750,-4592,-340,11,189
2023-02-20,75500,76200,74200,74700,169679,12675021300,-0.9284,56434,-37451,-19410,-9800,-8283,411,3888,0,-5626,305,122,0
2023-02-21,74700,75900,74600,74700,200137,14950233900,0.0,34400,27235,-62146,-55039,-5987,6027,-3796,0,-3351,334,177,0
2023-02-22,74000,75100,73800,74400,179830,13379352000,-0.4016,-15743,8598,5366,11890,-2620,-4854,-4991,0,5940,1591,188,1
2023-02-23,75000,75500,73900,74900,114432,8570956800,0.672,-2073,-2741,2847,12724,-11669,-82,-1514,0,3388,1896,71,0
2023-02-24,74800,77800,74600,77300,333804,25803049200,3.2043,-113870,84479,28991,-6917,10884,10254,2630,0,12140,242,158,0
2023-02-27,77400,77400,73500,74900,237221,17767852900,-3.1048,73070,-82730,9609,-1018,9710,12098,-1169,0,-10070,-29,80,58
2023-02-28,75000,75500,74500,74700,121085,9045049500,-0.267,6167,-1345,-5054,-10849,2625,745,48,0,2376,210,22,1
2023-03-02,75300,76700,74700,74800,164571,12309910800,0.1339,22605,-6002,-16297,-18124,-119,193,546,0,1207,-619,313,0
2023-03-03,74900,75500,74400,74900,130992,9811300800,0.1337,9871,28198,-38181,-14917,781,-4430,-1614,0,-18180,196,-84,179
2023-03-06,75000,75900,74600,75500,166750,12589625000,0.8011,-10268,6500,3953,-10766,2676,474,-758,0,12326,-49,-136,1
2023-03-07,75600,77400,74400,74400,359196,26724182400,-1.457,73052,-31777,-27912,-33945,9539,-67,-821,0,-2867,747,-14110,249
2023-03-08,74600,74600,72500,73000,265305,19367265000,-1.8817,78512,-46306,-30094,-10556,3584,3515,-4287,0,-22943,-2129,17,593
2023-03-09,73200,73700,72300,72700,173295,12598546500,-0.411,14845,-23274,8430,6651,-2090,-39,-6082,-557,11006,-58,57,-459
2023-03-10,71900,72200,70000,70200,227596,15977239200,-3.4388,42630,-3329,-31448,-10842,-3803,-1407,-5293,0,-10553,-8063,210,450
2023-03-13,69300,71400,68400,71300,155804,11108825200,1.567,-49730,30836,17573,-566,7154,687,58,0,9939,1460,-139,301
2023-03-14,70700,71200,68000,68100,193111,13150859100,-4.4881,38571,-5578,-31529,-4971,-23412,-3030,-364,0,-219,-1445,-19,467
2023-03-15,69200,71300,68600,70300,177083,12448934900,3.2305,-54791,25657,31756,18168,5281,-8710,5244,0,11658,-2485,-137,115
2023-03-16,69400,70100,68000,68400,144928,9913075200,-2.7027,38486,-6598,-30266,-3439,-1348,-21066,-5009,0,595,-1715,93,1
2023-03-17,69000,70500,68600,69200,182633,12638203600,1.1696,-6962,49644,-44488,-41151,-5582,300,-1114,0,3059,1666,140,0
2023-03-20,68700,70800,68300,69900,132111,9234558900,1.0116,-28244,-6894,36537,15783,6635,3766,-85,0,10437,-1370,-29,1
2023-03-21,70900,71300,69600,69900,100242,7006915800,0.0,11986,11845,-23843,-15630,-274,-41,-1556,0,-6342,122,-110,0
2023-03-22,70300,70600,67200,67800,330561,22412035800,-3.0043,85879,-2319,-86111,-44636,-16647,-6614,-7118,0,-10875,2663,-112,-221
2023-03-23,67800,68400,67400,67700,126466,8561748200,-0.1475,-11421,16957,-7541,1114,-2831,-4938,-2705,0,1819,2004,1,0
2023-03-24,67700,68400,67100,68100,96907,6599366700,0.5908,-15680,20357,-4981,-16929,6593,8764,119,0,-3529,249,55,1
2023-03-27,68500,69500,67700,68500,153766,10532971000,0.5874,-983,16761,-16676,-17020,733,839,-21,0,-1207,896,2,0
2023-03-28,68500,71400,68500,71300,278859,19882646700,4.0876,-44229,22111,22511,7456,17159,-4719,2531,-38,62,-535,142,60
2023-03-29,71300,71800,70000,70500,106521,7509730500,-1.122,3377,-13919,11251,2355,6151,-4880,3609,0,3968,-649,-60,48
2023-03-30,70700,71700,69800,71000,132838,9431498000,0.7092,-24566,15861,7215,706,-4346,1201,5655,0,3999,620,870,0
2023-03-31,71500,73500,71200,72400,230062,16656488800,1.9718,-11773,-42039,44895,11256,7182,13161,11309,0,2787,8977,-60,-800
2023-04-03,72600,73700,72200,73000,168639,12310647000,0.8287,-7420,4434,3189,6100,-770,366,2211,0,-4718,-312,109,0
2023-04-04,73600,74400,72400,73800,201872,14898153600,1.0959,-30783,-12878,41510,9889,4764,20768,3924,0,2325,2047,104,-160
2023-04-05,74500,76100,73900,74900,260013,19474973700,1.4905,-14791,-21955,37580,8000,17871,8880,522,0,2307,-907,73,0
2023-04-06,75000,75000,73000,73100,156632,11449799200,-2.4032,39482,-31952,-8003,2012,-3042,687,200,0,-7860,372,101,0
2023-04-07,73300,73400,71700,72100,152258,10977801800,-1.368,16971,-3283,-5189,-89,-11306,516,-1456,0,7146,-7732,-767,0
2023-04-10,72100,72900,71200,72600,109697,7964002200,0.6935,-19825,16877,3007,-94,1543,1319,1432,0,-754,110,-169,-439
2023-04-11,73100,74100,71600,72500,141966,10292535000,-0.1377,2556,-3651,3363,4646,1338,4,-6434,0,4156,-2328,60,-347
2023-04-12,72500,73300,71800,73000,126149,9208877000,0.6897,-19074,26582,-7328,4800,-5217,353,-1342,0,-5922,10,-190,0
2023-04-13,72800,73700,72100,73400,123068,9033191200,0.5479,-15724,7967,-868,4877,-2602,2360,425,0,-5928,8800,-175,0
2023-04-14,73600,74200,72800,73800,156040,11515752000,0.545,-37702,-7812,39524,3148,7724,14493,3298,0,11057,5970,20,-196
2023-04-17,73900,77000,73800,76900,432912,33290932800,4.2005,-136534,59504,73709,4616,22778,18732,8374,0,19209,3785,-464,0
2023-04-18,77200,78900,76500,77700,411654,31985515800,1.0403,-39101,-4406,39376,12948,28596,-7321,10046,0,-4893,3977,154,0
2023-04-19,78000,79400,77200,78200,246742,19295224400,0.6435,-23366,-19397,42486,22737,9682,4610,1662,0,3455,531,-254,340
2023-04-20,78400,82500,78300,80200,669547,53697669400,2.5575,-72710,-21909,93582,33008,31683,-16524,24371,154,20890,1286,-249,0
2023-04-21,81300,81300,77400,80500,377361,30377560500,0.3741,26175,-93108,43092,24666,1407,2288,11865,0,2754,24054,-213,112
2023-04-24,81200,85900,80800,84100,795681,66916772100,4.472,-76456,-90798,166201,30956,38760,44404,17979,159,33943,1164,-111,0
2023-04-25,85800,88600,84700,87000,767752,66794424000,3.4483,-12469,-98596,107718,9207,28029,23757,10741,270,35472,-307,3654,242
2023-04-26,87300,87500,81400,83900,570882,47896999800,-3.5632,-16756,-5051,23407,2859,-5857,1557,3962,85,22036,-2351,751,-1235
2023-04-27,83900,89000,81600,87100,630628,54927698800,3.8141,-118117,-35075,153754,39342,39134,79431,11577,0,-16390,1282,-1844,660
2023-04-28,86500,86500,77400,78300,834568,65346674400,-10.1033,217024,-79584,-144229,-4437,-4508,-87398,5310,67,-53635,-3533,10322,372
2023-05-02,78000,81200,77600,80700,259630,20952141000,3.0651,-79030,80212,-1223,14779,5357,-4756,845,0,-17448,520,-479,0
2023-05-03,80100,83200,80000,81700,238490,19484633000,1.2392,-90736,28715,63675,24134,8826,31270,4099,0,-4696,-2152,498,42
2023-05-04,82300,83300,80900,81600,167571,13673793600,-0.1224,-26944,-4749,32828,1149,6371,31215,-1698,0,-4209,-1342,207,0
2023-05-08,81900,83400,80300,80500,171550,13809775000,-1.348,-4056,7921,-7253,8816,83,-16629,675,0,-198,3750,-362,0
2023-05-09,80500,80900,77600,78000,250753,19558734000,-3.1056,5467,58861,-55192,-30322,-12830,-1159,-39,21,-10863,-9233,97,0
2023-05-10,78500,79300,77100,77500,140323,10875032500,-0.641,-20040,29152,-8525,3876,-1939,-11201,551,0,188,-53,-534,0
2023-05-11,77500,80200,77500,79400,193653,15376048200,2.4516,-54685,-4280,58542,8011,33542,13673,3902,49,-977,495,-72,342
2023-05-12,79400,79800,77500,78300,94418,7392929400,-1.3854,2852,-17173,14821,20186,-612,266,1857,0,-6877,-210,-290,1
2023-05-15,77500,78700,77200,78000,65484,5107752000,-0.3831,-3112,-3167,6318,2374,-1647,-4331,5635,0,4287,-147,108,0
2023-05-16,78000,78500,77300,78000,63244,4933032000,0.0,-1093,5835,-5476,175,-88,-1384,-4006,0,-173,502,232,0
2023-05-17,77400,78500,76800,77500,119564,9266210000,-0.641,-17994,-8219,25653,21113,1637,-114,8279,0,-5262,434,126,0
2023-05-18,77900,79200,77800,78900,116678,9205894200,1.8065,-40595,28468,8872,5974,-42,-338,2584,0,694,3035,220,0
2023-05-19,79000,79100,77600,78800,110497,8707163600,-0.1267,7165,-6410,1656,-1362,-2056,1462,-2891,0,6619,-2937,526,-116
2023-05-22,79200,81000,79200,80700,111603,9006362100,2.4112,-42476,29041,13154,90,1342,1452,665,39,9565,321,-40,1
2023-05-23,81100,81100,79200,79900,81336,6498746400,-0.9913,10436,-14187,4621,-1018,5908,3316,-3137,984,-1432,-252,-618,0
2023-05-24,80000,80900,79000,80300,94882,7619024600,0.5006,-31966,19077,13943,401,12050,1505,-3849,42,3794,-118,-936,0
2023-05-25,79700,79800,77800,79000,134337,10612623000,-1.6189,20949,11924,-33323,-13651,-6823,2125,-12826,0,-2148,-453,903,0
2023-05-26,79200,79200,77100,77600,108618,8428756800,-1.7722,19176,-8058,-11781,-7650,-1035,598,-3695,0,1,48,615,0
2023-05-30,77800,78400,75900,77100,158224,12199070400,-0.6443,172,43355,-40615,-1112,-45874,-1283,-888,110,6450,-1880,-1032,1982
2023-05-31,78100,79200,77600,79200,154610,12245112000,2.7237,-51825,41655,9140,-679,12902,205,817,124,-4685,931,99,456
2023-06-01,79200,79800,77800,78400,85985,6741224000,-1.0101,21044,-22152,-1374,1627,4968,286,-588,41,-7725,2062,420,17
2023-06-02,78500,80700,78200,80200,121534,9747026800,2.2959,-54124,46058,8860,730,2112,63,-153,353,5755,-779,-15,0
2023-06-05,80800,80900,79600,79900,73798,5896460200,-0.3741,7211,-8503,1398,-213,-964,176,2302,79,18,-26,-80,0
2023-06-07,80400,80800,79900,80400,66383,5337193200,0.6258,-15848,8900,7313,102,-31,331,2081,0,4883,-90,-275,-53
2023-06-08,80400,80700,79700,80300,72510,5822553000,-0.1244,-11164,8095,3095,2399,532,2371,3883,40,-6131,109,-135,1
2023-06-09,80800,82400,80000,82000,151193,12397826000,2.1171,-76051,21677,57727,14147,14465,7252,13316,0,8546,69,-3422,1
2023-06-12,82700,84500,82200,82500,154094,12712755000,0.6098,-14846,-7952,23274,919,3679,430,8103,0,10143,302,-778,0
2023-06-13,82600,82700,79900,81400,148098,12055177200,-1.3333,4073,-12729,6657,-2713,-1516,-1450,4404,341,7591,1033,966,0
2023-06-14,81600,82200,80500,81400,89565,7290591000,0.0,-6837,4777,2184,6846,-5214,63,2755,0,-2266,-141,17,0
2023-06-15,81400,82000,80300,81300,95188,7738784400,-0.1229,-6734,11807,-5616,-10546,116,292,3524,0,998,-56,599,0
2023-06-16,81700,83600,81700,83500,164049,13698091500,2.706,-89952,51125,41954,10759,13414,5403,5912,158,4309,-2628,-499,1999
2023-06-19,84000,87500,83400,86800,441695,38339126000,3.9521,-78416,35571,51404,11985,10967,8702,19709,0,41,-8382,-177,0
2023-06-20,87400,87500,84300,84600,229619,19425767400,-2.5346,47759,-14713,-34092,-1002,-16343,-5140,-14864,-567,3972,746,300,-148
2023-06-21,84900,84900,81900,82200,171453,14093436600,-2.8369,4114,30954,-35852,-13235,-1963,-11533,-2723,-112,-6133,277,507,-153
2023-06-22,82000,83000,81300,82300,94100,7744430000,0.1217,5334,-165,-4548,8470,-6576,-2137,2920,-75,-7151,-543,-78,1
2023-06-23,82000,82900,80000,80600,107168,8637740800,-2.0656,17311,1249,-19151,-1736,-9931,-1345,4618,-100,-10657,15,576,0
2023-06-26,80800,81900,80100,81500,114767,9353510500,1.1166,-4209,-7174,10800,3939,5532,320,11580,-89,-10661,264,319,179
2023-06-27,81500,82500,79900,80200,84390,6768078000,-1.5951,9108,509,-9113,125,173,-5289,-970,-109,-3043,-496,-8,0
2023-06-28,80700,80800,79300,79600,68522,5454351200,-0.7481,289,-9688,9702,1927,6207,-5448,2680,-36,4371,-431,128,1
2023-06-29,79600,82400,79100,80600,112302,9051541200,1.2563,-24021,86,23048,12614,4585,5223,3004,0,-2378,768,119,0
2023-06-30,80800,82000,80400,81100,76927,6238779700,0.6203,6131,-8384,2304,832,5183,-5127,421,0,995,-98,47,0
2023-07-03,81200,81900,80000,81200,69864,5672956800,0.1233,-9012,-2948,11821,-5492,6614,-2815,1005,0,12373,98,41,136
2023-07-04,81300,83800,80500,83500,153387,12807814500,2.8325,-39354,17065,21720,-3532,8617,4396,14518,0,-2355,690,-121,76
2023-07-05,83600,87000,83100,86700,369445,32030881500,3.8323,-147322,61147,89137,7366,4626,52839,25301,0,14290,-3731,769,-15285
2023-07-06,86700,87500,85400,86000,178779,15374994000,-0.8074,-32169,-14301,48693,5554,19464,16669,14648,1931,-9573,-1825,-398,0
2023-07-07,86000,86500,84600,85400,95729,8175256600,-0.6977,-7562,1746,5427,2020,7013,-3603,5733,-105,-5408,441,-52,-223
2023-07-10,85400,87200,84100,85700,123464,10580864800,0.3513,-18913,-4944,24067,-4330,10571,3143,14033,3082,-2403,-111,-99,-29
2023-07-11,86700,89500,85100,89500,268131,23997724500,4.4341,-92098,40301,53592,4544,12726,6978,14942,908,13495,1350,-3145,-1
2023-07-12,89300,89900,87600,88500,173015,15311827500,-1.1173,24405,-38523,11465,1972,3119,463,-162,0,6072,-152,2805,1
2023-07-13,89400,89400,86900,87100,167323,14573833300,-1.5819,16490,7587,-24515,-13527,475,-29817,3492,7299,7173,-173,611,390
2023-07-14,87900,87900,85500,86600,121888,10555500800,-0.5741,-20442,5020,19625,-4173,7489,509,-590,-512,16886,-4386,183,16
2023-07-17,85700,85900,80100,80600,393148,31687728800,-6.9284,171275,-91652,-83624,-9301,-20301,-41008,5294,480,-19494,3009,992,706
2023-07-18,80600,81000,79500,80000,159644,12771520000,-0.7444,29797,-11252,-18629,-2795,-10065,-9279,-271,95,3685,11,73,1
2023-07-19,80400,81200,79100,80000,114367,9149360000,0.0,4122,-5491,-3887,-1763,-573,-977,-46,0,-528,5184,72,0
2023-07-20,79600,81500,79300,80700,105292,8497064400,0.875,-12922,-3345,19875,17542,-623,4535,-132,0,-1447,-3501,-107,0
2023-07-21,80700,80700,79400,80000,62914,5033120000,-0.8674,16135,-7239,-7724,-1454,-591,-526,252,0,-5405,135,-1307,0
2023-07-24,80200,80200,78200,78500,178249,13992546500,-1.875,23945,26263,-51160,-8864,-8720,-19306,-12745,0,-1525,976,-24,0
2023-07-25,77300,80100,77300,79500,95521,7593919500,1.2739,-1277,14010,-12328,-9517,-458,569,-3110,161,822,-484,79,-795
2023-07-26,79800,80400,75600,76600,169068,12950608800,-3.6478,14429,-17239,3907,-4064,3310,-350,-560,161,5409,-1271,174,1
2023-07-27,77400,79800,75300,75300,194977,14681768100,-1.6971,43460,-47997,4932,-5870,9264,-1574,1748,0,1364,-136,-259,0
2023-07-28,75300,75800,72200,72600,295655,21464553000,-3.5857,101691,3755,-108377,-23753,-47590,-8624,-29744,161,1836,3013,-82,-663
2023-07-31,73200,77000,73100,76700,194980,14954966000,5.6474,-63505,22246,42759,-1749,11963,12299,13014,600,3861,-1739,239,2771
2023-08-01,76100,77800,75600,77000,129342,9959334000,0.3911,6679,-23786,8811,25719,-7210,-18108,852,0,7558,8293,3,0
2023-08-02,76800,78700,76100,76500,127105,9723532500,-0.6494,-8812,12632,-359,73,1325,3334,1852,0,-7081,-3542,81,138
2023-08-03,76100,77500,75100,75300,99056,7458916800,-1.5686,14535,8969,-23502,-1920,-10810,-1484,-237,-2,-9049,-2,0,0
2023-08-04,75200,77500,75200,76000,108588,8252688000,0.9296,-2422,9360,-9008,-16965,7567,5153,-1957,-412,-4464,1966,104,2070
2023-08-07,76000,77800,75700,77300,92798,7173285400,1.7105,-24749,6386,16771,4844,3959,7342,2825,0,-2198,984,608,-1
2023-08-08,77200,78000,76100,77500,91539,7094272500,0.2587,-8152,-2990,11103,8078,-2341,1530,4382,0,-546,32,7,0
2023-08-09,77500,77600,76400,77200,51578,3981821600,-0.3871,-2652,4631,-1672,1674,210,-154,-1336,0,-2066,-311,4,0
2023-08-10,77200,77400,74600,74800,123405,9230694000,-3.1088,33333,2930,-37767,-8147,-20349,-1402,-72,0,-7715,1494,10,-82
2023-08-11,74900,78200,74800,78100,127269,9939708900,4.4118,-60959,48739,13401,7281,292,2592,2095,0,1142,-1162,-19,-1
2023-08-14,78800,78800,76100,76500,64017,4897300500,-2.0487,10298,-7446,-3253,4940,-1331,85,-445,-72,-6430,382,19,0
2023-08-16,76400,77000,74000,74200,127894,9489734800,-3.0065,10754,21331,-25905,-9154,-7327,-4588,-1411,-338,-3087,-6056,-124,0
2023-08-17,74000,75400,72500,75100,84943,6379219300,1.2129,-12491,26633,-14291,-11080,371,-647,3273,0,-6554,194,-45,346
2023-08-18,74200,75200,73700,75100,68159,5118740900,0.0,-1919,6972,-4373,2467,5747,-6420,748,0,-6915,-688,8,0
2023-08-21,74600,78300,74500,77400,124962,9672058800,3.0626,-32325,23497,13124,6107,-2655,1117,1272,0,7285,-4260,-36,-2
2023-08-22,76900,78200,74400,77600,109743,8516056800,0.2584,-15959,-12685,26371,6796,17822,2363,1926,0,-2536,2221,52,0
2023-08-23,76700,79300,76600,78400,109755,8604792000,1.0309,-36159,19372,20856,10471,10010,5624,1307,0,-6556,-4090,21,0
2023-08-24,78900,79400,77800,78700,64262,5057419400,0.3827,428,-15625,14695,52,3314,615,10647,0,67,-14,516,0
2023-08-25,78000,79200,77500,78700,66058,5198764600,0.0,-8702,-14393,23322,7614,1097,-72,9213,0,5470,-151,-76,0
2023-08-28,79400,80000,78000,79500,103788,8251146000,1.0165,-30260,1064,29211,2635,2364,0,22892,0,1320,18,-33,0
2023-08-29,80000,83800,79200,83200,213173,17735993600,4.6541,-92586,62422,31852,-988,13023,5961,14759,-322,-581,-1464,-224,0
2023-08-30,83400,83600,82100,83000,109215,9064845000,-0.2404,-14364,-12443,26666,1935,-1678,876,18265,0,7268,37,104,0
2023-08-31,83000,85500,83000,84800,167642,14216041600,2.1687,-49000,9451,44199,2794,9795,3772,22069,-252,6039,-4625,-25,-18
2023-09-01,85200,85800,83900,83900,87979,7381438100,-1.0613,-4420,6311,2057,-4128,12716,-536,297,-389,-3903,-3916,-32,-2000
2023-09-04,83600,85300,83100,83500,78430,6548905000,-0.4768,-8546,20236,-11202,-10738,-4550,84,-4695,0,8697,-193,-295,0
2023-09-05,83100,84100,82500,82900,63852,5293330800,-0.7186,-10212,16570,-5540,-6989,1390,-2006,836,0,1229,-811,-7,0
2023-09-06,83000,88600,82900,86200,289423,24948262600,3.9807,-95510,73510,27183,-10897,15654,6655,15412,-1023,2080,-4353,-830,-698
2023-09-07,86400,86600,82600,83100,153615,12765406500,-3.5963,17362,-37535,17708,464,14560,1393,17,0,1273,2451,14,1
2023-09-08,83900,88400,83900,84800,177638,15063702400,2.0457,-22831,13112,9854,-8772,9932,2756,-26,0,5965,-67,-68,-1
2023-09-11,84800,87000,84700,85100,133133,11329618300,0.3538,628,21174,-20880,-5504,-8673,-4948,-1146,-2,-439,-360,-562,-168
2023-09-12,85500,86300,83700,84100,126571,10644621100,-1.1751,2800,10442,-12466,-8210,-359,1803,1218,0,-6919,-804,28,1
2023-09-13,82900,85200,82500,84100,84020,7066082000,0.0,-3287,-8364,11630,-469,-1450,13347,6194,0,-5992,40,-19,0
2023-09-14,84100,85000,83500,84100,57778,4859129800,0.0,2028,-9893,7880,1466,-753,1356,-1619,1169,6261,8,-23,0
2023-09-15,84900,86700,84200,84400,97838,8257527200,0.3567,-181,-9354,3086,-512,-3453,-295,-206,0,7852,6111,338,-300
2023-09-18,84400,85900,83500,84600,63080,5336568000,0.237,-8486,11681,-2176,-11155,3211,-1397,9339,508,-2647,-541,-478,-35
2023-09-19,84600,86400,83200,85300,87803,7489595900,0.8274,-1302,7503,-5122,-7166,1907,-867,2182,712,-1890,-1033,-46,0
2023-09-20,85300,87500,84700,86000,128684,11066824000,0.8206,-1669,-5272,6780,-8884,7973,-604,-480,0,8966,160,1,-191
2023-09-21,85500,87600,85200,85600,142712,12216147200,-0.4651,1504,-17854,11410,9878,10020,-7477,703,-516,-750,4949,-9,-448
2023-09-22,84700,85500,83500,84600,110408,9340516800,-1.1682,19194,23740,-42893,-51755,-525,863,2196,0,6328,-8,-33,0
2023-09-25,84600,87200,83800,84300,112821,9510810300,-0.3546,-581,-5104,4405,8199,-1358,-1297,3383,0,-4521,1280,0,-1
2023-09-26,84000,85800,83700,83800,85931,7201017800,-0.5931,6347,-2646,-712,8018,10027,1295,-7307,-7671,-5074,-2979,-10,0
2023-09-27,83200,88200,82500,87900,167189,14695913100,4.8926,-64748,20515,44148,8564,23466,3165,16642,-1525,-6088,153,-68,-76
2023-10-04,87400,87600,85100,85300,104755,8935601500,-2.9579,18620,-13894,-3820,8423,-1968,-1492,2170,0,-10953,-885,-21,0
2023-10-05,85500,86800,84800,84900,71870,6101763000,-0.4689,-8655,-12122,20768,4424,1162,1276,3054,1073,9779,-10,19,0
2023-10-06,84900,87000,84700,86200,81596,7033575200,1.5312,-7122,-564,12517,-439,5265,4515,659,0,2517,-4800,-31,0
2023-10-10,93900,96600,89000,91700,983331,90171452700,6.3805,-65374,77158,-18727,-51861,-6157,40581,-1786,-375,-55,6754,189,926
2023-10-11,90000,91700,87200,91100,362327,33007989700,-0.6543,31713,-86566,56784,1957,17595,26483,-3843,1980,12202,-2477,546,410
2023-10-12,91100,91900,87700,88000,311340,27397920000,-3.4029,44504,-33791,-9576,-8789,-4816,-227,-9425,292,13591,-1111,-26,-202
2023-10-13,87200,90000,86500,89500,194421,17400679500,1.7045,-12571,-10073,19173,-1037,11844,1814,-616,0,7847,2326,1145,-679
2023-10-16,90300,92100,86000,86200,332169,28632967800,-3.6872,35014,-15461,-17714,8813,-11084,-13724,-2518,534,114,-1936,97,151
2023-10-17,86200,87100,83100,83400,254071,21189521400,-3.2483,32873,23335,-57101,-1175,-24734,-9313,-6608,874,-16411,867,26,266
2023-10-18,84600,88300,83800,85600,309263,26472912800,2.6379,-15730,34819,-18975,1784,-7011,-3898,1024,103,-11143,-82,-32,166
2023-10-19,85100,85700,82000,85200,175501,14952685200,-0.4673,12131,-3319,-9167,1855,4454,-3043,836,105,-13481,328,27,107
2023-10-20,85300,88600,85300,88000,306975,27013800000,3.2864,15497,-35552,18333,-1679,3073,-273,6271,64,6912,1559,163,3965
2023-10-23,87700,92700,85600,91500,458340,41938110000,3.9773,-62941,-26757,90892,14572,37817,21235,16893,40,1373,-1167,-27,-1038
2023-10-24,92900,93200,85800,87800,423047,37143526600,-4.0437,87511,-61834,-24302,15002,3399,-15451,-15021,353,-12585,-1728,353,1
2023-10-25,88600,91900,87700,89400,319232,28539340800,1.8223,-22562,15692,8000,10427,-9035,6156,5471,0,-5019,-291,-839,0
2023-10-26,88000,90800,87400,88000,194490,17115120000,-1.566,-11639,7782,4276,-3385,-3149,-5269,4995,0,11084,-383,-36,0
2023-10-27,86500,86500,83400,85800,269885,23156133000,-2.5,-2747,-5687,12154,-2015,3601,-9037,13995,161,5024,-3732,12,425
2023-10-30,87100,90800,86500,90300,221848,20032874400,5.2448,-91123,52367,42431,9180,13115,2434,7138,61,10271,-1442,-2233,232
2023-10-31,91200,91600,86600,87100,172523,15026753300,-3.5437,30043,-33696,3030,3123,-4892,417,1377,0,2620,-577,1200,385
2023-11-01,87300,90300,87300,88400,149026,13173898400,1.4925,-12284,-17118,29311,2639,9462,39,2449,175,14399,47,44,148
2023-11-02,88900,90700,87900,88500,179588,15893538000,0.1131,8082,-10323,1920,4183,-7314,-2772,733,0,7090,0,321,0
2023-11-03,88600,91300,88600,90700,169852,15405576400,2.4859,-61288,41304,22457,5822,8115,3393,2518,0,2435,-142,-2331,174
2023-11-06,91500,91600,89000,90700,220685,20016129500,0.0,3991,12157,-16278,91,-5661,-4108,-10027,892,8461,-214,344,-5926
2023-11-07,90300,91200,89600,90800,158020,14348216000,0.1103,-14117,-497,15080,-13913,2345,3169,31163,252,-6886,-382,-84,-1050
2023-11-08,91200,91700,89700,90500,137365,12431532500,-0.3304,-18632,-18469,40817,2498,16187,16731,4245,3,1152,4,-3720,1
2023-11-09,91100,94500,90700,93400,272888,25487739200,3.2044,-23424,13714,12256,-2532,5943,25725,-7942,-338,-8599,-513,-2033,-1
2023-11-10,92900,99000,92800,98800,380489,37592313200,5.7816,-100324,34547,65544,8820,14058,34497,-4059,395,11232,2783,-2550,601
2023-11-13,98200,99500,96700,97000,191772,18601884000,-1.8219,-34593,18971,15512,-6778,-5429,20343,-3857,0,11233,200,-90,0
2023-11-14,97200,99000,96400,97700,124909,12203609300,0.7216,-12897,20114,-6825,-7115,1956,4393,-9651,0,3591,75,-467,1
2023-11-15,97800,98300,94600,96200,187874,18073478800,-1.5353,417,20043,-23206,-7368,-31592,16989,-9713,553,7925,470,2276,0
2023-11-16,96100,96100,92500,93500,193991,18138158500,-2.8067,6812,10927,-22420,-11057,-17587,18199,-14186,0,2210,1237,3444,1
2023-11-17,93300,95100,93000,93600,82026,7677633600,0.107,176,4812,-8789,-650,-6330,-1188,-378,0,40,3970,-169,-283
2023-11-20,93500,93700,92100,93000,56826,5284818000,-0.641,674,-5794,5008,-1414,2442,621,3070,0,455,101,11,-166
2023-11-21,93500,93900,91700,92200,85516,7884575200,-0.8602,17400,-9086,-9206,-1992,-1312,-2246,-2762,0,-895,643,249,1
2023-11-22,92400,96200,92300,93800,158333,14851635400,1.7354,-3279,4807,-2148,-5926,5243,1038,-6401,-163,4333,965,-345,-272
2023-11-23,94400,95600,92500,93500,97061,9075203500,-0.3198,15073,-13229,-3439,-5164,-2287,-612,6998,0,-2284,454,1141,-90
2023-11-24,93000,93700,91000,91500,161441,14771851500,-2.139,32969,-530,-34429,1877,-23734,5751,-15604,-288,-2221,1662,328,-210
2023-11-27,91500,92300,90000,91900,99795,9171160500,0.4372,-29615,9802,18851,4498,6211,9322,-4073,0,2893,1585,-623,0
2023-11-28,92400,95100,91500,95000,143883,13668885000,3.3732,-38949,7489,30838,-90,13544,13253,-120,0,4252,2149,-1527,-1
2023-11-29,94800,97300,93600,95400,172109,16419198600,0.4211,6633,-26887,22571,12385,2596,4117,1508,0,2040,-125,-2192,-75
2023-11-30,96000,98500,95300,97500,169984,16573440000,2.2013,-28613,499,31740,15941,3108,-5863,5172,0,12975,-2818,-808,407
2023-12-01,98000,102300,97500,100100,291735,29202673500,2.6667,-60853,48137,10370,-889,14905,474,650,-219,-4643,3887,-1541,92
2023-12-04,99900,101800,97600,100100,176633,17680963300,0.0,-23894,5896,13382,10909,3109,12649,-4987,0,-8220,5258,-642,-78
2023-12-05,99900,102300,97600,98000,149091,14610918000,-2.0979,-3077,15339,-12113,5057,-6835,-11,-5919,0,-4855,-292,143,450
2023-12-06,98600,100600,96000,97300,158349,15407357700,-0.7143,16765,1571,-19793,5403,-3562,3786,-19260,0,-6160,1370,87,0
2023-12-07,97600,100700,96700,98300,174331,17136737300,1.0277,-23135,39766,-15704,2833,8786,-6607,-14738,0,-5978,-392,-535,0
2023-12-08,98500,99400,97300,98600,146428,14437800800,0.3052,11039,-9299,-1630,9416,2898,-1679,-11210,-128,-927,-112,2,0
2023-12-11,118000,128100,110400,128100,5475435,701403223500,29.9189,470013,-231523,-244655,-165330,-93037,192683,-157387,-2750,-16328,-15258,21423,-2506
2023-12-12,126000,138000,124600,133600,4027572,538083619200,4.2935,-36393,-37101,72623,-34844,19387,95246,-16989,-563,11042,8187,-7316,-656
2023-12-13,131800,137300,126000,127500,1432293,182617357500,-4.5659,-74532,56113,22386,-30640,-1568,46152,-19294,-63,27854,-3480,-487,-55
2023-12-14,129700,131100,121100,127000,1113561,141422247000,-0.3922,-96223,61313,41109,14768,-21651,34933,-23530,252,38173,-11360,5161,-1836
2023-12-15,126600,135600,126600,130100,1144691,148924299100,2.4409,-24050,25764,13610,14319,-16675,775,-8049,-201,23308,-519,-14805,133
2023-12-18,133000,141500,130900,138100,1740230,240325763000,6.1491,4639,-80968,77827,28831,2924,34503,2466,-322,9446,-1871,373,-21
2023-12-19,140000,144400,135700,138000,1111680,153411840000,-0.0724,27894,-27447,511,27106,13114,-63172,9357,-322,14468,-826,-132,-40
2023-12-20,138100,140900,134300,137500,631833,86877037500,-0.3623,-33698,-2339,37072,21895,9137,1268,1761,0,3049,-655,-380,-38
2023-12-21,136400,140700,134300,138500,510154,70656329000,0.7273,44320,-33746,-12839,13887,-33604,11033,-1746,0,-2394,2020,245,-15
2023-12-22,138200,146700,135500,135700,1148691,155877368700,-2.0217,11909,-9837,-13395,17204,2549,-37708,7251,4201,-6882,12228,-905,-10
2023-12-26,135300,135700,129300,130600,455290,59460874000,-3.7583,-43875,68751,-20114,761,-3801,-8519,-8048,256,404,-6015,1253,-1167
2023-12-27,131500,133900,127200,130300,487126,63472517800,-0.2297,-8457,89930,-71963,-11215,-26383,-14200,-6380,377,-13551,-7326,-2184,-611
2023-12-28,129500,131600,128800,130500,253060,33024330000,0.1535,2041,20447,-15699,414,-7558,-3740,-5270,0,277,-7014,225,178
2024-01-02,131700,132000,127900,128300,267529,34323970700,-1.6858,36619,6769,-44994,87,-20863,-12997,-9596,0,-1608,1769,-163,-17
2024-01-03,128400,131400,126500,130500,347854,45394947000,1.7147,-578,-5608,3739,11893,7525,2193,-1096,0,-19016,1823,624,2240
2024-01-04,130600,135500,126000,126100,564684,71206652400,-3.3716,65458,-51858,-18040,7258,-4432,2935,78,256,-25135,3928,512,1000
2024-01-05,126800,129600,120500,123200,508621,62662107200,-2.2998,27713,20530,-36592,5461,-32192,494,1549,571,-12476,-11817,166,1
2024-01-08,123300,124500,120400,120500,277309,33415734500,-2.1916,-9920,59934,-48416,361,-12963,-28015,39,0,-7824,-1646,48,-14
2024-01-09,120600,121500,115000,119800,266216,31892676800,-0.5809,-17375,30762,-15248,-1809,-5472,-314,2641,915,-11376,2234,-373,167
2024-01-10,119900,124400,118800,123800,327498,40544252400,3.3389,8144,-58973,46536,4544,25839,25599,1246,191,-13493,4321,-28,2610
2024-01-11,123400,126400,121800,124500,332269,41367490500,0.5654,-21405,-38995,53356,12947,16332,26009,11892,4066,-18160,7027,17,270
2024-01-12,124100,129500,124100,126100,423838,53445971800,1.2851,-1739,-36106,34502,14550,6889,6107,1412,490,5054,3421,-78,0
2024-01-15,128000,128900,120500,122600,269188,33002448800,-2.7756,37588,-42586,6835,180,2035,1154,-2612,5883,365,-2036,199,-170
2024-01-16,121400,122700,119900,120600,154156,18591213600,-1.6313,-5658,10410,-4659,-202,-58,-6649,121,0,2129,131,-224,0
2024-01-17,120100,121300,116700,120500,235620,28392210000,-0.0829,-18434,3761,16356,7431,2211,6105,5457,55,-6275,-1445,-238,1372
2024-01-18,121200,124400,120000,121300,232632,28218261600,0.6639,-18870,2986,14441,6587,4081,-1316,3335,383,1351,1298,145,20
2024-01-19,121500,122400,119500,121400,180426,21903716400,0.0824,2788,1589,-6738,-3596,-150,-552,850,0,-3290,2309,52,0
2024-01-22,122400,124900,119200,123900,183486,22733915400,2.0593,-17517,2841,11566,149,8936,3500,895,0,-1914,2861,249,0
2024-01-23,123800,123900,120300,122600,177700,21786020000,-1.0492,-12497,10589,2745,187,-789,2864,-163,0,2369,-764,-73,-1723
2024-01-24,123400,125800,118900,119000,223838,26636722000,-2.9364,31309,-3789,-26710,-524,-19918,-3380,-39,0,-2817,-879,69,-32
2024-01-25,117000,121300,115700,116300,234155,27232226500,-2.2689,-12829,22221,-6875,-15770,-10328,6618,246,0,12359,-2857,340,0
2024-01-26,116000,117000,112500,113000,262768,29692784000,-2.8375,52316,20120,-66947,-3836,-11917,-31123,-297,522,-20373,-5542,53,77
2024-01-29,113200,114300,107600,108500,325019,35264561500,-3.9823,5308,92579,-98565,-3204,-24034,-43464,-88,722,-28497,595,83,0
2024-01-30,108400,109100,104000,105600,312101,32957865600,-2.6728,24737,61295,-79987,-1445,-25242,-34928,-9850,-10639,2132,-6142,97,-15
2024-01-31,104900,108300,104200,105100,247494,26011619400,-0.4735,7443,21136,-29865,12376,-891,-30175,10249,-28,-21794,946,340,398
2024-02-01,104500,107900,104300,105400,183940,19387276000,0.2854,18668,-21859,2338,19770,-4668,-7089,-1827,0,-3848,857,-4,0
2024-02-02,105200,109400,104700,106900,208781,22318688900,1.4231,32783,-40263,4603,-4327,-2582,4118,-2484,846,7949,2617,260,1083
2024-02-05,107300,111000,105700,108900,193152,21034252800,1.8709,43853,-31843,-14645,437,1196,-3831,-1675,0,-10772,2437,198,0
2024-02-06,108700,114200,107600,113000,330331,37327403000,3.7649,34715,-59748,22379,-2780,7316,10288,2385,0,4176,2620,34,994
2024-02-07,119000,120700,112800,113400,1024257,116150743800,0.354,238224,-189580,-49394,-12400,-22960,14450,-18363,-486,-9635,347,403,0
2024-02-08,114200,118800,113300,113600,489058,55556988800,0.1764,-18364,39330,-24790,2180,-7033,-15200,-2641,0,-2947,3481,343,851
2024-02-13,114700,118600,114100,118200,442233,52271940600,4.0493,-91289,78206,10009,13232,1103,-35660,5838,0,25121,3198,-124,375
2024-02-14,117200,132700,115400,127000,1071555,136087485000,7.445,-160429,141472,12846,-5271,31283,-24276,8222,-1454,4342,7656,-1545,0
2024-02-15,129300,130500,125800,127200,422704,53767948800,0.1575,6996,-5703,-3354,3109,-1109,-26753,9812,800,10788,2131,-70,-1
2024-02-16,127200,129400,125800,127700,241548,30845679600,0.3931,-28155,23951,4164,-283,4509,-987,1977,0,-1052,13,27,0
2024-02-19,129300,132700,128800,130800,433205,56663214000,2.4276,-37147,49337,-10507,1326,-1665,-15219,2182,1387,1482,-1661,-22,0
2024-02-20,130500,134700,127200,128000,561579,71882112000,-2.1407,-7255,69906,-61160,1057,-3543,-50078,329,347,-7603,-1747,256,-1669
2024-02-21,130500,139300,128500,137600,674347,92790147200,7.5,-133775,130486,3720,2693,20081,-2693,208,-580,-15834,-746,315,-155
2024-02-22,135600,148600,134900,138000,1152264,159012432000,0.2907,-7408,53823,-47520,-669,-11350,-33336,2107,-891,-2567,50,1055,-814
2024-02-23,139600,139700,131200,133400,408870,54543258000,-3.3333,35299,-866,-34856,13175,-26663,-29442,1332,-460,7201,-243,666,1
2024-02-26,132800,136300,131300,135000,292732,39518820000,1.1994,-31752,20601,13207,-4423,-10075,26027,-2170,0,3848,-2017,-39,0
2024-02-27,134700,140900,134700,137100,558197,76528808700,1.5556,-60711,74679,-11479,-2156,-5535,193,5746,1421,-11148,-118,-2371,0
2024-02-28,137300,142400,137300,140100,420752,58947355200,2.1882,-51874,81375,-30546,-12256,-8686,-9529,545,79,-638,909,136,-61
2024-02-29,140400,147900,137800,143200,615031,88072439200,2.2127,-93288,140099,-49741,-14508,-2614,-17677,-5439,-373,-8641,3575,-645,-489
2024-03-04,144700,148200,139900,144700,301058,43563092600,1.0475,-54294,79340,-24304,-3656,-9640,-15303,156,-500,6539,-635,-107,-1900
2024-03-05,146000,157800,145800,152300,866910,132030393000,5.2522,-77512,156259,-74609,-10386,-29738,-29686,1359,-400,-2976,-3634,-504,-2782
2024-03-06,154100,169500,154100,168500,1236603,208367605500,10.6369,-153452,253942,-97616,-40943,-9181,-21209,-7924,-600,-16162,-1369,-1505,-1597
2024-03-07,170000,179500,167500,177600,838886,148986153600,5.4006,-47938,119076,-67643,-27921,-20357,-16734,-3070,-667,1242,-2660,-835,-136
2024-03-08,178700,186500,176300,183300,504913,92550552900,3.2095,-10271,59726,-50090,-21655,-6408,-7106,-9432,-620,-2963,268,367,-1906
2024-03-11,184400,191300,175900,177700,643926,114425650200,-3.0551,-7498,92805,-80867,-17935,-19392,-31163,-10170,-4704,3361,-3874,-566,-864
2024-03-12,178700,182000,168000,172500,527832,91051020000,-2.9263,-8349,64079,-53248,-22136,-29349,-8578,-14412,240,20987,-2606,124,0
2024-03-13,175000,183000,170800,172200,616839,106219675800,-0.1739,38301,-17186,-23660,-11927,-1802,-18667,5246,0,3589,1559,986,-99
2024-03-14,172400,176600,164500,165400,608756,100688242400,-3.9489,80126,52880,-129843,-23089,-34273,-75265,-23831,-59,26680,-6284,3121,-6
2024-03-15,167400,169400,160800,162000,303589,49181418000,-2.0556,26813,-6700,-14634,-17587,-5927,-397,-974,200,10051,-6460,981,0
2024-03-18,164700,167500,162500,163300,293251,47887888300,0.8025,9970,-7814,799,-10264,2489,34,-681,0,9221,-1323,-1632,0
2024-03-19,165600,168500,163300,164400,323480,53180112000,0.6736,61147,-43111,-17236,-6110,-2813,3380,-157,0,-11536,-168,-632,0
2024-03-20,165100,166100,160900,161500,238634,38539391000,-1.764,13008,-5381,-8932,-9432,82,1016,-1360,0,761,891,414,1
2024-03-21,161700,167400,159500,164700,307491,50643767700,1.9814,-13196,11448,-2409,-11817,-3674,-955,-1759,-120,15971,3863,294,-55
2024-03-22,167000,175000,165900,167300,710837,118923030100,1.5786,69310,-75199,4032,-21155,10591,7059,68,1200,6090,1424,433,179
2024-03-25,170800,175000,169000,169500,402364,68200698000,1.315,-860,20568,-20355,-28051,5198,9092,139,0,-6493,1635,-988,-240
2024-03-26,170600,177900,170600,177300,446366,79140691800,4.6018,-85775,80913,9377,-14859,1706,13760,-214,-11,8995,-4072,-443,0
2024-03-27,180700,182900,173800,182000,452530,82360460000,2.6509,-14648,12251,4252,-9724,-4159,15975,-1166,-200,3423,-1037,-818,103
2024-03-28,180300,181800,175000,176900,414126,73258889400,-2.8022,56439,-19293,-35049,-19956,-2189,-859,283,0,-12275,-1772,-325,-53
2024-03-29,177300,184800,177300,178400,402561,71816882400,0.8479,-48832,69668,-22532,-14189,1485,-7514,-814,-300,-1200,1810,-114,0
2024-04-01,180500,181300,177000,179100,223379,40007178900,0.3924,7392,2946,-9656,-7673,1672,-965,-5369,-624,3303,-900,218,0
2024-04-02,179200,182100,173300,181700,404238,73450044600,1.4517,13750,-4076,-12611,-12624,-2797,35,-2593,2000,3368,3283,-346,0
2024-04-03,183500,183700,170800,174200,355574,61940990800,-4.1277,77347,-39609,-38325,-4593,-4246,-8871,549,0,-21222,462,125,58
2024-04-04,172500,176700,170500,174300,237937,41472419100,0.0574,1250,50113,-48849,-30389,-5376,-2263,-1479,-520,-8709,-1586,-928,-113
2024-04-05,174400,176000,165300,166300,302194,50254862200,-4.5898,30047,20644,-46600,-22188,-14096,-5253,-4162,0,-402,-3651,-440,-499
2024-04-08,165700,168800,163600,165300,188288,31124006400,-0.6013,10900,38966,-49486,-13173,-12791,-19601,-5724,200,1603,-183,-197,0
2024-04-09,164600,168800,164500,167300,172606,28876983800,1.2099,-18154,36721,-18624,-11066,618,-15589,333,0,7080,19,38,0
2024-04-11,163100,167700,161200,166200,161802,26891492400,-0.6575,12687,21799,-33585,-27530,1553,-548,-1020,0,-6040,-962,61,0
2024-04-12,167100,168400,163400,163900,158426,25966021400,-1.3839,28642,-433,-27922,-15589,-336,2282,-3023,0,-11256,-188,-99,0
2024-04-15,167900,172500,163100,164200,232207,38128389400,0.183,44044,-24667,-18421,-5307,-613,-982,-809,0,-10710,-800,-156,0
2024-04-16,164000,166700,158500,158800,211035,33512358000,-3.2887,-10084,17337,-6618,-321,-1483,-20,545,-780,-4559,-395,-240,0
2024-04-17,158700,161500,155100,158200,222476,35195703200,-0.3778,-872,9331,-4448,-5356,1288,3958,-1,800,-5137,-4198,187,0
2024-04-18,158400,158700,155000,158100,197314,31195343400,-0.0632,12500,9247,-22041,-8694,-4638,-2490,-4489,1500,-4005,43,251,775
2024-04-19,159000,166900,155900,162300,410313,66593799900,2.6565,12835,-16050,2960,3122,-669,5486,2332,0,-6750,201,54,-561
2024-04-22,164100,164100,154200,158600,211222,33499809200,-2.2797,6301,1437,-7514,-5617,-660,-6804,-954,0,6521,-564,340,0
2024-04-23,159100,166400,159100,164600,233392,38416323200,3.7831,-62674,43965,18274,4715,5977,-587,83,-726,8812,437,-2,0
2024-04-24,164800,168700,162100,166100,221346,36765570600,0.9113,-19636,27111,-9823,-44136,1648,17423,646,305,14291,2327,21,0
2024-04-25,166100,169400,162700,164000,155226,25457064000,-1.2643,15013,1185,-16303,-3064,-2969,280,129,0,-10679,86,19,0
2024-04-26,164100,172100,161500,169500,313138,53076891000,3.3537,-66768,21536,44846,18798,4454,2154,5134,0,11190,386,0,3116
2024-04-29,172100,172900,167300,171000,219124,37470204000,0.885,-37034,-3381,39820,4602,12087,10559,6216,760,5712,655,-60,-116
2024-04-30,169700,171000,159400,160800,299640,48182112000,-5.9649,93871,-49434,-46365,-7345,1122,-17397,-4476,-2500,-15769,1946,-18,0
2024-05-02,161600,180600,161000,178900,679192,121507448800,11.2562,-256899,230643,31665,6771,5161,-68,1337,-220,19129,-4868,-541,-445
2024-05-03,177700,178700,170500,171100,329798,56428437800,-4.36,105172,-85485,-23794,-23065,158,976,1126,0,-2989,3857,250,0
2024-05-07,170600,172000,168000,169200,175077,29623028400,-1.1105,25621,-12366,-12946,-10014,-3904,-8567,-425,0,9964,-499,190,0
2024-05-08,169400,169500,164200,166700,181059,30182535300,-1.4775,47524,-28092,-21148,-20416,807,-764,912,0,-1640,1293,423,-47
2024-05-09,166100,167700,164900,164900,129441,21344820900,-1.0798,17010,1439,-18617,-9764,5342,-2582,-115,0,-10807,33,135,-691
2024-05-10,166900,169800,165200,166800,145415,24255222000,1.1522,-21274,12085,9637,-2605,-5471,698,219,355,16441,-243,-205,0
2024-05-13,167000,170400,166400,168100,139668,23478190800,0.7794,-13617,8240,4544,-1917,695,901,-454,0,5318,941,-108,1
2024-05-14,167300,168500,162800,163400,166805,27255937000,-2.796,64937,-39442,-25928,-15576,-3342,-225,-1775,0,-5010,271,162,0
2024-05-16,164900,167400,161800,162000,141765,22965930000,-0.8568,23386,-8739,-14850,-12237,-4438,-409,-2936,0,5344,200,3,-174
2024-05-17,162100,162300,152200,154200,347245,53545179000,-4.8148,81091,10384,-96790,-49043,-22772,-10547,-3577,-1513,-9338,4909,406,0
2024-05-20,155400,157700,153600,156500,150006,23475939000,1.4916,-2070,17314,-15334,-25403,1206,877,-507,0,8493,-204,294,0
2024-05-21,156000,158200,154700,156300,95069,14859284700,-0.1278,2946,9927,-13454,-10072,-75,-855,-1754,0,-698,224,357,0
2024-05-22,156400,157800,152200,152400,131742,20077480800,-2.4952,44036,-8316,-34524,-23803,-1405,-2557,-2836,-304,-3619,-886,-310,0
2024-05-23,152400,155100,149900,154200,109330,16858686000,1.1811,-9296,19131,-9928,-12398,1005,1368,416,0,-319,55,38,0
2024-05-24,151300,155700,150700,154700,88527,13695126900,0.3243,5883,7224,-13910,-9724,1147,-64,-98,0,-5171,531,272,0
2024-05-27,155600,164000,154500,161600,224686,36309257600,4.4602,-54935,37458,15017,-5981,3076,2453,514,-330,15285,2278,182,0
2024-05-28,164100,171000,163000,170600,382786,65303291600,5.5693,-85837,69277,44017,3373,6160,-1120,8777,-200,27027,-26791,-666,0
2024-05-29,171000,172000,159800,160500,384946,61783833000,-5.9203,171236,-135843,-45991,-15326,-3011,-3755,-3681,0,-20218,9317,1281,0
2024-05-30,164600,169200,160800,160800,297359,47815327200,0.1869,19876,-4927,-13407,-6664,4871,1851,-275,0,-13190,-2259,717,0
2024-05-31,163000,164100,156900,160200,150822,24161684400,-0.3731,9836,-3962,-4717,-2700,-3864,-630,-3196,0,5673,-631,-526,0
2024-06-03,160800,167700,160700,162300,270967,43977944100,1.3109,-10891,13309,-3460,676,-677,-6873,-151,0,3566,1217,-175,-1
2024-06-04,161400,166200,160700,165300,176160,29119248000,1.8484,-54006,63049,-6950,-1910,-2516,-921,167,0,-1771,-2157,64,1
2024-06-05,164000,168000,163600,166100,164298,27289897800,0.484,-42187,52654,-10553,-7797,-1722,-305,-1137,1800,-1392,132,-46,0
2024-06-07,168000,172800,167000,167600,236086,39568013600,0.9031,-31895,53637,-22570,-12565,-395,946,-110,-200,-9564,772,56,-682
2024-06-10,167500,177000,166200,175900,352260,61962534000,4.9523,-146716,124319,23701,149,3243,6931,3814,-220,9784,-746,-558,0
2024-06-11,177400,179100,169500,169500,233713,39614353500,-3.6384,52154,-46655,-8698,-12436,-4166,9185,-261,0,-1020,2481,718,0
2024-06-12,170000,175200,169100,172300,128161,22082140300,1.6519,-6916,5837,-1860,-5484,6331,-4029,-832,0,2154,2220,719,0
2024-06-13,172300,175200,170500,173000,178877,30945721000,0.4063,3158,13120,-16783,-1768,25259,-5835,-1566,0,-32472,576,-71,-401
2024-06-14,173000,178000,171300,176000,212939,37477264000,1.7341,-22496,17299,3106,-161,8456,2927,-8971,0,855,2257,-166,0
2024-06-17,179900,206500,177700,206500,1396562,288390053000,17.3295,-217717,172466,50620,4340,21287,27625,2219,-2322,-2776,-4479,-890,247
2024-06-18,204500,206500,199200,200500,500612,100372706000,-2.9056,27899,-39771,9140,2298,-2070,3448,-2310,173,7665,2500,232,-64
2024-06-19,203000,216500,195600,211000,809581,170821591000,5.2369,10315,-33762,20474,-7663,7915,-3948,-423,-350,25044,2974,-1,-101
2024-06-20,209500,216500,201000,213000,363512,77428056000,0.9479,11761,-24459,12540,11126,2306,17571,-785,0,-17670,291,-133,-8
2024-06-21,213500,217000,203500,206500,230734,47646571000,-3.0516,23962,-13616,-11405,-6838,1911,-2044,373,462,-5255,969,90,-14
2024-06-24,207500,214500,206500,210500,202458,42617409000,1.937,8667,-2724,-4946,-1562,2294,-2479,-1713,0,-1482,-1131,134,-4
2024-06-25,214500,219500,203000,204500,190246,38905307000,-2.8504,31975,-14873,-18523,-4335,-193,-7451,-1444,0,-5100,1326,95,0
2024-06-26,204500,205000,199000,200000,168064,33612800000,-2.2005,11563,-10257,-6561,-8310,-239,-1595,-631,-287,4692,5164,91,-191
2024-06-27,199000,201500,196600,200500,140627,28195713500,0.25,10690,5802,-18674,-9729,-2441,-2677,-564,-60,-3204,1939,243,1
2024-06-28,202000,221500,197800,220000,423839,93244580000,9.7257,-63940,39016,24868,2902,1295,423,2150,-776,18755,813,-757,119
2024-07-01,218000,228000,216000,221000,299137,66109277000,0.4545,-14029,-15932,30980,2680,-663,5032,-87,-200,24218,-1182,163,0
2024-07-02,220500,220500,193500,195700,1043295,204172831500,-11.448,400213,-288255,-115183,-20812,-18049,-10422,-5926,1813,-62668,2260,965,881
2024-07-03,198000,200000,195000,197600,309264,61110566400,0.9709,-34882,39640,-4708,-4127,-944,-6711,1930,0,5162,-78,28,-18
2024-07-04,196400,201500,195500,198100,199718,39564135800,0.253,-19310,10841,9267,-3942,1034,-83,328,0,11930,-984,186,0
2024-07-05,198100,199300,195700,196900,159283,31362822700,-0.6058,16891,-13952,-3010,-4221,-146,-6512,-1503,-204,9804,46,25,-228
2024-07-08,197000,209000,196900,205500,298064,61252152000,4.3677,-56832,71505,-14652,-10060,12,-6910,-3749,500,5466,4,-25,89
2024-07-09,205000,213000,201000,211000,253998,53593578000,2.6764,5237,-19324,10635,1934,6874,-568,65,0,2336,3807,-355,-6
2024-07-10,213000,217000,207000,207500,290789,60338717500,-1.6588,12192,-9854,-3840,-1567,526,4627,-507,-200,-6762,1131,371,43
2024-07-11,209500,211000,202000,203500,203946,41503011000,-1.9277,52176,-37231,-14901,-5949,-7086,-6325,-1067,0,5598,-761,717,-72
2024-07-12,204000,207000,200500,206000,134493,27705558000,1.2285,4803,4569,-7615,-1194,-2507,-126,-764,-200,-2786,-1583,-174,-38
2024-07-15,216000,241000,211000,233500,1534221,358240603500,13.3495,-134744,76095,60392,-4036,5741,28849,-996,-1038,31352,495,-2238,520
2024-07-16,235500,245000,232500,239500,746476,178781002000,2.5696,-30460,31003,6581,-7878,10500,12370,-2253,0,-6159,-7622,498,1
2024-07-17,241000,249000,235500,238000,442001,105196238000,-0.6263,17048,-17304,-34,-8036,8053,257,-2891,-1000,3625,1187,-897,-42
2024-07-18,235000,243000,227000,231000,396822,91665882000,-2.9412,14608,-25879,6992,-55,53,316,-1337,0,8015,3954,325,0
2024-07-19,230500,235500,223000,232000,405021,93964872000,0.4329,60967,-45926,-15690,-19356,180,539,-3354,737,5564,604,45,0
2024-07-22,232500,236000,220500,226000,314014,70967164000,-2.5862,62350,-21994,-41864,-9124,-1749,-23130,-81,0,-7780,1138,370,0
2024-07-23,226000,237500,224000,228500,506029,115627626500,1.1062,28617,-6945,-23531,-5372,-7212,-18506,156,0,6503,1296,563,900
2024-07-24,229500,238000,224500,234000,414521,96997914000,2.407,11336,3346,-12903,-9357,1572,-8132,6475,-14,-3365,-1826,47,-82
2024-07-25,230000,234500,217000,217500,414329,90116557500,-7.0513,107982,-70377,-36109,5250,-232,-14935,269,0,-26526,-1306,-190,65
2024-07-26,215000,224000,199800,210500,699573,147260116500,-3.2184,33686,6720,-35988,-16392,10986,-6286,-2109,520,-22704,-4518,100,-3
2024-07-29,213000,226000,206000,217500,367019,79826632500,3.3254,9622,380,-9949,-3888,9847,2038,1888,-357,-19478,77,-130,1
2024-07-30,220000,222500,209500,212000,234027,49613724000,-2.5287,39928,-19074,-19028,7516,-13177,-2414,397,0,-11349,-1914,88,-1
2024-07-31,208500,214500,196500,200000,449190,89838000000,-5.6604,34869,16407,-53268,-9561,-32673,-8030,-3657,400,434,1986,6,-181
2024-08-01,200000,208000,200000,204500,181805,37179122500,2.25,13261,-11570,-3541,6609,-9417,-666,-1694,447,978,-85,1935,202
2024-08-02,199900,210500,196000,197100,308107,60727889700,-3.6186,29934,-31030,1251,-3876,2764,5516,-542,-500,-2322,227,-382,211
2024-08-05,191000,194800,169600,179600,503027,90343649200,-8.8787,-70537,57996,14563,8543,2765,-3354,5294,-60,1374,-2452,430,1
2024-08-06,185300,198700,183000,191000,389214,74339874000,6.3474,-27798,-27070,51985,14028,-3682,6920,664,-620,34614,2598,285,61
2024-08-07,191000,207500,190000,202500,271438,54966195000,6.0209,5721,-18484,9046,-7138,7511,505,1357,-400,7211,3269,448,0
2024-08-08,198800,205500,195200,204000,209513,42740652000,0.7407,15806,-21864,5203,-5518,6840,2465,-9548,1060,9626,701,154,278
2024-08-09,208000,209000,201000,201500,165852,33419178000,-1.2255,34858,-30083,-5391,611,-1426,-528,328,0,-4377,515,101,1
2024-08-12,203500,205500,199400,203000,135599,27526597000,0.7444,9027,15166,-20210,-4897,-309,133,-1954,0,-13183,-3908,-75,0
2024-08-13,204000,213500,200500,204000,290176,59195904000,0.4926,32131,-14130,-19338,1469,1416,2335,482,-200,-24841,1663,-326,1
2024-08-14,205500,205500,198600,204500,229383,46908823500,0.2451,11609,-18991,4854,5153,-8420,1686,-1333,0,7768,2238,290,0
2024-08-16,205000,209500,200500,206000,201276,41462856000,0.7335,-56794,40590,15706,5330,-1348,4268,-359,1906,5909,563,-65,0
2024-08-19,204000,210500,200000,200500,149476,29969938000,-2.6699,27987,-18912,-10210,-6348,-1540,1042,-197,-5,-3143,1097,38,-19
2024-08-20,202000,202000,191200,194700,280000,54516000000,-2.8928,42276,-29791,-10764,2630,-5418,-11182,-955,0,4182,-1619,-102,-21
2024-08-21,193200,196300,191000,195100,140304,27373310400,0.2054,-14800,12505,2785,-518,-2026,1384,-2515,0,6408,-431,-59,52
2024-08-22,195100,197000,188700,189700,144241,27362517700,-2.7678,18644,-6148,-12448,-8773,2060,-3570,-3151,0,1097,-152,104,-111
2024-08-23,187100,192300,186500,188900,102322,19328625800,-0.4217,1941,1930,-4101,-3212,-1340,-250,-877,0,1578,189,41,0
2024-08-26,190100,194000,185200,193500,163646,31665501000,2.4352,-27206,11939,14685,10941,-273,1867,242,-1300,3208,553,29,0
2024-08-27,193600,198100,191300,198100,216363,42861510300,2.3773,-31696,-5032,36299,4898,15018,7339,3548,1050,4397,417,12,49
2024-08-28,198400,201500,191000,198000,258020,51087960000,-0.0505,249,-22910,24008,11111,1378,-778,38,0,12210,-1207,-140,49
2024-08-29,196400,196700,191800,191800,139822,26817859600,-3.1313,31256,-17726,-14465,-9950,1264,-1265,-514,0,-4000,647,288,0
2024-08-30,192500,196600,192500,195000,136736,26663520000,1.6684,-29433,20561,8959,2153,2042,-67,1454,0,3376,25,-112,1
2024-09-02,196000,196000,191300,192200,125032,24031150400,-1.4359,18113,-8197,-10500,-6476,300,-510,-95,0,-3719,452,132,0
2024-09-03,193500,200000,193100,195800,173057,33884560600,1.873,-23614,25683,-2700,-2632,-444,-885,145,0,1115,621,10,1
2024-09-04,190000,193400,187700,187800,195276,36672832800,-4.0858,20047,8444,-27808,-6099,-9363,-3729,-74,-800,-7744,-623,-60,1
2024-09-05,187900,192000,181000,182200,174077,31716829400,-2.9819,-12952,35555,-21117,-11334,-1356,-289,-3613,-400,-4125,-1557,71,0
2024-09-06,181600,182000,173700,175000,201305,35228375000,-3.9517,-28376,50074,-19244,398,-4315,-556,-1599,-1900,-11273,-2216,-238,1
2024-09-09,170000,174300,168700,173300,145409,25199379700,-0.9714,-4487,16189,-8847,-9590,-1355,299,-1076,0,2875,-2836,-19,0
2024-09-10,173300,185900,173300,185200,223520,41395904000,6.8667,-28611,-8861,39714,21242,13428,140,1932,0,1972,-2177,-65,1000
2024-09-11,191900,205000,187600,200500,520229,104305914500,8.2613,-146844,65957,82103,59076,18806,2222,3220,-102,-1120,-1322,106,1
2024-09-12,204000,207500,199000,200500,306928,61539064000,0.0,13689,-279,-13915,-39977,14894,593,708,0,9868,603,-98,-1
2024-09-13,202500,208000,200500,207000,212085,43901595000,3.2419,-25124,22226,2772,-4743,7903,-4146,725,0,3032,169,-43,1
2024-09-19,209500,211000,205500,206500,182561,37698846500,-0.2415,257,-12788,13052,1015,3977,-5900,1696,445,11776,-467,-54,43
2024-09-20,214500,218500,208500,211000,409119,86324109000,2.1792,44470,-12709,-29345,-10435,-10342,3787,-2182,-220,-9960,-2499,83,7
2024-09-23,219000,219000,211500,214500,241876,51882402000,1.6588,1061,-11445,8177,-30,-3660,4947,-275,500,6652,1961,246,43
2024-09-24,215000,220000,212500,220000,193621,42596620000,2.5641,-76192,50758,25320,4061,3372,-186,2270,-200,16703,129,-15,-700
2024-09-25,218500,225500,218500,221000,173788,38407148000,0.4545,-36145,20772,15425,-3801,1160,3392,1423,-200,13451,97,-149,0
2024-09-26,222500,222500,210000,216000,266665,57599640000,-2.2624,31368,-9327,-20784,-9251,-6093,-9991,-2740,0,7332,-674,-583,-41
2024-09-27,215500,217500,208000,210500,198984,41886132000,-2.5463,-6241,20095,-12905,-5336,637,-502,-1337,15,-6413,-607,-342,31
2024-09-30,212500,214000,209500,211000,123910,26145010000,0.2375,-11031,20329,-9317,3264,-8376,-2981,-2133,0,865,49,-30,44
2024-10-02,218000,225000,216000,219000,291730,63888870000,3.7915,-35427,34521,718,-5422,7244,2884,1107,0,-5428,-142,330,333
2024-10-04,219500,225000,216500,223000,233756,52127588000,1.8265,-45321,22391,22045,12993,571,80,-365,0,8725,1007,-122,41
2024-10-07,227500,248000,225000,245000,686431,168175595000,9.8655,-167430,124223,45220,16922,7153,15059,1648,-324,5040,-1550,-463,-278
2024-10-08,242000,246500,239500,244500,256690,62760705000,-0.2041,3092,-18839,15977,-90,-175,13329,1071,0,1842,237,-467,0
2024-10-10,244500,245500,232000,240000,401812,96434880000,-1.8405,-10459,18045,-8865,4434,27353,-10046,-692,0,-29914,1199,80,0
2024-10-11,243500,253000,240000,242500,241494,58562295000,1.0417,10855,-1996,-8432,-5929,5102,-6766,-331,0,434,-366,-61,-942
2024-10-14,245000,249500,235000,239500,181541,43479069500,-1.2371,13304,9094,-20762,186,-4465,-5038,95,78,-11618,-1166,-470,0
2024-10-15,240500,245000,236500,244000,188356,45958864000,1.8789,-42473,23798,18594,5019,2875,2893,2022,0,5785,219,-138,0
2024-10-16,243500,252500,240000,248500,274528,68220208000,1.8443,-34588,34241,-742,-4115,1768,4290,1579,0,-4264,743,346,0
2024-10-17,251000,259500,247500,254500,308821,78594944500,2.4145,692,-9845,7743,7445,-13663,8590,2922,741,1649,1376,34,59
2024-10-18,252500,255500,248000,253000,177667,44949751000,-0.5894,2745,2448,-5305,-6005,-211,-6283,-456,0,7660,249,-137,-10
2024-10-21,255000,262000,247500,254500,191523,48742603500,0.5929,-8828,6394,5271,563,1588,923,1437,0,749,-138,-2699,11
2024-10-22,257000,265000,253500,265000,279505,74068825000,4.1257,-16063,10690,4990,-1376,369,2970,2071,173,788,525,-142,-5
2024-10-23,262000,262000,247000,248500,312002,77532497000,-6.2264,68972,-48000,-23488,-3185,-10602,-3984,-1706,0,-4010,2399,117,-1
2024-10-24,246500,255000,246500,252000,165511,41708772000,1.4085,-32599,16076,19155,6903,-437,671,1445,0,10572,-2884,252,1
2024-10-25,251500,254000,245000,249000,120761,30069489000,-1.1905,-2148,6403,-3918,-2299,406,-3156,1712,0,-581,-308,-29,0
2024-10-28,248500,250000,244000,248500,100647,25010779500,-0.2008,-11570,11329,309,71,-367,-242,207,0,640,-66,-2,0
2024-10-29,248500,256000,245500,248000,160856,39892288000,-0.2012,21470,-12321,-9251,-5681,1882,-203,1886,0,-7135,81,21,0
2024-10-30,248000,252000,244000,251000,120287,30192037000,1.2097,-13004,12000,-779,991,494,-3570,504,0,802,1782,1,0
2024-10-31,252000,255000,243500,248000,160677,39847896000,-1.1952,18666,9472,-32039,-6377,-11503,-7402,336,-739,-6355,3607,294,1
2024-11-01,246500,252500,237500,243000,148169,36005067000,-2.0161,3050,14980,-18361,-86,-1651,-1943,176,0,-14757,397,-66,-100
2024-11-04,243500,245000,235000,244500,123055,30086947500,0.6173,-5852,15625,-11186,1676,-5038,-2493,1498,0,-6829,797,616,0
2024-11-05,242500,248500,239500,244000,97147,23703868000,-0.2045,-1120,13389,-12797,-3273,-670,-549,-494,0,-7811,258,270,0
2024-11-06,245500,269500,242500,259500,503275,130599862500,6.3525,-107310,77501,27904,12754,2868,1798,2334,914,7282,3165,-1260,-46
2024-11-07,263500,270000,257000,269000,406341,109305729000,3.6609,-29531,1943,24514,22111,4879,3891,1213,228,-7808,2905,169,0
2024-11-08,268500,271500,254000,261000,361454,94339494000,-2.974,39930,4990,-44576,-10221,-6253,4339,-915,123,-30912,-349,5,-737
2024-11-11,264000,267000,255500,266000,241297,64185002000,1.9157,5197,-23330,11892,9141,3460,377,805,56,-1956,6079,162,9
2024-11-12,267500,269000,257000,258000,265831,68584398000,-3.0075,54014,-63655,8942,5859,-99,4512,-106,0,-1178,862,-163,-46
2024-11-13,256000,260000,245500,247000,206886,51100842000,-4.2636,5843,-7931,-184,2763,905,32,-1155,-449,-2281,1707,565,1
2024-11-14,249000,250500,242500,245000,234914,57553930000,-0.8097,20484,-45597,19781,5690,414,-4631,283,0,18024,5323,9,1
2024-11-15,243000,245000,233500,240000,233797,56111280000,-2.0408,26939,-21165,-5504,4196,-6988,-1454,-6095,0,4837,-441,171,0
2024-11-18,238000,242500,231500,234500,206141,48340064500,-2.2917,16153,-1501,-15709,-7664,-6054,-4438,-1211,0,3658,775,282,0
2024-11-19,238000,238500,230000,232000,146408,33966656000,-1.0661,19526,-3732,-16616,-4597,-1315,-6615,111,-1227,-2973,709,113,0
2024-11-20,234500,240500,232000,237000,192311,45577707000,2.1552,18800,-43486,20539,3716,-2969,-4807,-76,226,24453,4197,-50,-4
2024-11-21,235000,235500,217000,222500,412713,91828642500,-6.1181,54603,3905,-51447,-36450,-12720,-6933,-7536,-569,13012,-7858,797,-251
2024-11-22,224500,231500,224000,229500,174086,39952737000,3.1461,3892,18729,-18329,-29122,-423,-318,569,0,10970,-4286,-6,-5
2024-11-25,229500,232000,216500,223000,300545,67021535000,-2.8322,18798,57816,-76443,-42802,-22067,-2415,-1751,0,-7406,-171,0,-2
2024-11-26,219000,219000,200000,203500,433718,88261613000,-8.7444,26741,33477,-54882,-9746,-17404,-17011,-10978,-204,902,-5262,-74,-441
2024-11-27,199900,205500,199500,200000,199503,39900600000,-1.7199,18580,4571,-24729,-15556,-15254,-805,-5215,-310,12536,1463,115,-125
2024-11-28,202000,206000,200000,203000,125386,25453358000,1.5,-4867,-14716,15509,1872,458,4189,2378,0,6611,3992,82,1
2024-11-29,203000,207500,195900,197100,193960,38229516000,-2.9064,13290,-12735,-129,-875,2131,-255,-269,0,-862,-396,-30,1
2024-12-02,195300,199400,195200,197500,146537,28941057500,0.2029,-8770,-5140,17660,2623,2493,207,412,0,11925,-4618,868,0
2024-12-03,199100,207500,198300,203500,173893,35387225500,3.038,-18155,-7007,25991,-336,4803,4805,1527,234,14258,-902,73,700
2024-12-04,199200,210000,199200,204500,262032,53585544000,0.4914,-5527,-8256,13196,3690,4009,1880,433,0,3201,549,38,-17
2024-12-05,205500,207000,193300,193900,257598,49948252200,-5.1834,26529,8708,-37332,-919,-15365,-10080,-981,-87,-9724,2435,-340,-176
2024-12-06,192900,195300,183200,188900,308293,58236547700,-2.5786,-51065,53975,-2213,-1991,-12511,-4299,-1669,0,18257,-378,-319,0
2024-12-09,178500,182000,170400,171100,388700,66506570000,-9.423,-58271,56486,290,8912,-13561,-7230,-1655,-27,14098,403,1092,-247
2024-12-10,172700,184100,168800,182500,285511,52105757500,6.6628,-15644,-5704,20977,10253,-4436,1138,252,0,13771,250,121,-1
2024-12-11,182900,188300,179200,188000,184085,34607980000,3.0137,14682,-30437,15512,4697,7871,2467,2846,0,-2341,-379,622,-28
2024-12-12,191100,199200,190100,197100,287869,56738979900,4.8404,-24647,-25698,47486,37207,22290,1489,7156,0,-21026,2665,194,370
2024-12-13,198800,199600,195100,198000,123020,24357960000,0.4566,8666,-26417,18461,16963,8939,1426,1112,0,-9977,-379,-331,-2
2024-12-16,203000,203500,191400,194500,164302,31956739000,-1.7677,31608,-20069,-11471,-9070,-319,-536,-5338,0,3791,89,-157,1
2024-12-17,193700,215000,191600,206500,470874,97235481000,6.1697,9146,-39906,29756,976,16327,18100,2474,-15,-8173,1128,-124,67
2024-12-18,204000,209500,196100,196600,916799,180242683400,-4.7942,46256,665331,-12817,11167,-2410,-15753,1208,0,-7306,-698841,71,277
2024-12-19,192800,205500,190200,203500,230453,46897185500,3.5097,-35678,7340,27321,18562,-1442,500,4743,0,3727,811,206,1231
2024-12-20,204000,206500,198500,202500,122939,24895147500,-0.4914,834,-28784,29311,7546,1503,16280,1532,0,2450,-1349,-12,0
2024-12-23,203000,213000,203000,212000,169195,35869340000,4.6914,-27282,-7695,35510,5970,12552,4106,2614,0,10268,-499,-34,0
2024-12-24,212500,216000,209000,211000,120820,25493020000,-0.4717,19429,-20730,490,4557,-1764,292,1831,0,-4426,889,-78,0
2024-12-26,209500,214500,206500,210500,96903,20398081500,-0.237,-2205,-3624,5712,2738,686,3143,1059,0,-1942,263,-146,28
2024-12-27,210000,214000,204500,206500,117027,24166075500,-1.9002,-8888,15301,-3767,3716,-379,-4337,28,0,-2795,-2825,179,0
2024-12-30,207500,221000,206500,220500,193060,42569730000,6.7797,-29867,20840,8991,7661,2663,4627,1235,0,-8288,-70,106,1093
2025-01-02,219500,255500,219500,254000,646712,164264848000,15.1927,-93731,26447,70782,8171,17816,42756,5220,118,-4799,-2778,-720,1500
2025-01-03,249000,261500,247000,260000,281328,73145280000,2.3622,-45853,20065,29955,-1365,5637,13300,-293,21,12581,-4107,-60,74
2025-01-06,261500,268500,248000,250000,269533,67383250000,-3.8462,36173,-3041,-31836,-9786,-4980,-4651,-943,0,-11466,-1285,-11,-10
2025-01-07,251500,255500,247500,247500,213263,52782592500,-1.0,11607,-17617,2596,10277,-3118,9398,-922,0,-11539,3333,81,-1500
2025-01-08,244000,245000,233000,235500,346135,81514792500,-4.8485,51305,9888,-61982,-20753,-10755,-20101,-5527,153,-5033,884,-95,34
2025-01-09,233000,237500,223500,235000,468463,110088805000,-0.2123,-34083,66215,-29037,9934,-5056,-3965,347,-405,-29899,-2698,-397,7
2025-01-10,235500,235500,221500,222500,373900,83192750000,-5.3191,144779,-123671,-29811,1434,-11259,-9673,-1413,500,-9400,8575,128,0
2025-01-13,222500,225500,220000,223000,228343,50920489000,0.2247,20290,-31643,9705,2942,1096,3628,2365,0,-288,1487,161,-38
2025-01-14,223500,229000,221000,225000,306450,68951250000,0.8969,32999,-54478,22810,14455,2258,-718,3418,437,2960,-1436,105,0
2025-01-15,226500,232000,224000,226500,267131,60505171500,0.6667,12541,-9475,-3224,-4113,3143,-2866,-1774,1500,886,59,99,0
2025-01-16,228500,230500,220000,220500,342009,75412984500,-2.649,54130,-48644,-5972,2202,-8306,-1826,852,3300,-1745,283,203,-449
2025-01-17,222500,223000,210000,213000,371760,79184880000,-3.4014,53151,-20908,-35629,4105,-8774,-26563,636,-437,-4822,2160,1226,226
2025-01-20,215000,215500,208000,209000,230646,48205014000,-1.8779,23208,-13150,-11228,-14420,-2110,2501,-556,-2300,5646,786,384,11
2025-01-21,211500,219000,211000,217000,279723,60699891000,3.8278,-7706,-25682,32590,12034,9048,-470,2629,0,9343,589,209,6
2025-01-22,220000,221500,217000,219500,221436,48605202000,1.1521,-4447,-35922,40405,25317,2057,2814,4197,0,6019,-7,-29,1
2025-01-23,222000,226000,218000,219000,184738,40457622000,-0.2278,19012,-28142,7314,14831,-625,-2510,302,1139,-5813,1820,-4,-10
2025-01-24,222500,234500,220500,230500,345732,79691226000,5.2511,-61682,19156,36785,22941,7772,1123,1004,671,3165,5728,13,109
2025-01-31,234500,236500,224500,226500,222556,50408934000,-1.7354,31216,-21738,-8910,-3417,-303,45,171,-520,-4876,-538,-30,-10
2025-02-03,220000,230000,214000,228000,246841,56279748000,0.6623,-32758,6475,24722,22205,2104,2564,3332,220,-5700,1446,115,-3
2025-02-04,235500,255000,235000,247500,497380,123101550000,8.5526,-163944,89304,81205,49505,7466,10066,-528,-238,14922,-5136,-1429,12
2025-02-05,248000,252500,246000,249000,189884,47281116000,0.6061,-17118,-3891,21388,12514,1152,2804,589,-1000,5331,-348,-31,-2
2025-02-06,250500,257000,247500,254000,284327,72219058000,2.008,-53511,34473,18101,5409,862,6085,1525,186,5235,1402,-465,-1201
2025-02-07,254000,260500,250500,251000,313716,78742716000,-1.1811,-7767,-24783,35951,29817,9057,-5159,13443,1084,-12565,-3177,-224,274
2025-02-10,254000,260500,250000,253000,240539,60856367000,0.7968,-48118,-14522,63884,38474,3872,1756,5044,500,14290,-1027,-217,-52
2025-02-11,260000,267000,254000,267000,506987,135365529000,5.5336,-10826,-18488,32112,5686,-1373,6622,3957,0,17244,-1395,-1403,-24
2025-02-12,272500,292500,271000,290000,808678,234516620000,8.6142,-9764,101,4477,-11377,6629,-191,78,-1000,11339,4286,900,-1001
2025-02-13,285500,294500,277000,288000,496948,143121024000,-0.6897,-8852,27731,-20486,-5225,-33,-1765,-10338,1700,-2925,1921,-314,-1900
2025-02-14,296000,296000,277000,284000,477983,135747172000,-1.3889,20926,-8050,-5156,2921,-1835,9556,-1799,-1700,-12252,-7668,-52,-47
2025-02-17,285000,291500,271500,280500,441318,123789699000,-1.2324,47340,107,-44411,-10865,-11022,-19575,-7542,-1500,7659,-2984,-52,-1566
2025-02-18,289500,319500,286000,306000,1396298,427267188000,9.0909,-6860,169116,-164793,2376,-3463,-172641,-3433,-231,12734,2256,281,-135
2025-02-19,307000,313000,301500,306000,503059,153936054000,0.0,28704,65151,-83940,-18521,-6457,-58172,-10725,-40,10910,-10224,309,-935
2025-02-20,300500,313000,292000,306000,550296,168390576000,0.0,19028,89669,-105414,-25146,-1883,-55390,-1737,3,-21246,-3178,-105,-15
2025-02-21,303500,314000,297000,312500,372725,116476562500,2.1242,-22495,59352,-29451,10188,-911,-42048,-873,1301,2165,-7424,18,727
2025-02-24,310000,313500,298000,300000,349149,104744700000,-4.0,85698,-17746,-64845,-11895,-6441,-40591,-3924,-120,-1721,-2657,-450,-153
2025-02-25,301500,310000,296000,306000,284561,87075666000,2.0,-33790,74924,-42002,3332,-5398,-41868,-1015,163,2798,913,-45,-14
2025-02-26,307500,313000,292000,294000,323823,95203962000,-3.9216,59304,17802,-74043,-19047,-5552,-45190,-2744,-1292,-567,-3105,42,349
2025-02-27,293000,295500,282500,289000,763605,220681845000,-1.7007,-24804,316564,-293259,-7355,-14201,-250040,-5842,-103,-14918,1547,-48,-800
2025-02-28,287500,292000,270500,270500,376336,101798888000,-6.4014,20419,-13249,-9030,350,-1267,-5959,-661,-685,-751,1579,281,-57
2025-03-04,280000,293500,274500,290500,535975,155700737500,7.3937,21002,-57583,31769,16925,8204,3088,6066,-430,-2104,4996,-184,20
2025-03-05,292500,307000,284000,303000,406511,123172833000,4.3029,-38433,-3938,38856,11062,6306,4816,1955,77,14535,3233,282,105
2025-03-06,308000,324500,301000,320500,458236,146864638000,5.7756,-77987,68339,14799,6162,2021,1178,178,0,5161,-4139,-1012,99
2025-03-07,320500,323000,309250,319000,353894,112892186000,-0.468,19885,-3005,-17367,-17733,-1291,1994,-1735,500,898,475,12,0
2025-03-10,319000,321500,304000,316000,231917,73285772000,-0.9404,-7035,15329,-9712,-2050,-4608,-1949,-28,0,-1077,404,1014,0
2025-03-11,306000,311500,304000,309000,291104,89951136000,-2.2152,-4386,36482,-27473,-13928,-9807,-2164,-76,70,-1568,-4890,267,0
2025-03-12,307500,317000,277000,280500,724848,203319864000,-9.2233,112762,-37737,-75922,-42422,-14415,-10733,-8650,0,305,1552,-655,-7
2025-03-13,281500,289000,279000,279500,699715,195570342500,-0.3565,102316,-30049,-72838,-30191,1155,-7650,-8766,-266,-27105,1515,-944,-15
2025-03-14,280500,281500,274500,276000,261921,72290196000,-1.2522,23185,4147,-29451,-5498,-17384,-3982,-2711,0,157,1880,239,-33
2025-03-17,281000,296000,280000,292500,529473,154870852500,5.9783,-45726,10429,33218,13612,13904,3012,-1481,41,4108,1720,359,22
2025-03-18,296500,297000,281000,281500,345058,97133827000,-3.7607,108875,-78288,-28290,-8602,-9431,-1901,-3225,-575,-4523,-1672,-625,-33
2025-03-19,283500,289000,276500,283500,379261,107520493500,0.7105,-18790,24691,-4807,85,-5281,1007,-3298,486,2267,-1766,672,-73
2025-03-20,280000,282000,266500,270500,464297,125592338500,-4.5855,20331,43566,-60043,-30912,-9727,-13142,-4373,-1247,-538,-3608,-246,-104
2025-03-21,260000,274500,260000,269000,243990,65633310000,-0.5545,-10005,-503,9610,19750,-1533,-2519,-2596,14,-3396,-2306,3204,-110
2025-03-24,269500,273500,265000,268000,120276,32233968000,-0.3717,-12154,2333,9695,4722,-2902,2420,-1988,0,7443,52,74,0
2025-03-25,265500,270000,255500,258000,198557,51227706000,-3.7313,-99,25565,-25721,-19660,-6445,-4509,-10874,-26,15796,179,76,-3
2025-03-26,259500,260500,250500,254000,203320,51643280000,-1.5504,-1913,19669,-18930,-9312,-4075,-939,-2222,-16,-2367,444,730,1
2025-03-27,256500,258000,248500,249000,120025,29886225000,-1.9685,9141,-6052,-3539,-3591,-890,-565,611,25,872,492,-42,-1
2025-03-28,250500,252000,241000,243000,151346,36777078000,-2.4096,2024,6121,-8596,-10901,-991,-4041,-1792,-305,9433,441,10,1
2025-03-31,235500,249500,235500,248000,144978,35954544000,2.0576,-9366,-4417,13769,-4120,1803,656,2759,162,11399,328,-314,1110
2025-04-01,252000,261000,252000,258500,176208,45549768000,4.2339,2013,-22592,19720,-2397,4538,14754,3140,49,-1179,803,56,815
2025-04-02,263500,265000,248500,251000,152015,38155765000,-2.9014,25665,-30535,2390,6282,2445,-3558,720,118,-3675,2339,141,58
2025-04-03,244500,263000,244500,261000,202170,52766370000,3.9841,10738,-39296,27454,16127,5389,11314,1824,643,-7877,1185,-81,34
2025-04-04,259500,264500,250000,257500,163530,42108975000,-1.341,-12629,-9526,22354,16422,4534,-387,4155,87,-2502,-137,-62,45
2025-04-07,247500,248000,235500,239000,146332,34973348000,-7.1845,-5254,-19048,21230,20955,105,-3426,1377,0,2219,3072,0,0
2025-04-08,247000,253000,243000,250500,145906,36549453000,4.8117,5447,-39595,31622,13214,1032,6496,1991,-108,8997,2438,88,0
2025-04-09,251000,253000,235000,239000,146406,34991034000,-4.5908,29885,-21783,-9372,93,-2838,-2753,200,-199,-3679,1217,53,-196
2025-04-10,250500,257500,247500,257000,169806,43640142000,7.5314,-34098,41898,-11208,-6215,848,3120,-482,1082,-10359,3334,74,798
2025-04-11,252500,270000,251500,270000,157194,42442380000,5.0584,-18474,240,16744,14005,9738,-655,996,0,-7451,1514,-24,111
2025-04-14,273500,281500,270000,281000,242419,68119739000,4.0741,-41161,51826,-7662,8118,1979,-3894,-36,500,-14328,-2919,-84,-1
2025-04-15,279000,279500,268000,269000,188750,50773750000,-4.2705,41543,2594,-44820,-9263,-13445,-12100,-2017,400,-8395,739,-56,0
2025-04-16,271000,292500,270500,288000,320095,92187360000,7.0632,-110957,116940,-11417,5784,-6949,-9019,2051,-110,-3172,4960,474,-2
2025-04-17,289000,293000,286000,291000,161763,47073033000,1.0417,-12605,7907,5463,6318,-2578,2646,-649,0,-317,-744,-21,43
2025-04-18,293000,295500,286500,287500,124076,35671850000,-1.2027,10736,13469,-25970,-358,-3288,-9096,455,-900,-12784,1763,2,1
2025-04-21,290000,294000,285000,290500,88301,25651440500,1.0435,-12151,15214,-3656,3447,-3056,1855,114,39,-6245,426,167,190
2025-04-22,288000,314000,287500,311500,316832,98693168000,7.2289,-101417,58706,41229,17900,3022,15508,1186,-67,3650,2517,-1035,30
2025-04-23,311000,318500,308500,312000,200239,62474568000,0.1605,-35778,45178,-5670,-15129,-6203,6213,-3142,-55,12827,-3627,-103,-181
2025-04-24,312000,313000,299500,309500,166132,51417854000,-0.8013,-3325,16478,-9342,-11474,-5708,-3277,-2376,0,13644,-3745,-66,-151
2025-04-25,312000,314000,306000,311500,79947,24903490500,0.6462,-10421,10177,1609,-95,-672,-277,-759,0,3412,-1384,19,0
2025-04-28,312000,323500,305000,318500,226035,71992147500,2.2472,-62401,44253,21634,6496,-1483,12686,410,974,2595,-3444,-42,-44
2025-04-29,317000,321000,310000,321000,139651,44827971000,0.7849,-41082,33353,16650,-10158,-89,5627,-397,9,21658,-8932,11,0
2025-04-30,321500,330500,310500,320500,185750,59532875000,-0.1558,-19394,28238,-8202,-7594,1618,-1182,-1555,0,556,-678,36,-45
2025-05-02,322500,332000,318500,330000,157050,51826500000,2.9641,-24877,8150,14282,499,215,1667,-216,-55,12172,3785,-1340,0
2025-05-07,338000,347000,333000,336500,277389,93341398500,1.9697,2432,5785,664,-1689,1987,-7249,3186,-162,4591,-8889,8,0
2025-05-08,336500,419500,326500,372500,1292916,481611210000,10.6984,-110999,143301,-31218,-26484,-7149,-1869,-4403,-827,10282,-1095,11,-768
2025-05-09,376000,404500,371500,402000,414952,166810704000,7.9195,-82341,89786,-7206,-5099,294,1223,-1145,30,-2472,2,-241,-37
2025-05-12,397000,400000,373000,381500,255678,97541157000,-5.0995,-23583,47501,-22759,-15339,-8114,-4716,-2597,-117,8143,-956,-203,-19
2025-05-13,365500,381000,358500,378000,233739,88353342000,-0.9174,-14573,28584,-13818,-4958,-4127,-7689,-6968,375,9548,-301,108,1
2025-05-14,377000,385500,374000,380000,120650,45847000000,0.5291,-5452,1370,3950,840,-2721,-48,-1082,0,7763,223,-91,-802
2025-05-15,387000,392000,379500,388000,121356,47086128000,2.1053,-6086,4095,1928,-1354,-951,2416,204,-52,2365,69,-6,-700
2025-05-16,393500,408000,392000,405000,179229,72587745000,4.3814,-13162,4223,8182,4393,567,1539,1355,54,96,776,-19,178
2025-05-19,399500,410500,397000,402000,103685,41681370000,-0.7407,1940,2743,-4044,1703,-151,87,-367,-52,-5215,-719,80,-49
2025-05-20,405500,415500,402500,405500,165511,67114710500,0.8706,-13578,15327,-691,4834,-966,-574,-881,0,-2304,-991,-67,-800
2025-05-21,420000,422500,409000,418500,142073,59457550500,3.2059,-2876,4975,-869,2473,-3717,2560,-44,-252,-1886,-890,-340,-3
2025-05-22,416000,419500,409000,412500,98335,40563187500,-1.4337,9873,-10361,41,-2473,-508,-1131,-611,-300,4563,481,-34,501
2025-05-23,413500,431000,411000,427000,139573,59597671000,3.5152,-30414,32488,-2284,1096,-255,486,164,51,-3825,196,14,-1
2025-05-26,427500,433500,418500,433500,130872,56733012000,1.5222,15584,1106,-16449,-9285,-5275,-389,-547,250,-1204,-226,-15,1
2025-05-27,452000,458000,442000,445500,162936,72587988000,2.7682,2289,-4266,2244,9053,3844,1691,94,-104,-12334,-267,0,0
2025-05-28,446000,451500,421500,428500,194277,83247694500,-3.8159,4776,17021,-21556,-12168,-7901,-6650,-2768,-30,8150,-205,-36,-189
2025-05-29,434500,441000,427000,433500,125548,54425058000,1.1669,-11097,10296,482,-5081,-2341,2036,-569,-431,6898,389,-70,-30
2025-05-30,434500,446000,426000,429000,183441,78696189000,-1.0381,2478,17098,-21226,-10923,-384,-6544,-1983,0,-1450,1581,69,58
2025-06-02,428000,449500,428000,447500,117199,52446552500,4.3124,-22310,17552,4110,1741,723,1896,623,-54,-819,643,5,0
2025-06-04,450000,454000,436000,452000,124487,56268124000,1.0056,-26198,34559,-8308,-6227,-732,207,-2317,-15,775,-20,-33,1
2025-06-05,452000,457000,439000,449500,189199,85044950500,-0.5531,31248,-28573,-3268,-8815,-621,3977,-4924,-239,7490,499,94,-136
2025-06-09,445500,446500,434000,440000,132928,58488320000,-2.1135,4680,6077,-10438,-3586,-3506,-1900,-3281,-1,2664,-343,24,-828
2025-06-10,444500,462000,441000,458500,193581,88756888500,4.2045,-34893,35949,14,-10766,2702,9536,-764,69,-664,-901,-169,-99
2025-06-11,462500,463000,439000,451500,156304,70571256000,-1.5267,36434,-34466,-2662,107,-3567,-2919,273,-509,4068,655,39,-115
2025-06-12,451500,460000,450500,460000,210578,96865880000,1.8826,-44316,-3268,47921,-323,16451,10688,1763,-405,19828,-289,-48,-81
2025-06-13,460500,533000,452500,526000,629467,331099642000,14.3478,-60738,-28366,86398,-7099,71552,12977,-2443,0,11427,2441,265,-16
2025-06-16,548000,557000,535000,554000,211765,117317810000,5.3232,-3612,-22738,27832,7869,10779,-3215,-603,-238,13281,-1652,170,-41
2025-06-17,540000,572000,539000,561000,220561,123734721000,1.2635,-3555,-10557,14821,5326,-759,2174,-746,0,9837,-445,-264,-1011
2025-06-18,580000,584000,560000,563000,153968,86683984000,0.3565,25572,-22147,-3884,-7925,-2201,-5218,-980,0,12466,486,-27,-26
2025-06-19,571000,595000,568000,593000,162655,96454415000,5.3286,-17110,15121,2549,-1753,2358,3014,-1257,0,219,-506,-54,-32
2025-06-20,598000,621000,594000,609000,218715,133197435000,2.6981,12553,-12290,-1549,-1164,-1545,-2784,1169,-29,2873,1159,127,-69
2025-06-23,648000,650000,622000,630000,249566,157226580000,3.4483,13500,9255,-29385,-15385,-2475,-1918,-1169,0,-8429,6666,-36,-9
2025-06-24,576000,589000,536000,554000,513343,284392022000,-12.0635,44879,25159,-70593,-28822,-24618,-15670,-11775,0,12207,670,-115,-1915
2025-06-25,540000,549000,525000,527000,298512,157315824000,-4.8736,-33805,80324,-41910,-24704,-10868,-6305,-4571,-400,5015,-4271,-338,-77
2025-06-26,540000,549000,514000,524000,196440,102934560000,-0.5693,27616,-19965,-9660,-882,-2280,-7497,91,0,908,1810,199,0
2025-06-27,534000,555000,530000,543000,186495,101266785000,3.626,-26703,8174,16668,-2154,2900,15534,95,0,199,1782,79,94
2025-06-30,535000,551000,528000,540000,119318,64431720000,-0.5525,-27059,30876,-2537,-2871,-2604,-1211,-812,0,4961,-1436,156,0
2025-07-01,553000,563000,537000,538000,104303,56115014000,-0.3704,4161,2490,-7717,-9051,-4299,-2813,-593,0,9249,1123,-57,-210
2025-07-02,533000,542000,506000,523000,145173,75925479000,-2.7881,-11897,30757,-18983,-7729,-4402,-2939,-2930,0,-684,-369,492,-299
2025-07-03,530000,534000,510000,516000,94927,48982332000,-1.3384,-5508,27798,-21127,-12274,-5594,-2246,-761,0,136,-1019,-144,-388
2025-07-04,512000,519000,487000,490500,168971,82880275500,-4.9419,-18942,63536,-52899,-19082,-17303,-11587,-2099,0,-2826,8301,4,-2
2025-07-07,479000,503000,479000,500000,109586,54793000000,1.9368,-12971,26743,-14020,-11520,-3029,-723,335,0,904,263,-15,13
2025-07-08,505000,525000,502000,524000,112490,58944760000,4.8,5707,-9697,3100,-1605,-1522,4272,934,0,538,866,24,483
2025-07-09,554000,575000,549000,569000,261760,148941440000,8.5878,-26958,-25501,62183,20163,16780,9292,5304,0,10384,-10119,395,260
2025-07-10,571000,599000,567000,591000,177401,104843991000,3.8664,-29132,-15699,45272,11304,12806,5367,1767,0,13884,-456,15,144
2025-07-11,594000,602000,566000,570000,166692,95014440000,-3.5533,-16232,13857,3682,1689,-17544,5509,-679,0,15231,-1454,147,-524
2025-07-14,576000,599000,575000,589000,124059,73070751000,3.3333,1785,-12517,13427,-1277,5427,7829,-180,300,1328,-2678,-17,0
2025-07-15,589000,615000,589000,610000,126345,77070450000,3.5654,-16488,-705,16185,1900,8453,6120,-1486,300,919,981,27,-21
2025-07-16,603000,629000,594000,611000,120399,73563789000,0.1639,-641,-13872,13531,2511,5598,1352,1942,300,1685,875,107,143
2025-07-17,624000,638000,612000,628000,112424,70602272000,2.7823,-2211,-9035,11603,3987,7285,1483,880,576,-2691,-393,36,83
2025-07-18,626000,639000,620000,631000,88640,55931840000,0.4777,-10210,-7035,17721,-3927,7208,11422,84,0,2933,135,-611,1
2025-07-21,630000,644000,623000,630000,93725,59046750000,-0.1585,873,-9349,8304,-37,4391,2934,-231,-300,1549,151,21,-2
2025-07-22,608000,613000,579000,591000,212896,125821536000,-6.1905,15351,9687,-23239,-15607,-5182,-2107,-5124,154,5167,-1741,-58,-540
2025-07-23,594000,599000,583000,593000,88717,52609181000,0.3384,-3677,18294,-16004,-13326,-2764,-4238,284,-13,4053,1353,34,0
2025-07-24,597000,600000,580000,584000,92233,53864072000,-1.5177,19218,-11827,-7974,-8235,-669,405,-564,-700,2282,522,61,-493
2025-07-25,582000,602000,582000,598000,85485,51120030000,2.3973,-16775,13382,3221,-1332,1453,-55,1339,0,1825,199,-27,-9
2025-07-28,620000,621000,596000,601000,76153,45767953000,0.5017,10842,-8083,-1696,-2973,1405,3030,381,0,-3490,-1030,-33,-49
2025-07-29,598000,623000,589000,622000,108816,67683552000,3.4942,-35587,15896,19939,3675,3791,10831,448,0,1194,-79,-169,0
2025-07-30,617000,625000,597000,615000,99826,61392990000,-1.1254,1108,-6172,4377,-518,-442,-6217,-1700,100,13172,1102,-415,-18
2025-07-31,610000,635000,602000,628000,122902,77182456000,2.1138,-19480,21930,-3650,1038,133,2324,389,0,-7504,1254,-54,-30
2025-08-01,621000,624000,581000,592000,160271,94880432000,-5.7325,35556,-24110,-12561,-1242,-4752,-13054,-1065,0,7889,769,346,-337
2025-08-04,594000,604000,583000,600000,76931,46158600000,1.3514,1627,-5069,3204,-2301,-1744,1232,6,-100,6600,212,26,-489
2025-08-05,608000,622000,605000,614000,70183,43092362000,2.3333,-5095,10578,-4407,-69,-2272,713,337,500,-3616,-1050,-26,0
2025-08-06,612000,613000,590000,603000,125184,75485952000,-1.7915,29632,-28442,-1540,-3791,-7215,129,-886,194,10043,319,31,-14
2025-08-07,609000,625000,598000,603000,154473,93147219000,0.0,18865,-36073,16582,-3337,-2459,17626,-2477,300,7040,563,63,-111
2025-08-08,554000,567000,511000,513000,674003,345763539000,-14.9254,296392,-98485,-206398,-47051,-51726,-73712,-13606,-464,-19629,7636,855,-210
2025-08-11,498000,510000,496500,503000,167410,84207230000,-1.9493,-39341,60677,-20374,-6442,-11731,-6020,-1943,-300,6124,-1087,125,-62
2025-08-12,508000,511000,496500,499000,161473,80575027000,-0.7952,-20350,25346,-5245,-8916,-2220,-6314,-684,0,12898,205,44,-9
2025-08-13,500000,503000,479000,502000,202691,101750882000,0.6012,-22444,48428,-25407,-10886,-6138,-7152,-3101,-56,1970,-345,-232,-44
2025-08-14,501000,511000,499500,506000,112692,57022152000,0.7968,-18468,24512,-6229,-620,739,2389,12,0,-8748,-121,306,-1
2025-08-18,504000,519000,503000,509000,102592,52219328000,0.5929,-21301,18031,3314,-69,742,8368,-83,0,-5644,26,-70,0
2025-08-19,506000,512000,484000,484500,133342,64604199000,-4.8134,5676,12397,-18677,-3411,-2743,-6438,-1139,0,-4875,502,102,-71
2025-08-20,466500,480500,461000,476000,176134,83839784000,-1.7544,-9986,31129,-21626,-12765,-5500,-4807,-1413,-33,2924,358,125,-32
2025-08-21,485000,505500,484500,495500,150540,74592570000,4.0966,-4285,3366,519,3636,2861,2156,451,0,-8985,344,56,400
2025-08-22,510000,533000,505000,524000,165163,86545412000,5.7518,-44381,33860,10877,-875,5786,5517,1716,0,-2167,36,-392,900
2025-08-25,529000,529000,510000,521000,111519,58101399000,-0.5725,13017,-23713,9383,5251,37,3162,115,0,817,1241,72,1
2025-08-26,519000,535000,516000,522000,997381,520632882000,0.1919,-21468,34169,-12722,-5350,19874,-1286,-354,0,-25606,92,-71,0
2025-08-27,521000,522000,487500,494500,236846,117120347000,-5.2682,87565,-100052,11911,5651,-2976,-1725,-1258,0,13231,351,225,-1012
2025-08-28,495000,505000,493000,497000,121482,60376554000,0.5056,-3737,-5708,9434,408,-1690,7275,-217,0,3658,-28,39,0
2025-08-29,500000,501000,487000,489500,99075,48497212500,-1.5091,13308,-7111,-6757,-2646,-1947,-4927,-1107,-7,3894,446,114,-17
2025-09-01,496000,503000,490500,493000,83486,41158598000,0.715,-2776,7210,-4679,4845,-5417,3898,121,0,-8127,465,-220,1
2025-09-02,496500,509000,492000,502000,107849,54140198000,1.8256,-20514,10743,9947,7069,4234,4126,555,0,-6037,-132,-44,0
2025-09-03,505000,507000,495500,500000,82184,41092000000,-0.3984,13644,-16835,2774,-397,-1634,8141,-515,0,-2821,435,-18,0
2025-09-04,497500,502000,491000,494000,96581,47711014000,-1.2,30634,-28223,-2930,-3937,1437,3134,-843,0,-2420,486,33,-301
2025-09-05,491000,494000,475500,476000,199430,94928680000,-3.6437,74678,-52658,-23727,-12179,-4726,-10530,-2362,0,6080,1311,396,-10
2025-09-08,478500,481500,473500,481000,110348,53077388000,1.0504,5329,4866,-10846,-8895,-3374,-1309,-2725,0,5457,1274,-623,0
2025-09-09,484500,485000,470500,473500,144894,68607309000,-1.5593,35187,-28279,-9015,-10172,-4435,-595,-935,0,7123,2126,-19,-1
2025-09-10,476000,501000,474000,497000,242701,120622397000,4.963,-13937,3325,7981,-4771,-444,2503,450,-8,10267,2516,115,-16
2025-09-11,501000,511000,495500,503000,206149,103692947000,1.2072,-9605,-37772,48135,1573,8347,11636,302,0,26276,-765,7,1
2025-09-12,507000,507000,498500,504000,105933,53390232000,0.1988,-4947,2319,2486,2561,137,2846,-1107,0,-1252,141,1,-699
2025-09-15,505000,512000,493500,495000,134173,66415635000,-1.7857,27662,-14787,-13552,-814,7743,-3178,-1022,0,-16281,534,143,0
2025-09-16,499500,544000,499000,542000,316829,171721318000,9.4949,-97698,62847,38130,13012,11281,13552,1206,0,-918,-3040,-239,-3
2025-09-17,535000,535000,516000,517000,133524,69031908000,-4.6125,33047,-23642,-11682,-4795,827,-2797,15,0,-5050,2219,58,118
2025-09-18,524000,525000,501000,509000,117810,59965290000,-1.5474,20476,-29146,7035,-2259,1954,1317,1464,0,4560,1596,39,-1
2025-09-19,512000,520000,508000,513000,262876,134855388000,0.7859,5179,-1431,-3683,-1253,-1286,881,-155,0,-1870,-82,17,0
2025-09-22,520000,520000,490000,496000,204438,101401248000,-3.3138,98073,-88833,-10991,-403,-1684,-5284,-20,0,-3602,1496,255,2
2025-09-23,500000,507000,492500,493500,78555,38766892500,-0.504,17035,-16135,-2330,-1336,-864,-526,-650,0,1047,786,644,-1
2025-09-24,499000,503000,491500,496000,104472,51818112000,0.5066,11733,-13045,-1676,1961,197,3726,-178,0,-7382,2797,191,0
2025-09-25,500000,515000,494000,494000,135206,66791764000,-0.4032,-4269,7731,-3393,-2630,573,3983,-1766,0,-4053,-124,55,500
2025-09-26,498000,511000,486000,491000,155669,76433479000,-0.6073,-1946,-2120,4161,2042,324,1322,-405,0,878,-105,10,0
2025-09-29,501000,527000,495500,507000,148832,75457824000,3.2587,-38142,10682,23130,5921,7773,9074,-834,0,1197,4408,-78,-1
2025-09-30,514000,527000,510000,513000,149566,76727358000,1.1834,-13329,-29036,41440,5122,12123,21291,2810,0,94,874,51,0
2025-10-01,517000,522000,503000,507000,104099,52778193000,-1.1696,11439,-11914,3993,165,-549,844,90,-3,3446,-3517,-1,0
2025-10-02,509000,514000,497500,505000,151441,76477705000,-0.3945,3447,-18591,13854,2956,8058,-3460,-1119,0,7423,1232,58,-4
2025-10-10,496000,498000,469000,480000,254265,122047200000,-4.9505,97072,-67665,-23255,-1384,-7487,-10093,-1728,0,-2564,-6481,329,1
2025-10-13,475500,476250,460500,465000,153167,71222655000,-3.125,32303,-25481,-4002,-4626,-8005,1120,-738,0,8246,-3033,213,1
2025-10-14,461000,467000,443500,447000,204635,91471845000,-3.871,13610,-4291,-14681,-7482,-12357,2347,-2931,0,5741,5288,74,1
2025-10-15,454500,459000,450000,457000,99131,45302867000,2.2371,-12823,7374,5275,-1774,1085,-360,-1080,0,7404,187,-13,0
2025-10-16,452500,458000,438000,445000,168633,75041685000,-2.6258,23203,-16075,-9574,-13172,-9865,-9262,-1222,0,23947,1955,491,0
2025-10-17,439500,443500,430500,433500,155377,67355929500,-2.5843,-17207,39508,-22160,-14098,-4424,-4890,-2011,0,3265,-186,45,-2
2025-10-20,440000,447000,440000,443500,118494,52552089000,2.3068,8176,897,-9819,-12065,-9470,52,-1306,0,12969,683,63,1
2025-10-21,448500,449000,440000,443500,104500,46345750000,0.0,19794,-17677,-2007,-11609,-3026,340,-1245,0,13532,-181,71,1
2025-10-22,447500,452000,434500,450000,156249,70312050000,1.4656,20672,-11474,-10040,-3238,965,-7419,-1579,0,1236,778,64,-5
2025-10-23,463000,474000,448500,460500,336580,154995090000,2.3333,29394,-49648,18164,5861,13804,22853,441,0,-25144,1712,378,349
2025-10-24,466500,494000,449500,485000,352684,171051740000,5.3203,-54256,-57214,112273,14686,20735,37680,7257,632,30782,-543,-260,501
2025-10-27,488000,515000,484500,507000,211349,107153943000,4.5361,-16110,-17625,32726,2098,685,14066,341,0,15179,771,238,357
2025-10-28,507000,510000,494500,504000,144858,73008432000,-0.5917,-9972,-29468,38349,7286,4236,14781,831,-7,11141,1104,-13,81
2025-10-29,506000,519000,504000,511000,135637,69310507000,1.3889,-34767,9652,25388,-2230,2885,19573,-1391,-9,6547,-269,-4,13
2025-10-30,514000,523000,508000,513000,153137,78559281000,0.3914,-28688,23940,4380,6730,4017,-1078,996,0,-6305,368,0,20
2025-10-31,515000,534000,511000,519000,131306,68147814000,1.1696,-26021,-1224,25467,1924,-562,10499,183,0,13423,1843,-65,0
2025-11-03,517000,534000,517000,533000,155397,82826601000,2.6975,-17785,-10082,27333,4798,11186,7134,-436,0,4650,587,-53,1
2025-11-04,528000,537000,522000,523000,122315,63970745000,-1.8762,-24824,14240,10502,9829,-1826,3000,306,0,-807,152,-70,0
2025-11-05,509000,511000,462000,477000,276461,131871897000,-8.7954,34096,-19070,-16561,1114,-4157,-26924,-682,127,14074,1400,135,-113
2025-11-06,491500,498500,469500,481000,153086,73634366000,0.8386,-961,-13587,13916,1781,-1813,9994,-138,0,4126,627,5,-34
2025-11-07,451000,452000,395000,401500,776332,311697298000,-16.5281,367436,-161395,-208917,-36195,-25639,-67594,-6821,-223,-72060,1003,1873,-385
2025-11-10,404500,419000,399000,418000,217011,90710598000,4.1096,-34954,33405,2353,7138,1156,-8861,-1064,-82,4005,-878,74,61
2025-11-11,418500,429000,406000,409000,174699,71451891000,-2.1531,-29351,40081,-10545,-3634,-2861,-3234,-766,0,-52,-73,-112,2
2025-11-12,411000,415500,399000,403500,156563,63173170500,-1.3447,17842,20210,-38222,-12122,-16575,-9120,-747,269,71,48,122,2
2025-11-13,404000,413000,401000,408500,116448,47569008000,1.2392,-5896,23841,-18652,-5000,-758,-82,-698,-11,-12077,706,1,-26
2025-11-14,401500,420000,400000,408000,133902,54632016000,-0.1224,-16920,5666,10492,9431,2053,1679,1521,0,-4225,898,-136,33
2025-11-17,417000,427000,408000,425000,178079,75683575000,4.1667,-47213,13559,37405,20976,1716,1327,1307,183,12042,-3166,-585,-146
2025-11-18,429500,433500,400500,400500,192497,77095048500,-5.7647,62046,-53071,-6825,1584,-29,-4454,920,0,-4731,-2188,38,-115
2025-11-19,409000,412000,390500,406500,156113,63459934500,1.4981,-5547,19199,-12399,4360,-5793,-12126,-870,-213,2472,-1264,11,-229
2025-11-20,406500,427500,406500,416500,151825,63235112500,2.46,-40227,33517,7335,3931,-403,-336,395,0,3749,-551,-74,-1
2025-11-21,403000,409500,396500,402000,106470,42800940000,-3.4814,10742,-9995,-447,4022,-2190,-2653,34,0,414,-294,-6,-74
2025-11-24,402500,405000,372000,394000,233989,92191666000,-1.99,-34982,36412,824,-3570,-1954,2546,-328,0,4131,-2132,-122,-1
2025-11-25,397500,399000,383000,384500,127289,48942620500,-2.4112,8751,8928,-15517,-390,-4628,-16366,58,-203,6092,-2143,-19,-80
2025-11-26,389000,393500,383000,392000,76672,30055424000,1.9506,-12457,-3647,16605,-4060,4272,6500,407,0,8986,-490,-11,500
2025-11-27,394000,396000,387500,389500,49669,19346075500,-0.6378,4567,-858,-4233,2331,-2343,-6795,13,0,2668,540,-16,-107
2025-11-28,392000,393000,379500,383000,89054,34107682000,-1.6688,14512,4843,-19456,-4648,-4129,-17521,-3561,0,10402,71,30,1
2025-12-01,379500,380000,364000,368000,156239,57495952000,-3.9164,6053,43195,-47312,-17905,-7729,-15425,-4257,-163,-1805,-2028,92,-28
2025-12-02,363500,368500,360000,364500,129063,47043463500,-0.9511,3022,11198,-12564,-14521,-1860,-1541,-748,0,7443,-1669,13,-1337
2025-12-03,370000,377500,368000,374500,73923,27684163500,2.7435,-5687,2093,3473,-866,-769,-357,-580,0,6044,84,37,1
2025-12-04,379000,380000,365000,368000,74145,27285360000,-1.7356,19915,-16702,-4134,-2345,-3399,-667,-1586,0,3861,719,202,2
2025-12-05,367000,374500,364500,372500,116532,43408170000,1.2228,-1133,-911,1936,-5564,-1110,-163,-1490,0,10262,54,54,1
2025-12-08,377500,390000,376000,387000,126583,48987621000,3.8926,-8119,-7356,13923,-546,4945,6257,993,0,2274,1472,80,0
2025-12-09,391000,398500,385500,388500,89341,34708978500,0.3876,10960,-17985,8253,4721,1818,2447,433,-102,-1038,-1258,30,-26
2025-12-10,390000,390500,381000,382500,66675,25503187500,-1.5444,629,-6644,5091,4963,2883,432,-137,0,-3051,807,117,1
2025-12-11,386000,388000,372000,372500,153312,57108720000,-2.6144,27908,16176,-44792,-11326,-1891,-2516,-764,151,-28446,703,5,0
2025-12-12,377500,385500,374500,383000,156667,60003461000,2.8188,1382,12995,-13701,-6282,-19970,-1672,-31,0,14257,-519,-157,-3
2025-12-15,382500,400000,378000,387000,165133,63906471000,1.0444,-17589,1298,15932,10244,1770,-77,1678,-265,2582,400,-41,0
2025-12-16,392000,392000,374500,377500,76713,28959157500,-2.4548,2771,-23737,20778,15804,506,1361,-419,0,3526,135,53,0
2025-12-17,379000,390000,373000,385000,75805,29184925000,1.9868,-17695,-5017,22661,7035,4694,1048,5859,0,4025,93,-42,0
2025-12-18,380000,394500,374000,383000,70184,26880472000,-0.5195,-6434,-4313,10480,5495,980,61,-103,0,4046,46,221,1
2025-12-19,389500,418000,384000,416000,369833,153850528000,8.6162,-98896,26951,74361,33965,11533,17558,5848,29,5430,-2553,137,-2
2025-12-22,425000,427000,413000,418000,112073,46846514000,0.4808,5364,-16557,11310,4743,189,1359,-195,468,4745,-22,-95,1
2025-12-23,420000,422000,413000,417000,79028,32954676000,-0.2392,-6237,-6440,14041,11938,-243,388,2005,0,-46,-1467,103,-1
2025-12-24,419500,421500,411500,414000,86936,35991504000,-0.7194,-13403,15544,-1719,4158,-3206,-468,1235,0,-3439,-364,-58,1
2025-12-26,412500,418500,395500,398000,88491,35219418000,-3.8647,11321,2592,-15147,-505,-332,-11752,112,0,-2667,1100,134,-3
2025-12-29,397000,432500,397000,431000,209557,90319067000,8.2915,-73470,34915,39823,13282,14790,19315,-304,-1,-7259,-952,-316,0
2025-12-30,428000,429500,416500,421000,89663,37748123000,-2.3202,12989,-23139,11564,4704,-913,3069,86,0,4631,-954,-460,-13
2026-01-02,423500,440000,423000,439000,124193,54520727000,4.2755,-19582,-22935,40482,9865,16015,6451,1047,0,7109,1820,215,-5
2026-01-05,453500,470000,440000,468500,201516,94410246000,6.7198,-18979,-25856,40547,19616,5015,19848,1057,9,-5218,3688,600,220
2026-01-06,467000,495000,460500,495000,233372,115519140000,5.6564,-43672,-1107,43934,29299,6492,13964,3903,2020,-11775,580,265,31
2026-01-07,490500,509000,486500,489500,179094,87666513000,-1.1111,-21210,5272,13672,10810,5375,-847,-2657,0,994,2009,257,-3
2026-01-08,513000,537000,510000,531000,328512,174439872000,8.478,-72520,15598,58841,41543,17882,11449,3671,-1617,-14427,-1214,-705,340
2026-01-09,535000,550000,528000,542000,248634,134759628000,2.0716,-36046,-12063,48412,32353,5483,322,6226,0,4025,-352,49,3
2026-01-12,564000,576000,547000,560000,200496,112277760000,3.321,-28892,-3479,33810,5284,5531,11169,-333,0,12148,-1702,263,11
2026-01-13,561000,572000,546000,570000,153569,87534330000,1.7857,-25996,-503,32337,12312,129,4814,-99,1000,14164,-5685,-153,17
2026-01-14,561000,567000,549000,556000,148422,82522632000,-2.4561,-23348,38304,-15268,-9731,-3586,-10677,-1835,-1000,11561,386,-74,0
2026-01-15,567000,568000,543000,556000,175688,97682528000,0.0,-26026,46409,-17440,-1926,-784,-29497,-1335,0,16266,-2709,-234,-164
2026-01-16,551000,552000,529000,535000,187565,100347275000,-3.777,-3140,33778,-28023,-30048,-5852,-12632,-1667,0,22175,-2470,-145,1
2026-01-19,542000,560000,532000,554000,124923,69207342000,3.5514,-25946,16939,9022,2154,1989,1681,403,0,2759,55,-70,36
2026-01-20,550000,578000,546000,550000,149649,82306950000,-0.722,-15306,7651,8393,-4243,2675,-1691,-739,0,12391,-736,-2,0
2026-01-21,550000,551000,530000,543000,127993,69500199000,-1.2727,-991,-12890,14361,-3163,-1778,177,158,0,18970,-25,-455,-3
2026-01-22,545000,548000,525000,529000,135695,71782655000,-2.5783,-1383,3882,-1458,-3940,-4136,-4089,-3121,0,13829,-638,-403,-1
2026-01-23,532000,539000,517000,528000,85741,45271248000,-0.189,-3215,14885,-10924,-8244,-3569,-5886,-4673,-45,11523,-819,73,-30
2026-01-26,535000,544000,520000,529000,81906,43328274000,0.1894,9211,-2599,-5219,-3111,-2020,-2666,69,-49,2621,-1503,110,-63
2026-01-27,529000,530000,500000,512000,104099,53298688000,-3.2136,12228,-14034,2501,-1858,-2378,-1535,-2101,249,10125,-702,7,-1
2026-01-28,518000,530000,511000,527000,102652,54097604000,2.9297,-19837,20433,-567,2401,-2259,2204,1208,0,-4211,-76,47,90
2026-01-29,524000,530000,506000,525000,100189,52599225000,-0.3795,-4288,2280,2243,-5842,-1866,6800,-1109,0,4260,-195,-40,0
2026-01-30,540000,540000,478000,481500,443420,213506730000,-8.2857,227230,-134736,-94464,-15607,-22660,-22599,-4284,0,-29317,2213,-243,3
2026-02-02,477500,482500,446500,454000,197735,89771690000,-5.7113,13396,26208,-39308,-7093,-6145,-14506,-1806,0,-9758,-645,349,0
2026-02-03,464500,465000,455500,463500,166770,77297895000,2.0925,3375,4119,-5486,1135,77,-14355,-283,-484,8422,-1992,-16,2
2026-02-04,471500,474500,465000,469000,108094,50696086000,1.1866,13284,-9123,-3205,-1111,-862,-6,2,0,-1221,-835,-121,-7
2026-02-05,460000,465000,428000,434500,191082,83025129000,-7.3561,77080,-43541,-36293,-7771,-5272,-13017,-5802,0,-4445,911,1843,14
2026-02-06,415500,428500,399500,427000,146588,62593076000,-1.7261,3584,-16033,10845,-3625,-1836,2377,-1255,0,15317,86,1518,-133
2026-02-09,445000,450500,437500,448000,94918,42523264000,4.918,-2000,-15992,16921,-4599,1507,3980,-797,-129,16959,595,476,0
2026-02-10,451000,472000,442500,461000,182837,84287857000,2.9018,-1284,-13130,11398,771,-7695,12594,813,-64,5006,2925,91,-27
2026-02-11,468000,479000,457000,457500,121683,55669972500,-0.7592,9447,-16311,6953,6199,-4992,-2712,2083,0,6375,-137,48,0
2026-02-12,461000,461000,448500,455500,89970,40981335000,-0.4372,19099,-23733,4385,-9205,-2133,-2583,-928,0,19240,272,-23,-6
2026-02-13,451000,465500,440500,460000,110262,50720520000,0.9879,5018,-10464,4753,463,1226,4410,-288,-64,-995,667,26,1
2026-02-19,466000,479000,445500,463000,222355,102950365000,0.6522,56149,-19921,-35024,-33731,-232,-356,-1407,0,703,-1434,230,-1
2026-02-20,481000,495500,475000,486500,237780,115679970000,5.0756,-15191,-14298,25887,2867,16088,1618,822,59,4394,3590,12,39
2026-02-23,484000,500000,475500,489500,201257,98515301500,0.6166,-18103,4519,16029,1450,11239,4565,-954,0,-271,-2209,-236,0
2026-02-24,495000,525000,484000,521000,283147,147519587000,6.4351,-80606,7394,74740,28366,10891,11179,7644,6,16656,-1356,-172,-2
2026-02-25,517000,524000,503000,509000,182901,93096609000,-2.3033,10742,-23739,12257,17045,4762,-15469,2262,0,3652,635,105,5
2026-02-26,509000,510000,495500,503000,116187,58442061000,-1.1788,-3410,1566,2712,639,2389,-1569,-1531,102,2676,-835,-33,6
2026-02-27,525000,530000,505000,509000,283158,144127422000,1.1928,-9321,-16857,26940,26457,3859,5663,2635,19,-11691,-844,82,-2
2026-03-03,602000,661000,596000,661000,1163311,768948571000,29.8625,-117538,18969,93184,26984,3264,37068,5200,-295,21074,12696,-7311,-111
2026-03-04,825000,844000,592000,619000,2187274,1353922606000,-6.354,455576,-371924,-82315,-15373,-13504,-22257,-2492,-1,-28450,-1665,328,-238
2026-03-05,648000,792000,620000,763000,2017202,1539125126000,23.2633,54344,-193155,139626,15115,14187,56188,7568,3,46498,988,-1803,67
2026-03-06,843000,899000,796000,834000,1559685,1300777290000,9.3054,206202,-256541,49445,5457,29324,21585,1586,21,-8562,-185,1079,34
2026-03-09,877000,890000,785000,796000,884005,703667980000,-4.5564,180518,-142572,-43175,-2693,-9654,-30795,-1551,0,1521,4558,671,-3
2026-03-10,735000,788000,725000,759000,717406,544511154000,-4.6482,37386,28214,-66946,-21848,-12165,-16142,-6535,0,-10226,294,1052,-30
2026-03-11,732000,787000,731000,742000,631530,468595260000,-2.2398,-61405,68636,-10867,1219,1458,-7194,-268,0,-6048,3419,217,-34
2026-03-12,760000,773000,740000,755000,421549,318269495000,1.752,-37958,-13979,51551,4613,1749,-2430,2018,12,45589,586,-200,0
2026-03-13,756000,758000,710000,723000,363214,262603722000,-4.2384,34060,-5887,-26803,-3559,-2148,945,-3199,-20,-18818,-1815,445,-4
2026-03-16,712000,773000,708000,730000,607987,443830510000,0.9682,-62744,12229,46617,9555,6487,23261,472,0,6753,5110,-1212,89
2026-03-17,725000,726000,692000,705000,265204,186968820000,-3.4247,19881,-8685,-9869,-4163,1382,-1141,126,17,-6095,-1136,-191,5
2026-03-18,703000,706000,683000,689000,281479,193939031000,-2.2695,-9538,31218,-20926,-2848,-8856,-16551,504,0,6824,-533,-221,1
2026-03-19,720000,721000,681000,702000,313967,220404834000,1.8868,43375,-58467,13891,13466,944,6199,584,0,-7311,1062,139,9
2026-03-20,684000,697000,661000,661000,297348,196547028000,-5.8405,43778,-19306,-22214,-5048,-4982,-20758,3536,0,5036,-2617,359,2
2026-03-23,661000,668000,625000,640000,253646,162333440000,-3.177,-51905,52191,5967,2121,3316,-1628,1611,0,544,-6315,62,3
2026-03-24,641000,674000,621000,641000,266168,170613688000,0.1562,-7857,-8844,15093,1227,5109,-1131,509,2,9377,1319,289,0
2026-03-25,637000,745000,630000,734000,732345,537541230000,14.5086,-63748,-20707,78728,4108,16439,19189,2048,-38,36873,5693,34,109
2026-03-26,754000,765000,729000,735000,415401,305319735000,0.1362,-78829,18873,59111,7203,9751,12371,2211,0,27575,795,50,0
2026-03-27,723000,746000,709000,735000,289394,212704590000,0.0,-16798,-5963,23894,7880,4744,12170,1038,32,-1976,-1155,22,6
2026-03-30,714000,714000,665000,686000,288820,198130520000,-6.6667,27735,-25597,-4380,-4382,5463,-12852,621,55,6714,1884,358,1
2026-03-31,651000,669000,604000,611000,409838,250411018000,-10.9329,35242,-12769,-20733,-11735,-15233,-15152,-1103,12,22587,-1340,-400,-109
2026-04-01,643000,794000,636000,794000,856746,680256324000,29.9509,-157246,50374,67566,-357,11076,19302,-2193,700,38972,39735,-429,66
2026-04-02,782000,807000,762000,784000,736723,577590832000,-1.2594,-21231,-12660,77618,810,33449,20759,3553,1495,17551,-42824,-903,1
2026-04-03,801000,893000,764000,860000,946418,813919480000,9.6939,-80994,5376,73171,5192,21710,46640,749,33,-1186,1155,1292,33
2026-04-06,856000,868000,794000,810000,381147,308729070000,-5.814,62609,-56659,-7213,-2231,7595,1851,916,-1000,-14344,904,359,0
2026-04-07,796000,865000,794000,827000,471547,389969369000,2.0988,-51873,34561,16708,2335,11729,-529,4447,500,-1814,1857,-1253,40
2026-04-08,803000,846000,798000,833000,412630,343720790000,0.7255,-50006,35873,15414,-4708,3716,6954,-677,0,9992,-8,-1273,137
2026-04-09,864000,926000,818000,887000,753754,668579798000,6.4826,-74029,38647,29432,9484,14053,20626,2375,600,-17766,5983,-33,60
2026-04-10,890000,949000,882000,921000,459477,423178317000,3.8331,-37813,20301,17856,8490,-10919,14944,1782,1032,2504,203,-547,23
2026-04-13,978000,979000,915000,939000,379317,356178663000,1.9544,103064,-114404,8921,8071,6903,3901,2585,18,-12663,2011,408,106
2026-04-14,935000,967000,920000,934000,365143,341043562000,-0.5325,-142,31703,-30938,-1250,-4078,-21167,-1,0,-4487,-497,-126,45
2026-04-15,917000,917000,882000,893000,401727,358742211000,-4.3897,60484,-25566,-39384,-4955,-4606,-22487,-4998,-445,-1792,4592,-126,-101
2026-04-16,882000,908000,871000,883000,294554,260091182000,-1.1198,37221,-18270,-18326,1336,-11193,-17119,-1906,-559,11006,-668,43,109
2026-04-17,883000,893000,870000,876000,152723,133785348000,-0.7928,-11303,1180,9423,-475,-2402,-8896,-783,-13,21995,735,-35,-3
2026-04-20,895000,943000,888000,921000,350983,323255343000,5.137,-91396,72583,19842,3586,1252,6699,-130,0,8274,-640,-389,161
2026-04-21,918000,929000,899000,909000,165856,150763104000,-1.3029,217,14532,-14057,-6761,-4995,-4424,-1555,0,3678,-678,-14,0
2026-04-22,970000,1118000,962000,1020000,1256173,1281296460000,12.2112,-2979,30476,-27253,-2359,-11127,17475,-2924,1000,-29194,493,-737,-124
2026-04-23,993000,993000,957000,966000,343799,332109834000,-5.2941,70695,-52347,-23715,2610,-3293,-23059,-2209,-362,2588,4979,388,10
2026-04-24,996000,1024000,981000,989000,325655,322072795000,2.381,-40591,15327,23753,8043,2098,4818,824,23,7947,1636,-125,0
2026-04-27,982000,986000,942000,950000,279104,265148800000,-3.9434,117010,-97610,-19457,2809,-1240,-1767,-1489,-7,-17763,-271,328,0
2026-04-28,948000,948000,911000,933000,227157,211937481000,-1.7895,51741,-34572,-19605,-6236,-5173,-2280,-1655,-2312,-1891,2289,147,-58
2026-04-29,954000,1002000,949000,968000,312593,302590024000,3.7513,-110242,53119,56558,8702,14742,-5406,2003,1169,35318,556,9,30
2026-04-30,957000,965000,929000,941000,244235,229825135000,-2.7893,51597,6065,-58861,655,801,-8003,-319,-147,-51863,1192,7,15
2026-05-04,949000,1000000,925000,983000,295511,290487313000,4.4633,-18858,15202,4053,-531,4687,9036,-1339,0,-7764,-518,121,-36
2026-05-06,966000,998000,948000,979000,301524,295191996000,-0.4069,-29920,28902,697,1279,-6154,4154,-3305,0,4743,237,84,-20
2026-05-07,960000,991000,853000,866000,789152,683405632000,-11.5424,111445,-76014,-26931,-7461,-9187,-20640,-271,-1421,13031,-9276,776,-982
2026-05-08,891000,892000,818000,840000,459703,386150520000,-3.0023,108943,-8570,-102508,-3613,-36791,-35016,-1797,-173,-25107,2345,-210,-11
2026-05-11,845000,893000,827000,875000,376587,329513625000,4.1667,824,-5508,1564,8660,7573,-8768,472,1137,-7509,2680,440,-1
2026-05-12,882000,905000,845000,879000,309311,271884369000,0.4571,-29365,-9602,39126,3724,684,-3373,19,75,37998,-661,502,-1
2026-05-13,884000,903000,839000,873000,231942,202485366000,-0.6826,8529,-22697,14593,-1156,-723,-8425,-508,0,25429,353,-778,-24
2026-05-14,861000,889000,858000,878000,189552,166426656000,0.5727,-20057,32785,-11543,-3800,789,-2772,-1057,-27,-4674,-1319,134,-2
2026-05-15,874000,881000,827000,834000,224955,187612470000,-5.0114,-32607,24103,11287,199,7813,245,735,-1259,3553,-3113,330,1
2026-05-18,852000,882000,810000,839000,238726,200291114000,0.5995,4945,-32572,27880,6091,13119,-2361,1133,-27,9926,-512,259,-1
2026-05-19,841000,904000,841000,862000,361572,311675064000,2.7414,-56189,9828,45342,5233,16924,11120,2052,0,9229,-831,1850,784
2026-05-20,862000,883000,807000,833000,185418,154453194000,-3.3643,-24899,6993,18049,34162,-5060,-3103,939,0,-10146,1038,-1181,1257
2026-05-21,828000,890000,822000,862000,198410,171029420000,3.4814,-40650,18784,18384,679,19804,-4503,-447,-7,3052,1438,2044,-194
2026-05-22,872000,939000,872000,925000,264334,244508950000,7.3086,-96095,52155,40140,10331,9640,10098,332,-14,9758,968,2832,-5
2026-05-26,918000,924000,888000,913000,169145,154429385000,-1.2973,-18287,8739,12629,14875,2488,3190,-838,0,-6857,-339,-2742,-229
2026-05-27,904000,917000,875000,875000,187769,164297875000,-4.1621,7105,-18945,12760,17662,9653,-165,199,0,-14463,-818,-102,-126
2026-05-28,882000,883000,829000,856000,176690,151246640000,-2.1714,-11128,14449,-2497,5145,-12379,-1758,1327,0,5271,-21,-803,-103
2026-05-29,857000,872000,801000,801000,253196,202809996000,-6.4252,1019,-549,-4155,1506,-525,-2368,-2527,0,360,208,3477,-601
2026-06-01,780000,818000,761000,776000,278511,216124536000,-3.1211,-18190,42136,-22823,-81,-3063,-4530,-1668,-22,-13289,-2498,1375,-170
2026-06-02,757000,760000,720000,726000,223611,162341586000,-6.4433,-45322,490,43457,10153,-9477,-12775,-1292,-33,57005,-2133,3508,-124
2026-06-04,720000,750000,682000,733000,246559,180727747000,0.9642,9883,-25887,17115,-11877,-1205,-392,-1065,0,31729,-692,-419,-75
2026-06-05,731000,741000,705000,726000,120526,87501876000,-0.955,-22740,23075,2262,-3186,-201,8062,783,0,-3235,-104,-2493,39
2026-06-08,660000,716000,660000,696000,189096,131610816000,-4.1322,-38674,64896,-22377,-694,-906,-2663,345,129,-18679,-22,-3823,91
2026-06-09,704000,755000,698000,725000,275179,199504775000,4.1667,-45163,55756,-11316,2580,1416,-3547,119,23,-11907,49,674,0
2026-06-10,736000,795000,726000,790000,250508,197901320000,8.9655,-40432,15532,24392,3410,3405,26153,932,52,-9563,1547,-1039,3
2026-06-11,796000,807000,732000,764000,229357,175228748000,-3.2911,4590,24565,-26662,2677,2132,-10230,720,4,-21964,-1644,-849,-1
2026-06-12,764000,797000,758000,772000,210485,162494420000,1.0471,-34277,55207,-22887,-813,-58215,14685,-504,0,21959,-211,2168,1
2026-06-15,783000,861000,772000,845000,206786,174734170000,9.456,-48281,38052,11465,4011,11830,-3227,-188,0,-958,-539,-697,-3
2026-06-16,943000,1098000,936000,1002000,953463,955369926000,18.5799,-127581,45667,74728,20283,12775,12008,4364,643,24668,7323,-137,-13
2026-06-17,997000,1003000,948000,950000,301817,286726150000,-5.1896,8586,-23681,17466,1131,11533,-6183,2402,0,8601,1017,-3388,-18
2026-06-18,936000,937000,873000,884000,241830,213777720000,-6.9474,6934,21127,-26846,-166,-13004,-26526,-920,-415,13591,-767,-448,594
2026-06-19,870000,878000,831000,852000,177585,151302420000,-3.6199,-11575,37320,-25178,-1306,-9250,-5062,-1662,0,-7875,-1247,680,-23
2026-06-22,874000,884000,840000,848000,121432,102974336000,-0.4695,15806,7238,-23659,-7948,-7038,-706,32,0,-7980,1186,-571,-19
2026-06-23,840000,879000,806000,809000,178084,144069956000,-4.5991,-18984,7600,11929,8959,-1273,9385,1340,-33,-6450,-420,-125,1
2026-06-24,802000,838000,782000,824000,133804,110254496000,1.8541,12278,-34478,20626,4235,2269,1775,-905,-126,13377,378,1196,1
2026-06-25,835000,839000,769000,775000,125180,97014500000,-5.9466,12993,-20507,10790,2865,1800,-244,-482,-106,7016,-1608,-1668,-59
2026-06-26,820000,820000,700000,735000,234611,172439085000,-5.1613,-16169,-17855,41753,7019,1845,5043,1714,-70,26223,-7780,51,-21
2026-06-29,742000,763000,727000,745000,136368,101594160000,1.3605,8714,-19859,10517,-6000,4215,-2171,328,0,14146,626,2,-1
2026-06-30,760000,760000,712000,719000,101928,73286232000,-3.4899,10505,549,-11338,-7726,-2836,-3810,85,94,3002,-235,519,-147
2026-07-01,727000,789000,720000,770000,136866,105386820000,7.0932,-8603,-11203,16318,5183,1498,3665,-571,1984,4657,1378,2110,-98
2026-07-02,772000,785000,736000,762000,131336,100078032000,-1.039,13371,-24020,8684,-1736,1344,3398,232,-1990,7316,2160,-195,120
2026-07-03,781000,808000,747000,800000,215284,172227200000,4.9869,-19377,27222,-7575,19052,-1362,-9498,1649,0,-17431,-184,-86,15
2026-07-06,816000,853000,773000,815000,165511,134891465000,1.875,-3775,210,3090,3098,3766,8534,2961,0,-15269,222,253,0
2026-07-07,793000,847000,759000,799000,183793,146850607000,-1.9632,7877,-14501,5085,2142,6419,2243,1169,0,-6343,1493,46,-545
2026-07-08,827000,833000,705000,714000,246218,175799652000,-10.6383,48446,-38471,-10467,-11015,5046,-3159,397,0,-1728,302,190,-8
2026-07-09,707000,723000,653000,694000,215465,149532710000,-2.8011,9035,-29970,20684,6343,-8712,-5635,-1343,6,30025,562,-311,0
2026-07-10,695000,760000,688000,749000,125308,93855692000,7.9251,-24921,29089,-4040,-5362,-2445,-7233,-1389,0,12411,-124,-4,-22
2026-07-13,764000,804000,712000,725000,152324,110434900000,-3.2043,-17780,24195,-6221,-2366,-1167,-3934,128,0,982,-200,6,136
2026-07-14,743000,743000,653000,665000,183671,122141215000,-8.2759,12696,-2944,-8817,-7263,-1809,-2187,-268,-330,3037,-1062,127,3
2026-07-15,682000,761000,677000,757000,134277,101647689000,13.8346,-38850,49291,-9920,1836,-711,-303,-1181,0,-9556,-516,-5,-5
2026-07-16,743000,763000,727000,749000,130322,97611178000,-1.0568,-5972,16244,-9462,-10684,5970,9577,1383,0,-15469,-808,-2,-239
2026-07-20,778000,779000,687000,695000,131788,91592660000,-7.2096,6265,-4937,-1388,7670,-2176,-2569,1035,0,-5348,222,-162,0
2026-07-21,688000,698000,656000,672000,128175,86133600000,-3.3094,1883,9133,-10528,8013,-859,-5397,-700,0,-11487,-409,-79,-98
2026-07-22,687000,708000,665000,667000,125077,83426359000,-0.744,-20222,25031,-3615,-3334,-1024,-1346,-1230,40,3294,-1184,-10,-15
2026-07-23,679000,742000,675000,736000,112740,82976640000,10.3448,-29682,22573,7288,6981,-2874,828,-41,0,2395,-143,-36,-1
2026-07-24,745000,802000,734000,762000,229610,174962820000,3.5326,-19742,-11824,32406,60050,13101,-652,2266,52,-42520,-193,-647,109
2026-07-27,755000,755000,678000,696000,139076,96796896000,-8.6614,1400,15136,-16606,-6925,-526,676,103,22,-9914,38,32,-42
2026-07-28,680000,707000,657000,697000,147002,102460394000,0.1437,-19592,-14535,34234,1599,8182,4106,1292,7,19049,-57,-50,-1
2026-07-29,692000,705000,601000,620000,172747,107103140000,-11.0473,-14229,7061,7786,11483,594,-192,997,-62,-5033,-636,18,-1
2026-07-30,575000,678000,575000,641000,183968,117923488000,3.3871,-39012,7438,32035,21693,5137,4864,640,-62,-46,-603,142,-191
2026-07-31,651000,703000,632000,699000,121888,85199712000,9.0484,-18890,25901,-6317,-1862,2093,-5155,-1032,0,-411,-546,-148,50
2026-08-03,672000,699000,657000,699000,77506,54176694000,0.0,5361,5903,-11249,-3363,-1094,-649,891,18,-7068,-14,-1,16
2026-08-04,691000,808000,690000,801000,182444,146137644000,14.5923,-45462,37418,8180,-2335,4052,8761,85,115,-2503,-48,-88,5
2026-08-05,793000,819000,788000,798000,101538,81027324000,-0.3745,3747,8359,-11749,-648,-2098,-5768,304,37,-3576,-274,-83,0
