date,open,high,low,close,volume,trading_value,change_rate,individual_net,foreign_net,institution_net,pension_net,trust_net,privateequity_net,insurance_net,bank_net,financial_net,other_corp_net,other_foreign_net,other_finance_net
2016-05-26,42050,42750,41800,42150,125221,5278065150,-0.2367,16010,-20672,4594,14847,-12197,515,-5087,-56,6572,41,27,0
2016-05-27,42800,43500,42150,42350,160086,6779642100,0.4745,37426,-17031,-20924,-14207,-6243,-3707,-293,0,3527,547,-18,-1
2016-05-30,42700,42700,41850,41900,129359,5420142100,-1.0626,21873,-3925,-18059,3318,-3815,-22733,4840,-34,389,86,25,-24
2016-05-31,41300,42100,41000,41950,201256,8442689200,0.1193,-26367,3644,25231,10161,26511,-13844,4887,0,-2079,-2262,-246,-405
2016-06-01,41600,42250,41600,41900,76609,3209917100,-0.1192,21058,-21787,1728,8200,8649,-127,-6833,-19,-8142,-905,-94,0
2016-06-02,42000,42150,41300,41350,74784,3092318400,-1.3126,9629,-12660,1276,4235,5558,-133,-2672,-101,-5611,1720,35,0
2016-06-03,41250,41950,40850,41000,89046,3650886000,-0.8464,15393,-31114,14914,-844,-86,5450,1789,1050,9772,657,150,-2217
2016-06-07,40600,41650,40600,40950,126635,5185703250,-0.122,5638,876,-6785,-15631,4516,2468,-6567,-99,8528,0,271,0
2016-06-08,40750,40950,39900,40200,286565,11519913000,-1.8315,68808,-38964,-31864,-9088,7273,-17370,-8793,-426,4030,1626,394,-7490
2016-06-09,40600,41750,40250,40600,242234,9834700400,0.995,-16388,36353,-19982,-12097,-10800,-3614,-4113,-429,15089,-71,88,-4018
2016-06-10,40700,41400,40550,41200,147363,6071355600,1.4778,9819,-58229,44715,11928,24816,4548,-12951,-34,16372,3280,415,36
2016-06-13,40600,41550,40300,40650,109797,4463248050,-1.335,13975,-39500,21432,7077,18113,3040,-9646,0,3210,3697,396,-362
2016-06-14,41000,41200,40450,40800,122590,5001672000,0.369,-2876,-15142,16543,3369,4729,3955,3416,1010,29,1155,320,35
2016-06-15,40700,40850,40250,40600,73422,2980933200,-0.4902,2473,-16970,13525,5617,5400,3816,6962,0,-8270,679,293,0
2016-06-16,40650,40950,40400,40700,101384,4126328800,0.2463,2039,-47664,40429,29642,656,4383,10295,0,-4573,5177,19,26
2016-06-17,40900,41500,40850,41150,100628,4140842200,1.1057,-17940,-31154,49273,22146,11695,7806,1505,6010,111,-179,0,0
2016-06-20,41500,43050,41200,42550,161065,6853315750,3.4022,-54375,14311,41417,1397,21214,8655,2933,903,6315,-1513,160,0
2016-06-21,42750,42800,41650,42050,79011,3322412550,-1.1751,11641,-32835,20483,8567,7218,-507,-2136,8169,-828,593,118,0
2016-06-22,42050,42950,42000,42200,84894,3582526800,0.3567,3487,-1480,-2943,-3793,4022,441,2327,218,-6158,911,25,0
2016-06-23,41950,42800,41700,42650,72588,3095878200,1.0664,-24208,9135,15379,5522,3416,1258,3920,488,817,-50,-256,-42
2016-06-24,42650,42650,40000,40450,190687,7713289150,-5.1583,3689,-1044,-2933,3688,11697,3210,67,0,-21837,54,234,242
2016-06-27,39500,41200,38150,41150,116406,4790106900,1.7305,-40406,3674,36264,19240,13731,-5953,2989,-1121,6211,340,128,1167
2016-06-28,40400,41150,40400,40650,66968,2722249200,-1.2151,15334,-18065,473,10938,-3395,-615,-5623,-32,-832,2248,10,32
2016-06-29,40700,41500,40650,41250,77143,3182148750,1.476,5287,-10216,3695,21885,-1160,-34,-9141,1106,-8961,1280,-46,0
2016-06-30,40950,41650,40600,41400,90478,3745789200,0.3636,-5629,-9930,15525,10242,895,63,10626,-130,-6171,17,17,0
2016-07-01,41400,42350,41400,41750,71785,2997023750,0.8454,-13155,-537,15691,-3622,6454,18120,-3820,0,-1441,-1924,-75,0
2016-07-04,41900,41900,40200,40350,169512,6839809200,-3.3533,93496,-8508,-84138,-24222,-15087,-10444,-8327,-2000,-24058,-1171,321,0
2016-07-05,40100,40700,39900,40250,95420,3840655000,-0.2478,19291,13184,-31261,-18835,-571,-165,-13242,0,1552,-1185,-29,0
2016-07-06,40400,40450,38150,38300,252766,9680937800,-4.8447,116773,8191,-129731,-75929,-12632,-21358,-25535,2080,3598,4181,586,45
2016-07-07,38300,38850,37450,37550,223525,8393363750,-1.9582,68773,25183,-94600,-30694,-34288,-587,-21076,-2532,-5423,478,166,0
2016-07-08,37500,38300,37450,38150,166753,6361626950,1.5979,25550,-22417,-4559,-20242,-2522,14064,6298,0,5269,1279,147,-7426
2016-07-11,38400,39150,38000,39000,117829,4595331000,2.228,-34517,18300,16024,-1516,2896,4100,4747,-32,7275,44,149,-1446
2016-07-12,39000,39100,38350,38450,71332,2742715400,-1.4103,3544,2532,-6480,-12038,6588,-1536,-253,378,1836,-150,554,-1455
2016-07-13,38350,38900,38150,38300,97619,3738807700,-0.3901,18683,15614,-34457,4814,-6920,146,-18649,-34,-9659,146,14,-4155
2016-07-14,38150,38700,36650,37100,250088,9278264800,-3.1332,58364,37723,-99957,-6571,-38950,2820,-20846,-990,-35682,4147,-277,262
2016-07-15,37350,37350,36700,37050,168669,6249186450,-0.1348,17394,22471,-51227,-9644,6408,-1623,-32754,-2032,-11582,11281,81,0
2016-07-18,37100,37750,37050,37400,95047,3554757800,0.9447,-6637,-10857,17352,-4445,11560,7318,2319,-111,1341,133,9,-630
2016-07-19,37500,38750,37050,38400,133204,5115033600,2.6738,-18003,-4260,23389,-4496,-8955,3221,14878,16362,118,-712,-414,2261
2016-07-20,38700,38950,37850,38300,92398,3538843400,-0.2604,19004,-14095,-2837,6030,-14516,15806,-1263,-66,-8828,-2050,-22,0
2016-07-21,38300,38600,38000,38500,72877,2805764500,0.5222,931,1305,-2673,-5135,2630,4338,-10028,-68,5510,544,-107,80
2016-07-22,38650,38650,37400,37500,113747,4265512500,-2.5974,41981,-12897,-29146,-7656,-15712,-2086,-9997,-130,6435,-28,90,0
2016-07-25,37550,37900,36650,36750,169260,6220305000,-2.0,55789,36021,-92330,-37471,-865,-2364,-57387,2211,3546,145,375,0
2016-07-26,36850,37650,36650,37350,133915,5001725250,1.6327,-7046,43953,-37348,-30454,541,20885,-43065,0,14745,466,-25,0
2016-07-27,37400,37600,36500,36650,166315,6095444750,-1.8742,72526,-34668,-34101,-7051,-2811,11083,-43965,-71,8714,-3800,43,0
2016-07-28,36400,36800,35950,36350,167781,6098839350,-0.8186,39777,10626,-50861,-2646,2783,3837,-55667,0,832,315,143,0
2016-07-29,36350,36450,35250,35450,285658,10126576100,-2.4759,88878,-48300,-36080,-22481,17128,6911,-34958,-746,19,-4402,-96,-1953
2016-08-01,35700,36050,35500,35950,156118,5612442100,1.4104,7843,1296,-10213,-17887,3840,-741,-28841,-49,36095,1068,6,-2630
2016-08-02,35650,38050,35650,37500,313784,11766900000,4.3115,-85863,-31002,113216,14413,40584,16119,14892,-3745,30953,4460,-811,0
2016-08-03,37150,38450,37100,38000,275555,10471090000,1.3333,-39765,-4687,50951,8677,11168,-106,8625,1489,20860,-6425,-74,238
2016-08-04,38000,38600,37350,37950,208712,7920620400,-0.1316,-17080,-50471,69727,16327,21119,15104,-8473,-3593,29124,-633,-1543,119
2016-08-05,38150,38800,37800,37950,148395,5631590250,0.0,-10315,-14731,25146,-16365,25263,11476,-13539,-814,19663,5,-105,-538
2016-08-08,38150,38300,37250,37350,150655,5626964250,-1.581,4360,-34534,29951,-15314,-8332,-57,10753,-432,43233,77,146,100
2016-08-09,37450,39600,37350,39200,311360,12205312000,4.9531,-70483,32763,47892,-15371,48610,-10676,2597,-4757,28929,-9676,-496,-1440
2016-08-10,39600,40000,38750,38950,193272,7527944400,-0.6378,29520,21116,-42321,-66403,6602,-4285,-3697,0,26965,-8086,-229,-1503
2016-08-11,38750,38800,37950,38000,140264,5330032000,-2.439,31791,5023,-35108,-38775,8768,-2188,-16692,-219,13998,-1860,154,0
2016-08-12,38250,38550,37850,38450,111938,4304016100,1.1842,16878,5707,-22382,-28415,7731,-8900,-6138,-6048,20296,-207,4,-908
2016-08-16,38850,39150,38050,38050,204748,7790661400,-1.0403,34846,-39402,4916,-44131,13449,-4531,-3488,4817,36213,-389,29,2587
2016-08-17,38050,38200,36750,37350,204071,7622051850,-1.8397,43778,-18491,-20786,-36127,16732,10081,-6706,-66,-4700,-5332,831,0
2016-08-18,37300,37500,36450,36500,150362,5488213000,-2.2758,47623,-17550,-30097,-11761,-3612,-172,-22650,9,8089,-290,314,0
2016-08-19,36500,36550,35350,35550,342230,12166276500,-2.6027,111155,-21980,-89050,-39584,1429,-1430,-24057,-77,-5331,-510,385,-20000
2016-08-22,35250,35250,32850,33400,571535,19089269000,-6.0478,208635,-113755,-106633,-49591,-56177,7734,-5869,786,-1770,5672,6081,-1746
2016-08-23,33100,33600,32900,33150,277567,9201346050,-0.7485,53288,13356,-67168,-85717,8988,-7133,13039,-32,3683,320,204,4
2016-08-24,33100,34450,33100,33600,369981,12431361600,1.3575,38680,-4433,-34668,-56266,22072,-2538,3594,7036,-8566,417,4,0
2016-08-25,33800,34600,33650,33750,307505,10378293750,0.4464,33264,-91955,57166,35171,383,5360,5810,-137,10579,1565,-40,0
2016-08-26,33700,34450,33400,34350,129220,4438707000,1.7778,-6478,4699,1764,-18680,5002,-538,2957,0,7464,10,5,5559
2016-08-29,34400,34550,33250,33400,169677,5667211800,-2.7656,35830,-12221,-25705,-29206,5432,-1655,-3143,-986,3853,1993,103,0
2016-08-30,33750,34300,33500,33850,122316,4140396600,1.3473,-18566,37624,-18941,3310,-2996,-21836,-2862,-31,6245,0,-117,-771
2016-08-31,33800,34300,33250,33450,154462,5166753900,-1.1817,29271,40654,-69946,-16446,-41911,-1431,-6740,0,-3061,10,11,-357
2016-09-01,33500,33650,33250,33450,122725,4105151250,0.0,5443,40649,-52947,-15289,-52,-15850,-12973,0,-8783,6832,23,0
2016-09-02,33550,34000,33450,33650,111512,3752378800,0.5979,9665,39387,-49571,-28759,-2234,-2574,-5583,-65,-10356,510,9,0
2016-09-05,33800,35150,33750,35150,223639,7860910850,4.4577,-55789,11041,42754,17951,8777,2705,9331,-3032,11675,1376,618,-4653
2016-09-06,35150,36400,34550,34600,427875,14804475000,-1.5647,3504,75501,-75016,-49102,-18498,-12322,3476,-2360,3567,-4149,160,223
2016-09-07,34850,35300,34500,34650,213369,7393235850,0.1445,9231,53516,-62629,-35291,54,-29000,-10141,-277,11876,-78,-40,150
2016-09-08,34650,34950,33600,33600,202695,6810552000,-3.0303,74984,17761,-92484,-49579,-23807,-9064,-609,-453,-5547,-10,-251,-3425
2016-09-09,33350,33750,33000,33450,132457,4430686650,-0.4464,17863,427,-18425,-2843,-11880,-2510,-4296,-31,3135,40,95,0
2016-09-12,33300,34750,33250,34500,200041,6901414500,3.139,-66679,45128,21736,-4459,13920,1852,-3248,-43,13714,-110,-75,0
2016-09-13,34700,34750,33400,34000,198906,6762804000,-1.4493,33035,31723,-64768,-67787,20897,66,2253,0,-20197,10,0,0
2016-09-19,33700,34750,33700,34300,137506,4716455800,0.8824,-11245,-6551,13704,1091,19958,7,5615,0,-12967,4000,92,0
2016-09-20,34150,34900,33850,34800,155434,5409103200,1.4577,-13620,41473,-30948,-10000,-12367,-982,-1795,-32,-5772,2950,145,0
2016-09-21,35000,36000,34750,35850,262573,9413242050,3.0172,-81376,77213,6950,29894,10851,-9551,-20696,-9829,6319,-2659,-128,-38
2016-09-22,36200,38200,36000,37950,484181,18374668950,5.8577,-184388,140592,43690,-17287,-2487,49132,-29708,-5909,49949,1577,-1471,0
2016-09-23,38250,39100,37950,38750,317816,12315370000,2.108,-103785,69203,37372,2433,39512,2070,-3100,-270,-3273,-3224,434,0
2016-09-26,38900,39350,37900,38200,193643,7397162600,-1.4194,-2878,29752,-25677,-8038,5010,-7431,-19022,0,3804,-1160,-37,0
2016-09-27,38350,38350,36900,37950,234949,8916314550,-0.6545,22089,36075,-52525,-20958,957,-15920,-2506,-27,-14071,-4721,-918,0
2016-09-28,38000,38650,37900,38050,137630,5236821500,0.2635,-1447,12462,-9386,5080,1106,-24148,5412,-188,5493,-1684,55,-2141
2016-09-29,38150,38300,37300,37950,114757,4355028150,-0.2628,-6770,33809,-26664,-4431,-18985,2224,-578,-10839,8038,26,-401,-2093
2016-09-30,37400,37700,36500,37050,142022,5261915100,-2.3715,13059,34231,-46005,-29501,-4713,-22383,8666,419,1507,-1186,-99,0
2016-10-04,36750,38150,36750,37200,108166,4023775200,0.4049,-7336,30606,-22987,-1044,-16895,276,1604,122,-5210,-4,-279,-1840
2016-10-05,37250,37650,36950,37650,110642,4165671300,1.2097,4480,34190,-38431,-17084,-10858,-1482,-269,507,-9245,-239,0,0
2016-10-06,37700,38400,36900,37550,187908,7055945400,-0.2656,-10568,74035,-62891,-20210,-30573,15,-3294,71,-8900,-502,-74,0
2016-10-07,37400,37900,37300,37450,143227,5363851150,-0.2663,-2229,58246,-55457,-44147,13,-2261,-1938,305,-7429,-561,1,0
2016-10-10,37900,38550,37700,38550,149532,5764458600,2.9372,-48036,48499,2339,-985,995,-6023,2265,-6942,13079,-2250,-552,-50
2016-10-11,38800,39100,37850,38000,127810,4856780000,-1.4267,16609,-17724,714,-13937,-5273,3012,-3754,1352,19314,546,-145,0
2016-10-12,38350,38650,37800,38000,90460,3437480000,0.0,-4666,16707,-12081,-9752,-5655,780,-14102,0,17732,60,-20,-1084
2016-10-13,37950,37950,37100,37500,111941,4197787500,-1.3158,7073,23757,-31450,-2847,4302,-14540,-1488,706,-17583,620,0,0
2016-10-14,37500,37500,35250,35600,322725,11489010000,-5.0667,82434,-18426,-62803,-17613,-12612,-33474,-2759,2520,1135,99,-1304,0
2016-10-17,35500,36050,34900,35150,111953,3935147950,-1.264,20331,-5749,-14232,-7161,94,624,-192,840,-8437,110,-460,0
2016-10-18,34750,35450,34550,35150,82030,2883354500,0.0,7523,4559,-12100,-16766,2545,2921,-2048,1,1247,7,11,0
2016-10-19,34900,36050,34800,35800,126478,4527912400,1.8492,9843,40481,-50265,-23585,-6382,-11802,-1742,-38,-6716,-69,10,0
2016-10-20,35600,35900,35250,35400,80448,2847859200,-1.1173,12787,504,-13334,-17277,3223,1676,-2221,0,1265,0,43,0
2016-10-21,35450,35750,34650,34700,73763,2559576100,-1.9774,8920,13182,-22400,-18648,1840,-7059,-1563,0,3030,139,159,0
2016-10-24,34550,34750,33850,34000,164394,5589396000,-2.0173,16416,4636,-21919,-27342,14384,-14305,-956,0,6300,651,216,0
2016-10-25,33750,33850,33000,33100,171187,5666289700,-2.6471,57147,-5508,-52173,-20043,-2441,-4283,-29096,0,3690,357,177,0
2016-10-26,32600,32950,32000,32350,186425,6030848750,-2.2659,21956,21329,-42229,-20953,-3287,-3723,-10065,-4672,471,-1135,79,0
2016-10-27,32000,32900,32000,32400,176129,5706579600,0.1546,76756,-21051,-57402,-55722,-3551,-2485,6998,0,-3417,1175,522,775
2016-10-28,32400,32650,32200,32300,99884,3226253200,-0.3086,22636,-13104,-9689,-21015,6950,3730,1878,0,-1232,154,3,0
2016-10-31,31900,32600,31900,32150,108245,3480076750,-0.4644,-1849,-24485,26412,357,16529,7105,1163,-209,1467,-77,-1,0
2016-11-01,32450,33000,32350,32650,146822,4793738300,1.5552,-3932,-11879,15653,-2411,10821,2609,-2214,4763,2085,151,7,0
2016-11-02,32450,32650,31700,32400,142785,4626234000,-0.7657,2543,-13080,10403,-16993,9605,11107,154,0,6405,53,81,125
2016-11-03,32000,33150,32000,33050,115892,3830230600,2.0062,-29641,14195,15427,-3125,10395,244,1297,0,7516,-101,120,-900
2016-11-04,33100,33300,32250,32650,110123,3595515950,-1.2103,5480,-8445,2013,-19535,-1249,13764,8871,-3262,3230,822,130,194
2016-11-07,31200,31500,27850,28100,1383652,38880621200,-13.9357,461283,-73095,-397576,-246364,-30257,-64288,-55327,-7771,4971,9034,354,1460
2016-11-08,28150,28350,27900,28100,488514,13727243400,0.0,19757,155498,-174219,-84184,-24621,26,-44567,-21524,2409,-1422,386,-1758
2016-11-09,28200,28300,25950,26950,723942,19510236900,-4.0925,-39798,980,35610,-15481,44898,-9944,-41251,22880,32536,2743,465,1972
2016-11-10,27350,27500,26500,26950,436316,11758716200,0.0,60361,-1764,-57836,-98457,68062,-19642,-13708,10330,596,372,-1133,-5017
2016-11-11,26850,27600,26800,27250,183359,4996532750,1.1132,-34366,28041,7198,-16342,8008,-4421,8918,0,11235,-1030,157,-200
2016-11-14,27250,27350,26800,27350,172872,4728049200,0.367,9446,-18919,9443,-9777,3943,5164,273,-196,9736,0,30,300
2016-11-15,27300,27300,27000,27050,102696,2777926800,-1.0969,9348,-14696,4901,-5978,3833,1703,143,1781,2719,370,77,700
2016-11-16,27050,27400,27050,27300,105215,2872369500,0.9242,6676,19464,-25882,-2914,-13446,5395,-6052,-40,-8825,-270,12,0
2016-11-17,27300,28400,27150,28000,186204,5213712000,2.5641,-30343,30779,-517,-3740,2237,24005,-6357,-1037,-15625,79,2,0
2016-11-18,28100,28150,27350,27550,152903,4212477650,-1.6071,-23305,22724,-1510,1370,3610,1188,20,1774,-8472,1634,457,-1000
2016-11-21,27500,27600,26500,26650,217294,5790885100,-3.2668,19322,41521,-63253,-14160,-35097,6614,2864,-2927,-20569,2202,208,22
2016-11-22,26700,26950,26200,26750,202770,5424097500,0.3752,18638,73678,-92703,-50160,-35513,-2765,-5385,-7431,8551,327,60,0
2016-11-23,26550,26950,26500,26700,87088,2325249600,-0.1869,-6395,13463,-7320,9616,5755,-6899,-7928,0,-8339,252,0,475
2016-11-24,26700,27450,26500,26800,151091,4049238800,0.3745,-2490,2279,301,32465,-25391,-2753,-2969,0,-576,-90,0,-475
2016-11-25,26950,27450,26900,27150,139948,3799588200,1.306,-23544,19813,3552,28388,-22394,-8240,4897,0,901,214,-35,0
2016-11-28,27500,28000,27100,27150,152449,4138990350,0.0,1641,-3497,1538,24411,-15177,2809,-3082,0,-7423,417,-99,0
2016-11-29,27100,27950,26950,27900,176078,4912576200,2.7624,-49218,26126,22866,19412,-5345,6538,-789,0,3050,225,1,0
2016-11-30,27900,27950,27200,27550,118330,3259991500,-1.2545,35614,-674,-36540,519,-29069,1777,-2522,0,-7245,1454,146,0
2016-12-01,27550,27600,26550,26700,122935,3282364500,-3.0853,10008,13479,-23791,6415,-26216,968,529,-164,-5590,433,-129,267
2016-12-02,26500,26950,26350,26600,101203,2691999800,-0.3745,-4287,32385,-27911,-6283,-19643,227,-503,0,-1709,29,-216,0
2016-12-05,26350,26750,26200,26650,78106,2081524900,0.188,-9505,-9731,18541,2287,14974,1793,-738,-6365,6554,615,80,36
2016-12-06,26650,26700,26050,26450,128097,3388165650,-0.7505,20217,-9686,-10498,17312,-12737,1026,-1735,-6876,-7488,-118,85,0
2016-12-07,26350,26900,26000,26100,109436,2856279600,-1.3233,13728,22633,-36460,624,-12028,-7741,-2849,-12700,-1766,40,59,0
2016-12-08,26200,26900,26100,26700,245339,6550551300,2.2989,-31988,85298,-53308,8137,-59737,-1713,-3209,-11380,14594,-15,13,0
2016-12-09,26600,27250,26500,27100,163242,4423858200,1.4981,-17329,58963,-40235,-6189,-27812,-9353,-284,4121,-718,-1407,8,0
2016-12-12,27300,28350,27150,28200,272622,7687940400,4.059,-70483,68809,128,1401,-20139,1124,5057,1090,11595,1312,234,0
2016-12-13,28300,30000,28150,29750,357092,10623487000,5.4965,-142388,15113,125621,43445,49969,21688,2473,0,8046,1514,140,0
2016-12-14,30200,30300,29550,29800,221880,6612024000,0.1681,-28971,-21773,50045,8289,6202,31541,-293,10,4116,338,361,180
2016-12-15,29850,31200,29550,30850,203853,6288865050,3.5235,-36865,-35517,77835,40635,40093,10144,-13335,3008,-2710,-5246,-207,0
2016-12-16,30850,30850,29950,30000,95523,2865690000,-2.7553,30495,-23661,-9125,4473,-7856,-615,-1880,-21,-3226,920,1371,0
2016-12-19,30200,30500,29400,30350,126189,3829836150,1.1667,-17783,463,16341,42623,4174,-18173,-10240,-146,-1897,700,279,0
2016-12-20,30300,30500,29600,29650,68351,2026607150,-2.3064,12481,-6673,-8634,-1266,-5883,325,-3564,1845,-91,3017,-191,0
2016-12-21,29650,29850,29400,29700,64457,1914372900,0.1686,5254,18770,-25006,-5697,-6670,-11798,-3377,0,2536,950,32,0
2016-12-22,29650,29800,28700,29100,176708,5142202800,-2.0202,37625,37734,-75396,-18477,-13597,-25979,-18421,-548,1626,1439,-1402,0
2016-12-23,29200,31700,28700,31350,283024,8872802400,7.732,-88465,38804,54750,51433,-6181,-3244,15591,3805,-3240,-5119,30,-3414
2016-12-26,31300,31650,30350,30350,91931,2790105850,-3.1898,14454,-5045,-8222,5149,-7433,-10432,1703,-510,3301,-1293,106,0
2016-12-27,30100,30400,29750,30200,83399,2518649800,-0.4942,1859,21347,-22895,-140,-13880,-8309,-1237,-449,1120,-345,34,0
2016-12-28,30150,30350,29650,30050,99134,2978976700,-0.4967,40068,-2582,-39097,-11324,-7607,-1676,-8234,1914,-12170,1359,252,0
2016-12-29,30000,31000,29900,30650,73267,2245633550,1.9967,-5502,-7079,12109,10940,1088,12747,575,-21,-13228,470,2,8
2017-01-02,30900,31500,30550,31250,100016,3125500000,1.9576,668,-25661,25022,11140,12596,-608,1859,-2061,2088,-31,2,8
2017-01-03,31250,31250,29650,29700,260688,7742433600,-4.96,108168,-24260,-86300,-24914,-16883,-41603,12642,-129,-15113,2010,382,-300
2017-01-04,29700,29850,28800,29400,246868,7257919200,-1.0101,72677,-6343,-68654,-31092,-16080,-18821,-2983,3132,-2810,1616,704,0
2017-01-05,29200,29300,28200,28750,311682,8960857500,-2.2109,125659,27309,-155687,-78767,-39113,-22759,-10818,-20,-4560,1841,878,350
2017-01-06,28600,28600,28250,28600,171736,4911649600,-0.5217,48516,37338,-91581,-51641,329,-30155,-8559,0,-1555,5393,334,0
2017-01-09,28700,28700,28050,28250,177856,5024432000,-1.2238,43418,35402,-80044,-40192,-16870,-11502,-2901,0,-8579,1150,74,0
2017-01-10,28100,28500,27800,27850,164270,4574919500,-1.4159,88658,3587,-94725,-51066,-4927,-26732,-7307,0,-4650,2355,125,-43
2017-01-11,27850,28600,27750,28350,147666,4186331100,1.7953,-4432,26856,-21145,-10877,-4187,-6757,-745,-123,1351,-1279,0,193
2017-01-12,28350,28750,28200,28550,122747,3504426850,0.7055,14787,15327,-29452,-10247,-17368,0,-10410,-42,8112,-554,-108,503
2017-01-13,28000,28600,27900,28350,108351,3071750850,-0.7005,12231,19730,-33103,-1136,-36553,422,-787,0,4951,1140,2,0
2017-01-16,28400,28500,27500,27700,151394,4193613800,-2.2928,27098,21430,-47348,-46319,-1065,952,-4451,-44,3579,-1366,186,0
2017-01-17,27750,27800,27200,27200,141986,3862019200,-1.8051,34320,-23870,-11129,-19530,5199,-656,-2554,-206,6618,245,434,0
2017-01-18,27150,27800,27150,27500,86890,2389475000,1.1029,-20227,23844,-3721,40,-398,-1016,-9025,0,6628,0,104,50
2017-01-19,27350,27700,27150,27150,109171,2963992650,-1.2727,13611,3992,-18127,-8657,-6818,-950,667,0,-2444,332,192,75
2017-01-20,27300,27500,26900,27150,96762,2627088300,0.0,22966,11921,-35375,-16176,-16116,-643,-5893,-630,3983,90,398,100
2017-01-23,27150,27150,26750,26850,92291,2478013350,-1.105,-4415,11288,-9866,-10881,-98,1115,1082,-112,-972,2363,630,0
2017-01-24,26800,27150,26600,27150,135777,3686345550,1.1173,3098,26726,-30079,-17591,1234,-3,-6777,0,-6942,-66,321,0
2017-01-25,27200,27200,26450,26750,142817,3820354750,-1.4733,51581,-32498,-20092,-13044,-5122,-3600,3728,470,-2524,150,859,0
2017-01-26,26700,26700,26000,26200,157857,4135853400,-2.0561,78912,-24625,-54499,-46249,-14354,-2248,1924,470,5958,-252,464,0
2017-01-31,26000,26700,26000,26700,103022,2750687400,1.9084,-22153,34861,-12955,1838,-14883,-2085,-4423,0,6596,242,5,2
2017-02-01,26800,27200,26500,27150,129877,3526160550,1.6854,-10579,13567,-4857,23063,-34805,-8126,4489,940,9581,1763,106,1
2017-02-02,27150,27400,27050,27150,185711,5042053650,0.0,-3218,-20729,22822,29325,-2877,9621,-9154,426,-4794,1244,-119,275
2017-02-03,27150,27150,26450,26900,156022,4196991800,-0.9208,1585,-9972,7950,-3330,9809,479,-3239,239,3962,31,406,30
2017-02-06,26950,27600,26650,26950,158733,4277854350,0.1859,-23493,21823,2189,12173,6228,667,-19123,654,1353,-552,33,237
2017-02-07,27100,28200,27050,28100,280074,7870079400,4.2672,-37404,-23922,61441,22561,6396,29153,4686,-498,-917,-240,125,60
2017-02-08,28000,28200,27400,27750,243250,6750187500,-1.2456,12377,-96283,84165,8587,26750,15249,22134,920,10467,-190,-69,58
2017-02-09,27800,28050,27450,27750,154393,4284405750,0.0,13277,-34577,21295,13997,10689,1865,-1328,-55,-4273,1,4,400
2017-02-10,28000,30000,27900,29150,660921,19265847150,5.045,-200513,81297,117725,49044,78756,-6054,-613,-13293,10685,1582,-91,-800
2017-02-13,29400,31300,29300,31150,541963,16882147450,6.8611,-222901,129819,99210,78938,11674,8705,-5507,-9481,15681,-4963,-1165,-800
2017-02-14,31250,31250,30200,30350,217478,6600457300,-2.5682,59834,-33674,-26685,-28202,-2932,3053,-1877,-2150,5423,374,151,0
2017-02-15,30300,30700,29750,30550,206187,6299012850,0.659,-2949,48038,-46018,-4167,-33147,-2168,-3641,0,-2895,1031,-102,0
2017-02-16,30450,30450,29750,29950,151388,4534070600,-1.964,12701,16184,-28500,-937,-6035,-10711,13557,0,-24374,-448,63,0
2017-02-17,29300,30000,29000,29750,252666,7516813500,-0.6678,-48509,111974,-62737,-29016,-29118,-4434,6547,-250,-6466,-757,29,0
2017-02-20,29750,30300,29450,30100,108239,3257993900,1.1765,-15619,17744,-900,15173,-3973,-3682,3847,-358,-11907,-1230,5,0
2017-02-21,30000,30650,30000,30400,112220,3411488000,0.9967,-9215,7285,1902,-11901,10809,2181,-748,0,1003,-7,35,558
2017-02-22,30400,30550,29800,30450,162416,4945567200,0.1645,-19484,10059,10783,16894,-9575,-7352,15648,-12,-5320,-1232,-126,500
2017-02-23,30500,30550,29750,29900,199141,5954315900,-1.8062,2578,-14109,11304,-3908,5584,2233,12721,-23,-5303,40,187,0
2017-02-24,29950,30450,29850,30150,118506,3572955900,0.8361,-18552,10299,8251,-13923,11890,1034,116,-12,8896,0,2,250
2017-02-27,30600,32200,30600,31500,626942,19748673000,4.4776,-80417,-132482,214471,19022,88881,41482,9166,-4802,57816,-1594,22,2906
2017-02-28,31650,32250,31000,32100,228652,7339729200,1.9048,-59304,11556,48069,40627,5445,6109,5934,-61,-9983,-266,-55,-2
2017-03-02,32100,32500,31250,31400,144420,4534788000,-2.1807,17924,-21220,3132,22124,-597,5144,-213,-38,-22586,-4,168,-702
2017-03-03,31250,31400,30550,30850,108493,3347009050,-1.7516,8476,-6914,-1833,6276,-5821,545,-964,0,-1419,51,220,-450
2017-03-06,30900,31600,30650,30700,216114,6634699800,-0.4862,5727,-27097,21464,23583,16905,-299,1065,0,-20690,-110,16,900
2017-03-07,30850,32400,30750,32250,224308,7233933000,5.0489,-62758,29727,32738,24487,5921,2394,7287,-11852,-3398,288,5,7899
2017-03-08,32300,34050,32150,33450,539731,18054001950,3.7209,-169356,19496,157917,85565,51824,15795,9895,-22,-5090,-4000,-4057,-50
2017-03-09,33450,33900,32950,33100,348355,11530550500,-1.0463,-13042,-2734,15741,36635,5288,-18997,11585,-10,-18760,50,-15,0
2017-03-10,33200,33850,32800,33500,201386,6746431000,1.2085,-14414,-25878,40360,64221,9417,1996,-20118,-12,-15124,-54,-14,-20
2017-03-13,33400,34100,33200,33250,196905,6547091250,-0.7463,-9309,35317,-25956,-9676,2841,9905,-20015,-5,-9006,-26,-26,0
2017-03-14,33700,33700,31800,32200,297393,9576054600,-3.1579,13535,-33009,19513,26053,9428,-6269,-5612,-11,-4067,18,-57,-9
2017-03-15,32250,32550,31400,31650,138246,4375485900,-1.7081,6482,33903,-40621,-10733,-31719,-3096,-4099,-26,9069,80,156,-17
2017-03-16,31800,32200,31550,31800,168428,5356010400,0.4739,627,6424,-6982,17694,-5435,-1018,-8193,-10964,949,416,-485,-15
2017-03-17,32100,33200,31850,33050,208050,6876052500,3.9308,-54027,17577,30643,7823,308,19829,9830,-15,-7132,5950,-143,0
2017-03-20,33050,33100,32000,32650,126259,4122356350,-1.2103,-979,-29658,24254,1153,-5466,28353,4400,-34,-4294,6383,0,142
2017-03-21,32850,32850,31400,31850,157033,5001501050,-2.4502,31897,-21334,-9905,13042,-1996,-2059,-8023,-837,-10032,-779,121,0
2017-03-22,31550,32100,31300,31800,93870,2985066000,-0.157,-8095,22710,-10695,-22211,13733,-562,3562,0,-5217,-3938,18,0
2017-03-23,31800,32050,31400,31450,62280,1958706000,-1.1006,3015,-2407,-807,2997,-3159,798,-2484,-57,1098,149,50,0
2017-03-24,31450,32300,31100,31950,73007,2332573650,1.5898,-8311,18213,-9922,-5226,-4343,0,-5348,-10,6751,6,14,-1746
2017-03-27,31800,33300,31800,33200,157763,5237731600,3.9124,-70615,23694,47460,15121,5386,13170,18675,-27,-4865,-230,-309,0
2017-03-28,33250,33550,32500,32700,110656,3618451200,-1.506,-14253,-9513,25424,10323,19411,341,-8140,0,3534,-1950,292,-45
2017-03-29,32700,32800,31850,32400,92463,2995801200,-0.9174,12861,-20385,7472,6267,4994,0,-11326,0,7537,44,8,0
2017-03-30,32500,32750,31900,32450,81136,2632863200,0.1543,-1851,-5123,7003,8921,-5635,-6584,-4357,-21,14536,-30,1,143
2017-03-31,32450,33350,32250,33300,118022,3930132600,2.6194,-36864,7509,28369,42005,-8587,-1757,-2371,-5,-917,993,-7,1
2017-04-03,33300,33550,32750,32950,96986,3195688700,-1.0511,210,777,-591,-13254,-5561,10091,-3475,0,11609,-96,-300,-1
2017-04-04,32550,33550,32550,33300,118438,3943985400,1.0622,-15941,-18189,33615,-4526,5045,2754,10740,0,19602,515,0,0
2017-04-05,33400,33700,32000,32050,150694,4829742700,-3.7538,66486,-32952,-33633,-31391,3637,-7986,3982,-5,-1870,92,7,0
2017-04-06,32050,32300,31600,32200,67982,2189020400,0.468,3013,16774,-19083,-4737,-2855,-285,3263,0,-14469,-744,40,0
2017-04-07,32350,33800,32100,33800,229615,7760987000,4.9689,-120272,77104,42375,38459,-12417,2050,8788,-45,5790,925,-132,-250
2017-04-10,33800,33900,32650,32850,112566,3697793100,-2.8107,15443,-17136,651,-3881,-1568,-119,3728,0,2662,1042,0,-171
2017-04-11,33050,34500,32850,34400,183758,6321275200,4.7184,-59188,21774,36390,-5661,27040,4099,12600,0,12,858,166,-1700
2017-04-12,34500,34750,33750,34300,144020,4939886000,-0.2907,4359,-26332,21834,-12658,23273,-1308,3705,-12,8834,116,23,0
2017-04-13,34800,36100,34650,34800,329755,11475474000,1.4577,-39781,-57275,99043,-5702,58981,10438,13188,-30,22238,-526,-1461,-70
2017-04-14,34600,34750,33850,34100,93844,3200080400,-2.0115,19493,-24495,4965,-4440,189,-400,3026,0,6590,37,0,0
2017-04-17,34150,34700,33900,34200,60830,2080386000,0.2933,-8008,13261,-5573,-4461,-6272,-981,77,-5,6069,317,3,0
2017-04-18,34200,34250,33300,33950,116800,3965360000,-0.731,5776,13448,-19522,5408,-18318,792,-6173,0,-1231,290,8,0
2017-04-19,34150,35200,34150,35000,108877,3810695000,3.0928,-36887,35689,1572,-6542,12673,-1161,-2051,-46,-1201,-370,-4,-100
2017-04-20,34950,35550,34850,35400,103708,3671263200,1.1429,-24419,10037,16855,11613,8004,-2286,-677,0,230,-2407,-66,-29
2017-04-21,35500,35500,34600,35050,83352,2921487600,-0.9887,13877,-2700,-11297,-3188,-9350,-289,1650,-3,-658,14,106,541
2017-04-24,34950,35100,34500,34850,85082,2965107700,-0.5706,857,6930,-8594,2552,-5737,719,-2922,281,-4635,907,-100,1148
2017-04-25,34550,35000,34500,34750,60024,2085834000,-0.2869,8041,13825,-22127,-726,-3665,103,-7078,103,-11298,0,261,434
2017-04-26,34700,35150,34000,34100,157844,5382480400,-1.8705,39941,12283,-52237,-18768,-36016,225,-5765,56,7804,20,-7,227
2017-04-27,34200,34800,33450,34150,102645,3505326750,0.1466,5110,16311,-21424,-12090,-2629,169,4727,36,-11850,10,-7,213
2017-04-28,33550,34150,33300,33900,89780,3043542000,-0.7321,2178,9423,-11613,-8651,5259,2551,-2670,452,-8875,60,-48,321
2017-05-02,33900,34000,33150,33550,108002,3623467100,-1.0324,-2670,-26313,28950,33072,-3788,3066,794,-43,-4143,40,-7,-8
2017-05-04,33250,34200,33250,33900,74307,2519007300,1.0432,-14618,17503,1153,11410,-8988,1432,-2205,-11,-485,-4010,-28,0
2017-05-08,33750,34800,33600,34650,100124,3469296600,2.2124,-40104,17599,24160,10326,7359,-1154,108,22,7316,-1591,-64,183
2017-05-10,34850,35500,34300,34650,124390,4310113500,0.0,-24224,-9967,33799,22443,-3282,3188,-6041,-50,17697,213,179,-156
2017-05-11,34700,35150,34350,34900,92841,3240150900,0.7215,-15958,-15492,32236,7421,7647,-67,-1528,0,18763,-92,-694,0
2017-05-12,34800,34800,33950,33950,91545,3107952750,-2.7221,24940,-36226,10777,8604,-8867,-2478,9069,-53,4502,399,110,0
2017-05-15,34000,34100,33350,34050,70168,2389220400,0.2946,4074,1491,-5645,3914,-2248,-127,-7323,-45,1589,80,0,-1405
2017-05-16,34200,34650,33950,34150,157311,5372170650,0.2937,-630,2331,-1681,3356,-5276,-991,-2118,1333,2071,-20,0,-56
2017-05-17,34150,34200,32950,33350,150341,5013872350,-2.3426,44983,-24366,-11120,6036,4848,-11105,-10548,0,-351,-7650,-1847,0
2017-05-18,33400,33450,32100,32950,146413,4824308350,-1.1994,21504,-14005,-6008,5432,-1586,-1861,-9060,-23,1386,-1491,0,-296
2017-05-19,33000,33750,32350,33450,147745,4942070250,1.5175,-19875,5401,14793,4189,-24825,7524,18881,1314,7710,-311,-8,0
2017-05-22,33400,33850,33000,33700,84569,2849975300,0.7474,-16295,363,15986,18702,389,-616,2130,-6,-4918,-230,176,305
2017-05-23,33500,34600,33350,34050,118595,4038159750,1.0386,-23806,17230,6805,-8919,15186,49,673,-17,-167,-331,102,0
2017-05-24,33750,34450,33750,34200,76470,2615274000,0.4405,-16374,-11654,28353,9427,10091,4974,-15,-55,4231,-325,0,-300
2017-05-25,34350,35100,34050,34600,127031,4395272600,1.1696,-32630,31157,6988,-16651,12508,1063,-1091,-11,10945,-5749,234,225
2017-05-26,34600,34750,33800,33950,101793,3455872350,-1.8786,31256,-30229,-1008,-5758,9909,-4739,-1666,-1,1065,-144,125,182
2017-05-29,34150,34700,33950,34500,130096,4488312000,1.62,-21158,20796,5932,13341,-13874,-1821,-3278,-94,11658,-5261,-309,0
2017-05-30,34850,36550,34550,36550,383471,14015865050,5.942,-153850,82432,81329,37473,20153,2138,6346,-49,15493,-7243,-2668,-225
2017-05-31,36900,36900,35950,36800,206700,7606560000,0.684,-16432,-20907,37467,37080,5441,-1781,-6003,-14,2713,-56,-72,31
2017-06-01,36700,36900,36250,36600,73974,2707448400,-0.5435,1747,-4390,2624,3916,-2532,124,183,-17,927,66,-47,23
2017-06-02,36600,37800,36550,37350,196575,7342076250,2.0492,-10853,-18228,31314,16247,-2535,24176,4516,-94,-10993,-1832,-401,-3
2017-06-05,37400,37900,37100,37700,119201,4493877700,0.9371,-17106,6769,11241,-4179,-1455,2165,14058,-56,-756,-657,-247,1464
2017-06-07,37300,37950,36650,37550,150531,5652439050,-0.3979,-17978,12986,6179,1620,-2664,-2220,7569,-40,1914,-219,-968,0
2017-06-08,37250,37450,36600,36800,135105,4971864000,-1.9973,9360,23566,-32736,8771,-31343,1810,4300,-171,-16349,-44,-146,246
2017-06-09,36800,37850,36800,37500,147371,5526412500,1.9022,-44924,19831,26062,15707,7799,-9735,5803,1592,4896,-938,-31,0
2017-06-12,37550,37650,35900,36050,136994,4938633700,-3.8667,49907,-16373,-33633,-8145,-15517,-353,-204,681,-13045,72,27,2950
2017-06-13,36050,36700,35750,36650,74945,2746734250,1.6644,-1881,10803,-8901,135,-8708,-473,-994,-83,1222,7,-28,0
2017-06-14,36600,37200,35950,36450,174275,6352323750,-0.5457,3310,5229,-5444,34110,7000,-6307,-33181,-71,-8070,-4947,1852,1075
2017-06-15,36250,37100,36100,36300,123644,4488277200,-0.4115,-7252,22897,-15743,8538,-3002,-6673,-13929,1412,-2089,44,54,0
2017-06-16,36100,36400,34950,35150,148061,5204344150,-3.168,44005,17455,-61641,-7934,-18775,-14466,-14361,-93,-6012,168,13,0
2017-06-19,35300,36150,34950,35950,85738,3082281100,2.276,-2460,5196,-8743,-15822,1228,-301,-1278,-24,3676,5992,15,3778
2017-06-20,35700,35700,34600,34800,88791,3089926800,-3.1989,26995,4155,-26351,-10323,-10864,-403,1794,2,-6557,-2860,-1939,0
2017-06-21,34500,35400,33800,34050,115395,3929199750,-2.1552,13406,24209,-37645,-33279,1906,-598,-3250,857,-3281,60,-30,0
2017-06-22,34400,34650,33700,34600,100743,3485707800,1.6153,-6291,26639,-20387,-6420,-11568,-81,7955,-11,-10262,0,39,0
2017-06-23,34550,34800,34200,34400,81464,2802361600,-0.578,6912,4935,-12089,6990,-16264,-31,-1596,-309,-879,-52,294,0
2017-06-26,34700,34800,33800,34000,86953,2956402000,-1.1628,26054,-9590,-16397,-4445,-4039,0,1223,-16,-8662,-39,-28,-458
2017-06-27,33900,34800,33800,34400,86307,2968960800,1.1765,-16302,21981,-5675,10761,-9645,-2,-4280,-216,-2293,-10,6,0
2017-06-28,34400,34850,33700,34350,107043,3676927050,-0.1453,-5348,-24596,29864,16618,4900,-2083,5279,460,4690,0,80,0
2017-06-29,34350,34500,33850,34250,53436,1830183000,-0.2911,12021,-2346,-10011,-12090,1494,3329,-3985,-7,1248,299,37,0
2017-06-30,33950,34450,33950,34100,53848,1836216800,-0.438,-1631,-3172,4803,929,-108,2894,2202,-8,-1106,0,0,0
2017-07-03,34200,34400,33600,33850,63244,2140809400,-0.7331,9654,19166,-28554,-7130,-12176,-2006,-1025,-46,-6171,-251,-15,0
2017-07-04,33800,33800,33150,33350,159408,5316256800,-1.4771,20434,33336,-57567,11359,-44052,-15647,-10654,-1661,6033,1003,2794,-2945
2017-07-05,33200,34200,33200,33800,89277,3017562600,1.3493,-10963,-12196,21073,27845,-8827,1427,751,-47,-76,2024,62,0
2017-07-06,33550,34500,33550,34050,84975,2893398750,0.7396,9498,-12589,5965,10748,716,45,-1358,511,-4697,0,-2874,0
2017-07-07,33900,34400,33650,33950,42992,1459578400,-0.2937,-426,-13588,15514,5804,221,4014,286,-211,5470,-1500,0,-70
2017-07-10,33500,33950,33100,33250,73821,2454548250,-2.0619,17356,-16500,-1053,9837,-5576,1351,-5802,-101,-762,217,-20,0
2017-07-11,33150,34400,33100,34050,71688,2440976400,2.406,-33769,4425,31410,-2334,2421,600,480,19230,11013,-2170,104,0
2017-07-12,33800,34350,33800,34000,52897,1798498000,-0.1468,35,10839,-8374,-3851,257,-3280,13786,-5633,-9653,-2500,0,0
2017-07-13,34000,34350,33500,33550,113230,3798866500,-1.3235,9797,-29529,20032,-5086,21917,-2521,15664,-610,-9332,-300,0,0
2017-07-14,33600,34400,33550,34150,75402,2574978300,1.7884,-29260,-15615,45586,3881,13393,-1831,11788,15196,3159,-700,-11,0
2017-07-17,34200,34650,33650,34250,90624,3103872000,0.2928,-15207,-6734,22038,-989,14069,-5597,10669,-41,3927,-110,13,0
2017-07-18,34800,34800,34300,34350,43213,1484366550,0.292,70,-6555,6535,-1574,6906,-325,2202,-101,3297,-50,0,-3870
2017-07-19,34700,34950,34250,34650,51431,1782084150,0.8734,-4080,117,3941,-14931,9014,-2365,1298,-157,11082,-60,82,0
2017-07-20,34550,35100,34000,35000,77012,2695420000,1.0101,-25278,-2487,27567,119,4484,31813,7708,-139,-16418,-6,204,0
2017-07-21,35000,35000,33200,33550,158460,5316333000,-4.1429,60976,-34321,-27781,-2383,-11648,-5896,-5101,-266,1577,1114,12,-4064
2017-07-24,33650,33850,33150,33400,88370,2951558000,-0.4471,16151,22097,-38261,-1937,-44060,-267,5346,-568,3508,-8,21,-283
2017-07-25,33600,33600,32600,32700,118444,3873118800,-2.0958,18529,7265,-25811,-15835,-7057,-3000,6606,-138,-6325,14,3,-62
2017-07-26,32950,33350,32450,32800,96085,3151588000,0.3058,-6937,3279,3656,-10627,-8686,160,5091,-159,18111,-1,3,-234
2017-07-27,32450,32800,31950,32500,98298,3194685000,-0.9146,-3012,19674,-16915,-13209,-9198,-229,4234,-5394,7099,193,60,-218
2017-07-28,32200,33150,32200,33000,75467,2490411000,1.5385,-24116,19602,4341,-5593,-326,-746,5074,-184,6116,59,114,0
2017-07-31,32650,33400,32500,32800,56372,1849001600,-0.6061,-63,-18215,18292,-3035,10071,995,31,-142,10401,0,-14,-29
2017-08-01,32500,33300,32100,32150,87629,2817272350,-1.9817,13446,-804,-20286,-14191,-6481,-5341,1958,-198,3988,7638,6,-21
2017-08-02,32200,32450,31600,31700,104479,3311984300,-1.3997,28938,17131,-46421,-22515,-18723,-3913,806,-94,-1982,310,42,0
2017-08-03,31450,31800,31000,31250,96428,3013375000,-1.4196,-3271,15910,-12432,-5910,-842,-276,-9363,-32,4072,-176,-31,-81
2017-08-04,30900,31450,30900,31250,120840,3776250000,0.0,-7519,-29028,36574,35973,-1498,-921,341,-183,2862,0,-27,0
2017-08-07,31350,31400,30450,30900,160033,4945019700,-1.12,42235,-49367,6431,8905,4438,-416,-3201,-23,-813,675,26,-2459
2017-08-08,30850,31100,30450,31000,133861,4149691000,0.3236,15426,-35057,19575,8653,7033,32,6261,-127,-2277,25,31,0
2017-08-09,30750,32650,30750,32250,245026,7902088500,4.0323,-64565,13186,55165,25896,-784,26198,-5713,-68,9709,-3737,-49,-73
2017-08-10,32050,33150,32000,32550,209866,6831138300,0.9302,-24315,-27060,50232,15701,24862,19764,-20657,-90,10652,1812,-669,0
2017-08-11,32200,33150,32200,32800,147762,4846593600,0.768,-49708,-4158,55353,3475,3687,11545,20080,-235,16628,-10,-1477,173
2017-08-14,33100,34600,33050,34000,207959,7070606000,3.6585,-86672,46067,50548,-8631,22198,27685,12251,15012,-17967,-9493,-450,0
2017-08-16,33700,34550,33700,34200,109202,3734708400,0.5882,-33011,25962,7140,-1224,13730,-81,1738,0,-7023,-53,-38,0
2017-08-17,33800,34400,33700,34200,48113,1645464600,0.0,-11986,13710,-1788,-4160,3476,-3333,3668,-31,-1408,10,54,0
2017-08-18,34000,34700,34000,34450,75623,2605212350,0.731,-32090,17384,14886,1833,7225,275,1931,-30,3652,-60,-120,0
2017-08-21,34400,34800,33150,33200,141640,4702448000,-3.6284,8976,-810,-8199,-13777,-15357,9857,-898,-82,12129,23,10,-71
2017-08-22,33250,34050,33250,33750,61459,2074241250,1.6566,-2212,9288,-6976,-1086,-3977,-14300,1009,8092,3286,-100,0,0
2017-08-23,33600,33850,33400,33550,50009,1677801950,-0.5926,-1945,-3403,5542,-2913,291,-1128,-195,10356,-869,0,-194,0
2017-08-24,33250,34150,33250,33900,71378,2419714200,1.0432,-13432,-5921,19423,1377,-4574,0,6604,8305,7711,-70,0,0
2017-08-25,33750,34450,33700,34300,60359,2070313700,1.1799,-11181,-19634,31099,18641,5106,127,1442,-50,4359,-300,16,1474
2017-08-28,34050,34400,34000,34200,41980,1435716000,-0.2915,-1803,-1790,3601,3271,-4922,0,-47,2147,3152,0,-8,0
2017-08-29,34250,34300,33350,34200,69639,2381653800,0.0,15751,-4377,-11374,-6396,-3579,0,-2319,-679,1599,0,0,0
2017-08-30,34200,34200,33650,34000,48945,1664130000,-0.5848,-566,2788,-2160,7344,-6168,29,-3586,-396,617,0,-62,0
2017-08-31,33700,34150,33550,33800,27196,919224800,-0.5882,1950,4373,-3706,-1609,-3,0,-84,-89,-1921,-2617,0,0
2017-09-01,33900,34200,33550,33750,70719,2386766250,-0.1479,2364,364,-6739,-240,-778,-12305,12550,1030,-6996,4011,0,0
2017-09-04,33550,34350,33100,34000,46005,1564170000,0.7407,-13358,2457,10889,2925,1689,0,4554,0,1721,1289,-1277,0
2017-09-05,34250,34550,33350,33650,60687,2042117550,-1.0294,1864,-7815,5916,-6873,-1342,-258,4436,0,9953,35,0,0
2017-09-06,34200,34650,33650,34600,76892,2660463200,2.8232,-20775,5717,15267,-2206,-3920,7625,1425,0,12343,-309,100,0
2017-09-07,34900,34950,34200,34700,74528,2586121600,0.289,-16772,-6092,22782,7962,2578,6230,22,-187,6177,50,32,0
2017-09-08,34600,34800,33800,33800,37359,1262734200,-2.5937,2112,-1149,-1976,-1543,-1644,-176,1423,-44,8,983,30,0
2017-09-11,34100,34450,33300,33500,63540,2128590000,-0.8876,-829,-387,1629,-4568,68,5122,-5980,-178,7165,-353,-60,0
2017-09-12,33800,34100,33250,34000,50085,1702890000,1.4925,-3268,-2262,5535,1075,-2631,-445,2805,4888,-157,-20,15,0
2017-09-13,33650,34000,32700,33200,75815,2517058000,-2.3529,2502,16087,-18659,-1787,-8160,-3706,-1625,-281,-819,70,0,-2281
2017-09-14,32850,34150,32450,34150,106551,3638716650,2.8614,-22639,19796,2871,-984,2113,-812,-203,-58,2944,-30,2,-129
2017-09-15,34100,34250,32800,33100,80364,2660048400,-3.0747,30745,-16289,-12286,995,-11512,-47,-2237,-457,914,-2170,0,58
2017-09-18,32650,33200,32550,32750,66358,2173224500,-1.0574,11993,-2063,-9884,5754,-12624,-1388,-1322,-138,-74,20,-66,-92
2017-09-19,32400,33150,32000,32900,74584,2453813600,0.458,-11396,37367,-25801,-536,-13696,-1435,-3405,-314,-6256,0,-170,-159
2017-09-20,32650,33350,32400,32550,45189,1470901950,-1.0638,-1078,1080,84,4825,-6714,422,1391,-63,366,-86,0,-143
2017-09-21,32150,32500,31850,31950,60481,1932367950,-1.8433,1499,24113,-25622,-4856,-10699,-10044,-991,-108,1213,10,0,-137
2017-09-22,31800,32200,31100,31250,99299,3103093750,-2.1909,4499,17710,-22219,9180,47,-24144,-2687,-694,-1508,30,-20,-2413
2017-09-25,31550,31650,30550,30850,53117,1638659450,-1.28,118,-642,857,-250,-387,0,312,-106,1288,-333,0,0
2017-09-26,30850,32300,30850,32150,70424,2264131600,4.2139,-18347,-2706,20120,11203,1124,298,-1181,0,8676,828,105,0
2017-09-27,31650,32400,31550,32000,25429,813728000,-0.4666,-2777,-76,2853,-4488,5747,14,2229,0,-649,0,0,0
2017-09-28,31400,32550,30700,32400,89399,2896527600,1.25,-1539,-6714,8263,14138,-5335,-40,845,-71,-1274,-10,0,0
2017-09-29,32700,32700,31750,32600,44941,1465076600,0.6173,2717,-5309,2566,1243,912,-567,2082,-86,-1018,26,0,0
2017-10-10,32200,33000,31900,32400,63562,2059408800,-0.6135,-489,-4227,4896,-2955,1323,10393,354,-107,-4112,-180,0,0
2017-10-11,31700,34200,31700,34000,152179,5174086000,4.9383,-59929,35438,23671,-19834,801,53762,-918,-343,-9797,820,0,0
2017-10-12,33700,34400,32950,33700,104109,3508473300,-0.8824,-5424,9552,-4208,-28349,-916,21674,2827,-89,464,20,60,181
2017-10-13,33500,34300,32750,33500,74474,2494879000,-0.5935,3558,1117,-4600,-8570,-954,48,-380,0,5084,-10,-65,172
2017-10-16,33300,34100,32850,33450,85843,2871448350,-0.1493,-2881,15070,-12214,-32756,15358,844,1235,-343,3448,10,15,0
2017-10-17,33200,33450,32400,32400,73432,2379196800,-3.139,29977,13010,-42998,-42925,2970,-2295,-36,-797,85,20,-9,0
2017-10-18,32400,33100,32350,32950,95056,3132095200,1.6975,-12800,30445,-17436,5208,-5340,-16550,916,-294,-126,-60,-149,-1250
2017-10-19,32700,33300,32450,32800,59961,1966720800,-0.4552,237,9788,-9843,-2776,-12069,136,-701,-1531,7118,2,-184,-20
2017-10-20,32300,32800,32250,32800,87203,2860258400,0.0,24369,22451,-46860,-12346,-30961,-4925,-1060,-798,3230,8,32,0
2017-10-23,32500,32650,32300,32300,75306,2432383800,-1.5244,26525,10082,-36533,-14708,-14614,-1650,-374,-939,-3550,0,-74,-698
2017-10-24,32500,35450,32400,35450,340727,12078772150,9.7523,-125840,149235,-23242,1797,-14490,-15192,1915,205,2673,-253,100,-150
2017-10-25,35400,35850,35150,35450,154371,5472451950,0.0,2421,5147,-6564,-26941,10635,-4317,10648,-294,3744,-1009,5,-39
2017-10-26,35500,36050,35200,35450,82300,2917535000,0.0,-4557,9263,-4434,-3569,-5331,-21,-123,-346,4956,-37,-235,0
2017-10-27,35450,35800,35350,35550,82711,2940376050,0.2821,5856,19488,-25331,-23422,-8157,4181,-586,-457,3110,65,-78,0
2017-10-30,35650,37400,35050,37250,207644,7734739000,4.782,-66536,-31371,98023,27998,19240,12223,35745,3092,-2246,-100,-16,1971
2017-10-31,36900,37150,34200,34400,326984,11248249600,-7.651,71967,-21322,-50842,12648,-13949,-43653,2133,-6227,-1843,-363,560,49
2017-11-01,34500,34650,33700,34300,179674,6162818200,-0.2907,14863,-1803,-15678,2497,-3219,-17801,-1321,-428,4770,2490,128,-176
2017-11-02,34300,34300,32850,33000,179667,5929011000,-3.7901,71570,-5696,-61390,-46795,-11083,-6259,-963,-484,4683,-4400,-84,-489
2017-11-03,33150,33600,32450,32850,169810,5578258500,-0.4545,57314,27665,-87072,-50411,-19269,-14457,-8093,-492,5650,2063,30,0
2017-11-06,33150,33150,32400,32700,92861,3036554700,-0.4566,22625,-11987,-11756,-121,-7225,-5455,-177,-2171,3393,1110,8,0
2017-11-07,32700,33050,32500,32750,78481,2570252750,0.1529,30026,3200,-33289,-19483,-1709,-10582,2361,-460,-3416,13,50,0
2017-11-08,32600,33100,32450,32950,71809,2366106550,0.6107,8076,4106,-11511,-6086,-3926,-1011,-871,-379,762,-671,0,0
2017-11-09,33150,33150,32750,32800,85327,2798725600,-0.4552,1965,-1734,-119,-8359,-96,-86,64,-494,8852,-33,-79,0
2017-11-10,32800,33200,32600,33100,60140,1990634000,0.9146,-2083,-2103,4189,6055,-7554,498,-2,-51,5273,-3,0,-30
2017-11-13,33100,33800,32800,33700,135240,4557588000,1.8127,-14089,-17740,31583,2980,-2831,-1403,19192,-756,14400,270,-24,1
2017-11-14,33650,33950,33050,33850,146748,4967419800,0.4451,2799,-34078,30726,19774,-3077,9642,-673,-518,5578,609,-56,0
2017-11-15,33000,33100,31650,31900,399443,12742231700,-5.7607,169810,-123243,-51242,51719,-24668,-6188,-52694,797,-20208,4244,431,0
2017-11-16,32000,32650,31900,32400,127563,4133041200,1.5674,-21873,-9512,32225,26034,-428,-1208,11501,-53,-4183,-439,-401,562
2017-11-17,32150,33200,32000,32550,147731,4808644050,0.463,11183,-17986,1367,31573,-27920,3023,-421,0,-4888,5436,0,0
2017-11-20,33000,33950,32500,33700,242740,8180338000,3.533,-73833,30915,41278,12604,3907,15625,111,0,9031,1580,60,0
2017-11-21,33750,34450,33350,33800,158387,5353480600,0.2967,-27095,-615,27683,27835,-2440,1473,-7834,-1768,10417,-222,249,0
2017-11-22,33650,34000,32850,32850,103745,3408023250,-2.8107,30754,-38574,7795,-4770,16804,-3675,-1710,-532,1678,20,5,0
2017-11-23,32900,33050,32550,32900,84903,2793308700,0.1522,14605,-18459,3979,6554,-2484,312,13,-1025,609,10,-135,0
2017-11-24,32900,32950,32300,32400,77759,2519391600,-1.5198,31219,-35270,3528,7233,-5022,372,-2850,-463,4258,710,-187,0
2017-11-27,32150,33000,32100,32700,101835,3330004500,0.9259,-7452,-26091,32732,9892,18890,5457,-3860,-47,2400,390,421,0
2017-11-28,32750,34650,32750,33700,342502,11542317400,3.0581,-72782,18211,54311,23677,24734,310,899,-159,4850,260,0,0
2017-11-29,33650,33950,32700,33650,104759,3525140350,-0.1484,-4119,-16054,20876,10574,13795,-107,-3388,-301,303,-980,277,0
2017-11-30,33950,34750,33200,34100,196359,6695841900,1.3373,-76559,-4149,83937,43813,11277,-17584,41629,0,4258,-2487,-742,544
2017-12-01,34350,34800,34100,34550,137690,4757189500,1.3196,-39431,10053,29833,-16847,7793,4813,39740,-182,-5479,-544,89,-5
2017-12-04,34900,35400,34500,34650,104353,3615831450,0.2894,-24467,5958,23897,8987,1741,11343,1568,-471,-295,-5161,-227,1024
2017-12-05,34700,35000,33700,34250,161642,5536238500,-1.1544,-840,-57143,58028,5449,3096,1248,45894,-51,2392,-60,15,0
2017-12-06,34300,35050,34000,34100,117567,4009034700,-0.438,-12482,1977,15618,5239,12523,-28334,19635,0,6555,-5143,30,0
2017-12-07,34550,34650,33750,33900,93977,3185820300,-0.5865,-13683,386,6960,729,-1384,-4713,-792,-149,13269,6437,-100,0
2017-12-08,33650,34150,33000,33400,87588,2925439200,-1.4749,4279,3799,-8098,10211,6883,-25301,-205,-282,596,20,0,0
2017-12-11,33500,33750,32750,33000,66894,2207502000,-1.1976,20773,-6884,-13315,1098,-19376,5974,-4527,0,3516,-590,16,0
2017-12-12,33000,33950,32850,33550,74689,2505815950,1.6667,-18071,2983,16517,292,10931,3902,-297,-93,1782,-1880,451,0
2017-12-13,33450,34000,32900,33000,108034,3565122000,-1.6393,42043,-41623,3307,66,-4405,3008,-5918,0,10740,-3727,0,-184
2017-12-14,33150,33250,32200,32200,160593,5171094600,-2.4242,50538,-41885,-8114,1873,-11656,-8274,6007,1120,1802,-539,0,1014
2017-12-15,32600,33150,32550,33100,83581,2766531100,2.795,-26691,-13663,40829,20113,10025,2656,820,-665,7880,-475,0,0
2017-12-18,33100,33600,32700,33000,58945,1945185000,-0.3021,-1801,-11911,13740,7361,2760,210,-1130,-682,5221,-27,-1,0
2017-12-19,32700,33050,32200,32550,82020,2669751000,-1.3636,18114,-20324,2210,5416,-1353,273,-6723,-1880,6477,0,0,0
2017-12-20,32500,32650,32250,32450,52229,1694831050,-0.3072,114,-14822,14673,4294,-1281,103,-3005,0,14562,35,0,0
2017-12-21,32300,32650,31800,31900,103065,3287773500,-1.6949,26974,523,-21529,-19531,-993,-8501,729,-50,6817,-5833,-135,0
2017-12-22,31400,32250,31350,31750,91627,2909157250,-0.4702,133,2758,-2896,-3987,28,-2521,-5432,0,9016,5,0,0
2017-12-26,31600,32450,31600,31900,92917,2964052300,0.4724,-9700,-17664,27356,5553,3013,3528,-7413,-148,22823,8,0,0
2017-12-27,31600,31850,31100,31550,62608,1975282400,-1.0972,9425,-3498,-5972,-8073,2028,0,-90,0,163,45,0,0
2017-12-28,31500,32000,31350,31500,50041,1576291500,-0.1585,7898,-2493,-164,-398,859,159,501,0,-1297,-5221,-20,12
2018-01-02,31500,32100,31150,31350,142080,4454208000,-0.4762,50088,33118,-82888,-1645,-68495,-15597,3874,1570,-2606,-319,1,11
2018-01-03,31300,31850,31150,31550,82852,2613980600,0.638,-1478,8719,-7235,3426,-1141,528,-490,-234,-9276,-131,125,-48
2018-01-04,31750,32100,31150,31200,93580,2919696000,-1.1094,39767,-5062,-34734,-21350,-3212,4004,-952,0,-13224,28,1,0
2018-01-05,31450,31500,30900,31050,78886,2449410300,-0.4808,23962,-12667,-10870,-3124,-2878,-878,-324,-512,-2679,45,-470,-475
2018-01-08,31000,31400,31000,31200,46333,1445589600,0.4831,-2382,15823,-13436,-7956,2047,24,-682,0,-6869,-8,3,0
2018-01-09,31400,31450,30900,31000,83769,2596839000,-0.641,18374,21171,-42484,-26017,-8689,-2789,-3517,-2616,2526,2990,-51,-1382
2018-01-10,30950,31400,30700,31300,125231,3919730300,0.9677,13846,20289,-37463,-25764,3790,-1893,-18724,0,5441,3328,0,-313
2018-01-11,31450,31600,31150,31150,76328,2377617200,-0.4792,-8842,18320,-10846,8145,-6619,1016,-5489,-420,-6823,1368,0,-656
2018-01-12,31250,32100,31250,31400,110061,3455915400,0.8026,-8873,14326,-8295,-21453,-1994,14402,-520,-2233,3503,2792,50,0
2018-01-15,31600,31800,31100,31200,71846,2241595200,-0.6369,8233,-19443,12163,-5872,-299,15327,876,-327,2458,-953,0,0
2018-01-16,31200,31500,31100,31250,63026,1969562500,0.1603,7988,2301,-9099,-6954,-2529,-293,-754,-675,2106,-1190,0,0
2018-01-17,31150,31400,31100,31200,53556,1670947200,-0.16,5112,4708,-9139,-1732,273,622,-7658,-244,850,-676,-5,-1250
2018-01-18,31250,31850,31250,31300,74492,2331599600,0.3205,9416,-2226,-6346,-7883,2684,1945,-254,0,-2838,-844,0,0
2018-01-19,31400,32000,31400,31700,566948,17972251600,1.278,2921,2457,-4697,420,-1652,564,-2536,-94,-599,-111,-570,-800
2018-01-22,32000,32300,31600,31700,85931,2724012700,0.0,16832,-12234,-3303,-8746,4039,3214,3412,-253,-4969,-1295,0,0
2018-01-23,31700,31700,31300,31600,115956,3664209600,-0.3155,30170,-25243,-5059,-17812,528,15435,-4484,-400,1674,10,122,0
2018-01-24,31600,32600,31600,32350,156360,5058246000,2.3734,-55648,40965,12378,-3414,11792,1895,-7695,-333,10133,2305,0,0
2018-01-25,32200,32900,32000,32600,120453,3926767800,0.7728,-13954,3406,12895,2222,8025,1923,-412,0,1137,-2567,220,0
2018-01-26,32600,33100,32550,32650,100217,3272085050,0.1534,-27095,3571,23535,742,11563,8064,-502,-1295,4963,-10,-1,0
2018-01-29,32600,33400,32550,32650,96644,3155426600,0.0,-2374,8705,-2399,-7393,-8020,-160,-3639,-195,17008,-3900,-32,0
2018-01-30,32850,32850,31700,32100,113181,3633110100,-1.6845,13216,-9764,-5077,-6490,640,-445,889,-510,839,1625,0,0
2018-01-31,32100,32100,31050,31900,182322,5816071800,-0.6231,16937,-32644,16258,13170,4577,-1012,-371,-220,111,-461,-90,3
2018-02-01,32400,33550,32250,33250,237360,7892220000,4.232,-42071,20519,18771,3514,-10241,806,20314,-174,4426,2698,83,126
2018-02-02,33200,33550,32150,32400,112547,3646522800,-2.5564,11782,3457,-15345,-7873,2888,3899,-1841,-94,-12338,30,76,14
2018-02-05,32400,32400,31500,31650,102924,3257544600,-2.3148,10516,-12592,1358,-3128,-2361,1003,9464,1695,-6095,717,1,780
2018-02-06,31250,31300,29850,30450,197063,6000568350,-3.7915,30369,-15454,-10694,-4736,10581,-24538,11225,-41,-3197,-4169,-52,12
2018-02-07,30700,31250,30500,30550,139018,4246999900,0.3284,-9960,25771,-17322,-23178,-1688,26053,260,-147,-18622,164,1347,0
2018-02-08,30700,30850,29950,30100,130702,3934130200,-1.473,47710,-13716,-28565,-14990,-2767,3849,299,0,-14956,-5365,-64,0
2018-02-09,29600,29950,29100,29750,122389,3641072750,-1.1628,13651,-29673,18272,462,-1423,882,35370,-146,-16873,-1771,-479,0
2018-02-12,29800,30000,29050,29400,105060,3088764000,-1.1765,24007,-21345,-2424,-12100,16442,-2022,3280,0,-8024,-202,-36,0
2018-02-13,29250,29650,29100,29150,72978,2127308700,-0.8503,15083,-5821,-9312,-5771,1248,-810,-3669,0,-310,59,-9,0
2018-02-14,29200,29400,28550,28750,117242,3370707500,-1.3722,29292,-5465,-24191,-12181,-6494,-2515,-1004,-75,-1922,364,0,0
2018-02-19,29200,29300,28800,29000,62313,1807077000,0.8696,13357,12061,-25148,-11184,-11101,-697,-486,-715,-965,-350,80,0
2018-02-20,29000,29200,28600,28650,86653,2482608450,-1.2069,38043,-13606,-23893,-7061,-4315,-1060,-6123,-987,-4303,-545,1,-44
2018-02-21,28750,29050,28650,29000,48585,1408965000,1.2216,7015,2814,-9829,-5627,-2604,62,148,-92,-1716,0,0,0
2018-02-22,28800,28950,28500,28900,76996,2225184400,-0.3448,6035,3846,-9400,-4827,-978,-372,444,-100,-3567,-138,-343,0
2018-02-23,29050,29300,28850,29200,67134,1960312800,1.0381,-2075,6404,-4291,-17509,10579,685,501,-241,1044,-38,0,650
2018-02-26,29350,29350,28900,29000,73586,2133994000,-0.6849,26366,-10926,-15414,480,-8172,-6586,10530,0,-11816,-26,0,150
2018-02-27,29050,29300,28950,29200,62265,1818138000,0.6897,2944,-8860,5767,-2767,-8702,0,18525,-111,-1263,-11,160,85
2018-02-28,29100,29400,28900,29250,98891,2892561750,0.1712,-14244,-3125,15397,-5933,371,13551,13012,0,-5573,1972,0,-31
2018-03-02,29250,29250,28600,28600,136039,3890715400,-2.2222,28268,-22397,-6023,-24025,26274,-14404,14275,0,-8518,150,2,375
2018-03-05,28500,28800,26850,26900,158903,4274490700,-5.9441,16836,31709,-52375,-29632,-433,-14745,-2296,-17,-5702,3676,154,450
2018-03-06,27200,28250,27200,27850,208411,5804246350,3.5316,-12697,22445,-9450,-18444,3981,-8486,48864,-23706,-11659,-41,-257,0
2018-03-07,27500,27800,27000,27050,133517,3611634850,-2.8725,23348,5953,-29293,-34551,4095,-9215,17402,-142,-7307,-9,1,425
2018-03-08,27050,27850,27050,27550,133257,3671230350,1.8484,-4880,22509,-17619,-34038,-4173,-632,28578,-15539,8191,-10,0,-6
2018-03-09,27400,28050,27400,28050,108972,3056664600,1.8149,17827,-2087,-15629,-24897,7077,-493,1313,-17,1388,-8,-103,0
2018-03-12,28300,28400,27900,28400,74158,2106087200,1.2478,7608,-19504,11863,-95,14391,-5437,6711,0,-3707,-7,40,0
2018-03-13,28000,28400,27950,28000,99345,2781660000,-1.4085,-4434,1805,5420,3566,11638,-1164,-2274,-322,-6024,-2716,-75,0
2018-03-14,27800,28200,27300,28100,58903,1655174300,0.3571,-4538,-10163,16202,20229,-5167,-114,3705,-18,-2433,-1467,-34,0
2018-03-15,27750,28050,27500,27900,103271,2881260900,-0.7117,14688,3284,-17987,-16070,2129,124,-2079,0,-2197,11,4,106
2018-03-16,27850,28100,27450,28000,87542,2451176000,0.3584,-13537,6298,7558,21291,495,-2643,-7115,-1978,-1546,-324,5,-946
2018-03-19,28150,28300,27550,28000,59180,1657040000,0.0,-10201,-14123,24353,2009,1007,14870,6813,0,-346,-21,-8,0
2018-03-20,27700,28300,27700,28150,42976,1209774400,0.5357,-5447,-10659,16103,9,8795,-1455,7927,0,830,3,0,-3
2018-03-21,27950,28550,27950,28400,46380,1317192000,0.8881,-5369,-14249,19631,1215,-1524,14954,-206,0,5192,-13,0,0
2018-03-22,28300,28900,28300,28450,66245,1884670250,0.1761,-8878,-18093,27708,10097,3741,2256,-430,-126,12170,-161,-576,0
2018-03-23,28050,28050,27100,27150,85283,2315433450,-4.5694,45652,-20430,-16465,-2032,1963,646,348,0,-17390,-8822,65,0
2018-03-26,27100,27800,26950,27650,58965,1630382250,1.8416,-7317,-221,7616,-3097,323,112,1958,0,8320,2,-80,0
2018-03-27,27700,27900,27350,27400,48916,1340298400,-0.9042,10948,3085,-14048,-422,-8581,0,-538,0,-82,15,0,-4425
2018-03-28,27250,27550,27100,27300,42030,1147419000,-0.365,-324,-1948,2262,711,1608,49,-134,0,31,10,0,-3
2018-03-29,27200,27500,27000,27300,45204,1234069200,0.0,10456,-8026,-2451,369,-2117,-18,326,0,-1011,21,0,0
2018-03-30,27450,28200,27350,28050,45080,1264494000,2.7473,-18945,12514,6461,-289,-754,4,653,0,6847,-30,0,0
2018-04-02,28050,28600,28050,28450,66745,1898895250,1.426,-24326,4315,20208,8420,9838,-48,-190,-11542,13730,-197,0,0
2018-04-03,28300,28650,27700,27800,78088,2170846400,-2.2847,10147,-5503,-4658,-6512,12627,4690,-9092,0,-6371,14,0,0
2018-04-04,27800,28100,27200,27200,61595,1675384000,-2.1583,27604,-16190,-11475,-6335,26,0,377,0,-4603,61,0,-940
2018-04-05,27250,27750,27150,27150,59843,1624737450,-0.1838,29853,-16492,-13331,1357,-758,-372,-10721,0,-2837,-130,100,0
2018-04-06,27100,27100,26650,26850,96569,2592877650,-1.105,34969,-20980,-14341,1330,-386,-1796,-9613,0,-3876,93,259,0
2018-04-09,26800,26950,26450,26650,98052,2613085800,-0.7449,28379,-37093,8692,19495,3984,-122,-9486,0,-5179,20,2,0
2018-04-10,26500,27250,26400,27000,268549,7250823000,1.3133,-4169,-1565,5926,7430,9127,-11205,-1765,0,2339,-137,-55,0
2018-04-11,26850,27050,26650,26700,70486,1881976200,-1.1111,23427,4008,-27507,-9651,-4417,-2544,-6884,-58,-3919,2,70,-34
2018-04-12,27000,27500,26750,27000,118535,3200445000,1.1236,-2102,565,1580,3496,-4032,-5210,-2644,-14,9984,-13,-30,0
2018-04-13,27000,27800,26950,27550,135550,3734402500,2.037,-20400,-23072,43542,10430,3737,-192,3121,0,27346,-10,-60,-900
2018-04-16,27750,28650,27500,28350,234452,6646714200,2.9038,-59818,-31216,91117,6339,29071,18591,3055,-28,34089,-30,-53,0
2018-04-17,28400,28750,28050,28600,98317,2811866200,0.8818,-21574,-6859,28380,-3726,19880,9882,443,-23,1924,93,-40,0
2018-04-18,28600,28950,28350,28650,60897,1744699050,0.1748,-13622,16896,-3263,-4925,-5667,6492,381,-4000,5241,-10,-1,-785
2018-04-19,28350,28700,27750,28300,142289,4026778700,-1.2216,-3505,64259,-60645,-20511,-7451,510,-11397,-24,-21772,-73,-36,0
2018-04-20,28050,28850,28050,28700,54226,1556286200,1.4134,-21652,22906,-1203,1399,2213,-158,-302,0,-4355,-21,-30,0
2018-04-23,28750,29100,28400,28950,99173,2871058350,0.8711,-12502,14241,619,-545,3750,8931,19242,0,-30209,-2339,-19,-550
2018-04-24,29200,30050,29050,29900,220770,6601023000,3.2815,-91178,8951,82244,11276,41446,11820,6623,0,11079,-17,0,0
2018-04-25,30000,31000,29500,30600,268873,8227513800,2.3411,-101142,-50802,152503,62343,13670,39716,-10889,0,47663,-702,143,0
2018-04-26,30350,31550,30200,31000,200789,6224459000,1.3072,-48270,-59062,107401,20654,29988,52552,-11009,-8,15224,159,-228,0
2018-04-27,31000,31400,30550,30750,85288,2622606000,-0.8065,-14988,6291,9028,-1327,28451,-4368,-4061,-39,-9646,-198,-133,18
2018-04-30,30750,30900,29650,29900,100754,3012544600,-2.7642,-9274,37434,-28192,-7887,-7057,-1463,-16381,0,4596,32,0,0
2018-05-02,29900,30900,29900,30700,70250,2156675000,2.6756,-26048,12291,13765,558,6867,82,-3335,0,9593,-18,10,0
2018-05-03,30700,31550,30700,31250,146570,4580312500,1.7915,-12203,7211,3297,-15751,17734,8367,2457,0,-9510,1695,0,0
2018-05-04,31000,31500,30650,31100,169266,5264172600,-0.48,-20911,16395,4506,-7874,11562,6510,9509,-10374,-4851,10,0,24
2018-05-08,31100,31200,29800,29900,110345,3299315500,-3.8585,-14995,35773,-21508,-2763,-11595,-3054,-645,0,-3451,730,0,0
2018-05-09,30200,30700,29500,30100,80823,2432772300,0.6689,-14104,21597,-7493,405,-12278,147,-6715,0,10684,0,0,264
2018-05-10,29850,31250,29800,31250,118034,3688562500,3.8206,-19898,13707,5931,-9787,-8720,-13146,-461,0,38045,260,0,0
2018-05-11,30900,31200,30400,31150,93893,2924766950,-0.32,2340,35879,-36862,498,-31991,848,-4989,0,-1228,-10,-1347,0
2018-05-14,31300,31750,31050,31400,86503,2716194200,0.8026,-898,6214,-5315,-16241,1937,1758,2170,0,4928,-11,10,133
2018-05-15,31050,31550,31000,31500,47923,1509574500,0.3185,-8113,4850,3261,-511,3814,213,1761,0,-2016,2,0,0
2018-05-16,31600,33100,31050,32950,249134,8208965300,4.6032,-91578,26695,65237,27616,22382,8266,836,2000,4083,-359,5,54
2018-05-17,33100,33550,32100,32350,165990,5369776500,-1.8209,-14154,26226,-11098,-21817,913,7650,-1185,0,3028,-983,9,313
2018-05-18,32350,33300,32050,33200,116661,3873145200,2.6275,-31895,-19212,51177,-14804,4696,54624,6409,1000,-1053,-20,-50,305
2018-05-21,33300,33300,32100,32250,86049,2775080250,-2.8614,8383,-12253,2866,-16888,12899,4729,-6423,2001,6663,4,1000,-115
2018-05-23,32000,32300,31500,31900,91566,2920955400,-1.0853,-2651,4574,-3469,2306,-5868,8134,-6093,0,-2099,1546,0,151
2018-05-24,32000,32300,31500,32050,68186,2185361300,0.4702,-10221,-1141,11371,-7060,13524,1215,3786,0,-212,0,-9,118
2018-05-25,32050,32200,30450,30950,132901,4113285950,-3.4321,18613,-1193,-17641,549,4175,-15250,-8187,0,895,32,189,177
2018-05-28,31050,31500,30750,31450,50281,1581337450,1.6155,-5362,4312,1060,-226,-358,-4494,3468,0,2460,-10,0,210
2018-05-29,30950,31750,30900,31600,55369,1749660400,0.4769,-6626,833,5793,7731,12045,-8438,3157,0,-8807,0,0,105
2018-05-30,31050,31850,29900,31650,160253,5072007450,0.1582,-96,23086,-22973,5630,10254,-11269,-23531,0,-4174,-10,-7,117
2018-05-31,31650,32450,31350,31850,93786,2987084100,0.6319,-20819,12448,8285,16721,-582,-5936,-201,0,-1920,-14,100,203
2018-06-01,31500,32100,31200,31200,110661,3452623200,-2.0408,-11064,38237,-26149,15144,1155,-13140,-20714,0,-8688,-975,-49,94
2018-06-04,31300,31450,30750,31050,62528,1941494400,-0.4808,7901,20732,-28648,-12214,2969,-10973,-3528,-1802,-3150,20,-5,50
2018-06-05,30800,31300,30550,30950,115674,3580110300,-0.3221,10506,52224,-62730,-16647,-32945,-10435,134,0,-2881,0,0,44
2018-06-07,30650,31050,30600,30800,67477,2078291600,-0.4847,10097,22549,-33322,4339,-14197,-14,1006,0,-24491,679,-3,35
2018-06-08,30850,31200,30200,30200,97102,2932480400,-1.9481,22054,41561,-63035,-19175,-35569,-1584,5013,307,-12027,20,-600,0
2018-06-11,30800,32150,30600,32000,141465,4526880000,5.9603,-32106,18813,13702,8310,9641,13829,-21539,0,3461,191,-600,0
2018-06-12,32300,33000,32000,32950,134277,4424427150,2.9688,-23565,26052,-2602,-7603,-1788,5068,-5812,0,7533,215,-100,0
2018-06-14,32800,34400,32500,33950,318079,10798782050,3.0349,-103514,23547,80034,15840,46070,-175,6008,0,12293,-41,-26,-2
2018-06-15,34050,34200,33350,33500,125083,4190280500,-1.3255,-3296,-32882,36115,6187,1694,12512,4448,1000,10274,8,55,0
2018-06-18,33750,35050,33550,34450,272273,9379804850,2.8358,-70267,-21378,91921,35627,5262,22788,15991,6687,3186,-61,-215,2380
2018-06-19,34450,35500,33850,34250,134011,4589876750,-0.5806,-24449,-31540,53680,21920,718,23778,936,0,6328,2309,0,0
2018-06-20,33900,36450,33900,35850,296561,10631711850,4.6715,-33637,-19529,42490,30744,11435,25774,-5706,0,-19636,10980,-304,-121
2018-06-21,35350,36350,35250,35500,168151,5969360500,-0.9763,-20226,-33626,55152,22277,12265,-7368,3218,0,26005,-1414,114,-1245
2018-06-22,35200,35450,34550,35000,142412,4984420000,-1.4085,-14005,16504,-4482,-14521,-8759,23435,-17710,0,13315,2062,-79,-242
2018-06-25,34950,35600,34300,35500,132244,4694662000,1.4286,-12416,41534,-32012,-29524,1402,-10382,-3661,0,10153,2915,-21,0
2018-06-26,35350,35400,34500,34500,297376,10259472000,-2.8169,1834,-51154,48349,21517,-5792,7755,13398,5430,6142,913,58,-101
2018-06-27,34350,34800,33500,33700,133530,4499961000,-2.3188,2028,52150,-54208,-12257,-16272,-8387,-15629,0,-1663,30,0,0
2018-06-28,33850,34000,33000,33200,169338,5622021600,-1.4837,3916,-7839,4111,-1293,-2446,4252,-599,0,4197,-70,-118,0
2018-06-29,33650,33800,32550,33500,104884,3513614000,0.9036,-10861,6798,4603,2303,24905,-7738,349,448,-15721,-540,0,57
2018-07-02,33400,33400,32100,32250,89362,2881924500,-3.7313,6865,17353,-23888,-17436,976,16,1803,-1889,-7358,-330,0,0
2018-07-03,32450,32500,31500,31900,96527,3079211300,-1.0853,-872,17468,-16456,-26193,10479,-8012,5944,1755,-429,-140,0,0
2018-07-04,31500,32550,31500,31800,160372,5099829600,-0.3135,3354,-5379,2015,-453,-1140,1804,3051,-278,-969,10,0,0
2018-07-05,31550,32150,30550,31450,77414,2434670300,-1.1006,1287,6371,-7568,-13786,6450,0,1666,-57,-1699,-90,0,-142
2018-07-06,31300,32250,30950,32000,130202,4166464000,1.7488,620,-19917,19554,3612,6052,7435,60,-665,3107,-260,3,-47
2018-07-09,32100,32150,30900,31500,97811,3081046500,-1.5625,8459,24424,-32947,-17557,-3037,-2497,-10116,0,260,60,4,0
2018-07-10,31550,32150,31350,31600,124285,3927406000,0.3175,1024,27355,-27992,-11177,-4536,-5670,-3396,0,-3213,-387,0,0
2018-07-11,31200,32200,31200,31550,145220,4581691000,-0.1582,1345,19044,-20380,-3087,-2900,-6472,-5297,0,-2624,-52,43,0
2018-07-12,31950,31950,30900,30900,106948,3304693200,-2.0602,25792,7814,-33776,-20602,-7783,-10909,9315,0,-3797,217,-47,0
2018-07-13,30900,31200,30500,30900,82043,2535128700,0.0,-153,14829,-18900,-12190,-10940,43,45,0,4142,4224,0,0
2018-07-16,30950,31300,30200,31150,88194,2747243100,0.8091,154,15492,-19882,-10526,-8023,-12896,-120,0,11765,4230,6,-82
2018-07-17,31000,31250,30850,31050,43181,1340770050,-0.321,2428,-6104,3777,-10722,2904,0,-2231,0,13826,-101,0,0
2018-07-18,31050,31600,30800,30850,127094,3920849900,-0.6441,2970,-23574,18254,7173,-5211,5086,-785,0,11991,2350,0,0
2018-07-19,30700,31100,28800,29400,193064,5676081600,-4.7002,24681,8166,-33673,-15183,-8656,4217,-7988,0,-3708,813,13,-2355
2018-07-20,29600,30400,29500,30400,181309,5511793600,3.4014,-27119,-25246,52027,-32314,34887,-1665,39077,0,12116,258,80,-74
2018-07-23,30800,31500,30700,31050,218099,6771973950,2.1382,-17357,-48934,66327,-28601,32307,60646,-6500,0,8475,-30,-6,0
2018-07-24,30850,31300,30550,31000,77244,2394564000,-0.161,666,-13824,12478,-10445,18958,1278,-4987,0,7674,596,84,0
2018-07-25,31150,32400,31100,31550,108668,3428475400,1.7742,-6668,8122,4171,-16790,14899,-1051,13552,0,-6439,-5665,40,0
2018-07-26,31700,31800,30600,31500,86814,2734641000,-0.1585,-5644,6521,1237,-11357,12480,-4942,1688,0,3368,-2084,-30,0
2018-07-27,31900,31900,31250,31550,50052,1579140600,0.1587,-1562,-13519,17109,-10690,2209,2146,5947,16500,997,-2028,0,0
2018-07-30,31000,31550,30250,30700,61309,1882186300,-2.6941,18058,13085,-31147,-16240,-2908,-8130,-2294,0,-1575,44,-40,0
2018-07-31,30900,30900,30100,30200,67941,2051818200,-1.6287,7999,26729,-34660,-17871,-3439,-14068,-561,0,1354,-43,-25,-75
2018-08-01,30400,30550,30250,30450,70976,2161219200,0.8278,7147,22589,-29504,-10476,-3369,-12978,1222,0,-3822,-232,0,-81
2018-08-02,30150,30550,29700,29750,178534,5311386500,-2.2989,19985,14548,-34463,-25637,1387,-268,-3587,0,-6358,-52,-18,0
2018-08-03,29800,30050,29500,29800,96443,2874001400,0.1681,23787,18164,-41473,-18969,-3675,-19672,-518,0,1361,-478,0,0
2018-08-06,29600,30100,29550,29700,59696,1772971200,-0.3356,6074,-864,-4651,-5855,371,-3138,-3811,0,7782,-559,0,0
2018-08-07,29550,29850,28800,29300,76662,2246196600,-1.3468,24590,-11722,-12526,-6880,651,-4366,1763,0,-3694,-342,0,0
2018-08-08,29000,29450,28700,28800,86966,2504620800,-1.7065,18368,24397,-42711,-36682,3200,-6470,590,0,-3349,-71,17,0
2018-08-09,28800,29750,28700,29250,77483,2266377750,1.5625,-15565,-3461,19245,-4365,-3447,21813,472,0,4772,-219,0,0
2018-08-10,29400,29450,29100,29300,33566,983483800,0.1709,-2203,-6179,8372,-7810,4753,3306,2784,0,5339,0,10,0
2018-08-13,29150,29600,29000,29400,77893,2290054200,0.3413,-11768,-23858,35827,-5641,1252,26627,-37,0,13626,-184,-17,0
2018-08-14,29250,33000,28700,31900,360984,11515389600,8.5034,-34769,-89757,125003,15026,26407,37486,13152,4197,28002,-489,12,733
2018-08-16,31950,34100,31800,33600,464302,15600547200,5.3292,-60383,66179,-6395,4959,46118,-4644,16069,6243,-78359,621,-22,3219
2018-08-17,33750,34900,33450,34700,290495,10080176500,3.2738,-80065,73753,13168,24926,60340,9544,8583,4000,-94225,-6941,85,0
2018-08-20,34350,35050,34350,34650,169063,5858032950,-0.1441,-30608,53325,-24404,-29421,14590,22977,5371,2000,-41284,1694,-7,1363
2018-08-21,34950,35500,34450,34600,172400,5965040000,-0.1443,-35896,27520,9306,19967,7124,8327,-2166,2902,-28192,-800,-130,1344
2018-08-22,34550,34900,34250,34600,119482,4134077200,0.0,-36613,34559,5844,-247,35627,-9060,-7596,-4410,-9191,-3782,-8,721
2018-08-23,34750,34950,33800,34500,74261,2562004500,-0.289,-14220,24724,-10514,-4385,-1467,-4218,-558,0,114,10,0,0
2018-08-24,34600,35150,34350,34800,89309,3107953200,0.8696,-7403,29473,-22050,-7456,1375,1531,-8594,0,-9216,-20,0,310
2018-08-27,35000,35300,34000,34000,143735,4886990000,-2.2989,-20543,7230,13607,8411,7349,-25365,-5109,0,28378,-286,-8,-57
2018-08-28,34150,34600,33950,34600,63969,2213327400,1.7647,-4516,18553,-16123,-497,-3392,-6630,-11560,-1275,7231,2086,0,0
2018-08-29,34900,34900,34000,34450,67825,2336571250,-0.4335,-5803,-8965,11768,15318,-13653,-1978,415,0,11666,3000,0,0
2018-08-30,34400,34800,34150,34400,71541,2461010400,-0.1451,-1522,-16912,18156,16988,831,-7014,10540,0,-3755,278,0,566
2018-08-31,34100,35050,34100,34650,81753,2832741450,0.7267,-7168,-7362,14540,28751,-9287,-368,86,0,-4708,-10,0,66
2018-09-03,34400,35800,34400,35600,115041,4095459600,2.7417,-12859,-30755,42924,20681,4918,25576,-11597,0,2226,690,0,1120
2018-09-04,35600,35700,35050,35500,89490,3176895000,-0.2809,3167,-25503,22071,10768,17173,6338,-699,-12000,491,276,-11,0
2018-09-05,35500,35600,34900,35050,71324,2499906200,-1.2676,-3837,-7648,11485,19142,-3118,-4161,1536,0,-1783,0,0,-131
2018-09-06,34700,35700,34700,35600,89879,3199692400,1.5692,-24404,-7075,32994,27117,-670,3183,-3097,0,6594,-1515,0,-133
2018-09-07,35700,35750,35050,35600,114693,4083070800,0.0,-10542,27576,-16971,13451,-15736,-2013,-22533,0,9860,0,-63,0
2018-09-10,35100,36350,35100,36200,131163,4748100600,1.6854,-20169,44819,-24530,14330,43,3437,-36022,0,-6239,-120,0,-79
2018-09-11,35950,39150,35950,39100,385990,15092209000,8.011,-104152,51349,55947,-3947,22476,14697,12323,0,10418,-3130,-14,-20
2018-09-12,39400,40050,38650,40050,303066,12137793300,2.4297,-58159,-12160,70451,29115,32640,16741,-5322,-418,-2703,-20,-112,398
2018-09-13,39650,40500,39650,40250,219098,8818694500,0.4994,-12329,-18332,25739,-26846,19296,20081,3155,0,10180,4922,0,-127
2018-09-14,40050,40050,39200,39250,168516,6614253000,-2.4845,-8778,21447,-12737,31565,-26348,-28990,-2571,0,13607,73,-5,0
2018-09-17,39250,39650,38900,38900,90737,3529669300,-0.8917,-3497,21924,-18504,8629,-23724,-13458,-3200,0,13324,-3,80,-75
2018-09-18,38900,39750,38850,39700,86837,3447428900,2.0566,-16,-4172,3730,12536,-8028,-143,-11851,0,11216,330,128,0
2018-09-19,39350,39650,38550,38850,83113,3228940050,-2.1411,10306,-2005,-8351,-3826,-14221,-548,-4563,0,14850,11,39,-43
2018-09-20,38400,39250,38350,38700,122896,4756075200,-0.3861,-9456,-5904,15333,8936,1692,-1343,-10396,0,16444,0,27,0
2018-09-21,39250,39650,38800,39300,80755,3173671500,1.5504,-5151,-3191,7344,53,3369,1430,4307,0,-1815,998,0,0
2018-09-27,38300,39200,37800,38900,191544,7451061600,-1.0178,-3788,41521,-38316,9391,-5603,-41981,-11416,0,11420,579,4,-127
2018-09-28,38400,39850,38400,39500,131051,5176514500,1.5424,-10544,18476,-3508,-6806,6118,-10257,2128,147,5222,-4424,0,-60
2018-10-01,39550,39800,38050,38600,76232,2942555200,-2.2785,17012,-4360,-12613,-9088,3361,-6734,-1834,0,1748,-40,1,-66
2018-10-02,38200,38600,37850,38150,86671,3306498650,-1.1658,-36,14939,-13702,7514,-20867,-1440,-3775,117,4749,-1201,0,0
2018-10-04,39250,40750,38700,40000,220422,8816880000,4.8493,-28534,87181,-56770,-20246,-14846,-13126,-17123,0,8571,-1883,6,0
2018-10-05,40050,40050,37650,38400,161991,6220454400,-4.0,12290,-5270,-6560,-4414,11238,-17594,-13132,750,16592,-460,0,0
2018-10-08,38350,38350,36850,37100,110027,4082001700,-3.3854,-10214,30314,-20644,8792,-4931,-23577,-7241,0,3926,519,25,2387
2018-10-10,36800,38200,36800,37250,150034,5588766500,0.4043,-6593,44791,-37963,-1934,-40075,-2358,832,0,5272,-235,0,300
2018-10-11,35550,37100,35550,36300,269612,9786915600,-2.5503,-14764,46294,-31704,-118872,-9865,817,-1462,-965,98643,174,0,0
2018-10-12,38100,38100,36650,37500,124313,4661737500,3.3058,-6024,8342,-2821,-15202,12466,19155,1935,-1750,-18566,503,0,-859
2018-10-15,36800,37800,36350,37550,116787,4385351850,0.1333,-1794,18348,-16273,-33120,8461,2353,17274,-3088,-7327,-281,0,-826
2018-10-16,38000,38000,36750,36900,62509,2306582100,-1.731,4697,3036,-7833,-10030,-432,1500,2805,0,-1676,100,0,0
2018-10-17,37800,37800,36450,36850,84636,3118836600,-0.1355,4842,30301,-35143,-18794,-19780,1060,-1047,0,3418,0,0,0
2018-10-18,36300,37300,36300,37050,68538,2539332900,0.5427,-3657,15564,-11806,-18578,8305,-563,-1203,0,233,-101,0,0
2018-10-19,36900,37150,36250,37150,75626,2809505900,0.2699,-2779,23284,-20505,-14568,-10923,187,5470,0,-671,0,0,0
2018-10-22,36700,37150,36500,37000,98429,3641873000,-0.4038,5368,-23670,18152,3178,-5479,17827,278,0,2348,150,0,0
2018-10-23,36600,37450,35950,36450,70516,2570308200,-1.4865,-540,1208,-741,-12806,-2313,18012,-3898,0,1545,73,0,-1281
2018-10-24,37000,37100,35750,36300,113501,4120086300,-0.4115,-11325,29460,-18135,-30600,-4435,-3241,-67,0,21046,0,0,-838
2018-10-25,36400,36450,34200,35400,128616,4553006400,-2.4793,-3453,31952,-29117,-37554,-5004,8754,-2872,0,8131,526,92,-572
2018-10-26,34800,35650,34250,35200,84980,2991296000,-0.565,-20628,27256,-6357,-9024,4119,290,-3254,0,838,-271,0,674
2018-10-29,35450,35800,32750,33200,117101,3887753200,-5.6818,3153,26478,-26544,-20824,-14447,-142,-4943,-3454,17954,-3092,5,-688
2018-10-30,33100,34450,32450,34150,112658,3847270700,2.8614,-14975,11128,8760,879,-1991,14437,-7509,0,2944,-4913,0,0
2018-10-31,34200,36500,34200,35750,229730,8212847500,4.6852,-8344,-38710,47535,-15586,27277,64490,-6774,0,-21151,-581,100,-721
2018-11-01,35300,36400,34550,34550,79197,2736256350,-3.3566,17175,-25955,8544,-3435,3964,1050,7107,1367,-5007,236,0,3498
2018-11-02,34400,35750,34400,35450,105511,3740364950,2.6049,-772,9697,-8831,-9931,-1480,10566,-2805,1411,-5977,-94,0,-615
2018-11-05,35450,36100,34850,35200,74627,2626870400,-0.7052,4712,-2363,-2538,-6182,-1143,12076,1677,0,-8966,164,25,0
2018-11-06,36100,36450,34300,34850,128515,4478747750,-0.9943,12147,6154,-26356,-9681,-21944,13282,-2189,1928,-3479,7945,110,-4273
2018-11-07,35050,35050,33850,34350,114865,3945612750,-1.4347,1221,-26574,25554,48492,-13531,-2332,-902,2232,-7169,10,-211,-1236
2018-11-08,34700,35750,34600,34900,106311,3710253900,1.6012,-7687,14224,-6826,-6641,-1317,-3724,26,0,4830,328,-39,0
2018-11-09,35600,35800,34500,34950,111642,3901887900,0.1433,-1916,36100,-39107,-31448,-220,-4399,350,0,-7348,4923,0,3958
2018-11-12,34550,36150,34550,35650,92247,3288605550,2.0029,-3221,36930,-33285,-14452,-16323,-8638,60,0,1068,-419,-5,5000
2018-11-13,35450,35750,34250,35050,107566,3770188300,-1.683,12348,3991,-16389,-31332,7823,-2456,8966,0,610,0,50,0
2018-11-14,35250,36550,34250,35850,107765,3863375250,2.2825,5578,6586,-12114,-12067,-19635,10571,1514,0,2503,0,-50,5000
2018-11-15,36400,37950,35650,37650,175496,6607424400,5.0209,7841,-12266,3251,-7583,1804,5037,-5382,0,8997,1062,112,378
2018-11-16,37650,37700,36600,36950,142456,5263749200,-1.8592,18076,-4327,-13858,-22037,-1947,9771,2934,0,-2270,254,-145,-309
2018-11-19,37100,38850,37100,38650,162299,6272856350,4.6008,-34684,42810,-2110,-6689,2417,4379,-5822,0,3605,-6016,0,0
2018-11-20,38700,39500,38000,38900,137354,5343070600,0.6468,-3928,27219,-24043,-16763,-7181,-5030,105,0,4413,-154,906,413
2018-11-21,39000,39900,38250,39750,122895,4885076250,2.1851,-12441,22803,-9981,-1344,-19493,203,476,0,5177,169,-550,5000
2018-11-22,39950,41250,39800,40450,172777,6988829650,1.761,-27857,53018,-25038,-22259,-7570,13023,-2627,-516,-5089,74,-197,0
2018-11-23,40500,41000,39150,39600,96619,3826112400,-2.1014,-1608,-2515,4018,-1947,1802,3295,2793,0,-1338,54,51,-587
2018-11-26,40750,40900,39700,40650,111991,4552434150,2.6515,-14822,18554,-3699,-974,8662,-13971,-4210,0,6416,94,-127,378
2018-11-27,40150,40350,38250,38300,219994,8425770200,-5.7811,57565,10205,-68982,-19624,-21792,-10505,-12871,-4152,-2598,1099,113,2560
2018-11-28,38550,38950,38200,38800,69044,2678907200,1.3055,-14505,29604,-15026,-11604,-321,-629,-1006,0,-1466,0,-73,0
2018-11-29,39100,39400,38450,39300,143307,5631965100,1.2887,-21631,66269,-46930,-24126,-15129,-1354,-1492,0,-4429,2380,-88,-400
2018-11-30,39300,39400,38200,39350,151154,5947909900,0.1272,-8849,41224,-34090,-12581,-150,-9351,-1058,-4987,-5436,1716,-1,-527
2018-12-03,39350,39350,38200,38450,152862,5877543900,-2.2872,23416,31396,-53980,-7939,-13417,-35625,1730,0,3022,-993,161,-1751
2018-12-04,38450,38700,37850,38500,87984,3387384000,0.13,-9628,17852,-8280,9783,-525,-7676,-4443,0,-6390,0,56,971
2018-12-05,38500,39800,38100,38850,112647,4376335950,0.9091,-2465,7282,-4575,1623,-2365,-7561,-978,793,3913,-36,-206,0
2018-12-06,39300,39300,37250,38650,189405,7320503250,-0.5148,-7922,58314,-50935,-19596,-711,-18311,-7715,0,-4602,407,136,0
2018-12-07,39300,39300,37600,37850,95698,3622169300,-2.0699,8620,26645,-35461,-16642,-4373,-14217,-1069,0,840,200,-4,0
2018-12-10,37850,38200,36800,37200,92520,3441744000,-1.7173,-618,30286,-29837,-24953,-5449,-7922,624,0,7863,169,0,0
2018-12-11,37200,37800,36850,37150,67312,2500640800,-0.1344,-8336,7650,1965,-1012,-4468,-3589,-399,0,11433,-1279,0,0
2018-12-12,37500,37650,36500,37550,104206,3912935300,1.0767,-7196,15988,-8792,-2434,-7760,-7810,794,0,10994,0,0,-2576
2018-12-13,37550,37900,36700,37150,200501,7448612150,-1.0652,7452,60703,-68537,2405,-46390,-16935,-2650,0,-5053,377,5,86
2018-12-14,37150,37750,36850,37500,106312,3986700000,0.9421,-10677,26775,-16127,-3217,-2272,-8727,-573,0,-1338,29,0,0
2018-12-17,38300,39250,37700,38850,144135,5599644750,3.6,-16887,25603,-8611,-19727,7642,-3455,1787,0,5142,25,-130,0
2018-12-18,39250,39400,37950,38350,76949,2950994150,-1.287,-2179,-8940,11147,-2126,1225,49,2956,0,9043,-25,-3,0
2018-12-19,38850,38850,37350,37700,60111,2266184700,-1.6949,3233,7906,-11187,-5001,1980,-4139,-8442,0,4415,123,-75,0
2018-12-20,38400,38400,37200,38150,73350,2798302500,1.1936,-6690,3201,3510,-7295,-8531,-622,21601,-42,-1347,-21,0,-254
2018-12-21,38500,38500,36500,38150,94193,3593462950,0.0,-639,13954,-13315,-4867,-6928,-3367,-860,-1284,5991,0,0,-2000
2018-12-24,38250,38250,37300,37650,57042,2147631300,-1.3106,-1096,21257,-19850,-1906,-15977,1531,-2178,-1221,427,-311,0,-526
2018-12-26,37600,37650,36000,36900,72441,2673072900,-1.992,-2385,-137,-93,-713,-4949,-3647,900,0,4712,2615,0,3604
2018-12-27,36250,37450,36150,36650,103869,3806798850,-0.6775,2988,38618,-41606,-7475,-14164,-7814,3849,0,-17406,0,0,1404
2018-12-28,36650,38950,36650,38350,151588,5813399800,4.6385,-25914,-17343,43257,10173,4441,9971,15093,0,3365,0,0,214
2019-01-02,38100,38800,37200,37850,73902,2797190700,-1.3038,-1070,18639,-17569,-2378,-4599,-11940,944,0,206,0,0,198
2019-01-03,38200,38700,35550,35550,159117,5656609350,-6.0766,15478,21608,-36666,-32193,2845,-6977,3,0,-344,-424,4,0
2019-01-04,36000,36100,34700,35350,125940,4451979000,-0.5626,-5254,11179,-5915,-3941,6210,-7225,-2805,0,2946,0,-10,-1100
2019-01-07,36000,36150,35250,35650,79409,2830930850,0.8487,56,596,-626,-4529,-12505,1033,13571,0,2370,-26,0,-566
2019-01-08,35850,37750,35850,37550,127837,4800279350,5.3296,-19230,-471,19701,5325,-6002,199,10469,0,-967,0,0,10677
2019-01-09,37250,40200,37100,39400,209262,8244922800,4.9268,-28283,17166,11671,12973,18041,2434,1724,0,-23501,-509,-45,0
2019-01-10,38900,39800,38750,39450,127723,5038672350,0.1269,149,-36636,36487,80,19872,10285,17399,0,-11149,0,0,0
2019-01-11,39000,39000,36950,37250,198573,7396844250,-5.5767,21167,-15538,-3266,-13668,-6280,627,-3311,0,18542,-2363,0,824
2019-01-14,36850,37150,36050,36500,103354,3772421000,-2.0134,19901,-22850,2943,-7297,16490,1919,-3745,1500,-5924,0,6,0
2019-01-15,36850,37200,36050,36250,122256,4431780000,-0.6849,16344,-8262,-10653,-3491,8521,-6787,-16082,2000,6287,2571,0,-1101
2019-01-16,36250,36450,35200,35250,154877,5459414250,-2.7586,63156,29120,-87650,-10370,-28114,-8726,-20774,4800,-14949,-4631,5,-9517
2019-01-17,35400,35800,34550,34700,183388,6363563600,-1.5603,43415,34522,-78936,-10970,-32204,-2981,-25156,0,-9625,1000,-1,2000
2019-01-18,34800,35550,34800,35450,77753,2756343850,2.1614,-12284,6997,5252,-1674,862,4437,-3282,-54,4963,0,35,0
2019-01-21,35600,37600,35400,36650,202301,7414331650,3.385,-58233,40218,18019,-14621,8004,31377,-7949,0,1208,0,-4,0
2019-01-22,36850,36850,35600,35700,116094,4144555800,-2.5921,12293,57704,-70044,-38004,-19053,-2260,-13042,0,3509,35,12,-1194
2019-01-23,35650,36600,35650,36150,93630,3384724500,1.2605,-7898,6924,974,-2960,-12386,-50,-704,0,17074,0,0,0
2019-01-24,36100,36250,34500,35400,109856,3888902400,-2.0747,13768,16348,-30200,-21885,-2242,103,3121,30,-9327,20,64,0
2019-01-25,35400,35650,34700,35000,161432,5650120000,-1.1299,57213,31093,-88292,-46632,-9083,-18759,-8824,0,-2241,0,-14,-2753
2019-01-28,35350,35500,34750,35200,117698,4142969600,0.5714,21841,36610,-59371,-34776,-21956,-2740,3623,-18,-3477,920,0,-27
2019-01-29,35000,35150,34550,34600,82011,2837580600,-1.7045,32660,-256,-32404,1411,-19207,-8262,323,0,-6669,0,0,0
2019-01-30,35000,35000,34050,34300,121693,4174069900,-0.8671,42124,28551,-70871,-47175,-12310,-3905,-8548,0,1067,210,-14,0
2019-01-31,34650,34950,34300,34700,88279,3063281300,1.1662,-8363,26840,-18479,-631,-10898,-2006,-779,0,-3989,0,2,-176
2019-02-01,34700,34850,34000,34100,98832,3370171200,-1.7291,22511,3753,-27440,5122,-11411,-2990,-2970,0,-15065,1170,6,-126
2019-02-07,34100,34550,33700,34450,121184,4174788800,1.0264,3738,30581,-34328,-6274,-5342,-16651,-4791,0,-1270,10,-1,0
2019-02-08,34550,35000,34350,34850,119033,4148300050,1.1611,-25982,11828,14367,3544,-1886,6281,933,28,5467,-213,0,0
2019-02-11,35200,35350,34200,34300,106218,3643277400,-1.5782,4823,5994,-10960,2412,-1074,6071,-19785,0,1416,27,116,0
2019-02-12,34300,34900,34150,34450,66738,2299124100,0.4373,-2565,-1337,3902,14799,-412,-108,-11471,0,1094,0,0,0
2019-02-13,34500,36750,34500,36550,205905,7525827750,6.0958,-101110,40950,62818,22897,8370,43610,-2233,0,-9883,-2600,-58,57
2019-02-14,36350,37300,35550,37250,162188,6041503000,1.9152,-26041,-12793,38866,14939,21987,9581,-2714,0,-6076,-27,-5,1149
2019-02-15,36950,37250,36400,36450,77120,2811024000,-2.1477,-22,-5174,-1519,-7681,6430,-26,-233,0,-9,6725,-10,0
2019-02-18,36000,37100,35900,36800,82656,3041740800,0.9602,-12173,-1432,13611,8559,3723,-4678,-292,0,6299,-6,0,0
2019-02-19,36250,37550,36050,37300,121576,4534784800,1.3587,-12059,-44079,56139,31438,18937,0,7587,0,-1823,0,-1,0
2019-02-20,37300,37300,36050,36050,116244,4190596200,-3.3512,52697,-9046,-43712,-3974,-17352,-18346,-1790,0,-2194,61,0,-56
2019-02-21,35850,36750,35850,36350,77258,2808328300,0.8322,-11891,14619,-2240,-100,5228,-4907,-488,0,-1945,-492,4,-28
2019-02-22,36150,36450,35600,35650,75612,2695567800,-1.9257,12384,-1236,-5648,-1378,-1523,-3214,-654,0,1121,-5500,0,0
2019-02-25,35850,36750,35850,36400,80414,2927069600,2.1038,-20803,15751,8485,-2297,997,6241,1242,0,2302,-3359,-74,0
2019-02-26,36150,36600,35650,35700,63328,2260809600,-1.9231,12498,-15669,3021,3880,-1536,-4377,313,4000,741,150,0,0
2019-02-27,35700,36200,35150,35450,75492,2676191400,-0.7003,15047,-4496,-12271,-6403,-10640,-4056,65,0,8763,1720,0,0
2019-02-28,35450,35900,35100,35100,135855,4768510500,-0.9873,-7607,-13262,20829,-2709,2132,5257,3387,0,10711,40,0,2051
2019-03-04,35150,36600,35150,36200,160851,5822806200,3.1339,-19848,28284,-8916,6158,8757,2796,-12373,0,-14363,480,0,109
2019-03-05,35750,35900,33300,33550,435959,14626424450,-7.3204,197990,-132203,-66762,-2208,-17695,-35178,-24222,0,12570,940,35,-29
2019-03-06,33550,33600,32550,33100,218369,7228013900,-1.3413,50699,-73372,21798,36141,2848,-16705,1668,-321,-1453,844,31,-380
2019-03-07,33200,33800,33150,33350,167964,5601599400,0.7553,-9941,-21867,32622,24844,-324,4464,-3807,0,11445,-849,35,-4000
2019-03-08,33000,33250,30850,31150,463817,14447899550,-6.5967,150828,-213817,62799,37484,6689,-6760,5062,1103,19221,204,-14,0
2019-03-11,31350,31700,30450,31400,201072,6313660800,0.8026,-2266,-28821,31023,10074,2134,-5405,8458,0,14976,55,9,786
2019-03-12,31600,33250,31600,33150,188229,6239791350,5.5732,-57192,474,54411,17840,2929,6606,17224,5821,4777,2257,50,-786
2019-03-13,32850,33400,32350,32850,111319,3656829150,-0.905,-4719,-26399,31124,14020,458,2315,8969,2700,2662,-26,20,0
2019-03-14,33200,33200,32400,33000,119119,3930927000,0.4566,7388,-18067,10485,15009,818,-2924,5121,0,-6953,194,0,-586
2019-03-15,33100,34150,33000,34050,214016,7287244800,3.1818,-65452,15397,49370,17015,13630,24633,2039,-1750,-6197,735,-50,0
2019-03-18,34100,34100,33400,33650,90499,3045291350,-1.1747,5965,-32328,26275,1778,18821,-26,2842,481,2379,88,0,0
2019-03-19,33900,34250,33600,33750,89867,3033011250,0.2972,-3028,20336,-17145,-6387,71,-2116,1959,389,-11450,-165,2,389
2019-03-20,33350,33500,32850,33450,99001,3311583450,-0.8889,-7897,12603,-4734,-1918,-2602,-1617,746,0,657,30,-2,0
2019-03-21,33100,33600,32400,32550,133462,4344188100,-2.6906,25840,-6037,-21002,-11237,-11964,-216,-835,0,3250,1259,-60,0
2019-03-22,32250,32700,32000,32100,91096,2924181600,-1.3825,6993,20863,-27891,-17072,-4217,-1519,1808,0,-6891,35,0,0
2019-03-25,31800,32650,31600,31750,81545,2589053750,-1.0903,2243,21204,-23462,-3148,901,-4062,733,0,-17886,15,0,0
2019-03-26,31700,32900,31700,32500,92557,3008102500,2.3622,-8363,4435,2625,7502,1716,-3063,1294,0,-4824,1303,0,0
2019-03-27,32350,33750,32350,32750,96610,3163977500,0.7692,-6325,23798,-17835,-9945,1954,-14901,1632,0,3425,587,-225,0
2019-03-28,32550,33000,31850,31850,79018,2516723300,-2.7481,16801,-3922,-12971,-8437,645,-681,-3605,0,-893,89,3,0
2019-03-29,32400,32800,32000,32600,92013,2999623800,2.3548,-14392,19586,-5962,-12834,-8790,-2991,114,0,18563,768,0,-24
2019-04-01,32650,33700,32500,33250,88453,2941062250,1.9939,-21602,5637,16051,17627,1319,2091,822,0,-5784,-25,-61,-24
2019-04-02,33050,33550,31900,32100,116773,3748413300,-3.4586,46506,-13967,-32793,7512,-10150,-19210,-8579,0,-2366,245,9,0
2019-04-03,31750,33250,31550,33050,149760,4949568000,2.9595,-13501,-20130,33700,14804,3805,14613,2586,0,-2996,-69,0,888
2019-04-04,33100,34750,33100,34500,220323,7601143500,4.3873,-110956,-14297,124294,27982,30479,25222,21882,0,18729,1014,-55,0
2019-04-05,34350,36500,34300,36150,296726,10726644900,4.7826,-122918,3734,119142,16268,53750,37689,19045,-2700,-4969,52,-10,59
2019-04-08,36150,37000,36000,36250,199566,7234267500,0.2766,-41260,-32982,74197,-12331,56797,1112,39883,0,-11264,88,-43,0
2019-04-09,36650,37100,36200,36500,121737,4443400500,0.6897,-25918,-853,28150,-3675,19627,7008,21233,0,-16043,-1379,0,0
2019-04-10,35750,37150,35750,36550,119158,4355224900,0.137,-17935,4751,17565,-990,9503,-15502,16879,0,7675,-4378,-3,0
2019-04-11,36550,39200,36550,38400,298096,11446886400,5.0616,-61669,-25229,87911,24663,30014,3123,42013,-7900,-4002,-887,-126,0
2019-04-12,38450,39250,38100,38600,167463,6464071800,0.5208,-21985,-39237,64616,24959,9121,-3901,33798,0,639,-3392,-2,0
2019-04-15,38600,39200,38250,38650,103558,4002516700,0.1295,-12891,-1821,16586,34752,-12134,-4469,8732,-624,-9131,-1874,0,-540
2019-04-16,38200,39500,38100,38850,126189,4902442650,0.5175,-14215,-5848,20068,-9059,17863,-3696,6437,0,10083,-5,0,-1560
2019-04-17,38900,39250,37650,37700,123618,4660398600,-2.9601,-2880,3239,-412,-11975,-3079,-7300,7343,0,19599,53,0,-5000
2019-04-18,37550,38100,37200,37750,79942,3017810500,0.1326,-14529,29038,-14494,770,-7369,-9929,1096,0,938,15,-30,0
2019-04-19,37450,38150,36700,37650,83082,3128037300,-0.2649,-4188,-556,4749,-11203,6419,-96,9230,0,399,15,-20,0
2019-04-22,37600,38100,37000,37450,79330,2970908500,-0.5312,-1767,1370,506,1961,5596,-7752,3496,0,-2795,-111,2,0
2019-04-23,37900,37900,37100,37400,72759,2721186600,-0.1335,-2817,-14135,17121,-5135,18779,-4308,4722,-60,3123,-169,0,0
2019-04-24,37100,37850,36600,36900,153700,5671530000,-1.3369,4009,44631,-45604,-18460,-19083,-12293,11031,0,-6799,-3036,0,0
2019-04-25,37000,38050,36950,37350,101732,3799690200,1.2195,-5387,4462,1028,-8584,15740,-4972,696,0,-1852,-103,0,0
2019-04-26,37100,37550,36300,36650,69846,2559855900,-1.8742,-1152,6411,-5289,5033,-1541,-7252,5813,-244,-7098,30,0,0
2019-04-29,36800,37350,36500,37300,43402,1618894600,1.7735,-728,-9999,10727,4659,-1668,-7670,6254,0,9152,0,0,0
2019-04-30,36750,37600,36550,36950,71550,2643772500,-0.9383,8318,-4100,-4128,3423,-7377,-12086,3071,0,8827,-90,0,14
2019-05-02,36550,38300,36300,37900,116759,4425166100,2.571,-6395,-18446,25442,42830,-5818,-8010,507,0,-1383,-601,0,-2684
2019-05-03,37500,38200,37450,37700,119436,4502737200,-0.5277,1811,-59277,57463,63724,6433,-5806,6082,0,-11970,3,0,-1000
2019-05-07,36800,37950,36500,37750,150009,5662839750,0.1326,-3928,-67031,70986,77661,2858,-2315,4906,0,-12124,-54,27,0
2019-05-08,37400,39600,36750,39300,219293,8618214900,4.106,-29223,-60317,89595,54558,31237,2193,18861,0,-17254,-32,-23,0
2019-05-09,39000,39750,37500,37500,143136,5367600000,-4.5802,-11934,-27235,40238,4824,11865,4129,5891,0,13529,-1055,-14,0
2019-05-10,37900,38500,36450,37000,100081,3702997000,-1.3333,2309,-10695,8351,-3887,3232,-4610,4113,0,9775,45,-10,-272
2019-05-13,36500,37400,36200,36550,82208,3004702400,-1.2162,1933,1519,-3167,9124,-10388,-2077,2960,0,-2786,-285,0,0
2019-05-14,37500,37500,35700,36400,73891,2689632400,-0.4104,514,-2512,1983,14466,-14438,-10422,3929,0,5738,15,0,2710
2019-05-15,36550,37000,36100,36550,108269,3957231950,0.4121,5549,8232,-13766,8508,-15032,-3763,3748,0,-7227,-15,0,0
2019-05-16,37500,41250,37500,40700,626016,25478851200,11.3543,-64028,2677,63476,-31342,74122,23760,87288,1618,-84826,-627,-1498,-7144
2019-05-17,40700,41150,39850,40400,136919,5531527600,-0.7371,-13705,-16413,28398,697,2802,3969,22258,0,-1328,1720,0,0
2019-05-20,40400,42450,40350,42300,323929,13702196700,4.703,-53410,-61492,123045,77156,43807,40461,12470,850,-51722,-8132,-11,23
2019-05-21,42350,42550,40900,40950,179930,7368133500,-3.1915,1465,-78346,76602,29514,7320,-2833,-1685,0,44286,276,3,0
2019-05-22,40950,41950,40500,40700,142641,5805488700,-0.6105,-3304,-24277,27559,18035,-14713,-3230,-470,0,27937,25,-3,0
2019-05-23,40700,40800,39750,39850,122198,4869590300,-2.0885,-4231,-8970,12094,-3546,-1496,4110,4437,0,8589,1027,80,0
2019-05-24,40200,40500,38450,39400,170061,6700403400,-1.1292,-6710,-19083,25336,-1581,-6913,4754,-1312,0,30388,450,7,0
2019-05-27,39400,39950,38600,39300,96836,3805654800,-0.2538,-2017,-37248,39233,10291,-7131,8484,-616,0,28205,29,3,0
2019-05-28,39300,40850,39250,40100,164169,6583176900,2.0356,-7224,-55840,63149,52316,14857,-1402,-5017,0,2395,0,-85,0
2019-05-29,40900,40900,39050,40250,116067,4671696750,0.3741,-9836,-23324,33327,2257,20338,5427,5702,2773,-3270,-167,0,100
2019-05-30,39950,40250,36900,38500,301954,11625229000,-4.3478,21445,-79812,58482,6397,52048,-19090,24815,0,-3709,-120,5,-1979
2019-05-31,38100,38800,37700,38600,72936,2815329600,0.2597,260,-2163,217,8070,-5145,-1210,2175,1079,-12101,1686,0,7349
2019-06-03,37650,39300,37150,39150,145344,5690217600,1.4249,-12478,-15803,27962,35748,-2832,10339,7963,1117,-17734,319,0,-6639
2019-06-04,39100,40050,37650,38100,162502,6191326200,-2.682,7381,14614,-21194,7398,-8012,-10744,1190,0,-11026,-801,0,0
2019-06-05,38300,40750,38300,40300,145244,5853333200,5.7743,-27511,-43046,71085,48212,20410,12630,3944,1052,-13842,-528,0,-1321
2019-06-07,40700,40700,38850,38900,121151,4712773900,-3.4739,24968,-58867,33899,24427,520,-2671,312,182,11129,0,0,0
2019-06-10,39050,40600,38700,40150,122474,4917331100,3.2134,-20542,-34445,54987,33829,17318,2311,-1351,1642,775,0,0,463
2019-06-11,40050,41400,39700,40800,97882,3993585600,1.6189,-12074,-39016,51084,14574,19735,16266,7279,2204,-974,6,0,-8000
2019-06-12,41350,41600,40150,40250,91098,3666694500,-1.348,-601,-5476,5991,-2314,8340,2748,-6294,420,3015,79,7,76
2019-06-13,40150,41300,40100,40850,140073,5721982050,1.4907,-4867,-13577,18508,33249,-14303,2550,-3886,0,2898,-64,0,-2000
2019-06-14,40500,42200,39500,41500,175982,7303253000,1.5912,-31342,-26459,57832,50642,4200,-1150,17441,-239,-10150,-25,-6,-2912
2019-06-17,42100,42100,39900,39900,113741,4538265900,-3.8554,14354,10601,-25015,4034,-34011,-11630,-1077,0,16131,60,0,1538
2019-06-18,40200,40700,39000,39450,112633,4443371850,-1.1278,-7007,35873,-28866,-6621,-19042,3394,6997,428,-14022,0,0,0
2019-06-19,39550,40200,39000,39450,80371,3170635950,0.0,12855,-3540,-9455,12790,-13839,-4469,-5126,0,1189,140,0,0
2019-06-20,39950,39950,39100,39350,82839,3259714650,-0.2535,4740,-21411,16671,18967,3494,-4568,1399,0,2379,0,0,-5000
2019-06-21,39000,40050,39000,39350,87379,3438363650,0.0,-2295,-18349,20783,10917,16080,3345,756,0,-4555,-139,0,-5760
2019-06-24,39350,39400,38450,38800,109800,4260240000,-1.3977,7212,-36910,29683,19568,3889,1113,780,258,6575,0,15,-2500
2019-06-25,38800,39300,38300,38350,93127,3571420450,-1.1598,4445,-6101,1246,24599,-19443,1138,-2011,0,4463,410,0,-7500
2019-06-26,38350,39000,38200,38350,72072,2763961200,0.0,-1528,-12897,14325,14522,9862,-943,3531,0,-12647,100,0,0
2019-06-27,38050,38650,37150,37700,102200,3852940000,-1.6949,10031,-5882,-4124,27224,-19640,-8289,-3026,0,-393,0,-25,0
2019-06-28,38050,38050,37300,37300,87050,3246965000,-1.061,5412,-12885,7203,10000,-986,684,-3226,233,498,270,0,0
2019-07-01,38000,38400,37650,38100,130567,4974602700,2.1448,-4085,-7133,11168,6408,-10360,3264,1856,0,10000,50,0,0
2019-07-02,38100,38450,37450,37650,93607,3524303550,-1.1811,1512,-3873,2211,12436,-6564,-9586,3510,0,2415,150,0,0
2019-07-03,37750,38100,36700,37150,76512,2842420800,-1.328,5938,-8826,2858,7121,-6081,-3020,4231,0,607,30,0,0
2019-07-04,37400,37650,36700,37100,83404,3094288400,-0.1346,3464,-18112,14013,6832,-1691,-715,4086,0,5501,635,0,0
2019-07-05,37400,38500,36800,37550,97730,3669761500,1.2129,-3289,-25760,28984,16315,-2671,-1981,14858,0,2463,44,21,0
2019-07-08,37400,37950,36100,36300,59593,2163225900,-3.3289,13092,2409,-15724,-1722,-15903,-443,-577,0,2921,218,5,0
2019-07-09,36050,36550,35650,35950,58927,2118425650,-0.9642,1230,3511,-4766,5459,-4837,863,334,0,-6585,15,10,0
2019-07-10,35850,36400,35200,36000,68857,2478852000,0.1391,-3418,4997,-1549,6216,331,-272,-1528,0,-6296,-30,0,0
2019-07-11,35800,36850,35450,36200,105802,3830032400,0.5556,-977,-13886,15332,29319,-1593,4583,-7013,0,-9911,-481,12,-53
2019-07-12,36300,37500,36150,36750,113395,4167266250,1.5193,1217,-16477,15285,-4766,10013,9771,1163,0,-896,-25,0,0
2019-07-15,37450,37450,35250,35800,122290,4377982000,-2.585,22033,-28420,6556,15659,4146,-18062,13846,0,-9033,-115,-54,0
2019-07-16,36000,36050,34750,35600,87040,3098624000,-0.5587,-3947,4912,-937,12896,-16090,-913,-1054,281,3943,-19,-9,0
2019-07-17,35200,35750,35050,35300,50925,1797652500,-0.8427,5016,2790,-8609,-4192,-1747,-393,-2083,0,-194,804,-1,0
2019-07-18,34800,35400,34400,35150,55005,1933425750,-0.4249,91,-2122,2024,9250,-2848,-149,-3588,-2589,2190,5,2,-242
2019-07-19,35150,35500,34800,35150,81513,2865181950,0.0,3864,-26242,22378,6685,4506,2202,1038,-974,9136,0,0,-215
2019-07-22,34950,35250,34600,35050,72898,2555074900,-0.2845,4746,-2468,-1737,-1001,3079,8902,-2037,0,-10680,-539,-2,0
2019-07-23,34900,35250,34500,34500,55607,1918441500,-1.5692,6308,-11200,4873,6823,-2884,-1119,313,0,1740,20,-1,0
2019-07-24,34500,34700,34000,34100,76902,2622358200,-1.1594,8961,4598,-13574,4095,-15695,0,356,-935,657,15,0,-2052
2019-07-25,34100,34100,33350,34100,130712,4457279200,0.0,-1730,-9113,10813,3352,-11574,3557,14795,-55,738,30,0,0
2019-07-26,34200,34900,33950,34500,107930,3723585000,1.173,-6949,3531,977,9688,-4545,-151,1133,-859,-4122,2435,6,-167
2019-07-29,34050,34700,33750,33850,62396,2112104600,-1.8841,238,4116,-2480,-8235,-1479,169,254,-56,7049,-1874,0,-182
2019-07-30,34450,34850,33500,34250,70114,2401404500,1.1817,-4393,-17168,21579,22711,-144,1000,1079,0,-2269,-18,0,-798
2019-07-31,34000,34550,33350,33650,85444,2875190600,-1.7518,7633,-20822,13154,5480,-3515,3671,2944,-228,4801,30,5,1
2019-08-01,33500,34300,33250,33600,61237,2057563200,-0.1486,-7404,-10682,18086,827,-117,10252,7770,0,-1769,0,0,1123
2019-08-02,33050,34450,32800,34150,126791,4329912650,1.6369,997,-25052,22957,13121,35115,-2595,-15551,0,-7133,1098,0,0
2019-08-05,34150,34600,32150,32900,132656,4364382400,-3.6603,13380,-20744,7014,28156,-19311,7625,7082,-1749,-14789,350,0,0
2019-08-06,31150,34150,31150,33550,116508,3908843400,1.9757,-9267,-26456,36038,-3203,16185,1295,6558,-536,15739,-315,0,0
2019-08-07,33050,33800,32050,33200,135816,4509091200,-1.0432,7909,-41647,34252,22893,5926,3230,12539,-2611,-7725,-520,6,0
2019-08-08,33800,34150,32900,33650,106724,3591262600,1.3554,-623,-8603,9575,908,-1913,11293,-666,0,-1661,-445,96,1614
2019-08-09,33650,34600,33350,34350,71407,2452830450,2.0802,-497,-20654,21188,-5132,11994,14006,1798,0,-1478,-15,-22,0
2019-08-12,33850,34100,32950,33350,79124,2638785400,-2.9112,21691,-18700,-3061,8076,1021,4247,-8756,0,-7651,30,40,2
2019-08-13,32900,35550,32900,35400,120538,4267045200,6.1469,-18418,-30171,48758,13124,8181,14042,8402,0,5009,-49,-120,0
2019-08-14,35150,37300,34600,36900,183874,6784950600,4.2373,806,-83916,83185,10683,13568,31007,19753,0,8174,-75,0,0
2019-08-16,36450,37500,35950,36700,188500,6917950000,-0.542,-11405,-62375,73761,26133,8705,4649,22327,1400,10155,15,4,392
2019-08-19,37200,38400,36350,37050,127831,4736138550,0.9537,-5728,10607,-3244,-1313,-8171,-5409,6962,-1650,6337,-1642,7,0
2019-08-20,36450,36900,35200,35950,217584,7822144800,-2.969,24214,-16816,-12681,-2051,-7961,-21606,-2877,0,16764,5091,192,5050
2019-08-21,36350,36700,35600,36650,119132,4366187800,1.9471,-5869,21086,-17927,-4811,-5753,-1609,-7307,0,-454,2844,-134,2007
2019-08-22,36700,36700,35100,35750,142966,5111034500,-2.4557,20009,3018,-23067,-3834,-5980,7620,-2554,0,-18319,40,0,0
2019-08-23,35600,36200,35250,35550,79697,2833228350,-0.5594,-7824,25558,-17734,-5995,-6033,-6464,386,-5817,5714,0,0,475
2019-08-26,34850,36600,34500,36350,112148,4076579800,2.2504,-29480,-6876,36386,18752,243,10284,3424,940,-2639,-30,0,5382
2019-08-27,35800,36400,35200,35350,102202,3612840700,-2.751,3976,-14517,10505,2840,6911,4819,1085,0,-5150,36,0,0
2019-08-28,35900,35900,34950,35650,66334,2364807100,0.8487,-6087,5747,340,-1354,10230,792,-4465,0,-4863,0,0,0
2019-08-29,35650,36200,35300,35850,51802,1857101700,0.561,-8903,6802,1832,1398,3889,453,1597,0,-6105,269,0,600
2019-08-30,36400,36400,35150,35200,75488,2657177600,-1.8131,24109,-6106,-17988,-7668,-3143,2909,625,0,-9211,-15,0,-1500
2019-09-02,35300,36100,35150,35950,58457,2101529150,2.1307,-16498,6134,10379,8813,-1761,-1008,2864,3704,-3075,-15,0,842
2019-09-03,35750,36000,35200,35550,51547,1832495850,-1.1127,11498,-7344,-4175,-3883,-1658,-131,1211,0,286,15,6,0
2019-09-04,35550,35750,34950,35600,90989,3239208400,0.1406,12674,-9388,-5326,-8231,-13398,-20,6195,800,9197,2015,25,131
2019-09-05,35350,36150,35200,35350,96231,3401765850,-0.7022,5492,24231,-29787,-20020,-2884,-2353,-3317,0,-1187,15,49,-26
2019-09-06,35150,35950,34850,35000,80225,2807875000,-0.9901,2637,8043,-8670,-4671,-4794,-4147,816,0,3543,-1985,-25,583
2019-09-09,34850,35450,34200,34300,78198,2682191400,-2.0,12519,10007,-22641,-15623,-7031,-1245,1377,0,-1949,115,0,1830
2019-09-10,34300,35150,34300,34900,73136,2552446400,1.7493,-6287,21435,-15133,12180,-2072,-9720,-5929,0,-9592,-15,0,0
2019-09-11,34950,35600,34350,35600,129323,4603898800,2.0057,-4411,-8684,13130,5487,2546,-1842,3459,0,3483,-55,20,-3
2019-09-16,35400,35800,34850,35200,114855,4042896000,-1.1236,-1882,9569,-7532,-15874,8900,-15833,-8169,0,23444,-170,15,0
2019-09-17,35000,35450,34800,34800,59453,2068964400,-1.1364,17387,-2158,-15534,-3537,-1352,-5177,-11071,0,6647,300,5,-1044
2019-09-18,34850,35600,34650,35250,76501,2696660250,1.2931,-14565,-2665,17181,-6476,1020,10645,819,2523,7374,39,10,1276
2019-09-19,35250,35300,34800,34900,84488,2948631200,-0.9929,16136,-17845,2017,10234,3643,-4697,-1334,0,-6107,-308,0,278
2019-09-20,34800,36850,34700,36550,166831,6097673050,4.7278,-38995,34010,5291,-3031,9866,14706,-3324,0,-12926,-521,215,0
2019-09-23,36500,37700,36350,36400,114968,4184835200,-0.4104,-7529,-7607,15191,-3622,6737,7136,1088,-400,4252,-55,0,0
2019-09-24,36450,36750,35850,36450,74374,2710932300,0.1374,1213,-26312,25184,8269,10728,1973,684,0,3530,15,-100,0
2019-09-25,36450,36900,35750,36400,74703,2719189200,-0.1372,6631,-17704,9477,1208,-9569,230,7231,0,10377,1546,50,0
2019-09-26,36450,36500,35900,36000,52410,1886760000,-1.0989,10487,-13178,2791,8000,-3123,-930,-1411,0,10,0,-100,245
2019-09-27,36750,36750,34950,35100,78508,2755630800,-2.5,14720,-2305,-12460,6888,-8814,-6256,-3740,0,-538,45,0,0
2019-09-30,35300,36150,35150,35700,76057,2715234900,1.7094,-15574,17971,-2322,5621,-430,-403,-4405,0,-2705,-268,193,0
2019-10-01,35300,36200,34950,36100,93101,3360946100,1.1204,-9754,-24014,33507,7812,19110,-2477,6663,277,2122,261,0,0
2019-10-02,36000,36000,35100,35400,78475,2778015000,-1.9391,7296,-21970,14852,-9516,13265,-3599,18287,0,-3585,15,-193,0
2019-10-04,35800,35800,34700,34700,40766,1414580200,-1.9774,2117,4431,-6570,-145,-3979,-3573,578,0,549,15,7,0
2019-10-07,34550,34800,34050,34600,57597,1992856200,-0.2882,354,11163,-11547,-4304,-2541,-1824,2713,0,-5591,30,0,0
2019-10-08,34600,34950,34100,34350,80433,2762873550,-0.7225,13100,-909,-12198,-3371,-2572,-7000,-4588,12,5321,0,7,0
2019-10-10,34050,34600,33650,33900,91779,3111308100,-1.31,7864,11518,-19457,-6708,1483,7970,1114,0,-23316,15,60,0
2019-10-11,34300,34550,33900,33900,57044,1933791600,0.0,-460,11651,-11191,992,-3204,-957,-1809,0,-6213,0,0,0
2019-10-14,34100,34400,33400,33900,88571,3002556900,0.0,15906,8163,-19912,-11390,-2603,-8886,3916,684,-1633,-4161,4,0
2019-10-15,34000,34750,34000,34500,71732,2474754000,1.7699,-9490,13188,-3758,307,-1296,-8119,4607,0,1865,-18,78,-1122
2019-10-16,34800,35050,34200,34650,69518,2408798700,0.4348,-213,-9438,9547,9339,2923,562,887,0,-4164,84,20,0
2019-10-17,34650,36300,34600,35850,135598,4861188300,3.4632,-42424,-11893,54557,17024,20904,3352,10239,501,2537,95,-335,0
2019-10-18,36000,37150,36000,36700,124825,4581077500,2.371,-23125,-943,24163,13557,17341,-1428,-9483,-9,3745,-90,-5,440
2019-10-21,36350,36900,36100,36650,88882,3257525300,-0.1362,-4038,2042,1996,-1206,16508,-1168,1463,474,-13835,0,0,-240
2019-10-22,36200,37500,36200,37150,79217,2942911550,1.3643,-9002,-18943,27952,7290,11600,-9238,4514,0,14581,-14,7,-795
2019-10-23,36600,37400,35900,36150,87750,3172162500,-2.6918,9642,-2553,-6979,260,-7079,-3437,5183,0,-1906,-110,0,0
2019-10-24,36250,36400,35650,36200,57476,2080631200,0.1383,2999,8455,-11490,-436,-8855,-3218,760,-182,441,15,21,0
2019-10-25,35250,36150,35250,35850,53581,1920878850,-0.9669,1659,440,-4848,354,2182,-9415,911,-179,1299,2770,-21,0
2019-10-28,35850,36350,35300,36100,39635,1430823500,0.6974,585,-14291,13337,7581,4188,-2926,1048,0,3446,0,369,0
2019-10-29,36100,36100,35300,35500,77365,2746457500,-1.662,13159,-674,-12571,2278,-7034,1969,-7132,0,-2406,25,61,-246
2019-10-30,35500,35900,35100,35550,49039,1743336450,0.1408,3329,6203,-9551,-2540,-3777,922,2062,0,-3542,-1,20,-2676
2019-10-31,35500,36000,34550,34750,106804,3711439000,-2.2504,31531,10674,-42297,-21140,-20115,1651,-4706,0,2013,35,57,0
2019-11-01,34600,35800,34500,35550,65686,2335137300,2.3022,-13821,15509,-2122,4772,-2835,-1824,1158,0,-3393,0,434,0
2019-11-04,35300,37500,35300,37250,124979,4655467750,4.782,-40368,41614,-1016,3123,3322,-9741,7264,-178,-4806,-60,-170,0
2019-11-05,37050,37400,35850,35850,104717,3754104450,-3.7584,32666,-6649,-26574,-19472,-5991,-165,-2627,-3028,4709,30,527,0
2019-11-06,35750,36100,35350,35400,78345,2773413000,-1.2552,27048,-2970,-27369,-5491,-13276,-1738,-5976,259,-1147,3231,60,0
2019-11-07,35200,35600,35150,35250,67275,2371443750,-0.4237,18026,-5674,-12356,-2181,-16393,1229,6872,205,-2088,0,4,0
2019-11-08,35350,35500,34850,34850,83223,2900321550,-1.1348,26269,3668,-31000,-13870,-10988,-8522,-1326,562,3144,1015,48,0
2019-11-11,35050,35600,35000,35100,56563,1985361300,0.7174,12789,-3833,-8966,7288,-978,-452,-10645,-768,-3411,10,0,0
2019-11-12,35400,35450,34400,35250,105746,3727546500,0.4274,5342,-32013,27360,21970,2621,5456,-1242,207,-1652,-691,2,0
2019-11-13,35300,35450,34600,34600,86473,2991965800,-1.844,32302,471,-32788,-24352,-6776,-6556,6682,0,-1786,15,0,0
2019-11-14,34950,35200,34300,34850,99996,3484860600,0.7225,18827,-8126,-11365,-5507,-16316,-3402,-527,0,14387,426,238,0
2019-11-15,35550,36950,35300,36500,247600,9037400000,4.7346,-58900,31821,30650,8392,-2777,19621,-3110,0,9819,-3704,133,-1295
2019-11-18,36500,36900,36100,36550,81248,2969614400,0.137,-7323,3803,3520,8268,2564,-341,-4839,0,33,0,0,-2165
2019-11-19,36750,36750,35750,35900,100811,3619114900,-1.7784,3304,8684,-12019,194,-14401,219,1777,0,-450,30,1,642
2019-11-20,35650,36150,34650,34950,129993,4543255350,-2.6462,20531,15531,-36116,6764,-23671,-17516,-1297,0,-860,50,4,464
2019-11-21,35200,35350,34300,34800,114543,3986096400,-0.4292,27485,-28673,650,-10812,-3378,-2493,11813,0,5520,481,57,0
2019-11-22,34850,35650,34450,35450,93972,3331307400,1.8678,-1562,-2032,247,1420,-1567,3350,-5266,85,2225,3316,31,0
2019-11-25,35400,35950,35050,35900,72289,2595175100,1.2694,3957,7952,-12308,-8964,-15573,-1713,-891,0,14833,353,46,0
2019-11-26,35750,35950,35200,35600,92324,3286734400,-0.8357,13315,-15296,346,6651,-13472,-67,-4768,0,12002,1594,41,0
2019-11-27,35950,36300,35400,35950,61213,2200607350,0.9831,-9390,-904,10169,13620,1484,-3238,-5332,0,3635,105,20,0
2019-11-28,35500,35600,35050,35400,61022,2160178800,-1.5299,4569,2451,-6455,9690,-14413,-759,-2115,0,1142,581,-1146,0
2019-11-29,35700,35700,35000,35550,65889,2342353950,0.4237,-435,-8550,9225,9958,12484,-5280,-1038,0,-6899,-265,25,0
2019-12-02,36000,36150,35400,35750,68428,2446301000,0.5626,46,-10390,10232,25447,-17164,-542,-812,0,6924,112,0,-3621
2019-12-03,35650,35650,34850,35100,89317,3135026700,-1.8182,14309,1222,-16107,29829,-21081,-2023,-18759,0,-1073,530,46,-3000
2019-12-04,34700,35300,34600,35300,67245,2373748500,0.5698,-5548,-5467,11012,24293,-4040,861,-8640,-106,-1356,3,0,0
2019-12-05,35050,35850,34950,35650,77291,2755424150,0.9915,-23978,21350,2637,6270,-929,-275,-1059,0,-1370,-30,21,0
2019-12-06,35200,35900,35200,35700,58729,2096625300,0.1403,-6496,-2579,9070,20006,-6225,-1574,601,0,-3738,5,0,0
2019-12-09,35250,36000,34100,34200,196935,6735177000,-4.2017,69803,-21225,-49775,27285,-21248,2471,-18744,40,-39551,1186,11,-28
2019-12-10,34250,34700,34200,34650,47594,1649132100,1.3158,-6016,3405,2324,4276,-7484,333,-962,0,6161,282,5,0
2019-12-11,34700,34700,34050,34500,110829,3823600500,-0.4329,4117,48946,-53142,-28519,-17663,-1546,-9224,0,5606,40,39,-1796
2019-12-12,34350,34700,34200,34350,148636,5105646600,-0.4348,26587,22543,-50129,-11878,-23064,2330,-6338,0,-11179,998,1,0
2019-12-13,34400,35100,34400,34800,127744,4445491200,1.31,-21065,43567,-22952,-15168,-8468,-322,-6750,0,7816,465,-15,-60
2019-12-16,34800,34800,34250,34600,108589,3757179400,-0.5747,15727,20390,-36671,-30268,-9385,-396,-17301,0,20679,54,500,0
2019-12-17,34350,34700,34150,34650,80119,2776123350,0.1445,-4863,23877,-18861,2780,-11196,-606,-9365,0,-870,-153,0,396
2019-12-18,34500,34800,34400,34450,43893,1512113850,-0.5772,-1784,15015,-13137,-1392,-2211,-2735,-5972,0,-1055,-104,10,228
2019-12-19,34450,34850,34350,34800,55886,1944832800,1.016,-14148,8582,5769,9741,-1138,-1962,1599,0,-2532,-93,-110,61
2019-12-20,35000,35000,34350,34750,66095,2296801250,-0.1437,5025,8592,-13633,1601,-5892,1271,-3834,0,-7005,15,1,226
2019-12-23,34950,34950,34250,34550,75154,2596570700,-0.5755,10235,14733,-25089,-12568,-9014,0,-6880,0,3373,121,0,0
2019-12-24,34300,34700,34200,34500,64872,2238084000,-0.1447,-7380,7833,-393,16271,-6358,779,-6306,-5050,271,-60,0,0
2019-12-26,34600,34600,33600,33800,122903,4154121400,-2.029,20014,-6619,-13982,1906,-19175,2351,-15265,0,10966,260,327,5235
2019-12-27,33400,34400,33200,33950,92011,3123773450,0.4438,-750,19701,-18783,8438,-9526,-260,-6173,0,-11262,-83,-85,0
2019-12-30,33900,34400,33900,34250,50584,1732502000,0.8837,433,3809,-4421,6233,-1056,-71,-15243,0,5716,-29,208,0
2020-01-02,34000,34100,33450,33650,100356,3376979400,-1.7518,27243,5017,-33358,-19489,-1547,3802,-9214,0,-10350,1093,5,3440
2020-01-03,33800,33850,32950,33150,140099,4644281850,-1.4859,49365,18188,-67684,-15696,-2526,-4725,-15408,0,-39353,166,-35,10024
2020-01-06,32900,32950,32250,32350,104010,3364723500,-2.4133,10669,-6338,-4609,6051,-4466,-1986,-3854,0,-10354,144,134,10000
2020-01-07,32900,32900,32200,32750,123339,4039352250,1.2365,1050,40928,-41291,-42335,3481,-1500,-6537,0,3467,-787,100,2133
2020-01-08,32700,32900,32150,32450,124914,4053459300,-0.916,-9460,19562,-10136,10086,-6313,-2150,3346,300,-15405,34,0,0
2020-01-09,32300,33950,32300,33800,209342,7075759600,4.1602,-33021,3620,29505,9124,6968,-2241,12564,3199,-109,169,-273,0
2020-01-10,33300,34250,33300,33850,112783,3817704550,0.1479,-35569,57484,-24703,-5940,-18718,-190,602,0,-457,2815,-27,0
2020-01-13,33900,34000,32950,33050,136166,4500286300,-2.3634,22971,49435,-72260,13966,-45415,-3485,-39420,0,2212,-148,2,-118
2020-01-14,33200,33350,32800,33300,89000,2963700000,0.7564,5989,14516,-20614,-4514,717,-5674,-5072,0,-6071,10,99,0
2020-01-15,33100,33100,32500,32500,113843,3699897500,-2.4024,55064,-44142,-10971,5045,13018,-11615,-7209,-394,-9112,29,20,-704
2020-01-16,32550,33450,32500,33350,140860,4697681000,2.6154,-19993,28827,-8764,-1710,15883,-5105,-8903,0,-8929,-15,-55,0
2020-01-17,33400,34600,33400,34150,172918,5905149700,2.3988,-60185,40634,16033,11445,5653,7528,-4693,-2100,-2188,3878,-360,388
2020-01-20,34000,34350,33400,33450,76764,2567755800,-2.0498,14354,-13964,-137,3726,986,-1457,-10798,3762,3413,-228,-25,231
2020-01-21,33750,33800,33200,33450,69073,2310491850,0.0,5712,14478,-20404,-6682,-12517,-1497,-3471,57,3706,214,0,0
2020-01-22,33800,33800,33300,33450,84544,2827996800,0.0,-7337,31176,-23839,-42,-21341,-2467,-1852,93,3343,0,0,-1573
2020-01-23,33200,33350,32550,32650,93971,3068153150,-2.3916,36587,-17817,-20530,2940,-12069,-283,-802,72,-18388,1735,25,8000
2020-01-28,30950,32500,30700,30950,183164,5668925800,-5.2067,13877,15892,-22509,-12211,-8422,-4431,-6334,0,6389,-7860,600,2500
2020-01-29,31050,31650,30900,31100,94101,2926541100,0.4847,-6595,36677,-30067,-582,-8234,-1548,-5716,0,-13987,-15,0,0
2020-01-30,30850,31300,30400,30650,111687,3423206550,-1.4469,-4318,19541,-21766,10309,-8269,-1059,4340,0,-27087,6543,0,0
2020-01-31,30650,31150,30550,30900,103026,3183503400,0.8157,-15324,105,14698,-2987,-1079,17404,5286,1706,-5731,376,145,99
2020-02-03,30200,30800,29800,30250,98481,2979050250,-2.1036,4948,-18943,14703,2977,5147,3205,3433,-1963,1904,-808,100,0
2020-02-04,30100,30550,29800,30050,114492,3440484600,-0.6612,37333,-765,-36715,-11979,-154,4614,-2293,0,-28833,142,5,1930
2020-02-05,30100,30400,29450,29500,140305,4138997500,-1.8303,30917,1724,-31960,-3501,-3548,-442,-7351,0,-16919,-728,47,-199
2020-02-06,29850,31700,29750,31400,225387,7077151800,6.4407,-46683,-12715,62740,30231,33819,987,-5648,2422,-1406,-3342,0,2335
2020-02-07,31300,31350,30000,30400,165492,5030956800,-3.1847,25513,-3446,-21292,-106,5877,-104,-3537,0,-22693,-975,200,-729
2020-02-10,30000,30750,30000,30550,65575,2003316250,0.4934,-3624,-6104,9695,-2260,5614,0,3625,70,2646,33,0,0
2020-02-11,30500,30950,30450,30800,59318,1826994400,0.8183,5937,-1648,-4966,-3100,5199,-2875,-4082,0,-2108,635,42,2000
2020-02-12,30550,31450,30550,31200,92577,2888402400,1.2987,-5828,-35861,41315,21129,9091,-1749,8632,893,3319,329,45,0
2020-02-13,31050,31500,30850,31200,86316,2693059200,0.0,-6370,-1575,8002,8996,5449,-9600,2285,0,872,0,-57,0
2020-02-14,30900,31250,30450,30550,98706,3015468300,-2.0833,30652,-10066,-20611,4981,-15686,-2134,-4864,0,-5492,25,0,2584
2020-02-17,30700,30750,30200,30550,88857,2714581350,0.0,6550,31587,-35549,-32414,-6489,-4472,2963,0,4863,-2650,62,0
2020-02-18,30600,30700,30250,30350,45829,1390910150,-0.6547,4808,2032,-5590,2947,1088,1476,453,0,-11554,-1250,0,0
2020-02-19,30600,31900,30300,30700,177417,5446701900,1.1532,-13454,-17727,30951,14106,13645,-267,2222,2609,-979,292,-62,-385
2020-02-20,30800,31050,30200,30200,105604,3189240800,-1.6287,38061,-32956,-4980,12752,-2987,-2069,-660,0,-12016,-215,90,0
2020-02-21,30000,30200,29400,29450,104593,3080263850,-2.4834,24334,6047,-29369,-8217,-4640,-302,-14755,0,-1455,-20,-992,0
2020-02-24,28600,29500,28000,28500,165062,4704267000,-3.2258,10850,18149,-29559,29247,-6169,-27729,-18580,-121,-6207,560,0,0
2020-02-25,28750,30000,28400,29600,152444,4512342400,3.8596,-32768,-12729,45554,9719,51696,-7978,-4,328,-8377,-57,0,170
2020-02-26,29600,31500,29150,30750,529459,16280864250,3.8851,-27610,-223364,250091,122648,89721,5496,-6123,4778,27579,983,-100,5992
2020-02-27,31100,33050,30850,31600,494117,15614097200,2.7642,-91112,31261,52353,51824,29773,17104,-20020,1833,-32769,7089,409,4608
2020-02-28,31550,31900,30700,31500,222301,7002481500,-0.3165,-36891,-573,34627,10017,11585,-6494,4445,770,14304,2980,-143,0
2020-03-02,32200,32250,31050,31700,174880,5543696000,0.6349,4462,24388,-28916,-23830,-2404,5852,2374,-3205,-10023,66,0,2320
2020-03-03,31750,32700,31750,32300,149672,4834405600,1.8927,-19755,45807,-26016,-18302,1073,479,3700,0,-12966,-45,9,0
2020-03-04,32550,32650,31300,31500,188987,5953090500,-2.4768,26175,4139,-29831,-19777,-13515,-2329,-966,-2171,3927,-483,0,5000
2020-03-05,31500,31650,30800,31050,178953,5556490650,-1.4286,24846,48347,-72899,-9906,-12543,-27536,-20455,-1050,1749,-512,218,-3158
2020-03-06,30900,30900,29300,29650,204749,6070807850,-4.5089,54077,-25345,-29202,-20081,-5825,6228,2680,-2828,-18376,125,345,9000
2020-03-09,29000,29400,26900,27250,319714,8712206500,-8.0944,66973,-38241,-32355,-25632,1557,13266,-97,-5320,-16331,3585,38,202
2020-03-10,27000,27450,26550,26750,219200,5863600000,-1.8349,27483,-4883,-29095,-23151,-19205,2604,126,-4845,13924,6365,130,1452
2020-03-11,26600,27050,25950,26250,179927,4723083750,-1.8692,24232,4108,-27670,-23188,2141,2718,341,-1958,-7724,-670,0,0
2020-03-12,26550,26550,24100,24700,284438,7025618600,-5.9048,2323,31918,-33711,-18176,-32213,5308,-11567,-1782,4719,165,-695,20000
2020-03-13,21300,24750,21300,24150,304844,7361982600,-2.2267,-23986,23167,802,-11677,8308,7117,5635,-1628,2233,45,-28,-9186
2020-03-16,23200,23600,22100,23300,368242,8580038600,-3.5197,49751,4929,-45197,-8360,9383,-2375,-39637,8158,-12040,-9383,-100,-326
2020-03-17,21450,23100,21450,22000,168940,3716680000,-5.5794,23034,17010,-40119,30233,-56369,-4469,-19326,-132,226,75,0,9718
2020-03-18,21900,22400,21000,21350,250387,5345762450,-2.9545,7200,-14306,7064,40257,-2648,-11176,-10574,0,-8804,30,12,9
2020-03-19,21500,21900,16200,17550,403089,7074211950,-17.7986,2645,87760,-89501,27287,-11415,5003,-10463,-8158,11956,-1074,170,-103711
2020-03-20,17300,20850,17300,20850,250659,5226240150,18.8034,-16484,45500,-27997,-19435,-29,1826,3161,0,-13520,-1250,231,0
2020-03-23,18750,18900,17400,18450,147012,2712371400,-11.5108,23344,10451,-33254,-33654,8309,-3216,1436,733,-6741,-541,0,-121
2020-03-24,18600,18850,17700,18600,275049,5115911400,0.813,99479,11845,-101699,-46935,-34348,604,-19042,-450,4681,-9615,-10,-6209
2020-03-25,19700,20600,19050,19850,337818,6705687300,6.7204,-30246,41914,-15658,-35659,9203,6823,8299,-481,-3843,4008,-18,0
2020-03-26,20200,22000,19900,20900,295158,6168802200,5.2897,-32539,-40674,31472,-14852,13375,3782,-1622,5000,25789,41741,0,0
2020-03-27,21900,22150,20800,21400,182672,3909180800,2.3923,-35362,-15253,-4126,-9704,18,3680,-17,0,1547,54541,200,350
2020-03-30,20950,21850,20150,21700,95462,2071525400,1.4019,-6972,14424,-12788,-1203,-297,-8787,-807,0,-1694,5236,100,0
2020-03-31,22200,22450,21400,22350,153918,3440067300,2.9954,-12354,-9468,-22466,-4831,-3122,-302,-5324,0,-8518,43788,500,-369
2020-04-01,21850,22700,21000,21700,155638,3377344600,-2.9083,13426,28105,-46184,-22856,-263,-12952,4957,-3545,-4640,4632,21,-6885
2020-04-02,21700,22200,21550,22000,97456,2144032000,1.3825,-11413,7893,8118,4985,-2559,127,-768,-2000,8333,-4598,0,0
2020-04-03,21800,22500,21700,22450,85303,1915052350,2.0455,9149,-18971,5491,4658,-984,-2107,5598,0,-1674,4182,149,0
2020-04-06,22700,23200,22450,23100,83146,1920672600,2.8953,-573,-10495,11107,862,-8915,108,4,0,19048,-39,0,0
2020-04-07,23800,24250,23400,24050,178703,4297807150,4.1126,7176,24184,-17037,-611,-21207,78,610,-3000,7093,-14573,250,0
2020-04-08,23850,24200,23100,23450,159513,3740579850,-2.4948,66386,-22859,-52072,-17212,-9100,-11210,6025,0,-18999,8545,0,-1576
2020-04-09,23800,24850,23550,24850,154214,3832217900,5.9701,-39808,2851,45496,20168,11986,-1462,5043,0,6131,-8589,50,3630
2020-04-10,24950,25500,24200,25100,135233,3394348300,1.006,-23299,-22480,45831,16803,2433,34540,3583,0,-11589,-52,0,61
2020-04-13,25150,25400,24200,24200,138393,3349110600,-3.5857,30807,-12779,-25429,5102,10189,-21671,-3819,0,-15230,7401,0,0
2020-04-14,24250,24450,23850,24300,120175,2920252500,0.4132,18298,10902,-28747,-17768,-8580,3079,-9900,0,7092,-255,-198,-2670
2020-04-16,24200,24200,22850,23100,328044,7577816400,-4.9383,71263,23970,-100101,-59909,-27335,-266,-9485,-195,-4591,5875,-1007,1680
2020-04-17,23300,23750,23250,23500,181852,4273522000,1.7316,-14204,33350,-18985,1339,-14153,237,-6029,0,-379,-232,71,0
2020-04-20,23500,24400,23350,23550,183987,4332893850,0.2128,-4917,18536,-10307,-826,1112,276,167,0,-11036,-4217,905,0
2020-04-21,23450,23650,22350,23200,219991,5103791200,-1.4862,13736,-27081,-3932,1917,3183,-2762,824,0,-7094,17472,-195,0
2020-04-22,22700,23450,22200,23450,97134,2277792300,1.0776,940,-13675,2578,2521,5496,4456,-78,0,-9817,9626,531,0
2020-04-23,23300,24400,23250,24300,170273,4137633900,3.6247,-40106,29920,32189,1192,20519,-74,5525,0,3916,-22003,0,1111
2020-04-24,23900,24900,23850,24550,177206,4350407300,1.0288,-39189,-19998,67318,1972,53447,4062,5677,0,-622,-8131,0,2782
2020-04-27,24600,26700,24600,26200,274391,7189044200,6.721,-91738,5933,100968,52035,8750,10532,21155,0,8496,-15973,810,0
2020-04-28,26200,27650,26200,27300,230126,6282439800,4.1985,-20778,-40418,62144,16852,24822,6941,11954,-5,1380,-1009,61,200
2020-04-29,27400,27500,26550,27150,148917,4043096550,-0.5495,-11801,-30434,41316,35025,8404,-7698,-267,0,5852,928,-9,0
2020-05-04,26300,27150,25900,26100,143736,3751509600,-3.8674,23739,-21366,-7837,6223,3579,-993,-1931,0,-14715,5616,-152,0
2020-05-06,26800,26800,25400,25800,162121,4182721800,-1.1494,35885,-67728,31628,5198,7135,15413,4528,0,-646,615,-400,0
2020-05-07,25800,26000,25400,25600,119007,3046579200,-0.7752,35844,-32917,-1090,-127,-11248,-1135,1604,0,9816,404,-2241,0
2020-05-08,25700,26100,25450,25500,149048,3800724000,-0.3906,47840,-47221,-811,-774,-1162,-2342,2763,0,704,-308,500,0
2020-05-11,25600,25950,25450,25700,152753,3925752100,0.7843,14102,-29663,15600,-4360,-654,0,23204,0,-4506,-226,187,1916
2020-05-12,25600,25700,24550,24650,142304,3507793600,-4.0856,57967,-30660,-38647,-10581,-530,-3051,-4754,0,-19731,11320,20,0
2020-05-13,24100,25300,24100,25300,123146,3115593800,2.6369,9726,-14879,3121,3405,1626,220,-2264,0,152,2049,-17,-18
2020-05-14,25250,25250,24000,24600,164493,4046527800,-2.7668,53241,-42355,-32495,-4888,-7239,-3695,-14259,0,-648,21512,97,-1766
2020-05-15,24650,24650,23850,24550,76593,1880358150,-0.2033,-3596,-4435,7664,2176,3190,1507,-285,0,1275,467,-100,-199
2020-05-18,24800,26400,24700,26350,320305,8440036750,7.332,-89132,16636,136767,11997,69619,46067,6246,353,1764,-64312,41,721
2020-05-19,26850,27250,26050,26300,228483,6009102900,-0.1898,30102,-34781,19739,-3644,10622,802,-419,0,12378,-14996,-64,0
2020-05-20,26350,26500,26050,26300,143149,3764818700,0.0,13447,158,-13505,-10961,-2176,-2114,2772,0,-1026,-100,0,0
2020-05-21,26450,29000,26300,28400,507400,14410160000,7.9848,-154903,15787,200628,120261,59068,14016,5256,0,2027,-60712,-800,0
2020-05-22,28850,30300,28400,29550,572141,16906766550,4.0493,-66778,-67492,157983,15918,11469,51863,57768,6601,14364,-24175,462,0
2020-05-25,29900,32350,29800,30700,626103,19221362100,3.8917,-44755,-77383,141005,24862,122675,-15219,19210,9256,-19779,-19144,277,0
2020-05-26,30950,31300,30100,31000,217836,6752916000,0.9772,-34770,-46209,80574,20994,27897,29153,6822,5,-4299,405,0,2
2020-05-27,30850,32100,30300,31400,219539,6893524600,1.2903,-30119,-21365,51668,613,28097,7172,10241,0,4645,522,-706,900
2020-05-28,31100,31300,29400,29550,246544,7285375200,-5.8917,23049,-6208,-17211,11552,4692,-33292,-1374,-12564,13775,699,-329,0
2020-05-29,29300,31350,28650,30650,266986,8183120900,3.7225,-50310,13178,36820,21078,16044,-1167,-5383,0,6248,340,-28,0
2020-06-01,30700,32700,30200,32550,272410,8866945500,6.199,-64696,3158,62550,35746,48754,-12204,5283,0,-15029,-825,-187,0
2020-06-02,32200,34900,32150,34650,338659,11734534350,6.4516,-85539,-46171,132161,75436,52866,-16439,25866,0,-7489,-560,109,1921
2020-06-03,34650,35650,33350,34050,205140,6985017000,-1.7316,787,-19804,20826,-400,-5052,-4719,5977,-393,25413,-1319,-490,0
2020-06-04,34000,34750,32450,32650,282341,9218433650,-4.1116,38203,41192,-80854,2210,-51020,-8191,-19064,-3352,-1298,1453,6,-139
2020-06-05,32650,33250,32150,32650,139153,4543345450,0.0,4362,-20448,15970,-21207,1808,13764,7602,0,14003,100,16,0
2020-06-08,33000,33450,32100,32250,115689,3730970250,-1.2251,28984,1282,-30110,-9159,-10480,-1617,-10138,0,1284,-141,-15,0
2020-06-09,32100,33000,31450,32200,227332,7320090400,-0.155,14976,96130,-110826,-68962,-11150,-7566,-14340,0,-8808,-270,-10,0
2020-06-10,32200,32250,31500,31550,183568,5791570400,-2.0186,42118,-25244,-19989,-39628,8305,11456,384,-4000,3494,3104,11,0
2020-06-11,31150,31650,30050,30900,252824,7812261600,-2.0602,52612,-2636,-51302,-973,-22230,1279,-19962,0,-8489,1326,0,-927
2020-06-12,29250,30000,28800,29500,171598,5062141000,-4.5307,16596,5466,-22927,-1594,-15119,598,-5843,0,-969,528,337,0
2020-06-15,29150,29250,27300,27400,190305,5214357000,-7.1186,39215,1937,-41442,4050,-22998,-5292,-11477,0,-5718,290,0,-7
2020-06-16,27800,29000,27800,29000,136033,3944957000,5.8394,4693,201,-8552,-2782,-6704,-3494,-2393,0,6828,3438,220,-7
2020-06-17,28700,30700,28700,30000,250034,7501020000,3.4483,-50215,-32027,85875,54781,8370,12496,10335,0,-1113,-3623,-10,1006
2020-06-18,29600,30300,28600,29200,171566,5009727200,-2.6667,40990,-22425,-18812,-12498,-4864,7266,-8882,0,166,240,7,0
2020-06-19,29700,29700,28400,28700,108942,3126635400,-1.7123,27406,-3656,-30670,-8530,-6584,-688,-10992,0,-3876,6960,-40,0
2020-06-22,28300,28350,27500,27550,186822,5146946100,-4.007,75142,-28955,-57392,-14491,-8133,-12159,701,0,-23310,11192,13,0
2020-06-23,27650,27900,26600,27100,168097,4555428700,-1.6334,22549,11989,-42457,-5485,-31155,-3081,217,0,-2953,7628,291,0
2020-06-24,27150,27350,26850,27000,119795,3234465000,-0.369,34084,-344,-33502,-3298,-19218,-6663,-155,0,-4168,-238,0,0
2020-06-25,26400,26650,25650,25750,230078,5924508500,-4.6296,50132,23983,-87840,-36690,334,-19839,-5397,0,-26248,13218,507,0
2020-06-26,26000,26500,25650,26150,130049,3400781350,1.5534,14613,23151,-37789,-15789,-2595,-9558,-5205,0,-4642,-15,40,0
2020-06-29,25700,26000,25200,25550,116755,2983090250,-2.2945,12993,30957,-47876,-28629,-3552,-966,-10478,0,-4251,3926,0,0
2020-06-30,25650,26250,25350,25400,201345,5114163000,-0.5871,75951,17463,-93229,-34629,-28648,-20624,-11747,0,2419,-215,30,0
2020-07-01,25450,26150,25400,25900,146748,3800773200,1.9685,-18847,9898,6253,20625,-5513,-6362,-287,0,-2210,2685,11,0
2020-07-02,26000,27150,26000,26350,156218,4116344300,1.7375,36838,-6579,-26313,-1547,-20809,-1456,-4150,0,3349,-3911,-35,-1700
2020-07-03,26250,26400,25800,26000,79800,2074800000,-1.3283,14407,-736,-13717,-324,-15216,-2329,-2362,0,6514,30,16,0
2020-07-06,26350,26600,25700,26100,85065,2220196500,0.3846,-1290,7971,-6680,-4197,-11828,-657,-2069,0,12071,-30,29,0
2020-07-07,26350,26600,26000,26400,88897,2346880800,1.1494,-29,3588,-3632,3852,-2194,-1248,-1943,0,-2099,55,18,0
2020-07-08,26550,26750,25850,26000,101899,2649374000,-1.5152,44104,-19824,-24593,-9393,-8855,-437,-795,0,-5113,292,21,0
2020-07-09,26050,26200,25550,25550,117372,2998854600,-1.7308,45211,11196,-56803,-12651,-12558,-334,-9077,0,-22183,-325,721,0
2020-07-10,25550,25600,24400,24550,223127,5477767850,-3.9139,94976,15719,-110209,-65201,-7687,2689,-26122,0,-12873,-549,63,-1015
2020-07-13,24700,25250,24650,25200,106301,2678785200,2.6477,-5071,32673,-27538,-1145,-7345,-11638,-1053,0,-6357,-30,-34,0
2020-07-14,25100,25400,24700,25350,104123,2639518050,0.5952,4044,34984,-39027,-2786,-33389,-23,-135,0,-2694,0,-1,0
2020-07-15,25950,26800,25500,26000,217774,5662124000,2.5641,-932,25122,-28191,850,-26775,-3456,-5456,0,6646,3837,164,0
2020-07-16,26000,26200,25250,25400,161513,4102430200,-2.3077,49226,11762,-61133,-7493,-43459,-39,-7305,0,-2837,30,115,0
2020-07-17,25600,25850,25000,25150,132765,3339039750,-0.9843,61078,3156,-64533,-35584,-24817,133,-3734,0,-531,200,99,0
2020-07-20,25150,25400,24850,25150,97700,2457155000,0.0,24132,19510,-44719,-452,-15707,-14339,-8324,0,-5897,1015,62,0
2020-07-21,25150,25750,25150,25600,124328,3182796800,1.7893,349,30552,-31122,-8241,-18610,-3595,-9430,0,8754,15,206,0
2020-07-22,25350,25750,25200,25300,113456,2870436800,-1.1719,49295,-8305,-41223,1363,-11193,-11987,-3883,0,-15523,355,-122,0
2020-07-23,25250,25300,24700,24900,140741,3504450900,-1.581,44061,-473,-43938,-8092,-18789,-7772,-2956,0,-6329,267,83,0
2020-07-24,24700,24800,24400,24600,108833,2677291800,-1.2048,41766,-18034,-25005,-761,-12584,-438,-4473,0,-2956,1228,45,-3793
2020-07-27,24600,25100,24500,24700,88201,2178564700,0.4065,12012,7699,-29996,-17876,-1339,-9028,-8081,0,6328,10185,100,0
2020-07-28,24650,25050,24500,24550,109867,2697234850,-0.6073,45432,7451,-52935,-36736,-15477,3864,-1954,0,-2632,0,52,0
2020-07-29,24400,24650,24200,24400,153291,3740300400,-0.611,53856,26557,-80665,-53852,-8699,2035,-14413,0,-5736,252,0,0
2020-07-30,24400,24550,24300,24450,99143,2424046350,0.2049,24809,20318,-45127,-15641,-5727,-154,-20682,0,-2923,0,0,0
2020-07-31,24450,24550,23900,24150,144267,3484048050,-1.227,61719,-4856,-60372,-12084,-10654,-1173,-25600,0,-10861,3446,63,0
2020-08-03,24100,24100,23250,23300,141244,3290985200,-3.5197,46405,-12998,-40814,-11015,-8079,-1307,-15303,0,-5110,7680,-273,0
2020-08-04,23500,24000,23400,23850,136473,3254881050,2.3605,7117,51964,-58805,-126,-23383,-516,-35063,0,283,-202,-74,0
2020-08-05,23850,24150,23600,23950,94453,2262149350,0.4193,17873,-7980,-9778,8189,-1493,-488,-4892,0,-11094,-110,-5,0
2020-08-06,24000,24500,23950,24150,120043,2899038450,0.8351,-5950,24835,-19434,-85,-2835,-1008,-15481,0,1169,459,90,-1194
2020-08-07,24150,24200,23450,23650,159427,3770448550,-2.0704,67808,9221,-77131,-13521,-50387,0,-6250,0,-6973,95,7,0
2020-08-10,23500,25050,23300,24900,320605,7983064500,5.2854,-42634,79206,-35695,-1415,-21824,6835,-9258,0,-10033,-863,-14,0
2020-08-11,24900,25750,24600,25650,333347,8550350550,3.012,-70916,17463,52351,-5807,35785,-442,26660,1000,-4845,1150,-48,0
2020-08-12,25900,26750,25150,26750,347891,9306084250,4.2885,-54469,21880,43693,10818,-15447,-201,50405,-1000,-882,-11570,466,0
2020-08-13,26850,27400,26150,26950,274998,7411196100,0.7477,-23058,-32807,56685,8805,-9592,-735,48436,0,9771,-555,-265,0
2020-08-14,26950,27850,26100,27300,299685,8181400500,1.2987,-54182,-9457,72943,17424,-3122,-273,46976,4280,6924,-10553,1249,734
2020-08-18,27200,27600,26300,26300,278779,7331887700,-3.663,-95002,-669,95436,19818,35115,2874,16765,0,20864,501,-266,0
2020-08-19,26100,27250,26100,26300,281153,7394323900,0.0,745,-44418,44989,446,46784,-2687,-3241,3962,-157,-1350,34,-118
2020-08-20,26000,26200,24650,24700,242358,5986242600,-6.0837,-7925,-2314,10186,653,15353,-49,-1107,0,-4871,1990,-1937,207
2020-08-21,24800,28650,24400,28000,788018,22064504000,13.3603,-185457,19662,191251,87989,38166,12956,35316,0,16771,-25893,437,53
2020-08-24,27750,30250,27100,30000,659663,19789890000,7.1429,-204272,-44984,267491,147689,79343,13956,3607,0,22896,-17493,-742,0
2020-08-25,30050,30450,29450,29850,210500,6283425000,-0.5,-26220,-10360,37880,38111,11899,-8355,-2594,0,-1181,-945,-355,0
2020-08-26,29600,29600,28200,28650,293326,8403789900,-4.0201,17053,-27650,9759,37192,-21905,-909,-760,0,-3859,598,240,0
2020-08-27,28500,29300,27450,29000,333601,9674429000,1.2216,-40434,-8956,51648,68504,-15464,16043,-7109,-4280,-6637,-2245,-13,591
2020-08-28,28650,30800,28650,29500,273215,8059842500,1.7241,-49842,-17362,68185,9607,24222,27604,1913,0,4839,-787,-194,0
2020-08-31,30050,32000,29900,31400,546551,17161701400,6.4407,-135749,-38489,173563,41317,44572,6717,14191,-6412,73178,791,-116,0
2020-09-01,31050,31950,30700,31700,334208,10594393600,0.9554,-34689,-122149,157420,66442,578,2640,-1128,0,88888,-632,50,0
2020-09-02,31750,32500,30700,31050,227111,7051796550,-2.0505,-5382,-63754,68671,42544,13397,-2450,3773,0,11407,225,240,0
2020-09-03,31100,31400,30300,30450,184464,5616928800,-1.9324,16348,-15732,-2160,9273,-21940,-131,-937,0,11575,1507,37,0
2020-09-04,29250,30650,29250,29800,232787,6937052600,-2.1346,-5593,-7711,4905,18057,-7678,-7921,5066,0,-4676,8387,12,2057
2020-09-07,29550,32300,29400,32150,357587,11496422050,7.8859,-76106,-81053,164200,20754,70031,15926,26563,2212,28714,-6695,-346,0
2020-09-08,32050,32250,30800,30850,177654,5480625900,-4.0435,-7455,-7559,15668,17728,-4066,-14432,-1520,0,17958,-718,64,0
2020-09-09,30100,30850,30000,30100,154888,4662128800,-2.4311,4521,-27320,23257,6935,-9825,11557,8928,0,5662,-444,-14,0
2020-09-10,30300,31550,30300,31050,210881,6547855050,3.1561,-24272,-28237,51808,16761,-13664,-3908,12553,0,40066,635,66,0
2020-09-11,30800,31200,29800,31000,173611,5381941000,-0.161,7105,-23677,12929,54,7273,26643,-12938,0,-8103,3752,-109,0
2020-09-14,30650,31400,30500,31100,104756,3257911600,0.3226,-2685,-6140,10310,19283,-8459,-4115,-779,0,4380,-1485,0,0
2020-09-15,30850,31150,30550,30950,114422,3541360900,-0.4823,11570,-17071,6059,9080,6267,-6161,-1429,0,-1698,-557,-1,0
2020-09-16,30600,30900,30100,30200,124397,3756789400,-2.4233,52782,-38061,-15168,6396,-11577,-1278,-2097,-23,-6589,447,0,0
2020-09-17,30350,30350,29400,30100,124694,3753289400,-0.3311,-326,8940,-13756,538,-6065,6755,-11262,-2161,-1561,5142,0,0
2020-09-18,30100,30150,29200,29400,130026,3822764400,-2.3256,15309,16025,-38283,8516,-17406,-19858,-5162,0,-4373,6949,0,0
2020-09-21,29200,29500,28500,29000,129205,3746945000,-1.3605,17278,15651,-39840,-8606,-3355,2016,-3991,0,-25904,6911,0,0
2020-09-22,28600,28750,27300,27850,227240,6328634000,-3.9655,25671,10744,-61817,-15483,-20332,-2978,-12882,0,-10142,25402,0,0
2020-09-23,27900,28400,27400,27950,89344,2497164800,0.3591,13803,4547,-16752,9187,-1561,-1663,62,0,-23335,-1598,0,558
2020-09-24,27650,27700,25950,26100,304494,7947293400,-6.619,93599,27070,-126466,-29213,18525,-65871,-4950,0,-46062,5647,150,1105
2020-09-25,26450,26850,26200,26700,76656,2046715200,2.2989,-18898,-787,20204,10337,714,0,-731,0,9884,-15,-504,0
2020-09-28,27100,27900,26950,27650,78543,2171713950,3.5581,-16753,-2454,19204,14025,-46,-61,-243,0,5529,-64,67,0
2020-09-29,28050,28200,27250,27700,133566,3699778200,0.1808,5884,9462,-15166,5510,-7795,-8700,10434,0,-14615,0,-180,0
2020-10-05,28500,28650,27750,28000,126648,3546144000,1.083,-12807,-8240,24587,-2716,1246,9504,8255,0,9298,-3372,-168,-1000
2020-10-06,27950,28550,27700,28100,107177,3011673700,0.3571,-3718,-16716,20409,27578,3821,50,-12446,0,1406,55,-30,0
2020-10-07,28400,28800,27650,28700,79309,2276168300,2.1352,745,-15394,14664,1321,-2749,8340,-1792,0,9544,-15,0,0
2020-10-08,29150,29150,28300,28700,132094,3791097800,0.0,6766,-3933,-818,-5862,3430,16088,8829,0,-23303,-2015,0,0
2020-10-12,29100,29100,28100,28750,125524,3608815000,0.1742,49705,-1309,-48583,-16969,6441,-7404,-26625,0,-4026,177,10,0
2020-10-13,29000,29200,28500,28700,85685,2459159500,-0.1739,12073,-1145,-11336,-10770,-1691,3997,766,0,-3173,85,323,-465
2020-10-14,28700,29500,28700,29100,149240,4342884000,1.3937,-20314,31432,-554,2471,3493,-767,703,0,-6454,-10736,172,0
2020-10-15,29100,29100,27750,28550,70216,2004666800,-1.89,-16721,5779,10908,10831,-1641,0,1299,0,419,137,-103,0
2020-10-16,28850,28850,27550,27700,86727,2402337900,-2.9772,34905,-3903,-31213,-4855,-4020,-24534,-119,0,2321,217,-6,-6
2020-10-19,28250,29200,27750,28600,149989,4289685400,3.2491,-39267,27286,19269,7413,7900,-117,-4913,0,8986,-7287,-1,0
2020-10-20,28500,29050,28300,29050,73960,2148538000,1.5734,-4488,333,4140,449,1677,680,3099,0,-1765,15,0,0
2020-10-21,28850,31000,28850,30700,551189,16921502300,5.6799,-82081,27479,61854,34458,53264,-907,-2888,0,-30455,-7241,-11,8382
2020-10-22,30450,32000,30100,31900,419633,13386292700,3.9088,-77461,17785,75814,11659,65640,423,23090,0,-24998,-16021,-117,0
2020-10-23,31650,32000,30700,31300,131648,4120582400,-1.8809,5806,-28646,22098,-2355,16018,614,1210,0,6611,613,129,0
2020-10-26,30900,31000,29500,29750,93331,2776597250,-4.9521,-10762,8131,2988,7136,-5315,342,-576,727,674,-357,0,0
2020-10-27,29500,29500,28700,29150,126358,3683335700,-2.0168,17630,3904,-32801,-15165,-3231,-6625,414,0,-8194,11267,0,0
2020-10-28,28900,30700,28750,30700,122942,3774319400,5.3173,-29350,9332,26543,1018,7634,-343,20161,0,-1947,-6525,0,20
2020-10-29,29800,30250,29000,29300,174323,5107663900,-4.5603,71086,-43733,-42867,-8202,-11015,-15852,2426,0,-10224,15513,1,0
2020-10-30,29300,29300,27900,28400,120764,3429697600,-3.0717,31551,-3941,-31142,-10801,-12886,-2444,268,0,-5279,3532,0,0
2020-11-02,28500,28900,27900,28000,101540,2843120000,-1.4085,43442,1670,-45111,1262,-48289,-1439,340,0,3015,0,-1,0
2020-11-03,28050,28850,28050,28550,69137,1973861350,1.9643,-8355,922,5958,1573,-547,3,169,0,4760,1475,0,0
2020-11-04,28950,29200,28300,28900,92285,2667036500,1.2259,10726,-5787,-3699,-14121,770,-112,-120,0,9884,-1241,1,0
2020-11-05,28900,29100,28700,28900,110885,3204576500,0.0,31881,39,-32101,-3750,-21452,-6475,-6609,0,6185,177,4,0
2020-11-06,28800,29000,28000,28400,145665,4136886000,-1.7301,60307,5757,-66968,-5142,-54531,-3222,1644,0,-5717,114,790,0
2020-11-09,28450,28950,28300,28800,142766,4111660800,1.4085,839,24319,-34463,-21435,-2178,-4036,-5179,0,1293,9404,-99,-2928
2020-11-10,29350,30850,29000,30650,353762,10842805300,6.4236,-161838,107112,65163,11354,11991,184,19650,0,5050,-9811,-626,16934
2020-11-11,30650,31150,29800,30300,140786,4265815800,-1.1419,14163,-31110,17564,4414,-2793,2926,3572,260,9185,-617,0,0
2020-11-12,30050,30050,29250,29500,178985,5280057500,-2.6403,65378,-19718,-45704,-4552,-15462,632,-1072,274,-25524,30,14,0
2020-11-13,29200,29550,29050,29250,88804,2597517000,-0.8475,28920,-15238,-12199,3689,-10463,-3765,-1391,267,-536,-1483,0,0
2020-11-16,29300,31250,29100,31150,456654,14224772100,6.4957,-50379,681,41758,-20378,39681,11639,-11293,1400,20709,7904,36,0
2020-11-17,31700,31750,30700,31150,228964,7132228600,0.0,9828,1952,-12457,15579,-6999,-14055,-1811,98,-5269,464,213,0
2020-11-18,31300,32250,31100,31200,298495,9313044000,0.1605,47296,-19892,-8605,85,13165,-20201,-14,0,-1640,-18825,26,0
2020-11-19,31050,31100,30500,30650,136791,4192644150,-1.7628,41868,19823,-61983,672,-32910,-5593,-22,0,-24130,241,51,0
2020-11-20,30700,32150,30600,31150,244543,7617514450,1.6313,-25672,40326,-6666,-6529,-10271,22221,-434,0,-11653,-8063,75,0
2020-11-23,31250,31900,30800,31500,188654,5942601000,1.1236,-13454,26261,-12247,-18354,17783,192,-9738,0,-2130,-540,-20,0
2020-11-24,31500,31700,31000,31500,141098,4444587000,0.0,21406,20804,-42181,-2512,-15109,-11118,-7493,0,-5949,1,-30,0
2020-11-25,31600,31900,30650,30950,208245,6445182750,-1.746,12217,31400,-43850,-15774,-19387,-1290,-9207,0,1808,125,108,0
2020-11-26,30800,30900,30150,30350,131122,3979552700,-1.9386,50991,4612,-57769,-15699,-19376,-11792,-4273,0,-6629,2115,51,0
2020-11-27,30200,30400,30000,30200,105414,3183502800,-0.4942,44895,-10099,-34965,-2660,-10324,-18452,-39,0,-3490,-151,320,0
2020-11-30,30450,30450,29700,29900,158827,4748927300,-0.9934,58837,-6902,-50924,-43134,-7069,-2463,-226,0,1968,-1220,209,0
2020-12-01,30250,30800,30200,30350,153463,4657602050,1.505,13005,19977,-33863,-18696,-15534,-489,-1570,0,2426,771,110,0
2020-12-02,30450,31900,30350,31700,280376,8887919200,4.4481,-40268,11876,29585,13411,13056,9851,2696,1600,-11029,-950,-243,0
2020-12-03,31850,32150,31100,31500,227145,7155067500,-0.6309,66110,-19620,-45490,-2964,12971,-1158,-46950,0,-6860,-1000,0,-529
2020-12-04,31550,31700,31000,31200,154505,4820556000,-0.9524,13939,10867,-25183,8822,-13070,-937,-20606,0,608,335,42,0
2020-12-07,31050,31100,30150,30700,122091,3748193700,-1.6026,16546,11458,-26482,-2448,-6997,-249,-3285,0,-13503,-1609,87,0
2020-12-08,30750,30950,30300,30850,104788,3232709800,0.4886,-7606,18459,-11217,-2981,-3351,-5725,-501,0,1341,353,11,0
2020-12-09,30750,31400,30650,31200,113563,3543165600,1.1345,-8717,25256,-16973,-13893,-6859,-4033,-1071,0,8883,420,14,0
2020-12-10,31450,31500,30900,31300,199619,6248074700,0.3205,11675,-1918,-9893,-10792,-21726,-3002,9071,0,16528,124,12,28
2020-12-11,32150,33650,32000,33500,465279,15586846500,7.0288,-57323,40183,17104,-9641,11496,9766,-850,0,2485,675,-639,3848
2020-12-14,33300,33500,32800,33050,262524,8676418200,-1.3433,-7554,67176,-58960,-39995,-8086,3597,4140,0,-18616,-934,272,0
2020-12-15,33000,33600,32400,33500,168953,5659925500,1.3616,-15905,17465,-1765,-6377,4671,1525,1069,0,-2653,195,10,0
2020-12-16,33700,34450,32950,33100,204634,6773385400,-1.194,23945,14829,-40601,-30568,416,-7230,-1145,0,-2074,1716,111,0
2020-12-17,33100,33100,32100,32150,174554,5611911100,-2.8701,39030,13383,-54969,-37936,-23907,-3597,982,0,9489,1196,1360,0
2020-12-18,32200,32400,32000,32250,126153,4068434250,0.311,49024,-9873,-38793,-9567,-2104,-3042,-19694,0,-4386,73,-431,0
2020-12-21,32300,32350,31500,32250,123627,3986970750,0.0,28558,-2401,-27477,-6843,-11025,-3025,-1077,0,-5507,300,1020,0
2020-12-22,32050,32100,30950,31050,252921,7853197050,-3.7209,90824,46142,-138311,-8424,-51721,-28672,-27894,0,-21600,608,737,0
2020-12-23,31300,31650,30950,31350,159461,4999102350,0.9662,2625,43927,-45927,-10417,-25404,-2001,163,0,-8268,-1390,765,0
2020-12-24,31700,31900,31150,31750,140925,4474368750,1.2759,26106,-25976,292,-11497,1067,-194,931,0,9985,-365,-57,0
2020-12-28,31950,32250,31550,31900,178771,5702794900,0.4724,44084,-24628,-20664,-11926,-16344,126,-11848,-3000,22328,958,250,0
2020-12-29,31600,31650,31050,31450,226496,7123299200,-1.4107,109309,-27301,-83116,-17865,-36837,-2099,-1028,0,-25287,730,378,0
2020-12-30,31450,31900,31250,31700,133340,4226878000,0.7949,1077,-14051,13817,11495,-5898,2546,-1561,0,7235,-965,122,0
2021-01-04,31700,31750,31050,31100,236012,7339973200,-1.8927,105234,-974,-105334,-57042,-18258,-5143,-19466,0,-1425,511,563,-4000
2021-01-05,31200,32450,31150,32400,273065,8847306000,4.1801,-24161,40830,-17786,-29043,-7398,38702,-20987,0,940,1016,101,0
2021-01-06,32700,32850,31550,31600,327660,10354056000,-2.4691,119269,-12094,-103885,-43316,-27637,-6883,-18697,-508,-6844,74,-3364,0
2021-01-07,31600,32650,31600,32400,303868,9845323200,2.5316,-60654,45953,13855,-28347,-5353,10020,-15489,0,53024,1148,-302,0
2021-01-08,32500,33250,32050,33000,422560,13944480000,1.8519,82459,-48231,-35162,-7355,-15807,1154,-6950,-1,-6203,468,466,0
2021-01-11,33200,33500,31600,32100,413236,13264875600,-2.7273,93129,-16188,-81280,1818,-37585,6572,-17814,-22,-34249,4124,215,0
2021-01-12,32550,33650,32200,33350,408625,13627643750,3.8941,-75886,79176,-2212,11925,-4993,-2440,-3076,10000,-13628,-1080,2,0
2021-01-13,33800,34450,33350,33850,372121,12596295850,1.4993,1902,-17686,13422,28467,-10573,1864,-8339,3000,-106,2307,55,-891
2021-01-14,34400,34600,33500,33850,203060,6873581000,0.0,38479,-26861,-12489,5265,-8023,-722,-3769,0,-5240,824,47,0
2021-01-15,34000,34450,32900,33250,204384,6795768000,-1.7725,28571,-1128,-27295,-9137,-18419,11606,-51,0,-11294,-898,750,0
2021-01-18,32600,33250,32250,32750,178101,5832807750,-1.5038,7189,-15009,8008,15342,-9243,2519,-671,984,-923,-662,474,0
2021-01-19,33300,34100,33300,33850,280071,9480403350,3.3588,-41861,18355,24236,37886,-20689,-10401,1268,-73,16245,-650,-80,0
2021-01-20,33950,34000,33300,33700,146689,4943419300,-0.4431,27072,2619,-30596,-3411,-3017,-187,-6216,0,-17765,866,39,0
2021-01-21,33850,34100,33250,33750,165538,5586907500,0.1484,-1819,2013,-817,16106,-12021,-3286,-620,0,-996,158,465,0
2021-01-22,33750,35000,33400,34300,289772,9939179600,1.6296,28648,8586,-40214,4925,-32910,-899,-1902,0,-9428,1456,1524,0
2021-01-25,34950,35600,34000,35200,209290,7367008000,2.6239,-30005,5216,25123,3040,-1300,10504,-648,0,13527,-185,-149,0
2021-01-26,35200,35200,34150,35000,198535,6948725000,-0.5682,21506,-7568,-13442,13928,-7070,-2855,-6012,0,-11433,907,-1403,0
2021-01-27,35400,36250,34800,35900,279603,10037747700,2.5714,-91973,59238,33150,-1048,17976,8398,390,-8,7442,-950,535,0
2021-01-28,35000,36650,34600,35850,338924,12150425400,-0.1393,-118555,42216,76605,19246,48321,-82,-1713,13807,-2974,-85,-181,0
2021-01-29,36100,36150,34300,35400,238238,8433625200,-1.2552,-22232,2623,17904,14811,7221,-2495,-894,0,-439,678,1027,-300
2021-02-01,35400,35550,33700,35450,151853,5383188850,0.1412,-23407,-12630,35950,12912,14594,-58,-1021,0,9633,-8,95,-110
2021-02-02,35450,36150,34700,35350,316535,11189512250,-0.2821,-9239,13620,-4288,-11163,-150,3254,-6430,-60,10261,-57,-36,0
2021-02-03,35350,35500,34650,35200,136248,4795929600,-0.4243,361,17843,-18590,-8952,-1232,-316,-1224,0,-6866,428,-42,0
2021-02-04,34900,35700,34300,35550,210816,7494508800,0.9943,-40347,31107,9011,-2591,12845,-460,18910,-2800,-16893,228,1,0
2021-02-05,35700,36650,35150,36400,211657,7704314800,2.391,-57726,22205,33838,-3821,17265,-31,7957,-5,12473,1583,100,0
2021-02-08,36550,37850,35750,37300,253621,9460063300,2.4725,-71601,19343,51355,-3232,16259,4565,18717,0,15046,855,48,0
2021-02-09,37300,38100,36850,37700,199769,7531291300,1.0724,-56563,40322,6734,-12672,5069,-35,4295,0,10077,9689,-182,0
2021-02-10,37750,38300,36400,36700,272436,9998401200,-2.6525,-11188,32794,-23784,-15817,3146,0,-1340,0,-9773,2071,107,0
2021-02-15,36800,38050,36500,37800,216596,8187328800,2.9973,-74839,90108,-12270,-43964,27847,1775,-949,0,3021,-2397,-602,0
2021-02-16,37450,38400,37350,37900,154899,5870672100,0.2646,-20477,5452,15244,-6569,18648,788,-1373,0,3750,5,-224,0
2021-02-17,37450,37650,37100,37600,147047,5528967200,-0.7916,-20805,53098,-31535,-21450,-687,-3937,-214,-11,-5236,-948,190,0
2021-02-18,37450,39300,37400,38500,235421,9063708500,2.3936,-52859,13853,34987,-6837,24328,49,9022,0,8425,5275,-1256,0
2021-02-19,38550,39600,37950,39450,220631,8703892950,2.4675,-78679,4943,74886,-1290,56672,6448,6973,-2900,9109,-1548,398,-126
2021-02-22,39450,40650,38850,40000,202967,8118680000,1.3942,-27439,-11457,45675,-5706,42594,-3826,1845,1614,9154,-5706,-1073,0
2021-02-23,40300,42000,39500,40450,302047,12217801150,1.125,-43128,1819,44862,15274,16453,3546,-1038,219,10530,-1008,-2545,-122
2021-02-24,40500,41100,38150,38550,227133,8755977150,-4.6972,-17291,-33067,50841,36110,11149,-3295,-1411,102,8292,56,-539,-106
2021-02-25,39250,41500,38850,41150,200938,8268598700,6.7445,-53173,5093,51446,21953,16018,142,-1941,461,14928,-2752,-614,-115
2021-02-26,40400,42150,39650,42000,216882,9109044000,2.0656,-8184,-15003,23593,13727,7860,2289,6412,872,-7567,251,-657,0
2021-03-02,43050,43450,40650,41200,225637,9296244400,-1.9048,10299,-19589,13003,-6365,10199,3204,-1322,0,7287,-5205,1492,0
2021-03-03,41350,43350,41050,42400,247194,10481025600,2.9126,-60145,10872,56830,-11695,37787,1331,8434,119,20854,-8591,1034,0
2021-03-04,41700,43550,41500,42950,218588,9388354600,1.2972,3972,-14859,9273,-20152,42730,74,4887,183,-18449,90,1524,0
2021-03-05,42700,43100,41500,42900,154154,6613206600,-0.1164,-1230,-10544,8969,9592,5579,-166,-445,0,-5591,2782,23,0
2021-03-08,43200,43250,40200,40350,232670,9388234500,-5.9441,29278,13760,-35179,-18072,-21804,1623,-3332,10000,-3194,-3398,-4461,-400
2021-03-09,41000,41350,39300,39850,217332,8660680200,-1.2392,-28854,61282,-32697,-37176,-1972,3662,-1259,264,4184,-199,468,-400
2021-03-10,40000,40000,38150,38550,185945,7168179750,-3.2622,-12132,42775,-30926,-9060,-2819,331,-4036,0,-14942,310,-27,-400
2021-03-11,38400,39350,38050,38300,165444,6336505200,-0.6485,-12896,21552,-8682,1025,-4896,-86,-83,0,-4642,6,20,0
2021-03-12,38900,39150,38300,38900,98232,3821224800,1.5666,12781,-8834,-4572,-1346,-5414,2363,-1213,0,1038,654,-29,0
2021-03-15,39000,39100,37600,38100,186739,7114755900,-2.0566,45842,25787,-70922,-29746,-16387,-2498,-12428,-354,-9509,-786,79,0
2021-03-16,38350,39300,38350,38850,160754,6245292900,1.9685,11528,-30890,19402,-9691,19344,1884,5481,0,2384,-28,-12,0
2021-03-17,39350,39700,38600,39500,173680,6860360000,1.6731,19233,-47837,28573,20501,97,4372,-759,0,4362,-3,34,0
2021-03-18,39700,41500,39550,41150,232643,9573259450,4.1772,-112799,54992,58293,-4956,24090,27270,2436,-183,9636,-475,-11,0
2021-03-19,40900,41700,40400,41100,139097,5716886700,-0.1215,-7026,10957,-2365,-3156,1398,-807,1452,0,-1252,-1498,-68,0
2021-03-22,41100,41200,40300,40750,119136,4854792000,-0.8516,10110,23580,-33278,-23494,-421,-10719,-6380,2470,5266,-405,-7,0
2021-03-23,40750,41400,39500,39800,157388,6264042400,-2.3313,21931,9187,-30406,-22158,456,6881,-20594,0,5009,-660,-52,0
2021-03-24,40200,40200,39000,39650,126381,5011006650,-0.3769,2967,12739,-13672,-3775,-2009,-901,-12487,0,5500,-2028,-6,0
2021-03-25,39300,39750,39150,39200,121895,4778284000,-1.1349,-7587,41013,-33879,-10003,-20746,-703,-8959,-842,7374,392,61,0
2021-03-26,39200,40350,39200,40150,142051,5703347650,2.4235,-25879,40044,-14661,-43,-8252,547,-524,-368,-6021,213,283,0
2021-03-29,40100,40450,39450,40350,86284,3481559400,0.4981,-18910,5912,13018,6838,7892,-68,2873,0,-4517,-30,10,0
2021-03-30,40500,41150,40500,40950,93865,3843771750,1.487,-18398,33833,-15400,1854,-1301,10,-10489,-373,-5101,-13,-22,0
2021-03-31,40600,40700,39600,40000,107201,4288040000,-2.3199,24319,15424,-40745,-2830,-9339,-5842,-10835,0,-12258,995,7,359
2021-04-01,39700,40050,39150,39450,107192,4228724400,-1.375,25021,1711,-26884,-3864,11986,-31129,-1403,0,-2474,104,48,0
2021-04-02,39400,39650,38250,38650,153293,5924774450,-2.0279,66685,11653,-76219,-15198,-17852,-21671,-14207,0,-7291,-2846,727,0
2021-04-05,38650,39150,38200,39150,62101,2431254150,1.2937,6685,13160,-19961,-9120,-4688,-218,-868,-1215,-3852,82,34,0
2021-04-06,39200,39550,38700,38850,90910,3531853500,-0.7663,27116,13862,-41716,-33488,2181,777,-7987,-397,-2221,732,6,-581
2021-04-07,38900,39300,38900,39200,75552,2961638400,0.9009,796,31795,-32719,-7933,-9491,-282,-11196,0,-3233,57,71,-584
2021-04-08,39150,40100,39050,39300,167078,6566165400,0.2551,-16402,71359,-56869,-33151,47,-495,-9830,-690,-12218,-10,1922,-532
2021-04-09,39600,40200,39550,39950,114793,4585980350,1.6539,-23587,31704,-8286,-6294,6513,-626,-7310,-3907,1844,-15,184,1494
2021-04-12,40050,40500,39800,40300,101240,4079972000,0.8761,-13097,23002,-13322,-18673,1871,90,381,0,2885,2465,952,124
2021-04-13,40300,40600,39900,40150,85895,3448684250,-0.3722,1237,14508,-16198,-11947,-2281,35,-2375,0,370,450,3,0
2021-04-14,40050,40400,39500,40400,77310,3123324000,0.6227,-5985,12306,-5972,-6644,-5266,-70,-3065,0,9073,-386,37,0
2021-04-15,40200,40800,40000,40000,91006,3640240000,-0.9901,4305,16149,-20871,-6739,-5978,-488,-4797,0,-2869,433,-16,0
2021-04-16,40050,40350,39200,39950,98203,3923209850,-0.125,6232,21777,-27356,-169,-12772,-227,-5366,0,-8822,-654,1,0
2021-04-19,39950,40400,39550,40200,100650,4046130000,0.6258,-2440,15683,-13311,-2013,-9853,-20,-4214,0,2789,-253,321,0
2021-04-20,40300,42950,40300,42500,340471,14470017500,5.7214,-109724,86426,24633,17458,-1904,8689,-755,-2470,3615,-687,-648,0
2021-04-21,42000,42300,41200,42100,164407,6921534700,-0.9412,4995,-6476,1291,2151,10468,-3639,1585,0,-9274,230,-40,0
2021-04-22,42100,42750,41450,41750,143609,5995675750,-0.8314,25871,-6551,-19512,-19895,4655,-454,2531,0,-6349,224,-32,0
2021-04-23,42000,42000,40950,41150,69193,2847291950,-1.4371,-5673,3818,2053,-371,-803,-90,1488,0,1829,65,-263,0
2021-04-26,41150,41350,40450,40700,78651,3201095700,-1.0936,7863,13582,-18165,1634,-15674,-494,-805,0,-2826,-130,-3150,0
2021-04-27,40900,42350,40550,42000,137449,5772858000,3.1941,-42893,53851,-10846,-13480,497,596,1128,0,413,-111,-1,0
2021-04-28,42200,42200,40650,41250,98045,4044356250,-1.7857,1241,-10715,9529,18254,-6068,1153,-189,0,-3621,-35,-20,0
2021-04-29,41350,43800,41350,42650,315956,13475523400,3.3939,-54099,93181,-38334,-31214,-11155,8366,-2739,0,-1592,-732,-16,0
2021-04-30,42650,44300,41950,43900,266212,11686706800,2.9308,-16367,-11077,25628,32305,-610,212,10923,-23807,6605,-18,1834,0
2021-05-03,44100,44100,40900,41100,205924,8463476400,-6.3781,39808,-24120,-15075,14222,-19701,-4671,688,0,-5613,-770,157,0
2021-05-04,41000,41500,39050,40200,173320,6967464000,-2.1898,16406,-24758,7458,11140,4077,-2168,86,0,-5677,508,386,0
2021-05-06,40850,42400,39700,41850,167514,7010460900,4.1045,-47596,19518,22314,16575,3939,-129,-1104,0,3033,5296,468,0
2021-05-07,41000,42900,41000,42600,164208,6995260800,1.7921,-22810,-10124,33563,2295,17483,117,-867,0,14535,-537,-92,0
2021-05-10,42550,46800,42550,46800,455571,21320722800,9.8592,-127604,52192,81053,41295,17568,1038,18038,0,2843,-4749,-892,271
2021-05-11,46800,47550,46050,47100,202161,9521783100,0.641,37269,-64731,27195,2790,15247,9597,13230,0,-13669,284,-17,0
2021-05-12,46300,48200,44850,48200,303290,14618578000,2.3355,4168,-63796,63857,33815,1199,2087,11743,0,15013,-1332,-2897,0
2021-05-13,47500,48200,46150,46250,262358,12134057500,-4.0456,-19752,21295,-1889,3338,7423,-7086,3547,0,-9111,358,-12,0
2021-05-14,46550,47450,44800,47100,187094,8812127400,1.8378,25123,-32228,3732,148,-2730,-236,2611,0,4101,2151,1222,-162
2021-05-17,47150,48300,46350,47100,227894,10733807400,0.0,12463,-27220,11939,-5634,24719,-11753,6893,0,-2286,2652,166,0
2021-05-18,47200,49950,47200,49000,282454,13840246000,4.034,-54239,-29211,84504,24076,25760,2841,8213,0,20971,-699,-355,2643
2021-05-20,48550,49950,48000,49150,158642,7797254300,0.3061,-10189,12100,-3776,-7403,14344,-14564,7095,0,-3248,-208,2073,0
2021-05-21,49000,49050,45300,46250,294400,13616000000,-5.9003,53171,-1118,-52019,11083,-26686,-30189,-4449,0,-1778,1165,-1199,0
2021-05-24,45550,47400,44750,46750,236782,11069558500,1.0811,-32389,-10622,42554,17753,4613,11459,1597,0,7132,507,-50,0
2021-05-25,47000,47500,45750,46800,138641,6488398800,0.107,6694,12053,-21282,-15916,-3588,-6475,578,0,1519,2364,171,2600
2021-05-26,47100,47150,45300,45800,159885,7322733000,-2.1368,52664,24907,-77080,-13712,-25695,-40434,-1410,0,4171,393,-884,0
2021-05-27,46150,48200,45800,47350,249756,11825946600,3.3843,-64491,16225,47804,-3971,22721,8717,-261,0,20598,526,-64,0
2021-05-28,48000,48400,46950,47500,84102,3994845000,0.3168,-4424,-12271,17095,2359,5106,3010,-554,0,7174,-350,-50,0
2021-05-31,47500,47900,46300,47300,117266,5546681800,-0.4211,1691,1666,-3647,4589,4280,-5549,2576,0,-9543,146,144,0
2021-06-01,47800,47800,45900,46350,133125,6170343750,-2.0085,39107,-7176,-31986,-8162,-24381,-1508,-7455,0,9520,-35,90,0
2021-06-02,46550,46600,45750,46200,167754,7750234800,-0.3236,40952,37975,-77101,-20599,-30603,-928,-2713,0,-22258,-884,-942,0
2021-06-03,46200,46750,45800,45900,138110,6339249000,-0.6494,18592,7018,-25097,-358,-10703,-4449,-1120,0,-8467,-487,-26,0
2021-06-04,45800,46300,45100,46000,126402,5814492000,0.2179,-11782,56345,-45329,2609,-20155,-11070,-2591,0,-14122,566,200,0
2021-06-07,46000,46250,45050,45950,73685,3385825750,-0.1087,-4203,6733,-2726,5549,-8626,-450,-317,0,1118,196,0,0
2021-06-08,45400,46150,45250,45400,58123,2638784200,-1.197,14510,-12779,-1089,-6176,-127,906,-694,0,5002,-695,53,0
2021-06-09,45400,45900,44950,44950,69386,3118900700,-0.9912,11420,8119,-19888,-9208,-7972,-595,-2043,0,-70,362,-13,0
2021-06-10,44850,46100,44450,45300,153304,6944671200,0.7786,-13171,38223,-25176,-1712,-3593,8147,-4421,0,-23596,-82,206,-1
2021-06-11,45150,45850,44600,44900,82823,3718752700,-0.883,7999,3955,-10476,-8471,906,-4461,729,144,677,-1443,-35,0
2021-06-14,45000,45650,44600,45300,60702,2749800600,0.8909,8295,2916,-10467,-2516,5354,-150,-9213,0,-3942,-547,-197,0
2021-06-15,45000,45350,44700,45200,73030,3300956000,-0.2208,12517,-12726,187,12817,-301,-7551,-3453,0,-1325,-116,138,0
2021-06-16,44550,45200,44200,44250,95260,4215255000,-2.1018,41135,6133,-46462,-13276,-15280,-3709,-7288,0,-6909,-1035,229,0
2021-06-17,44000,44700,43500,44100,162445,7163824500,-0.339,36691,43471,-79016,-32801,-42704,142,-448,0,-3205,-1240,94,0
2021-06-18,44000,44850,43650,44200,142538,6300179600,0.2268,2596,36777,-37955,-41824,-2191,-408,-2870,0,9338,-1759,341,0
2021-06-21,43700,44000,42650,43300,108910,4715803000,-2.0362,31920,5984,-37017,-12753,-8774,3209,-9474,0,-9225,-1059,172,0
2021-06-22,43350,43950,43350,43900,67806,2976683400,1.3857,-11878,17439,-5646,-13477,3822,14273,-10031,0,-233,-15,100,0
2021-06-23,43950,44450,43150,43900,135654,5955210600,0.0,28405,-10042,-18813,-2784,-5678,260,-11526,0,915,450,0,0
2021-06-24,43450,43700,42800,42900,122547,5257266300,-2.2779,2398,31577,-32681,-10558,-7381,-118,-21170,0,6546,-1308,14,0
2021-06-25,42900,44100,42700,43550,102483,4463134650,1.5152,-44899,29671,16824,-9978,875,16974,421,0,8532,-1596,0,0
2021-06-28,44250,44250,43700,44150,101846,4496500900,1.3777,13487,26228,-39968,-33599,-6886,6014,-8221,0,4283,253,0,-1559
2021-06-29,43900,44450,43700,44350,73406,3255556100,0.453,-6150,14934,-9062,-8777,480,772,4157,0,-5694,245,33,0
2021-06-30,44400,44500,43950,44400,73359,3257139600,0.1127,14977,11305,-26650,-31290,1261,5206,40,0,-1867,232,136,0
2021-07-01,44350,44400,43900,44100,61701,2721014100,-0.6757,297,-1794,740,-2498,5860,6491,-1800,0,-7313,0,757,0
2021-07-02,43950,44150,43400,43900,58007,2546507300,-0.4535,4535,3489,-7989,749,-5410,-5563,3311,0,-1076,-60,25,0
2021-07-05,44000,44050,43050,43200,93315,4031208000,-1.5945,39232,-35511,-3993,-4238,-3118,4464,648,0,-1749,-58,330,0
2021-07-06,43200,43650,42900,43200,88815,3836808000,0.0,14718,17172,-31798,-7575,-11704,-6651,-5046,0,-822,-90,-2,0
2021-07-07,42550,42800,41900,42300,153025,6472957500,-2.0833,49927,20939,-57531,-17300,-9192,-5989,-4336,0,-20714,-13409,74,0
2021-07-08,42050,42700,41850,41850,111766,4677407100,-1.0638,4006,17998,-22085,-12044,3795,-4387,1812,0,-11261,-487,568,0
2021-07-09,41050,41400,39800,40200,278480,11194896000,-3.9427,86007,-16998,-70871,-19131,-42946,477,662,0,-9942,1047,815,9
2021-07-12,40250,41200,40100,41100,182237,7489940700,2.2388,24084,13572,-37954,-35977,-4503,724,916,0,886,-89,387,0
2021-07-13,41500,42300,41100,41450,178956,7417726200,0.8516,28640,62508,-91088,-50651,-13527,1515,-9361,0,-16464,-82,22,-2600
2021-07-14,41100,41450,40800,41450,96254,3989728300,0.0,-1396,49090,-47300,-50279,3897,377,2399,0,-3695,-98,-296,1
2021-07-15,41800,42200,41650,42200,83629,3529143800,1.8094,314,14613,-14865,-10787,-6674,-1350,1396,0,2745,-62,0,-195
2021-07-16,41350,41950,41150,41400,102280,4234392000,-1.8957,45431,7065,-52569,-32919,-3843,185,-11843,0,-4158,121,-48,9
2021-07-19,40950,40950,40200,40700,100399,4086239300,-1.6908,40051,29410,-69648,-54389,-7097,872,-942,0,-8104,92,95,12
2021-07-20,40450,40550,39750,40200,113027,4543685400,-1.2285,35240,11548,-47305,-19010,-24306,1369,-7087,0,1725,-62,579,4
2021-07-21,40250,40950,40150,40500,68037,2755498500,0.7463,-1343,14588,-13548,-7958,-260,680,-5255,0,-755,203,100,0
2021-07-22,40750,40750,40250,40500,77100,3122550000,0.0,20170,-7444,-13611,-19981,-5290,-3002,26,0,14636,75,810,0
2021-07-23,40100,40650,40050,40250,63596,2559739000,-0.6173,15569,5040,-21650,-22868,-5217,-995,2,0,7420,1021,20,8
2021-07-26,40150,40250,39800,39850,50446,2010273100,-0.9938,9464,-4419,-4693,-240,-655,114,-1766,0,-2152,-352,0,6
2021-07-27,40350,40350,39750,40000,70665,2826600000,0.3764,19173,7378,-26761,-28889,5,494,-2137,0,3765,215,-5,1
2021-07-28,39750,39950,39300,39700,68203,2707659100,-0.75,8548,2427,-11524,-5354,106,296,-4545,0,-960,514,35,-1067
2021-07-29,39700,40050,39250,39350,83238,3275415300,-0.8816,12008,20154,-32243,-34021,1176,166,-4921,0,5357,50,31,0
2021-07-30,39250,39900,39150,39850,102682,4091877700,1.2706,1185,43649,-45139,-37912,2898,329,-2439,0,-6227,225,80,-1788
2021-08-02,40250,40300,39250,39650,83650,3316722500,-0.5019,12925,8777,-21638,-17310,-4425,-13101,7,0,13191,-29,-35,0
2021-08-03,39300,39600,38650,38900,102590,3990751000,-1.8916,21062,6376,-27334,-23599,57,-5364,-1046,0,2618,-109,5,0
2021-08-04,38950,41200,38750,41150,241191,9925009650,5.7841,-96543,78711,17323,-16651,-11573,7876,8425,2031,27215,352,157,0
2021-08-05,41150,41350,40500,40800,149343,6093194400,-0.8505,21032,5051,-26554,-48465,8420,2563,-386,590,10724,392,79,0
2021-08-06,40600,40750,39500,39750,134469,5345142750,-2.5735,84921,-26431,-58322,-54170,761,18,-194,0,-4737,-564,396,0
2021-08-09,39700,39750,38950,39150,106616,4174016400,-1.5094,44927,2142,-49128,-38244,2702,-92,-671,0,-12823,1563,496,0
2021-08-10,38950,39600,38600,39500,128869,5090325500,0.894,-12204,59800,-47959,-39639,-113,434,-6794,0,-1847,52,311,0
2021-08-11,39400,39700,38600,38850,107684,4183523400,-1.6456,36019,11942,-48013,-60091,-673,21,-708,0,13438,-95,147,0
2021-08-12,38950,39550,38750,38950,116876,4552320200,0.2574,-986,25438,-24787,-14449,719,138,578,136,-11909,232,103,0
2021-08-13,38950,41250,38150,40550,263454,10683059700,4.1078,19468,-85788,59504,16243,16552,14691,16416,618,-6065,7613,-797,1049
2021-08-17,41250,42000,39150,41700,526370,21949629000,2.836,-157434,4962,152366,45664,47824,23239,12920,1231,20440,1689,-1583,1048
2021-08-18,41700,41950,40950,41250,140442,5793232500,-1.0791,-15343,3382,11919,-8287,7107,1127,1902,563,9507,-138,180,0
2021-08-19,41000,42350,40200,40450,252796,10225598200,-1.9394,528,-14397,14085,-20531,25606,-1124,3512,2421,3787,-90,-126,414
2021-08-20,40600,41050,38350,39000,226627,8838453000,-3.5847,4766,23120,-25576,253,-2571,-27143,-43,0,3928,-2349,39,0
2021-08-23,39400,40250,38650,39650,123918,4913348700,1.6667,-17740,1518,16525,-859,-884,20472,117,0,-2321,-293,-10,0
2021-08-24,39750,41650,39750,41050,187653,7703155650,3.5309,-35627,41082,-6022,-30546,7386,5019,-2112,313,13918,725,-158,0
2021-08-25,40800,41950,40700,41500,156874,6510271000,1.0962,-18701,-6594,23807,4001,1470,7768,-1484,0,12052,1334,154,0
2021-08-26,41600,42100,40900,41250,107048,4415730000,-0.6024,-810,7638,-7460,-1582,-3363,1101,-374,248,-3490,653,-21,0
2021-08-27,41200,42200,40400,41950,147854,6202475300,1.697,-32985,8318,14148,806,3964,2000,-1316,0,8694,10655,-136,0
2021-08-30,41950,42000,40950,40950,103014,4218423300,-2.3838,30297,-30953,3087,-10891,16838,732,-1847,62,-1807,-2440,9,0
2021-08-31,40850,42000,40500,41650,121779,5072095350,1.7094,-8464,14928,-9061,832,-3800,1482,418,63,-8056,2679,-82,0
2021-09-01,41150,42300,41150,41900,100695,4219120500,0.6002,-3937,17488,-12253,1,-6879,668,-1170,316,-5189,-1198,-100,0
2021-09-02,41600,43300,41600,43000,220451,9479393000,2.6253,-65321,4111,57996,205,36456,6972,5475,1927,6961,3241,-27,0
2021-09-03,43000,43500,42300,42450,104866,4451561700,-1.2791,28882,-27027,-1765,939,2418,200,-219,-1555,-1587,-571,481,-1961
2021-09-06,42300,42750,41700,42200,52917,2233097400,-0.5889,5746,-8301,2775,739,361,-223,72,437,1389,-187,-33,0
2021-09-07,42000,42400,41550,42200,54884,2316104800,0.0,7474,4983,-12055,-2772,-2742,-3564,-121,0,-2856,-901,499,0
2021-09-08,41750,42100,41100,41350,91937,3801594950,-2.0142,-2780,5269,-4528,411,-6159,-1640,163,0,2697,2022,17,0
2021-09-09,41050,41650,40600,40900,110691,4527261900,-1.0883,-14189,22701,-8120,-158,4653,-8,603,0,-13210,-372,-20,0
2021-09-10,40900,42900,40900,42800,135752,5810185600,4.6455,-52569,11103,42524,347,13879,6323,-54,3416,18623,-1088,30,-10
2021-09-13,42700,45200,42150,44850,421706,18913514100,4.7897,-154021,-5574,162454,76944,18223,5223,51667,3000,7431,-1037,-1822,-34
2021-09-14,45100,46250,44500,45950,369845,16994377750,2.4526,-107666,-59647,167754,56292,7167,87207,13146,0,3948,-186,-255,-6
2021-09-15,46000,46700,45050,45500,207845,9456947500,-0.9793,-31903,22929,10370,28800,-16100,2682,-5371,0,359,-1483,87,0
2021-09-16,45400,46200,44550,45200,139312,6296902400,-0.6593,-10751,12055,374,26285,-3074,-7318,1155,0,-16674,-1544,-134,0
2021-09-17,44700,45800,44550,45150,93632,4227484800,-0.1106,-5079,-16099,21710,2255,16641,1961,6183,0,-5330,-172,-360,0
2021-09-23,44750,45250,43950,44800,96696,4331980800,-0.7752,-12623,450,12087,1787,4927,915,-186,0,4644,150,-64,0
2021-09-24,44550,45250,44500,44700,74540,3331938000,-0.2232,-3060,2942,209,1108,-379,-1757,2658,0,-3182,-55,-36,1761
2021-09-27,44750,45500,43950,44800,131147,5875385600,0.2237,-4459,-22807,26369,29479,-1818,665,-1136,0,-821,621,276,0
2021-09-28,44550,45250,43900,44000,92622,4075368000,-1.7857,11369,-17934,7363,160,1037,15044,3911,0,-12789,-690,-108,0
2021-09-29,43300,44850,42750,44300,117099,5187485700,0.6818,-15929,-21195,37305,12281,13963,3167,4529,1324,1070,-298,117,971
2021-09-30,44000,44850,43350,44150,91509,4040122350,-0.3386,16356,-27346,11097,-11103,12752,-341,6079,2000,-1753,-31,-76,3463
2021-10-01,44050,44400,42800,43000,74075,3185225000,-2.6048,-6557,1929,4670,-453,259,-3080,8527,0,-4215,48,-90,3632
2021-10-05,42400,45700,42200,44950,198204,8909269800,4.5349,-52256,-6538,58823,-8015,20974,28132,8646,989,8097,105,-134,0
2021-10-06,45150,45700,43350,43400,140784,6110025600,-3.4483,13649,-14932,1059,1960,13026,2689,-1806,0,-14810,244,-20,0
2021-10-07,44150,46400,44100,44400,179810,7983564000,2.3041,18282,-32854,13614,2321,6924,-12,-387,0,4768,467,491,0
2021-10-08,44550,46100,44550,45800,177652,8136461600,3.1532,-19029,-16882,33794,6756,21981,7940,-6263,0,3380,1694,423,0
2021-10-12,45800,46250,45050,45400,177848,8074299200,-0.8734,-2174,-42149,43651,1677,25481,7595,1585,0,7313,787,-115,0
2021-10-13,45800,46500,45050,46400,161048,7472627200,2.2026,-20798,-27135,47069,3436,14199,6409,556,1058,20731,959,-95,680
2021-10-14,46900,48000,45150,45850,197885,9073027250,-1.1853,7792,5531,-13775,6024,-220,-31744,446,0,10815,131,321,904
2021-10-15,45850,46550,45050,46200,174445,8059359000,0.7634,8503,-2594,-8542,-10221,-4121,-8185,-409,0,14394,2748,-115,0
2021-10-18,46200,47300,45600,46200,131903,6093918600,0.0,15578,-12430,-4712,5298,6968,-3578,2123,0,-15523,1021,543,0
2021-10-19,46650,46700,45250,45500,105323,4792196500,-1.5152,8178,10827,-17087,1482,-3652,-5958,-8714,13,162,-2589,671,-420
2021-10-20,45700,45750,44100,44150,140062,6183737300,-2.967,21448,-9753,-11857,836,-169,-15184,-4694,0,7354,506,-344,0
2021-10-21,44450,46150,44150,45250,215024,9729836000,2.4915,-13089,-22204,36375,-5921,29923,2625,1237,0,8511,268,-1350,0
2021-10-22,46000,46250,44750,45850,119952,5499799200,1.326,-4138,-21352,25394,-15656,39125,2229,-134,0,-170,14,82,0
2021-10-25,45850,47450,45050,46050,159871,7362059550,0.4362,-1577,-7431,9136,931,12087,-7889,1208,0,2799,-31,-97,0
2021-10-26,46050,46550,45600,46000,78467,3609482000,-0.1086,10118,-19626,10327,591,6000,-52,4064,0,-276,-769,-50,0
2021-10-27,46000,46800,45500,46100,92906,4282966600,0.2174,-1168,17186,-15985,-7603,-1142,-1277,-1832,0,-4131,69,-102,0
2021-10-28,46250,46500,45450,45650,84835,3872717750,-0.9761,-251,24065,-24010,-12885,-2667,-5844,622,0,-3236,-26,222,0
2021-10-29,45300,45550,44250,44650,117612,5251375800,-2.1906,15468,20554,-36928,-32933,-3058,115,-777,0,-275,342,564,0
2021-11-01,44750,45100,43350,43650,98525,4300616250,-2.2396,9418,13405,-22434,-23378,-1963,-11991,954,0,13944,68,-457,0
2021-11-02,43650,44200,43100,43500,112478,4892793000,-0.3436,19567,1950,-21411,-24142,-2750,-14171,-1502,0,21154,-100,-6,0
2021-11-03,43200,43950,43150,43550,87514,3811234700,0.1149,9043,20653,-29434,-19161,5872,-12751,5225,0,-8619,-268,6,0
2021-11-04,43350,44700,43350,43800,102540,4491252000,0.5741,-8178,18346,-10634,-34580,7062,-1911,3215,0,15580,488,-22,0
2021-11-05,43400,44050,42900,43550,98816,4303436800,-0.5708,1575,29817,-29903,-16173,-2151,-11970,-1277,0,1668,-1487,-2,0
2021-11-08,43550,45600,42900,45200,143398,6481589600,3.7887,-30719,17963,12231,5585,-1157,507,5483,0,1813,992,-467,0
2021-11-09,45650,45650,44600,45350,68714,3116179900,0.3319,-5965,498,7476,5200,-10863,4,138,0,8405,-2005,-4,4592
2021-11-10,44800,45600,43950,44550,95032,4233675600,-1.7641,8745,14283,-23908,3365,-3199,-29685,1616,0,-1913,867,13,5908
2021-11-11,44150,44350,41900,42300,200639,8487029700,-5.0505,60525,7810,-68664,-15053,-6361,-51674,-4130,-882,-2364,-148,477,11800
2021-11-12,42650,45700,42250,44500,224338,9983041000,5.2009,-13074,-37672,51190,13614,-651,14197,10955,0,13075,-957,513,0
2021-11-15,45450,45600,43700,44950,151436,6807048200,1.0112,15890,18936,-34788,646,-34773,-9014,162,-171,8362,419,-457,0
2021-11-16,44600,46900,44450,46700,248762,11617185400,3.8932,-53102,45417,9223,16041,2824,16358,2360,0,-28360,-761,-777,0
2021-11-17,46750,48500,45500,45650,194938,8898919700,-2.2484,8529,13706,-22327,8937,2721,-15587,-929,0,-10169,293,-201,-7300
2021-11-18,45650,45950,43900,44300,171619,7602721700,-2.9573,23331,15630,-36055,5037,-4356,-23140,525,0,879,-2310,-596,-15000
2021-11-19,44300,44700,43500,44000,74984,3299296000,-0.6772,9323,-912,-8441,-291,-7291,191,-1545,0,495,-301,331,0
2021-11-22,43550,44500,43250,44050,102043,4494994150,0.1136,-2032,11776,-8980,-17313,4671,5577,-5396,0,3481,-784,20,0
2021-11-23,43650,44450,43500,43600,83218,3628304800,-1.0216,4191,9709,-13187,8459,-9080,669,-2533,-817,-9331,-526,-187,-554
2021-11-24,43350,43550,41600,42050,163933,6893382650,-3.555,58115,-12855,-46770,3209,-28817,-3476,-10765,0,-6921,852,658,0
2021-11-25,42050,42050,40050,40800,208338,8500190400,-2.9727,61476,18333,-81353,-29573,-11023,-21167,-14488,-739,-3774,1374,170,-589
2021-11-26,40550,41250,39000,39450,207491,8185519950,-3.3088,37240,30423,-69892,-8841,-19797,-24672,-7319,0,-9263,1689,540,0
2021-11-29,38200,39650,38100,38400,172159,6610905600,-2.6616,21257,24095,-43372,-6921,-34186,1647,-12072,-1918,11557,-2441,461,-1479
2021-11-30,38500,39350,38200,38750,184319,7142361250,0.9115,-12537,7820,3638,6386,6932,1712,1927,635,-13954,1097,-18,0
2021-12-01,39000,39300,37950,39250,116223,4561752750,1.2903,-2860,-554,2173,1702,-8192,6660,1241,0,762,1168,73,0
2021-12-02,38500,39950,38150,39750,99990,3974602500,1.2739,-171,10324,-11738,250,-1916,-640,-7104,0,-1599,1584,1,-729
2021-12-03,40050,40650,39600,40500,109979,4454149500,1.8868,-10561,26936,-15759,-136,-22035,11490,-246,0,-7291,-220,-396,2459
2021-12-06,40550,40600,39650,40200,50143,2015748600,-0.7407,-1728,10179,-8239,-1719,-2088,-3942,80,0,-570,-85,-127,0
2021-12-07,40350,42050,40100,41850,158840,6647454000,4.1045,-44705,-16481,61143,12462,9315,18474,3650,0,17242,-48,91,0
2021-12-08,42250,42400,41150,41200,75212,3098734400,-1.5532,-5933,-18775,27663,-1080,2199,28,12549,0,13967,-2945,-10,0
2021-12-09,41100,45900,40950,45400,575308,26118983200,10.1942,-78509,-27605,107033,31673,-7791,31885,9192,0,42742,-842,-77,-668
2021-12-10,44900,46850,44800,45250,333852,15106803000,-0.3304,-106516,10602,97289,59720,-7791,-1842,36487,355,9797,-31,-1344,563
2021-12-13,45250,45600,43800,43800,132362,5797455600,-3.2044,-10857,14184,-2987,1143,-8084,-16153,4448,-270,16748,-293,-47,-819
2021-12-14,43800,44400,43200,44000,106639,4692116000,0.4566,-2365,10588,-8395,-148,6617,-15112,10369,0,-10121,172,0,0
2021-12-15,43650,44650,43250,44000,81299,3577156000,0.0,-7343,-15385,22770,344,10507,11189,6947,1178,-7395,-42,0,0
2021-12-16,42800,44600,42800,44150,116046,5123430900,0.3409,-15628,-957,17839,10295,2890,1097,2158,0,1399,-1192,-62,0
2021-12-17,43850,45550,43400,44750,119577,5351070750,1.359,-41530,3333,38661,27400,2857,-395,5727,0,3072,276,-740,0
2021-12-20,44050,45000,42200,43850,81145,3558208250,-2.0112,-17165,1995,15487,8151,1091,-13,1464,0,4794,-66,-251,0
2021-12-21,44750,44750,43300,43650,81435,3554637750,-0.4561,-3618,-12170,14850,507,-7059,197,-7419,0,29606,1689,-751,-982
2021-12-22,43500,44350,43300,43950,42325,1860183750,0.6873,3150,5148,-8408,4724,602,85,-9023,0,-3940,110,0,-856
2021-12-23,43550,44100,43100,43450,56044,2435111800,-1.1377,8098,5715,-13860,-655,-18989,597,-1439,0,6626,51,-4,0
2021-12-24,43300,43900,43050,43300,76647,3318815100,-0.3452,-16246,4163,10679,4470,-7333,4605,2666,-1500,11577,1404,0,-3806
2021-12-27,43900,43950,42850,43350,44823,1943077050,0.1155,-8828,14040,-5906,2231,-7725,-58,1762,-2000,-116,693,1,0
2021-12-28,43800,44350,43200,44200,107648,4758041600,1.9608,-35459,19633,15439,17993,-13684,-4558,2678,-3500,16510,387,0,0
2021-12-29,43900,43900,43250,43800,63065,2762247000,-0.905,8716,13905,-22905,5948,-8854,33,-3584,-3058,-13390,226,58,0
2021-12-30,43200,44100,43000,43650,64546,2817432900,-0.3425,4777,1109,-6186,8685,5327,-1247,20,0,-18971,300,0,0
2022-01-03,43200,44350,43050,44150,67908,2998138200,1.1455,-8724,27304,-18719,8025,-18998,624,-783,1041,-8628,139,0,0
2022-01-04,44000,44950,43450,44600,75563,3370109800,1.0193,5370,7030,-12925,3180,-5084,5138,-211,0,-15963,520,5,15
2022-01-05,44300,46300,44100,46050,240498,11074932900,3.2511,-55224,49147,555,14775,-4125,2332,4918,0,-17345,5449,73,0
2022-01-06,46100,48700,45600,47750,415685,19848958750,3.6916,-119994,3406,101365,22860,31562,26060,-3214,-1533,25630,15178,45,0
2022-01-07,46850,49200,46400,47300,224745,10630438500,-0.9424,-17271,-19344,41399,2829,20884,13315,3504,0,867,-4554,-230,0
2022-01-10,47050,49550,47050,48400,279810,13542804000,2.3256,9627,-51799,37166,-504,16790,16957,-1563,0,5486,3792,1214,0
2022-01-11,48450,49150,47100,47100,124449,5861547900,-2.686,-5425,-8061,10730,1256,-3490,16732,-1763,0,-2005,2758,-2,0
2022-01-12,46600,47950,46250,46700,145434,6791767800,-0.8493,-41075,27217,17551,302,-325,1883,7205,0,8486,-3711,18,0
2022-01-13,47900,50200,47350,47750,403410,19262827500,2.2484,8414,-17256,8421,15167,-1617,72531,-11929,0,-65731,538,-117,0
2022-01-14,47950,48300,47000,47600,132824,6322422400,-0.3141,2888,147,-3244,19688,-6060,-5091,3434,805,-16531,71,138,511
2022-01-17,47200,48600,46900,47250,91325,4315106250,-0.7353,-3620,-11758,15345,10778,-986,2840,5080,0,-2367,-59,92,0
2022-01-18,47250,49600,47150,47900,169662,8126809800,1.3757,-26200,10599,13374,37538,-28057,3369,-834,232,-390,2227,0,1516
2022-01-19,48050,50900,47800,49350,221307,10921500450,3.0271,-26036,-7924,28781,9029,9480,2897,6181,-4875,6069,5374,-195,0
2022-01-20,49950,50200,48500,48850,102277,4996231450,-1.0132,15830,-108,-15757,-6852,-90,-8313,621,0,-1123,58,-23,0
2022-01-21,48400,48400,47250,48050,102524,4926278200,-1.6377,-16366,12708,6819,-418,7508,4190,-5727,0,1266,-3141,-20,0
2022-01-24,48000,48550,46950,47450,120668,5725696600,-1.2487,-13057,-15338,28584,6309,20399,994,-21271,0,22153,-223,34,0
2022-01-25,47100,47850,45500,46450,132317,6146124650,-2.1075,-5818,-6141,14168,-879,9284,6290,-3582,0,3055,-264,-1945,0
2022-01-26,46900,47250,45050,45350,136498,6190184300,-2.3681,-3758,34479,-28350,-19098,2493,-192,-8895,0,-2658,-2371,0,0
2022-01-27,45350,45350,43250,44000,134807,5931508000,-2.9768,-4142,22953,-18860,-23935,1060,3344,-4269,0,5146,31,18,-206
2022-01-28,43700,46550,43700,46500,181812,8454258000,5.6818,-26784,-7192,33610,-163,19374,14659,7317,0,-7577,396,-30,0
2022-02-03,47200,48050,45950,47350,153068,7247769800,1.828,-23542,-8089,31654,22203,-387,8744,1616,0,-522,127,-150,0
2022-02-04,47000,48150,46250,47350,109841,5200971350,0.0,18317,-5432,-13383,10410,-8150,-4511,-5910,0,-5222,463,35,0
2022-02-07,47100,48600,46750,47700,102884,4907566800,0.7392,-2788,6318,-3776,-1675,5560,-357,3121,0,-10425,169,77,0
2022-02-08,48200,49550,47200,47850,128340,6141069000,0.3145,6282,13570,-19641,1414,1663,-29848,4880,0,2250,-185,-26,0
2022-02-09,48600,48600,47450,48100,68495,3294609500,0.5225,4410,7431,-11810,1448,-1906,-12504,-1230,0,2382,-50,19,0
2022-02-10,47600,49500,47600,48100,154756,7443763600,0.0,4534,9420,-13948,11907,179,-23113,2864,0,-5785,0,-6,0
2022-02-11,47500,48100,45300,45750,202951,9285008250,-4.8857,22459,33355,-48748,-1408,-12273,-17487,-2116,0,-14704,-7183,117,-760
2022-02-14,45600,46150,44550,45150,99608,4497301200,-1.3115,-9991,24154,-14104,274,-767,-15211,41,0,2099,20,-79,-540
2022-02-15,45200,45300,42950,43500,205778,8951343000,-3.6545,19967,65627,-78992,-17144,-35367,-23395,-2129,0,-957,-7242,640,0
2022-02-16,44050,44250,43100,43550,135363,5895058650,0.1149,42050,5727,-46828,1046,-15753,-19907,-15288,0,3074,-955,6,0
2022-02-17,43800,44550,43150,43750,122804,5372675000,0.4592,-9333,1677,7650,2841,3136,-3107,-883,0,5553,-108,114,110
2022-02-18,43550,43750,42900,43250,79230,3426697500,-1.1429,22204,-5834,-16005,-129,-12371,-1873,-3614,5000,-3018,-357,-8,0
2022-02-21,42850,42850,41550,42000,199455,8377110000,-2.8902,59348,31270,-91172,-11028,-41514,-37163,-2116,2000,-1351,205,349,0
2022-02-22,41600,41850,40600,40900,145207,5938966300,-2.619,34651,-6959,-25643,-19696,-9976,-823,-2413,13000,-5735,-2071,22,0
2022-02-23,41100,42500,41050,42450,116058,4926662100,3.7897,-20190,-25762,46107,24453,10491,183,3791,0,7189,-167,12,0
2022-02-24,42000,42050,40600,41050,109936,4512872800,-3.298,28364,-3774,-25465,291,-11580,1734,-1835,0,-14075,234,641,0
2022-02-25,41750,41900,40900,41500,88383,3667894500,1.0962,13527,-7375,-6472,-858,-6761,125,4693,-8356,4685,-80,400,0
2022-02-28,41400,42800,40850,42500,145241,6172742500,2.4096,3232,-36862,33122,27752,5942,-830,2766,0,-3544,-86,594,1036
2022-03-02,42500,43150,42250,42600,108768,4633516800,0.2353,7444,-17134,9660,131,4765,238,-2003,0,6529,-32,62,0
2022-03-03,42650,43050,40300,42500,105926,4501855000,-0.2347,22183,6710,-29363,-5615,-17453,-2120,-2627,-1173,-375,162,308,0
2022-03-04,42550,42750,41550,41900,89311,3742130900,-1.4118,12310,7348,-20169,9561,-20464,572,-3482,-2771,-3585,281,230,0
2022-03-07,41000,41500,40100,40200,143273,5759574600,-4.0573,50714,-21776,-23837,5889,-3556,-16363,535,0,-10342,-5744,643,0
2022-03-08,39900,39900,39250,39300,103577,4070576100,-2.2388,29715,-5303,-25016,317,-22359,-1795,3130,0,-4309,158,446,0
2022-03-10,40500,40500,39000,39300,180746,7103317800,0.0,59173,-44226,-16272,-3298,-6786,-12833,-1530,1000,7175,7,1318,0
2022-03-11,41800,43500,41600,43100,517629,22309809900,9.6692,-64099,-7211,68788,34295,7836,19811,10802,0,-4173,3884,-1362,217
2022-03-14,43750,44550,43250,43850,254572,11162982200,1.7401,-17341,-28114,46428,31292,9803,16323,1311,-1000,-11301,-924,-49,0
2022-03-15,44000,46500,43900,45100,317376,14313657600,2.8506,-26803,-35684,62963,15950,-265,53682,1253,0,-7825,686,-1162,168
2022-03-16,45500,45750,44450,45050,155687,7013699350,-0.1109,-4796,-9920,13441,3819,-3804,9278,-1473,0,5621,996,279,0
2022-03-17,45350,45600,43950,44550,167437,7459318350,-1.1099,27984,-12226,-15470,6763,-10544,-5621,-2937,0,-3131,220,-508,0
2022-03-18,44450,44850,43800,44850,105127,4714945950,0.6734,981,-1816,882,-8673,11854,-1792,-2245,0,1738,0,-47,0
2022-03-21,44700,45600,44000,44850,102467,4595644950,0.0,1189,21440,-22151,-27999,7033,-2012,1955,0,-1128,-30,-448,0
2022-03-22,45250,45450,43550,44800,90216,4041676800,-0.1115,-8670,19674,-11307,-14398,2117,-4212,-321,-1693,7200,424,-121,0
2022-03-23,44900,45200,44000,44650,117912,5264770800,-0.3348,3647,34009,-34203,-28850,-7261,-927,-1792,0,4627,-3454,1,0
2022-03-24,44650,47800,44200,47350,274117,12979439950,6.047,-82516,-13651,93454,4119,43700,5411,20467,0,19757,2136,577,0
2022-03-25,46850,48500,46850,47500,192634,9150115000,0.3168,-17988,20518,-1809,-5027,6224,-3363,76,0,281,-151,-570,0
2022-03-28,47250,49000,47050,48300,220521,10651164300,1.6842,-8326,-16329,21002,-3140,7294,6513,6010,0,4325,3132,521,0
2022-03-29,48350,48750,47400,47400,127986,6066536400,-1.8634,5025,-11313,6427,-6636,-5079,11425,-2740,0,9457,-90,-49,0
2022-03-30,47750,48850,47350,48000,187276,8989248000,1.2658,17631,-4901,-10616,-1144,719,-6006,-1558,-13000,9266,-785,-1329,1107
2022-03-31,47750,48150,46900,47600,117359,5586288400,-0.8333,2982,6465,-9970,-3641,-12288,-98,1516,0,4541,516,7,0
2022-04-01,47000,48400,46850,47800,106532,5092229600,0.4202,-2107,10809,-8699,-5149,3957,-2743,3992,0,-8756,-2,-1,0
2022-04-04,48000,50400,47750,49900,239483,11950201700,4.3933,-25392,-15991,40350,6797,6179,13399,7834,39,6102,652,381,0
2022-04-05,49300,52400,49300,52400,260613,13656121200,5.01,-46342,-3207,44736,12866,1038,43040,6535,0,-18930,4930,-117,187
2022-04-06,52400,53000,50900,51200,176457,9034598400,-2.2901,14413,3431,-18395,-6086,7544,-22402,3487,0,-938,535,16,0
2022-04-07,50300,51100,49650,50700,168515,8543710500,-0.9766,-1021,14535,-15056,-923,-1274,-13360,1736,0,-1235,1530,12,0
2022-04-08,50500,51100,49850,50500,86199,4353049500,-0.3945,-3894,6141,-2845,2724,-3228,-662,236,0,-4171,595,3,2256
2022-04-11,49900,50900,49750,50500,143817,7262758500,0.0,438,55938,-54382,10140,-6637,-56355,-1070,19,1415,-1951,-43,-1894
2022-04-12,50700,50700,49600,50300,112578,5662673400,-0.396,-14736,1394,13274,8073,3231,3928,-102,0,-1856,10,58,0
2022-04-13,50700,51100,49950,50900,79566,4049909400,1.1928,59,-22403,20366,12981,389,0,2068,0,4928,2079,-101,0
2022-04-14,51000,51600,50300,50800,90058,4574946400,-0.1965,5391,-11097,6271,-8,-1024,4080,-2452,0,5675,-415,-150,0
2022-04-15,50100,50700,48900,49350,130443,6437362050,-2.8543,13762,36257,-53685,904,-7894,-31169,-9010,0,-6516,3632,34,0
2022-04-18,49400,50200,49000,50000,81103,4055150000,1.3171,-15585,27396,-12678,-11504,-4102,-297,-476,0,3701,802,65,0
2022-04-19,49800,50200,49250,50000,82065,4103250000,0.0,-6695,20149,-13469,-910,-9649,-3860,-7099,0,8049,15,0,0
2022-04-20,49450,50200,49250,49500,79397,3930151500,-1.0,3851,10936,-15362,-2083,-5486,-286,-2576,0,-4931,575,0,0
2022-04-21,50200,50700,49450,49850,96688,4819896800,0.7071,-17334,11565,5907,4092,60,-4918,-256,0,6929,-127,-11,0
2022-04-22,49300,49950,49250,49850,74328,3705250800,0.0,-1920,21421,-19506,-12956,-1080,5699,-162,0,-11007,0,5,0
2022-04-25,49000,49400,45800,46500,371633,17280934500,-6.7202,43000,75070,-117576,-52183,-39182,-19037,-7469,0,475,-531,37,-180
2022-04-26,47100,48750,46400,48150,179447,8640373050,3.5484,-44042,24757,20471,32279,-2543,2828,3339,0,-15813,-1185,-1,381
2022-04-27,46300,49500,46300,48050,153137,7358232850,-0.2077,-25211,14457,12074,-19001,14792,11444,8351,376,-3888,-1311,-9,0
2022-04-28,48000,48650,47600,47950,72536,3478101200,-0.2081,-226,2186,3045,-543,3763,6059,-3814,0,-2420,-4985,-20,0
2022-04-29,48000,48600,47500,48000,71388,3426624000,0.1043,5880,135,-6015,-6642,-3432,-1225,-358,0,5642,0,0,0
2022-05-02,48050,48450,47450,48000,53147,2551056000,0.0,-3547,2888,852,-749,8044,-5039,-2056,0,652,-193,0,0
2022-05-03,47750,48200,47200,47450,70062,3324441900,-1.1458,8258,17437,-25700,-748,-16127,-5840,-526,0,-2459,5,0,0
2022-05-04,47450,47800,47100,47450,50506,2396509700,0.0,-12371,16769,-3613,58,985,-8476,-399,0,4219,0,-785,0
2022-05-06,47350,47350,45400,45950,133624,6140022800,-3.1612,12787,21627,-31419,-11707,-13082,61,-10606,0,3915,-2915,-80,0
2022-05-09,45500,45850,44150,45350,117426,5325269100,-1.3058,1012,23752,-24906,6544,-14325,-5589,-9837,0,-1400,36,106,-299
2022-05-10,45300,46900,43600,45950,127259,5847551050,1.323,9476,-4487,-6829,-6502,8780,-2613,-756,8,-5292,1730,110,-454
2022-05-11,45450,45700,44850,45150,60787,2744533050,-1.741,5319,-18342,10635,14741,-1459,3761,-1140,0,-5268,2372,16,0
2022-05-12,44650,44950,43850,44100,87491,3858353100,-2.3256,-3947,15375,-11477,-440,-3918,5954,131,0,-13204,4,45,0
2022-05-13,44450,45300,43850,45200,50512,2283142400,2.4943,-4741,-15339,20182,2950,348,3591,2308,0,10107,-102,0,878
2022-05-16,45200,48750,45200,48250,393973,19009197250,6.7478,28747,-51476,22819,-1853,12479,1278,4821,0,5966,32,-122,128
2022-05-17,48250,51100,47450,48550,341134,16562055700,0.6218,63072,-57723,-5384,30995,-6288,-9170,-7891,1928,-17498,79,-44,2540
2022-05-18,49050,50700,48800,50400,159365,8031996000,3.8105,-21428,2966,18494,24095,-2725,6077,2715,320,-12367,-56,24,379
2022-05-19,48850,48850,45450,46250,413223,19111563750,-8.2341,172927,-33402,-142039,-32653,-28963,-23734,-7648,2692,-50044,2319,195,-1689
2022-05-20,46600,47500,45750,47250,152240,7193340000,2.1622,-31538,11298,19085,4150,-1591,-809,3049,502,13356,1134,21,428
2022-05-23,47300,47300,45850,46450,89354,4150493300,-1.6931,18565,-1684,-16374,7454,-10861,-14313,-131,452,1025,-719,212,0
2022-05-24,46450,46750,44650,44950,118935,5346128250,-3.2293,21626,12298,-33889,-3785,-9012,-10766,-8603,0,-1723,-71,36,0
2022-05-25,45300,45850,44600,45600,177051,8073525600,1.4461,-3145,54954,-51970,-54783,10511,-24362,2070,0,14594,156,5,0
2022-05-26,45750,46600,44950,45300,141849,6425759700,-0.6579,-4269,11893,-5925,3554,14000,-22567,1195,0,-2107,-1710,11,0
2022-05-27,46050,47300,45850,46350,249505,11564556750,2.3179,-55806,-20174,86541,-2235,10429,809,6666,374,70119,-10363,-198,379
2022-05-30,47000,47550,46600,46900,72540,3402126000,1.1866,-2280,5696,-1500,-8510,7651,-3748,1975,0,1132,-1915,-1,0
2022-05-31,46900,47750,46250,46500,85672,3983748000,-0.8529,5584,11768,-17894,-6117,562,-821,-1097,0,-10421,548,-6,0
2022-06-02,45950,46850,45700,46600,68602,3196853200,0.2151,-1114,17520,-16438,-1154,2570,853,-6212,0,-12495,22,10,0
2022-06-03,47000,48150,46450,47100,150556,7091187600,1.073,17024,28765,-45759,-52401,5648,-3456,363,0,4087,-30,0,0
2022-06-07,47100,47450,46000,46650,86112,4017124800,-0.9554,-9479,13515,-4188,-3671,3111,691,-547,0,-3772,125,27,0
2022-06-08,46600,47200,46350,46700,62743,2930098100,0.1072,-7164,-5472,12604,3624,-2195,11259,72,0,-156,10,22,0
2022-06-09,46750,47550,45950,47450,137643,6531160350,1.606,-29659,-14877,43625,18899,1113,129,2403,0,21083,-37,948,-2
2022-06-10,47050,47750,46550,46700,91116,4255117200,-1.5806,3282,-20452,17163,22344,-2498,3349,955,1437,-8424,-14,21,0
2022-06-13,45500,45950,43900,43950,121187,5326168650,-5.8887,24945,8102,-33204,9432,-18156,-2883,-17484,0,-4113,149,8,0
2022-06-14,43950,44000,41750,42800,182675,7818490000,-2.6166,691,16482,-17497,-8474,-3791,4796,-3673,604,-6959,72,252,0
2022-06-15,43250,43650,42150,42500,102977,4376522500,-0.7009,3017,3982,-7047,-18446,3791,1734,5435,0,439,-2,50,0
2022-06-16,42600,43650,42400,42750,95864,4098186000,0.5882,3193,19718,-22802,-15523,15361,379,-391,0,-20628,-39,-70,-2000
2022-06-17,41200,42450,40650,41500,154549,6413783500,-2.924,23404,997,-24782,-22089,477,3377,-2383,2877,-7041,359,22,0
2022-06-20,41850,42500,39950,40600,58819,2388051400,-2.1687,2589,746,-3824,-4689,-3970,-4455,-35,0,11146,35,454,-1821
2022-06-21,40700,41350,40100,41000,58324,2391284000,0.9852,4273,-10398,6746,-6205,-330,-2593,2840,851,12183,-621,0,0
2022-06-22,41200,41200,39150,39450,105024,4143196800,-3.7805,3515,-11001,6880,1718,7342,53,59,-48,-2244,605,1,0
2022-06-23,39800,41100,39150,39250,149912,5884046000,-0.507,1248,-50001,49984,6911,-838,3224,2554,466,36282,-1231,0,1385
2022-06-24,39450,41250,39450,40700,103255,4202478500,3.6943,-10476,-15881,25975,-5174,2771,6057,4797,71,17453,161,221,0
2022-06-27,41100,41900,40350,40600,163082,6621129200,-0.2457,24224,-17125,-8313,2688,-5047,-2821,-6194,0,3061,430,784,0
2022-06-28,40700,40900,39900,40500,84032,3403296000,-0.2463,12452,-10893,-2035,-3909,208,-5625,-4068,0,11359,164,312,0
2022-06-29,39750,39800,38800,39150,113918,4459889700,-3.3333,32393,-5889,-26393,-8590,-7518,-13679,-1027,0,4421,-232,121,0
2022-06-30,39100,39350,38250,38400,115542,4436812800,-1.9157,5868,15599,-22643,-11618,-1269,-5850,201,0,-3708,1153,23,-399
2022-07-01,38550,39900,38550,39150,102647,4018630050,1.9531,-28612,23926,5450,-925,-635,-1435,3340,0,5105,-761,-3,0
2022-07-04,39150,39200,37550,38350,87929,3372077150,-2.0434,3572,-28,-2557,-4892,-3331,1146,-316,0,4836,-32,-955,0
2022-07-05,38800,39000,37700,38650,84321,3259006650,0.7823,10279,-5905,-4186,458,-11432,1392,2357,583,2456,-188,0,0
2022-07-06,38350,40550,38300,39500,120296,4751692000,2.1992,-19687,9532,10654,-384,3641,9868,7153,0,-9624,-411,-88,0
2022-07-07,39950,40000,38600,39650,125709,4984361850,0.3797,27553,-7792,-19894,-21584,-7677,1781,268,0,7318,78,55,0
2022-07-08,40200,40400,39650,39650,90101,3572504650,0.0,1442,12417,-13747,-8055,-8190,3210,876,0,-1588,-143,31,0
2022-07-11,39400,39650,38450,38500,117734,4532759000,-2.9004,10904,3204,-14612,-9305,-2323,678,-2974,0,-688,85,419,0
2022-07-12,38750,38850,36900,37300,91490,3412577000,-3.1169,11455,10108,-21706,-19221,-300,1071,552,0,-3808,18,125,0
2022-07-13,37550,37900,36900,37750,59485,2245558750,1.2064,-2765,14850,-12073,1298,-4786,-7933,-4724,0,4072,-52,40,0
2022-07-14,37200,38200,37150,37900,80343,3044999700,0.3974,-539,30339,-29783,-13414,-148,41,-1053,0,-15209,-18,1,0
2022-07-15,38100,38150,36650,37100,102299,3795292900,-2.1108,21732,-13044,-8754,1464,-6281,209,2813,254,-7213,50,16,0
2022-07-18,37450,38150,37150,38100,84183,3207372300,2.6954,-10797,34042,-23176,-17442,-2019,-750,142,0,-2423,-11,-58,-684
2022-07-19,38250,39550,38150,39350,110041,4330113350,3.2808,-17969,3646,14420,-1687,-1055,-1852,17335,614,1065,-40,-57,0
2022-07-20,40600,40850,39550,40100,107103,4294830300,1.906,22485,-29452,7006,3645,2846,5093,1481,0,-6059,-24,-15,0
2022-07-21,39500,40300,39500,39900,46395,1851160500,-0.4988,-1809,3756,-1852,-6582,904,-352,7697,73,-3592,86,-181,0
2022-07-22,40000,40150,39300,39700,52176,2071387200,-0.5013,5590,5578,-11219,-1308,-2056,-108,-2281,0,-5466,50,1,0
2022-07-25,39350,40200,39350,40100,47196,1892559600,1.0076,-3969,12886,-8925,-10532,-1669,-16,495,0,2797,0,8,0
2022-07-26,39600,40700,39600,40650,65497,2662453050,1.3716,-3327,7888,-4548,-3757,2609,-331,213,494,-3776,-11,-2,0
2022-07-27,40700,40850,39850,40150,60326,2422088900,-1.23,10553,6169,-16732,-11195,-8060,-404,-2967,0,5894,10,0,0
2022-07-28,40400,41450,40050,40250,54218,2182274500,0.2491,-1774,7459,-5676,-34,790,-508,-225,0,-5699,-7,-2,0
2022-07-29,41250,41250,40150,40350,80621,3253057350,0.2484,-14560,19777,-6718,-14263,-1476,-101,1186,0,7936,1,1500,0
2022-08-01,40350,40800,39950,40200,43124,1733584800,-0.3717,5938,-46,-6040,636,-1654,-175,-3227,0,-1620,186,-38,0
2022-08-02,39950,40250,39150,39350,78921,3105541350,-2.1144,17477,-6333,-12341,-3199,-418,-125,-602,0,-7997,244,953,0
2022-08-03,39350,40050,39300,39400,48580,1914052000,0.1271,9807,3286,-13208,-4091,-2955,-2065,-3855,0,-242,113,2,0
2022-08-04,39700,41050,39700,40850,120927,4939867950,3.6802,-29386,15638,14125,-2301,2587,2257,11732,0,-150,-374,-3,0
2022-08-05,41100,44100,40950,43900,246776,10833466400,7.4663,-97863,6185,92869,63063,1963,10678,10934,74,6157,-100,-1091,0
2022-08-08,43450,43500,42100,42250,107926,4559873500,-3.7585,29284,-39846,10147,6896,-629,-44,6958,0,-3034,164,251,0
2022-08-09,41850,42950,41850,42400,60615,2570076000,0.355,1716,-11342,9873,766,3732,-627,1214,0,4788,28,-275,0
2022-08-10,42300,42550,40700,40850,89687,3663713950,-3.6557,8244,203,-9279,-4797,-4440,-1018,-455,0,1431,643,189,0
2022-08-11,41500,42300,41400,42250,102231,4319259750,3.4272,-13878,-15207,29689,3061,2629,715,1896,0,21388,-630,26,0
2022-08-12,42100,42250,41000,41600,98797,4109955200,-1.5385,28871,-22044,-7018,-9347,-13,-1467,-826,0,4635,179,12,0
2022-08-16,42000,44850,41200,44000,313017,13772748000,5.7692,34983,5793,-40587,-4767,-13563,4438,-14705,0,-11990,-150,-39,0
2022-08-17,45000,47250,44450,46000,521209,23975614000,4.5455,-107848,56956,51818,-2366,33106,23387,-13348,-24,11063,-449,-477,0
2022-08-18,45550,47850,45400,47100,254379,11981250900,2.3913,-68559,30541,36926,19647,13258,7845,8296,-422,-11776,1020,72,78
2022-08-19,47150,48150,46900,46900,181164,8496591600,-0.4246,-30656,79409,-48305,-839,-2583,-24543,-1021,-403,-18783,-463,15,-133
2022-08-22,45900,46650,45000,45600,130942,5970955200,-2.7719,-15788,30388,-14683,-1784,-14212,-3098,-1924,0,6335,93,-10,0
2022-08-23,45550,45600,43750,43800,140172,6139533600,-3.9474,13393,-10858,-2736,12922,2540,-12282,-14835,0,8919,401,-200,0
2022-08-24,43800,44300,43000,43900,86671,3804856900,0.2283,12162,2616,-14836,1319,-1963,-11002,-755,70,-2526,-83,141,21
2022-08-25,44250,44650,43900,44350,80076,3551370600,1.0251,-5599,2702,1624,-5102,7014,421,-273,0,-368,1283,-10,-68
2022-08-26,44400,44850,43950,44650,65312,2916180800,0.6764,-3385,8052,-2963,-3179,574,-717,-1634,0,1993,-1460,-244,0
2022-08-29,42650,43450,42100,42900,105145,4510720500,-3.9194,7019,-31581,24079,35899,-975,268,-374,0,-10739,123,360,0
2022-08-30,43250,44250,42700,43850,63430,2781405500,2.2145,-1405,-2390,2946,5906,3679,510,-3055,-250,-3844,849,0,0
2022-08-31,44150,44900,43600,44600,71382,3183637200,1.7104,5355,-10240,4731,628,10677,1185,2594,0,-10353,164,-10,0
2022-09-01,43950,44300,42700,42750,81380,3478995000,-4.148,11626,-7643,-4401,12538,-1923,-1547,-1223,0,-12246,134,284,0
2022-09-02,43300,45000,43050,44050,123447,5437840350,3.0409,-23233,7441,15747,5293,14414,-309,-159,0,-3492,47,-2,0
2022-09-05,44200,44800,43500,43800,50111,2194861800,-0.5675,-7070,3088,3872,4074,-1164,-442,-2088,0,3492,48,62,0
2022-09-06,44200,44250,43400,43900,44133,1937438700,0.2283,3071,-2246,-925,-3942,431,746,2548,0,-308,50,50,-400
2022-09-07,43300,43700,42300,43450,75675,3288078750,-1.0251,-2204,-4618,8078,240,6318,611,2290,0,-1381,-1277,21,0
2022-09-08,44000,46800,43950,46100,234401,10805886100,6.099,-76002,-16299,92932,39822,30142,5750,16035,-1098,2281,243,-874,0
2022-09-13,46350,47450,45950,46800,137209,6421381200,1.5184,-34936,7925,27064,14445,567,1317,-1760,-884,13379,-53,0,0
2022-09-14,45750,47100,45200,46600,93830,4372478000,-0.4274,-6198,20366,-13007,-2145,-597,136,-1639,-916,-7846,-1150,-11,0
2022-09-15,47050,47750,46500,46950,88092,4135919400,0.7511,203,-9011,8806,13176,1603,-412,-1094,-637,-3557,32,-30,-273
2022-09-16,46700,47300,45950,46550,80535,3748904250,-0.852,3756,14917,-18674,-6951,-6883,-895,-2056,-46,-1811,1,0,-32
2022-09-19,46550,49050,46550,48000,230060,11042880000,3.1149,-4915,-16067,20669,3863,6462,5929,9447,110,-5142,2484,-2171,0
2022-09-20,48950,50500,47500,48800,198206,9672452800,1.6667,-15553,14951,214,2242,-1104,-1464,-4264,0,2269,390,-2,2535
2022-09-21,48800,49050,47900,47900,90276,4324220400,-1.8443,5400,-4628,-723,-3556,2740,-581,932,0,-258,44,-93,0
2022-09-22,47550,49600,47250,49500,110567,5473066500,3.3403,-26344,11642,15136,21901,-1192,-333,1425,82,-6747,-434,0,0
2022-09-23,49100,50500,48600,48600,122674,5961956400,-1.8182,-7066,9146,-2193,8767,-4456,873,-2082,-220,-5075,113,0,0
2022-09-26,48650,49300,47450,47600,105342,5014279200,-2.0576,-8259,-29335,37169,6885,8421,7883,1299,0,12681,440,-15,0
2022-09-27,48350,48600,47350,48600,91052,4425127200,2.1008,-8760,-11024,19852,4587,3289,4582,-4189,-180,11770,-62,-6,-7
2022-09-28,47800,48600,46500,47850,110010,5263978500,-1.5432,-1208,-8302,9100,13200,1347,-3034,-2428,-700,715,408,2,0
2022-09-29,48150,48700,47350,47500,76944,3654840000,-0.7315,-3090,4809,-1715,61,-429,-2397,607,0,443,7,-11,0
2022-09-30,47950,48000,44200,44600,260054,11598408400,-6.1053,33624,90095,-123389,-23155,-29676,-46090,-28890,-531,6214,-341,11,-1261
2022-10-04,45000,46200,44900,45200,101505,4588026000,1.3453,3951,13882,-17278,-7191,-1290,-1257,-5308,0,-2232,-578,23,0
2022-10-05,45600,45950,44400,44400,86912,3858892800,-1.7699,5751,11431,-17922,6486,-1092,-10205,-1522,0,-11589,740,0,0
2022-10-06,44750,45000,43600,43800,143193,6271853400,-1.3514,4974,10284,-13261,3282,-19004,-2522,13,0,4970,-2021,24,0
2022-10-07,43250,43900,42400,43650,117887,5145767550,-0.3425,8456,-23394,16089,5216,11412,336,-2702,0,1827,-1060,-91,0
2022-10-11,43200,43250,41750,42250,80530,3402392500,-3.2073,3727,-17989,14197,3084,10575,2613,3847,0,-5922,65,0,0
2022-10-12,42000,42800,41650,42200,87373,3687140600,-0.1183,7980,-44489,36623,9530,16139,5628,3576,1950,-201,-130,16,1
2022-10-13,42200,43500,42200,42600,139948,5961784800,0.9479,-4072,-9270,13536,57,846,-1947,-1270,0,15850,-187,-7,0
2022-10-14,42950,43900,42300,43700,102646,4485630200,2.5822,-3630,-14346,17875,-1649,23717,5567,-13957,0,4197,101,0,0
2022-10-17,43700,44050,42550,44050,56308,2480367400,0.8009,-942,462,466,-7940,4467,6193,1545,0,-3799,14,0,0
2022-10-18,44700,45650,44500,45600,62362,2843707200,3.5187,-19230,991,18403,-1094,5090,14635,380,0,-608,-154,-10,0
2022-10-19,45600,45800,44700,45150,44785,2022042750,-0.9868,-4814,-428,5237,-144,2611,4290,3075,0,-4595,5,0,0
2022-10-20,44750,46200,44700,45200,51798,2341269600,0.1107,-377,5506,-5179,-2493,494,-634,-266,0,-2280,-89,139,0
2022-10-21,44700,45300,44100,44400,51795,2299698000,-1.7699,2075,-2216,102,218,-1581,-5293,-269,0,7027,38,1,0
2022-10-24,44850,45750,43800,44200,41231,1822410200,-0.4505,3194,-7217,4163,-896,-189,-2105,1700,0,5653,20,-160,0
2022-10-25,44450,44450,43200,43850,61685,2704887250,-0.7919,5346,-5175,-207,-4484,3631,5622,-10382,0,5406,36,0,0
2022-10-26,43450,44600,43450,44250,64478,2853151500,0.9122,-10730,16442,-5689,-5281,1948,-122,140,0,-2374,-23,0,0
2022-10-27,44650,46250,44600,46250,105816,4893990000,4.5198,-44718,30269,14433,-7356,9103,2504,-3583,0,13765,-88,104,0
2022-10-28,46300,47200,45850,46400,72841,3379822400,0.3243,-11476,-5733,17273,-2183,2197,7714,1194,0,8351,-74,10,0
2022-10-31,46600,47300,46300,47300,52524,2484385200,1.9397,2807,-9438,6931,3892,7242,-805,-4165,0,767,-300,0,0
2022-11-01,46900,47550,46550,46900,71649,3360338100,-0.8457,2329,-8237,5787,-2481,2402,2169,-1460,0,5157,30,91,0
2022-11-02,46400,49500,46400,48950,177743,8700519850,4.371,-44423,44972,-9753,-21636,8192,8797,-1702,0,-3404,9233,-29,0
2022-11-03,48400,48800,47950,48150,64935,3126620250,-1.6343,4127,14120,-17011,-1894,-206,-110,-479,0,-14322,-1249,13,0
2022-11-04,47700,48550,47300,48200,57188,2756461600,0.1038,153,9897,-9936,-7316,-3457,424,-1854,0,2267,-115,1,0
2022-11-07,48200,49150,48150,48850,36898,1802467300,1.3485,-8534,-2478,10751,-70,4404,-179,4097,0,2499,248,13,0
2022-11-08,48850,49450,48200,48400,53342,2581752800,-0.9212,3333,14410,-6357,-6968,-6711,-526,-2482,0,10330,-11382,-4,0
2022-11-09,49050,49100,48350,48350,63291,3060119850,-0.1033,-253,17484,-17181,-7070,-3794,-1526,-12474,0,7683,-50,0,0
2022-11-10,48600,48800,48050,48200,69296,3340067200,-0.3102,-3723,12733,-8388,-2352,1021,-201,-728,0,-6128,-610,-12,0
2022-11-11,48850,49250,47950,48250,99949,4822539250,0.1037,2492,-14681,11098,-4317,-6223,11189,-3574,0,14023,1091,0,0
2022-11-14,48350,52500,48350,51300,259990,13337487000,6.3212,-29635,26177,4826,-14129,-4336,13460,4596,0,5235,-1411,43,0
2022-11-15,51700,51700,48050,48550,318127,15445065850,-5.3606,65884,-38193,-28612,-16114,-14817,-11813,4283,2000,7848,802,119,1
2022-11-16,48750,49850,48000,48800,145051,7078488800,0.5149,-15019,25467,-10377,-7284,-2636,-5413,-178,0,5134,-125,54,0
2022-11-17,48750,49300,47900,47900,90522,4336003800,-1.8443,-4288,19367,-14245,-40,-1195,-7544,-3763,0,-1703,11,-845,0
2022-11-18,47950,49250,47550,49000,92339,4524611000,2.2965,-13175,20227,-6937,-282,711,-5332,-818,0,-1216,-119,4,0
2022-11-21,49400,50400,48200,50000,115358,5767900000,2.0408,-18065,-26119,44177,21054,15176,6310,-3153,0,4790,-40,47,0
2022-11-22,49950,50200,48650,49050,72460,3554163000,-1.9,3099,-17592,14417,12876,-709,-501,-5345,0,10230,46,30,-2134
2022-11-23,49250,49550,47650,48850,117487,5739239950,-0.4077,20469,1634,-21712,15982,-9077,-22889,-7590,420,1442,-233,-158,0
2022-11-24,48850,49250,47900,48450,80450,3897802500,-0.8188,15685,13804,-28422,3525,3266,-17608,-12664,44,-4985,-1093,26,0
2022-11-25,48900,48900,47000,47400,91800,4351320000,-2.1672,33041,15378,-48666,444,-25319,-11710,-12279,0,198,218,29,0
2022-11-28,47500,47700,47000,47550,45594,2167994700,0.3165,-531,16749,-16247,-213,-8381,-1192,-5179,0,-1282,9,20,0
2022-11-29,47550,47750,46250,47250,131569,6216635250,-0.6309,29860,27034,-57610,-34955,-2802,1011,-28714,0,7850,716,0,0
2022-11-30,47200,47950,46900,47500,74395,3533762500,0.5291,-4801,26009,-21064,-8668,-8351,-369,5280,0,-8956,-124,-20,0
2022-12-01,47900,48200,47450,47750,76745,3664573750,0.5263,-4473,4014,1157,5185,318,-8204,-710,0,4568,-698,0,0
2022-12-02,47750,48750,47700,47900,66179,3169974100,0.3141,-14045,18440,-4362,3264,2029,-3008,961,0,-7608,-23,-10,0
2022-12-05,48150,48750,47850,48450,54178,2624924100,1.1482,-5247,12861,-7610,-6014,-641,-5440,356,0,4129,-8,4,0
2022-12-06,48450,49400,46500,46850,190428,8921551800,-3.3024,16126,42397,-59081,-20346,-27740,-78,-9747,0,-1170,412,146,0
2022-12-07,46850,47000,45800,46100,102421,4721608100,-1.6009,11208,16411,-27476,-20673,1452,-10413,-1949,0,4107,-208,65,0
2022-12-08,46750,47150,46150,46700,127321,5945890700,1.3015,-17168,54576,-37322,-10016,-12832,626,-7477,0,-7630,-236,150,7
2022-12-09,47000,47400,46450,47200,116191,5484215200,1.0707,6081,30383,-36344,-19229,-8091,-5655,-10341,0,6972,-70,-50,0
2022-12-12,47400,47400,44300,45050,215800,9721790000,-4.5551,68622,31946,-103571,-19499,-54997,-19543,-5754,0,-3779,2694,309,1
2022-12-13,45200,45450,44550,44950,81131,3646838450,-0.222,5094,-12133,2841,-7516,451,783,-1926,0,11049,4183,15,0
2022-12-14,45350,45950,45050,45950,86227,3962130650,2.2247,-14219,6190,8154,4119,-74,852,-1793,0,5050,-92,-33,0
2022-12-15,45600,45950,45400,45450,41294,1876812300,-1.0881,4013,11892,-15926,-11022,839,-46,950,0,-6647,20,1,0
2022-12-16,44800,45600,44700,45100,56298,2539039800,-0.7701,-596,7692,-6978,-93,174,-2659,-566,785,-2433,-169,51,-2186
2022-12-19,44950,45400,44400,44850,65719,2947497150,-0.5543,13857,5236,-19168,-3785,1158,-4893,-152,0,-11496,75,0,0
2022-12-20,44700,45050,44250,44550,58039,2585637450,-0.6689,2991,1418,-4624,-974,-2675,-1375,-1783,0,2183,203,12,0
2022-12-21,45050,46600,44600,46350,102073,4731083550,4.0404,-19985,28207,-7579,7477,428,-3242,4,0,-13008,-646,3,762
2022-12-22,46650,47100,45900,46900,86615,4062243500,1.1866,-5993,-11789,17960,2502,15341,-3154,2309,0,962,-178,0,0
2022-12-23,46900,47400,46300,47300,78635,3719435500,0.8529,-7460,-6564,13792,1786,7276,182,1305,0,3243,237,-5,0
2022-12-26,47450,48300,47200,48250,105144,5073198000,2.0085,-30284,20503,9965,46,555,1896,6986,0,482,447,-631,0
2022-12-27,48700,49000,48000,48950,86112,4215182400,1.4508,-33741,17534,17594,3825,1211,56,1379,0,11123,-1380,-7,0
2022-12-28,48000,48200,47500,47850,83804,4010021400,-2.2472,-3741,28427,-24672,920,612,-9183,-1017,0,-16004,-9,-5,0
2022-12-29,47350,47400,46600,46950,62306,2925266700,-1.8809,-6632,17133,-11381,-305,2180,-1533,-947,0,-10776,739,141,0
2023-01-02,46950,46950,44150,44550,71319,3177261450,-5.1118,22799,-977,-22699,669,-12982,540,-7859,-2435,-632,314,563,0
2023-01-03,44850,44950,42900,43750,115275,5043281250,-1.7957,3699,29701,-33726,-10423,-16311,243,-5889,0,-1346,211,115,0
2023-01-04,43750,43750,41600,42900,81659,3503171100,-1.9429,22794,-21152,-1940,-4482,-3354,6435,310,0,-850,196,102,1
2023-01-05,42700,43500,42100,43350,86496,3749601600,1.049,7054,-20689,11427,-2755,3837,11272,2091,0,-3018,2206,2,0
2023-01-06,42550,43500,42550,43100,62303,2685259300,-0.5767,19268,-16093,-3221,-3543,443,98,65,0,-409,45,1,125
2023-01-09,43800,45300,43300,44900,81578,3662852200,4.1763,-26678,-616,27588,3112,1538,2540,5093,0,15305,-291,-3,0
2023-01-10,45050,45300,44000,44250,70815,3133563750,-1.4477,9892,3693,-13760,231,-5803,-20077,433,0,11456,64,111,0
2023-01-11,44650,44750,43550,43800,88203,3863291400,-1.0169,10117,5170,-15392,-9457,-8128,-6276,973,0,7496,105,0,0
2023-01-12,43850,44050,43250,43900,108750,4774125000,0.2283,12414,-34925,22415,37,-1396,-2973,-849,0,25596,10,86,2000
2023-01-13,43900,44250,43450,43750,50498,2209287500,-0.3417,1455,-451,-930,-1586,-4623,-1749,-161,0,7189,10,-84,0
2023-01-16,43800,44350,43450,44050,58692,2585382600,0.6857,-3954,-2849,6884,-6368,-6294,-111,293,0,19364,-80,-1,0
2023-01-17,44100,44250,43300,43650,40467,1766384550,-0.9081,5703,290,-6067,-2129,-708,-105,-1459,0,-1666,19,55,0
2023-01-18,43700,44100,43250,44000,63053,2774332000,0.8018,-2036,-8615,10641,2522,-5881,124,8624,0,5252,10,0,0
2023-01-19,43650,43850,43000,43200,84854,3665692800,-1.8182,21091,-11931,-9771,-8860,-1967,-1054,-137,2000,247,605,6,0
2023-01-20,43200,43500,42850,43350,38723,1678642050,0.3472,619,-988,352,-1701,1081,1195,107,0,-330,15,2,0
2023-01-25,43400,44150,43150,43500,63569,2765251500,0.346,3905,18309,-22194,-18003,1366,-8052,-799,0,3294,-42,22,0
2023-01-26,43450,43900,43250,43650,42773,1867041450,0.3448,5171,-954,-4242,-3893,-5687,3979,294,0,1065,16,9,0
2023-01-27,43650,43950,43350,43550,60392,2630071600,-0.2291,15546,-7475,-8678,-6309,-39,-1796,-4498,1000,2964,-15,622,0
2023-01-30,43450,43850,43100,43250,59885,2590026250,-0.6889,12009,12476,-24520,-7356,-4765,-5647,71,0,-6823,13,22,0
2023-01-31,43600,44100,43150,43600,124811,5441759600,0.8092,-3867,39695,-35817,-2166,-38892,-3096,34,0,8303,-25,14,0
2023-02-01,43650,43900,43300,43400,88482,3840118800,-0.4587,13963,10938,-24953,-9613,-4994,-3566,280,0,-6935,30,22,-125
2023-02-02,44600,44600,43000,43300,131416,5690312800,-0.2304,22367,5480,-28348,-17449,3581,-1358,-4790,0,-8333,249,252,1
2023-02-03,43400,43450,42550,43250,93951,4063380750,-0.1155,7424,7550,-19672,-27850,4721,3537,166,0,-246,4686,12,0
2023-02-06,43050,43250,42550,42550,83910,3570370500,-1.6185,30001,17541,-48653,-35337,44,-3287,-1435,0,-8638,880,231,0
2023-02-07,42550,43550,42500,43550,69796,3039615800,2.3502,-17170,18468,-914,699,-63,4674,-1986,0,-4238,-190,-194,0
2023-02-08,43750,44050,43500,43950,60337,2651811150,0.9185,-14575,21137,-6563,5355,-1951,-1512,-6459,0,-1996,-38,39,0
2023-02-09,43750,43900,42900,42900,101120,4338048000,-2.3891,40890,-2751,-38750,-8608,-2775,-3465,-10993,0,-12909,179,432,0
2023-02-10,42600,43350,42500,43350,38302,1660391700,1.049,-644,8710,-8007,783,-508,-1044,1013,0,-8251,-93,34,0
2023-02-13,43050,43350,42700,43050,51870,2233003500,-0.692,2392,3286,-7495,581,-660,-4044,247,0,-3619,1575,242,0
2023-02-14,42950,44700,42950,44450,145511,6467963950,3.252,-47052,32790,13274,817,-1623,4977,446,0,8657,926,62,0
2023-02-15,44150,44500,43600,43800,52437,2296740600,-1.4623,17445,-7045,-11112,-597,22,539,362,0,-11438,810,-98,0
2023-02-16,43700,45500,43700,45200,124272,5617094400,3.1963,-14551,8339,3662,-710,-20102,982,31,6000,17462,2607,-57,-1
2023-02-17,44600,45550,44400,45050,59265,2669888250,-0.3319,2296,1485,-4629,5353,2835,-1378,-29,0,-11341,895,-47,-69
2023-02-20,45050,46050,44850,45450,61834,2810355300,0.8879,-5703,-7591,14170,-983,2676,5164,918,0,6395,-267,-609,0
2023-02-21,45050,45700,44950,45150,44971,2030440650,-0.6601,3730,5364,-9142,-3796,995,-3280,-13,0,-3048,53,-5,0
2023-02-22,44900,45000,44250,44350,44943,1993222050,-1.7719,-4233,14625,-10406,-1537,351,405,-1134,0,-8491,62,-48,0
2023-02-23,44350,45550,44350,44900,58916,2645328400,1.2401,-5981,27436,-21546,-13186,3686,-65,-4908,0,-7073,85,6,0
2023-02-24,44500,44600,43750,44100,55445,2445124500,-1.7817,19233,-5147,-13930,-7803,351,2082,-451,0,-8109,-556,400,0
2023-02-27,43800,43850,42900,43400,69434,3013435600,-1.5873,14320,6558,-21445,-19375,160,4232,-84,0,-6379,67,500,1
2023-02-28,43500,43650,42550,42650,71898,3066449700,-1.7281,22172,-26140,2937,-2117,-1050,-37,-429,0,6639,1052,-21,-69
2023-03-02,42600,43000,42400,42750,80358,3435304500,0.2345,16365,-12829,-5386,1590,82,283,-4166,0,-3175,1800,50,0
2023-03-03,43000,43300,42400,43000,62066,2668838000,0.5848,-8293,-3414,11724,2510,6044,6164,-382,2,-2614,-117,100,0
2023-03-06,43350,44050,42900,43600,64357,2805965200,1.3953,-9883,-22862,30838,4539,12466,875,4790,0,8168,1907,0,0
2023-03-07,43400,43400,42900,43050,47471,2043626550,-1.2615,16285,-17877,980,4748,222,-70,-351,0,-3569,516,96,0
2023-03-08,42600,45750,42300,45300,251837,11408216100,5.2265,-54666,27535,30494,19086,6267,22140,2972,0,-20162,-2677,-686,191
2023-03-09,45450,48100,45150,47450,335169,15903769050,4.7461,-111152,2145,117865,46222,9340,21143,34109,442,6426,-8193,-665,183
2023-03-10,47550,47950,47000,47300,143811,6802260300,-0.3161,-16746,2170,20393,25906,-7900,9567,2711,200,-10091,-5791,-26,0
2023-03-13,47550,47750,46150,47100,87686,4130010600,-0.4228,-10932,-20611,32065,30605,-1381,1300,40,0,1500,-201,-321,1
2023-03-14,46350,47100,45350,45850,80859,3707385150,-2.6539,-8873,-16483,25348,23380,-1241,-823,-1056,0,5088,245,-237,0
2023-03-15,45900,46650,45500,45800,56928,2607302400,-0.1091,-132,-2559,2323,-1531,-164,2525,-350,0,1844,-121,489,-1
2023-03-16,45050,46500,44200,45050,85332,3844206600,-1.6376,4251,-6655,-1600,13848,-8148,-2953,3567,459,-8372,3195,809,-1
2023-03-17,45200,46350,45000,45000,69881,3144645000,-0.111,7804,-4286,-3995,191,20,-493,-1282,0,-2431,276,201,0
2023-03-20,45000,45700,44000,44000,62337,2742828000,-2.2222,9382,-5162,-5258,-711,-1410,-7153,-94,0,4110,523,515,0
2023-03-21,44400,44800,44100,44350,62625,2777418750,0.7955,-2853,-6527,9396,19917,-106,-227,-2784,461,-7866,-20,4,1
2023-03-22,44650,45150,44250,44800,52524,2353075200,1.0147,6287,-15517,9857,3587,2793,-584,2070,0,1969,-639,12,22
2023-03-23,45250,45250,44400,44950,32306,1452154700,0.3348,-350,-11225,11512,5491,1086,-231,1868,0,3298,-11,74,0
2023-03-24,44150,44900,43550,43600,121213,5284886800,-3.0033,18941,4388,-25751,2195,-9802,-6416,-18446,0,6999,2203,219,-281
2023-03-27,44000,44650,43450,44400,67721,3006812400,1.8349,-31432,16183,15338,1769,-443,-2565,-50,0,16627,-119,30,0
2023-03-28,44400,44750,44100,44600,34063,1519209800,0.4505,-3357,2301,1067,2703,-46,875,-463,-348,-1653,-12,1,-1
2023-03-29,45200,47000,45000,45850,105418,4833415300,2.8027,-33259,13218,24798,1241,9574,1134,15356,0,-2508,-4520,-237,1
2023-03-30,46400,46600,45650,45650,65281,2980077650,-0.4362,1791,3991,-5075,5663,-11818,3523,-513,0,-1929,-3,-704,-1
2023-03-31,45550,46150,45400,45650,69892,3190569800,0.0,-3425,-7184,11254,6231,641,-5466,-64,0,8782,200,-845,1130
2023-04-03,45650,45950,44750,44900,51144,2296365600,-1.6429,5978,1209,-9642,-4013,-424,-54,303,0,-5454,2271,184,0
2023-04-04,45350,45350,44400,44450,47430,2108263500,-1.0022,6594,-6256,-2566,-1146,601,-95,-7646,0,5720,2244,-16,0
2023-04-05,44900,45250,44500,44500,40025,1781112500,0.1125,-2001,-363,1999,2210,-1573,-629,-547,0,2538,364,1,0
2023-04-06,44300,44750,43950,43950,52865,2323416750,-1.236,12638,-4332,-8894,3480,-1605,1090,-93,0,-11766,562,26,0
2023-04-07,44000,44350,43100,43400,42661,1851487400,-1.2514,21094,-15044,-6861,955,-389,-766,-421,0,-6241,504,307,1
2023-04-10,43500,44200,43100,43950,48037,2111226150,1.2673,1510,-12873,11270,9416,3864,-727,3314,0,-4597,-15,108,0
2023-04-11,43850,44850,43550,44350,56116,2488744600,0.9101,-5390,-4992,9664,4776,833,177,-348,0,4226,715,3,0
2023-04-12,44200,45300,44200,44650,55949,2498122850,0.6764,-12343,3958,7004,11500,186,3380,1997,0,-10129,1487,-106,70
2023-04-13,44200,45600,44200,45600,65043,2965960800,2.1277,-13287,7298,6151,1500,-237,-478,4498,0,868,0,-162,0
2023-04-14,45350,45700,44600,44600,58116,2591973600,-2.193,9432,-14675,4519,4012,-934,203,-127,0,3048,565,159,-1683
2023-04-17,44600,44700,43950,44450,65436,2908630200,-0.3363,10333,-8096,-1954,5268,-346,-1146,-4358,0,-1372,-88,-195,0
2023-04-18,44200,45500,44200,45000,94512,4253040000,1.2373,-16624,25233,-8561,415,-10250,-347,522,0,1099,-36,-12,0
2023-04-19,45000,45600,44600,44750,60181,2693099750,-0.5556,3025,-2638,-1351,1471,-609,-3264,990,0,61,923,41,0
2023-04-20,44750,46250,44600,45750,121731,5569193250,2.2346,-31467,10372,23341,10172,700,8646,6773,0,-2950,-2143,-103,0
2023-04-21,45750,45750,44650,44650,59570,2659800500,-2.4044,-948,3638,-5654,0,-2605,-4540,-620,0,2111,2880,84,0
2023-04-24,44700,45300,44300,44400,96088,4266307200,-0.5599,-1964,5404,-3739,-10435,-9875,6041,2705,1525,6100,298,1,200
2023-04-25,44400,45500,44250,44350,73003,3237683050,-0.1126,-11716,31050,-18938,242,-19468,-2108,67,0,1456,-403,7,873
2023-04-26,44400,44650,43900,44100,49954,2202971400,-0.5637,10895,-6692,-4212,1410,-1955,-1833,-133,0,-2309,10,-1,608
2023-04-27,43800,44050,42700,43650,121476,5302427400,-1.0204,15760,17777,-34613,-20491,338,830,-302,0,-15476,1056,20,488
2023-04-28,43550,44400,43300,44150,58880,2599552000,1.1455,-15685,35205,-19586,-12139,257,515,-33,738,-8924,-82,148,0
2023-05-02,44200,44500,43850,44200,51756,2287615200,0.1133,-214,-4091,2048,-600,-655,2329,-270,1000,244,2257,0,0
2023-05-03,44000,44750,43850,44450,33156,1473784200,0.5656,-5090,14959,-9801,-15,-2281,-553,-207,-701,-6044,-45,-23,0
2023-05-04,44000,45600,43950,45150,60994,2753879100,1.5748,-16054,11933,1298,2180,-263,-507,11000,0,-11112,2957,-134,0
2023-05-08,44750,45600,44550,45550,50515,2300958250,0.8859,-2113,1392,-282,-10007,1142,37,-16,0,8562,999,4,0
2023-05-09,45250,45750,45050,45050,85661,3859028050,-1.0977,-4517,-4417,8690,4914,4354,1297,1475,150,-3499,244,0,-1
2023-05-10,45050,45800,45000,45400,51099,2319894600,0.7769,-2603,7274,-4912,1286,3006,-4112,1228,-361,-5959,-1059,1300,0
2023-05-11,45300,46100,45200,45600,68836,3138921600,0.4405,2948,4469,-2318,-1677,1702,-137,188,0,-1894,-5098,-1,-500
2023-05-12,45200,45800,44650,45250,66733,3019668250,-0.7675,6692,7917,-15615,-1919,-13955,2262,-194,0,-1809,1011,-5,0
2023-05-15,44600,47700,44600,47500,223149,10599577500,4.9724,-27027,-21594,47658,25070,2933,6869,4216,0,8374,1551,-588,196
2023-05-16,47500,47500,46400,47000,134720,6331840000,-1.0526,-9964,-18196,28154,26837,9250,2605,3264,0,-12302,2,4,-1500
2023-05-17,46650,48150,46500,46850,78812,3692342200,-0.3191,-4227,12235,-10851,-26,-3419,-6141,216,0,-1481,2499,344,0
2023-05-18,46350,46550,45700,45800,68114,3119621200,-2.2412,12098,-11699,-1123,2230,-1302,379,-94,0,-2336,704,20,0
2023-05-19,45550,46150,45300,45550,66311,3020466050,-0.5459,2841,-2363,-588,-14519,1225,470,-664,0,12900,15,95,0
2023-05-22,45600,46400,45250,46100,76726,3537068600,1.2075,-6796,-1388,8081,0,-323,915,-168,0,7656,-7,110,1
2023-05-23,46550,47500,46100,46750,84713,3960332750,1.41,-25224,16873,8644,8034,2606,-378,-533,0,-1085,-101,-192,0
2023-05-24,46750,47500,46400,46850,54415,2549342750,0.2139,-2022,-3500,5472,4877,941,3277,-1735,0,-1887,0,50,-1
2023-05-25,46450,46850,45100,45400,70985,3222719000,-3.095,20286,-10181,-10227,5840,-137,-312,-2248,0,-13370,145,-23,0
2023-05-26,45400,45700,44650,45300,47000,2129100000,-0.2203,9741,-2836,-7370,-5379,-1591,400,-1604,0,804,465,0,0
2023-05-30,45350,45350,44450,45250,62566,2831111500,-0.1104,8630,7162,-14269,-2950,-8822,-794,-5987,0,4283,-1479,-44,1
2023-05-31,45250,45500,44600,44950,96283,4327920850,-0.663,11274,-24935,13607,5965,2637,-422,-1159,145,6440,54,0,1
2023-06-01,45100,45150,44400,45050,70623,3181566150,0.2225,2162,-4503,3916,5624,4125,3,-318,0,-5518,-1575,0,0
2023-06-02,45300,46250,44700,46000,112862,5191652000,2.1088,13035,-30152,18040,9339,4351,2594,331,0,-725,-1027,104,2150
2023-06-05,46750,47900,46300,47700,216227,10314027900,3.6957,-39858,5729,31316,26691,2674,-731,-2409,0,5091,2961,-148,0
2023-06-07,48000,49300,47500,48150,163085,7852542750,0.9434,-36573,-23161,58943,15522,7811,22212,3632,345,9178,2567,-1776,243
2023-06-08,48500,50000,48150,49650,135862,6745548300,3.1153,-28746,9530,19745,15138,2343,893,1562,0,-180,-285,-244,-11
2023-06-09,49700,52300,49300,51400,164990,8480486000,3.5247,-21567,-11038,30026,369,11392,9888,9801,0,-1608,3959,-1380,184
2023-06-12,51000,51500,49950,50200,104673,5254584600,-2.3346,7329,-31596,24667,10360,-5489,-806,12905,0,7698,-289,-111,-1
2023-06-13,50600,50700,49350,49900,67620,3374238000,-0.5976,-6130,-1298,7787,6099,-4553,417,-6403,-523,12751,-187,-172,-1
2023-06-14,49650,51300,49500,50800,80291,4078782800,1.8036,-5300,-8586,16088,7442,9347,-423,-4848,0,4385,-2204,2,185
2023-06-15,50800,53000,50400,51900,130627,6779541300,2.1654,-704,-48015,47657,37591,-1334,6681,4969,0,-429,320,742,179
2023-06-16,51000,54400,50900,53700,155670,8359479000,3.4682,-15525,-48703,64458,29412,18579,3828,16387,0,-3925,-175,-55,177
2023-06-19,53800,57300,53700,56400,193423,10909057200,5.0279,8630,-39803,26914,12668,6133,1970,11633,0,-5656,3504,755,166
2023-06-20,57100,58100,56100,56300,102086,5747441800,-0.1773,-5806,-16404,22502,23842,402,-7807,1449,0,4617,650,-942,-1
2023-06-21,57200,58500,56500,57800,115701,6687517800,2.6643,-6858,-14397,20291,9744,5444,-5030,7531,0,1977,1114,-150,625
2023-06-22,57800,59500,57400,59500,116774,6948053000,2.9412,-1194,-5439,6325,14582,5416,344,-1292,0,-12725,-412,720,0
2023-06-23,59500,59700,58100,58300,86158,5023011400,-2.0168,-1181,11111,-9210,-3310,2714,420,-1674,0,-7360,130,-850,0
2023-06-26,57700,59400,57600,58500,60273,3525970500,0.3431,-15737,17463,-1795,6108,184,11,-7435,0,-763,159,-90,100
2023-06-27,59100,62500,59100,62400,210022,13105372800,6.6667,2011,-32026,29702,11534,4065,26098,2734,0,-15916,262,51,1187
2023-06-28,62000,65000,61900,63400,193704,12280833600,1.6026,22553,-25015,4976,4394,14574,-1278,333,0,-14160,-2438,-76,1113
2023-06-29,63400,63700,62000,62400,121983,7611739200,-1.5773,10649,8248,-22177,-10655,-1124,-5885,-4624,0,1312,3279,1,-1201
2023-06-30,63100,66700,63100,64500,219650,14167425000,3.3654,25580,3245,-28418,7107,-3012,-35048,-1364,0,3883,-468,61,16
2023-07-03,63800,64500,62800,63700,152559,9718008300,-1.2403,2181,6137,-8375,-9616,-7047,-6939,-7966,0,23192,5,52,1
2023-07-04,63100,64500,63000,63800,83652,5336997600,0.157,-7032,13365,-6232,-4482,1874,-2496,-2019,0,1796,-100,-1,-905
2023-07-05,63700,64200,63000,63100,78576,4958145600,-1.0972,3099,4099,-7275,12811,-3730,-5712,-3892,0,-6752,15,62,0
2023-07-06,62100,63400,61600,63000,105361,6637743000,-0.1585,-10364,14377,-4124,17606,1334,-1976,1348,-3,-22434,40,71,1
2023-07-07,61900,62500,60400,62300,149344,9304131200,-1.1111,-15163,13838,1749,16767,6824,-29252,-1540,0,11639,-441,17,-2689
2023-07-10,62300,63200,61500,61800,42955,2654619000,-0.8026,-3689,5189,-250,-5304,-1509,6799,-1945,0,1709,-1320,70,0
2023-07-11,62500,63600,61100,62400,76922,4799932800,0.9709,-532,-14063,20215,-595,-1435,4,-2410,0,24651,-5576,-44,0
2023-07-12,62900,63000,61100,61600,71230,4387768000,-1.2821,1189,318,-1563,-8348,3444,-223,-434,0,3998,5,51,0
2023-07-13,62300,63500,61000,61300,184806,11328607800,-0.487,1350,-18252,16986,-1602,-1239,1476,-5060,0,23411,-194,110,0
2023-07-14,62000,62000,58800,59500,142418,8473871000,-2.9364,-16260,15342,2192,-19397,2836,-2479,-4157,0,25389,-1214,-60,0
2023-07-17,58700,59200,57000,58900,213701,12586988900,-1.0084,4635,-27625,25426,3503,11181,727,1007,0,9008,-2338,-98,0
2023-07-18,58100,59800,58100,59600,70423,4197210800,1.1885,5675,3032,-8752,2671,1708,-92,-1682,0,-11994,0,45,637
2023-07-19,58800,59200,57700,58400,70694,4128529600,-2.0134,-17117,6069,10377,8632,1822,-2607,147,0,2384,711,-40,-1
2023-07-20,57400,58900,56800,58000,51004,2958232000,-0.6849,-2915,8080,-7702,8827,-1126,-173,-22,0,-15208,2538,-1,0
2023-07-21,58000,59100,57200,57200,53131,3039093200,-1.3793,-970,-2528,3163,-75,3475,146,2852,1189,-4762,335,0,338
2023-07-24,57900,59800,57600,58400,84047,4908344800,2.0979,-881,2031,-2301,-3284,7317,243,1266,0,-7843,1111,40,0
2023-07-25,58500,58600,57000,57700,61110,3526047000,-1.1986,-7065,17874,-10595,-6847,-4337,-267,-952,1000,808,-184,-30,0
2023-07-26,56800,57500,54900,55400,118943,6589442200,-3.9861,-26201,18095,6194,-1945,131,-980,532,1000,7456,2151,-239,0
2023-07-27,55900,58400,55600,56600,99495,5631417000,2.1661,-7323,-13289,20475,1825,6847,2611,3952,0,5240,-13,150,0
2023-07-28,55200,58500,55200,57700,106408,6139741600,1.9435,-2875,-41837,44709,8188,26919,1040,15124,1200,-7762,0,3,0
2023-07-31,59000,59000,56500,57800,66391,3837399800,0.1733,734,-10225,10155,6554,3361,1029,-728,1000,-1061,123,-787,0
2023-08-01,57300,58400,56700,57100,63779,3641780900,-1.2111,6144,-18248,11056,4539,1809,3075,-764,0,2397,1049,-1,0
2023-08-02,56800,58500,56800,58000,96308,5585864000,1.5762,-12678,-12358,25111,20904,7151,8751,5919,878,-21102,-125,50,2610
2023-08-03,58400,58500,56200,56400,59971,3382364400,-2.7586,962,-2980,2026,4312,2211,-327,921,-4,-8620,-58,50,3533
2023-08-04,56500,60300,56000,59400,136513,8108872200,5.3191,-4061,-42181,46102,1875,13707,3982,12530,0,14008,141,-1,0
2023-08-07,59900,63800,59100,62500,181780,11361250000,5.2189,-4007,-29991,33834,8361,8889,3364,8297,-1600,6524,115,49,-1
2023-08-08,63000,63000,59300,59600,88436,5270785600,-4.64,17580,-19609,1841,-3668,8011,-256,3221,0,-5467,0,188,0
2023-08-09,60400,60400,58000,58600,89679,5255189400,-1.6779,4677,-23384,18699,3913,8160,4744,3765,0,-1884,0,8,1
2023-08-10,58800,62900,58700,60500,179363,10851461500,3.2423,-7999,24413,-16669,-44081,-1902,-1186,1455,-1250,30295,300,-45,0
2023-08-11,61000,61400,59500,60600,97369,5900561400,0.1653,1083,-4555,3531,-12011,693,873,9363,0,4613,0,-59,0
2023-08-14,60600,65400,60500,64900,168691,10948045900,7.0957,-8566,-5050,14352,3983,5203,4311,14309,-5,-13448,-640,-96,-1
2023-08-16,66600,67900,59800,61400,232296,14262974400,-5.3929,21980,-64377,41563,33142,25925,873,8926,0,-25797,730,104,-1506
2023-08-17,61100,61300,57800,59400,120727,7171183800,-3.2573,-1695,-13129,15740,8968,695,6419,9954,263,-10687,-968,52,128
2023-08-18,58400,60100,57300,58000,100416,5824128000,-2.3569,4898,1088,-6423,-8536,-5441,-7265,2099,-500,13220,488,-51,0
2023-08-21,58500,58900,56200,56900,106595,6065255500,-1.8966,-24757,28433,-4144,-2476,1464,-8676,-41,-1450,7035,517,-49,0
2023-08-22,56900,57400,55600,56100,87868,4929394800,-1.406,-20976,15830,4996,2359,-2305,-3550,5710,0,2652,148,2,130
2023-08-23,55600,56300,54200,55100,126441,6966899100,-1.7825,5668,38775,-44707,3483,-18151,-34708,-888,0,5557,329,-65,0
2023-08-24,55700,55700,54100,54800,97407,5337903600,-0.5445,7114,20404,-28048,-2875,-1464,-25501,1829,0,-37,710,-180,0
2023-08-25,54100,55500,53700,54400,82362,4480492800,-0.7299,4432,23903,-28266,-3878,-7559,-14109,-2485,0,-235,0,-69,0
2023-08-28,54500,55600,54300,54700,61595,3369246500,0.5515,668,4775,-5387,-691,-24,-6539,1215,0,652,-6,-50,0
2023-08-29,55100,55200,53400,53900,52349,2821611100,-1.4625,8185,-3497,-4154,-2085,-2031,-3006,10,0,2958,-222,-312,0
2023-08-30,54300,54400,52800,53000,121724,6451372000,-1.6698,21703,31281,-52731,2041,-44184,-5423,-20774,0,15609,42,-295,0
2023-08-31,53100,53800,52700,53700,79265,4256530500,1.3208,-5948,1702,4315,18955,-14736,-2308,-812,0,3216,30,-99,0
2023-09-01,54000,54800,53500,53900,83030,4475317000,0.3724,-8920,-21759,30750,23735,5888,5486,2769,0,-7128,-41,-30,0
2023-09-04,54300,55000,53800,54200,53559,2902897800,0.5566,-2026,-12306,14388,6306,4008,10601,769,0,-5702,44,-100,-1594
2023-09-05,54000,55100,53300,54400,75666,4116230400,0.369,6775,-11927,5425,4498,-1466,2578,-123,0,269,-86,-187,-331
2023-09-06,53900,55100,53100,53800,85481,4598877800,-1.1029,-5125,-4192,9299,6147,-2920,1023,4542,0,507,18,0,0
2023-09-07,53300,54000,53100,53700,65671,3526532700,-0.1859,-6343,-1509,7914,9128,3310,1519,2889,0,-8932,49,-111,0
2023-09-08,54200,57400,53700,55700,120051,6686840700,3.7244,-39528,5168,34464,1472,22203,394,3141,0,7254,-106,2,0
2023-09-11,56000,58000,55000,57000,125139,7132923000,2.3339,37217,-53868,13613,606,2138,4699,15759,-3,-9586,2701,337,0
2023-09-12,58500,58500,55200,56100,75962,4261468200,-1.5789,7952,-24319,16130,17614,-1038,-6860,2863,562,2897,371,-134,92
2023-09-13,55500,56100,54000,54100,70742,3827142200,-3.5651,8123,-5325,-3129,655,-1978,-2145,-2497,0,2836,226,105,0
2023-09-14,54500,54800,53700,54500,101763,5546083500,0.7394,10014,3174,-13118,2779,-24712,2962,-3134,0,8987,-70,0,0
2023-09-15,54600,54600,51600,52300,189734,9923088200,-4.0367,61903,-1472,-59706,-11431,-52631,-8519,-5792,0,18806,-845,120,-139
2023-09-18,52100,52300,50500,50800,141847,7205827600,-2.8681,31758,13150,-42727,-11595,-41003,-2949,-585,0,13405,-2175,-6,0
2023-09-19,51100,51200,50400,50600,56047,2835978200,-0.3937,4703,3629,-8297,-3000,2615,-391,-144,0,-7377,-35,0,0
2023-09-20,50700,51400,50600,50700,30006,1521304200,0.1976,654,-367,-112,-77,2714,206,-183,0,-2772,-175,0,0
2023-09-21,50600,50700,49350,50000,92594,4629700000,-1.3807,11634,9237,-23982,-6351,-5849,-3761,-1037,0,-6334,3101,10,-650
2023-09-22,49400,50400,49200,50100,59875,2999737500,0.2,-2073,20044,-18324,-19530,1042,-36,1254,0,-1087,330,23,33
2023-09-25,50200,51400,49600,50100,91308,4574530800,0.0,-16013,7165,7726,-5101,1884,1153,2387,0,7403,1163,-41,0
2023-09-26,49850,50600,48300,48700,94644,4609162800,-2.7944,-9938,7472,-2352,-4811,303,-549,127,0,2578,4853,-35,0
2023-09-27,48200,48700,47900,48350,77836,3763370600,-0.7187,18599,5165,-23781,-12410,-3221,-8496,247,0,73,-25,42,26
2023-10-04,47800,48350,46950,47650,109431,5214387150,-1.4478,829,28236,-29180,-19680,920,1323,83,652,-12478,102,13,0
2023-10-05,47650,48550,46850,48350,116489,5632243150,1.469,-4838,31314,-26355,-14201,-4467,-7422,5587,0,-5582,-146,25,-270
2023-10-06,48800,48800,47100,47600,37968,1807276800,-1.5512,13892,-13560,-431,-3811,548,-465,368,0,2929,99,0,0
2023-10-10,48500,49350,48050,48850,93767,4580517950,2.6261,-20816,4518,16580,-2292,-1128,8750,644,0,10606,-282,0,0
2023-10-11,49100,49650,48600,49250,68326,3365055500,0.8188,6226,-2365,-3830,-6593,-51,1054,19,0,1741,-31,0,0
2023-10-12,49700,49750,48700,49500,70121,3470989500,0.5076,1637,-3425,1469,-15494,651,-256,4382,1033,8188,320,-1,2965
2023-10-13,48800,49550,48200,48750,41357,2016153750,-1.5152,1645,7978,-9828,2816,-2119,-74,-271,0,-10180,205,0,0
2023-10-16,48800,49100,47800,48400,55101,2666888400,-0.7179,894,-12635,11873,-821,1913,-45,6341,0,4485,-143,11,0
2023-10-17,49400,50300,48400,49000,63456,3109344000,1.2397,-1020,10000,-8611,-601,12009,62,-789,0,-19292,-469,100,0
2023-10-18,49600,53100,49200,52700,289122,15236729400,7.551,-74443,8901,75708,52202,8398,-7941,16256,0,6303,-10073,-93,490
2023-10-19,52200,52900,50300,52600,178129,9369585400,-0.1898,-16869,-57786,75843,229,67742,10937,649,0,-3714,-1159,-29,0
2023-10-20,51800,51800,49900,50300,102837,5172701100,-4.3726,-6030,-26795,32342,18003,2923,5824,2671,583,2244,584,-101,94
2023-10-23,50600,53500,50300,52900,152085,8045296500,5.169,-11342,-21067,32696,13085,21318,4631,3405,0,-9743,-298,11,0
2023-10-24,53700,53700,50100,51300,94640,4855032000,-3.0246,15385,-36830,16504,1250,5916,3273,1504,0,4561,4551,390,0
2023-10-25,51800,54800,51000,54300,158272,8594169600,5.848,-17585,-34394,55397,4957,55922,2648,3294,0,-11424,-3393,-25,0
2023-10-26,54300,54500,52200,52400,84039,4403643600,-3.4991,7057,-15791,9283,-8165,4688,6159,-48,0,6649,-643,94,0
2023-10-27,53400,53400,50900,51000,48269,2461719000,-2.6718,5189,-10573,5751,-891,1222,-5017,280,-82,10239,-387,20,0
2023-10-30,50300,52300,50300,51600,45193,2331958800,1.1765,-9926,6351,3564,3963,-648,-886,1795,0,-660,-50,61,0
2023-10-31,52800,55400,52500,54300,193467,10505258100,5.2326,-29942,-34663,66224,52503,3282,43313,-681,0,-32193,-1555,-64,0
2023-11-01,55700,56700,53400,54600,93243,5091067800,0.5525,8142,-27598,15787,-2493,2116,4222,-122,-155,13120,3590,79,-901
2023-11-02,54800,54800,52400,52900,124286,6574729400,-3.1136,13743,-7383,-5680,-26987,-3097,12007,206,-77,14217,-670,-10,-1949
2023-11-03,53700,54400,52400,53600,70534,3780622400,1.3233,-8215,-5227,13463,5830,9839,-1386,516,0,-1273,0,-21,-63
2023-11-06,53800,54300,52200,54300,113322,6153384600,1.306,5706,11645,-17646,-9767,-24580,11646,228,0,4879,247,48,-52
2023-11-07,53800,54300,52100,52200,68001,3549652200,-3.8674,21518,8237,-30017,-10191,-637,-16154,-1352,0,-1617,251,11,-66
2023-11-08,52800,53300,52000,52400,49529,2595319600,0.3831,940,6523,-7483,-12212,-2837,-408,1702,0,6158,20,0,114
2023-11-09,52400,55600,52200,55600,144983,8061054800,6.1069,-34515,-31758,66517,31214,5838,-2474,7029,0,24910,-181,-63,0
2023-11-10,55000,55500,54200,54700,35928,1965261600,-1.6187,4981,-2095,-2905,-3083,1670,-226,605,0,-1871,-11,30,0
2023-11-13,55500,55500,53200,54300,62983,3419976900,-0.7313,6720,-7062,229,36,-2824,224,1483,0,1310,-87,200,0
2023-11-14,55300,55300,51500,51800,67467,3494790600,-4.6041,3971,-2808,2807,-2480,-3700,131,-2075,-1128,12059,-3950,-20,0
2023-11-15,51900,52600,48100,48400,302874,14659101600,-6.5637,154891,-22263,-139522,-66979,-73066,-3943,-20526,0,26162,6997,-103,-1170
2023-11-16,48600,48650,46700,47150,221064,10423167600,-2.5826,100521,-21328,-78529,-27521,-19860,-3344,-19252,0,-7193,-648,-16,-1359
2023-11-17,47300,47450,46000,46600,128075,5968295000,-1.1665,29497,-37648,6511,12754,-3527,-374,-668,0,-7071,1578,62,5397
2023-11-20,46600,47300,46300,46800,141312,6613401600,0.4292,40113,10390,-50569,-47574,-15536,4383,-6236,0,10194,32,34,4200
2023-11-21,47250,47600,46900,47050,81638,3841067900,0.5342,16235,-21093,4395,-4466,-730,3953,-2593,0,1931,354,109,6300
2023-11-22,47000,47200,46350,46400,105555,4897752000,-1.3815,65955,-28839,-39616,-16492,-17143,2833,-8108,0,-2806,2432,68,2100
2023-11-23,46450,46900,46400,46850,73534,3445067900,0.9698,-2343,12367,-11320,6726,-12185,-764,-4599,0,-498,1462,-166,0
2023-11-24,47000,47300,46600,46700,49994,2334719800,-0.3202,25734,-19756,-7410,-674,-111,-453,-6370,0,-1922,1073,359,2120
2023-11-27,46750,46900,44450,44850,220282,9879647700,-3.9615,91287,8679,-111988,-17977,-99278,3209,-8333,0,10391,11447,575,0
2023-11-28,45050,45600,44750,45000,85807,3861315000,0.3344,20823,-30894,5319,90,-448,654,-2939,0,7962,4733,19,0
2023-11-29,45000,45150,44250,44450,81654,3629520300,-1.2222,24887,-7912,-20586,-8983,-4776,26,-2813,0,-4040,3011,600,0
2023-11-30,44550,44700,43550,43700,218180,9534466000,-1.6873,55272,38339,-93805,-16145,-41528,1712,-43890,0,6046,121,73,0
2023-12-01,43750,45350,43650,45100,154878,6984997800,3.2037,-8380,-2921,10623,12339,6584,5131,-6518,0,-7113,630,48,200
2023-12-04,45700,46100,45100,45900,87138,3999634200,1.7738,-4500,-20252,22216,13603,1494,715,2215,0,1741,2520,16,2448
2023-12-05,46000,46350,45350,45950,89472,4111238400,0.1089,14156,-37599,21079,16430,-223,9440,806,0,-4550,2348,16,-824
2023-12-06,46300,46350,45150,45500,70183,3193326500,-0.9793,16709,-24564,7023,-810,787,1546,-118,0,5618,770,62,0
2023-12-07,45100,46200,45100,46100,88434,4076807400,1.3187,-3526,-8613,12650,13840,2187,1947,-680,-137,-4107,-109,-402,-400
2023-12-08,46400,46400,45650,45750,59103,2703962250,-0.7592,25950,-31792,5411,-990,-207,1959,43,0,4605,203,228,1
2023-12-11,45900,46700,45800,46500,71533,3326284500,1.6393,-15476,1723,14337,2490,292,5312,1924,142,4039,23,-607,138
2023-12-12,46650,47000,46100,46200,78856,3643147200,-0.6452,8354,-26500,18208,-236,2747,1940,1052,0,12705,-72,10,0
2023-12-13,46250,46450,45750,45800,83451,3822055800,-0.8658,13809,-16299,408,5254,2367,1246,4087,-12000,-546,2105,-23,0
2023-12-14,46350,46550,45400,45400,130684,5933053600,-0.8734,17677,14116,-35120,-11353,-12859,-373,-11122,0,433,3383,-56,154
2023-12-15,45400,46100,45100,46050,110805,5102570250,1.4317,-8205,25127,-18283,-2868,-11042,4156,-6742,0,-1787,1358,3,0
2023-12-18,46050,46400,45650,46200,97692,4513370400,0.3257,4961,4568,-4141,6795,-1643,44,-5522,0,-3815,-5423,35,0
2023-12-19,45900,46950,45400,46950,124813,5859970350,1.6234,-29254,-6131,36947,29733,6069,749,254,0,142,-1589,27,0
2023-12-20,47000,47300,46600,47100,82513,3886362300,0.3195,-14224,-12749,26792,4647,8368,637,-2930,0,16071,424,-243,-1
2023-12-21,47000,47250,46550,46850,55384,2594740400,-0.5308,6084,-9688,-642,-7082,619,53,-35,0,3803,4245,1,2000
2023-12-22,47100,47150,46450,46650,67902,3167628300,-0.4269,-9930,4256,5606,4888,-5126,1458,-1062,0,5478,93,-25,-30
2023-12-26,47050,47450,46500,46950,110989,5210933550,0.6431,-43196,2149,40910,5422,-11252,-834,3674,10000,33823,212,-75,77
2023-12-27,46500,46500,44900,45100,134116,6048631600,-3.9404,77381,-54742,-30408,-4648,443,1843,-6405,0,-21564,7251,518,-77
2023-12-28,45150,45900,45100,45600,66495,3032172000,1.1086,-14934,6162,7293,-5334,7117,-7978,-106,0,13483,1502,-23,111
2024-01-02,45400,45600,45000,45000,63170,2842650000,-1.3158,31016,-24543,-7382,-4802,-6461,2991,-3004,-687,4471,904,5,110
2024-01-03,45200,45250,44000,44000,125705,5531020000,-2.2222,61652,-27412,-40161,-14591,-1463,-5152,-185,0,-17322,5629,292,-1448
2024-01-04,43700,44450,43700,44250,67844,3002097000,0.5682,-2169,719,1154,4501,9018,-2030,1003,59,-10897,255,41,-500
2024-01-05,44250,44600,43850,44050,108057,4759910850,-0.452,25820,-12777,-13413,-1343,-896,-7899,-3598,0,-377,312,58,700
2024-01-08,44250,44500,44050,44150,72351,3194296650,0.227,-14366,20721,-6633,-10962,4915,4230,-1174,0,-3642,204,74,0
2024-01-09,44550,44550,44100,44150,42915,1894697250,0.0,803,-385,-1039,-7768,6282,1656,-2816,0,1607,623,-2,0
2024-01-10,44250,44250,42800,42950,103533,4446742350,-2.718,44759,-20755,-25530,-9254,-2400,1561,-2158,-10000,-5717,1222,304,2438
2024-01-11,43250,44000,43000,43500,82862,3604497000,1.2806,-25162,32175,-7034,-4283,3610,2190,-139,60,-8471,-11,32,-1
2024-01-12,43950,43950,43250,43500,43738,1902603000,0.0,-3281,-2957,6138,4218,2993,-126,266,39,-1252,100,0,0
2024-01-15,43850,44050,42950,43000,52384,2252512000,-1.1494,4951,3624,-5768,-2802,-5498,13,-692,0,3211,-2939,132,0
2024-01-16,42850,43000,41350,41450,83236,3450132200,-3.6047,36663,-7338,-30807,-13343,1659,-6692,-8064,0,-4730,1435,47,363
2024-01-17,41500,41500,40400,40500,65795,2664697500,-2.2919,-620,-7382,7625,1949,2301,1877,218,671,1322,373,4,-713
2024-01-18,40750,41450,40650,41200,43812,1805054400,1.7284,-187,11929,-11978,-9067,854,-495,365,0,-3635,201,35,0
2024-01-19,41650,42500,41000,41150,75605,3111145750,-0.1214,-10237,7119,3084,-17037,13393,-1,-1086,0,7815,47,-13,0
2024-01-22,41700,41700,40750,41000,35592,1459272000,-0.3645,12143,-9750,-2781,242,1850,47,-3806,0,-1114,374,14,0
2024-01-23,41400,41650,41000,41350,31011,1282304850,0.8537,-2650,1095,1666,203,1383,3902,-195,0,-3627,-115,4,0
2024-01-24,41250,42050,41050,41900,38282,1604015800,1.3301,354,3792,-5344,-3594,-809,3211,-12,0,-4140,1141,57,0
2024-01-25,42300,42300,41750,42100,39871,1678569100,0.4773,-2929,-2948,4992,4097,44,2913,-3863,0,1800,186,699,1
2024-01-26,41750,43000,41600,42150,46014,1939490100,0.1188,-4908,-4467,9963,7005,1523,4300,552,-11,-3390,111,-699,-16
2024-01-29,42500,45450,41600,44400,155636,6910238400,5.3381,-64099,7450,56134,24218,5753,9402,19626,0,-2865,560,-45,0
2024-01-30,44650,46550,44400,46150,224278,10350429700,3.9414,-107285,17932,87946,15865,29509,8999,32193,322,405,820,587,653
2024-01-31,46150,49400,45400,47900,357248,17112179200,3.792,-155227,10587,146202,27319,34675,44245,34323,2030,2159,-675,-887,1451
2024-02-01,48250,52700,47550,52300,390319,20413683700,9.1858,-122811,36719,90775,2264,39743,21280,21678,967,5643,-3270,-1413,-800
2024-02-02,51400,51400,48550,50600,226878,11480026800,-3.2505,-25348,-8709,33857,3136,17727,13427,-131,-39,9223,-3,203,-9486
2024-02-05,50300,51600,49550,50800,149808,7610246400,0.3953,-22906,42032,-18648,1720,-16995,8652,-448,412,-12173,-199,-279,184
2024-02-06,50800,52700,50500,51500,105570,5436855000,1.378,-27761,33144,3785,3978,-1416,2685,-1060,0,-402,-8930,-238,0
2024-02-07,51900,52500,50700,51800,106771,5530737800,0.5825,-21590,23486,-1239,-2347,-10095,7,-436,-2,11664,-693,36,-30
2024-02-08,52200,52400,51200,52200,107561,5614684200,0.7722,-26109,12005,13786,10159,-1781,-4316,-418,-13,11180,336,-18,-1025
2024-02-13,52500,52500,50100,50600,110435,5588011000,-3.0651,-20852,21781,-467,1575,-3663,-14818,-15065,9800,22168,-394,-68,-464
2024-02-14,50300,51400,49900,50500,84842,4284521000,-0.1976,-1993,21869,-20277,4796,-4778,-11928,1046,0,-9413,527,-126,0
2024-02-15,51500,51600,49000,49650,104071,5167125150,-1.6832,-17216,42583,-22514,1792,649,-24537,-6838,0,6420,-2784,-69,0
2024-02-16,50100,50100,49050,49150,70709,3475347350,-1.007,-8958,15674,-6171,2853,-5729,-2253,-4340,0,3298,-618,73,0
2024-02-19,49100,49950,49000,49650,64280,3191502000,1.0173,-3099,3618,-561,6225,-1886,-8066,-3579,-2186,8931,42,0,0
2024-02-20,50200,50300,49450,49750,67341,3350214750,0.2014,7654,8109,-17302,474,-778,-1182,-9021,0,-6795,1499,40,0
2024-02-21,50100,50800,49550,50100,82313,4123881300,0.7035,-28494,12803,16518,8610,1954,-1196,-617,0,7767,-827,0,0
2024-02-22,50900,50900,49500,49950,62048,3099297600,-0.2994,-590,10959,-10444,1463,-16633,6041,-2837,0,1522,15,60,0
2024-02-23,49950,51400,49600,51000,73546,3750846000,2.1021,-564,-9139,8663,-1306,3693,4932,-1090,-4410,6844,1085,-45,0
2024-02-26,51300,51300,47650,48050,119717,5752401850,-5.7843,22432,-8383,-22117,2453,-4278,-8739,-14722,0,1169,8065,3,2000
2024-02-27,48100,48450,46550,47100,97960,4613916000,-1.9771,2518,6274,-15370,2511,-5695,-11662,-3283,0,2759,6562,16,0
2024-02-28,46650,47150,44900,45600,173104,7893542400,-3.1847,18343,66406,-96482,-57566,789,-22664,-14854,-5699,6512,11534,199,-3000
2024-02-29,45250,45350,44000,44000,125612,5526928000,-3.5088,43041,9378,-52340,-13368,-6942,-9404,-13025,-2000,-5601,-103,24,-2000
2024-03-04,44300,44750,43050,43300,125454,5432158200,-1.5909,41526,-13655,-29251,-13508,-11345,-5598,-1711,0,2911,431,949,0
2024-03-05,43100,43300,42150,42500,106361,4520342500,-1.8476,39819,-37082,-16616,4993,-7396,-4384,-279,0,-10550,13978,-99,1000
2024-03-06,42500,43450,42000,43050,78670,3386743500,1.2941,19589,-26813,7859,2811,-1728,6437,1219,0,-1480,-640,5,600
2024-03-07,43200,43550,42550,43250,50087,2166262750,0.4646,5118,-11815,2537,-5304,6033,-551,3426,0,-1068,4145,15,1
2024-03-08,43750,43750,42850,43450,78353,3404437850,0.4624,2118,-17955,16181,-8443,1899,5150,1440,0,15599,-401,57,536
2024-03-11,43350,43500,42400,42500,118611,5040967500,-2.1864,46656,-10844,-44287,-29915,-7821,-6492,-391,0,332,8002,473,0
2024-03-12,42800,43000,41450,42700,87870,3752049000,0.4706,13670,-10188,-7690,-12550,4647,56,-535,-528,5020,3939,269,-3800
2024-03-13,42650,42950,42400,42650,69072,2945920800,-0.1171,20646,11578,-32253,-20536,1347,-2020,-6391,0,-213,11,18,-4440
2024-03-14,42350,43050,42150,42500,105852,4498710000,-0.3517,9878,25514,-35280,-6100,-5070,-28,1279,0,-25368,-146,34,7
2024-03-15,42250,42750,42000,42250,94672,3999892000,-0.5882,14703,4386,-18169,2960,-6660,-1121,-16220,0,2871,-932,12,1
2024-03-18,42600,43750,41950,42850,96498,4134939300,1.4201,12439,1395,-14385,-4333,520,-602,1536,0,-10116,223,328,-1390
2024-03-19,42500,44200,42200,43650,119178,5202119700,1.867,-28479,15382,11971,12098,11452,-1567,1047,0,-11059,1014,112,0
2024-03-20,44250,44300,43400,43700,62137,2715386900,0.1145,-7400,-3562,2777,-2955,-1595,201,246,0,6880,8192,-7,0
2024-03-21,44100,44450,43700,44000,69508,3058352000,0.6865,-5799,-2516,3664,-7272,-1002,-3172,-1957,-966,18152,4780,-129,-119
2024-03-22,43500,43500,41600,41700,257432,10734914400,-5.2273,119252,-49075,-78927,-35610,-23110,-18293,-12678,-140,11228,7981,769,-324
2024-03-25,41650,41850,40100,40300,174958,7050807400,-3.3573,82281,-2922,-79694,-51855,-11550,-8761,-7268,0,3775,77,258,-4035
2024-03-26,40550,40900,40250,40750,139059,5666654250,1.1166,33657,5495,-42095,-47946,-4835,-2258,-184,180,12948,2046,897,0
2024-03-27,40300,40800,40200,40400,98579,3982591600,-0.8589,11384,2540,-15514,-13427,-3816,-3014,-5042,0,10538,1570,20,-753
2024-03-28,40400,40750,39100,40450,239510,9688179500,0.1238,51792,-10749,-44298,-43435,5698,-11340,12977,0,-8198,3365,-110,0
2024-03-29,41400,41800,40400,40450,163824,6626680800,0.0,-19444,-7687,30986,-6888,25113,7974,-711,0,5497,-3889,34,1
2024-04-01,40650,41700,40350,41600,96899,4030998400,2.843,-33761,40456,-7582,-7434,-872,-682,3364,0,-1958,884,3,0
2024-04-02,41100,41650,40800,41200,81714,3366616800,-0.9615,-7588,13190,-5548,-4588,2384,-98,159,0,-3405,33,-87,0
2024-04-03,41100,41100,40100,40300,92829,3741008700,-2.1845,23095,-20465,-3144,-4197,-1007,4137,746,0,-2823,464,50,0
2024-04-04,40400,40750,39650,39700,82164,3261910800,-1.4888,29707,-14531,-16446,343,-2070,-4170,-973,0,-9576,841,429,0
2024-04-05,39350,40200,39300,39750,90274,3588391500,0.1259,-3677,13393,-8804,2574,-541,-5615,1959,0,-7475,-651,-261,294
2024-04-08,39800,39800,39000,39100,66186,2587872600,-1.6352,39922,-21865,-18739,-4049,-1264,-1525,54,0,-11955,666,16,0
2024-04-09,39150,39300,38700,38900,84085,3270906500,-0.5115,28470,-7949,-20612,-18816,979,526,-2859,0,-255,65,26,-187
2024-04-11,38400,38950,37400,37850,145878,5521482300,-2.6992,8408,14033,-45865,-3467,-1070,-1169,-1203,0,-38956,23387,37,0
2024-04-12,37550,38200,37150,37150,79624,2958031600,-1.8494,24341,-12787,-12976,-4594,-876,-2615,-2709,0,-2183,1388,34,1
2024-04-15,37350,37550,36650,37050,85555,3169812750,-0.2692,11390,-8114,-17627,-18687,-1661,-721,-3440,0,6882,14049,302,0
2024-04-16,36350,37300,35800,36200,105365,3814213000,-2.2942,19691,-1981,-23537,-20217,149,-671,-448,0,-2050,5692,135,-300
2024-04-17,36000,36950,35650,36550,123335,4507894250,0.9669,-9859,16731,-5972,-12929,4687,1959,7003,-280,-4716,-584,-316,-1696
2024-04-18,36900,37100,36600,36900,67205,2479864500,0.9576,6745,10320,-17894,-5205,-9946,580,-818,42,-2547,798,31,0
2024-04-19,36500,37100,36150,36150,109940,3974331000,-2.0325,30462,11890,-41320,-19391,-1667,-1127,-7664,0,-11472,-1341,309,1
2024-04-22,36450,38400,36250,38350,107494,4122394900,6.0858,-37552,7809,29704,-8485,3306,10917,20831,0,2519,-42,81,616
2024-04-23,37900,38100,37250,37450,95612,3580669400,-2.3468,22493,8461,-31437,-6967,-482,-41295,7452,0,9855,179,304,0
2024-04-24,37900,38100,37250,37800,58057,2194554600,0.9346,8335,3963,-13300,-588,-1003,-1769,-4509,0,-5431,998,4,0
2024-04-25,37450,38200,37400,37650,68044,2561856600,-0.3968,5173,9799,-15147,-13770,-302,-46,3748,0,-5172,383,-208,395
2024-04-26,38000,38000,37100,37450,66982,2508475900,-0.5312,11147,-668,-10801,-12688,-1627,-8232,7768,0,3978,321,1,0
2024-04-29,37700,38550,37350,38550,73722,2841983100,2.9372,-1068,9647,-8226,-13497,-417,-3044,4481,0,4251,-320,-33,0
2024-04-30,38200,38750,37700,38400,124129,4766553600,-0.3891,10552,-16286,5044,-5207,1492,-122,8123,0,758,680,10,0
2024-05-02,38050,38550,38050,38300,35657,1365663100,-0.2604,2246,-6526,4041,5047,218,-514,4835,0,-5545,238,1,0
2024-05-03,38550,39500,38300,38950,54776,2133525200,1.6971,-5176,-4868,8666,4563,341,-459,1046,0,3175,471,907,0
2024-05-07,39400,39450,38500,38900,83601,3252078900,-0.1284,23940,-38989,15556,309,-1012,-111,2584,0,13786,379,-886,0
2024-05-08,39100,39100,38400,38450,49312,1896046400,-1.1568,7523,-5810,-1272,-1590,387,-63,-1466,0,1530,-468,27,-70
2024-05-09,38450,38700,37900,37900,115398,4373584200,-1.4304,24204,-7467,-16970,-5685,348,74,158,0,-11865,201,32,0
2024-05-10,38550,40250,38300,38950,95500,3719725000,2.7704,-36128,19625,15884,731,594,618,1194,221,12265,619,0,261
2024-05-13,39000,39650,38400,38750,45493,1762853750,-0.5135,14840,-19425,4605,859,468,32,1049,0,2197,-29,9,0
2024-05-14,38750,39450,38750,39050,40088,1565436400,0.7742,3917,-10584,6313,2148,767,2419,1194,0,-216,254,100,1
2024-05-16,39400,39750,38800,38850,60930,2367130500,-0.5122,6608,-19966,12158,-1465,-125,2157,-154,0,11745,200,1000,0
2024-05-17,38700,38750,36250,36800,205986,7580284800,-5.2767,115536,-84135,-33670,-13033,-1578,-5912,-6324,0,-6823,1215,1054,0
2024-05-20,37000,37150,36550,36550,45315,1656263250,-0.6793,7611,-7505,-446,-908,-8434,108,3225,0,5563,233,107,0
2024-05-21,36200,36250,35550,35700,147631,5270426700,-2.3256,82695,-49667,-34080,3034,-14259,-18847,654,0,-4656,963,89,-6
2024-05-22,35650,35900,35250,35500,81489,2892859500,-0.5602,37425,-40699,2104,3908,-10831,-31,3111,0,5947,1062,108,0
2024-05-23,35500,35850,35200,35250,99214,3497293500,-0.7042,38866,-20111,-19846,-10877,-10415,-3006,-7,0,4458,875,216,1
2024-05-24,35100,35200,33750,33800,209871,7093639800,-4.1135,132481,-82236,-48789,-2596,-16069,-6980,-3791,0,-19353,-1588,132,0
2024-05-27,33850,34200,33550,34050,107781,3669943050,0.7396,4288,-1533,1108,5878,-14565,-1859,-2786,0,14440,-3891,28,0
2024-05-28,34150,34250,33400,33550,139854,4692101700,-1.4684,66002,-14606,-41235,-5436,-22759,-3716,-5116,-41,-4168,-10332,171,1
2024-05-29,33250,33250,32100,32900,187996,6185068400,-1.9374,24815,-17780,-14485,-4390,-12304,-6769,4170,0,4808,7106,344,0
2024-05-30,32650,32800,32150,32350,202909,6564106150,-1.6717,40788,19642,-61779,-25102,-15240,-5415,7012,0,-22707,1353,-4,-327
2024-05-31,32500,34750,32250,33950,485066,16467990700,4.9459,-19081,-34248,53965,-7468,-3541,10139,10265,0,44913,-611,-25,-343
2024-06-03,34150,34250,33100,33700,166430,5608691000,-0.7364,28557,-18727,-10449,4225,-11431,-1812,4495,0,-6592,416,203,666
2024-06-04,33600,33700,32850,33200,111961,3717105200,-1.4837,29403,-9922,-19747,2160,-15395,-1006,-101,0,-5405,250,16,0
2024-06-05,33300,33500,33050,33100,138029,4568759900,-0.3012,24151,887,-25378,-3111,-12795,-1488,117,0,-8101,335,5,0
2024-06-07,33250,34100,33250,33600,163433,5491348800,1.5106,-14776,51913,-37588,-23959,-3535,-15331,356,0,3431,394,57,1450
2024-06-10,33300,33300,32300,32500,121479,3948067500,-3.2738,41538,-22476,-22457,-3225,-9595,-253,2002,0,-12236,3383,12,850
2024-06-11,33800,36800,33600,35200,772857,27204566400,8.3077,-121903,126458,6074,-5798,-19841,7680,6977,0,17057,-11235,606,-1
2024-06-12,34950,35000,34050,34300,218711,7501787300,-2.5568,39537,-26012,-24258,14314,-19288,-14202,-1876,0,-3206,10660,73,0
2024-06-13,34350,34950,34200,34200,192360,6578712000,-0.2915,2378,50121,-54576,-1512,-24409,96,-1036,0,-25413,2016,61,-2302
2024-06-14,34250,34450,33850,34250,105721,3620944250,0.1462,648,9853,-10308,-78,-12798,1067,5762,0,-4251,-488,295,-10
2024-06-17,34350,34500,33850,33950,82308,2794356600,-0.8759,10539,-8573,-1713,3720,-15393,-894,-180,0,11034,-319,66,0
2024-06-18,33950,34200,33350,33400,90260,3014684000,-1.62,8761,-607,-8368,-663,-2027,-16945,-136,0,11708,149,65,-305
2024-06-19,33500,33800,33250,33450,90186,3016721700,0.1497,-7802,-268,8426,-2622,-17652,629,-1908,-19,29998,-344,-12,0
2024-06-20,33450,34450,33400,34100,101046,3445668600,1.9432,-20015,4994,14628,3183,-19942,36,3962,0,27389,393,0,0
2024-06-21,34100,34400,33800,33850,104155,3525646750,-0.7331,10409,-20839,7793,4996,-22999,216,-177,-762,26519,2637,0,0
2024-06-24,33900,34300,33700,33850,65333,2211522050,0.0,-4677,-3257,7929,-552,-12329,-4548,-7,0,25365,5,0,0
2024-06-25,34250,34550,33950,34450,76979,2651926550,1.7725,-10748,12357,-1076,2840,-12884,-277,-394,0,9639,68,-601,0
2024-06-26,34250,34700,33800,34600,98101,3394294600,0.4354,-1778,-12479,15083,12396,-14355,381,-1458,0,18119,-803,-23,0
2024-06-27,34300,35200,34150,34950,117529,4107638550,1.0116,-10246,-11630,22210,12416,-907,230,-107,89,10488,-354,20,1
2024-06-28,35150,35150,34450,34850,96249,3354277650,-0.2861,-363,-37077,37450,12506,7658,-233,683,0,16837,19,-29,-1
2024-07-01,34500,35050,34350,34800,51089,1777897200,-0.1435,-1180,-18836,20260,1641,-419,-1512,-259,0,20809,-94,-150,0
2024-07-02,34550,34850,34500,34600,51200,1771520000,-0.5747,-1984,-18075,20058,2400,-2085,-170,-2144,0,22572,1,0,-515
2024-07-03,34600,34800,34250,34250,58917,2017907250,-1.0116,7599,-31810,24248,996,-200,-1038,-627,0,25434,-37,0,-317
2024-07-04,34550,35200,34150,35200,94178,3315065600,2.7737,-15378,-16878,32049,16555,-16430,-919,3297,0,29546,206,1,0
2024-07-05,35200,36950,35150,36550,233904,8549191200,3.8352,-64658,-10214,74128,18264,-6147,1681,22970,0,37361,795,-51,-1
2024-07-08,36550,37900,36150,37550,186559,7005290450,2.736,-38003,12510,25407,2814,2876,-281,3864,0,16134,90,-4,0
2024-07-09,37850,37900,37500,37600,106178,3992292800,0.1332,-10747,-5102,17022,2829,-3089,455,-274,0,17101,-1269,96,0
2024-07-10,37250,37700,36800,37050,90354,3347615700,-1.4628,15687,-17487,1763,-3829,-2334,-162,-3130,0,11218,44,-7,0
2024-07-11,37050,38300,37000,37950,130097,4937181150,2.4291,-35597,14600,22664,6972,1121,-6,923,0,13654,-1337,-330,0
2024-07-12,38250,39400,37950,38450,168891,6493858950,1.3175,-18194,-19313,39193,-822,475,8204,-3338,0,34674,-1749,63,0
2024-07-15,38450,38600,37750,38150,114982,4386563300,-0.7802,-13931,-4273,19525,-12195,52,-26,1601,0,30104,-61,-1260,-11
2024-07-16,38200,38450,37850,38000,89061,3384318000,-0.3932,-33730,722,33077,1021,113,-245,297,0,31891,1,-70,0
2024-07-17,38350,39550,37850,39300,160120,6292716000,3.4211,-53172,3783,51802,1658,8250,8653,175,0,33066,-2272,-141,0
2024-07-18,39600,39650,38200,39600,221422,8768311200,0.7634,-34437,17775,16281,-2342,-4467,-950,267,0,23773,385,-4,0
2024-07-19,39200,39250,37650,37750,106679,4027132250,-4.6717,10056,-16922,13393,-5038,-3347,-748,-335,0,22861,-6535,8,0
2024-07-22,37750,37850,36700,37000,95918,3548966000,-1.9868,-21787,16972,5364,-5947,-5163,-15435,-154,0,32063,-549,0,0
2024-07-23,37250,38650,37250,37800,89500,3383100000,2.1622,-18795,5763,12800,-2024,-6684,-1075,-249,0,22832,232,0,0
2024-07-24,37550,39400,37500,39150,106252,4159765800,3.5714,-31199,-21135,52644,12693,3660,293,7449,0,28549,-265,-45,0
2024-07-25,39000,39000,38400,38700,64921,2512442700,-1.1494,-9556,-19131,29962,1819,-1000,-7,431,0,28719,-1275,0,0
2024-07-26,38800,40400,38500,40000,135121,5404840000,3.3592,-65690,49395,17551,875,-1549,1182,-686,20,18453,-71,-1185,-744
2024-07-29,40000,40600,39000,39500,89053,3517593500,-1.25,7611,-6334,-670,6710,-4098,-2408,-4741,0,4323,-437,-170,-456
2024-07-30,39150,39500,38200,38200,72037,2751813400,-3.2911,6431,-12106,5726,-8401,-66,1067,3,0,13123,-53,2,0
2024-07-31,38550,39150,38250,38850,49768,1933486800,1.7016,-7146,-579,7729,-4720,-851,16,-175,0,13439,-50,46,20
2024-08-01,38500,40450,38500,40050,95612,3829260600,3.0888,-30112,17643,18076,-5209,-1011,541,858,0,22897,-5256,-351,0
2024-08-02,39500,40050,38500,38550,63702,2455712100,-3.7453,-3401,-6589,10354,-8105,-2376,39,-105,0,20901,-370,6,0
2024-08-05,38300,38300,34850,36150,117403,4244118450,-6.2257,-21909,8395,9265,-1440,-1875,70,-26,13,12523,4176,73,0
2024-08-06,37750,37750,35700,36450,114377,4169041650,0.8299,2399,-27091,25073,1159,2270,1705,-399,0,21262,-383,2,-924
2024-08-07,35750,37900,35650,36950,132028,4878434600,1.3717,-1088,-11793,13200,-10930,757,-59,-69,0,23501,-65,-254,0
2024-08-08,36550,37800,36100,37350,92351,3449309850,1.0825,-11217,-6403,17613,2034,4696,1079,454,328,8039,-1,8,983
2024-08-09,37600,38300,37250,38050,63055,2399242750,1.8742,-8706,1297,7538,-6376,5253,44,-114,0,8714,-40,-89,17
2024-08-12,38500,38550,37850,38200,35422,1353120400,0.3942,-8567,666,8392,-4814,69,-111,-112,0,13360,-490,-1,0
2024-08-13,37750,38500,37750,38250,49625,1898156250,0.1309,-12658,11053,2001,-3245,-679,-218,-134,0,6277,-391,-5,0
2024-08-14,38150,38350,37800,38000,35455,1347290000,-0.6536,-3465,-3616,7272,-3664,419,53,-264,0,10728,-191,0,0
2024-08-16,39800,41350,39600,41350,326611,13505364850,8.8158,-127266,103913,34960,-14016,17256,-2846,21578,0,12954,-12452,845,34
2024-08-19,41100,41500,40400,40950,86631,3547539450,-0.9674,-8519,-555,9256,606,2754,1253,-252,-25,5023,-170,-12,-103
2024-08-20,40950,41000,40200,40500,57941,2346610500,-1.0989,2199,5853,-7172,-2171,1315,-315,939,0,-6940,-992,112,0
2024-08-21,40900,40900,39800,39900,42210,1684179000,-1.4815,4433,-1456,-2987,-5000,87,-578,-491,-249,3244,10,0,0
2024-08-22,39800,40350,39650,40200,48550,1951710000,0.7519,-6148,7569,-1401,-8634,1370,471,593,0,4799,-20,0,0
2024-08-23,39950,40000,38450,39250,77617,3046467250,-2.3632,11408,-26229,14737,4373,1887,65,141,0,8271,85,-1,0
2024-08-26,39150,39150,37800,38000,89823,3413274000,-3.1847,19691,-34942,14849,-1743,771,10,95,0,15716,100,302,0
2024-08-27,38400,39300,37850,38800,94060,3649528000,2.1053,-4807,3380,2239,-3748,1226,1197,-1204,0,4768,187,-999,0
2024-08-28,38550,38850,38000,38700,83487,3230946900,-0.2577,3288,6511,-9819,-19018,441,-684,-368,0,9810,91,-71,0
2024-08-29,38400,38650,37950,38100,48267,1838972700,-1.5504,2212,364,-3276,-9148,176,-90,-1127,-167,7108,698,2,-28
2024-08-30,38100,38450,37100,37950,115716,4391422200,-0.3937,43498,-25525,-17164,-21548,-467,-244,-3424,-420,9011,50,-859,-72
2024-09-02,37600,37750,36100,36100,117291,4234205100,-4.8748,53222,-34131,-19769,-14351,-1612,-10183,-7850,0,14227,580,98,0
2024-09-03,36000,36700,35850,36500,100186,3656789000,1.108,-31702,19458,14270,68,15,-4633,-847,1589,18342,-2029,3,-264
2024-09-04,35500,36650,34650,35800,129357,4630980600,-1.9178,934,-12869,11917,355,662,-556,-2373,0,13829,11,7,0
2024-09-05,35900,37450,35350,37250,116880,4353780000,4.0503,-18211,-19650,37601,5620,5468,-6,12919,0,13601,261,-1,-1
2024-09-06,37250,37250,36050,36150,76780,2775597000,-2.953,6392,-24326,17873,-2771,-77,0,0,0,20721,60,1,0
2024-09-09,35100,36850,35000,36550,56748,2074139400,1.1065,1672,-26568,24934,3816,1840,103,515,0,18660,-45,7,0
2024-09-10,36700,37050,36350,36650,32155,1178480750,0.2736,-1062,-4200,5265,-4664,48,-703,208,0,10376,-5,2,0
2024-09-11,37000,37000,36200,36950,48072,1776260400,0.8186,-7804,-488,8768,-4409,-6799,7231,1127,0,11618,-490,14,0
2024-09-12,36700,38200,36650,37750,91112,3439478000,2.1651,-14840,40421,-25525,-365,3063,55,437,0,-29440,-39,-17,725
2024-09-13,38450,38900,37550,38800,75383,2924860400,2.7815,-22266,17514,4787,-18693,1552,4896,-2530,0,19562,-30,-5,0
2024-09-19,39400,39400,37700,38900,81528,3171439200,0.2577,-2349,-23258,25622,15225,5069,5262,531,0,-465,-24,9,0
2024-09-20,39150,39350,38450,38650,64317,2485852050,-0.6427,-4547,-11628,16193,-2482,1395,10758,51,0,6471,-16,-2,0
2024-09-23,39000,39600,38500,39200,42890,1681288000,1.423,-15807,9656,6621,1121,437,548,2869,0,1646,0,-470,0
2024-09-24,39600,40000,38800,40000,56209,2248360000,2.0408,-19992,-1249,22162,4650,-1403,8042,-1513,0,12386,-66,-855,0
2024-09-25,40350,41150,40100,40600,97843,3972425800,1.5,-49087,8501,40879,12918,6864,5161,1665,0,14271,-268,-25,0
2024-09-26,40800,40800,40150,40800,39464,1610131200,0.4926,-5173,-11023,16188,-412,1090,-447,5211,0,10746,17,-9,0
2024-09-27,40700,41300,40200,40700,66664,2713224800,-0.2451,-27086,8350,18974,7588,258,1149,4300,155,5213,-6,-232,311
2024-09-30,41300,41800,40350,40400,61156,2470702400,-0.7371,-10897,6410,8046,2459,879,1043,-59,0,3540,-3563,4,184
2024-10-02,40550,42300,40100,41750,157730,6585227500,3.3416,-69186,94006,-7909,3321,-316,1041,1728,0,-13683,-16854,-57,0
2024-10-04,41750,41750,40600,41300,51254,2116790200,-1.0778,-11504,12136,-652,-814,400,3112,556,0,-3906,20,0,0
2024-10-07,40900,42750,40450,42700,95038,4058122600,3.3898,-22856,24646,8995,9030,2967,-26,148,-1589,-1535,-10784,-1,0
2024-10-08,42350,42800,41600,41600,67285,2799056000,-2.5761,347,7460,-405,3991,-87,4297,69,0,-8675,-7399,-3,0
2024-10-10,42400,43250,41200,42300,108721,4598898300,1.6827,-29691,24588,5164,9403,10551,4191,-32,0,-18950,-22,-39,1
2024-10-11,43000,43450,42100,42500,47537,2020322500,0.4728,-7051,848,6090,436,2281,5529,-754,0,-1402,113,0,0
2024-10-14,42100,43150,42050,42500,40297,1712622500,0.0,-6366,1209,5158,2314,-2016,1655,226,0,2979,-1,0,0
2024-10-15,42700,43850,42200,43650,74100,3234465000,2.7059,-20427,20142,-206,380,-2505,899,-390,0,1410,511,-20,0
2024-10-16,43250,44950,42850,43700,171865,7510500500,0.1145,-25690,-2356,35032,9758,2758,15088,237,0,7192,-6959,-27,-1
2024-10-17,43900,44500,43000,43000,53795,2313185000,-1.6018,-1615,-1223,2988,2401,-2889,6,-59,0,3529,-151,1,0
2024-10-18,43500,43500,42100,42600,30700,1307820000,-0.9302,-6179,-3956,10115,381,-2257,1515,-833,0,11309,18,2,0
2024-10-21,42600,42900,41500,41500,28712,1191548000,-2.5822,-3443,-1121,4576,-1170,-197,2289,15,0,3639,-12,0,0
2024-10-22,41250,41250,40300,41250,38268,1578555000,-0.6024,-4699,-1127,5453,0,-448,6910,-118,0,-891,327,46,0
2024-10-23,41300,41400,40350,40600,51892,2106815200,-1.5758,1184,-7393,6085,47,-4223,7697,1037,0,1526,120,4,1
2024-10-24,40800,40950,40200,40700,30217,1229831900,0.2463,644,2906,-3961,-4444,-7398,99,-431,0,8213,310,101,0
2024-10-25,40400,40500,39750,40100,42288,1695748800,-1.4742,-105,-23,376,3632,-4837,5142,-1633,0,-1928,-160,-88,0
2024-10-28,40750,41300,40150,40900,26186,1071007400,1.995,-2191,-2735,7254,238,0,0,-607,0,7623,-2328,0,0
2024-10-29,40800,41200,39900,40200,27883,1120896600,-1.7115,2090,-8511,6655,6688,-450,-107,169,0,356,-239,5,-1
2024-10-30,40200,40200,39600,39950,43696,1745655200,-0.6219,3094,-14437,13249,13240,-450,3328,37,0,-2906,-1912,6,0
2024-10-31,40300,42300,39400,42300,125757,5319521100,5.8824,-12694,9323,14716,-986,4205,4828,846,0,5823,-11240,-105,0
2024-11-01,42250,42450,41400,41900,52629,2205155100,-0.9456,-894,5446,-3866,-357,70,1288,-110,0,-4757,-690,4,0
2024-11-04,41900,42350,40850,42150,47853,2017003950,0.5967,-210,-9019,9207,5393,-1394,2640,1046,146,1351,17,5,25
2024-11-05,41650,42600,41350,42100,31261,1316088100,-0.1186,-86,2436,-2311,505,-163,-457,-254,0,-1943,-10,-29,1
2024-11-06,41750,42550,41550,42300,40283,1703970900,0.4751,-4647,2562,2385,-2106,1323,3442,-1134,0,860,-300,0,0
2024-11-07,41400,42400,40300,41950,67796,2844042200,-0.8274,-955,1668,-725,8205,-258,-258,-243,0,-8171,12,0,0
2024-11-08,42400,43050,41050,41250,40569,1673471250,-1.6687,3404,-11663,8247,4103,833,88,-1510,0,4733,11,1,0
2024-11-11,40450,41350,39950,40000,27595,1103800000,-3.0303,7220,-5211,-2360,510,149,-529,-327,0,-2163,161,190,0
2024-11-12,39900,40150,37950,38650,76015,2937979750,-3.375,13062,-15713,1654,4857,1238,-641,-3764,0,-36,995,2,0
2024-11-13,37900,39400,37600,39000,41743,1627977000,0.9056,-3630,-4227,8114,-611,-551,2115,2328,0,4833,-85,-172,0
2024-11-14,39400,39700,38700,39100,72733,2843860300,0.2564,-1432,20435,-18974,347,4460,556,-3470,0,-20867,-30,1,0
2024-11-15,39500,40700,38950,40050,103365,4139768250,2.4297,-9938,9961,612,-2535,2970,-386,499,0,64,-630,-5,0
2024-11-18,39150,40600,38500,39300,72821,2861865300,-1.8727,12347,-2252,-7446,-8329,-1925,-2523,12,0,5220,-2650,1,99
2024-11-19,38950,39550,38750,39400,31359,1235544600,0.2545,1739,-4736,3008,-277,-932,-762,1176,0,3803,-10,-1,0
2024-11-20,39050,39450,38300,38300,57825,2214697500,-2.7919,13867,-15145,-1870,5057,-6426,1320,-954,0,-1468,3145,3,601
2024-11-21,38750,39200,38350,38700,36369,1407480300,1.0444,-7066,3557,3598,906,243,-575,-263,0,3287,-65,-24,0
2024-11-22,38500,39300,38500,39050,37129,1449887450,0.9044,-1818,2696,-912,33,500,-667,-15,0,-756,33,1,-7
2024-11-25,39500,39500,38450,38550,43308,1669523400,-1.2804,10959,-16630,5564,5170,-2720,-171,2111,0,1174,110,-3,0
2024-11-26,38200,40300,38200,40200,62457,2510771400,4.2802,-17180,24980,-7771,3998,-4707,-1378,905,0,-6810,-27,-2,221
2024-11-27,40000,41000,39800,40950,57752,2364944400,1.8657,-7509,8649,-590,9041,-8309,-436,4222,0,-5108,-549,-1,0
2024-11-28,41350,41350,39600,40550,39329,1594790950,-0.9768,-1993,-7940,10037,5579,50,-100,-942,-219,5706,-101,-3,-37
2024-11-29,40800,40950,39650,40950,30308,1241112600,0.9864,-3176,3514,-107,270,-688,-217,1436,0,-908,-230,-1,0
2024-12-02,41350,41350,38300,38750,105551,4090101250,-5.3724,27869,-30975,355,-13983,-2040,4285,407,0,10686,2644,107,1000
2024-12-03,39150,41550,39050,41550,122259,5079861450,7.2258,-45933,60691,-14556,-9892,-8598,-1016,-316,0,5266,-82,-120,0
2024-12-04,41400,42250,40300,41350,100568,4158486800,-0.4813,-41240,18275,24214,12986,5064,-289,7615,0,-1161,-1240,-9,-1
2024-12-05,41850,42650,41400,41850,76750,3211987500,1.2092,-19570,2761,20665,17178,1765,-545,-328,0,2595,-3938,82,0
2024-12-06,42800,42900,41850,42050,115765,4867918250,0.4779,-14964,-5496,29151,18441,3002,-711,-297,0,8716,-8756,65,0
2024-12-09,42200,42600,40400,41850,86971,3639736350,-0.4756,-14333,2534,17527,10246,-643,-42,-2144,0,10110,-4820,-908,0
2024-12-10,42200,43400,41950,42950,74174,3185773300,2.6284,-17203,11544,10010,798,272,481,530,0,7928,-4352,1,1
2024-12-11,43250,43900,42400,42950,58358,2506476100,0.0,-12118,-2350,14521,7433,-296,-277,1364,0,6297,-26,-27,0
2024-12-12,43150,43900,42450,43800,110371,4834249800,1.979,-14706,1019,14611,20705,18325,165,4234,0,-28819,-948,24,1
2024-12-13,43300,44050,43100,43600,51707,2254425200,-0.4566,-6443,-1384,8224,3983,-1959,-1257,7488,0,-31,10,-407,0
2024-12-16,43200,43700,41500,41600,56304,2342246400,-4.5872,16357,-7880,-10121,-6694,-3188,395,-326,0,-308,1640,4,0
2024-12-17,41650,42000,41000,41650,76285,3177270250,0.1202,8924,-5379,-3688,-4132,-4264,-4566,-91,0,9365,882,-739,0
2024-12-18,41450,41900,41000,41700,59639,2486946300,0.12,3715,-16504,12776,13934,-2538,-1286,-1381,0,4047,-5,18,0
2024-12-19,41050,43550,40600,42250,71278,3011495500,1.3189,-13057,16836,-1231,6452,42,591,-6936,0,-1380,-2538,-10,0
2024-12-20,41850,42950,41850,42100,49650,2090265000,-0.355,-1358,-5121,6479,9085,1093,1524,-518,0,-4705,0,0,0
2024-12-23,42500,42800,42100,42800,29870,1278436000,1.6627,-3392,-3115,7511,-2261,577,-323,-1084,0,10602,-1003,-1,0
2024-12-24,42400,43200,42100,42550,25770,1096513500,-0.5841,-5990,4806,387,-211,1573,-421,833,0,-1386,786,11,-1
2024-12-26,42800,42950,42000,42600,30567,1302154200,0.1175,-6537,-4272,10798,5297,6001,-56,1438,0,-1953,6,5,71
2024-12-27,42250,42400,41100,41450,38127,1580364150,-2.6995,3006,-3819,731,11156,-393,719,-4728,0,-6023,80,2,0
2024-12-30,41450,42400,40900,42400,29227,1239224800,2.2919,-4052,-2175,6317,6612,1055,-61,-11,0,-1278,-90,0,0
2025-01-02,41600,42000,40400,40550,46429,1882695950,-4.3632,10185,-8281,-1954,5636,-1331,32,3190,0,-9481,110,-60,0
2025-01-03,40550,41600,40550,41500,47620,1976230000,2.3428,-7243,2993,4331,7600,-738,-2356,-228,0,53,-73,-8,0
2025-01-06,41200,42400,41200,41500,41770,1733455000,0.0,-3814,4403,-592,11758,-849,-4187,-6583,0,-731,3,0,0
2025-01-07,41500,41900,41050,41150,49476,2035937400,-0.8434,-45,-6473,6477,-179,1498,5859,-238,0,-463,20,21,0
2025-01-08,40900,41500,40650,40850,40638,1660062300,-0.729,8155,-5475,239,1548,1251,3005,-804,0,-4690,-2921,2,-71
2025-01-09,40550,41050,40400,40700,52295,2128406500,-0.3672,607,6360,-6942,-279,1622,870,-3239,0,-5916,-25,0,0
2025-01-10,40500,41250,39550,40050,95446,3822612300,-1.5971,-6501,21706,-14531,8776,-3521,-2419,-6666,0,-10701,-816,142,0
2025-01-13,39650,40000,38800,39800,57516,2289136800,-0.6242,-920,-5230,4808,882,-25,2444,-23,0,1528,1352,-10,2
2025-01-14,40000,40700,39450,40550,52216,2117358800,1.8844,-10008,16074,-2701,-7039,2180,1704,-184,0,638,-3365,0,0
2025-01-15,40650,41350,40400,40650,34669,1409294850,0.2466,-6228,13411,-6858,2072,-640,-1411,-691,0,-6188,-188,-137,0
2025-01-16,41050,41050,40150,40800,34218,1396094400,0.369,6686,-3433,-5914,-909,-721,-2767,-1678,0,161,2617,44,0
2025-01-17,40350,40850,40300,40400,30777,1243390800,-0.9804,-3112,6170,-3444,-4574,-782,4918,-2841,0,-165,384,2,0
2025-01-20,40400,40850,40250,40700,21507,875334900,0.7426,-8900,7548,1057,-287,427,1043,473,0,-599,294,1,0
2025-01-21,40900,41200,40300,40900,33754,1380538600,0.4914,-7747,10920,-3039,-527,-2501,-9,-1582,0,1580,-137,3,0
2025-01-22,41250,41350,40500,40850,31744,1296742400,-0.1222,-6150,2986,3121,-2585,-1516,6234,-2098,0,3086,13,30,0
2025-01-23,41200,41900,40400,41550,68023,2826355650,1.7136,-11391,20611,-6234,4739,-3804,-593,-189,0,-6352,-3002,16,-35
2025-01-24,41900,42900,41300,42200,59618,2515879600,1.5644,-18873,15928,5017,6459,547,416,-2871,0,467,-2212,140,-1
2025-01-31,42900,44150,42100,43950,110171,4842015450,4.1469,-38287,31690,6631,3253,9234,-344,-3074,0,-2403,-1,-33,-35
2025-02-03,43050,43550,41500,43200,67196,2902867200,-1.7065,-6706,-656,7408,17802,-420,-4130,728,0,-6562,46,-92,-10
2025-02-04,43200,44100,42900,43100,57003,2456829300,-0.2315,-13329,14635,-824,2864,-344,115,-262,0,-3197,-532,50,0
2025-02-05,43450,43600,42650,42950,44771,1922914450,-0.348,-2357,-9441,12169,13615,-1957,-351,-274,0,1136,-371,0,0
2025-02-06,42550,44650,42550,43450,61772,2683993400,1.1641,-10993,5714,5892,3434,120,-2213,73,0,4478,-10,-603,0
2025-02-07,43050,45450,43050,44550,85244,3797620200,2.5316,-25154,13115,12618,21044,-164,44,1614,0,-9898,-600,21,-22
2025-02-10,44550,46150,44150,45700,80640,3685248000,2.5814,-21215,16048,8584,8546,-1154,1529,-2758,0,2421,-3392,-25,0
2025-02-11,45700,45950,45300,45450,38351,1743052950,-0.547,-4520,-4813,10193,10067,-438,86,-1132,0,1610,-771,-89,0
2025-02-12,46200,47000,45450,46000,60585,2786910000,1.2101,-22922,10401,14609,4440,4031,4833,-4471,0,5776,-2093,5,0
2025-02-13,46250,46300,45250,45700,43917,2007006900,-0.6522,-3100,1075,2083,16,4170,-6147,-76,0,4120,-88,30,0
2025-02-14,45700,45750,43600,44300,66358,2939659400,-3.0635,3995,-11344,6692,8857,-526,-508,-8644,0,7513,701,-44,0
2025-02-17,44500,44500,42000,43700,74457,3253770900,-1.3544,4803,10925,-16250,911,751,-14629,-767,0,-2516,521,1,0
2025-02-18,43150,44900,43150,44600,69632,3105587200,2.0595,-10921,12007,-1204,-2435,133,-3284,-1448,0,5830,-20,138,0
2025-02-19,44100,45350,44100,44400,54173,2405281200,-0.4484,-8813,777,9536,-7231,6367,-2,-2749,0,13151,-1500,0,0
2025-02-20,44100,44800,43550,44300,42627,1888376100,-0.2252,1283,2165,-3417,3127,-7807,-870,-7930,0,10064,16,-47,-1
2025-02-21,44000,44650,43650,44100,33251,1466369100,-0.4515,-3762,-6909,13826,5879,-303,-43,-321,0,8614,-3158,3,0
2025-02-24,44450,45500,43800,45100,53621,2418307100,2.2676,-5789,8629,695,5055,-3683,-1652,-3892,0,4867,-3535,0,0
2025-02-25,44600,46850,44400,46500,63859,2969443500,3.1042,-16987,8029,10678,7615,2258,-569,-2471,0,4778,-1718,-2,-933
2025-02-26,46900,46900,45350,46500,44180,2054370000,0.0,-808,4384,-3653,-9700,-2342,-88,-737,0,9108,26,51,106
2025-02-27,46050,47400,45950,47400,47521,2252495400,1.9355,-13894,13919,39,94,-594,-1078,-76,0,2634,11,-75,-941
2025-02-28,47300,48000,46250,47650,70688,3368283200,0.5274,-17260,16937,345,-366,-2820,303,697,0,2531,-11,-11,0
2025-03-04,47750,48900,46700,46850,92528,4334936800,-1.6789,-7808,36178,-28342,-20599,-8295,-398,-2419,-239,3733,-2,-26,-125
2025-03-05,46700,47500,46300,46800,57443,2688332400,-0.1067,-5664,954,4754,-983,-2757,1694,-420,0,7220,7,-51,0
2025-03-06,46700,47400,45450,46600,60264,2808302400,-0.4274,113,13598,-13738,-16900,1277,-3196,-5231,0,10312,20,7,0
2025-03-07,46850,48100,46250,46550,48278,2247340900,-0.1073,-2743,-2853,5575,-1544,182,1137,-967,0,6767,32,-11,0
2025-03-10,46150,47500,46050,46800,50663,2371028400,0.5371,-1450,10321,-8912,-1708,-17537,-391,-316,0,11040,42,-1,0
2025-03-11,45800,47450,45800,46650,97563,4551313950,-0.3205,-8089,-2843,10941,8616,1803,415,-6495,0,6585,-10,1,17
2025-03-12,46150,47800,46150,46650,37491,1748955150,0.0,-3333,-3806,7119,1780,-956,1025,-434,0,5704,25,-5,0
2025-03-13,46250,47450,46000,47150,65656,3095680400,1.0718,-3197,-16153,19374,14188,5643,-2150,-739,0,2432,-22,-2,0
2025-03-14,46950,47400,46250,47250,41748,1972593000,0.2121,-1268,-6197,7469,10310,-2326,-2137,-2050,0,3672,-1,-3,0
2025-03-17,47500,49600,47250,49600,53541,2655633600,4.9735,-22122,-6016,28506,19465,2739,648,652,0,5001,-299,-69,1
2025-03-18,49500,50800,49300,49850,50455,2515181750,0.504,-11563,6812,4890,-7384,1853,91,-1106,-145,11658,-30,-109,-77
2025-03-19,50000,52200,49850,52000,97558,5073016000,4.3129,-12007,7442,2193,2709,-8301,-1048,-1115,-94,10092,1436,936,-50
2025-03-20,52000,53200,51900,52800,60125,3174600000,1.5385,-12603,-4485,17545,4118,-340,157,2701,2486,8423,-380,-77,0
2025-03-21,52400,53400,52200,52700,174938,9219232600,-0.1894,-8016,-3165,11163,5104,-2787,4303,-262,0,4806,9,9,-1
2025-03-24,52200,52700,50100,51400,75245,3867593000,-2.4668,-2096,-12500,14578,3922,-8998,5986,-238,387,13355,21,-3,164
2025-03-25,50200,51300,49800,51100,39286,2007514600,-0.5837,-7961,2455,5501,667,-5501,-2487,-132,0,13333,3,2,-379
2025-03-26,51600,51600,50100,50100,35607,1783910700,-1.9569,-3600,-37,3933,-78,-1698,-1564,1144,0,4148,0,-296,1981
2025-03-27,50100,50300,49350,49400,39389,1945816600,-1.3972,-2264,-7072,9362,4340,-3617,-3728,352,0,11015,-18,-8,1000
2025-03-28,50300,50400,48400,49050,25283,1240131150,-0.7085,-309,-3590,3872,-2768,107,60,-83,0,6555,26,1,1
2025-03-31,48050,49500,47800,49000,58205,2852045000,-0.1019,-5232,-1192,6478,3825,1745,-1390,-60,0,2358,-55,1,0
2025-04-01,49100,49750,48250,48250,62744,3027398000,-1.5306,2224,-8767,4564,9972,-658,271,-4367,0,-654,1978,1,0
2025-04-02,48000,50000,48000,49400,46504,2297297600,2.3834,-4111,4737,-597,101,3177,187,-106,998,-4953,-30,1,-1
2025-04-03,47550,48400,42800,44050,222995,9822929750,-10.83,55482,-25860,-31977,-24201,-1193,15001,-6028,-986,-14141,2317,38,-429
2025-04-04,43100,44250,41950,44100,68152,3005503200,0.1135,-5727,2572,3218,-8653,2295,8532,27,-1500,2517,-7,-56,0
2025-04-07,43100,43950,42150,43300,64685,2800860500,-1.8141,-35,-1157,884,4088,-3145,-5729,7489,0,-1819,304,4,0
2025-04-08,43750,44050,41800,41900,45143,1891491700,-3.2333,3355,-6905,3486,1918,2528,785,158,0,-1904,64,0,1
2025-04-09,42000,43450,41800,43100,79503,3426579300,2.864,-4604,-21632,22562,7703,13546,1784,14782,0,-15253,3591,83,0
2025-04-10,45600,46900,44700,45600,100078,4563556800,5.8005,-10402,-11869,23434,19356,5452,12077,8976,0,-22427,-1163,0,0
2025-04-11,44650,45600,44350,45000,47774,2149830000,-1.3158,-444,5392,-4958,-848,-3292,-885,2872,0,-2805,10,0,0
2025-04-14,44550,46400,44550,45700,32876,1502433200,1.5556,-4112,3862,655,317,1921,-2692,3059,0,-1950,-405,0,0
2025-04-15,45450,46750,45400,46300,36023,1667864900,1.3129,-4429,-920,5338,4967,174,3212,-256,0,-2759,8,3,0
2025-04-16,46300,46600,45900,46300,32148,1488452400,0.0,-3615,3560,-1925,1158,-233,-1950,-112,0,-1151,1980,0,363
2025-04-17,46850,46850,45800,45850,23501,1077520850,-0.9719,-1026,-5499,6519,0,-315,-2321,2393,0,5762,6,0,1000
2025-04-18,45800,46750,45750,46450,8710,404579500,1.3086,-2517,3605,-1028,-33,-71,-179,87,0,-832,-69,9,0
2025-04-21,46700,46700,45200,45900,15738,722374200,-1.1841,877,-477,-474,451,14,-39,517,0,-2519,68,6,1102
2025-04-22,45900,45950,45300,45750,21956,1004487000,-0.3268,-1069,4270,-3282,-203,-2849,224,-506,0,52,79,2,0
2025-04-23,46200,46250,45350,46000,36824,1693904000,0.5464,79,-4560,4219,-4436,-533,-1139,-186,0,10513,259,3,0
2025-04-24,45650,47350,45550,47200,40004,1888188800,2.6087,-5917,4929,1039,1067,-2137,10807,161,0,-8859,-45,-6,0
2025-04-25,47200,47750,46950,47200,27495,1297764000,0.0,-1022,-1569,2601,-66,-3553,-150,-710,0,7080,-10,0,0
2025-04-28,46500,47150,46200,46550,23049,1072930950,-1.3771,1850,19,-1905,-3576,-3175,2138,-453,0,3161,36,0,0
2025-04-29,46650,47900,46350,47350,17314,819817900,1.7186,-3779,-2437,5919,100,89,909,-48,0,4869,350,-53,0
2025-04-30,46200,47750,46100,47350,25954,1228921900,0.0,-1087,3930,-2948,602,1355,-1949,-618,0,-2338,7,98,0
2025-05-02,46400,47650,46400,47500,39657,1883707500,0.3168,-2656,-6433,10871,4464,-362,162,833,0,5774,-1761,-21,0
2025-05-07,48150,48350,45900,45950,43841,2014493950,-3.2632,8259,-11210,3851,4035,-1012,1019,-2617,0,2426,-722,-178,0
2025-05-08,45850,46550,45750,45750,68188,3119601000,-0.4353,-1134,-12664,15374,1171,-838,-483,-377,0,15901,-1281,-295,0
2025-05-09,45750,46900,45100,46650,68427,3192119550,1.9672,-12891,6906,9699,10175,-2565,-302,1069,0,1322,-2731,-983,0
2025-05-12,46350,47250,46100,47200,26828,1266281600,1.179,-4552,-2027,7231,1540,211,1524,148,0,3808,-1,-651,0
2025-05-13,46300,51100,46100,51000,85102,4340202000,8.0508,-20694,2094,18734,10709,10072,-108,-8,0,-1931,-119,-15,0
2025-05-14,51000,52500,50600,51900,84687,4395255300,1.7647,-10915,776,10198,3054,1373,299,804,0,4668,12,-71,0
2025-05-15,50900,52500,50600,50600,34394,1740336400,-2.5048,-6347,18066,-12246,1000,-399,-2470,-5858,0,-4519,412,115,0
2025-05-16,51000,53200,50000,53100,80518,4275505800,4.9407,-15860,-9566,26722,17269,9161,-2729,7245,559,-5170,-1120,-176,387
2025-05-19,53600,54100,51900,53400,40601,2168093400,0.565,-4318,-7923,12111,2739,10522,-342,5743,0,-6551,404,-274,0
2025-05-20,53600,57100,53400,55800,95292,5317293600,4.4944,-21780,-7533,28944,21129,9064,-12928,6876,0,4803,457,-88,0
2025-05-21,57000,57900,55900,57300,74417,4264094100,2.6882,-9266,-9926,19953,2301,6732,2912,8199,0,-191,-763,2,0
2025-05-22,56700,58200,56200,57900,63155,3656674500,1.0471,-4031,-7512,11927,7353,2556,7322,698,0,-6002,-364,-20,0
2025-05-23,56800,59900,56700,58700,59549,3495526300,1.3817,-9780,3402,7317,50,2377,5713,2647,0,-3469,-929,-10,-1
2025-05-26,59600,60800,59200,60800,59030,3589024000,3.5775,-13059,7798,5361,-9792,375,5668,-1544,0,10654,-1,-99,0
2025-05-27,60000,60700,58200,58900,48671,2866721900,-3.125,-2289,6297,-4239,-3217,-2116,889,-3346,0,3550,230,1,1
2025-05-28,58400,59500,57200,58600,74223,4349467800,-0.5093,-6219,28181,-21500,-7427,-8538,-986,-16129,0,11602,-587,125,-22
2025-05-29,59200,60800,58400,60500,68445,4140922500,3.2423,-18609,-3185,22431,7011,1050,2772,884,0,10773,-338,-299,-59
2025-05-30,59900,61700,59800,60700,59701,3623850700,0.3306,-2917,-3181,8618,9873,-140,282,-1049,0,-348,-2489,-31,0
2025-06-02,58900,60300,58500,59700,42810,2555757000,-1.6474,-1377,7249,-5024,-2614,-288,822,-697,-7,-2240,-846,-2,0
2025-06-04,58500,62900,58400,61500,69921,4300141500,3.0151,4052,-2180,-2043,-3214,-178,-762,-54,-24,2189,-8,179,0
2025-06-05,60200,61200,59000,60600,118643,7189765800,-1.4634,11695,-7369,-7417,-4846,-4034,-5744,-3712,0,10934,3113,-22,-15
2025-06-09,62500,62900,60800,60800,51814,3150291200,0.33,1772,9009,-10232,-698,-2085,-2047,-37,-2,-3252,-568,19,-2111
2025-06-10,59800,62300,59800,62100,52746,3275526600,2.1382,-4446,7325,-2022,-2882,-322,-81,-4075,-127,5938,-833,-24,-473
2025-06-11,61300,62100,59600,60800,80228,4877862400,-2.0934,-3498,14765,-10287,-3446,-5193,-1256,-3294,-5561,8692,-981,1,-229
2025-06-12,60200,61400,60100,60800,80485,4893488000,0.0,-3093,-4061,7387,-3319,6767,-866,-4860,0,9668,-253,20,-3
2025-06-13,60100,61400,59100,59300,58040,3441772000,-2.4671,3763,7236,-11226,-3515,-4527,-2447,-1892,0,1155,-203,430,0
2025-06-16,60300,60600,58700,60300,56167,3386870100,1.6863,-4518,21335,-16796,-13488,-7181,-2205,-2988,0,9066,-33,12,0
2025-06-17,59700,60500,59300,60100,43393,2607919300,-0.3317,-1142,5245,-4049,-675,-1103,-1171,-8238,0,7138,-54,0,0
2025-06-18,59300,59300,56600,57300,92788,5316752400,-4.6589,10943,11741,-23935,-8386,-12579,-2995,-7922,121,7747,1238,13,79
2025-06-19,57300,59000,57300,59000,51463,3036317000,2.9668,-13109,12972,428,-514,-1304,2808,-3065,0,2527,-291,0,-24
2025-06-20,59500,60300,58500,59900,61009,3654439100,1.5254,-2221,2269,742,-2222,-3652,-48,-2431,-78,9355,-872,82,-182
2025-06-23,59400,60500,58700,60000,102580,6154800000,0.1669,-1810,25522,-23719,750,-3286,-7141,-495,0,-13520,220,-213,-27
2025-06-24,60800,61200,60000,60500,78234,4733157000,0.8333,-16714,22847,-601,-4977,-4683,-1117,-3237,0,13580,-5529,-3,-167
2025-06-25,60000,62000,59800,61800,58723,3629081400,2.1488,-6709,19576,-13797,-1594,-4507,-4227,-278,0,-3191,930,0,0
2025-06-26,62000,64600,61900,62900,71593,4503199700,1.7799,-6566,7572,1775,-1704,-737,-467,900,0,3783,-2736,-45,0
2025-06-27,63400,64500,61500,63600,66916,4255857600,1.1129,-5344,13418,-7979,-8164,-684,-55,-573,0,1497,-95,0,0
2025-06-30,65000,65800,62900,63200,60196,3804387200,-0.6289,-1342,15409,-13746,-20588,40,1611,68,0,5123,-379,58,0
2025-07-01,62600,64300,62400,64000,49844,3190016000,1.2658,-4386,5683,-187,-1481,-3747,2745,-1352,0,3648,-1110,0,0
2025-07-02,62800,63800,62200,62900,62797,3949931300,-1.7188,-8255,10914,-1900,0,-17056,-300,-3210,0,18666,-516,-243,0
2025-07-03,64100,64900,61000,61500,71804,4415946000,-2.2258,4167,-1760,-2336,-6065,-5022,477,-260,0,8534,-51,-20,0
2025-07-04,61400,62200,59000,59400,42006,2495156400,-3.4146,1745,-535,-2376,-1882,-3630,1392,-335,0,2079,1166,0,0
2025-07-07,60500,60500,58200,58900,38647,2276308300,-0.8418,-2675,13454,-10740,-9416,-2580,333,1722,0,-800,-39,0,1
2025-07-08,60200,60200,58500,59300,30699,1820450700,0.6791,-1186,3247,-2033,-3398,-439,1278,-585,0,1111,-226,198,0
2025-07-09,58700,60300,58600,59200,46485,2751912000,-0.1686,9802,4780,-14737,-13113,1536,587,-4878,0,632,155,0,499
2025-07-10,59100,60300,58800,59800,53058,3172868400,1.0135,1380,1251,-2802,-11156,6239,-1281,-3888,0,7284,71,100,0
2025-07-11,59200,60600,58800,60200,47650,2868530000,0.6689,-55,-6143,6347,3917,2660,-562,-1377,0,1709,-171,22,0
2025-07-14,59600,62600,58700,62400,64042,3996220800,3.6545,-6382,-9666,16414,5035,5391,1542,1123,-66,2938,-206,-160,451
2025-07-15,61200,62400,59900,61700,80878,4990172600,-1.1218,1334,-9688,8424,11951,-3508,2132,-1358,-166,-627,-73,3,0
2025-07-16,61000,62100,59900,60300,56483,3405924900,-2.269,8134,-11175,3527,1791,-48,-614,-237,0,2635,-487,1,0
2025-07-17,60600,60900,59000,59700,49516,2956105200,-0.995,4024,-416,-3745,-15368,660,178,1703,0,9082,70,67,0
2025-07-18,59200,60300,59100,60200,25779,1551895800,0.8375,-2467,-141,2606,-1915,1968,-30,135,0,2448,-38,40,0
2025-07-21,60000,60300,59300,59900,39077,2340712300,-0.4983,700,5977,-6637,-10198,888,527,-568,0,2912,-7,-33,-198
2025-07-22,59200,60000,59100,59700,21493,1283132100,-0.3339,-766,137,643,3880,-222,-664,241,0,-2592,-14,0,0
2025-07-23,60400,60700,58500,59400,59179,3515232600,-0.5025,376,8089,-8633,-17050,73,964,237,-25,7168,147,21,0
2025-07-24,59400,61100,59400,60100,37228,2237402800,1.1785,-8324,5030,3629,-1496,-273,1046,4195,0,195,-305,-30,-38
2025-07-25,59500,60100,58900,59200,35035,2074072000,-1.4975,3953,-5674,2377,6359,-1002,-33,-3525,0,578,-656,0,0
2025-07-28,59700,60700,58300,59100,51667,3053519700,-0.1689,-131,12624,-12514,-21016,-1310,1089,57,0,8666,21,0,0
2025-07-29,58600,59800,58300,59800,45467,2718926600,1.1844,-5165,13463,-8035,-13060,-2071,5,-30,0,7121,-259,-4,0
2025-07-30,59100,60900,59100,60600,47063,2852017800,1.3378,-6518,17070,-10933,-14905,-1960,664,-1485,0,6753,381,0,0
2025-07-31,59500,60500,59300,60500,25095,1518247500,-0.165,-554,87,487,-502,-24,1816,-661,0,-142,-20,0,0
2025-08-01,59400,60000,57200,57300,52440,3004812000,-5.2893,4253,1092,-4103,5604,-1979,702,435,0,-8865,-1242,0,0
2025-08-04,56800,58800,56200,57600,44572,2567347200,0.5236,178,13664,-13968,-17219,-695,1110,-2770,-532,6138,131,-5,0
2025-08-05,57800,58800,57800,57900,26649,1542977100,0.5208,1489,2958,-4426,-1558,2439,694,-1383,0,-4618,-21,0,0
2025-08-06,58000,59500,57600,59300,18565,1100904500,2.418,-2844,3379,-541,-800,162,493,60,0,-456,6,0,0
2025-08-07,58900,60100,58800,59200,25077,1484558400,-0.1686,-1521,1440,935,200,-281,264,-202,0,954,-849,-5,0
2025-08-08,59100,59600,58300,58900,32445,1911010500,-0.5068,4888,-1947,-2914,-3982,-343,10,-611,0,2189,-30,3,-177
2025-08-11,59100,59200,58200,58200,27934,1625758800,-1.1885,1336,2355,-3691,-5689,-48,2083,-261,0,224,0,0,0
2025-08-12,57800,59000,57700,58000,36018,2089044000,-0.3436,1067,7409,-8062,-9434,-945,1172,153,0,992,-405,-9,0
2025-08-13,58000,58600,57200,57600,26514,1527206400,-0.6897,-662,5264,-4619,-5423,-375,191,-345,0,1333,17,0,0
2025-08-14,57900,58400,57400,58000,29534,1712972000,0.6944,573,2170,-2362,-1286,1716,98,-1273,0,-1617,-381,0,0
2025-08-18,57600,58600,57000,57300,25251,1446882300,-1.2069,-1175,1082,169,1053,828,230,-1959,0,17,-76,0,0
2025-08-19,57900,58100,55800,57100,45136,2577265600,-0.349,-300,-3290,3768,-1178,2009,292,-29,0,2674,-178,0,0
2025-08-20,58400,58600,55800,57700,39031,2252088700,1.0508,-120,-5706,5830,-1635,26,398,-1393,0,8435,0,-4,-1
2025-08-21,58300,58300,54900,55600,62727,3487621200,-3.6395,11220,3869,-15082,309,-727,-1135,-3494,0,-8981,-6,-1,-1054
2025-08-22,55900,57400,55700,56600,48318,2734798800,1.7986,-5622,8723,-3081,-3560,2302,6039,-4435,0,-3427,-20,0,0
2025-08-25,56900,57800,56100,57800,31667,1830352600,2.1201,-4016,7278,-3246,-4976,-3830,5656,-2195,0,2099,-16,0,0
2025-08-26,57800,59200,56900,57900,96915,5611378500,0.173,-443,35602,-34953,-22378,-8872,1116,-3541,-168,-913,-206,0,-197
2025-08-27,58400,58800,55900,56600,43439,2458647400,-2.2453,6691,2496,-9269,1797,-470,1018,-1978,0,-9636,82,0,0
2025-08-28,55700,57600,55700,57500,60616,3485420000,1.5901,-3000,24068,-21158,-12303,-1591,817,-737,-25,-4023,-10,100,-3296
2025-08-29,58000,59600,57500,58700,38355,2251438500,2.087,-5297,12630,-7218,142,-1793,812,-2970,0,-3409,-26,-89,0
2025-09-01,59300,59500,57500,58200,37548,2185293600,-0.8518,3311,12943,-15937,-11605,-1090,537,-158,0,-3234,-320,3,-387
2025-09-02,57700,59000,57700,58700,25950,1523265000,0.8591,39,6892,-7263,-465,-258,-411,-711,0,-5418,347,-15,0
2025-09-03,58200,59200,58000,58700,28787,1689796900,0.0,1477,6326,-7728,-6409,-280,-225,-42,0,-772,8,-83,0
2025-09-04,58600,60300,58600,59600,31153,1856718800,1.5332,-2947,7650,-4683,-2728,-439,1384,-1475,0,-1425,-20,0,0
2025-09-05,59200,59800,59000,59800,37029,2214334200,0.3356,9435,-2278,-7497,-8179,-1030,1001,-1525,0,2236,340,0,0
2025-09-08,59300,59400,58000,58700,25684,1507650800,-1.8395,4165,-6177,2131,307,-100,2464,-213,0,-327,-119,0,0
2025-09-09,59000,59000,57700,58000,44209,2564122000,-1.1925,-173,-4257,4397,-656,-80,-18,-816,0,5967,13,20,0
2025-09-10,57400,58900,57400,58500,34938,2043873000,0.8621,-3628,-9036,12684,-522,-444,385,-1379,0,14644,0,-20,0
2025-09-11,58000,60300,57900,60300,74218,4475345400,3.0769,-12207,-16731,29198,-1937,14822,-65,-3217,0,19595,-257,-3,0
2025-09-12,59600,60500,59300,59600,41832,2493187200,-1.1609,-3995,1140,2874,-816,-3346,1465,-2568,4652,3487,25,-44,0
2025-09-15,58700,62900,58700,62600,52843,3307971800,5.0336,-13957,17258,-3199,-1627,-666,605,-2236,0,726,-90,-12,-1
2025-09-16,61900,63500,61700,61800,47646,2944522800,-1.278,-1654,3680,-2025,-1001,-3069,-1982,-1005,0,5032,0,-1,0
2025-09-17,61200,62000,60600,61100,59491,3634900100,-1.1327,1509,5336,-6754,-3635,1482,1051,-1386,-25,-4182,-91,0,-59
2025-09-18,61100,62500,61100,62000,39461,2446582000,1.473,-2283,7253,-4115,-329,-1124,-754,-827,0,-1081,-855,0,0
2025-09-19,61400,64300,61300,64300,57861,3720462300,3.7097,-9792,15449,-5350,2991,334,46,-380,0,-8341,-307,0,0
2025-09-22,64300,64300,61900,62400,42958,2680579200,-2.9549,2045,1105,-3019,-2355,220,2243,-2772,0,-355,-131,0,0
2025-09-23,61700,64200,61700,62700,38153,2392193100,0.4808,-2440,3749,-1311,-3041,-59,-109,-878,0,2775,2,0,1
2025-09-24,63900,64200,62500,64000,22949,1468736000,2.0734,-3366,-1630,5016,66,-2,2274,-76,0,2753,-20,0,1
2025-09-25,63100,63800,62100,62500,29360,1835000000,-2.3438,200,-3726,3471,-804,-501,3223,-860,0,2413,55,0,0
2025-09-26,61300,63300,61100,62800,44515,2795542000,0.48,-1931,3275,-1319,-1763,-1067,1996,537,0,-1022,-25,0,0
2025-09-29,64900,66900,63900,65200,64523,4206899600,3.8217,-1340,30872,-29189,-35003,196,4955,-818,0,1481,-350,7,0
2025-09-30,64600,65900,63600,64900,22886,1485301400,-0.4601,-988,-1515,2474,210,393,4912,66,0,-3107,27,2,0
2025-10-01,64100,64500,61400,61600,53986,3325537600,-5.0847,7049,3026,-10115,-14891,-2033,4843,43,0,1923,5,35,0
2025-10-02,62700,65100,62300,63700,73339,4671694300,3.4091,-5807,6911,-1088,-6842,-2249,4841,-2849,0,6011,11,-27,0
2025-10-10,62100,63700,61500,62100,78201,4856282100,-2.5118,2453,15519,-18259,-3100,-8434,3052,-2424,0,-7353,184,103,0
2025-10-13,62700,62900,61000,61700,59981,3700827700,-0.6441,-177,12356,-12180,-108,-8537,4914,-1221,0,-7228,3,-2,0
2025-10-14,60600,62200,60400,60600,48769,2955401400,-1.7828,703,-962,634,456,-546,5475,-1543,0,-3208,-375,0,0
2025-10-15,60700,61600,59900,61200,40385,2471562000,0.9901,-2626,2342,231,-6522,-322,3933,-2319,-39,5592,53,0,-92
2025-10-16,60600,62100,60600,61700,33032,2038074400,0.817,-1691,-3606,5276,-611,-302,-37,-3108,0,9334,21,0,0
2025-10-17,61100,61700,60600,60900,31433,1914269700,-1.2966,371,6864,-7234,-14,-9005,58,-688,0,2415,-1,0,0
2025-10-20,61200,62400,60800,61600,43115,2655884000,1.1494,-2131,7789,-5600,-694,-6124,-1062,-2608,0,4888,-58,0,0
2025-10-21,61200,61900,60200,60700,53125,3224687500,-1.461,11148,-4882,-6336,5991,-2122,-536,-2142,-5000,-2696,70,0,169
2025-10-22,60800,62000,60100,61700,27398,1690456600,1.6474,-4868,2532,2294,-4120,228,1477,-276,0,4985,42,0,0
2025-10-23,60700,61800,60600,60800,48566,2952812800,-1.4587,2692,14856,-17553,-9171,-125,-9,-3242,-28,-4913,5,0,-65
2025-10-24,61000,61600,60000,60000,47844,2870640000,-1.3158,5731,3239,-8987,-8260,-4591,-1258,-254,0,5376,17,0,0
2025-10-27,59700,62600,59700,62100,63152,3921739200,3.5,-10613,13229,-2623,-5041,364,-4435,-3290,0,9779,7,0,0
2025-10-28,61400,62200,59600,59800,50500,3019900000,-3.7037,9722,-855,-6113,-2030,-758,2491,-6819,0,1003,-2774,20,0
2025-10-29,61200,61200,58100,58700,55152,3237422400,-1.8395,21220,-16223,-5425,-7254,-4360,44,-1711,0,7856,428,0,0
2025-10-30,58200,59400,58100,58900,65038,3830738200,0.3407,-1490,-10497,-2538,-1957,-355,4198,-1397,405,-4359,14525,0,927
2025-10-31,59300,59700,57500,57800,55008,3179462400,-1.8676,8505,391,-10289,-10207,-2185,-612,-2533,0,5248,1379,14,0
2025-11-03,57300,57900,56800,57600,65132,3751603200,-0.346,6680,13368,-20061,-6079,-7722,-831,-5400,0,-29,11,2,0
2025-11-04,57100,58300,56800,58000,44494,2580652000,0.6944,-3563,14357,-10711,-4207,-1190,-197,-1211,0,-3906,-83,0,0
2025-11-05,59200,59500,56800,57300,50148,2873480400,-1.2069,2312,-5779,3459,4690,-723,2934,11,0,-3453,9,-1,0
2025-11-06,57800,60000,57300,59300,66640,3951752000,3.4904,-10835,6974,3970,-305,-3506,7058,-467,0,1339,-32,-77,-149
2025-11-07,63100,63400,57500,58600,80896,4740505600,-1.1804,10579,-13339,3081,4164,285,162,211,0,-1646,-285,-36,-95
2025-11-10,59700,61500,58500,60400,46335,2798634000,3.0717,-12314,1588,10829,302,-40,947,10016,-3,-393,-90,-13,0
2025-11-11,59900,61900,59900,61500,44809,2755753500,1.8212,7740,-4773,-2620,234,-1300,-23,-1127,0,-404,-310,-37,0
2025-11-12,60700,63200,60700,62900,33843,2128724700,2.2764,-7192,3610,4931,2712,-279,-374,-220,0,3092,-1354,5,0
2025-11-13,61400,70000,61400,66800,111762,7465701600,6.2003,-13141,-8572,21329,9707,5385,6137,18,0,67,327,57,15
2025-11-14,67000,71000,64900,69200,76914,5322448800,3.5928,-25289,-3137,28492,20406,4148,2884,5245,0,-4162,-56,-10,-29
2025-11-17,70000,79000,70000,77000,185078,14251006000,11.2717,-9793,-35857,45611,43018,4579,1883,2936,0,-6980,-137,176,175
2025-11-18,76000,86500,75900,82600,315856,26089705600,7.2727,-21078,54327,-20633,8596,-5526,-9218,-3094,0,-11868,-13126,510,477
2025-11-19,83000,85900,81900,84200,128173,10792166600,1.937,-17937,12587,9969,9889,-7853,3676,2194,0,1744,-4655,36,319
2025-11-20,83400,87000,82700,85100,130643,11117719300,1.0689,-13146,-1157,20188,8678,-2478,305,1284,1759,10640,-5865,-20,0
2025-11-21,87100,88900,84500,88100,140352,12365011200,3.5253,3438,-35771,45476,35564,160,2581,6831,0,565,-13170,27,-225
2025-11-24,88300,95000,88200,88600,155828,13806360800,0.5675,-5126,-12728,18483,4296,5620,1009,2534,-75,5276,-655,26,-177
2025-11-25,90000,91300,87500,89000,96279,8568831000,0.4515,-3893,5648,-1526,-4167,4805,-4884,1542,0,1178,-223,-6,0
2025-11-26,91800,94700,88600,93800,109989,10316968200,5.3933,-1578,-8868,13962,19934,1545,-25,409,0,-7901,-3528,12,0
2025-11-27,93600,96400,92200,94000,116886,10987284000,0.2132,1088,-26919,26379,25180,1256,-4297,628,0,3612,-562,14,0
2025-11-28,93600,93700,86700,87500,123608,10815700000,-6.9149,-6082,2763,2479,-6054,-1547,-8166,-7597,0,25843,865,-25,0
2025-12-01,88500,89700,87900,88800,95138,8448254400,1.4857,-4245,9848,-7076,-9754,170,-2298,2269,0,2537,1476,-3,0
2025-12-02,90400,95000,88500,93400,181274,16930991600,5.1802,20,18462,-18311,-33289,9630,-1451,1599,0,5200,-184,13,0
2025-12-03,91700,92300,88900,90300,96109,8678642700,-3.3191,-2314,4801,-347,3223,2512,-2957,-7163,0,4337,-2044,-96,-299
2025-12-04,90300,91300,88800,89800,61825,5551885000,-0.5537,-2370,4950,-2002,3863,1110,-1330,22,0,-5667,-578,0,0
2025-12-05,89000,90800,88300,90500,82288,7447064000,0.7795,-5059,2557,2685,-867,342,-830,-2060,0,6100,-186,3,0
2025-12-08,89200,91300,89200,90500,67067,6069563500,0.0,-4601,11946,-7289,-3802,1185,-867,-3312,0,-493,-56,0,0
2025-12-09,91100,91100,89100,90500,34199,3095009500,0.0,-492,1200,-621,529,379,337,-483,-785,-598,-91,4,0
2025-12-10,90000,90500,88200,88600,46789,4145505400,-2.0994,1247,2775,-3997,-811,-340,21,-577,0,-2290,-29,4,0
2025-12-11,89400,91300,88600,89100,127769,11384217900,0.5643,-3921,7288,-3161,-2735,-3686,-103,-4302,851,6814,-205,-1,0
2025-12-12,90000,92400,88700,90000,99795,8981550000,1.0101,-250,-903,1159,-204,3734,-1806,-10429,0,9864,-72,66,0
2025-12-15,89700,93900,87800,92400,102708,9490219200,2.6667,-116,5250,-5137,12026,-362,-91,-6911,0,-9799,3,0,0
2025-12-16,91300,91800,87100,87600,95531,8368515600,-5.1948,8833,-17269,9142,1434,-5601,1712,-65,0,11662,-733,27,0
2025-12-17,89000,92300,87600,90900,101284,9206715600,3.7671,-5128,10232,-5104,-3026,329,228,-2983,0,348,-15,15,0
2025-12-18,91600,91800,87800,88000,51539,4535432000,-3.1903,2256,-3610,4957,5094,1507,-690,-2697,0,1743,-3615,12,0
2025-12-19,89900,90000,87000,89000,62146,5530994000,1.1364,-1624,-9016,11037,5118,487,-685,-350,0,6467,-408,11,0
2025-12-22,90500,90900,87800,88500,50223,4444735500,-0.5618,3569,-12505,8950,3745,-125,-5790,-854,0,11974,-18,4,0
2025-12-23,88700,88900,85500,86500,44236,3826414000,-2.2599,-3410,5187,1686,965,-2662,47,-562,0,3898,-3467,4,0
2025-12-24,86000,86800,84700,84700,27980,2369906000,-2.0809,793,-2875,1991,-470,550,-133,20,0,2024,95,-4,0
2025-12-26,83800,84800,82900,83600,39175,3275030000,-1.2987,-3562,-6745,10500,4999,-685,2616,778,0,2776,-176,-17,16
2025-12-29,80600,83400,80000,82200,44707,3674915400,-1.6746,-8536,8367,271,3738,-297,-167,-5119,0,2116,-67,-35,0
2025-12-30,81800,82500,80700,81800,32828,2685330400,-0.4866,-1276,4739,-3385,-3531,-1467,272,1005,0,336,-70,-8,0
2026-01-02,81800,82300,79100,79300,38569,3058521700,-3.0562,4208,6664,-11023,-6108,1394,789,-2677,0,-4241,130,21,-180
2026-01-05,79700,84200,79600,82200,58268,4789629600,3.657,-3620,10082,-6090,-309,1008,-3686,-1151,51,-1823,-380,8,-180
2026-01-06,82300,83500,80800,82400,56408,4648019200,0.2433,445,-5963,5397,798,3488,763,2082,0,-1668,107,14,-66
2026-01-07,80500,86600,78500,85900,86013,7388516700,4.2476,-868,-4324,4817,-2137,10808,2928,2058,0,-8840,406,-31,0
2026-01-08,83800,86300,83100,83900,84512,7090556800,-2.3283,7719,-3340,-5044,358,2796,-2601,3770,0,-9571,631,34,204
2026-01-09,84000,86400,83400,85100,83156,7076575600,1.4303,7941,-20841,12847,1671,3823,3207,2138,0,2984,-22,75,-976
2026-01-12,85200,86000,82700,85200,68907,5870876400,0.1175,3653,-7303,4895,2403,3948,1132,-2989,0,400,-1265,20,1
2026-01-13,86900,87500,84000,86100,58529,5039346900,1.0563,-4677,-3376,8063,-2386,825,3197,-1522,0,7925,-59,49,24
2026-01-14,87000,88000,84800,86500,64641,5591446500,0.4646,-2963,-16214,19278,6042,7658,3932,1157,0,489,-84,-17,0
2026-01-15,85000,87300,84700,85700,70695,6058561500,-0.9249,769,-8232,7466,2224,3428,-32,1237,0,508,30,-33,101
2026-01-16,85700,86700,83200,84500,58740,4963530000,-1.4002,-2488,4663,-2167,-1546,-890,-1883,588,0,1564,1,-9,0
2026-01-19,83000,84100,81500,82400,59237,4881128800,-2.4852,2582,3837,-6428,-2215,1425,-4893,-3269,0,2524,51,-42,0
2026-01-20,81000,84000,80500,83000,39869,3309127000,0.7282,-382,17189,-16878,-483,-3907,-404,-4177,0,-7907,77,-6,0
2026-01-21,83600,86000,83200,84800,65752,5575769600,2.1687,-602,16417,-15796,-7865,-4608,-2288,1107,0,-2141,8,-27,-1
2026-01-22,83100,86400,80400,85400,91381,7803937400,0.7075,-3274,-4125,8041,-2765,14143,969,-1586,0,-2720,-648,6,0
2026-01-23,83700,86900,83700,84800,68073,5772590400,-0.7026,-607,-895,2007,-7251,2656,6,-439,0,7035,-522,17,0
2026-01-26,83000,83700,79900,80200,85891,6888458200,-5.4245,24363,952,-25642,-21211,5336,-1182,-1253,-760,-6422,178,149,-150
2026-01-27,80900,82600,78300,81700,95411,7795078700,1.8703,3589,6925,-10700,-10705,4358,-5988,-1396,0,3031,257,-71,0
2026-01-28,82600,85300,81200,83200,56389,4691564800,1.836,-9991,-4522,14562,7572,13604,-332,-7,0,-6275,-54,5,0
2026-01-29,88200,88200,81500,84400,69057,5828410800,1.4423,-2934,-12637,15520,2600,12910,489,-313,0,-166,-5,56,0
2026-01-30,84100,92400,83700,90900,163294,14843424600,7.7014,-17225,-32971,50551,11309,18439,4792,-1093,0,17292,-418,63,-188
2026-02-02,92700,92800,83500,84100,133029,11187738900,-7.4807,9388,-7987,-778,-1887,3095,3035,3206,0,-8227,-475,-148,0
2026-02-03,87000,89900,85000,89000,86327,7683103000,5.8264,-5946,-22013,27964,16907,1328,2471,2238,0,5020,-7,2,0
2026-02-04,88000,88700,86500,87700,42304,3710060800,-1.4607,928,-15675,14797,24,4915,-845,-1543,0,12234,0,-50,12
2026-02-05,86800,94600,86800,92800,157883,14651542400,5.8153,-1822,-4573,5278,-7529,23588,5454,2466,0,-18701,1167,-50,0
2026-02-06,88900,90200,84000,88000,75327,6628776000,-5.1724,-2195,-10945,13187,1830,7425,732,329,0,2871,52,-99,0
2026-02-09,92200,94600,90000,92300,56355,5201566500,4.8864,-3686,-2323,6629,-5811,1139,1142,-484,0,10643,-552,-68,0
2026-02-10,94900,99200,93100,97200,161102,15659114400,5.3088,14110,-44408,30110,-25158,20657,5429,13901,0,15281,171,17,0
2026-02-11,96800,97700,90700,94100,171542,16142102200,-3.1893,17367,-97859,80818,24282,43163,12049,-437,0,1761,-345,19,0
2026-02-12,95000,95700,89700,91400,93427,8539227800,-2.8693,11535,-18310,6672,-2483,582,-4383,-2215,0,15171,110,-7,0
2026-02-13,91400,92100,87100,90700,83478,7571454600,-0.7659,-3646,-10785,14831,619,13345,2622,2196,-474,-3477,-359,-41,0
2026-02-19,91200,91200,86000,86800,152229,13213477200,-4.2999,24000,9706,-33356,-27964,-20703,-3707,-4598,0,23616,-344,-6,0
2026-02-20,87200,89100,86500,86800,74294,6448719200,0.0,-16823,8691,8351,-2369,-4656,10931,-1890,0,6335,-216,-3,0
2026-02-23,86800,92700,86800,91500,107492,9835518000,5.4147,-18212,4536,13365,-5915,19236,2887,-999,0,-1699,315,-4,-145
2026-02-24,89900,93300,87800,91500,135436,12392394000,0.0,-27012,-22699,50221,-2657,20581,23882,-5257,0,13671,-458,-52,1
2026-02-25,91100,94000,89000,92000,123840,11393280000,0.5464,299,-19480,19941,5286,8011,4152,-415,0,2907,-629,-131,0
2026-02-26,91800,95500,91300,93000,114594,10657242000,1.087,15702,-11693,-4286,-6502,-15809,-3105,12901,1618,5529,499,-222,1082
2026-02-27,95700,101700,91000,96900,274314,26581026600,4.1935,-23020,-72051,95482,37347,29591,2228,40801,296,-15070,-406,-5,289
2026-03-03,97900,103200,97400,98000,137559,13480782000,1.1352,2803,-28310,26045,13728,7541,3694,8726,99,-8088,-322,-216,345
2026-03-04,93900,93900,84700,86000,197317,16969262000,-12.2449,-7266,-30185,37422,40832,-8013,3280,7545,0,-6222,-15,44,0
2026-03-05,91900,94900,86100,92700,109653,10164833100,7.7907,-2865,-23322,26262,511,11251,6786,15639,55,-7827,50,-125,-153
2026-03-06,88900,97600,88900,96300,105012,10112655600,3.8835,-6971,-40084,46545,34145,12129,246,5964,0,-6193,527,-17,254
2026-03-09,89900,95900,88700,91500,121220,11091630000,-4.9844,10398,18327,-30986,1424,-3753,-623,-3043,0,-24991,2170,91,0
2026-03-10,95200,95200,84000,86200,160308,13818549600,-5.7923,32288,29362,-61734,-38139,183,495,-24110,0,-163,82,2,0
2026-03-11,88000,93500,87400,89200,106018,9456805600,3.4803,-15125,44253,-28247,-31043,4521,-458,-2076,0,809,-789,-92,0
2026-03-12,88000,91200,86900,89100,177567,15821219700,-0.1121,-4992,-36805,41701,10273,34605,-341,-1758,0,-1078,106,-10,0
2026-03-13,87100,92200,87000,89400,67847,6065521800,0.3367,-5317,-4428,9732,22209,-179,-1214,3053,0,-14136,-44,57,-1
2026-03-16,87400,88900,84300,84500,141925,11992662500,-5.481,-7607,43435,-32345,-14024,4252,6250,-23909,0,-4596,-3395,-88,-318
2026-03-17,84600,87000,84600,85900,48040,4126636000,1.6568,-5614,4628,1008,4810,-8807,401,-612,0,5216,-15,-7,0
2026-03-18,87000,88700,84300,87800,69968,6143190400,2.2119,-5093,-1292,6461,-4286,-604,337,-7486,0,18500,-94,18,0
2026-03-19,85900,87600,80900,81300,113229,9205517700,-7.4032,30340,-10574,-19694,-468,-4655,5442,1014,0,-21027,-92,20,0
2026-03-20,82100,85100,82100,84200,81578,6868867600,3.567,-13580,16438,-2855,5346,-411,-1625,-2704,0,-3304,-1,-2,-157
2026-03-23,81000,81600,78400,79500,71954,5720343000,-5.5819,10981,3687,-14742,3213,3674,-1100,-4967,0,-15096,69,5,-466
2026-03-24,82700,82900,79100,80900,53481,4326612900,1.761,-127,-11609,11718,3669,3968,-2621,1558,0,5144,18,0,0
2026-03-25,82900,83500,80700,81800,55496,4539572800,1.1125,1333,-11035,9737,1303,1024,-39,-8841,-452,17201,-30,-5,-459
2026-03-26,82500,83400,80900,81200,42999,3491518800,-0.7335,-1118,-5839,6962,5000,-3445,2265,-233,0,3375,0,-5,0
2026-03-27,80500,81800,79600,81800,42956,3513800800,0.7389,-3436,6917,-3482,347,-4539,43,239,37,391,6,-5,0
2026-03-30,78300,81000,77700,80400,61884,4975473600,-1.7115,-2002,6949,-4933,-1041,-6058,2209,-107,47,17,-2,-12,0
2026-03-31,78500,81100,77500,78500,64505,5063642500,-2.3632,-441,-1070,1520,-7958,-1488,-203,361,65,10743,8,-17,0
2026-04-01,82200,82300,79500,81900,63994,5241108600,4.3312,-2292,-14130,16496,-6206,46,5848,-3719,0,20527,-24,-50,0
2026-04-02,82600,85000,80000,80700,71980,5808786000,-1.4652,-7010,9582,-2541,83,2131,2593,1202,0,-8550,-24,-7,0
2026-04-03,81500,83200,79000,79700,71974,5736327800,-1.2392,7079,10121,-17226,-3714,-2737,3250,-8706,-47,-4648,35,-9,-624
2026-04-06,80900,81600,78800,80700,44878,3621654600,1.2547,-964,-2227,3237,-2218,-58,2652,-3324,0,6341,-39,-7,-156
2026-04-07,79900,82200,79900,81500,53717,4377935500,0.9913,-1112,13728,-12612,1925,-503,-731,-9886,0,-3417,0,-4,0
2026-04-08,87100,87600,81700,82700,70290,5812983000,1.4724,7487,-19519,12050,-4989,-213,-4802,913,0,21141,-12,-6,0
2026-04-09,83200,84000,80000,81000,97111,7865991000,-2.0556,9279,10040,-19325,-11440,-2028,-3927,-14,0,-1916,12,-6,0
2026-04-10,81800,83000,80900,82500,72755,6002287500,1.8519,-2739,14420,-11616,-3247,-1722,-2386,-3957,0,-221,-65,0,-83
2026-04-13,81500,82500,79800,80400,60771,4885988400,-2.5455,10680,-3592,-7100,-2465,1204,-1330,-84,0,-4425,7,5,0
2026-04-14,80200,84900,80200,84600,67417,5703478200,5.2239,-14098,6793,7362,-4024,1551,-1939,-761,0,12535,-56,-1,0
2026-04-15,85000,86800,83000,84200,70530,5938626000,-0.4728,2690,1237,-4661,-6022,-5601,-2908,-1337,70,11066,670,64,71
2026-04-16,84600,86000,84100,84800,75341,6388916800,0.7126,9657,-10319,784,-5177,77,125,-2231,0,7990,-2,-120,0
2026-04-17,85600,86200,83200,84900,101683,8632886700,0.1179,1373,3906,-5174,571,-2030,3,-569,-209,-2851,-105,0,-89
2026-04-20,86200,87000,84700,85600,56378,4825956800,0.8245,-6221,-3026,9293,3156,-767,290,-399,0,7013,35,-81,0
2026-04-21,85700,88000,85000,85400,45934,3922763600,-0.2336,2131,2387,-4518,-566,-858,-556,-2194,0,-344,0,0,0
2026-04-22,84400,85300,83600,84000,40887,3434508000,-1.6393,5068,7417,-12454,-2857,-1320,-1079,-1280,0,-5918,-35,4,0
2026-04-23,85900,86000,83000,84000,52751,4431084000,0.0,3676,-2830,-866,3304,-1211,1865,-1507,-169,-3148,-1,21,0
2026-04-24,83600,84200,81900,83400,72130,6015642000,-0.7143,9589,13264,-23092,-21549,-2030,-632,-2315,0,3434,234,5,0
2026-04-27,83400,84200,82700,83700,49620,4153194000,0.3597,2816,4228,-7073,2341,-1089,-7263,-1296,-141,471,31,-2,-96
2026-04-28,83700,84700,83100,84100,74052,6227773200,0.4779,-4626,13431,-8799,2511,-6722,1919,-3944,-186,-2195,-22,16,-182
2026-04-29,84800,85800,82700,84200,59434,5004342800,0.1189,-157,8336,-8193,2717,-3018,1071,-158,0,-8805,-6,20,0
2026-04-30,83500,85500,81600,82900,95827,7944058300,-1.5439,6691,-7606,867,16427,-3093,-1368,-970,0,-10129,18,30,0
2026-05-04,84200,86700,83300,85500,73745,6305197500,3.1363,-16728,7710,9483,3435,2574,-1288,4042,0,627,-487,22,93
2026-05-06,84200,85200,81100,81500,145011,11818396500,-4.6784,28831,-9521,-19370,3757,-2450,-7100,-2021,0,-11556,30,30,0
2026-05-07,81600,83200,79600,82400,51982,4283316800,1.1043,-964,5151,-4022,362,-5076,-1262,-878,-128,2960,-187,22,0
2026-05-08,82800,85300,82000,84500,79407,6709891500,2.5485,-12266,9782,2468,7388,-9018,7900,1642,-144,-5300,-17,33,0
2026-05-11,84000,84100,80600,81400,99175,8072845000,-3.6686,15040,-9613,-5329,23612,-17138,-4991,-2074,0,-4737,-104,6,-1
2026-05-12,82200,84400,80700,81800,114262,9346631600,0.4914,-7241,-3744,11153,13506,-3785,871,3196,0,-2635,-217,49,0
2026-05-13,83400,83500,77500,78100,102150,7977915000,-4.5232,19685,-8888,-10821,13316,-19283,3680,-3343,0,-4671,-97,121,-520
2026-05-14,78800,81100,77500,80300,78124,6273357200,2.8169,-5629,-5204,11002,8986,-9532,3932,-1270,0,8886,-227,58,0
2026-05-15,85900,92100,83700,89600,204736,18344345600,11.5816,-40641,-18328,59722,48063,5440,598,1711,0,3910,-308,-445,0
2026-05-18,89600,93800,87300,87900,102610,9019419000,-1.8973,-5493,-30779,35576,22160,2401,639,3294,0,7082,699,-3,0
2026-05-19,93700,94000,84400,86300,82884,7152889200,-1.8203,4788,-18247,13766,10907,6021,-551,-2543,0,-68,-55,-252,0
2026-05-20,87400,87700,81000,84500,98267,8303561500,-2.0857,-4229,-1079,5571,5574,-2997,-434,3635,0,-207,-263,0,0
2026-05-21,84600,86600,83300,84700,98051,8304919700,0.2367,-6418,29185,-23057,4480,-24104,-1422,-202,-4956,3147,-201,491,0
2026-05-22,86100,89000,85300,86100,72432,6236395200,1.6529,-2900,11851,-8699,-5496,-5990,1469,1160,-33,191,-249,-3,0
2026-05-26,87500,88500,82300,82800,77627,6427515600,-3.8328,7547,-2137,-5713,15023,-12383,-3755,-2210,0,-2389,377,-74,1
2026-05-27,82000,83900,80000,81500,67825,5527737500,-1.57,6361,8680,-14999,657,-9201,688,-2268,0,-4875,-85,43,0
2026-05-28,82200,82200,79000,81800,79419,6496474200,0.3681,946,7420,-8364,1371,-6194,1339,-867,0,-4010,76,-78,-3
