date,open,high,low,close,volume,trading_value,change_rate,individual_net,foreign_net,institution_net,pension_net,trust_net,privateequity_net,insurance_net,bank_net,financial_net,other_corp_net,other_foreign_net,other_finance_net
2016-05-26,185000,185500,182500,183000,38898,7118334000,-0.813,1352,10083,-10971,1463,648,1190,-15913,0,1641,-467,3,0
2016-05-27,184000,186000,182000,183000,56337,10309671000,0.0,1360,12167,-13574,-4705,-7754,436,905,0,-2456,25,22,0
2016-05-30,183500,183500,179500,182000,59833,10889606000,-0.5464,9777,-2908,-6869,5582,475,-2269,1177,0,-12081,0,0,247
2016-05-31,180000,183000,179500,182000,184381,33557342000,0.0,2802,-9804,7001,200,6327,3213,1250,0,-3936,0,1,-53
2016-06-01,180500,182000,179000,180500,57692,10413406000,-0.8242,4363,532,-4900,1519,427,-342,1262,30,-7796,5,0,0
2016-06-02,179500,180500,176000,176000,78320,13784320000,-2.4931,21628,-24931,3395,7674,443,-61,-150,0,-4511,-85,-7,0
2016-06-03,176000,177500,174000,176500,379669,67011578500,0.2841,7628,-5321,-2033,257,-766,-1128,-5921,0,5525,-266,-8,0
2016-06-07,176000,180000,175500,179000,81145,14524955000,1.4164,-10881,16200,-5205,616,-7955,-62,-473,0,2737,-121,7,-68
2016-06-08,177500,180000,176000,178500,81145,14484382500,-0.2793,4920,3457,-7226,-8170,-4002,205,-3463,0,7929,-1152,1,275
2016-06-09,179000,180500,177500,177500,145090,25753475000,-0.5602,1505,17129,-14556,7665,4765,734,-5724,0,-21321,-4028,-50,-675
2016-06-10,179500,181500,178000,181000,77011,13938991000,1.9718,-10741,1167,9615,-146,-3300,-187,302,0,12649,-39,-2,297
2016-06-13,180000,181000,177500,178500,48559,8667781500,-1.3812,2091,-16090,14059,11028,-1945,-124,2208,0,2892,-60,0,0
2016-06-14,178000,180000,177500,178000,37852,6737656000,-0.2801,1708,-5824,4044,9081,984,309,-1284,0,-5046,124,-52,0
2016-06-15,177000,181000,177000,178500,58876,10509366000,0.2809,-7792,8725,1091,15471,-5099,-60,-1802,0,-7419,-2052,28,0
2016-06-16,178000,179500,172500,173500,104075,18057012500,-2.8011,15223,-15265,334,456,16467,682,-7228,-108,-9111,8,-300,-824
2016-06-17,175000,175000,172500,175000,62361,10913175000,0.8646,2457,2572,-5031,-609,671,-823,-3618,-401,-251,3,-1,0
2016-06-20,177000,180000,175000,178500,52763,9418195500,2.0,-16858,16794,762,1530,-5498,12152,-4790,0,-2632,497,-1195,0
2016-06-21,178500,180000,177000,177500,40614,7208985000,-0.5602,-988,3013,-2023,-2346,-177,10,287,-49,252,-2,0,0
2016-06-22,177500,179500,177000,177500,39128,6945220000,0.0,-463,-3215,3982,-231,3483,7,-2746,0,3469,-300,-4,0
2016-06-23,178000,179500,177500,179000,20863,3734477000,0.8451,-5186,1411,3784,1617,-806,-9,-29,0,3016,0,-9,-5
2016-06-24,178000,178500,170000,175500,111516,19571058000,-1.9553,-13173,6902,6298,2156,6335,74,563,-540,-2346,263,-290,56
2016-06-27,175500,175500,169000,171000,108162,18495702000,-2.5641,26341,-219,-27549,-2532,2196,-23062,481,82,-4446,1402,25,-268
2016-06-28,169500,172500,169000,171500,59448,10195332000,0.2924,6903,15439,-22682,-2321,-5755,-8375,-5102,0,-1055,334,6,-74
2016-06-29,171500,173000,170000,171000,83800,14329800000,-0.2915,14140,10720,-24967,-5776,-1255,-7821,-1508,0,-8458,107,0,-149
2016-06-30,172000,175000,170500,173000,94474,16344002000,1.1696,2262,45518,-44760,-9758,-14049,-326,-309,0,-20404,-100,-2920,86
2016-07-01,172500,175500,172000,174000,53752,9352848000,0.578,-6526,13390,-6822,-2555,-9538,-883,10567,291,-4704,-44,2,0
2016-07-04,174000,174000,169000,169500,55281,9370129500,-2.5862,19658,7169,-27388,-17082,-4820,-5349,449,30,-616,241,320,0
2016-07-05,169000,170000,168000,169500,68540,11617530000,0.0,13230,25717,-39187,-22550,-3494,-5973,-6152,1,-1019,145,95,0
2016-07-06,169500,170500,164500,166000,69225,11491350000,-2.0649,18156,1991,-20161,-9423,-6682,-70,-7529,-325,3868,-60,74,0
2016-07-07,166500,167500,164500,166500,136573,22739404500,0.3012,14108,-6519,-7951,-14418,1446,-5767,-2660,30,13418,48,314,0
2016-07-08,165000,167000,163500,167000,136960,22872320000,0.3003,1810,14129,-15897,-14228,3487,-41,-2568,65,-2612,60,-102,0
2016-07-11,169000,169000,164500,165500,98917,16370763500,-0.8982,14442,-222,-14482,-14524,-10083,-39,-3182,0,12574,294,-32,772
2016-07-12,165000,166000,164000,165500,81553,13497021500,0.0,6926,13940,-14495,-15395,683,647,-660,0,458,-6480,109,-228
2016-07-13,165000,167500,165000,166500,80193,13352134500,0.6042,16505,8047,-27482,-18926,-2437,-228,-1136,0,-5280,3029,-99,525
2016-07-14,166500,167000,165500,166500,62524,10410246000,0.0,10057,1715,-11772,-12423,-1253,170,2841,0,-1107,-1,1,0
2016-07-15,166500,167500,165500,166000,69810,11588460000,-0.3003,8231,8283,-16798,-9985,-4331,497,1052,0,-4331,94,190,300
2016-07-18,165500,166500,163500,164500,63715,10481117500,-0.9036,16391,-667,-15758,-14042,-3719,-679,-496,501,2677,5,29,0
2016-07-19,164000,164500,162500,163500,96136,15718236000,-0.6079,7360,27550,-35333,-20156,-2999,-11,-8316,0,-3851,404,19,0
2016-07-20,163500,164500,161500,163500,104691,17116978500,0.0,5366,22877,-28827,-10701,-7354,-3050,-5694,0,-2028,573,11,0
2016-07-21,163500,163500,162000,162500,67332,10941450000,-0.6116,6427,-2431,-4108,-7054,-1133,1109,-2965,0,5935,82,30,0
2016-07-22,162500,163500,161500,162500,38037,6181012500,0.0,4991,-3632,-1373,-5678,1159,55,-452,0,3543,14,0,0
2016-07-25,162500,163000,161500,162500,94531,15361287500,0.0,15053,37945,-52997,-8383,-33947,-5447,78,0,-5298,-1,0,0
2016-07-26,162000,164000,161500,163500,73469,12012181500,0.6154,9221,-6226,-3031,-6019,-977,756,-2332,0,5541,26,10,0
2016-07-27,164000,165500,162500,164500,147167,24208971500,0.6116,3055,11070,-14118,-611,-16132,-3082,2060,0,3647,-7,0,0
2016-07-28,165500,165500,163500,165500,90540,14984370000,0.6079,-1641,9824,-6438,-3326,-807,144,-2229,0,-220,-1907,162,0
2016-07-29,165000,167000,163000,163500,106421,17399833500,-1.2085,17991,1322,-19340,-776,-2438,1158,-12061,0,-5223,35,-8,0
2016-08-01,163500,164500,162000,162500,78235,12713187500,-0.6116,12054,-1173,-8842,-7036,-1225,-149,-85,0,-497,-2048,9,150
2016-08-02,162000,163500,162000,162500,36462,5925075000,0.0,5453,414,-5744,-3009,-1692,286,1986,0,-3315,-141,18,0
2016-08-03,162000,162500,161000,161000,61769,9944809000,-0.9231,10720,1060,-11998,2766,-2567,-4446,-1573,4,-6182,223,-5,0
2016-08-04,162000,162000,161000,161500,38259,6178828500,0.3106,6832,3022,-9858,-4615,-1302,76,-1079,780,-3718,4,0,0
2016-08-05,161000,164500,161000,164500,67214,11056703000,1.8576,-6400,8851,-2443,520,-1999,-327,2496,-20,-3113,0,-8,0
2016-08-08,164500,165000,161500,164000,83673,13722372000,-0.304,21364,-20324,-1445,-378,-7445,1755,-2179,0,6552,343,62,250
2016-08-09,164000,166000,162500,166000,84168,13971888000,1.2195,-4760,-20351,25256,-316,2936,3196,9323,-430,11267,-155,10,-720
2016-08-10,166000,168000,165000,166500,84313,14038114500,0.3012,2492,-10810,8287,353,-5954,3277,4349,426,6279,57,-26,-443
2016-08-11,161500,163000,159500,161500,260040,41996460000,-3.003,82355,-38697,-43568,-4463,-45230,5536,-10353,376,10812,-273,183,-246
2016-08-12,161000,163000,160500,162000,103755,16808310000,0.3096,4389,-10534,4699,-3883,-2229,153,-365,61,10962,1445,1,0
2016-08-16,163000,164000,162000,163000,85951,14010013000,0.6173,28575,-41674,10249,-278,926,-891,-232,0,10724,2834,16,0
2016-08-17,162500,163500,161000,162000,46855,7590510000,-0.6135,8614,-13946,5215,114,-85,863,-112,0,4435,101,16,0
2016-08-18,162000,162000,160000,160000,64216,10274560000,-1.2346,20055,-15410,-5777,50,3785,873,-2521,0,-7964,1116,16,0
2016-08-19,159500,161000,157000,157000,85489,13421773000,-1.875,35244,-22291,-8381,-525,-911,621,-1231,65,-6400,-4731,159,0
2016-08-22,157000,157500,154000,156000,63229,9863724000,-0.6369,4149,-5389,2746,4923,0,-837,-73,28,-1289,-1564,58,-6
2016-08-23,155000,156500,155000,155000,29443,4563665000,-0.641,10084,-6621,-3540,-292,-231,169,287,0,-3473,0,77,0
2016-08-24,155000,157500,154000,154500,48492,7492014000,-0.3226,23328,-23104,-247,0,-274,681,909,0,-1563,13,10,0
2016-08-25,154000,159000,154000,156000,133098,20763288000,0.9709,3831,17930,-21678,3522,-42037,1487,521,-270,11024,-58,-25,4075
2016-08-26,156000,159000,156000,158000,106802,16874716000,1.2821,30736,-21913,-9035,-237,-22728,2646,1706,0,6953,170,42,2625
2016-08-29,158000,158500,154500,155000,62919,9752445000,-1.8987,21889,-5659,-16438,-224,-13544,-319,-5119,0,2193,197,11,575
2016-08-30,155500,156500,154000,156500,43755,6847657500,0.9677,2782,-1610,2729,-771,-85,274,-732,0,4043,-3901,0,0
2016-08-31,156500,157500,155500,157500,58360,9191700000,0.639,-4575,2725,1951,-597,778,77,1975,0,-282,-106,5,0
2016-09-01,157500,158000,155500,156000,76935,12001860000,-0.9524,10913,-549,-10305,-3147,-2095,-1017,199,0,-4370,0,-59,125
2016-09-02,156500,157000,154500,156500,51245,8019842500,0.3205,15372,-6786,-10051,-2001,-1126,495,-2375,-111,-5183,1500,-35,250
2016-09-05,157000,159500,157000,159500,119407,19045416500,1.9169,5266,-30686,25710,9329,6337,460,354,0,9005,-332,42,225
2016-09-06,160000,161500,157000,158500,144635,22924647500,-0.627,32119,20641,-53259,-515,-55043,25,-1461,-310,3670,7,492,375
2016-09-07,159000,159000,155500,157000,139906,21965242000,-0.9464,16076,-11622,-4560,1241,-7622,-9124,757,0,10188,94,12,0
2016-09-08,158000,158000,156500,156500,75719,11850023500,-0.3185,6330,-60,-6336,844,-655,1261,830,0,-8663,57,9,47
2016-09-09,156000,157500,155500,156000,74226,11579256000,-0.3195,10272,-13006,705,2486,1790,313,-1848,0,-3151,1999,30,1115
2016-09-12,155500,156500,154500,155500,62993,9795411500,-0.3205,-3213,-24533,28048,15333,-925,3954,3065,0,6596,-412,110,25
2016-09-13,156500,157000,154500,155000,63130,9785150000,-0.3215,18181,217,-18374,-26,-2965,2714,67,0,-18289,6,-30,125
2016-09-19,154000,155000,152000,153500,91149,13991371500,-0.9677,27025,2193,-31313,-825,-1434,193,-22987,91,-6351,2000,95,0
2016-09-20,153000,156500,152500,156000,75564,11787984000,1.6287,-8425,8726,-445,6428,1471,1544,-199,0,-10189,144,0,500
2016-09-21,155500,157000,154000,157000,171456,26918592000,0.641,83471,-78765,-4817,322,-1655,1100,1132,0,-6216,111,0,500
2016-09-22,157000,158000,156500,157000,91136,14308352000,0.0,-11974,3474,8513,-765,-1282,1012,-418,-291,9857,-16,3,400
2016-09-23,158000,159000,157000,158000,99881,15781198000,0.6369,-16110,-6842,22824,10541,2645,2477,2596,0,4140,128,0,425
2016-09-26,159000,159000,157000,158000,57098,9021484000,0.0,-5663,4943,720,-271,-419,1,535,0,874,0,0,0
2016-09-27,158500,158500,155500,157000,132216,20757912000,-0.6329,-27149,-3547,30690,11949,4746,1677,5103,-133,6698,0,6,650
2016-09-28,157500,158000,156500,157000,51184,8035888000,0.0,711,-9835,9615,2956,2172,534,2331,0,1547,-491,0,75
2016-09-29,157000,157500,156500,157000,68512,10756384000,0.0,6772,-10457,3655,-334,949,1316,-2535,0,4059,30,0,200
2016-09-30,156500,158000,156000,157500,85414,13452705000,0.3185,-18559,12878,6768,151,2680,1025,-49,-780,3741,-898,-189,0
2016-10-04,157500,158500,157000,158000,94050,14859900000,0.3175,716,3847,-4673,-548,-2439,937,-304,-4500,2181,105,5,0
2016-10-05,157000,158000,156500,157500,85472,13461840000,-0.3165,6703,-7777,1074,1944,5860,5207,-10723,0,-1364,0,0,150
2016-10-06,157000,157500,155500,157000,72391,11365387000,-0.3175,15102,379,-14102,-8784,693,5211,-4722,0,-6500,-1401,22,0
2016-10-07,155500,156500,155000,155000,57307,8882585000,-1.2739,3529,1852,-3791,-904,-476,42,-250,30,-2290,-1597,7,57
2016-10-10,156000,158000,156000,158000,126114,19926012000,1.9355,-18780,-41647,60088,14822,14191,9633,1988,0,19304,339,0,150
2016-10-11,159000,159500,158000,159500,92524,14757578000,0.9494,-29129,-12044,41172,9625,4866,-1079,6630,-30,20860,-28,29,300
2016-10-12,159500,163500,159000,163000,214463,34957469000,2.1944,-45747,-30440,74218,-3393,12839,23791,9644,2082,29474,1853,116,-219
2016-10-13,163500,165500,162500,163500,306078,50043753000,0.3067,-88962,10972,74418,20730,30978,8711,30059,171,-19231,3675,-103,3000
2016-10-14,164500,167500,164500,167000,272583,45521361000,2.1407,-69238,-39590,106490,43148,17439,2168,35548,628,8714,2541,-203,-1155
2016-10-17,166500,167500,165500,166000,113255,18800330000,-0.5988,-6755,-5823,12500,6619,5369,4575,3621,239,-7491,74,4,-432
2016-10-18,166000,167500,165500,167000,142043,23721181000,0.6024,-13381,-15466,28924,8201,808,3454,9591,39,10543,-404,327,-3712
2016-10-19,167500,168000,165500,166500,64566,10750239000,-0.2994,-2646,-13610,16310,20352,4855,1277,7820,167,-10150,-30,-24,-8011
2016-10-20,166500,168000,162500,168000,120883,20308344000,0.9009,-21624,-21379,43152,23241,8885,4887,10674,543,-4763,-155,6,-315
2016-10-21,168000,168500,167000,167000,75918,12678306000,-0.5952,-6034,-27399,33627,25774,496,2965,3714,19,659,9,-203,0
2016-10-24,167000,168000,166000,167500,74618,12498515000,0.2994,-5707,4388,-529,-14104,942,6338,4214,130,1905,1918,-70,46
2016-10-25,167500,168500,164500,165500,73160,12107980000,-1.194,-10725,11030,-657,-2998,-1391,2382,-5472,17,6805,2,350,0
2016-10-26,165500,166000,162000,165500,92077,15238743500,0.0,-7728,-2551,9930,8341,2961,-127,815,23,-2134,369,-20,51
2016-10-27,166000,166000,163500,165500,79472,13152616000,0.0,-5091,-7107,11873,16324,8856,-400,-8671,0,-4216,28,297,-20
2016-10-28,164000,165500,163500,164500,24428,4018406000,-0.6042,398,5872,-6034,133,-3549,-910,-115,100,-1693,-153,-83,0
2016-10-31,162000,163500,161500,162500,99905,16234562500,-1.2158,-13639,-14565,27697,6129,10822,2684,-323,0,9533,506,1,-1148
2016-11-01,162500,163000,160000,161500,82556,13332794000,-0.6154,3343,-9584,6120,-1051,-1986,-255,-1403,6180,4485,110,11,150
2016-11-02,160000,161000,158000,159000,181828,28910652000,-1.548,-22658,-14154,38406,10486,10550,-997,7841,0,9934,-1654,60,592
2016-11-03,160000,161000,158500,159000,177646,28245714000,0.0,13607,-46471,33189,12506,18564,713,-6569,53,7683,-325,0,239
2016-11-04,160000,162500,159500,160000,157677,25228320000,0.6289,6566,-25293,18908,4315,3296,2345,1521,-68,7499,-181,0,0
2016-11-07,162000,162000,159500,160500,129089,20718784500,0.3125,10522,-20703,10790,-363,699,894,1256,107,8197,-728,119,0
2016-11-08,169000,172500,168500,172000,377204,64879088000,7.1651,-106643,52485,58875,9716,25483,23015,7879,1066,-7236,-2897,-1820,-1048
2016-11-09,172000,181000,172000,177500,404844,71859810000,3.1977,-132129,126886,8878,133,-315,1732,13185,-348,-5550,-2804,-831,41
2016-11-10,180000,186000,179500,184500,266249,49122940500,3.9437,-72192,48515,22666,13127,1737,7612,10355,-231,-13034,778,233,3100
2016-11-11,183500,186500,179000,185000,171060,31646100000,0.271,-32544,-1115,30103,14018,3749,289,6981,3605,1282,3799,-243,179
2016-11-14,185500,186500,182000,182000,116125,21134750000,-1.6216,-9513,-23633,32481,13191,-2,600,11996,1700,4949,758,-93,47
2016-11-15,184000,184000,179500,180000,113854,20493720000,-1.0989,-4460,-17958,21766,8637,1249,3670,1104,25,6081,576,76,1000
2016-11-16,178000,182500,177500,182500,95448,17419260000,1.3889,-2024,-5761,7471,3385,-3328,2207,5977,440,-1237,356,-42,27
2016-11-17,185000,185000,180000,184500,58030,10706535000,1.0959,-4908,12212,-7354,1426,225,515,1524,0,-11044,50,0,0
2016-11-18,182500,184000,181000,181000,63078,11417118000,-1.897,1594,-11809,6932,2469,2670,1915,2660,303,-5158,543,2740,2073
2016-11-21,181000,182500,179000,181000,56496,10225776000,0.0,-5930,5744,-306,-1052,-33,2207,91,308,-2327,522,-30,500
2016-11-22,182000,187500,182000,186500,119803,22343259500,3.0387,-21984,2313,20760,14044,1723,169,6209,434,-1819,-561,-528,0
2016-11-23,185500,188000,185000,186500,91578,17079297000,0.0,-11206,-20824,31616,35719,2185,2204,1615,168,-10275,572,-158,0
2016-11-24,185500,186000,182500,184500,94151,17370859500,-1.0724,-1011,-25475,26539,13454,1908,959,6362,0,3856,27,-80,0
2016-11-25,185000,185500,182500,183000,51745,9469335000,-0.813,2203,4353,-6565,43,-8229,-4855,1854,0,4622,9,0,0
2016-11-28,183500,184000,180500,182000,72183,13137306000,-0.5464,1069,27144,-28460,-7922,593,-4961,-6732,-385,-9053,245,2,0
2016-11-29,183000,188000,182000,188000,117155,22025140000,3.2967,-24633,24605,491,-951,1735,-417,1777,0,-53,-463,0,-1600
2016-11-30,189000,189500,185000,188000,148753,27965564000,0.0,-1765,6134,-4015,4275,-1022,78,170,-227,-7289,-361,7,0
2016-12-01,187500,195500,187500,193500,153594,29720439000,2.9255,-52822,27136,26452,15146,9359,5196,6110,-181,-9514,-620,-146,336
2016-12-02,194500,195500,190000,190000,84086,15976340000,-1.8088,3350,-10583,7594,5301,979,-440,1078,-493,1169,-366,5,0
2016-12-05,188000,190500,187500,189500,41806,7922237000,-0.2632,-470,-3795,5179,7218,-1981,-1934,1046,241,1089,-849,-65,-500
2016-12-06,192000,193000,188500,191000,125243,23921413000,0.7916,-2402,8883,-6256,6635,-6362,-1275,-1117,-746,-2411,-236,11,-980
2016-12-07,195000,195000,186000,188000,104684,19680592000,-1.5707,3391,5906,-8968,-6596,2186,2612,-469,-3234,-1530,-298,-31,-1937
2016-12-08,188500,195000,186500,195000,162081,31605795000,3.7234,-20646,28575,-4829,2459,-6430,-5028,-5073,-1615,14121,-3095,-5,-3263
2016-12-09,195000,195500,191000,194500,93029,18094140500,-0.2564,-10731,8963,1775,10243,-4842,2562,-987,-905,-4296,-10,3,0
2016-12-12,195500,196000,191000,192000,53390,10250880000,-1.2853,1959,4463,-6420,418,-10172,-1543,-2170,0,7047,-2,0,0
2016-12-13,194000,195500,191500,193500,74742,14462577000,0.7812,-8193,19763,-11566,-5481,-4613,-4494,-391,0,3413,-27,23,0
2016-12-14,192000,194000,190000,193500,55652,10768662000,0.0,-7747,29186,-17402,-11346,-1439,-331,-2948,0,-87,-4039,2,-1251
2016-12-15,191000,195000,190500,193000,68251,13172443000,-0.2584,-2825,8040,-5202,4421,-3040,-4163,-2747,-199,526,-13,0,0
2016-12-16,191500,195000,191500,194000,68936,13373584000,0.5181,-3725,6669,-2938,2722,1866,693,-2871,-154,-5194,-15,9,0
2016-12-19,194000,194500,190500,191000,56669,10823779000,-1.5464,5077,5177,-11182,-251,-8163,-91,-960,-162,-1555,918,10,0
2016-12-20,191000,192500,190500,192500,45783,8813227500,0.7853,-4206,10149,-6803,2154,-3739,247,-5839,-151,525,851,9,0
2016-12-21,192000,192500,182500,186000,112389,20904354000,-3.3766,10689,4122,-15006,777,-5420,-6037,-3002,-315,-410,119,76,-599
2016-12-22,185500,186000,184000,186000,50658,9422388000,0.0,-1579,2876,-651,5178,-460,250,-3882,-2883,1388,-651,5,-242
2016-12-23,186500,186500,182000,184500,61297,11309296500,-0.8065,-67,10903,-9381,280,-2464,-4754,-10660,-190,8407,-1455,0,0
2016-12-26,184500,186000,180500,185500,46925,8704587500,0.542,-2049,5016,-3368,6690,-4880,-6291,-1704,0,2817,401,0,0
2016-12-27,185500,187000,183000,186500,38920,7258580000,0.5391,-8952,5471,3519,2957,3626,316,-4515,0,1135,-38,0,0
2016-12-28,183500,185000,182000,182000,47905,8718710000,-2.4129,11821,5698,-17793,-876,2194,395,-8082,20,-11444,265,9,0
2016-12-29,183000,183500,181500,183000,42579,7791957000,0.5495,-4263,20433,-16113,-193,-5043,125,1249,0,-12243,-57,0,-8
2017-01-02,184000,188500,179500,180500,72116,13016938000,-1.3661,4753,2177,-6624,-13203,14538,-10728,-2070,0,4849,-306,0,-10
2017-01-03,180000,185500,179000,179500,75322,13520299000,-0.554,1619,9673,-11307,-9277,8392,-3472,-5410,4,-1544,-11,26,0
2017-01-04,181500,181500,177500,179000,66213,11852127000,-0.2786,8707,17870,-27342,-17865,7899,-2771,-3576,-2621,-8408,635,130,0
2017-01-05,179000,186500,179000,186500,90211,16824351500,4.1899,-14419,7831,6568,-1248,6049,-149,4563,-39,-2608,21,-1,0
2017-01-06,186000,187500,182500,185500,60552,11232396000,-0.5362,-3636,-16011,19560,-1788,9248,5327,5845,-30,958,133,-46,0
2017-01-09,184000,185000,180000,180000,69357,12484260000,-2.965,11011,-17378,6412,-1703,5022,3807,4396,40,-5150,-55,10,0
2017-01-10,179500,183500,178500,183000,79656,14577048000,1.6667,-8900,-19364,28354,2982,18103,2081,9990,-30,-4772,-69,-21,0
2017-01-11,183000,187000,182500,186500,101671,18961641500,1.9126,-10854,-18947,29920,5827,7030,6854,7911,-30,2328,-123,4,0
2017-01-12,186500,191500,186500,190500,61806,11774043000,2.1448,-14148,2615,11650,4425,1125,2361,23,-76,3262,-116,-1,530
2017-01-13,190500,193000,189000,190500,109423,20845081500,0.0,-11225,4005,7259,-421,4530,297,-3552,0,6405,-34,-5,0
2017-01-16,190000,192000,187500,191500,47615,9118272500,0.5249,-7957,-715,9715,2654,2809,-2133,-362,-24,6771,-973,-70,0
2017-01-17,191500,192000,189000,191500,37096,7103884000,0.0,-1752,3683,-2831,-11562,-268,-952,864,0,9087,901,-1,0
2017-01-18,190500,196000,189500,194500,63883,12425243500,1.5666,-21551,11045,10716,-4024,3757,-2263,8410,434,4402,-61,-149,0
2017-01-19,193500,196000,192000,193500,80266,15531471000,-0.5141,164,11647,-11055,-3906,2468,-125,-3843,0,-5649,-756,0,0
2017-01-20,194500,197500,192000,196500,111137,21838420500,1.5504,-11074,5083,6932,5471,1191,777,-2565,234,1824,-931,-10,0
2017-01-23,194000,199500,194000,197500,55678,10996405000,0.5089,-9830,-2418,14684,9167,4865,-3,739,-22,-62,-2419,-17,0
2017-01-24,196500,197000,192000,193500,89109,17242591500,-2.0253,915,-5680,4772,2103,1111,-94,3886,35,-2269,-3,-4,0
2017-01-25,193000,194500,188000,190000,74648,14183120000,-1.8088,2518,-4485,1407,11277,-966,-1146,-1121,-75,-6562,610,-50,0
2017-01-26,195500,202000,195500,199500,244775,48832612500,5.0,-33997,-266,35276,21563,20195,-6031,4229,2502,-6717,-1035,22,-465
2017-01-31,200000,206500,199000,203000,156215,31711645000,1.7544,-16234,22418,-6971,10040,-21521,-1022,50,5050,387,751,36,45
2017-02-01,203000,204500,200000,203500,80934,16470069000,0.2463,-7744,26809,-18652,-8966,-6871,-3541,447,1411,-1085,-405,-8,-47
2017-02-02,200000,206500,200000,205000,87971,18034055000,0.7371,-13489,18597,-4601,-4961,1387,240,-1264,467,-470,-504,-3,0
2017-02-03,206000,206500,200500,204000,74295,15156180000,-0.4878,-3098,364,674,1958,-5932,-2843,4435,180,2876,2073,-13,0
2017-02-06,207000,213500,205000,211500,136058,28776267000,3.6765,-31026,-12751,44415,11969,17083,7648,1707,241,5837,-550,-88,-70
2017-02-07,213500,213500,209000,212000,114244,24219728000,0.2364,-11485,-10668,24452,3658,7297,-2734,1227,-916,15920,-2710,411,0
2017-02-08,210000,212500,207500,209000,123929,25901161000,-1.4151,-4194,-24872,29258,11792,10789,-4763,6070,-398,5768,-185,-7,0
2017-02-09,207500,211500,206000,209000,60622,12669998000,0.0,-1455,893,879,6398,3478,-1022,808,-3,-8780,-317,0,0
2017-02-10,211000,212000,205500,207500,89289,18527467500,-0.7177,1037,-6906,6045,2267,1200,-217,-7531,-94,10506,-176,0,-86
2017-02-13,209000,211000,204000,205500,102694,21103617000,-0.9639,-179,11809,-12143,-5071,-4079,-6772,-1741,-505,6125,533,-20,-100
2017-02-14,206500,208500,201500,203000,109279,22183637000,-1.2165,4390,-7224,2747,5011,-3663,-4659,-109,-231,6398,87,0,0
2017-02-15,201500,210500,201500,208500,114822,23940387000,2.7094,-5465,-1616,7584,5330,-1811,-735,3045,-178,1933,-490,-13,0
2017-02-16,210500,212500,208500,210500,95780,20161690000,0.9592,4953,14357,-19023,8824,-4786,-2640,-3892,274,-16803,-309,22,0
2017-02-17,210000,210500,205500,207000,42321,8760447000,-1.6627,-150,3326,-799,3019,-4420,43,-2712,167,3104,-2472,95,0
2017-02-20,205500,209000,203500,207000,39999,8279793000,0.0,1307,-13617,12613,9731,11671,1686,409,-50,-10834,-310,7,0
2017-02-21,208500,215000,207000,210500,85597,18018168500,1.6908,-5894,-13368,19820,4211,6873,3902,-2683,204,7614,-421,-137,-301
2017-02-22,211000,213000,205000,206500,77738,16052897000,-1.9002,7824,-4041,-4121,2920,-4965,-1554,2504,419,-3445,335,3,0
2017-02-23,208500,218000,207500,215000,132289,28442135000,4.1162,-23482,9017,15119,3772,10055,8148,2611,-333,-9204,-726,72,70
2017-02-24,210500,213000,206000,208500,1262418,263214153000,-3.0233,38455,492643,-531794,57239,274653,27483,16147,-937518,29513,794,-98,689
2017-02-27,211500,212500,208000,210000,229732,48243720000,0.7194,-7704,9389,-720,-9169,5708,-3369,2184,-360,4286,-1544,579,0
2017-02-28,212500,212500,206000,208000,136469,28385552000,-0.9524,2186,-8368,6204,6621,-3720,7054,4552,991,-9580,-23,1,286
2017-03-02,211000,211000,201500,203500,182810,37201835000,-2.1635,20903,-43636,22239,29293,4715,4649,-325,1124,-17059,326,168,-158
2017-03-03,203500,205000,201500,203000,139191,28255773000,-0.2457,513,-6781,5854,4236,-3938,4084,2884,-300,-1112,413,1,0
2017-03-06,201000,203500,198500,201500,76280,15370420000,-0.7389,1640,-9659,6189,8588,169,3228,2538,0,-8334,946,884,0
2017-03-07,202000,209000,201000,204500,71510,14623795000,1.4888,-5914,9097,-2535,-8881,2846,-2255,7972,349,-3000,-653,5,434
2017-03-08,202500,211000,202500,208000,105751,21996208000,1.7115,-14787,18528,-3768,556,543,-852,7777,223,-12015,13,14,0
2017-03-09,212000,212500,205000,205500,134916,27725238000,-1.2019,-2408,11060,-8358,4584,-1339,-2594,6016,-365,-14660,-219,-75,0
2017-03-10,207500,214000,207000,209500,163033,34155413500,1.9465,-16991,-8445,25452,24358,5109,-1747,8745,-227,-10786,-16,0,0
2017-03-13,209500,212000,207000,208000,69250,14404000000,-0.716,1827,9477,-11397,2140,-8928,314,1005,95,-5423,83,10,-600
2017-03-14,208000,210500,206000,209500,100810,21119695000,0.7212,-1212,31564,-30362,-4265,-5935,-6018,24,-622,-13546,10,0,0
2017-03-15,209500,210500,207000,210500,128915,27136607500,0.4773,-3156,27645,-24384,-16712,-7489,-3280,2181,-6,922,-104,-1,0
2017-03-16,213000,214000,206000,208000,126884,26391872000,-1.1876,9055,10683,-19828,-18120,2702,2652,-7251,200,-11,28,62,0
2017-03-17,208500,214000,205000,214000,117153,25070742000,2.8846,-8680,29721,-21512,-13163,177,-2293,70,-3,-6300,509,-38,0
2017-03-20,214000,214000,204500,207000,88160,18249120000,-3.271,17384,-7360,-10250,3105,-4174,-11405,-829,44,3027,173,53,-18
2017-03-21,208500,208500,197500,199000,278214,55364586000,-3.8647,56604,-33008,-24387,3388,3480,-34911,3304,931,-434,752,39,-145
2017-03-22,199500,205000,199000,203500,105498,21468843000,2.2613,-25617,13979,10350,8542,8337,-4728,2949,-401,-4236,1287,1,-113
2017-03-23,205500,205500,199500,200000,71173,14234600000,-1.7199,13884,-9927,-3809,-9106,114,-58,-3595,-156,9144,-168,20,-152
2017-03-24,201500,208000,200500,208000,104742,21786336000,4.0,-21580,421,20753,383,2118,19643,-1341,-1753,1743,375,31,-40
2017-03-27,208000,213000,206000,211500,87875,18585562500,1.6827,-17210,-4572,21985,-6554,6747,22627,-1156,-1521,1815,-202,-1,27
2017-03-28,211500,213500,207000,211500,82612,17472438000,0.0,7308,-28143,20941,1115,857,5686,-145,-936,14364,-134,28,0
2017-03-29,210500,211000,208000,210500,75974,15992527000,-0.4728,-3008,-1064,4149,7668,-626,1225,-2806,238,-1550,-80,3,0
2017-03-30,212000,213500,207000,208000,44804,9319232000,-1.1876,5251,7917,-13398,-6610,214,-2910,165,133,-4390,209,21,0
2017-03-31,208000,210000,205000,205500,144170,29626935000,-1.2019,8010,-2790,-5200,-3286,-4434,-2853,5426,-1,-31,-20,0,-21
2017-04-03,205500,210500,204500,210500,72723,15308191500,2.4331,-7529,2635,5083,-4233,3934,3222,912,134,1072,-210,21,42
2017-04-04,208000,212500,206000,210500,45790,9638795000,0.0,-111,-4480,4371,-1857,2299,409,4337,-360,-457,181,39,0
2017-04-05,214500,214500,210000,212500,70707,15025237500,0.9501,-1731,3646,-1843,-5492,2242,28,937,401,41,-77,5,0
2017-04-06,213500,214500,209500,214500,73714,15811653000,0.9412,-8803,36491,-27749,-8051,-12929,-221,1495,-1264,-6779,61,0,0
2017-04-07,215000,226500,214500,225500,215810,48665155000,5.1282,-40596,-15716,56698,20391,14487,8760,13174,19,-771,-195,-191,638
2017-04-10,223500,230000,222000,224000,125138,28030912000,-0.6652,-11528,-8490,19176,4115,3222,1298,1479,63,8939,508,334,60
2017-04-11,224500,234000,223500,225500,153040,34510520000,0.6696,-6666,11447,-4671,-5289,5745,-939,54,-4497,255,-123,13,0
2017-04-12,229000,235500,226000,235500,142652,33594546000,4.4346,-20406,35800,-16715,-2068,-3298,-4308,3276,-3,-10314,1273,48,0
2017-04-13,238000,238000,231000,234500,98075,22998587500,-0.4246,3074,-1276,-2719,-3896,-3433,109,1131,-435,3805,918,3,0
2017-04-14,231500,234500,229000,232500,44815,10419487500,-0.8529,-4451,-760,5131,2219,153,-1411,356,0,3814,59,21,0
2017-04-17,232000,238000,231000,233500,37245,8696707500,0.4301,1566,115,-1764,-1959,3629,128,112,-501,-3173,59,24,0
2017-04-18,235000,237000,231500,234500,67893,15920908500,0.4283,3077,16084,-19355,-13106,-4866,-5422,4111,0,-72,138,56,0
2017-04-19,232000,236000,230500,235000,96244,22617340000,0.2132,1290,8278,-10031,-4965,-1988,-1364,-2682,-4313,5175,430,33,106
2017-04-20,236000,236500,231500,236500,89049,21060088500,0.6383,1991,18035,-19302,-10941,-4915,-2128,-673,0,-736,-769,45,91
2017-04-21,236000,237500,233500,235000,72805,17109175000,-0.6342,1544,20208,-21967,-7199,-3338,-5998,1226,-1,-6719,215,0,62
2017-04-24,236000,238500,230500,235000,81888,19243680000,0.0,613,15248,-15796,593,-8175,-2499,-2109,-1179,-2473,-80,15,46
2017-04-25,231500,235000,229500,231500,126272,29231968000,-1.4894,2861,355,-3525,7154,258,-4048,-6259,147,-290,241,68,-487
2017-04-26,234000,241500,233000,238000,88045,20954710000,2.8078,-9188,6348,2669,4200,313,-374,-251,-6,-1120,11,160,-93
2017-04-27,239500,240000,232500,235000,72015,16923525000,-1.2605,1704,-672,-1139,-9853,6707,-821,-3711,96,6690,144,-37,-247
2017-04-28,231500,233500,228000,230000,128723,29606290000,-2.1277,11863,-4266,-7687,-7330,2131,-3957,1792,-21,-422,204,-114,120
2017-05-02,228000,230500,223500,224000,140356,31439744000,-2.6087,15989,-13137,-2982,-11562,231,-3420,1069,-21,10738,88,42,-17
2017-05-04,221000,229500,221000,228000,134810,30736680000,1.7857,-7335,-9974,17357,2538,3169,464,7678,-2,3510,-48,0,0
2017-05-08,230000,241500,228000,241000,77713,18728833000,5.7018,-19680,4908,14960,-176,2773,-83,5360,-9,7120,-54,-134,-25
2017-05-10,241000,241500,231000,233500,133433,31156605500,-3.112,12410,-9613,-3140,-10451,-8162,-3570,-359,-36,19438,216,127,0
2017-05-11,233500,235500,220500,227000,287810,65332870000,-2.7837,50721,25986,-75208,-50503,-10546,-14587,-14220,-1968,17432,-1654,155,-816
2017-05-12,227000,229500,225000,227500,115804,26345410000,0.2203,-7787,8464,2482,757,-5363,-4097,3813,-650,8095,-3156,-3,-73
2017-05-15,228000,228000,221000,223500,189409,42332911500,-1.7582,18910,21333,-40829,-620,-35322,-7439,-998,-12,3562,446,140,0
2017-05-16,225500,228500,224500,228500,95914,21916349000,2.2371,-15393,19536,-3914,-1324,-6959,-1756,3733,-2,2394,-158,-71,0
2017-05-17,227500,229000,225000,228500,70521,16114048500,0.0,-159,11118,-10948,-3004,-4640,-803,-3502,0,1001,32,-43,0
2017-05-18,227500,229000,222000,227500,102751,23375852500,-0.4376,-3486,20484,-17024,-15119,-2871,1013,4338,-386,-3999,-168,194,0
2017-05-19,228000,229000,225000,227000,53917,12239159000,-0.2198,-842,10112,-9128,-3682,-2517,1336,-6617,15,2337,-97,-45,0
2017-05-22,229000,229000,221000,226000,116980,26437480000,-0.4405,33491,661,-34435,-23691,2803,-1087,-8678,157,-3514,392,-109,-425
2017-05-23,224000,228500,223500,226000,63293,14304218000,0.0,-5745,-10313,16052,8208,4608,75,2118,-4,1047,-78,84,0
2017-05-24,229000,231000,226500,229500,69005,15836647500,1.5487,-16984,5865,11154,6901,-2648,79,4304,244,2274,-38,3,0
2017-05-25,229500,232500,226000,231000,109999,25409769000,0.6536,-3224,-27908,28963,25154,-3449,-4464,3944,56,7652,1662,507,70
2017-05-26,230000,233500,227500,229500,77916,17881722000,-0.6494,11786,-25867,13376,9471,-1182,6655,-2593,242,614,696,9,169
2017-05-29,231000,237000,230000,235500,91933,21650221500,2.6144,-24367,11880,11879,-2817,2837,6270,249,-25,5365,635,-27,0
2017-05-30,236000,241000,234000,239000,105530,25221670000,1.4862,-11385,-9172,21048,9597,-4543,2769,11990,32,1203,-361,-130,0
2017-05-31,239000,243500,238500,243000,201944,49072392000,1.6736,-6796,1935,4817,-811,-5583,190,-778,531,11270,66,-22,-2
2017-06-01,244000,248500,241000,244000,103830,25334520000,0.4115,-7593,25668,-19148,-4512,-12009,-1847,455,247,-1481,-230,1303,-1
2017-06-02,244000,252500,243500,251000,134619,33789369000,2.8689,-21680,17232,4674,10954,-2193,-2745,3601,-4092,-851,-322,96,0
2017-06-05,253500,259500,250500,252500,114739,28971597500,0.5976,-4899,33599,-29493,-10549,-11314,-1098,-3885,-147,-2482,772,21,-18
2017-06-07,251000,252500,248000,250500,144276,36141138000,-0.7921,3141,22146,-25481,-1364,-8827,-1418,-8559,-10,-5303,122,72,0
2017-06-08,248000,249000,242500,243500,129641,31567583500,-2.7944,20400,10480,-31470,-980,-14156,1437,-13167,-1090,-3441,362,228,-73
2017-06-09,244000,244500,237500,242500,114067,27661247500,-0.4107,13917,23057,-36134,-15431,-17104,-2293,-2585,-205,1484,-540,-300,0
2017-06-12,243000,243000,235500,237000,64682,15329634000,-2.268,14027,-1384,-12291,-283,-2229,-3597,-3380,15,-2817,-412,60,0
2017-06-13,238000,240000,238000,239500,64505,15448947500,1.0549,-1517,-732,1911,3397,-6387,-659,-1306,356,6510,314,24,0
2017-06-14,239000,240000,234500,237000,129272,30637464000,-1.0438,8653,195,-7490,12139,-11642,-120,-5332,9,-2544,-1365,7,0
2017-06-15,234500,237500,230000,232000,87767,20361944000,-2.1097,27358,8215,-35551,-15346,-15701,-351,-1890,98,-2361,-90,68,0
2017-06-16,231500,232000,228500,231000,91834,21213654000,-0.431,5406,-1692,-5031,-228,-8092,-295,589,6,2836,1313,4,153
2017-06-19,231000,232500,226000,228000,64814,14777592000,-1.2987,14353,2026,-16208,-16570,-1762,-3930,-1554,143,7465,-176,5,0
2017-06-20,228500,231000,226000,227500,64330,14635075000,-0.2193,11119,597,-11095,-5192,-1417,-4940,1051,262,-1170,-527,-94,311
2017-06-21,225500,226000,219000,223500,113188,25297518000,-1.7582,19139,-26472,7693,1670,2318,2791,518,-1517,1913,-455,95,0
2017-06-22,223500,228000,220000,220500,118640,26160120000,-1.3423,9267,-5809,-3362,-164,-5180,-679,-1501,-200,4362,-28,-68,0
2017-06-23,221000,221500,216500,219500,168331,36948654500,-0.4535,21896,-25308,3261,867,-887,-1406,-1907,741,5853,135,16,0
2017-06-26,221500,223000,217500,220500,68035,15001717500,0.4556,10031,-11165,1084,-5229,3735,-367,-365,-203,3513,39,11,0
2017-06-27,222000,231500,221000,229500,162241,37234309500,4.0816,-31694,-8159,39835,13270,2871,12134,5417,5563,630,62,-44,-50
2017-06-28,231500,232000,227500,229500,73263,16813858500,0.0,1178,-15827,11469,4766,135,-284,3033,0,3819,2688,492,0
2017-06-29,230500,236500,229500,236500,137859,32603653500,3.0501,-26041,16711,10614,-784,4358,1291,2089,67,3593,-1075,-209,0
2017-06-30,235000,236000,231500,234500,76712,17988964000,-0.8457,-878,9986,-9559,-3917,-249,941,-2297,2,-4039,429,22,0
2017-07-03,236500,236500,230500,233500,43294,10109149000,-0.4264,-416,11493,-11084,-5652,-2323,-752,-1039,-16,-1302,201,-194,0
2017-07-04,233500,235000,226000,226000,65174,14729324000,-3.212,11491,5000,-15382,-2288,-9062,-364,-1173,0,-2495,-1010,-99,0
2017-07-05,225500,229000,221500,227500,66392,15104180000,0.6637,1386,11514,-13001,-7398,2576,-3128,5582,-13,-10620,116,-15,0
2017-07-06,228500,238000,224000,236500,102894,24334431000,3.956,-34164,-2953,37556,10222,7872,11328,4635,180,3319,-309,-130,0
2017-07-07,235500,236500,230500,232000,80175,18600600000,-1.9027,5238,-10452,4025,-190,-1879,2173,-647,-63,4631,1331,-142,0
2017-07-10,232500,241500,232000,238500,137877,32883664500,2.8017,-24769,-13202,37695,18067,2432,7490,1660,74,7972,256,20,0
2017-07-11,243500,251000,242000,243000,185072,44972496000,1.8868,-33495,19488,14690,10555,5782,3168,-269,144,-4690,-537,-146,0
2017-07-12,243000,246000,232500,233500,114169,26658461500,-3.9095,12945,-8388,-4861,-520,-5478,1484,3208,-6,-3564,307,-3,15
2017-07-13,237000,239500,233500,235000,81199,19081765000,0.6424,-1696,7614,-5954,-10881,11,-5369,-61,6920,3333,43,-7,93
2017-07-14,237500,247000,236500,244000,72628,17721232000,3.8298,-11988,-3118,16859,4193,2328,1856,2788,162,5444,-1746,-7,88
2017-07-17,245000,245000,231000,238000,154756,36831928000,-2.459,26281,-20925,-6183,6402,-2713,-8756,-6443,-94,5421,786,41,0
2017-07-18,238000,238500,234000,238000,68560,16317280000,0.0,-6222,-1937,8189,7547,-5050,-3887,2552,-6,7033,-11,-19,0
2017-07-19,239000,240500,237000,238500,48659,11605171500,0.2101,-10153,4736,4811,1823,-4949,1708,-660,-9,6898,626,-20,0
2017-07-20,240000,240500,233500,235000,47076,11062860000,-1.4675,2197,13236,-15409,-6099,-2910,-2260,-2915,125,-1350,-14,-10,0
2017-07-21,234000,237000,233500,236500,58210,13766665000,0.6383,433,606,-601,226,-2835,2192,-328,1069,-925,-438,0,0
2017-07-24,238500,244500,236000,243000,86101,20922543000,2.7484,-20129,-18413,38500,35760,955,-2148,-267,-9,4209,15,27,0
2017-07-25,243000,245500,241500,242500,74744,18125420000,-0.2058,-5483,243,5164,-2123,1889,2770,-972,11,3589,76,0,0
2017-07-26,245000,249500,243000,246500,51847,12780285500,1.6495,-7119,-5110,12107,1319,1054,-64,3419,-104,6483,122,0,0
2017-07-27,243000,245500,240000,243500,62567,15235064500,-1.217,1868,-20665,18571,10941,3068,-511,453,3,4617,169,57,0
2017-07-28,242000,258000,242000,250000,121293,30323250000,2.6694,-46519,30159,19973,1354,2261,1268,-974,-4701,20765,-3022,-591,0
2017-07-31,250000,260000,249500,254000,88945,22592030000,1.6,-6135,-13618,19702,-109,345,9406,145,76,9833,64,-13,6
2017-08-01,251500,258000,248000,251500,80705,20297307500,-0.9843,-1655,741,529,-4046,-2267,1052,523,-1052,6865,373,12,-546
2017-08-02,251500,254000,248500,251500,45920,11548880000,0.0,907,8190,-9722,-11479,2948,2770,-205,-4506,750,567,58,0
2017-08-03,249000,251000,243000,245000,64590,15824550000,-2.5845,7760,3040,-11061,-10749,-3165,-439,-797,-4605,8694,22,239,0
2017-08-04,242000,246000,241000,242000,76683,18557286000,-1.2245,7283,-23394,15348,3427,3837,1748,297,-18,6057,612,151,0
2017-08-07,242000,252500,242000,247500,73233,18125167500,2.2727,-4407,6619,-3780,-4256,-6414,-184,190,-25,6909,1741,-173,0
2017-08-08,246000,247000,241500,242500,56616,13729380000,-2.0202,7590,-11099,3190,-243,2204,463,333,-2,435,365,-46,0
2017-08-09,240000,245500,239500,243500,37698,9179463000,0.4124,-3980,-5117,9804,6761,2772,-1835,667,-6,1445,-657,-50,0
2017-08-10,241500,246500,241500,243500,68247,16618144500,0.0,-4468,-8362,12847,4921,1022,-4,686,-5,6227,-10,-7,0
2017-08-11,240000,243500,237500,242000,93560,22641520000,-0.616,-2954,-12695,16500,-4228,4080,1998,2088,832,11724,-1343,492,6
2017-08-14,241500,245500,231000,233000,124521,29013393000,-3.719,21849,-11094,-9787,-2168,-462,-3618,-3026,483,-1174,-1045,77,178
2017-08-16,233500,233500,228500,232000,80913,18771816000,-0.4292,6113,-6934,670,2197,1286,-35,162,30,-2970,149,2,0
2017-08-17,230000,232000,229500,231000,75625,17469375000,-0.431,6952,1463,-8537,-7887,-915,2030,6,-2,-1769,122,0,0
2017-08-18,229500,232000,229500,232000,55863,12960216000,0.4329,440,-10708,10499,1510,154,3067,1837,-2,3933,-247,16,0
2017-08-21,232500,233500,221000,222000,150418,33392796000,-4.3103,56256,-85,-57023,-34010,-8001,-15123,-397,54,454,500,352,0
2017-08-22,222500,226000,222000,225000,151294,34041150000,1.3514,-4874,34970,-29796,-24868,327,-4122,-5111,297,3681,-296,-4,0
2017-08-23,227500,229000,225000,227000,87560,19876120000,0.8889,-10828,30507,-19545,-13449,4201,-513,-1208,-2609,-5967,-132,-2,0
2017-08-24,228000,231000,226000,230000,106296,24448080000,1.3216,-4767,6827,-4009,-690,112,-2252,-139,221,-1261,1931,18,0
2017-08-25,234000,234000,228500,231500,142834,33066071000,0.6522,-5238,19928,-14771,-3508,-4329,-2782,-3692,-39,-855,81,0,434
2017-08-28,231500,233000,226000,226500,129117,29245000500,-2.1598,7190,888,-7885,-1557,-4766,-56,-1095,-2,-409,-116,-77,0
2017-08-29,226500,227000,218500,221000,126564,27970644000,-2.4283,35381,27131,-62608,-38716,-13039,-595,-8784,104,-1578,101,-5,0
2017-08-30,221000,224500,216000,224000,125305,28068320000,1.3575,-3757,30513,-25315,-19073,-4758,-3122,-3379,-423,5557,-1421,-20,-117
2017-08-31,222000,224000,219000,224000,88968,19928832000,0.0,655,24934,-25636,-14811,-1924,8,-5364,466,-3896,88,-41,-115
2017-09-01,225000,225000,220000,222500,108722,24190645000,-0.6696,13093,23387,-36914,-21140,-2776,-4042,-3867,-30,-5053,383,51,-6
2017-09-04,220000,223000,218000,218500,41495,9066657500,-1.7978,554,-1568,919,2126,-4069,55,-900,10,3697,103,-8,0
2017-09-05,219500,220000,213000,213500,88450,18884075000,-2.2883,12303,9602,-22307,-13263,-7046,-5646,-1829,-1290,6767,397,5,0
2017-09-06,212500,212500,203500,207500,129326,26835145000,-2.8103,16646,-8328,-9166,2330,-5483,-2600,-3356,-3351,3359,686,162,-65
2017-09-07,207500,211000,203500,210000,83566,17548860000,1.2048,6138,-4691,-123,-9451,1940,5494,243,555,1096,-1184,-140,0
2017-09-08,209000,216500,208000,215000,83886,18035490000,2.381,-14036,-9637,23904,12716,2889,1666,4418,360,1855,-413,182,0
2017-09-11,216000,222000,215000,215500,86280,18593340000,0.2326,1094,-32911,31973,4661,12070,713,7312,165,7052,-101,-55,0
2017-09-12,216000,218500,214500,218000,49762,10848116000,1.1601,-1461,-13934,15329,2535,4675,1806,2856,1055,2402,4,62,0
2017-09-13,217000,218500,213000,217000,80502,17468934000,-0.4587,-7640,-12565,19925,-164,7890,4676,925,0,7032,415,-135,-434
2017-09-14,216000,220500,216000,219500,96636,21211602000,1.1521,-4353,337,3690,-16872,8003,3794,2419,6697,-801,304,22,450
2017-09-15,219000,220000,214500,220000,97337,21414140000,0.2278,-117,-22325,21631,8756,5219,-5,3914,173,3574,603,208,0
2017-09-18,218500,222000,217000,220500,72124,15903342000,0.2273,-8491,-19138,27634,7415,7698,8247,4152,-8,138,-30,25,-8
2017-09-19,218000,221000,217500,219000,62753,13742907000,-0.6803,-1316,-21115,22523,9899,478,4461,5993,0,1692,-95,3,0
2017-09-20,219000,219000,203500,215500,338910,73035105000,-1.5982,11770,54191,-65285,-16088,-8543,-11382,-18743,2567,-12549,-1803,1127,-547
2017-09-21,212500,214500,210000,213000,99828,21263364000,-1.1601,-2092,-19800,21876,3945,18700,-552,-4769,0,4552,-4,20,0
2017-09-22,212500,213000,209500,211500,81584,17255016000,-0.7042,-7872,5249,2366,824,1596,614,405,-1,-1072,108,149,0
2017-09-25,210000,210000,207000,207500,60519,12557692500,-1.8913,369,-1651,2099,-6281,9043,-2532,867,153,849,-811,-6,0
2017-09-26,208500,212000,204000,210500,97327,20487333500,1.4458,2505,-39356,36131,8389,8430,2407,2174,201,14053,718,2,477
2017-09-27,209000,212000,206500,208000,40051,8330608000,-1.1876,5189,-4892,-262,1927,-1417,-645,1740,204,-2071,-35,0,0
2017-09-28,204500,207000,203000,205000,84464,17315120000,-1.4423,11329,-10325,-1117,-2805,4366,-1880,863,-40,-1431,53,60,-190
2017-09-29,207000,209500,205500,208500,89776,18718296000,1.7073,-2803,-2930,5708,2068,4562,1408,68,-88,-2323,23,2,13
2017-10-10,212500,219000,211000,217500,180355,39227212500,4.3165,-23887,12409,11578,-1114,7098,10710,723,542,-6396,-89,-11,15
2017-10-11,215000,218500,214000,216500,108176,23420104000,-0.4598,-4382,-1651,5963,-8472,9497,9150,-811,128,-3529,71,-1,0
2017-10-12,215500,219000,214500,219000,77358,16941402000,1.1547,-3012,8696,-5711,-4162,-1050,670,806,-2,-1973,24,3,0
2017-10-13,219000,222000,217000,221000,98404,21747284000,0.9132,-10948,-15793,26173,5166,11578,3887,-850,394,5998,659,-91,0
2017-10-16,219000,228000,214500,226000,135065,30524690000,2.2624,-28942,-17861,48594,17085,10258,8515,10407,-98,2427,-1574,-217,0
2017-10-17,227000,227000,220000,222000,63150,14019300000,-1.7699,3899,-4018,-138,1987,-3249,1943,1862,-902,-1779,188,69,0
2017-10-18,220000,226000,219500,221500,63186,13995699000,-0.2252,-2988,-13581,16049,3057,5259,3647,3134,0,964,12,508,-12
2017-10-19,223000,226000,220500,221000,125538,27743898000,-0.2257,-2391,-29080,31313,10567,4223,-1464,5053,-1,12872,342,-184,63
2017-10-20,220500,223500,217000,220000,72910,16040200000,-0.4525,1811,2740,-3320,2972,-2115,-4185,1239,50,-1281,-230,-1001,0
2017-10-23,218500,223000,217500,220000,40100,8822000000,0.0,2460,5507,-7979,-7225,671,662,-247,-64,-1776,13,-1,0
2017-10-24,219000,225000,218500,222500,56410,12551225000,1.1364,-9911,-9973,20171,2428,2286,12239,2007,2242,-1031,-340,53,0
2017-10-25,221000,226000,219000,222500,80275,17861187500,0.0,1327,-29802,28395,7302,3231,10790,971,891,5210,36,44,0
2017-10-26,220500,227000,220500,224000,74107,16599968000,0.6742,-10523,-31833,42342,13486,10165,5474,5955,2465,4629,-94,108,168
2017-10-27,222500,226000,222000,225000,33845,7615125000,0.4464,-2043,-8367,11679,1962,4715,1274,1983,566,179,-493,-776,1000
2017-10-30,225000,226000,220000,221000,65914,14566994000,-1.7778,8156,5306,-12889,-18348,7790,-6371,-1312,123,5229,99,-672,0
2017-10-31,220000,225000,219000,224000,68100,15254400000,1.3575,-3208,9291,-5195,-11740,538,-1435,6400,-759,1808,-220,-668,-7
2017-11-01,220500,225000,220500,223500,79873,17851615500,-0.2232,-3009,102,2958,-8422,9089,-7924,1616,364,8241,-40,-11,-6
2017-11-02,222000,223000,217000,218000,62019,13520142000,-2.4609,20035,3552,-23549,-12475,-1470,-2386,-5238,-469,-1266,-212,174,-245
2017-11-03,219500,222500,215500,221500,82846,18350389000,1.6055,-2855,23878,-19238,-32552,9239,2451,-1943,-3788,7355,-1780,-5,0
2017-11-06,221500,223000,218000,221500,40496,8969864000,0.0,-427,8071,-7624,-5665,416,-3171,-1667,53,2410,-20,0,0
2017-11-07,219500,234000,219500,233000,125750,29299750000,5.1919,-42446,7194,34838,4813,778,7675,4636,2693,11243,409,5,3000
2017-11-08,229500,234000,226000,233000,101918,23746894000,0.0,-189,-19273,19426,13008,2658,9679,158,-3040,-3037,59,-23,0
2017-11-09,234500,240500,225500,232500,162354,37747305000,-0.2146,-12452,19449,-6618,-7077,-8689,-6473,7444,352,7732,-348,-31,93
2017-11-10,230000,241000,227000,236500,122121,28881616500,1.7204,-7309,-28049,35271,15605,2454,6988,7244,1981,921,407,-320,78
2017-11-13,237000,246500,236500,243500,120065,29235827500,2.9598,-19844,-38701,58797,44973,5524,-1647,875,254,8314,151,-403,504
2017-11-14,239500,246000,239000,242000,81912,19822704000,-0.616,-8052,-1115,9116,4437,-195,2171,-893,-21,4027,165,-114,-410
2017-11-15,240500,243000,233000,237500,92965,22079187500,-1.8595,-4190,88,3748,5496,-4515,-3016,340,1096,4847,360,-6,-500
2017-11-16,239500,248500,238000,243000,83036,20177748000,2.3158,-9617,-6621,9771,8249,-1937,212,2498,-50,799,6447,20,0
2017-11-17,248000,254500,244500,248500,154566,38409651000,2.2634,-13622,-15265,29581,11241,15736,810,377,327,675,-243,-451,415
2017-11-20,246500,258500,246500,252000,112609,28377468000,1.4085,-5007,-32150,37347,20113,10326,4474,1104,164,1166,239,-429,0
2017-11-21,253000,255000,247000,250000,103964,25991000000,-0.7937,-467,-46431,45653,13124,21800,2474,4390,400,3465,1245,0,0
2017-11-22,248000,253000,245500,247500,78274,19372815000,-1.0,-317,-12799,12872,7002,10019,-3602,60,141,-748,247,-3,0
2017-11-23,247000,251500,246500,246500,32521,8016426500,-0.404,-794,6212,-5404,-3997,558,1964,-4530,-100,701,-3,-11,0
2017-11-24,253500,264500,251000,262000,115686,30309732000,6.288,-23191,17541,5819,8281,-2360,4886,-3585,-93,-1310,341,-510,0
2017-11-27,260000,278500,259500,269500,140199,37783630500,2.8626,4068,-19257,14976,11546,5626,12434,-4191,-632,-10143,201,12,336
2017-11-28,268000,274000,266000,266500,60480,16117920000,-1.1132,-5380,-16406,21419,6605,5716,2701,-1016,-762,8175,367,0,0
2017-11-29,265500,269500,261000,265500,108807,28888258500,-0.3752,1530,-31994,30411,16792,1482,790,1028,50,10269,153,-100,0
2017-11-30,274500,280000,270000,273500,147764,40413454000,3.0132,-15556,-36797,51663,18186,5229,-2147,17062,4,13299,695,-5,30
2017-12-01,268000,271500,261500,266000,87138,23178708000,-2.7422,6782,-23145,16332,2377,4415,565,4630,-242,4695,30,1,-108
2017-12-04,268000,271000,262500,267500,55668,14891190000,0.5639,-2997,2646,555,1997,-1366,764,2704,-92,-3452,-206,2,0
2017-12-05,264500,273500,264500,270000,64817,17500590000,0.9346,-3323,-15240,18775,1989,5055,5794,263,83,5591,-216,4,0
2017-12-06,273000,273000,265000,267500,96361,25776567500,-0.9259,-2140,-6217,8480,1094,7050,-1726,499,-1309,2872,-48,-75,0
2017-12-07,267500,268000,254500,257000,122641,31518737000,-3.9252,3333,-35059,33859,7822,1376,249,5418,431,18550,-2190,57,13
2017-12-08,255000,265000,255000,257500,78663,20255722500,0.1946,65,2968,-3236,-4200,-751,-60,1994,-7,-212,207,-4,0
2017-12-11,256000,259500,254000,258500,43663,11286885500,0.3883,-5319,1624,3640,4413,-2277,-3754,1881,-12,2589,73,-18,800
2017-12-12,256000,261500,255000,260500,47012,12246626000,0.7737,-2506,-4698,7181,1521,1387,1187,284,54,1847,52,-29,901
2017-12-13,260500,275000,258000,273000,97798,26698854000,4.7985,-11217,-15016,26259,7824,4881,-623,665,284,13230,-7,-19,-2
2017-12-14,275000,277500,270000,270000,154130,41615100000,-1.0989,6,-15964,16760,22279,1269,3079,28,896,-11044,-845,43,253
2017-12-15,270000,285000,270000,282000,133110,37537020000,4.4444,-19082,-21822,40919,37449,-4983,349,207,-293,8190,-1,-14,0
2017-12-18,283500,287000,274500,276500,64293,17777014500,-1.9504,5881,-4060,-1822,4542,-1417,-9723,-3122,-219,8117,1,0,0
2017-12-19,276500,276500,266500,272000,56620,15400640000,-1.6275,-371,2437,-1888,9981,-11724,-1759,-5488,-270,7372,-150,-28,0
2017-12-20,268500,273000,267500,272000,47621,12952912000,0.0,-2105,-5009,6926,-265,-469,552,-6305,-423,13836,56,132,0
2017-12-21,268500,276000,264500,273000,74445,20323485000,0.3676,-9898,-3472,13792,16017,2406,-514,-14497,-419,10799,-423,1,0
2017-12-22,275000,275000,267500,270000,49432,13346640000,-1.0989,-3375,-7427,10843,7274,3782,-7495,-95,0,7377,-41,0,0
2017-12-26,270500,274500,264500,267000,52600,14044200000,-1.1111,-895,-2113,3143,-7989,-2782,815,-4264,46,17317,-125,-10,0
2017-12-27,263500,270500,260000,268000,40467,10845156000,0.3745,2711,7667,-10348,-7995,4959,-3330,1350,0,-5589,-97,67,257
2017-12-28,265500,271000,264500,271000,46093,12491203000,1.1194,-300,5202,-4096,-412,-1926,-1434,1615,-500,-1490,-818,12,51
2018-01-02,272000,273000,260500,262000,62482,16370284000,-3.321,13723,5002,-18510,-2285,881,-9968,-750,-3479,-2977,-197,-18,68
2018-01-03,255000,263000,255000,260000,63619,16540940000,-0.7634,851,9899,-10657,-3405,6463,-634,-2894,100,-10243,-88,-5,-44
2018-01-04,264000,264500,255000,259000,78635,20366465000,-0.3846,6325,7846,-13554,5567,-2524,-4847,-532,-5388,-5830,-654,37,0
2018-01-05,260000,260500,256000,259000,58026,15028734000,0.0,-3110,310,2898,10800,4023,195,741,199,-8560,-88,-10,-4500
2018-01-08,260000,273500,259000,271500,81519,22132408500,4.8263,-20345,-6794,26705,19168,1179,5492,-251,112,1005,459,-25,0
2018-01-09,268000,275500,266000,275000,66331,18241025000,1.2891,-7708,-3159,11040,12332,780,-2958,-2213,87,3012,-87,-86,0
2018-01-10,273000,279500,273000,278500,58278,16230423000,1.2727,-6857,-13368,20416,2963,-2412,12978,-34,200,6577,-198,7,144
2018-01-11,280000,280000,268500,276000,93438,25788888000,-0.8977,3528,-3506,-56,7575,-23,1946,2760,-866,-11448,34,0,0
2018-01-12,273500,279500,268500,269000,86650,23308850000,-2.5362,3012,-3762,749,-105,-3893,-1183,-763,274,6419,1,0,0
2018-01-15,269500,271500,262000,263000,70057,18424991000,-2.2305,14703,13298,-28411,-1830,-5185,-21493,-331,0,428,408,2,0
2018-01-16,262000,265000,257000,258500,107372,27755662000,-1.711,24314,-26230,2130,7938,845,99,-2156,-1000,-3596,-216,2,0
2018-01-17,258000,266500,258000,260500,120347,31350393500,0.7737,9927,-31416,21451,17515,2296,136,2642,134,-1272,28,10,0
2018-01-18,260500,264000,259000,260500,72523,18892241500,0.0,11020,10124,-21308,-7961,-4757,-2951,3428,-8,-9059,144,20,0
2018-01-19,261000,266000,260500,266000,68670,18266220000,2.1113,-10511,-938,11379,9104,-1299,353,1674,0,1547,-10,80,0
2018-01-22,265000,266000,259000,264000,73601,19430664000,-0.7519,3697,-9604,6052,6379,3650,-7149,4585,144,-1626,-96,-49,69
2018-01-23,262500,264500,259500,261500,79048,20671052000,-0.947,10198,-3346,-6679,2434,-7822,-1115,-1392,17,1227,-162,-11,-28
2018-01-24,260500,262000,259500,259500,69112,17934564000,-0.7648,14852,-7909,-6918,-2248,-5809,-1437,-2456,-430,5462,-35,10,0
2018-01-25,259000,259500,254000,256000,133420,34155520000,-1.3487,37383,9278,-46745,-16855,-15728,-4169,-7071,-173,-2249,159,-75,-500
2018-01-26,255000,297000,255000,294500,515536,151825352000,15.0391,-78547,84255,-6057,-10538,-21709,11617,21106,-316,-6391,570,-221,174
2018-01-29,305500,311000,294500,299000,222747,66601353000,1.528,-760,7086,-10409,-7609,-8494,9288,-413,-778,-2318,4097,-14,-85
2018-01-30,300000,302500,292000,296000,94717,28036232000,-1.0033,-1520,2104,-835,-4283,5486,-1985,34,-21,-63,252,-1,-3
2018-01-31,300000,301500,287500,291000,131660,38313060000,-1.6892,9188,-10109,819,2390,-9657,2284,1307,675,3908,133,-31,-88
2018-02-01,288500,295500,286000,291500,111459,32490298500,0.1718,5336,-12272,6558,-4771,-36,1618,3932,154,5794,378,0,-133
2018-02-02,291000,292500,285000,289000,79557,22991973000,-0.8576,-3439,495,3353,200,2497,-143,3796,404,-3382,-409,0,-19
2018-02-05,289000,289000,282500,284000,55264,15694976000,-1.7301,-2852,-3740,6609,3926,1606,787,2723,-397,-1978,-21,4,-58
2018-02-06,280500,288000,275500,285000,109165,31112025000,0.3521,-6172,-21271,28615,9092,5878,5858,5713,1967,-153,-1169,-3,260
2018-02-07,285000,292500,278500,280000,122337,34254360000,-1.7544,5460,-8281,2657,1868,10776,-514,9307,478,-19258,149,15,0
2018-02-08,280500,285000,272000,282000,126115,35564430000,0.7143,646,-2702,1862,19074,3950,-966,275,142,-20616,194,0,3
2018-02-09,275000,282000,274500,279000,89130,24867270000,-1.0638,-3710,-20823,24506,15061,5503,4567,1685,-1155,-1321,8,19,166
2018-02-12,279000,286000,270000,280000,104740,29327200000,0.3584,-1315,-709,1678,720,2550,-1586,4642,486,-5263,331,15,129
2018-02-13,277000,281000,273000,278500,83851,23352503500,-0.5357,5658,16598,-22231,-10381,-1117,-3915,743,0,-7561,-95,70,0
2018-02-14,280000,291000,280000,286000,115711,33093346000,2.693,-5138,-12829,17946,3624,752,6023,807,159,6581,9,12,0
2018-02-19,296500,300500,286500,299000,116346,34787454000,4.5455,-17373,4058,13290,12446,2545,-5966,581,46,3638,22,3,0
2018-02-20,295500,301500,293000,295000,58255,17185225000,-1.3378,-1048,13567,-12258,-1572,-6061,1582,-1487,-57,-4489,-262,1,-174
2018-02-21,297500,304500,288500,300500,111963,33644881500,1.8644,-11124,9754,2628,9955,-11960,-365,1298,16,3684,-1243,-15,0
2018-02-22,296500,301000,292500,297500,61975,18437562500,-0.9983,3149,3541,-6953,-2811,-3173,1959,-311,0,-2617,263,0,0
2018-02-23,301000,310000,297500,310000,111962,34708220000,4.2017,-15763,14752,911,-684,125,39,-111,-343,1952,100,0,-67
2018-02-26,315000,323500,310500,317500,130535,41444862500,2.4194,1905,-2107,-186,-3742,-4803,4798,-618,-475,4721,369,19,-67
2018-02-27,312500,319500,306000,307500,100801,30996307500,-3.1496,1626,-11471,9909,3915,-2034,2218,686,77,5599,-69,5,-552
2018-02-28,302000,313000,302000,304000,111129,33783216000,-1.1382,4010,-5159,1253,709,5507,-1133,1644,70,-5543,-104,0,-1
2018-03-02,298500,314000,298000,312000,95962,29940144000,2.6316,-6200,15231,-9081,239,361,111,1687,289,-11826,50,0,58
2018-03-05,309500,317000,295500,298500,108244,32310834000,-4.3269,10839,-21226,10902,1378,2765,5526,2566,354,-1687,-542,27,0
2018-03-06,299000,303000,293500,297500,86213,25648367500,-0.335,10219,-26836,16619,12946,-1985,5909,-1205,-28,962,10,-12,20
2018-03-07,294000,300000,293000,293000,84469,24749417000,-1.5126,5725,6135,-11680,1389,-2707,-3229,-3241,24,-3916,-175,-5,0
2018-03-08,297500,303500,288500,294000,116457,34238358000,0.3413,4861,15744,-20533,-6856,-30404,-8361,-3265,61,28299,-87,15,-7
2018-03-09,295500,305500,291000,305000,83861,25577605000,3.7415,-11180,16999,-6408,4011,882,-10930,-2653,56,2226,569,20,0
2018-03-12,305000,305000,286000,286500,186601,53461186500,-6.0656,91336,-8562,-82700,-35954,-16487,-22326,-3433,-108,-4446,-95,21,54
2018-03-13,286500,287000,281000,282000,117945,33260490000,-1.5707,32423,6185,-38708,-1512,-10291,-8311,-3877,970,-15687,82,18,0
2018-03-14,282500,283000,276000,281000,77834,21871354000,-0.3546,10375,1963,-12534,780,-6075,-1242,-3680,280,-2561,143,53,-36
2018-03-15,280000,283500,274500,282000,118651,33459582000,0.3559,15651,-1672,-15562,-8724,-6002,4136,-5264,878,453,1506,77,-1039
2018-03-16,283500,290000,282000,287000,125332,35970284000,1.773,-25743,-1614,27185,22674,1719,504,1678,86,524,84,88,0
2018-03-19,288000,288000,277000,280500,117280,32897040000,-2.2648,21772,23681,-45463,-15939,-6436,-15997,-3210,347,-4204,16,-6,-24
2018-03-20,279500,285000,277000,283000,58345,16511635000,0.8913,-8180,1827,6433,10104,-1836,-5226,1018,1181,1192,15,-95,0
2018-03-21,280500,285500,280500,281000,46716,13127196000,-0.7067,11755,4563,-16754,-388,-917,-3812,-9613,-72,-1952,42,394,0
2018-03-22,280500,284000,278000,279500,55081,15395139500,-0.5338,11585,-5079,-6353,-553,-210,-2831,-4624,-115,1964,-154,1,16
2018-03-23,275500,278500,271500,278000,84040,23363120000,-0.5367,-4009,14339,-9920,-928,-4845,1908,745,-40,-6760,-444,34,0
2018-03-26,275000,277000,267000,276500,100775,27864287500,-0.5396,7605,6495,-12865,-3093,-3187,-3541,67,-248,-2854,-1394,159,-9
2018-03-27,277000,277000,268000,269500,139586,37618427000,-2.5316,41814,6014,-46560,-31596,-4660,-10914,-1235,601,1757,-1271,3,-513
2018-03-28,269000,273500,266000,270500,95592,25857636000,0.3711,-1656,5961,-4467,3586,1769,888,-933,198,-9980,171,-9,5
2018-03-29,270000,271500,266500,270500,99913,27026466500,0.0,4674,-21232,16396,5556,6322,4186,988,511,-756,169,-7,-411
2018-03-30,270500,276000,270500,273500,83224,22761764000,1.1091,-11036,-7952,19409,7320,-1127,7023,1565,-4,4691,-14,-407,-59
2018-04-02,272500,276000,270000,273500,103311,28255558500,0.0,5295,11454,-18130,-17061,-825,-782,-2309,-187,3017,1386,-5,17
2018-04-03,274000,286000,270500,284000,136722,38829048000,3.8391,-43603,5913,36994,16173,4739,8575,9286,220,-2204,631,65,205
2018-04-04,283000,291500,282000,289500,141013,40823263500,1.9366,-38745,29671,8704,1123,16481,-6900,11049,62,-13115,384,-14,4
2018-04-05,290500,295000,280000,283500,130373,36960745500,-2.0725,-2916,20811,-17796,-5197,-783,-7778,-84,64,-4018,7,-106,0
2018-04-06,283500,288000,279000,287500,75373,21669737500,1.4109,-8241,12303,-3929,-1829,305,-328,42,-746,-1373,-59,-74,0
2018-04-09,290500,290500,283500,288000,60069,17299872000,0.1739,-5451,10160,-4649,-6973,4072,-4082,2326,-210,218,-92,32,0
2018-04-10,285500,292000,283000,290500,62953,18287846500,0.8681,-14549,448,14055,893,12751,-1571,990,681,-617,68,-22,928
2018-04-11,286500,288000,281000,281000,94912,26670272000,-3.2702,16687,5953,-22869,-3662,-273,-4993,-7776,-592,-5500,227,2,-73
2018-04-12,280000,281000,273000,276500,102251,28272401500,-1.6014,20805,12780,-31477,-6365,-4122,-16310,-4366,-130,-211,-2119,11,27
2018-04-13,275000,281500,275000,280000,56282,15758960000,1.2658,-7153,7312,-220,-1553,1579,-3077,6420,0,-3559,61,0,-30
2018-04-16,280000,281500,276000,278000,34578,9612684000,-0.7143,2436,-1155,-1293,3667,-907,-281,-3398,-3,-371,11,1,0
2018-04-17,276500,278500,272000,273000,46923,12809979000,-1.7986,18392,-3739,-14624,-9152,-3176,289,-3736,0,1151,-30,1,0
2018-04-18,272500,276000,271000,274000,54643,14972182000,0.3663,5892,2316,-8111,-1716,-6041,-1426,112,19,941,-101,4,0
2018-04-19,273000,275000,267500,268000,95912,25704416000,-2.1898,17481,19321,-35848,-6258,-22695,-3363,-1398,-217,-1568,-940,-14,-349
2018-04-20,267000,268000,262000,267000,96518,25770306000,-0.3731,11851,9097,-20182,-7398,-6332,-1229,-1562,77,-3740,-690,-76,2
2018-04-23,265500,268500,263500,266500,65134,17358211000,-0.1873,43,10404,-10422,-5558,-1570,351,-5785,0,2140,-36,11,0
2018-04-24,268000,274500,268000,270000,80276,21674520000,1.3133,-3144,-11982,15223,4892,-1541,3716,2217,20,5919,-86,-11,0
2018-04-25,271500,271500,263500,269000,47212,12700028000,-0.3704,749,-1834,1081,252,861,1231,376,83,-1722,0,4,0
2018-04-26,269000,271000,266500,268500,46129,12385636500,-0.1859,2284,-2440,157,6989,-3541,557,-404,-242,-2934,-1,0,-268
2018-04-27,266500,270000,264000,264500,52785,13961632500,-1.4898,11710,8908,-20574,-2176,-8134,-1718,-925,-57,-7558,-24,-20,-6
2018-04-30,267000,272500,266000,270000,53984,14575680000,2.0794,-9375,-1669,11030,6342,90,5421,-660,0,-162,14,0,-1
2018-05-02,271000,272500,266500,271500,45198,12271257000,0.5556,-3809,-12833,16595,7299,795,1261,4681,768,1496,53,-6,295
2018-05-03,270000,271500,263000,264500,73788,19516926000,-2.5783,18636,-25423,6362,3049,-8645,4938,2416,2649,1656,338,87,299
2018-05-04,263500,270500,263500,265500,56841,15091285500,0.3781,-8173,12433,-4062,9227,-5678,-3425,343,88,-4370,142,-340,-247
2018-05-08,264500,266500,259000,261500,83937,21949525500,-1.5066,2836,-7116,4259,5925,-1844,381,-216,65,-52,114,-93,0
2018-05-09,260000,263000,256000,257000,63130,16224410000,-1.7208,-625,-7840,7797,6247,-2538,12,349,104,3623,667,1,0
2018-05-10,255500,271500,255500,270000,147645,39864150000,5.0584,-23061,-34628,57729,14111,-1204,17367,2604,-911,25762,-40,0,0
2018-05-11,266500,270500,258000,261000,155232,40515552000,-3.3333,30443,-39085,8904,9534,8820,2011,-14483,700,2322,-251,-11,0
2018-05-14,262000,269000,262000,268000,67188,18006384000,2.682,-15372,577,18396,4869,-120,5134,1184,420,6909,-3607,6,0
2018-05-15,265500,266000,261500,261500,46160,12070840000,-2.4254,10995,-13963,2428,-728,1029,2069,1723,-305,-1267,523,17,-93
2018-05-16,259500,260000,254500,259000,80294,20796146000,-0.956,12996,-1190,-11232,1159,-9888,-2862,-207,-156,722,-579,5,0
2018-05-17,259000,266500,258500,259500,59846,15530037000,0.1931,-6262,2431,4296,4118,-2525,6494,-5859,0,2068,-447,-18,0
2018-05-18,260000,272500,260000,271500,140670,38191905000,4.6243,-36449,9209,27395,-2725,10766,12487,173,5250,1444,-102,-53,0
2018-05-21,271500,279500,271500,277000,126708,35098116000,2.0258,-23969,-12454,36353,2649,3861,3996,14640,3600,7607,80,-10,0
2018-05-23,270500,273000,266000,266000,76813,20432258000,-3.9711,17062,-22382,5367,707,4421,3468,2587,25,-5841,-27,-20,0
2018-05-24,267000,271000,264000,267000,49974,13343058000,0.3759,4949,2867,-7918,-1109,256,1311,-1453,300,-7486,102,0,263
2018-05-25,266500,268500,258500,262000,74227,19447474000,-1.8727,14747,-4227,-10605,1121,13027,-5714,-18425,0,-614,-5,90,0
2018-05-28,261500,263000,257000,261500,58513,15301149500,-0.1908,17365,-393,-16300,-11981,4368,-9286,1907,0,-1308,-715,43,0
2018-05-29,260500,269000,258000,267000,51122,13649574000,2.1033,-7274,1403,5966,6817,-593,2197,375,-2756,-74,0,-95,0
2018-05-30,263500,267000,259500,260000,62424,16230240000,-2.6217,4493,-4470,-263,-1992,1042,-2201,4069,0,-1181,236,4,0
2018-05-31,260500,262000,247000,250000,184908,46227000000,-3.8462,52841,8570,-61592,-34340,-9817,-5105,-7749,-702,-3227,100,81,-652
2018-06-01,250000,251000,247000,249000,86684,21584316000,-0.4,15975,3845,-19700,-2115,-1559,-2341,-11922,-1282,-310,-122,2,-171
2018-06-04,249000,249500,236500,242000,228469,55289498000,-2.8112,31704,12086,-43172,-48984,16317,474,-9168,-1545,-266,-646,28,0
2018-06-05,241500,247000,240500,242000,79398,19214316000,0.0,10783,16009,-26340,-8435,-11089,1436,-5501,-859,-2780,-452,0,888
2018-06-07,244000,250000,243000,249500,98698,24625151000,3.0992,-30612,29623,533,3049,-5238,-4434,3008,0,3280,438,18,868
2018-06-08,250000,254000,246000,248500,84661,21038258500,-0.4008,-3017,2407,459,-5973,9981,-2881,1111,40,-1819,127,24,0
2018-06-11,249500,249500,243000,249000,57191,14240559000,0.2012,2415,-4074,1799,395,-281,805,209,-267,938,-146,6,0
2018-06-12,250500,255000,249000,252000,50059,12614868000,1.2048,-5403,-5620,11035,114,1094,-704,2499,-230,8262,-49,37,0
2018-06-14,251000,252500,247000,247500,97988,24252030000,-1.7857,9489,-26749,17132,-8675,3977,692,1760,0,19380,146,-18,-2
2018-06-15,246500,246500,239000,239000,107340,25654260000,-3.4343,14229,-32376,18420,10376,-2614,4983,2121,0,3554,-282,9,0
2018-06-18,239500,242000,237000,238000,68801,16374638000,-0.4184,-1439,-1613,3196,-5596,5723,3019,1419,-392,-976,-96,-48,-1
2018-06-19,241000,247500,238000,242500,131172,31809210000,1.8908,-14587,-9641,24822,947,4250,10687,7641,20,2890,-591,-3,-1613
2018-06-20,243000,248500,242500,242500,88264,21404020000,0.0,-127,-12459,11787,-2862,10033,5857,1121,-807,-3627,714,85,2072
2018-06-21,238500,241500,235000,238000,90387,21512106000,-1.8557,4459,9119,-14248,-1237,224,-9424,89,1,-3901,622,48,0
2018-06-22,235000,240500,234000,239000,65560,15668840000,0.4202,1187,6481,-7659,-2185,61,-6886,2905,1410,-2951,1,-10,-13
2018-06-25,237500,248000,237500,242500,64947,15749647500,1.4644,-4048,-3030,7157,5646,3749,2806,1292,228,-7564,-5,-74,1000
2018-06-26,245000,250500,244000,246000,82041,20182086000,1.4433,-15166,3736,11799,-2207,2625,1381,989,191,7750,-334,-35,1070
2018-06-27,244000,251500,241500,248000,66538,16501424000,0.813,-6037,4022,1775,-2165,4275,423,3152,175,-5085,267,-27,1000
2018-06-28,253500,265500,252000,256000,232862,59612672000,3.2258,-47967,4764,43511,26012,14159,2234,8284,583,-7986,-502,194,225
2018-06-29,254000,256500,245500,254500,104066,26484797000,-0.5859,736,4936,-4619,-851,4917,-1493,3947,-396,-10636,-1040,-13,-107
2018-07-02,254500,254500,245500,248000,57053,14149144000,-2.554,6343,-6003,-223,-4818,3208,5874,-776,0,-3716,3,-120,5
2018-07-03,251000,251000,244000,248500,43649,10846776500,0.2016,-1829,4551,-2740,-489,-725,-496,615,127,-1775,0,18,3
2018-07-04,244500,255500,244500,253500,44708,11333478000,2.0121,-10595,-5024,15119,1465,5947,6229,752,0,724,500,0,2
2018-07-05,253000,255000,246000,248000,38715,9601320000,-2.1696,1548,5197,-6624,-2519,-7818,2754,-659,-233,1851,-122,1,0
2018-07-06,246500,251000,242500,245500,74857,18377393500,-1.0081,2647,-1847,-772,4315,-5873,-2993,329,763,847,0,-28,1840
2018-07-09,243500,246000,240000,242000,55008,13311936000,-1.4257,6876,7260,-14196,-4672,-2320,-10395,-414,1,3602,60,0,2
2018-07-10,241000,245000,240000,245000,64422,15783390000,1.2397,1082,20258,-21345,-7420,-6663,-4468,666,10,-3470,5,0,0
2018-07-11,241000,244500,234000,235000,108479,25492565000,-4.0816,36559,4831,-40608,-5341,-7986,-14658,-1521,543,-11418,-791,9,-227
2018-07-12,234000,234500,216500,218500,339363,74150815500,-7.0213,82585,-15651,-69728,-59897,-20274,8009,-6554,-719,9737,904,1890,-30
2018-07-13,219000,221500,218000,220500,151053,33307186500,0.9153,-12305,10300,3250,5765,-6696,5737,-706,932,-2875,521,-1766,1093
2018-07-16,220500,221000,212000,216000,199476,43086816000,-2.0408,14058,31090,-46147,-17358,-10029,-4974,-5309,210,-9705,880,119,1018
2018-07-17,216000,222500,214500,221000,130944,28938624000,2.3148,-18386,8930,8966,3538,-1171,8218,863,200,-3168,585,-95,486
2018-07-18,222000,231000,220000,227000,136709,31032943000,2.7149,-37970,30660,7745,4810,4556,5927,113,-500,-7146,-318,-117,-15
2018-07-19,225500,230000,219000,220000,66457,14620540000,-3.0837,9416,-13964,4538,5309,211,-3033,-91,-294,2507,10,0,-71
2018-07-20,218500,227000,218500,227000,58771,13341017000,3.1818,-12536,12379,849,758,433,1392,-1812,-1460,1538,-692,0,0
2018-07-23,227500,230000,225000,228000,51567,11757276000,0.4405,-5753,-1124,7461,-3345,-754,526,-37,0,11071,-584,0,0
2018-07-24,230500,231000,225500,229500,43706,10030527000,0.6579,-4809,-3081,8182,-2240,298,167,1540,-873,10943,-228,-64,-1653
2018-07-25,230000,231500,223000,224500,74458,16715821000,-2.1786,9454,-4547,-4032,3985,-3307,-5731,-1474,0,2495,-926,51,0
2018-07-26,225000,227000,220000,222000,76120,16898640000,-1.1136,12617,-9126,-3288,6311,-6065,-3297,-2748,30,2481,-224,21,0
2018-07-27,224000,224000,218000,218000,72697,15847946000,-1.8018,18957,-5490,-13689,-2036,-7200,89,-4252,0,-290,222,0,0
2018-07-30,218000,225500,218000,222500,81506,18135085000,2.0642,-9555,11242,-1026,2136,7515,1822,-854,0,-11645,-640,-21,0
2018-07-31,222500,225000,218000,218500,75971,16599663500,-1.7978,11074,-21547,10475,5238,1068,1096,-466,0,3500,0,-2,39
2018-08-01,219500,225000,219000,224500,56985,12793132500,2.746,-9423,-1058,10400,2538,4738,3494,1702,70,-2200,6,75,58
2018-08-02,223500,226500,222500,222500,48477,10786132500,-0.8909,-1596,-10250,11501,8736,1859,4288,424,0,-3723,345,0,-83
2018-08-03,221500,222000,218000,219500,73585,16151907500,-1.3483,21388,-23336,2582,5697,-2799,3964,-3410,0,-870,-654,20,0
2018-08-06,220500,229000,220500,226500,133944,30338316000,3.1891,-24485,-31696,56310,21253,12306,13705,3730,0,5323,-124,-5,-7
2018-08-07,225500,230000,220500,221000,112997,24972337000,-2.4283,19066,-42349,22928,7372,12408,-189,-2092,0,5480,204,151,-51
2018-08-08,221500,224000,221000,223500,43254,9667269000,1.1312,357,-5031,4642,5615,-1038,3583,-2030,0,-2514,60,-28,1026
2018-08-09,224500,227000,220000,226000,130973,29599898000,1.1186,-3659,5703,-1930,-339,-2898,7208,-6755,0,711,8,-122,143
2018-08-10,225000,225000,217000,218000,144912,31590816000,-3.5398,45243,-16042,-28526,-10953,258,-12070,-9059,316,2874,-1093,418,108
2018-08-13,218500,220000,216000,217500,82878,18025965000,-0.2294,-12147,-7329,19964,10806,2093,-808,2409,410,4715,-115,-373,339
2018-08-14,219500,219500,212000,212000,85898,18210376000,-2.5287,20902,-21726,-376,489,-2328,-872,-884,462,2278,-391,1591,479
2018-08-16,206000,209000,200500,204000,168909,34457436000,-3.7736,19796,-6201,-13902,-3002,454,0,-6567,351,-4400,264,43,-738
2018-08-17,206000,209500,205000,207000,90058,18642006000,1.4706,5447,7646,-13137,-10333,-3666,834,-1743,-20,791,11,33,1000
2018-08-20,208000,213500,206500,212500,100227,21298237500,2.657,-17400,23369,-5919,4213,-9881,-469,-1096,-25,1339,0,-50,0
2018-08-21,213000,216500,210000,212000,94455,20024460000,-0.2353,2397,-5978,4748,10585,-146,1540,-2948,-64,-4385,4,-1171,166
2018-08-22,212000,215500,211500,212500,47696,10135400000,0.2358,-3228,-4236,7941,5945,2088,1032,1290,0,-2414,-84,-393,0
2018-08-23,212500,215000,205500,207500,121534,25218305000,-2.3529,46323,-15317,-31429,-7422,-14906,-2949,-3991,500,-2661,12,411,0
2018-08-24,207500,211000,206000,210500,50163,10559311500,1.4458,-3325,7787,-4570,6264,-5750,-539,-2884,500,-2161,8,100,0
2018-08-27,210500,213000,208000,211000,80081,16897091000,0.2375,2774,11317,-15680,-2819,-1883,-3611,-6563,-432,-15,129,1460,-357
2018-08-28,217000,226500,215500,221500,206599,45761678500,4.9763,-62893,10721,53291,39412,6032,7730,2824,1218,-3140,384,-1503,-785
2018-08-29,224000,224000,218500,219500,81793,17953563500,-0.9029,4591,-9907,5752,13687,-1695,-3187,-4714,-794,3508,-7,-429,-1053
2018-08-30,217000,218000,212500,214500,86924,18645198000,-2.2779,23328,-3865,-19906,3013,1753,-10209,-5593,365,-6719,-59,502,-2516
2018-08-31,214000,215000,211000,214500,67902,14564979000,0.0,4888,-36,-5961,2209,125,-2310,-1174,6,-4814,0,1109,-3
2018-09-03,212500,214000,211000,211500,39679,8392108500,-1.3986,12966,-6687,-6413,-3327,-3028,-383,-3498,0,3830,-16,150,-7
2018-09-04,212000,212500,208500,211500,46128,9756072000,0.0,14473,1782,-16107,-1477,-4045,-5946,-2831,-4000,2192,-149,1,0
2018-09-05,211500,214500,208000,209000,88739,18546451000,-1.182,17390,-3205,-13998,-4389,-3453,921,-1344,0,-5733,-44,-143,0
2018-09-06,208500,212500,208000,209000,38570,8061130000,0.0,-1959,-1961,2496,217,-1951,725,989,-34,2550,2476,-1052,0
2018-09-07,209500,210500,205500,207000,100460,20795220000,-0.9569,26359,-7958,-19067,-13484,-9680,-130,-1511,-9,5757,112,554,-10
2018-09-10,205000,205500,200000,201000,168561,33880761000,-2.8986,68712,17154,-87411,-44573,-15634,-5945,-14619,-560,-5080,-304,1849,-1000
2018-09-11,200500,201500,195000,195500,185568,36278544000,-2.7363,76844,-18169,-61108,-33672,-8199,2084,-9882,-52,-2354,631,1802,-9033
2018-09-12,197500,199500,195000,197000,89985,17727045000,0.7673,10463,3724,-16123,4664,-8051,-6909,-9042,0,3315,68,1868,-100
2018-09-13,198500,201500,196500,201000,130251,26180451000,2.0305,-5445,22537,-14163,-1303,-19626,5766,-613,-60,1367,-58,-2871,306
2018-09-14,200500,203000,200500,201500,83626,16850639000,0.2488,-8394,3207,2662,-6786,-2114,9933,1775,480,-626,866,1659,0
2018-09-17,201500,202500,200000,201000,60581,12176781000,-0.2481,1621,5356,-7692,-1156,-2130,162,453,-461,-4435,27,688,-125
2018-09-18,199000,199000,192500,193500,218882,42353667000,-3.7313,85918,-42796,-47391,-11752,-11503,-8801,-12878,-1348,-821,-25,4294,-288
2018-09-19,193000,194500,190000,191500,95404,18269866000,-1.0336,20510,5761,-26834,-11616,-5584,-35,-5967,261,-3856,34,529,-37
2018-09-20,190500,194000,187500,188000,176440,33170720000,-1.8277,57481,-7819,-50663,-25813,-5473,2530,-13706,-3989,-4212,-778,1779,0
2018-09-21,190000,191000,188500,190500,137305,26156602500,1.3298,5447,1164,-6037,-5801,1310,695,-172,100,-2169,553,-1127,0
2018-09-27,190500,197500,190500,197000,159278,31377766000,3.4121,-51929,35205,17601,-5288,2540,20713,832,0,-1251,336,-1213,55
2018-09-28,199000,212000,199000,207500,313911,65136532500,5.3299,-100243,4147,96785,20359,21395,26585,19700,-114,8370,165,-854,490
2018-10-01,208500,216000,208000,210500,188023,39578841500,1.4458,-27046,-21662,47638,13418,28899,2235,7745,3624,-8373,958,112,90
2018-10-02,210500,213500,206500,209000,91722,19169898000,-0.7126,-4144,-9679,12328,3894,4604,-6867,7530,583,2584,2288,-793,0
2018-10-04,210000,213500,205000,210000,142022,29824620000,0.4785,-34099,9971,26021,6215,4386,-7511,14296,500,8127,1729,-3622,8
2018-10-05,210500,221000,207000,219500,200989,44117085500,4.5238,-64709,51487,15414,1954,3046,2359,5769,1168,866,29,-2221,252
2018-10-08,220000,220000,214000,215000,89776,19301840000,-2.0501,-345,-7175,7774,-1816,3774,-2281,10078,-406,-2205,-241,-13,630
2018-10-10,213000,214500,210000,212500,81448,17307700000,-1.1628,-1537,973,2736,-4903,-17,-1030,3943,0,4743,-1323,-849,0
2018-10-11,206000,209500,202500,205500,96254,19780197000,-3.2941,-3215,-6778,10364,3901,-1395,-1638,1400,-2750,11344,-194,-177,-498
2018-10-12,205000,210000,203000,203500,92297,18782439500,-0.9732,4414,5756,-9450,-1637,-2536,1494,3530,-829,-9895,-369,-351,423
2018-10-15,203000,209000,201000,206500,61792,12760048000,1.4742,-5098,14920,-9419,-1076,351,-5304,6796,0,-10186,-158,-245,0
2018-10-16,208000,214500,204500,211500,67279,14229508500,2.4213,-8650,-7046,15906,12281,668,5067,1809,-70,-3784,-161,-49,-65
2018-10-17,212000,213500,206000,206000,69622,14342132000,-2.6005,15436,-4827,-10448,-82,396,2213,-6123,0,-6852,125,-286,0
2018-10-18,205500,213000,204000,208500,75484,15738414000,1.2136,-7932,7439,746,-315,-3,-1376,3109,0,-1077,-40,-213,408
2018-10-19,208000,211000,201500,210000,57150,12001500000,0.7194,-1629,-6923,8708,235,-2446,3470,1172,0,6277,-30,-126,0
2018-10-22,209000,217500,205000,216000,79330,17135280000,2.8571,-11747,9766,2017,-794,2837,1626,64,0,-1716,-36,0,0
2018-10-23,213000,215000,204500,208500,96826,20188221000,-3.4722,17305,-25925,8236,11286,474,-4566,206,2000,-1164,372,12,0
2018-10-24,211500,211500,206000,209500,78478,16441141000,0.4796,-10770,8406,2637,-1670,-1642,-12499,372,-65,18141,-53,-220,0
2018-10-25,203000,206000,198500,201000,93987,18891387000,-4.0573,9524,-15993,6579,407,-482,-5832,-1664,-731,14881,77,-187,0
2018-10-26,201000,205000,189000,193500,111961,21664453500,-3.7313,-782,21790,-21083,4751,-4544,-22087,-5627,1630,4712,61,14,82
2018-10-29,196000,199000,194000,196000,56472,11068512000,1.292,-12576,-677,14562,3526,-3282,210,532,-597,14320,-478,-831,-147
2018-10-30,196000,197500,190000,194500,76108,14803006000,-0.7653,-343,-3414,4045,5920,-6437,-3859,1717,-338,7086,-280,-8,-44
2018-10-31,195500,212500,195500,204500,190614,38980563000,5.1414,-17129,123,17276,1348,153,35695,3269,250,-23045,-210,-60,-394
2018-11-01,207000,211500,202500,203000,100375,20376125000,-0.7335,-2766,15411,-12777,-3238,1406,-1557,-828,730,-8584,115,17,-706
2018-11-02,202500,207500,202000,203000,80322,16305366000,0.0,19726,6974,-26851,-5026,-5195,-5595,-6117,1421,-6854,134,17,515
2018-11-05,203500,205500,198000,201500,53475,10775212500,-0.7389,8661,-1343,-7443,-1388,3000,45,-1826,35,-7349,121,4,40
2018-11-06,203500,208000,201000,208000,72984,15180672000,3.2258,-22446,15806,6764,3017,2431,7,-651,-289,2249,-109,-15,0
2018-11-07,208000,212500,203000,207000,82481,17073567000,-0.4808,-14496,-3448,18013,672,11124,4720,4359,646,-3167,-36,-33,-341
2018-11-08,207500,213000,207500,208500,91040,18981840000,0.7246,-7032,7639,-198,6371,724,-5554,5449,767,-8418,-363,-46,463
2018-11-09,207000,212000,200500,202500,76483,15487807500,-2.8777,11550,1335,-13007,-263,-1772,634,-5408,412,-6906,118,4,296
2018-11-12,200000,200000,190500,193000,154063,29734159000,-4.6914,56360,7443,-64400,-35475,-20883,-6411,-1825,278,-1704,431,166,1620
2018-11-13,190000,192500,188000,191000,103293,19728963000,-1.0363,20941,-16475,-4818,10023,-12920,-6168,307,-466,5066,298,54,-660
2018-11-14,190500,193500,188000,190500,86902,16554831000,-0.2618,21054,352,-21399,-11960,-5173,-1604,-1988,135,-784,2,-9,-25
2018-11-15,191000,194000,190000,193500,55299,10700356500,1.5748,3611,-462,-3249,-4481,3062,-769,-2614,65,1315,97,3,173
2018-11-16,196500,197500,191000,194000,66858,12970452000,0.2584,9925,-3806,-6187,-2465,634,1204,-2364,188,-3010,12,56,-374
2018-11-19,193000,195000,192500,194500,54803,10659183500,0.2577,3948,-5884,1999,-1503,-428,1550,-226,21,2585,43,-106,0
2018-11-20,194000,194500,190500,191500,54301,10398641500,-1.5424,4858,-5349,309,-4296,421,-3627,-115,-297,8223,154,28,0
2018-11-21,190000,191500,182500,186500,153431,28614881500,-2.611,54804,-6113,-50402,-21606,-20040,-6943,-8746,140,6793,171,1540,0
2018-11-22,187500,187500,183500,186500,68458,12767417000,0.0,6596,12451,-19135,-4188,-8288,-4443,-4130,-699,2613,56,32,0
2018-11-23,186500,188000,185000,186500,53648,10005352000,0.0,8319,6816,-15432,-9193,448,-231,-2159,-5550,1253,-3,300,0
2018-11-26,188500,191500,187500,189500,82185,15574057500,1.6086,-7511,3351,4242,-5974,-1314,5249,-5424,0,11705,68,-150,0
2018-11-27,190000,192500,188500,190000,62240,11825600000,0.2639,10918,-3293,-7340,-6023,-1154,4306,-3649,0,-820,-95,-190,0
2018-11-28,190500,191000,187000,188500,77209,14553896500,-0.7895,22391,-9363,-16507,-12577,-4295,1573,-902,-610,237,2515,964,67
2018-11-29,191500,195500,191000,194000,135761,26337634000,2.9178,-43190,58689,-14558,-8470,-4597,116,-1022,198,-696,-269,-672,-87
2018-11-30,193500,195000,191500,195000,121569,23705955000,0.5155,-8514,10480,-1176,-2356,2366,3847,-3884,0,-1176,210,-1000,27
2018-12-03,195500,196500,193000,194000,90759,17607246000,-0.5128,11545,-9110,-3850,2716,-1842,1305,-7596,-1000,3038,47,1368,-471
2018-12-04,193500,194500,190500,192000,64050,12297600000,-1.0309,6435,7795,-14339,-5136,1566,-3823,-1135,98,-6015,-7,116,106
2018-12-05,191500,194500,190500,193500,57284,11084454000,0.7812,-8022,12407,-3412,-1021,-4031,1393,-3129,-206,3582,30,-1003,0
2018-12-06,194500,194500,186500,189500,86524,16396298000,-2.0672,19005,1290,-21168,-5293,-8602,-8295,-3224,0,4246,192,681,0
2018-12-07,190000,193000,188000,192500,61356,11811030000,1.5831,-15976,10386,6629,3029,1858,-231,-605,116,2462,17,-1056,0
2018-12-10,192500,192500,182500,183500,167871,30804328500,-4.6753,53894,-40711,-14050,5260,-19251,-4027,-4143,-1283,9394,431,436,0
2018-12-11,184000,186000,182500,184500,56255,10379047500,0.545,-4879,950,3865,-1051,-3615,2265,-2589,0,8855,50,14,0
2018-12-12,185500,186000,181000,184000,114978,21155952000,-0.271,2708,6237,-9506,3728,-233,-5085,-8784,-970,2419,556,5,-581
2018-12-13,184000,185000,181000,181500,174253,31626919500,-1.3587,38043,-10088,-28327,-8189,-6396,1758,-3650,-18,-11472,-9,381,-360
2018-12-14,181500,184000,181500,182500,64560,11782200000,0.551,-7171,-183,8280,2647,-2609,9320,-1953,0,875,0,-926,0
2018-12-17,183000,187500,181500,187500,80930,15174375000,2.7397,-31162,8846,22633,4831,3786,8661,-135,-78,5568,51,-368,0
2018-12-18,187500,191000,185500,187500,73556,13791750000,0.0,-19571,4617,14964,-1481,5083,4945,330,231,5856,-59,49,0
2018-12-19,190000,192000,188500,192000,58445,11221440000,2.4,-25609,16609,9142,-143,2656,2171,1702,-719,3526,-124,-18,-51
2018-12-20,192000,193500,188000,190000,66417,12619230000,-1.0417,-6609,12765,-6031,1370,-3325,-277,-3848,85,-55,-46,-79,19
2018-12-21,192500,193000,184000,186500,83617,15594570500,-1.8421,10177,-12243,2362,-2613,-5466,4143,-627,-37,7064,-153,-143,-102
2018-12-24,185000,187500,183500,186500,37537,7000650500,0.0,-122,3167,-2946,1563,-4368,-368,-6201,-393,6936,-101,2,-115
2018-12-26,184000,186000,181000,181500,65659,11917108500,-2.681,21186,-8680,-13697,-12758,-29,5457,-138,-3037,-2928,1159,32,-264
2018-12-27,181000,185500,179000,184000,50016,9202944000,1.3774,-5829,9204,-3180,-223,4962,4402,-81,-791,-11905,-218,23,456
2018-12-28,183000,185000,181500,182500,45473,8298822500,-0.8152,7856,5607,-13691,-15749,3025,2217,-404,47,-2846,271,-43,19
2019-01-02,182000,185000,179000,180000,68572,12342960000,-1.3699,8533,8210,-17398,-7113,4886,5088,-16595,0,-3680,585,70,16
2019-01-03,181500,187000,181000,186500,83959,15658353500,3.6111,-37920,28128,11076,-2306,4125,12159,-2068,0,-1353,-1137,-147,519
2019-01-04,186500,197000,186000,194000,138010,26773940000,4.0214,-72287,38044,33961,6393,9921,13783,1005,532,2682,554,-272,-355
2019-01-07,194500,197000,188000,191500,87650,16784975000,-1.2887,5482,-7854,2372,-5307,2341,4172,510,791,-135,-27,27,0
2019-01-08,194000,199000,192500,196000,101244,19843824000,2.3499,-29829,-18591,49171,26536,9093,9991,6074,-365,-2303,-603,-148,145
2019-01-09,196500,200000,194000,199500,70444,14053578000,1.7857,-21693,22334,-552,-3317,6652,-348,571,-724,-3386,-70,-19,0
2019-01-10,196500,198000,193000,193500,70362,13615047000,-3.0075,3018,1224,-4349,-2183,-252,9241,-90,0,-11065,22,85,0
2019-01-11,192000,194000,189000,191500,69020,13217330000,-1.0336,8392,2832,-11951,-652,-518,-106,-4767,0,-5908,180,547,0
2019-01-14,192000,194000,188000,193000,68565,13233045000,0.7833,5137,-2746,-2893,-1764,983,4148,-1744,-5,-4511,1,501,0
2019-01-15,194000,203500,193000,197500,131644,25999690000,2.3316,-25686,-13103,39138,759,6533,19942,4229,-101,7716,500,-849,60
2019-01-16,196500,199500,196500,198000,63227,12518946000,0.2532,-2349,-4938,9352,3388,1181,4842,4536,0,-4577,-2062,-3,-18
2019-01-17,196500,198000,190500,193000,108060,20855580000,-2.5253,15656,-23923,8067,6612,1802,1189,840,-75,-2231,135,65,-70
2019-01-18,193000,193500,191000,192500,83266,16028705000,-0.2591,11284,-13888,1098,-12167,797,6731,5664,-24,-923,1065,441,1020
2019-01-21,192500,193000,190500,191500,57443,11000334500,-0.5195,8597,-1122,-7429,7785,-758,-11009,-194,0,-3253,-911,865,0
2019-01-22,191000,192000,187000,191500,110785,21215327500,0.0,19690,-493,-19774,-3451,-19464,4366,79,0,-439,91,486,-865
2019-01-23,191000,194000,190000,193000,67912,13107016000,0.7833,-6311,-1220,9087,3978,-9787,3866,-900,200,11775,-3,-1553,-45
2019-01-24,191500,193000,191000,192500,61113,11764252500,-0.2591,10255,-1570,-9568,-6575,-1527,3643,303,200,-5612,-245,1128,0
2019-01-25,191000,193500,190000,193000,63488,12253184000,0.2597,6814,-9014,2704,4428,-5314,295,-1483,1500,3412,-669,165,-134
2019-01-28,192000,192500,190000,191000,71708,13696228000,-1.0363,27185,-117,-27740,-17670,-1596,-2533,-906,180,-4986,80,592,-229
2019-01-29,190000,192000,186500,188500,106400,20056400000,-1.3089,44456,-1024,-43666,-14525,-25240,646,-445,345,-4947,103,131,500
2019-01-30,188500,193000,186000,193000,138020,26637860000,2.3873,-28656,16498,13688,17921,-2910,-3157,-787,-425,3188,142,-1672,-142
2019-01-31,194000,194500,191500,192000,98913,18991296000,-0.5181,-1427,-619,2493,7701,-7260,832,-1227,13,2486,-12,-435,-52
2019-02-01,186000,187000,178000,180000,473212,85178160000,-6.25,219953,-214444,-9274,22625,-26310,-6157,-2979,-3247,7172,1305,2460,-378
2019-02-07,180000,180500,178500,178500,138640,24747240000,-0.8333,70024,-24951,-44747,-15932,-4341,-11233,-6106,-23,-7107,-400,74,-5
2019-02-08,179000,180500,176000,177500,162451,28835052500,-0.5602,71028,-86548,15306,12299,-2824,-1942,909,23,6841,268,-54,0
2019-02-11,177500,178500,175000,175500,142246,24964173000,-1.1268,69547,-28686,-47005,-33756,-9196,-1202,-4286,-17,1452,5034,1110,0
2019-02-12,174500,176500,170500,172500,191758,33078255000,-1.7094,85142,-21400,-57681,-6973,-9735,-34287,-4891,68,-342,-7995,1934,-1521
2019-02-13,172500,175500,171000,175500,117875,20687062500,1.7391,4322,-10191,9514,-2745,1580,410,1359,500,8203,166,-3811,207
2019-02-14,174500,182000,173000,182000,262827,47834514000,3.7037,-70638,-16012,84393,31140,14724,22158,218,-320,16473,2075,182,0
2019-02-15,180000,180000,176000,177000,143215,25349055000,-2.7473,36731,-21289,-16647,-7527,-6803,-678,4803,250,-6644,231,974,-48
2019-02-18,177500,179500,176000,179500,133261,23920349500,1.4124,-9016,33542,-23272,-11242,-7631,-4678,-1670,1125,819,-5,-1249,5
2019-02-19,180000,180000,177500,179000,75961,13597019000,-0.2786,1366,-175,-557,975,-2073,692,-1035,200,684,-807,173,0
2019-02-20,179000,179000,176000,178500,116516,20798106000,-0.2793,31005,-17185,-15046,-2964,-6536,-2351,-1422,1570,-3414,697,529,71
2019-02-21,178000,181000,177500,178000,102833,18304274000,-0.2801,25158,-8845,-16395,-5302,-404,-10258,-259,2000,-4172,7,75,2000
2019-02-22,178000,180500,177500,179500,88188,15829746000,0.8427,1886,1772,-3468,3712,-3410,-4280,-1811,-90,2411,-34,-156,0
2019-02-25,179500,180000,177500,178500,72140,12876990000,-0.5571,13239,-10644,-2488,-3036,191,-1604,-397,0,2358,-103,-4,0
2019-02-26,178500,180000,178000,179500,85874,15414383000,0.5602,-18392,17705,1359,2045,2465,-5982,875,842,916,153,-825,198
2019-02-27,180000,183000,179500,181500,118294,21470361000,1.1142,-11423,411,11127,4719,-3021,1359,-191,213,7775,-134,19,273
2019-02-28,181500,183000,180000,180000,120663,21719340000,-0.8264,-17253,14021,3268,162,1181,-6368,1092,-1513,8793,-20,-16,-79
2019-03-04,180500,182500,179000,180000,116734,21012120000,0.0,6237,-293,-5408,-4738,-1239,-3402,-730,0,4683,-549,13,18
2019-03-05,179000,182500,178000,182000,100091,18216562000,1.1111,-18708,21167,-1594,7281,431,-11470,890,-330,1441,-435,-430,163
2019-03-06,180500,181500,177000,177500,131649,23367697500,-2.4725,54044,-41050,-10298,-12519,-1696,-2086,100,228,5675,-2907,211,0
2019-03-07,177500,178500,176000,176000,62929,11075504000,-0.8451,19474,-15834,-3849,-2505,-3150,-3049,-417,2066,2620,238,-29,586
2019-03-08,175000,178000,175000,176000,59813,10527088000,0.0,-775,7772,-7088,-1415,-3431,-4344,1333,1667,-1307,71,20,409
2019-03-11,175500,177000,173000,176000,78655,13843280000,0.0,7288,-7926,376,4024,-1033,-7999,4086,74,992,117,145,232
2019-03-12,177500,178000,174000,174500,84428,14732686000,-0.8523,26396,-13553,-13142,-2470,-5172,-3429,-3244,1651,-478,155,144,0
2019-03-13,174000,176500,173500,175500,45664,8014032000,0.5731,-868,11711,-11060,-2219,-2628,-2279,-530,476,-3986,183,34,106
2019-03-14,176500,177500,173500,176000,117025,20596400000,0.2849,-3310,6983,-3661,9040,-459,-3989,823,200,-8666,-20,8,-610
2019-03-15,176000,179000,175500,177000,136895,24230415000,0.5682,-14527,-2729,16939,1080,1293,2130,1311,733,10460,297,20,-68
2019-03-18,179000,182500,178500,179500,141983,25485948500,1.4124,-19890,2143,17979,4715,-334,1476,-1697,5811,8008,20,-252,0
2019-03-19,180500,182500,178500,182500,94107,17174527500,1.6713,-33463,20620,13256,9217,3723,1131,1012,-400,-1344,-666,253,-83
2019-03-20,182500,182500,179500,181000,59894,10840814000,-0.8219,5409,-7419,2009,-1056,1875,37,1,600,552,0,1,0
2019-03-21,180000,180500,176000,177500,110505,19614637500,-1.9337,43873,-23186,-20434,1880,-8569,-1451,-2867,1300,-10727,-146,-107,0
2019-03-22,177000,178000,175000,177000,87640,15512280000,-0.2817,22079,-16727,-5569,14073,-10918,-324,-432,0,-7887,229,-12,-81
2019-03-25,175000,176500,172000,172500,93848,16188780000,-2.5424,48557,-36228,-12756,-12431,-692,77,246,0,44,207,220,0
2019-03-26,173000,176000,172500,173000,74093,12818089000,0.2899,11737,-1874,-12182,-9783,-2953,-1154,1767,500,-1008,2290,29,449
2019-03-27,173500,174500,171500,172000,93317,16050524000,-0.578,41078,-18821,-22042,-15379,-6533,130,1458,500,-3377,-278,63,1159
2019-03-28,172500,173000,170000,170500,89513,15261966500,-0.8721,24531,-27962,3261,3934,1010,-4591,1360,0,1352,3,167,196
2019-03-29,171000,172500,170500,172000,121074,20824728000,0.8798,20418,2506,-22926,-9949,-5427,-5700,276,0,-2131,0,2,5
2019-04-01,172500,173500,171500,173500,94899,16464976500,0.8721,27355,-16834,-9523,1022,-5065,-4957,-1252,0,725,-1000,2,4
2019-04-02,173000,173500,172000,172500,108060,18640350000,-0.5764,41627,-26081,-14666,-1767,-1534,-3010,-2585,0,-5770,-1015,135,0
2019-04-03,171000,174000,170500,173000,132646,22947758000,0.2899,24768,-22604,-81,-2891,533,-23,-29,-4350,6348,-1910,-173,331
2019-04-04,172500,174000,172000,172000,88843,15280996000,-0.578,27528,-26463,-995,246,-7613,-3160,550,500,8482,-86,16,0
2019-04-05,173000,174500,170500,171500,93981,16117741500,-0.2907,26325,12860,-37252,-28082,-10947,-2014,-571,0,4362,-1927,-6,0
2019-04-08,175500,181500,175500,180500,335009,60469124500,5.2478,-104240,65603,40041,-4474,20669,13782,9999,-2427,-7036,-799,-605,9528
2019-04-09,181500,182500,179500,181500,209824,38083056000,0.554,-21956,9498,12473,-3333,-3086,23594,-1829,-307,-3177,43,-58,611
2019-04-10,180000,181000,177000,179500,131149,23541245500,-1.1019,19917,-39423,19603,5821,742,298,959,1000,9683,-59,-38,1100
2019-04-11,180000,181500,178000,180000,155117,27921060000,0.2786,-17658,24815,-7198,-10824,-315,1409,-495,-564,3591,14,27,0
2019-04-12,180500,180500,177000,178000,105772,18827416000,-1.1111,19365,-23741,4315,-4349,-2371,13035,-3728,500,1228,-91,152,0
2019-04-15,179000,181000,177500,180000,136667,24600060000,1.1236,10868,-8104,-2899,-13170,-251,11348,-3335,-2,3767,110,25,-1256
2019-04-16,179500,179500,177500,179000,85780,15354620000,-0.5556,14138,-17975,3806,-2441,166,3167,2754,500,-340,-23,54,0
2019-04-17,178500,179000,177500,177500,70066,12436715000,-0.838,12946,-7747,-5101,-9350,-2129,3929,-1107,-106,6862,-109,11,-3200
2019-04-18,176500,177500,174000,174500,131741,22988804500,-1.6901,36899,-32059,-4907,-4884,-3618,-1825,456,0,4664,31,36,300
2019-04-19,175000,176500,173500,174000,75623,13158402000,-0.2865,29493,-25249,-4528,-4303,-188,2211,1155,0,-3403,111,173,0
2019-04-22,174500,175000,173500,174000,48851,8500074000,0.0,18225,-19808,1564,1095,319,3272,482,0,-3604,14,5,0
2019-04-23,174000,176000,173500,174500,72015,12566617500,0.2874,15981,-1314,-14606,-663,164,-8455,-2770,-16,-2866,-11,-50,0
2019-04-24,174500,175500,171500,172000,101696,17491712000,-1.4327,41151,-18735,-22478,-3658,-5094,-7309,444,-533,-6317,-55,117,-11
2019-04-25,172000,172500,170500,171000,85488,14618448000,-0.5814,15155,-14353,-774,-3316,549,-556,782,0,1767,307,-335,0
2019-04-26,171000,172000,170500,171000,56392,9643032000,0.0,17872,-18082,91,249,3425,-1612,599,-67,-2503,73,46,0
2019-04-29,171000,172000,170500,171500,47578,8159627000,0.2924,12995,-15889,2851,-2554,519,-1533,-1739,500,7658,34,9,0
2019-04-30,171500,174000,171000,172000,79465,13667980000,0.2915,13462,-13362,-87,-108,-3008,3980,-1344,0,394,-40,27,-1
2019-05-02,172000,175000,171500,173000,89216,15434368000,0.5814,13008,-1930,-11782,-8951,204,142,-3214,0,40,695,9,-3
2019-05-03,172000,173000,170500,170500,118749,20246704500,-1.4451,50294,-39478,-10953,-4280,294,-486,-644,-97,-5638,52,85,-102
2019-05-07,170000,170000,166500,168000,135156,22706208000,-1.4663,58461,-48395,-11915,-2052,-198,913,-1467,105,-9216,1849,0,0
2019-05-08,166000,168000,164500,167000,118841,19846447000,-0.5952,31987,-37841,5634,8759,-10552,-1734,441,1572,7452,158,62,-304
2019-05-09,166500,167000,162000,162000,164285,26614170000,-2.994,31780,-26902,-5268,15417,-1352,-1952,4149,-1862,-21644,186,204,1976
2019-05-10,162500,164000,158000,160500,138677,22257658500,-0.9259,12610,-18583,6046,5011,-2031,3629,-3522,0,3206,-364,291,-247
2019-05-13,160500,161000,158000,158500,96923,15362295500,-1.2461,12368,-11576,-921,-1354,-2534,1479,-104,0,1494,97,32,98
2019-05-14,156500,161000,155000,158500,88151,13971933500,0.0,6098,-6395,371,-4105,-1394,2954,9,-1500,4003,56,-130,404
2019-05-15,158000,159500,153000,155000,218765,33908575000,-2.2082,64142,-34095,-29939,4068,-4136,-20818,2785,632,-13228,-40,-68,758
2019-05-16,153000,153500,146000,146500,388331,56890491500,-5.4839,157029,-173054,15543,3310,-198,5666,939,-1895,7144,339,143,577
2019-05-17,147000,148000,144000,145500,228269,33213139500,-0.6826,49802,-21010,-29662,3947,-31973,1337,-6367,-2000,4856,817,53,538
2019-05-20,146500,150000,146000,146500,107890,15805885000,0.6873,-483,1621,-1280,439,345,6234,-13492,677,4517,96,46,0
2019-05-21,146000,148000,145000,145500,97493,14185231500,-0.6826,20103,-4857,-15570,-11907,-515,3450,-7825,0,1227,212,112,0
2019-05-22,146000,147500,145500,146000,114033,16648818000,0.3436,16652,2198,-19435,-13532,-1787,1681,-4411,1127,-2829,516,69,316
2019-05-23,145500,146000,142000,143500,194655,27932992500,-1.7123,11110,-17620,6576,3863,432,573,1438,0,400,-73,7,-130
2019-05-24,142500,144500,142000,143000,74888,10708984000,-0.3484,3266,-10739,7236,176,-190,1739,585,0,2827,200,37,2099
2019-05-27,144000,146500,143000,143500,94410,13547835000,0.3497,6433,-24297,17706,10220,3336,-1612,409,0,5353,174,-16,0
2019-05-28,144000,147000,144000,146500,209711,30722661500,2.0906,1993,-17986,15795,21618,3191,1,-13299,0,4097,110,88,187
2019-05-29,146500,147000,142000,142500,153649,21894982500,-2.7304,37182,-23032,-14213,-3611,-7553,-390,835,-1600,-1894,79,-16,0
2019-05-30,143000,144000,141000,143000,115744,16551392000,0.3509,5799,-7939,1721,9933,353,-9833,1918,0,-650,391,28,0
2019-05-31,144000,146000,143500,144000,124953,17993232000,0.6993,12383,-36575,21657,11752,9379,128,4474,-106,-3989,2515,20,19
2019-06-03,144000,147500,142500,147000,89640,13177080000,2.0833,2659,-794,-1915,10846,1918,1031,-3174,0,-12536,53,-3,0
2019-06-04,147000,147000,143500,144500,98477,14229926500,-1.7007,29630,-40287,10604,11483,2075,-956,1436,-852,-2541,22,31,-41
2019-06-05,145500,147000,145000,145500,73657,10717093500,0.692,-7252,-5540,12725,7584,3568,-513,321,0,1765,19,48,0
2019-06-07,145500,146500,144000,146000,55860,8155560000,0.3436,-924,-485,1324,2085,634,-97,57,114,-1469,80,5,0
2019-06-10,146500,148000,146000,147000,73807,10849629000,0.6849,-15111,235,14371,7206,-14,4181,-150,0,3148,515,-10,0
2019-06-11,147000,149000,146000,149000,64016,9538384000,1.3605,-7241,-1983,9385,-38,5575,231,1374,-4,2247,-111,-50,0
2019-06-12,149000,149000,146500,147000,75353,11076891000,-1.3423,18993,-13138,-5984,5827,-2323,-1682,-998,0,-6808,29,100,0
2019-06-13,147000,148000,144500,148000,121105,17923540000,0.6803,10259,-8084,-1620,18828,1636,2242,-115,0,-24211,-700,145,0
2019-06-14,148000,148000,144500,145500,69521,10115305500,-1.6892,13596,-10769,-2803,-1642,-2618,-1594,-455,0,3506,-61,37,0
2019-06-17,145500,147000,144500,145500,53992,7855836000,0.0,397,-9005,8209,4873,3209,0,-2307,0,2434,398,1,0
2019-06-18,145000,145500,142000,142500,132503,18881677500,-2.0619,38646,-35855,-6158,-2160,-2486,-1695,-465,0,648,3125,242,0
2019-06-19,143000,146000,143000,145500,131143,19081306500,2.1053,-21098,32551,-10638,-221,-2815,-3497,-1191,688,-4192,-710,-105,590
2019-06-20,145500,149500,145000,146500,88619,12982683500,0.6873,-11168,-7601,18090,4824,2014,5240,1706,680,3510,700,-21,116
2019-06-21,146500,146500,143500,144000,82792,11922048000,-1.7065,30017,-14910,-15232,-1743,-11114,469,143,0,-2987,38,87,0
2019-06-24,144000,144500,143000,143000,49821,7124403000,-0.6944,6861,-3312,-2306,4557,-7825,-694,-464,0,2120,-1247,4,0
2019-06-25,143000,144000,141500,142500,88792,12652860000,-0.3497,524,-15028,14814,7110,875,3243,4602,0,-1029,-433,123,13
2019-06-26,142500,143000,139500,140000,104482,14627480000,-1.7544,39132,-36094,-3190,3855,-1865,-696,-1273,0,-3211,-267,419,0
2019-06-27,140000,143500,138500,142000,89659,12731578000,1.4286,-16923,636,14637,7552,-394,453,-1308,0,6934,2103,-453,1400
2019-06-28,142000,142500,139500,140000,80596,11283440000,-1.4085,26126,-29501,3183,3124,89,-4483,-950,-10,5413,134,58,0
2019-07-01,141000,144500,141000,144000,91986,13245984000,2.8571,-21544,17017,2478,5276,1948,-3488,3032,616,-5024,2061,-12,118
2019-07-02,143000,144000,141500,142000,63585,9029070000,-1.3889,21133,-16017,-5327,-4701,3913,-2437,2226,0,-4328,150,61,0
2019-07-03,141500,142000,139500,140000,72363,10130820000,-1.4085,11583,-15202,3803,-281,-1252,1366,-800,17,4753,-224,40,0
2019-07-04,139000,141000,138500,140500,61666,8664073000,0.3571,8058,5957,-14040,-4881,-6563,-460,-2236,0,-750,21,4,850
2019-07-05,140500,144000,140000,143000,73624,10528232000,1.7794,-19949,7536,11786,1995,650,1662,320,318,6841,-10,637,0
2019-07-08,142000,142500,139000,140500,103352,14520956000,-1.7483,-11007,-72,11142,-3298,-520,6488,1080,0,7392,-64,1,0
2019-07-09,140500,141500,139000,139000,73296,10188144000,-1.0676,2581,3730,-6246,-603,-4447,-64,1226,0,-2358,-65,0,0
2019-07-10,139000,140000,138500,138500,48055,6655617500,-0.3597,6158,-6465,-544,-1302,3019,-678,-339,0,-1244,3,848,0
2019-07-11,138500,142500,138500,141000,111446,15713886000,1.8051,-25216,21830,3382,18607,-4076,-2356,4630,0,-13423,-3,7,0
2019-07-12,141000,146500,139500,140000,192847,26998580000,-0.7092,24837,-60688,34383,14554,14138,3385,-4947,0,7213,1204,264,40
2019-07-15,140000,141000,134000,134500,231528,31140516000,-3.9286,76276,-90931,13674,81,-603,-3876,7743,0,9350,889,92,979
2019-07-16,134500,137000,133500,136500,149886,20459439000,1.487,3186,-14677,11530,10490,1643,7213,716,-2960,-5572,-89,50,0
2019-07-17,136000,137000,134000,135500,91391,12383480500,-0.7326,3409,757,-4034,5334,742,-11504,-119,0,1513,-130,-2,0
2019-07-18,134000,135000,130000,130000,183786,23892180000,-4.059,51926,-41972,-8814,1146,-941,-1738,-1764,-755,9974,-1289,149,-14736
2019-07-19,130000,131000,126000,129000,343784,44348136000,-0.7692,68318,-85513,17815,17856,-19570,13198,7368,-6751,4513,204,-824,1201
2019-07-22,129000,130500,127500,129000,107519,13869951000,0.0,-7994,13884,-5909,590,-8527,3557,-1433,-2877,2751,6,13,30
2019-07-23,128500,129000,126500,127500,153980,19632450000,-1.1628,18014,-25607,7616,1975,1469,1366,4505,0,-1699,31,-54,0
2019-07-24,127500,128500,126500,127000,119748,15207996000,-0.3922,17377,-27742,10299,1783,-3270,8583,167,-891,3963,35,31,-36
2019-07-25,127000,128000,123500,126000,151606,19102356000,-0.7874,-12236,-862,13101,9260,-2017,-2530,1188,-16,7216,10,-13,0
2019-07-26,125000,128000,125000,126500,119003,15053879500,0.3968,-1398,-26386,27263,12818,2894,5976,5642,153,-220,-3,524,0
2019-07-29,126000,127000,123000,123000,115003,14145369000,-2.7668,8245,-31075,22580,2552,1339,-5167,2196,0,21510,67,183,150
2019-07-30,122000,124500,122000,123000,64333,7912959000,0.0,-3166,-5618,8401,3977,-1669,-1078,543,0,6508,2,381,120
2019-07-31,122000,123000,118500,122000,195290,23825380000,-0.813,14803,-20436,5521,3295,2516,104,1871,-1352,-914,109,3,1
2019-08-01,120000,121000,118500,120500,76809,9255484500,-1.2295,1984,2511,-3587,2604,762,-448,67,0,-1696,-159,-749,-4876
2019-08-02,119000,119000,117000,118500,109811,13012603500,-1.6598,-6579,-12621,19649,16472,1063,4037,258,0,-2181,-122,-327,0
2019-08-05,118000,118000,113500,116000,176601,20485716000,-2.1097,-32714,14318,18422,5447,3847,323,2130,-159,6603,127,-153,231
2019-08-06,112000,115500,111500,112500,263088,29597400000,-3.0172,-8014,-27904,35424,4067,3739,6945,-5600,0,26273,436,58,0
2019-08-07,112000,114000,110000,110500,216468,23919714000,-1.7778,153,-6127,5873,8396,-932,-3116,2137,0,-612,84,17,0
2019-08-08,111500,113500,110500,110500,215766,23842143000,0.0,29158,-29706,515,9237,1785,2719,535,54,-14025,42,-9,210
2019-08-09,111000,112500,106000,109000,282579,30801111000,-1.3575,13603,-6325,-15246,-12615,6911,-3809,5084,0,-10817,7817,151,0
2019-08-12,108000,108000,104500,105500,228679,24125634500,-3.211,19410,-61541,41451,9354,5816,2926,4554,-800,19601,583,97,0
2019-08-13,105000,114000,104500,112500,750186,84395925000,6.6351,31287,-163580,138399,90834,35969,18844,16288,0,-20861,-6240,134,-2675
2019-08-14,114500,115000,110500,111000,228140,25323540000,-1.3333,27724,-78855,31298,13237,5190,898,10229,0,1620,19860,-27,124
2019-08-16,109000,109500,106000,106000,278776,29550256000,-4.5045,14957,-44052,1363,-9795,-3481,8997,82,0,5560,27732,0,0
2019-08-19,107000,111000,106000,110500,195369,21588274500,4.2453,-10877,-22236,5108,14918,3388,1406,4632,0,-19236,28001,4,0
2019-08-20,110000,113500,109500,112000,174821,19579952000,1.3575,-3905,-55169,28693,3086,13063,7456,3355,0,1733,30332,49,0
2019-08-21,112000,115000,111000,113500,150717,17106379500,1.3393,-31976,-33984,35903,32608,3676,3421,8250,0,-12052,30052,5,0
2019-08-22,114500,119000,114000,115500,380482,43945671000,1.7621,-33229,-65924,69449,29582,9691,6276,20541,391,2968,29615,89,0
2019-08-23,114000,116500,114000,115500,164159,18960364500,0.0,-8722,-59349,38023,38451,1703,676,3078,0,-5885,30051,-3,0
2019-08-26,113000,118500,112000,115500,134900,15580950000,0.0,-17266,-28516,25592,21005,3450,3105,3716,0,-5801,20001,189,117
2019-08-27,116500,118000,114500,115000,160889,18502235000,-0.4329,8893,-48766,19522,7515,2676,-1151,4947,0,5535,20118,233,0
2019-08-28,115500,117000,114500,116500,117325,13668362500,1.3043,-9241,-25629,14638,4072,1211,770,7531,0,1054,20100,132,0
2019-08-29,116000,117500,114000,116000,242082,28081512000,-0.4292,-1415,-111062,92464,11335,-413,87929,2858,238,-9483,20050,-37,0
2019-08-30,117000,117000,115500,116000,160846,18658136000,0.0,18159,-35085,-2740,9303,7856,-16570,-1958,0,-1371,19667,-1,0
2019-09-02,115500,115500,112500,113500,150353,17065065500,-2.1552,27270,-9660,-37087,-5998,-17243,-21500,-521,0,8175,19364,113,0
2019-09-03,113500,116000,113000,114000,183217,20886738000,0.4405,-7567,10545,-22518,-3253,1177,-17476,-2126,0,-840,19925,-385,0
2019-09-04,114500,115000,112000,114000,166450,18975300000,0.0,8400,-21951,-6324,7493,-13023,-4499,421,10,3631,20014,-139,-357
2019-09-05,114000,114500,112000,112500,153476,17266050000,-1.3158,33691,-21494,-33268,-18464,-2973,-18966,-2726,0,9848,20203,868,13
2019-09-06,113000,113500,110500,112000,117805,13194160000,-0.4444,11636,-16915,-14740,1457,-9697,-7677,-20,0,1205,20015,4,-8
2019-09-09,112000,116000,112000,115500,145435,16797742500,3.125,-46299,16629,10349,17417,5987,-2626,5658,-276,-15811,20244,-923,0
2019-09-10,115000,117500,114500,115500,160327,18517768500,0.0,-6613,-36219,22231,9502,2383,2042,-386,502,8366,20623,-22,-178
2019-09-11,116000,116500,115000,115500,144365,16674157500,0.0,5578,-46369,20504,23581,-668,-8833,-773,0,7197,20280,7,0
2019-09-16,116000,117000,114500,116000,187881,21794196000,0.4329,22625,-91030,47078,41047,350,-2598,853,0,7426,21318,9,0
2019-09-17,116500,117000,115000,115500,118599,13698184500,-0.431,17134,-49924,11680,17648,-752,-2209,691,0,-3698,20974,136,0
2019-09-18,116000,117000,115500,115500,165222,19083141000,0.0,2303,-33380,11020,11469,905,-1454,3014,0,-2914,20092,-35,0
2019-09-19,116000,116500,113000,113500,160288,18192688000,-1.7316,50389,-77199,6152,12877,-656,-1519,9306,0,-13856,20620,38,0
2019-09-20,113500,114500,112000,113500,165259,18756896500,0.0,10944,-16242,-14183,-4023,6538,-5513,-270,26,-10924,19434,47,-17
2019-09-23,113500,116000,113500,115500,77985,9007267500,1.7621,-17802,6828,1182,-1284,4388,-167,122,0,-1829,9709,83,-48
2019-09-24,116000,116000,114000,115000,138441,15920715000,-0.4329,13485,-62625,37553,27127,497,2059,4664,0,2405,11521,66,801
2019-09-25,115000,116000,113500,113500,184085,20893647500,-1.3043,-1927,-53502,45490,26573,-4629,5004,-862,0,20714,10073,-134,-1310
2019-09-26,114000,115500,113500,114000,111284,12686376000,0.4405,-16660,1765,4896,17359,-457,-3021,-2412,0,-5772,10003,-4,-801
2019-09-27,115000,116500,113500,115500,169322,19556691000,1.3158,-11179,-37818,36146,23932,13975,3717,3219,0,-8697,12966,-115,0
2019-09-30,115000,115500,113000,113000,144001,16272113000,-2.1645,34631,-59589,15799,10640,-7366,2535,7276,0,2714,9079,80,0
2019-10-01,114000,115500,113000,114000,130817,14913138000,0.885,-3868,-9474,3361,2007,990,990,-4701,79,3996,9995,-14,0
2019-10-02,113500,115000,111500,112000,156567,17535504000,-1.7544,13958,-24051,-726,-4434,2689,2973,-580,706,-2080,10739,80,0
2019-10-04,112000,112000,108000,108000,234929,25372332000,-3.5714,70086,-63008,-16991,3525,-103,-5778,-8566,-212,-5848,9673,240,-9
2019-10-07,108500,110000,107500,109500,81126,8883297000,1.3889,-19658,10853,-1192,217,1438,-432,-810,26,-1631,10006,-9,0
2019-10-08,109500,110500,108500,109000,77946,8496114000,-0.4566,2561,-2210,-9341,141,-2924,-5182,-2141,0,765,9001,-11,0
2019-10-10,108500,109000,106500,107500,104560,11240200000,-1.3761,14969,-32636,8543,6086,1327,1521,4501,0,-4892,9094,30,0
2019-10-11,108000,110000,108000,109500,81697,8945821500,1.8605,-23229,18191,-5219,-2469,2415,737,119,0,-6021,10302,-45,0
2019-10-14,110500,114000,110000,113500,104052,11809902000,3.653,-43655,22756,11043,4391,8886,-838,3710,0,-5106,9943,-87,0
2019-10-15,113500,116500,112500,115000,162548,18693020000,1.3216,-48171,-3666,41476,26574,8956,4732,2900,0,-1686,10492,-131,0
2019-10-16,115000,125000,115000,122500,449999,55124877500,6.5217,-109741,-25345,126127,30166,39229,31932,20701,-236,3847,9010,-51,488
2019-10-17,123000,124000,118500,119000,260886,31045434000,-2.8571,29625,-106603,64149,3392,20678,7440,9619,220,22800,12817,12,0
2019-10-18,119000,120000,118000,118000,120752,14248736000,-0.8403,19658,-50883,20319,-1912,4025,15326,-696,83,3296,10742,164,197
2019-10-21,118500,119500,117000,118500,121904,14445624000,0.4237,2047,-34798,22799,15625,5756,1879,1918,190,-2805,10000,-48,236
2019-10-22,118000,119500,117000,117500,165134,19403245000,-0.8439,15211,-51101,26214,12528,6070,-6974,3083,-271,11778,9874,-198,0
2019-10-23,117500,118000,115000,116000,114284,13256944000,-1.2766,20158,-26176,-4074,-2697,-547,30,-70,0,-790,9980,112,0
2019-10-24,115500,116000,113500,115500,118862,13728561000,-0.431,7191,-7233,-13015,-3513,-1780,-504,-237,-115,-6866,13005,52,0
2019-10-25,115000,116500,114000,115500,140725,16253737500,0.0,-20420,-17022,27614,15307,-2157,134,4369,0,9961,9997,-169,0
2019-10-28,116000,116500,114000,115000,113999,13109885000,-0.4329,7074,-20038,3010,6938,2831,1,1185,0,-7945,9984,-30,0
2019-10-29,115000,116500,113500,115000,147232,16931680000,0.0,7461,-23893,5482,8952,2892,-1766,-350,-113,-4133,10944,6,0
2019-10-30,115500,115500,112500,112500,163589,18403762500,-2.1739,37892,-33332,-14921,1815,-10106,-6168,-540,28,50,10357,4,0
2019-10-31,112500,113500,111000,111500,140075,15618362500,-0.8889,23840,-45644,12109,-755,1218,728,812,800,9306,9685,10,0
2019-11-01,111500,114000,110500,113500,100390,11394265000,1.7937,13147,-20000,-2905,3184,4117,-2544,3306,-774,-11304,9751,7,1110
2019-11-04,114500,122000,114500,120500,330153,39783436500,6.1674,-79484,-26210,95514,38760,17769,2187,21159,1480,12302,10010,170,1857
2019-11-05,120000,121000,116000,116500,305263,35563139500,-3.3195,49900,-107145,44796,32001,8720,-20826,8638,0,18418,12413,36,-2155
2019-11-06,116500,127500,116500,125000,491170,61396250000,7.2961,-122492,-9205,122014,37149,30633,24544,33944,517,-7690,9894,-211,2917
2019-11-07,126000,131500,125500,129000,492337,63511473000,3.2,-66102,-36384,87052,13950,50588,10273,16329,401,-6676,13572,1862,2187
2019-11-08,129500,131000,125000,128500,278954,35845589000,-0.3876,16990,-87410,62483,12047,11150,34048,2929,947,1242,9998,-2061,120
2019-11-11,127500,133000,127000,127000,220169,27961463000,-1.1673,-12467,-52149,53734,13040,22305,8546,7438,43,-33,11021,-139,2395
2019-11-12,127500,129000,127000,128500,128370,16495545000,1.1811,2760,-32748,28928,9793,5612,6698,10699,43,-3932,1050,10,15
2019-11-13,128500,129500,127000,128000,105514,13505792000,-0.3891,7798,-30493,22701,16588,3290,4904,5035,75,-7191,10,-16,0
2019-11-14,128500,134500,126000,134500,416170,55974865000,5.0781,-42209,9914,29973,-20245,15657,34021,8124,0,-7584,2468,-146,0
2019-11-15,135000,138000,131000,132000,285947,37745004000,-1.8587,17501,-58529,42427,2761,13335,10869,-6623,-461,22546,-1299,-100,0
2019-11-18,133000,134000,131000,133000,118253,15727649000,0.7576,2642,-4876,1167,772,148,-411,-1753,0,2333,1076,-9,78
2019-11-19,133500,135000,131500,132000,116631,15395292000,-0.7519,6513,-3010,-3084,-6326,1377,1213,2116,-324,-1257,-458,39,117
2019-11-20,131000,132000,126000,126500,261555,33086707500,-4.1667,17881,16538,-34580,-36778,-12839,13286,-2857,-213,4755,178,-17,66
2019-11-21,127500,129500,126000,127500,158107,20158642500,0.7905,-30780,3188,29199,3588,3252,11436,4925,0,-1078,-1432,-175,7076
2019-11-22,127500,132000,127500,129500,203740,26384330000,1.5686,-27287,-3119,31018,11625,-1070,5061,8667,0,6735,-569,-43,0
2019-11-25,130000,132000,129000,129500,102830,13316485000,0.0,3773,-31240,27495,5079,1750,1382,694,0,18590,0,-28,0
2019-11-26,130000,130500,125000,125500,382251,47972500500,-3.0888,78656,-89361,9758,-28209,5260,3449,3775,0,22793,914,33,2690
2019-11-27,127000,127000,123000,123500,203964,25189554000,-1.5936,28648,-17184,-13484,-18427,-6311,3236,-3281,28,11271,2050,-30,0
2019-11-28,123500,129500,122500,129500,268323,34747828500,4.8583,-93296,15157,77487,18214,28997,11524,13952,0,4297,652,0,503
2019-11-29,130500,133000,128500,131000,232709,30484879000,1.1583,-32257,-63361,99191,22666,49066,5141,3873,887,17558,-3485,-88,0
2019-12-02,130500,131000,127500,128000,141222,18076416000,-2.2901,16003,-62927,46701,10016,6216,18638,5181,156,6494,214,9,0
2019-12-03,127000,127000,125000,126500,103123,13045059500,-1.1719,14539,-31824,16650,2560,-1280,24006,2006,48,-10741,642,-7,51
2019-12-04,125000,125500,123000,123500,120635,14898422500,-2.3715,13196,-44456,30430,5615,7390,-570,994,-180,16723,810,20,458
2019-12-05,124000,126000,122500,123500,104192,12867712000,0.0,7938,-17922,9921,10490,5311,-10534,2691,0,1963,-49,112,0
2019-12-06,124000,127500,123500,126000,114677,14449302000,2.0243,-21234,-20268,41915,4049,9703,-458,5243,382,22836,-426,13,160
2019-12-09,126500,127000,124500,126500,82275,10407787500,0.3968,-183,-3007,3203,8056,2309,-10071,440,0,2469,-2,-11,0
2019-12-10,127000,130500,125000,129000,131593,16975497000,1.9763,-22417,-533,22950,29602,3074,1415,8217,0,-19358,73,-73,0
2019-12-11,129500,132500,127500,132000,180177,23783364000,2.3256,-40292,1652,40751,2603,8115,4067,7212,376,18378,-1992,-119,0
2019-12-12,131500,133000,129500,130500,212244,27697842000,-1.1364,-676,-17981,18181,34192,5455,904,1500,-101,-23769,-490,966,0
2019-12-13,132500,133500,130000,131500,108166,14223829000,0.7663,-16501,-4863,21464,4516,8037,33,-2155,-90,11525,-295,195,-402
2019-12-16,132000,133000,130500,132000,110223,14549436000,0.3802,-10911,-18423,29434,21054,-790,-4678,-2991,-45,16884,-98,-2,0
2019-12-17,131500,132500,129500,131500,116762,15354203000,-0.3788,-3807,-7658,11295,10691,-6834,-1640,3776,-47,5064,160,10,285
2019-12-18,131500,133000,130500,132000,99449,13127268000,0.3802,58,3570,-4107,3649,-8356,2019,-1561,0,-241,476,3,383
2019-12-19,131000,132000,130500,132000,85031,11224092000,0.0,-2542,2807,-701,1265,879,516,-6690,2,2987,436,0,340
2019-12-20,132500,132500,130500,132500,111187,14732277500,0.3788,-5087,4821,244,1531,-600,-6758,1975,86,3724,77,-55,286
2019-12-23,133500,133500,129500,130500,87208,11380644000,-1.5094,26860,-8981,-17623,1577,-3428,-21276,-2597,197,7755,-93,-163,149
2019-12-24,131000,132000,129000,129000,87254,11255766000,-1.1494,4011,1468,-6801,2568,-968,-13085,-7892,-248,12850,1307,15,-26
2019-12-26,129000,129000,125500,126000,171932,21663432000,-2.3256,34220,-3087,-25254,-13869,-11932,-1411,-2857,-26,4684,-6053,174,157
2019-12-27,125500,127000,124500,126500,128609,16269038500,0.3968,29177,-1607,-32156,-14998,2112,-4924,-1465,94,-12953,4574,12,-22
2019-12-30,127000,129000,125500,127500,116594,14865735000,0.7905,4516,1225,-7954,1383,1004,-6434,-3373,0,-634,2303,-90,100
2020-01-02,128000,128000,125500,125500,103554,12996027000,-1.5686,29240,-5458,-23349,-16070,760,-447,-2242,95,-5445,-406,-27,0
2020-01-03,126000,126500,122500,122500,169434,20755665000,-2.3904,53529,-16809,-36150,-20205,-8851,-1324,-3942,-45,-1538,-623,53,-245
2020-01-06,121500,122500,118500,120000,176765,21211800000,-2.0408,22936,12917,-36157,-15408,4112,-11178,-7525,-84,-6074,471,-167,0
2020-01-07,120500,121500,119500,121000,138060,16705260000,0.8333,36736,-19889,-16288,-9233,-8824,3420,731,-253,-2129,-215,-344,0
2020-01-08,120500,120500,116500,118000,280257,33070326000,-2.4793,6942,102549,-109824,-57577,-14040,-15180,-9327,0,-13700,304,29,0
2020-01-09,119000,120500,118500,120000,212498,25499760000,1.6949,6336,16135,-22834,11337,-9556,6087,-3792,-11,-26249,167,196,-650
2020-01-10,119500,121000,118500,119500,269884,32251138000,-0.4167,28696,47958,-76530,-61462,-15432,-8700,-799,222,9165,-422,298,476
2020-01-13,119500,121000,118500,120000,211358,25362960000,0.4184,22448,6104,-27202,-28290,-2956,4869,-6439,0,5614,-1357,7,0
2020-01-14,121000,125000,120500,124000,195645,24259980000,3.3333,-5772,23676,-18603,-376,-6032,459,-1605,1470,-12318,552,147,-201
2020-01-15,123500,125500,122000,123500,212637,26260669500,-0.4032,15707,-16248,421,6732,-7886,-3415,-1233,2,6290,33,87,-69
2020-01-16,123000,124000,121500,122000,242299,29560478000,-1.2146,10571,8366,-18955,-4714,-10602,14864,1135,0,-20040,-92,110,402
2020-01-17,122000,123000,120500,121000,210911,25520231000,-0.8197,24703,31827,-56772,-3569,-10425,-15366,-8823,0,-18649,184,58,60
2020-01-20,121000,121500,119500,120500,207641,25020740500,-0.4132,10550,28122,-33450,-10614,-13036,-5093,-6272,1473,-428,-5280,58,520
2020-01-21,120500,121000,118500,119000,221720,26384680000,-1.2448,12074,51531,-64800,-37170,-12619,-2393,-6264,-327,-5381,1155,40,-646
2020-01-22,119500,119500,117000,118500,183884,21790254000,-0.4202,15885,-6989,-9299,-4996,-5173,-14660,-2513,85,17962,398,5,-4
2020-01-23,118000,118000,116500,118000,162154,19134172000,-0.4219,12193,23564,-35596,-10109,-7900,-20110,435,67,-2979,-44,-117,5000
2020-01-28,114500,116500,111500,113500,311474,35352299000,-3.8136,21929,2139,-22866,16574,-18891,-12752,-11033,-453,3074,-1371,169,615
2020-01-29,113500,115000,112000,113500,152516,17310566000,0.0,10492,24095,-34413,-11572,3500,-13643,-1115,0,-11940,24,-198,357
2020-01-30,113000,114500,111000,113000,171327,19359951000,-0.4405,-9210,16918,-7791,-786,-10196,3804,-943,-724,1054,4,79,0
2020-01-31,112000,113500,110500,111000,130768,14515248000,-1.7699,-2675,2736,76,-3529,3475,-3191,-3342,-714,7380,-138,1,-3
2020-02-03,107000,110000,106000,108000,222049,23981292000,-2.7027,19910,-1126,-19308,-5535,199,-9917,-438,-1442,313,428,96,-2488
2020-02-04,107000,112500,107000,110000,163709,18007990000,1.8519,1533,20674,-23440,8405,637,3473,479,-244,-36545,820,413,355
2020-02-05,111000,111000,108500,109500,130316,14269602000,-0.4545,17208,31937,-50010,-354,1396,-26586,-1143,0,-23323,798,67,0
2020-02-06,110500,114500,110500,114000,156863,17882382000,4.1096,-31893,13430,18120,6056,2773,9198,-9843,150,9786,316,27,0
2020-02-07,113500,114000,112000,113000,146116,16511108000,-0.8772,10246,-27893,17654,7756,-7804,-8333,6775,0,19750,0,-7,-490
2020-02-10,111500,115500,111500,114500,122123,13983083500,1.3274,-3400,-22120,23600,19235,4604,3007,262,0,-3508,1664,256,0
2020-02-11,114500,115500,112000,113000,165343,18683759000,-1.31,41145,-35357,-5159,-18378,-2420,-3071,1012,0,17698,-789,160,0
2020-02-12,112000,114500,111500,114500,185571,21247879500,1.3274,3080,35174,-38083,-29288,-6282,-1590,-66,-1,-856,0,-171,0
2020-02-13,114500,114500,112500,112500,212673,23925712500,-1.7467,29038,-10693,-18096,-8951,-1120,-5395,-10522,0,8153,-400,151,-261
2020-02-14,112500,113000,109500,109500,239841,26262589500,-2.6667,82202,-12836,-67300,-23895,-29930,-11949,-4285,0,2759,-2271,205,0
2020-02-17,109000,111000,108000,110500,125212,13835926000,0.9132,1358,23577,-24935,437,-12022,-15863,257,0,2256,2,-2,0
2020-02-18,110000,111000,108500,109500,123933,13570663500,-0.905,14544,-14277,-916,-5195,-5893,4910,3847,0,1415,-34,683,0
2020-02-19,110000,110500,106000,107500,213964,23001130000,-1.8265,55958,-29951,-27293,-13301,-15877,-9048,-1181,-435,12611,917,369,-62
2020-02-20,107500,108000,104000,104500,235992,24661164000,-2.7907,69999,-40477,-32078,-696,-9539,-9623,-6902,26,-5249,1107,1449,-95
2020-02-21,103500,106000,102000,102000,156174,15929748000,-2.3923,17539,-10144,-7657,-3397,-11654,-4145,-4579,323,15828,98,164,-33
2020-02-24,99500,101500,99100,99300,341493,33910254900,-2.6471,-5369,-2506,7859,13681,1064,3657,-17098,26,7045,-6,22,-516
2020-02-25,98700,104500,98700,103500,287811,29788438500,4.2296,-24868,26176,-1474,13703,7083,-7438,3019,2536,-20210,180,-14,-167
2020-02-26,102500,110000,102500,106500,493074,52512381000,2.8986,-33815,4929,25907,-44281,47184,13876,20479,1074,-12848,2807,172,423
2020-02-27,107500,110000,106500,107500,211098,22693035000,0.939,-41936,-19772,59218,144,39451,16519,9825,283,-7916,2278,212,912
2020-02-28,106000,109000,104000,105000,317981,33388005000,-2.3256,-24587,-41383,76049,20823,28319,-8093,4678,0,30322,-10118,39,0
2020-03-02,107000,109000,104500,107000,289510,30977570000,1.9048,-19396,-23204,42745,21927,12544,6031,8524,0,-6508,-188,43,227
2020-03-03,109000,114000,109000,111500,358858,40012667000,4.2056,-70227,25008,41764,29770,35788,1381,9236,260,-34671,3963,-508,0
2020-03-04,113000,116000,111500,113000,281719,31834247000,1.3453,-24051,9590,14463,11745,9684,-1171,1924,-26,-12205,150,-152,4512
2020-03-05,115500,118000,114000,117000,339849,39762333000,3.5398,-56167,1946,57186,47914,18678,-3442,12046,214,-22644,-2854,-111,4420
2020-03-06,116500,117000,114000,116000,155248,18008768000,-0.8547,-4319,-13060,17573,34596,-8310,1486,4502,0,-14773,-209,15,72
2020-03-09,114500,116000,111500,112500,194777,21912412500,-3.0172,-18040,14877,3848,1851,4713,-5025,6494,-521,-3861,461,-1146,197
2020-03-10,111500,116000,111500,112000,241010,26993120000,-0.4444,-31699,-5024,34532,2085,10445,2,4767,-167,16967,3218,-1027,433
2020-03-11,112500,117500,112500,114000,219573,25031322000,1.7857,-50270,28166,22153,18545,5011,9352,6368,-570,-15591,101,-150,-962
2020-03-12,114500,116500,107500,111000,389511,43235721000,-2.6316,2595,-30794,27972,2829,5048,-4836,17148,1502,6869,478,-251,-588
2020-03-13,101500,108000,100000,104500,407709,42605590500,-5.8559,-12027,-31661,41793,37465,-13944,-5509,5321,-1011,19560,1898,-3,-89
2020-03-16,108000,112500,104500,107000,238552,25525064000,2.3923,-30698,-9460,44784,33378,24691,-1151,12366,204,-25536,-4524,-102,832
2020-03-17,104500,111500,104000,108500,354292,38440682000,1.4019,24782,-76191,51654,43963,9877,489,-1420,-348,2879,-374,129,-3786
2020-03-18,109500,110500,103000,103000,233030,24002090000,-5.0691,5262,-21891,16665,8378,5136,-3359,8126,1338,-2759,-29,-7,-195
2020-03-19,107500,108000,97300,101500,371821,37739831500,-1.4563,-89420,63268,20802,11839,5098,-1697,9490,-1557,-1923,5182,168,-448
2020-03-20,104000,105000,98200,105000,339958,35695590000,3.4483,11311,-15712,5208,9349,-6741,-655,3227,0,28,-768,-39,0
2020-03-23,99100,102000,97400,97900,211971,20751960900,-6.7619,51857,-26786,-26248,-8818,-1715,-10087,-4345,0,-724,999,178,-559
2020-03-24,99800,104000,98800,103500,207709,21497881500,5.7201,-53900,26738,27595,20904,7808,-1887,-827,-4444,5706,-21,-412,335
2020-03-25,105500,107000,102000,104000,339118,35268272000,0.4831,58142,-89,-56101,-19777,-25400,-13334,-5125,-35,7603,-2063,111,-33
2020-03-26,105000,108000,102000,104500,290639,30371775500,0.4808,-36786,51741,-14740,-12741,-7836,7244,5966,985,-8335,-306,91,-23
2020-03-27,108000,108500,100500,104000,271822,28269488000,-0.4785,34314,-6716,-27109,5721,-11616,-81,-17200,990,-5209,-272,-217,286
2020-03-30,102500,109000,100500,107500,206826,22233795000,3.3654,-54458,29924,27996,18811,3678,3982,268,-1349,2523,-3284,-178,83
2020-03-31,109000,110000,104500,106500,253830,27032895000,-0.9302,44166,-32718,-11786,5645,-8732,-3276,3352,-325,-8450,19,319,0
2020-04-01,105500,108000,102500,102500,207751,21294477500,-3.7559,7123,1185,-8030,136,304,-2246,2052,82,-8370,-215,-63,12
2020-04-02,103000,107000,102000,107000,173345,18547915000,4.3902,-34246,1404,30617,11440,9913,-994,6560,0,1647,2184,41,2051
2020-04-03,106000,107500,104500,106000,111545,11823770000,-0.9346,11466,-214,-11276,4561,-3205,-392,-6619,-378,-5243,-2,26,0
2020-04-06,107500,113500,106500,113500,336357,38176519500,7.0755,-71638,-63814,134659,35052,40511,24294,14597,-49,20254,894,-101,0
2020-04-07,115000,116000,111000,113000,178705,20193665000,-0.4405,4518,-7630,3407,4672,7616,-5874,-1121,-91,-641,-1187,892,-1154
2020-04-08,112500,116500,110500,112500,196527,22109287500,-0.4425,-12695,2966,8711,1639,-1805,10495,1885,-431,-3323,850,168,251
2020-04-09,115000,115500,112500,114000,176911,20167854000,1.3333,35981,-23669,-12360,-9528,3684,-7251,-2925,-138,3798,-103,151,0
2020-04-10,114000,114500,110000,111500,246705,27507607500,-2.193,82998,-50476,-32504,-11650,-7433,-2944,-5538,0,-4912,-321,303,-27
2020-04-13,111500,114000,111000,111500,126063,14056024500,0.0,-10752,2067,8371,6652,-2436,3864,6540,1232,-7481,425,-111,0
2020-04-14,113500,115000,112000,113500,160539,18221176500,1.7937,-25992,372,22729,2130,12032,-2487,10672,3363,-2792,2217,674,-189
2020-04-16,112500,117000,112500,114500,254685,29161432500,0.8811,3700,-29355,23661,13012,-2528,2451,2292,205,8482,2140,-146,-253
2020-04-17,115500,117500,115000,115500,271846,31398213000,0.8734,56216,-7778,-42513,-26731,-4055,-3418,-2054,-26,-6229,-4556,-1369,0
2020-04-20,114500,116500,114000,114000,184343,21015102000,-1.2987,6392,7860,-15633,-22832,2551,266,-552,0,4934,-280,1661,0
2020-04-21,113500,114000,109000,110500,276384,30540432000,-3.0702,71771,-9078,-65044,-25781,-12547,-25922,-5672,-407,5285,2044,307,0
2020-04-22,109000,111500,107000,111000,190755,21173805000,0.4525,-1890,14453,-10903,-5528,1222,-4330,371,-315,-2323,-2237,577,0
2020-04-23,110500,112000,109000,111500,154145,17187167500,0.4505,4141,-6165,1823,15684,-3916,3105,-2748,-4787,-5454,84,117,-61
2020-04-24,110500,111000,108000,108500,135200,14669200000,-2.6906,52256,-38299,-13291,-3672,-1238,-354,-3702,1133,-5458,-933,267,0
2020-04-27,109000,120500,109000,119500,675818,80760251000,10.1382,-151792,65392,85547,18860,23968,31157,4447,-936,6163,1481,-628,1888
2020-04-28,119500,121500,117500,120500,302147,36408713500,0.8368,-29460,-9942,34198,11966,14767,3390,1133,1436,1382,5749,-545,124
2020-04-29,120000,123000,118500,120000,246161,29539320000,-0.4149,1505,-5731,3926,4598,8896,-3904,-9290,936,1809,208,92,881
2020-05-04,117500,119000,116000,116000,201082,23325512000,-3.3333,41752,-8093,-33971,1797,-7929,-2253,-4183,0,-21857,-267,579,454
2020-05-06,118000,118500,116500,118500,162027,19200199500,2.1552,16964,-9672,-8387,-969,437,-4164,-1036,1600,-4243,1091,4,-12
2020-05-07,117500,118500,115500,116000,165569,19206004000,-2.1097,50947,-36874,-15694,-19605,-407,-2223,-310,0,6851,1745,-124,0
2020-05-08,117000,117500,113500,114500,251889,28841290500,-1.2931,106509,-14440,-89809,-36322,-21807,-32562,-12460,-125,13227,-2728,468,240
2020-05-11,114000,114500,111500,111500,183158,20422117000,-2.6201,30022,-14992,-19113,943,-9938,-9032,-13046,-505,7193,3895,188,5272
2020-05-12,113000,113500,110500,110500,165160,18250180000,-0.8969,57667,-30897,-27119,-12502,-848,-703,-10995,52,-2057,99,250,-66
2020-05-13,109500,111500,108500,111500,185682,20703543000,0.905,42070,-23947,-12525,-2456,-2888,3450,-9590,71,-1508,-5697,99,396
2020-05-14,112000,114500,110500,112000,292664,32778368000,0.4484,10924,-13424,5156,3190,-8068,2280,-6073,0,13551,-2675,19,276
2020-05-15,113000,113000,110500,112000,120442,13489504000,0.0,9656,-7497,-2088,5292,-904,54,-4012,0,-2533,-171,100,15
2020-05-18,112500,112500,110500,111500,102891,11472346500,-0.4464,1622,-10458,8160,6391,-477,-101,-2670,-326,5343,170,506,0
2020-05-19,114000,114500,112000,112500,198425,22322812500,0.8969,-6794,-12728,19692,22805,2355,-12970,-8758,0,16098,47,-217,162
2020-05-20,112500,114500,112500,112500,117155,13179937500,0.0,21607,2282,-23958,-145,-246,-24307,1920,0,-1180,202,-133,0
2020-05-21,113000,113500,110500,112000,225715,25280080000,-0.4444,79002,-21096,-58548,-9576,4463,-19455,-4027,-982,-29005,469,173,34
2020-05-22,112000,112000,109000,109500,181812,19908414000,-2.2321,73409,-31320,-42854,-21263,-9460,-4382,-3342,-1155,-3143,-62,827,-109
2020-05-25,110000,111000,108000,108500,197525,21431462500,-0.9132,72028,-42496,-29744,-9358,-7822,6047,-14694,0,-3863,169,43,-54
2020-05-26,109000,110500,108500,110000,171053,18815830000,1.3825,24658,-11351,-15098,1368,-11620,-90,-11337,-1986,8532,1628,163,35
2020-05-27,111000,113000,110500,111500,263949,29430313500,1.3636,40446,-41562,-757,-6188,-1066,6713,-2024,0,1406,1712,161,402
2020-05-28,112500,113000,109000,109500,319956,35035182000,-1.7937,66823,-100456,34140,10827,2190,-655,9301,306,12206,-501,-6,-35
2020-05-29,109500,117500,109000,113500,924678,104950953000,3.653,-133548,-10960,145059,22285,23234,-686,4265,571,95505,330,-881,-115
2020-06-01,116000,117000,113000,114000,500477,57054378000,0.4405,108991,-124732,11261,9479,4330,1132,5893,1660,-11198,3659,821,-35
2020-06-02,114000,115500,112500,115000,264098,30371270000,0.8772,10009,-30674,12661,9913,796,-1606,-2134,0,5521,4187,3817,171
2020-06-03,116500,119500,115000,118000,441998,52155764000,2.6087,-16146,-12401,21360,6077,-4567,3277,6311,1513,8616,7619,-432,133
2020-06-04,120500,121500,116500,117500,445389,52333207500,-0.4237,62690,-70480,4820,2687,-1724,6864,-1441,-106,-1183,582,2388,-277
2020-06-05,117500,118500,116000,118000,246559,29093962000,0.4255,29293,6910,-41829,-5603,-29729,-335,-4638,-738,-786,6783,-1157,0
2020-06-08,119500,120000,115500,117000,330989,38725713000,-0.8475,73882,-19334,-62559,-41659,-9145,-523,-5174,40,-4951,6845,1166,-1147
2020-06-09,117500,119000,115000,118500,394927,46798849500,1.2821,-16105,62966,-45876,-16459,-8557,279,-2305,147,-18139,-521,-464,-842
2020-06-10,118500,119500,117000,117000,222969,26087373000,-1.2658,29658,-2873,-28801,-6143,-9503,-6006,-843,219,-6525,1851,165,0
2020-06-11,117000,117500,113500,114000,478950,54600300000,-2.5641,150085,-87426,-61978,-474,-517,-16,-5242,0,-55527,-1065,384,-202
2020-06-12,109500,113000,109500,113000,297010,33562130000,-0.8772,-23775,-6406,31315,1921,11598,216,-2184,321,19443,844,-1978,0
2020-06-15,112000,113000,108000,108000,296418,32013144000,-4.4248,57802,-52424,-9136,-2541,-10880,-10120,-2908,-4210,21525,3520,238,-2
2020-06-16,110000,113000,109000,112500,235594,26504325000,4.1667,2469,26444,-20176,-4235,-11665,-231,1365,0,-3401,-9096,359,-2009
2020-06-17,112000,114500,110500,113000,259577,29332201000,0.4444,17687,29106,-46871,-18661,-11519,-2938,-9697,-190,-2984,91,-13,-882
2020-06-18,113500,115500,112500,113000,217416,24568008000,0.0,-11698,17712,-8993,-4069,-1836,210,-4232,224,679,3597,-618,31
2020-06-19,114500,115000,112500,113500,165271,18758258500,0.4425,19633,-23807,1861,-672,-1886,-2427,815,200,5794,2214,99,37
2020-06-22,112500,113500,111500,113000,121438,13722494000,-0.4405,-6011,31889,-16887,-2033,-1273,-1837,-3704,-1593,-6447,-2450,-6541,0
2020-06-23,113000,113500,109500,110000,299486,32943460000,-2.6549,18626,-4621,-13593,-14278,-7472,-783,-1547,0,10487,-522,110,0
2020-06-24,110500,112000,110000,111000,146807,16295577000,0.9091,-429,13606,-13468,-4714,-7745,-568,-942,0,501,5,286,0
2020-06-25,109000,110500,107000,107500,228486,24562245000,-3.1532,56426,-19389,-34138,-12161,-6512,-3082,-1281,-933,-10169,-3279,380,0
2020-06-26,108500,108500,106000,107500,225944,24288980000,0.0,16946,2968,-19526,-1976,-21759,-1569,-1257,0,7035,-485,97,0
2020-06-29,105500,106000,102500,104500,232736,24320912000,-2.7907,31988,-32514,1343,12665,-17535,-593,-3138,0,9044,-1118,301,900
2020-06-30,105000,108500,104500,105500,192176,20274568000,0.9569,17565,-20816,3637,-4068,14049,462,1249,0,-8055,-471,85,0
2020-07-01,106000,106500,105000,105500,92105,9717077500,0.0,3982,4120,-7910,-12614,-851,-113,-1693,0,7361,-236,44,0
2020-07-02,105500,107500,105500,107500,109955,11820162500,1.8957,-14434,15482,-1520,1838,-122,-2463,-1936,0,1163,284,188,0
2020-07-03,107500,108500,106000,107500,115808,12449360000,0.0,-11219,14103,-1946,10283,-5056,-6016,-8494,0,7337,-661,-277,0
2020-07-06,107500,108000,105500,107500,171981,18487957500,0.0,-13086,8910,4495,9187,-4237,12,-3667,0,3200,46,-365,0
2020-07-07,108500,108500,105500,105500,183089,19315889500,-1.8605,56038,-10840,-45386,-18754,-7521,-58,-11470,0,-6234,46,142,-1349
2020-07-08,106000,107000,105500,106500,134155,14287507500,0.9479,6115,15038,-21029,115,-2505,4498,-259,0,-22878,-25,-99,0
2020-07-09,107000,111500,105500,109000,413362,45056458000,2.3474,-48840,-32674,81534,19502,11993,13017,508,397,36242,74,-94,-125
2020-07-10,110000,114500,108500,109000,442958,48282422000,0.0,-17415,-33359,39690,12931,21835,13858,2888,2660,-14482,10884,200,0
2020-07-13,111000,115000,110000,113500,378812,42995162000,4.1284,-78694,18314,58805,18337,21273,2718,19741,656,-4810,1893,-318,890
2020-07-14,113500,115500,112000,114500,276821,31696004500,0.8811,-20088,31960,-10892,-4775,10549,-4845,1517,0,-13872,71,-1051,534
2020-07-15,115500,116000,113000,113500,204274,23185099000,-0.8734,-4914,23207,-17321,-13153,2448,-8331,-8030,0,9383,-873,-99,362
2020-07-16,113500,115500,112000,114500,161509,18492780500,0.8811,-49019,-930,49873,42342,6095,-287,553,0,1170,130,-54,0
2020-07-17,115000,115000,112500,113000,103293,11672109000,-1.31,34153,-6366,-27335,1709,-3626,-6876,1364,0,-19775,-425,-27,-131
2020-07-20,113500,115000,113000,113000,126991,14349983000,0.0,20518,-8568,-11822,-2380,4315,-3150,4008,-303,-14312,173,-301,0
2020-07-21,113500,118500,113000,118000,426375,50312250000,4.4248,-159425,97396,71949,10482,41326,-7479,9559,786,16878,-8562,-1358,397
2020-07-22,118000,120500,116000,116500,279042,32508393000,-1.2712,7495,-7160,-266,12322,-1811,-2036,-5286,-571,-2884,-466,397,0
2020-07-23,116000,116000,112500,113500,217810,24721435000,-2.5751,25527,-20455,-7545,-8317,-4622,-4053,9396,-889,940,2498,-25,0
2020-07-24,112000,113000,109500,110500,293367,32417053500,-2.6432,74035,-57824,-18254,-283,-630,-10075,3903,-940,-9982,1821,222,-247
2020-07-27,110000,112500,110000,111000,178617,19826487000,0.4525,15517,-975,-14506,-17861,-1018,-17,53,-1882,6219,-77,41,0
2020-07-28,111500,112500,110000,111000,219664,24382704000,0.0,46684,-24528,-23735,-6353,-550,-3822,-4890,0,-8120,1571,8,0
2020-07-29,110000,115500,109500,115500,307984,35572152000,4.0541,-36169,30611,4934,20156,1721,3257,-1646,291,-19330,912,-288,485
2020-07-30,115500,117500,114500,115000,164752,18946480000,-0.4329,-11024,1332,9135,-21304,9396,8441,1052,-241,9616,583,-26,2175
2020-07-31,114500,117000,114000,114000,205801,23461314000,-0.8696,5538,23082,-31072,-13816,9136,73,195,0,-26660,2281,171,0
2020-08-03,114500,114500,112500,113500,115085,13062147500,-0.4386,8418,-2861,-5958,-1285,-954,-263,-983,2500,-4973,293,108,0
2020-08-04,113500,116500,113500,113500,153413,17412375500,0.0,23665,6868,-30178,-20464,-13664,-3006,-2361,0,5317,-335,-20,4000
2020-08-05,114000,115000,113000,114000,126980,14475720000,0.4405,11677,11228,-23023,-5586,-13217,-4150,-2292,0,-1799,-19,137,4021
2020-08-06,114000,116500,113500,116000,213853,24806948000,1.7544,-2044,6035,-2419,-2825,-343,-422,4854,0,-4983,-1416,-156,1300
2020-08-07,116500,117000,113500,114500,189831,21735649500,-1.2931,41171,2593,-40265,-20319,-157,267,-2848,0,-21808,-3508,9,4600
2020-08-10,114000,123500,114000,121000,562619,68076899000,5.6769,-86469,120649,-34026,-26325,1619,-47,-1896,0,-7377,90,-244,0
2020-08-11,121500,125500,120500,122000,525187,64072814000,0.8264,4772,-47316,33582,-19476,10204,-192,45013,250,-6328,7259,1703,4111
2020-08-12,122000,128000,121500,125500,508769,63850509500,2.8689,3859,-19917,20119,-33029,23914,6366,23531,608,-1048,-5194,1133,-223
2020-08-13,127500,128000,121000,122500,495379,60683927500,-2.3904,-50644,25351,25878,17931,-8258,-15,5714,870,9794,-732,147,-158
2020-08-14,125500,134000,124500,130500,763902,99689211000,6.5306,-182554,98235,87889,23725,24172,6841,7496,655,26278,-1757,-1813,-1278
2020-08-18,129000,132500,123000,123500,522691,64552338500,-5.364,5260,7547,-12483,-16798,9661,-8788,8519,0,-5077,38,-362,0
2020-08-19,123500,127000,122500,125500,313889,39393069500,1.6194,-77322,66459,10646,14927,-2064,8426,-4597,-200,-5614,-1288,1505,-232
2020-08-20,125000,125000,117000,119000,431942,51401098000,-5.1793,7161,34969,-34108,94,-14289,-3223,-11017,0,-5596,-7610,-412,-77
2020-08-21,120500,121500,117000,118000,304862,35973716000,-0.8403,38152,-3728,-35433,-18531,667,-5962,-948,0,-10659,773,236,0
2020-08-24,117500,119000,114500,115500,288446,33315513000,-2.1186,48555,-17485,-30241,-14937,-6445,-3524,-2812,0,-2523,-311,-518,0
2020-08-25,116500,120000,115500,119500,363862,43481509000,3.4632,18934,15847,-34483,-10294,-5948,36,4323,531,-22702,-737,439,-429
2020-08-26,118500,119500,115500,118500,224054,26550399000,-0.8368,8405,-1482,-6376,7410,-2702,-371,-2994,-834,-6885,-108,-439,0
2020-08-27,117000,117000,113500,114500,345121,39516354500,-3.3755,76549,-19423,-54525,-26458,2585,-11469,-9463,-74,-6726,-2905,304,-2920
2020-08-28,116000,119000,115000,116500,313164,36483606000,1.7467,5419,-10215,2809,684,4223,-14,2268,121,-4473,1511,476,0
2020-08-31,118000,125000,118000,120000,631479,75777480000,3.0043,53532,-24702,-30010,-10609,267,63,966,-445,-20252,1046,134,0
2020-09-01,123000,127000,121000,126000,495842,62476092000,5.0,-11091,-980,8858,-3890,14581,14780,-2715,-1309,-10589,3602,-389,-2000
2020-09-02,128000,131000,126000,128000,436905,55923840000,1.5873,-2082,-18621,16968,12988,4075,4175,-3972,4512,-5235,3508,227,425
2020-09-03,129500,129500,124500,125500,306930,38519715000,-1.9531,58325,-19142,-41566,-11751,-7702,-3808,-11038,-2213,-5054,2082,301,0
2020-09-04,120500,128500,120500,127000,392895,49897665000,1.1952,-53639,57362,-5939,6628,1087,-2629,15963,87,-27004,3871,-1655,-71
2020-09-07,128500,135500,127500,132500,552803,73246397500,4.3307,-53283,63535,-8647,6732,19449,-2332,-5548,-87,-26736,-1147,-458,-125
2020-09-08,133500,135000,130500,133000,347278,46187974000,0.3774,-25501,22158,2900,-6250,9161,-2351,-2655,-111,-194,605,-162,5300
2020-09-09,130500,140000,130500,138000,627612,86610456000,3.7594,-43489,-9255,45038,11212,17840,-5666,6264,-2785,18585,7969,-263,-412
2020-09-10,140000,155000,138000,145500,1288453,187469911500,5.4348,-195836,28714,170782,32442,29156,26769,6428,377,83266,-3268,-392,-7656
2020-09-11,147500,153500,147000,150000,668098,100214700000,3.0928,-26576,-46166,67821,19998,12260,-2064,15398,1232,19964,4176,745,1033
2020-09-14,152500,155500,147500,150000,428666,64299900000,0.0,29278,-610,-24979,2305,-7944,-2929,-4605,-535,-11285,-3624,-65,14
2020-09-15,149000,149500,144500,144500,370439,53528435500,-3.6667,55284,19938,-71628,-257,-47282,-7022,-1074,0,-15993,-4180,586,0
2020-09-16,144500,151000,144500,148000,346119,51225612000,2.4221,-24271,7649,18964,9650,6196,-754,-1744,-50,8851,-2347,5,-3185
2020-09-17,148500,149500,145000,145500,263957,38405743500,-1.6892,13635,11639,-25509,-10190,-12026,-2136,2184,237,-3578,69,166,0
2020-09-18,146000,147500,143000,146500,225636,33055674000,0.6873,5921,12082,-16334,-93,-16392,-1761,-91,0,2003,-2245,576,0
2020-09-21,145500,149000,144000,145000,208828,30280060000,-1.0239,-5842,-14554,19203,13947,3125,-273,-3495,0,5935,1123,70,-36
2020-09-22,143500,144500,139000,140500,370059,51993289500,-3.1034,-81310,66033,16316,2307,5373,2050,4571,722,1597,-934,-105,-304
2020-09-23,142500,143500,137000,141000,287952,40601232000,0.3559,-8179,9780,2308,-4321,239,6938,-8083,-1016,6434,-4080,171,2117
2020-09-24,138500,145500,138000,142500,346284,49345470000,1.0638,-20449,1839,20091,6537,14067,23174,-5724,0,-17741,-1708,227,-222
2020-09-25,144500,145000,140500,140500,159550,22416775000,-1.4035,34681,-29400,-496,-5926,-1344,6572,-1473,3142,-1467,-4380,-405,0
2020-09-28,142500,144500,140000,141500,181220,25642630000,0.7117,-11829,3849,9435,-65,258,3288,1060,0,4894,-872,-583,0
2020-09-29,144500,145000,138000,141500,304203,43044724500,0.0,20490,-21237,-2956,-2895,-5155,1998,10445,400,-7981,3455,248,232
2020-10-05,140000,145500,140000,143000,212788,30428684000,1.0601,-20387,4220,15353,5775,6123,1572,-2367,0,4250,831,-17,0
2020-10-06,144000,148000,143500,144500,241061,34833314500,1.049,43630,-49192,3184,1671,-2980,3541,573,0,241,2119,259,138
2020-10-07,144000,147000,142500,146000,193954,28317284000,1.0381,-857,-7519,7312,-12870,6513,-1316,2088,0,16297,1294,-230,-3400
2020-10-08,147000,150000,146000,148500,306359,45494311500,1.7123,-26973,45690,-18310,-47568,2804,3036,-1172,309,24419,-247,-160,-138
2020-10-12,151000,156500,150000,152000,466791,70952232000,2.3569,-66476,11963,55754,18500,18536,8503,-1823,-1758,13057,-283,-958,739
2020-10-13,152500,153000,147500,151000,260067,39270117000,-0.6579,33908,-22195,-14390,8325,-2453,-1412,280,-400,-18730,2390,287,0
2020-10-14,150000,159000,147500,155000,610149,94573095000,2.649,-110399,52924,61902,10621,28619,22286,4607,-44,-4187,-4343,-84,0
2020-10-15,158500,162500,155000,157000,546561,85810077000,1.2903,-2745,22450,-20152,-16525,26361,9238,4077,1141,-46378,489,-42,1934
2020-10-16,158000,158000,152500,154500,229383,35439673500,-1.5924,-36139,17991,19073,13729,3033,452,-2424,2000,2289,-475,-450,-6
2020-10-19,157500,159000,153500,154500,192058,29672961000,0.0,-16495,17493,410,3253,4713,-5666,-10143,0,8253,-1301,-107,0
2020-10-20,152500,156000,152000,154500,184920,28570140000,0.0,-17437,10522,6032,8757,6725,-4023,-2581,-34,-2741,887,-4,-71
2020-10-21,154500,155000,153000,153500,146023,22414530500,-0.6472,16035,-3154,-13413,-11366,-1956,-646,-4776,0,5331,449,83,0
2020-10-22,152000,155500,149000,155000,284802,44144310000,0.9772,-23551,19583,5405,20820,-11625,-4018,5640,0,-4862,-1517,80,-550
2020-10-23,156000,156000,148500,149000,279676,41671724000,-3.871,67643,-43426,-28688,10850,-24016,-5210,-10408,0,-1504,4370,101,1600
2020-10-26,148000,151500,147500,150000,149438,22415700000,0.6711,-20963,5603,7844,15700,-2460,29,-1577,-1767,-2081,7576,-60,0
2020-10-27,149000,150000,145500,148000,190917,28255716000,-1.3333,25256,27902,-54852,-6073,-11568,-6456,-5590,-333,-24795,1329,365,-37
2020-10-28,147000,149000,145000,148500,153533,22799650500,0.3378,21439,12808,-34535,219,-2142,395,-10825,0,-22200,94,194,18
2020-10-29,146000,147000,143000,143500,197591,28354308500,-3.367,48628,6249,-57655,-10656,-9341,-17780,-3880,-392,-15606,2800,-22,0
2020-10-30,144000,147000,141000,142000,181720,25804240000,-1.0453,8730,4919,-15801,378,2994,-9858,707,95,-10417,2335,-183,300
2020-11-02,143500,148500,142000,147000,209259,30761073000,3.5211,-19237,-35158,53043,43884,22248,4942,1224,0,-20387,97,1255,1132
2020-11-03,147000,150000,146500,148000,146282,21649736000,0.6803,-37269,-10397,43008,22388,8330,4422,6220,-3000,5948,4557,101,-1300
2020-11-04,150000,150500,146000,150000,131968,19795200000,1.3514,-22754,-13957,36968,11512,14334,44,2411,-277,7214,-240,-17,1730
2020-11-05,150000,152000,147500,148500,181628,26971758000,-1.0,26556,-23122,-4603,-4939,-816,-12353,-2174,-432,17711,1117,52,-1600
2020-11-06,149500,149500,145000,146000,226178,33021988000,-1.6835,15474,11086,-26811,-5411,-10064,-12157,-760,-208,2080,253,-2,-291
2020-11-09,147500,152000,146000,149500,243976,36474412000,2.3973,-18218,25007,-6196,-14160,-2571,1407,-8075,-77,17414,-457,-136,-134
2020-11-10,152000,152500,146000,150500,283416,42654108000,0.6689,34491,-5829,-29539,5440,-4314,-6000,-25,0,-26415,739,138,1775
2020-11-11,151000,165000,151000,162000,842419,136471878000,7.6412,-220700,140563,83588,21744,30776,18174,7726,-26,5218,-1262,-2189,-24
2020-11-12,161500,169000,160500,165000,690417,113918805000,1.8519,-125029,85775,38610,-10114,31185,1440,18295,576,-2577,826,-182,-195
2020-11-13,165000,165500,160000,164000,268820,44086480000,-0.6061,-11810,-3142,13743,9122,683,1609,491,0,1838,983,226,0
2020-11-16,164000,164500,160000,161000,264169,42531209000,-1.8293,26207,-3330,-20242,-9010,-5088,-3792,-2349,0,479,-1005,-1630,-482
2020-11-17,161000,161500,156000,158500,313324,49661854000,-1.5528,42019,-9377,-35900,7462,-9168,-11144,974,0,-25663,2832,426,1639
2020-11-18,157000,159000,156000,156500,194487,30437215500,-1.2618,36941,-19740,-16418,2688,-8144,-6051,76,0,-7195,-948,165,2208
2020-11-19,155000,158000,153500,158000,165983,26225314000,0.9585,5697,1832,-14366,-6324,-4340,-3040,3214,0,-4094,7147,-310,218
2020-11-20,154000,157000,153500,155500,220417,34274843500,-1.5823,59163,-39999,-16544,-5266,-6076,-10129,-1481,95,5722,-2893,273,591
2020-11-23,154000,155500,152500,154500,216216,33405372000,-0.6431,58834,-19021,-41983,-23930,-8896,-2814,-6562,1242,-1506,276,1894,483
2020-11-24,154500,159000,154000,156000,279180,43552080000,0.9709,57553,-26596,-30957,-8642,-5217,17,-3696,0,-13612,1622,-1622,193
2020-11-25,157500,158000,151500,153000,343431,52544943000,-1.9231,103664,-25606,-78311,-45491,-16265,-15982,-1626,-325,1178,-711,964,200
2020-11-26,154000,156000,152000,154000,182740,28141960000,0.6536,46179,18471,-40417,-22063,-6088,-298,-1136,-1600,-9473,-24255,22,241
2020-11-27,154500,156000,153500,154500,210444,32513598000,0.3247,49940,820,-51289,-13271,-14208,-13336,-668,-226,-9903,303,226,323
2020-11-30,157000,159500,154000,154000,322306,49635124000,-0.3236,46336,-59266,-8575,-18816,-1131,6701,2217,0,2237,21286,219,217
2020-12-01,156000,158000,155000,158000,178144,28146752000,2.5974,-31956,13518,-1765,-3359,-1859,1213,-378,0,3260,20160,43,-642
2020-12-02,159500,159500,156500,159000,197413,31388667000,0.6329,5786,-12365,-5080,15916,-6279,-7004,-4181,-143,-3389,10340,1319,0
2020-12-03,159000,159000,157000,158500,149000,23616500000,-0.3145,7687,5863,-21122,-6392,-4878,-3055,-1673,-186,-4497,7523,49,-441
2020-12-04,158500,158500,155000,156000,225587,35191572000,-1.5773,38049,-3532,-29669,-10226,-8503,-5229,-5120,-400,516,-4880,32,-707
2020-12-07,153000,154000,150500,152500,356760,54405900000,-2.2436,133507,36486,-108017,-32198,-16761,-6690,-9695,-5698,-37088,-62039,63,113
2020-12-08,152500,153000,150500,152500,160839,24527947500,0.0,36604,5893,-43415,-9196,-9305,-4269,-11448,-206,-8866,777,141,-125
2020-12-09,152500,157500,152000,156500,283754,44407501000,2.623,-46078,63953,-15953,-9697,-7133,1722,357,-400,1698,-1720,-202,-2500
2020-12-10,155500,157500,153500,154500,257370,39763665000,-1.278,4304,-8858,4439,3043,-10094,2438,-10083,-412,19464,216,-101,83
2020-12-11,155500,159000,155500,157000,195154,30639178000,1.6181,-27467,15014,11367,9650,-1339,-418,-1651,-1000,6163,1080,6,-38
2020-12-14,155500,156000,153000,154000,225867,34783518000,-1.9108,57682,1799,-60738,-35306,-8243,-1271,-4995,-21,-11094,904,353,192
2020-12-15,154000,155500,153000,154000,132298,20373892000,0.0,19312,-13802,-6426,4587,-2505,-5130,-458,0,-2894,777,139,-26
2020-12-16,154500,154500,153000,153000,108471,16596063000,-0.6494,25573,-19887,-5745,-2448,-5028,-368,-4277,-6,6494,-35,94,-112
2020-12-17,153000,153500,151000,151500,167343,25352464500,-0.9804,46989,-18926,-28458,-19986,-5222,-1075,-1236,-623,-316,319,76,0
2020-12-18,151500,153000,150500,153000,127014,19433142000,0.9901,-15774,18199,-1902,2165,-2204,220,351,-199,-2235,-588,65,0
2020-12-21,153500,153500,151000,152500,98409,15007372500,-0.3268,-5528,13162,-6851,-5181,196,175,-1448,3061,-3654,493,-1276,0
2020-12-22,151500,152000,150500,150500,127324,19162262000,-1.3115,33869,-10717,-22201,-4942,-6244,-2083,-2099,-217,-6616,-1000,49,0
2020-12-23,151000,151500,148500,149500,132675,19834912500,-0.6645,-258,1674,-1569,-4189,-4962,-684,504,87,7707,-31,184,-32
2020-12-24,150000,151000,149500,151000,85019,12837869000,1.0033,7442,-5683,94,-2501,-1220,-3456,1155,0,6111,-1769,-84,5
2020-12-28,151000,152000,149500,149500,158601,23710849500,-0.9934,-13711,4551,12815,842,-6503,8900,-5782,-1600,16958,-5368,1713,0
2020-12-29,149500,152500,149500,150500,131816,19838308000,0.6689,35344,-7680,-28601,-7102,-3547,4945,430,0,-24665,845,92,1338
2020-12-30,150500,152500,150500,151500,117130,17745195000,0.6645,-2442,2517,-1298,2674,-8834,-3631,-377,-2942,11812,57,1166,0
2021-01-04,152000,153000,151500,151500,210270,31855905000,0.0,34335,-6080,-29525,-3982,-13305,-1564,-14928,1015,3239,2433,-1163,0
2021-01-05,152000,159500,151500,158000,491848,77711984000,4.2904,-51605,18330,32116,-6607,7596,12040,-4474,2022,21475,1507,-348,64
2021-01-06,159500,159500,153500,155000,367726,56997530000,-1.8987,27853,-530,-34938,-11210,-11061,-7282,-4115,409,-3579,7547,68,1900
2021-01-07,155000,169000,155000,168500,1081746,182274201000,8.7097,-420179,100740,319274,49276,34755,25936,79955,-182,124576,1932,-1767,4958
2021-01-08,169000,184500,167000,179000,1152187,206241473000,6.2315,-260372,-40928,294592,36261,40054,139049,-14051,-261,96001,7268,-560,-2461
2021-01-11,181000,181500,168500,173500,739728,128342808000,-3.0726,80328,-36018,-42209,-22249,7541,27086,-3229,2090,-53363,-2098,-3,-85
2021-01-12,173500,189500,171500,183000,1152248,210861384000,5.4755,-118927,-5607,119246,7494,44632,69369,13348,1640,-19232,6024,-736,1995
2021-01-13,184500,191500,177500,179500,894780,160613010000,-1.9126,16073,22431,-39088,2998,-7772,-54907,-19557,388,41628,-175,759,-1866
2021-01-14,181000,183500,174000,178000,583776,103912128000,-0.8357,90633,4566,-90838,42089,-15578,-20323,-2900,159,-93486,-4003,-358,-799
2021-01-15,179000,180000,172500,174500,323785,56500482500,-1.9663,43986,-8469,-27922,-4411,5029,-25866,6676,-171,-9179,-7411,-184,0
2021-01-18,173000,175500,170000,170000,260307,44252190000,-2.5788,1971,-11380,6782,4306,3815,-1843,-2408,1079,1564,2600,27,269
2021-01-19,172000,176000,171000,172000,230646,39671112000,1.1765,17894,-6901,-13362,-737,52,-11670,-6239,1016,5643,2491,-122,-1427
2021-01-20,173000,179500,170500,172000,349829,60170588000,0.0,59280,15707,-76777,-35205,-2624,-22207,4124,0,-20865,1123,667,0
2021-01-21,175000,178500,173500,175500,274894,48243897000,2.0349,-30250,9896,14668,28780,-9501,-19094,-526,1875,13134,5406,280,0
2021-01-22,175500,179000,172500,174000,305908,53227992000,-0.8547,65703,-28439,-38043,7562,-5349,-27777,-11512,0,433,399,380,-1400
2021-01-25,174500,183500,174500,183500,438042,80380707000,5.4598,-124664,41490,79515,39581,14161,786,318,156,24533,4091,-432,-20
2021-01-26,178000,179000,173500,174500,644663,112493693500,-4.9046,222733,-114238,-109430,-34101,-12645,-52731,-2295,8489,-15472,305,630,-675
2021-01-27,176000,178500,170500,171000,366597,62688087000,-2.0057,68832,29542,-101267,-26742,-16792,-38386,196,734,-20277,2970,-77,0
2021-01-28,168000,170000,164000,169500,328802,55731939000,-0.8772,49705,691,-50170,-20507,-3772,-1390,2953,378,-27528,-399,173,-304
2021-01-29,172000,172000,160500,164000,337368,55328352000,-3.2448,41654,-17535,-22726,-12539,6732,-714,3578,87,-19705,-1666,273,-165
2021-02-01,163000,170000,162000,169500,243205,41223247500,3.3537,-20535,15888,9122,-3792,3308,821,-10645,0,19607,-3995,-480,-177
2021-02-02,170000,175000,168500,170500,215653,36768836500,0.59,-12667,-11923,25365,-822,4317,707,1545,0,19286,-183,-592,332
2021-02-03,170000,173500,168500,170500,201164,34298462000,0.0,35296,-9435,-25207,-1809,-5963,-139,-3533,0,-13763,-625,-29,0
2021-02-04,170500,171500,167000,169000,147763,24971947000,-0.8798,19809,-197,-19396,2466,-1767,-1929,-897,0,-17269,-229,13,0
2021-02-05,170000,171000,166000,168000,136648,22956864000,-0.5917,22935,-9119,-10935,-9140,-2987,18,-2205,11,3368,-2985,104,0
2021-02-08,168000,173500,167500,172500,176663,30474367500,2.6786,-68640,37604,30377,4165,10360,1647,2788,846,10150,559,100,421
2021-02-09,173500,174000,170000,171000,184265,31509315000,-0.8696,556,3377,-910,5553,-5813,-2018,-1471,0,2839,-3081,58,0
2021-02-10,172000,174000,170000,173500,224730,38990655000,1.462,-6529,-2115,8554,6847,9880,-801,525,0,-7897,104,-14,0
2021-02-15,182000,182500,176000,178000,533427,94950006000,2.5937,-78235,22154,55443,2290,12735,3177,3878,-268,32269,589,49,1362
2021-02-16,180500,190000,180000,189000,779943,147409227000,6.1798,-233227,83376,149879,14127,29965,23193,-2715,1230,87998,364,-392,-3919
2021-02-17,190500,191000,184500,186500,391900,73089350000,-1.3228,61908,-70632,-15593,-15216,-3526,-4432,531,0,7050,20440,3877,0
2021-02-18,186000,186500,180500,180500,345124,62294882000,-3.2172,51218,-53532,4819,-20405,9552,-10383,641,100,22859,-2979,474,2455
2021-02-19,183500,185500,178000,183000,314302,57517266000,1.385,7518,23896,-31533,-15829,-81,-4198,-1205,-62,-12753,146,-27,2595
2021-02-22,183000,183000,177000,178000,297917,53029226000,-2.7322,69455,-29138,-40661,-19503,4509,-2580,-4152,-80,-18890,305,39,35
2021-02-23,177500,180000,174500,177000,284390,50337030000,-0.5618,43686,-16207,-31936,-344,-7104,-4357,-5288,0,-15914,4716,-259,1071
2021-02-24,178500,180500,172000,172000,324704,55849088000,-2.8249,48646,-24452,-29831,2638,-3270,-321,-1606,388,-27635,5437,200,-25
2021-02-25,175000,175500,172500,173500,194276,33706886000,0.8721,46721,-44109,-2293,-5018,-12199,-5754,-8345,0,29056,-430,111,-33
2021-02-26,170000,170000,167500,169000,266884,45103396000,-2.5937,55827,-73696,15702,4633,-1948,-114,-43,276,11967,1937,230,931
2021-03-02,173000,173500,169500,170500,205804,35089582000,0.8876,35200,-48386,13086,-3945,-666,113,-5112,3000,19696,120,-20,0
2021-03-03,171000,186000,170000,185000,757744,140182640000,8.5044,-239694,119128,118596,19863,4849,5357,16761,2418,66117,2909,-939,3231
2021-03-04,182500,185000,180500,182000,325335,59210970000,-1.6216,8404,-8076,10461,5526,3596,-5180,19963,-1000,-12444,-10460,-329,0
2021-03-05,180500,181000,175500,177000,272256,48189312000,-2.7473,68982,-39854,-27378,-9025,-1995,-1755,-1111,0,-13492,-1878,128,0
2021-03-08,179000,180500,174500,174500,203243,35465903500,-1.4124,32460,-54319,19811,-2245,-2438,-138,2195,0,22449,1792,256,-12
2021-03-09,174500,178000,171000,177000,308991,54691407000,1.4327,54490,-29117,-26002,-23280,3282,-3132,276,0,-3396,629,0,248
2021-03-10,181500,183500,175500,177000,320267,56687259000,0.0,7187,-18016,13726,24560,30,1953,-7043,-106,-5650,-3633,736,-18
2021-03-11,178500,182000,175500,177500,281342,49938205000,0.2825,-9657,14224,-1975,-6944,-2705,-1698,5846,266,460,-2795,203,2800
2021-03-12,186500,187000,178000,178500,459966,82103931000,0.5634,65639,-46593,-22257,1923,-6952,-1633,-4144,0,-11775,3939,-728,324
2021-03-15,181000,181000,177000,179000,189026,33835654000,0.2801,22883,-14589,-9928,604,-7833,416,5581,60,-8357,1668,-34,-399
2021-03-16,180000,185000,178500,182000,326752,59468864000,1.676,-72630,15371,53390,17178,2365,117,8585,253,26068,3943,-74,-1176
2021-03-17,182500,184000,177000,178000,1209726,215331228000,-2.1978,160100,-89966,-72438,-22080,-14661,-4912,-1229,0,-28090,2144,160,-1466
2021-03-18,179000,179500,176000,176000,224906,39583456000,-1.1236,60057,-7162,-54403,-25620,-10525,-6856,-6490,-73,-4226,807,701,-613
2021-03-19,175000,175500,173000,174000,179972,31315128000,-1.1364,57410,-23942,-33369,-9553,-9648,-1010,-3554,0,-8497,-582,483,-1107
2021-03-22,175500,177500,174500,175000,122022,21353850000,0.5747,17313,-7035,-11593,-4868,-3449,-633,-7357,0,4653,1058,257,61
2021-03-23,175000,177000,172500,173000,138646,23985758000,-1.1429,32125,-23570,-7371,-4206,-1165,-58,-1136,2060,-2865,-1249,65,-1
2021-03-24,172500,174500,171000,172000,115257,19824204000,-0.578,29516,-19395,-11307,-962,-1080,-158,-11271,0,2164,1150,36,0
2021-03-25,172000,175000,171000,174500,109336,19079132000,1.4535,-2201,14883,-13790,-12447,-2651,-326,-2553,200,4131,1072,36,-144
2021-03-26,175500,177000,174000,175500,131583,23092816500,0.5731,-13456,32246,-18945,-6359,-9440,-1898,-333,573,-1488,-3,158,0
2021-03-29,175000,175000,172500,172500,120862,20848695000,-1.7094,23122,-543,-20973,1033,-6593,-1144,-7103,0,-7166,-1630,24,0
2021-03-30,174500,174500,172500,172500,106976,18453360000,0.0,19797,563,-20222,-14134,-3100,-2874,-3720,-348,3982,-275,137,-28
2021-03-31,172500,173000,171000,171000,142158,24309018000,-0.8696,63446,-24272,-37237,-3347,-11307,-1910,-11396,-114,-9000,-1955,18,-163
2021-04-01,171500,172000,168000,168500,256948,43295738000,-1.462,153511,-27216,-126021,-47110,-52268,-5502,-15636,-486,-4552,-566,292,-467
2021-04-02,169500,170000,168500,169500,176086,29846577000,0.5935,52388,27734,-81094,-30110,-18370,-2375,-31410,0,2228,880,92,-1057
2021-04-05,170500,173500,170000,172000,172798,29721256000,1.4749,5102,37435,-44702,-16882,-9596,-744,-7437,0,-517,1192,973,-9526
2021-04-06,172500,173000,169000,169500,173218,29360451000,-1.4535,77315,13238,-92989,-67520,-9779,-2141,-9392,0,-3819,2311,125,-338
2021-04-07,170000,171500,169500,170000,131584,22369280000,0.295,17435,24027,-41354,-35634,-4162,3636,-4321,0,-768,-103,-5,-105
2021-04-08,170500,171500,169500,170500,138268,23574694000,0.2941,11503,15116,-26130,-9017,-937,-497,-5552,0,-10031,-537,48,-96
2021-04-09,171000,172000,170500,171000,154608,26437968000,0.2933,25582,7740,-31576,-12666,-10634,-250,-14762,8452,-1403,-1753,7,-313
2021-04-12,170500,170500,168500,169500,201155,34095772500,-0.8772,66233,-4535,-57118,-20299,-16276,-2609,-12875,-786,-4295,-4838,258,22
2021-04-13,169000,170500,168500,169500,163192,27661044000,0.0,24704,-344,-23101,-8956,-5279,-4675,-6651,-653,3454,-1740,481,-341
2021-04-14,169500,171000,169000,169500,174201,29527069500,0.0,23210,22499,-46323,-15495,-18683,-1812,-12490,-178,2791,558,56,-456
2021-04-15,169500,171000,169000,169000,126918,21449142000,-0.295,8645,5374,-14216,-4569,-2910,-1773,-1716,0,-2893,174,23,-355
2021-04-16,170000,170500,169000,170000,149080,25343600000,0.5917,21618,14379,-37234,-7556,-12375,-3693,-9455,-211,-3694,1050,187,-250
2021-04-19,169000,170000,168000,169000,155353,26254657000,-0.5882,7475,26993,-34009,-19502,-9443,-2119,-4028,0,1083,-563,104,0
2021-04-20,169000,171000,168500,171000,168526,28817946000,1.1834,-43562,64276,-22446,-11222,-16364,-2169,-1096,0,8405,1892,-160,0
2021-04-21,171000,171000,168500,169500,139312,23613384000,-0.8772,44933,-430,-43258,-10110,-7559,-609,-8883,0,-14397,-1275,30,-1700
2021-04-22,169500,169500,168500,169000,117521,19861049000,-0.295,4207,15292,-18321,-8609,-5668,708,-1786,0,-2740,-1161,-17,-226
2021-04-23,169000,169000,167500,168000,144881,24340008000,-0.5917,25762,9853,-36275,-14362,-4754,-136,-17094,0,399,255,405,-328
2021-04-26,168500,168500,167500,168500,161030,27133555000,0.2976,30679,34262,-63439,-24797,-7751,356,-25615,0,-3591,-1626,124,-2041
2021-04-27,168500,169000,167000,168000,125027,21004536000,-0.2967,11142,16476,-27735,-15426,-8993,-700,-2317,0,-299,33,84,0
2021-04-28,168000,170000,167000,169000,186554,31527626000,0.5952,-33397,72516,-38764,-4770,-32818,-469,365,0,-1072,-299,-56,0
2021-04-29,169000,170000,167000,167500,202361,33895467500,-0.8876,57782,20843,-76526,-8911,-51362,-1766,-6115,0,-8372,-2214,115,0
2021-04-30,167500,171500,167000,168000,253297,42553896000,0.2985,-26098,48137,-23113,-7494,-21166,5204,-5329,5000,672,1002,72,0
2021-05-03,168000,170500,167500,168500,143601,24196768500,0.2976,26942,-22960,-3924,-4836,-7010,-835,8989,0,-232,-255,197,0
2021-05-04,168500,169000,160500,163500,354719,57996556500,-2.9674,28839,-5398,-19890,-11180,-7884,-1599,-5493,293,6322,-3981,430,-349
2021-05-06,162000,162500,159000,160500,299657,48094948500,-1.8349,88461,861,-87747,-39454,-23457,-2123,-12278,-2080,-8069,-1470,-105,-286
2021-05-07,161500,162500,160000,161500,180745,29190317500,0.6231,28770,-14446,-15487,-10079,-5406,-3601,-618,0,4217,1111,52,0
2021-05-10,162000,166500,161000,164500,264520,43513540000,1.8576,-23437,51028,-30487,10855,-54912,-8072,251,11,21380,3352,-456,0
2021-05-11,164500,166000,159000,160000,301379,48220640000,-2.7356,150698,-12334,-140708,-77018,-35444,-3384,-5005,0,-19233,2376,-32,-624
2021-05-12,160000,160500,155000,156500,274816,43008704000,-2.1875,121536,-35789,-84557,-23751,-28289,-7074,-11756,181,-12868,-558,-632,-1000
2021-05-13,154000,157500,153500,154500,242192,37418664000,-1.278,68713,-35904,-33206,-11063,-4297,-143,-3029,-2905,-11769,412,-15,0
2021-05-14,156500,157500,153500,154000,191123,29432942000,-0.3236,76234,-23676,-53316,-30636,-12943,-4891,413,0,-5259,955,-197,0
2021-05-17,155000,156000,153500,154000,155791,23991814000,0.0,55775,-18702,-36764,-19820,-1907,-7951,-163,-3594,-3329,-372,63,0
2021-05-18,155000,155500,154500,155000,82613,12805015000,0.6494,10828,-21699,10625,-3103,-714,-228,294,0,14376,-316,562,0
2021-05-20,155500,156000,153000,153000,169265,25897545000,-1.2903,38631,-4300,-34925,-12455,-14174,-55,-989,0,-7252,554,40,0
2021-05-21,153500,154000,151000,151000,185387,27993437000,-1.3072,47880,-9964,-36402,-29181,-3083,-767,-250,-1178,-1943,-1482,-32,0
2021-05-24,151500,155000,151000,155000,171465,26577075000,2.649,-17050,10162,5698,-3000,1274,-532,217,0,7739,1197,-7,0
2021-05-25,155000,157000,154500,156500,154421,24166886500,0.9677,-14798,-15701,28440,15173,319,2003,138,-3000,13807,1987,72,0
2021-05-26,157500,158500,156000,157500,160493,25277647500,0.639,23697,-12898,-13194,-7344,-10293,351,-2769,0,6956,2222,173,-95
2021-05-27,158500,159000,155500,155500,163427,25412898500,-1.2698,43389,-32398,-12378,-10464,-7535,2595,-27,0,3053,985,402,0
2021-05-28,156000,157000,155000,156000,110359,17216004000,0.3215,49016,-8127,-42843,-24378,-11123,-7378,-2471,0,2654,1285,669,-147
2021-05-31,156000,159000,156000,159000,162363,25815717000,1.9231,-14483,23795,-9470,-20806,15069,-82,-78,-5605,2032,190,-32,0
2021-06-01,159500,162000,159500,161000,167376,26947536000,1.2579,-2792,-17153,18171,-5845,7023,2654,4749,0,9590,700,1074,0
2021-06-02,160500,161000,158000,158500,166323,26362195500,-1.5528,80140,-12361,-67984,-49240,-3640,-3287,-2406,-573,-8838,160,45,0
2021-06-03,158500,160000,158000,159500,96214,15346133000,0.6309,-18325,27528,-9940,-9929,-4085,1121,-384,-236,3573,776,-39,0
2021-06-04,159000,161500,158000,161000,126034,20291474000,0.9404,-18351,37008,-19383,-4554,-2544,-305,-993,0,-10662,523,203,-325
2021-06-07,161000,161000,157500,160000,129207,20673120000,-0.6211,1186,-4720,2630,1415,-1876,510,966,0,1760,988,-84,-145
2021-06-08,160000,160500,159000,160000,92450,14792000000,0.0,-14940,17329,-2536,-5442,-75,-451,-1297,0,4729,198,-51,0
2021-06-09,160000,160500,156000,157000,135531,21278367000,-1.875,21683,-3931,-18442,-13450,1950,1501,624,0,-9463,345,345,396
2021-06-10,157000,160500,157000,160000,135347,21655520000,1.9108,-40521,46480,-6372,1270,-1078,-336,-4577,0,-1711,433,-20,60
2021-06-11,160500,161000,158500,159500,91217,14549111500,-0.3125,4380,21790,-26581,-13924,-6374,1059,-308,-22,-6718,-33,444,-294
2021-06-14,159000,159500,158500,158500,69283,10981355500,-0.627,3855,-9635,5232,272,3538,1701,1977,0,-2256,262,286,0
2021-06-15,158500,161500,158000,161000,133337,21467257000,1.5773,-24249,-3029,27862,7338,4874,-189,156,0,15648,-511,-73,35
2021-06-16,161000,168000,159500,166500,552671,92019721500,3.4161,-158103,79394,82213,27831,28804,2923,2027,0,19850,-2995,-509,778
2021-06-17,167500,171500,164000,166000,730873,121324918000,-0.3003,-178897,29537,154243,82020,25528,21003,29005,0,-1881,-4714,-169,-1432
2021-06-18,167500,168000,161500,162500,335400,54502500000,-2.1084,100696,-80526,-23275,-6819,-4752,1489,-7678,0,-5519,3281,-176,4
2021-06-21,162000,163500,158000,159500,229422,36592809000,-1.8462,60449,-20868,-37841,-33916,5789,-855,-2456,0,-6357,-1754,14,-46
2021-06-22,161000,162500,159000,160500,157378,25259169000,0.627,17060,17692,-34454,-27291,-68,-1953,-1435,0,-3707,-800,502,0
2021-06-23,160500,160500,159000,159500,139845,22305277500,-0.6231,25449,19638,-45897,-29766,-6258,-5961,-5296,0,1384,46,764,0
2021-06-24,159000,159000,155000,157000,356296,55938472000,-1.5674,164051,-34331,-128331,-66460,-22551,-8292,-30781,0,-247,-2146,757,0
2021-06-25,167000,168000,160000,165000,759328,125289120000,5.0955,-106983,121734,-12970,-1478,-533,2233,-4443,920,-9586,-736,-1045,-83
2021-06-28,165000,166000,163000,164000,185140,30362960000,-0.6061,-21412,403,21318,11773,252,5023,4360,0,-920,-650,341,830
2021-06-29,164500,164500,161000,162000,149793,24266466000,-1.2195,13992,5814,-20114,-8135,340,-4532,-4963,0,-2824,291,17,0
2021-06-30,161000,161000,159000,160000,190775,30524000000,-1.2346,48622,-20579,-29185,-14648,-8278,-4357,-1693,0,-209,837,305,0
2021-07-01,160000,160000,158000,159000,117079,18615561000,-0.625,43206,7144,-50924,-24520,-1284,-5221,-10029,0,-9721,-305,879,-149
2021-07-02,158500,160000,158000,158000,119318,18852244000,-0.6289,27106,-1062,-26213,-21922,-804,137,-920,0,-2704,7,162,0
2021-07-05,158000,160500,158000,160500,95313,15297736500,1.5823,-25514,22052,8246,1348,-507,-354,2345,0,5399,-4962,178,15
2021-07-06,160500,160500,159000,159500,90958,14507801000,-0.6231,21691,3501,-25551,-4861,-6807,-1880,-2647,-3706,-5650,199,160,0
2021-07-07,159500,160000,156500,158000,149502,23621316000,-0.9404,22903,-12041,-10673,-11118,-1809,196,-1062,0,3158,-567,378,-38
2021-07-08,158000,158500,155000,155000,182738,28324390000,-1.8987,33517,4718,-36182,-21101,-2063,146,-969,0,-12195,-2314,261,0
2021-07-09,153500,154000,151000,152000,220966,33586832000,-1.9355,80101,-70121,-9569,-8681,805,3288,885,0,-5711,-681,270,-155
2021-07-12,153000,155500,152500,154500,119802,18509409000,1.6447,6572,-19758,13783,5593,709,4797,701,0,1999,-622,25,-16
2021-07-13,155000,157500,155000,157500,142427,22432252500,1.9417,-21812,10750,10892,4782,-304,-43,-2127,0,8601,-2,172,-17
2021-07-14,157500,157500,155000,156500,98964,15487866000,-0.6349,9847,-2950,-6703,-3591,-1049,-1561,250,0,-752,-60,-134,0
2021-07-15,157500,160000,157000,159000,110259,17531181000,1.5974,-53647,36380,19103,4099,575,2851,268,0,11322,-1457,-379,-12
2021-07-16,159000,162000,157500,161500,158824,25650076000,1.5723,-84070,69423,15728,4016,4451,367,586,0,6205,-909,-172,103
2021-07-19,161000,161500,159500,161000,94435,15204035000,-0.3096,-11236,30881,-17316,-1521,-10898,-1080,751,0,-4593,-2326,-3,25
2021-07-20,159000,160500,158500,160500,109332,17547786000,-0.3106,-18941,32041,-13147,-6238,-3141,-828,782,-1840,-1902,88,-41,20
2021-07-21,160500,161000,159000,160500,123270,19784835000,0.0,-19248,38243,-18143,-8058,-118,1302,-1505,0,-9764,-64,-788,0
2021-07-22,160500,160500,158000,159500,126225,20132887500,-0.6231,5877,28475,-34434,-14121,-16495,-936,-1640,0,-1243,-3,85,1
2021-07-23,159500,160500,158000,158500,70041,11101498500,-0.627,5154,3724,-8625,-11677,-64,-2049,-37,0,5202,132,-385,0
2021-07-26,162000,165500,160000,160000,256085,40973600000,0.9464,-23376,32697,-12682,-4854,-3869,2518,1233,25,-7725,3801,-440,-10
2021-07-27,161500,168000,160500,166500,622707,103680715500,4.0625,-261537,154904,108136,17878,10152,19020,17502,0,43518,-1703,200,66
2021-07-28,168500,171000,165000,169500,510180,86475510000,1.8018,-166222,51419,111575,15090,36469,17282,25409,1338,14727,4181,-953,1260
2021-07-29,170500,172000,168500,170500,240950,41081975000,0.59,-62107,30203,29311,4617,11740,5609,3608,155,3757,2542,51,-175
2021-07-30,169500,170000,167500,168500,178690,30109265000,-1.173,-23994,18256,7472,4674,-1460,891,521,156,2690,-3494,1760,0
2021-08-02,170000,171500,169000,171500,231379,39681498500,1.7804,-85601,25533,60986,27319,6596,2440,3708,84,20839,-1546,628,0
2021-08-03,171000,173500,168000,173000,245012,42387076000,0.8746,-92098,52608,41520,29322,2907,588,1838,0,6865,-1529,-501,0
2021-08-04,173500,176000,171500,173000,239528,41438344000,0.0,-30367,20876,7212,9644,-4297,1155,235,61,414,2552,-273,0
2021-08-05,172500,173000,170000,173000,119546,20681458000,0.0,-18204,451,18297,12294,260,-676,582,15,5822,-425,-119,0
2021-08-06,172000,173000,170000,170000,132039,22446630000,-1.7341,9098,-603,-8565,1840,-3241,-5117,-2968,0,920,90,-20,1
2021-08-09,169000,171000,168000,171000,112827,19293417000,0.5882,-17448,21195,-3060,-1413,721,1488,-211,0,-3645,-626,-61,0
2021-08-10,172000,178000,171500,177000,541631,95868687000,3.5088,-221717,111293,100626,34522,14022,20276,2250,-1724,29135,10321,-523,2145
2021-08-11,177000,179000,174500,175500,250548,43971174000,-0.8475,1757,3634,-6364,-25924,1051,776,3105,2905,11664,826,147,59
2021-08-12,175000,177000,168000,169000,288443,48746867000,-3.7037,22700,-4384,-17316,-5044,685,-5347,443,292,-8345,-930,-70,0
2021-08-13,171000,175500,169500,175500,309434,54305667000,3.8462,-104060,76220,30410,25418,4607,1331,3762,553,-4271,-2643,73,-990
2021-08-17,177000,182500,174000,176500,367807,64917935500,0.5698,-41462,39933,-301,-340,3742,10217,2217,552,-16767,2232,-402,78
2021-08-18,176500,178000,174000,177500,162458,28836295000,0.5666,-38854,18863,19606,12150,997,-1669,984,300,6844,651,-266,0
2021-08-19,176000,176000,169000,170500,263887,44992733500,-3.9437,12461,-36462,22956,10853,2384,599,1064,508,7247,1114,-69,301
2021-08-20,172500,174000,168000,170000,186060,31630200000,-0.2933,-23621,19293,4357,7973,-747,-1241,-139,45,-1537,441,-470,3
2021-08-23,172000,175000,170500,172500,152255,26263987500,1.4706,-47276,19193,28992,12750,491,2730,186,400,12435,-664,-245,0
2021-08-24,176000,179500,174000,178500,279785,49941622500,3.4783,-105568,76796,29577,10734,12241,7185,2240,116,105,-500,-305,-3044
2021-08-25,179000,180000,176500,177500,183408,32554920000,-0.5602,-11836,5501,6939,5097,2626,7,206,0,-997,-603,-1,0
2021-08-26,178000,181000,177000,178000,176759,31463102000,0.2817,-28832,10059,34682,20539,8356,9358,-2044,0,-1517,-16192,283,-10
2021-08-27,178000,179000,175000,178000,128104,22802512000,0.0,-21983,5262,16557,10731,2351,372,-3395,960,5542,806,-642,-4
2021-08-30,181500,181500,175500,176500,161683,28537049500,-0.8427,42607,-23822,-20149,6863,-3305,268,530,0,-24505,1257,107,0
2021-08-31,175500,179000,174000,179000,201445,36058655000,1.4164,-49526,51099,-1135,7475,-2877,1254,-1496,125,-5578,-1337,899,-38
2021-09-01,179500,181000,177000,180000,127804,23004720000,0.5587,-40167,23596,14342,-2935,1360,8974,-112,109,6947,2189,40,-1
2021-09-02,179500,182000,178000,181000,193945,35104045000,0.5556,-51233,9538,40800,14468,6408,8779,-536,128,12053,876,19,-500
2021-09-03,181000,181500,178500,179000,113728,20357312000,-1.105,9516,-11241,1188,-1311,2076,709,2793,0,-468,631,-94,-2611
2021-09-06,178000,178000,175000,176000,123362,21711712000,-1.676,14568,-548,-7786,-7001,270,-6131,-1613,0,6189,-6151,-83,500
2021-09-07,176000,179500,175500,179000,114441,20484939000,1.7045,-47228,8338,39119,29295,9061,424,896,0,-557,-187,-42,0
2021-09-08,177500,178500,173000,173500,177758,30841013000,-3.0726,29565,-11719,-17920,-10681,-952,-2197,955,0,-5045,141,-67,0
2021-09-09,172500,173000,169500,170000,210033,35705610000,-2.0173,21414,-3892,-17132,14257,-3935,-3866,597,59,-24338,-235,-155,94
2021-09-10,171500,172000,168500,170000,129508,22016360000,0.0,6707,-14374,11192,-2090,4846,-731,-412,0,9485,-4122,597,94
2021-09-13,171000,171500,167000,170000,107761,18319370000,0.0,7548,-30069,24036,10819,-1021,824,11911,300,1203,-944,-571,0
2021-09-14,171500,174000,170500,170500,112583,19195401500,0.2941,-5251,-26262,31576,17107,4208,-73,-104,250,10234,17,-80,-46
2021-09-15,170500,172500,168500,169500,101325,17174587500,-0.5865,19184,-21596,2542,-1550,995,1592,339,0,1113,-18,-112,53
2021-09-16,169500,174000,168500,172500,148478,25612455000,1.7699,-42474,5101,37805,11980,16600,13402,6423,0,-10660,-423,-9,60
2021-09-17,171000,175000,171000,174500,177041,30893654500,1.1594,-42498,13735,28421,9798,9912,12581,7457,0,-11387,371,-29,60
2021-09-23,171000,177000,171000,174500,158040,27577980000,0.0,-31526,19274,11914,9225,483,5820,781,-115,-4224,314,24,-56
2021-09-24,176500,177500,171500,173000,149623,25884779000,-0.8596,13300,9946,-18928,-1010,3426,-9406,-2671,0,-9046,-4375,57,-221
2021-09-27,172000,174000,170500,173500,116033,20131725500,0.289,-24856,15920,8503,14123,439,-5649,-1768,0,1358,512,-79,0
2021-09-28,173000,173000,168500,169500,135955,23044372500,-2.3055,35217,-22554,-12856,-6022,694,205,-3274,0,-4758,156,37,299
2021-09-29,167000,168500,163500,165000,175653,28982745000,-2.6549,34103,-7381,-20978,-3215,-3845,-4769,-233,0,-9139,-6129,385,223
2021-09-30,163000,165000,161000,164500,161026,26488777000,-0.303,45146,-29798,-15299,-8194,-832,-702,-4824,0,-1956,-285,236,1209
2021-10-01,162500,164000,157000,158500,206291,32697123500,-3.6474,67191,-28206,-39150,-12965,-4925,-2392,-4094,0,-14427,-15,180,-347
2021-10-05,156500,158500,154000,157000,188185,29545045000,-0.9464,28068,-40725,13517,5168,-1260,2262,-56,-97,7500,-1095,235,0
2021-10-06,158500,158500,152500,152500,245404,37424110000,-2.8662,51668,-47208,-6016,-11807,699,-1198,-533,0,6801,1121,435,22
2021-10-07,153500,157500,153500,156500,143303,22426919500,2.623,8061,-38949,30075,-1028,2645,6915,62,0,21481,636,177,0
2021-10-08,157500,159000,154000,158000,124637,19692646000,0.9585,-610,-3816,5180,8533,-2767,5430,-1245,0,-4764,-828,74,-7
2021-10-12,157000,158000,153500,154500,145804,22526718000,-2.2152,18345,-23087,4695,18432,-1061,4442,-4911,0,-12207,-36,83,0
2021-10-13,155000,157500,154000,156500,98229,15372838500,1.2945,-4610,-28190,33265,13847,10151,1053,-1107,0,9321,-333,-132,0
2021-10-14,160500,165000,160000,164000,239589,39292596000,4.7923,-46407,-29875,76170,15021,6200,18467,12058,-80,24504,282,-170,0
2021-10-15,164000,166500,161500,162500,141887,23056637500,-0.9146,29481,-37109,4413,1506,-747,-2630,2441,0,3843,3219,-4,0
2021-10-18,163000,164000,161000,161500,90183,14564554500,-0.6154,15829,-11303,-3935,2567,979,1246,-490,0,-8237,-629,38,0
2021-10-19,162500,164500,161000,162500,99742,16208075000,0.6192,9003,-3071,-5214,-3717,-420,-2680,-3586,0,5189,-708,-10,0
2021-10-20,162500,163500,161000,162000,113759,18428958000,-0.3077,3168,-29772,26800,25158,-1362,5063,-2957,-8,906,-172,-24,0
2021-10-21,162500,165000,161000,161500,113600,18346400000,-0.3086,-3555,-25359,27552,21684,3487,5164,-523,0,-2260,1263,99,0
2021-10-22,162500,169500,162000,166500,185081,30815986500,3.096,-69856,15603,55253,16705,15087,3064,9878,-1771,12290,-792,-208,0
2021-10-25,167000,170000,165500,168500,132098,22258513000,1.2012,-17559,-19230,36826,19164,7009,123,4790,0,5740,475,-512,0
2021-10-26,169500,172000,168000,171500,130606,22398929000,1.7804,-48340,12693,36420,22725,2516,4217,1254,0,5708,-727,-46,0
2021-10-27,170500,171000,166000,168000,145880,24507840000,-2.0408,24532,-23945,-553,5215,-205,1777,-20,-5000,-2322,-585,551,2
2021-10-28,168500,171000,166000,166000,133994,22243004000,-1.1905,5355,-2675,-4940,-1756,1856,392,-231,0,-5201,2876,-616,0
2021-10-29,166500,170500,164500,168000,142888,24005184000,1.2048,-26023,-19254,43356,27710,9401,-5336,11650,0,-3352,2041,-120,3283
2021-11-01,169000,171500,169000,170000,132488,22522960000,1.1905,-55035,13489,41343,12357,2135,201,8105,0,18429,272,-69,116
2021-11-02,169500,172500,169000,170000,101504,17255680000,0.0,-35711,3315,33522,9636,5579,410,326,108,17311,-654,-472,152
2021-11-03,170000,172500,168500,170500,82242,14022261000,0.2941,-1520,-1901,3757,19618,-298,-168,-2399,0,-12996,-86,-250,0
2021-11-04,171000,172000,165500,167000,128853,21518451000,-2.0528,12404,5217,-17642,1914,-4899,-18269,-5961,0,9489,-19,40,84
2021-11-05,167500,168500,162000,163500,145625,23809687500,-2.0958,27621,-7569,-19568,602,450,-4447,826,-1800,-15198,-379,-105,-1
2021-11-08,164000,166000,162000,166000,70323,11673618000,1.5291,-20950,14160,8026,5695,599,-522,424,0,1830,-1231,-5,0
2021-11-09,164500,167000,162500,164500,86578,14242081000,-0.9036,4343,-21274,17244,10479,-257,-2,-1105,0,8129,-316,3,0
2021-11-10,163000,164500,160000,161000,91449,14723289000,-2.1277,7083,-1678,-6010,-2242,1028,774,-3922,0,-1426,357,248,-222
2021-11-11,159500,160000,157000,158500,170463,27018385500,-1.5528,44477,-16020,-27958,-13394,-7890,-9837,-3046,0,6657,93,-592,-448
2021-11-12,161000,163500,160000,162500,118940,19327750000,2.5237,-22220,-20929,43102,19890,5317,11374,-317,-59,6897,54,-7,0
2021-11-15,163000,164000,162000,162500,74681,12135662500,0.0,-9112,8406,8861,4640,-1775,213,-2498,0,8281,-7402,-753,0
2021-11-16,162500,163500,160000,162000,79510,12880620000,-0.3077,-8928,5928,3927,1003,245,-3741,411,0,6009,-811,-116,0
2021-11-17,162000,162500,159500,160500,93138,14948649000,-0.9259,-846,6576,-4913,2435,6095,-800,-1479,-8,-11156,-806,-11,0
2021-11-18,160000,161500,158500,160000,80488,12878080000,-0.3115,-6524,7842,52,234,-1367,-1155,-30,0,2370,-1177,-193,0
2021-11-19,162500,163000,158500,159000,110669,17596371000,-0.625,26261,-3972,-23315,-97,-4632,-1171,-3386,0,-13883,793,233,-146
2021-11-22,159000,160500,157500,159500,85644,13660218000,0.3145,-1735,4923,-3121,-5668,122,1,-2509,0,4933,-363,296,0
2021-11-23,158000,160500,158000,160000,82089,13134240000,0.3135,5703,583,-10138,11712,-489,-4576,-8706,0,-8079,3619,233,0
2021-11-24,159000,162000,159000,159500,73232,11680504000,-0.3125,1912,7130,-9395,117,-1526,-357,-372,0,-7257,796,-443,0
2021-11-25,159500,160000,155000,155500,145188,22576734000,-2.5078,62848,-35410,-28000,-1330,-3399,-13588,-2119,-672,-6892,297,265,0
2021-11-26,155500,156000,152500,152500,110454,16844235000,-1.9293,22669,-4355,-15078,-2500,-2178,-2334,-4434,-2060,-1572,-3346,110,0
2021-11-29,150000,151500,149000,149500,128173,19161863500,-1.9672,19496,-5278,-14787,-10950,126,-539,66,-10072,6582,590,-21,0
2021-11-30,150000,152500,142500,143000,209163,29910309000,-4.3478,36532,-15019,-24190,-16119,-1617,-393,-68,0,-5993,1653,1024,0
2021-12-01,142500,147500,142500,144500,98752,14269664000,1.049,16015,-15772,-621,1305,-74,-1028,3,-193,-634,471,-93,0
2021-12-02,143000,148000,142000,147500,92532,13648470000,2.0761,1507,-1288,-1025,3963,-144,-3594,1051,0,-2301,589,217,0
2021-12-03,147000,151500,146000,150000,116219,17432850000,1.6949,-2780,-12601,16111,1364,4527,3201,2030,0,5547,-696,-34,-558
2021-12-06,149500,151000,146500,149500,58334,8720933000,-0.3333,-2747,7381,-4355,-1741,-3835,-321,-359,0,1920,-367,88,-19
2021-12-07,150500,151000,148500,151000,74263,11213713000,1.0033,9167,1867,-11086,-7851,2044,-1138,-200,0,-3941,19,33,0
2021-12-08,152000,153000,149500,149500,95546,14284127000,-0.9934,21974,-16058,-5924,708,-12158,-7369,-197,0,13092,-4,12,0
2021-12-09,149500,152000,148000,150500,136548,20550474000,0.6689,3868,25315,-29400,-7691,-23618,-6419,2562,33,5704,3,214,29
2021-12-10,150500,153000,148500,152000,70309,10686968000,0.9967,-21735,27868,-6001,3790,-4193,-3970,-2254,0,626,-103,-29,0
2021-12-13,153500,155500,151000,151500,109636,16609854000,-0.3289,29730,-33324,1919,1979,1287,-1140,-619,0,412,1579,96,0
2021-12-14,151500,154000,150500,153000,71152,10886256000,0.9901,-13411,17637,-3923,3584,750,-5737,457,-10,-2967,-289,-14,0
2021-12-15,153000,155500,151500,153000,76124,11646972000,0.0,-652,-2351,3431,182,2265,-1404,1764,0,624,-448,20,0
2021-12-16,153500,155000,151500,154500,85938,13277421000,0.9804,-10443,17397,-6566,-4245,-3121,-1327,32,0,2095,-256,-132,0
2021-12-17,153000,156000,152000,156000,105215,16413540000,0.9709,-20415,18805,1307,1469,7043,-910,-1669,-2432,-2129,456,-153,-65
2021-12-20,154500,155500,151500,153000,66864,10230192000,-1.9231,31394,-24173,-6303,559,-768,-2003,1055,0,-5396,-959,41,250
2021-12-21,153000,155500,152500,153000,58999,9026847000,0.0,-10447,1945,8231,339,363,-435,392,0,7572,237,34,0
2021-12-22,153000,154000,150000,151000,92089,13905439000,-1.3072,31585,-11464,-20454,-7589,-3527,-1663,-5513,0,-2172,289,44,10
2021-12-23,151500,152500,150500,152000,57546,8746992000,0.6623,-6229,9837,-3086,-1121,-6787,-2529,718,0,6636,-471,-51,-3
2021-12-24,152000,152500,150500,151500,60770,9206655000,-0.3289,18642,-8278,-10438,-13299,-1287,173,-2370,0,7390,67,7,-1045
2021-12-27,152000,153000,151000,152000,42853,6513656000,0.33,-10542,7514,3305,-116,-158,12,270,0,3297,99,-376,0
2021-12-28,152000,152500,150500,152000,117712,17892224000,0.0,-10291,25096,-16266,-11539,-7427,-10545,-1234,-192,14541,1457,4,130
2021-12-29,151500,153000,150500,151000,79307,11975357000,-0.6579,30015,-5001,-23795,-5117,35,-8,-1382,0,-17323,-1234,15,0
2021-12-30,151000,151500,150000,151000,69943,10561393000,0.0,20247,-10257,-19860,-3990,-222,349,-891,0,-14604,9846,24,-502
2022-01-03,152000,152000,150000,150500,69749,10497224500,-0.3311,9612,-4476,-5075,7273,-2625,-408,-1565,-1025,-6725,-55,-6,0
2022-01-04,150500,151500,149500,150500,79592,11978596000,0.0,11844,18672,-30798,-5347,-5502,-3783,-1656,0,-14464,306,-24,-46
2022-01-05,149500,152000,148500,149500,100181,14977059500,-0.6645,22093,9946,-29220,-267,-15158,-505,109,-690,-12714,-2836,17,5
2022-01-06,148500,150500,146500,146500,74883,10970359500,-2.0067,18422,-8428,-9763,-384,-2557,-2501,-1728,0,-2593,-246,15,0
2022-01-07,147000,150000,146500,148500,92647,13758079500,1.3652,-7641,8823,-458,-4005,5860,1648,-110,0,-3851,-207,-517,0
2022-01-10,149500,150000,147500,149000,81329,12118021000,0.3367,-21757,23167,-3433,-3631,-4498,3583,120,0,993,2012,11,0
2022-01-11,147000,148000,146000,146500,87793,12861674500,-1.6779,23256,-10637,-12377,-2478,-262,-1692,567,0,-8462,-271,29,-50
2022-01-12,147000,148500,146500,148000,91169,13493012000,1.0239,3708,13625,-17244,-11072,-785,521,-3066,0,-2842,-140,51,0
2022-01-13,148000,148500,147000,148000,57345,8487060000,0.0,-5186,16481,-10958,-1770,-451,1,98,0,-8836,-303,-34,0
2022-01-14,147500,148000,144500,144500,83933,12128318500,-2.3649,50749,-27141,-23790,686,-3410,-2414,-2299,0,-16124,66,116,-229
2022-01-17,144000,145000,141500,143000,92487,13225641000,-1.0381,22106,-3870,-16027,-6572,-992,28,-275,-8852,636,-2323,114,0
2022-01-18,143500,144000,140500,141500,69053,9770999500,-1.049,19208,-11771,-7839,-6698,241,92,-165,0,-1199,329,73,-110
2022-01-19,141500,145000,140000,142000,86895,12339090000,0.3534,-5078,3190,1437,-2193,-268,142,254,0,3502,448,3,0
2022-01-20,142500,144000,140500,141000,103154,14544714000,-0.7042,40105,-18298,-22399,-22059,185,-12,491,0,-1004,543,49,0
2022-01-21,140000,140500,137500,139000,115802,16096478000,-1.4184,21798,1684,-23680,-23556,-1846,3964,-2076,-108,-58,-341,539,0
2022-01-24,138500,139000,132500,134500,128083,17227163500,-3.2374,15990,-22632,8619,-7168,-15,2097,-1074,0,14779,-2572,595,0
2022-01-25,133500,134000,130500,132000,129746,17126472000,-1.8587,-13034,17415,-5446,-7348,988,304,-868,0,1478,836,229,0
2022-01-26,132000,135000,131000,133500,109769,14654161500,1.1364,-1624,24450,-22000,-14851,-1106,18,-4797,0,-1262,-806,-20,-2
2022-01-27,133000,134500,126000,126000,201768,25422768000,-5.618,61297,-27563,-31425,-23333,-2599,-780,-1436,0,-2196,-1936,-373,-1081
2022-01-28,128000,134000,126000,132000,187695,24775740000,4.7619,-36085,52157,-15781,-24180,11087,-10601,1589,0,7254,-279,-12,-930
2022-02-03,134000,135500,133000,134000,79407,10640538000,1.5152,1366,1382,-3174,-3194,-143,-1515,185,0,957,498,-72,536
2022-02-04,133500,140000,133500,139500,95006,13253337000,4.1045,-28762,21840,6958,206,3896,3361,585,0,-1090,-63,27,0
2022-02-07,138500,141000,136500,140000,84256,11795840000,0.3584,-10969,18017,-7288,481,393,1386,759,0,-10307,109,131,0
2022-02-08,140000,141500,139000,139500,67704,9444708000,-0.3571,-7245,3325,4143,-894,222,55,4876,0,-378,-257,34,262
2022-02-09,140500,142000,139000,140500,95331,13394005500,0.7168,-7894,18440,-10482,-5754,-923,-747,-3640,0,582,-92,28,0
2022-02-10,140500,143000,140000,141000,107445,15149745000,0.3559,-21860,34703,-14316,-4064,-1042,4747,-1916,0,-12041,1420,53,0
2022-02-11,138000,139000,135000,135500,124628,16887094000,-3.9007,28696,8693,-36687,-16078,-3049,-4802,1956,0,-14558,-789,87,-156
2022-02-14,133500,134500,128000,131500,199756,26267914000,-2.952,56405,16530,-73459,-32999,-16509,-19472,-526,0,-3841,249,275,-112
2022-02-15,131000,131500,128500,130000,101955,13254150000,-1.1407,22614,21193,-43842,-28583,-15003,-5825,74,0,5495,38,-3,0
2022-02-16,132000,132000,128500,129500,176275,22827612500,-0.3846,83804,-46393,-37756,-37891,-5263,7264,-6956,0,5163,247,98,-73
2022-02-17,129500,130000,126500,127500,284358,36255645000,-1.5444,108420,-56883,-54969,-23872,-10443,-127,-15884,0,-4567,3366,66,-76
2022-02-18,126500,129000,124500,128500,190850,24524225000,0.7843,38806,-13311,-25694,-1706,-5429,-4624,-20853,-72,7120,57,142,-130
2022-02-21,127000,128000,125000,127500,119243,15203482500,-0.7782,21546,-2333,-21653,-8868,-3208,-3473,-7234,-280,1410,2258,182,0
2022-02-22,125500,126000,123500,124000,173675,21535700000,-2.7451,54359,-27883,-29683,-15841,-7668,-1859,-4515,-569,769,3484,-277,0
2022-02-23,125000,126500,124000,125500,94785,11895517500,1.2097,7381,-5258,-1742,-8966,1801,3192,-3829,0,6157,-425,44,-97
2022-02-24,124500,125500,121500,121500,166110,20182365000,-3.1873,27198,-18946,-9260,-7410,-68,-101,619,0,-2000,898,110,-300
2022-02-25,123000,130000,122500,128500,451617,58032784500,5.7613,-5670,-93981,100176,20447,10887,30552,2411,0,35879,-1807,1282,0
2022-02-28,129000,130500,128500,130000,204203,26546390000,1.1673,5512,-42028,13226,19062,1979,1212,122,0,-9149,24489,-1199,0
2022-03-02,130000,131500,129000,130500,155196,20253078000,0.3846,-14915,-23098,13568,10169,443,3992,8977,0,-9994,24509,-64,-19
2022-03-03,131000,138000,128500,137000,255898,35058026000,4.9808,-36534,-42379,53961,3298,31490,8694,2055,0,8424,25043,-91,0
2022-03-04,137500,137500,133000,135000,188781,25485435000,-1.4599,18359,-49697,-2023,-5148,3761,-1459,1333,0,-2168,33278,83,1658
2022-03-07,132500,134000,130000,131500,161933,21294189500,-2.5926,4602,-22032,-7637,-836,-2164,2152,-1462,0,-5327,25119,-52,0
2022-03-08,130000,132500,128500,131000,146967,19252677000,-0.3802,-1841,-17159,-6178,10081,-898,-7942,301,0,-7720,25170,8,0
2022-03-10,134000,136000,133000,134000,225526,30220484000,2.2901,-3310,-52287,30612,5206,8411,5896,1476,0,9623,24972,13,0
2022-03-11,133500,141000,131500,139500,369365,51526417500,4.1045,-55227,-138247,171562,73029,29021,39782,11658,103,16965,21995,-83,1004
2022-03-14,139000,140500,135500,136500,213573,29152714500,-2.1505,12629,-55744,17978,3953,6018,2340,2825,193,2218,25032,105,431
2022-03-15,135000,138000,133000,135500,159842,21658591000,-0.7326,-290,-42459,17472,19226,266,-7494,1609,178,3292,25303,-26,395
2022-03-16,137500,140000,135500,138000,229635,31689630000,1.845,3382,-66365,37273,2616,11001,5558,3069,3600,11429,25716,-6,0
2022-03-17,139500,140000,134500,135500,289329,39204079500,-1.8116,87025,-91328,-23631,-12927,4811,-19281,5496,13,-1743,27770,164,0
2022-03-18,136000,137500,135000,135500,249319,33782724500,0.0,-21141,-39411,35520,16704,4375,-36,8554,0,5923,25097,-65,0
2022-03-21,137000,144500,136500,142500,397897,56700322500,5.1661,-137638,18683,95134,56203,20767,5057,9880,1500,1727,24273,-452,0
2022-03-22,141500,143500,140000,140500,137478,19315659000,-1.4035,19186,-49919,5931,845,222,-14,2346,1400,1066,24729,73,66
2022-03-23,140500,144000,138500,141500,227860,32242190000,0.7117,-22359,-20834,17570,8243,12683,-9372,2316,0,3700,25266,357,0
2022-03-24,140000,141500,139000,141000,105857,14925837000,-0.3534,5161,-21279,-9035,510,-7003,-972,727,0,-2297,25111,42,0
2022-03-25,140500,141500,138500,139000,117144,16283016000,-1.4184,28915,-40583,-13230,-4807,-256,-1911,-3848,0,-2408,24861,37,0
2022-03-28,138500,140000,136500,139000,119016,16543224000,0.0,8656,-23798,-10147,-5466,-685,-2398,1005,252,-2855,25241,48,0
2022-03-29,139000,142000,138000,140000,146444,20502160000,0.7194,-12258,-28705,16200,-2059,7811,1439,192,0,8817,24706,57,0
2022-03-30,141500,142500,139000,140000,123597,17303580000,0.0,-14019,-12164,2388,1633,-562,1909,4117,0,-4709,24136,-341,0
2022-03-31,140000,142500,139500,141000,120088,16932408000,0.7143,-29472,-8669,13204,3215,-1182,3324,1777,564,5506,25039,-102,0
2022-04-01,140000,142000,139000,141500,108656,15374824000,0.3546,-3824,508,-21753,6057,99,-16065,-2773,0,-9071,25033,36,0
2022-04-04,141000,142000,140000,141000,78309,11041569000,-0.3534,-8801,-15778,-366,-796,-620,1080,-116,0,86,24950,-5,0
2022-04-05,141000,141500,139500,141000,115380,16268580000,0.0,-17531,10893,-17480,-22752,-1346,5,-2241,12057,-3203,24119,-1,0
2022-04-06,139500,140000,136500,137500,131988,18148350000,-2.4823,28454,-12784,-40787,-492,823,-4298,-3450,-3000,-30370,25008,109,0
2022-04-07,136500,142000,136500,139000,251217,34919163000,1.0909,-67973,73745,-30490,16856,4255,-3135,-98,-3500,-44848,24910,-192,-20
2022-04-08,139500,140000,135500,136500,152787,20855425500,-1.7986,50499,-35275,-40767,-32733,-1289,765,1910,0,-9487,25085,458,67
2022-04-11,135000,138500,134000,137000,85317,11688429000,0.3663,-3757,-26043,27902,24048,7128,-4485,4383,13,-2917,2202,-304,-268
2022-04-12,137000,139500,136000,138000,143824,19847712000,0.7299,-36688,-26816,61262,42797,5713,-917,5818,444,7407,2284,-42,0
2022-04-13,139000,139500,135500,136500,106618,14553357000,-1.087,45762,-47557,-8978,5707,-3413,-14095,-619,85,3462,10362,411,-105
2022-04-14,136500,138000,136000,137500,86955,11956312500,0.7326,4289,-17087,12619,-3867,381,690,169,67,15179,179,0,0
2022-04-15,136500,138500,136000,138000,63107,8708766000,0.3636,-11028,-11570,12727,11265,6667,-591,1512,0,-6193,9967,-96,67
2022-04-18,137000,140500,136000,139000,78147,10862433000,0.7246,-18866,-1127,19052,10027,7261,833,2223,0,-1292,711,230,0
2022-04-19,139500,140500,137500,138500,91431,12663193500,-0.3597,32028,-45371,2904,4624,1267,-342,-245,0,-2400,10073,366,0
2022-04-20,139000,139000,136500,136500,118962,16238313000,-1.444,57952,-54483,-13880,2646,-2239,-4968,-391,0,-8671,10445,-34,-257
2022-04-21,136500,138500,136500,137500,81620,11222750000,0.7326,-4761,2004,2810,-13342,-165,6998,707,68,8566,-34,-19,-22
2022-04-22,136500,138000,136000,137500,83094,11425425000,0.0,-200,5714,-15536,-5270,-2657,387,364,0,-8360,10036,-14,0
2022-04-25,135500,136500,132000,132500,118402,15688265000,-3.6364,26205,-18822,-17232,1857,-2837,-10599,-697,-252,-4704,9885,-36,0
2022-04-26,133000,134500,131500,133500,89762,11983227000,0.7547,323,-8544,851,4972,59,90,1153,0,-5423,7361,9,0
2022-04-27,130000,131500,129000,130000,129026,16773380000,-2.6217,39885,-13857,-36415,-8820,-10184,-5923,-3187,0,-8301,10254,133,0
2022-04-28,131000,131000,128500,131000,81478,10673618000,0.7692,-1911,-6983,6144,8611,645,-2766,-435,0,89,2758,-8,0
2022-04-29,131500,133000,131000,132000,74332,9811824000,0.7634,-4527,-1791,6627,-120,-612,1543,-557,0,6573,170,-479,-200
2022-05-02,130500,132000,130000,131500,70135,9222752500,-0.3788,-4814,5244,-9735,-280,-754,-2195,-1104,0,-5405,9327,-22,3
2022-05-03,131000,132000,129000,129500,86977,11263521500,-1.5209,30901,-17557,-23563,-3470,-1555,-12901,-2562,0,-3075,10115,104,0
2022-05-04,129500,130500,128500,129000,66791,8616039000,-0.3861,11907,-26695,2825,1974,108,-1214,-180,0,2137,11996,-33,0
2022-05-06,127500,128000,126500,126500,73345,9278142500,-1.938,24020,-21368,-13009,-7366,-836,-259,-2592,0,-1956,10280,77,0
2022-05-09,126000,127000,125000,126000,72014,9073764000,-0.3953,14721,-7248,-17576,-12396,-5567,635,-1887,0,1668,10063,40,-29
2022-05-10,124500,126000,121500,124000,107797,13366828000,-1.5873,3133,-25840,10815,2222,507,5336,-868,10,3706,11834,58,-98
2022-05-11,123500,129000,123500,126000,123648,15579648000,1.6129,5175,-20891,11202,-3530,14238,3644,-807,71,-2404,4437,77,-10
2022-05-12,124500,129500,122000,122500,287597,35230632500,-2.7778,14987,-2468,-32959,-20179,5241,-23819,810,107,5294,20242,198,-413
2022-05-13,123000,125000,120500,122000,256646,31310812000,-0.4082,69963,18366,-106680,-72896,-16126,-4880,-19810,-133,7653,17522,829,-488
2022-05-16,123000,126000,122500,125000,132091,16511375000,2.459,-26254,2050,23890,1542,9582,5385,2301,230,5070,1214,-900,-220
2022-05-17,124000,129000,124000,127000,109011,13844397000,1.6,-20838,-20890,19851,1872,5215,2991,1648,390,8021,21865,12,-286
2022-05-18,126500,126500,119000,119500,348389,41632485500,-5.9055,216165,-65543,-173502,-51687,-16096,-18485,-10604,-80,-75668,22444,436,-882
2022-05-19,115500,116500,113000,115500,276106,31890243000,-3.3473,46999,34362,-106574,-32151,-23042,-2705,-19872,-12057,-14379,25218,-5,-2368
2022-05-20,116000,117500,115000,116500,178948,20847442000,0.8658,29495,-18173,-36110,-25576,-19683,1207,-10538,0,19828,24288,500,-1348
2022-05-23,117000,119500,115000,119000,157739,18770941000,2.1459,-23867,-6047,6830,-2652,-12679,641,-8118,285,30632,22972,112,-1279
2022-05-24,118500,119000,115500,115500,117155,13531402500,-2.9412,42007,-24196,-18158,-8750,-8185,1378,-31,0,-2570,197,150,0
2022-05-25,116500,116500,114000,114500,103873,11893458500,-0.8658,54777,-29429,-25397,-20194,-6040,-805,-6246,0,7888,-100,149,0
2022-05-26,114500,115500,113000,113500,109858,12468883000,-0.8734,53206,-27409,-26987,-15729,-2199,-4376,-4078,-13,-725,946,244,133
2022-05-27,115500,116000,114000,115000,110946,12758790000,1.3216,7286,-16510,11010,-6327,502,-1794,198,130,18301,-1708,-78,0
2022-05-30,116000,119000,115500,117000,148682,17395794000,1.7391,-24868,-21011,49463,3049,265,9821,1011,0,35317,-3485,-99,0
2022-05-31,117000,118000,115500,116000,190826,22135816000,-0.8547,43053,-14854,-28793,-20180,2434,280,-1892,0,-9435,565,29,0
2022-06-02,116000,116500,115000,115000,75354,8665710000,-0.8621,34011,-21817,-13074,672,-282,-1266,530,0,-12728,708,172,0
2022-06-03,116000,118000,116000,117000,124473,14563341000,1.7391,1486,13041,-16279,-16824,-7017,2091,-1444,100,6657,1755,-3,158
2022-06-07,117000,117000,114500,115500,95287,11005648500,-1.2821,31301,-2014,-31638,-20121,-1560,4245,-1098,0,-13104,2262,89,0
2022-06-08,115500,116000,114000,114500,90145,10321602500,-0.8658,36607,-32444,-5495,-14032,-1091,4415,-181,0,5394,1275,57,0
2022-06-09,114500,115000,113000,114000,115859,13207926000,-0.4367,13707,-23706,8320,-2880,-1824,3604,-2021,0,11438,1626,53,3
2022-06-10,113500,114500,112500,113500,116776,13254076000,-0.4386,3880,-4568,2317,-1921,2397,2222,-879,0,511,-1769,140,-13
2022-06-13,112000,112500,108000,108000,171039,18472212000,-4.8458,38220,-27642,-13138,-2302,-2814,-654,-3427,-1008,-2933,2039,521,0
2022-06-14,106500,107500,105500,107000,162382,17374874000,-0.9259,18576,-22543,3925,1131,637,129,-4728,0,6756,-165,207,0
2022-06-15,106500,108500,104000,105500,169392,17870856000,-1.4019,13122,-16,-13268,-5130,2318,-2180,-48,0,-8053,77,85,-175
2022-06-16,106000,108000,105000,105500,98861,10429835500,0.0,-5044,6729,-1440,-1696,5260,24,3354,0,-8597,-233,-12,215
2022-06-17,103500,107000,103000,106500,132243,14083879500,0.9479,-19922,20334,-311,-2763,-635,1220,3,1285,579,-66,-35,0
2022-06-20,106500,107000,103000,103500,94857,9817699500,-2.8169,16257,-16094,-2161,-4533,-392,153,143,80,2307,1573,425,81
2022-06-21,104000,105000,102000,103500,89375,9250312500,0.0,9237,-468,-11372,-9672,-264,-4148,-179,66,2475,2556,47,350
2022-06-22,104000,104500,100000,101000,138981,14037081000,-2.4155,16940,2262,-19251,-352,1136,-9098,-557,0,-10380,334,-285,0
2022-06-23,101000,102500,99200,100500,180096,18099648000,-0.495,463,450,-500,-5096,-1314,-3392,-1507,-180,10989,-123,-290,0
2022-06-24,99800,103500,99800,102500,106241,10889702500,1.99,-28035,19339,8706,-6062,2604,10466,210,-178,1076,-21,11,590
2022-06-27,103500,107000,103000,105000,115969,12176745000,2.439,-11732,12660,1054,-1131,5537,12144,-198,0,-14658,-1832,-150,-640
2022-06-28,105000,106000,103500,105500,62914,6637427000,0.4762,-121,13769,-13262,-1767,-7131,1280,-368,0,-5276,-383,-3,0
2022-06-29,104000,105000,102000,103000,102970,10605910000,-2.3697,14226,17186,-31856,-2912,-9965,-3642,-3340,0,-12097,329,115,100
2022-06-30,104500,108000,103000,105500,196777,20759973500,2.4272,-25234,588,22932,13174,20016,3919,10835,0,-24632,1338,376,-380
2022-07-01,106500,108000,105000,106500,129748,13818162000,0.9479,-13586,-3560,17024,-898,14417,2738,1021,0,-254,40,82,0
2022-07-04,107500,108000,105000,106000,82198,8712988000,-0.4695,-2191,-6288,8669,-53,2573,-94,-487,0,6730,-188,-2,0
2022-07-05,106000,107000,105000,107000,82035,8777745000,0.9434,1548,2885,-4233,-3098,-72,-4097,4551,0,-1517,57,-257,0
2022-07-06,106500,107500,104500,105500,92331,9740920500,-1.4019,-3585,20150,-16343,-1850,-71,-4308,1994,0,-12108,-247,25,0
2022-07-07,106500,107500,105500,107000,70562,7550134000,1.4218,-4560,13908,-9384,-784,-8547,-131,-354,0,432,-3,39,0
2022-07-08,106500,108000,106000,106500,76307,8126695500,-0.4673,845,837,-1708,5060,-1072,-3252,160,0,-2604,15,11,0
2022-07-11,107000,107000,103000,104000,99348,10332192000,-2.3474,34363,5906,-42781,-13758,-14851,-4088,-1020,0,-9064,2322,190,0
2022-07-12,103000,103500,100000,102000,141657,14449014000,-1.9231,14043,3195,-20113,-17382,3202,-502,-116,0,-5315,3067,-192,0
2022-07-13,103000,104500,102000,102500,108159,11086297500,0.4902,-811,3209,-2180,-9019,-6917,-825,48,0,14498,10,-228,35
2022-07-14,101500,102000,100500,101500,122931,12477496500,-0.9756,20317,17307,-37990,-7812,-4846,-7576,-1366,60,-16475,157,209,25
2022-07-15,102000,102500,99200,101500,198275,20124912500,0.0,31337,-21926,-9438,-1038,-1570,871,-4465,0,-3461,0,27,225
2022-07-18,102000,103000,101500,102000,82236,8388072000,0.4926,15592,-11212,-2661,732,1159,262,52,48,-4685,-1770,51,-229
2022-07-19,102000,103000,100500,102000,138592,14136384000,0.0,25898,-8554,-17258,-7288,-2621,-3215,-627,84,-3591,52,-138,0
2022-07-20,103000,113000,102000,110500,810304,89538592000,8.3333,-125422,-144780,261119,42092,80267,22526,41295,3985,61787,7848,1235,9167
2022-07-21,110500,115500,110000,114000,426327,48601278000,3.1674,-106634,-3604,114671,53268,29305,12517,11425,452,7539,-4558,125,165
2022-07-22,114000,115500,112000,112500,128510,14457375000,-1.3158,-10757,3851,7970,7950,2141,-3097,444,0,532,-463,-601,0
2022-07-25,114000,116500,113000,115500,215520,24892560000,2.6667,-29093,-25785,54329,-13265,15329,40303,3352,140,8470,601,-52,0
2022-07-26,114000,116000,112500,115000,102868,11829820000,-0.4329,1754,9127,-11218,-8513,-1036,-757,1105,0,-2017,389,-52,0
2022-07-27,114500,114500,109000,111000,246050,27311550000,-3.4783,59586,38,-58817,-69,-2158,-43520,7771,-3192,-19932,-621,-186,2283
2022-07-28,112000,113000,109500,110000,143317,15764870000,-0.9009,-4804,-9619,14428,22809,-507,-2679,-1139,0,-4056,-18,13,0
2022-07-29,112000,114500,111000,113000,222709,25166117000,2.7273,-32334,-17479,49566,43088,-2943,3811,2721,65,2302,278,-31,522
2022-08-01,113000,113500,105500,106500,413003,43984819500,-5.7522,146382,20885,-169296,-64605,-32613,-32262,-17151,0,-22665,-2534,4563,0
2022-08-02,106500,107000,103000,104500,268411,28048949500,-1.8779,68234,-20247,-50464,-21302,-7903,-18624,-5382,2962,-215,2377,100,0
2022-08-03,104500,105500,103500,105500,151825,16017537500,0.9569,16124,-18084,985,-2615,-654,2957,283,0,970,984,-9,44
2022-08-04,106000,107500,104500,105000,151359,15892695000,-0.4739,32096,-21707,-10597,-2977,1460,-675,-488,0,-7917,228,-20,0
2022-08-05,105500,107000,105500,106000,70503,7473318000,0.9524,-9770,7381,1283,-1682,1443,-490,-134,155,1991,816,290,0
2022-08-08,106000,107500,105500,106500,99466,10593129000,0.4717,-250,11445,-11519,28,-1219,-128,-4171,0,-6029,-90,414,0
2022-08-09,106500,109000,106500,107500,108663,11681272500,0.939,-14773,12878,1693,-385,543,475,-322,0,1261,67,135,121
2022-08-10,108000,109000,107000,108000,93528,10101024000,0.4651,-12471,14327,3121,2456,3098,1376,-2889,0,-920,-422,-4555,0
2022-08-11,109000,109500,105000,107000,248957,26638399000,-0.9259,50014,6996,-56492,-32352,-14408,608,-3732,-188,-6342,-27,-491,-78
2022-08-12,107000,107000,104500,105500,177717,18749143500,-1.4019,82859,-33820,-49535,-22186,-20561,-3322,-4587,-504,1625,36,460,0
2022-08-16,106000,106500,104500,105500,112324,11850182000,0.0,30771,-1723,-30067,-22668,421,-5501,-2416,-99,262,971,48,-66
2022-08-17,106500,107500,105000,105500,146636,15470098000,0.0,32037,-7491,-24306,-7596,-6593,-421,-6938,0,-2676,-554,314,-82
2022-08-18,105000,105500,104500,105000,79129,8308545000,-0.4739,23850,-830,-23225,-7833,-2088,-6429,-1420,0,-5455,-7,212,0
2022-08-19,105000,105500,104000,104000,104466,10864464000,-0.9524,28579,8908,-37730,1927,-32782,-3172,-92,0,-3611,155,88,0
2022-08-22,103500,104000,101000,101500,131788,13376482000,-2.4038,53263,-28479,-25196,-9174,-4031,-4209,-519,0,-7063,74,338,-200
2022-08-23,100500,102000,100000,100500,183923,18484261500,-0.9852,47714,6736,-42547,-16115,-21627,-4940,-3051,0,3186,-12034,131,0
2022-08-24,101000,101500,100000,100000,102669,10266900000,-0.4975,30261,-6807,-24833,-19763,-1932,-949,-6,0,-2183,1061,318,0
2022-08-25,100500,101000,99600,100500,195649,19662724500,0.5,97548,-39302,-61077,-20924,-33614,-764,-7580,0,1847,2216,615,-42
2022-08-26,100500,101000,99900,100500,139995,14069497500,0.0,47426,-11750,-36394,-15175,-10415,-884,-596,0,-9324,338,380,0
2022-08-29,98100,98900,96300,96700,291316,28170257200,-3.7811,135315,-61626,-75661,-20338,-11776,-2651,-13839,0,-27057,1332,640,0
2022-08-30,97500,97900,96400,97300,141293,13747808900,0.6205,39513,-15306,-25060,-5959,-221,854,-11429,-361,-7944,633,220,0
2022-08-31,97000,97800,96300,97800,175951,17208007800,0.5139,29263,3305,-35508,-18566,-5568,3472,-1248,-215,-13011,2852,88,-372
2022-09-01,97300,97900,96600,96700,129736,12545471200,-1.1247,31993,12199,-46851,-21484,1809,-1415,-3961,0,-21800,2597,62,0
2022-09-02,96800,97500,96300,97000,88694,8603318000,0.3102,-2602,5925,-3760,-1186,1983,2899,90,0,-7246,495,-58,-300
2022-09-05,97500,98500,96700,97100,97823,9498613300,0.1031,-7692,18231,-10507,1080,-2036,-1,-83,0,-9432,10,-42,-35
2022-09-06,97100,97900,96800,97600,70669,6897294400,0.5149,2820,5815,-8898,929,3340,33,565,0,-13765,200,63,0
2022-09-07,96900,97500,96400,96600,108228,10454824800,-1.0246,14016,17135,-31818,-8924,-4548,-4094,-3969,0,-10283,478,189,0
2022-09-08,97100,98000,96400,96700,112789,10906696300,0.1035,15721,7535,-26547,415,-12642,-2595,-1212,-178,-10335,3105,186,0
2022-09-13,97400,98000,96900,97700,157180,15356486000,1.0341,14151,-2892,-11282,3979,-371,-7768,265,0,-7387,35,-12,0
2022-09-14,95300,95500,93400,93600,311617,29167351200,-4.1965,175265,-119916,-54685,-21891,677,-669,-7059,0,-25743,-1004,340,0
2022-09-15,94000,94000,93400,93400,99814,9322627600,-0.2137,24839,-12374,-13262,4272,587,-483,245,0,-17883,392,405,0
2022-09-16,93200,93300,91900,92200,200390,18475958000,-1.2848,28363,-8997,-26214,-6911,-1144,474,-2846,-102,-14946,6964,-116,-739
2022-09-19,92000,92300,90800,91800,108180,9930924000,-0.4338,-10271,13616,-5659,-5419,-1873,1678,-396,0,1439,2189,125,-1088
2022-09-20,92300,92900,91700,92400,74266,6862178400,0.6536,-23400,18810,4609,-2979,493,89,-249,0,7178,150,-169,77
2022-09-21,92000,92400,90800,90900,76846,6985301400,-1.6234,20716,-8631,-12659,-7032,-2625,-3017,-214,0,229,414,160,0
2022-09-22,89400,90300,88300,90200,147021,13261294200,-0.7701,24559,-13757,-10887,-422,880,-2374,-5495,338,-3814,-83,168,0
2022-09-23,90200,90200,88300,88900,100426,8927871400,-1.4412,-5357,25982,-20389,-10416,-5854,-117,-1083,-108,-2811,52,-288,0
2022-09-26,87500,88500,84300,84600,203152,17186659200,-4.8369,22736,4422,-28231,-11526,-18287,-1362,-2564,0,5508,751,322,0
2022-09-27,85000,87300,84900,86600,164811,14272632600,2.3641,-82646,67555,15028,4930,-2078,5240,-4159,0,11095,27,36,0
2022-09-28,85800,87800,84700,86200,153882,13264628400,-0.4619,-17605,16083,1123,-5837,61,7926,-1174,0,60,320,79,87
2022-09-29,86200,87200,84600,85300,183876,15684622800,-1.0441,20646,-6750,-13934,-15045,-93,-605,-240,0,2049,9,29,0
2022-09-30,85200,85300,83600,83900,143825,12066917500,-1.6413,3728,8958,-12653,-8627,800,-2127,-1396,-140,-966,-25,-8,-197
2022-10-04,84500,85000,83900,83900,117640,9869996000,0.0,13578,8326,-22524,-7424,-3262,-10003,-711,0,-761,-179,799,-363
2022-10-05,84800,84900,82700,83700,137893,11541644100,-0.2384,12713,3866,-14846,-1673,-955,-387,-1411,0,-10983,-1825,92,563
2022-10-06,83800,85000,83800,84100,137727,11582840700,0.4779,14795,521,-14510,-12074,-2929,-49,-1265,0,2565,-541,-265,-758
2022-10-07,83500,85200,83400,84500,145321,12279624500,0.4756,-11630,-1383,12993,13819,1447,-463,1097,0,-2907,121,-101,0
2022-10-11,83300,84400,81500,83500,165598,13827433000,-1.1834,-30439,37986,-5523,2118,-2050,-1961,-326,4,-3399,-2034,10,91
2022-10-12,83100,87300,82100,87200,195873,17080125600,4.4311,-65276,57690,8488,9149,1783,-571,-1398,0,419,-734,-168,-894
2022-10-13,86500,87100,83400,83500,155918,13019153000,-4.2431,22657,2973,-25993,-9732,-8534,-1088,-1096,0,-5543,334,29,0
2022-10-14,84600,85900,84100,84900,104836,8900576400,1.6766,-7895,-4669,12958,7421,-302,-299,-277,0,6414,-504,110,1
2022-10-17,84000,85300,83100,85000,75013,6376105000,0.1178,-2313,14020,-11964,-7952,-363,-694,-51,0,-2904,227,30,0
2022-10-18,86100,86700,85000,86200,66141,5701354200,1.4118,9804,-5886,-4107,-4270,-361,-3661,-14,0,4297,200,-11,-98
2022-10-19,86400,87500,85900,86200,93710,8077802000,0.0,628,8357,-8953,-17063,11558,-322,-194,0,-2932,-24,-8,0
2022-10-20,85300,85700,84600,85000,108773,9245705000,-1.3921,639,517,-1275,-1942,-25,2087,16,0,-1411,44,75,0
2022-10-21,84600,85800,84200,85500,58426,4995423000,0.5882,-17549,10774,6918,-542,0,1620,177,63,5600,-143,0,0
2022-10-24,86400,87300,85000,85200,63015,5368878000,-0.3509,-574,-7211,7825,-727,-532,2051,1740,0,5284,-79,39,9
2022-10-25,86300,86300,85000,85300,50755,4329401500,0.1174,398,-11651,10399,-1283,-300,533,480,0,11211,553,301,-242
2022-10-26,85300,86000,82300,82500,109096,9000420000,-3.2825,62962,-24595,-38844,-20253,-1839,-10775,-2397,0,-3330,517,-40,-250
2022-10-27,82800,84900,82600,84700,90787,7689658900,2.6667,-41908,39932,2092,-5923,-1097,-83,-1626,0,11611,606,-722,-790
2022-10-28,84800,86300,84700,85500,71416,6106068000,0.9445,-11423,10966,585,-2632,-1026,-739,-3315,0,7497,317,-445,800
2022-10-31,86000,86900,83900,84600,84413,7141339800,-1.0526,20033,-4459,-17132,-11757,-711,-168,-2233,-162,-2101,1408,150,0
2022-11-01,84600,86500,84000,86000,57390,4935540000,1.6548,-17327,16983,-97,-957,-1729,17,-310,-200,3082,440,1,0
2022-11-02,85500,86800,85100,86500,66625,5763062500,0.5814,-9391,8641,557,6158,212,-247,-63,0,-5504,84,109,1
2022-11-03,85400,86500,85200,85500,66473,5683441500,-1.1561,5085,20186,-25197,-6808,-1406,-3974,102,0,-13111,4,-78,0
2022-11-04,85600,88600,85400,88600,106641,9448392600,3.6257,-35331,33929,-164,872,164,-342,-50,0,-808,1819,-253,0
2022-11-07,88600,89100,87200,87500,82748,7240450000,-1.2415,22832,-23687,-2474,-4374,-617,-44,11,0,2544,3232,97,6
2022-11-08,88300,89200,87600,88600,73600,6520960000,1.2571,1651,-7085,4927,-897,-308,-151,40,0,6243,233,274,0
2022-11-09,89200,91500,88600,90000,179294,16136460000,1.5801,-41396,30681,10738,-1305,4226,2621,216,0,4971,353,-376,9
2022-11-10,89900,90100,88700,89300,88192,7875545600,-0.7778,3733,21434,-25948,-7854,259,-12407,-680,0,-5267,780,1,1
2022-11-11,92000,92800,91100,92500,141405,13079962500,3.5834,-46362,32033,14926,4777,-4490,1322,-94,0,13411,-484,-113,0
2022-11-14,92500,94100,90100,93000,108971,10134303000,0.5405,-23088,15114,8119,1057,3660,12,-312,0,3702,-99,-46,0
2022-11-15,94000,94400,93200,93600,70375,6587100000,0.6452,-5447,-2399,8324,-715,353,1706,643,0,6336,-23,-455,1
2022-11-16,94400,96900,94400,95700,177670,17003019000,2.2436,-36592,46174,-8368,-2873,-3130,41,-36,-50,-2320,-303,-911,0
2022-11-17,95600,95600,93900,94300,84837,8000129100,-1.4629,2642,-1836,-777,-1000,215,167,-30,0,-129,25,-54,0
2022-11-18,94300,94300,92100,92200,92842,8560032400,-2.2269,18006,-16522,-1819,-5032,391,2729,1538,0,-1434,215,120,-11
2022-11-21,92800,93200,90900,92000,101583,9345636000,-0.2169,10717,-6922,-4083,-8851,-501,-106,156,0,5219,283,5,0
2022-11-22,92300,92700,91200,92000,57416,5282272000,0.0,-84,-5765,5540,582,1051,1093,855,10,1949,370,-61,0
2022-11-23,92300,93200,92100,93000,91649,8523357000,1.087,1998,-1476,2657,2289,-104,-3315,-18,100,3659,-3202,23,46
2022-11-24,92900,93500,92800,93200,58539,5455834800,0.2151,276,1363,-2120,-927,-597,-2496,-27,187,1683,480,1,57
2022-11-25,93400,93400,92500,93100,33963,3161955300,-0.1073,-2378,210,1813,510,233,0,352,0,718,342,13,0
2022-11-28,92200,93000,91000,91200,68607,6256958400,-2.0408,229,2432,-1344,-50,-198,-1252,-1073,0,1229,-1074,-243,0
2022-11-29,91500,92100,90900,91900,61875,5686312500,0.7675,8736,-1755,-7048,-8474,-1844,32,-613,0,3851,57,10,0
2022-11-30,91500,92600,91100,92100,109814,10113869400,0.2176,8673,12041,-21838,-14840,-1074,2,425,0,-6351,1121,3,0
2022-12-01,92900,93900,92700,93200,78390,7305948000,1.1944,-8887,-2735,10913,1646,3070,318,-99,0,5978,716,-7,0
2022-12-02,93000,93000,91200,91300,74985,6846130500,-2.0386,29308,-19127,-10415,2476,-66,-7813,-259,0,-4753,163,71,0
2022-12-05,91400,93600,91100,92500,100827,9326497500,1.3143,517,5182,-5754,-971,-1029,-5227,-3077,0,4550,51,4,0
2022-12-06,92400,99300,92200,99100,550402,54544838200,7.1351,-223419,133581,91603,15490,28575,20141,9036,-805,19623,-789,-976,-457
2022-12-07,99100,99300,97000,98500,132595,13060607500,-0.6054,9685,-10230,314,-3904,1901,573,84,0,1659,305,-74,1
2022-12-08,98800,99100,95200,97300,207582,20197728600,-1.2183,-23425,31806,-6416,2725,2397,2601,1096,98,-15337,-2013,48,4
2022-12-09,97600,102000,97400,100000,193658,19365800000,2.7749,-39743,4313,35683,11527,5946,7837,3840,0,6534,-71,-182,-1
2022-12-12,100000,104500,99700,104500,278127,29064271500,4.5,-100065,25567,76102,9748,20980,25599,13072,0,6702,-1221,-383,1
2022-12-13,104500,104500,100500,102000,109062,11124324000,-2.3923,18032,-29178,11077,5493,2617,3403,2163,-120,-2480,138,-69,1
2022-12-14,103000,103000,101000,102000,74084,7556568000,0.0,1056,-10659,9484,-71,5763,323,278,0,3191,62,57,0
2022-12-15,102000,103000,100500,100500,90062,9051231000,-1.4706,-13714,5673,8056,-21,3912,9058,292,-170,-5111,-66,51,96
2022-12-16,99700,101000,99500,99500,105901,10537149500,-0.995,-1315,3946,-2467,-1005,104,7706,-371,-170,-8731,-96,-68,0
2022-12-19,99600,101000,98900,99900,80754,8067324600,0.402,-23727,2955,19139,199,2432,6468,3717,0,6226,1675,-42,97
2022-12-20,101000,104000,100500,101500,146662,14886193000,1.6016,-33131,15509,18648,4791,7427,-1019,1339,64,5465,-1107,81,581
2022-12-21,102500,103000,100000,100000,59328,5932800000,-1.4778,5960,-2508,-3550,-2044,-3757,-378,2,0,2627,64,34,0
2022-12-22,101500,104000,101000,104000,104107,10827128000,4.0,-50912,35055,16045,68,6076,-3954,-182,-30,14067,-120,-68,0
2022-12-23,103000,103500,101000,101500,134731,13675196500,-2.4038,-43672,54514,-4395,-10214,-1186,69,414,0,6522,-6456,9,0
2022-12-26,102500,104000,101500,103000,100590,10360770000,1.4778,-42011,27553,17597,322,5877,-292,3137,93,8460,-3128,-11,0
2022-12-27,104000,104500,102000,103500,148046,15322761000,0.4854,-38668,19098,18937,-4996,4352,-1337,1655,0,19859,624,9,-596
2022-12-28,102000,108000,101000,105500,267301,28200255500,1.9324,-44951,-3713,48782,31425,11769,3456,7075,2358,-6171,-205,87,-1130
2022-12-29,105500,107000,97900,98000,339626,33283348000,-7.109,101570,-32677,-70417,-192,-2439,-29667,-2681,118,-35740,1178,346,184
2023-01-02,98400,98900,94000,94800,171616,16269196800,-3.2653,29094,23748,-53120,-8160,-12542,-24346,-778,0,-7304,230,48,10
2023-01-03,95500,97400,93900,96500,103714,10008401000,1.7932,-15308,19113,-4213,-2921,-1371,-4,6155,0,-6116,444,-36,44
2023-01-04,96200,100000,96200,100000,107412,10741200000,3.6269,-12449,-1485,14520,4818,9836,-474,5318,0,-4977,-633,47,-1
2023-01-05,100500,104000,100000,101500,157413,15977419500,1.5,-33733,19590,13592,8019,2725,-766,2530,0,1549,460,91,-465
2023-01-06,101500,105000,100500,101500,155753,15808929500,0.0,6112,16838,-22218,-8975,-5326,-2042,-10637,0,4549,-740,8,213
2023-01-09,103000,105000,102000,104500,114351,11949679500,2.9557,-59156,24317,36683,1645,7961,6499,8923,1920,8981,-1646,-198,754
2023-01-10,103000,103000,99800,100500,191600,19255800000,-3.8278,25436,-8185,-17714,-21171,-5075,2553,1393,40,4558,340,123,-12
2023-01-11,100500,101000,99300,99700,120424,12006272800,-0.796,20865,-15160,-3758,5089,-3823,-1097,-828,-195,-2904,-1965,18,0
2023-01-12,100500,100500,98400,98600,157125,15492525000,-1.1033,27669,-691,-28225,1228,-4975,-401,3581,0,-27573,1794,-547,-85
2023-01-13,99400,101500,99400,100500,108456,10899828000,1.927,-39295,46765,-7700,-10984,-3657,-12,332,1000,5577,369,-139,44
2023-01-16,101000,104000,100500,103500,110591,11446168500,2.9851,-65630,31214,35633,15070,2037,-53,3976,0,14603,-1091,-126,0
2023-01-17,103500,104000,102000,103000,79999,8239897000,-0.4831,-15586,-4379,20013,13636,3408,-1545,3119,0,1395,-48,0,0
2023-01-18,103000,104000,102000,103000,79757,8214971000,0.0,-16901,821,16103,13100,1794,484,2803,0,-2078,14,-37,0
2023-01-19,102500,106500,102000,106000,187271,19850726000,2.9126,-95855,51552,44947,19942,4205,1721,12498,1000,5617,-542,-102,-36
2023-01-20,106000,106500,104500,105500,97580,10294690000,-0.4717,-11819,735,13144,13993,1878,786,4999,0,-8512,-2014,-46,0
2023-01-25,105100,106500,104500,106100,107073,11360445300,0.5687,1510,-17181,14823,10956,2757,-164,824,500,353,944,-96,-403
2023-01-26,106100,107300,105300,107000,102285,10944495000,0.8483,-28921,3628,26279,21700,4465,3822,186,286,-4123,-903,-83,-57
2023-01-27,106500,109500,106100,108700,163261,17746470700,1.5888,-74882,50970,31145,15516,4262,4709,1498,500,4660,-6690,-543,0
2023-01-30,108700,109100,105500,106000,103910,11014460000,-2.4839,-4298,20061,-14555,-7837,-3802,201,-631,-3279,793,-613,-595,0
2023-01-31,106000,106000,103900,104200,109465,11406253000,-1.6981,-9479,-3174,13757,5282,-1829,629,456,0,9219,-1014,-90,0
2023-02-01,104000,105100,103500,103900,78286,8133915400,-0.2879,11243,5048,-15967,-8987,-515,-2216,-104,-296,-3845,-399,75,-4
2023-02-02,104000,104700,102800,103000,95831,9870593000,-0.8662,39112,-20585,-20737,-4328,1768,-1260,-1580,-3137,-11088,270,1940,-1112
2023-02-03,103100,105700,102700,105300,98772,10400691600,2.233,-28941,27649,1472,768,2918,-5062,1316,0,1532,-167,-13,0
2023-02-06,105200,105200,102100,102100,85342,8713418200,-3.0389,39127,-21233,-19522,-577,-1176,-1305,-637,-133,-15494,117,1511,-200
2023-02-07,102100,103600,101600,103400,64158,6633937200,1.2733,-10052,4144,5894,16388,-4730,-4322,830,0,-2272,1,13,0
2023-02-08,102900,104400,102900,104100,79205,8245240500,0.677,-11876,6575,4927,1356,2601,355,-511,0,1111,308,66,15
2023-02-09,103000,104500,102900,103000,64608,6654624000,-1.0567,5832,19915,-25456,-1008,-5536,-227,-7492,-2500,-8592,-79,-212,-101
2023-02-10,102300,104000,101800,103100,55981,5771641100,0.0971,82,15301,-15020,521,-3077,-643,-1520,0,-10300,-547,184,-1
2023-02-13,102300,103200,101600,102500,75991,7789077500,-0.582,5914,9765,-16140,-5921,-6237,-528,-1901,-1000,-615,211,250,62
2023-02-14,103300,110000,102700,110000,336450,37009500000,7.3171,-148612,125011,25797,-78,276,12420,4242,0,8938,-1908,-288,-1
2023-02-15,110600,116400,110200,115500,525939,60745954500,5.0,-200133,183961,33556,21260,12590,4278,4264,639,-10198,-16052,-1332,723
2023-02-16,115600,117800,115500,116900,276193,32286961700,1.2121,-72766,49005,31718,17193,-246,5019,-292,223,9291,-4663,-3294,530
2023-02-17,115700,117300,114900,115700,101774,11775251800,-1.0265,-11042,19692,-7865,-3121,285,-4325,-929,0,211,-349,-436,14
2023-02-20,115900,117000,115000,115700,91365,10570930500,0.0,-15130,-1044,16351,3116,7400,11,1552,0,4201,-192,15,71
2023-02-21,116300,119400,115600,119000,190760,22700440000,2.8522,-58920,12765,44705,18968,8785,15758,5673,277,-5355,1183,267,599
2023-02-22,118600,119600,117600,118100,110045,12996314500,-0.7563,-16126,12614,3747,2554,-109,1635,8141,30,-8596,21,-256,92
2023-02-23,119700,119900,115600,117600,111422,13103227200,-0.4234,-23330,9596,15916,6457,5645,-2155,2713,0,3341,-2175,-7,-85
2023-02-24,116500,118200,114900,116300,72804,8467105200,-1.1054,-3578,13449,-10441,2680,-5230,-6687,-14,0,-1285,705,-135,95
2023-02-27,114700,114900,112300,113300,87405,9902986500,-2.5795,2127,6715,-8626,-565,-2610,-4732,2659,0,-3342,-208,-8,-36
2023-02-28,114800,114800,112000,112000,104526,11706912000,-1.1474,7385,-5132,-1838,2776,-3858,-276,-4228,-90,3476,-382,-33,362
2023-03-02,112000,116400,111800,114500,159363,18247063500,2.2321,-30846,-33374,64173,44941,16153,-1921,9552,80,-4723,68,-21,91
2023-03-03,114300,118400,114300,116800,115193,13454542400,2.0087,-22113,-31371,53998,36930,11268,422,10250,0,-4901,-506,-8,29
2023-03-06,116800,117900,115200,115700,137778,15940914600,-0.9418,-8115,-13572,22304,12894,4295,431,-2436,0,7275,-658,41,-155
2023-03-07,115900,116900,114500,115400,78943,9110022200,-0.2593,-4926,5744,490,7507,-1627,-46,-1986,45,-3411,-1312,4,8
2023-03-08,114000,116000,113600,115000,119238,13712370000,-0.3466,-10487,13212,-2798,17143,-1585,200,-4595,0,-13966,64,9,5
2023-03-09,115800,117600,115100,115500,249351,28800040500,0.4348,-21372,-24611,46161,42306,1101,-5208,-3983,0,12116,-101,-77,-171
2023-03-10,115000,117100,113300,116400,164211,19114160400,0.7792,-15951,-13072,32502,38763,1255,-1433,711,0,-6848,-3441,-38,54
2023-03-13,117000,117900,113200,114500,134955,15452347500,-1.6323,-17863,-11900,28990,31477,-74,-628,-118,0,-1666,775,-2,-1
2023-03-14,113100,114000,110300,110400,100395,11083608000,-3.5808,-2042,-26725,28300,28905,-831,-3237,2895,0,233,467,0,335
2023-03-15,110600,111300,108000,108400,179559,19464195600,-1.8116,8136,14698,-24304,-24768,629,-362,524,-122,-265,1404,66,60
2023-03-16,107100,108700,104700,105900,137767,14589525300,-2.3063,9757,3976,-15520,624,-4267,-7831,-605,0,-3488,1608,179,47
2023-03-17,106500,106800,104400,105000,88766,9320430000,-0.8499,13444,5769,-20226,-7317,-5422,-90,-4117,0,-3295,971,42,15
2023-03-20,105600,107400,105200,106000,64284,6814104000,0.9524,-6105,12908,-7050,2728,-2595,-8315,-1067,0,2196,144,103,3
2023-03-21,106200,106700,105000,106300,61461,6533304300,0.283,-2482,554,1856,3809,304,-3121,89,-85,803,59,13,57
2023-03-22,107100,107800,106300,106700,62483,6666936100,0.3763,-547,966,-376,1181,-772,-195,-713,79,32,-43,0,12
2023-03-23,107000,107000,104100,106000,128876,13660856000,-0.656,24999,-17482,-8567,-16216,-980,-2271,-1219,0,12119,1106,-56,0
2023-03-24,105100,105900,102600,103000,118798,12236194000,-2.8302,50976,-20463,-30781,-7112,-11859,1296,-8530,-50,-4584,232,36,58
2023-03-27,103900,104100,102500,102800,68448,7036454400,-0.1942,-2667,8286,-5542,-1278,-3901,-227,-431,-74,449,-30,-47,-80
2023-03-28,103100,104000,102800,103800,59089,6133438200,0.9728,-4392,10396,-6187,-2960,-2948,-548,-5541,-26,6142,157,26,-306
2023-03-29,103000,104800,103000,104200,62128,6473737600,0.3854,-10125,9204,1080,-2558,346,-164,1145,0,2311,-283,124,0
2023-03-30,103700,105900,103000,104700,112844,11814766800,0.4798,-8012,2582,5409,1704,-8604,7001,-1722,9551,-2521,-3,24,0
2023-03-31,105500,107000,105100,105600,83642,8832595200,0.8596,-6054,-10584,17575,-1797,437,1837,-1076,14326,3848,-945,8,0
2023-04-03,105800,106600,103300,104000,99277,10324808000,-1.5152,30350,-6049,-24405,-10545,-4447,177,-1522,0,-8068,-116,220,0
2023-04-04,104800,105200,103400,104500,74523,7787653500,0.4808,-2658,19946,-17442,-8687,-924,313,-12338,0,3859,3,151,335
2023-04-05,105200,106200,103200,104000,138432,14396928000,-0.4785,34788,-8104,-26904,-8611,-8899,-5063,-2839,-160,-1332,100,120,0
2023-04-06,104400,105200,103500,103800,96369,10003102200,-0.1923,-1918,13643,-11731,-1376,3257,504,-940,-90,-13086,0,6,0
2023-04-07,103900,103900,101100,101400,165235,16754829000,-2.3121,71409,-35081,-37660,-24606,-6084,-1881,-1602,-673,-2378,1382,-50,-436
2023-04-10,101400,101500,100100,101000,72499,7322399000,-0.3945,7661,11036,-17290,-2770,-178,-13368,-3098,-180,2338,-1483,76,-34
2023-04-11,100300,102100,100300,101500,69773,7081959500,0.495,-12933,8640,4914,-4630,-1672,8170,-1860,0,4950,-622,1,-44
2023-04-12,101500,102500,100700,100800,120784,12175027200,-0.6897,25098,-2367,-23165,-15532,-3813,10402,-8268,0,-5963,364,70,9
2023-04-13,100800,101500,100300,100900,63679,6425211100,0.0992,2466,-12015,9651,-585,-584,657,664,0,9499,-154,52,0
2023-04-14,101200,101500,100500,100700,82062,8263643400,-0.1982,18585,1315,-20423,-20278,-777,-239,-3573,-175,4604,637,-114,15
2023-04-17,101000,101000,99600,100000,92876,9287600000,-0.6951,33509,247,-34504,-18941,-3693,-3762,-1487,-261,-6370,617,131,10
2023-04-18,99900,101100,99800,100500,79775,8017387500,0.5,-3255,29038,-26251,-9448,-2447,-287,-5514,-308,-8729,238,230,482
2023-04-19,100700,101100,99900,100000,77572,7757200000,-0.4975,20443,-4856,-16065,-7569,-4284,-1795,-2370,-419,372,448,30,0
2023-04-20,100300,100400,98500,99200,195193,19363145600,-0.8,31769,12803,-45429,-28353,-1859,-8463,-4425,0,-2329,831,26,0
2023-04-21,99200,99500,98200,98800,113231,11187222800,-0.4032,-7491,2598,2106,82,-1917,753,-283,65,3811,2430,357,-405
2023-04-24,98900,99600,98000,98300,58814,5781416200,-0.5061,13259,-16881,2753,-201,279,-197,-15,51,2833,456,413,3
2023-04-25,98200,98400,97100,98100,65180,6394158000,-0.2035,852,3255,-4742,334,-1528,-7791,104,20,4110,365,270,9
2023-04-26,97300,98500,97100,98400,71893,7074271200,0.3058,-6435,26415,-20219,-5132,-4194,-109,-113,20,-10691,238,1,0
2023-04-27,97500,98000,96100,96900,79306,7684751400,-1.5244,24151,5195,-29697,-17689,-1422,-767,99,16,-9934,203,148,0
2023-04-28,96500,97800,96200,97600,42466,4144681600,0.7224,-4809,11125,-6399,-154,-101,1159,-17,23,-7309,216,-133,0
2023-05-02,97000,98700,97000,98400,49757,4896088800,0.8197,-5100,2508,2156,2092,-4891,1043,269,0,3642,337,99,1
2023-05-03,97800,98800,97100,97400,128224,12489017600,-1.0163,11280,-824,-10850,-2028,-5636,2361,-1180,0,-4293,524,-130,-74
2023-05-04,97400,97800,96500,97700,46267,4520285900,0.308,2816,10168,-12869,-2517,-5045,309,-3595,0,-2021,-136,21,0
2023-05-08,97300,99200,96400,99200,71727,7115318400,1.5353,-14662,10428,4183,451,-4448,-31,812,0,7239,25,26,160
2023-05-09,99100,99300,97700,99200,86431,8573955200,0.0,-447,1164,-662,125,701,-25,-47,0,-1421,-27,-28,5
2023-05-10,99000,99900,98200,99100,73971,7330526100,-0.1008,-4812,6566,-1854,-656,135,699,-128,0,-1774,24,76,-130
2023-05-11,99100,99500,89300,90200,504882,45540356400,-8.9808,323483,-189267,-133192,-50382,-27732,-9489,-26978,0,-17290,-1814,790,-1321
2023-05-12,89900,89900,86000,86300,502722,43384908600,-4.3237,334577,-278186,-61365,-35292,-5982,-3572,-11133,0,-4874,4248,726,-512
2023-05-15,86400,87600,86400,87200,146949,12813952800,1.0429,8217,-5211,-2136,-4287,1677,-3235,-22,0,3731,-656,-214,0
2023-05-16,87200,87500,86500,86600,109590,9490494000,-0.6881,26703,-26999,-340,1484,1115,-59,-1472,0,-1417,665,-29,9
2023-05-17,87100,87200,86400,86600,89597,7759100200,0.0,45299,-44251,-1671,12,-992,-153,-137,0,-829,285,338,428
2023-05-18,87100,87500,86600,86900,76932,6685390800,0.3464,15798,-10803,-4424,-4792,-312,132,29,0,518,-608,37,1
2023-05-19,86900,88200,86800,88200,131947,11637725400,1.496,-51287,24378,29480,-486,-1,9656,-243,0,20554,-2104,-467,0
2023-05-22,87900,88100,86900,87700,158854,13931495800,-0.5669,4468,-1812,-2639,-13221,-24,2949,-7183,-313,15220,63,-80,-67
2023-05-23,87800,88100,87200,87500,75548,6610450000,-0.2281,6509,-11162,4629,0,-195,-228,-403,0,5455,-229,253,0
2023-05-24,87300,87800,87000,87500,70439,6163412500,0.0,3003,286,-3165,1370,-125,-2813,-694,0,-779,-71,-53,-124
2023-05-25,87200,87700,86500,86500,101608,8789092000,-1.1429,45106,-30237,-12216,-2549,-130,-648,-5,0,-8884,-2794,141,0
2023-05-26,86600,86800,85700,85900,92126,7913623400,-0.6936,47065,-16415,-30189,-10492,-2090,-2306,-8942,0,-6359,-649,188,0
2023-05-30,86500,86500,84500,84600,120637,10205890200,-1.5134,56233,-37776,-17213,-15597,2031,-2788,-401,0,-418,-1485,241,-40
2023-05-31,84500,85700,84200,84300,245646,20707957800,-0.3546,33976,-30041,-4203,-2277,-1318,-203,-107,0,-368,123,145,70
2023-06-01,84500,85200,83600,83800,136687,11454370600,-0.5931,55083,-12666,-42710,-31916,210,-3107,-588,0,-7312,224,69,3
2023-06-02,84100,84200,83500,83600,96399,8058956400,-0.2387,50349,-33185,-18400,-16011,-1055,-1800,-587,0,1157,1160,76,-104
2023-06-05,83800,85000,83700,83800,112788,9451634400,0.2392,42438,-31591,-9768,-11755,-43,-693,-15,0,2738,-982,-97,0
2023-06-07,83800,84400,83500,83500,147548,12320258000,-0.358,45402,-42471,-6482,-15307,192,2695,-134,0,6072,2990,561,0
2023-06-08,83500,83600,82100,82200,207168,17029209600,-1.5569,100158,-71179,-27869,-15297,1838,-617,524,0,-14020,-1969,859,-297
2023-06-09,82300,83100,82000,82100,197885,16246358500,-0.1217,94647,-59490,-32364,-36212,940,-1064,615,0,3438,-2772,-21,-81
2023-06-12,82400,83000,80200,81300,289386,23527081800,-0.9744,86542,-51804,-35276,-42090,984,12,3181,0,2636,254,284,1
2023-06-13,81400,82500,80500,80600,224250,18074550000,-0.861,83141,-71212,-14101,-24579,2639,1035,89,0,6716,1862,310,-1
2023-06-14,80800,81200,80400,81200,260628,21162993600,0.7444,26551,6613,-33581,-45837,4231,7581,-791,0,1235,610,-193,0
2023-06-15,81300,82200,80500,81000,244656,19817136000,-0.2463,22523,-5971,-18827,-24194,312,4008,-40,0,1086,2064,211,1
2023-06-16,81100,81800,80900,81300,168339,13685960700,0.3704,12629,12923,-24148,-19692,637,1147,14,0,-6064,-1414,10,-190
2023-06-19,81300,83100,81300,82300,156950,12916985000,1.23,1259,-4315,3501,-732,232,-602,1593,0,3011,-106,-339,-1
2023-06-20,82400,82500,81400,82100,131424,10789910400,-0.243,40006,-16197,-23253,-18789,-2145,-1456,-871,0,8,3,-559,0
2023-06-21,81900,81900,79500,80500,251494,20245267000,-1.9488,14073,16774,-32068,-28081,-1920,-193,-367,0,-1507,1170,51,0
2023-06-22,80600,80800,79100,79800,151801,12113719800,-0.8696,23778,-3842,-21094,-20915,-885,-130,233,0,603,1154,4,0
2023-06-23,79900,79900,78100,78400,166264,13035097600,-1.7544,62380,-15753,-48766,-13343,1,-1257,-425,-23877,-9866,2047,92,1
2023-06-26,78200,79100,76700,78100,129393,10105593300,-0.3827,-2586,-5569,7819,-17037,-624,1080,-184,19405,5197,191,145,-18
2023-06-27,78100,78700,77700,78400,87324,6846201600,0.3841,15113,-1439,-14723,-12421,63,-103,583,0,-2844,816,233,-1
2023-06-28,78600,79100,77800,77900,77297,6021436300,-0.6378,28267,-13380,-15050,-14498,37,-111,84,0,-562,111,52,0
2023-06-29,77600,77900,76100,76200,181836,13855903200,-2.1823,67851,-35511,-33119,-20087,-6337,-166,-20,0,-6510,726,53,1
2023-06-30,76400,77100,75800,76900,158343,12176576700,0.9186,4864,5372,-11010,-15317,3844,-186,562,0,1009,754,20,-922
2023-07-03,77300,78800,77300,77900,80895,6301720500,1.3004,4075,-8135,4349,-6468,-187,-1254,-2320,0,14578,-784,495,0
2023-07-04,77900,78000,76100,76300,118774,9062456200,-2.0539,71419,-42104,-30152,-24333,524,-5279,273,0,-2128,751,86,791
2023-07-05,76700,77200,75600,75600,93725,7085610000,-0.9174,40976,-26285,-14852,-3441,-135,1006,-1294,0,-10988,162,-1,0
2023-07-06,75700,76000,74500,75000,152873,11465475000,-0.7937,20745,-6345,-15290,4192,-8440,325,-1913,-2,-9452,1226,-336,0
2023-07-07,74300,75200,73800,75200,118806,8934211200,0.2667,8280,14230,-22312,-7195,-2126,-1430,-394,0,-10921,-48,-150,-246
2023-07-10,74700,77200,74600,77100,147258,11353591800,2.5266,-37820,29792,7035,-1877,4823,353,1566,0,1862,1138,-145,308
2023-07-11,77200,77400,76000,77400,117457,9091171800,0.3891,4827,5298,-8266,-8414,408,-1721,-40,0,1501,-1994,135,0
2023-07-12,77400,77700,76600,77400,159177,12320299800,0.0,20095,-1637,-20027,-15465,-428,-571,-250,0,-3313,1478,91,0
2023-07-13,77600,78800,77200,78300,152915,11973244500,1.1628,-5423,1604,3383,-7748,270,127,-3502,0,14237,147,289,-1
2023-07-14,78500,79200,78300,79000,144133,11386507000,0.894,1970,-5964,4696,-6173,-373,564,-3298,0,13976,-262,-440,0
2023-07-17,78300,78700,78000,78300,81882,6411360600,-0.8861,6627,-452,-6228,-4345,-1521,-632,-441,0,711,33,20,0
2023-07-18,78600,79000,76300,76400,180665,13802806000,-2.4266,50128,1550,-52085,-40363,-2549,-7499,1002,-85,-2592,169,238,1
2023-07-19,76400,79200,76400,78400,199877,15670356800,2.6178,-58608,60851,-2652,3000,-762,59,60,0,-5009,339,70,0
2023-07-20,79000,79100,77600,78200,106365,8317743000,-0.2551,9754,3447,-12973,-3249,365,-460,-5000,0,-4629,-303,75,0
2023-07-21,77500,78000,76600,77100,116548,8985850800,-1.4066,31629,-20257,-11065,-2880,-1573,38,-391,0,-6178,-151,-156,-81
2023-07-24,77100,77100,75500,75600,114825,8680770000,-1.9455,20432,2017,-22764,-13129,-995,-3514,-347,0,-4328,332,-17,-451
2023-07-25,75400,75600,74700,74800,134562,10065237600,-1.0582,11265,-4232,-7696,-6207,-2089,-526,-169,0,1310,754,-91,-15
2023-07-26,74900,75100,71900,72800,203048,14781894400,-2.6738,26534,-25445,-1244,-2929,-441,1531,-5,0,600,357,-202,0
2023-07-27,72300,76900,72300,76900,231160,17776204000,5.6319,-58602,45054,14530,5138,-2079,1003,-1992,0,12459,-1027,45,1
2023-07-28,75700,76000,75000,75500,83680,6317840000,-1.8205,19319,-2916,-16374,-9721,-201,10,-614,0,-5848,-45,16,0
2023-07-31,75500,76000,75200,75700,62939,4764482300,0.2649,2242,3444,-5730,-2581,375,63,271,0,-3158,-8,52,-700
2023-08-01,75300,77500,75000,77400,138842,10746370800,2.2457,-11420,15668,-3612,-6991,-3123,684,-1235,0,7053,-663,27,0
2023-08-02,77000,77300,76000,76600,92357,7074546200,-1.0336,24225,-7774,-15446,-9735,-92,713,172,0,-6692,-1018,13,188
2023-08-03,76600,76700,75400,76000,78525,5967900000,-0.7833,9697,1884,-11995,-1327,-980,-23,-210,-3,-9452,888,-474,0
2023-08-04,76000,79200,76000,78500,193358,15178603000,3.2895,-66555,30499,37767,20830,13672,5601,-210,0,-2382,-1656,-55,256
2023-08-07,78100,79700,77300,79300,149110,11824423000,1.0191,-27943,-4981,31206,8877,23288,1556,162,0,-2677,1716,2,0
2023-08-08,79700,80800,79100,80000,218606,17488480000,0.8827,-70296,52261,18966,7287,3716,11137,221,0,-3394,-926,-5,-1
2023-08-09,80000,81000,79100,81000,129654,10501974000,1.25,-32041,37708,-4282,-1200,1456,-275,22,0,-4085,-1051,-334,-200
2023-08-10,80900,82500,80600,82500,193692,15979590000,1.8519,-67412,43076,24739,14171,10363,23,740,0,-527,-264,-139,-31
2023-08-11,81700,82600,79700,79800,180508,14404538400,-3.2727,5691,-2340,-3454,1410,-1965,-834,-2137,0,71,47,56,1
2023-08-14,79900,80600,77300,77700,157065,12203950500,-2.6316,29771,5577,-34719,-1218,-4387,-11370,-1376,-4,-16365,61,-690,1
2023-08-16,77100,77100,73500,73500,293905,21602017500,-5.4054,144840,-135357,-10433,-46,-4993,-1691,-1918,0,-1785,703,247,0
2023-08-17,73500,73600,71400,71700,223768,16044165600,-2.449,119126,-121598,2448,314,1261,329,170,0,335,-597,621,39
2023-08-18,71300,72200,71000,71100,168687,11993645700,-0.8368,61382,-58228,-3433,105,26,-616,-585,0,-2363,444,-165,0
2023-08-21,71200,73400,71200,72300,106672,7712385600,1.6878,-21969,16281,5458,158,-5,50,-71,0,5326,251,-21,0
2023-08-22,72400,73700,72000,72700,90371,6569971700,0.5533,-9904,11964,-2086,-2715,-567,73,2568,0,-1505,29,-3,60
2023-08-23,72700,74000,72500,73200,115085,8424222000,0.6878,-10471,1935,-2345,-414,-93,-139,0,0,-1699,10926,-45,0
2023-08-24,72900,73200,72000,72200,130144,9396396800,-1.3661,32726,-36388,866,-1660,-424,17,-2107,0,5040,2344,452,0
2023-08-25,71600,72900,71600,72900,163517,11920389300,0.9695,-958,599,385,-26,-1329,1066,-1,0,675,4,-30,0
2023-08-28,73500,74200,73000,73800,143164,10565503200,1.2346,674,-6218,4252,0,1561,530,-11,0,2172,1204,88,0
2023-08-29,73800,74700,72800,74200,128537,9537445400,0.542,3420,-694,-2777,-2031,33,20,31,0,-830,15,36,0
2023-08-30,74000,74800,72800,73200,215804,15796852800,-1.3477,43858,-37340,-6559,-163,-1647,-338,713,0,-5124,24,17,0
2023-08-31,73300,74700,73000,73800,1861606,137386522800,0.8197,-17656,25990,-8954,1538,-19387,-5332,4502,0,9725,610,10,0
2023-09-01,73400,74600,73000,73100,133291,9743572100,-0.9485,35864,-17824,-18233,-15000,-2748,53,-59,0,-479,122,71,0
2023-09-04,73100,74000,72000,74000,129194,9560356000,1.2312,-3966,-1621,5931,2614,-168,333,-57,0,3505,-288,-56,-296
2023-09-05,73400,74400,72600,72600,109325,7936995000,-1.8919,62640,-47185,-16643,-8335,-810,0,-24,0,-7474,1023,165,0
2023-09-06,72700,73200,72200,72400,72077,5218374800,-0.2755,32199,-15962,-16310,-3314,-139,52,-616,0,-12293,18,55,0
2023-09-07,72200,72300,71500,71500,98666,7054619000,-1.2431,40249,-36128,-4776,-114,-1629,-1207,-270,0,-1556,563,92,0
2023-09-08,71500,72400,71500,72400,72648,5259715200,1.2587,-12755,2096,9596,2244,1952,115,25,0,5260,1099,-36,0
2023-09-11,72400,72400,71600,71900,91372,6569646800,-0.6906,42932,-42445,-2695,-891,21,90,-25,-3,-1887,1727,481,0
2023-09-12,72100,72300,70800,71000,158465,11251015000,-1.2517,91444,-85861,-7002,-3969,95,-675,-422,0,-2031,1035,384,0
2023-09-13,70800,71400,70100,71200,124615,8872588000,0.2817,11172,-21582,10441,7053,226,175,275,0,2712,-15,-16,0
2023-09-14,71500,71900,71300,71700,100869,7232307300,0.7022,-3468,-23778,27203,16098,295,781,-43,0,10072,51,-8,0
2023-09-15,71900,73300,71300,73300,177811,13033546300,2.2315,-72406,41550,31751,9583,3459,881,178,0,17716,-818,-77,-66
2023-09-18,72800,73200,72200,72800,86825,6320860000,-0.6821,20472,-34224,13262,8107,5699,363,1472,0,-2379,402,88,0
2023-09-19,73100,74000,72600,73500,112660,8280510000,0.9615,-38466,4120,34826,32986,809,1379,1600,0,-1948,-417,-63,0
2023-09-20,73800,74000,72800,73300,117306,8598529800,-0.2721,10211,-10686,-871,2393,-46,-189,-511,0,-2518,646,700,0
2023-09-21,72800,73600,72200,72200,84594,6107686800,-1.5007,830,-2883,1934,14510,336,1069,433,0,-14414,6,113,0
2023-09-22,71700,71700,70500,70900,103874,7364666600,-1.8006,58051,-55629,-2584,871,-25,-4566,1295,0,-174,-24,186,15
2023-09-25,71100,72600,70900,71500,92241,6595231500,0.8463,-22256,6655,15492,172,-209,3939,289,0,11301,123,-14,0
2023-09-26,71600,71800,70200,70400,104531,7358982400,-1.5385,50248,-40718,-11998,2980,-385,-5875,605,0,-9323,2386,82,0
2023-09-27,70200,71000,70000,70400,65863,4636755200,0.0,14007,-13013,-1451,1884,-210,-499,282,0,-2919,421,36,11
2023-10-04,70100,70200,68500,68600,154274,10583196400,-2.5568,36691,-40575,-8753,0,-206,-549,-16,0,-7982,5205,7432,0
2023-10-05,68900,70500,68800,69700,109398,7625040600,1.6035,-11717,-11974,23575,22320,-254,-348,4086,0,-2316,136,-20,87
2023-10-06,70300,70500,69500,69700,58546,4080656200,0.0,3833,-26802,21737,16829,461,-2102,2202,1000,3347,711,521,0
2023-10-10,71000,71500,69800,70400,125969,8868217600,1.0043,-32215,-11306,43294,17377,473,3251,816,2000,18877,241,-14,500
2023-10-11,70600,71300,69700,70100,112357,7876225700,-0.4261,23491,-41925,18265,6657,-61,37,631,0,11001,16,153,0
2023-10-12,70700,71700,70400,71600,125231,8966539600,2.1398,-14826,2003,12822,6741,-815,-3812,32,0,10676,129,-128,0
2023-10-13,70700,71600,70700,71300,44376,3164008800,-0.419,-3484,8524,-4669,-246,-195,-22,1755,2000,-7961,-412,41,0
2023-10-16,71100,71200,68000,68600,265789,18233125400,-3.7868,185286,-168535,-18906,11161,823,-26869,1071,1500,-6592,1570,585,0
2023-10-17,69000,70900,68900,70000,144575,10120250000,2.0408,-78657,42490,36458,12551,6876,3783,2871,1500,8877,-104,-187,0
2023-10-18,70000,72400,70000,72100,178313,12856367300,3.0,-97231,40929,57060,28465,18186,9059,1617,2000,-2267,-240,-518,0
2023-10-19,71300,72200,70600,71900,108742,7818549800,-0.2774,-9689,-19132,29315,21478,3645,1776,291,0,2125,-439,-55,0
2023-10-20,71500,72300,70100,70900,68621,4865228900,-1.3908,-1725,-9445,10681,15359,138,-1651,-2,0,-3163,316,173,0
2023-10-23,70900,71500,70200,70900,64440,4568796000,0.0,-16039,-10607,26838,11027,-66,171,5825,0,8656,215,-407,1225
2023-10-24,71400,73200,71300,72700,123457,8975323900,2.5388,-55456,1166,53892,35990,5781,5821,6479,0,-979,199,199,800
2023-10-25,72700,74400,72000,74100,111856,8288529600,1.9257,-53914,30408,24080,13415,6926,2364,3897,0,-2522,-284,-290,0
2023-10-26,73800,73800,72200,72800,80389,5852319200,-1.7544,-14462,-10885,24579,17233,59,1464,-19,4087,1755,809,-41,0
2023-10-27,73500,73800,72100,72300,66624,4816915200,-0.6868,-6071,-2875,8429,6942,20,-18,967,-58,577,886,-369,-1
2023-10-30,72500,73000,71600,72700,53385,3881089500,0.5533,-12176,4879,7268,6645,-407,-204,980,0,254,96,-67,0
2023-10-31,73500,74500,72400,72700,82606,6005456200,0.0,-14208,6111,8408,13153,-2,-61,-271,0,-4411,-259,-52,0
2023-11-01,73100,74500,72700,74300,89604,6657577200,2.2008,-28345,-12559,41175,20157,13872,93,6584,-111,580,-451,180,0
2023-11-02,74600,74600,73200,73500,73050,5369175000,-1.0767,5563,-17980,12536,3816,6356,141,1608,-55,1538,-41,-78,-868
2023-11-03,74000,74000,73000,73500,66059,4855336500,0.0,-6158,-9403,15557,4552,3829,-1718,-489,0,9428,27,-23,-45
2023-11-06,74300,74900,73700,74800,112626,8424424800,1.7687,-3355,-14381,17613,-413,7501,4836,-70,0,5808,174,-51,-49
2023-11-07,74500,75500,73700,75100,82935,6228418500,0.4011,-6565,-1708,8855,5134,1556,7373,872,0,-6018,-697,115,-62
2023-11-08,75700,80800,75200,80700,548054,44227957800,7.4567,-283656,93898,200935,59593,54526,27986,24923,-2000,35765,-9936,-1241,142
2023-11-09,79400,80900,78700,79800,146160,11663568000,-1.1152,-28523,-8289,43524,16193,6493,2447,20541,0,-1915,-6508,-204,-235
2023-11-10,78900,79800,77600,78500,71946,5647761000,-1.6291,3100,-10973,11057,468,2476,-1100,7347,0,1882,-2544,-640,-16
2023-11-13,79000,79000,77200,77700,76939,5978160300,-1.0191,7690,-12790,10094,20700,-2539,-8160,445,0,-352,-4996,2,0
2023-11-14,78200,78200,75200,76500,181321,13871056500,-1.5444,16728,-13783,-203,13170,-7085,-8626,2547,-2000,1790,-2707,-35,1
2023-11-15,77400,77600,75300,76700,134164,10290378800,0.2614,10738,-21895,11297,4795,-10934,-1944,1027,0,18671,-219,79,-318
2023-11-16,77100,78300,76500,78000,116990,9125220000,1.6949,-2095,-29024,31743,20564,3312,2881,1707,0,3757,-573,-51,-478
2023-11-17,77700,77800,76300,76500,92108,7046262000,-1.9231,41277,-41851,65,9699,2522,-8778,-130,0,-3247,508,1,-1
2023-11-20,76200,77100,75000,76900,91506,7036811400,0.5229,-5594,-22247,27087,19055,-80,74,2248,-1000,6025,774,-20,765
2023-11-21,77800,78400,77000,77200,77033,5946947600,0.3901,11289,-24005,11327,11240,729,185,444,-2000,729,1321,68,0
2023-11-22,76700,77800,76700,77500,97653,7568107500,0.3886,-2681,1888,1669,3137,1339,947,-45,0,-3709,-895,19,0
2023-11-23,77500,78100,77100,77500,52378,4059295000,0.0,502,3090,-4540,-6286,2025,659,-22,0,-916,237,711,0
2023-11-24,77900,78200,76900,77900,57524,4481119600,0.5161,-5285,-4557,9225,179,1901,-175,7427,170,-277,19,598,0
2023-11-27,78200,79900,78000,79200,117325,9292140000,1.6688,-24965,-13935,39211,13975,10534,5993,3878,0,4832,-641,330,-1
2023-11-28,79800,79900,77400,78000,90822,7084116000,-1.5152,23384,-24009,3749,235,-1500,-2998,173,0,7837,-2752,-372,2
2023-11-29,77500,77700,75800,76000,133984,10182784000,-2.5641,66238,-41134,-27006,-15013,-666,-246,-2440,0,-8642,1827,75,1
2023-11-30,76000,76300,75000,75800,124939,9470376200,-0.2632,21845,5432,-33326,-10548,-6012,-999,-13896,0,-1872,5985,64,1
2023-12-01,75800,76300,75300,75300,45979,3462218700,-0.6596,9797,-365,-9509,-8828,4453,-179,2515,0,-7470,18,59,0
2023-12-04,75300,75800,74400,74900,88765,6648498500,-0.5312,14934,-2825,-12071,-6049,-6273,153,-247,0,344,-351,313,1
2023-12-05,74600,75300,74300,74900,60631,4541261900,0.0,3737,7437,-12873,883,-5746,-563,53,-3000,-4500,1731,-32,0
2023-12-06,74900,75200,74300,75000,43248,3243600000,0.1335,5326,-15621,8711,5252,-33,248,-625,0,3869,1471,113,0
2023-12-07,74500,74600,73700,73700,97098,7156122600,-1.7333,54616,-39647,-18708,-5101,-5522,-151,-234,0,-7701,3535,204,1
2023-12-08,73700,74300,73000,73400,95018,6974321200,-0.4071,38213,-23090,-18502,3586,-13491,-2316,-7658,0,1377,3070,309,0
2023-12-11,73300,73800,73100,73600,42770,3147872000,0.2725,1389,-9155,7506,6679,-106,-1580,-704,0,3217,402,-142,0
2023-12-12,74200,74300,73300,73700,70046,5162390200,0.1359,8199,-20086,12378,3064,-2120,-1306,899,0,11840,-513,22,1
2023-12-13,73700,73800,72800,73000,75654,5522742000,-0.9498,33668,-27595,-6915,6186,-1759,-3780,-7255,0,-307,677,165,0
2023-12-14,73500,73600,72700,73200,118840,8699088000,0.274,10322,-15228,5092,9856,3018,1140,-790,0,-8274,-286,100,142
2023-12-15,73100,73900,73000,73400,72019,5286194600,0.2732,-6250,-339,6125,2696,-1991,1187,-200,0,4298,12,452,135
2023-12-18,73000,73500,72800,73200,53820,3939624000,-0.2725,7319,-8922,1803,8689,-455,163,-2000,0,-4578,-7,-193,-16
2023-12-19,73600,76300,73500,75900,230091,17463906900,3.6885,-103583,57462,48127,34652,4681,3502,2205,0,2257,-1335,-671,830
2023-12-20,76000,77600,75700,77600,167384,12988998400,2.2398,-91626,15771,74176,42316,5808,1596,6395,0,18104,1660,19,-43
2023-12-21,77100,77200,76400,77000,61740,4753980000,-0.7732,-11162,183,11152,2791,2516,1937,-18,0,3925,-211,38,1
2023-12-22,77100,77400,76500,77100,54125,4173037500,0.1299,-8620,7916,4105,319,47,-2539,213,0,5200,-516,-2885,865
2023-12-26,77800,78600,76800,77900,115527,8999553300,1.0376,-46499,29978,26470,8491,1032,5424,-1159,0,12605,-5239,-4710,77
2023-12-27,77200,77900,76100,76300,67508,5150860400,-2.0539,17965,-21845,4115,3376,219,-876,1386,0,-162,1,-236,172
2023-12-28,76700,76800,75900,76600,72595,5560777000,0.3932,11742,-13950,2669,2581,-6688,-5639,213,0,12053,-462,1,149
2024-01-02,76000,76200,74500,75000,125146,9385950000,-2.0888,47494,-34034,-14746,-7443,1563,-690,-3508,0,-4639,1124,162,-29
2024-01-03,74600,75200,73700,73700,93597,6898098900,-1.7333,46901,-16765,-30397,3962,-18337,-515,248,0,-15754,243,18,-1
2024-01-04,73500,74000,71200,71300,202900,14466770000,-3.2564,135424,-66497,-68880,-29695,-20140,-904,-5615,42,-11679,-1359,1312,-889
2024-01-05,71300,72300,71100,71400,75012,5355856800,0.1403,25302,-9268,-16868,-7390,-4421,-334,-855,0,-3868,519,315,0
2024-01-08,71000,71900,70300,70400,107818,7590387200,-1.4006,63839,-38887,-30710,-16419,-519,-236,-3104,0,-9516,5604,154,-916
2024-01-09,71000,71100,70300,70400,90135,6345504000,0.0,33492,-26618,-8962,-12749,371,0,-2661,0,6077,1989,99,0
2024-01-10,70300,70700,69300,69500,150301,10445919500,-1.2784,89156,-30417,-60134,-47683,-149,-442,-5973,0,-4971,898,497,-916
2024-01-11,69700,70300,68700,69000,172768,11920992000,-0.7194,75706,-17367,-62447,-47025,-1099,-20,-4544,42,-8370,1290,2818,-1431
2024-01-12,69100,69400,68600,68800,84929,5843115200,-0.2899,53874,-34893,-20265,-13203,-1322,-640,-2751,28,-2377,-183,1467,0
2024-01-15,69000,69500,68800,69200,43497,3009992400,0.5814,16651,-6000,-10599,-12213,2301,99,-201,0,-585,-288,236,0
2024-01-16,68800,69800,68700,69400,49218,3415729200,0.289,9638,-7126,-2981,90,118,79,1039,0,-4307,347,122,0
2024-01-17,69400,69400,67700,67900,140892,9566566800,-2.1614,73345,-53042,-21910,-17824,-1644,21,54,0,-2519,1215,392,2
2024-01-18,68100,68100,67300,67500,99851,6739942500,-0.5891,60495,-39813,-21745,-4321,-14824,-73,-71,0,-2456,805,258,0
2024-01-19,67800,69200,67200,67900,96695,6565590500,0.5926,23692,5614,-29902,-14091,-2637,-2213,-2645,0,-8316,167,429,0
2024-01-22,68500,73600,67500,71500,433529,30997323500,5.3019,-57492,29683,27626,7726,2888,4552,3607,0,7541,505,-322,1312
2024-01-23,72600,72700,70500,72200,228294,16482826800,0.979,-33122,-7433,36491,3274,4893,8072,4907,0,15345,-407,4471,0
2024-01-24,72200,72200,70500,70500,105049,7405954500,-2.3546,14589,2869,-17924,-13525,-1085,3797,-4529,0,-2855,487,-21,273
2024-01-25,70900,71100,70100,70700,60905,4305983500,0.2837,652,-2292,1771,2851,582,304,-3765,275,1524,50,-181,0
2024-01-26,70500,70700,69800,70200,95300,6690060000,-0.7072,11691,4278,-15728,-7685,-2799,-1857,42,0,-3429,-429,188,0
2024-01-29,70700,81700,70300,80900,1868008,151121847200,15.2422,-297359,107173,206533,67290,13474,60936,-11772,0,78090,-8099,-8248,-1485
2024-01-30,81000,83300,76900,77800,990924,77093887200,-3.8319,-67686,22637,31582,1436,4864,38245,-14539,0,1316,13642,-175,260
2024-01-31,78600,78700,74100,77800,588600,45793080000,0.0,94774,-17176,-76297,-38477,825,-2764,-945,0,-34767,-1527,226,-169
2024-02-01,76100,81100,76000,79100,858143,67879111300,1.671,74274,-61691,-12223,-11918,13313,-8463,-1349,0,-3804,311,-671,-2
2024-02-02,79900,88500,79400,87400,1755378,153420037200,10.493,-578198,537689,61326,13235,11007,21700,-326,1154,13530,-17624,-3193,1026
2024-02-05,86500,88000,84500,87800,723106,63488706800,0.4577,-29267,17115,9100,12885,2376,13570,-387,0,-19107,3210,-158,-237
2024-02-06,86600,87700,82000,83200,526916,43839411200,-5.2392,-88237,160029,-61201,-7951,-5408,-14112,-1673,0,-32057,-9101,-1490,0
2024-02-07,83300,85500,82900,85300,297796,25401998800,2.524,-96408,84826,11989,5441,1861,-4374,295,0,8767,-324,-83,-1
2024-02-08,85400,86000,83900,85100,239976,20421957600,-0.2345,-55136,57950,-1454,5480,2582,-4562,-273,0,-4681,-1814,454,0
2024-02-13,84100,84800,80500,80800,476152,38473081600,-5.0529,35915,47726,-93499,-28183,-42729,-28351,-7787,-1154,14703,8474,1384,2
2024-02-14,79900,80400,77700,78000,316229,24665862000,-3.4653,80098,-35746,-47830,-17708,-17049,2195,-4493,0,-10775,3721,-243,0
2024-02-15,77200,77600,75300,75800,280857,21288960600,-2.8205,78925,-7922,-69619,-36014,-16810,-16834,-5887,0,5996,-1727,343,-70
2024-02-16,76000,77400,75500,77000,190688,14682976000,1.5831,31730,20656,-53185,-20814,-2532,-17920,-2338,0,-9581,788,11,0
2024-02-19,76900,77300,75600,76100,397178,30225245800,-1.1688,134584,-144162,-3630,-780,1614,-4941,-7884,-240,8601,11400,1808,0
2024-02-20,76500,76700,74600,75000,241365,18102375000,-1.4455,88488,-78211,-11009,-23523,15402,1966,13,0,-4139,1989,-1257,-728
2024-02-21,75400,76200,75100,75600,113721,8597307600,0.8,7501,-7236,-407,4616,-3522,-306,281,0,-1476,114,28,0
2024-02-22,75900,76000,74800,74800,117413,8782492400,-1.0582,40749,-39186,-6275,-7716,2085,-8,-543,0,-93,3314,1398,0
2024-02-23,74900,75400,74100,75200,147935,11124712000,0.5348,17580,-9609,-8298,-8044,-313,198,-93,0,-46,310,17,0
2024-02-26,75200,75300,72500,73100,224698,16425423800,-2.7926,51644,-1324,-55365,-40738,-8119,-4078,-1363,0,-1068,4874,171,1
2024-02-27,72800,74700,72700,73200,125949,9219466800,0.1368,-26802,2784,24095,17114,3147,258,11,0,3565,4,-81,0
2024-02-28,73300,75500,73300,74900,101979,7638227100,2.3224,-33790,11986,21831,10572,6006,2578,-129,0,2804,-5,-22,0
2024-02-29,74900,75400,73700,74000,92423,6839302000,-1.2016,14463,-22752,8030,11783,445,1563,11,0,-5772,216,43,0
2024-03-04,74000,74700,73100,73100,118994,8698461400,-1.2162,40293,-20510,-21596,-7763,-2978,358,-1559,0,-9654,1654,159,0
2024-03-05,72800,73400,72000,72200,122718,8860239600,-1.2312,35978,-27714,-8772,-2078,-769,-785,497,0,-5637,283,225,0
2024-03-06,71600,72000,70700,71000,148262,10526602000,-1.662,64804,-42602,-23212,-15543,-4269,-95,-8,0,-3297,621,389,0
2024-03-07,71000,71800,70300,70400,94079,6623161600,-0.8451,47647,-42582,-5615,-3958,-213,-11,-3,0,-1431,414,136,1
2024-03-08,70700,71300,70500,71100,99236,7055679600,0.9943,23626,-11375,-12432,-11910,299,-2062,115,0,1139,91,90,-13
2024-03-11,70500,71000,70200,70300,102998,7240759400,-1.1252,62094,-48026,-14185,-4479,-2024,-871,-3799,0,-3012,91,26,0
2024-03-12,70700,70700,69800,70100,172067,12061896700,-0.2845,93009,-81685,-13764,-12949,-7389,50,-163,0,6686,1426,1014,1
2024-03-13,70400,70500,69700,69900,110228,7704937200,-0.2853,46514,-29502,-18145,-23747,-391,1145,497,0,4351,1748,-615,0
2024-03-14,70000,71100,70000,70700,171332,12113172400,1.1445,5330,8680,-13874,-10483,-66,-1348,-204,0,-1779,-107,-29,6
2024-03-15,70700,70700,69800,70300,125903,8850980900,-0.5658,19732,-6738,-13227,-16064,-473,-415,-29,0,3754,206,27,0
2024-03-18,70400,70400,69200,69300,173735,12039835500,-1.4225,110562,-56787,-56775,-13968,-15725,-16503,484,0,-9613,2750,250,-1450
2024-03-19,69300,69800,69100,69200,82834,5732112800,-0.1443,23717,-11871,-14745,-6013,101,-309,-159,0,-8365,3113,-214,0
2024-03-20,69600,69800,68700,68900,105486,7267985400,-0.4335,53444,-39187,-12191,-1196,-4488,-3393,-3674,0,559,-32,-2034,1
2024-03-21,69300,69800,69100,69400,111595,7744693000,0.7257,20564,-21265,598,-2864,-61,-12010,-290,0,15824,66,37,-1
2024-03-22,69200,70200,69000,69400,118070,8194058000,0.0,37193,-20792,-16899,-124,-8679,-6715,-127,0,-1255,404,94,1
2024-03-25,69500,69500,68500,68700,160817,11048127900,-1.0086,98205,-83124,-16306,-5019,-2195,-3218,-24,0,-5850,909,316,0
2024-03-26,68600,68900,68300,68700,174910,12016317000,0.0,29892,-37210,8024,-893,-14232,-93,-248,0,23490,-731,25,0
2024-03-27,68500,68900,68400,68400,117782,8056288800,-0.4367,34478,-35399,1408,-163,114,116,3385,0,-2044,-5,-482,0
2024-03-28,68600,68900,68300,68300,133388,9110400400,-0.1462,54820,-57205,2168,-5248,-3954,89,-1447,0,12728,-243,460,0
2024-03-29,68300,68800,67700,67700,169667,11486455900,-0.8785,84258,-74006,-8884,-1600,-3147,-83,-59,0,-3996,-1274,-94,1
2024-04-01,67700,69200,67600,69100,203332,14050241200,2.0679,-62327,32489,17775,89,30,226,-156,0,17586,10368,1695,0
2024-04-02,67800,68200,67400,67900,152697,10368126300,-1.7366,76672,-49961,-16579,7,-5091,-275,-86,0,-11134,-10308,176,0
2024-04-03,67600,68100,67100,67200,148973,10010985600,-1.0309,67797,-39648,-27137,-3081,-7489,-372,-75,0,-16120,-2081,1069,0
2024-04-04,67400,67600,66800,66800,143642,9595285600,-0.5952,60312,-56938,-5505,5454,-713,-51,-384,704,-10515,1823,308,0
2024-04-05,66800,66800,65000,65400,230283,15060508200,-2.0958,115142,-110798,-6136,8967,-3633,-327,-15,0,-11129,690,1102,1
2024-04-08,65100,65100,63400,63500,272651,17313338500,-2.9052,154302,-132765,-22721,-6657,-1341,-60,-40,0,-14546,502,682,-77
2024-04-09,63700,64300,63200,63300,128791,8152470300,-0.315,10211,-17758,7601,4938,1194,238,490,164,576,-1,-53,1
2024-04-11,62700,64000,62100,64000,190472,12190208000,1.1058,24528,-19512,-5284,-3351,13527,-468,-2,0,-14989,137,131,-1
2024-04-12,63200,63300,60900,60900,308843,18808538700,-4.8438,210967,-175286,-37563,-12541,-3181,-543,-3053,0,-18246,1231,651,1
2024-04-15,60600,61200,60300,60500,198826,12028973000,-0.6568,59887,-84024,20291,12054,1434,1125,604,0,5074,419,3427,0
2024-04-16,60100,60400,59500,60200,205811,12389822200,-0.4959,18712,-13084,-6117,-627,-3841,-446,-4356,0,4903,148,341,-1750
2024-04-17,60500,62400,60200,61700,261802,16153183400,2.4917,-19897,15690,2912,1397,29,-236,-33,0,1755,1330,-35,0
2024-04-18,62000,62000,60900,61200,138700,8488440000,-0.8104,53402,-54922,867,-1480,760,-361,-414,26,2335,78,575,1
2024-04-19,61000,61200,59900,60500,125815,7611807500,-1.1438,29855,-18713,-11882,1978,-2456,-1141,278,0,-10541,543,197,0
2024-04-22,61100,62000,61000,61500,96749,5950063500,1.6529,-10743,1135,9826,-378,1422,-14,2377,0,6419,-342,124,0
2024-04-23,62000,63300,61800,63000,143655,9050265000,2.439,-22437,8014,15078,7052,-555,-7,867,0,7221,-512,-143,500
2024-04-24,63300,63300,62300,63000,77759,4898817000,0.0,7464,-13602,5804,1020,730,5,747,0,3302,291,43,0
2024-04-25,62500,64100,62200,63000,91089,5738607000,0.0,-13774,3269,10935,1740,6234,-280,3124,0,117,-352,-78,0
2024-04-26,63200,63300,62500,63100,77991,4921232100,0.1587,17237,-24452,7574,1595,2954,-145,2494,0,676,-452,93,0
2024-04-29,63100,64100,62900,64000,122982,7870848000,1.4263,-30138,25125,5354,-1180,-202,-1508,-2313,0,10683,-207,-134,-126
2024-04-30,64000,64400,63500,63700,85828,5467243600,-0.4688,528,755,-1413,-2518,1290,-244,-111,0,170,52,78,0
2024-05-02,63300,63900,63000,63000,77647,4891761000,-1.0989,14986,-4588,-9800,-51,-116,111,-62,0,-9683,-493,-105,1
2024-05-03,63300,64200,63200,63600,50630,3220068000,0.9524,-813,2556,-1866,-1553,-93,5,125,-704,354,117,6,0
2024-05-07,64200,64200,63700,64100,71820,4603662000,0.7862,-12206,-1237,13376,1822,43,-66,-46,0,11623,96,-29,0
2024-05-08,64100,64500,63700,64500,89407,5766751500,0.624,-21527,20548,992,-190,64,222,-2056,0,2953,-18,5,-1
2024-05-09,64500,64600,63800,63900,117762,7524991800,-0.9302,10196,-2154,-8069,-1878,3392,-24,-554,0,-9005,160,-133,0
2024-05-10,64500,64900,64000,64700,98904,6399088800,1.252,-40162,17354,22480,7478,314,276,2868,0,11543,269,59,1
2024-05-13,64900,64900,63000,63300,105925,6705052500,-2.1638,23887,-30516,6219,3778,22,361,1123,0,935,760,-350,0
2024-05-14,63300,64000,63000,63300,74850,4738005000,0.0,16853,-11470,-6014,725,-3434,492,-1979,0,-1818,27,604,0
2024-05-16,63800,66800,62100,65300,645941,42179947300,3.1596,56456,-96378,31834,2821,-3816,4006,-2419,0,31243,8245,-157,-1
2024-05-17,64700,66300,64500,65500,359888,23572664000,0.3063,-21939,19798,1451,11593,3110,-1723,-84,0,-11446,422,268,1
2024-05-20,65400,65500,63000,63000,238611,15032493000,-3.8168,124130,-118456,-6153,-1913,223,64,-3104,0,-1423,345,134,0
2024-05-21,63200,63400,62000,62300,185434,11552538200,-1.1111,54768,-53206,-2166,-886,-301,-97,263,0,-1145,200,404,0
2024-05-22,62600,63400,61800,62900,146071,9187865900,0.9631,292,4262,-4563,32,-236,-72,-361,0,-3926,9,0,0
2024-05-23,62700,63000,62100,62100,140813,8744487300,-1.2719,37084,-26684,-11334,-7013,4,-214,-60,0,-4051,421,513,0
2024-05-24,61600,62100,61200,61400,113484,6967917600,-1.1272,13772,73,-14137,-2883,-171,-671,-39,0,-10373,225,67,0
2024-05-27,61400,63300,61400,62300,154748,9640800400,1.4658,-18819,-17406,29122,-901,59,68,-73,0,29969,7077,26,0
2024-05-28,62500,64000,61900,62900,215389,13547968100,0.9631,-8939,24905,-10590,-7998,222,-47,-258,0,-2509,-5483,107,0
2024-05-29,62300,62500,61200,61500,173622,10677753000,-2.2258,33616,-13929,-20086,-5219,-1994,-146,152,0,-12879,496,-97,0
2024-05-30,61200,61400,60300,60800,148028,9000102400,-1.1382,61365,-49467,-11922,-1096,-47,-73,-435,0,-10271,19,5,0
2024-05-31,61200,61800,60700,61300,108566,6655095800,0.8224,-2882,-7552,10383,424,1340,179,-1189,0,9629,34,17,0
2024-06-03,61300,62100,61100,61400,84019,5158766600,0.1631,14826,-4441,-10936,-15224,-25,98,38,0,4178,528,23,-1
2024-06-04,61200,61300,60500,60600,149420,9054852000,-1.3029,81470,-48505,-32977,-20256,567,-223,105,0,-13172,-2,14,2
2024-06-05,60500,60800,60000,60200,149720,9013144000,-0.6601,90755,-31955,-60194,-46231,32,-1039,-6831,0,-6125,1328,66,0
2024-06-07,60300,61000,59700,59900,217945,13054905500,-0.4983,114335,-71330,-43335,-39242,-584,-764,-3342,0,721,270,60,-124
2024-06-10,59700,59900,58800,59000,231179,13639561000,-1.5025,127163,-81003,-46776,-37099,4922,-360,-815,0,-13424,408,208,0
2024-06-11,58900,59600,58900,59100,152904,9036626400,0.1695,26987,-12780,-15131,-15875,-1185,20,-961,0,2870,898,26,0
2024-06-12,59000,59200,58200,58500,221534,12959739000,-1.0152,126644,-82793,-44898,-36600,-5699,-310,-1155,0,-1134,307,740,0
2024-06-13,58600,59200,58200,58200,178249,10374091800,-0.5128,19630,13806,-33762,-10579,8388,9,-518,0,-31062,237,89,0
2024-06-14,58700,58800,58000,58100,122013,7088955300,-0.1718,38449,-27195,-11583,-8200,946,937,-360,0,-4906,268,61,0
2024-06-17,58200,58500,57800,58200,103104,6000652800,0.1721,27240,-10038,-17892,-13631,3075,-953,-2193,0,-4190,599,91,0
2024-06-18,58000,58300,57000,57300,243554,13955644200,-1.5464,112299,-58243,-62535,-32403,-231,-855,-1012,-19405,-8259,3171,5308,-370
2024-06-19,57400,57700,56800,56900,138007,7852598300,-0.6981,37130,-38169,-4482,-23531,-1221,-1678,-1502,17392,6058,106,5415,0
2024-06-20,56900,58000,56900,57500,158018,9086035000,1.0545,12817,355,-18101,-22482,-6,-91,-230,0,4708,4916,13,0
2024-06-21,57400,57500,56700,57300,165345,9474268500,-0.3478,54797,-28572,-26534,-25288,-551,-287,-19,0,-390,285,24,1
2024-06-24,57100,57100,56300,56300,127928,7202346400,-1.7452,53178,-26322,-32052,-25176,-740,-36,27,0,-6127,4932,264,0
2024-06-25,56700,56800,55900,56300,153556,8645202800,0.0,806,19482,-20307,-28289,-407,-33,-96,0,8518,-82,101,0
2024-06-26,56100,56500,55400,55500,141348,7844814000,-1.421,57111,-26266,-31016,-26486,243,-527,-32,0,-4215,125,46,1
2024-06-27,55400,57000,54800,55700,201478,11222324600,0.3604,28755,-19635,-9353,-2830,-66,-865,1011,0,-6603,85,148,0
2024-06-28,55900,57800,55900,56500,125901,7113406500,1.4363,1463,25523,-27115,-22057,-2098,-2807,87,0,-240,-310,439,0
2024-07-01,56800,58000,56800,57700,123863,7146895100,2.1239,-28773,15364,12572,-6452,12889,6272,16,0,-154,553,284,1
2024-07-02,57700,58500,57100,58300,129627,7557254100,1.0399,-23503,3212,19249,2173,19385,-457,305,826,-2983,875,167,0
2024-07-03,58400,58400,57400,57600,74623,4298284800,-1.2007,10349,-18452,7116,6298,1741,-123,-17,0,-783,1141,-154,0
2024-07-04,57500,57900,57200,57800,69390,4010742000,0.3472,4909,-8119,4665,-4842,-248,77,63,0,9615,-1010,-445,0
2024-07-05,57800,58000,56400,56500,165626,9357869000,-2.2491,65689,-36112,-31560,-4415,-37361,-6,-1633,-642,12497,2031,-48,0
2024-07-08,56500,57900,56100,57800,88912,5139113600,2.3009,-34971,40856,-6113,-4628,-313,-233,-296,0,-643,493,-265,0
2024-07-09,57800,58100,57100,57400,74981,4303909400,-0.692,31018,-28936,-669,-7123,-227,-25,-32,0,6738,-1505,92,0
2024-07-10,57500,57800,57100,57700,52978,3056830600,0.5226,-3965,10729,-6640,-3397,-292,-170,-440,0,-2341,3,-127,0
2024-07-11,57800,58800,57600,58200,188681,10981234200,0.8666,-25854,24698,1236,2003,-336,542,-267,0,-706,-4,-76,0
2024-07-12,58500,58800,57800,58300,99256,5786624800,0.1718,-11799,10602,1337,-3763,175,313,-172,0,4784,-36,-104,0
2024-07-15,58700,58800,57600,57600,68345,3936672000,-1.2007,25867,-15871,-10930,-5048,-1518,-482,-3,0,-3879,427,507,0
2024-07-16,57700,57800,56500,56700,105731,5994947700,-1.5625,14964,-8703,-6626,-1640,-40,-83,-2360,0,-2503,122,243,0
2024-07-17,57100,58100,56900,57600,99689,5742086400,1.5873,-21031,21572,-512,-1457,-8,-108,-3136,0,4197,-8,-21,0
2024-07-18,57900,58000,56700,57600,69465,4001184000,0.0,11829,-13912,2210,-1781,81,-52,-6,0,3968,-147,20,0
2024-07-19,57200,57300,56600,57000,64478,3675246000,-1.0417,29542,-20370,-11038,-4142,-1129,-617,-45,0,-5106,1845,21,1
2024-07-22,57000,57200,56200,56500,59799,3378643500,-0.8772,-3282,3464,-947,274,-1252,24,-33,0,40,847,-82,0
2024-07-23,56800,56900,55600,55600,86077,4785881200,-1.5929,40576,-33716,-7364,-1443,-1701,-80,-107,0,-4033,204,300,0
2024-07-24,55200,57900,55200,57500,163753,9415797500,3.4173,-39883,24241,16313,14660,75,1059,11,0,508,-712,41,0
2024-07-25,57300,57700,56200,57000,108663,6193791000,-0.8696,3725,-12965,9228,3256,-149,7,-103,0,6217,2,10,0
2024-07-26,57000,58900,56800,58300,147280,8586424000,2.2807,-57077,8915,48328,15672,5035,2564,1960,0,23094,-160,-6,3
2024-07-29,58200,58800,58000,58300,128965,7518659500,0.0,-38117,18084,20209,13486,3390,4,-170,0,3499,-230,54,0
2024-07-30,58100,58700,57600,57600,83424,4805222400,-1.2007,22232,-21608,-2926,1550,1161,-212,2,0,-5427,2206,96,0
2024-07-31,57900,60600,57600,60400,302988,18300475200,4.8611,-149914,89256,55505,13968,33925,100,3059,0,4449,3611,1542,4
2024-08-01,60400,63300,60000,62600,458508,28702600800,3.6424,-232909,108445,122044,14385,87103,6659,3018,0,10890,2419,1,-11
2024-08-02,62000,63000,61200,61700,231257,14268556900,-1.4377,-18579,-39090,71058,23887,21962,-351,-16,0,15575,-3117,-10272,10001
2024-08-05,61200,61300,55400,56700,360083,20416706100,-8.1037,-10537,671,15046,17366,4614,-554,-923,-295,-5165,1822,-7002,3
2024-08-06,57900,59200,57100,57200,247747,14171128400,0.8818,29593,-11929,-17437,5909,-14862,-4,1228,0,-9708,364,-591,0
2024-08-07,56700,61500,56700,60200,307864,18533412800,5.2448,-109581,22020,93391,39578,49025,5191,2654,0,-3056,-5780,-50,-1
2024-08-08,59900,60800,59100,59300,175160,10386988000,-1.495,-14313,6387,11712,18702,5336,-15,-111,0,-12200,-3706,-80,0
2024-08-09,60100,60800,59200,59600,103026,6140349600,0.5059,-13102,-11393,22174,16508,2019,87,1369,0,2191,2300,21,0
2024-08-12,60100,61100,59700,60800,89247,5426217600,2.0134,-23671,1146,22303,7756,7039,298,-40,0,7250,213,9,0
2024-08-13,61200,62800,58700,59700,282021,16836653700,-1.8092,-1575,-20362,21978,15736,13914,690,-132,0,-8231,39,-80,1
2024-08-14,61400,62300,60400,61800,195319,12070714200,3.5176,-44756,3742,39852,17681,23838,-41,944,0,-2571,1595,-433,1
2024-08-16,62600,62900,60000,60300,304171,18341511300,-2.4272,126729,-78292,-52518,25576,-72940,216,8984,0,-14354,3915,166,0
2024-08-19,60400,62200,60300,62000,210094,13025828000,2.8192,-66148,27124,44459,31767,3401,-201,310,0,9182,-4913,-522,0
2024-08-20,62400,62400,61100,61500,103963,6393724500,-0.8065,17899,-35916,16811,18373,-1177,4,0,0,-389,76,1130,0
2024-08-21,61700,62400,61100,62400,141815,8849256000,1.4634,-7908,-35137,45171,45250,-208,99,421,0,-290,-2098,-28,-101
2024-08-22,62500,63500,62000,62800,214797,13489251600,0.641,-24665,-43450,71679,64661,2916,-450,513,0,4038,-1895,-1669,1
2024-08-23,62800,64100,62300,63200,237754,15026052800,0.6369,-18158,-32193,51210,25006,11406,2158,6573,0,6068,-390,-469,-1
2024-08-26,63400,64000,62700,63800,248885,15878863000,0.9494,-49923,-36400,86169,21534,26213,716,263,0,37443,-29,183,0
2024-08-27,63900,65300,63100,64900,338698,21981500200,1.7241,-92125,-10338,104936,52153,15998,13138,4678,0,19219,-185,-2288,-250
2024-08-28,64900,65200,63800,64000,164692,10540288000,-1.3867,22320,-43696,28206,26132,167,451,219,0,1236,-4892,-1938,1
2024-08-29,63700,65000,62700,64100,179765,11522936500,0.1562,-35411,-12787,47319,20041,10805,1212,5843,0,9632,858,21,-214
2024-08-30,64600,65200,63600,63700,143980,9171526000,-0.624,19800,-27652,7230,17388,-6976,-1969,1510,0,-2723,583,39,0
2024-09-02,64000,64000,62600,62900,151915,9555453500,-1.2559,6528,18979,-31025,16763,521,-7573,3512,0,-44248,462,5056,0
2024-09-03,62700,65300,62500,64800,212711,13783672800,3.0207,-89165,84185,4783,20178,5432,456,24,374,-21680,305,-108,-1
2024-09-04,63600,63900,62500,63300,210761,13341171300,-2.3148,17345,-5551,-6876,18822,-466,-506,16,0,-24742,103,-5021,0
2024-09-05,63600,65800,63300,65300,284492,18577327600,3.1596,-105076,70018,37441,20330,19692,5241,5462,0,-12683,-2158,-225,-601
2024-09-06,65500,65500,63200,63300,169946,10757581800,-3.0628,36518,-43466,6945,13107,414,-1667,303,352,-5565,-13,16,1
2024-09-09,62300,64900,62000,64800,126170,8175816000,2.3697,-37827,13730,24305,26204,-10620,72,-78,0,8727,-156,-52,0
2024-09-10,64800,65200,63700,64200,143118,9188175600,-0.9259,-29066,3630,24894,26393,-19674,-1969,5966,0,14179,787,-245,-1
2024-09-11,64500,65900,63900,65300,214824,14028007200,1.7134,-98751,53894,46037,18804,5080,2267,5600,0,14286,-930,-250,0
2024-09-12,65500,65500,63000,63500,221430,14060805000,-2.7565,104229,-69556,-36287,5241,-11241,-617,172,0,-29843,513,1101,1
2024-09-13,63900,64800,63600,64200,109686,7041841200,1.1024,-54508,36786,13780,335,1837,-1108,-172,0,12888,-17,3959,0
2024-09-19,64600,64600,61100,61900,241027,14919571300,-3.5826,98049,-82530,-22800,-5224,-15245,-1419,1943,0,-2855,215,7066,0
2024-09-20,62200,62600,61100,61800,180177,11134938600,-0.1616,6184,-6751,106,-9203,861,-31,-716,0,9195,448,13,0
2024-09-23,62000,62200,60700,60900,145241,8845176900,-1.4563,25907,-6497,-19723,-22805,-7623,-2362,-1309,0,14375,295,18,1
2024-09-24,61200,61900,60700,61900,132389,8194879100,1.642,-22389,19687,2698,-7245,-5865,106,-5412,0,21114,-11,15,0
2024-09-25,62300,62500,61000,61000,133293,8130873000,-1.454,19720,-6226,-13550,-2181,-1686,507,-282,0,-9908,-3,59,0
2024-09-26,61100,61400,60500,60800,170796,10384396800,-0.3279,82848,-44333,-39449,-13529,-18458,-3513,-4468,0,519,902,32,0
2024-09-27,60900,62200,60500,61600,152591,9399605600,1.3158,-45122,45639,-2344,-3076,-3121,-862,-239,0,4954,-193,2020,0
2024-09-30,61800,62600,59200,59200,240278,14224457600,-3.8961,122414,-94532,-29178,526,-2958,-94,-204,0,-26448,63,1233,0
2024-10-02,59100,59600,58500,58600,129238,7573346800,-1.0135,30281,-15867,-17034,-5508,4316,-1171,-310,0,-14361,632,1988,0
2024-10-04,58900,58900,58100,58100,127196,7390087600,-0.8532,23955,-30145,7155,-200,284,-171,30,0,7212,-950,-15,0
2024-10-07,58400,59700,57900,59200,78883,4669873600,1.8933,-16800,13433,3774,265,2688,873,1,16,-69,-406,-1,0
2024-10-08,59000,59600,58400,58400,73720,4305248000,-1.3514,37974,-15109,-22874,1196,-9217,-393,-242,0,-14218,-5,14,0
2024-10-10,58900,59000,57600,58800,100526,5910928800,0.6849,-12495,10264,2247,9736,-2391,5639,711,-16,-11432,7,-23,0
2024-10-11,58500,59900,58500,59300,83962,4978946600,0.8503,-13792,3954,10270,11552,2135,1613,-2009,0,-3021,-340,-92,0
2024-10-14,59500,60800,59300,60400,89113,5382425200,1.855,-32173,15179,17723,8402,-57,0,14,0,9364,-732,3,0
2024-10-15,60400,60500,59800,60400,70989,4287735600,0.0,388,3944,-4384,6371,1017,39,-25,0,-11786,29,23,0
2024-10-16,59900,61400,59600,60200,183641,11055188200,-0.3311,-68346,5325,61125,37665,479,-91,108,0,22964,1975,-79,0
2024-10-17,61300,63400,61200,62800,251878,15817938400,4.3189,-138141,63484,75216,49938,1791,120,365,0,23003,-563,4,-1
2024-10-18,62900,63200,62300,62700,91072,5710214400,-0.1592,-24762,-20412,45409,31270,6,-1,-2877,0,17011,-415,180,0
2024-10-21,62700,63000,62200,62200,46134,2869534800,-0.7974,-4398,-1581,5526,9282,-404,101,0,0,-3453,320,133,0
2024-10-22,62100,63000,61200,62600,109872,6877987200,0.6431,-52352,20630,31857,14259,3780,-814,-1821,0,16452,-128,-7,1
2024-10-23,63000,63200,61900,62800,82144,5158643200,0.3195,-12619,10874,1966,7725,-16,-1355,441,0,-4829,0,-221,0
2024-10-24,62900,63200,62200,62900,49512,3114304800,0.1592,-23050,6099,17059,6297,130,91,-262,0,10803,-166,58,0
2024-10-25,62700,62700,60800,61900,88880,5501672000,-1.5898,-11213,-12477,23806,13065,-36,0,-335,0,11112,-118,2,0
2024-10-28,62000,64500,61800,63900,140959,9007280100,3.231,-73821,36487,37856,17693,7896,-30,-1579,0,13877,-533,11,-1
2024-10-29,63900,63900,62900,63500,63447,4028884500,-0.626,6673,-15868,10551,8577,-13,0,145,-257,2098,-1474,118,1
2024-10-30,63500,65500,63300,64900,176940,11483406000,2.2047,-97422,59923,38224,19575,6117,36,434,-95,12159,110,-835,-2
2024-10-31,64600,65300,63600,65300,86274,5633692200,0.6163,-29802,13662,17382,12773,602,-400,170,0,4236,-1172,-70,1
2024-11-01,64800,64800,63700,63900,80171,5122926900,-2.144,-1296,-5114,4888,9719,619,8,-2303,0,-3156,1500,22,1
2024-11-04,63900,64500,63200,64300,58325,3750297500,0.626,-4828,-2325,6065,7054,-2035,203,237,0,606,942,146,0
2024-11-05,63700,65100,63700,64300,76516,4919978800,0.0,-21427,10432,11165,15334,-1989,-490,-728,-190,-771,-99,-71,-1
2024-11-06,64300,64500,62700,63200,75055,4743476000,-1.7107,5176,-2879,-2011,6657,-3476,0,-2930,0,-2263,-272,-14,1
2024-11-07,62900,63300,61800,63000,83331,5249853000,-0.3165,2405,-10186,7231,10611,-58,-148,-4244,0,1070,619,-69,0
2024-11-08,63400,63500,60700,60900,123411,7515729900,-3.3333,41394,-38693,-3322,787,330,-43,-97,0,-4299,533,88,0
2024-11-11,60700,60800,59200,59600,110688,6597004800,-2.1346,24743,-14943,-9600,-2028,-510,-358,-1454,0,-5251,-169,-31,1
2024-11-12,59100,59500,57600,57900,148619,8605040100,-2.8523,22325,-9635,-8654,11296,-6655,-406,-2327,0,-10562,-3726,-310,0
2024-11-13,57800,58000,56700,57200,102972,5889998400,-1.209,-9073,2540,3379,12971,-407,-83,73,0,-9175,3132,22,0
2024-11-14,58600,61100,58200,60500,264386,15995353000,5.7692,-46771,55397,-9308,4438,44947,569,1092,0,-60354,641,41,0
2024-11-15,61100,62300,60000,61600,131689,8112042400,1.8182,-39812,5276,36656,9311,-1563,-510,26,-611,30004,-57,-2063,-1
2024-11-18,61200,63500,61200,62400,119227,7439764800,1.2987,-45377,10287,36317,14509,10140,-239,160,0,11748,-886,-341,-1
2024-11-19,62000,63300,61900,62700,85467,5358780900,0.4808,-8136,3333,4829,5768,3054,-576,139,0,-3556,-1,-25,0
2024-11-20,62100,63100,62000,62400,52733,3290539200,-0.4785,-12711,4377,8782,11107,-992,1,12,0,-1346,-449,1,0
2024-11-21,62700,63400,61900,62600,82280,5150728000,0.3205,-42386,18591,24748,2765,-320,451,0,0,21851,-629,-324,1
2024-11-22,63100,63100,61500,61900,46469,2876431100,-1.1182,7476,-8111,1023,-58,-277,-4,218,0,1143,-468,80,1
2024-11-25,62200,63900,62200,63500,129308,8211058000,2.5848,-61417,40321,21333,-9145,1184,3145,3402,0,22749,-161,-76,-2
2024-11-26,63000,64300,63000,64200,92655,5948451000,1.1024,-45213,26527,13561,14919,-772,585,1115,0,-2286,5163,-38,0
2024-11-27,63800,64900,63600,64600,86944,5616582400,0.6231,-39650,24036,16102,-2745,7749,582,683,0,9834,-534,46,-1
2024-11-28,64900,65200,64200,64400,82069,5285243600,-0.3096,-38677,22239,16581,-21,3887,288,5,0,12421,126,-269,1
2024-11-29,64900,64900,63300,64300,73655,4736016500,-0.1553,-22136,16804,5224,378,-4970,-728,1539,0,9005,118,-10,0
2024-12-02,64800,64800,61500,62600,110864,6940086400,-2.6439,14181,5374,-19547,72,326,-2643,5229,0,-22531,22,-30,0
2024-12-03,62900,66800,62900,66800,339738,22694498400,6.7093,-199003,131192,69614,7295,32795,6479,287,-715,23473,-1691,-112,0
2024-12-04,65400,66100,64100,65300,171047,11169369100,-2.2455,-15325,1801,13180,13465,8135,134,6245,0,-14799,-40,384,0
2024-12-05,65700,65800,63800,63900,95734,6117402600,-2.144,-3002,-12305,15881,11503,3515,479,5983,0,-5599,-519,-55,0
2024-12-06,64000,64700,62400,63500,96973,6157785500,-0.626,-20685,9062,11805,10775,-104,-3403,1719,0,2818,-3,-179,0
2024-12-09,63000,63000,60300,60800,107537,6538249600,-4.252,-4790,-9382,19672,13303,522,-1637,-19,0,6779,-485,-5015,724
2024-12-10,60800,61900,60700,60900,86454,5265048600,0.1645,18679,-22792,4038,-3063,-303,-607,281,0,6979,49,26,751
2024-12-11,61300,65000,61300,65000,178265,11587225000,6.7323,-57539,41623,24810,3386,8509,2766,5483,0,3960,915,-9809,706
2024-12-12,64600,65300,63300,63800,128874,8222161200,-1.8462,14711,10998,-25982,-4337,1459,292,1938,0,-25336,17,256,2
2024-12-13,63900,64700,63300,64400,102273,6586381200,0.9404,-11184,20752,-9086,-10513,3086,1535,17195,0,-20389,-277,-205,0
2024-12-16,64700,64800,63100,64000,75587,4837568000,-0.6211,6533,-15436,7200,15450,-1250,97,-283,0,-6814,1696,7,0
2024-12-17,64000,65000,62800,62900,105687,6647712300,-1.7188,19836,-24159,4278,-7922,4587,2547,1878,677,2606,-4,49,-95
2024-12-18,64800,65900,63500,65200,170054,11087520800,3.6566,-4681,-7803,12729,-8931,4975,-55,0,0,16740,-186,-59,0
2024-12-19,63900,64800,63500,64000,98753,6320192000,-1.8405,1341,-34564,30137,29241,2629,15,1713,0,-3461,2991,95,0
2024-12-20,64500,67000,63900,65800,318043,20927229400,2.8125,-44514,-19245,61220,34331,13983,947,1231,0,10728,4357,-1818,0
2024-12-23,70400,70500,67100,69600,904388,62945404800,5.7751,79770,-88108,-14813,10630,-30091,-13417,1711,0,16354,25701,-2550,0
2024-12-24,68700,71700,68100,71600,502964,36012222400,2.8736,-17752,1479,7735,-7478,-8626,4072,3354,0,16413,8768,-230,0
2024-12-26,71600,75500,69900,75500,782258,59060479000,5.4469,40940,-66324,38895,-1770,-716,16228,4007,0,21146,-12584,-927,0
2024-12-27,76000,76100,67000,68100,1538193,104750943300,-9.8013,104027,-190195,94445,74347,9019,60544,17299,0,-65564,-8961,684,-1200
2024-12-30,67000,68000,63400,63400,638631,40489205400,-6.9016,58776,2640,-42072,20991,-10969,-48160,1042,0,-4976,-19565,221,0
2025-01-02,63500,63800,61800,62100,254588,15809914800,-2.0505,-3244,11770,-9686,11938,1359,-9858,256,0,-13382,820,340,1
2025-01-03,62000,63600,62000,62700,232140,14555178000,0.9662,-34763,42254,-6763,3096,4017,-4739,1445,699,-11281,-380,-348,0
2025-01-06,63000,63300,62200,62800,171982,10800469600,0.1595,-6580,556,6698,9474,1664,2266,975,0,-7681,-322,-352,0
2025-01-07,62900,65400,62900,65400,278670,18225018000,4.1401,-132644,112760,20191,10004,3059,8533,234,0,-1639,-299,-8,0
2025-01-08,65400,67600,64700,66300,285897,18954971100,1.3761,-44344,32692,12673,1520,8208,2438,-2307,0,2815,-982,-39,-1
2025-01-09,66800,66800,64000,64000,234687,15019968000,-3.4691,96889,-25328,-70701,2943,-28801,-12343,0,0,-32501,-1498,638,1
2025-01-10,63900,64800,62800,64800,259607,16822533600,1.25,-17604,27050,-9745,5538,-9096,-5990,-2431,0,2234,-764,1063,0
2025-01-13,68000,69200,65800,66200,472216,31260699200,2.1605,77843,-12009,-65942,12872,-24538,-13142,-5212,0,-29828,825,-717,-6094
2025-01-14,65100,66400,64800,65800,139276,9164360800,-0.6042,-34931,15772,19035,27181,-2252,-312,91,0,-5673,18,106,0
2025-01-15,65900,66700,65500,65900,132015,8699788500,0.152,-38860,21221,18427,16288,2081,-460,1332,0,-814,-295,-493,0
2025-01-16,66100,66800,65900,66600,129293,8610913800,1.0622,-44903,38388,6491,7676,1910,-905,-2893,0,703,-110,134,0
2025-01-17,66600,67000,65800,65900,110811,7302444900,-1.0511,7563,-16386,9138,18949,-5441,-3431,270,0,-1209,-460,145,0
2025-01-20,66700,67800,66300,66400,135594,9003441600,0.7587,-23082,983,28338,18621,-296,381,682,0,8950,-6216,-23,0
2025-01-21,66500,66700,64500,65500,112256,7352768000,-1.3554,-9856,-5098,14225,15741,42,408,-1388,0,-578,822,-93,0
2025-01-22,66000,66500,65000,65000,147105,9561825000,-0.7634,-10858,-1128,13377,12842,2022,-417,-5218,0,4149,-1413,22,-1
2025-01-23,65000,65100,63300,63400,154770,9812418000,-2.4615,27207,-36764,8344,20163,147,-4152,-1249,0,-2671,22,1191,-3894
2025-01-24,63700,64000,63100,63300,132355,8378071500,-0.1577,12433,-14577,2275,6954,-189,-23,-9217,0,4750,0,-131,0
2025-01-31,63900,64700,63500,64500,101342,6536559000,1.8957,-29485,8674,20838,15349,-1558,217,-16,0,6845,-2,-25,1
2025-02-03,63200,63900,61800,62300,131921,8218678300,-3.4109,35264,-26968,-8910,3690,609,-1887,31,0,-11353,598,16,0
2025-02-04,62600,64200,62500,64200,96102,6169748400,3.0498,-35910,34354,1335,-31,-10260,86,-100,0,11640,311,-90,0
2025-02-05,64000,64500,62900,63000,89980,5668740000,-1.8692,38376,-13804,-27451,-10383,-13114,47,-2756,0,-1246,-333,3212,1
2025-02-06,63100,64500,63000,64300,108383,6969026900,2.0635,-38736,26310,14083,9480,-3276,371,31,-1376,8853,-888,-769,0
2025-02-07,63800,64300,63100,63300,71592,4531773600,-1.5552,17893,-5616,-6899,3122,-5152,-1146,974,0,-4697,-6547,1169,0
2025-02-10,63300,63300,62400,62600,84519,5290889400,-1.1058,13671,-12431,-855,1997,-5651,-1521,-1369,0,5689,96,-481,0
2025-02-11,62700,67500,61800,67300,3157334,212488578200,7.508,-72503,48667,33093,-1265,-2436,18320,-3066,359,26851,-7063,-2194,-5670
2025-02-12,67800,70100,67400,69100,518815,35850116500,2.6746,-146346,70425,76609,20780,28893,6245,16588,4532,-509,-660,-28,80
2025-02-13,69200,69600,67500,69600,230424,16037510400,0.7236,-39121,18455,21856,4079,2247,-1929,-4687,0,22145,-1207,17,1
2025-02-14,69500,73100,69500,71500,426791,30515556500,2.7299,-206311,86795,120187,3838,44049,26567,17457,-1500,29776,-506,-165,0
2025-02-17,72600,72800,71100,71900,143611,10325630900,0.5594,-29357,16883,12258,12508,492,-612,270,-2800,2400,316,-100,0
2025-02-18,71800,72600,70600,72600,169846,12330819600,0.9736,-57806,17838,41053,11638,10237,6074,1581,0,11522,-326,-759,1
2025-02-19,72600,74300,72100,73100,244102,17843856200,0.6887,-106286,53220,54474,-251,35749,7146,3669,0,7506,2,-1410,655
2025-02-20,72400,75600,72000,75100,311903,23423915300,2.736,-120618,30296,95008,40184,41565,4574,13585,0,-4899,-4176,-510,-1
2025-02-21,75100,78500,74600,78100,464248,36257768800,3.9947,-122949,51887,73532,70302,-7050,8191,3703,0,-1614,-2667,197,0
2025-02-24,77500,78300,76100,76600,204888,15694420800,-1.9206,-20363,18981,-3151,-3888,-5180,1494,103,0,6874,4532,1,-2554
2025-02-25,76300,77000,75500,76600,177377,13587078200,0.0,-9583,-4963,13167,22269,2278,-11551,3476,0,-3306,1269,110,1
2025-02-26,76600,77500,74000,75200,193609,14559396800,-1.8277,-23595,3649,21670,9043,1965,-5523,-410,0,16595,344,-2068,0
2025-02-27,75500,77600,74500,77300,206287,15945985100,2.7926,-25807,1363,23884,22651,1380,577,4787,0,-5511,673,-113,0
2025-02-28,76600,77500,75500,76100,174921,13311488100,-1.5524,-15942,876,17580,9029,10233,-504,8328,0,-6506,-2729,215,-3000
2025-03-04,75500,78300,74100,76000,226968,17249568000,-0.1314,7743,-48704,39254,-4980,32436,14730,920,0,-4520,1570,137,668
2025-03-05,76500,80700,76400,80300,609584,48949595200,5.6579,-82380,-104334,178857,91055,67271,18062,26199,761,-7713,6759,1098,-16778
2025-03-06,81000,84000,80900,83200,541664,45066444800,3.6115,-133015,-9538,151544,60407,61647,10707,17961,0,-3461,-8641,-350,4283
2025-03-07,84600,87900,84500,85600,704585,60312476000,2.8846,-185897,3608,189395,85063,80073,3626,23446,238,-3324,-6656,-450,273
2025-03-10,86100,87700,84200,84600,217745,18421227000,-1.1682,-23535,-25979,48738,40676,2673,-4114,6597,0,2740,959,-183,166
2025-03-11,82700,85600,82500,83600,243864,20387030400,-1.182,-12182,-34505,45830,13059,10813,8603,7353,0,6452,408,449,-450
2025-03-12,83300,85800,80800,82300,320355,26365216500,-1.555,-40862,-7007,45598,18023,9457,-1466,6223,0,13233,2387,-116,128
2025-03-13,82400,84500,81900,83200,265135,22059232000,1.0936,-5505,-67856,71211,15490,52940,2499,7025,0,-6743,2237,-87,0
2025-03-14,84600,85000,82900,84100,110458,9289517800,1.0817,-16837,-10852,27868,15420,3650,2015,2304,0,4479,0,-179,0
2025-03-17,84300,84700,81300,82900,229208,19001343200,-1.4269,-27454,24054,6555,-12390,-19871,-9318,-7949,0,56083,-2568,-587,0
2025-03-18,83000,83400,80200,80400,165855,13334742000,-3.0157,-631,27552,-25573,-15496,-12071,-16,-2431,0,8580,-1112,-236,-4139
2025-03-19,80300,81000,75000,78000,295394,23040732000,-2.9851,7570,51678,-57626,-22027,-24664,-612,-13487,0,12256,-1889,267,-9092
2025-03-20,78800,81200,78300,78900,168480,13293072000,1.1538,-1769,-26284,27318,10382,17272,1960,3186,98,-5581,841,-106,1
2025-03-21,80300,85100,80300,83700,381304,31915144800,6.0837,-104389,14208,89785,30528,30228,35849,2677,0,-9497,725,-329,0
2025-03-24,83400,84000,82100,82600,92211,7616628600,-1.3142,-5908,-9663,16224,7253,820,7332,-1097,0,1916,-269,-384,0
2025-03-25,82200,82900,79700,80400,138417,11128726800,-2.6634,-7425,23043,-14302,-25594,-8113,3178,-863,0,17090,-1411,95,0
2025-03-26,80900,82200,80100,80300,74355,5970706500,-0.1244,-13481,-8480,22110,13909,-2366,7589,-716,0,3694,-149,0,0
2025-03-27,80000,83800,79900,81800,178408,14593774400,1.868,-42572,-27709,71626,50450,17265,1251,1573,-45,6113,-1115,-230,-4981
2025-03-28,81900,83500,81000,81300,125847,10231361100,-0.6112,-15304,-20472,34315,25240,7251,-365,1777,0,412,1289,172,0
2025-03-31,80600,81300,78200,81100,174463,14148949300,-0.246,-34647,-54434,83399,34788,3602,2567,10376,0,32065,5562,120,1
2025-04-01,79700,81700,79300,80200,114010,9143602000,-1.1097,7597,-16800,9684,14036,6497,-1110,1924,0,-11663,-479,-2,0
2025-04-02,80700,83500,80700,82300,173906,14312463800,2.6185,-17989,3499,16213,1221,22392,1973,988,-121,-10240,-1830,107,0
2025-04-03,80600,84000,80200,82600,201493,16643321800,0.3645,-788,-35085,41149,33357,8868,12894,365,0,-14335,-5328,52,0
2025-04-04,82100,88500,81700,88400,400501,35404288400,7.0218,-173654,27543,152375,49210,60440,11329,15363,373,30238,-5984,-280,-14578
2025-04-07,87100,88800,84400,86000,342965,29494990000,-2.7149,-67288,-59771,128800,15970,47335,58905,19006,0,-12367,-1230,-511,-49
2025-04-08,86500,87100,84600,85800,188483,16171841400,-0.2326,-12981,-25374,37901,23057,2404,41381,429,0,-29355,721,-267,-15
2025-04-09,86000,86300,80800,81200,196818,15981621600,-5.3613,2896,-27093,27606,8031,11302,4132,388,717,3035,-3246,-163,1
2025-04-10,83500,85300,81400,84300,298778,25186985400,3.8177,-23784,111066,-77648,-6762,10388,-21115,-208,0,-51951,-8499,-1135,-8000
2025-04-11,84300,86900,84100,86400,164430,14206752000,2.4911,-19563,-5592,24989,7378,11372,12911,168,1190,-8030,209,-43,0
2025-04-14,86100,87000,84700,86100,114390,9848979000,-0.3472,1987,16062,-13992,91,3776,-20319,74,0,2386,-4058,1,0
2025-04-15,86200,88400,86200,87500,129310,11314625000,1.626,-26601,26076,4394,11663,-1068,-776,-69,0,-5356,-3837,-32,0
2025-04-16,87600,87700,85100,86100,155413,13381059300,-1.6,-8444,-16203,25179,19112,-6075,-181,3092,0,9231,-417,-115,0
2025-04-17,86200,88300,85000,86800,94477,8200603600,0.813,-17593,-7629,25784,18890,9471,-992,-1382,0,-203,-562,0,0
2025-04-18,87000,88500,86400,87600,94206,8252445600,0.9217,-19856,-1237,19869,13439,6210,-560,4283,0,-3503,1236,-12,0
2025-04-21,88300,88600,87200,88500,80277,7104514500,1.0274,-22025,16529,5686,5905,551,-297,-1837,0,1364,20,-210,0
2025-04-22,88800,90700,87300,88300,202672,17895937600,-0.226,-21318,-13009,32501,21316,9738,-24503,1054,0,24898,1870,-44,-2
2025-04-23,88900,89400,85700,86400,173418,14983315200,-2.1518,8449,-21386,13586,3725,379,-2527,-394,0,12403,-690,41,0
2025-04-24,87100,90000,86700,89500,228741,20472319500,3.588,-29712,36926,-8823,-4897,4946,27439,103,0,-35024,1234,375,-1390
2025-04-25,89900,92600,89700,91300,221856,20255452800,2.0112,-54824,44800,12688,10130,-9860,-7288,10247,0,8747,-2425,-239,712
2025-04-28,91700,92300,89900,91000,148315,13496665000,-0.3286,-14706,11547,3279,2861,-1236,-2686,3623,0,81,-99,-21,636
2025-04-29,91600,92000,89500,90700,129214,11719709800,-0.3297,-29420,19772,9249,-574,-10,-4951,3199,0,11585,238,161,0
2025-04-30,90700,91800,89800,91700,102034,9356517800,1.1025,-26755,3682,24889,9047,2395,15095,1047,0,-2695,-1781,-35,0
2025-05-02,90800,91800,89300,90000,95902,8631180000,-1.8539,-21270,28002,-4330,1716,-761,-4015,76,0,2933,-2098,-304,-4279
2025-05-07,90900,91600,89500,90300,102648,9269114400,0.3333,-11247,22380,-10177,1400,342,-10153,2375,0,-4141,-163,-793,0
2025-05-08,89900,91900,89200,90500,140786,12741133000,0.2215,-27545,30009,-5269,3737,6951,-2052,2040,0,-15945,2697,108,0
2025-05-09,90800,94000,89500,93500,181865,17004377500,3.3149,-70875,28104,44330,-4208,28127,12555,3333,0,4523,-1483,-76,0
2025-05-12,94000,95100,86000,86600,542170,46951922000,-7.3797,152597,-135070,-18572,-51620,3112,20540,2589,0,6492,158,887,315
2025-05-13,86600,87300,83400,84800,409310,34709488000,-2.0785,55000,53152,-102024,-40319,-24522,-10926,-4157,0,-3105,-6313,185,-18995
2025-05-14,84800,85100,82200,82800,362807,30040419600,-2.3585,105606,-74997,-34846,-20996,5418,-19445,3608,0,-3607,1412,2825,176
2025-05-15,83200,86700,83000,86300,302512,26106785600,4.2271,-69502,77286,-4364,6566,-13513,-8161,9221,0,668,-426,-2994,855
2025-05-16,86500,86500,83500,84500,175236,14807442000,-2.0857,17997,-22896,6505,5839,-738,-1344,9559,0,-6811,-1746,140,0
2025-05-19,84400,85400,83200,83800,139300,11673340000,-0.8284,-9910,854,11288,3238,7706,-9904,3658,0,5875,-1967,-265,715
2025-05-20,84800,87300,84200,86700,246552,21376058400,3.4606,-72665,38878,34415,12125,30006,-288,11750,0,-19178,-383,-245,0
2025-05-21,87200,87200,85100,85900,122703,10540187700,-0.9227,30902,-20112,-12338,-1072,-11680,-1662,1075,0,622,1468,80,379
2025-05-22,85300,88000,84800,87300,240491,20994864300,1.6298,-61053,54860,7856,9526,10388,2496,10142,0,-24696,-1394,-269,0
2025-05-23,86600,87800,85800,86500,115729,10010558500,-0.9164,-12891,15607,-3413,1785,-10939,-1906,-3558,0,10444,688,9,761
2025-05-26,87000,87500,84800,87500,104056,9104900000,1.1561,-14915,28611,-13607,3,-11672,-4807,650,0,2195,3,-92,24
2025-05-27,86700,87600,86200,87500,102979,9010662500,0.0,-13823,34145,-20389,-10338,-7394,-250,3042,0,-5450,74,-7,1
2025-05-28,87000,88200,86600,87600,127083,11132470800,0.1143,-15731,21651,-5616,4713,-8235,3501,-5695,0,1495,-282,-22,-1395
2025-05-29,88100,91200,86800,91200,184919,16864612800,4.1096,-70723,57508,13955,1629,-2063,132,4225,11000,-966,-744,4,-2
2025-05-30,90400,92500,90400,91300,124299,11348498700,0.1096,-15923,17912,-1991,5756,-5265,1325,-643,0,-3126,327,-325,-38
2025-06-02,90500,91200,81500,84600,384728,32547988800,-7.3384,204654,-79150,-127532,-27283,-25271,-26927,-9088,-5506,-33805,823,1205,348
2025-06-04,85300,87800,83700,87400,192828,16853167200,3.3097,-47487,75246,-28475,-15811,-6400,234,-324,-58,-6116,757,-41,0
2025-06-05,87200,88500,85800,86800,187309,16258421200,-0.6865,25586,42890,-69296,-14854,-24634,-11739,-15167,0,-1193,943,-123,-1709
2025-06-09,86700,90800,86700,90600,222736,20179881600,4.3779,-78003,91347,-17770,-19256,-14036,4875,1324,-4,9331,4716,-290,-4
2025-06-10,87900,87900,82100,83100,896091,74465162100,-8.2781,371733,-179398,-194450,-141536,-30772,24672,-35262,-315,-11103,1315,800,-134
2025-06-11,84500,85100,83700,84300,288576,24326956800,1.444,-21505,65177,-45333,-4491,-140,-36288,-10520,0,6370,1531,130,-264
2025-06-12,84300,84900,83300,84000,265001,22260084000,-0.3559,45698,31689,-76976,-24219,-9093,-20245,-11672,0,-11103,-211,-200,-644
2025-06-13,83500,83800,82500,83100,196825,16356157500,-1.0714,23166,44618,-67699,-14255,-25246,-7965,-7409,0,-12868,69,-154,44
2025-06-16,82600,83000,81400,82100,229888,18873804800,-1.2034,64598,25192,-89827,-31141,-19683,-15253,-12047,-5500,-2179,26,11,-4024
2025-06-17,82100,82800,80900,81500,184756,15057614000,-0.7308,49950,37680,-82344,-47968,-12724,-3653,-11547,10,-6191,-5336,50,-271
2025-06-18,80900,83300,80800,82100,182621,14993184100,0.7362,-11263,72230,-61167,-38380,-2468,-18372,-3140,0,1193,204,-4,0
2025-06-19,82900,84600,82100,82600,193007,15942378200,0.609,6543,64008,-70678,-33670,-1872,-20734,-2738,0,-11592,91,36,-72
2025-06-20,82700,86000,82300,84700,299103,25334024100,2.5424,-158811,110842,48971,-1427,22469,2001,15238,-135,11204,-1151,149,-379
2025-06-23,83700,83900,82800,83800,149260,12507988000,-1.0626,14910,26412,-41233,-18294,-2708,4221,-3908,0,-20550,-193,104,6
2025-06-24,84600,86800,84500,86600,223786,19379867600,3.3413,-111802,117500,-4325,-12409,13626,-8,-5664,-42,326,-1148,-225,-154
2025-06-25,86400,87700,84800,87000,176853,15386211000,0.4619,-27048,43565,-16459,13615,-13615,-3104,6845,0,-20080,-226,168,-120
2025-06-26,86800,87300,84800,87000,133161,11585007000,0.0,-32032,47948,-15584,-4126,-7254,-1522,259,0,-2941,-191,-141,0
2025-06-27,87000,87200,84800,85700,111452,9551436400,-1.4943,19065,17081,-36157,-29768,-739,430,-1167,0,-4591,11,0,-322
2025-06-30,85900,87200,84000,85400,210725,17995915000,-0.3501,12312,43828,-56297,-59450,-890,-2213,-4890,0,11146,282,-125,0
2025-07-01,85800,95700,85800,95100,635412,60427681200,11.3583,-338173,269460,69654,4022,21003,-4258,21806,10000,22623,-528,-413,-5542
2025-07-02,93400,94500,90600,94100,238304,22424406400,-1.0515,6252,-1337,-3266,4444,-9274,4133,-940,0,-1630,-1747,98,1
2025-07-03,93500,94100,91200,93700,197211,18478670700,-0.4251,-503,26330,-25589,-4079,-13676,-5072,-1396,0,-1363,-309,71,-3
2025-07-04,94700,94700,90300,90700,188785,17122799500,-3.2017,46187,4328,-53192,-36530,-25580,-118,-118,0,10254,2254,423,-1100
2025-07-07,91100,94200,90700,92900,136400,12671560000,2.4256,-27790,35264,-7138,-10505,4021,-1423,-1536,0,3504,-42,-294,-1199
2025-07-08,93500,94400,92500,94300,144712,13646341600,1.507,-36363,33610,-2146,14921,-15914,652,-722,0,-1083,2740,2159,0
2025-07-09,95500,101800,95000,99300,535820,53206926000,5.3022,-166983,134916,33381,23858,-3136,6206,2999,-5000,8529,-982,-332,-75
2025-07-10,100700,100700,97800,98400,216017,21256072800,-0.9063,29157,-51736,21525,23535,-5144,-2168,-3474,-5496,14271,678,376,1
2025-07-11,98200,99100,96100,96200,152700,14689740000,-2.2358,46709,1997,-45745,-11087,-12200,-24223,-3615,0,5380,-2991,30,0
2025-07-14,96700,100000,96400,99100,171719,17017352900,3.0146,-8122,-7689,13862,4124,6986,14051,-1621,0,-9677,1386,563,-1
2025-07-15,100000,100600,98200,99400,122796,12205922400,0.3027,13195,-13518,479,8914,2170,-1014,-1470,0,-8121,-362,206,0
2025-07-16,98500,99800,96500,97000,127707,12387579000,-2.4145,-1596,14581,-12843,2512,-3214,-8533,-625,0,-2654,-148,6,-329
2025-07-17,97100,98000,95100,97000,105084,10193148000,0.0,-2767,5911,-2747,-5453,5884,-4469,-1990,0,81,-320,-77,3200
2025-07-18,97000,97100,94000,95400,107412,10247104800,-1.6495,12869,10611,-26875,-15439,-12685,-1716,-7114,0,10199,3442,-47,-120
2025-07-21,95400,96100,94300,95200,111267,10592618400,-0.2096,7015,20328,-27059,-2142,-4880,-3448,-998,0,-15591,-66,-218,0
2025-07-22,94700,95200,93500,93800,97650,9159570000,-1.4706,9162,-702,-8087,10134,-1830,-1132,-16020,0,760,-109,-264,1
2025-07-23,94700,94900,92100,92300,79222,7312190600,-1.5991,13059,-6028,-6743,2133,-8507,-1448,-1638,-61,4006,-459,171,-1228
2025-07-24,92600,93300,88900,89300,204981,18304803300,-3.2503,30480,4189,-36802,-2903,-24264,-482,-10857,0,1748,2069,64,-44
2025-07-25,89100,90100,88300,89300,90473,8079238900,0.0,6108,5212,-11220,126,-809,-596,-2029,0,2088,-75,-25,-10000
2025-07-28,89500,89600,88600,88900,84635,7524051500,-0.4479,19415,-10555,-9103,1706,-6,-3675,-1819,0,-5309,235,8,0
2025-07-29,88200,89600,88100,89400,81827,7315333800,0.5624,6373,6589,-13136,-833,-2924,-8868,1411,0,-1922,160,14,0
2025-07-30,89600,90800,88600,90000,86617,7795530000,0.6711,14392,-28706,13845,-4115,7995,5457,-499,0,2806,-7,476,2201
2025-07-31,89500,90700,88800,89300,82465,7364124500,-0.7778,11353,8106,-19781,-798,-11836,-9666,-1434,0,3942,503,-181,11
2025-08-01,88500,89000,86400,87100,130890,11400519000,-2.4636,-5051,23592,-14293,-11716,-9290,4416,81,0,2216,-2117,-2131,0
2025-08-04,86500,89300,86400,88000,65514,5765232000,1.0333,-3900,4843,-957,-3312,-2784,-6,163,0,4962,6,8,20
2025-08-05,88300,89400,87700,88700,59962,5318629400,0.7955,-1107,15601,-14516,-4516,-1675,-1238,30,0,-6366,-51,73,-751
2025-08-06,87700,89200,87700,89100,105767,9423839700,0.451,7397,37208,-45834,-20127,-15348,-2109,-5268,0,-2988,208,1021,6
2025-08-07,89000,90400,88100,90400,73415,6636716000,1.459,-10549,9717,-1880,4949,-4781,296,-1578,0,647,2711,1,-1413
2025-08-08,90400,90400,89200,89600,60006,5376537600,-0.885,-413,6385,-7929,-3054,-6438,-3016,-2282,0,6861,1976,-19,0
2025-08-11,89700,89700,86900,87200,114470,9981784000,-2.6786,22775,16133,-39273,-10385,-17751,-4067,-9967,0,2869,38,327,28
2025-08-12,86700,87800,79000,80000,533249,42659920000,-8.2569,276082,-108445,-178007,-104733,-1172,-25477,-6853,0,-39772,9018,1352,0
2025-08-13,80600,80700,78000,79400,189898,15077901200,-0.75,56903,-21844,-39322,-27195,5161,-2143,-8236,0,-6993,2995,1268,84
2025-08-14,79400,80200,78000,78500,187673,14732330500,-1.1335,84963,-41238,-42557,-13070,-19705,-1383,-16964,0,8026,-2058,890,539
2025-08-18,78500,79200,77200,77700,125150,9724155000,-1.0191,51952,-49325,-6929,-8919,-7269,5544,-2192,0,5907,4266,36,0
2025-08-19,77700,77800,76100,76400,186916,14280382400,-1.6731,53998,-23529,-31247,-26420,-15886,6807,-9224,0,18876,618,160,-5400
2025-08-20,76800,77000,75400,76900,118117,9083197300,0.6545,-3380,-8055,11310,-249,-5715,4062,-213,0,13700,131,-6,-275
2025-08-21,77100,77500,76400,76600,109667,8400492200,-0.3901,26132,-25675,-1479,-2578,-1291,2055,-3279,0,3725,1232,-210,-111
2025-08-22,76300,77200,75400,75700,157492,11922144400,-1.1749,45021,-41229,-3451,-6877,-199,352,-9204,0,12477,-419,78,0
2025-08-25,75700,76700,75700,76100,105387,8019950700,0.5284,25847,-25750,-1203,-7309,-16411,957,-169,0,21702,956,150,27
2025-08-26,75900,76200,73600,74000,269408,19936192000,-2.7595,114039,-44524,-70099,-47044,-13985,6452,-16936,-848,2262,512,72,0
2025-08-27,74400,74400,72000,72300,286975,20748292500,-2.2973,107446,-38552,-69914,-52668,-12941,690,-3444,0,-1567,689,331,16
2025-08-28,72200,73000,71600,72700,178870,13003849000,0.5533,20103,-16960,-4319,-13725,-2684,5172,-2417,0,9334,1163,13,1
2025-08-29,72800,73200,71100,71500,189206,13528229000,-1.6506,94579,-18992,-76430,-61147,-1593,-4261,-514,0,-8277,533,310,-638
2025-09-01,72100,72200,71100,71500,117825,8424487500,0.0,13608,-1477,-14024,-3118,-6455,-659,-7522,0,5230,1932,-39,-1500
2025-09-02,71600,71900,70700,71600,138050,9884380000,0.1399,25943,-14258,-13092,-11749,-4552,-1442,719,0,3932,1607,-200,0
2025-09-03,71800,75000,71400,74000,290942,21529708000,3.352,-32347,33984,-3098,26910,1267,-2522,3387,0,-32139,1550,-89,-1
2025-09-04,74000,77300,73600,77200,297568,22972249600,4.3243,-90633,54370,35837,20276,-542,6808,20451,0,-11566,693,-267,410
2025-09-05,77000,78200,75900,78000,206917,16139526000,1.0363,-35215,2849,33403,27249,1458,-259,5393,0,-449,-1051,14,11
2025-09-08,78500,78500,76000,76600,130213,9974315800,-1.7949,29617,2314,-33035,-29018,-6887,-313,-1091,0,4000,1038,66,274
2025-09-09,77000,77400,76000,77400,119341,9236993400,1.0444,4983,13137,-16215,-20594,-993,-466,-533,0,6371,-1299,-606,0
2025-09-10,77000,77400,76500,77000,130146,10021242000,-0.5168,29406,3355,-32822,-14666,-22902,141,-1282,0,5875,50,11,12
2025-09-11,77000,77200,75700,76700,183282,14057729400,-0.3896,36693,212,-35313,-25243,-15425,-4206,-509,0,10070,-1400,-192,0
2025-09-12,76800,77500,76500,76900,115014,8844576600,0.2608,19031,-1684,-17597,-10808,-11777,-2690,-936,0,8614,259,-9,0
2025-09-15,76900,78700,76900,77900,128374,10000334600,1.3004,-2031,12264,-11612,-749,-2410,598,-3233,0,-5631,1423,-44,-187
2025-09-16,77900,78200,77200,77400,121900,9435060000,-0.6418,28623,-5913,-23506,-5167,-2994,-884,-2519,0,-11942,800,-4,0
2025-09-17,77500,78700,77000,78500,125738,9870433000,1.4212,-13701,15184,-3257,-1168,2181,2186,-82,-629,-2741,1751,23,-3004
2025-09-18,78400,80300,78200,80200,211182,16936796400,2.1656,-21550,36088,-15890,770,-5436,-144,-155,0,-10925,1155,197,0
2025-09-19,80600,80700,78400,78500,124037,9736904500,-2.1197,31522,-19295,-12005,-1966,-7559,1431,-6678,0,2767,-246,24,0
2025-09-22,78500,78500,77000,77400,148090,11462166000,-1.4013,33869,17711,-51864,-39134,-2274,-8850,-10033,0,8427,244,40,0
2025-09-23,77000,77300,75800,77200,173743,13412959600,-0.2584,21178,54184,-75096,-49761,-13266,-1298,-2181,0,-3690,-277,11,-4900
2025-09-24,77300,77400,75700,76700,110871,8503805700,-0.6477,33281,-541,-32175,-6743,-14122,54,-130,-6477,-4758,-577,12,1
2025-09-25,76200,76900,75300,76900,158813,12212719700,0.2608,3290,39374,-42994,-40766,-793,-53,-470,0,-912,324,6,0
2025-09-26,76200,76600,74700,75300,138093,10398402900,-2.0806,46265,-8375,-36932,-31165,-679,-502,-267,0,-1219,-977,19,-3100
2025-09-29,75700,76400,75000,75100,113709,8539545900,-0.2656,17177,29576,-46777,-45666,-1222,-593,-230,0,922,4,20,12
2025-09-30,75100,75900,74600,75500,111377,8408963500,0.5326,1853,38467,-40612,-29491,-4142,1605,30,0,-8614,195,97,0
2025-10-01,75700,75800,74200,74700,99280,7416216000,-1.0596,25474,-204,-26303,-20558,-3534,-5,-1919,0,-284,1009,24,-3
2025-10-02,74600,75900,73900,74800,187083,13993808400,0.1339,16731,24941,-42366,-21208,-463,-2284,-2222,0,-16185,352,342,-4
2025-10-10,74200,75000,73400,73800,167144,12335227200,-1.3369,25858,33043,-60308,-23098,-21858,-4710,-4646,0,-5996,1092,315,0
2025-10-13,73000,73300,71800,73300,119368,8749674400,-0.6775,27467,2547,-31139,-17612,-5779,250,-702,0,-7296,1170,-45,0
2025-10-14,72600,74200,72500,73900,144142,10652093800,0.8186,-9326,32166,-22872,-13832,-2781,-641,-1284,0,-4334,28,4,0
2025-10-15,74300,75200,73900,74200,137600,10209920000,0.406,27317,15152,-43112,-43384,-3274,-568,-3569,0,7683,629,14,0
2025-10-16,74000,75100,72700,73500,202416,14877576000,-0.9434,100412,-30119,-71515,-35511,-10631,-7920,-17994,0,541,862,360,0
2025-10-17,72900,73200,72000,72800,120379,8763591200,-0.9524,47134,-21669,-26091,-18183,-6307,63,-212,0,-1491,425,201,39
2025-10-20,72600,73400,72200,73200,105795,7744194000,0.5495,12844,19895,-33112,-28072,-7312,-118,-2000,0,4390,392,-19,0
2025-10-21,73200,73700,72700,73000,110313,8052849000,-0.2732,35416,16266,-51843,-38190,-6753,1164,-9183,0,1719,-4,165,-600
2025-10-22,73100,75600,72500,75400,167294,12613967600,3.2877,-42112,44397,-371,-20122,7592,6399,546,0,7689,-1914,0,-2475
2025-10-23,74900,75000,73800,73800,133197,9829938600,-2.122,44780,-20365,-24278,-23707,1233,-74,112,0,-1841,-84,-53,-1
2025-10-24,74600,74600,73000,74000,102984,7620816000,0.271,15946,-198,-14682,-17657,-873,2267,-276,0,2960,-339,-727,-1103
2025-10-27,73900,74500,73600,74300,111380,8275534000,0.4054,-6440,15159,-7247,-23682,221,1290,-4032,0,18956,-1600,128,0
2025-10-28,74400,75500,73900,74600,176632,13176747200,0.4038,10028,15747,-26509,-18540,-442,-9,-382,0,-7136,349,385,0
2025-10-29,74700,74700,72900,73400,172183,12638232200,-1.6086,86327,-55646,-31149,-16024,-168,39,-355,0,-7641,463,5,-7000
2025-10-30,73000,73700,72900,73400,100124,7349101600,0.0,-9184,11382,-931,203,1767,399,-917,0,-2587,-1268,1,204
2025-10-31,73400,73500,72000,72200,134357,9700575400,-1.6349,63814,-54721,-8855,-237,-5583,-1274,-492,0,-1565,-298,60,296
2025-11-03,72300,73000,71600,71800,130679,9382752200,-0.554,38458,-29376,-9620,-154,-2279,106,-1150,0,-6101,534,4,-42
2025-11-04,71500,72500,71000,71600,160672,11504115200,-0.2786,-2381,29104,-26754,-17234,-4147,-329,-2239,0,-2806,288,-257,1
2025-11-05,72200,72200,70300,71200,188884,13448540800,-0.5587,-2880,-3320,9039,4726,-146,-1147,-58,0,5664,242,-3081,0
2025-11-06,71800,74100,70700,73700,206946,15251920200,3.5112,-73470,63243,9582,9235,-8173,1840,1417,0,5419,671,-26,-156
2025-11-07,73700,73700,71200,72100,112213,8090557300,-2.171,17740,-12642,-4424,-2545,-1220,940,467,0,-2066,-657,-17,0
2025-11-10,72400,74900,72200,74700,114400,8545680000,3.6061,-58443,52843,5086,-605,-605,970,-127,-2,5455,662,-148,0
2025-11-11,74000,78600,73300,76900,414442,31870589800,2.9451,-117766,42680,76194,8456,52264,9143,6696,-6917,6553,-1273,165,-1
2025-11-12,78600,80400,78200,79600,285058,22690616800,3.5111,-114802,59556,59326,18190,2293,11841,13496,0,13506,-3958,-122,0
2025-11-13,79600,80000,78700,79000,189859,14998861000,-0.7538,-9735,4722,7397,2324,1523,325,915,0,2310,-2079,-305,0
2025-11-14,78500,80900,77900,78900,182060,14364534000,-0.1266,-45084,41286,6285,-6110,9424,1446,137,0,1407,-2115,-372,-19
2025-11-17,79800,79800,78000,79500,148144,11777448000,0.7605,3788,22008,-21355,-6536,1250,-5602,-4787,0,-5679,-4380,-61,-1
2025-11-18,78800,81100,78600,79900,285101,22779569900,0.5031,-79173,84772,-3498,348,4334,494,-3633,0,-41,-2104,3,-5000
2025-11-19,79400,80100,77800,79400,185858,14757125200,-0.6258,-28304,43726,-13855,-9371,-7227,-988,-2495,0,6753,-1820,253,-527
2025-11-20,79700,80900,78800,80400,179616,14441126400,1.2594,-18156,36474,-17257,-14514,9506,249,-14398,0,1901,-916,-145,-1
2025-11-21,80400,80500,79100,80000,122816,9825280000,-0.4975,-12203,20354,-8371,-11020,14450,2511,-13828,0,-474,425,-205,-10
2025-11-24,80200,80400,77400,77600,129799,10072402400,-3.0,30666,-17070,-13840,-16442,1778,-2159,-1775,0,4756,251,-7,2
2025-11-25,77700,79700,77400,79000,131762,10409198000,1.8041,-34509,26971,6216,-14071,89,-379,17078,0,4499,1294,28,-1000
2025-11-26,79600,79600,78300,79000,111386,8799494000,0.0,-6058,11181,-4648,-19014,-2910,273,-137,0,17140,175,-650,0
2025-11-27,79100,79300,78000,78200,99109,7750323800,-1.0127,2726,6565,-9256,-10206,3563,871,-3066,0,-418,-48,13,0
2025-11-28,78600,78900,77900,78200,88402,6913036400,0.0,-9607,8632,195,-9240,292,530,-263,0,8876,785,-5,0
2025-12-01,79400,81400,79300,79900,150160,11997784000,2.1739,-31844,30490,2109,-8552,-2171,3160,3233,-15,6454,-770,15,0
2025-12-02,80700,83100,79400,82200,278064,22856860800,2.8786,-50392,-2946,54935,14131,11393,5873,18904,0,6978,-1682,85,-2344
2025-12-03,82300,85100,82100,83100,236226,19630380600,1.0949,-37059,1,37299,11091,4903,11844,7454,-9328,11335,-280,39,0
2025-12-04,83100,84600,82500,83000,130410,10824030000,-0.1203,-2154,-25638,26302,7456,11733,1483,-167,0,5797,1495,-5,0
2025-12-05,82300,83000,81100,82300,89804,7390869200,-0.8434,-9036,-5478,16632,7694,2836,929,362,0,4811,-2107,-11,0
2025-12-08,81900,82900,81500,82100,91551,7516337100,-0.243,6208,-9367,3236,-4078,7399,587,-296,0,-376,-240,163,0
2025-12-09,82400,82900,81700,82300,118333,9738805900,0.2436,-4981,6274,-634,-1708,2078,518,268,-9,-1781,-650,-9,0
2025-12-10,82300,82400,80550,80600,116742,9409405200,-2.0656,-2706,9732,-7267,-282,-6546,-158,1269,0,-1550,241,0,0
2025-12-11,81100,81100,78300,79100,268686,21253062600,-1.861,40329,34247,-73967,-8935,-16848,-371,-12058,0,-34148,-586,-23,-1607
2025-12-12,79800,82300,79000,82200,189776,15599587200,3.9191,-34462,25343,11021,4428,5513,-1162,218,0,2024,-1903,1,0
2025-12-15,81900,93400,81200,89400,826395,73879713000,8.7591,-253274,149597,95029,62046,10716,-7537,4193,2246,25860,7664,984,-2495
2025-12-16,91300,94300,90500,90900,509572,46320094800,1.6779,-56568,-45692,99811,57810,43425,3378,1841,155,-6810,2058,391,12
2025-12-17,91700,93500,88400,89200,314843,28083995600,-1.8702,-35035,-7290,43411,33751,15998,-6172,5003,0,-5169,-474,-612,0
2025-12-18,90400,92800,89200,89200,337698,30122661600,0.0,9829,-89826,85889,70128,2819,7559,4102,0,1108,-4602,-1290,173
2025-12-19,90000,90200,84600,85500,300014,25651197000,-4.148,24458,-36610,11558,13065,-3162,-2954,-17365,0,21974,393,201,0
2025-12-22,86300,86900,84900,86800,123787,10744711600,1.5205,2214,-21032,18785,18995,-4674,163,-976,0,5278,-187,220,-1
2025-12-23,87200,87800,84700,85300,186009,15866567700,-1.7281,33343,-30270,-2871,-4953,-2228,-2640,-7893,-127,15011,-202,0,-41
2025-12-24,85600,86800,85000,85200,101924,8683924800,-0.1172,-8147,-8893,17933,14262,390,-1130,91,0,4320,-929,36,0
2025-12-26,85600,86000,83000,83100,123163,10234845300,-2.4648,28222,-25483,-2191,564,-484,-2765,360,0,2133,-730,182,-1999
2025-12-29,82700,83900,81800,82400,107172,8830972800,-0.8424,22581,-12884,-9865,3136,-11413,-1408,-1171,0,991,142,26,0
2025-12-30,82400,82700,80500,81300,236454,19223710200,-1.335,54733,41701,-93299,3292,-81962,290,-15587,0,756,-3108,-27,-88
2026-01-02,81900,82000,79600,80200,162536,13035387200,-1.353,56869,-19434,-38441,-11592,-7017,-1784,9062,0,-26756,1200,-194,-354
2026-01-05,80900,83500,79400,82500,187843,15497047500,2.8678,-31533,32343,3307,8524,1938,257,2635,-12,-9987,-2986,-1131,-48
2026-01-06,83700,84500,83000,83400,180785,15077469000,1.0909,9615,-13290,4593,9691,-1180,2024,-27,1969,-7889,-906,-12,5
2026-01-07,83000,84400,81700,84300,172409,14534078700,1.0791,4589,13739,-19822,-9811,-33,2596,-4445,0,-8129,1588,-94,0
2026-01-08,84300,84400,80000,80700,286048,23084073600,-4.2705,88061,-7563,-83284,-67083,-557,1323,52,0,-17009,-411,3197,-10
2026-01-09,81500,82600,80800,81800,132114,10806925200,1.3631,-10968,-13011,28451,6304,3724,1191,-1753,1500,17485,-1018,-3454,0
2026-01-12,82500,83100,80200,81500,240622,19610693000,-0.3667,51578,-40288,-17220,-12215,3620,-1741,-4287,0,2160,2383,3547,-4757
2026-01-13,82700,82700,81000,81800,140704,11509587200,0.3681,4371,4703,-13233,-8560,9621,-492,-25658,0,11491,6172,-2013,365
2026-01-14,82100,82900,81000,81700,197533,16138446100,-0.1222,15298,-17373,-3545,-5939,-1620,-1364,-5270,0,10387,5545,75,261
2026-01-15,82000,83500,81800,82600,182648,15086724800,1.1016,15968,-5755,-10169,8252,-10900,-267,-991,0,-6324,328,-372,61
2026-01-16,82800,85000,82700,83500,221250,18474375000,1.0896,-24727,9267,9119,17748,-751,428,-642,0,-7723,6826,-485,59
2026-01-19,83700,83800,82100,82200,145060,11923932000,-1.5569,33754,-29073,-6962,5784,-615,-806,-1463,-3307,-6628,1782,499,73
2026-01-20,82400,84600,82300,84000,184850,15527400000,2.1898,-35512,34289,1395,6523,1857,3413,-540,0,-8860,-126,-46,-998
2026-01-21,83000,84600,82500,84100,122159,10273571900,0.119,-16575,7461,9220,6582,6111,199,-355,-29,-3288,-15,-91,0
2026-01-22,84100,86800,83800,86000,174715,15025490000,2.2592,-55620,33694,22071,13942,134,946,-901,-14,7963,344,-489,1
2026-01-23,86300,87700,85900,87200,142189,12398880800,1.3953,-33261,17930,15985,6639,-134,2490,-769,-17,7699,-308,-346,77
2026-01-26,88300,90500,86900,87000,191523,16662501000,-0.2294,28362,-24457,-4381,-482,8617,427,-303,-33,-12568,604,-128,-39
2026-01-27,87700,89500,86600,88900,193103,17166856700,2.1839,-38760,44288,-5589,6291,-9865,-1841,-56,0,770,226,-165,-888
2026-01-28,89000,89200,88000,88600,149250,13223550000,-0.3375,-29396,30105,-3661,5064,-4353,-1832,-732,-52,-1756,3243,-291,0
2026-01-29,88700,90100,86900,89700,194282,17427095400,1.2415,-56434,50902,1466,471,-2478,-694,-558,-126,4961,4131,-65,-110
2026-01-30,89000,92500,88900,91000,244326,22233666000,1.4493,-53732,38765,4409,5105,-38,-1164,-1251,0,1637,10566,-8,120
2026-02-02,91500,91500,87900,88300,190832,16850465600,-2.967,33265,-19898,-18949,-1175,-1474,-3087,-1064,0,-11753,5960,-378,-396
2026-02-03,90000,92000,89100,91900,261312,24014572800,4.077,-36679,16146,19552,-1168,-2263,1378,-56,0,23661,1006,-25,-2000
2026-02-04,92000,95600,91800,94600,259293,24529117800,2.938,-65796,44419,13195,-1782,-2683,-1058,17062,0,1679,8223,-41,-23
2026-02-05,103000,112200,99100,103600,1433024,148461286400,9.5137,55242,-11659,-44409,56267,-98189,12946,-887,-12,-12334,1010,-184,-2200
2026-02-06,118100,119800,100800,102200,1500897,153391673400,-1.3514,276418,-215367,-64830,3631,1653,-14240,-683,-31,-55159,2999,780,-1
2026-02-09,110200,116400,106800,107400,763834,82035771600,5.0881,-19031,1473,15428,8215,3617,1920,681,0,495,1936,194,500
2026-02-10,109500,121000,108000,117600,1723986,202740753600,9.4972,-83216,-92410,166699,110990,-6709,54918,3163,0,4345,9296,-369,-8
2026-02-11,123500,136400,118300,127600,2285240,291596624000,8.5034,-196390,156621,40107,49938,11643,9512,-19539,0,-8427,723,-1061,-3020
2026-02-12,129700,129900,115500,117600,1354940,159340944000,-7.837,636172,-517540,-121613,-54001,-38924,-66844,15437,0,22724,1364,1617,-5
2026-02-13,118500,118600,111300,111300,755487,84085703100,-5.3571,166135,-125843,-41780,-16434,-10730,-18224,6972,0,6635,43,1445,-9999
2026-02-19,111300,112300,107800,111500,452232,50423868000,0.1797,-13079,3407,10192,-18161,-914,6319,-3305,0,26191,-596,76,62
2026-02-20,112600,114200,110300,110700,298737,33070185900,-0.7175,-15740,30796,-16735,-7478,-2497,-3900,-27347,0,24458,1589,90,29
2026-02-23,111300,114500,110800,112400,369555,41537982000,1.5357,-55047,64203,-12540,-16330,10078,-412,-629,0,-5293,4023,-639,46
2026-02-24,112700,113400,107600,108200,463797,50182835400,-3.7367,110428,-104255,-19855,-35534,-5468,-1165,-1967,0,23866,12607,1075,413
2026-02-25,108600,109900,108300,108600,333576,36226353600,0.3697,-19566,42505,-28141,-18640,-4105,897,-2162,0,-4349,4702,500,218
2026-02-26,108700,109300,105900,106400,284603,30281759200,-2.0258,5503,15244,-2527,-18380,2539,-2535,-543,0,16008,-17703,-517,384
2026-02-27,106300,107700,104800,105000,284045,29824725000,-1.3158,21290,-19815,-4303,-4924,-2579,719,72,0,2363,4329,-1501,46
2026-03-03,103500,105900,100600,100800,303046,30547036800,-4.0,-67293,89388,-22198,-29273,1289,-2299,-58,0,9483,-1067,1170,-1340
2026-03-04,96200,97000,88600,88700,428985,38050969500,-12.004,-84607,122140,-42986,-26307,5040,-1,-876,0,-10983,5340,113,-9859
2026-03-05,93200,95200,91400,91400,266952,24399412800,3.044,36302,-6423,-32280,-10839,-12830,563,-2209,0,-6965,2131,270,0
2026-03-06,90000,94000,90000,92600,171442,15875529200,1.3129,3023,12258,-15545,-101,-13125,1854,-4676,0,503,259,5,0
2026-03-09,88100,92900,86900,92400,196980,18200952000,-0.216,-52255,67489,-15760,163,-2629,-247,-683,0,-12365,468,58,1
2026-03-10,94600,94800,91000,91500,154527,14139220500,-0.974,51721,-51328,-171,-3529,-71,1292,-186,0,2302,-402,180,21
2026-03-11,93400,98000,93100,96000,221909,21303264000,4.918,-38288,23100,16889,-5307,6648,9367,-122,0,6305,-1296,-405,-2
2026-03-12,95600,95800,92900,93800,303006,28421962800,-2.2917,62346,-83765,20385,-865,25275,675,-172,0,-4528,877,157,0
2026-03-13,91700,94800,91400,93700,122393,11468224100,-0.1066,5412,10972,-19554,143,683,-317,435,0,-17499,3170,0,-2999
2026-03-16,93800,95900,91500,93400,243477,22740751800,-0.3202,39770,-31521,-14081,-2715,-1994,-4210,-236,0,-4926,5881,-49,0
2026-03-17,96600,97500,95000,95200,207010,19707352000,1.9272,281,21720,-21106,2625,-12622,-1138,889,0,-10860,-1010,115,0
2026-03-18,96200,97700,95700,96300,169684,16340569200,1.1555,-15981,-18172,37557,24939,-3331,-1181,-3397,0,20527,-3285,-119,0
2026-03-19,94500,95400,94000,94400,94132,8886060800,-1.973,2690,-7712,7958,15922,138,-378,-1106,0,-6618,-3337,401,0
2026-03-20,95100,103900,95100,100700,399263,40205784100,6.6737,-12774,-17011,27731,4050,866,5887,-550,0,21143,2320,-266,-3665
2026-03-23,99600,102800,94700,95400,269682,25727662800,-5.2632,50352,-38451,-12333,6268,2366,-1949,-577,0,-18606,559,-127,165
2026-03-24,98100,98800,93000,95300,387870,36964011000,-0.1048,22056,-79818,57101,-150,124690,1013,-216,-6,-68163,645,16,-67
2026-03-25,96500,100800,96400,98500,290742,28638087000,3.3578,-48780,75579,-27208,250,1634,-1404,-71,-42,-27575,408,1,0
2026-03-26,98600,99200,96900,97800,142620,13948236000,-0.7107,-13069,17820,-4790,2491,-1456,2058,935,0,-8818,161,-122,0
2026-03-27,95500,101500,95100,100000,297283,29728300000,2.2495,5918,-20800,5097,20474,6304,2798,24584,0,-44643,10066,-281,-4420
2026-03-30,97000,99300,96500,98000,179425,17583650000,-2.0,-27921,-38056,65366,58418,3916,1206,-463,0,2288,589,22,1
2026-03-31,95400,98800,94900,95700,243930,23344101000,-2.3469,-61522,-30975,93117,-1264,-2890,105303,-460,0,-7422,-286,-334,-150
2026-04-01,97600,97800,94700,97000,207414,20119158000,1.3584,42429,-64794,16867,244,-2081,-5157,-214,0,24075,5436,62,0
2026-04-02,96900,97700,88800,90100,271875,24495937500,-7.1134,56682,28207,-89252,-43624,-6516,-2067,-19588,0,-15192,4409,-46,-2265
2026-04-03,92000,92000,89200,90200,105299,9497969800,0.111,4616,5580,-11529,-4082,-3934,-936,-168,0,1152,1308,25,-3561
2026-04-06,89800,91800,89800,91100,98726,8993938600,0.9978,-13938,26164,-12154,-8338,-665,893,-917,0,-3127,-76,4,0
2026-04-07,90800,95300,90800,92200,168379,15524543800,1.2075,-21193,87009,-65994,-1792,-4619,-64143,19,0,6541,300,-122,-2000
2026-04-08,94400,95500,92800,93700,248080,23245096000,1.6269,6517,43682,-43139,-20368,-32420,-13941,-5789,0,29407,-7108,48,-28
2026-04-09,93600,95400,92700,94500,253433,23949418500,0.8538,-10933,73290,-60777,-12089,-83679,-4810,308,0,39493,-2414,834,0
2026-04-10,95000,95400,93900,94400,143246,13522422400,-0.1058,13859,34088,-47990,-30844,-10124,-2927,-4884,0,789,-35,78,0
2026-04-13,92700,93300,91500,92600,207420,19207092000,-1.9068,24961,80555,-105878,3728,-113387,-340,-6025,0,13696,315,47,-3550
2026-04-14,93100,98000,93100,97600,240234,23446838400,5.3996,-114323,95656,19392,25955,-7505,-1559,-657,0,3366,-676,-49,-208
2026-04-15,98600,99200,96000,97700,195603,19110413100,0.1025,19597,13401,-35310,209,-26847,-9515,-475,0,6319,2267,45,-5001
2026-04-16,98000,103600,97600,103500,305931,31663858500,5.9365,-96941,73151,23315,2458,520,-479,22323,0,3395,770,-295,-4902
2026-04-17,103100,104200,101000,101700,123025,12511642500,-1.7391,14123,10469,-21552,2063,-19298,-6632,-938,-29,3281,-2723,-317,1
2026-04-20,102200,104100,101100,102500,123902,12699955000,0.7866,-19435,32761,-12696,-228,230,700,-1531,0,-11532,-678,48,-335
2026-04-21,102500,103600,101000,101700,126592,12874406400,-0.7805,3243,15037,-15273,-614,-4084,-1799,-394,0,-7939,-2880,-127,-443
2026-04-22,101000,103800,100300,102500,163938,16803645000,0.7866,-20295,35715,-15256,7071,-43,652,-157,0,-22779,-186,22,0
2026-04-23,103500,104500,102200,103400,171829,17767118600,0.878,-22529,37649,-19289,-22340,-501,35,-362,0,4880,4252,-83,-1001
2026-04-24,103400,105400,102600,105400,170122,17930858800,1.9342,-31985,41464,-7714,-918,-411,-122,-305,0,-4373,-1907,142,-1585
2026-04-27,108300,108800,105900,106100,156217,16574623700,0.6641,34573,-38173,2313,14788,513,-159,-646,0,-12682,1234,53,499
2026-04-28,105300,107700,105000,106800,155577,16615623600,0.6598,-25543,29723,-9061,95,-3881,-100,-601,-20,-1719,4852,29,-2835
2026-04-29,107100,108900,106300,108100,218916,23664819600,1.2172,-34303,57228,-22452,11986,3513,120,-26,0,-28345,-209,-264,-9700
2026-04-30,107300,108300,103700,106700,230790,24625293000,-1.2951,-53265,24968,25136,15043,474,361,-32,0,9299,3119,42,-9
2026-05-04,108000,108600,104600,105900,204604,21667563600,-0.7498,6846,-36552,19290,23974,6709,-551,-540,0,-11335,10392,24,1033
2026-05-06,105300,105300,102000,103300,192237,19858082100,-2.4551,1313,10732,-10205,16510,-2704,284,-19852,0,-4443,-2012,172,0
2026-05-07,104200,109900,104100,108400,336526,36479418400,4.9371,-151539,87805,64390,37355,29461,-633,11086,0,-12879,-974,318,0
2026-05-08,109400,113900,108200,112900,330835,37351271500,4.1513,-93161,2394,85233,56605,18838,6653,4178,0,-1020,5402,132,-21
2026-05-11,115200,117600,111600,112900,247141,27902218900,0.0,-18587,-19905,36632,16076,28177,17,2081,0,-9699,1713,147,-20
2026-05-12,113800,113800,103000,107100,233072,24962011200,-5.1373,-1691,10266,-9389,2286,342,-1485,-778,0,-9754,1500,-686,0
2026-05-13,108000,109800,102900,106000,249297,26425482000,-1.0271,38395,-33435,-6146,-1404,2526,-51,-46,0,-7093,1069,117,-78
2026-05-14,107000,118700,106600,118700,595800,70721460000,11.9811,-239383,119196,112640,76199,15407,145,5386,0,24971,4890,2657,-9468
2026-05-15,112300,112700,100700,102500,551420,56520550000,-13.6479,128725,-73355,-58214,9313,-44578,1093,-6822,0,-17181,4502,-1658,-39
2026-05-18,102900,102900,96200,99200,225135,22333392000,-3.2195,8647,-4391,-5491,335,625,-5211,-85,0,-1156,1080,155,1
2026-05-19,97000,98000,90400,93600,335587,31410943200,-5.6452,60202,6826,-68544,-25674,-9907,-22084,-14690,0,3810,1454,62,1
2026-05-20,91900,92800,88200,88500,261975,23184787500,-5.4487,17199,4212,-24836,-20879,-4095,-4354,-4260,0,8752,3484,-59,0
2026-05-21,89700,93900,86600,93800,315241,29569605800,5.9887,-3650,-66127,69926,49653,3161,-366,-3351,0,20854,-367,218,-25
2026-05-22,92800,93300,89300,90500,301876,27319778000,-3.5181,67703,-39424,-32741,-21505,-25095,-23428,-810,0,41168,4459,3,-3071
2026-05-26,91700,95000,90400,92700,308156,28566061200,2.4309,42446,1720,-46118,-21700,-339,-10172,-1465,0,-7509,1694,258,-4933
2026-05-27,92800,92800,87300,88100,304927,26864068700,-4.9622,79779,-58497,-27347,-9607,-1422,-4351,-4903,0,-7088,6620,-555,24
2026-05-28,88800,89400,84400,87100,259168,22573532800,-1.1351,33025,-14852,-17003,-4479,-11929,1681,-316,0,-1960,141,-1311,0
2026-05-29,87200,88000,85500,86100,217598,18735187800,-1.1481,18254,3472,-20526,-22485,-101,-1826,-423,0,4308,-788,-412,1
2026-06-01,85300,88500,82600,87700,243886,21388802200,1.8583,-12902,37698,-30061,-26931,-636,-1968,-1311,0,943,3284,1981,-158
2026-06-02,87600,88500,85400,88400,164454,14537733600,0.7982,14107,-11880,-5569,-14899,-738,3422,-52,0,6698,3436,-94,0
2026-06-04,91000,95500,89700,94700,364043,34474872100,7.1267,-69139,39408,30365,22594,15779,7831,-550,0,-14289,-474,-160,-1000
2026-06-05,93900,94000,88500,89200,198590,17714228000,-5.8078,57043,-57014,-1965,-14866,7560,-552,-6,0,7848,1497,439,-1949
2026-06-08,84500,86000,83100,84000,192614,16179576000,-5.8296,58249,-2595,-30020,-13449,-12349,-677,95,-237,-404,-26044,410,-2999
2026-06-09,84700,88100,83800,87300,178421,15576153300,3.9286,11308,8021,-7576,-8178,875,-5463,-149,0,5339,-11151,-602,0
2026-06-10,86300,88900,84600,87500,154715,13537562500,0.2291,9407,-22700,9709,1171,1132,-73,-8,0,7486,3002,582,1
2026-06-11,87800,89500,85000,88400,262727,23225066800,1.0286,42181,1770,-46825,-13367,-2436,435,-289,0,-31169,1391,1483,1
2026-06-12,90900,93500,87900,88600,213578,18923010800,0.2262,-2245,35896,-35055,-59049,3970,423,2974,0,16628,721,683,-1
2026-06-15,90500,92600,89400,90200,127562,11506092400,1.8059,8871,4394,-12526,-10178,-8855,-221,-335,0,7063,-574,-165,0
2026-06-16,90800,92200,89700,91000,123589,11246599000,0.8869,-852,23649,-24034,-12302,-13252,-2529,-2165,0,6214,1408,-171,0
2026-06-17,91800,91800,88700,88900,158778,14115364200,-2.3077,67958,-9370,-61174,-53384,29,339,-956,0,-2202,2886,-300,-5000
2026-06-18,88900,89300,87000,87500,106538,9322075000,-1.5748,30360,-2798,-32805,-12215,-85,-4811,-228,0,-15466,5178,65,0
2026-06-19,87600,88000,84000,86400,164955,14252112000,-1.2571,38287,-3965,-34181,-14614,-11744,1793,-398,0,-9219,1221,-1362,1
2026-06-22,85000,86100,82500,82500,131028,10809810000,-4.5139,63821,-28515,-39308,-22942,18,-257,-72,0,-14907,3868,134,-1148
2026-06-23,82500,85100,81000,81400,156812,12764496800,-1.3333,-2541,20144,-16336,-11423,-1632,3352,-509,0,-4124,-446,-821,-2000
2026-06-24,81500,82500,79000,80400,156105,12550842000,-1.2285,14634,6742,-23915,-13352,-1865,-101,-249,0,-8348,1385,1154,0
2026-06-25,81700,83200,80100,80600,105753,8523691800,0.2488,-1708,16142,-27188,-12067,-161,-5951,-1146,0,-7863,12380,374,0
2026-06-26,81400,81400,76400,79500,158519,12602260500,-1.3648,12656,-13257,-13284,-12161,2401,774,4827,0,-7326,15338,-1453,-1799
2026-06-29,79600,84600,79600,84300,162870,13729941000,6.0377,-51127,55312,-7241,-13950,933,3683,82,0,2011,3075,-19,0
2026-06-30,84800,84900,81700,82400,146426,12065502400,-2.2539,29044,-22344,-7125,1088,673,33,420,0,-9339,420,5,0
2026-07-01,83800,84600,81700,82400,99279,8180589600,0.0,3702,-2100,-1246,-6493,-1672,561,200,0,6158,-424,68,0
2026-07-02,83200,85700,80500,83500,110541,9230173500,1.335,-28562,19895,16853,-687,189,-398,101,0,17648,-8371,185,0
2026-07-03,83300,86400,81100,83500,161935,13521572500,0.0,5322,-8094,2358,-12295,3011,346,211,0,11085,388,26,0
2026-07-06,84700,87500,83900,85100,92833,7900088300,1.9162,-13056,2928,-6755,690,-4914,374,-93,0,-2812,14364,2519,0
2026-07-07,84000,86100,83100,84700,85377,7231431900,-0.47,-3856,-9932,13123,961,1045,1271,58,0,9788,537,128,0
2026-07-08,83500,84300,79600,81100,153672,12462799200,-4.2503,11764,-9647,-5990,-8652,-61,-1729,-282,-11,4745,3776,97,0
2026-07-09,81000,81900,77900,79600,158767,12637853200,-1.8496,15482,-17486,-394,5827,6399,-3117,-2522,0,-6981,2371,27,0
2026-07-10,80100,83500,80100,81800,97998,8016236400,2.7638,-35189,34326,1070,-4900,1010,3225,-1212,0,1341,-80,-127,1606
2026-07-13,82300,85500,81800,82300,118104,9719959200,0.6112,-14695,-10387,25182,1286,13169,2193,-255,0,7962,-76,-24,827
2026-07-14,83100,83100,79600,80300,93302,7492150600,-2.4301,8524,-17121,8094,-588,-60,816,-185,0,7813,552,-49,298
2026-07-15,81600,82900,79000,79400,138894,11028183600,-1.1208,82891,-58565,-25157,-10911,-153,-410,-3320,0,-10863,792,39,500
2026-07-16,79200,81000,78600,79700,121455,9679963500,0.3778,-31362,20794,10607,300,279,10169,-1956,0,3815,-89,50,-2000
2026-07-20,79800,79800,75500,75500,125318,9461509000,-5.2698,46026,-41440,-5163,-5115,-2931,-384,-1983,0,5250,552,25,0
2026-07-21,75800,81600,75700,79900,160116,12793268400,5.8278,-66078,33791,31103,31241,-1051,-2292,7907,0,-4702,1188,-4,0
2026-07-22,80500,83300,79600,81700,166115,13571595500,2.2528,-49067,7872,42673,34103,68,4629,4734,0,-860,-1479,1,-1
2026-07-23,82200,84700,82100,83400,80252,6693016800,2.0808,-3383,-10127,13592,13080,341,-37,638,0,-431,-83,1,1
2026-07-24,82300,84100,81400,82300,82285,6772055500,-1.3189,-12085,7608,4875,8754,-24,-598,-2550,0,-938,-400,2,231
2026-07-27,82700,83800,81800,82700,52711,4359199700,0.486,5116,-12396,7393,3395,-281,379,188,0,3712,-103,-10,0
2026-07-28,81900,82300,78500,79300,75848,6014746400,-4.1112,3805,-6419,4189,2445,-4731,1453,-131,0,5152,-1755,180,1
2026-07-29,79600,81400,75100,77100,174660,13466286000,-2.7743,-27475,7747,26512,1931,11485,1177,429,0,13190,-6851,67,-1700
2026-07-30,75800,79900,75800,77800,92510,7197278000,0.9079,-9092,2337,6747,170,736,327,1508,0,4306,508,-500,-300
2026-07-31,79500,80000,77600,79800,124222,9912915600,2.5707,38756,-28455,-11853,-6798,-499,1162,-1265,2,-4539,1552,0,84
2026-08-03,78800,79200,77400,78200,93485,7310527000,-2.005,18019,-419,-18001,-13097,50,1268,96,0,-7087,382,19,769
2026-08-04,77800,80100,77100,80100,89887,7199948700,2.4297,-27769,29686,-1580,-8361,2534,1302,797,0,1276,-326,-11,872
2026-08-05,80500,81600,79300,79700,87577,6979886900,-0.4994,28713,-17762,-11259,-5669,-3643,1351,-288,0,-3182,264,44,172
2026-08-06,79700,81400,79000,81400,90013,7327058200,2.133,-45287,31830,13324,2859,986,65,97,0,9298,145,-12,19
2026-08-07,80800,83100,80600,81600,108421,8847153600,0.2457,-2333,-8841,11289,209,-458,-748,-552,0,10254,-105,-10,2584
2026-08-10,81600,82400,80300,81800,111368,9109902400,0.2451,8042,2981,-10613,-17070,-6703,553,-1084,0,10227,-324,-86,3464
2026-08-11,81800,82800,80300,80600,88216,7110209600,-1.467,27106,-15119,-12519,-14960,2000,172,67,0,-792,525,7,994
2026-08-12,80700,80900,79700,79900,94687,7565491300,-0.8685,43598,-25479,-18213,-3418,-2657,58,307,0,-13800,89,5,1297
2026-08-13,79900,80800,75600,78100,324166,25317364600,-2.2528,71963,-42711,-20855,22452,4253,347,340,0,-51913,-8472,75,3666
2026-08-14,78300,79000,76500,78900,124603,9831176700,1.0243,18261,-31369,12841,3442,721,495,-1173,0,9481,6,261,-125
