date,open,high,low,close,volume,trading_value,change_rate,individual_net,foreign_net,institution_net,pension_net,trust_net,privateequity_net,insurance_net,bank_net,financial_net,other_corp_net,other_foreign_net,other_finance_net
2017-05-12,165000,171500,157000,162000,6368916,1031764392000,0.0,1510835,-1735805,196797,252337,-111757,-1333,80777,-6158,-3174,17833,10340,-13895
2017-05-15,159000,165500,158000,160000,1504154,240664640000,-1.2346,119064,-251182,112214,71399,8515,1176,8685,5020,10399,19674,230,7020
2017-05-16,161500,162500,156000,156000,1146762,178894872000,-2.5,121340,-96147,-24894,71988,-16915,-48008,11149,1914,-44781,-1161,862,-241
2017-05-17,153000,154500,142000,144000,2006418,288924192000,-7.6923,307844,-195292,-101797,18129,-71767,-31190,12683,6795,-37118,-9920,-835,671
2017-05-18,144000,149500,142000,148000,1587826,234998248000,2.7778,-47857,139303,-78389,-14230,-26481,-5419,-428,-56,-33125,-12822,-235,1350
2017-05-19,147500,149500,143500,143500,680357,97631229500,-3.0405,119238,-41638,-59197,-8521,-13471,-26508,-3038,1348,-10007,-18747,344,1000
2017-05-22,143000,143500,138000,140000,1133489,158688460000,-2.439,199465,-98626,-98192,4188,-2455,-60854,-4360,4657,-35368,-4590,1943,-4000
2017-05-23,141000,144000,139000,143500,634619,91067826500,2.5,-128349,114466,13473,5466,8038,-2805,3999,-2807,1752,-726,1136,-170
2017-05-24,145000,146000,143500,145000,473540,68663300000,1.0453,979,-3232,5582,28943,-1825,2473,-8484,0,-16525,-4092,763,1000
2017-05-25,145500,146000,141000,144000,492961,70986384000,-0.6897,27531,3024,-28789,30491,-1689,-33577,-3919,1915,-22010,-1605,-161,0
2017-05-26,143500,143500,139500,142000,791714,112423388000,-1.3889,153632,-178950,23221,37720,-3974,255,310,2375,-14715,2029,68,1250
2017-05-29,142000,147000,140500,147000,675099,99239553000,3.5211,-49326,53674,-13384,13746,-47860,-8150,7505,2497,18292,9706,-670,586
2017-05-30,147000,149500,146500,149500,576607,86202746500,1.7007,-72241,32320,41897,39839,3557,-19472,8525,7800,13567,-1009,-967,-11919
2017-05-31,150000,152000,148500,152000,1989706,302435312000,1.6722,-194721,384788,-155951,22409,-38084,-55510,-21510,-2024,-58266,-33572,-544,-2966
2017-06-01,152000,155000,150000,151500,405486,61431129000,-0.3289,-27505,33140,-12918,-2872,4086,-14363,4492,612,-4873,-6254,13537,0
2017-06-02,152500,160000,152500,158500,1005171,159319603500,4.6205,-313982,271113,56520,57068,13070,9638,-9639,-4,-9038,-12072,-1579,-4575
2017-06-05,159000,161000,158000,161000,578458,93131738000,1.5773,-154174,126670,44411,51699,9468,-10064,9254,-823,-4440,-16533,-374,-10683
2017-06-07,160000,161000,155000,160500,639485,102637342500,-0.3106,-120911,145063,-26104,37775,774,-49982,4111,-6150,-6132,1951,1,-6500
2017-06-08,161000,161000,152500,153500,1255870,192776045000,-4.3614,35299,-286203,255857,94251,239101,-104940,36467,-9475,2148,-6088,1135,-1695
2017-06-09,153000,153000,147000,149000,822530,122556970000,-2.9316,125088,-157235,34331,88619,10615,-25656,-10344,-2060,-23833,-2678,494,-3010
2017-06-12,143000,146000,141000,141500,1361725,192684087500,-5.0336,505163,17107,-508993,36635,-367258,-105307,-73541,-4974,5052,-14735,1458,400
2017-06-13,142000,145500,141500,145500,518659,75464884500,2.8269,-8712,-27900,36959,50947,-15400,8319,-436,1983,-7954,-399,52,-500
2017-06-14,146000,146500,143000,143000,284894,40739842000,-1.7182,29176,-35514,6254,44223,-24416,-7422,-4997,-5,-1129,-278,362,0
2017-06-15,144000,149000,143500,147500,515357,76015157500,3.1469,23121,1539,-27061,36923,-5359,-18391,3305,-3000,-40539,2377,24,0
2017-06-16,149500,154000,149000,152000,665089,101093528000,3.0508,-156923,34058,121980,94089,30598,12305,4611,500,-18647,843,42,-1476
2017-06-19,151500,152000,146500,150500,420046,63216923000,-0.9868,-50801,8731,46239,63431,-959,-2847,12456,4,-25846,-4229,60,0
2017-06-20,149500,153500,147000,153500,439121,67405073500,1.9934,-79400,9799,70001,49180,3142,-8217,10592,12715,1773,-95,-305,816
2017-06-21,154000,155000,150000,153000,320623,49055319000,-0.3257,-51576,-30295,81809,47800,-2144,14927,-1380,27,25779,1044,-982,-3200
2017-06-22,152000,154500,151000,151500,274429,41575993500,-0.9804,-59973,-10750,70033,36351,610,18410,4122,3000,6840,504,186,700
2017-06-23,153000,155000,152500,153500,262224,40251384000,1.3201,-87726,36950,49434,44913,-1205,-6513,4735,1229,6594,1382,-40,-319
2017-06-26,154000,155500,151500,152500,256090,39053725000,-0.6515,-6291,180,6084,14346,3890,-2983,1208,0,-9377,-6,33,-1000
2017-06-27,152000,153500,148000,150000,246479,36971850000,-1.6393,-8001,8199,1345,26013,-7016,-15223,-1934,1131,-1626,-1966,423,0
2017-06-28,150500,152500,149000,149000,177019,26375831000,-0.6667,-31408,-14852,48923,37384,-2785,895,2054,30,10889,-2285,-378,456
2017-06-29,149500,155000,149500,155000,305111,47292205000,4.0268,-108512,44930,65273,37830,5298,14539,4187,0,5919,-1771,80,-2500
2017-06-30,154000,156500,153500,155000,208103,32255965000,0.0,-42979,16739,26587,33116,1679,-9100,1689,0,203,-152,-195,-1000
2017-07-03,155000,156000,152000,152500,177684,27096810000,-1.6129,-2266,4363,620,26783,-7784,4629,-20760,0,-2260,-2520,-197,12
2017-07-04,153000,154000,151500,152500,125481,19135852500,0.0,-10081,2982,8152,12877,-3478,-6368,222,0,4899,-671,-382,0
2017-07-05,152500,152500,149000,149500,173393,25922253500,-1.9672,18346,-18363,-1727,14543,-840,-17063,-809,0,2442,1816,-72,0
2017-07-06,149500,151000,147500,148000,165756,24531888000,-1.0033,34813,-19848,-21298,-201,91,-13782,724,0,-8130,6198,135,0
2017-07-07,149500,156000,149000,155000,452333,70111615000,4.7297,-110609,14592,101674,71717,13084,-2708,478,1400,18353,-5275,-382,-650
2017-07-10,154500,154500,150500,151000,151964,22946564000,-2.5806,-629,-19657,18594,16767,3230,5120,-2815,-6300,2592,1532,160,0
2017-07-11,151000,152000,148500,148500,190487,28287319500,-1.6556,54634,-55273,1548,13128,-2075,186,553,-6300,-3944,-1360,451,0
2017-07-12,149000,150500,144500,145000,340497,49372065000,-2.3569,69554,-44564,-22620,30556,-11907,-11117,-12433,-6478,-11241,-6891,4521,0
2017-07-13,146500,147000,144500,145000,209308,30349660000,0.0,19353,-6198,-10305,10367,-5518,-3866,157,0,-11445,2259,-5109,0
2017-07-14,146000,147000,144500,145500,148846,21657093000,0.3448,4513,-1125,-6391,8480,-4309,-9565,-2695,0,1698,2735,268,0
2017-07-17,145500,146500,144500,145500,102387,14897308500,0.0,-836,-5945,8428,12805,-13119,6877,-1532,-63,3460,-1636,-11,0
2017-07-18,146000,146500,144500,145000,115522,16750690000,-0.3436,-2190,6914,-9069,11741,-8754,-6522,-111,-55,-5030,4309,36,-338
2017-07-19,145000,145000,142500,145000,158087,22922615000,0.0,-25741,131,24417,8455,-1683,9351,-2648,-376,11318,1099,94,0
2017-07-20,146000,149000,145000,148500,190152,28237572000,2.4138,-50073,21785,24420,20297,-3310,4687,-1349,713,3382,3957,-89,0
2017-07-21,149000,149500,146500,148000,120518,17836664000,-0.3367,-32172,32580,1131,7167,-1605,-4625,610,0,-416,-1517,-22,0
2017-07-24,149500,149500,148000,149000,86607,12904443000,0.6757,-25645,19324,10601,7161,-2330,3866,158,0,1746,-4230,-50,0
2017-07-25,149500,149500,146000,146500,133767,19596865500,-1.6779,21822,-38230,21000,5947,99,5859,-1770,0,10865,-4437,-155,0
2017-07-26,147500,147500,144500,146000,121396,17723816000,-0.3413,-14551,-3745,18382,14011,731,-5575,-544,-3500,13259,-222,136,0
2017-07-27,146500,146500,145000,146000,67004,9782584000,0.0,-10577,242,9960,9650,-288,-300,267,0,631,300,75,0
2017-07-28,146000,146500,144500,144500,115409,16676600500,-1.0274,-14691,-17730,32222,14007,3222,186,116,0,14691,-118,317,0
2017-07-31,144000,145500,142500,143000,126376,18071768000,-1.0381,17916,1954,-19989,13207,-23658,-14527,-501,-739,6229,-28,147,0
2017-08-01,143500,144000,141500,141500,165735,23451502500,-1.049,41935,5148,-52993,-9452,-20246,-13693,-29,-201,-9373,5953,-43,1
2017-08-02,142500,143000,141500,141500,104535,14791702500,0.0,9336,-10358,1536,-2840,1109,11607,571,1901,-10812,-960,446,0
2017-08-03,141500,141500,135500,136500,314969,42993268500,-3.5336,97254,-63535,-35432,883,3921,-49894,2660,-2500,9498,1921,-208,0
2017-08-04,136000,137500,129500,130500,505939,66025039500,-4.3956,134850,-16984,-110909,-25728,-47400,-33046,-7110,400,2442,-7094,137,-467
2017-08-07,128500,135500,128500,134500,334626,45007197000,3.0651,-20142,32473,-11651,-19620,-6855,28357,-13056,8,-485,-982,302,0
2017-08-08,135500,136000,133500,135500,108453,14695381500,0.7435,4816,2561,-7307,-11203,1073,4809,-1329,0,-557,10,-80,-100
2017-08-09,134500,137000,134000,134500,136255,18326297500,-0.738,349,14968,-16502,-2592,-383,-632,-7027,-1000,-4868,1424,-239,0
2017-08-10,134000,134500,129500,130500,284470,37123335000,-2.974,48827,-56622,5915,-22720,-8385,17715,-2979,-1690,23974,1625,255,0
2017-08-11,128500,131000,126500,127500,241741,30821977500,-2.2989,9709,-39817,29602,-7019,-6150,29408,-1986,-429,18343,396,110,-2565
2017-08-14,127000,131500,123500,131000,484611,63484041000,2.7451,3122,54185,-57725,-18885,-31124,14058,-12715,-3123,722,392,26,-6658
2017-08-16,131000,136500,129500,136500,335214,45756711000,4.1985,-93698,27173,67752,17185,15978,13530,-1654,467,21757,-1149,-78,489
2017-08-17,135500,137000,134000,135500,122988,16664874000,-0.7326,-2287,12030,-9656,3183,-20728,9505,-2565,5,944,-79,-8,0
2017-08-18,134000,138500,132000,138500,181977,25203814500,2.214,-48982,53866,-4565,-8117,2679,3584,-8748,0,6037,-100,-219,0
2017-08-21,139000,143000,137500,142500,299616,42695280000,2.8881,-72478,55859,15643,14752,8325,1364,9545,1488,-1699,898,78,-18132
2017-08-22,143000,145000,142000,144500,326501,47179394500,1.4035,-49420,78331,-27270,1154,1208,-18988,8741,0,-19035,-1772,131,-350
2017-08-23,145000,145500,141500,143500,220314,31615059000,-0.692,8658,5690,-14759,1795,1220,-4921,9518,0,-22371,699,-288,0
2017-08-24,154500,157000,151500,155500,1363312,211995016000,8.3624,-522802,410252,143080,58234,8235,65232,9625,-425,22286,-28983,-1547,-20107
2017-08-25,153000,153500,147000,150000,922485,138372750000,-3.537,-10304,164995,-156208,923,-11706,-73978,-10957,3,-60493,940,577,0
2017-08-28,151500,153500,148000,148500,254527,37797259500,-1.0,21807,-8397,-11316,4169,11758,-38153,6061,420,3988,-2424,330,441
2017-08-29,148000,149000,143500,145500,248788,36198654000,-2.0202,29632,-962,-27669,201,-9188,-8697,-10918,-642,2249,-1173,172,-674
2017-08-30,148000,153000,148000,152500,389665,59423912500,4.811,-106960,70194,30936,7730,-4614,16610,4508,0,6802,6160,-330,-100
2017-08-31,153000,154500,149000,154500,263067,40643851500,1.3115,-72051,80791,-13295,1227,5072,-14712,1096,-67,-5911,5091,-536,0
2017-09-01,153000,155000,151500,154500,206062,31836579000,0.0,-56130,35247,25730,8324,4333,-2643,5156,3000,7560,-4736,-111,0
2017-09-04,149500,153500,149500,150000,194367,29155050000,-2.9126,-7755,-7401,17808,-7533,-10629,22385,342,300,12943,-2559,-93,0
2017-09-05,152000,152500,149500,150500,125772,18928686000,0.3333,-25945,4334,21359,-13186,2320,16645,1967,0,14290,13,239,-677
2017-09-06,152000,157000,150500,157000,408286,64100902000,4.3189,-147520,57312,88563,29228,30323,-10196,21079,-2278,20407,911,734,0
2017-09-07,156000,159000,156000,158000,317444,50156152000,0.6369,-84213,52673,38384,18594,4315,2844,12682,-294,1957,-6846,2,-1714
2017-09-08,156500,157000,149000,150500,369958,55678679000,-4.7468,87326,-91305,4030,14392,-2006,-10572,2669,0,-453,-68,17,0
2017-09-11,151000,152500,149500,150000,146497,21974550000,-0.3322,15676,-26395,11037,-3816,-3956,4977,269,0,13563,-218,-100,0
2017-09-12,150500,151000,146000,147000,220881,32469507000,-2.0,66250,-34782,-33503,6135,-9729,-16350,-81,-8002,-950,1837,198,-4526
2017-09-13,147000,149000,145500,149000,189246,28197654000,1.3605,8425,-5123,-6799,7226,-16119,-191,8853,0,-6568,3442,55,0
2017-09-14,149500,152000,147500,149500,195202,29182699000,0.3356,-9949,4868,4526,2283,1729,-1949,3427,195,-1160,353,202,1
2017-09-15,149000,150500,148000,150500,181765,27355632500,0.6689,-26480,21422,4039,19027,151,-17048,3392,702,-2185,859,160,0
2017-09-18,150500,155000,150000,154500,287462,44412879000,2.6578,-57258,-946,60021,24006,8813,17095,9677,98,300,-1545,-272,32
2017-09-19,155000,156000,153000,154500,196158,30306411000,0.0,-32421,22024,10017,19099,-2333,-6204,5706,-3558,-2843,418,-38,150
2017-09-20,156000,157500,155000,156500,256313,40112984500,1.2945,-62061,48334,14373,5391,503,-323,7875,-63,628,-667,21,362
2017-09-21,156000,156500,154000,156000,163436,25496016000,-0.3195,-8361,18039,-7924,3051,-10770,-30,576,0,-751,-1710,-44,0
2017-09-22,155000,155500,150500,151500,215851,32701426500,-2.8846,-38426,69516,-31025,-15804,-2863,-7497,4212,0,-9073,491,-556,0
2017-09-25,151500,152500,149000,150000,147017,22052550000,-0.9901,-21577,41229,-18083,-6450,3,-2238,1202,0,-10500,-1626,57,-100
2017-09-26,150500,151000,149500,150000,225070,33760500000,0.0,-5291,9258,-3672,-4116,-7349,-1041,-132,-2150,12612,-292,-3,-1496
2017-09-27,149500,152500,149000,149500,193536,28933632000,-0.3333,15678,8872,-25789,2687,-2794,-23074,263,-1077,-703,1327,-88,-1091
2017-09-28,149000,150000,147500,148000,128300,18988400000,-1.0033,20401,-3089,-17273,-9401,-5657,-3911,2360,0,-664,-39,0,0
2017-09-29,150000,151500,148500,151500,113389,17178433500,2.3649,-32233,35257,-5523,-11705,-860,9793,-168,52,-2635,2580,-81,0
2017-10-10,152500,152500,149500,151500,153927,23319940500,0.0,1245,16899,-16540,-8500,-5708,7086,-720,-4,-8695,-250,-1354,1
2017-10-11,151500,153500,150500,152500,88344,13472460000,0.6601,-998,21736,-20458,-7732,-2396,654,-346,0,-10638,-400,120,0
2017-10-12,153500,153500,148500,149000,293874,43787226000,-2.2951,41072,25390,-65973,-30200,-10652,-8356,-11227,-728,-6286,-615,126,1476
2017-10-13,149000,163500,148500,162000,905002,146610324000,8.7248,-262831,260933,10824,7120,-17910,25687,8239,-1533,3349,-5272,-3654,-14128
2017-10-16,162000,163500,159500,161000,277650,44701650000,-0.6173,-4840,-14285,20521,5268,2471,9789,-1076,0,9434,-1525,129,-5365
2017-10-17,162500,171500,160500,169500,775357,131423011500,5.2795,-173565,97629,79187,27468,14840,22711,6974,-1549,8482,-8293,5042,261
2017-10-18,171000,177000,170000,176500,729789,128807758500,4.1298,-158777,67946,100033,45229,24321,17916,5823,3222,10074,-9227,25,-6552
2017-10-19,176500,176500,170500,173000,415227,71834271000,-1.983,-54510,52558,191,236,8494,-9417,-1920,-906,5178,1831,-70,-1474
2017-10-20,171500,174500,167000,173500,381346,66163531000,0.289,-51663,46396,8324,2895,7508,-442,3144,6,-4742,-2521,-536,-45
2017-10-23,173000,175500,169000,171000,210946,36071766000,-1.4409,21492,6978,-27028,-4749,-8792,-11900,3528,0,-5115,-1387,-55,0
2017-10-24,172500,178000,171000,177000,534099,94535523000,3.5088,-49420,-39218,87013,57513,11669,1292,15352,-656,870,1293,332,973
2017-10-25,177000,179000,173500,175000,302473,52932775000,-1.1299,-24722,1042,25196,21791,5106,-1052,5924,-1881,-4127,-1287,-229,-565
2017-10-26,175000,177000,173500,175500,190939,33509794500,0.2857,-38641,20983,18737,10148,-6009,13643,5081,-3932,-194,-1083,4,0
2017-10-27,175500,178000,172500,177500,237931,42232752500,1.1396,-17650,-4200,22382,15065,8617,-13254,5971,-1675,7740,166,-698,-82
2017-10-30,177500,178000,170000,170500,319823,54529821500,-3.9437,21420,-7603,-12442,6042,-7238,-5078,6268,22,-12514,-353,-1022,56
2017-10-31,170500,174500,167500,174000,266244,46326456000,2.0528,-89062,71119,19359,-2185,11263,2282,8514,305,-636,-871,-545,-184
2017-11-01,172000,173500,170000,172000,233214,40112808000,-1.1494,-15466,-10222,25907,4028,2438,10275,1183,12,7959,65,-284,12
2017-11-02,172500,179500,172500,177500,340360,60413900000,3.1977,-59839,13934,55383,-884,26225,15062,12736,942,5713,-9728,250,-4411
2017-11-03,173500,176000,172500,175000,189676,33193300000,-1.4085,21839,-67231,38805,16937,5413,2391,4109,704,8813,5765,822,438
2017-11-06,176000,187500,176000,186500,759611,141667451500,6.5714,-186486,62775,126888,101895,12018,18910,20182,1692,-22462,-2710,-467,-5347
2017-11-07,188500,189000,185000,185500,331002,61400871000,-0.5362,-3471,-45923,50097,38486,-2555,1240,9814,-1597,6761,-787,84,-2052
2017-11-08,186000,187500,181500,184500,447132,82495854000,-0.5391,-29112,-73368,97840,41901,52817,-5319,13490,5305,-10761,4696,-56,407
2017-11-09,186500,187000,182500,186000,317563,59066718000,0.813,-40180,-7242,55366,39000,19948,-5777,5003,164,12028,-6774,-1170,-15000
2017-11-10,186500,192500,186000,189500,435867,82596796500,1.8817,-80133,-1057,81253,45191,33716,4325,5482,-1882,11161,-204,141,-16740
2017-11-13,190500,197500,182000,185500,637935,118336942500,-2.1108,-40372,24920,14720,29650,6307,-16745,9074,-4076,6085,287,445,-15575
2017-11-14,179500,188000,179000,186500,2349191,438124121500,0.5391,-1218701,859106,354204,78652,13091,-39075,55786,8970,236679,4664,727,101
2017-11-15,190500,193500,186500,192500,538018,103568465000,3.2172,4388,-102063,101552,69092,11405,4736,6204,5229,5036,-3785,-92,-150
2017-11-16,190000,192000,186500,191000,304893,58234563000,-0.7792,32944,-37395,8662,6225,-11786,766,2754,6687,4016,-3576,-635,0
2017-11-17,193000,194000,184000,185000,397025,73449625000,-3.1414,39423,-55114,19298,7903,3882,3444,5208,-4007,2332,-3034,-573,536
2017-11-20,185500,187000,183500,183500,226439,41551556500,-0.8108,16746,18288,-33654,-1319,-17071,-14007,3142,24,-4471,-588,-792,48
2017-11-21,186500,192500,185500,191000,501789,95841699000,4.0872,-81074,-25854,107861,62332,33562,-5365,18912,5849,-7225,-842,-91,-204
2017-11-22,192500,193000,184500,185000,382312,70727720000,-3.1414,95371,-134810,39271,34588,-2,-1113,5560,2772,-3855,443,-275,1321
2017-11-23,187500,189000,185500,187500,204055,38260312500,1.3514,-9435,-23592,32837,13453,12535,-1295,4518,580,2702,-331,521,344
2017-11-24,189500,192000,188000,188500,247320,46619820000,0.5333,-18851,-4526,24389,1338,2510,-6785,20892,188,5996,-1893,881,250
2017-11-27,191000,191500,182500,186000,321870,59867820000,-1.3263,50114,-57682,5071,3247,-158,-12681,19069,-1500,-3026,2882,-385,120
2017-11-28,186500,188000,175000,178000,476893,84886954000,-4.3011,31246,50315,-80250,-14541,-25996,-30764,-6501,3247,-5302,4694,-6005,-393
2017-11-29,180500,183000,173000,179000,524606,93904474000,0.5618,31995,47149,-80324,-27144,-4432,-29463,-14635,-3009,-1006,764,416,-635
2017-11-30,177500,177500,169000,169000,511746,86485074000,-5.5866,96961,855,-99082,-35177,-31643,-10632,-12722,-4480,-4576,1528,-262,148
2017-12-01,170000,184000,170000,183000,617111,112931313000,8.284,-273340,13966,260716,85152,49592,40794,71222,1442,12973,-991,-351,-459
2017-12-04,183000,187000,181500,186000,331679,61692294000,1.6393,-104582,74005,32700,43050,-8016,186,1145,68,-3122,-2178,55,-611
2017-12-05,184500,185000,178000,182500,297149,54229692500,-1.8817,-27462,17381,12677,27180,-13120,-244,831,-234,-1736,-2511,-85,0
2017-12-06,180000,187000,180000,183000,281721,51554943000,0.274,-89199,59732,33157,30621,3395,-3662,7835,199,-5231,-3881,191,0
2017-12-07,186500,186500,179000,182000,298715,54366130000,-0.5464,-32507,-31282,65457,18187,13822,7877,7211,0,18360,-1791,123,0
2017-12-08,182000,186000,181000,185500,332765,61727907500,1.9231,-102877,15750,85969,30728,27164,3541,21971,-18,4402,1176,-18,-1819
2017-12-11,186000,189500,186000,188000,369858,69533304000,1.3477,-156035,51108,105273,47588,16768,19059,25265,606,-5253,-284,-62,1240
2017-12-12,188500,192500,187000,192500,357803,68877077500,2.3936,-181670,36087,148593,112030,390,14964,18611,681,1965,-467,-2543,-48
2017-12-13,191000,200000,191000,198500,703577,139660034500,3.1169,-320455,93255,235843,136542,13773,5945,38260,-22,40476,-8487,-156,869
2017-12-14,199000,200000,193500,199500,1878360,374732820000,0.5038,-139426,-765392,935963,194119,562121,73813,72903,-16723,46636,-28957,-2188,3094
2017-12-15,197500,197500,189500,191000,621734,118751194000,-4.2607,43002,-11026,-29554,32330,-62855,-7515,-6203,12030,2604,-2053,-369,55
2017-12-18,190000,194000,188500,190500,321564,61257942000,-0.2618,-12079,22091,-8784,37389,-5477,-30708,-2430,-6793,-765,-1188,-40,0
2017-12-19,188000,192000,186500,188000,240933,45295404000,-1.3123,-4328,14574,-10193,10345,-26293,1700,-1672,-310,6037,-258,205,0
2017-12-20,187000,188000,180000,181000,390223,70630363000,-3.7234,24833,3170,-26451,63508,-53828,-30840,-15978,-3417,14712,-3905,2353,-608
2017-12-21,179500,181000,178000,178500,216249,38600446500,-1.3812,-8140,-65379,74718,57254,-3265,-4467,-2730,-179,28105,-2199,1000,0
2017-12-22,180000,184500,178500,183000,230688,42215904000,2.521,-2476,-89742,91934,55369,10096,-1107,4447,1215,21868,130,154,46
2017-12-26,183000,185500,181500,184500,232325,42863962500,0.8197,-75444,-44114,123502,71189,5968,3208,-2403,0,45540,-60,-3884,0
2017-12-27,185000,189500,182000,189500,185701,35190339500,2.71,-40309,-31098,71323,51876,14144,-72,4056,1980,-661,400,-316,0
2017-12-28,190500,193500,186500,188500,147604,27823354000,-0.5277,-46731,14407,32491,46597,-5813,-2431,251,-1770,-4278,-255,88,-65
2018-01-02,188500,191000,187000,188500,116732,22003982000,0.0,5791,15956,-21653,11675,-11880,-5037,-5961,-8515,-3153,-180,86,1218
2018-01-03,184000,186000,180000,181000,339535,61455835000,-3.9788,134613,33151,-167649,-20805,-32077,-40733,-21610,-249,-52042,-179,64,-133
2018-01-04,180000,180000,170500,171500,617781,105949441500,-5.2486,211451,-34815,-181541,-55964,-28573,-7209,-24323,-8356,-56855,4707,198,-261
2018-01-05,171500,172000,165000,166500,548947,91399675500,-2.9155,219207,-167721,-48197,9165,-34428,-2389,1414,394,-21520,-4222,933,-833
2018-01-08,168500,169000,164000,165500,319328,52848784000,-0.6006,46408,-56023,7407,17281,-3012,-9486,5545,-1007,-1583,2077,131,-331
2018-01-09,166000,169500,165500,168500,282347,47575469500,1.8127,25658,-79911,41512,20414,-323,293,-1042,2000,20170,12749,-8,0
2018-01-10,169500,170000,165000,168000,277028,46540704000,-0.2967,27678,-33516,13286,11738,-975,-2141,-3438,-3000,10638,-7535,87,464
2018-01-11,168500,169000,165500,166000,256453,42571198000,-1.1905,64386,-63782,-3158,17814,-8146,-5771,-1011,0,-6072,2647,-93,28
2018-01-12,168000,169000,159500,161500,476619,76973968500,-2.7108,86792,-22604,-69493,-460,-31791,-25387,-12385,940,944,4803,502,-1354
2018-01-15,164000,167000,162500,163500,275891,45108178500,1.2384,4493,-8095,4443,-12788,-1541,13860,-5815,0,10125,-900,59,602
2018-01-16,163000,167000,162000,166500,192237,32007460500,1.8349,-31320,-11654,41000,7671,2392,7370,5444,13535,4588,1912,62,0
2018-01-17,165000,169000,163500,168500,235947,39757069500,1.2012,-14779,-36476,49549,33841,-421,2243,16344,-500,-1664,1534,172,-294
2018-01-18,166500,169000,166000,166500,236254,39336291000,-1.1869,4430,14762,-11458,5841,5619,-7312,-1182,-265,-13769,-7678,-56,-390
2018-01-19,166000,170000,164500,167500,252453,42285877500,0.6006,-22592,-16554,28715,-2966,5925,28611,-6134,-317,5206,10464,-33,-1610
2018-01-22,169500,169500,163000,164000,184331,30230284000,-2.0896,52937,-49019,-4263,21544,-752,-17320,1649,0,-9314,310,35,-70
2018-01-23,163000,169000,163000,167500,198715,33284762500,2.1341,-32586,-1060,35147,14827,2130,-1610,1538,0,18262,-115,-1386,0
2018-01-24,166500,168500,165500,167500,139936,23439280000,0.0,2934,-34289,31977,13015,7911,-9388,-1687,-113,22330,-78,-544,-91
2018-01-25,166000,169000,165000,165500,157691,26097860500,-1.194,481,-14755,23890,15563,2549,-4071,-6084,-229,16435,-9498,-118,-273
2018-01-26,165000,176000,165000,175500,635249,111486199500,6.0423,-202190,-14990,218662,89832,70201,32836,9878,-914,15177,-1114,-368,1652
2018-01-29,175000,175000,171000,172000,238003,40936516000,-1.9943,47509,-48642,674,19720,-10114,-12316,1288,869,1227,450,9,0
2018-01-30,173000,175000,170000,170000,172204,29274680000,-1.1628,16575,-20241,3258,12059,760,-5276,-5235,-1073,2334,360,48,-311
2018-01-31,169000,174500,168000,174000,200071,34812354000,2.3529,-32692,-2195,33878,28223,-2494,1510,1464,5800,-484,1057,-48,-141
2018-02-01,173000,178000,172000,173500,174593,30291885500,-0.2874,7775,-8590,4191,11383,-4701,-774,-3081,-356,1984,-3250,-126,-264
2018-02-02,173000,174000,168500,169500,163586,27727827000,-2.3055,31376,-538,-30599,-10812,-5649,-10778,-288,-3700,822,-215,-24,-194
2018-02-05,165500,168000,160000,161000,257288,41423368000,-5.0147,28008,37877,-69492,-16717,-17867,-6276,-12931,-3304,-10572,3044,563,-1825
2018-02-06,154500,157500,149500,153000,459578,70315434000,-4.9689,106169,-27830,-83014,-16566,-8613,-10019,-18351,-10197,-18806,4258,417,-462
2018-02-07,153500,154000,140500,140500,1037686,145794883000,-8.1699,372520,-208998,-181693,-38368,-13733,-54933,2322,-9377,-65240,11009,7162,-2364
2018-02-08,140500,142000,136000,140500,392298,55117869000,0.0,80036,-61001,-21736,18362,4032,-3893,-7459,7115,-39895,2533,168,2
2018-02-09,136000,139500,135000,136000,354694,48238384000,-3.2028,79251,-15197,-64909,-13654,-28138,4598,-5704,-239,-20228,504,351,-1544
2018-02-12,137500,143500,137000,142500,274326,39091455000,4.7794,-15585,11239,4118,21229,7034,-7980,-52,0,-16064,101,127,-49
2018-02-13,145500,148000,143500,146000,472444,68976824000,2.4561,-28179,29271,-1051,1968,4720,5265,-1701,0,-11898,435,-476,595
2018-02-14,146000,146500,141500,142500,258855,36886837500,-2.3973,51907,-78265,26232,27370,-4490,828,-5286,1000,6810,113,13,0
2018-02-19,146500,148500,143500,147500,208728,30787380000,3.5088,-21588,11646,9267,10066,725,-6368,-798,0,5642,767,-92,0
2018-02-20,146500,148000,144000,144000,176958,25481952000,-2.3729,34734,-25925,-8945,5562,-1464,-3147,53,-179,-9354,261,-125,-416
2018-02-21,143500,149500,142500,148500,188547,27999229500,3.125,-39484,24722,15256,20704,995,-9572,549,6710,-4130,-478,-16,0
2018-02-22,147500,152500,146000,151500,231471,35067856500,2.0202,-52383,35692,15857,14938,2113,-2336,3178,6858,-8894,844,-10,0
2018-02-23,151500,158000,151500,158000,262177,41423966000,4.2904,-117496,56543,65501,26270,2092,16980,3003,296,16286,-1993,-2555,574
2018-02-26,159000,160000,155000,159000,244569,38886471000,0.6329,-43272,58859,-15513,-3160,-18903,-7892,91,91,14260,-44,-30,0
2018-02-27,157000,158500,155000,156000,202309,31560204000,-1.8868,-6841,42036,-35107,-682,-12711,-13783,-8384,0,453,-16,-72,0
2018-02-28,155000,155500,147000,147500,899146,132624035000,-5.4487,88007,16708,-111927,10729,-4514,-73350,-6162,-474,-37845,5361,1851,-311
2018-03-02,145000,151500,144500,150000,178473,26770950000,1.6949,-40513,61559,-21083,7148,170,30,-1253,-93,-27076,-12,49,-9
2018-03-05,147500,149000,142500,143000,270337,38658191000,-4.6667,61006,8586,-73145,1397,-15758,-35345,-4986,-62,-18103,169,3384,-288
2018-03-06,144000,146500,142500,144000,252933,36422352000,0.6993,41522,-7474,-34095,9524,-16618,-17485,-1680,0,-7836,-8,55,0
2018-03-07,147000,148500,141500,142000,268632,38145744000,-1.3889,93222,-58441,-35928,2252,-16237,2427,-4980,0,-19390,732,415,0
2018-03-08,142000,145500,141500,145000,272121,39457545000,2.1127,3127,1356,-4725,8325,-50768,1675,-7796,-4,43854,327,-85,-11
2018-03-09,148000,155000,146500,151500,459122,69556983000,4.4828,-24625,-20989,53556,29437,16423,1306,-165,3414,3141,-362,-7580,0
2018-03-12,152500,154500,150000,151500,231306,35042859000,0.0,-13686,-46807,61808,22262,-3604,31722,252,70,11094,-1212,-103,12
2018-03-13,150500,152000,148000,148500,202796,30115206000,-1.9802,18003,-17208,1916,21961,-868,5095,-2299,1,-21974,-2713,2,0
2018-03-14,147000,148500,144500,147000,129347,19014009000,-1.0101,28388,-36141,6377,25771,-3277,-4806,-2719,50,-8642,1348,28,0
2018-03-15,147500,148500,147000,147500,166750,24595625000,0.3401,52779,-86740,33873,29494,-400,7658,-4535,0,1656,69,19,0
2018-03-16,149500,152500,147500,149500,210624,31488288000,1.3559,7503,-24864,15428,2666,5794,4031,4933,0,-1996,1842,91,0
2018-03-19,149500,150500,146000,146000,135759,19820814000,-2.3411,32627,-29627,-3248,7620,-1874,-7570,-1046,0,-378,223,25,0
2018-03-20,144500,151000,144000,148000,185968,27523264000,1.3699,4442,-36777,31924,14331,2180,10589,-936,0,1160,390,21,4600
2018-03-21,148000,152000,148000,149000,171749,25590601000,0.6757,-7027,-24823,30524,6390,5908,5817,993,-70,10499,1387,-61,987
2018-03-22,149500,151500,147500,148000,93791,13881068000,-0.6711,8681,-12376,3470,-3081,-1911,1678,-667,0,7451,135,90,0
2018-03-23,143500,146000,142500,143000,204733,29276819000,-3.3784,31451,216,-32190,-5488,-3064,-1244,-95,0,-17299,189,334,-5000
2018-03-26,142500,147000,141000,146000,210746,30768916000,2.0979,12234,-15961,1609,-2830,2696,6904,-304,0,-4857,2114,4,0
2018-03-27,147500,148000,145000,145500,187474,27277467000,-0.3425,8647,-13352,4124,3554,-13005,2926,3257,0,7395,600,-19,-3
2018-03-28,143500,147000,143500,145000,134381,19485245000,-0.3436,8041,-9609,1316,7748,1168,-3101,-698,0,-3826,302,-50,25
2018-03-29,147000,147500,145000,147000,231934,34094298000,1.3793,19211,-33897,12362,6324,2829,6217,776,0,-3784,2277,47,0
2018-03-30,150000,160500,149500,153000,725123,110943819000,4.0816,-114787,10309,109247,37125,10083,30461,-692,1692,26953,-4027,-742,3625
2018-04-02,154500,160500,153000,157500,465021,73240807500,2.9412,-114381,8224,107047,37264,22010,22432,12358,-1094,9074,-529,-361,5003
2018-04-03,155000,160000,154500,159000,306607,48750513000,0.9524,-47973,-59664,105669,66494,-4880,5632,19373,0,19050,2063,-95,0
2018-04-04,154500,155500,146000,146500,612059,89666643500,-7.8616,170163,-34083,-130830,-68039,-11298,-24115,5784,-3315,-24847,-4423,-827,-5000
2018-04-05,152500,153000,144500,146500,495606,72606279000,0.0,142366,-73152,-68980,-645,-17475,-19703,-4367,100,-26890,-940,706,0
2018-04-06,147000,147000,142000,142500,307450,43811625000,-2.7304,104232,-49773,-55121,-14686,-24503,-8539,1569,0,-8962,85,577,0
2018-04-09,142000,145500,142000,142500,226812,32320710000,0.0,41408,-8901,-32395,-15291,-8598,-1953,1503,0,-7256,25,-137,-800
2018-04-10,142000,142500,138000,139000,539097,74934483000,-2.4561,169046,-99684,-70642,-24165,-18848,-17489,1211,2696,-15173,62,1218,1126
2018-04-11,140000,141000,138500,139000,277581,38583759000,0.0,54949,-24670,-31602,-14507,-244,-167,2848,-1142,-17727,785,538,-663
2018-04-12,138500,140000,137000,137500,269038,36992725000,-1.0791,62422,9959,-72751,-35071,-15397,-12991,-73,-1081,-8138,267,103,0
2018-04-13,137500,139500,136500,138500,179732,24892882000,0.7273,60098,-34509,-26598,-12923,795,1251,-2429,0,-13292,1169,-160,0
2018-04-16,139500,140000,133000,133500,351512,46926852000,-3.6101,136543,-59453,-77274,-27876,-23389,-18926,1082,-581,-6432,-162,346,-1152
2018-04-17,134500,136500,133500,134000,210004,28140536000,0.3745,60566,-54906,-6143,-12652,-2614,1082,1936,695,4020,469,14,1390
2018-04-18,135000,136000,134500,134500,172263,23169373500,0.3731,16525,-10993,-5502,-11320,-3797,265,3306,0,5844,60,-90,200
2018-04-19,132500,133000,128500,129500,359780,46591510000,-3.7175,140416,-42509,-97104,-35100,-34452,488,-18004,-4191,-5344,-1056,253,-501
2018-04-20,130000,131000,128500,128500,186533,23969490500,-0.7722,72058,-57600,-16692,3827,-15297,4499,-12408,-755,2240,1411,823,1202
2018-04-23,128000,130000,126000,127500,482895,61569112500,-0.7782,77913,-82269,3236,-1297,-443,9035,-10517,0,5306,1026,94,1152
2018-04-24,127500,131500,126500,129500,345125,44693687500,1.5686,35871,-56851,21391,-1352,3489,15192,-3873,0,8015,-461,50,-80
2018-04-25,130500,133500,128500,131000,218142,28576602000,1.1583,27838,-26126,-2569,-10691,9173,7635,-6157,489,-3118,865,-8,100
2018-04-26,132500,135000,131000,132000,163482,21579624000,0.7634,730,18810,-22325,-10365,3677,-1855,-46,5500,-19236,2681,104,0
2018-04-27,137000,145500,135500,142000,1015443,144192906000,7.5758,-175822,-69908,249062,40794,44411,118715,14974,3099,26231,-1990,-1342,838
2018-04-30,145500,148500,143000,147500,555092,81876070000,3.8732,-177768,131689,44565,1753,7197,18158,-4581,765,21273,1342,172,0
2018-05-02,144500,149000,143000,148500,375438,55752543000,0.678,-164053,159568,3795,10023,8834,-19116,290,9800,-6036,-233,923,0
2018-05-03,149500,149500,142000,143000,331607,47419801000,-3.7037,4330,29916,-34532,-15939,2381,-26511,1896,7890,-4249,575,-289,0
2018-05-04,141000,143000,135000,136000,337502,45900272000,-4.8951,53168,21165,-73972,5596,-40056,-21276,1184,1600,-21008,-618,257,-12
2018-05-08,135500,136500,132000,134500,253630,34113235000,-1.1029,29614,-20656,-8739,21964,-2681,-22896,2288,-3500,-3914,-97,-122,0
2018-05-09,134000,137000,132500,135000,308114,41595390000,0.3717,40555,-70904,30136,10517,4185,-11655,5152,0,21937,13,200,0
2018-05-10,135000,140000,135000,140000,251083,35151620000,3.7037,-49026,-5948,54735,13844,7654,-1386,4677,1000,28946,787,-548,0
2018-05-11,140000,141000,136500,140000,146147,20460580000,0.0,-5201,-22783,29151,2375,-503,-2403,3500,5800,20382,-1327,160,0
2018-05-14,140500,143500,138500,143000,216668,30983524000,2.1429,-23393,-12595,31309,16061,2136,-15047,7765,2486,17908,4678,1,0
2018-05-15,142500,144500,139000,139500,200443,27961798500,-2.4476,-3809,-13363,16594,14412,1532,2929,12089,60,-14428,442,136,0
2018-05-16,139000,143000,137500,141500,147887,20926010500,1.4337,-17189,-18214,35036,3720,7939,768,11078,0,11531,200,167,0
2018-05-17,141000,141000,138000,140000,121293,16981020000,-1.0601,3620,-19515,14842,2982,-1958,-424,2081,1150,11011,1005,48,0
2018-05-18,139000,140000,137500,139500,89278,12454281000,-0.3571,5054,-851,-4162,-1741,59,-3410,-6387,0,7317,-361,320,0
2018-05-21,141500,144500,140500,141500,198467,28083080500,1.4337,-7657,-26059,34082,978,4512,23157,3047,3000,-612,80,-446,0
2018-05-23,141500,146500,141500,145500,344285,50093467500,2.8269,-59166,1146,59528,18459,21671,35832,5936,1300,-23670,-1054,-454,0
2018-05-24,145500,149500,142500,147500,363553,53624067500,1.3746,-53806,6409,49324,25859,13160,15783,4377,1000,-10855,-628,-1299,0
2018-05-25,148500,150000,146000,150000,260127,39019050000,1.6949,-93770,94533,876,10319,-10430,-4929,-3375,9954,417,-1563,-76,-1080
2018-05-28,150000,155000,148500,151500,338418,51270327000,1.0,-38617,19698,17224,7269,3482,10226,-2657,4884,-9583,3101,-1406,3603
2018-05-29,156500,161500,154500,158000,831698,131408284000,4.2904,-79192,3479,79311,27280,50432,9047,15743,-9109,-16066,-3238,-360,1984
2018-05-30,160500,165000,155000,157500,559721,88156057500,-0.3165,25515,-60059,32680,25146,-934,9027,13985,5835,-20379,1648,216,0
2018-05-31,161500,161500,152500,157000,402782,63236774000,-0.3175,-4745,9412,-5481,11125,2454,-11835,3778,-320,-10698,756,58,15
2018-06-01,157500,160500,153500,154500,238444,36839598000,-1.5924,15988,-21987,6659,9480,7600,122,5834,-602,-15810,-786,126,35
2018-06-04,161500,161500,156000,157000,399459,62715063000,1.6181,-3237,-29185,32197,11536,12892,1221,8123,-1901,326,411,-186,0
2018-06-05,156000,156500,150500,152000,244202,37118704000,-3.1847,30960,-12174,-18929,-674,-6723,-3907,18,1500,-9143,59,84,0
2018-06-07,150000,154000,148000,154000,288833,44480282000,1.3158,-33579,-10424,33333,14886,9726,-4833,3928,-4982,13183,10616,54,1425
2018-06-08,152000,154000,150500,151000,138967,20984017000,-1.9481,2355,12237,-15208,-6540,8627,1846,-3448,-3000,-12693,538,78,0
2018-06-11,150500,153500,149500,151000,184607,27875657000,0.0,-21614,-10436,31580,25790,4798,2264,7484,-22500,13744,381,89,0
2018-06-12,151000,153000,150000,151000,130121,19648271000,0.0,-21751,-8836,31335,4883,6595,-830,3471,1007,16209,-772,24,0
2018-06-14,152500,153000,150000,152000,192413,29246776000,0.6623,-11325,-19985,31645,-3846,8523,-2807,3486,0,26277,-153,-182,12
2018-06-15,152500,152500,148000,149000,190294,28353806000,-1.9737,6077,-18985,12915,5464,-5125,171,571,-904,12738,-136,129,0
2018-06-18,147000,150000,146500,148000,157847,23361356000,-0.6711,-47817,14973,32994,6811,-12589,-440,2006,188,37018,-47,-103,0
2018-06-19,146500,150500,146500,149000,172448,25694752000,0.6757,-32466,-2323,34743,3278,3743,12620,1494,-150,13758,25,21,0
2018-06-20,148000,149500,141500,148000,310522,45957256000,-0.6711,-2940,34522,-31717,-20975,-4743,-3468,5190,-4920,-5109,53,82,2308
2018-06-21,146000,153000,146000,150500,171999,25885849500,1.6892,-36747,30679,6823,6711,9254,930,7190,867,-18501,-371,-384,372
2018-06-22,149500,156000,149500,155500,262467,40813618500,3.3223,-68770,15373,55107,8517,8753,20686,6834,10630,-2090,-1476,-234,1777
2018-06-25,155500,158500,153500,154000,224534,34578236000,-0.9646,-19464,-19921,38784,-1939,14644,4762,10957,6949,3411,293,308,0
2018-06-26,153500,158000,152500,158000,212663,33600754000,2.5974,-76951,51368,29408,-1921,-3177,7254,4842,3323,20915,-3807,-18,-1828
2018-06-27,158000,159000,155000,158000,169430,26769940000,0.0,-22121,14009,8078,214,3850,5213,4692,3836,-9886,13,21,159
2018-06-28,158500,159500,153500,154000,197652,30438408000,-2.5316,-11165,270,10912,3510,2418,1142,2997,-4141,8293,-108,91,-3307
2018-06-29,157000,157000,151500,152500,183324,27956910000,-0.974,27736,-2835,-24686,-3612,2594,-1555,1475,70,-23686,-111,-104,28
2018-07-02,151500,152000,148000,149000,154323,22994127000,-2.2951,-1409,17329,-16221,12303,771,-9317,-3396,999,-17572,346,-45,-9
2018-07-03,151000,153500,149000,153000,179485,27461205000,2.6846,-37008,8154,29138,9910,9260,3331,9640,-557,-2446,-220,-64,0
2018-07-04,152500,159000,152000,158500,220130,34890605000,3.5948,-79676,14529,68529,17183,20926,10109,15062,269,5876,-3304,-78,-896
2018-07-05,158000,158500,153500,155500,157910,24555005000,-1.8927,2156,-20266,18106,8015,7167,2569,630,-1567,2290,4,0,-998
2018-07-06,154500,156500,150500,156000,186159,29040804000,0.3215,-3037,-21077,23998,9621,63,-6675,-3698,3102,21228,29,87,357
2018-07-09,156000,160500,156000,160500,240017,38522728500,2.8846,-89757,42066,59952,674,8600,19688,10178,567,21066,-12422,161,-821
2018-07-10,161500,164000,161000,163000,205541,33503183000,1.5576,-66159,56502,12252,-6112,6383,5336,7740,1825,-3220,-2544,-51,300
2018-07-11,160500,163000,158500,162500,164209,26683962500,-0.3067,-18044,7567,10246,3546,-1691,4758,12075,-2203,-6239,366,-135,0
2018-07-12,162500,167000,160500,166500,321006,53447499000,2.4615,-121455,102081,22401,1566,2968,14857,1267,-7360,9103,-2808,-219,0
2018-07-13,164500,167000,158000,159000,292058,46437222000,-4.5045,74918,17087,-89320,-18184,-9484,-43503,-4361,-6606,-4895,-2674,-11,-2287
2018-07-16,155500,156500,148000,150000,486751,73012650000,-5.6604,126887,-13200,-115216,-1205,-34872,-43900,-2328,-21061,-11384,1486,43,-466
2018-07-17,149500,150500,146000,149500,174137,26033481500,-0.3333,9755,22176,-32247,-11626,929,-7780,-2301,-9836,-1633,359,-43,0
2018-07-18,149500,151500,148000,148500,127235,18894397500,-0.6689,5431,15670,-20756,-2777,-2842,-1550,-1406,-2111,-10070,-280,-65,0
2018-07-19,148500,150500,145500,146000,129437,18897802000,-1.6835,-5255,-3281,6387,-1691,-237,6908,1675,-1470,1202,2334,-185,0
2018-07-20,147000,149000,146000,146000,99020,14456920000,0.0,-6911,4895,-146,1798,-503,-2006,980,-1118,703,2091,71,0
2018-07-23,146500,148500,146000,148500,113095,16794607500,1.7123,-25796,2791,23003,-226,1642,-8160,-284,-1835,33054,-36,38,-1188
2018-07-24,149500,151000,146500,147000,113300,16655100000,-1.0101,552,2966,-4119,2820,-4772,-8594,-9536,839,15818,381,220,-694
2018-07-25,147500,149500,147000,149000,96526,14382374000,1.3605,-21319,2755,18604,-4440,1805,-4635,5332,970,19572,51,-91,0
2018-07-26,150000,150500,148500,150000,81443,12216450000,0.6711,-12454,430,12142,-312,3998,-1803,9284,216,759,20,-138,0
2018-07-27,151500,151500,146500,146500,132989,19482888500,-2.3333,25884,-20954,-4939,3323,-5288,-3275,-2883,963,2221,-357,366,0
2018-07-30,144500,146000,140500,141000,252571,35612511000,-3.7543,66565,-8599,-62868,-13275,-2165,-32143,-1743,-907,-12103,5287,-385,-532
2018-07-31,141000,147000,140500,144500,170296,24607772000,2.4823,-34817,40221,-2718,-2523,6124,1144,-1179,0,-6269,-2730,44,-15
2018-08-01,146500,149000,145000,145500,126748,18441834000,0.692,-3943,28256,-23418,-6891,-2782,-2274,-1686,-118,-9650,-925,30,-17
2018-08-02,145500,146500,141500,142500,136733,19484452500,-2.0619,25335,17655,-44375,-15505,-6612,-5539,-2355,0,-14364,1375,10,0
2018-08-03,142500,143500,142000,143000,80136,11459448000,0.3509,20356,6689,-26712,-13009,2826,-4892,-4040,0,-7597,-337,4,0
2018-08-06,142500,145000,142500,144500,90193,13032888500,1.049,-5324,-10377,16114,2268,15058,-1652,-2284,0,2772,-413,0,-48
2018-08-07,143500,144000,142000,143500,78647,11285844500,-0.692,6211,7407,-13648,-7683,8561,-1490,-1254,0,-11782,0,30,0
2018-08-08,142500,143500,140500,142000,164582,23370644000,-1.0453,46024,4390,-51171,-8802,1782,-26973,-4769,0,-12409,752,5,0
2018-08-09,130000,130500,122500,126000,1245103,156882978000,-11.2676,503331,-246012,-258056,-67947,-83253,-35900,-57719,-6762,-7097,-566,1303,622
2018-08-10,126500,128500,125000,127000,255849,32492823000,0.7937,-40013,16779,23049,-10213,-10695,27860,5138,3649,5613,281,-96,1697
2018-08-13,125000,126000,122000,122500,338008,41405980000,-3.5433,55898,-44895,-11017,-5838,-14270,2166,-1878,0,9303,170,-156,-500
2018-08-14,123500,126500,122500,123500,203431,25123728500,0.8163,24877,-38866,13559,-6826,627,-2568,-3165,9300,16191,341,89,0
2018-08-16,122000,122000,113000,116000,1068017,123889972000,-6.0729,339152,-226624,-112601,-10220,-40871,-11403,-34218,-241,-14043,-420,493,-1605
2018-08-17,117000,120000,117000,119000,294794,35080486000,2.5862,-90217,103169,-13201,-30294,-10727,44328,-3470,0,-13038,252,-3,0
2018-08-20,120000,120500,116500,117000,394064,46105488000,-1.6807,11352,3792,-15486,-27459,-13730,28779,-1703,-1776,403,111,231,0
2018-08-21,118500,124500,118000,123500,398822,49254517000,5.5556,-56169,78562,-21934,-31183,-3501,23850,6661,2486,-20247,-631,172,0
2018-08-22,123500,123500,119500,120000,185990,22318800000,-2.834,88277,-34450,-54979,-23013,2208,-13554,-427,0,-20473,792,360,280
2018-08-23,120000,124000,120000,122500,191111,23411097500,2.0833,30040,-5441,-25324,-9203,-6385,-8944,5926,168,-6948,738,-13,62
2018-08-24,122000,124000,120500,123500,153723,18984790500,0.8163,7434,-15046,7561,-6035,-1346,13906,3050,119,-2369,48,3,236
2018-08-27,125000,127500,122500,122500,214003,26215367500,-0.8097,32979,-871,-31692,-8928,-6255,-29402,-269,61,13101,-413,-3,0
2018-08-28,122000,122500,118000,118500,322096,38168376000,-3.2653,162612,-22317,-139412,-45275,-19564,-41284,-16985,-3976,-8650,-1133,250,-3678
2018-08-29,118500,122000,118500,120500,205291,24737565500,1.6878,-38801,43746,-4458,1564,-5561,-11325,-1098,0,11962,-489,2,0
2018-08-30,121000,121500,119000,120000,148152,17778240000,-0.4149,19374,12377,-32314,-16157,-241,-764,-1094,0,-14058,925,-362,0
2018-08-31,117500,118000,114500,116500,437052,50916558000,-2.9167,203002,-60378,-143285,-27305,-28837,-45526,-7926,131,-33816,471,190,-6
2018-09-03,116000,118000,114500,116500,227605,26515982500,0.0,45084,26016,-56990,-14581,-5661,-31402,-2368,1400,-4381,-14146,36,3
2018-09-04,117000,119500,116000,119000,271379,32294101000,2.1459,-1978,9915,-9278,-17049,4021,-4161,2691,4820,400,1305,36,0
2018-09-05,119000,119000,115500,116000,187190,21714040000,-2.521,62456,-57095,-5814,5010,377,-213,-30,-4220,-6738,310,143,0
2018-09-06,116000,116500,113500,114000,249942,28493388000,-1.7241,124071,-79270,-45023,-4375,-6076,-8415,-10680,-2185,-13292,24,198,0
2018-09-07,115000,117000,112000,113000,438750,49578750000,-0.8772,154256,-167278,12072,-174,1626,-18844,778,0,28686,204,746,0
2018-09-10,112500,114500,112500,113500,174202,19771927000,0.4425,9844,-4236,-9398,3008,1437,-8392,675,0,-6126,3780,10,0
2018-09-11,113500,114000,112000,112500,140891,15850237500,-0.8811,33964,-33035,-1185,-1941,-860,99,-258,-4967,6742,134,122,0
2018-09-12,112500,115000,111000,115000,249953,28744595000,2.2222,4181,-71051,66708,38829,-2850,12244,-5034,0,22819,199,-37,700
2018-09-13,115000,117500,114000,117000,266620,31194540000,1.7391,-7813,-44371,52157,2119,1367,5347,-571,0,43895,10,17,0
2018-09-14,117500,118000,115000,116000,203328,23586048000,-0.8547,42361,-34185,-8342,-2550,-470,7563,-6262,0,-6623,159,7,0
2018-09-17,115000,116500,113000,113500,178611,20272348500,-2.1552,53931,-11144,-43027,-14536,1161,-8426,-3475,0,-17751,215,25,0
2018-09-18,113500,113500,110000,111000,293813,32613243000,-2.2026,93915,-45880,-50216,-11020,-26272,-10729,-2034,-1735,1574,2105,76,0
2018-09-19,111500,113500,110500,112000,236437,26480944000,0.9009,15569,-25853,3039,-12008,9717,-6017,5833,1322,4192,7177,68,0
2018-09-20,112500,118000,112500,117500,664074,78028695000,4.9107,-137458,-11986,148722,296,49269,44235,25602,0,29320,854,-132,0
2018-09-21,119000,122000,116500,119000,409214,48696466000,1.2766,-11515,-89639,102044,11114,15323,30996,29645,2868,10499,-1038,148,1599
2018-09-27,119000,121000,118000,118500,207035,24533647500,-0.4202,6461,-30255,23891,504,2829,19845,5655,0,-4942,-112,15,0
2018-09-28,118500,119500,114500,115000,278236,31997140000,-2.9536,58053,-84747,27503,-4780,3846,7402,-885,689,21334,-916,107,-103
2018-10-01,115000,118000,114000,116500,260431,30340211500,1.3043,3625,-98688,95106,-3491,6709,72583,6275,0,13003,-111,68,27
2018-10-02,117500,122500,117000,121000,675222,81701862000,3.8627,-63078,-105264,167676,30771,6777,91489,22010,418,16129,525,141,82
2018-10-04,122000,122500,118500,119500,358698,42864411000,-1.2397,5901,-112888,106883,25252,-466,42800,8795,-917,31419,-248,352,0
2018-10-05,119000,120000,116000,117500,305896,35942780000,-1.6736,38402,-92957,50769,13363,5100,6192,12334,0,13780,3830,-44,0
2018-10-08,121000,124500,120500,122500,465353,57005742500,4.2553,-9813,-20832,27123,9624,22425,-20420,9246,3000,3248,3630,-108,0
2018-10-10,123000,126500,122500,126000,628279,79163154000,2.8571,-63207,3670,60845,49204,18611,-13424,8352,1392,-4169,-1130,-178,879
2018-10-11,120500,127000,120000,126000,823236,103727736000,0.0,-10102,-56970,66085,21113,24296,4674,6537,354,9193,629,358,-82
2018-10-12,126000,126000,120000,121000,453725,54900725000,-3.9683,98262,-32130,-66555,-16894,-15105,-6564,-2102,582,-27558,329,94,1086
2018-10-15,120500,121000,113500,114000,455347,51909558000,-5.7851,120295,-10129,-110709,-3511,-15094,-42433,-14173,-2311,-33187,228,315,0
2018-10-16,113500,117500,113000,114500,273838,31354451000,0.4386,15620,-25080,9142,14388,10079,-7268,3741,-1455,-9784,225,93,-559
2018-10-17,115500,117000,111000,112000,338420,37903040000,-2.1834,42723,-12756,-30833,-13531,-13553,-1480,-3202,0,933,811,55,0
2018-10-18,112500,115500,112500,114500,245678,28130131000,2.2321,-18061,22502,-3814,-2291,2541,-1639,-36,0,-2864,-587,-40,475
2018-10-19,113000,114000,111000,114000,168500,19209000000,-0.4367,5188,2843,-7314,-8321,-1495,-6470,1861,50,7061,-772,55,0
2018-10-22,114000,115000,112500,114000,169660,19341240000,0.0,27529,2423,-30564,-17380,-4388,-1988,-310,0,-3047,465,147,-3451
2018-10-23,114000,115000,112000,112500,231814,26079075000,-1.3158,907,30467,-31701,-32134,9049,-4173,-6078,0,1635,396,-69,0
2018-10-24,114000,114500,107000,109000,288615,31459035000,-3.1111,-36628,29469,6315,-13023,-11211,-25195,1980,-106,53870,931,-87,0
2018-10-25,106000,111500,104000,108500,322753,35018700500,-0.4587,-74614,41877,30062,-8155,-3857,-5751,3175,2491,42173,85,2590,-14
2018-10-26,109000,109500,99200,100000,437001,43700100000,-7.8341,33820,27079,-66655,-11202,-664,-55964,-9907,-305,11960,1827,3929,-573
2018-10-29,97300,101000,90900,91800,799904,73431187200,-8.2,-93581,106213,-20681,-5899,-39375,-10705,-7657,-1127,47220,3782,4267,-3138
2018-10-30,91000,108500,90300,106500,1159588,123496122000,16.0131,-140187,24057,138216,22323,-7323,132300,-30140,-367,18916,-10343,-11743,2507
2018-10-31,107500,112500,104000,112000,550466,61652192000,5.1643,-51084,80033,-22316,-34660,27911,38067,-2871,-1105,-48143,-7335,702,-1515
2018-11-01,112500,114000,109000,109500,291210,31887495000,-2.2321,9468,-31386,-27722,-3015,-1041,2643,-1061,0,-24412,50313,-673,-836
2018-11-02,110500,116000,110000,115000,301230,34641450000,5.0228,-98260,20663,28768,-964,-2237,48967,-2601,0,-14397,48700,129,0
2018-11-05,113500,118000,112500,117500,249663,29335402500,2.1739,-46395,48508,-50822,-13291,-3735,-1953,-494,33,-31382,49202,-493,0
2018-11-06,118000,119000,115000,116000,186157,21594212000,-1.2766,-25468,11212,-35954,-11224,-2002,-16385,-962,0,-5381,50179,31,0
2018-11-07,116500,117000,113500,114500,209062,23937599000,-1.2931,-39780,15080,-25109,-12086,33,-7334,-649,0,-5073,49610,199,0
2018-11-08,116500,118000,116000,116000,206230,23922680000,1.31,-26326,16666,-20710,-17626,-1697,4172,2995,-200,-8354,30078,292,0
2018-11-09,119500,120000,117000,118500,303333,35944960500,2.1552,-31882,25003,-21954,-4166,8440,-7869,103,0,-18462,29864,-1031,0
2018-11-12,118000,126000,117500,122500,445248,54542880000,3.3755,-146967,-13168,152037,39104,37225,33700,6338,-3000,37870,8357,-259,800
2018-11-13,122000,124500,120000,123000,264908,32583684000,0.4082,-30101,-39228,69173,19089,18758,7003,11094,0,13229,178,-22,0
2018-11-14,123500,127000,123000,125000,265452,33181500000,1.626,-37307,6816,31336,5026,7529,9675,6272,155,2679,-988,143,0
2018-11-15,126000,127500,124000,125500,144916,18186958000,0.4,-19801,23917,-3657,-15108,2836,331,124,0,8160,-412,-47,0
2018-11-16,125500,126500,122000,122500,222117,27209332500,-2.3904,-10057,60520,-62361,-4696,-740,-38348,-3782,-262,-14533,11990,-92,0
2018-11-19,121500,124500,121500,123000,163891,20158593000,0.4082,-18323,48722,-44541,-41773,-10764,1374,-4249,-124,10995,14108,34,0
2018-11-20,122500,124500,122000,124000,153788,19069712000,0.813,-34657,14021,5629,-18421,974,260,696,0,22120,15000,7,0
2018-11-21,123500,123500,117500,119500,298028,35614346000,-3.629,43780,-28287,-48014,-17413,-16058,-15530,-2501,-646,4609,32648,-127,-475
2018-11-22,119500,123000,117500,122000,159773,19492306000,2.0921,-42216,32158,-35268,-20179,4720,-6365,-6447,0,-6997,44798,528,0
2018-11-23,123000,126500,122000,123500,217497,26860879500,1.2295,-36204,36471,-37170,-15881,6410,-8442,102,0,-19359,37158,-255,0
2018-11-26,124000,125500,122500,125000,156029,19503625000,1.2146,-47871,2976,20184,-4164,-8137,503,5054,0,26928,24735,-24,0
2018-11-27,125000,126500,124500,126000,184668,23268168000,0.8,-38392,74382,-64130,-34701,-11526,1624,-5115,0,-14412,28270,-130,0
2018-11-28,127000,130000,125500,129000,197228,25442412000,2.381,-61568,26729,20666,-8893,2091,19578,795,-2176,9571,14636,-463,-300
2018-11-29,131500,133500,131000,132500,296070,39229275000,2.7132,-69015,111386,-41308,-23683,-941,-7543,47,0,-9188,-837,-226,0
2018-11-30,132500,133000,129000,130500,332003,43326391500,-1.5094,7754,17670,-33296,-11347,244,-19439,-368,0,-2371,7918,-46,-15
2018-12-03,131000,131500,125000,127000,441903,56121681000,-2.682,76867,-93,-86548,-17585,-20781,-24079,-7676,-18,-16112,9772,2,-297
2018-12-04,126500,128000,124500,124500,296094,36863703000,-1.9685,18794,30918,-77912,-15906,-9079,-12077,-3102,0,-37748,29055,-855,0
2018-12-05,125000,126500,123500,125500,302915,38015832500,0.8032,29803,2032,-81766,-48521,-17295,-15865,-6284,0,6199,49940,-9,0
2018-12-06,119000,119500,109500,110500,1579206,174502263000,-11.9522,445784,-315637,-195974,-52320,-24833,-84828,-20195,-1006,-12792,63725,2102,0
2018-12-07,113000,114500,111000,112500,423257,47616412500,1.81,-64762,58580,-65888,-16260,-6063,-13076,-6586,-360,-24643,73065,-995,1100
2018-12-10,109500,110000,102500,105500,779248,82210664000,-6.2222,115023,-121136,-89215,-17594,-32746,-45599,-23251,-1103,31078,95215,113,0
2018-12-11,104000,104500,100000,103500,613311,63477688500,-1.8957,40034,-128053,25604,-16118,-10985,6726,862,0,45119,61592,823,0
2018-12-12,102500,107000,102500,105500,325466,34336663000,1.9324,-77808,-13737,41466,1203,990,1011,422,0,37840,50017,62,0
2018-12-13,106000,111000,106000,109000,700939,76402351000,3.3175,-46237,120270,-117756,-12011,-104577,-10393,6576,0,1856,43657,66,793
2018-12-14,109000,109500,103500,106000,425642,45118052000,-2.7523,-16060,-24703,-58012,-4357,1539,-24077,720,0,-31837,98767,8,0
2018-12-17,106000,108000,104500,107500,200784,21584280000,1.4151,-48460,20774,4715,-464,-287,-5914,-4213,336,15257,22937,34,0
2018-12-18,106500,108500,105000,108500,184232,19989172000,0.9302,-42656,-839,5735,-1673,780,-6407,-14585,0,27620,37760,0,0
2018-12-19,108500,112000,107500,110500,213304,23570092000,1.8433,-61467,-495,44699,-4285,2072,11917,-2093,0,37086,17090,173,2
2018-12-20,110000,110500,108000,109000,163422,17812998000,-1.3575,-16260,526,-4461,-4450,-2555,1509,-3649,-155,4743,20195,0,96
2018-12-21,110000,117000,108500,114500,510705,58475722500,5.0459,-130318,30238,90476,17495,16971,-567,406,1767,54670,10080,-476,-266
2018-12-24,114500,116000,113000,114000,190788,21749832000,-0.4367,-21903,-75135,59198,13870,6031,10143,11054,280,17840,37840,0,-20
2018-12-26,111000,113500,109000,110000,252426,27766860000,-3.5088,-38704,-80240,2438,-921,8090,-14431,3571,-1050,8768,116405,101,-1589
2018-12-27,111000,115500,110500,115000,250236,28777140000,4.5455,-41268,63429,-38033,-8419,7820,-8454,11320,0,-41460,16212,-340,1160
2018-12-28,114500,115500,111000,111500,147134,16405441000,-3.0435,21971,-34339,-3455,-7914,5305,1409,4353,0,-6647,16615,-792,39
2019-01-02,113500,113500,105500,106000,271562,28785572000,-4.9327,58424,-61700,-28212,4170,8189,-11010,-9184,0,-20279,31419,69,-98
2019-01-03,105500,109000,104000,104000,236841,24631464000,-1.8868,31421,7724,-64230,-19070,193,-20335,4032,0,-29050,25057,28,0
2019-01-04,103500,109500,103000,108500,218348,23690758000,4.3269,-44756,30830,14656,5428,-4146,4357,2485,939,5097,-760,30,496
2019-01-07,109000,111500,109000,110500,154726,17097223000,1.8433,-43954,-975,44942,20540,-794,-1304,-1162,0,26015,10,-23,1647
2019-01-08,112000,113500,109000,109000,126350,13772150000,-1.3575,2284,-19757,12523,8075,5279,-3590,1853,935,-1238,5000,-50,1209
2019-01-09,109500,113000,109000,112000,150310,16834720000,2.7523,-48815,35198,14331,1912,21435,-13437,88,-126,4459,-709,-5,0
2019-01-10,112000,119500,112000,114000,316851,36121014000,1.7857,-7912,-25344,30947,17592,11938,-14431,14680,1799,-3517,2371,-62,2886
2019-01-11,113000,117000,112000,115500,179824,20769672000,1.3158,-35352,-634,40051,37355,9353,-519,1504,0,-8354,-3981,-84,712
2019-01-14,114500,116500,112000,113000,134281,15173753000,-2.1645,-1691,10443,-28548,-5180,-858,-2999,42,-952,-18601,19761,35,0
2019-01-15,113000,113500,111500,112000,111048,12437376000,-0.885,11294,-8551,-3022,4635,-851,-8419,-7122,0,8829,224,55,-94
2019-01-16,111000,113500,109000,109500,147350,16134825000,-2.2321,13275,-367,-32931,-9437,-687,-1456,-853,0,-20444,19980,43,-54
2019-01-17,109500,111000,108500,109500,185042,20262099000,0.0,-91,-5260,-14841,4049,-1100,-5995,-1469,0,-10326,20000,192,0
2019-01-18,111000,111000,105500,106000,312789,33155634000,-3.1963,96410,-55673,-72545,-16507,-20556,-11922,-7779,0,-15781,31535,273,0
2019-01-21,106000,106500,103000,103500,361789,37445161500,-2.3585,34927,-41802,-72694,-14941,-14149,-21488,-19254,0,-2862,79415,154,0
2019-01-22,104000,106500,102000,106000,275732,29227592000,2.4155,-17698,41073,-60121,-12265,-9076,-23312,-12235,-417,-2816,36673,73,0
2019-01-23,105500,108500,105500,107500,184452,19828590000,1.4151,-27122,22542,-2348,-205,-11074,-16921,-2293,0,28145,7045,-117,0
2019-01-24,106500,107500,105000,106500,131913,14048734500,-0.9302,19069,7012,-36068,-27305,3680,3643,525,0,-16583,10000,-13,-28
2019-01-25,108000,113500,108000,110000,360582,39664020000,3.2864,-42910,34642,9024,-16686,10697,1663,14,0,14333,-957,201,-997
2019-01-28,111500,112500,109500,111500,172596,19244454000,1.3636,-5654,24512,-23461,-22741,-2223,3064,-2095,-246,2505,4249,354,-1725
2019-01-29,111500,113500,110000,110500,165637,18302888500,-0.8969,-11738,337,-19892,-14540,-4133,4040,-2299,271,-3231,31381,-88,0
2019-01-30,110500,112000,109500,110000,250144,27515840000,-0.4525,430,-113315,13157,2610,1874,4174,-811,93,5235,99700,28,-18
2019-01-31,112000,112000,106500,107000,266698,28536686000,-2.7273,61225,-37032,-25535,-19048,-15976,14040,-9073,0,4637,210,1132,-115
2019-02-01,107500,110000,107500,109500,166109,18188935500,2.3364,-26481,26212,4241,-15023,-817,30928,-415,0,-10420,-3962,-10,-12
2019-02-07,110000,110500,108000,109500,123492,13522374000,0.0,-1221,11896,-11943,-15313,-1372,17368,-472,0,-12154,1271,-3,0
2019-02-08,115000,128000,112500,119000,1354003,161126357000,8.6758,-125016,75089,54993,22587,74,33477,5186,0,-6377,-3084,-1982,46
2019-02-11,119000,124500,117500,119000,541698,64462062000,0.0,-21901,32758,-11084,-21986,25290,-5311,7871,-2165,-14783,297,-70,0
2019-02-12,119000,119500,116500,118000,217809,25701462000,-0.8403,-11303,27377,-15893,-20268,-2069,-473,-1791,0,8708,-150,-31,0
2019-02-13,117500,123500,116500,123500,447866,55311451000,4.661,-119347,114091,5676,-35530,39,6978,567,743,32879,-175,-245,0
2019-02-14,118500,124000,117000,124000,459918,57029832000,0.4049,-40851,-778,41910,-15521,-5802,-1178,926,365,62726,-240,-41,394
2019-02-15,121500,123000,118500,119000,221949,26411931000,-4.0323,11042,10619,-22037,-21972,-2936,76,3839,935,541,40,336,-2520
2019-02-18,119000,121500,117000,119500,140160,16749120000,0.4202,-10149,19426,-9032,-21889,-2103,1328,-3524,530,16626,-139,-106,0
2019-02-19,119500,120500,108000,117000,726269,84973473000,-2.0921,57090,15485,-62675,-60685,2777,-2770,-7267,-1833,9268,-10100,200,-2165
2019-02-20,116000,118500,114000,115000,256806,29532690000,-1.7094,69447,-20132,-51873,-32356,1165,-3600,-962,0,-16120,2598,-40,0
2019-02-21,115500,119500,115500,118500,264047,31289569500,3.0435,-72562,77352,-4824,-17840,5740,-1808,2342,-500,7207,178,-144,35
2019-02-22,119000,120500,116500,118500,165340,19592790000,0.0,-32725,39832,-7961,-6599,944,-2150,-2011,0,1855,0,854,0
2019-02-25,118500,122000,117500,121500,167349,20332903500,2.5316,-51798,36674,14798,-1926,1220,316,-1580,-76,16844,729,-403,0
2019-02-26,121000,123000,121000,122000,170833,20841626000,0.4115,-67412,66252,995,-4175,-5505,6062,-1167,0,5780,375,-210,0
2019-02-27,122000,123000,120500,122000,134672,16429984000,0.0,-30047,14113,16045,-2388,-73,2471,-1465,-345,17845,-100,-11,0
2019-02-28,119500,120000,117000,118000,228333,26943294000,-3.2787,19634,-6836,-13680,-13235,-18045,-11912,-6082,0,35603,205,677,-9
2019-03-04,118000,119000,115000,115500,181551,20969140500,-2.1186,1854,-29995,27921,-3556,-3422,-8865,7360,0,36322,91,129,82
2019-03-05,115500,116500,111500,112000,240465,26932080000,-3.0303,52705,-31572,-21269,1296,-2019,-24073,-2853,0,6380,108,28,0
2019-03-06,112500,114000,112000,113000,134736,15225168000,0.8929,2786,34794,-37743,-26908,-5805,-2573,-1290,0,-1167,-30,193,0
2019-03-07,114000,114000,112000,112500,96231,10825987500,-0.4425,14168,-1417,-12761,-2288,-2584,-7207,-1575,0,893,0,10,0
2019-03-08,113000,114000,112000,113000,109035,12320955000,0.4444,-12862,10992,1924,-3736,-957,3205,2686,0,726,-99,45,0
2019-03-11,113500,113500,112000,113500,94465,10721777500,0.4425,-3375,14000,-10977,-4804,-1102,-10032,1418,0,3543,352,0,0
2019-03-12,114000,115000,113500,114000,98278,11203692000,0.4405,-533,-9019,9532,-3843,-37,183,-13,0,13242,-52,72,0
2019-03-13,113500,114500,111500,114000,130370,14862180000,0.0,16508,4888,-21849,-8880,-1130,-4869,929,0,-7899,500,-47,0
2019-03-14,115000,115500,114000,115500,220885,25512217500,1.3158,-19400,72868,-53361,-34722,-239,7611,1108,0,-25713,-106,-1,-1406
2019-03-15,115500,120000,115000,120000,211681,25401720000,3.8961,-107233,76976,31283,1360,-692,-2473,2480,0,30608,-698,-328,0
2019-03-18,120500,122000,119000,120500,129947,15658613500,0.4167,-43548,4821,38490,6468,10285,10746,28,0,10963,1268,-1031,0
2019-03-19,121000,121500,118000,118500,84853,10055080500,-1.6598,7643,476,-8549,-1747,-3300,-6105,93,0,2510,600,-170,0
2019-03-20,117000,118000,114000,117500,139562,16398535000,-0.8439,14792,-7920,-7119,-1296,-6026,-326,-383,107,805,24,223,0
2019-03-21,117000,120000,115500,115500,128292,14817726000,-1.7021,23664,14843,-39545,-8184,-4146,91,153,760,-28219,1036,2,0
2019-03-22,115500,117500,114500,115500,74808,8640324000,0.0,10195,13303,-23528,-4183,481,6365,-1631,0,-24560,30,0,0
2019-03-25,114000,117000,114000,115000,66003,7590345000,-0.4329,-4030,12306,-8189,-3032,-84,-2145,496,782,-4206,20,-107,0
2019-03-26,116000,121000,115500,121000,296414,35866094000,5.2174,-100003,93217,12327,-17228,-132,33851,-324,0,-3978,-5370,-171,138
2019-03-27,121500,122000,119000,121000,159243,19268403000,0.0,-41461,31960,10390,-13892,4812,16367,252,986,1865,-599,-290,0
2019-03-28,120500,130000,119000,124500,567869,70699690500,2.8926,-124611,84973,39193,-192,10067,12449,6542,3170,6355,638,-193,802
2019-03-29,125000,126000,123500,125000,201459,25182375000,0.4016,-23676,5290,20683,-1268,-1629,28760,-2613,720,-2302,-1751,-546,-985
2019-04-01,126000,127000,123500,123500,160664,19842004000,-1.2,-13934,-21092,34970,11384,-5669,14479,6627,0,7358,141,-85,791
2019-04-02,123500,125000,120000,120500,171624,20680692000,-2.4291,34910,-9011,-25808,-8529,1039,4048,1548,0,-24270,-135,44,356
2019-04-03,125000,126500,122500,125500,312809,39257529500,4.1494,-112336,8299,104087,13476,13973,71813,3887,159,779,-53,3,0
2019-04-04,126000,126500,124000,124500,104300,12985350000,-0.7968,1894,-8054,6148,-5040,-3864,691,-863,0,15224,32,-20,0
2019-04-05,126000,126000,122500,124000,98804,12251696000,-0.4016,3355,-13821,10436,1795,-1252,-1918,-36,332,11515,-5,35,0
2019-04-08,126000,126000,122500,123500,103618,12796823000,-0.4032,8893,9819,-18972,-1508,3570,-10142,2136,0,-13028,219,41,0
2019-04-09,123500,124500,121500,123000,102691,12630993000,-0.4049,-8488,4623,3651,-3488,399,-361,1502,279,4856,100,114,464
2019-04-10,123500,128000,123500,128000,287938,36856064000,4.065,-85780,26204,56840,18918,18112,-11340,1370,4100,25680,3100,-364,0
2019-04-11,128000,130000,127500,130000,288933,37561290000,1.5625,-89927,58652,28246,4555,2200,11957,-1059,-827,14120,3090,-61,-2700
2019-04-12,131000,133000,130000,132000,314942,41572344000,1.5385,-122567,43578,79302,30432,32993,9763,2043,744,2792,-273,-40,535
2019-04-15,134500,138000,133000,134500,347649,46758790500,1.8939,-63835,58084,5819,-2720,5491,-787,-16,-1055,4662,661,-729,244
2019-04-16,136000,138000,134000,136000,190618,25924048000,1.1152,-18594,41282,-23097,-7420,-3449,474,-879,-1000,-9903,408,1,-920
2019-04-17,137000,137500,133000,135500,137448,18624204000,-0.3676,-17919,24857,-6839,-763,-2622,-1081,-2779,-955,1361,7,-106,0
2019-04-18,135000,135000,132500,132500,99576,13193820000,-2.214,-6210,13709,-7504,-2965,1116,-3012,1186,-385,-3444,-94,99,0
2019-04-19,132500,135500,132500,133000,96400,12821200000,0.3774,-16282,19234,-3028,328,7080,-5361,3390,0,-8465,26,50,0
2019-04-22,134000,137500,133500,136000,221337,30101832000,2.2556,-25682,10866,14815,12942,10065,-6023,6270,0,-9839,-10,11,1400
2019-04-23,136500,136500,129000,130000,268321,34881730000,-4.4118,45002,-7376,-36424,41,-2976,-11503,-2180,-3937,-15495,-1682,480,-374
2019-04-24,130500,131000,126500,128000,239649,30675072000,-1.5385,8140,61684,-69552,-4000,-9612,-13238,-4975,0,-39228,-277,5,1501
2019-04-25,128000,128500,125000,125500,125965,15808607500,-1.9531,-1964,1694,22,784,-3919,-200,-666,-106,4245,321,-73,-116
2019-04-26,125500,127000,125000,126000,118517,14933142000,0.3984,1915,-170,-1886,1787,-503,249,651,0,-4070,70,71,0
2019-04-29,126000,127500,124000,127000,89570,11375390000,0.7937,381,-20521,20087,2013,-1124,4292,1287,0,13619,0,53,0
2019-04-30,128000,131000,126000,127500,123064,15690660000,0.3937,10158,-21585,11220,-47,8596,-1086,8056,-1000,-3299,193,14,0
2019-05-02,126500,128500,126000,126000,97344,12265344000,-1.1765,14471,-12393,-1707,2544,-1327,-404,526,70,-3085,-410,39,-31
2019-05-03,126000,126500,122500,122500,145048,17768380000,-2.7778,47467,1332,-48846,-4520,2614,-3373,934,-1000,-43501,-9,56,0
2019-05-07,120500,124500,120000,122000,161738,19732036000,-0.4082,18189,27398,-42653,-1805,-9819,646,-758,0,-30917,-2938,4,0
2019-05-08,120000,128000,120000,126500,283696,35887544000,3.6885,-17309,6582,10708,-1755,-28177,2580,-1264,28,39296,-6,25,0
2019-05-09,127500,129000,123500,123500,317101,39161973500,-2.3715,33865,44521,-82455,-17921,4186,-1574,-1014,-2557,-63575,3955,114,0
2019-05-10,124500,131000,123500,131000,377194,49412414000,6.0729,-21057,-39528,59948,2060,22522,19673,1849,0,14792,504,133,-948
2019-05-13,132000,135000,128500,129000,326761,42152169000,-1.5267,4229,-52617,44885,3,14079,12387,7457,-2406,13482,266,3237,-117
2019-05-14,127000,128000,121500,123000,379799,46715277000,-4.6512,95019,-47442,-45526,-12360,-901,-14401,-5897,-1180,-14772,1134,-3185,3985
2019-05-15,121000,121000,115500,118000,467372,55149896000,-4.065,139816,-77541,-67007,-20554,-17531,-320,252,-4689,-25517,4238,494,1352
2019-05-16,117500,119500,115500,118000,224703,26514954000,0.0,2397,-30855,28211,4399,7627,16184,6623,0,-6622,50,197,0
2019-05-17,119500,121000,117000,117500,161348,18958390000,-0.4237,7178,-4572,-2957,-14871,801,15247,185,0,-3969,219,132,-350
2019-05-20,116500,119500,114000,114500,170305,19499922500,-2.5532,8740,-18525,9506,1332,-4912,8267,1884,0,2935,-94,373,0
2019-05-21,113500,116500,112500,114000,188028,21435192000,-0.4367,29363,8645,-39283,-39789,-11047,15688,940,0,-5067,1171,104,-8
2019-05-22,115000,117000,114500,115500,99493,11491441500,1.3158,9866,-16064,6315,-3698,1036,12284,504,0,-3811,-60,-57,0
2019-05-23,116000,116000,110500,112000,166215,18616080000,-3.0303,30918,-5699,-26445,-7837,-9850,-3447,2072,0,-7383,831,395,0
2019-05-24,111500,115000,110500,113500,177240,20116740000,1.3393,7696,-35057,32357,-9380,1991,4368,591,0,34787,-4654,-342,0
2019-05-27,111000,112000,108000,112000,183291,20528592000,-1.3216,26778,586,-30029,-2400,-27334,-11454,3362,0,7797,2650,15,0
2019-05-28,110500,113500,110500,112500,170652,19198350000,0.4464,-380,-23260,22963,11539,5042,-831,-2541,0,10062,780,-103,-308
2019-05-29,113000,113000,107000,109500,275228,30137466000,-2.6667,59668,-35919,-24872,22643,-3769,-5855,4179,-724,-41346,625,498,0
2019-05-30,110000,114000,109500,113000,232450,26266850000,3.1963,-10120,-51770,61912,32707,17778,187,7903,0,3321,0,-22,16
2019-05-31,114000,117500,113000,114500,335364,38399178000,1.3274,32290,-94171,59747,8926,39845,19257,7014,-123,-15197,2049,85,25
2019-06-03,115500,121000,114000,120000,321145,38537400000,4.8035,-35733,-26825,60283,54887,32188,-3627,5699,0,-28864,2406,-131,0
2019-06-04,121500,124500,118000,123000,338228,41602044000,2.5,-27295,-88239,105615,90502,37327,-14157,3276,0,-11508,10075,-156,175
2019-06-05,125000,127000,121500,124000,278163,34492212000,0.813,-41522,8797,34067,26643,23227,-21572,10607,0,-4838,-1290,-52,0
2019-06-07,124000,124000,118500,119000,385292,45849748000,-4.0323,82090,-37484,-44215,18788,-16295,-17162,-3348,351,-26549,-428,37,0
2019-06-10,120000,123500,119000,122500,332187,40692907500,2.9412,-4198,-73635,76544,40920,20509,3910,10978,130,27,1239,50,70
2019-06-11,123000,123500,120500,121000,153738,18602298000,-1.2245,8861,-24956,15934,11100,2554,-1778,646,0,3412,250,-89,0
2019-06-12,122500,124000,121500,122000,318484,38855048000,0.8264,11738,-7894,-4002,6134,8534,-8707,-998,0,-8813,98,60,-152
2019-06-13,122000,124000,121000,121500,311542,37852353000,-0.4098,17729,42969,-60586,-19181,-9584,1287,-300,0,-32808,-30,-82,0
2019-06-14,127500,130500,125500,126500,597483,75581599500,4.1152,-54741,-48395,122890,13536,52840,251,21841,2457,32160,-18794,-960,-195
2019-06-17,127500,129000,124500,126500,253828,32109242000,0.0,22036,-44510,48456,18218,4378,3480,6296,316,13468,-26108,126,2300
2019-06-18,128000,129000,126000,127000,292249,37115623000,0.3953,-28555,-42667,74635,24691,19542,24511,10212,0,-4635,-3454,41,314
2019-06-19,127500,128500,125500,125500,277441,34818845500,-1.1811,62025,-110343,51819,16984,8691,11683,3463,394,10604,-3514,13,0
2019-06-20,126500,126500,124500,126000,214702,27052452000,0.3984,36726,-74360,37924,16252,12017,1624,5206,1143,182,-302,12,1500
2019-06-21,125500,128000,124500,126000,252825,31855950000,0.0,-47285,31677,15299,-841,12407,1085,2186,0,123,100,209,339
2019-06-24,127000,130000,126500,129500,273775,35453862500,2.7778,-32810,30771,21344,30981,21151,-22146,7790,0,-16432,-19394,89,0
2019-06-25,131000,131000,122000,122500,507583,62178917500,-5.4054,106626,-62644,-47471,-5727,21354,-21563,5797,-115,-47155,2254,1235,-62
2019-06-26,121000,123000,117500,121500,342126,41568309000,-0.8163,55920,-37708,-21061,17553,-9161,-14834,-4687,-83,-9849,2950,-101,0
2019-06-27,124000,126000,119000,122500,498944,61120640000,0.823,24613,-35325,14895,89691,-29845,-31623,-6176,0,-7152,-4534,351,0
2019-06-28,119500,121000,112500,113000,778528,87973664000,-7.7551,300200,-124431,-178315,-19052,-55504,-41818,-16954,-1809,-43038,2326,220,-140
2019-07-01,109500,110000,100000,100500,1322257,132886828500,-11.0619,290217,-104037,-164270,-51390,-47700,-13024,-45808,-2806,514,-22867,957,-4056
2019-07-02,102000,102500,100000,101500,627641,63705561500,0.995,130190,-34914,-95887,-21173,-24540,-4109,-15688,0,-22913,441,170,-7464
2019-07-03,101000,102500,100000,100000,590221,59022100000,-1.4778,8745,76476,-85286,-4998,-14979,-28583,-12577,-507,-23483,26,39,-159
2019-07-04,100500,101500,95600,96600,609373,58865431800,-3.4,84160,542,-86211,-10104,-51346,-6425,-9017,0,-6719,53,1456,-2600
2019-07-05,96600,97700,95600,96500,399957,38595850500,-0.1035,85745,-20509,-65215,-12449,-5207,-30500,-21568,-148,4737,-160,139,-80
2019-07-08,96400,97000,93600,93600,342868,32092444800,-3.0052,28668,-8130,-20824,-26009,-688,17799,-21590,0,9794,112,174,-130
2019-07-09,94000,101500,94000,98500,1049234,103349549000,5.235,29151,-72730,43915,-9004,7952,8253,-26987,9189,53812,476,-812,700
2019-07-10,98500,98700,94100,94100,664558,62534907800,-4.467,215041,-169024,-96440,-49074,-27749,4564,-4667,0,-19514,50078,345,0
2019-07-11,94700,98500,94700,96500,658603,63555189500,2.5505,-67630,55473,-89734,-78234,8001,4693,-28618,0,4011,102268,-377,413
2019-07-12,97100,97800,95900,96400,224922,21682480800,-0.1036,48707,-53744,-4940,-5574,10139,19150,-16638,0,-12017,10076,-99,0
2019-07-15,96700,97100,93600,93800,365881,34319637800,-2.6971,92349,-92422,-50033,-9910,-13090,-3809,-8941,0,-14283,49245,861,0
2019-07-16,93800,93900,90700,91700,686064,62912068800,-2.2388,83675,-72710,-61728,10966,-30679,-31684,-9005,-3622,3567,50162,601,-1271
2019-07-17,91200,92000,88600,89500,672680,60204860000,-2.3991,7577,-19112,-88258,-71506,-26600,19194,-251,-1212,-7794,100029,-236,-89
2019-07-18,89100,92500,88900,92100,382860,35261406000,2.905,-109774,117997,-50263,-28096,-30,-3784,-2845,0,-15465,42187,-147,-43
2019-07-19,91600,93100,90300,92500,410428,37964590000,0.4343,-31959,-40818,-6390,-25619,-3395,3194,-624,0,20054,79885,-718,0
2019-07-22,92300,92300,90500,91000,211957,19288087000,-1.6216,62338,-64137,-24473,-34588,560,13689,852,0,-4986,26241,31,0
2019-07-23,90700,92600,90100,90900,360034,32727090600,-0.1099,-13544,-49542,-25425,-35172,-635,5142,-805,0,6045,88513,-2,0
2019-07-24,91100,92000,90500,91600,161846,14825093600,0.7701,-21511,15750,-3703,-30423,138,6400,-441,-68,20793,9478,-14,-102
2019-07-25,91600,91800,90500,91800,211277,19395228600,0.2183,-13679,-1079,-39321,-33533,-1409,2519,208,0,-7106,54005,74,0
2019-07-26,91000,92000,91000,91600,135985,12456226000,-0.2179,-44349,-11286,4413,4787,56,-46,-1408,0,1024,51235,-13,0
2019-07-29,91300,92800,90500,90600,170585,15455001000,-1.0917,-15631,-44975,12612,3661,327,1500,44,0,7080,48141,-147,0
2019-07-30,90000,91000,89500,90600,101498,9195718800,0.0,-11573,-7744,6301,-8567,9265,807,912,0,3656,13005,11,228
2019-07-31,89900,91500,89900,90800,128490,11666892000,0.2208,-32165,6998,10885,-2363,-1223,860,1004,0,12606,14700,-418,1
2019-08-01,90100,91200,90000,90100,143466,12926286600,-0.7709,-14860,-8147,4645,2404,404,233,-837,0,2345,18500,-138,96
2019-08-02,89500,92100,89100,90900,271998,24724618200,0.8879,-84787,13654,20020,45247,676,3268,-2074,0,-27149,51107,6,52
2019-08-05,90200,91700,88000,88300,347796,30710386800,-2.8603,-62348,-49536,12139,29810,251,-18878,-419,0,1375,99750,-5,0
2019-08-06,85000,89400,83500,88100,390071,34365255100,-0.2265,-101905,-19998,67642,38310,-12402,-2323,-6056,-127,50156,54170,91,84
2019-08-07,87700,89100,87200,88600,180314,15975820400,0.5675,-24173,-11421,-7648,5852,1337,-3775,531,0,-11593,43304,-62,0
2019-08-08,89600,90900,89200,89800,202785,18210093000,1.3544,-11910,9008,-27068,-5975,1147,-1974,57,0,-20323,29998,-28,0
2019-08-09,89600,90600,89200,90000,161744,14556960000,0.2227,-6263,-22494,-27481,-8530,1991,-3883,-440,0,-16619,56644,-406,0
2019-08-12,89200,90400,88200,90200,93062,8394192400,0.2222,714,2332,-22336,-48,568,-6646,-127,0,-16094,19268,22,11
2019-08-13,88200,88900,84200,84600,737962,62431585200,-6.2084,125627,-221067,-104483,28528,-16021,-64353,-8939,-5119,-37941,200243,-320,-638
2019-08-14,84700,91300,84700,90700,460427,41760728900,7.2104,-162506,77315,-31277,555,-93,-20550,-799,0,-10465,116487,-19,75
2019-08-16,88800,91000,87900,88400,231731,20485020400,-2.5358,-10659,-47142,-7737,3075,163,-5901,331,0,-5155,65631,-93,-250
2019-08-19,89200,89300,88500,89000,143163,12741507000,0.6787,-7497,-26080,1413,9053,-164,-1900,-1817,0,-3864,32152,12,105
2019-08-20,88500,94000,88500,93500,321647,30073994500,5.0562,-96207,81617,-15939,5319,1404,-13674,1070,0,-10088,30669,-140,30
2019-08-21,93900,94700,92400,93100,172945,16101179500,-0.4278,-6653,-21551,-8035,7676,-141,-3044,45,0,-12773,36239,0,202
2019-08-22,93000,95800,93000,94800,207883,19707308400,1.826,-40285,29813,-795,10200,-395,-179,821,0,-11242,11400,-133,0
2019-08-23,94100,95600,93500,94200,114109,10749067800,-0.6329,-24764,21345,-5368,2377,-817,-6529,-1196,0,797,8786,1,0
2019-08-26,91900,93000,91700,92600,122911,11381558600,-1.6985,-40539,-8890,34083,12423,1756,908,12,0,18984,15357,-11,0
2019-08-27,93000,94100,92500,92900,130973,12167391700,0.324,1799,-21099,1560,2087,-64,1209,4,0,-1676,17583,157,0
2019-08-28,95400,95400,93000,93700,126370,11840869000,0.8611,-8572,-63,-33930,123,1526,-9796,3383,0,-29166,42814,-249,0
2019-08-29,93100,94700,92900,94300,95270,8983961000,0.6403,-23138,10495,-9169,7663,633,3021,-5,0,-20481,22000,-188,0
2019-08-30,94500,95700,94200,94200,129984,12244492800,-0.106,-15139,2678,-7517,1521,-886,-2626,-435,0,-5091,19976,2,0
2019-09-02,94300,95800,94300,95100,106346,10113504600,0.9554,-26742,7133,4607,6794,-467,-2331,2405,0,-1794,14999,3,0
2019-09-03,95000,96100,94600,95200,198087,18857882400,0.1052,-2788,-50308,40182,29837,6390,-621,-4671,0,9247,12923,-9,0
2019-09-04,95000,97500,94400,97400,179631,17496059400,2.3109,-60088,15907,30018,12394,7808,-10242,-147,-48,20253,14163,0,0
2019-09-05,97000,98000,96700,96900,135290,13109601000,-0.5133,-3014,18024,-14679,-10853,533,-3307,-500,0,-596,-348,17,44
2019-09-06,96200,97100,94400,94900,116031,11011341900,-2.064,8839,470,-29364,-853,117,-14882,-1503,0,-12143,20050,5,-100
2019-09-09,94600,97200,94600,96400,107508,10363771200,1.5806,-33041,5325,20825,7023,150,1418,-2,0,12236,7008,-117,0
2019-09-10,96500,97100,95300,95800,97110,9303138000,-0.6224,-267,-16748,3016,726,-251,-637,-175,0,3353,14000,-1,0
2019-09-11,96400,98300,96300,98300,250723,24646070900,2.6096,-71570,-35231,90892,34150,-2360,5591,1963,0,51564,16000,-91,-16
2019-09-16,98600,99500,97300,99000,118255,11707245000,0.7121,-33766,12339,9275,4785,407,4823,-2495,0,1755,12157,-5,0
2019-09-17,98700,100000,98000,99000,123790,12255210000,0.0,-14581,13185,-10343,5419,-165,-2576,-1152,0,-11850,11739,0,-19
2019-09-18,99100,100500,98200,98200,150817,14810229400,-0.8081,5803,-11414,-22995,4431,-13803,-5882,-7886,0,145,28605,1,0
2019-09-19,98100,98900,95500,95700,161548,15460143600,-2.5458,25230,-16401,-29363,1737,-715,-18178,-80,0,-12127,20510,24,0
2019-09-20,96000,96100,93900,95700,164971,15787724700,0.0,16129,-12722,-17393,12235,-5964,-6666,-423,0,-16575,13980,6,0
2019-09-23,95500,98400,94500,97900,98626,9655485400,2.2989,-39450,20816,3719,11114,1299,-3670,-438,0,-4586,14903,12,0
2019-09-24,97900,98700,97200,98000,102858,10080084000,0.1021,-23735,-17977,25873,8765,1731,-515,3,0,15889,15819,20,0
2019-09-25,98600,98600,95000,95100,200777,19093892700,-2.9592,27457,-13883,-28683,2665,-1329,-43628,-2874,0,16483,15100,9,0
2019-09-26,94600,96500,94600,95400,75974,7247919600,0.3155,-3902,-11999,-550,-2027,-185,1831,-1799,0,1630,16370,81,0
2019-09-27,96600,96600,93300,94100,98908,9307242800,-1.3627,911,11339,-32166,-2853,-1354,-3543,-1278,0,-23138,20000,-84,0
2019-09-30,94100,95100,93300,94500,115862,10948959000,0.4251,-20123,-11760,23784,3227,-502,12789,-848,0,9118,8100,-1,0
2019-10-01,93800,97000,92300,96600,161705,15620703000,2.2222,-30877,-28380,39657,6145,4941,23718,-1199,0,6052,19600,0,0
2019-10-02,95600,96800,92300,92400,249884,23089281600,-4.3478,79263,-60670,-48216,-13204,2558,-13305,6,-349,-23857,30100,-477,-65
2019-10-04,91800,92900,86800,87400,385123,33659750200,-5.4113,121495,-96634,-46871,1014,-1500,-32802,-1824,-149,-11522,20909,1101,-88
2019-10-07,92400,95500,90300,91600,466800,42758880000,4.8055,-61499,-30987,93737,10929,25974,39791,2075,275,14703,-350,-901,-10
2019-10-08,92300,95800,90800,95700,264671,25329014700,4.476,-109085,8041,101165,13737,4675,46914,1625,0,34028,-100,-21,186
2019-10-10,94600,96700,94500,96200,285631,27477702200,0.5225,-9027,-26109,35066,-3116,8689,19217,1625,-99,8750,114,-44,0
2019-10-11,93500,96400,91200,92800,273552,25385625600,-3.5343,18948,18461,-37385,-24267,1467,-5233,-3654,-66,-5450,-20,-4,-182
2019-10-14,93000,94700,91200,92100,271333,24989769300,-0.7543,91005,-20795,-70233,-28547,-18307,-5325,-15964,0,-1292,-1,24,-798
2019-10-15,92100,93000,91700,92200,152968,14103649600,0.1086,15186,-20483,5098,2146,3456,-2084,19,0,1537,214,-15,24
2019-10-16,92300,92600,90300,90400,186699,16877589600,-1.9523,64556,-66151,1407,-6223,-9590,5888,-444,0,11776,150,38,0
2019-10-17,90600,91600,90500,91400,140897,12877985800,1.1062,-4073,-28285,32369,1793,-405,26697,-187,0,4471,-10,-1,0
2019-10-18,91600,91700,89400,89600,151474,13572070400,-1.9694,52613,-40951,-12410,-8354,-6484,3546,-370,0,-1388,600,148,640
2019-10-21,89600,91000,89600,90400,80576,7284070400,0.8929,-19777,1335,18741,1255,-119,2432,-668,0,15841,-314,15,0
2019-10-22,90300,90900,89500,90200,149026,13442145200,-0.2212,-10488,-37233,47782,10638,489,18862,-5187,0,23001,0,-61,-21
2019-10-23,89700,90300,88300,88600,199147,17644424200,-1.7738,21583,-21738,-482,-14783,-378,9241,-2059,-275,7816,592,45,-44
2019-10-24,88200,88500,86800,87000,226512,19706544000,-1.8059,51975,-43525,-9066,-9902,-1203,8037,-704,0,-5294,400,216,0
2019-10-25,86900,87900,86800,87500,206221,18044337500,0.5747,7791,-50976,42295,622,-245,36249,-802,0,6471,1100,-210,0
2019-10-28,87700,88200,86900,87100,175680,15301728000,-0.4571,-7450,-32979,40324,3338,-155,28752,-4531,0,12920,100,5,0
2019-10-29,87500,87600,86300,86400,210201,18161366400,-0.8037,-6385,-12559,18977,2176,-10488,11982,6538,0,8769,0,-33,0
2019-10-30,92000,92100,87000,88000,1047811,92207368000,1.8519,-66298,-209756,276596,40045,61024,71395,32246,140,71530,-617,75,216
2019-10-31,88900,90900,87800,89900,808062,72644773800,2.1591,-35429,-22185,56690,25341,12017,21001,5183,590,-7420,757,167,-22
2019-11-01,89900,90700,88300,88900,215300,19140170000,-1.1123,45887,-69522,23405,14631,11178,-3584,3296,0,-2116,276,-46,0
2019-11-04,90100,92200,89500,91800,255255,23432409000,3.2621,-91818,28494,63334,16836,20722,-3679,8056,33,21366,106,-116,0
2019-11-05,91900,92200,91000,91800,181049,16620298200,0.0,2007,-58308,56229,6899,29253,12714,1148,0,6348,6,66,-133
2019-11-06,92100,95000,92000,94100,452355,42566605500,2.5054,-96751,-41144,138837,33127,47049,37769,3191,139,17519,-1076,134,43
2019-11-07,93600,94500,92600,92700,186927,17328132900,-1.4878,17303,-43657,26106,9618,9243,-3052,2154,514,7531,37,211,98
2019-11-08,93600,94500,93000,94000,155089,14578366000,1.4024,-31586,15266,16549,8926,3434,-1258,248,0,5199,-239,10,0
2019-11-11,94100,94300,91000,91100,153208,13957248800,-3.0851,45842,-23787,-23191,1978,-45,-12559,-530,0,-12035,990,146,0
2019-11-12,91400,92700,90700,92700,148173,13735637100,1.7563,-8982,24348,-15321,6808,1071,-22493,-338,0,-369,-50,5,0
2019-11-13,90700,91400,87500,88800,403124,35797411200,-4.2071,131548,-126261,-14234,8000,-29086,16174,-12047,-236,3069,8886,61,-108
2019-11-14,88900,89900,88200,88900,212049,18851156100,0.1126,18306,-46602,25280,-20791,369,-1629,-66,0,47397,3000,16,0
2019-11-15,88900,90700,88800,90000,189156,17024040000,1.2373,-43035,-15976,58849,16336,-59,-678,587,0,42663,161,1,0
2019-11-18,89800,90700,89300,90100,119238,10743343800,0.1111,1380,-6980,5126,-4797,-5611,-40,173,0,15369,480,-6,32
2019-11-19,89200,90300,87700,87800,228342,20048427600,-2.5527,97278,-54116,-43642,-4559,-10276,-17995,-3788,-417,-6584,404,76,-23
2019-11-20,87500,88500,87100,87800,172915,15181937000,0.0,4700,2931,-7692,4678,-1262,-1343,30,55,-9850,50,11,0
2019-11-21,87700,88400,86400,87000,151003,13137261000,-0.9112,-893,-11541,12434,5407,411,-11076,834,0,16858,-10,10,0
2019-11-22,86900,88600,86500,88200,104944,9256060800,1.3793,-17804,-8407,21527,9770,-1055,-378,242,0,12948,4950,-266,0
2019-11-25,88200,90000,88200,89600,121708,10905036800,1.5873,-52776,10134,43622,19665,-1052,-201,1115,0,24095,-951,-29,0
2019-11-26,89700,90200,89200,90200,175048,15789329600,0.6696,-21641,-8993,30945,-498,903,425,1390,0,28725,-334,23,0
2019-11-27,90900,91000,89100,89100,101393,9034116300,-1.2195,-7226,15288,-7962,-15250,-3833,-177,-4101,0,15399,-100,0,0
2019-11-28,88700,90000,88600,89000,72389,6442621000,-0.1122,-10126,10711,-714,-3152,53,425,1408,0,552,111,18,0
2019-11-29,90000,90100,87700,88000,156529,13774552000,-1.1236,-91,-6486,6606,-23526,2640,34394,-4082,0,-2820,-39,10,0
2019-12-02,87900,90200,87900,89400,104221,9317357400,1.5909,-29497,-435,30229,-4872,10838,43,2913,0,21307,-100,-197,0
2019-12-03,89100,89100,87500,88700,95501,8470938700,-0.783,7381,-4540,-2833,-1958,-1468,525,-1440,0,1508,1,-9,0
2019-12-04,87400,88800,87400,88700,96365,8547575500,0.0,-5594,-3209,8685,1682,591,-57,-5786,0,12255,103,15,0
2019-12-05,88100,88700,86500,86800,120249,10437613200,-2.1421,44961,-29501,-17828,-9772,-844,-205,-4886,-590,-1531,2361,7,0
2019-12-06,86400,88300,86400,87900,66904,5880861600,1.2673,-16667,9412,7280,2017,-1556,346,3644,0,2829,0,-25,0
2019-12-09,88100,88200,86500,86500,107332,9284218000,-1.5927,34721,-23889,-10978,-16584,1,-2431,445,0,7591,50,96,0
2019-12-10,86500,87300,86300,87200,77884,6791484800,0.8092,-6904,16560,-9717,-7354,653,-6692,-3583,0,7259,10,51,0
2019-12-11,87500,88400,86700,88300,104365,9215429500,1.2615,-33498,26261,7355,-6143,-8171,-2363,-599,-11,24642,-50,-68,0
2019-12-12,88700,89200,88400,89200,287930,25683356000,1.0193,-40598,48587,-7450,-31221,-321,5564,6288,0,12240,-537,-2,0
2019-12-13,89400,90400,89400,90300,135467,12232670100,1.2332,-67455,24340,43198,2596,10047,-5500,-1957,0,38012,0,-83,0
2019-12-16,90300,91000,90000,90500,116029,10500624500,0.2215,-39778,2976,36780,-6571,854,-406,-264,200,42967,13,9,0
2019-12-17,89200,90800,88800,90700,138703,12580362100,0.221,-25657,38290,-12618,-9895,71,-73,165,0,-2886,-8,-7,0
2019-12-18,89900,91100,89800,90100,103557,9330485700,-0.6615,-32914,19458,23919,-3338,388,134,-1709,0,28256,-10549,86,188
2019-12-19,90000,90800,88800,89300,113711,10154392300,-0.8879,10939,9746,-10242,-2963,-694,-4377,-5252,0,2928,-10500,57,116
2019-12-20,89800,91000,88800,89200,148968,13287945600,-0.112,-10512,25517,-15285,-4528,-6256,6373,-6994,0,-3985,-90,370,105
2019-12-23,90500,91900,89900,91900,243057,22336938300,3.0269,-116580,96518,22980,-12837,3124,8625,4261,154,19653,-2600,-318,0
2019-12-24,92200,92900,91400,91700,122736,11254891200,-0.2176,-25990,8384,20552,-6934,1938,1530,5413,-309,18914,-3823,877,0
2019-12-26,92500,92500,89800,90400,136918,12377387200,-1.4177,9871,-20774,15017,-18558,769,417,3780,59,28550,-4134,20,0
2019-12-27,89600,91300,89200,90200,160256,14455091200,-0.2212,-13491,51478,-34586,1075,3190,-15336,-5239,0,-18276,-3793,392,0
2019-12-30,90600,92700,90500,92400,171933,15886609200,2.439,-26289,16984,9372,1452,3967,-598,7871,0,-3377,-62,-5,57
2020-01-02,92200,92400,90300,90300,150304,13572451200,-2.2727,52849,-20309,-35956,353,1327,-2519,-3033,0,-32084,3306,110,0
2020-01-03,91500,92200,90300,90600,157973,14312353800,0.3322,6861,27276,-35480,938,-1262,-570,-120,0,-34466,356,987,0
2020-01-06,89700,90100,87700,87800,200760,17626728000,-3.0905,72437,-28514,-40924,528,-4204,-2547,-419,0,-34282,-3367,368,0
2020-01-07,87900,89500,87900,89100,97663,8701773300,1.4806,-12932,10382,3033,-49,-779,4030,-620,0,440,-494,11,11
2020-01-08,87700,88300,86200,87300,218616,19085176800,-2.0202,10060,31689,-41841,-1661,-1863,-1395,596,0,-37518,61,31,0
2020-01-09,87500,89000,87400,89000,184099,16384811000,1.9473,-2135,-11616,13612,2306,8771,6083,2031,0,-5579,-4,143,0
2020-01-10,88400,90800,88300,89700,159126,14273602200,0.7865,4871,18977,-23861,-2502,14544,-5713,998,0,-31188,0,13,0
2020-01-13,90000,97000,89800,96500,571447,55144635500,7.5808,-230002,150008,82782,32396,18248,16212,22003,193,-6270,-2057,-731,0
2020-01-14,98200,101000,96300,98300,486097,47783335100,1.8653,-50276,11469,33801,3006,4993,33430,1367,0,-8995,5124,-118,0
2020-01-15,97700,99700,97700,98900,169884,16801527600,0.6104,-14460,9600,7878,3434,1489,1644,8723,138,-7753,-1785,-1233,203
2020-01-16,98800,98900,97300,98100,133887,13134314700,-0.8089,7532,4546,-14185,499,593,-1103,-1464,-31,-12645,2007,100,-34
2020-01-17,98000,98300,95000,95200,223712,21297382400,-2.9562,33393,-19743,-14274,-2547,6525,-1782,1221,0,-17670,0,624,-21
2020-01-20,95400,96100,94400,94600,166563,15756859800,-0.6303,27288,-25053,-504,8528,783,-9755,-3939,737,3142,-1654,-77,0
2020-01-21,94400,95100,93200,93600,151849,14213066400,-1.0571,18100,-23458,7235,639,683,2249,-235,153,3749,-1860,-17,-3
2020-01-22,93000,94800,93000,94100,150127,14126950700,0.5342,36838,-49464,23589,5976,4252,-1587,-149,270,14827,-10951,-12,0
2020-01-23,93300,97300,92500,96400,319617,30811078800,2.4442,-8615,304,32197,23200,18986,7046,3985,213,-21233,-24941,1055,0
2020-01-28,93900,95300,91200,91900,242539,22289334100,-4.668,50068,-58107,8228,2690,-2478,-11830,448,0,19398,-54,-135,0
2020-01-29,91500,92300,90500,91100,213910,19487201000,-0.8705,35669,3663,-41013,-1679,4733,-3684,2039,-498,-41829,803,878,-95
2020-01-30,91100,91900,88500,88900,263879,23458843100,-2.4149,47743,-41679,-6844,11241,-4429,3226,2165,10,-19057,675,105,0
2020-01-31,89000,93300,88100,89600,429661,38497625600,0.7874,-4145,-16613,22810,12017,14,1853,4496,0,4410,-1002,-1050,20
2020-02-03,89600,92300,89600,90700,284650,25817755000,1.2277,47403,-51781,4361,-1629,2417,4057,3007,0,-3186,-100,117,-305
2020-02-04,90900,92400,90000,91900,215829,19834685100,1.323,29828,28838,-58708,-4712,384,922,1591,0,-56864,0,42,-29
2020-02-05,92000,92100,90500,90600,208973,18932953800,-1.4146,43443,32292,-75777,1927,1650,-3619,1775,0,-77510,0,42,0
2020-02-06,91700,94900,91200,94400,255725,24140440000,4.1943,-81442,17001,60716,21327,8765,241,2314,0,28018,3433,292,51
2020-02-07,94100,95600,93000,93500,193643,18105620500,-0.9534,23860,7017,-32115,-4360,72,457,2127,0,-30411,1090,148,0
2020-02-10,92900,94100,91800,93900,133222,12509545800,0.4278,13063,-7446,-5608,7269,26,1025,591,0,-14519,13,-22,0
2020-02-11,93900,94900,93700,94100,135011,12704535100,0.213,-3650,-4871,8729,3617,24,-54,1319,0,3823,-50,-158,0
2020-02-12,93100,94900,93000,94900,160053,15189029700,0.8502,-27987,2743,25329,9579,-2255,-46,-348,-3,18402,199,-284,0
2020-02-13,94900,95400,93200,93400,252523,23585648200,-1.5806,43348,-9596,-34028,-421,-10731,-2075,1059,525,-22385,184,92,0
2020-02-14,93000,98400,92200,97700,540815,52837625500,4.6039,-103139,63208,43142,23219,-146,12507,1417,950,5195,-2843,-368,0
2020-02-17,99600,99700,94400,95700,502970,48134229000,-2.0471,123124,-125719,6531,3541,11465,-3144,-2710,391,-3012,-4061,125,0
2020-02-18,96100,96800,94200,94500,217957,20596936500,-1.2539,5506,9490,-15799,-2382,-11790,-1793,-403,0,569,186,617,0
2020-02-19,95400,95600,92000,94300,231965,21874299500,-0.2116,-2834,-1039,3531,2882,-1737,-94,523,0,1957,271,71,0
2020-02-20,93300,94400,92800,93100,209334,19488995400,-1.2725,23961,6047,-30120,-7242,1622,-5133,391,0,-19758,183,-71,0
2020-02-21,92300,94300,92000,92300,174947,16147608100,-0.8593,16372,-1846,-14355,3889,-1117,-5867,3411,0,-14671,-19,-152,0
2020-02-24,91100,93700,90100,90300,280824,25358407200,-2.1668,1888,-6621,1930,-958,368,886,1113,0,517,2595,208,4
2020-02-25,90900,93200,90100,92100,240443,22144800300,1.9934,-2853,9961,-9533,1547,464,915,4438,0,-16897,2129,296,0
2020-02-26,91000,92200,90500,91100,198622,18094464200,-1.0858,11863,-13610,1714,1204,-572,1874,1472,0,-2264,10,23,0
2020-02-27,90500,91600,88700,89500,206632,18493564000,-1.7563,22325,-19809,-2648,3769,-391,-1335,636,550,-5877,298,-166,0
2020-02-28,88200,88900,87400,88600,300929,26662309400,-1.0056,-62323,-11023,74711,2421,-2020,1895,4086,0,68329,-98,-1267,0
2020-03-02,89000,89600,86600,88300,241318,21308379400,-0.3386,12404,-23516,10295,1413,4767,264,2389,0,1462,10,807,0
2020-03-03,89900,90600,87600,88000,210329,18508952000,-0.3398,39560,7736,-46930,-707,-4218,421,-2701,0,-39705,32,-398,-20
2020-03-04,88700,94500,88400,94300,453992,42811445600,7.1591,-124981,90917,37519,8174,11663,19253,-793,400,-1427,-2174,-1281,249
2020-03-05,95000,96500,94300,96300,358464,34520083200,2.1209,-76967,98469,-20280,3280,4899,1788,3299,-55,-33491,-1102,-120,0
2020-03-06,95300,95900,92000,92500,280031,25902867500,-3.946,48430,-32013,-13792,314,-853,-6196,11395,0,-18452,-2542,-83,0
2020-03-09,91300,91300,87600,88400,377974,33412901600,-4.4324,89798,-86666,-3165,30918,-5366,2068,-4336,-754,-26076,-710,743,381
2020-03-10,88400,91000,87500,90900,292412,26580250800,2.8281,-31628,2751,28680,4303,-7201,-4244,267,0,35555,201,-4,0
2020-03-11,90700,91400,87900,88600,255600,22646160000,-2.5303,26430,-2942,-23632,-7128,-2125,6459,-1718,-220,-19100,-193,337,200
2020-03-12,90400,90900,86400,87000,599164,52127268000,-1.8059,31825,-8019,-21450,-25057,6914,25700,4538,392,-33812,-1830,-526,-125
2020-03-13,82000,94800,80000,91800,892080,81892944000,5.5172,-210306,96273,116933,23514,81810,8944,3790,-151,-992,-1598,-1302,18
2020-03-16,93000,95000,89300,91400,430767,39372103800,-0.4357,-74224,52630,21025,15058,20896,1776,7196,0,-23901,674,-105,0
2020-03-17,88000,94500,88000,94300,423552,39940953600,3.1729,-131625,132058,1991,3087,1622,-12511,-2253,-47,12093,-2302,-122,0
2020-03-18,93400,94300,89700,89700,346239,31057638300,-4.878,2983,23558,-26570,-3097,1294,-7561,-303,-1657,-15214,-77,106,-32
2020-03-19,92000,93200,88900,90700,617969,56049788300,1.1148,-252792,195547,59834,33249,2900,3186,4268,0,16778,-2461,-128,-547
2020-03-20,91300,93500,89900,93500,514529,48108461500,3.0871,-168222,144595,27351,7384,5452,-412,6899,0,7581,-2192,-1532,447
2020-03-23,90300,93400,90000,91900,422115,38792368500,-1.7112,-84964,101694,-18536,12659,-3369,-2097,602,0,-26184,1109,697,-147
2020-03-24,92100,94600,91700,94400,533904,50400537600,2.7203,-119638,76309,43387,8693,21698,1103,-2121,0,14014,435,-493,0
2020-03-25,96200,96900,92900,95200,648733,61759381600,0.8475,-44227,52444,-12269,-1199,4919,-2264,-8256,0,-5648,77,3975,179
2020-03-26,94500,95900,93200,93500,474626,44377531000,-1.7857,-20471,158,23846,10818,15208,2610,-1723,0,-3026,-4084,551,-41
2020-03-27,95200,95700,92100,93800,431391,40464475800,0.3209,-67034,13030,53479,19316,9020,10620,-126,0,14674,-316,841,-25
2020-03-30,92900,93900,91800,93500,261773,24475775500,-0.3198,-16900,555,17914,4166,2329,261,884,0,10274,-514,-1055,0
2020-03-31,92700,93900,91800,93200,417503,38911279600,-0.3209,7121,10199,-18199,1197,-2182,-304,-1856,0,-15015,788,91,-39
2020-04-01,92300,100500,92200,93800,1300326,121970578800,0.6438,-51644,91843,-41057,-5557,2943,-2419,-1760,0,-34279,1691,-833,15
2020-04-02,96000,97600,93400,96600,515146,49763103600,2.9851,-16348,-44060,58646,34907,783,12458,2301,-493,8194,1796,-34,496
2020-04-03,96000,96700,94000,94700,322239,30516033300,-1.9669,14111,-12485,-2013,7969,6528,-1734,-299,29,-14506,55,332,0
2020-04-06,95200,97800,94900,96800,380797,36861149600,2.2175,-83052,32103,50302,4907,-646,-3304,2722,0,46623,753,-106,0
2020-04-07,97600,97800,95300,97300,409542,39848436600,0.5165,-7800,15353,-7752,-2907,-1606,-7797,-3056,0,7614,931,-732,0
2020-04-08,97400,99100,96500,96800,461738,44696238400,-0.5139,-18377,34634,-15475,-4158,9986,-788,-1816,-754,-17939,1302,-2084,-6
2020-04-09,98100,98300,95500,96500,366550,35372075000,-0.3099,48793,10591,-59926,-31657,-3578,-79,-306,0,-24306,-10,552,0
2020-04-10,96500,96500,93200,95000,321841,30574895000,-1.5544,49736,-17933,-32660,811,1108,-3707,-2869,0,-28003,723,134,0
2020-04-13,95100,96500,94600,95000,228372,21695340000,0.0,-5064,15456,-10883,12189,10302,-3252,4031,0,-34153,415,76,0
2020-04-14,95600,95800,94500,95200,195917,18651298400,0.2105,20171,-17708,-2040,2998,-196,2618,-5531,-747,-1182,-417,-6,0
2020-04-16,94300,96700,93600,96200,385133,37049794600,1.0504,-2009,-30045,29614,27626,1083,786,1681,0,-1600,662,1778,38
2020-04-17,96900,97200,95700,96400,325756,31402878400,0.2079,5926,-17320,6425,-240,9807,-960,-1561,0,-621,3589,1380,0
2020-04-20,95700,96000,94000,94300,330084,31126921200,-2.1784,44022,-19888,-23118,-3336,-672,-411,-1154,0,-17545,-1556,540,0
2020-04-21,93500,94800,90500,92500,414994,38386945000,-1.9088,57150,-20923,-38665,-9237,-213,-1811,-1961,0,-24989,2109,329,-454
2020-04-22,92400,92400,90400,91500,242656,22203024000,-1.0811,55790,-31427,-25659,3122,-911,-2383,-1913,0,-23533,450,846,-41
2020-04-23,91500,92800,91100,92700,249135,23094814500,1.3115,17885,-19717,1760,8628,-1181,-222,-351,0,-5114,14,58,0
2020-04-24,92400,92500,90500,90900,240492,21860722800,-1.9417,58269,-30930,-28298,-7927,-296,20,-2620,0,-17475,625,334,0
2020-04-27,91500,92400,91000,92400,529690,48943356000,1.6502,-33643,4454,29944,6273,-1412,0,1,0,25082,-674,-81,0
2020-04-28,93100,95900,92100,95300,561560,53516668000,3.1385,56248,-56313,-610,-1219,7062,-2178,-5317,1,1041,1113,-438,0
2020-04-29,97300,97800,95100,95500,425067,40593898500,0.2099,-34482,6307,30154,2065,4452,518,7069,0,16050,-1908,-71,0
2020-05-04,92700,94000,92300,92500,262783,24307427500,-3.1414,77379,-12381,-65259,-9307,-6790,-710,-7711,0,-40741,231,30,0
2020-05-06,94000,96500,93200,96200,325862,31347924400,4.0,-109542,79553,30580,9098,1128,-919,-1362,0,22650,-611,20,-15
2020-05-07,96200,99000,95800,98400,486776,47898758400,2.2869,-98217,88024,7199,3828,-11256,1495,-987,0,14119,2979,15,0
2020-05-08,99500,100500,97500,97800,386594,37808893200,-0.6098,11108,-13187,5291,-957,2455,-206,-4696,0,8695,194,-3406,0
2020-05-11,98500,101500,97700,100000,590268,59026800000,2.2495,-90505,81377,5163,-2070,2574,0,-12470,0,16679,1044,2921,450
2020-05-12,101000,107500,100500,105500,1060894,111924317000,5.5,-43865,-11598,54331,55650,20102,6811,8418,0,-38150,4371,-3239,1500
2020-05-13,105000,106000,102000,104000,647584,67348736000,-1.4218,-22694,-26499,45065,45756,5390,15169,-3598,5000,-22752,5964,-1836,100
2020-05-14,97100,98000,94500,94700,1205146,114127326200,-8.9423,185772,-141068,-46554,-16672,-20437,-19483,-7028,0,15958,-90,1940,1108
2020-05-15,94700,95400,92700,93900,412711,38753562900,-0.8448,6513,3326,-10866,-1053,-2800,-2463,48,-13,-4133,-156,1183,-452
2020-05-18,94200,95300,93200,94500,236785,22376182500,0.639,-5769,14663,-9291,1432,-1001,-175,-1187,0,-8360,355,42,0
2020-05-19,94700,95800,94500,95700,303228,29018919600,1.2698,-8082,-2191,9122,-15395,-3212,-1241,-320,0,29290,39,1112,0
2020-05-20,95700,95900,94700,95600,180295,17236202000,-0.1045,785,-15027,13868,-2899,12266,-2194,6198,0,497,485,-111,0
2020-05-21,95100,96000,94600,95200,236135,22480052000,-0.4184,-15636,25759,-9242,-2918,-1613,-190,-2735,-257,-1529,-800,-81,0
2020-05-22,95900,95900,93600,94300,188008,17729154400,-0.9454,-2115,61,2986,12926,1520,-473,558,-2000,-7471,-745,-187,-2074
2020-05-25,94900,97000,94500,96800,310578,30063950400,2.6511,-70631,164,70886,22606,11394,9095,1996,1723,24072,-304,-115,0
2020-05-26,97400,98600,96300,97300,350651,34118342300,0.5165,-9491,-26991,36626,-491,5262,288,-1419,-1,32988,-165,21,-1
2020-05-27,98300,98900,97300,98600,371458,36625758800,1.3361,24164,-4874,-21196,953,-7354,-690,4034,0,-18139,1544,362,0
2020-05-28,98000,98500,94300,94800,423947,40190175600,-3.854,108368,-64828,-46806,-18032,-2920,-888,-888,0,-23967,1915,1351,-111
2020-05-29,95900,96500,92300,92300,717913,66263369900,-2.6371,113297,-125073,15590,26245,-1621,-1557,-1016,358,-6708,215,-4029,-111
2020-06-01,93300,95600,93100,95500,296795,28343922500,3.467,-64538,10614,49992,49194,-95,33,2961,0,-1990,-575,4507,-111
2020-06-02,94800,96200,94700,95400,245686,23438444400,-0.1047,53844,-42137,-11797,17893,-6354,-367,-14,0,-22455,113,-23,-500
2020-06-03,96000,97400,95800,97000,385618,37404946000,1.6771,-33201,-4187,41290,-11856,-8601,24,978,-1250,61995,-2190,-1712,0
2020-06-04,97000,98000,95800,95900,376988,36153149200,-1.134,9203,-31421,18775,-5322,-9353,3673,746,-86,29318,3503,-60,-201
2020-06-05,96000,97300,94900,97000,274023,26580231000,1.147,-44212,1408,42826,32592,796,-1126,-1800,-905,13269,20,-42,0
2020-06-08,98500,101500,98100,98500,745551,73436773500,1.5464,-3947,14056,-36078,-1125,730,-137,-5925,0,-29121,30105,-4136,-500
2020-06-09,98700,99300,96900,97800,362537,35456118600,-0.7107,20543,-8519,-10380,-26019,7591,1578,3315,2167,988,100,-1744,0
2020-06-10,97900,99400,97400,97500,297508,29007030000,-0.3067,-16056,-6807,25308,4977,-9453,7425,-4345,0,26704,-3230,785,0
2020-06-11,97100,99300,96600,97700,420058,41039666600,0.2051,51566,23878,-74122,-9784,-18176,-2037,-3972,0,-40029,-856,-466,-124
2020-06-12,94200,96000,94200,95500,295562,28226171000,-2.2518,18516,-348,-18729,4871,-7203,-1655,-3172,53,-11623,95,466,0
2020-06-15,94600,97200,92600,92600,425093,39363611800,-3.0366,31288,3847,-34578,-14041,-8629,-2515,-2279,-261,-6851,-709,152,-2
2020-06-16,94300,96900,94200,96900,309927,30031926300,4.6436,-37160,14449,19950,5190,-6895,-748,-1148,-6660,30238,2730,31,-27
2020-06-17,96900,98700,96300,97700,367286,35883842200,0.8256,-40188,51997,-11971,12740,-184,3070,-2106,0,-25548,193,-31,57
2020-06-18,97500,98600,96800,97200,256934,24973984800,-0.5118,-5548,7996,-9332,9994,-14909,-555,21,0,-3883,6426,458,0
2020-06-19,98000,98000,95500,97200,283902,27595274400,0.0,13562,14302,-28849,-4251,-12135,-2695,76,-3000,-6844,934,51,0
2020-06-22,96500,97400,95600,95600,191807,18336749200,-1.6461,33901,-12107,-22360,888,-12210,-7240,-1448,0,-2350,418,148,0
2020-06-23,96200,103000,95800,101500,1064185,108014777500,6.1715,-246750,132648,111424,34559,14725,-4565,1208,0,65497,2835,-157,0
2020-06-24,103500,104000,99100,101000,579879,58567779000,-0.4926,130668,-43043,-86665,-6685,-67665,-999,-497,0,-10819,-567,-393,0
2020-06-25,99200,100500,97300,97400,422995,41199713000,-3.5644,83010,-13204,-71553,8127,-19687,-6344,-1117,0,-52532,1768,-21,0
2020-06-26,98000,98300,96200,97500,240218,23421255000,0.1027,36970,-22144,-13651,16179,-11899,-1756,-3685,0,-12490,-1351,176,0
2020-06-29,96500,97500,94600,95200,269647,25670394400,-2.359,52728,-19079,-35834,-3402,-4258,-777,-555,-2250,-24592,2040,145,0
2020-06-30,96100,103000,95800,100500,724776,72839988000,5.5672,-110790,94845,21751,35758,3765,1020,6453,2040,-27285,-5840,34,0
2020-07-01,100500,101000,97100,97100,307952,29902139200,-3.3831,24461,-32600,8927,13264,-8450,-1171,-3220,0,8504,-513,-275,0
2020-07-02,98200,107500,97800,106000,1403159,148734854000,9.1658,-228322,155661,74578,42620,-895,1429,5802,3325,23363,-2033,116,-1066
2020-07-03,106500,109000,103500,106500,563824,60047256000,0.4717,46813,-48327,-605,354,-2852,1495,1721,0,-1323,1445,674,0
2020-07-06,108000,119000,108000,116500,2030908,236600782000,9.3897,-26595,-3933,29449,16732,-7030,2573,8796,470,7264,-188,1267,644
2020-07-07,117500,124500,114000,123000,1525070,187583610000,5.5794,-158596,135486,20051,521,7569,871,3504,1060,5924,3169,-110,602
2020-07-08,125500,127000,121000,124500,876968,109182516000,1.2195,-2619,22933,-32959,-19141,-5096,-5020,4567,0,-8269,12272,373,0
2020-07-09,124000,130000,122000,125500,833585,104614917500,0.8032,52597,7087,-57949,-28617,-11052,-1445,926,5145,-30906,-2039,304,8000
2020-07-10,125500,131000,125000,127500,749864,95607660000,1.5936,-40579,53093,-17796,-12860,-1371,-609,-1073,3900,-5783,4891,391,0
2020-07-13,131000,135000,128000,133500,739238,98688273000,4.7059,13938,30838,-47066,-19932,-10858,434,-1121,0,-15589,-376,2666,0
2020-07-14,131500,137000,130500,135000,830489,112116015000,1.1236,33905,-21154,-19154,11233,-8395,-656,-7441,-3164,-10731,5450,953,0
2020-07-15,133500,135000,125500,126500,911921,115358006500,-6.2963,36685,14039,-57945,-7752,-51430,-11238,-13068,-6462,32005,7597,-376,0
2020-07-16,125000,128500,122000,124000,516751,64077124000,-1.9763,-64226,73412,-6302,2214,-5116,0,-1729,-193,-1478,-2785,-99,0
2020-07-17,126000,129500,125000,126500,380622,48148683000,2.0161,37160,-42031,2733,7968,6838,-320,-5218,-556,-5979,2086,52,0
2020-07-20,126500,131000,126000,129500,459752,59537884000,2.3715,33285,-10307,-29340,-19373,7374,-1683,3550,0,-19208,5414,948,0
2020-07-21,129000,132000,128000,129000,325886,42039294000,-0.3861,-30889,-9369,37766,19937,3530,-3398,-3306,-2118,23121,3352,-860,0
2020-07-22,129000,129000,122000,126000,588801,74188926000,-2.3256,-7,34385,-29800,-16816,-6698,3,-6201,0,514,-4047,-531,-602
2020-07-23,125000,128000,123000,125500,330236,41444618000,-0.3968,26571,17528,-40562,-20287,9346,-297,-1753,0,-27571,-3676,139,0
2020-07-24,126000,126500,124000,124500,292579,36426085500,-0.7968,36189,-18095,-20691,-2405,2671,-6,375,0,-21326,3075,-478,0
2020-07-27,124500,127500,124000,125500,285125,35783187500,0.8032,-12263,-28308,37656,19893,8905,43,-3508,0,12323,3309,-394,0
2020-07-28,126500,131500,125500,127500,594652,75818130000,1.5936,18601,-18423,1215,14616,9215,12281,-1987,0,-29610,-1116,-277,-3300
2020-07-29,126500,130500,125000,130500,386356,50419458000,2.3529,-29138,20264,11350,22715,10944,-2192,-708,-1637,-17772,-2050,-426,0
2020-07-30,133000,133500,125000,125500,869417,109111833500,-3.8314,61573,-55298,-8581,20896,-8392,7476,-10631,2200,-20130,1936,370,0
2020-07-31,123000,128500,122500,128000,384485,49214080000,1.992,-43626,27163,11320,27662,-195,4532,3500,0,-24179,5322,-179,0
2020-08-03,128000,129500,124500,127500,363435,46337962500,-0.3906,9677,-23294,12430,53908,-10939,1025,-3335,0,-28229,1280,-93,0
2020-08-04,129000,133500,129000,132500,460498,61015985000,3.9216,-74089,13589,60372,42920,8438,8112,-314,0,3716,123,5,-2500
2020-08-05,134000,137000,131000,136000,469039,63789304000,2.6415,-53379,-15696,64550,59358,5981,-1543,2667,-325,-1588,4408,117,0
2020-08-06,138000,140000,135000,140000,484739,67863460000,2.9412,-70284,-18929,86408,42462,1501,14580,-2244,-775,30884,2278,527,0
2020-08-07,143500,155500,143000,151000,1548323,233796773000,7.8571,-26327,-14623,43479,37393,4825,-7871,-166,-1234,12532,-2435,-94,-2000
2020-08-10,156500,160000,150000,155000,1107751,171701405000,2.649,153993,-50243,-103889,-21973,-3155,-12992,-5206,-325,-60206,-3889,4028,-32
2020-08-11,151500,154000,148000,150000,662236,99335400000,-3.2258,25250,-11491,-7515,-673,-5427,-972,-3681,0,4139,-6854,610,-901
2020-08-12,148500,152500,146000,149500,613777,91759661500,-0.3333,4294,-3255,-493,575,-1648,-11420,529,-2200,13913,-823,277,-242
2020-08-13,156000,157000,146500,149500,920922,137677839000,0.0,33848,-57105,22692,-5894,-4143,-10615,-22,-1904,45270,-419,984,0
2020-08-14,150000,150000,143000,145500,476480,69327840000,-2.6756,-25291,-8934,39357,16418,-5518,-3402,4300,0,27697,-5984,852,-138
2020-08-18,147500,153000,145500,148500,708632,105231852000,2.0619,-96592,20186,88061,6258,533,766,8190,0,72314,-9898,-1757,0
2020-08-19,152000,154000,148500,154000,500380,77058520000,3.7037,-61099,-21578,78794,46423,7659,7249,1537,390,15536,1983,1900,0
2020-08-20,153000,155000,147500,148000,527406,78056088000,-3.8961,56944,-15606,-41541,-3484,3243,-53,2965,-313,-43899,1526,-1323,0
2020-08-21,150000,150500,146500,148000,346529,51286292000,0.0,-13133,20071,-7803,935,-5561,405,1132,0,-4714,690,175,0
2020-08-24,149500,153000,148000,152000,385524,58599648000,2.7027,-26643,13545,12803,17847,-629,-1763,3597,30,-6279,-565,860,0
2020-08-25,153500,153500,149500,151000,318266,48058166000,-0.6579,38110,-24607,-15403,353,155,-7,1513,0,-17417,794,1106,0
2020-08-26,150500,152000,148500,150000,323248,48487200000,-0.6623,-1779,24778,-25193,3666,1315,-111,238,0,-30301,2172,22,0
2020-08-27,149500,155000,148500,150500,594484,89469842000,0.3333,-8285,18486,-11095,19574,-2331,-807,-778,0,-26753,-316,1210,0
2020-08-28,154000,154500,150500,152500,415107,63303817500,1.3289,6360,-36598,23740,11128,3192,-1505,565,0,10360,5381,1117,0
2020-08-31,154000,168500,153500,166500,1798138,299389977000,9.1803,-100460,47839,71329,4685,-1513,36556,1202,-1591,32211,-17250,-1458,-221
2020-09-01,177500,179500,160000,162500,1795522,291772325000,-2.4024,256546,-168065,-78518,-2111,-7576,-40118,4848,-1781,-37973,-8832,-1131,6193
2020-09-02,165000,173000,164500,173000,1202889,208099797000,6.4615,-27525,38094,-7315,3860,238,-2827,377,45,-9015,-4707,1453,7
2020-09-03,181500,202000,176000,194500,4764031,926604029500,12.4277,158642,-30935,-101707,-40448,-6869,-8074,6570,-598,-52059,-23375,-2625,-229
2020-09-04,188500,200000,188000,197500,2571667,507904232500,1.5424,183989,-101859,-83038,-7522,2399,-30588,-5447,0,-41880,837,71,0
2020-09-07,204000,204500,193000,193500,1160050,224469675000,-2.0253,46160,-28341,-20769,-2842,-5528,-541,-492,7263,-18629,2480,470,0
2020-09-08,193500,197000,188500,193000,831827,160542611000,-0.2584,-22292,30632,-7068,5592,-2859,-3979,-3124,-3668,960,-535,-737,10
2020-09-09,190000,194500,188500,189000,777175,146886075000,-2.0725,49996,-30934,-27193,-19473,-6749,-2905,-358,0,2292,7603,528,0
2020-09-10,195000,195000,181000,187000,1339368,250461816000,-1.0582,31728,-20853,-17839,-5937,10116,-8652,-23696,679,9685,10651,-3687,-34
2020-09-11,185500,188500,182000,183500,528319,96946536500,-1.8717,-9686,36423,-24670,-2902,-336,-1849,-1853,0,-17730,-2853,786,0
2020-09-14,183500,184000,176500,181500,684796,124290474000,-1.0899,-20195,85002,-60625,-41199,-11436,-9094,-3668,226,4607,-2019,-2163,-61
2020-09-15,179000,186500,178000,184500,548135,101130907500,1.6529,35977,-54075,14321,14502,-7080,-1094,921,0,7372,393,3384,-300
2020-09-16,184500,187000,182000,182500,325331,59372907500,-1.084,57963,-41963,-16386,-1975,-3411,-802,249,-565,-9893,232,154,11
2020-09-17,180500,184000,179500,180500,410928,74172504000,-1.0959,-32295,26228,4821,3214,1868,-953,-2573,-1056,4321,1016,230,0
2020-09-18,182000,189000,181000,186000,689778,128298708000,3.0471,30860,-66249,37387,5138,7515,5600,2342,0,16792,-443,-1555,0
2020-09-21,188500,191000,185500,188000,505537,95040956000,1.0753,67230,-47620,-22020,-7011,90,0,49,0,-15148,1301,1109,0
2020-09-22,188000,190000,180000,181000,626845,113458945000,-3.7234,123995,-37488,-75573,-22834,-1055,-2729,-9347,0,-39508,-10442,-492,-100
2020-09-23,183000,184000,167500,174500,904823,157891613500,-3.5912,36007,58733,-91806,-26463,-15341,-14160,-11841,662,-24627,-3676,742,-36
2020-09-24,174000,178000,166000,167500,905067,151598722500,-4.0115,38826,48182,-82191,-37293,-31109,-4839,-4830,72,-4192,-3642,-1175,0
2020-09-25,168500,170500,160000,166000,702880,116678080000,-0.8955,-72320,115737,-45585,-14870,-17407,-50,-5144,777,-8849,4654,-2486,-42
2020-09-28,170000,170000,162000,167000,631876,105523292000,0.6024,15592,3219,-14396,-11407,-9435,426,127,0,5893,-4223,-192,0
2020-09-29,170500,171000,163000,166000,533354,88536764000,-0.5988,78145,-58176,-20320,-13949,-4419,-45,-12795,0,10888,398,-47,0
2020-10-05,168000,169500,162500,163500,429111,70159648500,-1.506,22081,-18427,-2201,-2842,-3516,132,-10016,-1069,15110,-731,-722,0
2020-10-06,161000,163500,155000,160000,1105858,176937280000,-2.1407,-75260,83505,-4917,-15498,673,-2146,-7031,-3824,22993,-3796,468,-84
2020-10-07,158000,162500,156500,161000,545160,87770760000,0.625,-77133,29367,47367,-3599,-76,89,-719,0,51672,99,300,0
2020-10-08,161500,163000,156500,158000,648894,102525252000,-1.8634,24769,-7970,-16160,-1946,-6298,-101,-11086,-8092,11363,-1132,493,0
2020-10-12,158500,159000,151500,153000,766052,117205956000,-3.1646,-109702,140025,-25182,-8420,-8011,-2849,-13424,0,7522,-4376,-765,0
2020-10-13,154000,156000,148500,153500,797497,122415789500,0.3268,-7658,38770,-31551,-11949,-7017,-2301,-3269,-76,-6897,63,376,-42
2020-10-14,152500,153000,149500,152000,480331,73010312000,-0.9772,12057,-10294,-1927,203,-2214,391,-1657,0,1170,192,-28,180
2020-10-15,154500,154500,135000,137000,1995819,273427203000,-9.8684,-12962,-44010,58317,5202,-12323,2409,-4661,-534,68915,-1460,115,-691
2020-10-16,136000,140500,134000,136500,939361,128222776500,-0.365,-114222,100704,14313,-3008,14571,6187,-5548,0,2221,-709,-86,-110
2020-10-19,136000,137500,133000,133000,562067,74754911000,-2.5641,-97129,37214,62291,-5893,6471,17538,3685,0,40355,-1705,-671,135
2020-10-20,132500,136000,130500,135500,529898,71801179000,1.8797,-52106,11514,41470,2733,6687,16226,985,0,14839,-754,-124,0
2020-10-21,135500,136500,131000,133000,387195,51496935000,-1.845,13580,-34146,19654,-2573,5967,-2543,308,0,18518,619,293,-23
2020-10-22,132000,132000,127000,127500,563312,71822280000,-4.1353,5564,8112,-6296,-36989,-614,137,739,0,30236,-7559,179,195
2020-10-23,128000,130000,126500,127000,304384,38656768000,-0.3922,-41135,53911,-9730,-3762,-67,-4,-2250,0,-3647,-3001,-45,0
2020-10-26,126000,126500,121000,121500,448855,54535882500,-4.3307,-111559,143615,-30746,-15922,-3731,112,-3921,0,-7937,-1225,-85,653
2020-10-27,120000,124500,120000,122500,380980,46670050000,0.823,-38585,29058,11441,10155,2251,1069,6,0,-2040,-1952,38,0
2020-10-28,122000,126500,121500,126000,293576,36990576000,2.8571,-10737,8404,2270,3319,-3077,5205,-2250,0,-937,-14,77,10
2020-10-29,123500,124500,121000,123500,300676,37133486000,-1.9841,41523,-32280,-9833,15125,2538,-623,7367,0,-34240,927,-337,0
2020-10-30,122500,122500,116500,117000,442160,51732720000,-5.2632,26211,1105,-25968,-555,1590,-2289,8099,0,-33513,-2339,991,700
2020-11-02,117000,122500,116500,121000,317711,38443031000,3.4188,-49390,6166,44698,11946,3085,10023,5600,0,13970,-1166,-308,74
2020-11-03,121500,124000,121500,122000,217192,26497424000,0.8264,-149,-27244,26312,4105,2561,4183,234,0,15229,1129,-48,0
2020-11-04,124000,125500,122000,124000,348794,43250456000,1.6393,30024,-60247,25807,1372,3192,142,4665,0,16251,4243,173,185
2020-11-05,125000,129000,124000,126000,479470,60413220000,1.6129,99929,-105098,12196,-11144,-794,3482,530,0,20122,-7017,-10,0
2020-11-06,126500,128000,125000,126500,310401,39265726500,0.3968,15948,-28310,12491,-1228,-2420,1704,-1747,0,16182,-569,440,0
2020-11-09,128500,131500,127000,129000,390032,50314128000,1.9763,40858,-64036,22290,-11427,-1418,2207,-928,0,33856,972,-84,0
2020-11-10,126000,127500,123500,125500,372072,46695036000,-2.7132,66643,-34493,-25867,-7532,-4870,-708,-1453,0,-11304,-5989,-294,0
2020-11-11,124500,130000,121000,129500,591124,76550558000,3.1873,-50368,-19832,72028,42777,-4022,8124,-729,0,26538,-2335,507,-660
2020-11-12,129500,132500,126000,126000,621015,78247890000,-2.7027,168238,-34445,-133123,-77940,12368,-27530,32029,0,-72050,-832,162,0
2020-11-13,124500,127500,123500,126000,254669,32088294000,0.0,-644,10209,-9171,-2732,-3239,-4991,-1478,0,3269,-251,-143,0
2020-11-16,126000,127500,125000,125500,266620,33460810000,-0.3968,24657,-26832,-1580,-13816,-636,1269,-2346,0,13893,3332,423,56
2020-11-17,125000,128000,123000,127000,335548,42614596000,1.1952,19956,-24020,971,3145,6375,-519,6576,30,-14732,2865,228,96
2020-11-18,128000,131500,127500,129000,432735,55822815000,1.5748,-42002,4344,37579,5663,2239,3401,6740,312,19178,234,-155,46
2020-11-19,129500,130500,127000,129500,277320,35912940000,0.3876,-7480,-4919,7988,6637,-80,3413,4477,0,-6583,4388,23,124
2020-11-20,129500,131500,128500,130500,263688,34411284000,0.7722,-15485,-1674,17047,12089,-152,-126,2779,0,2409,-141,253,48
2020-11-23,134000,135000,130500,131000,415434,54421854000,0.3831,6163,-4808,-2994,-6317,-466,-5603,304,207,8859,1554,85,22
2020-11-24,130000,130500,127000,127500,389542,49666605000,-2.6718,95185,-30790,-55996,-31721,-10320,-2216,-2214,0,-9568,-8974,575,43
2020-11-25,128000,128500,125500,125500,357331,44845040500,-1.5686,33694,-12730,-21620,-29784,487,-402,-669,0,8692,296,360,56
2020-11-26,125000,126500,124000,126000,186701,23524326000,0.3984,-5211,20048,-15201,-8239,-1364,-140,-1316,0,-4180,159,205,38
2020-11-27,125500,130500,125500,128500,302689,38895536500,1.9841,-26578,26165,-67,-1328,-2448,-3687,128,0,7227,1075,-595,41
2020-11-30,128500,128500,125000,125000,402064,50258000000,-2.7237,97168,-101300,1458,-7256,-2825,-1805,-72,0,13416,1962,712,0
2020-12-01,126500,127500,125500,125500,212888,26717444000,0.4,133,-12389,12212,-7880,-746,-10,667,0,20533,426,-382,-352
2020-12-02,126000,127000,125000,125500,242458,30428479000,0.0,25749,-16403,-10608,2345,-1231,-451,356,0,-11627,1267,-5,0
2020-12-03,132000,134000,129000,130000,929592,120846960000,3.5857,-108027,35715,68325,18572,6583,23000,4448,2099,13623,4547,-560,0
2020-12-04,133000,134000,131000,132000,585657,77306724000,1.5385,22394,-21752,-1799,-19357,11966,-1109,-1044,242,7503,1308,-151,0
2020-12-07,131000,131500,128000,129500,321251,41602004500,-1.8939,8616,-5944,-4166,635,718,8463,1055,815,-15948,-473,1967,96
2020-12-08,129500,130000,128000,128000,223528,28611584000,-1.1583,8389,-12019,3894,-7401,1128,-22,3263,0,6826,58,-322,100
2020-12-09,128500,129500,126500,128000,253576,32457728000,0.0,19906,-45595,25622,-9550,-1775,3797,-114,-222,33486,-52,119,0
2020-12-10,128500,130000,126500,128000,429705,55002240000,0.0,17367,-33238,15685,-27897,-815,5292,-738,101,39498,104,82,244
2020-12-11,128500,130500,128000,128500,276177,35488744500,0.3906,41306,-8820,-33255,-34822,2246,4273,4809,175,-9936,786,-17,0
2020-12-14,129000,129000,126500,126500,217110,27464415000,-1.5564,38546,-21750,-15797,288,6467,1811,439,0,-24774,-1267,268,-28
2020-12-15,127000,127500,125000,127000,224131,28464637000,0.3953,-14124,-13326,27246,6516,19651,-93,-235,0,1422,50,154,-15
2020-12-16,127500,128000,126500,127000,183083,23251541000,0.0,-30089,26980,2207,-2905,-608,-12,-938,-8,6678,780,122,0
2020-12-17,127000,127500,125500,126500,211466,26750449000,-0.3937,738,-7924,6690,-1049,-2244,-1304,-527,0,11814,394,102,0
2020-12-18,126500,127000,125000,125500,226805,28464027500,-0.7905,-15690,11632,3697,6388,-2161,-330,-600,0,417,354,7,-17
2020-12-21,126000,126000,123500,124500,243962,30373269000,-0.7968,20250,-22372,-1014,3798,-516,478,-128,0,-4369,3094,42,-277
2020-12-22,123500,124000,122500,122500,227472,27865320000,-1.6064,26300,-7016,-20767,-60,-1742,-2462,-290,0,-16213,1352,131,0
2020-12-23,122500,126000,122500,124000,264262,32768488000,1.2245,-43054,50919,-7192,-3201,-768,-3054,1958,-2000,-127,-683,10,0
2020-12-24,124000,125000,122500,125000,215286,26910750000,0.8065,-36152,21645,14243,-9455,-1342,-2861,108,0,27793,142,122,0
2020-12-28,124500,125000,122500,124500,292295,36390727500,-0.4,-78419,11454,69854,26756,-7956,-3570,-1933,0,56557,-3168,279,0
2020-12-29,123500,127000,123000,126000,258021,32510646000,1.2048,541,57788,-57202,8849,-3620,-1267,805,0,-61969,-895,-232,0
2020-12-30,126500,132000,125500,131500,584685,76886077500,4.3651,-177592,95863,72966,19926,34892,-8630,7384,178,19125,10098,-1335,91
2021-01-04,132000,132500,128500,131000,448819,58795289000,-0.3802,21477,-24714,142,22029,-4576,-2335,4666,142,-19784,3395,-300,0
2021-01-05,129500,132500,128500,132500,438454,58095155000,1.145,-25631,33136,-13978,-2024,-3269,1276,-3820,300,-7841,6345,128,1400
2021-01-06,134000,135000,129500,129500,589459,76334940500,-2.2642,124290,-66899,-57384,-11829,-129,-7175,-1514,0,-36737,712,-719,0
2021-01-07,130500,131500,129500,129500,352928,45704176000,0.0,-46060,5728,38106,-10344,-10504,1012,-8694,0,66636,2557,-331,0
2021-01-08,131000,136500,129500,134000,1143219,153191346000,3.4749,-151020,134036,7137,6079,-3790,-2,-3433,0,8284,9546,301,-1
2021-01-11,134500,135000,125000,127000,1242320,157774640000,-5.2239,273265,-133391,-149473,-45621,-11560,-8101,-7233,0,-76958,7811,1788,0
2021-01-12,126500,127000,123000,125000,534016,66752000000,-1.5748,91759,14230,-106504,-48518,-6125,-3684,-7955,-92,-39999,287,228,-131
2021-01-13,125500,128500,124500,127000,428076,54365652000,1.6,-44161,29263,9661,-2264,-3737,-862,-3393,0,19917,4138,1099,0
2021-01-14,126500,129000,126000,126500,331250,41903125000,-0.3937,36209,9298,-48945,-17374,-482,111,-1795,0,-29405,2956,482,0
2021-01-15,128000,130000,124000,124000,448770,55647480000,-1.9763,115869,-57293,-56436,-25805,-12301,3068,-2339,0,-19059,-1760,-380,0
2021-01-18,123500,124000,120000,120500,408961,49279800500,-2.8226,51635,-18746,-29475,-25329,-1994,-935,-2057,0,1072,-3643,229,-232
2021-01-19,121500,122000,118500,120500,420523,50673021500,0.0,21088,5912,-28732,-47556,-6530,727,-6590,0,31217,1390,342,0
2021-01-20,120500,121000,119000,121000,359759,43530839000,0.4149,36862,30206,-64020,-26332,1843,-604,-2973,0,-35954,-2719,-329,0
2021-01-21,121500,123500,120000,121000,346636,41942956000,0.0,36224,-4463,-30829,-29301,396,-1106,-2461,0,1643,-1323,391,0
2021-01-22,121000,128500,120500,127000,888658,112859566000,4.9587,-131530,132876,-4793,-19136,4016,-4347,52,0,13925,4762,-1315,697
2021-01-25,128000,133000,127500,130000,1010911,131418430000,2.3622,-155430,211805,-55855,-72217,3279,-945,2419,0,11409,843,-1363,200
2021-01-26,129500,129500,126000,127500,522203,66580882500,-1.9231,72698,33376,-108559,-40330,-7822,-7438,-14526,0,-38443,1890,595,0
2021-01-27,128500,131500,127500,131000,599445,78527295000,2.7451,-114720,126996,-19586,-20731,-1265,209,-198,0,2399,6425,885,0
2021-01-28,129000,136000,128000,135000,1164296,157179960000,3.0534,-265471,142165,111011,-6564,44997,-3725,3192,0,72901,12994,-699,210
2021-01-29,136500,138000,130000,131500,1117823,146993724500,-2.5926,-79986,66804,14389,-20424,4165,-4214,-621,0,35439,-1887,680,44
2021-02-01,133500,140000,131000,139500,1056831,147427924500,6.0837,-250293,153188,101289,17843,24859,8214,9178,-162,42051,-2226,-1958,-694
2021-02-02,140000,147500,138000,142500,1421778,202603365000,2.1505,-247776,286488,-44365,-40726,-18064,-708,-899,0,17138,4723,930,-1106
2021-02-03,144000,148500,143000,145500,836459,121704784500,2.1053,-15955,108851,-83256,-33918,-32075,-3346,-1713,346,-12033,-8842,-798,-517
2021-02-04,144000,144000,137000,138000,820392,113214096000,-5.1546,207241,-45753,-148540,-18052,-11448,-11964,-5915,0,-100991,-14186,1238,-170
2021-02-05,138500,140000,133500,138500,438903,60788065500,0.3623,-14666,13069,2461,-5638,386,-241,-3659,0,11613,-1505,641,0
2021-02-08,139000,141500,136500,137500,400677,55093087500,-0.722,-3288,-9331,12350,-8407,1572,-3803,-354,0,23342,699,-430,0
2021-02-09,138000,139500,135500,136500,265078,36183147000,-0.7273,-37139,19987,16530,7218,587,329,-160,0,8556,1498,-876,0
2021-02-10,137000,141000,137000,138000,400679,55293702000,1.0989,-3605,66612,-65051,-12547,6815,-252,2652,0,-61719,1106,938,0
2021-02-15,139500,140000,134000,134500,431777,58074006500,-2.5362,82933,-20511,-62665,-42092,-393,-384,-4535,0,-15261,-1157,1400,0
2021-02-16,135000,138000,133500,136000,348058,47335888000,1.1152,9500,2856,-13535,-1806,-783,-1274,-2092,0,-7450,1325,-146,-130
2021-02-17,135500,136000,132000,133000,292382,38886806000,-2.2059,72153,-40275,-32815,-8861,16,-2196,-435,0,-21339,334,603,0
2021-02-18,132500,133500,130000,130000,244227,31749510000,-2.2556,33220,-22237,-13433,-10623,-1627,-768,-423,0,8,2287,163,0
2021-02-19,130000,133000,128000,131000,275175,36047925000,0.7692,13702,-12233,-1221,-6259,-1130,-740,-261,0,7198,-383,135,-29
2021-02-22,131000,131500,126000,127000,309374,39290498000,-3.0534,56862,-19242,-39385,-26980,-9431,-1334,-3348,-346,2054,876,889,0
2021-02-23,127000,128000,124000,125500,253980,31874490000,-1.1811,20800,-3496,-18153,-11659,-16674,-416,-3539,0,14135,867,-18,0
2021-02-24,125500,128500,122000,123500,297041,36684563500,-1.5936,7309,-10143,2600,-18587,17027,2214,-651,0,2597,-80,314,0
2021-02-25,124500,130000,123000,130000,363011,47191430000,5.2632,-59375,-22064,86371,-16956,82298,3836,-17403,0,34624,-4966,34,-28
2021-02-26,126500,127000,122500,123500,396171,48927118500,-5.0,154058,-60486,-94624,-25068,-14499,-14113,159,0,-41103,-156,1208,0
2021-03-02,126500,126500,123000,123500,262577,32428259500,0.0,32773,-30655,-2070,-17459,-946,-21,-3388,0,19744,-386,338,0
2021-03-03,122500,127000,122500,126500,181042,22901813000,2.4291,-65570,19547,46076,5577,-836,3659,-102,0,37778,196,-249,0
2021-03-04,123500,125000,122500,125000,200804,25100500000,-1.1858,50391,-8019,-42129,-6200,-2290,0,-484,4000,-37155,183,-426,0
2021-03-05,123000,123500,120500,122500,193535,23708037500,-2.0,42991,-8801,-34766,-7133,-192,631,-3826,0,-24246,-74,650,0
2021-03-08,123000,123500,120000,121000,185587,22456027000,-1.2245,34455,-5722,-25801,-20525,-641,-1230,-387,0,-3018,-2829,-103,0
2021-03-09,121000,122000,117000,119000,261815,31155985000,-1.6529,-4974,-1612,8398,4551,-5489,-3594,-657,0,13587,-1573,-239,0
2021-03-10,121000,121000,117500,118500,156759,18575941500,-0.4202,17327,7476,-24007,-19545,209,0,-779,0,-3846,-919,123,-46
2021-03-11,119000,121500,118500,120000,251264,30151680000,1.2658,-29034,9216,20028,-4949,10285,2175,266,0,12251,-20,-190,0
2021-03-12,121500,123000,121000,122500,120592,14772520000,2.0833,-14402,5232,8494,2648,1689,17,78,0,4112,713,-37,-50
2021-03-15,122000,122500,120500,120500,125560,15129980000,-1.6327,44597,-12753,-32011,2643,-2551,-1048,-9513,0,-21542,83,84,0
2021-03-16,121000,123500,120500,122000,156957,19148754000,1.2448,14167,-18800,3820,3060,356,-260,-572,0,1236,911,-98,0
2021-03-17,122500,124500,122500,123500,185669,22930121500,1.2295,10564,548,-12771,-13894,5997,-619,5500,0,-9755,1410,249,0
2021-03-18,124000,125500,122500,122500,169417,20753582500,-0.8097,-564,-1395,2174,-23388,10292,-108,4017,0,11361,-35,-180,0
2021-03-19,121000,123500,120500,121000,207125,25062125000,-1.2245,53537,-31513,-22888,-9302,2449,-395,2462,0,-18102,1005,-141,0
2021-03-22,121500,123000,120500,122500,172063,21077717500,1.2397,-9531,7043,2702,-14112,2843,-767,1284,0,13454,-181,-33,0
2021-03-23,123500,127500,122500,125500,367474,46117987000,2.449,-68359,32947,34899,3935,5873,5208,11216,0,8477,1295,-782,190
2021-03-24,126000,126500,123000,124000,188409,23362716000,-1.1952,21241,-17019,-5216,-6976,-338,-303,411,0,1325,-276,1270,665
2021-03-25,123500,126500,123500,126000,217947,27461322000,1.6129,-44165,20142,24268,-7706,9175,749,8971,0,12666,-191,-54,413
2021-03-26,125500,127000,124500,126000,169543,21362418000,0.0,-10356,13431,-3654,-10775,-316,971,-169,0,6615,759,-180,20
2021-03-29,126000,126000,124000,124000,166435,20637940000,-1.5873,21671,3205,-24692,-5772,1966,-200,1371,0,-22057,-179,-5,0
2021-03-30,124000,128500,123500,127000,260811,33122997000,2.4194,-75643,48914,27567,-3230,5246,-373,1800,717,22816,-527,-311,591
2021-03-31,127500,129000,126500,129000,199833,25778457000,1.5748,-4458,12897,-8516,3462,-20,1248,6755,0,-20396,321,-244,435
2021-04-01,129000,129000,124500,125500,275069,34521159500,-2.7132,91065,-57490,-34055,-25959,-3324,3932,2338,-498,-10644,-1,481,100
2021-04-02,125500,128000,125500,127000,149213,18950051000,1.1952,-13587,4039,9783,309,-1325,-18,-23,0,10921,-214,-21,-81
2021-04-05,128500,131500,127000,131000,326986,42835166000,3.1496,-31504,27012,2027,6642,-567,-667,-361,0,-2928,2690,-225,-92
2021-04-06,131500,131500,128500,129500,170513,22081433500,-1.145,47210,-23116,-21941,-6298,51,1324,296,417,-17731,-2647,494,0
2021-04-07,129500,129500,127500,128500,161167,20709959500,-0.7722,15694,-4017,-12126,-2857,-2265,-449,-872,7500,-13183,567,-118,0
2021-04-08,128000,130000,127000,128000,190005,24320640000,-0.3891,45298,-5322,-40662,-16982,7624,-2700,14330,258,-43192,651,35,0
2021-04-09,127500,133000,127000,131500,345643,45452054500,2.7344,-79070,52722,27222,13365,6786,1603,3207,-717,2504,-588,-286,474
2021-04-12,133000,140000,132000,140000,941931,131870340000,6.4639,-271338,67497,203241,64835,67177,3993,19698,2500,45038,619,-19,0
2021-04-13,140500,140500,136500,138500,444932,61623082000,-1.0714,5616,-67463,62072,14457,8410,13562,1671,-517,24489,357,-582,0
2021-04-14,141000,144000,140000,141500,621442,87934043000,2.1661,-140590,10636,128358,53931,36717,-3198,18834,-675,22903,3609,-2013,-154
2021-04-15,144000,144000,138500,141000,390405,55047105000,-0.3534,-55154,11635,41032,7128,18684,15129,-618,455,154,2651,-164,100
2021-04-16,144000,147500,142500,146000,814441,118908386000,3.5461,-248263,69513,176323,94133,23909,1215,7118,0,41612,2938,-511,8336
2021-04-19,147000,151000,143500,143500,609663,87486640500,-1.7123,-6492,-32147,37398,10487,5534,3279,12019,0,-4121,1094,147,10200
2021-04-20,144500,147500,144000,147500,284111,41906372500,2.7875,-79708,17653,62277,26057,2964,1234,2083,0,23792,32,-254,6147
2021-04-21,147000,147000,144000,145500,333753,48561061500,-1.3559,43242,-11159,-28483,11836,4052,-3045,3943,100,-48769,-3398,-202,3400
2021-04-22,145000,145000,139500,141000,562426,79302066000,-3.0928,-52726,9227,41923,45673,1068,-700,2121,0,-6339,1255,321,100
2021-04-23,141000,142000,137500,140000,284588,39842320000,-0.7092,-27765,8165,19837,20534,-5442,386,-1642,2100,3724,-268,31,177
2021-04-26,141500,142500,139000,139500,269232,37557864000,-0.3571,-2127,-17109,2032,15922,737,620,-313,0,-14934,17342,-138,0
2021-04-27,139500,140500,136000,137000,309455,42395335000,-1.7921,81409,-9816,-71176,-9044,-2639,-3992,-1229,-9000,-45272,-2938,2521,0
2021-04-28,136000,136500,132000,132000,379089,50039748000,-3.6496,-5547,20303,-11854,20200,-7824,-15823,-1662,-6000,-875,-1579,-1323,130
2021-04-29,134000,135500,131000,132500,243947,32322977500,0.3788,30093,-33301,766,11842,-3202,-733,-7477,900,-564,1791,651,0
2021-04-30,132000,132500,128500,129500,287814,37271913000,-2.2642,54566,-44135,-11985,21101,-6513,-5110,-1377,-1232,-18854,710,844,0
2021-05-03,129500,130000,125500,126000,270238,34049988000,-2.7027,54318,-70783,16829,13910,742,-1150,-2424,0,5751,-1141,777,0
2021-05-04,125000,127000,121500,125500,426606,53539053000,-0.3968,74638,-50755,-25431,-25632,-9073,-257,-12733,0,22214,1181,367,50
2021-05-06,125000,128000,123000,127000,247982,31493714000,1.1952,76278,-89129,13979,17,-4218,1378,-3983,0,20785,-1324,196,0
2021-05-07,127000,131500,127000,130500,251700,32846850000,2.7559,7732,-46194,39304,7538,8491,451,1023,0,21858,-989,147,-57
2021-05-10,132500,134500,131000,133000,223887,29776971000,1.9157,-17652,-32311,49896,5554,3226,2299,706,0,38111,232,-165,0
2021-05-11,132000,132500,128500,130000,232351,30205630000,-2.2556,54415,-4571,-50643,-1477,-387,-917,255,0,-48117,882,-83,0
2021-05-12,130000,130500,126500,127500,195924,24980310000,-1.9231,31145,-28903,-1738,15846,-598,-1133,-1328,0,-14525,-996,492,0
2021-05-13,125000,130000,123500,128500,265116,34067406000,0.7843,3217,-42054,37844,31318,6903,427,6517,0,-11321,1267,-274,4000
2021-05-14,128500,129500,126500,127500,182417,23258167500,-0.7782,81220,-59895,-21223,-9482,-2917,-462,-650,0,-7712,-207,105,0
2021-05-17,128000,131500,127500,131500,296640,39008160000,3.1373,-1450,10552,-10315,-1951,-10720,877,-298,0,1777,1453,-240,0
2021-05-18,132500,135000,132000,134000,216194,28969996000,1.9011,-59487,-5994,67277,16049,815,-185,-351,0,47249,-1758,-38,3700
2021-05-20,132500,136000,131500,136000,204196,27770656000,1.4925,-29658,3245,26806,23476,-156,81,-829,0,4234,31,-424,0
2021-05-21,137500,138000,133000,135000,259819,35075565000,-0.7353,37178,-61936,25576,25500,3197,312,697,0,-4130,-956,138,0
2021-05-24,135000,137500,133000,137500,193266,26574075000,1.8519,-38327,-7689,46072,32797,2728,688,144,0,9715,-2,-54,0
2021-05-25,138000,138500,136000,138000,288140,39763320000,0.3636,-48682,-19407,63391,25287,2074,654,1675,0,33701,4892,-194,0
2021-05-26,138000,138000,135500,136000,175354,23848144000,-1.4493,-3398,-24553,28877,23597,-815,1559,-1299,0,5795,-954,28,40
2021-05-27,136000,138000,133500,137500,269450,37049375000,1.1029,-54083,712,58567,29765,4741,784,-167,0,25286,-5183,-13,-1842
2021-05-28,138000,138500,136000,137000,152954,20954698000,-0.3636,-11768,-23185,33626,17665,-16,1072,-1962,0,18917,2073,-746,-2050
2021-05-31,137000,141500,137000,139500,450595,62858002500,1.8248,-66483,15378,55075,33455,495,370,17982,0,2868,-3875,-95,-95
2021-06-01,140500,141000,139500,140500,153676,21591478000,0.7168,-15870,-17150,33938,7249,914,-609,2470,0,24080,-937,19,-166
2021-06-02,140500,141000,137500,139500,182174,25413273000,-0.7117,15071,-18063,3038,10545,-2359,-608,-4053,0,-487,7,-53,0
2021-06-03,138500,140000,138000,138500,143250,19840125000,-0.7168,-4631,-5941,10951,4795,-12604,-1413,-3662,0,24290,-407,28,-455
2021-06-04,137500,138500,135000,136500,219664,29984136000,-1.444,37064,1732,-38971,-2294,-7539,605,-3338,0,-26405,137,38,0
2021-06-07,137000,141000,136000,140000,237879,33303060000,2.5641,-34636,18518,20183,7697,-5615,3934,-1217,0,15465,-4014,-51,-81
2021-06-08,140000,143000,136000,138500,366460,50754710000,-1.0714,21671,-20643,-4706,843,-6747,-932,-4654,-40,6824,3494,184,0
2021-06-09,141500,141500,138000,138500,292600,40525100000,0.0,55976,-14875,-39596,6916,-16679,5456,-7066,0,-27954,-1353,-152,-269
2021-06-10,140500,146000,137500,144500,1120746,161947797000,4.3321,-175228,133751,47535,3538,-16990,4094,2773,0,54289,-5498,-560,-169
2021-06-11,147000,148000,139000,141000,859782,121229262000,-2.4221,110946,-72117,-41238,21059,-12806,-9189,-11234,17,-28719,4093,-1684,-366
2021-06-14,142500,146000,140000,141000,521016,73463256000,0.0,-15802,39696,-24223,17582,2761,203,-359,0,-39310,797,-468,-5100
2021-06-15,140500,141000,134000,134000,774035,103720690000,-4.9645,264280,-143896,-122108,1114,-8828,-17490,-3400,-225,-85979,100,1624,-7300
2021-06-16,134000,135000,131000,132000,458591,60534012000,-1.4925,142404,-112793,-32570,-6367,-17560,-1648,-6444,150,7452,2196,763,-8153
2021-06-17,131000,136000,129000,134500,620407,83444741500,1.8939,64847,-13889,-52167,229,-19499,-5034,-18732,0,291,436,773,-9422
2021-06-18,134000,135500,132500,134500,286431,38524969500,0.0,8247,-16499,8401,475,-4500,-869,-1353,0,14648,-192,43,0
2021-06-21,133500,136000,132000,134500,259620,34918890000,0.0,32898,-16382,-18374,-2416,5176,1169,3157,0,-25460,1601,257,0
2021-06-22,135500,135500,132000,132000,212913,28104516000,-1.8587,27040,-18852,-8855,-445,2919,-886,-9876,242,-809,562,105,0
2021-06-23,131500,133000,130000,130500,247717,32327068500,-1.1364,41631,-3386,-37227,-25511,-2737,-3297,-2386,0,-3248,-1091,73,-48
2021-06-24,130500,132500,129500,130500,177806,23203683000,0.0,25822,-1402,-23680,-23027,-2385,-4008,-295,0,6035,-825,85,0
2021-06-25,130500,131500,130000,131500,190047,24991180500,0.7663,6549,-12142,22661,2707,-200,230,-236,0,20160,-17002,-66,0
2021-06-28,132000,132000,130000,130500,175700,22928850000,-0.7605,42166,-29353,-13843,-3781,-1982,-233,-566,0,-7104,411,619,-177
2021-06-29,132500,134500,132000,133500,373156,49816326000,2.2989,-36354,10422,17797,-5517,12294,9187,8525,0,-6692,7929,206,0
2021-06-30,136000,136500,134000,134000,305659,40958306000,0.3745,-12393,3533,-818,-1951,4476,-63,4501,1048,-8829,9307,371,0
2021-07-01,136500,141000,135000,139500,674588,94105026000,4.1045,-250008,132253,122866,41544,29372,35996,18442,234,1678,-3648,-1463,-4400
2021-07-02,139500,140000,136500,138500,366858,50809833000,-0.7168,51387,-36234,-17016,8520,566,-4702,3062,-305,-23407,1566,297,-750
2021-07-05,141000,144000,139000,141000,590709,83289969000,1.8051,-59568,26186,35486,2212,26076,-6390,3707,0,10221,-1612,-492,-340
2021-07-06,142000,142500,138000,138000,368620,50869560000,-2.1277,18004,-30913,12475,-8510,14896,-3210,-2564,0,11863,160,274,0
2021-07-07,137000,139500,135500,136000,312727,42530872000,-1.4493,70318,-1521,-68508,-23567,-3016,-30852,832,0,-11905,-551,262,0
2021-07-08,136000,139000,135000,135000,340704,45995040000,-0.7353,23148,142,-28244,-13156,3439,-3712,10607,0,-25422,4885,69,0
2021-07-09,133000,134500,131000,133500,334524,44658954000,-1.1111,15061,-22342,15004,10404,11234,315,226,203,-7778,-7908,185,400
2021-07-12,135000,136000,133500,135500,173417,23498003500,1.4981,-433,-16757,16210,1850,7013,2029,-2719,0,8037,927,53,0
2021-07-13,135500,138000,135500,136500,231266,31567809000,0.738,25628,-12044,-13166,-22374,-600,849,-173,0,8982,-1466,1048,150
2021-07-14,136000,138000,135500,137000,164733,22568421000,0.3663,-4125,4704,-1418,6371,-147,530,135,0,-8307,770,69,0
2021-07-15,138000,139500,136500,138000,215844,29786472000,0.7299,2947,-17909,14987,6889,-3266,-647,974,0,11037,143,-168,0
2021-07-16,137000,142000,136500,140000,431459,60404260000,1.4493,-99122,45918,30143,14587,20549,-708,-4,0,-4028,23068,-7,-253
2021-07-19,139000,139500,137000,137500,192747,26502712500,-1.7857,7577,-9282,-196,15682,-151,-545,20,2,-15204,1522,379,0
2021-07-20,136500,143500,135000,142500,720720,102702600000,3.6364,-241995,148547,98602,77673,14248,1701,318,210,4929,-3465,-1689,-477
2021-07-21,143500,145000,139500,141000,390510,55061910000,-1.0526,7534,-26518,29707,15757,10301,980,-5209,73,7805,-10976,253,0
2021-07-22,141500,142500,139500,140500,253550,35623775000,-0.3546,7765,-7498,1007,6240,-1235,-286,245,0,-3957,-1287,13,0
2021-07-23,141000,144000,140500,143000,371690,53151670000,1.7794,-40141,-8603,35577,16180,884,-1005,1423,354,20541,13400,-233,-2800
2021-07-26,145500,145500,138500,140000,413979,57957060000,-2.0979,78931,-70626,-8966,-1129,-2090,-3215,-175,-172,-2185,837,-176,0
2021-07-27,139500,140500,138000,138500,221295,30649357500,-1.0714,7319,-17966,9557,1810,-2952,-69,-627,360,11035,715,375,0
2021-07-28,138500,140000,137000,139500,235980,32919210000,0.722,-8802,-26191,34830,6819,2962,2220,224,63,22542,440,-277,0
2021-07-29,138500,142500,138500,142500,263433,37539202500,2.1505,-99473,36470,65853,41243,1244,1033,4608,65,16994,-2713,-137,666
2021-07-30,141000,141000,137000,138500,309795,42906607500,-2.807,47576,-42476,-1522,15958,-452,1669,389,100,-19569,-3561,-17,383
2021-08-02,138000,138000,135500,137000,244818,33540066000,-1.083,20369,-24858,4470,-10149,-8950,-2611,-8031,0,34211,375,-356,0
2021-08-03,141000,145500,132500,134500,1179981,158707444500,-1.8248,43812,3972,-41201,-21221,-598,-8881,-5424,-410,-4000,-6593,10,-667
2021-08-04,135000,138500,132500,137000,335375,45946375000,1.8587,-55100,58583,-3504,-8136,-58,2177,-939,0,3452,910,-889,0
2021-08-05,137500,139000,135500,136000,205757,27982952000,-0.7299,4801,-11315,8115,-6185,1867,-6065,474,0,18024,453,-2054,0
2021-08-06,135500,137000,134000,136500,171840,23456160000,0.3676,15941,1420,-5457,-2960,1389,106,-136,0,-3856,-11835,-69,0
2021-08-09,135500,136000,134000,135000,231939,31311765000,-1.0989,54009,51,-52151,-7330,-1428,183,646,0,-44222,-664,-1245,0
2021-08-10,134000,136000,133500,134500,149719,20137205500,-0.3704,-7973,8283,-817,8020,-2674,-483,-176,0,-5501,518,-11,-3
2021-08-11,136500,138000,135000,136500,256680,35036820000,1.487,-52713,-5374,58311,13196,-1324,-1820,66,174,45508,-259,35,2511
2021-08-12,134000,135000,130000,132000,507930,67046760000,-3.2967,167500,-88343,-79289,-37326,-6454,-5860,-4058,-374,-25067,-246,378,-150
2021-08-13,133000,133500,126500,127000,433183,55014241000,-3.7879,145906,-5394,-140493,-19957,-12298,-36784,-4006,0,-65792,-993,974,-1656
2021-08-17,126500,127000,123000,125000,268509,33563625000,-1.5748,1141,-8729,15178,878,-4719,39,856,0,18124,-8716,1126,0
2021-08-18,124500,130000,124000,129500,200426,25955167000,3.6,-54684,-15444,70124,7858,8,1238,-396,0,61251,-49,53,165
2021-08-19,128500,129000,126000,126500,216530,27391045000,-2.3166,26630,-21957,-4652,-21629,1614,12373,50,0,2940,105,-126,0
2021-08-20,126500,128500,124000,125000,230207,28775875000,-1.1858,33108,-38111,4928,2097,1085,17706,-2883,166,-13634,-28,103,391
2021-08-23,126500,131500,126500,129000,233037,30061773000,3.2,-8565,-28244,51836,18548,2777,937,-902,0,30346,-14798,-229,130
2021-08-24,130000,133000,129500,132000,185105,24433860000,2.3256,-6060,-882,6753,5710,2399,-137,547,0,-1871,242,-53,105
2021-08-25,135500,137000,132500,136500,415984,56781816000,3.4091,1238,4468,-8515,-4224,-4312,-10814,-2258,0,13093,3150,-341,0
2021-08-26,131500,133500,126000,127000,742075,94243525000,-6.9597,180336,-100276,-53224,-19487,-9386,8398,-4954,-168,-27375,-26097,-739,-252
2021-08-27,126000,129500,125500,127500,231911,29568652500,0.3937,700,-10829,10548,-6481,-4119,428,-739,-167,22020,-90,-329,-394
2021-08-30,128000,128500,124000,125000,236501,29562625000,-1.9608,59958,-29896,-31016,-24978,434,1924,-978,-574,-5484,663,291,-1360
2021-08-31,123500,129500,123000,129000,328533,42380757000,3.2,-38331,63668,-25943,-3516,4505,1750,608,0,-29315,315,291,25
2021-09-01,127500,129500,126500,127500,153267,19541542500,-1.1628,-1801,3254,-3300,322,-385,303,-2016,0,-2415,1840,7,891
2021-09-02,127500,129000,125000,126000,197545,24890670000,-1.1765,42489,-14753,-29137,-6186,-1228,-2199,-999,-238,-18472,1379,22,185
2021-09-03,125500,127500,125000,126000,131338,16548588000,0.0,2083,19265,-19004,-16941,152,-1224,-504,0,-487,-2331,-13,0
2021-09-06,125500,126500,124500,126000,108869,13717494000,0.0,4890,4186,-9079,-1936,-4909,4737,-91,0,-6880,-99,102,0
2021-09-07,126000,127000,124500,125000,157585,19698125000,-0.7937,37178,-20248,-17878,945,-6759,406,518,0,-12988,-74,1022,0
2021-09-08,124500,125500,123500,125000,170794,21349250000,0.0,-4099,-10342,15354,-37,10128,3650,338,0,1275,-1185,272,0
2021-09-09,124000,125000,122000,122500,239547,29344507500,-2.0,42477,8210,-50448,3954,-7763,-364,1821,0,-48096,-1255,1016,0
2021-09-10,123000,123500,120500,122500,160169,19620702500,0.0,-9748,15544,-3866,-17557,-4700,-732,-949,0,20072,-1919,-11,0
2021-09-13,122500,124000,120500,121500,116294,14129721000,-0.8163,-6801,-111,6840,-12583,364,-722,3675,0,16106,70,2,0
2021-09-14,122000,125500,122000,124000,132706,16455544000,2.0576,-48772,14212,36479,-1096,0,468,1558,0,35449,111,-2030,100
2021-09-15,123000,125000,122500,124000,98409,12202716000,0.0,1473,4034,-5638,682,152,-30,462,0,-6904,5,126,0
2021-09-16,124000,124500,122000,122000,99786,12173892000,-1.6129,30748,-7649,-24255,-66,13,36,-1827,0,-22411,16,1140,0
2021-09-17,121000,122500,119000,122000,218449,26650778000,0.0,-18408,41175,-22272,-447,-317,-354,-874,0,-20280,-107,-388,0
2021-09-23,120500,121500,119000,121000,131078,15860438000,-0.8197,-4578,12980,-7374,-7443,408,43,191,0,-573,-940,-88,0
2021-09-24,120500,121500,119500,120000,113801,13656120000,-0.8264,23716,-8671,-15135,212,-4907,-1403,-706,0,-8331,130,-40,0
2021-09-27,119000,120500,118500,119000,103886,12362434000,-0.8333,-8637,13679,-5697,318,-3662,208,-5916,0,3954,600,55,-599
2021-09-28,118500,119000,114500,116000,250658,29076328000,-2.521,65385,-16973,-52982,-21797,-6965,-335,-559,0,-23326,578,3992,0
2021-09-29,113500,115500,112500,114500,217282,24878789000,-1.2931,-53149,82966,-26368,-10378,-4962,-2684,-29,0,-8315,-3631,182,0
2021-09-30,114000,118500,113500,118000,183792,21687456000,3.0568,-5775,44373,-34170,-18366,-4407,-1210,1206,0,-11843,-1470,-2958,450
2021-10-01,116000,117500,114000,115000,115543,13287445000,-2.5424,7402,12518,-18571,-5283,-206,-845,-51,0,-12186,-1351,2,0
2021-10-05,113000,116000,112000,114000,200733,22883562000,-0.8696,-33657,52204,-17444,-9634,-11617,-76,329,0,3554,-977,-126,0
2021-10-06,113500,119000,113500,116500,252294,29392251000,2.193,-70714,48594,24926,5078,1324,-4157,-177,0,22958,-970,-1836,-100
2021-10-07,118500,123000,118000,121000,240965,29156765000,3.8627,-58347,26753,32743,-15437,2691,1379,-1251,0,45336,-1130,-19,25
2021-10-08,121000,122500,119500,121500,175364,21306726000,0.4132,-34756,50464,-15515,-1424,1426,-1428,-879,-74,-13136,-111,-82,0
2021-10-12,121500,121500,118500,119000,154726,18412394000,-2.0576,-13856,30903,-16804,4141,491,26,-1550,0,-19912,93,-336,0
2021-10-13,119000,122000,118500,120000,124326,14919120000,0.8403,-23821,302,23366,904,-9881,2611,-461,0,30193,181,-28,0
2021-10-14,121000,123000,120000,122500,148693,18214892500,2.0833,-29937,-81,30262,-2638,4142,420,402,-50,27611,-182,-62,375
2021-10-15,121000,123000,121000,121500,132493,16097899500,-0.8163,705,20281,-20996,3331,-390,590,-1914,0,-22733,50,-40,120
2021-10-18,121500,122500,119000,120500,204927,24693703500,-0.823,16402,46641,-64943,-2497,675,140,867,0,-64158,2131,-231,30
2021-10-19,121500,128500,121000,127500,343569,43805047500,5.8091,-194185,137011,57461,6011,-3850,-2985,2328,30,57004,113,-400,-1077
2021-10-20,125500,129000,125500,126000,168967,21289842000,-1.1765,8216,-2807,-4848,-5207,1883,4800,-800,0,-4342,-465,-96,-1182
2021-10-21,125500,128500,125000,126000,138301,17425926000,0.0,-14516,22735,-11051,-8124,66,1383,-687,-50,-3639,2781,51,0
2021-10-22,126500,130500,126500,129000,257301,33191829000,2.381,-104678,36106,68121,5134,12394,7472,919,240,41962,650,-199,0
2021-10-25,129000,130000,125500,127000,157942,20058634000,-1.5504,32212,-12131,-20205,-3400,1935,-470,-3398,0,-14871,68,56,-1
2021-10-26,128000,130000,127500,128500,137579,17678901500,1.1811,-30148,11653,18475,1290,9581,-46,-203,0,7895,75,-55,-42
2021-10-27,128500,129500,126500,129000,134424,17340696000,0.3891,996,16614,-17770,773,-324,0,-2248,0,-15971,240,-80,0
2021-10-28,128500,129000,123500,123500,219269,27079721500,-4.2636,56740,9187,-67727,-1704,-10033,-16193,-3287,0,-36675,1811,-11,165
2021-10-29,124000,125500,122000,123500,149518,18465473000,0.0,27341,-1917,-22659,1488,-120,-3340,-403,0,-20284,-2598,-167,0
2021-11-01,123500,127500,123000,127000,182848,23221696000,2.834,-47710,-18075,62215,-8136,3246,346,35,0,66889,3590,-20,-165
2021-11-02,127500,128500,126000,126500,119550,15123075000,-0.3937,-34458,5100,29224,-3780,341,16,-8404,0,41051,128,6,0
2021-11-03,126000,127500,125000,125500,124687,15648218500,-0.7905,-5808,30685,-24921,2017,443,-92,-189,0,-27100,30,14,0
2021-11-04,126500,128000,123500,124000,196548,24371952000,-1.1952,-34465,33981,389,-23232,-4107,1111,-3615,0,30330,77,18,-98
2021-11-05,124000,124500,120000,123000,208315,25622745000,-0.8065,-22391,60463,-37105,-19851,-9537,0,-2546,0,-5170,-954,-13,-1
2021-11-08,123000,126000,121500,125000,214306,26788250000,1.626,-51362,24088,27005,17739,2529,-367,574,0,6530,75,194,0
2021-11-09,125500,132000,125500,131500,663818,87292067000,5.2,-196397,63913,131237,52279,31847,7486,4871,1500,33487,823,424,-233
2021-11-10,132000,133500,129000,131000,420096,55032576000,-0.3802,-14812,-22671,36780,11830,5406,-6527,7187,0,18574,1583,-880,310
2021-11-11,128500,140500,125000,135000,1662986,224503110000,3.0534,-95514,-54261,151260,34158,32071,14020,17378,-1500,54567,-730,-755,566
2021-11-12,138500,139500,131500,132500,675624,89520180000,-1.8519,40816,-85539,42711,6008,-7985,-7253,1338,0,50515,1952,60,88
2021-11-15,132500,135000,129000,131500,348248,45794612000,-0.7547,-24770,5892,19208,3121,-4238,-2879,-1126,0,24330,670,-1000,0
2021-11-16,131500,135000,131000,135000,329879,44533665000,2.6616,-33003,-5221,38277,21885,543,-1312,3239,0,13922,-819,766,0
2021-11-17,135500,136000,131500,132000,309573,40863636000,-2.2222,37057,-15801,-26508,-1083,3728,-481,534,0,-29206,4902,350,0
2021-11-18,132000,136000,130500,134000,337696,45251264000,1.5152,-42750,-17472,59270,20043,389,-2832,-973,0,42643,667,285,0
2021-11-19,132000,133500,125500,126500,557279,70495793500,-5.597,135460,-99360,-32901,-25825,-5211,1385,-3173,0,-173,-3197,-2,96
2021-11-22,124000,126000,121000,124000,406653,50424972000,-1.9763,-13201,25550,-13592,-24459,-5921,-5158,-2681,0,24208,1200,43,419
2021-11-23,122000,125500,122000,123000,205988,25336524000,-0.8065,43210,-7028,-36435,-3567,-481,-1014,-638,0,-30735,326,-73,0
2021-11-24,121500,124000,120000,122000,217473,26531706000,-0.813,34294,-4349,-29837,-2357,1596,-292,324,0,-29108,-98,-10,0
2021-11-25,121500,125000,121000,123000,149488,18387024000,0.8197,-5536,4546,-436,-7631,-335,161,-89,0,7458,1000,426,0
2021-11-26,123000,123500,119500,120000,199993,23999160000,-2.439,20465,-10602,-9298,597,1194,-467,860,0,-11482,242,-807,0
2021-11-29,118500,123500,118000,120000,204984,24598080000,0.0,-43988,-8521,53415,284,4173,4336,102,0,44540,-892,-14,-20
2021-11-30,120500,122000,115500,117000,314056,36744552000,-2.5,43636,11472,-54702,1540,-1799,-520,346,0,-54269,76,-482,0
2021-12-01,117000,119500,115500,118000,195728,23095904000,0.8547,6217,6268,-6688,5999,-303,20,-457,0,-12327,-5916,119,380
2021-12-02,116500,119000,114500,118000,219816,25938288000,0.0,-2363,-3953,1953,3241,-3329,201,-2703,0,4318,1766,2597,225
2021-12-03,117000,123000,117000,121000,162296,19637816000,2.5424,-17605,11692,8325,4862,5583,213,2342,0,-4900,34,-2446,225
2021-12-06,120500,121000,116500,118500,145099,17194231500,-2.0661,26351,705,-27459,-13234,-5456,-23,-2629,0,-6717,-18,421,600
2021-12-07,118500,121500,117000,120000,168673,20240760000,1.2658,-5738,-19221,25064,1417,-35,1280,-1056,0,23458,-105,0,0
2021-12-08,120500,123000,118500,119000,245427,29205813000,-0.8333,20949,-11078,-10059,4673,-35543,-35230,-643,0,55934,201,-13,750
2021-12-09,122000,125000,120000,121500,505705,61443157500,2.1008,57402,-1892,-54620,-18832,-58788,-43860,-3294,0,70118,-1168,278,36
2021-12-10,121500,122000,120000,121000,134363,16257923000,-0.4115,9970,645,-10630,-7269,-7380,3891,1801,0,-1673,-105,120,0
2021-12-13,121500,121500,119000,119000,119759,14251321000,-1.6529,19282,-33248,12362,3550,-412,-339,-810,0,10373,1621,-17,0
2021-12-14,118500,120500,118000,119500,119159,14239500500,0.4202,-1204,6974,-5809,-9796,14576,-684,-3534,-12,-6359,-45,84,0
2021-12-15,119500,120000,117000,118000,165403,19517554000,-1.2552,48420,3131,-53042,-41408,-534,4335,676,-3000,-13111,1411,80,0
2021-12-16,119000,120000,117500,119000,135792,16159248000,0.8475,5215,-2135,-2078,3187,-2271,-162,-3847,0,1015,-999,-3,0
2021-12-17,118500,119500,118000,118000,123893,14619374000,-0.8403,12151,-6159,-5773,7941,-744,-14770,-752,0,2552,-308,89,0
2021-12-20,118000,122000,117000,121500,248375,30177562500,2.9661,-79142,96660,-17396,-6167,-23,-205,3613,0,-12114,-52,-70,-2500
2021-12-21,122000,122000,118500,119500,165789,19811785500,-1.6461,29044,-52739,24142,-17335,637,8005,-481,0,33316,-433,-14,0
2021-12-22,119500,121000,118500,120000,106168,12740160000,0.4184,-15251,16538,-1239,-591,1333,33,-512,0,-1502,-4,-44,0
2021-12-23,120500,122500,120000,121000,129505,15670105000,0.8333,-25372,15360,13544,-12076,2718,867,-552,0,22587,-3502,-30,0
2021-12-24,121500,122000,120500,121000,99421,12029941000,0.0,-5314,-14907,20516,-5941,1647,179,-187,0,24818,-285,-10,0
2021-12-27,121500,122000,120000,121500,97061,11792911500,0.4132,-23016,3431,18354,8101,-4639,-419,-184,99,14466,1099,132,930
2021-12-28,121000,122500,120000,121000,216010,26137210000,-0.4115,-10535,-5460,19076,-36784,1042,-600,3972,0,52002,-3626,545,-556
2021-12-29,120000,121500,119000,119000,207933,24744027000,-1.6529,81682,-2141,-80122,-22690,-1754,-46,-1237,0,-54395,541,40,0
2021-12-30,118500,127500,118000,125000,518930,64866250000,5.042,-101800,79341,25494,-5440,788,12163,22029,0,-4046,-2787,-248,0
2022-01-03,128000,131000,127000,127500,476594,60765735000,2.0,12296,-54308,32745,12163,19374,6081,9101,0,-13974,9202,65,0
2022-01-04,127500,127500,121500,123000,323862,39835026000,-3.5294,104141,526,-104645,-4617,-4246,-25709,-198,0,-69920,202,-224,45
2022-01-05,122000,122500,117000,118000,392117,46269806000,-4.065,143481,-28719,-114376,-45754,-17552,-769,-3744,-71,-46486,-1028,642,0
2022-01-06,115500,117000,112000,112500,358343,40313587500,-4.661,111729,-55617,-55643,-12393,-11891,-2209,-7983,-479,-20644,-993,524,-44
2022-01-07,113000,115000,112500,113000,204409,23098217000,0.4444,67001,-36837,-31620,9481,-6503,-21806,-2190,0,-10602,1268,188,0
2022-01-10,111500,113000,109500,111500,208350,23231025000,-1.3274,44941,-18404,-26718,-16058,-1520,-643,-3042,0,-5455,-62,243,0
2022-01-11,111000,113000,110000,110000,149836,16481960000,-1.3453,47527,-49995,3838,-1619,5521,1619,-1850,0,167,-1321,-49,0
2022-01-12,111000,116000,111000,114000,199271,22716894000,3.6364,1420,-24805,23039,7330,-2573,-1417,-12597,0,32296,335,11,0
2022-01-13,113000,114000,111000,112500,177128,19926900000,-1.3158,22246,-22826,378,-13182,-3957,1541,-7408,0,23384,162,40,0
2022-01-14,111500,112000,110000,110500,120886,13357903000,-1.7778,3402,25300,-29319,-11517,2112,40,-1065,0,-18427,449,168,-462
2022-01-17,110000,112000,109000,112000,148665,16650480000,1.3575,-20706,20709,-161,469,-819,-36,-992,0,1217,210,-52,0
2022-01-18,112000,114000,108000,108500,171734,18633139000,-3.125,24094,-21994,-2190,1467,-698,243,-1939,0,-1393,50,40,130
2022-01-19,107500,109500,105500,105500,183509,19360199500,-2.765,51823,-29233,-22682,-2236,-12657,-6895,-4241,-1368,4715,-78,170,0
2022-01-20,106000,119000,105500,116000,409378,47487848000,9.9526,-56794,-3237,54758,23301,-913,15514,2379,0,14607,5560,-287,-130
2022-01-21,114000,120000,113000,118500,382709,45351016500,2.1552,-147458,28880,118129,76029,8723,20977,4391,0,7898,864,-415,111
2022-01-24,116500,120000,116500,118500,265191,31425133500,0.0,-91705,-9914,106318,53409,1955,1374,-2391,0,51971,-4611,-88,0
2022-01-25,117500,121500,117000,117500,385387,45282972500,-0.8439,-93641,27049,68109,4760,43987,12720,1763,0,4929,-1504,-13,-50
2022-01-26,118500,120000,114500,115500,275515,31821982500,-1.7021,-8217,-16393,23844,10745,-9736,-4323,17037,0,10121,622,144,0
2022-01-27,116000,117000,105000,108000,516339,55764612000,-6.4935,-82768,94600,-12121,-20366,316,-151,-9159,-159,17403,-57,346,-5
2022-01-28,110000,112000,108000,109500,272481,29836669500,1.3889,4061,-13542,10001,-4291,3735,13577,3163,231,-6749,-459,-61,335
2022-02-03,110000,110000,100000,100000,842238,84223800000,-8.6758,252501,-153733,-98012,-13020,-4617,-4073,-18678,1000,-58494,-1241,485,-130
2022-02-04,100000,106000,100000,103500,442304,45778464000,3.5,-102827,120053,-17255,10979,-18842,-4565,1238,0,-6730,36,-7,665
2022-02-07,103500,104000,101500,103000,315133,32458699000,-0.4831,26087,-34023,7846,7534,38778,2864,795,0,-42360,39,51,235
2022-02-08,104000,105500,101500,103000,250942,25847026000,0.0,-6740,-613,7196,5592,-5563,-91,-337,0,7536,-29,186,59
2022-02-09,104000,104500,102500,103000,130394,13430582000,0.0,14768,-32404,17596,2865,-1354,-2138,-630,0,18853,31,9,0
2022-02-10,103500,105000,100500,101000,331873,33519173000,-1.9417,99020,-21537,-78413,-17002,-24034,-2750,2334,-331,-36062,340,590,-568
2022-02-11,100000,101500,97200,99700,450924,44957122800,-1.2871,29316,69,-32953,1590,-8394,-1355,1869,0,-26663,1508,2060,0
2022-02-14,97900,101000,97900,99700,214801,21415659700,0.0,-40355,4349,30840,20008,1393,1521,-959,0,8877,4998,168,0
2022-02-15,98000,101500,98000,98600,164054,16175724400,-1.1033,-9493,1736,7665,1898,-4972,-1219,-1547,0,14129,10,82,-624
2022-02-16,100000,103500,99600,102000,230973,23559246000,3.4483,-70726,26574,46060,28641,-4667,-143,-158,0,21598,23,-1931,789
2022-02-17,102000,102500,99600,100500,232570,23373285000,-1.4706,28525,-22905,-6041,741,-7278,-1676,-571,0,2643,207,214,100
2022-02-18,99700,102000,99600,101000,128186,12946786000,0.4975,-14255,-68,14344,13906,-672,312,-672,0,1470,0,-21,0
2022-02-21,99900,102000,99700,101500,143456,14560784000,0.495,1227,21803,-22872,8553,1651,2754,23,0,-35853,-225,67,0
2022-02-22,100500,101000,99100,100500,171245,17210122500,-0.9852,3913,672,-4808,24775,-1990,2019,-1951,0,-27661,15,208,0
2022-02-23,101000,102500,100000,102500,138458,14191945000,1.99,-15293,-14745,30074,19661,839,-16,-337,0,9927,26,-62,0
2022-02-24,101000,102500,99600,100000,199931,19993100000,-2.439,-21957,23578,-4891,13225,-218,292,0,0,-18190,3393,-123,0
2022-02-25,101500,103500,100500,102500,210640,21590600000,2.5,-43203,3801,40114,15877,-5354,13327,1508,0,14952,-460,-252,-196
2022-02-28,102000,103000,100500,102500,141871,14541777500,0.0,10046,-3417,-6519,7865,-5151,-112,-13,0,-9108,-100,-10,0
2022-03-02,102500,104500,101500,103000,138902,14306906000,0.4878,1463,-9184,7920,6519,2904,-13,702,0,-2242,-1,-198,50
2022-03-03,103500,105000,103000,104500,164184,17157228000,1.4563,-5282,-50729,55398,6081,-3011,-517,1277,0,51568,-40,653,0
2022-03-04,105000,105000,101500,101500,182025,18475537500,-2.8708,62067,-33864,-28428,-12092,-831,-1367,44,0,-14236,51,174,54
2022-03-07,100500,102000,100000,100000,142262,14226200000,-1.4778,18947,14491,-33469,3826,-6345,330,545,0,-31825,11,20,0
2022-03-08,100000,103500,99800,101500,167785,17030177500,1.5,-42650,6506,36008,16684,7706,15350,631,0,-4423,-13,149,60
2022-03-10,104500,107000,103000,105000,329852,34634460000,3.4483,-61379,-13390,74020,40985,-31242,-4872,6035,325,62626,727,22,163
2022-03-11,103500,109000,103500,108000,256373,27688284000,2.8571,-69359,39214,30412,30790,10560,-5519,17282,0,-21217,-70,-197,-1484
2022-03-14,108500,110000,105500,106000,184217,19527002000,-1.8519,-20155,-3253,23536,17144,7868,5002,119,0,-6577,4,-132,-20
2022-03-15,105500,111000,105000,109500,256287,28063426500,3.3019,-58323,24554,33244,18092,-1723,11623,4197,0,1055,-91,616,0
2022-03-16,110000,111000,107000,109000,135195,14736255000,-0.4566,15486,-27040,11447,13047,-1978,-895,874,0,13,18,89,386
2022-03-17,111000,113000,108500,109000,202291,22049719000,0.0,-3749,-12805,17254,3882,3698,827,-7526,0,16373,-682,-18,0
2022-03-18,109000,111000,108000,110000,137004,15070440000,0.9174,-2530,-24939,27871,16915,1636,8300,-433,0,1453,-267,-135,0
2022-03-21,110000,111000,108000,108500,177254,19232059000,-1.3636,17190,-51223,33889,11836,40739,-98,611,0,-19199,155,-11,0
2022-03-22,109500,110500,108000,109000,111066,12106194000,0.4608,-17850,-8171,26106,12399,-1059,791,-358,0,14333,0,-85,0
2022-03-23,109500,114000,109000,112000,211268,23662016000,2.7523,-79944,14608,65554,16382,21263,689,202,0,27018,-240,22,0
2022-03-24,110500,111500,109000,110000,124138,13655180000,-1.7857,24832,-16639,-8370,13138,-921,-316,-3633,0,-16638,1,176,0
2022-03-25,110000,111000,109000,109500,105175,11516662500,-0.4545,-4353,4849,-188,8256,-388,-1186,5,0,-6875,-143,-165,0
2022-03-28,109000,110500,107000,110000,157011,17271210000,0.4566,-11254,-23261,34564,12094,18688,600,20,0,3162,-48,-1,0
2022-03-29,110000,112000,109000,110000,124993,13749230000,0.0,-13718,-7752,21331,11018,-1489,-11532,-185,0,23519,190,-51,0
2022-03-30,111500,113000,110000,111000,142152,15778872000,0.9091,-22126,874,21331,10682,-3968,347,-175,0,14445,0,-79,0
2022-03-31,111000,112500,110500,111500,87024,9703176000,0.4505,-9391,-12971,22369,11687,-42,-78,-438,0,11240,0,-7,0
2022-04-01,110500,110500,107000,108000,193323,20878884000,-3.139,45528,-2289,-43272,2963,-4465,-1087,-91,0,-40592,-1,34,0
2022-04-04,107500,110000,106500,109500,103717,11357011500,1.3889,-22495,7089,15307,8635,-3644,2968,-28,0,7376,65,34,0
2022-04-05,110000,112000,109500,111500,120509,13436753500,1.8265,-35409,51751,-16125,-6093,-1331,3933,-948,0,-11697,-30,-187,11
2022-04-06,110500,110500,108500,109500,138731,15191044500,-1.7937,24123,-2344,-22028,-4128,2258,-81,-3008,0,-16669,222,27,-400
2022-04-07,108000,108500,103000,104000,276227,28727608000,-5.0228,67504,-5023,-63462,-11913,-7368,-1287,-4915,0,-37979,1081,-100,0
2022-04-08,104000,104500,102500,103500,148367,15355984500,-0.4808,21609,-39634,17556,6301,2407,-105,-361,0,9385,328,141,-71
2022-04-11,103500,105000,102500,102500,105567,10820617500,-0.9662,15459,-20045,56,9116,-343,-293,-2557,0,-5125,4511,19,-742
2022-04-12,102500,104000,101000,102500,143601,14719102500,0.0,14100,-2976,-10631,3212,3295,-10305,-1698,0,-5135,-543,50,0
2022-04-13,103000,105000,102000,104500,111452,11646734000,1.9512,-10290,-23348,33309,8980,-4150,-1,-605,0,29085,333,-4,0
2022-04-14,104500,105500,103000,103500,130971,13555498500,-0.9569,12852,-3636,-9955,-5757,-10406,203,-8372,0,14377,253,486,0
2022-04-15,102500,103500,101000,103000,109501,11278603000,-0.4831,9290,-917,-8519,18854,-765,-2180,-2210,0,-22218,49,97,0
2022-04-18,102000,103000,101500,103000,59109,6088227000,0.0,-285,-6440,5291,2705,776,-544,-335,0,2689,1427,7,0
2022-04-19,103000,104000,102500,103500,84748,8771418000,0.4854,12272,-13470,1231,-5218,-13,6,-853,0,7309,-39,6,0
2022-04-20,103000,103500,101500,101500,95131,9655796500,-1.9324,28999,-7137,-21470,7909,-1996,-310,-3210,0,-23863,431,-823,0
2022-04-21,102500,103000,101500,102000,93274,9513948000,0.4926,7296,-29782,22258,5254,-2223,-1095,-235,0,20557,256,-28,0
2022-04-22,101000,101500,99800,99900,170120,16994988000,-2.0588,71524,-18241,-53836,-10324,-7367,-6285,-584,0,-29276,374,179,0
2022-04-25,99300,99300,96200,96200,182605,17566601000,-3.7037,77147,-47505,-29626,3270,-8120,-1071,-2352,0,-21353,-388,372,0
2022-04-26,96100,99200,96000,98200,125964,12369664800,2.079,-31018,14565,17487,895,246,289,-1004,0,17061,-922,-112,0
2022-04-27,96300,96500,93700,94200,247546,23318833200,-4.0733,70970,-33786,-37040,-20983,-1365,-12786,5803,0,-7709,-261,117,0
2022-04-28,94200,94500,93100,94400,125786,11874198400,0.2123,17906,-3005,-14781,-13147,492,77,-595,0,-1608,-32,-88,0
2022-04-29,94400,95600,94100,95600,116238,11112352800,1.2712,-27209,10395,17050,1351,-393,-464,-680,0,17236,-237,1,0
2022-05-02,94000,94800,92000,93000,190495,17716035000,-2.7197,56887,17224,-74581,-40198,-5753,-4564,-5340,0,-19106,367,103,380
2022-05-03,92900,93800,92800,93100,118874,11067169400,0.1075,13375,31424,-45140,-26714,-5577,302,-2698,0,-10453,256,85,0
2022-05-04,93100,93400,91100,91500,170307,15583090500,-1.7186,39688,-9113,-30996,-25836,-5296,-446,-2014,0,2581,306,115,15
2022-05-06,90500,90500,88800,88900,189774,16870908600,-2.8415,45666,8904,-53118,-27013,-5522,-13637,-1083,0,-5903,-1670,218,40
2022-05-09,88100,89300,87200,88700,158346,14045290200,-0.225,-32533,25728,6699,-3038,-2822,912,-2905,-207,15179,103,3,-420
2022-05-10,87400,88900,85200,88400,226619,20033119600,-0.3382,10593,-6014,-4592,-8209,-294,-1908,-1704,0,7523,59,-46,0
2022-05-11,87500,89200,87500,88600,110228,9766200800,0.2262,2740,13207,-16007,512,-1547,-484,-2897,0,-11591,50,10,0
2022-05-12,87100,87300,83300,83900,547555,45939864500,-5.3047,43559,23099,-60635,-28740,-25472,-6715,-6848,-714,7943,-6295,272,-89
2022-05-13,79000,79600,71200,72300,1215132,87854043600,-13.826,369420,-180356,-186857,-124141,-917,12712,-50403,0,-23001,-2422,215,-1107
2022-05-16,72000,74500,72000,73800,304526,22474018800,2.0747,-121636,129741,-8216,7574,260,73,-688,0,-15927,-27,138,492
2022-05-17,73500,74200,72500,73800,200903,14826641400,0.0,1000,10291,-11035,-11996,-1806,-605,-1220,0,4592,-104,-152,0
2022-05-18,73900,76700,73800,76600,251800,19287880000,3.794,-102461,123288,-21084,1107,170,-50,236,0,-22547,306,-49,0
2022-05-19,74800,80300,73800,80000,364466,29157280000,4.4386,-78209,32371,46352,16447,-733,-5015,-2500,0,38480,254,-768,-327
2022-05-20,79900,81700,79000,80800,255721,20662256800,1.0,-28983,15658,13717,-472,-3548,-39103,-198,0,57038,-344,-48,0
2022-05-23,79900,81200,77800,80800,146807,11862005600,0.0,-17759,-8264,26127,-4643,154,-2249,-73,0,32938,-101,-3,0
2022-05-24,80000,81600,78500,78500,184265,14464802500,-2.8465,20832,18193,-39004,-36609,589,-9264,-10,0,6290,60,-81,0
2022-05-25,79600,82200,79300,80200,289762,23238912400,2.1656,-23470,57225,-33744,-33979,-25160,-31956,-2789,0,60140,5,-16,0
2022-05-26,80400,82800,79200,79500,184481,14666239500,-0.8728,29921,-1193,-28803,-26604,455,-4196,1018,0,524,16,59,0
2022-05-27,81400,83100,80900,81800,205034,16771781200,2.8931,-58482,10229,48276,4658,-870,12840,3660,1919,26069,60,-83,0
2022-05-30,82300,82700,81500,82000,101167,8295694000,0.2445,1532,-16019,14553,-4637,517,637,12,0,18024,3,-69,0
2022-05-31,82100,83700,81500,83500,269549,22507341500,1.8293,-20336,49161,-28802,5916,-2268,-848,-81,0,-31521,0,-23,0
2022-06-02,82100,82100,79900,80800,219106,17703764800,-3.2335,44197,-2538,-41841,1971,-6466,-694,-207,0,-36445,136,46,0
2022-06-03,81300,82400,80800,82300,108512,8930537600,1.8564,-27958,16851,11091,2276,-108,-309,-3001,0,12233,40,-24,0
2022-06-07,81600,81800,79700,80000,157925,12634000000,-2.7947,39009,12567,-51912,-13425,-1431,-246,1212,0,-38022,221,115,0
2022-06-08,79400,82100,79300,81500,132855,10827682500,1.875,-19647,5406,14307,14700,2463,-1211,-51,0,-1594,-74,8,0
2022-06-09,81000,81500,79700,81200,192850,15659420000,-0.3681,1646,-5097,3141,-868,-16566,1181,-8678,0,28078,26,284,-6
2022-06-10,79400,81100,79100,80900,112467,9098580300,-0.3695,-931,10085,-8938,10784,-6858,-1071,-365,0,-11428,-156,-60,0
2022-06-13,79100,79200,75500,75700,226023,17109941100,-6.4277,27094,-24813,-2648,1537,295,-6741,-260,0,2521,232,135,0
2022-06-14,74800,75500,73200,74900,251333,18824841700,-1.0568,-7838,-31540,39458,6043,422,20018,-1424,0,14399,-209,129,0
2022-06-15,74100,75200,71200,71900,292591,21037292900,-4.0053,11899,5849,-17743,-10854,-9447,-2604,-3043,0,8205,80,-85,0
2022-06-16,72600,73000,71000,71200,214394,15264852800,-0.9736,34357,-12324,-22042,-10024,14,-3562,-2222,0,-6353,24,-15,105
2022-06-17,69000,72200,69000,71300,215760,15383688000,0.1404,-19815,-6365,26114,2035,-2981,3525,-2493,0,26028,10,56,0
2022-06-20,71500,72100,68600,69500,178292,12391294000,-2.5245,11955,-9937,-2253,-6589,-4908,-567,-105,0,9916,202,33,0
2022-06-21,71000,72900,69600,71400,163391,11666117400,2.7338,-28073,-12194,40267,948,6089,18904,-84,0,14440,0,0,-30
2022-06-22,71500,71600,69100,69300,144023,9980793900,-2.9412,25299,-23703,-1620,1992,769,175,-99,0,-4457,21,3,0
2022-06-23,69300,71600,68700,69600,232387,16174135200,0.4329,-59777,-32960,93530,10054,3706,4262,136,0,75372,-650,-143,0
2022-06-24,69700,72900,69500,72800,145970,10626616000,4.5977,-24712,-19307,43923,4860,920,1554,467,0,36122,-2,98,0
2022-06-27,72200,73000,70200,71600,160891,11519795600,-1.6484,21195,6425,-27698,-16391,2507,2722,21,0,-16557,33,45,0
2022-06-28,71600,72500,71100,72200,100749,7274077800,0.838,-7854,14433,-6408,-7737,-702,-438,-180,0,2649,0,-171,0
2022-06-29,71300,72200,69600,70300,179231,12599939300,-2.6316,19237,18554,-37860,-10006,2667,-21173,-3341,-1919,-4088,11,58,0
2022-06-30,70100,70300,68400,68900,155033,10681773700,-1.9915,12938,20435,-33813,-15582,-11346,-293,-676,0,-5916,292,148,0
2022-07-01,70200,70300,66100,67400,250735,16899539000,-2.1771,27125,-611,-26097,-26130,-5579,118,75,0,5419,-390,-27,0
2022-07-04,67400,69500,66200,68200,216712,14779758400,1.1869,-1734,26782,-25085,-19077,374,-24582,-351,0,18551,155,-118,0
2022-07-05,68200,69700,67800,68900,143544,9890181600,1.0264,1654,21688,-23243,6439,-19715,-17478,33,0,7478,-100,1,0
2022-07-06,67000,70000,66600,68200,198716,13552431200,-1.016,-7535,37891,-30366,7933,-15695,6466,61,0,-29129,10,0,-2
2022-07-07,69500,70000,68400,69000,145185,10017765000,1.173,10278,17803,-28236,-4338,-42721,-2804,12,0,21615,150,5,0
2022-07-08,68900,70000,68400,68700,151270,10392249000,-0.4348,11563,26325,-38167,-3548,-20755,-9881,209,0,-4192,259,20,0
2022-07-11,68600,69400,67600,67800,120001,8136067800,-1.31,23612,2610,-26537,-25504,111,4494,229,0,-5867,-20,335,0
2022-07-12,68300,68300,66800,67200,94210,6330912000,-0.885,6578,5188,-11823,1687,-897,-997,527,0,-12143,-25,82,0
2022-07-13,67500,69400,67100,69000,123497,8521293000,2.6786,-8872,-8728,17491,2610,-208,-91,672,0,14508,35,74,0
2022-07-14,68300,70100,67900,68300,192299,13134021700,-1.0145,30134,49845,-79955,-27322,1401,1572,748,0,-56354,46,-70,0
2022-07-15,69200,69400,67700,68400,134965,9231606000,0.1464,21441,-5459,-16121,352,-1626,1381,80,0,-16308,106,33,0
2022-07-18,68800,69900,68100,68700,125263,8605568100,0.4386,26350,-28635,-7815,-255,3263,99,209,0,-11131,10060,40,0
2022-07-19,68700,71200,68300,70400,145108,10215603200,2.4745,-22336,5896,16684,-2770,5061,25517,-1626,0,-9498,-192,-52,0
2022-07-20,71000,71900,69800,70200,133835,9395217000,-0.2841,48664,-39121,-9286,-320,-54,74,-1382,0,-7604,-280,23,0
2022-07-21,69800,71800,69300,70900,162824,11544221600,0.9972,-7783,17342,-8109,-1020,1244,4783,1493,0,-14609,-1420,-30,0
2022-07-22,70400,71700,69700,69900,119040,8320896000,-1.4104,30783,-1658,-29343,3362,-29293,-3542,-1102,0,1232,81,137,0
2022-07-25,69900,72200,69600,71800,129668,9310162400,2.7182,-31018,9267,21746,-717,5297,4121,-571,0,13616,25,-20,0
2022-07-26,71800,71800,70400,71200,95713,6814765600,-0.8357,28875,-20506,-8309,-9856,-12,1936,-996,0,619,-90,30,0
2022-07-27,71000,71500,70500,70700,86737,6132305900,-0.7022,3961,-12631,8513,-1359,-341,207,180,0,9826,67,90,0
2022-07-28,71700,73100,69300,69600,265730,18494808000,-1.5559,5875,-3476,-2341,12923,-1003,-18726,-2232,0,6797,-350,292,-100
2022-07-29,70300,74100,70300,72100,422354,30451723400,3.592,-37389,76502,-40035,-4014,-3184,-50089,1436,0,15816,1120,-198,0
2022-08-01,71000,71200,69700,69900,284601,19893609900,-3.0513,87461,-12319,-75904,-1191,-6795,-48107,-264,0,-19547,698,64,0
2022-08-02,69400,69400,66800,67200,366282,24614150400,-3.8627,137035,-64111,-72898,-1246,-5528,-32903,-3173,0,-30048,-418,392,0
2022-08-03,67200,69500,67200,68600,301202,20662457200,2.0833,-47491,120396,-73501,-370,725,-38893,-2378,0,-32584,160,436,-1
2022-08-04,69100,71900,69100,71600,364580,26103928000,4.3732,-101346,112019,-9616,-872,8634,-1286,-58,0,-16034,-87,-970,0
2022-08-05,71700,73300,70900,71900,207209,14898327100,0.419,-39491,54059,-14925,243,80,-10344,121,0,-5025,-53,410,0
2022-08-08,71000,72200,70500,71500,235687,16851620500,-0.5563,9031,47479,-63058,2870,-3259,-37951,-1492,0,-23226,6507,41,0
2022-08-09,71100,73600,71100,73500,214080,15734880000,2.7972,-41758,67468,-25686,3635,-1791,-29199,-7,0,1676,-2,-22,0
2022-08-10,73500,73700,70400,70500,216251,15245695500,-4.0816,71066,-27848,-43269,-888,-1614,-27556,5,0,-13216,80,-29,0
2022-08-11,71400,72900,71100,72500,264048,19143480000,2.8369,-40003,31114,9032,1821,-3548,-51009,-378,0,62146,-177,34,0
2022-08-12,70000,70500,66700,68600,783955,53779313000,-5.3793,244662,-292497,44631,-7783,19265,31012,-307,0,2444,1739,1465,0
2022-08-16,69000,69100,68200,68500,168182,11520467000,-0.1458,-30646,35290,-5030,-4826,-88,-249,-32,0,165,256,130,0
2022-08-17,68500,69200,67900,68000,142251,9673068000,-0.7299,26822,-13821,-13063,361,-368,-17575,274,0,4245,209,-147,0
2022-08-18,67400,67900,66200,67300,218355,14695291500,-1.0294,60447,-12928,-48685,-283,-5412,-18641,184,0,-24533,611,555,0
2022-08-19,67200,67800,66400,66800,95977,6411263600,-0.7429,16053,-8885,-8592,-1353,11,-618,-190,0,-6442,1308,116,0
2022-08-22,66200,66300,65000,65500,183158,11996849000,-1.9461,16162,514,-17696,-2440,-218,-14105,197,0,-1130,932,88,0
2022-08-23,64300,64800,63200,63200,237004,14978652800,-3.5115,40368,-39487,-1461,537,2990,-2454,-970,0,-1564,106,474,0
2022-08-24,63200,64100,62800,63700,139093,8860224100,0.7911,-4967,-3406,8502,-617,2288,10904,-707,0,-3366,49,-178,0
2022-08-25,63700,64800,63700,64100,116338,7457265800,0.6279,-1008,3784,-2766,-520,-4606,547,2081,0,-180,1,-11,-88
2022-08-26,64200,64800,63100,63400,138129,8757378600,-1.092,11011,-14287,3041,786,-83,-4581,-77,0,7098,12,223,-102
2022-08-29,61100,62100,60600,61800,168001,10382461800,-2.5237,-8916,11629,-2956,4552,-1135,-6845,167,0,575,142,101,-270
2022-08-30,61800,63700,61700,63400,143175,9077295000,2.589,-25298,4701,20781,10716,5111,-1955,494,0,6415,1,-185,0
2022-08-31,62900,64300,62100,63500,145886,9263761000,0.1577,2985,27634,-30815,-4673,-393,-10210,-184,0,-15355,85,111,0
2022-09-01,62500,63000,60900,60900,212586,12946487400,-4.0945,54762,-25713,-29300,2934,207,2880,-129,0,-33392,17,234,-1800
2022-09-02,61100,61500,59500,60000,222487,13349220000,-1.4778,47020,-22162,-25242,-1160,-1101,-2578,-740,0,-18963,159,225,-700
2022-09-05,59700,61700,59600,61000,158352,9659472000,1.6667,-63449,64644,-133,229,411,4208,-1118,0,-3833,-1030,-32,-30
2022-09-06,60400,61000,59700,60000,124944,7496640000,-1.6393,23455,-21682,-2117,-26,-2576,-5043,22,0,6006,4,340,-500
2022-09-07,59700,59700,57500,58800,236685,13917078000,-2.0,12319,-4678,-8121,202,729,231,-2303,0,-6980,213,267,0
2022-09-08,59100,62600,59100,61500,396064,24357936000,4.5918,-108335,22218,87438,-3354,73471,-9208,1477,0,25072,-1251,-70,-20
2022-09-13,62100,63400,61700,62500,213066,13316625000,1.626,-10632,-22431,33542,-25120,-1039,15564,-1172,0,45329,-399,-80,-20
2022-09-14,60500,62500,60200,61700,164268,10135335600,-1.28,-11189,16048,-4487,-9197,1204,5150,-140,0,-1504,-244,-128,0
2022-09-15,61900,61900,60300,61000,170402,10394522000,-1.1345,20859,1783,-22740,-5046,5534,-9549,41,0,-13720,31,67,0
2022-09-16,60200,61900,59800,60700,147971,8981839700,-0.4918,-3116,18992,-16274,-3617,-1106,-7455,1871,0,-5937,400,-2,-30
2022-09-19,60700,61200,58800,59000,89668,5290412000,-2.8007,15998,-20895,4710,-5664,593,3379,-60,0,6462,111,76,0
2022-09-20,60600,60900,59300,59700,128351,7662554700,1.1864,-17982,20836,-2946,-6102,-11241,-981,11,0,15367,-31,123,0
2022-09-21,58600,59000,57800,58400,154349,9013981600,-2.1776,17448,-17427,514,-6217,-14122,19716,-77,0,1214,-460,-75,0
2022-09-22,57600,57800,55700,56200,198799,11172503800,-3.7671,65094,-16306,-50797,-16750,-10141,-5106,-1912,0,-16888,1789,220,0
2022-09-23,56200,56300,54400,55200,153316,8463043200,-1.7794,-22024,22784,-697,-7225,-2207,5058,-1936,0,5613,-79,16,0
2022-09-26,53800,55500,53800,54500,255684,13934778000,-1.2681,-76824,-18569,95221,-3433,8042,32801,-1181,0,58992,193,-21,0
2022-09-27,54800,55800,53700,54600,182395,9958767000,0.1835,-23864,-12961,36795,-11594,4118,32636,-4099,0,15764,-97,127,-30
2022-09-28,53900,54800,52100,53100,233422,12394708200,-2.7473,1967,27566,-29579,-26893,1249,7437,-7877,0,-2995,-19,65,-500
2022-09-29,53700,55600,53200,53500,178220,9534770000,0.7533,-33323,41223,-7874,-8516,-1807,114,-731,0,3066,-18,-8,0
2022-09-30,53500,54200,51000,51300,243009,12466361700,-4.1121,43074,-36243,-6842,-4884,-3833,-4120,-1081,0,7688,10,1,-612
2022-10-04,51700,54300,51300,53600,198899,10660986400,4.4834,-69126,72499,-3361,-2042,2871,3676,19,0,-8497,12,-24,612
2022-10-05,53900,54300,50500,50800,231467,11758523600,-5.2239,67923,-32778,-35471,5949,748,-776,-2954,0,-38438,55,271,0
2022-10-06,50900,52000,50900,50900,110550,5626995000,0.1969,-9116,2250,6731,1242,190,3800,-70,0,1569,137,-2,0
2022-10-07,50400,51400,48500,50200,188578,9466615600,-1.3752,2831,8376,-11289,-1204,3293,-5074,-2,0,-7802,50,32,-500
2022-10-11,48950,50200,47800,48700,191527,9327364900,-2.988,-29866,40587,-10740,2570,-714,7810,328,0,-20734,-6,25,0
2022-10-12,48050,48500,42950,44350,529251,23472281850,-8.9322,96533,-46062,-49611,-26616,-1526,-148,14,0,-21337,-1058,198,2
2022-10-13,43600,44250,42400,43300,389820,16879206000,-2.3675,-28932,30085,-1437,-3024,4299,-5019,67,0,3740,300,-16,-1500
2022-10-14,44000,45950,43850,45500,247154,11245507000,5.0808,-63716,3867,59854,5011,-8276,38910,41,0,24168,0,-5,0
2022-10-17,44250,44500,43300,44300,187612,8311211600,-2.6374,31491,16912,-48412,-28818,173,-9392,-10,0,-10365,-123,132,0
2022-10-18,45300,47200,45200,46850,232754,10904524900,5.7562,-36800,-11550,46628,-2494,6101,36074,59,0,6889,1235,487,-1
2022-10-19,46550,48100,45800,45950,182474,8384680300,-1.921,21994,-7876,-15031,-581,1045,-33,49,0,-15512,799,114,1
2022-10-20,45100,45600,43850,44600,240308,10717736800,-2.938,16131,39450,-55587,151,-9894,-10381,-3,0,-35460,0,6,0
2022-10-21,44100,45350,43950,45100,128378,5789847800,1.1211,-17621,6573,11047,166,428,-2411,-165,0,13029,0,1,0
2022-10-24,46050,46300,44750,45100,123582,5573548200,0.0,13947,-12139,-1752,-283,-1284,-9118,-78,0,9011,-30,-26,0
2022-10-25,45150,45200,44350,44750,131127,5867933250,-0.7761,-2160,-7872,9717,-216,-1385,4219,-19,0,7118,47,268,0
2022-10-26,44400,44400,41900,41950,425558,17852158100,-6.257,114902,-66503,-46744,-282,85,-28010,-221,0,-18316,-1993,338,0
2022-10-27,42050,44650,42050,44450,230414,10241902300,5.9595,-114009,64747,49182,2660,551,22,-418,0,46368,44,36,-1
2022-10-28,44450,44500,43600,43800,174823,7657247400,-1.4623,-3063,-16670,20164,-370,-1658,-8212,1811,0,28593,-441,10,0
2022-10-31,44300,45700,43800,44600,156925,6998855000,1.8265,-13974,13791,137,-4664,-870,-446,1745,0,4372,-28,74,0
2022-11-01,44750,46300,44600,45450,154413,7018070850,1.9058,2274,-3373,1103,-1824,6,-36,1839,0,1118,-39,35,0
2022-11-02,44850,48100,44800,47550,339134,16125821700,4.6205,-47560,28177,19399,8446,34538,-11413,-202,0,-11970,-61,45,0
2022-11-03,46200,46400,44900,45000,244116,10985220000,-5.3628,80354,-18262,-62515,-30762,-1032,13341,422,0,-44485,413,10,1
2022-11-04,44750,46400,44500,46400,235539,10929009600,3.1111,-9934,18971,-9495,-1446,1285,-17238,193,0,7711,229,229,0
2022-11-07,46100,47350,45850,46650,212324,9904914600,0.5388,26091,-17394,-9002,1374,-595,-20524,-3141,0,13885,-21,326,-1
2022-11-08,47200,48900,46750,47850,219389,10497763650,2.5723,-25001,-10467,36518,257,2389,4762,-73,0,29184,-1070,20,-1
2022-11-09,48200,49100,47500,47600,223363,10632078800,-0.5225,2442,316,-3824,-7055,-240,-22758,606,0,25622,955,111,1
2022-11-10,47500,50300,46800,48200,340774,16425306800,1.2605,-19150,57938,-38231,2732,-99,-15817,0,0,-25047,-306,-251,0
2022-11-11,50100,52200,49300,50600,485198,24551018800,4.9793,-72108,-16070,84924,-266,17558,25524,580,0,41528,4293,-1039,0
2022-11-14,49350,51300,48400,48450,474735,23000910750,-4.249,27891,-12831,-11387,-20960,-8295,3428,-642,0,15081,-4674,1001,1
2022-11-15,48950,52700,48750,52400,257289,13481943600,8.1527,-89310,45663,32851,483,5701,9143,97,0,17428,11348,-552,-1
2022-11-16,52200,52700,50300,50900,274208,13957187200,-2.8626,69266,-61287,-7457,-2450,-636,647,3075,0,-8094,-445,-77,1
2022-11-17,51400,54700,51200,53400,404831,21617975400,4.9116,-52224,40378,11379,818,4160,5974,3269,0,-2841,581,-114,-1
2022-11-18,53400,54000,51600,51900,232558,12069760200,-2.809,65090,-45133,-19169,532,57,-11187,-18,0,-8551,-670,-118,-2
2022-11-21,52000,52800,51200,51800,248869,12891414200,-0.1927,-6642,-77780,83891,-490,12952,51543,496,0,19390,666,-135,0
2022-11-22,51000,54900,48500,48700,1023125,49826187500,-5.9846,217579,-196623,-21360,153,1178,-34156,158,0,7279,45,359,4028
2022-11-23,49300,50700,48850,50000,310051,15502550000,2.6694,-74517,75496,-1118,-160,-8845,1244,-15,0,6658,-43,182,0
2022-11-24,50000,51800,50000,51600,267724,13814558400,3.2,-82360,35888,44296,1596,14000,15314,-19,0,13405,1952,224,0
2022-11-25,50700,51500,49550,49850,239565,11942315250,-3.3915,35594,30412,-65668,-1680,-597,-49263,-18,0,-14110,-368,30,0
2022-11-28,49350,49800,48100,48550,182056,8838818800,-2.6078,20656,13875,-34303,4573,128,-37261,-23,0,-1720,-211,-17,0
2022-11-29,48450,49300,46950,49200,128034,6299272800,1.3388,-15960,-8243,23981,-3430,1469,11042,3640,0,11260,-1,223,0
2022-11-30,48350,48950,47900,48950,388998,19041452100,-0.5081,38185,3719,-41978,-17800,-1479,-29,337,0,-23007,17,57,0
2022-12-01,50000,51300,49650,50900,229931,11703487900,3.9837,-66125,567,65910,-4556,1129,27883,91,0,41364,-231,-121,-1
2022-12-02,51000,55700,50700,54300,608359,33033893700,6.6798,-102420,109799,-11930,-7914,7679,-1912,-18,0,-9765,5365,-814,0
2022-12-05,54000,54100,51200,51600,317996,16408593600,-4.9724,101115,-100872,9,172,2030,4966,-1371,0,-5789,-832,580,1
2022-12-06,51300,51400,48700,48850,307036,14998708600,-5.3295,90541,-44271,-35326,-2323,-6360,-12398,-1947,0,-12298,-11289,345,0
2022-12-07,48850,48850,47150,47450,335105,15900732250,-2.8659,108271,-32880,-76105,-13841,-9207,-57359,-612,0,4914,235,479,0
2022-12-08,47800,52500,47400,51900,800867,41564997300,9.3783,-84445,-76700,153822,-6857,13973,122982,2606,0,21121,7526,-203,-3
2022-12-09,50800,52700,49550,50000,554766,27738300000,-3.6609,48278,48612,-93440,-802,-4034,-114855,7744,0,18507,-4090,640,0
2022-12-12,49850,51800,49750,51000,261249,13323699000,2.0,-79968,78458,583,-22686,5674,6729,-62,0,10928,967,-40,0
2022-12-13,51600,51700,49200,50400,238651,12028010400,-1.1765,-6118,-1740,7484,-49,22222,-15506,-1,0,818,1015,-641,0
2022-12-14,51100,52200,50600,52000,206065,10715380000,3.1746,-58534,43170,9092,763,479,-2754,75,0,10529,6471,-199,0
2022-12-15,52000,52400,50200,50300,166565,8378219500,-3.2692,33958,-11196,-23531,-1038,-132,1020,-385,0,-22996,226,543,0
2022-12-16,49750,50400,49350,50300,296671,14922551300,0.0,11293,-26170,14643,-323,1779,24547,-119,0,-11241,250,-16,0
2022-12-19,49600,51600,49500,51100,127773,6529200300,1.5905,-32835,20803,13700,-1457,305,-1184,0,0,16036,-1642,-26,0
2022-12-20,51100,51600,49150,49400,113887,5626017800,-3.3268,33075,-28364,-4726,-2837,-58,229,-3291,0,1231,-20,35,0
2022-12-21,50100,50300,49100,49700,87761,4361721700,0.6073,-9287,-4175,16387,-1648,1230,10765,12,0,6028,-2909,-16,0
2022-12-22,49800,51900,49500,51900,216289,11225399100,4.4266,-68106,35705,32999,-2081,2979,-22926,-362,0,55389,-150,-448,0
2022-12-23,51300,51800,49250,49750,212175,10555706250,-4.1426,38143,-10019,-23969,2694,12546,-40037,-5788,0,6616,-4199,44,0
2022-12-26,49750,52200,49750,51900,237448,12323551200,4.3216,-116476,28311,88209,-563,22619,33008,2664,0,30481,8,-52,0
2022-12-27,52100,52500,51300,52000,160568,8349536000,0.1927,-21166,-45624,67506,-1202,4387,11032,4717,0,48573,-678,-38,-1
2022-12-28,51100,52200,50500,51300,184359,9457616700,-1.3462,-4998,36659,-31650,-1392,1575,1277,-871,0,-32239,16,-27,0
2022-12-29,59200,63700,57500,60400,4107844,248113777600,17.7388,102455,-195861,98929,86610,75222,49803,12186,858,-125750,-3588,-1935,0
2023-01-02,59700,60400,55000,55900,940006,52546335400,-7.4503,48673,14032,-60788,-8374,-14827,-73739,4365,170,32682,-2440,523,-1065
2023-01-03,55500,55900,52600,54800,670123,36722740400,-1.9678,29855,-33227,1419,3556,16264,2627,2455,0,-23483,2379,-426,0
2023-01-04,53500,54300,52300,53200,587739,31267714800,-2.9197,74487,-84357,7943,-555,2658,-4382,25,0,10197,1635,292,0
2023-01-05,53500,55200,51700,52100,730291,38048161100,-2.0677,42550,-28378,-14132,-15259,-7040,12561,133,385,-4912,170,-210,0
2023-01-06,51500,52300,51100,51700,392381,20286097700,-0.7678,49177,-83618,37111,38305,12117,-5108,2004,368,-10575,-3936,1266,0
2023-01-09,52200,53500,52000,53400,368372,19671064800,3.2882,-56304,35157,22154,-4432,-1112,8521,-331,370,19138,215,-1222,0
2023-01-10,53400,54900,52700,54000,407131,21985074000,1.1236,-85201,5791,83711,46956,5982,-450,6369,3368,21485,-4317,16,1
2023-01-11,54500,55200,53000,54600,325211,17756520600,1.1111,-4620,-23133,27432,17105,2354,12658,-3,260,-4942,353,-32,0
2023-01-12,55100,57300,54600,57200,609868,34884449600,4.7619,-140418,116918,20503,-2169,6170,13705,6599,829,491,2157,840,-5122
2023-01-13,57200,58000,56000,57700,386178,22282470600,0.8741,-19509,-40232,59662,42781,700,3606,10271,686,1618,101,-22,0
2023-01-16,57900,59300,57400,59200,316802,18754678400,2.5997,-52660,6340,46746,-1312,13238,13033,4080,208,17500,-11,-415,-1
2023-01-17,59300,59400,56300,57900,403424,23358249600,-2.1959,-1418,-51952,53398,40867,6937,-38,2572,0,3059,111,-139,1
2023-01-18,58300,60000,56800,57400,450683,25869204200,-0.8636,12494,18980,-28976,-31766,-3044,2200,-4110,-1205,8949,-2492,-6,0
2023-01-19,56600,57500,56400,57300,192231,11014836300,-0.1742,-10437,29669,-18551,-11509,-1339,-684,-1029,0,-3990,-74,-607,0
2023-01-20,57400,58400,56700,57000,176533,10062381000,-0.5236,14173,-24557,10360,485,-60,272,392,0,771,20,4,8500
2023-01-25,58100,58500,57300,58000,232153,13464874000,1.7544,-24941,-7293,32135,40629,-8275,2687,-5977,-1071,4142,-77,176,0
2023-01-26,58400,63000,57700,60600,773339,46864343400,4.4828,-120657,-78152,197215,52443,131606,838,6805,0,5049,1401,193,474
2023-01-27,61100,61400,58800,60000,427906,25674360000,-0.9901,99276,-162069,63040,22248,6411,2833,9936,2500,19112,-248,1,0
2023-01-30,60000,61900,59200,60800,346800,21085440000,1.3333,-40017,37942,2046,7086,5209,-16471,44,0,1178,195,-166,5000
2023-01-31,60600,61200,59600,61000,327415,19972315000,0.3289,855,-82311,81682,30751,19759,16557,1496,0,13119,165,-391,0
2023-02-01,60800,61600,60000,61300,198032,12139361600,0.4918,-26774,28202,-469,-1723,-1515,-1189,3632,0,325,-917,-42,1
2023-02-02,62000,63300,61300,62200,335532,20870090400,1.4682,-9678,-21029,29832,23960,4771,11583,740,0,-11222,1208,-333,0
2023-02-03,61900,63900,61500,63600,265670,16896612000,2.2508,-48519,35091,24861,13697,9303,3891,908,1570,-4508,-11527,94,0
2023-02-06,63000,63100,60100,60300,342809,20671382700,-5.1887,74965,-43553,-39619,24641,-8754,-5433,-2074,0,-47999,7955,252,0
2023-02-07,60300,61700,60200,61200,175570,10744884000,1.4925,-26991,44207,-17179,589,-1955,6437,-1716,0,-20534,-4,-33,0
2023-02-08,61500,61600,60100,60400,212037,12807034800,-1.3072,30029,-15337,-14854,926,1390,-3081,3317,0,-17407,178,-16,1
2023-02-09,59600,62900,57400,61800,556142,34369575600,2.3179,-84814,-19841,105028,11266,54239,36404,12059,0,-9224,-274,-99,284
2023-02-10,61400,63000,60600,62100,267584,16616966400,0.4854,23,33428,-34174,11090,-8036,-11057,4084,0,-30257,-58,781,2
2023-02-13,61500,61600,58500,59000,268648,15850232000,-4.9919,66758,-9984,-53684,326,-8173,-33856,1219,0,-13200,-2505,-585,0
2023-02-14,59100,61500,59100,60700,264841,16075848700,2.8814,-65523,48296,15397,6025,-9026,1698,-5071,-2500,24271,1839,-9,0
2023-02-15,60500,60600,56400,56600,516618,29240578800,-6.7545,213864,71347,-286421,-26694,-13432,-172178,-1693,0,-72424,308,902,0
2023-02-16,57600,61500,57200,61400,418950,25723530000,8.4806,-201182,124517,76923,50,1725,26776,-202,0,48575,183,-441,-1
2023-02-17,60000,60300,58600,59200,257381,15236955200,-3.5831,44326,-14548,-27785,14132,-22142,-2245,-1454,0,-16077,-2410,417,1
2023-02-20,59300,62600,58900,62000,355719,22054578000,4.7297,-104297,-44759,151147,-11412,37035,79890,3831,0,41805,-1359,-732,-2
2023-02-21,61300,62700,61000,61900,193011,11947380900,-0.1613,-6053,266,6376,20598,3895,12778,433,0,-31328,-510,-79,0
2023-02-22,61200,61800,59700,59700,220521,13165103700,-3.5541,58577,-8632,-50016,-7191,-24989,3968,2919,0,-24723,-178,249,0
2023-02-23,60200,66700,60000,64600,953363,61587249800,8.2077,-154331,-4507,154946,31567,78488,-2801,26163,500,21029,4283,-391,0
2023-02-24,63700,64300,62300,63000,312904,19712952000,-2.4768,29001,-77057,51764,15489,13052,34285,3062,0,-14125,-2946,-762,1
2023-02-27,62200,62700,60700,61600,214313,13201680800,-2.2222,23695,-29694,6428,8436,21193,7664,785,1000,-32650,-272,-157,0
2023-02-28,61700,63500,61300,61800,235725,14567805000,0.3247,-18218,-6470,24711,-8471,7046,1801,460,0,23875,-20,-3,0
2023-03-02,61800,62000,60000,60900,198054,12061488600,-1.4563,38213,-19640,-19132,6490,12770,-13322,-3961,0,-21109,56,503,0
2023-03-03,61100,61700,59800,60400,185452,11201300800,-0.821,35976,-19284,-16643,-9451,2718,-871,-4351,0,-4688,-250,201,0
2023-03-06,60900,62200,60400,61200,168153,10290963600,1.3245,-46654,4580,42185,-901,2813,7204,289,0,32780,226,-337,0
2023-03-07,60800,61400,59900,60000,171632,10297920000,-1.9608,18997,-10505,-7511,4544,9149,-3390,-3580,0,-14233,-1500,519,-1
2023-03-08,59600,59800,58300,58800,194007,11407611600,-2.0,45908,-2333,-42390,1498,-3210,3469,-3104,0,-41044,-3663,2478,1
2023-03-09,59000,59400,57600,57700,220436,12719157200,-1.8707,32397,-21771,-9467,-8778,-8922,-15088,-6873,0,30194,-1251,92,0
2023-03-10,56800,57100,55300,55900,257768,14409231200,-3.1196,49154,-6676,-43402,1305,-5751,-18407,-2963,0,-17589,415,509,3
2023-03-13,56400,56900,55000,55900,171775,9602222500,0.0,-6076,10237,-4266,102,-485,-12163,-2976,0,11259,-12,117,-3
2023-03-14,54700,58000,54600,56900,315053,17926515700,1.7889,-40522,-53070,93569,-590,18056,68996,2705,-268,4670,24,-1,0
2023-03-15,57100,57600,55500,56300,185800,10460540000,-1.0545,25999,-12581,-12428,8721,-3243,-41701,4642,0,19153,-990,0,0
2023-03-16,56700,58000,55200,57100,182978,10448043800,1.421,-23732,-15713,39654,4012,5086,42722,-549,0,-11617,-188,-21,0
2023-03-17,57900,59300,56900,58900,210284,12385727600,3.1524,-45068,-2559,46880,17167,12991,6278,5851,0,4593,978,-231,0
2023-03-20,58800,59500,58200,58700,105333,6183047100,-0.3396,-7960,-735,8682,4548,444,3724,6321,0,-6355,103,-90,0
2023-03-21,62900,66100,61600,62400,1172154,73142409600,6.3032,-86291,68111,17887,-8855,17933,11948,20508,0,-23647,49,244,0
2023-03-22,63000,65400,62600,65000,452628,29420820000,4.1667,-127696,35949,96052,23691,21377,18262,29226,0,5266,-3792,-513,-1770
2023-03-23,65000,65600,63600,64400,259719,16725903600,-0.9231,-29320,-5316,35315,14035,769,-9842,4033,0,26320,-10,-669,0
2023-03-24,63800,64900,63400,64000,189512,12128768000,-0.6211,-1152,2655,-36,27853,8944,-20556,4997,0,-21274,-1305,-162,0
2023-03-27,64300,64500,62300,63900,189399,12102596100,-0.1562,-21785,-10383,32143,14082,2770,484,3047,0,11760,9,16,0
2023-03-28,64300,65600,63400,65200,221811,14462077200,2.0344,-12240,-78946,89093,29650,42117,5191,7676,-6000,10459,2387,-294,0
2023-03-29,65200,66700,64500,65300,220148,14375664400,0.1534,-34395,-49300,84951,52277,14766,66,5425,0,12817,-946,-310,-400
2023-03-30,64800,65000,63300,64300,171775,11045132500,-1.5314,-4290,-1515,5528,4944,-6322,2945,116,0,3844,38,239,1
2023-03-31,65000,67000,64200,66300,252751,16757391300,3.1104,-23784,-10011,34633,1525,5071,4523,11797,0,11717,-773,-65,0
2023-04-03,65600,66300,64400,65600,199516,13088249600,-1.0558,14444,-30315,15771,13016,5991,10348,530,0,-14114,1,99,0
2023-04-04,65700,70200,65400,69800,453137,31628962600,6.4024,-100910,16540,81397,14681,31419,9622,14442,0,11234,3686,-713,-1
2023-04-05,69800,70500,69000,69600,225828,15717628800,-0.2865,-833,-73586,71356,24040,7469,28624,2784,0,8639,2775,288,-200
2023-04-06,70000,72500,69400,70300,366444,25761013200,1.0057,-49929,20755,29374,52244,13608,-20561,8742,0,-24559,-145,-55,-100
2023-04-07,70600,72700,69900,72100,246914,17802499400,2.5605,-32272,-26951,57757,19595,15021,12915,11834,0,-1894,1588,-122,286
2023-04-10,71800,73300,70900,71400,214897,15343645800,-0.9709,-41848,7307,33586,6191,9493,8244,2218,0,7495,1397,-442,-55
2023-04-11,71400,72000,70300,70900,163473,11590235700,-0.7003,-14498,23874,-8886,7487,563,-23418,-1736,-479,8793,-399,-91,-96
2023-04-12,70200,71700,70200,70400,132037,9295404800,-0.7052,-17067,30662,-11873,1882,-1691,-1392,-1175,0,-8276,-1070,-652,-1221
2023-04-13,69900,71800,69400,71700,246541,17676989700,1.8466,-24656,-14148,38643,68,-1390,-680,-1324,-616,42585,172,-11,0
2023-04-14,71500,72500,69900,70500,215172,15169626000,-1.6736,17185,-15870,-1084,6745,-4930,-18026,-4660,-626,20413,-183,-48,0
2023-04-17,70200,71800,69700,70900,169806,12039245400,0.5674,-8159,32194,-24301,8723,-3856,-12643,-2993,-1,-13531,-43,309,0
2023-04-18,69900,71000,68500,69000,201910,13931790000,-2.6798,18597,36946,-55741,14166,-13656,-18790,-3375,0,-34086,185,13,0
2023-04-19,69100,69700,67300,68000,163557,11121876000,-1.4493,-8201,31125,-22776,12062,-5092,-19122,-5324,0,-5300,-152,4,0
2023-04-20,68200,68600,65100,66400,319102,21188372800,-2.3529,231,105387,-104339,-6602,-57011,-54169,-3994,0,17437,-1519,240,0
2023-04-21,66500,67300,65000,66200,170497,11286901400,-0.3012,-4552,31048,-26568,-6426,-7560,-17788,-2306,0,7512,-96,168,0
2023-04-24,66000,66900,64100,65900,151053,9954392700,-0.4532,-10301,20579,-9907,-11064,-8601,-2431,1113,0,11076,-376,5,0
2023-04-25,66000,66900,64200,64500,164289,10596640500,-2.1244,443,24164,-24759,-305,-13737,7267,228,0,-18212,98,54,0
2023-04-26,64100,66300,63800,64500,126249,8143060500,0.0,13014,19515,-32522,-15432,-2382,98,-192,0,-14614,0,-7,0
2023-04-27,64100,65300,63400,64400,140231,9030876400,-0.155,5624,17347,-23363,-101,1860,15214,558,0,-40894,411,-19,0
2023-04-28,64400,66400,64400,64800,209167,13554021600,0.6211,-5831,63993,-57895,-12628,2656,-24567,-4243,0,-19114,-418,151,1
2023-05-02,64400,66900,62800,66100,155839,10300957900,2.0062,-8987,-10305,19684,6563,-1721,-426,-3776,0,19044,-246,-146,0
2023-05-03,65200,67300,65200,66200,108076,7154631200,0.1513,802,2603,-3584,10986,2113,214,3901,0,-20798,-34,213,0
2023-05-04,65500,68400,65400,68000,205976,14006368000,2.719,-48647,36112,13142,10721,4943,8505,3485,329,-14841,1,-608,0
2023-05-08,67300,69100,67200,67600,167173,11300894800,-0.5882,-20734,-16310,37204,-1760,16971,-435,-1617,0,24046,26,-186,-1
2023-05-09,67300,69000,67100,67100,80922,5429866200,-0.7396,-3593,7325,-9320,2424,2322,-1085,-141,0,-12840,5519,69,0
2023-05-10,67100,67600,66100,66700,99205,6616973500,-0.5961,-7895,35012,-27164,-7158,1089,-81,-6555,0,-14458,-30,77,-1
2023-05-11,66500,67400,64800,65000,178181,11581765000,-2.5487,7379,10045,-18475,-6671,-9176,102,-3363,0,632,781,270,1
2023-05-12,64100,64500,56100,58200,890007,51798407400,-10.4615,203235,-40111,-184297,11494,-49198,-47358,-48630,-329,-58277,20620,553,8001
2023-05-15,57600,59800,57500,58300,191905,11188061500,0.1718,-10846,27244,-16907,-4372,18979,-137,-3571,0,-28806,489,20,1000
2023-05-16,57800,58500,56900,57300,190776,10931464800,-1.7153,24540,1746,-30644,-3035,-7576,-12805,-6019,0,-4209,3507,851,3000
2023-05-17,57100,58400,56400,57800,138181,7986861800,0.8726,-12179,28694,-17929,-14715,-3242,-786,-3209,0,4023,1397,17,0
2023-05-18,57600,58500,57400,58100,127068,7382650800,0.519,5667,15792,-24938,-12148,-7107,-39,2727,0,-8371,3474,5,0
2023-05-19,58100,59600,58100,58600,183517,10754096200,0.8606,-13224,19013,-8216,-19874,-28515,2022,-800,1500,37452,2520,-93,-1
2023-05-22,59100,60700,58600,60000,220660,13239600000,2.3891,-25889,49657,-18939,-18160,12796,-36423,-5407,500,27755,-4535,-294,0
2023-05-23,60700,60700,59600,59700,85483,5103335100,-0.5,7480,-12941,5356,-8967,-1022,-2268,-682,1000,17294,19,86,1
2023-05-24,59000,59200,57800,59000,137668,8122412000,-1.1725,7111,6740,-15375,-26488,15038,230,-4,0,-4151,1520,4,0
2023-05-25,58000,59400,57700,58100,125405,7286030500,-1.5254,22685,21645,-48319,-17560,-1765,-11,-2823,-2500,-23660,3900,89,0
2023-05-26,57600,58000,56500,56700,165306,9372850200,-2.4096,20498,26872,-47756,-28540,-2538,-10156,-3898,-500,-2124,170,216,0
2023-05-30,57000,57400,56000,56600,179713,10171755800,-0.1764,-1923,10816,-6807,-30655,-8708,-2503,-16222,0,51281,-327,-1759,0
2023-05-31,56300,57100,55900,55900,368813,20616646700,-1.2367,19157,47325,-64778,-47545,-13849,-1972,-4798,0,3267,0,-1704,119
2023-06-01,56500,56800,55200,55300,144824,8008767200,-1.0733,46267,-22632,-23791,-5198,-2230,-54,-500,0,-15813,39,117,4
2023-06-02,55600,56200,55400,56000,89317,5001752000,1.2658,3966,5042,-9066,-14123,-434,0,650,0,4840,11,47,1
2023-06-05,56200,57000,56000,56500,82442,4657973000,0.8929,-2064,2021,-133,-8263,-893,-104,-1371,0,10498,0,176,0
2023-06-07,57300,57300,55900,56000,112950,6325200000,-0.885,-2005,1664,121,-14456,-1578,-2717,-204,0,19077,69,151,-1
2023-06-08,56200,57500,55700,57000,231148,13175436000,1.7857,-14027,-20787,41063,-1730,8955,12276,130,0,21428,-5938,-311,4
2023-06-09,57500,57500,55400,55900,207620,11605958000,-1.9298,57214,-32269,-24753,-19237,-4901,-23564,3918,0,19031,-50,-142,0
2023-06-12,56000,57100,55800,56300,111040,6251552000,0.7156,-7385,-5978,13426,-16661,-3432,532,487,0,32500,80,-143,0
2023-06-13,56600,57200,56000,56300,122667,6906152100,0.0,5774,-8719,2765,-16165,-2370,584,-2820,0,23536,0,180,0
2023-06-14,56100,56500,55000,55500,166643,9248686500,-1.421,24712,31487,-56298,-58316,-5365,-1143,287,0,8239,110,-11,0
2023-06-15,55500,56000,53700,54000,258637,13966398000,-2.7027,55654,82128,-138275,-41581,-67805,-29612,-3094,-10,3827,575,-82,0
2023-06-16,54100,55700,54100,54600,315024,17200310400,1.1111,-14186,69697,-55538,-37471,-5149,107,-2875,0,-10150,0,27,0
2023-06-19,54500,54800,53000,53500,158222,8464877000,-2.0147,27672,17880,-46371,-56401,-6662,906,-45,0,15831,800,19,0
2023-06-20,53000,54300,53000,53700,97066,5212444200,0.3738,442,7797,-8451,-7822,-56,-250,63,0,-386,188,24,0
2023-06-21,53800,54000,52100,52500,143478,7532595000,-2.2346,18535,4105,-22980,-19607,-4427,-563,-4380,0,6373,370,-30,-376
2023-06-22,52500,53200,52000,52500,99788,5238870000,0.0,2182,7621,-10052,-10474,-922,164,-1976,0,3156,200,49,0
2023-06-23,51900,52400,51700,51900,119840,6219696000,-1.1429,658,38431,-41571,-24554,-1960,-2486,8085,0,-20656,1901,581,0
2023-06-26,51600,52700,51300,51700,93212,4819060400,-0.3854,7758,8277,-16118,-17227,-2051,-8067,-1898,0,13182,62,21,-57
2023-06-27,51500,51900,50900,51600,111502,5753503200,-0.1934,11353,21698,-33759,-29373,107,-669,2358,0,-6182,700,8,0
2023-06-28,51800,52000,49800,50900,173804,8846623600,-1.3566,11540,40317,-52899,-21170,-25489,-630,-9468,0,3858,1001,41,0
2023-06-29,50600,50600,49200,49200,216242,10639106400,-3.3399,47672,11210,-65152,-66519,12649,-11562,-3824,0,-97,6131,139,4201
2023-06-30,49750,49950,48750,49100,139711,6859810100,-0.2033,6405,7111,-15205,-6074,-2240,-14193,-228,0,7530,1703,-14,0
2023-07-03,49600,50600,49500,49950,139472,6966626400,1.7312,-10170,-31839,41628,-14763,2496,11351,-3698,0,46242,0,381,0
2023-07-04,49500,49500,47700,48250,242022,11677561500,-3.4034,82891,11563,-96569,-38446,-14462,-45432,711,0,1060,2005,110,0
2023-07-05,47900,48750,47300,47300,169358,8010633400,-1.9689,40022,26642,-58096,-10693,-13618,1479,-1468,0,-33796,-8841,273,0
2023-07-06,47400,47450,46150,46450,207420,9634659000,-1.797,13962,23985,-37513,-14502,-3436,-987,1779,-7,-20360,-546,112,0
2023-07-07,45800,45800,44300,44900,257349,11554970100,-3.3369,31377,19558,-50854,-62333,6374,29772,-2588,0,-22079,59,-140,0
2023-07-10,44950,45550,44150,44200,178559,7892307800,-1.559,11447,-22011,9125,233,2300,11514,452,0,-5374,649,790,0
2023-07-11,44450,46400,44350,45850,211034,9675908900,3.733,-17056,-40612,57663,-154,7906,39256,-103,0,10758,0,5,0
2023-07-12,46200,46300,45300,46200,125267,5787335400,0.7634,10080,-21183,10659,17366,688,855,4349,0,-12599,3,441,0
2023-07-13,46650,49000,46500,47850,370736,17739717600,3.5714,-27244,54476,-27127,-7075,11376,-12406,-337,0,-18684,-54,-51,-1
2023-07-14,47850,48700,47300,48650,171023,8320268950,1.6719,-2519,-33945,36544,-5715,1661,257,-573,0,40913,1,-81,1
2023-07-17,48150,49650,47650,49500,162081,8023009500,1.7472,5907,-2562,-3785,1459,-67,-10404,110,0,5117,3,437,0
2023-07-18,49900,50100,48900,49750,142150,7071962500,0.5051,-10182,6920,3299,7681,566,96,-70,0,-4974,-16,-21,0
2023-07-19,50000,50300,48300,48700,121185,5901709500,-2.1106,9192,-13440,4443,10907,-377,73,-604,0,-5556,-100,-95,0
2023-07-20,47950,49050,47850,48050,140865,6768563250,-1.3347,-1387,5761,-4416,-2046,4314,5820,-3229,0,-9275,0,42,0
2023-07-21,47700,48650,47500,48400,125520,6075168000,0.7284,-8591,29969,-21431,-18047,-1541,269,-1542,0,-570,1,52,0
2023-07-24,47900,47950,46650,47150,150982,7118801300,-2.5826,4609,17566,-19835,10210,1471,-20216,-92,0,-11209,-2460,120,1
2023-07-25,47150,47250,45700,45750,127311,5824478250,-2.9692,2381,969,-3426,10891,-3144,-6062,-7040,0,1954,3,73,-25
2023-07-26,45600,46100,43850,44750,245876,11002951000,-2.1858,5935,-8331,2383,-295,-3616,45,-2057,0,20306,30,-17,-12000
2023-07-27,44800,49700,44800,49300,337503,16638897900,10.1676,-16657,-51197,67751,14050,3652,33438,371,0,16240,123,-20,0
2023-07-28,48800,48950,46300,48300,246236,11893198800,-2.0284,33094,-22517,-10745,10310,3599,-280,-2385,0,-21989,-272,440,0
2023-07-31,49050,50300,48200,49200,181608,8935113600,1.8634,-13767,6124,8110,10680,228,12624,-1292,0,-14129,0,-467,-1
2023-08-01,49350,51400,49300,51400,211180,10854652000,4.4715,-33426,-15557,48850,22389,4646,22172,804,0,-1161,-24,157,0
2023-08-02,51200,51200,49200,49700,190719,9478734300,-3.3074,47140,-9881,-37280,-17020,-469,2926,594,0,-23311,25,-4,0
2023-08-03,49200,49650,48500,48650,148619,7230314350,-2.1127,19254,13806,-33559,-10910,-133,313,-476,-9,-22345,-1,500,1
2023-08-04,48750,49800,48100,48500,100359,4867411500,-0.3083,8323,13749,-22207,-2340,120,-5391,-522,0,-14074,10,125,0
2023-08-07,48500,50200,48200,49000,120426,5900874000,1.0309,-7969,25829,-16925,-918,59,-1968,-1071,0,-13027,65,-1000,0
2023-08-08,49550,49800,47200,47550,166622,7922876100,-2.9592,31828,39220,-71011,-35290,-5308,-12495,-3814,0,-14104,0,-37,0
2023-08-09,47550,50700,47350,49900,206728,10315727200,4.9422,-49476,52283,-2717,-3249,-576,9340,-113,0,-8120,48,-138,1
2023-08-10,49450,49950,48200,48400,258086,12491362400,-3.006,73770,-31159,-44050,-18721,10410,-14015,-1301,0,-20423,1100,339,0
2023-08-11,49050,50300,48850,49600,197317,9786923200,2.4793,-14355,38250,-23236,-24121,8022,251,-755,0,-6633,-439,-220,0
2023-08-14,49650,49650,46300,46550,268369,12492576950,-6.1492,134894,-67477,-68339,-167,-2394,-38939,-206,-12,-26621,341,581,0
2023-08-16,46650,47700,46450,46650,114414,5337413100,0.2148,-35218,51421,-15927,-1161,-1265,-77,-1800,0,-11624,-275,-1,0
2023-08-17,46650,46700,43900,44100,295373,13025949300,-5.4662,143241,-78847,-65836,-12908,-2566,-26725,-928,0,-22709,253,1189,0
2023-08-18,43650,44150,43150,44100,138739,6118389900,0.0,-3326,23764,-20845,-849,165,-1871,-1034,0,-17256,385,22,0
2023-08-21,43500,44450,43150,43150,164002,7076686300,-2.1542,52459,-51253,-1588,-926,-1044,247,-101,0,236,212,170,0
2023-08-22,43250,43600,42500,42900,150872,6472408800,-0.5794,35674,-26590,-9362,-2658,47,-729,-307,0,-5715,285,-7,0
2023-08-23,42400,42950,42050,42250,148081,6256422250,-1.5152,28832,-16345,-12731,-1440,4690,-13410,0,0,-2571,259,-15,0
2023-08-24,42300,43200,42250,42750,155714,6656773500,1.1834,-27241,10584,16482,-742,188,5065,62,0,11909,150,25,0
2023-08-25,42150,43050,42100,42550,112255,4776450250,-0.4678,36963,-13934,-23670,-5428,520,-5153,-6,0,-13604,0,641,1
2023-08-28,43000,43100,42250,42900,157619,6761855100,0.8226,12782,-4050,-10289,550,-222,-5089,-14173,0,8645,1511,46,0
2023-08-29,42950,44050,42900,43350,129782,5626049700,1.049,1746,2955,-4825,90,20,-8315,-168,0,3548,100,24,0
2023-08-30,43800,44300,43350,43750,108479,4745956250,0.9227,-11248,-543,12167,425,263,-71,-441,0,11991,0,-376,0
2023-08-31,43600,43900,42700,42850,156715,6715237750,-2.0571,41425,-52130,10633,-2144,-790,-3114,-17,0,16698,115,-43,0
2023-09-01,42550,44400,42550,43250,166419,7197621750,0.9335,-12095,21634,-9246,-146,-424,-2535,-259,0,-5882,18,-311,0
2023-09-04,43150,44250,43150,43800,133163,5832539400,1.2717,-6353,-7304,13627,-358,3694,10517,-747,0,521,30,0,0
2023-09-05,43400,44200,43250,43300,97019,4200922700,-1.1416,20712,-13496,-7269,1558,-1859,-3746,-86,0,-3135,54,-1,-1
2023-09-06,43350,43500,42400,43000,149323,6420889000,-0.6928,39854,-17690,-22227,-6036,-112,30,-3584,0,-12526,2,61,1
2023-09-07,43500,45200,42950,43100,240700,10374170000,0.2326,24399,-15171,-10219,-187,1213,-315,-3035,0,-7895,816,175,0
2023-09-08,43100,43850,42200,42500,201073,8545602500,-1.3921,51823,-57838,5809,1589,-1872,-23,-1657,0,7772,88,118,0
2023-09-11,44100,48000,43850,46250,928988,42965695000,8.8235,-86568,61348,26642,-1792,14905,-3784,20457,-10,-6567,-1469,47,3433
2023-09-12,46700,54000,46450,52900,1690432,89423852800,14.3784,-139923,20967,118729,41919,91704,-27699,4942,0,7864,3658,-3431,-1
2023-09-13,51300,52000,46250,46550,977943,45523246650,-12.0038,309839,-342830,33245,-2210,-8046,29074,2560,0,11866,-1100,846,1
2023-09-14,46650,46700,44950,46150,607136,28019326400,-0.8593,-5047,-105831,111041,6345,35962,-23707,4998,0,87443,30,-193,0
2023-09-15,46150,47700,46100,47350,388568,18398694800,2.6002,-58872,13204,45648,1315,5467,-1370,161,0,40075,77,-57,0
2023-09-18,46900,48100,46900,47400,226030,10713822000,0.1056,-1276,22538,-15364,252,2601,1482,-1583,0,-18116,-5948,50,0
2023-09-19,47450,47450,45650,45850,226561,10387821850,-3.27,49781,-31957,-17838,-1843,2137,814,0,0,-18946,56,-42,0
2023-09-20,46100,46400,44900,45250,189031,8553652750,-1.3086,24321,-11321,-14519,-9062,-8537,-608,10,0,3678,1419,100,0
2023-09-21,45100,45100,43550,43600,263360,11482496000,-3.6464,60814,-41225,-21170,553,886,7708,-71,0,-30246,1033,548,0
2023-09-22,43000,43400,42550,42550,185010,7872175500,-2.4083,57250,-51424,-7121,-3078,33,-2289,-770,0,-1017,1149,146,0
2023-09-25,42750,43950,42500,42700,185101,7903812700,0.3525,11717,-45439,33686,-1494,8448,13828,-6834,0,19738,9,27,0
2023-09-26,42750,42900,41650,42400,241850,10254440000,-0.7026,34623,-13327,-21345,1160,-2490,-4010,22,0,-16027,6,43,0
2023-09-27,41800,42300,41550,42100,155841,6560906100,-0.7075,35154,-22124,-14791,-1500,1068,1108,248,0,-15715,1747,14,0
2023-10-04,41550,42000,40200,40550,408149,16550441950,-3.6817,7253,-9140,1220,-12422,-11540,49919,-3408,0,-19901,502,165,-1428
2023-10-05,41000,41250,40100,40850,165848,6774890800,0.7398,-18588,6556,12148,2875,4486,-612,-1763,0,7162,-101,-15,0
2023-10-06,40750,41950,40700,41350,155070,6412144500,1.224,3012,2851,-6738,-22390,66,48,748,0,14790,-128,1003,0
2023-10-10,42450,42700,41300,41650,182032,7581632800,0.7255,-25999,2374,23728,-3320,-4181,244,-470,0,31455,-145,42,0
2023-10-11,41800,42250,41200,41900,185200,7759880000,0.6002,28943,-62597,27661,345,-2553,305,60,0,29504,5972,21,0
2023-10-12,42500,42500,41500,41800,200227,8369488600,-0.2387,29877,12691,-42676,-7526,-15564,-18607,-9435,0,8457,8,100,-1
2023-10-13,41300,42300,40950,42200,182072,7683438400,0.9569,-21199,55336,-34131,-9699,764,-151,-316,0,-24729,-2,-4,0
2023-10-16,41950,41950,40150,40750,288330,11749447500,-3.436,56022,-20883,-35981,-12452,-9011,-26358,5035,0,6804,657,185,1
2023-10-17,41250,41900,40850,41700,196337,8187252900,2.3313,-39429,31704,8653,20462,-184,-2925,-9048,0,348,-788,-140,0
2023-10-18,41600,42500,40600,41050,211075,8664628750,-1.5588,6693,28852,-33341,-16746,290,105,-265,0,-16725,-2387,183,0
2023-10-19,40650,40750,38500,38650,497172,19215697800,-5.8465,205712,-82327,-124953,-23691,31,-53203,-11956,0,-33341,925,643,-2793
2023-10-20,38300,38900,37350,37500,258592,9697200000,-2.9754,21971,48379,-72718,-37499,-140,-43,-10755,0,-24837,2233,135,556
2023-10-23,37050,38000,37000,37450,203960,7638302000,-0.1333,-40264,26919,13696,11035,2609,181,-1327,0,1198,-576,225,0
2023-10-24,37900,38250,36750,38250,221128,8458146000,2.1362,2966,-10899,8233,5640,-194,6746,-42,0,-3917,-200,-100,0
2023-10-25,38150,38600,37800,38250,153231,5861085750,0.0,-4278,-8914,15201,9504,3331,-72,-199,2237,400,-2007,-2,0
2023-10-26,37900,37900,36850,37200,226572,8428478400,-2.7451,11561,-33123,21244,-3686,-7703,17689,-864,0,15809,234,84,-1
2023-10-27,37550,38700,37400,38000,179197,6809486000,2.1505,-42710,8726,34179,10458,4402,4186,15,0,15118,-1,-194,0
2023-10-30,37650,38450,37600,38350,113608,4356866800,0.9211,-20468,17835,5838,-1035,711,215,13,0,5934,-3201,-4,0
2023-10-31,38950,39350,38150,38600,136675,5275655000,0.6519,-19194,18734,991,10796,75,76,36,0,-9993,-280,-251,1
2023-11-01,38800,38900,38400,38800,112792,4376329600,0.5181,-12848,-8164,21375,1825,2545,-314,-632,0,17951,-323,-40,0
2023-11-02,39300,39350,37800,38450,259673,9984426850,-0.9021,57241,-64932,7121,3242,-15899,8354,-21,0,11445,239,331,0
2023-11-03,38800,41100,38800,41100,334766,13758882600,6.8921,-128999,58746,69770,539,37504,11763,-502,0,20466,-66,549,0
2023-11-06,42350,45450,42150,45450,474400,21561480000,10.5839,-140753,49926,91953,-1733,45501,5983,7995,395,33813,-412,-714,-1
2023-11-07,46000,46950,43050,44650,338146,15098218900,-1.7602,9504,18564,-24783,-3992,-6379,446,0,292,-14952,-2574,-711,-198
2023-11-08,45950,47350,45200,47200,403255,19033636000,5.7111,-157598,62604,98672,53546,30768,6601,1502,0,6255,-3684,6,0
2023-11-09,45900,48000,44550,46900,276891,12986187900,-0.6356,-71368,10506,63399,14497,13126,2239,-338,0,33875,-1058,-1479,0
2023-11-10,46200,47400,45700,47000,149876,7044172000,0.2132,-31431,22073,9673,8581,-79,3488,159,0,-2476,-65,-250,0
2023-11-13,47000,47400,45800,46750,124076,5800553000,-0.5319,-23783,29031,-7143,8258,-1334,-607,530,0,-13990,1836,59,0
2023-11-14,47200,48250,46850,48200,187832,9053502400,3.1016,-63530,40706,22381,7302,-3753,5173,-4704,0,18363,582,-139,0
2023-11-15,49550,52300,49550,52200,639952,33405494400,8.2988,-251688,199952,51173,-13831,6459,9952,786,0,47807,1251,-688,0
2023-11-16,51700,52600,50600,51100,220757,11280682700,-2.1073,-9820,80786,-69284,-9047,-29378,-5408,-12289,0,-13162,-1605,-77,0
2023-11-17,51300,51800,47700,47950,215733,10344397350,-6.1644,9231,42071,-52706,8895,-15812,-10066,-10970,0,-24753,1405,-1,0
2023-11-20,48050,51100,47750,50000,198918,9945900000,4.2753,-52756,53446,-282,-4211,-3077,4333,-5697,0,8370,-398,-10,0
2023-11-21,50200,52900,49650,52600,193375,10171525000,5.2,-77313,37841,39510,14023,-4856,29085,-3342,0,4601,258,-296,-1
2023-11-22,51700,53500,51100,52700,110455,5820978500,0.1901,-24080,8747,15515,9924,14462,-4130,631,0,-5372,-276,94,0
2023-11-23,52900,54700,52200,54300,198912,10800921600,3.0361,-66350,-925,69406,58061,-618,-1574,-3113,0,16650,-1375,-756,0
2023-11-24,54300,55700,53500,55500,184156,10220658000,2.2099,-52956,8108,45178,55683,-15033,-809,132,0,5205,-121,-209,0
2023-11-27,55700,57600,55600,57600,277710,15996096000,3.7838,-73259,31633,41997,84766,-57072,1218,253,0,12832,-375,4,0
2023-11-28,58100,59900,56900,59800,244817,14640056600,3.8194,-101767,33907,67938,51266,-11562,6083,3490,0,18661,111,-189,0
2023-11-29,59000,59800,57300,58900,222995,13134405500,-1.505,-17327,18518,6461,38440,-20722,4405,45,0,-15707,-7817,165,0
2023-11-30,58900,60000,57300,59400,485236,28823018400,0.8489,-31941,-16712,49359,26583,-3504,5593,-385,0,21072,-903,197,0
2023-12-01,58500,59800,57000,57100,124434,7105181400,-3.8721,5223,7392,-13280,27738,-17010,-315,-3592,0,-20101,612,53,0
2023-12-04,58300,58700,56900,57000,148989,8492373000,-0.1751,-12207,19006,-7115,19569,-448,7257,-779,0,-32714,544,-228,0
2023-12-05,56400,57500,55200,56300,143900,8101570000,-1.2281,-16921,7056,12025,31547,-1723,-87,-1958,0,-15754,-1969,-191,0
2023-12-06,56000,56300,54200,55600,131238,7296832800,-1.2433,-8076,-4532,10784,22650,-9985,-1425,-12062,0,11606,2035,-211,0
2023-12-07,55200,59400,55100,58800,222009,13054129200,5.7554,-41905,59193,-17418,10812,-4626,-4399,-3717,0,-15489,151,-21,1
2023-12-08,59200,59500,57600,59400,152981,9087071400,1.0204,-26912,-11168,38731,36068,-4540,288,-3808,160,10563,-636,-15,0
2023-12-11,59700,60200,57600,58600,127000,7442200000,-1.3468,-11728,37472,-25822,4590,-23547,3537,-9571,0,-831,19,59,0
2023-12-12,59400,59500,56500,56900,161366,9181725400,-2.901,991,5227,-5282,-7679,-33085,-3879,-9690,0,49051,-952,16,0
2023-12-13,56600,57100,55800,56100,88708,4976518800,-1.406,2857,11031,-12899,5205,-33034,134,-3161,0,17958,-996,7,-1
2023-12-14,58200,58200,53600,54700,851187,46559928900,-2.4955,12182,486068,-498220,-43399,-456865,-11136,-76432,685,89052,110,-140,-125
2023-12-15,55000,55300,52500,54400,220531,11996886400,-0.5484,-10547,13568,-3320,10067,-9727,-7931,-20398,0,24438,283,16,231
2023-12-18,54400,56500,54300,55000,115657,6361135000,1.1029,-7493,-4030,12217,29130,-10546,2451,-5966,0,-2851,-681,-13,-1
2023-12-19,54600,55600,54500,54900,51069,2803688100,-0.1818,-3294,50,2738,6572,-6398,1166,-410,0,1808,500,6,0
2023-12-20,55800,59600,55000,59400,249103,14796718200,8.1967,-92111,-48565,141167,9558,111981,-565,-234,0,20427,-290,-201,0
2023-12-21,58500,60500,57500,59400,194435,11549439000,0.0,-43297,-58700,102864,22892,69059,-194,-3845,0,14952,-774,-93,0
2023-12-22,59500,60100,55800,56100,143820,8068302000,-5.5556,12165,21459,-33723,-15281,-22456,-948,-13334,0,18296,168,-69,0
2023-12-26,56100,57500,55600,56700,139618,7916340600,1.0695,-20717,31557,-11849,-7546,-17558,2914,-5884,0,16225,1019,-10,0
2023-12-27,57900,57900,55800,57600,83088,4785868800,1.5873,-9365,-499,17822,9071,2915,458,-3353,0,8731,-2226,-5732,0
2023-12-28,58000,58100,56300,58100,87250,5069225000,0.8681,-6906,-6913,16135,7474,2039,-10282,-868,0,17664,-2324,8,108
2024-01-02,57200,58600,56600,58000,93555,5426190000,-0.1721,-7040,-2244,7899,-13038,251,13256,-742,0,8212,1044,341,-40
2024-01-03,57600,58600,56800,56900,98689,5615404100,-1.8966,4382,18035,-20940,-22465,5458,12212,3782,0,-19927,-1376,-101,0
2024-01-04,56700,56700,54200,55000,91023,5006265000,-3.3392,16183,9794,-31732,-12688,1155,-26,-5030,0,-15143,5948,-193,0
2024-01-05,54700,56400,54200,55500,51198,2841489000,0.9091,-6090,7669,-2710,-5948,139,115,1826,0,1158,1125,6,0
2024-01-08,56200,58400,55600,57800,87635,5065303000,4.1441,-31887,5382,30604,2422,5821,18251,-427,0,4537,-3925,-174,0
2024-01-09,59000,59300,57800,58400,72977,4261856800,1.0381,-23642,-5731,29528,15843,1513,882,463,0,10827,0,-155,0
2024-01-10,58300,59200,57800,58500,55563,3250435500,0.1712,-10543,-4754,15422,4425,912,7755,521,0,1809,-130,5,0
2024-01-11,59300,60200,58600,58900,116574,6866208600,0.6838,-30225,20494,12108,17440,6573,3596,3123,0,-18624,-1833,-544,0
2024-01-12,59000,59000,57600,58100,49846,2896052600,-1.3582,-3647,-8606,12149,1394,-66,8726,914,0,1181,-26,130,0
2024-01-15,58200,59000,57600,58000,43801,2540458000,-0.1721,-3426,-9197,12782,14708,-2615,-3627,2070,0,2246,-159,0,0
2024-01-16,57300,58300,56000,56000,67541,3782296000,-3.4483,10153,7348,-17506,1236,230,-16894,1757,0,-3835,-27,32,0
2024-01-17,56000,56900,54700,55000,68814,3784770000,-1.7857,-2787,-5268,4194,-2743,3040,133,3157,0,607,3889,-28,0
2024-01-18,55300,56800,54500,56000,75367,4220552000,1.8182,-3135,-13245,16390,10418,579,9678,7808,0,-12093,-10,0,0
2024-01-19,56000,57200,55700,55900,49307,2756261300,-0.1786,-1069,-9046,10082,10120,2267,-11,1237,0,-3531,-48,81,0
2024-01-22,56500,57600,55200,55500,73936,4103448000,-0.7156,-2277,-4598,8232,21035,-5770,-10340,3017,0,290,-1370,13,0
2024-01-23,56300,57400,55000,57100,115573,6599218300,2.8829,-12377,1278,10831,14621,156,-16810,2819,0,10045,-25,293,0
2024-01-24,58300,58300,56200,57200,63672,3642038400,0.1751,-2442,-6691,8537,11603,-584,95,425,0,-3002,-1,597,0
2024-01-25,57900,57900,54500,55400,88030,4876862000,-3.1469,20308,-26977,6449,16494,-5624,5277,-295,0,-9403,100,120,0
2024-01-26,54900,57000,54900,55700,50695,2823711500,0.5415,-19875,9063,10812,14988,-1628,-68,-55,0,-2425,0,0,0
2024-01-29,55700,62200,55700,58200,348355,20274261000,4.4883,-107293,53656,58649,45691,13866,-11256,1554,0,8794,-3759,-1253,0
2024-01-30,58200,62300,56400,61700,282700,17442590000,6.0137,-78538,-27120,105499,49627,4389,26042,1863,0,23577,-45,204,1
2024-01-31,61900,62000,57400,58300,179344,10455755200,-5.5105,51824,-44372,-8049,1381,-2763,8496,-429,0,-14734,350,247,0
2024-02-01,57000,58300,55900,56500,149517,8447710500,-3.0875,28088,-1480,-26637,13311,-863,-37187,-853,0,-1045,181,-152,0
2024-02-02,56600,61000,56600,60200,184870,11129174000,6.5487,-64214,23810,44542,26287,4362,6148,11648,0,-3902,-2971,-1167,-1
2024-02-05,59900,61200,58600,59800,99495,5949801000,-0.6645,19251,-4272,-14705,17756,-1578,-666,-879,0,-29338,2,-276,0
2024-02-06,60900,61500,59000,60400,125160,7559664000,1.0033,-10523,-13594,24141,37104,-468,-751,-1904,0,-9840,0,-24,0
2024-02-07,60800,61900,60300,61000,106010,6466610000,0.9934,-20113,-17348,38897,21538,1203,612,650,0,14894,-1529,93,0
2024-02-08,61700,63700,61200,62900,221675,13943357500,3.1148,-44058,14054,32410,18244,1908,735,79,0,11444,-2243,-163,0
2024-02-13,63700,65100,61900,62200,165485,10293167000,-1.1129,-16321,-5514,20172,11652,-5333,336,-1205,0,14721,1685,-22,1
2024-02-14,61100,63300,60500,62500,98828,6176750000,0.4823,-15472,2192,13121,22762,3077,1087,422,0,-14227,0,159,0
2024-02-15,63800,64400,63100,63500,90228,5729478000,1.6,-14050,7142,5486,16087,-2543,-594,-3210,0,-4254,1365,57,0
2024-02-16,64300,65000,63900,64700,93266,6034310200,1.8898,-23762,10955,12048,14155,-7672,2655,3660,0,-750,619,140,0
2024-02-19,65000,66200,64100,64600,89041,5752048600,-0.1546,-14378,3343,11005,13194,-197,-451,-155,-197,-1189,100,-70,0
2024-02-20,64300,64900,62500,62600,64550,4040830000,-3.096,-4727,3017,2057,10577,73,-167,-302,0,-8124,-191,-156,0
2024-02-21,63100,64600,62600,63500,41803,2654490500,1.4377,-3019,-5636,9395,10126,-2052,-147,94,0,1374,-603,-137,0
2024-02-22,64600,64600,62700,62800,48066,3018544800,-1.1024,-7245,-272,7595,12771,128,-182,191,0,-5313,0,-78,0
2024-02-23,63000,64400,62500,63000,49292,3105396000,0.3185,-14780,-77,14842,14093,-995,298,-374,-847,2667,0,15,0
2024-02-26,63500,65500,63100,65200,94745,6177374000,3.4921,-37412,12495,17609,14917,-1090,-34,802,0,3014,7321,-13,0
2024-02-27,64800,67000,64500,66800,130187,8696491600,2.454,-47807,28267,19059,19232,-3017,4818,-389,0,-1585,580,-99,0
2024-02-28,66900,67500,63900,65200,80237,5231452400,-2.3952,5160,-4088,7044,12028,-231,-324,-92,0,-4337,-8188,72,0
2024-02-29,64600,65900,59500,61700,251855,15539453500,-5.3681,29710,-32296,2658,46291,674,-10074,-8615,0,-25618,-87,15,0
2024-03-04,61700,62100,58800,59000,82683,4878297000,-4.376,22858,-13671,-9288,315,-5265,168,-1981,0,-2425,4,97,-100
2024-03-05,58400,59500,57600,57800,88229,5099636200,-2.0339,10533,17353,-28263,-4488,-14539,-1010,-438,0,-7788,173,204,0
2024-03-06,57700,58200,56300,57000,66662,3799734000,-1.3841,6763,-4896,-3939,-633,-633,-126,-359,0,-2188,1983,89,0
2024-03-07,57200,57700,56300,56600,44155,2499173000,-0.7018,3171,-1883,-1517,7373,-7283,-981,98,0,-724,200,29,0
2024-03-08,57200,58500,57200,57700,54207,3127743900,1.9435,-16527,-3107,19834,2290,956,178,814,0,15614,-201,1,-18
2024-03-11,57900,59700,57600,59200,58383,3456273600,2.5997,-12256,5426,7149,9457,-1709,169,343,0,-1111,2,-321,0
2024-03-12,59500,59800,58200,58900,36405,2144254500,-0.5068,-3627,-2231,5852,-2054,286,97,119,0,7404,0,6,0
2024-03-13,59400,60000,58700,59300,56666,3360293800,0.6791,-15949,-2717,18651,2181,1181,-93,-110,0,15492,0,15,0
2024-03-14,59800,61600,58600,60800,231418,14070214400,2.5295,-280,27474,-28296,10444,-53901,-1429,233,0,16319,0,1102,38
2024-03-15,60100,60200,57000,59100,249032,14717791200,-2.7961,38446,40902,-80135,-36454,-30992,-1019,-5094,0,-6576,146,641,0
2024-03-18,59200,60400,57900,60300,84249,5080214700,2.0305,-15639,23497,-7799,-2907,-2922,-118,-2654,0,802,0,-59,0
2024-03-19,59500,59700,56800,57500,100683,5789272500,-4.6434,45903,-6450,-39972,-1907,-26815,-1010,2,0,-10242,446,73,0
2024-03-20,57900,58800,57100,57300,47665,2731204500,-0.3478,5788,-1932,996,-1771,635,-139,8,0,2263,-2605,-2247,0
2024-03-21,57800,59200,57800,59000,71609,4224931000,2.9668,-29746,9179,20584,-588,23,320,5,0,20824,-14,-3,0
2024-03-22,58300,59500,58100,58700,54338,3189640600,-0.5085,6502,3787,-10083,-9998,-360,32,-396,0,639,-207,1,0
2024-03-25,59500,64300,58800,62700,195842,12279293400,6.8143,-53140,36385,19269,2548,7603,7048,1049,0,1021,-2097,-417,0
2024-03-26,62800,65900,62700,65200,174225,11359470000,3.9872,-66284,22434,45042,2513,18757,7413,2895,0,13465,400,-1592,-1
2024-03-27,65200,66200,63400,65000,103225,6709625000,-0.3067,-13875,-325,14747,4490,-137,106,-575,0,10863,-326,-221,0
2024-03-28,64300,65500,63000,63100,71688,4523512800,-2.9231,6885,3588,-12202,-4210,-791,113,716,0,-8030,1717,12,0
2024-03-29,63200,63800,61200,62100,76840,4771764000,-1.5848,-672,13382,-12701,278,-3921,-6704,77,0,-2431,-40,31,0
2024-04-01,62700,65600,62200,64000,99482,6366848000,3.0596,-33073,4170,28920,4915,1026,9930,6029,0,7019,4,-21,1
2024-04-02,63400,63400,61600,61600,78263,4821000800,-3.75,23008,3016,-27729,6122,-12546,-5891,-17,0,-15397,1648,57,0
2024-04-03,61600,61700,60200,60300,58664,3537439200,-2.1104,16862,7830,-24438,-6668,-1114,1593,-1400,0,-16849,-242,-12,0
2024-04-04,61200,61700,59500,59800,55592,3324401600,-0.8292,6667,7519,-14206,-2262,-6543,-75,-788,0,-4538,0,20,0
2024-04-05,59000,59400,57300,57700,113893,6571626100,-3.5117,51020,-3763,-47520,-35984,-3989,-422,-122,0,-7003,249,14,0
2024-04-08,57400,59400,57100,58500,61521,3598978500,1.3865,10113,-3606,-3094,1180,741,-81,-73,0,-4941,-3424,11,80
2024-04-09,58500,60700,58200,59400,72811,4324973400,1.5385,245,-3045,2809,3496,-8714,-154,-82,0,8263,0,-9,0
2024-04-11,58000,59100,56500,57000,149461,8519277000,-4.0404,44779,-2479,-40384,-23578,-2364,-1594,-3541,0,-9357,-1928,12,50
2024-04-12,57200,57900,56700,56800,75012,4260681600,-0.3509,23407,-3578,-20071,233,-176,-414,-209,0,-19505,50,192,0
2024-04-15,56600,56600,55500,55600,60131,3343283600,-2.1127,12602,21,-16717,-4858,-3,-2801,-2,0,-9053,4050,44,0
2024-04-16,54900,55400,53000,54900,91524,5024667600,-1.259,1026,1850,-2825,1145,-4610,-723,30,0,1293,0,-51,40
2024-04-17,55800,56900,54500,54500,71055,3872497500,-0.7286,15280,-5540,-9128,572,210,-1007,-3402,0,-5512,-750,138,11
2024-04-18,54700,57500,54700,56100,83932,4708585200,2.9358,10893,-15497,4323,8326,-6133,-349,-452,0,2931,225,56,0
2024-04-19,55100,57900,54300,57000,110663,6307791000,1.6043,11070,1102,-11964,-5470,-410,-842,641,0,-5883,-225,17,0
2024-04-22,57900,59100,57500,58600,62585,3667481000,2.807,853,-2938,2111,-1461,-21,79,-1384,0,4898,6,-32,0
2024-04-23,58000,58700,55500,55500,142359,7900924500,-5.2901,59557,-38558,-21184,-3676,-12672,-285,-5718,0,1378,9,176,-211
2024-04-24,56000,57900,55600,56900,133918,7619934200,2.5225,-4712,-5920,10825,145,8580,107,-4148,767,5374,-638,445,0
2024-04-25,55600,56000,52100,53100,373308,19822654800,-6.6784,94755,-24788,-69604,12270,-14910,-4518,-11539,0,-50907,-1060,697,0
2024-04-26,53200,54800,53100,53300,92805,4946506500,0.3766,-1918,11478,-9972,-8534,-1191,-2614,-386,0,2753,0,412,0
2024-04-29,54100,55700,53700,55500,115191,6393100500,4.1276,-44981,46929,-1586,4941,-1780,-2977,3360,-65,-5064,35,-397,-1
2024-04-30,55500,57000,55200,55900,114068,6376401200,0.7207,-8235,1009,6441,17387,-558,-901,-1031,0,-8456,0,785,0
2024-05-02,55900,58500,55300,57300,131070,7510311000,2.5045,-35465,24855,10222,-5118,16541,-546,0,0,-656,394,-6,1
2024-05-03,57300,58400,56400,56600,90837,5141374200,-1.2216,21707,2805,-24257,-7605,-15581,36,-3200,1519,574,-414,159,0
2024-05-07,57400,58500,57200,58000,145007,8410406000,2.4735,-12993,13668,-453,-2035,-222,13,-94,0,1885,1,-223,0
2024-05-08,59500,62600,58700,60700,422968,25674157600,4.6552,-29945,60554,-28482,-24868,-2624,3589,-6068,-1494,2983,-1879,-248,0
2024-05-09,65900,65900,61100,64800,928384,60159283200,6.7545,-17989,-62453,78108,6707,-17746,62055,1150,0,25942,3585,-1251,0
2024-05-10,68500,72400,66500,69400,1732775,120254585000,7.0988,-81911,203174,-119326,-1598,-2443,-68302,10821,0,-57804,-1276,-661,0
2024-05-13,69100,69200,65000,65100,490495,31931224500,-6.196,118014,-52690,-68782,-3420,-6571,-42141,-2359,0,-14291,3519,-61,0
2024-05-14,64900,66200,62400,62900,350594,22052362600,-3.3794,45241,-2669,-51564,-7396,-12800,-13761,-4509,0,-13098,8754,238,0
2024-05-16,63300,64400,62700,63700,197210,12562277000,1.2719,-15891,11558,5772,-12720,8090,-26,172,0,10256,-1450,11,0
2024-05-17,64400,67500,64300,65700,401296,26365147200,3.1397,-29943,-5077,34821,12546,15798,22772,1758,0,-18052,155,44,-1
2024-05-20,65400,67300,63900,66000,205427,13558182000,0.4566,2144,6641,-9271,-13395,1997,714,639,0,773,400,86,1
2024-05-21,66100,68200,65200,66200,218229,14446759800,0.303,-17031,20575,-5835,-10194,2389,-614,-21,0,2606,2202,89,-1
2024-05-22,66800,67600,65000,65700,170782,11220377400,-0.7553,3443,24273,-24505,-13258,-1542,-3608,-3496,0,-2602,-3350,139,1
2024-05-23,65100,65700,63900,64500,150739,9722665500,-1.8265,12788,37068,-49669,-8552,-23039,-395,-2624,0,-15059,-161,-26,0
2024-05-24,63600,65000,63300,64400,108133,6963765200,-0.155,-8801,28196,-19473,-1983,-482,-924,-1973,700,-14811,0,78,0
2024-05-27,65000,66900,64900,66600,196554,13090496400,3.4161,-26127,24642,1353,2626,-1795,-2053,1748,0,828,30,102,-1
2024-05-28,66600,66800,63900,64400,173785,11191754000,-3.3033,31316,-4082,-29669,-16963,-7088,-512,-3301,0,-1805,2084,351,0
2024-05-29,65000,66500,64700,66000,191671,12650286000,2.4845,20815,-7302,-2355,456,-361,-869,-57,0,-1524,-11275,117,0
2024-05-30,64200,64200,59500,60200,382597,23032339400,-8.7879,76106,-22958,-53117,-7222,-19268,-14743,-6733,0,-5150,-397,366,-1
2024-05-31,60000,62400,59300,60200,334188,20118117600,0.0,-55532,72791,-13420,-4630,-26509,-218,-3958,0,21895,-3974,135,0
2024-06-03,60200,61300,59200,60500,143420,8676910000,0.4983,-2089,14778,-12118,-3664,-12923,225,3749,0,495,-467,-104,0
2024-06-04,59800,62000,59600,61200,123483,7557159600,1.157,-15254,37907,-22657,-11187,-1998,-8,-5049,74,-4490,33,-29,1
2024-06-05,61800,62700,61000,61200,98539,6030586800,0.0,-5731,31175,-25460,-18187,54,-143,-1797,0,-5387,11,5,0
2024-06-07,62000,63300,60900,61300,104746,6420929800,0.1634,-8898,23405,-14515,-14626,42,2,-187,0,254,0,8,0
2024-06-10,60600,60700,57100,57700,229436,13238457200,-5.8728,66495,-56713,-6825,-1273,-3098,1971,-395,0,-4030,-3276,319,0
2024-06-11,57800,58300,55800,56100,198984,11163002400,-2.773,38835,1713,-41848,-11077,-23678,-14366,-2332,0,9605,1203,97,0
2024-06-12,56000,58000,55700,57400,139424,8002937600,2.3173,-18310,-4908,24367,-10998,6008,15210,2003,0,12144,-897,-252,0
2024-06-13,57500,58700,57200,58000,256604,14883032000,1.0453,-15494,-34358,49390,10675,24232,10945,14430,0,-10873,445,17,-19
2024-06-14,57400,57400,55400,55900,315170,17618003000,-3.6207,77232,9061,-85917,-20062,-21980,-5301,-4584,-814,-33176,-413,37,0
2024-06-17,55500,57100,55500,56000,121087,6780872000,0.1789,-5499,42099,-34900,-24979,6406,-3017,-3596,0,-9714,11,-1711,0
2024-06-18,56400,56600,54400,55400,160569,8895522600,-1.0714,19293,30979,-50850,-20743,587,-5595,-14639,-20,-10396,131,447,-44
2024-06-19,55700,55700,53600,54500,229488,12507096000,-1.6245,69368,60610,-127445,-32788,-64928,-36775,-842,0,7888,-2526,-7,0
2024-06-20,54400,54700,53700,53900,113438,6114308200,-1.1009,31749,6440,-38256,-33237,-2072,-145,-4625,0,1823,-73,140,0
2024-06-21,53900,54900,53400,53700,193003,10364261100,-0.3711,1837,19682,-24725,-15053,-2870,-1234,-3402,-114,-2052,2996,210,0
2024-06-24,53800,54500,52400,52800,119371,6302788800,-1.676,23721,21719,-45495,-19004,-6248,-10175,-3355,0,-6679,0,55,-34
2024-06-25,53300,54800,52800,54300,176227,9569126100,2.8409,-22486,30611,-8281,-14020,886,221,-431,0,5063,155,1,0
2024-06-26,54300,55900,53500,55400,184249,10207394600,2.0258,-12634,51649,-38885,-13788,717,-1201,160,0,-24773,-66,-64,0
2024-06-27,54800,54800,52500,52900,157964,8356295600,-4.5126,67165,-30847,-36841,-1595,-9266,-7529,-1974,0,-16477,473,50,0
2024-06-28,52900,53800,52500,53700,69209,3716523300,1.5123,-16032,20293,-4207,-15277,-938,7757,-42,0,4293,50,-104,0
2024-07-01,55200,56300,54700,55000,151925,8355875000,2.4209,-14862,6177,8894,-5413,8621,-16,2034,0,3668,-102,-107,0
2024-07-02,54500,56000,53700,55200,143489,7920592800,0.3636,-24115,-12309,36350,1450,9578,-530,65,290,25497,54,20,0
2024-07-03,56200,58200,55900,56400,215287,12142186800,2.1739,-27839,13697,13174,-5806,8542,489,2064,0,7885,878,90,0
2024-07-04,56500,56500,54600,55200,118879,6562120800,-2.1277,26197,-20593,-6156,-13379,-1177,311,-1906,0,9995,608,-56,0
2024-07-05,55700,57400,55200,56400,153732,8670484800,2.1739,-55649,31581,24542,-14640,2920,2527,-361,-588,34684,-503,29,0
2024-07-08,56100,56700,54900,55700,116681,6499131700,-1.2411,11380,16910,-28259,-16883,-3644,5138,-220,0,-12650,-35,4,0
2024-07-09,55700,57700,55700,56800,133535,7584788000,1.9749,-13485,24931,-11664,-15313,8355,-8540,3784,0,50,-110,328,0
2024-07-10,56800,59100,56200,58200,4456433,259364400600,2.4648,-15755,15403,4298039,-14533,2824,-380,63,0,4310065,-4297777,90,0
2024-07-11,58300,61700,56600,61300,561190,34400947000,5.3265,-47789,-44827,85404,-12604,30026,20877,14199,0,32906,7510,-298,0
2024-07-12,60800,64100,60800,63300,373136,23619508800,3.2626,-137557,81418,53968,-23259,35033,15208,7439,0,19547,2496,-325,0
2024-07-15,63500,63600,61900,62400,150208,9372979200,-1.4218,-38225,11692,32664,-4794,-799,3,4393,0,33861,-6106,-25,0
2024-07-16,62300,63300,60000,61000,134367,8196387000,-2.2436,-10532,37333,-22899,-11613,-14053,-51,46,0,2772,-3992,90,0
2024-07-17,61300,61800,60100,60600,147776,8955225600,-0.6557,-24726,35635,-9596,-17249,-5396,-9084,3466,0,18667,-1192,-121,0
2024-07-18,60200,60400,58800,60400,89353,5396921200,-0.33,-2109,3826,-1238,845,1674,-334,73,0,-3496,-290,-189,0
2024-07-19,59700,60700,59300,60100,60908,3660570800,-0.4967,4731,10755,-16962,-7111,-2616,356,511,0,-8102,1466,10,0
2024-07-22,60500,62000,60100,61400,108491,6661347400,2.1631,-3761,12792,-7541,-7715,1130,286,101,0,-1343,-1500,10,0
2024-07-23,61400,62000,57800,58400,232850,13598440000,-4.886,89473,-70087,-21594,-7316,1248,5601,465,0,-21592,2243,-35,0
2024-07-24,57500,62800,57100,62700,218222,13682519400,7.363,-95214,38018,63626,1495,-4596,611,6588,0,59528,-5227,-1203,0
2024-07-25,62500,64400,61000,63500,264700,16808450000,1.2759,-92915,38836,54408,2632,46458,3386,10593,0,-8660,-543,214,-1
2024-07-26,64100,64100,61600,62200,100575,6255765000,-2.0472,7608,-20220,13149,13877,-65,-751,1125,0,-1037,-401,-136,0
2024-07-29,62500,63700,60400,63100,121992,7697695200,1.4469,7617,-16984,6547,12355,-1453,65,-1,0,-4419,2729,91,0
2024-07-30,62200,64300,61700,62200,108366,6740365200,-1.4263,4203,4415,-10374,-6382,639,647,-82,0,-5196,1722,34,0
2024-07-31,62600,65100,61400,63300,211349,13378391700,1.7685,-30904,37447,-6979,-10257,2554,-6539,5749,0,1513,200,236,1
2024-08-01,62600,64900,62000,63300,113520,7185816000,0.0,10985,7739,-18633,-6734,-2046,67,-1816,0,-8104,43,-134,0
2024-08-02,62700,65000,62100,64600,199927,12915284200,2.0537,-68619,-7320,77709,47154,13218,-968,5997,0,12308,-1669,-101,0
2024-08-05,64600,64600,58900,60500,285951,17300035500,-6.3467,-11209,-43833,52626,76798,4933,578,397,-952,-29128,1784,632,0
2024-08-06,62200,65000,60500,63400,276396,17523506400,4.7934,-111183,31948,79542,24258,29142,18220,1245,0,6677,-33,-274,0
2024-08-07,62900,66000,62700,65500,229320,15020460000,3.3123,-60012,30870,29915,16008,575,4516,238,0,8578,-220,-553,0
2024-08-08,65500,69400,63800,69400,497418,34520809200,5.9542,-105727,46244,56466,29844,30345,2111,14534,466,-21846,5114,-2097,1012
2024-08-09,72000,72100,61500,61900,1045055,64688904500,-10.8069,375152,-104135,-270468,-60702,-49800,-32777,-6959,-2237,-117454,-1753,1204,-539
2024-08-12,61900,63100,60500,62300,266870,16626001000,0.6462,-19326,28273,-10165,-12387,-7400,1628,-144,0,8610,1297,-79,-472
2024-08-13,62200,63700,61500,62600,236179,14784805400,0.4815,-45547,62203,-16265,-16048,80,412,1260,0,-1969,-137,-254,0
2024-08-14,62800,63600,61500,63200,192545,12168844000,0.9585,-65637,81293,-15268,3613,-1751,-182,76,0,-17023,80,-468,-1
2024-08-16,63700,64200,58000,58000,528525,30654450000,-8.2278,251194,-5301,-240764,-174917,-28208,-5301,-1739,0,-30600,-4843,-286,1
2024-08-19,58000,58600,56900,57100,204456,11674437600,-1.5517,-6932,61734,-54638,-17957,-12747,-1260,-20450,0,-2224,-726,562,0
2024-08-20,57500,57900,56900,57500,111408,6405960000,0.7005,-19008,15694,3948,2475,899,169,-122,0,527,-640,6,0
2024-08-21,57800,59300,57400,59200,167402,9910198400,2.9565,-73811,38377,30652,-704,3434,3920,-92,0,24094,4940,-158,0
2024-08-22,59000,60200,58900,60200,143327,8628285400,1.6892,-60044,32861,26937,7029,6011,2383,3834,0,7681,-10,256,-1
2024-08-23,60000,60800,59500,60400,98361,5941004400,0.3322,-43605,15617,27291,6906,1872,1626,3868,0,13019,-1441,2138,0
2024-08-26,60000,62200,59900,61500,179477,11037835500,1.8212,-79440,52533,27502,8668,-4087,-143,-1015,6500,17579,-114,-481,0
2024-08-27,61500,61900,60100,61600,84242,5189307200,0.1626,-4369,3774,736,5686,-8758,200,-581,0,2188,-15,-126,2001
2024-08-28,61600,62100,60200,60900,79372,4833754800,-1.1364,-9252,16670,-5553,-5797,0,1081,29,0,-866,-1877,12,0
2024-08-29,60500,61400,59600,61300,132205,8104166500,0.6568,-17214,37154,-19897,-11430,-19680,-675,-1613,0,13501,-38,-5,0
2024-08-30,61900,62600,60400,60900,349212,21267010800,-0.6525,-25293,22713,1918,519,5678,0,-771,0,-3508,612,50,0
2024-09-02,60600,60700,57600,58200,115745,6736359000,-4.4335,28358,-10741,-17661,8637,-4594,67,-21,0,-21749,0,44,-1
2024-09-03,59300,60100,58400,59000,92950,5484050000,1.3746,-18087,20730,-2377,-7074,1006,425,1213,225,1828,-322,56,0
2024-09-04,57300,58900,56600,57000,126346,7201722000,-3.3898,18500,1881,-22393,-9925,1830,-701,477,0,-14075,2015,-3,1
2024-09-05,57000,59300,57000,58500,94648,5536908000,2.6316,-38901,28631,10398,-2952,555,-208,1184,0,11820,1,-129,-1
2024-09-06,58600,59700,56700,57000,89087,5077959000,-2.5641,2860,9929,-12922,-645,-319,-217,11,0,-11752,110,23,0
2024-09-09,55700,57500,55000,57500,58430,3359725000,0.8772,-4455,6807,-1705,-8825,342,1787,92,0,4899,-607,-40,0
2024-09-10,57800,58500,56000,56400,67814,3824709600,-1.913,6068,3091,-9217,-4040,-7,182,47,0,-5399,52,6,0
2024-09-11,56300,59500,56300,58800,123255,7247394000,4.2553,-56950,32103,25344,819,1799,979,3946,0,17801,-71,-426,0
2024-09-12,58500,61700,58500,61700,204225,12600682500,4.932,-60723,4689,58322,-2858,-4437,779,2916,0,61922,-2007,-281,0
2024-09-13,61000,61000,59200,60700,79307,4813934900,-1.6207,10853,-3616,-7107,-788,3218,374,220,0,-10131,72,-202,0
2024-09-19,61300,61400,60000,61000,101886,6215046000,0.4942,-13622,6929,6714,-7650,326,-47,0,0,14085,-21,0,0
2024-09-20,61100,61300,58300,58600,201096,11784225600,-3.9344,56341,-23361,-32979,-4639,-11770,842,-9017,0,-8395,1,-2,0
2024-09-23,58900,59100,57300,58300,77583,4523088900,-0.5119,1995,5815,-7815,-9668,2778,0,767,0,-1693,0,5,1
2024-09-24,58600,59700,58300,59700,75698,4519170600,2.4014,-21511,14940,6563,-1908,2834,107,-4166,0,9696,10,-2,0
2024-09-25,60200,61700,59700,60500,140191,8481555500,1.34,-70456,31315,38795,-3795,551,273,0,0,44766,321,25,-3000
2024-09-26,60800,61300,59600,60900,77068,4693441200,0.6612,8501,3277,-11817,-12184,766,52,-42,0,-409,20,19,0
2024-09-27,61000,62300,59300,61500,121665,7482397500,0.9852,-8881,15964,-7027,-3602,-760,-117,96,0,-2644,-20,-36,0
2024-09-30,62200,63500,59500,59500,132663,7893448500,-3.252,418,-7337,-16729,-13671,604,559,10,0,-4231,23638,10,0
2024-10-02,59200,59900,58000,58600,130346,7638275600,-1.5126,1964,26038,-15647,-4913,-201,-20,0,0,-10513,-12385,30,0
2024-10-04,59000,60500,57800,59500,105751,6292184500,1.5358,-24246,23199,14664,7156,-5595,0,-1034,0,14137,-13615,-2,0
2024-10-07,60000,61100,59100,59800,89935,5378113000,0.5042,-8159,9663,1162,-13539,-19,-188,13,-1622,16517,-2657,-9,0
2024-10-08,59700,62500,58700,61300,151684,9298229200,2.5084,-6232,14934,-8165,966,-211,-503,1,0,-8418,-627,90,0
2024-10-10,62300,62400,59200,59800,169274,10122585200,-2.447,18088,11506,-29190,-4946,3158,-305,1312,0,-28409,-275,-129,0
2024-10-11,59900,61400,59200,59400,67588,4014727200,-0.6689,5282,4954,-10254,-8746,-3918,578,-1108,0,2941,-30,48,-1
2024-10-14,59100,59600,57800,58300,88296,5147656800,-1.8519,21987,-10336,-11851,-2864,661,-2661,-5395,0,-1592,-7,207,0
2024-10-15,58300,59300,57800,59000,70144,4138496000,1.2007,-10445,13260,-2719,-9508,443,35,-37,0,6347,-97,1,1
2024-10-16,58500,59200,58100,59000,67896,4005864000,0.0,2234,3425,-5659,-11688,11,-170,-83,0,6271,0,0,0
2024-10-17,59300,59300,58100,58500,61370,3590145000,-0.8475,5750,10101,-15855,-18943,-19,0,-54,0,3161,-10,14,0
2024-10-18,58800,59400,55600,56000,145875,8169000000,-4.2735,60345,-28555,-31759,-12992,-86,-2,-175,-6500,-12004,-211,180,0
2024-10-21,56500,60600,56500,59500,186426,11092347000,6.25,-111227,93047,18640,-13969,19087,81,-803,0,14245,-184,-276,-1
2024-10-22,59300,59800,57000,57800,111960,6471288000,-2.8571,34036,-6690,-27308,-10538,-933,-414,1026,0,-16448,-255,217,-1
2024-10-23,58200,58700,55200,56300,119902,6750482600,-2.5952,66005,-39605,-27381,-12959,-333,50,-358,0,-13781,556,425,0
2024-10-24,56100,56700,55500,56200,60586,3404933200,-0.1776,4640,7590,-12331,-9194,1671,-778,347,0,-4377,58,43,0
2024-10-25,56300,57000,55500,56000,67886,3801616000,-0.3559,2537,9196,-11394,-8965,3778,0,802,0,-7010,-333,-6,1
2024-10-28,56200,57800,55900,57500,87538,5033435000,2.6786,-28266,9463,18819,-461,-173,9150,1206,0,9097,0,-16,0
2024-10-29,57500,57600,56500,57400,89324,5127197600,-0.1739,5218,21465,-26265,-8577,-19061,0,81,0,1292,-418,0,0
2024-10-30,57500,58200,57200,57300,59913,3433014900,-0.1742,-8060,17007,-8939,-10666,96,113,28,0,5490,-9,1,-4000
2024-10-31,56600,58000,55900,58000,108237,6277746000,1.2216,-4560,22008,-17110,-15190,-33,-988,438,0,-1337,-150,-188,0
2024-11-01,57600,57700,55300,55500,152060,8439330000,-4.3103,62383,-14547,-47925,-10927,134,-35,273,0,-37370,-48,137,0
2024-11-04,55800,56600,55500,56200,60208,3383689600,1.2613,-6246,19552,-13301,-5432,371,91,141,0,-8472,0,-5,0
2024-11-05,55800,57700,55000,56600,132625,7506575000,0.7117,-9083,36588,-27645,-2865,-6461,-18267,-74,0,22,105,35,0
2024-11-06,56800,57200,54800,55500,103448,5741364000,-1.9435,33199,-2186,-31423,-9049,462,-569,-164,0,-22103,310,100,0
2024-11-07,55000,55300,53600,54200,56108,3041053600,-2.3423,11419,-9627,-2521,472,-134,-323,-219,0,-2317,421,308,0
2024-11-08,55100,55700,53100,53400,91152,4867516800,-1.476,27800,-14212,-14094,-9971,-490,-195,-1194,0,-2245,91,415,1
2024-11-11,53100,53100,50500,50600,110112,5571667200,-5.2434,-66,20078,-19950,-16310,-583,-693,-3628,0,1264,-67,5,0
2024-11-12,49950,51800,49200,50400,96475,4862340000,-0.3953,-22841,9793,13672,1919,-2460,-327,-1,0,14541,-579,-45,0
2024-11-13,50000,51000,49200,49600,80755,4005448000,-1.5873,-14041,8392,5911,4091,-833,-3059,80,0,5632,90,-352,0
2024-11-14,50100,51500,47950,48250,134751,6501735750,-2.7218,6674,18134,-24774,-10564,-997,-945,-1695,0,-10573,11,-45,0
2024-11-15,48250,48300,46100,46850,122833,5754726050,-2.9016,2329,26363,-27503,-5270,-3992,-5650,-1055,0,-11537,-1476,287,1
2024-11-18,46500,48950,46500,47900,80742,3867541800,2.2412,-5165,9660,-4405,2414,1082,-746,-1,0,-7154,-4,-86,0
2024-11-19,47750,50400,47750,49450,121086,5987702700,3.2359,-8325,-2098,10367,1767,39059,-716,1607,0,-31350,-74,130,0
2024-11-20,49150,50800,49100,49950,61588,3076320600,1.0111,-4911,1742,3171,12272,9197,-5485,964,0,-13777,-43,41,0
2024-11-21,50800,50900,49600,49600,41390,2052944000,-0.7007,4465,-6521,2047,9823,-319,-379,-1133,0,-5945,9,0,0
2024-11-22,49500,50400,49200,49750,49775,2476306250,0.3024,2070,-2142,59,-7843,-1747,-1369,-2361,0,13379,15,-2,0
2024-11-25,50000,53400,50000,53400,131952,7046236800,7.3367,-38129,41581,-3280,321,-2556,43,-1025,0,-63,-170,-2,0
2024-11-26,52100,52100,49050,50100,125402,6282640200,-6.1798,29888,-30383,509,15046,-5532,-2664,667,0,-7008,16,-30,0
2024-11-27,50600,52800,50300,51400,96622,4966370800,2.5948,-23792,15760,8091,13676,5519,-7704,672,0,-4072,60,-119,0
2024-11-28,51300,52200,50500,51700,58137,3005682900,0.5837,-9231,1941,6828,9876,-5245,56,821,0,1320,450,12,0
2024-11-29,51700,54000,50000,53000,147659,7825927000,2.5145,-34135,-18115,52200,40486,-2387,-3853,16048,0,1906,60,-10,0
2024-12-02,53800,57700,53600,56400,253662,14306536800,6.4151,-99114,25558,73171,23155,21508,3938,7828,0,16743,196,189,-1
2024-12-03,57000,57700,55200,57200,102584,5867804800,1.4184,-26356,18504,7843,4227,1732,-2726,-554,0,5164,123,-114,0
2024-12-04,56000,57500,55700,56600,89260,5052116000,-1.049,-22181,5843,16562,11295,5069,-332,7111,0,-6581,-8,-216,0
2024-12-05,56500,56800,53700,55200,102921,5681239200,-2.4735,3547,-8319,5144,21052,-1418,-9459,-1116,0,-3915,-276,-96,0
2024-12-06,55500,56900,54800,56100,114055,6398485500,1.6304,-29084,-16094,45881,16988,7785,223,10346,0,10539,-520,-183,0
2024-12-09,55400,55400,52600,53400,120379,6428238600,-4.8128,-27305,-2101,31636,14720,1084,5918,866,0,9048,-1440,-790,0
2024-12-10,53900,54700,53300,54500,70967,3867701500,2.0599,-3949,-18321,22270,1952,-3818,1278,895,0,21963,0,0,0
2024-12-11,54400,55300,54000,55100,55974,3084167400,1.1009,-6527,-4879,11206,1981,-952,1490,381,0,8306,-1,201,0
2024-12-12,55500,57300,55200,56900,188338,10716432200,3.2668,-20748,-11877,33278,12637,7876,8229,6413,0,-1877,-649,-4,0
2024-12-13,56400,58600,56200,58000,122705,7116890000,1.9332,-3358,-368,3539,7909,21590,-4507,3381,0,-24834,370,-183,0
2024-12-16,57700,57700,55300,56100,84567,4744208700,-3.2759,14555,-16428,2005,8351,7096,-1697,1219,0,-12964,-150,18,0
2024-12-17,56300,56300,55200,55600,66145,3677662000,-0.8913,-211,-8359,8563,7661,9343,13,-573,0,-7882,0,7,1
2024-12-18,55500,57400,55200,56900,60477,3441141300,2.3381,-21020,-6035,27127,3070,9801,645,0,0,13611,-72,0,0
2024-12-19,55500,55700,53300,53600,142550,7640680000,-5.7996,57580,-23505,-34358,-21385,11491,305,-1058,0,-23711,320,-37,0
2024-12-20,53200,54500,52900,52900,99454,5261116600,-1.306,-47,-19562,19665,-3376,8296,-560,2511,0,12794,-60,4,0
2024-12-23,53400,53800,51900,52900,99804,5279631600,0.0,5132,-30292,25583,-5157,8003,-1058,48,0,23747,-176,-247,0
2024-12-24,53000,54700,52500,53000,61577,3263581000,0.189,-15954,5759,10210,11280,1958,142,38,0,-3208,102,-117,0
2024-12-26,53200,54800,52100,52300,80957,4234051100,-1.3208,17851,-9012,-8276,-5224,4257,30,2725,0,-10064,-563,0,0
2024-12-27,52600,53000,50900,51400,63262,3251666800,-1.7208,-1924,5117,-3242,6531,3807,-323,-857,0,-12400,2,47,0
2024-12-30,51800,52800,51000,51700,75267,3891303900,0.5837,-3516,-10792,14413,7303,5773,-124,6960,0,-5499,-100,-5,0
2025-01-02,51700,51900,50200,50600,56943,2881315800,-2.1277,11924,-6105,-5850,3844,-6617,154,-2318,0,-913,27,4,0
2025-01-03,50600,53400,50600,52500,89641,4706152500,3.7549,-17347,731,16736,-12155,5013,2547,40,0,21291,1,-121,0
2025-01-06,52100,53000,51700,52700,65036,3427397200,0.381,-4154,-3950,7688,-12727,3279,12,23,0,17101,0,416,0
2025-01-07,52700,53700,52300,52600,54412,2862071200,-0.1898,-1261,1001,694,-5810,1220,205,-280,0,5359,0,-434,0
2025-01-08,52100,53500,52100,52700,63331,3337543700,0.1901,-3065,-5297,8373,2621,608,-73,-3,0,5220,-11,0,0
2025-01-09,52200,53000,51900,52300,96285,5035705500,-0.759,7416,-3254,-4153,3661,-781,-2469,1118,0,-5682,0,-9,0
2025-01-10,52100,53100,51800,51800,70425,3648015000,-0.956,5163,10340,-15505,-145,-616,-2352,-22,0,-12370,0,2,0
2025-01-13,51600,52100,49850,50000,89471,4473550000,-3.4749,34960,-11951,-23340,-14723,-1314,-2095,261,0,-5469,111,220,0
2025-01-14,50300,50300,48700,49900,74781,3731571900,-0.2,15059,-1988,-13093,-6886,684,-440,-6081,0,-370,0,22,0
2025-01-15,49900,50500,47350,47700,182310,8696187000,-4.4088,83320,-20682,-63227,-30100,-5475,-5373,-17766,0,-4513,653,-64,0
2025-01-16,48100,48950,47900,48650,89491,4353737150,1.9916,-11384,22598,-11253,-9650,147,-2927,-474,0,1651,37,2,0
2025-01-17,48400,48950,46800,47000,140533,6605051000,-3.3916,73055,7558,-80847,-16124,-3775,-1614,-2714,0,-56620,145,89,0
2025-01-20,47050,47550,46500,46950,75457,3542706150,-0.1064,14140,20115,-34360,-8822,-395,49,114,0,-25306,0,105,0
2025-01-21,47100,48100,46200,46350,135041,6259150350,-1.278,41575,30570,-72357,-26124,-13312,-160,72,0,-32833,160,52,0
2025-01-22,46650,47000,45200,45850,182682,8375969700,-1.0787,53484,25907,-80493,-6442,-25838,-6853,-7777,0,-33583,1102,0,0
2025-01-23,46000,46050,43850,44000,223448,9831712000,-4.0349,67226,38063,-107745,-26944,-40749,-4340,-12749,0,-22964,1911,545,1
2025-01-24,44100,44300,43400,43550,132991,5791758050,-1.0227,36555,18279,-55005,-21620,-4609,-7966,-12979,0,-7831,30,141,0
2025-01-31,44400,44600,43600,44300,88819,3934681700,1.7222,-16487,22193,-5734,-802,-1441,-1063,-10,0,-2418,27,1,0
2025-02-03,43650,43850,42350,43500,152883,6650410500,-1.8059,19556,28726,-48266,-32261,-5950,-2617,5,0,-7443,20,-36,0
2025-02-04,43700,44500,43700,44500,138815,6177267500,2.2989,-15002,27759,-13217,-6198,-2046,98,-15,0,-5056,400,60,0
2025-02-05,44400,45700,44350,45000,99483,4476735000,1.1236,-4474,5437,-683,465,-2062,-274,-3,0,1192,-426,146,-1
2025-02-06,45450,45650,44900,45550,73923,3367192650,1.2222,-4161,6647,-3325,-2432,866,-314,134,0,-1579,838,1,0
2025-02-07,45200,45500,44500,44500,68092,3030094000,-2.3052,22168,-4515,-18008,-2889,-612,-2869,-4971,0,-6667,314,41,0
2025-02-10,44500,45850,44500,45450,100326,4559816700,2.1348,-19924,5614,15012,9946,232,7392,-2246,0,-312,-722,20,0
2025-02-11,45400,46400,45200,46100,90854,4188369400,1.4301,-10562,11218,-926,361,1877,-1803,-481,0,-880,-93,363,0
2025-02-12,46400,46450,44950,46050,109181,5027785050,-0.1085,-14197,-1201,15360,8944,2479,5499,-6140,0,4578,2,36,0
2025-02-13,46450,46750,45000,46750,185253,8660577750,1.5201,9392,-55188,45708,-4793,10979,13650,6076,0,19796,120,-32,0
2025-02-14,47700,48000,45650,46250,169083,7820088750,-1.0695,7003,-32305,25710,32219,10875,-16151,-252,0,-981,-14,-394,0
2025-02-17,46450,46450,45450,45550,84338,3841595900,-1.5135,20889,-3725,-17074,-15662,-445,-125,-180,0,-662,110,-200,0
2025-02-18,45500,46200,45000,46150,68544,3163305600,1.3172,-17812,20665,-3060,-1679,218,591,345,0,-2535,234,-27,0
2025-02-19,45750,47150,45750,46700,73806,3446740200,1.1918,-30828,17175,13626,9619,-203,-1,192,0,4019,-11,38,0
2025-02-20,47850,48100,47100,47300,113128,5350954400,1.2848,940,-1807,1150,1825,160,-373,-6319,0,5857,-356,73,0
2025-02-21,47300,47550,46800,46900,52912,2481572800,-0.8457,3547,-3111,-196,-3154,24,-573,50,0,3457,-22,-218,0
2025-02-24,46700,47200,46250,46500,68086,3165999000,-0.8529,4262,-3392,-814,2220,-6,-142,50,0,-2936,0,-56,0
2025-02-25,46050,46450,44700,44750,174315,7800596250,-3.7634,77159,-62268,-15002,-1571,-1227,-11156,239,0,-1287,20,91,0
2025-02-26,44750,45700,44600,45200,125066,5652983200,1.0056,-6231,20216,-13999,-5839,81,-94,-15,0,-8133,0,14,1
2025-02-27,45200,45650,44050,44350,231955,10287204250,-1.8805,79249,-20498,-58837,-22895,-12521,-1465,-5515,0,-16441,23,63,0
2025-02-28,43800,43900,40250,40250,3242896,130526564000,-9.2446,439960,-595542,149879,47286,-54812,2161,974,0,154270,5119,584,0
2025-03-04,40100,40900,39750,40050,458786,18374379300,-0.4969,41930,-89361,50748,11482,-4617,-276,234,0,43925,-3796,479,0
2025-03-05,40350,41250,40050,40700,268288,10919321600,1.623,-11883,-8389,19924,-6161,-559,306,205,0,26133,289,59,0
2025-03-06,40850,42150,40650,41550,214261,8902544550,2.0885,-32021,16769,14978,-10039,5777,-195,2207,0,17228,8,266,0
2025-03-07,41200,41550,40800,41000,146438,6003958000,-1.3237,40082,-37378,-2390,-7132,3717,-22,92,0,955,-404,90,0
2025-03-10,41000,42150,40550,41150,154640,6363436000,0.3659,5216,-14891,9778,-5333,3210,-378,-2,0,12281,-190,87,0
2025-03-11,40000,40550,39800,40100,189695,7606769500,-2.5516,36499,-32513,-4007,1686,-97,2545,211,0,-8352,0,21,0
2025-03-12,39950,40400,38450,39250,278726,10939995500,-2.1197,50224,-35919,-15512,-8610,-671,-213,52,0,-6070,981,226,0
2025-03-13,39500,40950,39200,40400,462722,18693968800,2.9299,-73947,-106612,180855,-11705,147368,8663,3429,0,33100,-396,100,0
2025-03-14,40450,41000,39950,40100,122892,4927969200,-0.7426,27637,-32944,5290,5995,-7353,-739,-879,0,8266,20,-3,0
2025-03-17,40300,40800,40150,40500,97669,3955594500,0.9975,10004,-9913,-158,-1308,32,-42,-2479,0,3639,38,29,0
2025-03-18,40650,41300,40300,40350,121960,4921086000,-0.3704,19880,-25873,5062,-4366,12116,-171,-343,0,-2174,915,16,0
2025-03-19,40350,40750,40200,40350,96436,3891192600,0.0,15971,-18160,2078,-2869,47,-50,-321,0,5271,20,91,0
2025-03-20,40500,40900,39850,40000,115585,4623400000,-0.8674,28938,-15367,-13722,-9717,-162,-30,-197,0,-3616,120,31,0
2025-03-21,39800,41200,39300,40900,270498,11063368200,2.25,-45510,28349,17675,-9940,20932,-350,-1135,0,8168,-396,-118,0
2025-03-24,40500,40900,40050,40050,80139,3209566950,-2.0782,20744,-11409,-9286,-4366,-28,-53,-345,0,-4494,-14,-35,0
2025-03-25,40150,40550,39700,40250,96754,3894348500,0.4994,-1679,11863,-10184,-14682,1017,-862,-2449,0,6793,0,0,-1
2025-03-26,40950,41650,40500,41400,171177,7086727800,2.8571,-38319,-7166,45469,4914,9627,811,8038,0,22079,6,10,0
2025-03-27,41450,42150,41050,41450,131767,5461742150,0.1208,-19079,15873,2757,-2926,4652,-2355,4977,0,-1591,202,247,0
2025-03-28,41600,41650,40400,40700,81790,3328853000,-1.8094,-2503,-3378,5487,-3130,340,-951,100,0,9128,-4,398,0
2025-03-31,40500,40500,38700,39150,144607,5661364050,-3.8084,11508,-41268,29649,-3104,20,283,273,0,32176,-3,114,1
2025-04-01,39250,41100,39250,40750,164453,6701459750,4.0868,-18989,10781,8060,-4884,839,2053,-108,0,10160,198,-50,0
2025-04-02,41000,42150,39750,41500,118072,4899988000,1.8405,-23028,-4345,27190,20770,2561,7216,0,0,-3357,178,5,0
2025-04-03,40350,41750,40150,41650,137422,5723626300,0.3614,-5843,-24320,30167,15042,5424,-4889,-13,0,14603,0,-4,0
2025-04-04,40950,42250,40550,41650,96437,4016601050,0.0,273,-15911,15737,4722,118,-17,49,0,10865,0,-99,0
2025-04-07,40250,40550,39400,39550,110425,4367308750,-5.042,2081,9026,-11128,4087,-17,-1398,116,0,-13916,0,21,0
2025-04-08,40000,40400,38500,38500,129098,4970273000,-2.6549,32841,725,-33561,-3717,2177,826,-37,0,-32811,-22,17,1
2025-04-09,37800,38550,37500,37500,144499,5418712500,-2.5974,10115,33738,-40273,-1343,-69,-5109,-314,0,-33438,-3587,7,0
2025-04-10,39100,39850,38350,39400,245859,9686844600,5.0667,-34419,65725,-31345,-4902,34287,1310,193,0,-62233,40,-1,0
2025-04-11,38600,41000,38600,40900,102699,4200389100,3.8071,-28140,5373,22179,23621,-245,55,6449,0,-7701,689,-101,0
2025-04-14,40600,41500,40600,41400,94403,3908284200,1.2225,-11127,-6630,17733,13978,-78,1797,4750,0,-2714,52,-28,0
2025-04-15,41350,41800,40850,41700,70059,2921460300,0.7246,-5803,9321,-3731,-1133,1294,-20,-3,0,-3869,216,-3,0
2025-04-16,41500,41750,41300,41350,61767,2554065450,-0.8393,-9903,2144,7703,419,1711,11168,-10,0,-5585,56,0,0
2025-04-17,41250,43900,41250,43600,310423,13534442800,5.4414,-117197,4804,114200,81941,-20039,9163,33818,0,9317,-1517,-290,0
2025-04-18,43900,44350,43100,44000,129928,5716832000,0.9174,-5488,-18732,24334,31682,-10214,7124,9810,0,-14068,-115,1,0
2025-04-21,43600,43950,43050,43350,73002,3164636700,-1.4773,-950,-6409,7149,1334,8009,-5556,2780,0,582,36,174,0
2025-04-22,43350,43500,42550,42800,64849,2775537200,-1.2687,4228,-7963,3615,449,2796,288,-497,0,579,120,0,0
2025-04-23,43000,43300,42800,42950,79408,3410573600,0.3505,-14242,4973,9007,-15575,233,-13,-536,0,24899,265,-3,-1
2025-04-24,43000,43800,42650,43600,101699,4434076400,1.5134,-20052,9129,10876,-6259,-3871,12486,1089,0,7431,189,-142,0
2025-04-25,43750,44300,43550,43800,96226,4214698800,0.4587,-2723,4574,-1946,-1306,-326,-5146,-6884,0,11716,11,84,0
2025-04-28,43500,45650,43500,44850,132318,5934462300,2.3973,-35325,5935,29638,8749,12847,3323,3506,0,1212,-140,-108,1
2025-04-29,45000,46050,44800,45000,99000,4455000000,0.3344,3115,-12733,9768,-1340,6349,5676,1007,0,-1923,-12,-138,-1
2025-04-30,44750,45450,44550,44700,61950,2769165000,-0.6667,-2871,-1294,4107,225,2788,0,-267,0,1361,55,3,0
2025-05-02,44300,45600,44300,45150,67805,3061395750,1.0067,-12732,7702,4594,-1351,552,335,-44,0,5102,447,-11,0
2025-05-07,45950,46400,45150,45550,120678,5496882900,0.8859,-12625,-26755,39856,-990,1309,5196,30128,0,4213,-273,-203,0
2025-05-08,45550,46250,44950,44950,143632,6456258400,-1.3172,26786,-15747,-11585,26,-9353,865,2784,0,-5907,446,100,0
2025-05-09,48000,53100,47500,51500,900069,46353553500,14.5717,-224763,-2082,229166,134574,43631,-7711,28404,0,30268,163,-2484,0
2025-05-12,51100,52100,50100,50500,166985,8432742500,-1.9417,-20665,-21532,42486,18607,-346,-1445,2482,0,23188,-279,-10,0
2025-05-13,50300,52100,50300,51500,222792,11473788000,1.9802,-17250,-69185,86650,53739,13688,1094,7508,0,10621,-4,-211,0
2025-05-14,51500,51600,50300,50500,159487,8054093500,-1.9417,3612,-11982,8265,10636,-16477,-2302,-960,0,17368,56,49,0
2025-05-15,50500,51300,50000,50200,96891,4863928200,-0.5941,-1006,-5113,6219,7315,2792,-259,-697,0,-2932,-99,-1,0
2025-05-16,51600,54050,51300,53000,383041,20301173000,5.5777,7297,-91396,80301,75415,14662,1235,17329,0,-28340,3831,-33,0
2025-05-19,53400,53700,50600,51200,219968,11262361600,-3.3962,28531,-7470,-20956,8544,23670,3163,1070,0,-57403,-245,140,0
2025-05-20,51800,52500,51000,51500,145938,7515807000,0.5859,-17167,-36005,53116,37700,9527,1613,5765,0,-1489,180,-124,0
2025-05-21,51700,52100,51100,51400,85841,4412227400,-0.1942,7474,-21936,11401,12509,-183,-3460,-147,0,2682,3061,0,0
2025-05-22,51500,52700,51200,51400,116097,5967385800,0.0,15497,-13001,-2698,5035,1568,-4311,-233,0,-4757,194,8,0
2025-05-23,51400,51800,49750,50500,118033,5960666500,-1.751,-14946,5895,8844,17705,-2167,131,389,0,-7214,208,-1,0
2025-05-26,50700,52600,50700,52400,189207,9914446800,3.7624,-68496,-14376,86691,69153,8638,6947,4155,0,-2387,-3689,-130,185
2025-05-27,51500,52300,51000,51300,61260,3142638000,-2.0992,17156,-11664,-5518,4560,15,-203,-1500,0,-8390,64,-38,0
2025-05-28,51300,52500,51100,51600,87761,4528467600,0.5848,-4148,-8197,12408,5104,-95,2463,86,0,4850,59,-122,0
2025-05-29,52200,52200,50300,51000,172930,8819430000,-1.1628,33198,-21999,-10223,-1949,-823,-4429,-7023,0,4001,-863,-113,0
2025-05-30,50800,51700,50400,51100,109373,5588960300,0.1961,-4142,657,5651,643,142,80,-510,0,5296,-2167,1,0
2025-06-02,51500,55400,51400,55100,359288,19796768800,7.8278,-45477,-16775,62300,83500,30775,124,-2787,-9,-49303,-36,-12,0
2025-06-04,54900,55700,54100,54700,147353,8060209100,-0.726,13541,-5452,-6205,14859,348,163,3521,0,-25096,-2146,262,0
2025-06-05,54600,57000,54400,55900,169961,9500819900,2.1938,6773,1297,-7942,26315,-364,1843,-758,0,-34885,-146,18,-93
2025-06-09,55400,55600,54500,54800,161096,8828060800,-1.9678,18385,35213,-52705,8016,-2861,-1343,-1539,0,-54972,-892,-1,-6
2025-06-10,56200,61300,55900,60100,703124,42257752400,9.6715,-98594,-7107,102698,185438,42995,8627,33127,0,-167489,2500,503,0
2025-06-11,59500,60800,58400,59600,257666,15356893600,-0.8319,6820,8371,-15195,3695,10978,30787,1391,0,-62029,-11,15,-17
2025-06-12,58300,60100,58100,59900,499657,29929454300,0.5034,-38962,-17009,58358,49780,115516,2290,9651,0,-118907,-1741,-646,28
2025-06-13,60400,60800,57100,58100,324754,18868207400,-3.005,18709,108563,-125459,-1776,-33873,5053,-3336,0,-91527,-1345,-468,0
2025-06-16,57700,58400,56300,57000,155633,8871081000,-1.8933,18550,42771,-60671,-17432,-1837,-104,-4398,0,-36900,-775,125,0
2025-06-17,57800,58500,56500,57000,206039,11744223000,0.0,11936,27299,-39184,-10335,-15448,-1812,2884,0,-14473,-17,-34,0
2025-06-18,56500,60900,56400,60200,395028,23780685600,5.614,-60883,37000,23942,44046,56462,6606,31725,0,-115397,-42,-17,500
2025-06-19,60100,60500,58400,59900,221653,13277014700,-0.4983,-3820,16936,-13024,27414,14477,8262,12738,0,-75915,-20,-72,0
2025-06-20,60300,60900,58900,60500,389210,23547205000,1.0017,-13273,36523,-23275,34885,17175,-8354,9212,0,-76193,69,-44,0
2025-06-23,60100,60700,58400,59700,199110,11886867000,-1.3223,36592,32824,-69565,11074,-110,-1453,-637,0,-78439,225,-76,0
2025-06-24,60300,61600,58900,61100,296303,18104113300,2.3451,20600,29907,-51496,9823,490,9247,2146,0,-72960,973,16,-242
2025-06-25,61000,61100,59500,60500,184415,11157107500,-0.982,6164,17599,-23239,7335,-4017,1638,11166,0,-39361,-107,-417,0
2025-06-26,60200,60400,58400,60200,184206,11089201200,-0.4959,-7375,32306,-24923,405,7159,-681,-246,0,-31560,175,-183,0
2025-06-27,60200,60200,58500,59100,125406,7411494600,-1.8272,17951,-5068,-12997,3161,3497,10,7243,0,-26908,-49,163,0
2025-06-30,59300,62900,59100,62000,332411,20609482000,4.9069,-75037,17322,56274,63564,50801,4438,7406,0,-77250,1921,-480,7315
2025-07-01,62100,62700,61200,62000,218273,13532926000,0.0,-17826,-6279,23714,9971,10327,159,293,0,2964,435,-44,0
2025-07-02,61600,62600,60600,61300,174354,10687900200,-1.129,18789,13624,-32787,3211,-9432,-6525,1684,0,-21725,375,-1,0
2025-07-03,61900,63900,61500,62100,548428,34057378800,1.3051,7262,94433,-101843,91183,22616,3619,8052,0,-227314,166,-18,1
2025-07-04,61800,62300,60900,61400,158151,9710471400,-1.1272,74,8109,-8298,23197,15351,-81,-2888,0,-43877,178,-63,0
2025-07-07,62100,62700,60800,61700,117684,7261102800,0.4886,-4053,8258,-5155,10765,11369,8585,2158,0,-38032,911,39,0
2025-07-08,62500,63000,61000,61700,134056,8271255200,0.0,5272,-16592,11383,28221,13699,-8131,2734,0,-25140,-62,-1,0
2025-07-09,62300,63200,61700,62200,161844,10066696800,0.8104,22692,5184,-28140,-14284,20959,-78,-170,0,-34566,289,-25,-1
2025-07-10,61800,62500,60800,62000,272064,16867968000,-0.3215,-3405,26402,-22491,25147,7330,-1092,2286,0,-56162,-506,0,0
2025-07-11,61500,63000,61000,61700,277626,17129524200,-0.4839,19592,82548,-104344,5062,-1128,3341,-385,0,-111234,2351,-147,0
2025-07-14,61500,62500,60800,61700,208115,12840695500,0.0,-1646,31501,-33112,17607,6053,20869,-4159,0,-73482,3207,50,0
2025-07-15,61300,62500,61100,61700,332907,20540361900,0.0,-1510,122499,-119554,16769,17673,-2294,-817,0,-155885,-1462,27,5000
2025-07-16,61400,62800,61000,62300,168811,10516925300,0.9724,-15010,43223,-28233,7314,18418,-1661,-148,0,-52156,-34,54,0
2025-07-17,61500,62000,57000,60000,598609,35916540000,-3.6918,88585,-40855,-45155,2160,-5464,29579,6787,0,-78264,-2601,26,47
2025-07-18,61100,62100,60100,61200,299792,18347270400,2.0,-62666,102019,-36208,23481,19593,14343,10043,0,-103668,-3406,261,0
2025-07-21,62300,64200,61800,63800,517943,33044763400,4.2484,-7070,121195,-114441,19127,30720,32350,8258,0,-204894,593,-277,-2
2025-07-22,63900,64000,62500,63300,153976,9746680800,-0.7837,19382,5011,-24356,882,992,5386,-636,0,-30980,-7,-30,0
2025-07-23,62600,62900,59600,60200,1985690,119538538000,-4.8973,55196,1666675,-1722974,7311,-7949,-3891,6640,0,-1725085,1311,-208,0
2025-07-24,61000,61300,58200,58700,300283,17626612100,-2.4917,41056,27837,-69341,-27266,-17908,-24654,-6569,0,4070,319,129,2986
2025-07-25,58200,59900,58100,59300,175578,10411775400,1.0221,-4155,-32929,33728,-9739,13374,40118,-2053,0,-7971,3134,222,-1
2025-07-28,59400,60300,58100,59000,117957,6959463000,-0.5059,-12133,-13975,26556,13494,207,3203,2186,0,7466,-128,-320,0
2025-07-29,58700,61200,58200,61200,244608,14970009600,3.7288,-32028,-26542,59788,20967,18550,28386,1270,0,-9385,-1199,-19,0
2025-07-30,60900,61200,59600,59700,126407,7546497900,-2.451,12991,4284,-17306,-539,-2166,-7373,-5590,0,4362,33,-2,-6000
2025-07-31,59700,60000,59000,59600,167124,9960590400,-0.1675,18605,-1759,-17009,-388,-579,-30552,-2066,0,16576,158,5,0
2025-08-01,58900,59400,57200,58200,172452,10036706400,-2.349,13980,7543,-22834,14342,-15821,-11143,497,0,-10709,1200,111,0
2025-08-04,58200,60500,58100,58700,204327,11993994900,0.8591,4428,-4620,585,2620,979,2581,-3042,0,-2569,-376,-17,16
2025-08-05,58900,59900,57900,58500,424880,24855480000,-0.3407,27919,-29180,412,-2665,1393,-459,-7621,0,9764,823,26,0
2025-08-06,58200,59650,58100,58800,310394,18251167200,0.5128,24371,-78085,53967,4678,313,-1252,-7353,0,57581,-180,-73,0
2025-08-07,59300,62300,58400,61900,559985,34663071500,5.2721,-9572,-98035,108252,45618,21135,20556,5774,0,15276,-462,-183,-107
2025-08-08,60700,60700,55600,55600,898011,49929411600,-10.1777,489154,-276674,-215089,-12377,-36933,-84960,1128,0,-74632,3126,-517,-7315
2025-08-11,55800,56800,55200,56600,281976,15959841600,1.7986,-71204,64510,8325,33774,5417,-8890,-171,0,-21805,-1937,306,0
2025-08-12,56200,58800,56100,58200,386712,22506638400,2.8269,-129599,136599,-6737,19104,-5806,-2274,1228,0,-18988,165,-428,-1
2025-08-13,57700,57700,55900,57000,229297,13069929000,-2.0619,3869,44688,-49131,-14444,-19939,-13778,-3005,0,2035,200,374,0
2025-08-14,57000,59300,56900,58900,450492,26533978800,3.3333,-159448,191579,-30000,16479,16131,11045,5467,0,-77122,-1674,-457,-2000
2025-08-18,58500,59800,58200,58900,147935,8713371500,0.0,-29141,45218,-12874,3412,-6693,-970,1751,0,-10374,-3162,-41,0
2025-08-19,59400,61300,59300,60800,282394,17169555200,3.2258,-102800,98385,4938,15475,-437,2990,1175,0,-14265,-315,-208,0
2025-08-20,60600,61000,59700,60800,164231,9985244800,0.0,-31055,29104,2237,4697,5263,-3754,1720,0,-5689,-328,42,0
2025-08-21,60800,62100,60700,61700,175589,10833841300,1.4803,-42262,32808,9986,740,23782,1979,-552,0,-15963,-389,-143,0
2025-08-22,61400,61600,60200,60400,108013,6523985200,-2.107,-9376,13154,-3747,2650,4659,553,-1340,0,-10269,-31,0,0
2025-08-25,61000,61400,60500,61000,98026,5979586000,0.9934,-44118,42878,4225,-597,389,-2862,-1118,0,8429,-2965,-20,-16
2025-08-26,60800,63200,60600,62200,268046,16672461200,1.9672,-86748,82322,4945,298,-2792,1908,2732,0,2799,-272,-247,0
2025-08-27,62300,62400,61200,61800,111794,6908869200,-0.6431,-8261,24140,-15848,3410,-3760,-571,-2076,0,-12851,0,-31,0
2025-08-28,61600,61900,60400,61200,125132,7658078400,-0.9709,-3707,29150,-25454,-6419,-8293,-5130,-23110,0,17498,0,11,0
2025-08-29,61200,61400,59600,59900,156780,9391122000,-2.1242,6284,41935,-48068,-11095,-27097,-2573,2953,0,-10256,-123,-28,0
2025-09-01,60200,60200,58400,59000,100271,5915989000,-1.5025,8228,29575,-37742,-18851,-10733,-322,-286,0,-7551,-35,-26,1
2025-09-02,59000,59600,58200,58900,86201,5077238900,-0.1695,10736,8443,-20513,-2750,2774,1560,-195,0,-21902,1337,-3,0
2025-09-03,58900,60000,58700,59400,114317,6790429800,0.8489,3291,19497,-22880,2393,-8137,-632,2146,0,-18650,0,92,0
2025-09-04,60000,60500,59300,60300,95377,5751233100,1.5152,-8762,1773,6564,-87,7330,702,-464,0,-917,425,0,0
2025-09-05,60400,61100,60000,60800,166985,10152688000,0.8292,-24089,-6258,30099,9211,-19293,2778,-3852,0,41255,248,0,0
2025-09-08,62500,65000,61800,64400,395570,25474708000,5.9211,-97601,-13947,108812,7293,49327,21630,7220,0,22352,2787,-51,990
2025-09-09,64100,64300,62300,62700,218821,13720076700,-2.6398,-3134,-73671,75895,18623,13628,2260,3131,0,38253,903,7,0
2025-09-10,62700,63300,61900,62200,186371,11592276200,-0.7974,5106,-47749,41870,16963,4781,1433,-6309,0,25002,813,-40,0
2025-09-11,62000,62500,60800,61700,294599,18176758300,-0.8039,-3760,34112,-29061,7329,-72976,475,-1617,0,37728,-1294,3,0
2025-09-12,62100,62600,61700,61900,103921,6432709900,0.3241,3092,9528,-10613,-1629,-16634,-3298,-2803,0,13751,-2004,-3,0
2025-09-15,61600,63600,61500,62200,162278,10093691600,0.4847,-18224,41460,-23863,-1247,-1699,-1858,-8937,0,-10122,452,175,0
2025-09-16,62200,64000,62200,63500,261911,16631348500,2.09,-37292,17924,18015,-614,42348,17042,595,0,-41356,1385,-32,0
2025-09-17,63800,68600,63700,68000,503895,34264860000,7.0866,-235160,120893,114550,63236,37816,-389,3741,0,8549,-1734,1451,1597
2025-09-18,67400,68500,66600,67100,241557,16208474700,-1.3235,17110,-10137,-8789,2762,-4236,2580,579,0,-10474,1062,754,0
2025-09-19,66100,66700,64700,66100,391906,25904986600,-1.4903,-2476,-8952,10614,10711,3044,-2712,-111,0,-318,780,34,0
2025-09-22,68000,69000,65300,66500,232423,15456129500,0.6051,30135,-19310,-11037,7042,-7727,-929,-2032,0,-7391,69,143,0
2025-09-23,66600,66700,64200,65000,163503,10627695000,-2.2556,28949,-39717,10906,5219,455,2004,-480,0,3708,30,-168,0
2025-09-24,65600,66500,64600,65200,150478,9811165600,0.3077,963,-41821,40266,20773,13676,3582,2067,0,168,244,348,0
2025-09-25,64800,65500,63800,63900,183491,11725074900,-1.9939,-27871,4861,23322,55,-1458,10899,256,0,13570,-699,387,0
2025-09-26,64200,64500,62000,62200,130981,8147018200,-2.6604,-1975,347,2013,1219,3676,899,-1149,0,-2632,-382,-3,0
2025-09-29,63300,64300,62400,63000,99704,6281352000,1.2862,-1793,-8198,9962,2609,-560,4717,-511,0,3707,28,1,0
2025-09-30,62800,63500,61700,61700,84570,5217969000,-2.0635,11615,2497,-12601,-1728,-1299,-3,-3669,0,-5903,-1517,6,1
2025-10-01,62900,63900,62100,62100,86219,5354199900,0.6483,14625,-9937,-4875,3245,-1790,574,-592,0,-6312,187,0,0
2025-10-02,62500,62600,58900,59000,333846,19696914000,-4.9919,96276,-7577,-86983,-32095,-45957,-2982,-7691,0,1742,-490,-1226,0
2025-10-10,58800,59000,56900,58000,232384,13478272000,-1.6949,31477,12902,-46140,-6523,-18366,-6469,-13802,720,-1700,1687,74,0
2025-10-13,57400,57500,56200,57000,159218,9075426000,-1.7241,33851,7167,-42147,-25435,1802,2906,-5284,0,-16136,1031,98,0
2025-10-14,56900,57100,55500,55600,261738,14552632800,-2.4561,67631,-33590,-35139,-22360,-14423,-3433,-7902,0,12978,1010,88,1
2025-10-15,56000,56700,55400,56100,159127,8927024700,0.8993,30732,-18911,-11959,2152,-10060,-3887,-1253,0,1089,85,53,0
2025-10-16,56500,57000,55000,55300,253839,14037296700,-1.426,99959,-61143,-39087,-25084,-8439,-16823,-8903,0,21563,114,157,-1401
2025-10-17,55100,55400,53600,54200,170006,9214325200,-1.9892,31100,-17954,-13470,-16789,-181,-505,-2564,4000,2568,130,194,1
2025-10-20,54400,55300,53500,54600,208017,11357728200,0.738,13293,-44710,31242,15011,-7981,239,-2488,1280,25181,121,54,0
2025-10-21,56200,56700,54800,54900,273327,15005652300,0.5495,102413,-76276,-31333,-8220,13393,-66,-3341,-31,-33068,2992,2204,0
2025-10-22,55300,57300,55000,56600,252512,14292179200,3.0965,55627,-77954,10669,4634,18415,3948,2957,5000,-24285,10456,1202,0
2025-10-23,57000,58400,55800,55800,281286,15695758800,-1.4134,62530,-61427,-5303,-63285,-5790,109,-961,0,64624,4190,10,0
2025-10-24,56000,56400,54600,54600,199827,10910554200,-2.1505,66809,-38875,-28893,-3671,-32102,-2832,-8577,389,17900,695,264,0
2025-10-27,54600,55900,54500,55200,139224,7685164800,1.0989,-8249,18501,-14147,-15475,-6940,-2827,-7360,-1347,19802,3784,111,0
2025-10-28,55700,56900,55100,56100,165176,9266373600,1.6304,-6711,-1380,6675,-6710,6435,-1957,-509,0,9459,1430,-14,-43
2025-10-29,56700,56700,54600,55000,230042,12652310000,-1.9608,58891,10027,-67943,-47195,-6295,-10688,-1076,-1064,-1625,-820,-155,0
2025-10-30,54900,55300,53800,54800,240468,13177646400,-0.3636,58579,-34600,-32752,-36645,-3023,1339,-2199,0,7776,6764,2009,0
2025-10-31,54700,55300,54000,54100,188874,10218083400,-1.2774,44100,6207,-51865,-44501,-21945,-2864,905,0,16540,-800,2358,0
2025-11-03,54600,57000,54600,55900,284212,15887450800,3.3272,-14453,-28595,27992,-9304,5974,3479,-2406,0,30249,13573,1483,0
2025-11-04,55000,56100,54700,55600,99977,5558721200,-0.5367,-11790,10549,4844,317,-1029,-74,196,-548,5982,-3566,-37,0
2025-11-05,55900,56000,53400,54300,169929,9227144700,-2.3381,17435,-15316,-1992,-4295,-3609,-1879,-1795,27,9559,158,-285,0
2025-11-06,55500,56000,53400,55400,206926,11463700400,2.0258,2645,-17904,15151,20502,-2294,-25,7713,0,-11299,84,24,554
2025-11-07,55000,55000,50300,50900,495168,25204051200,-8.1227,272732,-81084,-200325,-135344,-38919,-6694,-4185,-2175,-13008,9320,-643,0
2025-11-10,51700,54300,51500,54300,314306,17066815800,6.6798,-88195,71257,13870,33691,-14680,522,5729,-3,-12124,2103,965,735
2025-11-11,53900,55700,53400,55200,221490,12226248000,1.6575,-20736,38561,-19047,-5243,-15805,-31,4440,-7466,5058,1098,124,0
2025-11-12,54900,56300,54500,56000,128830,7214480000,1.4493,-32275,18300,15011,8588,-1242,-145,-5420,89,13140,-1257,221,1
2025-11-13,56300,56900,56000,56400,181981,10263728400,0.7143,-24412,-14290,38712,671,20226,-257,-110,0,18182,44,-54,0
2025-11-14,55600,56800,54600,55200,120076,6628195200,-2.1277,3980,-2174,-1754,-344,-432,-41,118,0,-1184,-3,-49,129
2025-11-17,55200,55500,53400,53800,135849,7308676200,-2.5362,17445,18180,-35750,-8723,-9915,-6432,-6979,0,-3701,105,20,0
2025-11-18,53800,53900,52000,52500,151528,7955220000,-2.4164,9189,33027,-41695,-26250,-8809,432,-1206,0,-5862,-395,-126,0
2025-11-19,53000,53100,51500,52300,132930,6952239000,-0.381,-5318,13469,-8472,-22340,-12463,243,-589,0,26668,416,-95,9
2025-11-20,52400,52700,50800,52300,170048,8893510400,0.0,17221,16502,-34880,-5670,-29167,-8176,-487,0,9422,1191,-34,-802
2025-11-21,52000,52200,50700,51900,122372,6351106800,-0.7648,-11496,10590,595,-10569,-421,-194,24,0,11932,336,-25,-177
2025-11-24,52500,53200,51600,51600,154169,7955120400,-0.578,9710,-6188,-3273,-20268,-1277,3813,-6468,0,21435,-249,0,-508
2025-11-25,52000,52900,51300,51700,129919,6716812300,0.1938,-22948,30106,-4556,-15782,345,644,-514,0,10751,-2327,-275,0
2025-11-26,52600,54500,52100,53800,199259,10720134200,4.0619,-47204,9105,38193,27015,-2365,55,9083,0,4406,-55,-39,-1
2025-11-27,53100,53900,52800,53200,125863,6695911600,-1.1152,1316,-10730,8671,20735,-7279,-6367,-81,0,1663,742,1,0
2025-11-28,52600,53800,52600,53000,120808,6402824000,-0.3759,-7627,-49,7711,-1457,-486,812,-500,0,9341,30,-65,1
2025-12-01,53200,55100,53200,53800,134379,7229590200,1.5094,-20430,-18883,39203,32889,74,3256,11811,0,-8827,111,-1,0
2025-12-02,54100,54600,52900,53000,126683,6714199000,-1.487,41204,-15833,-26308,-15855,-14856,-7423,42,0,11784,825,112,0
2025-12-03,53200,53600,52600,53500,84300,4510050000,0.9434,2618,-15413,11280,-2498,-1691,16458,-5858,0,4869,1515,0,0
2025-12-04,52600,52600,50800,50900,232178,11817860200,-4.8598,128210,-50595,-83904,-48408,-16310,-9918,-14507,0,5955,6151,138,-716
2025-12-05,51200,51400,50200,50700,206566,10472896200,-0.3929,56430,61222,-117813,-34677,-78386,-2316,-8816,0,6383,130,31,-1
2025-12-08,50700,50800,48650,49050,412193,20218066650,-3.2544,138032,-70106,-71734,-43950,-30881,-12943,-14529,0,30569,3676,132,0
2025-12-09,49050,49450,48800,49400,127540,6300476000,0.7136,-7387,23805,-17307,-25130,-1221,1389,-4681,0,12214,796,93,122
2025-12-10,49150,49600,48800,49400,129875,6415825000,0.0,-9090,18968,-9840,-218,-39042,29422,-216,0,214,100,-138,0
2025-12-11,49450,50200,49000,49150,294492,14474281800,-0.5061,31069,-2771,-29712,-10386,4395,41064,-3345,0,-61543,1197,217,103
2025-12-12,49650,50600,49650,50200,113570,5701214000,2.1363,-12833,8258,5994,-6513,4541,4331,-2378,0,6013,-1426,7,0
2025-12-15,49800,49850,49200,49200,173709,8546482800,-1.992,44817,-37820,-7478,-25623,-1979,25516,-14991,0,9599,320,161,0
2025-12-16,49150,49900,49000,49050,190799,9358690950,-0.3049,6809,-27201,19845,19927,-7353,26309,-10427,0,-8611,215,332,0
2025-12-17,49300,49600,48800,49250,138104,6801622000,0.4077,9853,-27945,18018,-20201,20153,10299,-2590,0,10357,33,41,0
2025-12-18,49000,49000,47650,48450,183454,8888346300,-1.6244,8540,-17060,8320,434,-488,11688,-2005,0,-1309,199,1,0
2025-12-19,48900,49450,48600,49150,422029,20742725350,1.4448,-18421,7860,10541,-6410,234,6231,-2319,0,12805,20,0,0
2025-12-22,49900,50100,49350,49600,98414,4881334400,0.9156,8818,-13936,9726,-1306,-3582,-86,-407,0,15107,-3607,-1001,0
2025-12-23,49750,50200,49050,49100,94783,4653845300,-1.0081,13438,-1754,-10913,806,-4601,-17678,-26,0,10587,-771,0,-1
2025-12-24,49250,49700,48900,49500,76404,3781998000,0.8147,4850,-4639,3549,1160,1189,1123,-3851,0,3928,-3760,0,0
2025-12-26,49350,49650,48350,48350,70629,3414912150,-2.3232,20896,-17066,1494,-526,122,338,1076,0,484,-5345,21,0
2025-12-29,47850,48650,47750,48400,79996,3871806400,0.1034,-4246,31798,-23167,-20179,-1444,-650,-6376,0,5482,-4374,-11,0
2025-12-30,48050,48600,47850,48250,65260,3148795000,-0.3099,-3365,12614,-8820,-10482,845,-468,806,0,479,1,-430,0
2026-01-02,48550,50000,48450,49550,251132,12443590600,2.6943,-44020,59657,-17435,-1196,3276,298,-483,0,-19100,1549,249,-230
2026-01-05,50200,50600,48850,49200,154380,7595496000,-0.7064,12315,-7100,-5197,-4855,-255,10434,-5729,0,-4792,-499,481,0
2026-01-06,49450,50000,49250,49450,103588,5122426600,0.5081,5273,11696,-17112,-15820,-3899,1219,263,0,1125,257,-114,0
2026-01-07,49200,49250,47650,48500,230034,11156649000,-1.9211,61560,-25671,-38696,-32771,-692,11173,-8089,-252,-7955,2694,113,-110
2026-01-08,48200,49100,47750,48900,148081,7241160900,0.8247,-21176,23264,-2328,-9855,2210,323,-432,0,5426,511,-271,0
2026-01-09,49150,49350,48200,48600,140505,6828543000,-0.6135,-2242,34020,-30818,-37953,-839,-3633,-1764,0,13424,-992,32,-53
2026-01-12,48750,49400,48325,49100,137758,6763917800,1.0288,-4493,37137,-32676,-22817,-5341,316,-3225,0,-2289,117,-85,680
2026-01-13,49800,50600,49500,50500,176954,8936177000,2.8513,-1473,12495,-11597,-13281,-527,6412,-2063,0,-1857,527,48,-281
2026-01-14,51000,51800,50200,51200,155441,7958579200,1.3861,-19085,18293,2308,1021,-637,-4860,372,0,6548,-1644,128,-136
2026-01-15,51000,51800,50400,50800,156768,7963814400,-0.7812,4613,14877,-19178,-21491,8705,-2162,-1628,0,-2602,-326,14,0
2026-01-16,51200,51200,49950,50100,152819,7656231900,-1.378,44312,-42195,-2120,-214,8329,-14732,-768,0,5264,0,3,1
2026-01-19,48750,49400,48000,48900,181882,8894029800,-2.3952,25500,-22226,-3288,-16604,16684,24258,-1900,0,-25726,-61,75,0
2026-01-20,48700,51500,48700,51000,236318,12052218000,4.2945,-76039,83751,-9576,-11098,10180,11046,4106,0,-24394,694,1170,584
2026-01-21,50100,50300,48750,49100,205323,10081359300,-3.7255,58388,-43249,-14625,-1850,4053,3971,-618,0,-20241,-149,-365,60
2026-01-22,48950,51300,48950,50900,221533,11276029700,3.666,-101004,26991,73465,-2082,3734,61271,-1304,0,12546,564,-16,-700
2026-01-23,51000,51900,50400,51800,170940,8854692000,1.7682,-56262,28686,26059,-1950,5011,6875,-62,0,16235,513,1004,-50
2026-01-26,52000,52800,51800,52000,170218,8851336000,0.3861,28526,-17158,-11385,143,2943,7044,-127,0,-21388,-188,205,0
2026-01-27,52200,53800,52000,53000,265027,14046431000,1.9231,-53488,-15411,68205,17091,6344,46050,22602,0,-23882,576,118,0
2026-01-28,53300,54000,52600,52800,178778,9439478400,-0.3774,-10763,17770,-8247,271,-2191,-704,-715,0,-4908,904,336,0
2026-01-29,52100,53900,51400,53600,252131,13514221600,1.5152,-78248,35297,44131,35434,5800,19051,-803,0,-15351,-1015,-165,0
2026-01-30,53200,54100,52800,52800,205231,10836196800,-1.4925,-20274,-3768,23210,21873,-2242,522,697,0,2361,822,10,-1
2026-02-02,52500,52700,50200,50700,237784,12055648800,-3.9773,11811,3884,-16823,6331,-178,-10216,3930,0,-16690,1056,72,0
2026-02-03,51900,52300,50800,51700,158811,8210528700,1.9724,18643,-5008,-13919,-9382,1476,1975,-260,0,-7728,245,39,0
2026-02-04,51500,52600,51100,51600,138465,7144794000,-0.1934,1838,2084,-4430,-18519,-174,249,-470,0,14484,330,178,0
2026-02-05,51400,51900,50700,50800,174295,8854186000,-1.5504,65369,-53587,-13475,18600,383,-7646,-30,0,-24782,701,992,0
2026-02-06,54600,57900,52300,54700,1262545,69061211500,7.6772,-167722,47032,91422,18109,47832,-6867,29412,113,2824,29455,-187,-1
2026-02-09,55600,56400,54700,55500,281463,15621196500,1.4625,11264,-45660,35783,23896,-9173,-6865,1148,0,26777,-639,-748,0
2026-02-10,55600,57500,54800,56500,325152,18371088000,1.8018,-54853,-11672,65651,42639,9694,3974,1276,0,8067,876,-2,1
2026-02-11,57300,58900,57100,57900,324087,18764637300,2.4779,-28645,-56278,85175,85330,14661,222,4130,0,-19168,102,-354,0
2026-02-12,57700,57900,56300,57000,348959,19890663000,-1.5544,-20445,16201,6805,43829,572,-7477,-2110,0,-28009,-2263,-298,0
2026-02-13,57200,58200,56800,57200,257164,14709780800,0.3509,-9793,-44989,55679,51111,14845,-5478,5688,0,-10487,-837,-60,0
2026-02-19,57900,58900,57200,57600,180624,10403942400,0.6993,-17346,-8891,28953,16516,910,-62,3677,0,7913,-1313,-1403,-1
2026-02-20,57400,57600,56800,57300,123566,7080331800,-0.5208,-12136,3137,10126,7868,6085,-6751,-4771,0,7695,-1595,468,0
2026-02-23,57200,57300,56600,56800,163053,9261410400,-0.8726,-13371,-2167,16923,5342,3663,-95,-4159,0,12172,-1241,-144,0
2026-02-24,57100,57700,56700,57500,182249,10479317500,1.2324,-40341,-26496,67404,51114,3278,-1389,3306,0,11094,-127,-440,1
2026-02-25,57700,57900,56500,57400,196719,11291670600,-0.1739,-668,-45993,45159,47433,-1492,-1560,-11707,0,12487,1473,29,-2
2026-02-26,57100,57800,54200,54300,457272,24829869600,-5.4007,156046,-57834,-90715,-41196,-12884,-1469,-39107,0,3561,-5666,-1831,380
2026-02-27,54900,55000,51900,52600,460106,24201575600,-3.1308,35357,43314,-47864,-20858,5810,-20551,-5257,0,-6857,-24791,-6016,-151
2026-03-03,52300,53300,51100,51400,285956,14698138400,-2.2814,-12552,90880,-76756,-73411,3268,-343,-14271,0,7591,-1044,-528,410
2026-03-04,50600,50600,45400,45750,385194,17622625500,-10.9922,18882,56159,-78099,-50038,-24885,2297,-2331,0,-3769,2892,166,627
2026-03-05,48100,48750,45800,48500,588777,28555684500,6.0109,106534,98588,-206292,-82426,-28224,1124,-4486,0,-91480,-656,1826,-800
2026-03-06,50900,56300,50900,54000,1126580,60835320000,11.3402,-194576,-123887,325127,202976,94936,32136,40042,0,-44962,-3095,-3569,-1
2026-03-09,51700,55800,50600,55200,617152,34066790400,2.2222,-100375,-194302,296119,289300,44709,-4854,10633,0,-43670,-1280,-162,1
2026-03-10,56100,57200,54200,55200,251345,13874244000,0.0,-17279,-46395,61851,70040,2231,574,-166,0,-10828,1840,-17,0
2026-03-11,55400,55900,52000,52200,398724,20813392800,-5.4348,107609,-92023,-18683,15441,-18407,-19187,-8585,0,12055,3023,74,0
2026-03-12,52400,54400,51700,52900,597296,31596958400,1.341,-13841,11645,2176,7674,30847,-1277,-3314,0,-31754,20,0,0
2026-03-13,52300,55800,52100,54800,469577,25732819600,3.5917,-84313,39378,44316,22972,7536,13683,12648,2070,-15502,476,143,909
2026-03-16,55100,55300,53000,53200,254265,13526898000,-2.9197,66256,-10370,-54724,-39232,490,-1027,3226,0,-18181,-962,-200,0
2026-03-17,53500,55000,52700,54800,344738,18891642400,3.0075,-87707,56920,31303,3530,6262,-26,-1208,0,22744,-500,-16,1
2026-03-18,55100,55100,53200,53700,376826,20235556200,-2.0073,109031,-114416,5377,5378,-3044,-66,-297,-2957,6363,4,4,0
2026-03-19,52500,52600,50500,51000,307565,15685815000,-5.0279,155965,-32854,-99453,-52096,-32716,-4719,740,0,-10662,-23659,1,0
2026-03-20,51400,52700,51100,52300,190208,9947878400,2.549,-35182,29028,8390,12669,1411,-105,-3630,0,-1954,-2256,20,-1
2026-03-23,51100,51400,49500,49700,204197,10148590900,-4.9713,63824,-30250,-33622,-2734,2929,-1203,-631,0,-31983,242,-194,0
2026-03-24,51000,51300,49950,51300,149135,7650625500,3.2193,-21536,-19273,40895,-896,-831,-9,-353,0,42984,-85,-1,0
2026-03-25,51900,52300,51300,51400,171514,8815819600,0.1949,-13786,-24120,40808,1495,-4239,-365,2388,0,41529,-4400,1498,0
2026-03-26,52700,53200,51300,51500,178988,9217882000,0.1946,1316,-4593,3590,6411,2337,901,3110,0,-9170,-287,-26,1
2026-03-27,50900,52400,50300,52200,229135,11960847000,1.3592,-36022,-4987,40101,4137,4359,6113,4517,0,20975,143,765,0
2026-03-30,50700,51000,49450,49750,213890,10641027500,-4.6935,62119,-38365,-23802,-3440,-37980,1633,-2060,0,18045,49,-1,0
2026-03-31,49300,50900,49000,49200,225493,11094255600,-1.1055,-17513,10022,7426,-4554,-378,-985,-1790,0,15133,65,0,0
2026-04-01,50500,52000,49950,51400,215081,11055163400,4.4715,-60525,27522,33501,-21445,-10059,193,-521,0,65333,-474,-24,0
2026-04-02,51200,51700,48650,49000,235024,11516176000,-4.6693,67842,-15185,-53059,-20627,-6146,-714,-2599,0,-22973,388,14,0
2026-04-03,49600,51300,49250,50000,225530,11276500000,2.0408,-41569,-5957,47474,6911,6903,5749,3964,0,23947,67,-15,0
2026-04-06,50200,50800,49650,49700,142356,7075093200,-0.6,28223,-63405,35110,-1205,21873,-4641,-595,0,19678,20,52,0
2026-04-07,49600,49900,48450,48700,204787,9973126900,-2.0121,82668,-31156,-51672,-1052,-56248,-15723,-2026,0,23377,-120,280,0
2026-04-08,50400,50900,50000,50200,155600,7811120000,3.0801,-19451,-38101,57600,-142,-24391,1103,-9880,0,90910,-48,0,0
2026-04-09,50300,51500,49400,50000,249037,12451850000,-0.3984,27672,35579,-63341,-16938,-12988,-8128,-22252,0,-3035,25,65,0
2026-04-10,50100,50800,49650,50300,306395,15411668500,0.6,5509,45712,-51247,-9970,-58168,-12178,-213,0,29282,5,21,0
2026-04-13,50000,51700,49650,50200,224471,11268444200,-0.1988,-446,35776,-35470,-10749,-15874,-24312,3682,0,11783,22,118,0
2026-04-14,50500,51600,50500,50700,168194,8527435800,0.996,-53571,17325,36250,-10758,-290,-1402,-498,0,43198,-9,5,6000
2026-04-15,51300,51700,50700,50800,153119,7778445200,0.1972,-18871,-6508,25308,-8468,3719,-963,-1763,0,32783,52,19,0
2026-04-16,51400,52600,51300,51900,172805,8968579500,2.1654,-55463,9240,46255,117,12705,6416,-10771,0,37095,-12,-20,693
2026-04-17,52200,52200,51000,51600,139505,7198458000,-0.578,5104,-3705,-1497,-769,-5651,-782,-1067,0,6772,154,-56,0
2026-04-20,52500,53200,51300,51500,169404,8724306000,-0.1938,416,7444,-8498,-92,-223,-341,-727,0,-6375,617,21,-740
2026-04-21,51800,51900,50200,50600,239621,12124822600,-1.7476,112235,-66154,-46194,-38066,-5931,-7402,-3883,0,8788,32,81,300
2026-04-22,50400,51400,50300,51100,189561,9686567100,0.9881,471,32075,-32583,625,-13330,-28523,-6453,0,15097,2,35,1
2026-04-23,51500,51500,49500,49650,314676,15623663400,-2.8376,151940,-79419,-72553,-53769,-11914,-9187,-11546,0,19863,22,10,-6000
2026-04-24,49900,50800,49800,50400,171054,8621121600,1.5106,-33299,18706,14625,-31098,-3984,-276,-3918,0,53731,-18,-14,170
2026-04-27,50700,51000,49900,50000,191119,9555950000,-0.7937,21033,-44144,22871,266,-505,-2515,-516,0,26050,147,93,91
2026-04-28,50200,51000,50000,50600,148043,7490975800,1.2,-38497,17740,20576,404,-2079,-182,-877,0,23255,21,160,55
2026-04-29,50800,52200,50800,51300,396308,20330600400,1.3834,-108787,118793,-9952,-60950,-4770,-501,-3666,0,60671,56,-110,-736
2026-04-30,51000,51300,49550,49650,246576,12242498400,-3.2164,42911,-28584,-14658,-11707,400,-156,-162,0,-3033,310,21,0
2026-05-04,50600,50800,49350,49500,205726,10183437000,-0.3021,57266,-63794,6506,-1672,-106,-334,-699,0,9317,10,12,0
2026-05-06,49350,49450,48450,48450,221351,10724455950,-2.1212,66076,-55603,-12185,-2084,130,-3732,-5669,0,-830,1321,391,0
2026-05-07,48600,48750,46750,47100,268843,12662505300,-2.7864,126186,-77502,-51470,-12563,-35829,-18063,-2600,0,17585,2752,34,0
2026-05-08,47550,47600,42150,43000,1010484,43450812000,-8.7049,621053,-370669,-269077,-160452,-25004,-7570,-13899,0,-62152,17927,766,0
2026-05-11,43050,43600,42600,42750,250685,10716783750,-0.5814,326,9487,-9496,-2703,-18491,2235,-7152,0,16615,-453,136,0
2026-05-12,42700,42850,41200,41950,314956,13212404200,-1.8713,-5822,-3066,7492,-8258,-8713,1404,-508,0,23567,465,931,0
2026-05-13,43000,43400,41600,42000,233067,9788814000,0.1192,17322,-18630,1189,-19126,-21197,-7501,-120,0,47854,30,89,1279
2026-05-14,42050,44050,41850,44050,334870,14751023500,4.881,-67602,3051,66056,-40981,-16931,2674,2154,0,120011,-1708,203,-871
2026-05-15,44050,44800,42750,43200,267898,11573193600,-1.9296,-42092,-520,42336,-14773,18688,-4407,-4570,0,47398,-93,369,0
2026-05-18,43450,43550,41650,42350,158466,6711035100,-1.9676,710,-36699,36322,1984,79,249,-1888,0,35846,18,-351,52
2026-05-19,43600,44000,42350,43000,222423,9564189000,1.5348,-20650,-10959,31585,1465,-1337,7040,60,0,24357,-9,33,0
2026-05-20,43600,43600,41800,41950,166758,6995498100,-2.4419,2353,-17851,15758,7903,-5163,-7084,454,0,19648,-61,-199,0
2026-05-21,42550,43250,41600,41900,244892,10260974800,-0.1192,74094,-46998,-19171,-54593,-5899,148,-1289,0,42462,-8765,840,0
2026-05-22,41950,43800,41950,43400,175345,7609973000,3.58,-55506,32596,24328,-3074,-18674,-73,-608,0,47197,-1392,-26,-440
2026-05-26,43750,44000,41850,42000,233194,9794148000,-3.2258,53897,15984,-69947,-99147,-6399,-13970,-7976,0,57545,442,-376,0
2026-05-27,42000,42550,41000,41250,306451,12641103750,-1.7857,1268,-3577,1516,-15365,14077,-7798,-10885,0,21487,744,49,0
2026-05-28,41650,43000,40200,41550,315205,13096767750,0.7273,-33477,-15338,48921,0,32932,-9434,-571,0,25994,-154,48,0
2026-05-29,42050,42550,41650,42500,275344,11702120000,2.2864,-17619,-19936,37534,-8979,32741,-14387,-273,0,28249,202,-181,183
2026-06-01,42300,43600,41900,42900,205083,8798060700,0.9412,-33932,-4553,39177,450,-513,-461,-930,0,40631,-132,-560,0
2026-06-02,43100,45300,42300,44900,460751,20687719900,4.662,-111062,3949,98733,909,8314,52215,-458,0,37754,3453,4927,-1
2026-06-04,44450,44800,42900,43850,196438,8613806300,-2.3385,21959,-40708,18679,-9188,-965,-415,1494,0,27752,67,3,1
2026-06-05,44200,44200,40900,42000,188814,7930188000,-4.2189,45266,-50211,5294,-6315,-3039,-1288,-1871,0,17807,132,-481,0
2026-06-08,40600,41750,39750,40050,180150,7215007500,-4.6429,654,-36643,36765,3900,-455,-1451,-199,0,34970,635,-1411,0
2026-06-09,40650,43100,40100,40600,297387,12073912200,1.3733,-9498,-26696,36401,-8790,1683,-10039,-418,0,53965,-121,-86,0
2026-06-10,40150,40800,39000,40000,236646,9465840000,-1.4778,36687,-61679,27853,399,-6921,-5999,-171,0,40545,560,-3421,0
