date,open,high,low,close,volume,trading_value,change_rate,individual_net,foreign_net,institution_net,pension_net,trust_net,privateequity_net,insurance_net,bank_net,financial_net,other_corp_net,other_foreign_net,other_finance_net
2017-05-22,80000,82400,64100,67200,246843,16587849600,0.0,6485,-505,-6438,0,-1000,-1800,0,0,-3638,428,30,0
2017-05-23,67900,68100,61300,61700,105417,6504228900,-8.1845,-751,3832,-3366,0,36,-3402,0,0,0,-15,300,0
2017-05-24,62400,78300,61300,72000,606642,43678224000,16.6937,12560,-9813,-764,0,0,0,0,0,0,-1746,-237,-764
2017-05-25,71900,77300,67400,68900,472274,32539678600,-4.3056,8897,-4090,-4900,0,0,-4900,0,0,0,-8,101,0
2017-05-26,70900,89500,69900,89500,589518,52761861000,29.8984,7540,-4689,-2500,0,0,-2500,0,0,0,-109,-242,0
2017-05-29,103000,106500,76400,79500,439284,34923078000,-11.1732,24242,-21827,-3315,0,0,-2000,0,0,-1315,50,850,0
2017-05-30,77500,78300,71300,74300,189160,14054588000,-6.5409,108,1051,403,0,0,0,0,0,1300,-2656,1094,-897
2017-05-31,75700,76800,70500,70500,86842,6122361000,-5.1144,-252,547,0,0,0,0,0,0,0,-694,399,0
2017-06-01,70200,71300,67400,70100,82554,5787035400,-0.5674,-354,271,0,0,0,0,0,0,0,189,-106,0
2017-06-02,70500,71600,68200,69400,54999,3816930600,-0.9986,468,-569,0,0,0,0,0,0,0,4,97,0
2017-06-05,69600,70000,68200,68700,28537,1960491900,-1.0086,606,-316,-220,0,0,0,-213,0,-7,-70,0,0
2017-06-07,68700,70000,67900,68600,21734,1490952400,-0.1456,-653,645,0,0,0,0,0,0,0,8,0,0
2017-06-08,68900,74800,68700,68900,159052,10958682800,0.4373,4987,-3603,-1801,0,0,-801,0,0,-1000,193,224,0
2017-06-09,69600,69600,68000,68100,19726,1343340600,-1.1611,-7,0,0,0,0,0,0,0,0,2,5,0
2017-06-12,68000,68800,66900,66900,18000,1204200000,-1.7621,974,-1171,167,0,-33,0,0,0,200,30,0,0
2017-06-13,66600,68000,66200,66300,11848,785522400,-0.8969,851,127,-1002,0,-334,-334,0,0,-334,24,0,0
2017-06-14,67000,70500,66000,66100,47840,3162224000,-0.3017,-1125,352,799,0,0,0,0,0,799,-27,1,0
2017-06-15,65900,68900,65900,67100,45314,3040569400,1.5129,-1713,1736,3,0,-3,0,0,0,6,-126,100,0
2017-06-16,67200,67700,66100,66200,19802,1310892400,-1.3413,859,-1174,-1,0,0,0,0,0,-1,-4,320,0
2017-06-19,65900,67000,65300,65300,13067,853275100,-1.3595,1076,-114,-968,0,0,-967,0,0,-1,16,-10,0
2017-06-20,65900,66000,63600,63600,19146,1217685600,-2.6034,1094,-1541,0,0,0,0,0,0,0,32,415,0
2017-06-21,63600,64100,62500,62900,7464,469485600,-1.1006,-274,116,0,0,0,0,0,0,0,32,126,0
2017-06-22,63000,64000,62500,62600,13677,856180200,-0.4769,85,139,0,0,0,0,0,0,0,0,-224,0
2017-06-23,68800,73900,63800,63800,101835,6497073000,1.9169,2118,-150,-793,0,0,-793,0,0,0,-3224,2049,0
2017-06-26,63000,65400,63000,63900,8601,549603900,0.1567,-305,307,0,0,0,0,0,0,0,-2,0,0
2017-06-27,63600,65500,63400,63600,11437,727393200,-0.4695,-1324,302,0,0,0,0,0,0,0,1022,0,0
2017-06-28,63600,64200,63000,63000,3967,249921000,-0.9434,179,-679,0,0,0,0,0,0,0,500,0,0
2017-06-29,62900,63500,62700,62700,4731,296633700,-0.4762,569,13,-298,0,0,-298,0,0,0,16,-300,0
2017-06-30,62700,63300,61900,62300,4953,308571900,-0.638,31,-49,1,0,0,0,0,0,1,17,0,0
2017-07-03,62500,62900,61800,62100,4262,264670200,-0.321,5,-5,0,0,0,0,0,0,0,0,0,0
2017-07-04,62100,62500,61500,61700,5379,331884300,-0.6441,1326,-90,-1300,0,0,0,0,0,-1300,17,47,0
2017-07-05,61800,62700,61700,62400,3123,194875200,1.1345,517,-14,-503,0,-500,0,0,0,-3,0,0,0
2017-07-06,62600,64900,62300,64200,9889,634873800,2.8846,960,189,-1078,0,0,-1077,0,0,-1,-42,-29,0
2017-07-07,64400,64500,63400,63800,3776,240908800,-0.6231,-389,-261,0,0,1,0,0,0,-1,650,0,0
2017-07-10,63900,63900,62500,63000,3471,218673000,-1.2539,59,-75,0,0,0,0,0,0,0,16,0,0
2017-07-11,64400,64400,62700,62800,3069,192733200,-0.3175,192,-226,34,0,0,0,-279,0,313,0,0,0
2017-07-12,64600,64600,63000,63600,2964,188510400,1.2739,-205,-268,478,0,0,0,0,0,478,-5,0,0
2017-07-13,63300,64200,63000,63100,3550,224005000,-0.7862,43,-43,0,0,0,0,0,0,0,0,0,0
2017-07-14,62800,63500,62400,62400,3688,230131200,-1.1094,136,-104,0,0,0,0,0,0,0,16,-48,0
2017-07-17,61700,63600,61700,63200,3406,215259200,1.2821,-33,13,0,0,0,0,0,0,0,20,0,0
2017-07-18,63000,63300,62500,62900,2725,171402500,-0.4747,-780,-12,0,0,0,0,0,0,0,792,0,0
2017-07-19,62300,63300,62300,62700,2854,178945800,-0.318,-1667,93,0,0,0,0,0,0,0,1574,0,0
2017-07-20,63500,63500,62500,62700,3266,204778200,0.0,-1020,64,0,0,0,0,0,0,0,956,0,0
2017-07-21,62600,62800,62100,62600,1845,115497000,-0.1595,-616,79,0,0,0,0,0,0,0,537,0,0
2017-07-24,63800,63800,61000,61900,5403,334445700,-1.1182,-829,213,0,0,0,0,0,0,0,785,-169,0
2017-07-25,61000,62500,61000,62100,2768,171892800,0.3231,-964,-216,0,0,0,0,0,0,0,1180,0,0
2017-07-26,61800,62300,61700,61700,3509,216505300,-0.6441,-1864,235,0,0,0,0,0,0,0,1673,-44,0
2017-07-27,61700,62300,61400,61700,1437,88662900,0.0,-375,60,-1,0,0,0,0,0,-1,316,0,0
2017-07-28,61500,62200,61100,61100,5819,355540900,-0.9724,-65,123,0,0,0,0,0,0,0,7,-65,0
2017-07-31,61000,61200,60500,61100,4807,293707700,0.0,114,-122,0,0,0,0,0,0,0,0,8,0
2017-08-01,61100,61500,60500,60700,2942,178579400,-0.6547,106,-106,0,0,-1,0,0,0,1,0,0,0
2017-08-02,61100,61100,60300,60700,2609,158366300,0.0,-220,219,1,0,1,0,0,0,0,0,0,0
2017-08-03,60700,60700,59100,59700,5666,338260200,-1.6474,1105,-27,0,0,0,0,0,0,0,17,-1095,0
2017-08-04,59200,60200,59200,59700,2518,150324600,0.0,-655,483,0,0,0,0,0,0,0,6,166,0
2017-08-07,60000,60000,59400,59400,1694,100623600,-0.5025,307,-324,0,0,0,0,0,0,0,17,0,0
2017-08-08,59200,59500,58400,58700,4012,235504400,-1.1785,308,-270,0,0,0,0,0,0,0,-38,0,0
2017-08-09,59000,59900,58500,58700,2612,153324400,0.0,-459,372,87,0,87,0,0,0,0,0,0,0
2017-08-10,58700,59600,58200,58800,1972,115953600,0.1704,111,-103,-1,0,0,0,0,0,-1,13,-20,0
2017-08-11,58500,58700,58000,58700,1781,104544700,-0.1701,552,-134,0,0,0,0,0,0,0,18,-436,0
2017-08-14,58600,59000,58000,58200,1126,65533200,-0.8518,10,17,31,0,0,0,32,0,-1,-41,-17,0
2017-08-16,59900,59900,58100,59200,1276,75539200,1.7182,58,-79,21,0,0,0,20,0,1,0,0,0
2017-08-17,59500,59500,58100,59200,3732,220934400,0.0,413,-393,0,0,0,0,0,0,0,-20,0,0
2017-08-18,59300,59400,58600,59400,1498,88981200,0.3378,16,-17,1,0,0,0,0,0,1,0,0,0
2017-08-21,59100,59100,58000,58500,2416,141336000,-1.5152,371,-269,0,0,0,0,0,0,0,18,-120,0
2017-08-22,59500,59500,57500,57800,2200,127160000,-1.1966,71,-89,0,0,0,0,0,0,0,18,0,0
2017-08-23,58400,58400,57000,57000,1791,102087000,-1.3841,6,-41,0,0,0,0,0,0,0,35,0,0
2017-08-24,57000,57500,56700,57300,900,51570000,0.5263,52,-70,0,0,0,0,0,0,0,18,0,0
2017-08-25,57000,57300,56700,56900,1074,61110600,-0.6981,-37,38,-1,0,-1,0,0,0,0,0,0,0
2017-08-28,57000,57900,56400,57200,2448,140025600,0.5272,-589,9,0,0,0,0,0,0,0,600,-20,0
2017-08-29,57200,57300,56600,57300,3468,198716400,0.1748,-985,85,0,0,0,0,0,0,0,900,0,0
2017-08-30,56900,57600,56500,56700,4678,265242600,-1.0471,-436,33,0,0,0,0,0,0,0,400,3,0
2017-08-31,56700,57200,56000,57000,1985,113145000,0.5291,-799,-119,0,0,0,0,0,0,0,918,0,0
2017-09-01,57500,57500,56500,57500,745,42837500,0.8772,-202,-9,0,0,0,0,0,0,0,211,0,0
2017-09-04,57000,57700,56000,56500,1633,92264500,-1.7391,-159,150,-1,0,0,0,0,0,-1,0,10,0
2017-09-05,56600,57100,55400,56900,3602,204953800,0.708,33,-70,-1,0,0,0,0,0,-1,18,20,0
2017-09-06,56900,57300,55500,55700,3519,196008300,-2.109,-181,132,-1,0,0,0,0,0,-1,0,50,0
2017-09-07,55500,56900,55500,56700,1088,61689600,1.7953,-515,515,0,0,0,0,0,0,0,0,0,0
2017-09-08,56900,57000,55700,57000,2762,157434000,0.5291,-521,498,-7,0,0,0,0,0,-7,0,30,0
2017-09-11,57800,57800,55600,56900,3209,182592100,-0.1754,-277,346,-7,0,-3,0,1,0,-5,-95,33,0
2017-09-12,56300,57200,55900,56700,2975,168682500,-0.3515,-77,76,1,0,0,0,0,0,1,0,0,0
2017-09-13,56700,56800,55200,55200,5581,308071200,-2.6455,451,333,-790,0,0,0,0,0,-790,-28,34,0
2017-09-14,54500,56000,54500,55600,1708,94964800,0.7246,65,69,0,0,0,0,0,0,0,-134,0,0
2017-09-15,54700,55700,54000,54400,7069,384553600,-2.1583,-649,590,0,0,0,0,0,0,0,19,40,0
2017-09-18,54400,55900,53000,53500,5136,274776000,-1.6544,-19,-34,-3,0,0,0,0,0,-3,38,18,0
2017-09-19,54600,54600,52400,53200,2795,148694000,-0.5607,-24,8,-4,0,0,0,0,0,-4,20,0,0
2017-09-20,53200,53200,51300,51800,6698,346956400,-2.6316,-178,119,0,0,0,0,0,0,0,40,19,0
2017-09-21,51400,51800,49500,49800,10040,499992000,-3.861,-281,84,0,0,0,0,0,0,0,141,56,0
2017-09-22,49000,50300,48700,49000,8420,412580000,-1.6064,-277,526,0,0,0,0,0,0,0,21,-270,0
2017-09-25,49800,49800,47300,47300,6367,301159100,-3.4694,-862,858,4,0,0,0,0,0,4,0,0,0
2017-09-26,47300,49450,47000,48750,5518,269002500,3.0655,-572,2132,0,0,0,0,0,0,0,0,-1560,0
2017-09-27,48050,55400,48050,51000,8875,452625000,4.6154,-700,700,0,0,0,0,0,0,0,0,0,0
2017-09-28,52000,55100,51000,53200,4883,259775600,4.3137,116,-116,0,0,0,0,0,0,0,0,0,0
2017-09-29,52700,54400,49950,52600,6439,338691400,-1.1278,-465,465,0,0,0,0,0,0,0,0,0,0
2017-10-10,52500,53000,52000,52500,690,36225000,-0.1901,-21,21,0,0,0,0,0,0,0,0,0,0
2017-10-11,52200,53300,52100,53000,2429,128737000,0.9524,-495,495,0,0,0,0,0,0,0,0,0,0
2017-10-12,53300,54800,52700,54200,2629,142491800,2.2642,-91,108,51,0,0,0,51,0,0,0,-68,0
2017-10-13,54300,55600,54300,55000,4165,229075000,1.476,-176,183,-7,0,0,0,0,0,-7,0,0,0
2017-10-16,55000,55700,54700,55100,1019,56146900,0.1818,129,-129,0,0,0,0,0,0,0,0,0,0
2017-10-17,55100,55800,54100,55000,2285,125675000,-0.1815,-51,51,0,0,0,0,0,0,0,0,0,0
2017-10-18,55700,55700,54800,55300,1799,99484700,0.5455,255,-255,0,0,0,0,0,0,0,0,0,0
2017-10-19,55300,55400,55000,55200,1062,58622400,-0.1808,18,-27,0,0,0,0,0,0,0,0,9,0
2017-10-20,55200,55600,55000,55300,1488,82286400,0.1812,72,-72,0,0,0,0,0,0,0,0,0,0
2017-10-23,55300,55500,55000,55500,1789,99289500,0.3617,-176,178,-2,0,0,0,-1,0,-1,0,0,0
2017-10-24,55500,55800,55300,55700,2008,111845600,0.3604,5,590,0,0,0,0,0,0,0,-595,0,0
2017-10-25,55500,55500,55000,55200,1309,72256800,-0.8977,196,-196,0,0,0,0,0,0,0,0,0,0
2017-10-26,55200,55500,54900,55000,1331,73205000,-0.3623,-51,51,0,0,0,0,0,0,0,0,0,0
2017-10-27,55000,55600,55000,55500,1457,80863500,0.9091,-222,223,-1,0,0,0,0,0,-1,0,0,0
2017-10-30,55500,56800,55500,56600,1716,97125600,1.982,-407,407,0,0,0,0,0,0,0,0,0,0
2017-10-31,56600,57800,56500,56800,11533,655074400,0.3534,-508,508,0,0,0,0,0,0,0,0,0,0
2017-11-01,56600,57300,56600,57000,1944,110808000,0.3521,387,-217,-170,0,0,0,-170,0,0,0,0,0
2017-11-02,56700,57400,56200,57100,1087,62067700,0.1754,114,-114,0,0,0,0,0,0,0,0,0,0
2017-11-03,57400,57400,56600,56900,550,31295000,-0.3503,-158,13,1,0,0,0,0,0,1,144,0,0
2017-11-06,56300,56900,56200,56900,1494,85008600,0.0,-45,2,0,0,0,0,0,0,0,510,-467,0
2017-11-07,56600,57800,56600,57300,694,39766200,0.703,35,-27,-8,0,0,0,-3,0,-5,0,0,0
2017-11-08,56600,57800,56500,56500,1993,112604500,-1.3962,-640,156,-16,0,0,0,0,0,-16,500,0,0
2017-11-09,57500,57500,56800,57100,1164,66464400,1.0619,-479,-7,32,0,0,0,32,0,0,454,0,0
2017-11-10,57500,57500,56900,56900,636,36188400,-0.3503,15,-15,0,0,0,0,0,0,0,0,0,0
2017-11-13,57000,57700,56800,57700,1073,61912100,1.406,-126,126,0,0,0,0,0,0,0,0,0,0
2017-11-14,57300,68900,57300,60800,15468,940454400,5.3726,113,-110,-3,0,0,0,0,0,-3,0,0,0
2017-11-15,63200,63200,60100,60700,5187,314850900,-0.1645,313,-227,-32,0,0,0,0,0,-32,0,-54,0
2017-11-16,61200,61200,58500,59900,2973,178082700,-1.318,50,-49,-1,0,0,0,0,0,-1,0,0,0
2017-11-17,59900,59900,58200,59300,1480,87764000,-1.0017,170,-170,0,0,0,0,0,0,0,0,0,0
2017-11-20,59300,59500,58400,58500,2707,158359500,-1.3491,-14,14,0,0,0,0,0,0,0,0,0,0
2017-11-21,58800,59000,57600,58400,1370,80008000,-0.1709,-164,-36,0,0,0,0,0,0,0,200,0,0
2017-11-22,57600,58400,57100,57500,1896,109020000,-1.5411,-167,-168,0,0,0,0,0,0,0,335,0,0
2017-11-23,57600,58400,57200,58000,1915,111070000,0.8696,-1482,-60,0,0,0,0,0,0,0,1392,150,0
2017-11-24,58300,58300,57000,57700,1984,114476800,-0.5172,-1278,4,0,0,0,0,0,0,0,1274,0,0
2017-11-27,57200,58200,56900,57700,1877,108302900,0.0,-1040,50,-1,0,0,0,0,0,-1,1000,-9,0
2017-11-28,58300,58300,57000,57400,609,34956600,-0.5199,152,-158,6,0,4,0,0,0,2,0,0,0
2017-11-29,57400,57900,56100,57000,1557,88749000,-0.6969,-661,-39,4,0,4,0,0,0,0,696,0,0
2017-11-30,57000,57400,56400,57000,4139,235923000,0.0,-2546,13,33,0,0,0,1,0,32,2500,0,0
2017-12-01,57000,57400,56600,57200,1124,64292800,0.3509,62,-72,10,0,6,0,0,0,4,0,0,0
2017-12-04,58000,58000,56600,57000,589,33573000,-0.3497,16,-21,5,0,0,0,0,0,5,0,0,0
2017-12-05,57400,57400,56400,57000,298,16986000,0.0,29,-29,0,0,0,0,0,0,0,0,0,0
2017-12-06,57000,57100,56100,56900,2249,127968100,-0.1754,649,-657,8,0,6,0,0,0,2,0,0,0
2017-12-07,56400,57400,56000,56300,1555,87546500,-1.0545,451,-461,8,0,0,0,0,0,8,2,0,0
2017-12-08,55300,57200,55300,55800,1675,93465000,-0.8881,189,-259,15,0,16,0,0,0,-1,55,0,0
2017-12-11,58000,59900,56000,57900,8431,488154900,3.7634,-1599,-53,12,0,0,0,0,0,12,1640,0,0
2017-12-12,57900,58500,56700,57500,3764,216430000,-0.6908,-1700,-957,-26,0,0,0,-28,0,2,2683,0,0
2017-12-13,57700,58200,57500,58000,5741,332978000,0.8696,-4950,107,34,0,0,0,0,0,34,4809,0,0
2017-12-14,58000,59900,58000,58800,2868,168638400,1.3793,-2088,85,1,0,0,0,0,0,1,2002,0,0
2017-12-15,58200,59400,58200,59000,34095,2011605000,0.3401,-30395,322,0,0,0,0,0,0,0,30073,0,0
2017-12-18,59300,60500,58500,59200,62125,3677800000,0.339,-58606,-124,3,0,0,0,0,0,3,58727,0,0
2017-12-19,59000,59500,59000,59200,22653,1341057600,0.0,-19871,34,3,0,0,0,0,0,3,19834,0,0
2017-12-20,59200,59500,58200,58300,29110,1697113000,-1.5203,-27291,626,105,0,105,0,0,0,0,26560,0,0
2017-12-21,58200,59400,57900,58600,35888,2103036800,0.5146,-33753,977,34,0,0,0,0,0,34,32742,0,0
2017-12-22,58600,59400,58600,58800,60253,3542876400,0.3413,-22015,1074,8,0,0,0,0,0,8,20933,0,0
2017-12-26,58900,59100,58500,58700,2531,148569700,-0.1701,45,-49,4,0,0,0,0,0,4,0,0,0
2017-12-27,59600,59600,56700,57800,3000,173400000,-1.5332,-1605,-401,6,0,0,0,0,0,6,2000,0,0
2017-12-28,58900,64000,58000,58400,22056,1288070400,1.0381,-2120,542,80,0,0,0,0,0,80,1498,0,0
2018-01-02,58300,58800,57600,57600,2532,145843200,-1.3699,281,-211,-80,0,0,0,0,0,-80,10,0,0
2018-01-03,57600,58400,56700,58100,5011,291139100,0.8681,-2032,-501,558,0,558,0,0,0,0,1975,0,0
2018-01-04,59500,59500,57700,58500,4284,250614000,0.6885,-702,-1655,770,0,542,57,0,0,171,1587,0,0
2018-01-05,59800,59800,58100,58800,2172,127713600,0.5128,646,-249,52,0,0,0,0,0,52,-449,0,0
2018-01-08,58200,58500,57100,58500,4212,246402000,-0.5102,631,-247,0,0,0,0,0,0,0,-384,0,0
2018-01-09,58400,59500,56800,56800,5684,322851200,-2.906,1124,-1344,-3,0,0,0,0,0,-3,223,0,0
2018-01-10,57000,58600,56300,57300,4398,252005400,0.8803,-737,-358,7,0,0,0,0,0,7,1088,0,0
2018-01-11,57300,57400,55700,57000,4220,240540000,-0.5236,1108,-1131,18,0,0,0,0,0,18,5,0,0
2018-01-12,57000,59000,56500,58000,5053,293074000,1.7544,-1248,1192,57,0,0,0,0,0,57,-1,0,0
2018-01-15,57500,57700,56500,56500,6235,352277500,-2.5862,-4354,-123,0,0,0,0,0,0,0,4477,0,0
2018-01-16,56500,56500,55800,56400,3968,223795200,-0.177,-2615,58,57,0,0,0,0,0,57,2500,0,0
2018-01-17,56400,56400,55200,55800,13207,736950600,-1.0638,-1769,-6478,0,0,0,0,0,0,0,8247,0,0
2018-01-18,55800,56400,55500,55500,3095,171772500,-0.5376,-490,-67,80,0,0,0,0,0,80,477,0,0
2018-01-19,55500,56400,55300,56200,2368,133081600,1.2613,-1471,1469,-24,0,0,0,0,0,-24,26,0,0
2018-01-22,56200,56200,55500,56000,2760,154560000,-0.3559,-2177,178,-1,0,0,0,0,0,-1,2000,0,0
2018-01-23,55500,56700,55500,56200,2764,155336800,0.3571,-1497,-24,-4,0,0,0,0,0,-4,1525,0,0
2018-01-24,56200,56800,56100,56700,490,27783000,0.8897,-100,98,2,0,0,0,0,0,2,0,0,0
2018-01-25,56700,57900,56500,57400,3178,182417200,1.2346,-2071,1311,-5,0,0,0,0,0,-5,765,0,0
2018-01-26,57800,60000,57500,59400,3912,232372800,3.4843,-34,40,-4,0,0,0,0,0,-4,-2,0,0
2018-01-29,60100,60100,58500,59700,1990,118803000,0.5051,-1257,1262,-5,0,0,0,0,0,-5,0,0,0
2018-01-30,59700,60500,58400,60400,5997,362218800,1.1725,-1120,1119,8,0,0,0,0,0,8,-7,0,0
2018-01-31,60000,60200,58200,59700,5382,321305400,-1.1589,-645,640,0,0,0,0,0,0,0,5,0,0
2018-02-01,59800,60200,58800,59300,2057,121980100,-0.67,-103,189,1,0,0,0,0,0,1,-134,47,0
2018-02-02,60100,60100,58300,59000,4989,294351000,-0.5059,118,-119,0,0,0,0,0,0,0,1,0,0
2018-02-05,57500,59000,57500,58700,3719,218305300,-0.5085,1501,38,80,0,0,0,0,0,80,-6,-1613,0
2018-02-06,59600,59600,56400,58100,1711,99409100,-1.0221,-691,-65,37,0,3,0,0,0,34,719,0,0
2018-02-07,58700,58700,57400,58100,1916,111319600,0.0,-1241,-243,3,0,0,0,1,0,2,1481,0,0
2018-02-08,58200,58200,57500,57700,1180,68086000,-0.6885,-778,30,-2,0,0,0,0,0,-2,750,0,0
2018-02-09,57200,58000,57000,57800,1743,100745400,0.1733,-1269,-122,20,0,0,0,0,0,20,1371,0,0
2018-02-12,58000,58400,57300,58200,1167,67919400,0.692,-262,245,17,0,3,0,0,0,14,0,0,0
2018-02-13,58500,59000,57500,58200,1424,82876800,0.0,-344,-107,0,0,0,0,0,0,0,451,0,0
2018-02-14,58200,58200,57600,58200,996,57967200,0.0,51,-423,0,0,0,0,0,0,0,372,0,0
2018-02-19,59700,59700,57200,58200,2188,127341600,0.0,13,-13,0,0,0,0,0,0,0,0,0,0
2018-02-20,58200,58300,57600,58300,1036,60398800,0.1718,-9,16,-7,0,0,0,0,0,-7,0,0,0
2018-02-21,58800,58800,57400,58300,506,29499800,0.0,74,-70,-4,0,0,0,0,0,-4,0,0,0
2018-02-22,58000,58300,57000,57600,1171,67449600,-1.2007,16,-79,-52,0,0,0,1,0,-53,115,0,0
2018-02-23,57600,58500,57100,57800,4464,258019200,0.3472,-2953,198,8,0,0,0,9,0,-1,2747,0,0
2018-02-26,57500,58400,57200,58200,1097,63845400,0.692,-46,-9,5,0,0,0,4,0,1,50,0,0
2018-02-27,58200,58300,57000,58300,3282,191340600,0.1718,-806,-190,-261,0,0,0,-261,0,0,1257,0,0
2018-02-28,58300,59100,57700,58600,3762,220453200,0.5146,-2202,-87,1280,0,0,0,1269,0,11,1009,0,0
2018-03-02,58600,59700,58600,59200,3200,189440000,1.0239,-1153,838,17,0,0,0,5,0,12,298,0,0
2018-03-05,58800,60500,58800,60000,16431,985860000,1.3514,-2229,2149,9,0,0,0,0,0,9,71,0,0
2018-03-06,60600,60600,59700,60100,2658,159745800,0.1667,-930,823,107,0,103,0,3,0,1,0,0,0
2018-03-07,60000,60500,59200,59800,3970,237406000,-0.4992,-676,117,63,0,0,0,47,0,16,496,0,0
2018-03-08,60100,60500,59200,60200,4094,246458800,0.6689,-2046,146,0,0,0,0,0,0,0,1900,0,0
2018-03-09,60000,60600,59600,59800,2551,152549800,-0.6645,-163,147,16,0,0,0,16,0,0,0,0,0
2018-03-12,59800,60500,59800,60500,3389,205034500,1.1706,-1465,612,853,0,853,0,32,0,-32,0,0,0
2018-03-13,60700,60700,60000,60200,3953,237970600,-0.4959,-284,252,26,0,0,0,32,0,-6,6,0,0
2018-03-14,60000,60100,59700,59800,1190,71162000,-0.6645,-7,6,0,0,0,0,0,0,0,1,0,0
2018-03-15,59500,60200,59500,59800,4292,256661600,0.0,-1583,95,750,0,524,226,0,0,0,738,0,0
2018-03-16,59900,60200,59600,60200,5337,321287400,0.6689,-1957,767,0,0,0,0,0,0,0,1190,0,0
2018-03-19,60000,60600,59600,60600,4897,296758200,0.6645,-1435,340,13,0,0,0,13,0,0,1082,0,0
2018-03-20,60400,60600,59900,60300,7221,435426300,-0.495,-587,87,499,0,330,170,0,0,-1,1,0,0
2018-03-21,60400,60500,60000,60000,7630,457800000,-0.4975,-679,116,0,0,0,0,0,0,0,563,0,0
2018-03-22,60100,60600,59900,60500,40077,2424658500,0.8333,-31619,1524,35,0,0,0,32,0,3,30060,0,0
2018-03-23,60500,60500,59000,60100,10155,610315500,-0.6612,-2042,-702,-74,0,0,0,0,0,-74,2818,0,0
2018-03-26,60000,60700,59000,60700,19348,1174423600,0.9983,-4117,1178,-3,0,0,0,0,0,-3,2942,0,0
2018-03-27,60800,61700,60600,60800,10986,667948800,0.1647,-134,135,0,0,0,0,0,0,0,-1,0,0
2018-03-28,60400,60600,59000,60200,4284,257896800,-0.9868,-2226,187,-763,0,0,0,-760,0,-3,2802,0,0
2018-03-29,59300,60600,59300,60400,3078,185911200,0.3322,-1006,-749,0,0,0,0,0,0,0,1755,0,0
2018-03-30,60600,60600,59500,60500,6754,408617000,0.1656,-5645,811,224,0,0,0,0,0,224,4610,0,0
2018-04-02,60500,61100,60100,60200,1160,69832000,-0.4959,-92,90,2,0,0,0,0,0,2,0,0,0
2018-04-03,60100,60300,59700,60300,2484,149785200,0.1661,-1833,-524,0,0,0,0,0,0,0,2357,0,0
2018-04-04,60400,60600,59900,60300,1634,98530200,0.0,-661,-560,-3,0,0,0,0,0,-3,1224,0,0
2018-04-05,60300,60600,59900,60500,3382,204611000,0.3317,-2114,-15,40,0,0,0,0,0,40,2185,-96,0
2018-04-06,60600,61300,60200,60200,2022,121724400,-0.4959,457,-207,0,0,0,0,0,0,0,-250,0,0
2018-04-09,60000,60300,59500,60000,3264,195840000,-0.3322,-2147,-30,0,0,0,0,0,0,0,2177,0,0
2018-04-10,60100,60300,59500,60200,1791,107818200,0.3333,-732,-385,26,0,0,0,0,0,26,1091,0,0
2018-04-11,60600,60700,60200,60300,2276,137242800,0.1661,-376,218,158,0,135,0,0,0,23,0,0,0
2018-04-12,59800,61000,59800,60000,1140,68400000,-0.4975,-160,162,-2,0,0,0,-14,0,12,0,0,0
2018-04-13,59900,62400,59900,61300,3637,222948100,2.1667,-77,77,0,0,0,0,0,0,0,0,0,0
2018-04-16,62300,62300,60100,60500,2848,172304000,-1.3051,63,-75,12,0,0,0,0,0,12,0,0,0
2018-04-17,61800,61800,60300,60900,1220,74298000,0.6612,8,-11,3,0,12,0,-22,0,13,0,0,0
2018-04-18,61200,62200,60500,60500,1713,103636500,-0.6568,109,-91,-18,0,0,0,-22,0,4,0,0,0
2018-04-19,60500,60900,60100,60200,1743,104928600,-0.4959,-51,117,-67,0,12,0,-132,0,53,1,0,0
2018-04-20,60200,60200,59700,60000,1971,118260000,-0.3322,398,-282,-116,0,4,0,-132,0,12,0,0,0
2018-04-23,59800,60000,58600,58600,2051,120188600,-2.3333,204,-157,-47,0,-52,0,0,0,5,0,0,0
2018-04-24,59700,59700,58500,59100,582,34396200,0.8532,174,-54,-120,0,0,0,-132,0,12,0,0,0
2018-04-25,59100,60300,58600,60300,2855,172156500,2.0305,-150,-197,21,0,0,0,0,0,21,326,0,0
2018-04-26,59800,60000,58700,58800,1164,68443200,-2.4876,-384,-77,-9,0,-6,0,0,0,-3,470,0,0
2018-04-27,58800,59400,58700,59100,1114,65837400,0.5102,-169,-78,0,0,0,0,0,0,0,247,0,0
2018-04-30,59600,59600,58700,59100,569,33627900,0.0,-181,-46,-3,0,0,0,0,0,-3,230,0,0
2018-05-02,59000,59200,58500,59000,344,20296000,-0.1692,-27,-42,-1,0,0,0,0,0,-1,70,0,0
2018-05-03,59000,59900,59000,59900,399,23900100,1.5254,18,-103,5,0,0,0,0,0,5,80,0,0
2018-05-04,59000,61000,58500,60100,1193,71699300,0.3339,-92,-83,40,0,0,0,36,0,4,135,0,0
2018-05-08,60100,60100,59000,59400,1565,92961000,-1.1647,-965,-142,3,0,0,0,0,0,3,1104,0,0
2018-05-09,58200,59600,58100,59300,1887,111899100,-0.1684,-516,17,-2,0,0,0,0,0,-2,501,0,0
2018-05-10,59300,59700,59200,59300,2188,129748400,0.0,-1115,976,-3,0,0,0,0,0,-3,142,0,0
2018-05-11,59300,60000,58400,59400,374,22215600,0.1686,-76,-9,0,0,0,0,0,0,0,85,0,0
2018-05-14,59900,59900,58600,59800,585,34983000,0.6734,-100,0,0,0,0,0,0,0,0,100,0,0
2018-05-15,59800,59900,59000,59700,4096,244531200,-0.1672,-1084,-121,867,0,369,500,0,0,-2,338,0,0
2018-05-16,59000,61000,59000,60400,3643,220037200,1.1725,-480,-176,202,0,0,0,155,0,47,454,0,0
2018-05-17,60500,60700,59600,60500,3395,205397500,0.1656,-1330,40,1215,0,1200,0,0,0,15,75,0,0
2018-05-18,60500,61700,60500,60800,3119,189635200,0.4959,-933,25,562,0,0,500,0,0,62,346,0,0
2018-05-21,60900,62400,60900,61800,3613,223283400,1.6447,-468,61,-12,0,0,0,0,0,-12,419,0,0
2018-05-23,60800,62200,60800,62100,3484,216356400,0.4854,-841,-82,637,0,0,600,0,0,37,384,-98,0
2018-05-24,62100,66800,61500,65900,10744,708029600,6.1192,-943,-78,731,0,0,683,0,0,48,290,0,0
2018-05-25,65800,65800,63100,64000,4552,291328000,-2.8832,-127,-293,-38,0,10,0,0,0,-48,458,0,0
2018-05-28,63300,63800,61000,61800,5729,354052200,-3.4375,-1294,74,-61,0,0,0,-59,0,-2,1281,0,0
2018-05-29,61600,62900,61100,61900,3185,197151500,0.1618,-925,655,0,0,0,0,0,0,0,270,0,0
2018-05-30,62000,62700,61100,61900,1577,97616300,0.0,-68,-85,51,0,0,0,0,0,51,102,0,0
2018-05-31,61200,63500,61200,62000,930,57660000,0.1616,-394,43,23,0,0,0,0,0,23,328,0,0
2018-06-01,62400,62500,62000,62400,1144,71385600,0.6452,-213,17,-1,0,0,0,1,0,-2,297,-100,0
2018-06-04,62900,62900,61800,61800,824,50923200,-0.9615,129,-94,-35,0,0,0,-36,0,1,0,0,0
2018-06-05,61700,62500,61700,62500,681,42562500,1.1327,-6,6,0,0,0,0,0,0,0,0,0,0
2018-06-07,62400,62700,61900,62700,858,53796600,0.32,55,-55,0,0,0,0,0,0,0,0,0,0
2018-06-08,62000,62700,62000,62500,525,32812500,-0.319,46,-46,0,0,0,0,0,0,0,0,0,0
2018-06-11,63700,63700,62500,62500,490,30625000,0.0,154,-106,0,0,0,0,0,0,0,52,-100,0
2018-06-12,62000,62900,62000,62600,741,46386600,0.16,104,-107,0,0,0,0,0,0,0,3,0,0
2018-06-14,62600,62600,62000,62200,641,39870200,-0.639,41,-109,3,0,0,0,0,0,3,65,0,0
2018-06-15,63500,63500,62200,62800,818,51370400,0.9646,40,-43,-8,0,-21,0,0,0,13,211,-200,0
2018-06-18,63800,63800,62200,62500,1519,94937500,-0.4777,92,-190,-1,0,0,0,0,0,-1,99,0,0
2018-06-19,62600,63200,62400,62400,1673,104395200,-0.16,62,-135,73,0,0,0,0,0,73,0,0,0
2018-06-20,61700,62500,61700,62400,665,41496000,0.0,-156,-49,5,0,0,0,0,0,5,200,0,0
2018-06-21,62100,62400,61300,62200,1532,95290400,-0.3205,-118,-69,4,0,0,0,0,0,4,210,-27,0
2018-06-22,62400,62600,61900,62300,490,30527000,0.1608,6,-14,9,0,0,0,0,0,9,-1,0,0
2018-06-25,62300,62400,59500,62100,1909,118548900,-0.321,-147,34,3,0,0,0,0,0,3,110,0,0
2018-06-26,62800,62900,61800,61900,2058,127390200,-0.3221,-182,-70,2,0,0,0,0,0,2,250,0,0
2018-06-27,62400,62400,61900,61900,1031,63818900,0.0,74,-73,-1,0,0,0,0,0,-1,0,0,0
2018-06-28,61500,61800,61300,61500,799,49138500,-0.6462,30,-83,-147,0,-154,0,0,0,7,200,0,0
2018-06-29,61500,61500,60500,60500,828,50094000,-1.626,-72,-94,16,0,0,0,0,0,16,150,0,0
2018-07-02,59600,60200,59000,59000,725,42775000,-2.4793,-110,-91,0,0,0,0,0,0,0,201,0,0
2018-07-03,59000,60600,59000,59200,566,33507200,0.339,153,-153,0,0,0,0,0,0,0,0,0,0
2018-07-04,59400,61000,59100,59400,460,27324000,0.3378,18,-12,-6,0,0,0,0,0,-6,0,0,0
2018-07-05,59300,60900,59300,60200,51,3070200,1.3468,25,-34,9,0,0,0,0,0,9,0,0,0
2018-07-06,60000,60900,59500,60400,775,46810000,0.3322,45,-45,0,0,0,0,0,0,0,0,0,0
2018-07-09,60400,60400,59500,59500,167,9936500,-1.4901,20,-16,-4,0,0,0,0,0,-4,0,0,0
2018-07-10,59500,60300,58600,60100,409,24580900,1.0084,-221,-28,219,0,0,200,3,0,16,30,0,0
2018-07-11,60700,60700,59900,60000,283,16980000,-0.1664,-7,-44,51,0,0,0,0,0,51,0,0,0
2018-07-12,60000,60500,59900,60200,408,24561600,0.3333,28,-24,-4,0,0,0,1,0,-5,0,0,0
2018-07-13,60200,60200,59400,59900,208,12459200,-0.4983,40,-44,4,0,0,0,0,0,4,0,0,0
2018-07-16,59100,60000,59000,59900,182,10901800,0.0,40,-42,2,0,0,0,0,0,2,0,0,0
2018-07-17,59900,61500,59900,61300,3137,192298100,2.3372,-958,-39,29,0,28,0,0,0,1,1204,-236,0
2018-07-18,60400,61400,60400,60900,588,35809200,-0.6525,154,-53,-1,0,0,0,0,0,-1,100,-200,0
2018-07-19,60900,61900,60700,61900,1809,111977100,1.642,-1509,-39,0,0,0,0,0,0,0,1548,0,0
2018-07-20,62200,62200,61700,62000,1423,88226000,0.1616,-583,-83,-151,0,0,0,-150,0,-1,817,0,0
2018-07-23,62000,62700,61400,61900,1780,110182000,-0.1613,-841,-49,-31,0,0,0,0,0,-31,921,0,0
2018-07-24,61900,63000,61900,62100,1715,106501500,0.3231,-1039,-35,2,0,0,0,1,0,1,1072,0,0
2018-07-25,61700,62300,61700,61800,5626,347686800,-0.4831,-1871,-9,-29,0,-28,0,0,0,-1,1909,0,0
2018-07-26,63600,63600,62000,62500,2733,170812500,1.1327,-997,0,0,0,0,0,0,0,0,997,0,0
2018-07-27,61600,62900,61600,62400,3533,220459200,-0.16,-2125,0,-4,0,0,0,0,0,-4,2129,0,0
2018-07-30,62400,63300,62000,63000,3811,240093000,0.9615,-1258,39,-1,0,0,0,0,0,-1,1220,0,0
2018-07-31,63000,63000,62300,63000,1929,121527000,0.0,-1150,0,0,0,0,0,0,0,0,1150,0,0
2018-08-01,62000,63100,62000,62900,1693,106489700,-0.1587,-1377,52,-1,0,0,0,-1,0,0,1326,0,0
2018-08-02,62800,63200,62600,62700,1237,77559900,-0.318,-693,85,184,196,0,0,0,0,-12,424,0,0
2018-08-03,62800,63200,61500,62600,119,7449400,-0.1595,-49,2,1,0,1,0,0,0,0,46,0,0
2018-08-06,62100,63200,62100,63100,1729,109099900,0.7987,-1545,880,315,0,0,0,0,0,315,350,0,0
2018-08-07,63900,63900,62000,63100,832,52499200,0.0,-612,-13,17,0,14,0,0,0,3,608,0,0
2018-08-08,63100,63100,62600,62600,69,4319400,-0.7924,61,-60,-1,0,0,0,0,0,-1,0,0,0
2018-08-09,62100,63400,62100,62200,320,19904000,-0.639,7,-16,9,0,0,0,0,0,9,0,0,0
2018-08-10,62300,63000,62300,62800,1149,72157200,0.9646,-51,-146,197,196,0,0,0,0,1,0,0,0
2018-08-13,62800,63600,62200,62800,1293,81200400,0.0,31,-40,9,0,0,0,0,0,9,0,0,0
2018-08-14,62800,74000,62400,67000,28903,1936501000,6.6879,-1225,-272,12,0,0,0,0,0,12,1485,0,0
2018-08-16,67000,69200,66500,69000,10245,706905000,2.9851,-441,9,5,0,0,0,0,0,5,427,0,0
2018-08-17,69000,69300,67000,68700,3301,226778700,-0.4348,-125,17,9,0,0,0,0,0,9,99,0,0
2018-08-20,68700,69200,67400,68400,1892,129412800,-0.4367,315,-490,5,0,0,0,0,0,5,170,0,0
2018-08-21,67500,68400,66700,67000,1107,74169000,-2.0468,347,-183,1,0,0,0,0,0,1,-165,0,0
2018-08-22,67000,67500,66500,66600,374,24908400,-0.597,155,-117,2,0,0,0,0,0,2,-40,0,0
2018-08-23,66700,67000,66200,66400,1133,75231200,-0.3003,285,-312,4,0,0,0,0,0,4,23,0,0
2018-08-24,66100,66400,65100,66000,937,61842000,-0.6024,47,-42,-5,0,0,0,0,0,-5,0,0,0
2018-08-27,66000,66900,66000,66700,1102,73503400,1.0606,-11,11,0,0,0,0,0,0,0,0,0,0
2018-08-28,66700,67800,66400,66700,1149,76638300,0.0,99,-49,0,0,0,0,0,0,0,-50,0,0
2018-08-29,67600,67600,65500,66500,1332,88578000,-0.2999,20,-35,-4,0,0,0,0,0,-4,19,0,0
2018-08-30,65500,66400,64600,65700,902,59261400,-1.203,72,-65,-7,0,0,0,0,0,-7,0,0,0
2018-08-31,65700,65700,64800,65700,831,54596700,0.0,72,-82,10,0,0,0,0,0,10,0,0,0
2018-09-03,65700,66700,65500,65500,758,49649000,-0.3044,-54,11,93,39,0,0,54,0,0,-50,0,0
2018-09-04,65000,66700,65000,66500,2728,181412000,1.5267,-1597,-18,195,0,0,0,0,0,195,1420,0,0
2018-09-05,68900,68900,66500,66900,848,56731200,0.6015,124,-14,-10,0,0,0,0,0,-10,-100,0,0
2018-09-06,66900,67100,66100,67100,1786,119840600,0.299,71,-74,3,0,0,0,0,0,3,0,0,0
2018-09-07,67400,67600,66200,67500,1424,96120000,0.5961,49,-52,1,0,0,0,0,0,1,2,0,0
2018-09-10,67000,67700,67000,67600,1831,123775600,0.1481,-555,-12,208,0,6,0,0,0,202,359,0,0
2018-09-11,67600,67800,66900,67500,694,46845000,-0.1479,26,-33,7,0,0,0,0,0,7,0,0,0
2018-09-12,67500,67700,66300,67700,682,46171400,0.2963,-157,-63,71,0,0,0,72,0,-1,149,0,0
2018-09-13,68000,68500,67000,67500,1561,105367500,-0.2954,79,-83,14,0,0,0,0,0,14,-10,0,0
2018-09-14,68000,68500,67300,67800,1431,97021800,0.4444,131,-28,-3,0,0,0,0,0,-3,-100,0,0
2018-09-17,67800,68300,67500,68000,1546,105128000,0.295,28,-45,12,0,0,0,12,0,0,5,0,0
2018-09-18,68000,68000,67000,67800,1728,117158400,-0.2941,-950,11,502,0,0,100,0,0,402,437,0,0
2018-09-19,67800,67800,65300,66600,4064,270662400,-1.7699,-468,-168,0,0,0,0,0,0,0,636,0,0
2018-09-20,66600,66700,65500,66500,2034,135261000,-0.1502,-466,-52,503,0,0,500,0,0,3,15,0,0
2018-09-21,66200,67000,65600,67000,3017,202139000,0.7519,-2179,693,486,13,0,193,18,0,262,1000,0,0
2018-09-27,67000,67900,66500,67500,1418,95715000,0.7463,-324,181,143,0,0,0,141,0,2,0,0,0
2018-09-28,67500,68100,67500,67700,1373,92952100,0.2963,-201,95,56,0,0,0,34,0,22,50,0,0
2018-10-01,67800,68900,67700,68900,3469,239014100,1.7725,-363,150,213,0,0,200,0,0,13,0,0,0
2018-10-02,70000,70500,68900,70200,3940,276588000,1.8868,218,175,8,0,0,0,0,0,8,-401,0,0
2018-10-04,70200,71200,68400,69300,2728,189050400,-1.2821,-87,67,20,0,0,0,0,0,20,0,0,0
2018-10-05,69200,70000,67700,69900,2030,141897000,0.8658,-579,-351,930,504,0,0,276,0,150,0,0,0
2018-10-08,70000,70100,68500,68500,1663,113915500,-2.0029,112,-98,10,0,0,0,0,0,10,-24,0,0
2018-10-10,68500,70000,66500,67600,3802,257015200,-1.3139,-526,215,311,0,0,0,3,0,308,0,0,0
2018-10-11,64900,66700,64900,66300,8777,581915100,-1.9231,-4538,622,14,0,0,0,3,0,11,3902,0,0
2018-10-12,66300,67500,66000,67500,1464,98820000,1.81,-424,89,335,0,0,0,0,0,335,0,0,0
2018-10-15,67500,67500,66000,67300,1423,95767900,-0.2963,-177,-139,316,0,0,295,0,0,21,0,0,0
2018-10-16,67200,67400,66500,67400,1285,86609000,0.1486,-365,-230,306,0,0,0,0,0,306,289,0,0
2018-10-17,67400,72400,67300,68900,687,47334300,2.2255,130,-134,4,0,0,0,0,0,4,0,0,0
2018-10-18,67300,68700,67000,67600,1594,107754400,-1.8868,-31,-275,56,0,56,0,0,0,0,250,0,0
2018-10-19,67400,67400,65000,67100,1987,133327700,-0.7396,-1333,-138,632,0,592,0,0,0,40,839,0,0
2018-10-22,67100,67100,66000,67100,291,19526100,0.0,-2,0,2,0,0,0,0,0,2,0,0,0
2018-10-23,67100,67100,65800,66900,1516,101420400,-0.2981,-378,-158,302,0,300,0,0,0,2,234,0,0
2018-10-24,67100,67100,65500,65800,8214,540481200,-1.6442,-3617,-1551,706,0,0,500,0,0,206,4462,0,0
2018-10-25,64900,65700,63800,65300,11507,751407100,-0.7599,-6229,-1545,550,0,450,162,0,0,-62,7224,0,0
2018-10-26,64200,65100,63400,63600,4443,282574800,-2.6034,-1615,-251,797,0,0,600,0,0,197,1069,0,0
2018-10-29,63700,64800,62000,62500,3370,210625000,-1.7296,-2129,-33,915,0,300,500,0,0,115,1247,0,0
2018-10-30,62500,64100,62500,63900,55777,3564150300,2.24,-3776,236,341,208,0,0,0,0,133,3199,0,0
2018-10-31,65000,65500,64300,65400,1943,127072200,2.3474,-57,-62,120,39,0,0,70,0,11,-1,0,0
2018-11-01,65400,66000,64500,65500,1748,114494000,0.1529,-812,-181,13,0,0,0,5,0,8,980,0,0
2018-11-02,65000,67000,65000,67000,1708,114436000,2.2901,-280,-155,2,0,0,0,0,0,2,433,0,0
2018-11-05,67500,67500,65000,67100,1579,105950900,0.1493,-573,-286,4,0,0,0,0,0,4,855,0,0
2018-11-06,67100,67900,67100,67500,1132,76410000,0.5961,23,-24,1,0,0,0,0,0,1,0,0,0
2018-11-07,68000,69400,66800,67300,2912,195977600,-0.2963,-375,-213,47,28,0,0,18,0,1,541,0,0
2018-11-08,67300,67400,66700,67000,188,12596000,-0.4458,-95,-47,12,0,0,10,0,0,2,130,0,0
2018-11-09,67000,67300,66000,67100,1727,115881700,0.1493,-579,-27,32,0,0,0,0,0,32,574,0,0
2018-11-12,70200,73000,65600,66700,2287,152542900,-0.5961,4,-261,2,0,0,0,0,0,2,255,0,0
2018-11-13,66500,67300,66000,66900,904,60477600,0.2999,-203,-63,1,0,0,0,0,0,1,265,0,0
2018-11-14,67200,67200,66200,67100,1593,106890300,0.299,-318,-7,1,0,0,0,0,0,1,324,0,0
2018-11-15,66100,66600,63800,64900,13787,894776300,-3.2787,-10323,-86,1512,0,200,1300,0,0,12,8897,0,0
2018-11-16,64900,65500,63800,65000,134937,8770905000,0.1541,-90,-184,93,92,0,0,0,0,1,181,0,0
2018-11-19,65000,65300,64100,64500,1101,71014500,-0.7692,-599,-50,193,0,0,0,0,0,193,456,0,0
2018-11-20,65000,65000,64100,64800,6453,418154400,0.4651,-6062,20,497,0,0,0,0,0,497,5545,0,0
2018-11-21,65600,65600,64200,64700,95090,6152323000,-0.1543,-1043,-14,12,0,0,0,0,0,12,1045,0,0
2018-11-22,64700,65400,64700,65200,1088,70937600,0.7728,-642,291,354,-160,500,0,19,0,-5,-3,0,0
2018-11-23,65200,65500,64500,65000,1033,67145000,-0.3067,-522,7,0,0,1,0,0,0,-1,515,0,0
2018-11-26,63300,64900,63300,64500,1609,103780500,-0.7692,-1298,-2,4,0,0,0,-19,0,23,1296,0,0
2018-11-27,65000,65200,64600,64600,456,29457600,0.155,47,-49,2,0,0,0,0,0,2,0,0,0
2018-11-28,64500,65000,64400,64700,1148,74275600,0.1548,-1032,-1,3,0,0,0,0,0,3,1030,0,0
2018-11-29,64700,65500,64700,65000,386,25090000,0.4637,-1,-5,6,0,0,0,0,0,6,0,0,0
2018-11-30,64500,65400,64500,64600,943,60917800,-0.6154,83,-342,259,0,265,0,0,0,-6,0,0,0
2018-12-03,65700,65700,64500,64500,677,43666500,-0.1548,-160,-169,29,0,0,0,0,0,29,300,0,0
2018-12-04,64400,64700,64000,64400,628,40443200,-0.155,-314,-18,-47,-28,0,0,-18,0,-1,379,0,0
2018-12-05,64400,64400,63500,63500,2509,159321500,-1.3975,-1357,-305,894,-13,400,550,-39,0,-4,768,0,0
2018-12-06,63600,63800,63100,63200,5890,372248000,-0.4724,-3652,62,494,0,0,489,0,0,5,3096,0,0
2018-12-07,63200,64500,63200,64500,1431,92299500,2.057,-1006,16,23,0,0,0,0,0,23,967,0,0
2018-12-10,62500,64500,62500,64500,1430,92235000,0.0,-921,1034,-113,0,0,0,0,0,-113,0,0,0
2018-12-11,64500,66000,64500,65900,1542,101617800,2.1705,-1156,1116,42,0,11,0,3,0,28,-2,0,0
2018-12-12,68600,68600,66100,66800,1120,74816000,1.3657,-878,769,109,0,0,0,0,0,109,0,0,0
2018-12-13,66500,66900,65500,66700,499,33283300,-0.1497,-35,-77,113,0,0,0,8,0,105,-1,0,0
2018-12-14,66700,66700,64300,65000,1189,77285000,-2.5487,142,4,-158,-248,280,0,-266,0,76,12,0,0
2018-12-17,65000,66900,64500,65000,3984,258960000,0.0,237,-84,7,0,0,0,4,0,3,-160,0,0
2018-12-18,64100,64700,64000,64000,682,43648000,-1.5385,-61,30,31,0,0,0,19,0,12,0,0,0
2018-12-19,63700,65800,63700,63700,1434,91345800,-0.4688,-259,-9,368,0,400,0,-42,0,10,-100,0,0
2018-12-20,64000,64400,63600,64000,1287,82368000,0.471,-1007,-39,28,0,0,0,19,0,9,1018,0,0
2018-12-21,64100,64400,64000,64300,974,62628200,0.4688,-567,-8,-87,0,0,0,40,0,-127,662,0,0
2018-12-24,64000,64500,64000,64000,1134,72576000,-0.4666,328,-53,-75,0,0,0,0,0,-75,-200,0,0
2018-12-26,64000,66600,64000,64200,1988,127629600,0.3125,-1451,-51,7,0,25,0,0,0,-18,1495,0,0
2018-12-27,64200,64600,63200,64600,1855,119833000,0.6231,-312,-31,44,0,0,0,0,0,44,299,0,0
2018-12-28,64600,66700,64600,64600,433,27971800,0.0,78,-99,21,0,0,0,0,0,21,0,0,0
2019-01-02,64600,64600,63700,64100,3455,221465500,-0.774,-3173,-7,130,0,20,0,0,0,110,3050,0,0
2019-01-03,64000,65500,64000,64600,6628,428168800,0.78,-5790,1960,441,-1,0,-10,82,0,370,3389,0,0
2019-01-04,70100,70100,64700,64800,1714,111067200,0.3096,-319,-1,320,435,-16,0,-4,0,-95,0,0,0
2019-01-07,65500,65500,64900,65300,3885,253690500,0.7716,-62,-74,-13,0,0,0,-2,0,-11,149,0,0
2019-01-08,65300,65500,64700,64700,2352,152174400,-0.9188,-87,85,2,0,0,0,-3,0,5,0,0,0
2019-01-09,65900,65900,62700,64200,2428,155877600,-0.7728,-1553,80,-10,0,0,0,0,0,-10,1483,0,0
2019-01-10,64400,64400,64100,64300,716,46038800,0.1558,-124,0,-81,0,0,0,0,0,-81,205,0,0
2019-01-11,64300,64700,63500,64300,963,61920900,0.0,-435,-43,476,0,0,0,0,0,476,2,0,0
2019-01-14,64400,65400,62700,65100,1221,79487100,1.2442,-560,-128,655,460,410,0,-7,0,-208,33,0,0
2019-01-15,64100,66000,64100,64500,521,33604500,-0.9217,-358,-12,370,0,-16,0,0,0,386,0,0,0
2019-01-16,64300,65000,64200,64400,354,22797600,-0.155,-159,151,8,0,0,0,0,0,8,0,0,0
2019-01-17,64400,64900,64300,64500,291,18769500,0.1553,137,-31,-106,0,-4,0,0,0,-102,0,0,0
2019-01-18,64700,64800,64500,64600,1950,125970000,0.155,-868,-25,-726,0,5,60,20,0,-811,1619,0,0
2019-01-21,65500,65500,64600,65000,129,8385000,0.6192,13,-6,-7,0,0,0,0,0,-7,0,0,0
2019-01-22,65000,65300,64500,65200,2178,142005600,0.3077,-2115,-1,80,0,-4,66,0,0,18,2036,0,0
2019-01-23,65500,65500,65000,65100,294,19139400,-0.1534,-290,4,286,0,0,0,0,0,286,0,0,0
2019-01-24,65100,65100,64900,65100,540,35154000,0.0,-39,0,39,0,30,0,0,0,9,0,0,0
2019-01-25,65100,65100,64700,65000,352,22880000,-0.1536,85,0,-93,0,0,0,0,0,-93,8,0,0
2019-01-28,64100,64800,64100,64700,999,64635300,-0.4615,338,94,-432,-365,0,0,0,0,-67,0,0,0
2019-01-29,65500,65500,63800,64600,1783,115181800,-0.1546,-471,-38,367,-198,7,0,0,0,558,142,0,0
2019-01-30,64000,64500,63700,63700,1673,106570100,-1.3932,-660,-38,358,-537,909,0,0,0,-14,340,0,0
2019-01-31,63700,64400,63500,64400,1210,77924000,1.0989,368,-11,-358,-229,284,0,0,0,-413,1,0,0
2019-02-01,63200,64400,63200,63800,1014,64693200,-0.9317,-506,7,499,0,501,0,0,0,-2,0,0,0
2019-02-07,64000,64000,63000,63700,1253,79816100,-0.1567,-319,36,283,-112,100,300,6,0,-11,0,0,0
2019-02-08,64000,64000,63600,64000,1798,115072000,0.471,-674,5,501,-77,309,300,65,0,-96,168,0,0
2019-02-11,64000,64100,63600,63800,1024,65331200,-0.3125,-520,3,106,0,0,127,0,0,-21,411,0,0
2019-02-12,64100,64200,63700,64100,3510,224991000,0.4702,-2721,-133,21,0,2,6,0,0,13,2833,0,0
2019-02-13,64100,65000,64000,64400,3175,204470000,0.468,-1892,148,1237,188,455,500,0,0,94,507,0,0
2019-02-14,64500,65300,64000,65300,8368,546430400,1.3975,-4846,1719,1088,0,300,800,0,0,-12,2039,0,0
2019-02-15,65600,67400,65400,67400,3431,231249400,3.2159,-314,303,11,-35,0,0,0,0,46,0,0,0
2019-02-18,67300,68600,67300,68200,6145,419089000,1.1869,-2173,2319,-139,0,0,0,-145,0,6,-7,0,0
2019-02-19,67600,69700,67600,68200,2845,194029000,0.0,-857,261,596,0,0,0,-2,0,598,0,0,0
2019-02-20,68300,68900,67900,68100,914,62243400,-0.1466,-183,59,124,0,0,0,0,0,124,0,0,0
2019-02-21,68000,68100,67100,67200,903,60681600,-1.3216,54,-87,29,0,0,0,0,0,29,4,0,0
2019-02-22,66500,68900,65500,66500,4117,273780500,-1.0417,-2571,325,1510,-105,1102,0,-81,0,594,736,0,0
2019-02-25,66700,66900,65700,66200,1999,132333800,-0.4511,652,181,-933,0,0,0,0,0,-933,100,0,0
2019-02-26,66400,67800,66200,66500,2162,143773000,0.4532,-37,223,-196,0,-5,0,0,0,-191,10,0,0
2019-02-27,66600,68000,66000,66800,2474,165263200,0.4511,-977,28,62,0,295,0,0,0,-233,888,-1,0
2019-02-28,67400,79000,66000,66700,80328,5357877600,-0.1497,-206,-573,749,0,742,0,8,0,-1,30,0,0
2019-03-04,66800,69400,66600,66800,10205,681694000,0.1499,-932,925,-15,0,-13,0,0,0,-2,0,22,0
2019-03-05,66900,67200,66100,66400,3912,259756800,-0.5988,-1197,136,1061,47,294,0,8,0,712,0,0,0
2019-03-06,67100,67500,66400,66900,1623,108578700,0.753,-600,188,412,47,0,0,4,0,361,0,0,0
2019-03-07,67000,67100,66400,66900,1827,122226300,0.0,537,-140,-397,31,-1,0,0,0,-427,0,0,0
2019-03-08,66900,67300,66500,67100,1791,120176100,0.299,-803,390,413,47,700,0,8,0,-342,0,0,0
2019-03-11,67700,67700,66600,67100,1170,78507000,0.0,-259,-135,295,0,3,0,36,0,256,99,0,0
2019-03-12,66600,67400,66000,67100,3846,258066600,0.0,-2477,49,2028,14,900,1099,19,0,-4,400,0,0
2019-03-13,67100,67700,66600,67400,1979,133384600,0.4471,-612,-17,629,0,90,0,0,0,539,0,0,0
2019-03-14,67500,69400,67400,67600,7058,477120800,0.2967,-1013,653,260,138,0,0,0,0,122,100,0,0
2019-03-15,69300,69300,67100,67800,2201,149227800,0.2959,316,1,-317,0,0,0,0,0,-317,0,0,0
2019-03-18,67800,68400,67300,68100,1428,97246800,0.4425,45,-195,172,0,0,0,0,0,172,0,-22,0
2019-03-19,67500,68000,67200,67500,1125,75937500,-0.8811,232,-27,-205,-9,0,-5,0,0,-191,0,0,0
2019-03-20,67500,67600,67100,67300,1079,72616700,-0.2963,121,-71,-80,0,0,-2,0,0,-78,30,0,0
2019-03-21,67400,67400,66500,67200,1482,99590400,-0.1486,-155,-17,172,0,2,0,0,0,170,0,0,0
2019-03-22,67000,67400,66600,67300,1515,101959500,0.1488,-110,77,47,0,344,0,0,0,-297,0,-14,0
2019-03-25,68200,68300,66700,67000,1359,91053000,-0.4458,-649,-166,815,0,799,0,0,0,16,0,0,0
2019-03-26,67000,67400,67000,67100,3755,251960500,0.1493,-2015,-101,3327,0,2177,0,0,615,535,-1211,0,0
2019-03-27,67100,67700,67100,67500,948,63990000,0.5961,-238,92,146,0,11,0,0,0,135,0,0,0
2019-03-28,67600,67600,67000,67400,1641,110603400,-0.1481,-55,-103,158,0,65,0,-10,0,103,0,0,0
2019-03-29,69700,74900,66500,66600,5167,344122200,-1.1869,373,-170,-203,-69,0,0,0,0,-134,0,0,0
2019-04-01,66600,67400,66300,67300,2445,164548500,1.0511,-1044,-98,1142,591,310,-15,-2,0,258,0,0,0
2019-04-02,68200,68200,66900,67600,3428,231732800,0.4458,-1210,430,780,398,384,0,0,0,-2,0,0,0
2019-04-03,67600,69500,67500,68300,4968,339314400,1.0355,-554,388,166,68,100,0,0,0,-2,0,0,0
2019-04-04,68300,68700,67300,68300,2879,196635700,0.0,-1244,759,465,68,-18,0,9,0,406,20,0,0
2019-04-05,68600,69700,68200,68900,4343,299232700,0.8785,-1862,1745,117,68,-64,0,0,0,113,0,0,0
2019-04-08,68900,70000,68900,69300,5721,396465300,0.5806,-1007,625,382,102,10,0,0,0,270,0,0,0
2019-04-09,70100,70100,68800,68800,1156,79532800,-0.7215,394,-79,-315,136,0,0,0,0,-451,0,0,0
2019-04-10,69000,71100,68900,70400,6815,479776000,2.3256,-637,829,-192,68,-4,0,-7,0,-249,0,0,0
2019-04-11,70400,71900,69100,71800,6415,460597000,1.9886,-1875,451,1924,1658,-22,0,0,0,288,-500,0,0
2019-04-12,72000,75400,71500,74400,20221,1504442400,3.6212,-3296,3052,244,821,67,0,0,0,-644,0,0,0
2019-04-15,75000,76700,71000,72200,6458,466267600,-2.957,1157,-1927,770,0,80,0,0,0,690,0,0,0
2019-04-16,71500,72600,70700,71600,3397,243225200,-0.831,18,-419,406,-48,0,0,0,0,454,-5,0,0
2019-04-17,71600,72000,70500,71000,2989,212219000,-0.838,-868,74,794,1087,-9,0,0,0,-284,0,0,0
2019-04-18,72000,74000,70500,73400,4666,342484400,3.3803,94,-230,136,1093,11,0,-102,0,-866,0,0,0
2019-04-19,73300,73700,71000,73300,3475,254717500,-0.1362,-660,-530,1185,1295,0,0,-106,0,-4,0,5,0
2019-04-22,75900,75900,73200,74100,2960,219336000,1.0914,422,-279,-142,0,-47,0,-106,0,11,-1,0,0
2019-04-23,74800,75900,73700,75500,6084,459342000,1.8893,-1804,562,1242,1280,-2,0,-70,0,34,0,0,0
2019-04-24,75500,78000,75500,76400,7795,595538000,1.1921,-1768,379,1190,1290,0,-64,0,0,-36,199,0,0
2019-04-25,76400,76400,74000,74700,4074,304327800,-2.2251,-753,91,662,0,499,0,0,0,163,0,0,0
2019-04-26,74100,75000,74000,74400,1746,129902400,-0.4016,98,-41,-57,124,5,-173,0,0,-13,0,0,0
2019-04-29,74400,76000,73500,74000,1797,132978000,-0.5376,-213,102,106,0,4,0,0,0,102,5,0,0
2019-04-30,74300,75100,72200,75000,4493,336975000,1.3514,-748,-333,1086,1284,34,34,0,0,-266,0,-5,0
2019-05-02,74900,77500,74200,76200,2302,175412400,1.6,-564,-203,767,170,0,0,0,0,597,0,0,0
2019-05-03,76200,77400,75800,77000,2980,229460000,1.0499,-930,-213,1144,1373,-1,0,0,0,-228,-1,0,0
2019-05-07,76700,77100,75700,77000,2705,208285000,0.0,-1354,-225,1578,1580,0,0,-9,0,7,0,1,0
2019-05-08,77000,77300,76000,76100,892,67881200,-1.1688,11,-285,274,139,0,0,0,0,135,0,0,0
2019-05-09,76000,79200,74700,75500,3392,256096000,-0.7884,-906,-295,1201,1233,0,0,0,0,-32,0,0,0
2019-05-10,75500,75500,74300,74500,1046,77927000,-1.3245,144,-257,113,0,0,0,17,0,96,0,0,0
2019-05-13,75100,75100,72600,73000,1472,107456000,-2.0134,116,-246,130,0,0,0,0,0,130,0,0,0
2019-05-14,73000,75500,71500,75500,1822,137561000,3.4247,-874,-192,1066,1144,-2,8,9,0,-93,0,0,0
2019-05-15,75500,75500,74500,75100,982,73748200,-0.5298,-208,-99,307,0,0,0,0,0,307,0,0,0
2019-05-16,77000,77000,73900,75000,2512,188400000,-0.1332,-275,-155,430,0,0,0,4,0,426,0,0,0
2019-05-17,75000,75300,74200,74600,2475,184635000,-0.5333,-1313,-15,1028,882,0,0,4,0,142,300,0,0
2019-05-20,74600,74900,74000,74200,836,62031200,-0.5362,356,-202,-154,0,0,0,0,0,-154,0,0,0
2019-05-21,74200,75400,73300,73300,1804,132233200,-1.2129,-42,-132,174,0,0,0,3,0,171,0,0,0
2019-05-22,73300,75000,72800,73200,2244,164260800,-0.1364,222,-92,-130,0,3,0,0,0,-133,0,0,0
2019-05-23,72600,75300,71400,73200,2790,204228000,0.0,260,32,-290,0,0,0,2,0,-292,-2,0,0
2019-05-24,72000,73600,71300,72600,3381,245460600,-0.8197,-532,83,449,0,0,0,0,0,449,0,0,0
2019-05-27,71900,73500,71900,72500,1210,87725000,-0.1377,249,73,-322,0,1,0,1,0,-324,0,0,0
2019-05-28,72600,73000,71900,72700,1461,106214700,0.2759,313,82,-395,0,0,0,0,0,-395,0,0,0
2019-05-29,72700,73000,71800,72400,1693,122573200,-0.4127,-189,107,471,-4,0,0,0,0,475,-389,0,0
2019-05-30,72400,72400,71300,72400,2244,162465600,0.0,-966,6,433,-3,3,0,0,0,433,527,0,0
2019-05-31,73500,73500,71600,72600,3801,275952600,0.2762,-2079,100,-866,-1,13,0,0,0,-878,2845,0,0
2019-06-03,73200,73200,72100,73000,1738,126874000,0.551,-1134,168,36,-4,-2,0,-2,0,44,930,0,0
2019-06-04,73300,73300,72300,72500,979,70977500,-0.6849,-187,11,176,-5,0,0,0,0,181,0,0,0
2019-06-05,72600,73500,72600,73100,1673,122296300,0.8276,-402,97,305,0,0,0,0,0,305,0,0,0
2019-06-07,73600,73600,72800,73000,904,65992000,-0.1368,-158,84,74,-7,1,0,97,0,-17,0,0,0
2019-06-10,73500,73500,72600,73100,830,60673000,0.137,-188,-116,304,0,0,0,198,0,106,0,0,0
2019-06-11,73100,73900,73100,73900,1914,141444600,1.0944,-157,253,-95,276,0,0,107,0,-478,-1,0,0
2019-06-12,73900,75600,73800,74700,1395,104206500,1.0825,-517,-138,655,276,0,0,105,0,274,0,0,0
2019-06-13,75600,76700,75100,76100,2517,191543700,1.8742,-630,-146,776,402,0,0,0,0,374,0,0,0
2019-06-14,77900,77900,75500,75500,1601,120875500,-0.7884,42,-65,24,0,-204,0,0,0,228,0,-1,0
2019-06-17,75500,76100,74500,75500,1750,132125000,0.0,405,-36,-367,0,-22,0,0,0,-345,-2,0,0
2019-06-18,75500,75500,74200,74300,947,70362100,-1.5894,509,-112,-398,0,0,0,0,0,-398,1,0,0
2019-06-19,74300,74300,73400,74200,1087,80655400,-0.1346,14,-110,-102,0,-1,0,0,0,-101,-2,200,0
2019-06-20,74000,75000,74000,74900,2402,179909800,0.9434,-114,134,10,0,0,0,0,0,10,-30,0,0
2019-06-21,75500,78000,74000,78000,4351,339378000,4.1389,-3022,3021,1,0,0,0,0,0,1,0,0,0
2019-06-24,78000,78300,76400,76500,1576,120564000,-1.9231,-297,220,77,0,-1,0,0,0,78,0,0,0
2019-06-25,76500,77000,76000,76900,6927,532686300,0.5229,-17,43,-26,0,-2,0,0,0,-24,0,0,0
2019-06-26,77600,78000,76300,77900,3789,295163100,1.3004,-397,58,339,43,3,300,0,0,-7,0,0,0
2019-06-27,77100,77900,76300,77900,3412,265794800,0.0,339,-1752,1413,590,0,879,0,0,-56,0,0,0
2019-06-28,77900,78000,76500,76800,2209,169651200,-1.4121,-1066,225,841,518,37,0,0,0,286,0,0,0
2019-07-01,76800,77200,74500,75600,2651,200415600,-1.5625,832,-1108,276,29,0,500,-1,0,-252,0,0,0
2019-07-02,74700,76000,74500,74700,2248,167925600,-1.1905,1082,-1250,168,40,0,0,0,0,128,0,0,0
2019-07-03,74700,75900,73900,73900,3842,283923800,-1.071,540,-1225,685,-17,0,0,124,0,578,0,0,0
2019-07-04,74000,76800,73000,74500,4334,322883000,0.8119,-333,-999,-609,-17,119,0,0,0,-711,1941,0,0
2019-07-05,74500,75300,73700,74900,1858,139164200,0.5369,414,-509,-6,0,0,0,1,0,-7,101,0,0
2019-07-08,76200,76200,73600,74400,4917,365824800,-0.6676,-985,-1292,-3,0,0,0,0,0,-3,2280,0,0
2019-07-09,74400,74400,73900,74100,5118,379243800,-0.4032,-404,-3514,166,0,45,0,-3,0,124,3752,0,0
2019-07-10,74000,74500,73800,74000,5174,382876000,-0.135,466,-2857,-129,-17,0,0,0,0,-112,2520,0,0
2019-07-11,74100,75300,73700,74500,1773,132088500,0.6757,-236,139,51,-17,0,0,0,0,68,46,0,0
2019-07-12,74500,76500,74000,74000,3336,246864000,-0.6711,287,-259,-28,0,-63,0,0,0,35,0,0,0
2019-07-15,73500,76500,73500,73700,3227,237829900,-0.4054,-647,-262,-1112,0,-1103,29,0,0,-38,2021,0,0
2019-07-16,75200,75200,73500,74300,2269,168586700,0.8141,-610,22,570,0,0,0,596,0,-26,18,0,0
2019-07-17,73700,74800,73700,74200,390,28938000,-0.1346,-102,-37,139,48,0,0,0,0,91,0,0,0
2019-07-18,74200,75400,73700,74400,2449,182205600,0.2695,-578,-123,-18,65,0,0,0,0,-83,719,0,0
2019-07-19,74100,74800,73800,74500,445,33152500,0.1344,203,-88,-125,65,0,0,0,0,-190,10,0,0
2019-07-22,74500,74500,73300,74200,2998,222451600,-0.4027,-929,-42,0,0,0,0,0,0,0,971,0,0
2019-07-23,74200,75600,73500,73600,1483,109148800,-0.8086,-110,-67,-803,0,-800,0,-3,0,0,980,0,0
2019-07-24,75000,75000,73300,73400,1335,97989000,-0.2717,-279,-269,-221,-14,-1,0,0,0,-206,769,0,0
2019-07-25,73100,74500,73100,73400,1880,137992000,0.0,-755,-79,3,-14,0,0,0,0,17,830,1,0
2019-07-26,73100,74300,73000,73300,1279,93750700,-0.1362,-550,-27,-5,-14,0,0,0,0,9,582,0,0
2019-07-29,73300,75000,71800,73000,2433,177609000,-0.4093,-825,-134,3,0,0,0,0,0,3,956,0,0
2019-07-30,72000,74100,71900,74100,1009,74766900,1.5068,-299,-526,-9,0,1,-10,0,0,0,835,-1,0
2019-07-31,73800,74100,72700,74000,903,66822000,-0.135,-331,-164,-69,0,-23,-9,0,0,-38,564,0,1
2019-08-01,74000,75600,73500,74500,1363,101543500,0.6757,-631,-26,-93,0,-104,0,0,0,11,750,0,0
2019-08-02,72600,75400,72600,74000,1059,78366000,-0.6711,-199,-72,7,0,0,0,0,0,7,264,0,0
2019-08-05,74000,74000,73000,73500,2947,216604500,-0.6757,-2480,-28,-15,0,0,0,0,0,-15,2523,0,0
2019-08-06,73500,73900,72100,72900,6016,438566400,-0.8163,-4165,191,-682,-17,-674,0,0,0,9,4656,0,0
2019-08-07,71800,73400,71800,73400,1447,106209800,0.6859,-140,8,-703,-17,-686,0,0,0,0,835,0,0
2019-08-08,73400,74500,73000,73300,252,18471600,-0.1362,-23,-72,95,0,56,57,0,0,-18,0,0,0
2019-08-09,73300,74100,72800,73400,862,63270800,0.1364,-165,-204,-24,-18,8,0,0,0,-14,393,0,0
2019-08-12,74000,74400,73000,74000,1352,100048000,0.8174,-470,36,-6,-51,0,51,0,0,-6,440,0,0
2019-08-13,74000,74500,73000,73000,1421,103733000,-1.3514,-204,-188,-208,0,0,-117,-67,0,-24,600,0,0
2019-08-14,73500,74500,72600,73600,942,69331200,0.8219,-114,-88,202,0,0,0,205,0,-3,0,0,0
2019-08-16,73600,74000,71900,73000,1259,91907000,-0.8152,-429,-36,-17,-17,-2,0,0,0,2,482,0,0
2019-08-19,72300,72700,71500,72300,2976,215164800,-0.9589,58,44,-102,-51,-209,116,0,0,42,0,0,0
2019-08-20,72100,74400,70900,72600,4197,304702200,0.4149,-802,-265,937,1790,-838,0,0,0,-15,130,0,0
2019-08-21,73100,73900,72700,73100,800,58480000,0.6887,6,-13,7,-8,-8,0,-2,0,25,0,0,0
2019-08-22,72900,73100,72100,72200,651,47002200,-1.2312,29,36,-65,-68,0,0,0,0,3,0,0,0
2019-08-23,72200,72700,70500,71700,1362,97655400,-0.6925,74,-185,-89,0,-54,-17,0,0,-18,200,0,0
2019-08-26,70500,72300,70500,72000,2085,150120000,0.4184,630,-216,-414,0,-4,0,0,0,-410,0,0,0
2019-08-27,68600,72500,68600,71800,1132,81277600,-0.2778,108,95,-203,0,-200,0,0,0,-3,0,0,0
2019-08-28,71600,72400,71600,71900,1188,85417200,0.1393,11,23,-34,-34,0,0,0,0,0,0,0,0
2019-08-29,69000,72300,69000,72100,987,71162700,0.2782,-237,10,227,218,0,0,0,0,9,0,0,0
2019-08-30,71900,73200,71000,71900,919,66076100,-0.2774,53,67,-120,-39,-50,-19,-4,0,-8,0,0,0
2019-09-02,71900,74900,71900,72800,1062,77313600,1.2517,-56,61,-5,0,-1,0,4,0,-8,0,0,0
2019-09-03,72800,74000,72000,72100,437,31507700,-0.9615,27,-7,-20,0,-7,0,0,0,-13,0,0,0
2019-09-04,72500,73900,72200,72400,1536,111206400,0.4161,99,-37,-62,0,-67,0,9,0,-4,0,0,0
2019-09-05,72800,73200,72600,73100,214,15643400,0.9669,-7,-38,-5,0,0,0,0,0,-5,50,0,0
2019-09-06,73100,73200,72600,72600,272,19747200,-0.684,117,-63,-54,-19,-2,-2,-36,0,5,0,0,0
2019-09-09,72600,73000,72100,72200,563,40648600,-0.551,107,-107,0,0,0,0,0,0,0,0,0,0
2019-09-10,73000,73100,72200,73100,326,23830600,1.2465,-1,-24,25,0,-2,0,36,0,-9,0,0,0
2019-09-11,73100,73100,72300,72400,335,24254000,-0.9576,85,-16,-69,0,-11,-3,0,0,-55,0,0,0
2019-09-16,72000,72400,71100,71100,5822,413944200,-1.7956,-2131,-68,1597,0,0,700,0,0,897,602,0,0
2019-09-17,72500,72500,70200,71200,1260,89712000,0.1406,74,-66,-8,0,0,0,0,0,-8,0,0,0
2019-09-18,72500,72500,71200,71800,614,44085200,0.8427,-39,-214,-6,0,0,-1,0,0,-5,259,0,0
2019-09-19,71800,71800,71000,71600,1081,77399600,-0.2786,-344,12,-14,0,0,0,-4,0,-10,346,0,0
2019-09-20,72500,72500,70800,71600,2897,207425200,0.0,-1444,369,425,0,-344,785,0,0,-16,650,0,0
2019-09-23,71000,72400,70900,71100,1009,71739900,-0.6983,-180,-162,71,0,-1,81,0,0,-9,271,0,0
2019-09-24,71200,71200,70800,71000,236,16756000,-0.1406,-67,12,-12,0,-5,0,0,0,-7,67,0,0
2019-09-25,70900,71000,70300,70300,1089,76556700,-0.9859,-250,-187,137,0,-7,-6,0,0,150,300,0,0
2019-09-26,70300,70700,70100,70300,533,37469900,0.0,134,-9,-175,-21,-13,0,27,0,-168,50,0,0
2019-09-27,70200,70700,70200,70400,357,25132800,0.1422,100,-60,-40,0,-17,-14,0,0,-9,0,0,0
2019-09-30,70300,70900,69900,69900,336,23486400,-0.7102,-10,-31,41,0,51,0,0,0,-10,0,0,0
2019-10-01,71500,71500,70000,70100,168,11776800,0.2861,13,-17,4,0,-5,0,0,0,9,0,0,0
2019-10-02,70100,71600,69900,70000,368,25760000,-0.1427,109,-86,-23,0,-18,-3,0,0,-2,0,0,0
2019-10-04,70900,70900,68400,69300,2026,140401800,-1.0,-95,-496,-33,0,0,0,-27,0,-6,623,1,0
2019-10-07,69300,70000,67600,68600,2576,176713600,-1.0101,-62,-67,-55,-7,0,-49,0,0,1,184,0,0
2019-10-08,68700,69000,67900,68300,1838,125535400,-0.4373,-318,-61,299,0,144,155,0,0,0,80,0,0
2019-10-10,68700,68700,68000,68700,1675,115072500,0.5857,-383,-98,281,-7,234,-11,0,0,65,0,200,0
2019-10-11,71000,74400,70100,70900,1729,122586100,3.2023,-481,-68,549,-22,447,114,0,0,10,0,0,0
2019-10-14,72500,72500,70500,71800,9817,704860600,1.2694,-5974,-81,56,0,0,57,0,0,-1,6000,-1,0
2019-10-15,71800,72200,71100,71400,7843,559990200,-0.5571,-6052,87,-35,-35,0,0,0,0,0,6000,0,0
2019-10-16,71400,71800,71100,71100,6992,497131200,-0.4202,-6253,130,123,125,0,0,0,0,-2,6000,0,0
2019-10-17,71100,72400,70100,72400,10671,772580400,1.8284,-8677,88,-92,0,1,-63,-9,0,-21,8681,0,0
2019-10-18,72300,72300,70700,71900,6482,466055800,-0.6906,-5938,-39,-23,-20,-3,0,-12,0,12,6000,0,0
2019-10-21,71800,71800,70700,71500,6625,473687500,-0.5563,-6013,32,-19,0,-14,-6,0,0,1,6000,0,0
2019-10-22,71500,72500,70900,71800,18479,1326792200,0.4196,-17387,-168,1636,0,1347,352,-27,0,-36,15919,0,0
2019-10-23,71800,71800,71100,71800,6852,491973600,0.0,-6416,-42,368,0,160,240,0,0,-32,6090,0,0
2019-10-24,71700,71700,70700,71700,8521,610955700,-0.1393,-7326,-130,-5,0,0,0,0,0,-5,7461,0,0
2019-10-25,71700,72000,71700,71900,4951,355976900,0.2789,-4486,-79,82,0,0,0,0,0,82,4483,0,0
2019-10-28,71900,72400,71900,72000,1960,141120000,0.1391,-1539,-70,712,0,422,57,228,0,5,897,0,0
2019-10-29,72000,72000,70800,71800,6365,457007000,-0.2778,-5951,-44,-5,0,0,0,0,0,-5,6000,0,0
2019-10-30,71800,72100,71800,71800,969,69574200,0.0,-357,-309,-18,0,-2,0,0,0,-16,684,0,0
2019-10-31,71800,72200,71400,71400,4508,321871200,-0.5571,-4265,-138,-16,0,0,0,0,0,-16,4419,0,0
2019-11-01,71400,72000,71000,71200,240,17088000,-0.2801,63,-64,1,0,0,0,0,0,1,0,0,0
2019-11-04,70400,70900,70300,70300,802,56380600,-1.264,202,-150,-52,0,-5,2,-35,0,-14,0,0,0
2019-11-05,70300,70700,69300,70100,537,37643700,-0.2845,-9,-58,67,0,172,-106,0,0,1,0,0,0
2019-11-06,71500,71700,70000,70100,609,42690900,0.0,76,-62,-14,0,-5,0,-8,0,-1,0,0,0
2019-11-07,71000,71700,70200,71200,2672,190246400,1.5692,-59,-63,122,0,77,35,0,0,10,0,0,0
2019-11-08,71100,71900,70600,70600,114,8048400,-0.8427,31,1,-32,0,-22,-8,0,0,-2,0,0,0
2019-11-11,70600,77000,70600,72400,5525,400010000,2.5496,-444,-423,867,385,500,0,0,0,-18,0,0,0
2019-11-12,74000,74000,71700,71900,2738,196862200,-0.6906,-1259,-108,1367,-32,1198,-1,0,0,202,0,0,0
2019-11-13,73400,73400,71500,71700,1811,129848700,-0.2782,-603,-169,772,0,489,0,0,0,283,0,0,0
2019-11-14,71700,72500,70200,70500,4618,325569000,-1.6736,-537,90,447,0,200,200,-11,0,58,0,0,0
2019-11-15,70500,72200,70000,71400,3159,225552600,1.2766,-316,427,-111,-16,0,0,-13,0,-82,0,0,0
2019-11-18,73000,73000,71300,71500,1181,84441500,0.1401,-708,-23,731,0,496,232,0,0,3,0,0,0
2019-11-19,71500,71800,70700,71200,1901,135351200,-0.4196,-715,-9,724,606,0,0,0,0,118,0,0,0
2019-11-20,71900,71900,70500,71800,1447,103894600,0.8427,-73,-206,279,409,-2,0,0,0,-128,0,0,0
2019-11-21,71800,71800,70500,71000,1218,86478000,-1.1142,-196,208,-12,0,0,0,0,0,-12,0,0,0
2019-11-22,70400,71400,70400,71400,451,32201400,0.5634,138,-87,-51,0,-58,-1,2,0,6,0,0,0
2019-11-25,71200,71500,70000,71500,1536,109824000,0.1401,491,-211,-288,-328,39,0,0,0,1,8,0,0
2019-11-26,70600,71800,70500,71500,1942,138853000,0.0,335,0,-335,-335,0,0,0,0,0,0,0,0
2019-11-27,71500,71800,70800,71100,635,45148500,-0.5594,-5,-7,12,0,6,0,0,0,6,0,0,0
2019-11-28,71100,71100,70600,70900,436,30912400,-0.2813,367,-30,-337,-337,0,0,0,0,0,0,0,0
2019-11-29,70600,71400,70600,71000,665,47215000,0.141,42,-51,9,0,0,0,0,0,9,0,0,0
2019-12-02,70600,71200,70300,70800,408,28886400,-0.2817,201,-41,-160,-164,0,0,0,0,4,0,0,0
2019-12-03,70400,71200,70000,71100,1151,81836100,0.4237,78,-82,4,0,0,0,0,0,4,0,0,0
2019-12-04,70200,71100,70200,70500,983,69301500,-0.8439,45,-20,-25,-27,0,-4,0,0,6,0,0,0
2019-12-05,70300,71000,70000,71000,1205,85555000,0.7092,50,-59,9,0,0,0,0,0,9,0,0,0
2019-12-06,71000,71000,69500,70700,3435,242854500,-0.4225,273,-272,-1,0,0,-5,0,0,4,0,0,0
2019-12-09,71700,71700,69900,70900,5471,387893900,0.2829,25,-295,270,0,84,-1,0,0,187,0,0,0
2019-12-10,72500,72500,70300,71000,693,49203000,0.141,15,-57,42,0,42,0,0,0,0,0,0,0
2019-12-11,70500,72200,70200,70900,987,69978300,-0.1408,-227,1,10,0,84,-54,-23,0,3,216,0,0
2019-12-12,70900,71200,70300,71000,22457,1594447000,0.141,-335,-6,341,0,208,195,0,0,-62,0,0,0
2019-12-13,71500,71500,70300,70500,1505,106102500,-0.7042,-953,15,-85,0,30,-11,-7,0,-97,1023,0,0
2019-12-16,70900,71500,70500,70500,809,57034500,0.0,-37,-130,167,0,34,0,0,0,133,0,0,0
2019-12-17,70900,70900,70500,70800,1487,105279600,0.4255,-285,29,-112,0,42,0,0,0,-154,368,0,0
2019-12-18,71200,71300,70800,70900,1546,109611400,0.1412,-665,89,-311,0,-308,0,-3,0,0,887,0,0
2019-12-19,71100,71700,70900,71700,5336,382591200,1.1283,-5150,83,26,0,38,0,0,0,-12,5041,0,0
2019-12-20,71200,73200,71200,72500,3820,276950000,1.1158,-3449,343,-2,0,0,0,0,0,-2,3108,0,0
2019-12-23,71900,73700,71800,73700,21244,1565682800,1.6552,-4847,1,46,0,0,0,16,0,30,4800,0,0
2019-12-24,73900,74400,71800,74200,2605,193291000,0.6784,-732,-153,885,978,0,0,-100,0,7,0,0,0
2019-12-26,74300,74300,72700,73000,2351,171623000,-1.6173,-985,-8,993,985,0,0,0,0,8,0,0,0
2019-12-27,72900,73400,72400,73400,1518,111421200,0.5479,-265,156,109,654,-528,-3,0,0,-14,0,0,0
2019-12-30,73400,73400,72000,72200,661,47724200,-1.6349,-123,144,-21,0,-5,-4,-7,0,-5,0,0,0
2020-01-02,71900,73500,71800,73500,1956,143766000,1.8006,-1465,-73,702,671,0,7,0,0,24,836,0,0
2020-01-03,73500,73500,72500,72800,867,63117600,-0.9524,-647,-64,0,-17,0,-1,27,0,-9,711,0,0
2020-01-06,71800,73300,71800,73100,4623,337941300,0.4121,-4439,-5,33,0,0,0,0,0,33,4411,0,0
2020-01-07,72800,73600,72800,73500,3867,284224500,0.5472,-350,-65,-85,0,0,0,-26,0,-59,500,0,0
2020-01-08,73500,73900,72000,72500,5144,372940000,-1.3605,-1325,303,-1029,0,-771,-230,-2,0,-26,2051,0,0
2020-01-09,73400,73400,72600,73000,5103,372519000,0.6897,-4752,-166,-83,0,0,0,-20,0,-63,5001,0,0
2020-01-10,72600,73800,72600,73500,4223,310390500,0.6849,-1840,471,-72,0,0,0,-9,0,-63,1441,0,0
2020-01-13,73500,74600,73500,74100,3135,232303500,0.8163,-1431,259,-79,0,0,0,0,0,-79,1251,0,0
2020-01-14,74100,74500,73700,74000,2904,214896000,-0.135,-2410,90,-35,0,0,0,-19,0,-16,2355,0,0
2020-01-15,74000,74600,74000,74400,2599,193365600,0.5405,-2105,164,974,1014,0,-37,2,0,-5,967,0,0
2020-01-16,74400,74600,74200,74400,1178,87643200,0.0,-433,9,-16,0,0,0,0,0,-16,440,0,0
2020-01-17,74400,74500,74300,74300,1360,101048000,-0.1344,-998,30,-27,0,0,0,-1,0,-26,995,0,0
2020-01-20,74000,74400,74000,74300,2437,181069100,0.0,-1579,34,12,0,0,29,-5,0,-12,1533,0,0
2020-01-21,73500,74500,73500,74300,4198,311911400,0.0,-3266,460,-2,0,0,0,0,0,-2,2808,0,0
2020-01-22,74100,74400,74100,74400,659,49029600,0.1346,-239,-84,-2,0,0,0,0,0,-2,325,0,0
2020-01-23,74400,74400,74100,74300,1221,90720300,-0.1344,-668,51,-61,0,0,0,0,0,-61,678,0,0
2020-01-28,73500,74500,72700,74500,4957,369296500,0.2692,-4212,118,17,0,0,0,0,0,17,4077,0,0
2020-01-29,74500,75000,73800,74500,1534,114283000,0.0,-1062,369,17,0,0,0,-10,0,27,676,0,0
2020-01-30,73400,74400,73400,73900,3597,265818300,-0.8054,-2795,-203,-33,0,-3,-3,0,0,-27,3031,0,0
2020-01-31,73900,74400,73800,74400,1181,87866400,0.6766,-493,-30,379,354,0,0,0,0,25,144,0,0
2020-02-03,73300,74300,73300,74200,1457,108109400,-0.2688,-1026,84,45,0,0,0,29,0,16,897,0,0
2020-02-04,74100,74300,73900,74000,948,70152000,-0.2695,-607,-179,3,0,0,0,0,0,3,783,0,0
2020-02-05,73200,74000,73200,74000,3537,261738000,0.0,-2294,-201,-8,0,0,0,0,0,-8,2503,0,0
2020-02-06,74100,74400,73500,74400,3852,286588800,0.5405,-2926,257,1097,0,0,0,0,0,1097,1572,0,0
2020-02-07,74900,74900,73600,74000,3791,280534000,-0.5376,-1543,-1,-1123,0,0,0,0,0,-1123,2667,0,0
2020-02-10,74300,74300,72100,74000,291,21534000,0.0,-85,24,61,0,0,0,0,0,61,0,0,0
2020-02-11,73800,73800,73100,73800,280,20664000,-0.2703,-62,12,50,0,0,0,-3,0,53,0,0,0
2020-02-12,73800,73800,73000,73200,540,39528000,-0.813,254,-115,-139,0,0,0,0,0,-139,0,0,0
2020-02-13,73300,73300,72500,72800,2105,153244000,-0.5464,302,-43,-69,0,0,0,0,0,-69,-190,0,0
2020-02-14,72800,73000,72300,72900,263,19172700,0.1374,87,-90,13,0,-19,35,0,0,-3,-10,0,0
2020-02-17,72900,72900,71200,71800,1386,99514800,-1.5089,41,-50,69,0,0,0,-29,0,98,-60,0,0
2020-02-18,71800,72700,71200,71200,1495,106444000,-0.8357,510,-133,11,0,4,0,0,0,7,-388,0,0
2020-02-19,71900,71900,70200,70200,1308,91821600,-1.4045,371,-11,-32,0,0,0,0,0,-32,-328,0,0
2020-02-20,71700,71700,69800,69800,1511,105467800,-0.5698,748,-7,20,0,4,0,2,0,14,-761,0,0
2020-02-21,70800,70800,69600,70100,638,44723800,0.4298,15,-13,8,0,0,0,0,0,8,-10,0,0
2020-02-24,69500,70600,69000,69500,2050,142475000,-0.8559,-321,211,-2,0,0,0,0,0,-2,112,0,0
2020-02-25,70200,70200,69300,69600,1108,77116800,0.1439,355,-147,-291,0,-300,0,0,0,9,83,0,0
2020-02-26,69500,70600,68400,69400,2548,176831200,-0.2874,1137,-37,-537,0,-150,0,0,0,-387,-563,0,0
2020-02-27,69400,72000,68000,68000,3658,248744000,-2.0173,346,-367,21,0,-72,0,0,0,93,0,0,0
2020-02-28,67700,70500,67200,70000,27380,1916600000,2.9412,-318,-92,-179,0,0,-15,0,0,-164,589,0,0
2020-03-02,71200,73000,68900,70300,2055,144466500,0.4286,-1731,-59,107,0,0,0,0,0,107,1683,0,0
2020-03-03,70100,70900,70100,70300,1038,72971400,0.0,-679,-223,-25,0,16,11,0,0,-52,927,0,0
2020-03-04,72400,72400,70300,71100,1924,136796400,1.138,-1674,6,2,0,4,26,0,0,-28,1666,0,0
2020-03-05,71100,71900,70400,71400,1783,127306200,0.4219,-1482,-134,18,0,16,0,0,0,2,1598,0,0
2020-03-06,71400,72000,70900,72000,4002,288144000,0.8403,-3104,-272,19,-16,0,16,8,0,11,3357,0,0
2020-03-09,72000,72600,71000,71700,4141,296909700,-0.4167,-3799,80,225,205,0,16,0,0,4,3494,0,0
2020-03-10,70900,71600,68800,71000,1235,87685000,-0.9763,-639,-280,19,0,13,0,0,0,6,900,0,0
2020-03-11,70500,70900,69600,69900,1382,96601800,-1.5493,-300,-357,49,43,3,0,0,0,3,616,-8,0
2020-03-12,69800,70100,68600,69800,12251,855119800,-0.1431,-9795,-410,-596,0,-345,0,0,0,-251,10801,0,0
2020-03-13,70000,70000,65900,68000,7658,520744000,-2.5788,-1525,-183,78,0,10,0,0,0,68,1630,0,0
2020-03-16,68000,70500,67800,68000,1789,121652000,0.0,-197,-227,260,0,0,0,0,0,260,164,0,0
2020-03-17,67700,70000,67700,68500,4420,302770000,0.7353,-3546,47,-251,0,36,0,0,0,-287,3750,0,0
2020-03-18,68500,71700,68200,68700,340,23358000,0.292,-156,-14,170,0,0,0,146,0,24,0,0,0
2020-03-19,68600,68600,67500,68000,4316,293488000,-1.0189,-3935,-81,16,0,0,0,0,0,16,4000,0,0
2020-03-20,68000,69200,68000,68200,1303,88864600,0.2941,-117,40,57,0,9,47,-8,0,9,19,1,0
2020-03-23,68200,68200,67000,67200,9100,611520000,-1.4663,-8258,-34,-46,0,0,-15,3,0,-34,8338,0,0
2020-03-24,67200,67600,66700,67200,7125,478800000,0.0,-4262,-118,-1620,0,-1592,0,-47,0,19,6000,0,0
2020-03-25,67700,69700,67300,68800,2238,153974400,2.381,-1381,96,-7,0,-7,0,0,0,0,1292,0,0
2020-03-26,68800,74200,68800,74100,3202,237268200,7.7035,-1672,-154,-26,0,0,0,0,0,-26,1852,0,0
2020-03-27,72300,73200,70400,72600,3605,261723000,-2.0243,-446,-44,490,0,330,0,0,0,160,0,0,0
2020-03-30,72600,72700,72100,72600,11353,824227800,0.0,-9804,-151,992,0,1001,0,0,0,-9,8964,-1,0
2020-03-31,72600,73700,72600,73700,5395,397611500,1.5152,-3978,-514,60,0,19,10,16,0,15,4432,0,0
2020-04-01,73700,74300,73700,74200,10897,808557400,0.6784,-10252,-93,345,0,0,0,0,0,345,10000,0,0
2020-04-02,74200,74600,72100,74000,25255,1868870000,-0.2695,-13279,-22,-10397,570,-11300,0,-2,0,335,23698,0,0
2020-04-03,73800,74000,72400,73800,548,40442400,-0.2703,-470,0,470,127,0,0,130,0,213,0,0,0
2020-04-06,73700,73700,72300,73700,3980,293326000,-0.1355,-3263,15,-3,0,0,0,-12,0,9,3251,0,0
2020-04-07,72000,74000,72000,73000,959,70007000,-0.9498,-494,-99,389,0,-12,0,42,0,359,204,0,0
2020-04-08,72200,73900,72200,73900,649,47961100,1.2329,-280,34,117,0,-12,0,35,0,94,129,0,0
2020-04-09,74500,75800,74400,75400,12921,974243400,2.0298,-6337,206,277,0,-12,0,-4,0,293,5854,0,0
2020-04-10,75400,76900,75400,76300,15201,1159836300,1.1936,-12093,-219,2312,0,1665,0,32,0,615,10000,0,0
2020-04-13,76500,76700,76300,76600,12764,977722400,0.3932,-8145,40,212,0,0,0,0,0,212,7893,0,0
2020-04-14,76800,77000,75600,75600,21108,1595764800,-1.3055,-19811,-53,64,0,0,0,21,0,43,19800,0,0
2020-04-16,76200,76800,75600,76600,17607,1348696200,1.3228,-15861,279,4003,4000,1,0,0,0,2,11579,0,0
2020-04-17,76800,77000,75600,75600,4853,366886800,-1.3055,-3691,-332,1837,1900,0,-53,-17,0,7,2186,0,0
2020-04-20,76500,76500,75000,75000,1834,137550000,-0.7937,412,-318,-94,0,0,-62,0,0,-32,0,0,0
2020-04-21,74200,75500,74200,74400,421,31322400,-0.8,47,-51,4,0,0,0,0,0,4,0,0,0
2020-04-22,74100,74400,73500,74400,797,59296800,0.0,275,1,-276,-273,0,0,0,0,-3,0,0,0
2020-04-23,74400,76300,74300,76000,3067,233092000,2.1505,-2636,246,2195,1981,0,0,215,0,-1,195,0,0
2020-04-24,76000,76000,75100,75700,247,18697900,-0.3947,-92,87,5,0,0,0,0,0,5,0,0,0
2020-04-27,76900,76900,74900,75000,531,39825000,-0.9247,35,-38,3,0,-2,0,0,0,5,0,0,0
2020-04-28,75000,75700,75000,75600,637,48157200,0.8,247,-9,-338,0,-349,0,0,0,11,0,100,0
2020-04-29,75600,76300,75100,76200,2659,202615800,0.7937,-2284,361,1923,1944,-9,0,-16,0,4,0,0,0
2020-05-04,76300,77000,75200,77000,3218,247786000,1.0499,-1645,-189,1834,0,0,156,2251,0,-573,0,0,0
2020-05-06,77000,77500,76800,77400,4854,375699600,0.5195,-4487,210,4277,2657,780,3,756,0,81,0,0,0
2020-05-07,77400,79000,76600,78300,6048,473558400,1.1628,-5345,181,5164,5000,0,0,179,0,-15,0,0,0
2020-05-08,79000,79000,77400,77400,1224,94737600,-1.1494,62,-295,333,0,0,0,312,0,21,-100,0,0
2020-05-11,77700,77800,77000,77800,1795,139651000,0.5168,-711,-121,832,0,0,0,544,0,288,0,0,0
2020-05-12,77800,78100,77600,77900,585,45571500,0.1285,-44,-75,119,0,0,3,9,0,107,0,0,0
2020-05-13,78000,78000,77100,77800,678,52748400,-0.1284,-153,81,72,0,0,0,0,0,72,0,0,0
2020-05-14,77800,77900,77200,77900,237,18462300,0.1285,0,-25,25,0,0,0,0,0,25,0,0,0
2020-05-15,77900,79200,76700,78500,836,65626000,0.7702,-660,174,486,0,411,0,-12,0,87,0,0,0
2020-05-18,79900,79900,78500,79100,1159,91676900,0.7643,-81,-4,85,0,-10,0,77,0,18,0,0,0
2020-05-19,80000,80200,78500,78500,2494,195779000,-0.7585,384,-181,-203,0,-184,-6,-19,0,6,0,0,0
2020-05-20,77500,79000,77500,78800,559,44049200,0.3822,-180,77,103,0,0,0,117,0,-14,0,0,0
2020-05-21,79000,79000,77400,78500,1745,136982500,-0.3807,9,-83,74,0,0,0,67,0,7,0,0,0
2020-05-22,78400,78400,77100,77500,1631,126402500,-1.2739,175,52,-227,0,-308,-13,97,0,-3,0,0,0
2020-05-25,77500,77500,76200,76800,2198,168806400,-0.9032,629,120,-749,0,0,-398,-56,0,-295,0,0,0
2020-05-26,77500,77800,76000,77400,4024,311457600,0.7812,-1446,499,947,2324,-960,0,80,0,-497,0,0,0
2020-05-27,77400,77900,76500,77400,602,46594800,0.0,-68,5,63,0,-5,0,79,0,-11,0,0,0
2020-05-28,76700,79500,76500,77100,2086,160830600,-0.3876,69,-39,-30,0,0,0,0,0,-30,0,0,0
2020-05-29,76600,77200,76500,76800,931,71500800,-0.3891,-295,-24,-34,-32,0,0,0,0,-2,353,0,0
2020-06-01,76300,77400,76300,77000,600,46200000,0.2604,231,-238,7,0,-8,0,16,0,-1,0,0,0
2020-06-02,76600,77300,76600,77000,1443,111111000,0.0,-967,83,-28,0,-69,0,34,0,7,912,0,0
2020-06-03,77700,77700,73600,75400,5990,451646000,-2.0779,1961,1433,-3437,0,-10,0,-3173,0,-254,43,0,0
2020-06-04,76800,76900,75500,76200,1142,87020400,1.061,-90,245,-155,0,-4,-3,-79,0,-69,0,0,0
2020-06-05,76200,77100,76100,76500,724,55386000,0.3937,-284,161,-135,-73,-1,-2,0,0,-59,258,0,0
2020-06-08,75800,76400,75600,75700,721,54579700,-1.0458,397,75,-472,-369,0,0,-85,0,-18,0,0,0
2020-06-09,75700,77100,75700,76900,1094,84128600,1.5852,-206,269,-63,0,0,0,-3,0,-60,0,0,0
2020-06-10,76900,77800,76100,77700,2577,200232900,1.0403,-47,152,-105,-93,2,104,0,0,-118,0,0,0
2020-06-11,79700,79700,77000,78000,1294,100932000,0.3861,-156,-6,162,0,542,0,-30,0,-350,0,0,0
2020-06-12,76300,78500,76100,78500,6317,495884500,0.641,-5349,105,542,0,549,60,-17,0,-50,4702,0,0
2020-06-15,78600,79500,78200,79300,9578,759535400,1.0191,-6786,287,7255,7116,26,25,56,0,32,-756,0,0
2020-06-16,79300,80100,78500,78500,5140,403490000,-1.0088,-2132,993,1639,1757,2,0,-15,0,-105,-500,0,0
2020-06-17,79500,80200,78500,79900,2421,193437900,1.7834,-916,-82,998,386,0,0,670,0,-58,0,0,0
2020-06-18,79900,80100,78900,79800,1543,123131400,-0.1252,-920,261,530,459,4,0,116,0,-49,129,0,0
2020-06-19,79200,80500,79200,79400,3366,267260400,-0.5013,1385,-1791,396,213,0,0,258,0,-75,10,0,0
2020-06-22,80500,84900,79400,80700,3413,275429100,1.6373,642,-110,-532,386,-26,0,-830,0,-62,0,0,0
2020-06-23,80700,83500,80700,82600,4360,360136000,2.3544,-1643,1275,368,386,0,-3,5,0,-20,0,0,0
2020-06-24,83700,83700,81700,82000,2074,170068000,-0.7264,110,-528,418,386,0,0,16,0,16,0,0,0
2020-06-25,82000,82400,81200,81800,1122,91779600,-0.2439,-528,70,458,458,0,0,0,0,0,0,0,0
2020-06-26,80200,82500,80200,81300,1203,97803900,-0.6112,-101,-98,-101,0,0,0,0,0,-101,300,0,0
2020-06-29,80500,80500,78500,79700,2230,177731000,-1.968,-19,22,-3,0,0,0,0,0,-3,0,0,0
2020-06-30,78600,80900,75000,80200,1515,121503000,0.6274,103,-38,-65,0,0,0,-10,0,-55,0,0,0
2020-07-01,80200,80600,79000,80100,1138,91153800,-0.1247,-156,-246,402,386,0,0,0,0,16,0,0,0
2020-07-02,80000,80900,78500,80700,3568,287937600,0.7491,-362,-18,380,386,0,0,3,0,-9,0,0,0
2020-07-03,80700,82000,80500,81900,3014,246846600,1.487,-2303,71,2232,2242,0,0,-15,0,5,0,0,0
2020-07-06,82900,82900,81000,81000,1711,138591000,-1.0989,-499,363,336,386,-23,0,-6,0,-21,-200,0,0
2020-07-07,80800,82000,80800,81600,991,80865600,0.7407,-435,-14,370,386,0,0,-10,0,-6,79,0,0
2020-07-08,81200,82400,81200,82300,895,73658500,0.8578,-75,-6,81,73,19,0,0,0,-11,0,0,0
2020-07-09,81600,83000,81600,81900,1217,99672300,-0.486,-27,83,-56,0,1,-49,0,0,-8,0,0,0
2020-07-10,81900,82000,81300,81300,1192,96909600,-0.7326,94,-199,105,0,0,0,0,0,105,0,0,0
2020-07-13,81300,81300,80000,80000,2337,186960000,-1.599,1337,-212,-1125,0,-512,0,182,0,-795,0,0,0
2020-07-14,80200,80500,79800,80000,303,24240000,0.0,-26,17,9,0,14,0,0,0,-5,0,0,0
2020-07-15,79300,80100,79300,79300,813,64470900,-0.875,235,-170,-67,0,-52,0,-1,0,-14,0,2,0
2020-07-16,79300,79500,78300,79100,2017,159544700,-0.2522,-843,-89,-25,0,0,0,0,0,-25,957,0,0
2020-07-17,78400,80600,78300,79300,1569,124421700,0.2528,96,-15,-235,-77,0,0,-166,0,8,154,0,0
2020-07-20,79300,80000,78800,79100,722,57110200,-0.2522,103,-19,-84,-57,0,0,0,0,-27,0,0,0
2020-07-21,79100,79800,78500,78600,927,72862200,-0.6321,349,-6,-471,-425,0,0,0,0,-46,128,0,0
2020-07-22,80200,80700,78700,79000,701,55379000,0.5089,20,-71,51,38,1,0,-6,0,18,0,0,0
2020-07-23,79000,80700,78700,80700,1393,112415100,2.1519,-30,-36,-415,-421,0,0,0,0,6,482,-1,0
2020-07-24,81100,81100,79600,79700,816,65035200,-1.2392,328,5,-332,4,0,0,-255,0,-81,0,-1,0
2020-07-27,79700,80600,79300,80500,1443,116161500,1.0038,94,-148,54,90,0,0,-4,0,-32,0,0,0
2020-07-28,82000,82000,79500,80200,2748,220389600,-0.3727,-418,21,-573,-502,0,0,-1,0,-70,970,0,0
2020-07-29,80000,80500,79600,80200,1095,87819000,0.0,-327,-55,-251,-120,-1,0,-64,0,-66,633,0,0
2020-07-30,80000,81200,79600,80100,1171,93797100,-0.1247,-473,40,-182,108,0,0,-197,0,-93,615,0,0
2020-07-31,81500,81500,80200,80300,838,67291400,0.2497,390,-237,-153,0,-7,0,-119,0,-27,0,0,0
2020-08-03,81000,82600,80100,80200,948,76029600,-0.1245,-41,-30,71,103,0,0,0,0,-32,0,0,0
2020-08-04,80500,81000,79700,80000,1782,142560000,-0.2494,-334,234,100,207,-4,0,0,0,-103,0,0,0
2020-08-05,79500,80600,79500,79800,1143,91211400,-0.25,297,34,-331,-207,-1,0,-90,0,-33,0,0,0
2020-08-06,81500,81500,79900,80000,843,67440000,0.2506,134,-158,24,0,0,-17,82,0,-41,0,0,0
2020-08-07,81300,81300,79900,80300,2344,188223200,0.375,57,36,-93,0,0,0,-78,0,-15,0,0,0
2020-08-10,81800,81800,79500,80500,4128,332304000,0.2491,-158,478,-320,-108,14,0,-204,0,-22,0,0,0
2020-08-11,80600,81200,80300,81000,3209,259929000,0.6211,1579,-195,-1284,0,-8,-1000,-224,0,-52,-100,0,0
2020-08-12,81400,81400,80200,81000,2379,192699000,0.0,1806,22,-1178,110,-406,-850,-18,0,-14,-650,0,0
2020-08-13,81000,81900,80800,81900,4626,378869400,1.1111,-3326,490,-198,-110,-4,0,-1,0,-83,3034,0,0
2020-08-14,81900,82000,81000,81800,1095,89571000,-0.1221,-138,138,-1,109,0,0,-109,0,-1,0,1,0
2020-08-18,81800,83500,81000,82800,3723,308264400,1.2225,-342,209,133,161,-4,0,-12,0,-12,0,0,0
2020-08-19,82000,83800,82000,83800,2057,172376600,1.2077,-160,215,-55,0,0,4,-37,0,-22,0,0,0
2020-08-20,83700,84000,81500,82900,3492,289486800,-1.074,358,95,-173,0,0,0,-168,0,-5,-280,0,0
2020-08-21,83000,83800,82000,83400,1009,84150600,0.6031,-123,43,80,0,0,0,60,0,20,0,0,0
2020-08-24,83400,84000,83000,83900,1202,100847800,0.5995,35,-35,-2,0,0,0,12,0,-14,2,0,0
2020-08-25,84000,84800,83500,83600,2929,244864400,-0.3576,126,-29,-97,101,0,0,-182,0,-16,0,0,0
2020-08-26,83600,84800,83600,84400,1577,133098800,0.9569,-125,140,-15,0,0,-9,-1,0,-5,0,0,0
2020-08-27,84400,85700,83600,84900,841,71400900,0.5924,150,-79,-71,0,-22,-35,0,0,-14,0,0,0
2020-08-28,84900,86500,83700,85500,5409,462469500,0.7067,-2032,402,1630,1811,0,0,-172,0,-9,0,0,0
2020-08-31,86000,88900,86000,86500,2741,237096500,1.1696,-721,112,545,0,753,0,-124,0,-84,9,55,0
2020-09-01,85700,87500,85700,86700,929,80544300,0.2312,142,-95,-50,0,0,0,-5,0,-45,3,0,0
2020-09-02,86700,88500,86600,88400,917,81062800,1.9608,-41,76,-31,9,0,0,-15,0,-25,-5,1,0
2020-09-03,88800,89000,87600,89000,2070,184230000,0.6787,247,-211,-27,0,0,0,0,0,-27,-9,0,0
2020-09-04,89000,91000,88200,90500,3244,293582000,1.6854,-616,288,328,389,0,0,0,0,-61,0,0,0
2020-09-07,97900,97900,90500,92900,3024,280929600,2.6519,855,-797,-86,-40,0,0,-1,0,-45,0,28,0
2020-09-08,93000,96000,92900,95000,3679,349505000,2.2605,1056,143,1,94,-8,6,-1,0,-90,-1200,0,0
2020-09-09,94000,94800,90900,92000,7291,670772000,-3.1579,1245,-365,-880,0,-799,-13,0,0,-68,0,0,0
2020-09-10,92000,95000,92000,92800,2774,257427200,0.8696,-169,30,139,693,-442,-386,-1,0,275,0,0,0
2020-09-11,93000,94700,92000,93700,1731,162194700,0.9698,-515,88,588,663,0,0,0,0,-75,-161,0,0
2020-09-14,92700,94000,92300,93800,799,74946200,0.1067,-154,-9,263,308,0,0,0,0,-45,-100,0,0
2020-09-15,93800,97500,92800,96100,3421,328758100,2.452,-22,-110,132,198,-4,0,0,0,-62,0,0,0
2020-09-16,96500,96500,94900,95600,1529,146172400,-0.5203,319,-120,-199,-125,-2,0,-2,0,-70,0,0,0
2020-09-17,95500,96200,94900,95600,1715,163954000,0.0,1,1,-2,0,0,0,1,0,-3,0,0,0
2020-09-18,95500,95600,94900,95600,339,32408400,0.0,-58,29,29,0,0,0,0,0,29,0,0,0
2020-09-21,95500,95500,94500,94700,1908,180687600,-0.9414,271,-207,9,0,0,0,0,0,9,0,-73,0
2020-09-22,94300,94600,93100,93800,3061,287121800,-0.9504,-46,38,8,0,0,0,13,0,-5,0,0,0
2020-09-23,93300,93800,93200,93500,459,42916500,-0.3198,159,-165,6,0,0,0,0,0,6,0,0,0
2020-09-24,92200,94500,92200,93700,471,44132700,0.2139,-18,14,5,0,0,0,3,0,2,0,-1,0
2020-09-25,93700,94200,93400,93800,1440,135072000,0.1067,150,-60,8,0,1,0,0,0,7,-90,-8,0
2020-09-28,97300,97300,93500,94000,592,55648000,0.2132,-4,-3,9,0,0,0,0,0,9,0,-2,0
2020-09-29,94500,94900,93600,94700,1457,137977900,0.7447,55,-54,-1,0,0,0,-4,0,3,0,0,0
2020-10-05,96000,96000,93200,94500,484,45738000,-0.2112,8,-2,-6,0,0,0,-5,0,-1,0,0,0
2020-10-06,94100,95400,92900,95300,1769,168585700,0.8466,89,-73,-16,0,0,0,-11,0,-5,0,0,0
2020-10-07,94300,96000,94300,95600,3554,339762400,0.3148,-170,203,-33,-15,0,9,-24,0,-3,0,0,0
2020-10-08,95300,96200,95100,95400,515,49131000,-0.2092,87,-45,-42,-15,0,0,0,0,-27,0,0,0
2020-10-12,95400,95700,93500,95700,629,60195300,0.3145,35,-14,-21,-30,0,6,0,0,3,0,0,0
2020-10-13,96500,96800,92800,94500,4827,456151500,-1.2539,3556,-21,-3535,60,-2146,-1002,-4,0,-443,0,0,0
2020-10-14,95000,95800,94600,94600,2596,245581600,0.1058,-167,73,-81,-166,0,111,0,0,-26,175,0,0
2020-10-15,95000,97500,94700,96600,7363,711265800,2.1142,-5369,516,-318,-296,-1,0,0,0,-21,5171,0,0
2020-10-16,96800,98700,96800,98000,10354,1014692000,1.4493,-3591,464,-1578,-1475,0,0,-101,0,-2,4703,2,0
2020-10-19,98300,100500,98000,100500,10617,1067008500,2.551,-7064,709,2,0,2,0,0,0,0,6353,0,0
2020-10-20,100500,101000,98100,100000,1816,181600000,-0.4975,84,180,-264,-262,0,0,0,0,-2,0,0,0
2020-10-21,100000,100000,97700,99500,1931,192134500,-0.5,193,-182,-21,0,0,0,0,0,-21,0,10,0
2020-10-22,99600,108500,99400,100500,11753,1181176500,1.005,-4072,-904,-24,0,0,0,-3,0,-21,5000,0,0
2020-10-23,100500,102000,99900,101000,13822,1396022000,0.4975,-10783,-196,-11,0,0,0,0,0,-11,10992,-2,0
2020-10-26,101000,102500,99000,99000,21560,2134440000,-1.9802,-11871,-581,-645,0,-298,52,-2,0,-397,13107,-10,0
2020-10-27,98400,100500,97900,100500,1436,144318000,1.5152,327,210,8,0,0,0,0,0,8,-545,0,0
2020-10-28,100000,100500,99400,99700,437,43568900,-0.796,-143,155,-12,0,-1,0,-1,0,-10,0,0,0
2020-10-29,98400,100000,98400,100000,467,46700000,0.3009,-1,0,1,0,0,0,0,0,1,0,0,0
2020-10-30,98600,101000,98600,99700,407,40577900,-0.3,-7,17,-10,0,0,0,0,0,-10,0,0,0
2020-11-02,99400,99800,99300,99800,629,62774200,0.1003,-312,116,196,193,0,0,0,0,3,0,0,0
2020-11-03,99800,102000,99700,100000,760,76000000,0.2004,-186,-13,199,193,4,0,0,0,2,0,0,0
2020-11-04,100000,101000,99300,99700,515,51345500,-0.3,127,-231,104,90,0,1,10,0,3,0,0,0
2020-11-05,101000,101000,99500,99600,636,63345600,-0.1003,33,-128,95,105,0,0,0,0,-10,0,0,0
2020-11-06,99500,101000,99000,100500,1696,170448000,0.9036,-642,-57,183,205,-1,0,-8,0,-13,516,0,0
2020-11-09,100500,105000,100500,103000,2118,218154000,2.4876,-1803,-19,535,374,54,0,110,0,-3,1288,-1,0
2020-11-10,104000,106500,102000,103500,411,42538500,0.4854,-13,-15,28,30,0,0,-6,0,4,0,0,0
2020-11-11,103500,106500,101000,104000,1158,120432000,0.4831,-257,-44,196,207,0,-15,13,0,-9,105,0,0
2020-11-12,104000,108000,104000,107000,1452,155364000,2.8846,89,-26,330,229,0,4,53,0,44,-393,0,0
2020-11-13,109000,110000,106500,108500,2907,315409500,1.4019,475,-111,378,-15,353,0,14,0,26,-744,2,0
2020-11-16,108000,108500,104500,106500,4258,453477000,-1.8433,-360,-107,467,306,-7,0,167,0,1,0,0,0
2020-11-17,106000,107000,104500,106500,1860,198090000,0.0,-385,389,-4,0,-6,0,-2,0,4,0,0,0
2020-11-18,106000,107500,105000,106500,1059,112783500,0.0,-18,41,-24,0,-7,0,-3,0,-14,0,1,0
2020-11-19,106500,107000,104500,107000,2909,311263000,0.4695,-11,-28,40,0,-1,40,0,0,1,0,-1,0
2020-11-20,106500,107500,105500,106500,445,47392500,-0.4673,150,-5,-145,-14,0,-52,0,0,-79,0,0,0
2020-11-23,106000,107500,104500,106500,960,102240000,0.0,97,-19,-78,-14,0,0,-19,0,-45,0,0,0
2020-11-24,105000,106500,105000,106500,809,86158500,0.0,147,-81,-146,0,-133,0,-2,0,-11,80,0,0
2020-11-25,106000,107000,102500,102500,2492,255430000,-3.7559,200,40,-239,0,-221,0,-11,0,-7,-1,0,0
2020-11-26,102000,104000,100500,103000,1018,104854000,0.4878,-112,-52,-38,0,12,-27,-1,0,-22,200,2,0
2020-11-27,103000,103500,101500,103500,574,59409000,0.4854,-339,347,-8,0,0,0,0,0,-8,0,0,0
2020-11-30,102500,105000,102500,103500,1485,153697500,0.0,-581,253,-20,0,0,-1,0,0,-19,348,0,0
2020-12-01,103500,104000,102500,104000,474,49296000,0.4831,40,1,-41,-14,0,0,0,0,-27,0,0,0
2020-12-02,103500,104500,103000,104000,1050,109200000,0.0,120,47,-167,-28,-1,-1,-129,0,-8,0,0,0
2020-12-03,103000,105000,103000,105000,1824,191520000,0.9615,-24,-42,66,76,0,0,0,0,-10,0,0,0
2020-12-04,105000,105500,103500,105000,2089,219345000,0.0,114,-78,-36,-13,0,0,-14,0,-9,0,0,0
2020-12-07,105000,105000,104000,105000,1479,155295000,0.0,31,35,-66,-28,0,0,-9,0,-29,0,0,0
2020-12-08,104000,106000,103500,105000,1317,138285000,0.0,93,-87,-6,0,0,0,0,0,-6,0,0,0
2020-12-09,105500,105500,104000,104000,1078,112112000,-0.9524,-118,58,60,67,0,-5,-1,0,-1,0,0,0
2020-12-10,102500,105000,102000,105000,2984,313320000,0.9615,602,-20,-582,-592,22,0,-2,0,-10,0,0,0
2020-12-11,103500,105000,103500,104500,2488,259996000,-0.4762,-396,-311,64,76,0,0,0,0,-12,643,0,0
2020-12-14,105000,105000,102500,104000,775,80600000,-0.4785,224,-4,-220,-56,-150,0,-4,0,-10,0,0,0
2020-12-15,105000,105500,104000,105500,2063,217646500,1.4423,112,-37,-55,67,0,-112,-2,0,-8,0,-20,0
2020-12-16,106500,106500,103500,104000,1268,131872000,-1.4218,98,7,-154,-135,0,0,-19,0,0,-1,50,0
2020-12-17,104000,104000,102500,103500,1666,172431000,-0.4808,583,0,-583,-567,-1,-1,0,0,-14,0,0,0
2020-12-18,104500,104500,102000,103000,2238,230514000,-0.4831,722,-238,-94,-92,-1,0,0,0,-1,-390,0,0
2020-12-21,104000,104000,101500,103000,1880,193640000,0.0,198,-19,-58,0,-42,-13,0,0,-3,-121,0,0
2020-12-22,103000,103000,101500,102000,1520,155040000,-0.9709,223,-122,-101,-100,0,0,0,0,-1,0,0,0
2020-12-23,103000,103000,100000,101000,2775,280275000,-0.9804,845,-146,-20,0,0,0,-12,0,-8,-679,0,0
2020-12-24,100500,102500,100500,101500,21396,2171694000,0.495,58,279,-337,-277,0,0,0,0,-60,0,0,0
2020-12-28,102000,104500,101500,104500,4431,463039500,2.9557,-639,697,-58,0,1,0,-14,0,-45,0,0,0
2020-12-29,104500,104500,103500,103500,1272,131652000,-0.9569,-37,138,-101,0,2,-45,2,0,-60,0,0,0
2020-12-30,103000,105000,103000,104500,1400,146300000,0.9662,-823,221,-39,0,0,0,-30,0,-9,641,0,0
2021-01-04,104000,114000,104000,106500,4539,483403500,1.9139,-287,681,-49,0,-3,0,-45,0,-1,-341,-4,0
2021-01-05,110500,117500,107000,112500,3335,375187500,5.6338,56,-183,373,460,-1,0,-10,0,-76,-250,4,0
2021-01-06,116000,116000,112000,116000,1119,129804000,3.1111,-241,-81,326,351,0,0,-9,0,-16,0,-4,0
2021-01-07,116000,119500,113000,113500,3511,398498500,-2.1552,-209,49,160,215,0,0,-4,0,-51,0,0,0
2021-01-08,113500,115000,109500,111500,2074,231251000,-1.7621,48,1,-49,0,0,0,-13,0,-36,0,0,0
2021-01-11,110500,112000,104000,108000,5384,581472000,-3.139,840,588,-35,0,0,0,-23,0,-12,-1393,0,0
2021-01-12,108000,110000,108000,108500,1957,212334500,0.463,3,42,-45,0,0,0,-38,0,-7,0,0,0
2021-01-13,108500,109000,107000,107000,2783,297781000,-1.3825,250,162,-412,-162,0,0,-245,0,-5,0,0,0
2021-01-14,107000,112000,107000,108000,1593,172044000,0.9346,315,-47,-268,-258,0,0,0,0,-10,0,0,0
2021-01-15,107000,110000,107000,109500,2344,256668000,1.3889,42,-32,-10,0,0,0,1,0,-11,0,0,0
2021-01-18,107500,109500,107000,108000,857,92556000,-1.3699,24,-10,-14,0,0,0,-12,0,-2,0,0,0
2021-01-19,108000,108500,106500,108500,1310,142135000,0.463,148,-118,-30,-92,0,0,55,0,7,0,0,0
2021-01-20,109000,109500,106500,108500,904,98084000,0.0,2,-154,152,0,0,0,139,0,13,0,0,0
2021-01-21,109500,109500,107500,107500,1258,135235000,-0.9217,262,-53,-209,-128,0,0,-14,0,-67,0,0,0
2021-01-22,109000,109000,107000,107000,1078,115346000,-0.4651,159,-91,-35,-10,0,0,0,0,-25,-33,0,0
2021-01-25,106000,108500,106000,108500,1784,193564000,1.4019,73,58,219,0,114,0,160,0,-55,-350,0,0
2021-01-26,108500,108500,105500,106000,1043,110558000,-2.3041,708,-88,-255,-16,-206,0,-1,0,-32,-365,0,0
2021-01-27,106000,107000,105500,105500,1693,178611500,-0.4717,-1102,1111,-9,0,1,0,3,0,-13,0,0,0
2021-01-28,105500,106000,102000,104000,1400,145600000,-1.4218,328,8,-336,-487,117,30,0,0,4,0,0,0
2021-01-29,104500,105500,103500,104500,1525,159362500,0.4808,-777,755,22,0,0,0,5,0,17,0,0,0
2021-02-01,105500,106500,104500,106000,2182,231292000,1.4354,-845,384,461,471,0,-8,3,0,-5,0,0,0
2021-02-02,106000,106500,104500,105000,738,77490000,-0.9434,100,-84,-16,0,-8,-11,5,0,-2,0,0,0
2021-02-03,105500,106000,103500,104500,1642,171589000,-0.4762,254,-225,-29,0,0,0,0,0,-29,0,0,0
2021-02-04,103000,104500,102500,104500,953,99588500,0.0,529,-49,-480,-436,-3,-1,0,0,-40,0,0,0
2021-02-05,104500,106000,102000,103000,2035,209605000,-1.4354,91,-22,390,372,0,4,12,0,2,-459,0,0
2021-02-08,102000,104000,102000,103000,2062,212386000,0.0,208,93,-301,-301,0,0,0,0,0,0,0,0
2021-02-09,103500,103500,102000,103000,692,71276000,0.0,159,-106,47,47,0,0,3,0,-3,-100,0,0
2021-02-10,103000,105500,102500,104500,1278,133551000,1.4563,-1029,890,139,141,0,0,0,0,-2,0,0,0
2021-02-15,104500,107000,104000,105000,1909,200445000,0.4785,-391,485,6,113,0,0,-106,0,-1,-100,0,0
2021-02-16,105500,108000,104500,107000,1291,138137000,1.9048,-196,188,8,71,0,0,-55,0,-8,0,0,0
2021-02-17,106500,107500,105000,106000,1340,142040000,-0.9346,-297,359,-62,0,0,0,-59,0,-3,0,0,0
2021-02-18,105500,108000,105500,107500,1716,184470000,1.4151,-181,119,62,62,0,0,0,0,0,0,0,0
2021-02-19,107500,108500,106500,108000,1502,162216000,0.4651,-192,270,-78,-79,0,0,0,0,1,0,0,0
2021-02-22,108500,114500,107000,110500,3287,363213500,2.3148,-1195,605,590,589,0,0,0,0,1,0,0,0
2021-02-23,111500,114000,108000,111500,2512,280088000,0.905,99,75,-174,43,-124,-150,3,0,54,0,0,0
2021-02-24,114000,114000,109500,110000,1275,140250000,-1.3453,101,-127,32,17,0,0,3,0,12,-6,0,0
2021-02-25,110000,113500,110000,112500,3302,371475000,2.2727,-99,-503,-493,0,0,-500,0,0,7,1095,0,0
2021-02-26,112500,112500,110000,112000,2238,250656000,-0.4444,96,-1107,11,0,0,0,5,0,6,1000,0,0
2021-03-02,112000,114500,112000,114500,1638,187551000,2.2321,-186,181,5,0,0,0,-1,0,6,0,0,0
2021-03-03,115500,119000,114500,115000,2817,323955000,0.4367,-1207,-102,309,304,0,0,0,0,5,1000,0,0
2021-03-04,115000,118000,114000,118000,3126,368868000,2.6087,-1211,200,11,0,0,0,0,0,11,1000,0,0
2021-03-05,117500,118000,115000,117000,1308,153036000,-0.8475,236,-144,-92,-98,0,0,3,0,3,0,0,0
2021-03-08,117500,119500,115000,116000,1252,145232000,-0.8547,82,-182,100,99,0,0,0,0,1,0,0,0
2021-03-09,116000,116000,113000,115500,3432,396396000,-0.431,659,-2207,-452,-100,-100,-252,-3,0,3,2000,0,0
2021-03-10,115500,117000,115000,115500,4066,469623000,0.0,1055,-1551,-504,0,0,-500,0,0,-4,1000,0,0
2021-03-11,115500,127500,115000,126000,8247,1039122000,9.0909,-753,-205,30,82,137,-186,0,0,-3,928,0,0
2021-03-12,127000,135000,127000,128500,3755,482517500,1.9841,2030,-1729,-101,-100,0,0,0,0,-1,-200,0,0
2021-03-15,134500,135500,127000,134500,7139,960195500,4.6693,508,-1998,-10,0,0,0,0,0,-10,1500,0,0
2021-03-16,136500,172000,136500,168000,41042,6895056000,24.9071,1588,-1381,-37,0,5,59,-1,0,-100,-241,71,0
2021-03-17,168000,168000,151500,151500,25120,3805680000,-9.8214,-1136,64,-972,-70,-200,-700,0,0,-2,1935,109,0
2021-03-18,151500,155000,147000,150000,10868,1630200000,-0.9901,-2143,-113,656,655,0,0,-3,0,4,1600,0,0
2021-03-19,150500,158500,150500,155000,8296,1285880000,3.3333,-1200,573,707,709,0,0,-2,0,0,0,-80,0
2021-03-22,157000,180000,155000,170500,14399,2455029500,10.0,-1852,-369,789,732,157,28,-127,0,-1,1432,0,0
2021-03-23,173500,192000,170500,181000,27702,5014062000,6.1584,-1263,727,690,690,0,0,0,0,0,-154,0,0
2021-03-24,184000,186000,171000,182500,17423,3179697500,0.8287,2069,-1570,-4511,-4467,0,-50,0,0,6,3962,50,0
2021-03-25,180000,197000,180000,188500,14792,2788292000,3.2877,1280,-117,-258,-263,4,0,1,0,0,-934,29,0
2021-03-26,188500,197500,186500,191500,18478,3538537000,1.5915,5935,-1995,-515,-263,-72,-173,0,0,-7,-3455,30,0
2021-03-29,195000,204000,158000,161000,29506,4750466000,-15.9269,1621,246,-1448,-949,-200,-300,-1,0,2,-475,56,0
2021-03-30,161000,171500,155500,167000,14266,2382422000,3.7267,-1021,854,304,283,0,0,0,0,21,-161,24,0
2021-03-31,164000,170000,164000,169000,5086,859534000,1.1976,222,-196,-26,0,0,0,0,0,-26,0,0,0
2021-04-01,169500,186000,169000,181500,8730,1584495000,7.3964,-375,520,-65,0,0,0,-2,0,-63,0,-80,0
2021-04-02,179500,186000,175500,180500,6322,1141121000,-0.551,979,-684,-225,-223,0,0,0,0,-2,-81,11,0
2021-04-05,186000,186000,179500,183000,4812,880596000,1.385,273,-214,11,-32,0,0,0,0,43,-119,49,0
2021-04-06,183500,185000,180000,180000,4799,863820000,-1.6393,742,-875,122,-6,92,-1,61,0,-24,0,11,0
2021-04-07,178500,182000,176500,176500,3903,688879500,-1.9444,-119,227,-108,0,0,-95,-1,0,-12,0,0,0
2021-04-08,176500,179000,175000,178000,4171,742438000,0.8499,-44,208,261,266,0,0,1,0,-6,-425,0,0
2021-04-09,179500,185000,178000,183000,10005,1830915000,2.809,-1207,1843,1096,0,576,575,0,0,-55,-1732,0,0
2021-04-12,189000,190000,184000,184500,5309,979510500,0.8197,263,-107,-116,-148,0,0,-15,0,47,0,-40,0
2021-04-13,186000,186000,180000,184500,2378,438741000,0.0,709,-375,-334,-223,-80,-100,72,0,-3,0,0,0
2021-04-14,184500,184500,180000,184000,1313,241592000,-0.271,-143,133,-13,0,-1,0,-7,0,-5,0,23,0
2021-04-15,188000,188000,180000,180500,2378,429229000,-1.9022,322,-160,-76,0,0,-38,-1,0,-37,-75,-11,0
2021-04-16,180500,184000,180500,183500,2307,423334500,1.662,-371,403,21,0,0,0,32,0,-11,-30,-23,0
2021-04-19,185000,186500,181000,182000,1234,224588000,-0.8174,114,-44,-70,-80,0,0,38,0,-28,0,0,0
2021-04-20,182000,182500,180000,181500,1665,302197500,-0.2747,307,194,-1,0,0,0,33,0,-34,-500,0,0
2021-04-21,181500,181500,178000,180000,3040,547200000,-0.8264,589,-255,-334,-335,0,0,0,0,1,0,0,0
2021-04-22,180000,180000,177500,179000,1131,202449000,-0.5556,195,-177,-14,3,-12,-23,0,0,18,0,-4,0
2021-04-23,178000,182000,177500,179000,1588,284252000,0.0,363,-107,-256,-259,0,0,0,0,3,0,0,0
2021-04-26,181000,181000,177000,178500,993,177250500,-0.2793,-117,59,58,0,0,0,-6,0,64,0,0,0
2021-04-27,180500,180500,173000,175500,2744,481572000,-1.6807,687,173,-880,-902,0,0,3,0,19,0,20,0
2021-04-28,175500,175500,167000,168500,5171,871313500,-3.9886,431,439,-870,-611,-203,-59,0,0,3,0,0,0
2021-04-29,172500,172500,163500,172000,4009,689548000,2.0772,584,-279,-334,-368,0,0,7,0,27,29,0,0
2021-04-30,172000,176500,168500,175000,2077,363475000,1.7442,-360,264,96,69,0,0,0,0,27,0,0,0
2021-05-03,185500,185500,174000,175500,921,161635500,0.2857,-92,-22,124,3,0,0,56,0,65,0,-10,0
2021-05-04,177000,179000,173000,176500,1629,287518500,0.5698,-539,346,193,139,7,9,17,0,21,0,0,0
2021-05-06,181500,181500,176500,179500,1833,329023500,1.6997,-1106,616,490,417,36,21,18,0,-2,0,0,0
2021-05-07,180000,180500,175000,180000,1112,200160000,0.2786,-158,1,154,132,18,22,25,0,-43,0,3,0
2021-05-10,180500,183500,176000,177500,1338,237495000,-1.3889,371,-93,-278,-340,6,0,24,0,32,0,0,0
2021-05-11,178500,179500,176000,179500,656,117752000,1.1268,-10,134,-114,1,-127,24,24,0,-36,0,-10,0
2021-05-12,183000,183500,175000,175500,1540,270270000,-2.2284,959,-763,-196,0,-255,0,20,0,39,0,0,0
2021-05-13,175000,175500,172500,175500,1794,314847000,0.0,496,-512,16,25,0,0,26,0,-35,0,0,0
2021-05-14,173000,180000,172500,174000,2163,376362000,-0.8547,205,-240,35,0,0,10,15,0,10,0,0,0
2021-05-17,175000,181000,170500,170500,4109,700584500,-2.0115,1789,-439,-1482,-1425,0,11,0,0,-68,152,-20,0
2021-05-18,171500,174500,169500,170500,1798,306559000,0.0,-99,28,71,74,6,0,4,0,-13,0,0,0
2021-05-20,170500,172500,169000,171000,690,117990000,0.2933,-173,-92,15,0,0,13,-1,0,3,250,0,0
2021-05-21,170000,173000,169000,170000,544,92480000,-0.5848,151,-64,-87,-144,6,2,0,0,49,0,0,0
2021-05-24,168500,170500,168000,169500,705,119497500,-0.2941,128,-117,-11,0,0,0,0,0,-11,0,0,0
2021-05-25,168500,177000,168000,170500,642,109461000,0.59,87,-54,-33,0,0,0,0,0,-33,0,0,0
2021-05-26,171000,171000,168000,170500,1333,227276500,0.0,685,123,-758,0,0,-841,0,0,83,-50,0,0
2021-05-27,161500,171500,155500,171500,1495,256392500,0.5865,192,-143,-66,0,-1,0,-1,0,-64,17,0,0
2021-05-28,171500,173500,171500,172500,573,98842500,0.5831,-110,-41,3,0,0,0,0,0,3,148,0,0
2021-05-31,172500,173000,170000,170500,833,142026500,-1.1594,214,-230,16,0,0,0,0,0,16,0,0,0
2021-06-01,172000,172000,167500,170000,1569,266730000,-0.2933,922,-57,-915,-808,-43,-15,-48,0,-1,50,0,0
2021-06-02,170000,175500,168000,172000,3333,573276000,1.1765,-1275,676,399,295,28,-2,14,0,64,200,0,0
2021-06-03,171500,173000,170000,170500,872,148676000,-0.8721,508,-258,-303,-291,0,0,5,0,-17,3,50,0
2021-06-04,171000,172000,170000,172000,759,130548000,0.8798,51,40,-91,0,-15,0,21,0,-97,0,0,0
2021-06-07,173000,176000,171000,175000,3843,672525000,1.7442,-709,401,308,400,-72,0,0,0,-20,0,0,0
2021-06-08,177000,178500,173000,178500,1642,293097000,2.0,-456,211,245,232,0,0,26,0,-13,0,0,0
2021-06-09,178500,182000,176500,177000,5809,1028193000,-0.8403,908,-658,-3,3,0,0,2,0,-8,-250,3,0
2021-06-10,177000,180000,175000,180000,4534,816120000,1.6949,24,-263,239,17,150,74,0,0,-2,0,0,0
2021-06-11,183000,183000,177000,181000,912,165072000,0.5556,-23,-188,211,-139,185,7,205,0,-47,-30,30,0
2021-06-14,180000,181000,178000,178500,640,114240000,-1.3812,102,-93,-19,0,0,0,-8,0,-11,0,10,0
2021-06-15,179500,183500,177500,179000,1792,320768000,0.2801,-356,10,390,422,0,0,0,0,-32,-4,-40,0
2021-06-16,179000,181000,177500,178500,723,129055500,-0.2793,16,-185,142,255,-37,-82,20,0,-14,27,0,0
2021-06-17,178500,179000,177500,178500,240,42840000,0.0,66,-61,-5,0,-8,-8,18,0,-7,0,0,0
2021-06-18,178500,180500,177500,180000,656,118080000,0.8403,-110,-178,145,1,0,0,148,0,-4,113,30,0
2021-06-21,180000,180500,177500,178000,589,104842000,-1.1111,106,-132,-4,0,0,0,0,0,-4,0,30,0
2021-06-22,180000,181500,178000,180000,1552,279360000,1.1236,-69,-107,238,248,0,0,-8,0,-2,-2,-60,0
2021-06-23,180000,180500,178000,179000,1057,189203000,-0.5556,-239,-72,-189,-67,-6,-118,0,0,2,500,0,0
2021-06-24,180000,180000,177000,178500,1048,187068000,-0.2793,-352,-149,-9,96,-55,0,-8,0,-42,510,0,0
2021-06-25,177500,179500,177500,178500,735,131197500,0.0,-198,-86,-32,0,0,0,10,0,-42,316,0,0
2021-06-28,179500,182000,177500,180500,1595,287897500,1.1204,-373,281,-102,0,0,-8,0,0,-94,97,97,0
2021-06-29,179000,181000,176500,180000,1198,215640000,-0.277,251,-310,-216,-213,0,0,0,0,-3,275,0,0
2021-06-30,178000,180500,178000,180500,1004,181222000,0.2778,-374,-33,154,199,0,0,0,0,-45,253,0,0
2021-07-01,180500,181000,179000,180500,1512,272916000,0.0,-916,-23,-5,0,0,9,0,0,-14,944,0,0
2021-07-02,180500,181000,179500,181000,1215,219915000,0.277,-566,32,134,0,95,0,70,0,-31,400,0,0
2021-07-05,181000,182000,179500,181000,1994,360914000,0.0,-132,189,-57,0,0,0,1,0,-58,0,0,0
2021-07-06,182000,182000,180000,181500,388,70422000,0.2762,-2,0,2,0,0,0,2,0,0,0,0,0
2021-07-07,181500,186500,180500,186000,3258,605988000,2.4793,-994,794,200,0,0,0,196,0,4,0,0,0
2021-07-08,193000,193000,184500,189500,3364,637478000,1.8817,-203,-186,389,390,0,0,0,0,-1,0,0,0
2021-07-09,189500,191500,188000,190500,7432,1415796000,0.5277,1340,-3351,-489,300,-955,-276,413,0,29,2500,0,0
2021-07-12,190500,192000,189000,191000,3838,733058000,0.2625,453,-2720,-233,0,-1,-171,0,0,-61,2500,0,0
2021-07-13,191000,199500,188500,195000,10174,1983930000,2.0942,-1324,-1655,357,374,-12,2,-8,0,1,2622,0,0
2021-07-14,194500,195000,191000,194500,3702,720039000,-0.2564,203,-2702,-1,0,0,0,0,0,-1,2500,0,0
2021-07-15,194000,196000,192000,195000,9265,1806675000,0.2571,4514,-1869,-4973,-4963,0,0,-9,0,-1,2328,0,0
2021-07-16,195000,195000,191500,192500,8648,1664740000,-1.2821,3656,-1688,-4468,-4466,0,0,0,0,-2,2500,0,0
2021-07-19,191000,191500,187000,188500,6969,1313656500,-2.0779,1561,-2859,-1202,-1162,0,0,0,0,-40,2500,0,0
2021-07-20,183500,187000,180500,183500,9962,1828027000,-2.6525,816,-3357,-24,1,0,0,0,0,-25,2565,0,0
2021-07-21,183000,184500,180000,181500,7912,1436028000,-1.0899,2230,-1755,-3698,-3500,0,0,-196,0,-2,3223,0,0
2021-07-22,180500,182000,175500,176000,10090,1775840000,-3.0303,2373,-2906,-1964,-1932,0,0,-33,0,1,2500,-3,0
2021-07-23,177500,179000,176000,178500,5426,968541000,1.4205,575,-324,-2491,-2498,0,1,8,0,-2,2240,0,0
2021-07-26,178500,181000,174000,178500,5976,1066716000,0.0,372,-1256,-1616,-1574,0,0,8,0,-50,2500,0,0
2021-07-27,178500,181000,177500,180000,4466,803880000,0.8403,-1010,-1505,22,-70,0,0,7,0,85,2493,0,0
2021-07-28,180000,182000,178500,180000,1046,188280000,0.0,302,-343,41,70,0,8,0,0,-37,0,0,0
2021-07-29,178500,180000,177500,178500,1596,284886000,-0.8333,1239,-1055,-74,-70,1,0,-3,0,-2,-110,0,0
2021-07-30,180500,180500,176500,177500,1969,349497500,-0.5602,589,-975,386,589,0,-200,0,0,-3,0,0,0
2021-08-02,181000,182000,177500,181000,2807,508067000,1.9718,-157,138,19,45,45,-7,0,0,-64,0,0,0
2021-08-03,182000,188000,180000,186500,6879,1282933500,3.0387,-3923,905,554,529,19,-4,4,0,6,2464,0,0
2021-08-04,191500,191500,185500,187000,1712,320144000,0.2681,286,-132,-154,4,0,-153,0,0,-5,0,0,0
2021-08-05,192000,195000,187500,194000,4064,788416000,3.7433,-1267,-238,1572,2053,-43,-400,-35,0,-3,-67,0,0
2021-08-06,193000,193000,188000,188500,1429,269366500,-2.8351,115,-172,57,65,20,0,-20,0,-8,0,0,0
2021-08-09,189500,190500,187500,187500,1303,244312500,-0.5305,10,-172,162,513,-47,-306,3,0,-1,0,0,0
2021-08-10,187500,190000,186000,188500,1376,259376000,0.5333,-480,-274,-382,-11,-103,-250,-2,0,-16,1136,0,0
2021-08-11,188500,191500,188500,190000,1657,314830000,0.7958,-280,-121,410,518,-2,-153,-38,0,85,-9,0,0
2021-08-12,192500,192500,187500,189500,1784,338068000,-0.2632,-410,100,330,278,0,0,-6,0,58,-20,0,0
2021-08-13,187500,192500,183500,192000,2712,520704000,1.3193,129,-561,-338,-302,0,0,-14,0,-22,770,0,0
2021-08-17,192000,196000,188500,193000,2936,566648000,0.5208,-210,167,43,31,0,0,-48,0,60,0,0,0
2021-08-18,203500,203500,189500,190500,2016,384048000,-1.2953,-360,-263,23,-45,0,0,-19,0,87,600,0,0
2021-08-19,190500,195000,188500,190000,4523,859370000,-0.2625,-423,-269,202,136,6,0,0,0,60,490,0,0
2021-08-20,189000,190500,188500,188500,1648,310648000,-0.7895,-500,-275,-225,-227,0,0,0,0,2,1000,0,0
2021-08-23,188500,188500,186000,186500,1449,270238500,-1.061,-462,-169,6,22,0,0,4,0,-20,625,0,0
2021-08-24,187500,189500,185500,186000,764,142104000,-0.2681,148,-190,26,36,0,0,-8,0,-2,16,0,0
2021-08-25,186000,191000,184500,185500,1437,266563500,-0.2688,-162,-257,10,29,0,-2,-25,0,8,409,0,0
2021-08-26,185500,193000,185000,185000,820,151700000,-0.2695,179,-98,-31,-33,0,0,0,0,2,-50,0,0
2021-08-27,186000,188500,184500,185500,525,97387500,0.2703,-74,-130,109,101,0,0,0,0,8,95,0,0
2021-08-30,188000,188000,184500,185500,655,121502500,0.0,276,-189,-2,-8,0,0,0,0,6,-85,0,0
2021-08-31,187500,189500,186000,186500,864,161136000,0.5391,34,-24,1,0,0,0,0,0,1,-11,0,0
2021-09-01,187000,188500,186500,186500,749,139688500,0.0,257,-198,-9,-3,0,-2,-3,0,-1,-50,0,0
2021-09-02,186500,187500,185000,185000,732,135420000,-0.8043,380,-146,-234,0,-172,0,-120,0,58,0,0,0
2021-09-03,185500,186000,184500,184500,808,149076000,-0.2703,611,-140,-212,-10,-119,0,-82,0,-1,-259,0,0
2021-09-06,184500,188500,182000,188000,2654,498952000,1.897,328,-156,-12,-10,0,0,0,0,-2,-160,0,0
2021-09-07,188000,188000,186500,186500,284,52966000,-0.7979,18,-72,65,65,0,0,-1,0,1,-11,0,0
2021-09-08,189000,189000,185000,185500,967,179378500,-0.5362,612,-451,-61,5,35,-100,0,0,-1,-100,0,0
2021-09-09,185000,188000,184000,186000,2732,508152000,0.2695,170,-1786,-177,16,36,-203,-9,0,-17,1793,0,0
2021-09-10,186000,187500,185000,187000,2378,444686000,0.5376,-266,-1379,-136,0,-150,0,5,0,9,1781,0,0
2021-09-13,187000,190000,186000,189000,3907,738423000,1.0695,-91,219,-1179,-5,0,-1250,57,0,19,1031,20,0
2021-09-14,189000,194000,187500,193000,3905,753665000,2.1164,-2298,237,30,0,0,0,13,0,17,2022,9,0
2021-09-15,193000,194500,190000,192000,4272,820224000,-0.5181,-850,-1731,-19,0,0,-206,188,0,-1,2609,-9,0
2021-09-16,192000,193000,191000,192500,4713,907252500,0.2604,35,440,-3967,-3980,0,2,-2,0,13,3492,0,0
2021-09-17,191000,197000,190000,194500,4288,834016000,1.039,-586,1320,-1011,-1002,-12,-3,-2,0,8,277,0,0
2021-09-23,194500,199000,194500,196000,1357,265972000,0.7712,-152,137,45,62,0,0,-17,0,0,-30,0,0
2021-09-24,198000,200000,197000,199000,1438,286162000,1.5306,82,-124,134,123,19,10,-28,0,10,-92,0,0
2021-09-27,199000,200000,196000,199000,914,181886000,0.0,393,-476,83,0,33,0,0,0,50,0,0,0
2021-09-28,197500,198500,194500,194500,1206,234567000,-2.2613,748,-192,-503,-500,19,0,-60,0,38,-53,0,0
2021-09-29,194000,195000,190000,193500,2566,496521000,-0.5141,638,366,-1004,-1061,11,0,0,0,46,0,0,0
2021-09-30,192000,195500,188000,188000,2813,528844000,-2.8424,1340,-417,-923,-1000,3,9,-1,0,66,0,0,0
2021-10-01,187000,190000,184500,185000,2153,398305000,-1.5957,927,-470,-457,-563,105,-2,0,0,3,0,0,0
2021-10-05,187000,190000,183000,190000,7556,1435640000,2.7027,998,-145,-853,-1097,100,111,81,0,-48,0,0,0
2021-10-06,192000,198000,189000,195000,9194,1792830000,2.6316,-2348,2103,245,132,-28,70,50,0,21,0,0,0
2021-10-07,197000,204000,196500,203500,9935,2021772500,4.359,-4135,4033,180,3,-50,60,138,0,29,-78,0,0
2021-10-08,207000,217500,205000,216000,11735,2534760000,6.1425,-2905,2642,262,137,-50,46,116,0,13,1,0,0
2021-10-12,220000,220000,213000,215500,3402,733131000,-0.2315,-697,310,337,210,0,0,6,0,121,50,0,0
2021-10-13,213500,228500,208000,225500,8100,1826550000,4.6404,-1429,1367,61,3,0,5,10,0,43,0,1,0
2021-10-14,228500,237000,226000,226500,13557,3070660500,0.4435,5143,1565,417,415,0,0,0,0,2,-7126,1,0
2021-10-15,228000,239000,226500,239000,9945,2376855000,5.5188,-4469,2775,1522,52,907,396,190,0,-23,167,5,0
2021-10-18,236000,241500,224500,224500,5700,1279650000,-6.0669,2179,-2005,-179,-39,-151,-26,-3,0,40,-10,15,0
2021-10-19,224500,228000,219000,226000,7064,1596464000,0.6682,-1423,1611,12,12,0,0,0,0,0,-300,100,0
2021-10-20,224000,225000,216500,219500,4121,904559500,-2.8761,48,-47,-1,0,0,0,0,0,-1,0,0,0
2021-10-21,217000,221500,216500,221500,1563,346204500,0.9112,-68,396,19,0,0,7,-23,0,35,-347,0,0
2021-10-22,218000,222000,217500,219000,1188,260172000,-1.1287,632,-427,-65,0,-33,0,-32,0,0,-140,0,0
2021-10-25,219000,222000,217000,221000,943,208403000,0.9132,374,-165,-8,-1,0,0,-7,0,0,-105,-96,0
2021-10-26,220000,223000,220000,221000,769,169949000,0.0,172,-134,-20,0,0,0,-10,0,-10,-18,0,0
2021-10-27,221500,221500,216000,217000,2700,585900000,-1.81,393,-380,-14,0,0,0,-3,0,-11,0,1,0
2021-10-28,217000,220500,216000,216000,1522,328752000,-0.4608,401,-299,-62,0,0,-16,-6,0,-40,-40,0,0
2021-10-29,216000,217000,214500,215500,2584,556852000,-0.2315,1326,-886,-499,-490,0,0,-3,0,-6,59,0,0
2021-11-01,215000,216000,212000,213500,2046,436821000,-0.9281,336,-96,-222,-228,0,0,-1,0,7,2,-20,0
2021-11-02,213500,219000,213000,219000,1067,233673000,2.5761,138,-131,-13,-304,120,18,0,0,153,6,0,0
2021-11-03,225000,225000,214000,217000,1286,279062000,-0.9132,755,-765,10,17,-66,8,21,0,30,0,0,0
2021-11-04,217000,218500,212000,214500,1921,412054500,-1.1521,344,-413,71,1,-65,10,97,0,28,-2,0,0
2021-11-05,215000,216000,212500,216000,802,173232000,0.6993,93,-135,42,0,0,0,0,0,42,0,0,0
2021-11-08,215000,216000,214000,215500,855,184252500,-0.2315,148,-119,-29,-7,0,0,2,0,-24,0,0,0
2021-11-09,214500,215500,213000,213500,1591,339678500,-0.9281,726,-641,-20,0,0,0,-2,0,-18,-65,0,0
2021-11-10,213500,214500,213000,213500,468,99918000,0.0,57,-46,-11,0,0,0,0,0,-11,0,0,0
2021-11-11,211500,213000,211500,212500,584,124100000,-0.4684,258,-239,-19,0,6,-16,0,0,-9,0,0,0
2021-11-12,213000,214500,213000,213000,941,200433000,0.2353,387,-157,-108,0,0,-20,-49,0,-39,-122,0,0
2021-11-15,216000,219000,215000,215500,1819,391994500,1.1737,613,-584,1,0,0,-2,3,0,0,-30,0,0
2021-11-16,216000,220500,214500,217500,1747,379972500,0.9281,378,-422,13,0,-1,9,4,0,1,9,22,0
2021-11-17,217500,217500,215000,216000,829,179064000,-0.6897,59,-158,99,68,8,15,11,0,-3,0,0,0
2021-11-18,216000,216000,212000,213000,1790,381270000,-1.3889,277,-246,-72,-90,-1,0,21,0,-2,21,20,0
2021-11-19,211500,213000,210000,213000,1440,306720000,0.0,95,-17,-78,-83,0,0,6,0,-1,0,0,0
2021-11-22,211500,214000,211500,213000,1195,254535000,0.0,205,-52,-153,27,-50,-38,-20,0,-72,0,0,0
2021-11-23,215000,215000,212000,212000,1271,269452000,-0.4695,293,48,-341,-38,-101,-8,-58,0,-136,0,0,0
2021-11-24,212000,213000,211500,211500,909,192253500,-0.2358,219,-138,-81,0,-50,-1,0,0,-30,0,0,0
2021-11-25,211500,212000,209000,210500,2141,450680500,-0.4728,297,-169,-128,-56,-50,-1,0,0,-21,0,0,0
2021-11-26,212000,212000,208000,208500,1753,365500500,-0.9501,430,-223,-207,28,0,5,0,0,-240,0,0,0
2021-11-29,207000,209500,206000,208000,1217,253136000,-0.2398,33,33,-11,0,-10,4,0,0,-5,-51,-4,0
2021-11-30,208000,210500,206000,206500,1940,400610000,-0.7212,830,-535,-299,0,-92,-209,0,0,2,4,0,0
2021-12-01,206500,207500,205500,207000,1210,250470000,0.2421,85,-101,16,8,-1,7,0,0,2,0,0,0
2021-12-02,207000,208500,205500,205500,1000,205500000,-0.7246,366,-189,-177,0,-138,-10,-32,0,3,0,0,0
2021-12-03,205500,206500,204500,206500,1513,312434500,0.4866,336,-301,15,0,0,4,-3,0,14,-50,0,0
2021-12-06,206000,206000,204500,205500,1742,357981000,-0.4843,73,-81,8,0,5,4,-24,0,23,0,0,0
2021-12-07,206500,206500,203000,204000,3061,624444000,-0.7299,696,-406,-290,-309,0,7,0,0,12,0,0,0
2021-12-08,205500,205500,204000,204000,2085,425340000,0.0,166,-175,9,11,-5,-13,-3,0,19,0,0,0
2021-12-09,203500,205500,203500,205000,4260,873300000,0.4902,-1410,1354,56,0,25,18,15,0,-2,0,0,0
2021-12-10,205000,205000,203500,205000,3190,653950000,0.0,1173,-670,-533,0,364,-574,-284,0,-39,0,30,0
2021-12-13,203500,204500,201500,203000,4069,826007000,-0.9756,417,-736,319,0,422,-24,-58,0,-21,0,0,0
2021-12-14,203000,203000,198000,199500,5498,1096851000,-1.7241,408,-462,4,0,0,0,0,0,4,50,0,0
2021-12-15,199000,202500,199000,202000,19161,3870522000,1.2531,-2955,481,9,0,0,3,0,0,6,2465,0,0
2021-12-16,203000,203000,199500,200000,1893,378600000,-0.9901,66,-321,76,0,0,7,0,0,69,179,0,0
2021-12-17,200000,208500,199500,204500,14091,2881609500,2.25,-7257,3924,-30,0,4,-4,-25,0,-5,3363,0,0
2021-12-20,204500,210500,204500,210000,6506,1366260000,2.6895,-1349,1441,-12,0,-17,4,0,0,1,-80,0,0
2021-12-21,210500,213000,208000,209500,7310,1531445000,-0.2381,1663,-1653,-10,-20,0,9,0,0,1,0,0,0
2021-12-22,209500,210000,205500,209000,4282,894938000,-0.2387,1567,-1389,-178,-187,-3,9,-1,0,4,0,0,0
2021-12-23,207000,210000,207000,210000,9187,1929270000,0.4785,-449,549,-100,0,-100,0,0,0,0,0,0,0
2021-12-24,210000,215000,210000,215000,7394,1589710000,2.381,-2550,2540,9,0,0,4,-1,0,6,0,1,0
2021-12-27,215000,216000,213000,213000,24013,5114769000,-0.9302,5450,183,10,0,3,2,1,0,4,-5643,0,0
2021-12-28,213500,217000,212500,216500,5219,1129913500,1.6432,-1607,1615,-1,0,-44,5,0,0,38,-7,0,0
2021-12-29,217500,224000,217500,224000,5199,1164576000,3.4642,-2240,1424,-5,0,0,10,-10,0,-5,820,1,0
2021-12-30,224000,225000,218500,218500,4933,1077860500,-2.4554,1565,-593,5,0,0,-3,11,0,-3,-977,0,0
2022-01-03,218500,219500,214500,218000,1374,299532000,-0.2288,630,-425,-75,0,0,0,-7,0,-68,-170,40,0
2022-01-04,217000,218000,212500,215500,3445,742397500,-1.1468,1138,-1436,279,-3,223,-2,86,0,-25,0,19,0
2022-01-05,215500,215500,211500,215000,1910,410650000,-0.232,145,-143,-2,-8,0,3,0,0,3,0,0,0
2022-01-06,213500,215500,213500,214500,1075,230587500,-0.2326,504,-452,-52,0,0,-3,-14,0,-35,0,0,0
2022-01-07,213500,216500,213500,214000,1228,262792000,-0.2331,639,-524,-65,0,0,-1,0,0,-64,-50,0,0
2022-01-10,215000,215000,211500,212500,2888,613700000,-0.7009,864,-656,-208,0,0,7,-6,0,-209,0,0,0
2022-01-11,212000,217500,212000,217500,4570,993975000,2.3529,169,-141,-28,0,0,-1,-18,0,-9,0,0,0
2022-01-12,217500,218500,215000,216000,1168,252288000,-0.6897,462,-235,-197,0,0,-12,-184,0,-1,-16,-14,0
2022-01-13,218000,218000,214000,215500,414,89217000,-0.2315,213,-211,-2,0,0,8,0,0,-10,0,0,0
2022-01-14,216000,216000,213000,214500,1611,345559500,-0.464,921,-212,-709,0,-370,-370,0,0,31,0,0,0
2022-01-17,214000,215500,213000,215000,1537,330455000,0.2331,152,22,-174,0,-10,-195,0,0,31,0,0,0
2022-01-18,215000,215000,213000,213000,713,151869000,-0.9302,-10,-2,12,0,0,5,8,0,-1,0,0,0
2022-01-19,212500,213000,209000,209000,2570,537130000,-1.8779,1216,-1227,11,6,0,4,-1,0,2,0,0,0
2022-01-20,209000,210500,208500,209000,925,193325000,0.0,436,-367,-19,0,0,-3,-15,0,-1,-50,0,0
2022-01-21,209000,209000,203500,205500,3946,810903000,-1.6746,633,-1136,3,-1,0,3,0,0,1,500,0,0
2022-01-24,205500,205500,197500,200000,3285,657000000,-2.6764,705,-1208,-147,0,0,13,-182,0,22,500,150,0
2022-01-25,199500,200000,197000,197500,1700,335750000,-1.25,112,-538,-1,-18,0,15,-18,0,20,427,0,0
2022-01-26,198000,205000,197500,201000,1632,328032000,1.7722,106,187,-293,-216,0,21,-22,0,-76,0,0,0
2022-01-27,208500,208500,198500,199000,2447,486953000,-0.995,1722,-1160,-562,-258,-216,-62,-42,0,16,0,0,0
2022-01-28,203000,204000,198000,204000,2516,513264000,2.5126,1163,-1433,270,207,4,6,49,0,4,0,0,0
2022-02-03,204000,205500,198000,199000,3793,754807000,-2.451,1709,-1011,-698,-719,9,6,1,0,5,0,0,0
2022-02-04,199000,203500,198500,202000,2081,420362000,1.5075,1445,-1485,39,0,46,-5,5,0,-7,1,0,0
2022-02-07,202000,202000,198500,200500,1333,267266500,-0.7426,668,-448,-220,-192,1,0,-24,0,-5,0,0,0
2022-02-08,200000,201500,198500,199000,2353,468247000,-0.7481,749,-1288,-530,-428,0,-1,-87,0,-14,1069,0,0
2022-02-09,200000,201500,199500,200000,730,146000000,0.5025,248,-31,-217,-213,1,-2,0,0,-3,0,0,0
2022-02-10,199000,202000,199000,200000,462,92400000,0.0,109,-73,-36,-34,1,-1,0,0,-2,0,0,0
2022-02-11,200000,201500,199000,199500,717,143041500,-0.25,267,-236,-31,0,-26,0,0,0,-5,0,0,0
2022-02-14,199500,201500,196000,201000,2003,402603000,0.7519,337,-513,176,170,7,3,0,0,-4,0,0,0
2022-02-15,201000,201000,197000,198000,827,163746000,-1.4925,114,-105,-9,0,0,-2,0,0,-7,0,0,0
2022-02-16,197500,200500,197500,198000,1562,309276000,0.0,777,-575,-202,-185,-6,-34,27,0,-4,0,0,0
2022-02-17,197500,200000,197500,197500,720,142200000,-0.2525,408,-172,-236,-185,-7,-42,0,0,-2,0,0,0
2022-02-18,197500,199000,197000,198500,1175,233237500,0.5063,567,-408,-159,-181,0,-5,34,0,-7,0,0,0
2022-02-21,197000,199500,197000,197500,963,190192500,-0.5038,270,-256,-14,0,-8,-15,0,0,9,0,0,0
2022-02-22,197500,198500,196500,197000,704,138688000,-0.2532,-15,-320,-4,-6,0,0,0,0,2,339,0,0
2022-02-23,197500,199500,197500,198000,365,72270000,0.5076,54,-168,114,104,14,-12,0,0,8,0,0,0
2022-02-24,198000,198000,194000,195000,2662,519090000,-1.5152,-323,-1141,-3,-5,0,-2,0,0,4,1467,0,0
2022-02-25,195000,196000,195000,195500,970,189635000,0.2564,121,-615,-6,-5,0,0,-3,0,2,500,0,0
2022-02-28,195500,196000,194000,194000,909,176346000,-0.7673,149,-266,-6,0,0,-11,0,0,5,123,0,0
2022-03-02,194000,194500,192000,192500,1202,231385000,-0.7732,-425,-84,-3,0,0,-5,0,0,2,512,0,0
2022-03-03,192500,198500,192500,193000,1674,323082000,0.2597,283,-665,-239,-350,63,0,17,0,31,621,0,0
2022-03-04,193000,196000,191500,195500,1681,328635500,1.2953,-240,-128,-411,-415,0,6,0,0,-2,779,0,0
2022-03-07,202000,202000,194000,194000,778,150932000,-0.7673,-149,-297,45,47,-14,7,0,0,5,401,0,0
2022-03-08,194500,195500,192500,194000,901,174794000,0.0,192,-245,53,54,-9,7,0,0,1,0,0,0
2022-03-10,192500,195000,192500,193500,771,149188500,-0.2577,-233,-216,8,2,-15,16,9,0,-4,441,0,0
2022-03-11,194000,195000,193500,194000,334,64796000,0.2584,196,-205,9,0,7,0,0,0,2,0,0,0
2022-03-14,196000,196000,193500,193500,253,48955500,-0.2577,119,-133,14,0,15,0,0,0,-1,0,0,0
2022-03-15,193500,194000,187500,190000,2204,418760000,-1.8088,-79,-477,-453,-55,-19,-365,0,0,-14,1009,0,0
2022-03-16,190000,192500,190000,190000,1265,240350000,0.0,-11,-67,78,0,0,-17,97,0,-2,0,0,0
2022-03-17,190500,192000,187000,190500,1842,350901000,0.2632,-87,-252,-161,-1,-1,-56,-45,0,-58,500,0,0
2022-03-18,190500,196000,190000,192500,1245,239662500,1.0499,245,-35,-610,0,-500,-14,-78,0,-18,400,0,0
2022-03-21,197500,197500,192500,193500,747,144544500,0.5195,160,-110,0,0,0,-2,0,0,2,-50,0,0
2022-03-22,193500,196000,193500,195500,740,144670000,1.0336,360,-106,-238,-111,0,-100,-11,0,-16,-16,0,0
2022-03-23,196000,196500,194500,195000,994,193830000,-0.2558,123,-119,-4,4,0,-5,-1,0,-2,0,0,0
2022-03-24,194500,196000,192000,194500,957,186136500,-0.2564,209,-184,-10,9,0,-7,0,0,-12,-15,0,0
2022-03-25,194500,195500,194000,195500,359,70184500,0.5141,120,-103,-3,0,0,0,0,0,-3,0,-14,0
2022-03-28,197000,197000,193500,194000,779,151126000,-0.7673,140,-106,-20,0,-16,0,-1,0,-3,0,-14,0
2022-03-29,193500,200000,193500,196000,1468,287728000,1.0309,-737,-256,188,225,0,-10,-19,0,-8,805,0,0
2022-03-30,197500,198500,195500,196000,994,194824000,0.0,-367,-148,-229,-196,-21,0,0,0,-12,744,0,0
2022-03-31,196000,199000,196000,198500,646,128231000,1.2755,-27,-78,102,112,0,7,-45,0,28,3,0,0
2022-04-01,198500,198500,197500,198000,360,71280000,-0.2519,249,-201,-47,-42,0,-1,0,0,-4,-1,0,0
2022-04-04,198000,200500,197500,199000,1291,256909000,0.5051,-645,-27,-31,0,-5,-23,-1,0,-2,703,0,0
2022-04-05,199000,206500,199000,206500,1358,280427000,3.7688,-584,-88,156,0,-4,1,168,0,-9,516,0,0
2022-04-06,206500,206500,204500,205500,498,102339000,-0.4843,39,-200,161,0,0,0,143,0,18,0,0,0
2022-04-07,205500,218000,202000,217500,4022,874785000,5.8394,-1685,-137,1871,165,0,739,195,0,772,-59,10,0
2022-04-08,217500,218000,214000,218000,1289,281002000,0.2299,357,-344,27,0,0,1,0,0,26,-40,0,0
2022-04-11,217000,217000,214000,216500,620,134230000,-0.6881,-56,12,44,0,0,-2,53,0,-7,0,0,0
2022-04-12,215500,217000,210500,213500,1174,250649000,-1.3857,119,-112,-7,0,-4,-2,0,0,-1,0,0,0
2022-04-13,214000,214500,210000,214000,608,130112000,0.2342,-19,-163,182,164,0,0,10,0,8,0,0,0
2022-04-14,214000,214500,207500,209000,1116,233244000,-2.3364,331,-82,-264,-84,0,0,-29,0,-1,15,0,-150
2022-04-15,207500,214500,207500,212500,1783,378887500,1.6746,-694,-186,880,944,-2,5,-81,0,14,0,0,0
2022-04-18,212000,212000,207000,208000,722,150176000,-2.1176,482,-385,-97,-90,0,-2,0,0,-5,0,0,0
2022-04-19,208000,210000,205500,210000,590,123900000,0.9615,-16,-31,-3,0,0,2,-1,0,-4,50,0,0
2022-04-20,210000,213500,205500,213000,985,209805000,1.4286,-201,-97,298,291,14,0,-5,0,-2,0,0,0
2022-04-21,212000,213000,209500,212500,2164,459850000,-0.2347,11,-62,51,0,0,0,53,0,-2,0,0,0
2022-04-22,212500,212500,209500,212000,607,128684000,-0.2353,22,71,-93,0,0,5,0,0,-98,0,0,0
2022-04-25,212500,213000,208500,211500,1884,398466000,-0.2358,-805,-81,434,555,2,4,-123,0,-4,452,0,0
2022-04-26,212000,213000,210500,213000,543,115659000,0.7092,-17,-102,119,0,3,5,82,0,29,0,0,0
2022-04-27,213000,213000,209000,210000,480,100800000,-1.4085,120,-143,23,0,0,20,0,0,3,0,0,0
2022-04-28,212500,212500,207500,209000,540,112860000,-0.4762,199,-168,-31,2,-33,-6,0,0,6,0,0,0
2022-04-29,207000,211500,205500,209000,358,74822000,0.0,36,-41,5,0,0,0,0,0,5,0,0,0
2022-05-02,209000,211500,206000,209500,982,205729000,0.2392,-275,-158,-22,0,0,-6,-6,0,-10,455,0,0
2022-05-03,208500,211000,206000,207000,1591,329337000,-1.1933,-132,-130,-618,0,-200,-8,-438,0,28,880,0,0
2022-05-04,207000,209500,206000,209500,1369,286805500,1.2077,-780,-22,-246,0,-252,-5,1,0,10,1048,0,0
2022-05-06,207500,209000,206500,207000,377,78039000,-1.1933,-38,47,-9,0,0,5,0,0,-14,0,0,0
2022-05-09,206500,206500,200500,200500,1352,271076000,-3.1401,24,-36,12,0,7,34,-31,0,2,0,0,0
2022-05-10,200500,209000,196500,205000,2631,539355000,2.2444,-1219,153,182,0,1,7,0,0,174,884,0,0
2022-05-11,202000,204500,200000,203000,303,61509000,-0.9756,91,-136,45,25,0,0,0,0,20,0,0,0
2022-05-12,203000,203000,196500,197500,1176,232260000,-2.7094,138,29,-167,-9,-3,-23,-148,0,16,0,0,0
2022-05-13,198500,206500,197500,205500,2111,433810500,4.0506,-1051,-41,1092,52,564,-22,0,0,498,0,0,0
2022-05-16,203000,206500,202000,204000,1489,303756000,-0.7299,222,-157,-65,-51,0,-22,0,0,8,0,0,0
2022-05-17,204000,206000,200000,200000,909,181800000,-1.9608,185,-64,-121,25,-78,-11,-21,0,-36,0,0,0
2022-05-18,200000,200500,198500,200000,939,187800000,0.0,-139,-39,-13,0,0,-2,-11,0,0,191,0,0
2022-05-19,200000,201000,197500,199000,1214,241586000,-0.5,-164,-56,-30,0,0,-41,0,0,11,250,0,0
2022-05-20,197500,200500,197500,199000,220,43780000,0.0,106,-20,-86,0,-36,-18,-3,0,-29,0,0,0
2022-05-23,199000,200000,198000,199000,314,62486000,0.0,24,-18,-6,0,0,-12,0,0,6,0,0,0
2022-05-24,199500,200000,199000,200000,105,21000000,0.5025,25,-38,13,-5,4,3,0,0,11,0,0,0
2022-05-25,200000,200500,199000,199500,293,58453500,-0.25,19,-31,12,26,0,-8,0,0,-6,0,0,0
2022-05-26,200000,201000,199000,200500,251,50325500,0.5013,-8,-6,14,0,0,0,0,0,14,0,0,0
2022-05-27,201000,201000,199500,199500,293,58453500,-0.4988,1,1,-2,0,0,-3,0,0,1,0,0,0
2022-05-30,199500,200500,199000,200000,280,56000000,0.2506,88,-29,-59,2,-61,0,0,0,0,0,0,0
2022-05-31,200000,201000,198500,198500,1346,267181000,-0.75,113,-43,-70,0,-10,-39,0,0,-21,0,0,0
2022-06-02,199000,199500,195500,196000,1289,252644000,-1.2594,57,-25,-32,0,0,-2,-4,0,-26,0,0,0
2022-06-03,197000,199500,197000,198500,247,49029500,1.2755,81,-10,-71,-54,0,-10,-5,0,-2,0,0,0
2022-06-07,199000,200500,199000,200500,417,83608500,1.0076,71,-9,-52,0,-39,0,-7,0,-6,0,-10,0
2022-06-08,201500,201500,199500,199500,722,144039000,-0.4988,50,-42,-8,0,-1,0,0,0,-7,0,0,0
2022-06-09,200500,200500,199000,199000,279,55521000,-0.2506,31,-26,-5,-5,0,1,0,0,-1,0,0,0
2022-06-10,195500,200000,195500,198500,873,173290500,-0.2513,160,-36,-124,53,-123,-5,-66,0,17,0,0,0
2022-06-13,199000,200000,196000,199500,1775,354112500,0.5038,197,-117,-80,-61,-21,-6,0,0,8,0,0,0
2022-06-14,201000,201000,198500,201000,1009,202809000,0.7519,93,-105,12,0,0,0,-1,0,13,0,0,0
2022-06-15,200000,201000,199000,200000,1022,204400000,-0.4975,127,-170,43,50,-3,-18,0,0,14,0,0,0
2022-06-16,200500,201500,199000,199500,1521,303439500,-0.25,82,-32,-50,-49,0,-4,0,0,3,0,0,0
2022-06-17,199000,201000,198500,199500,1545,308227500,0.0,-125,126,-1,47,-22,-27,0,0,1,0,0,0
2022-06-20,200000,201500,199000,200500,2269,454934500,0.5013,138,-145,7,0,-2,-4,0,0,13,0,0,0
2022-06-21,200500,201000,200000,201000,1212,243612000,0.2494,-155,-34,189,0,0,0,45,0,144,0,0,0
2022-06-22,200000,202000,199000,199000,994,197806000,-0.995,29,-16,-13,-2,-1,-2,0,0,-8,0,0,0
2022-06-23,199000,203000,197000,197500,2422,478345000,-0.7538,34,-17,-17,0,0,-1,0,0,-16,0,0,0
2022-06-24,197000,198000,196000,196000,1046,205016000,-0.7595,-157,157,0,0,3,3,0,0,-6,0,0,0
2022-06-27,196500,202000,196000,198500,1190,236215000,1.2755,4,-7,3,0,0,1,0,0,2,0,0,0
2022-06-28,198500,200500,196500,199500,1948,388626000,0.5038,161,-77,-85,0,0,-1,-79,0,-5,0,1,0
2022-06-29,200500,200500,199000,200000,579,115800000,0.2506,68,-65,-3,0,0,0,0,0,-3,0,0,0
2022-06-30,200000,201000,198500,201000,591,118791000,0.5,115,-126,11,0,0,11,0,0,0,0,0,0
2022-07-01,200500,201500,199500,201500,2096,422344000,0.2488,263,-259,-4,-7,0,0,0,0,3,0,0,0
2022-07-04,201500,201500,199500,200500,552,110676000,-0.4963,86,-99,13,0,0,6,0,0,7,0,0,0
2022-07-05,199500,200500,199000,200000,684,136800000,-0.2494,28,-42,14,0,0,5,0,0,9,0,0,0
2022-07-06,199500,199500,195000,198000,2441,483318000,-1.0,-36,39,-2,0,0,0,0,0,-2,0,-1,0
2022-07-07,197500,198500,196000,198500,323,64115500,0.2525,-162,-4,6,23,0,10,-25,0,-2,160,0,0
2022-07-08,197000,198500,195000,198000,1026,203148000,-0.2519,-253,-45,-202,-47,52,16,-235,0,12,500,0,0
2022-07-11,197500,197500,195000,197000,945,186165000,-0.5051,-510,-12,39,24,0,3,0,0,12,483,0,0
2022-07-12,195500,197500,193000,193000,1523,293939000,-2.0305,-338,-28,-76,0,-17,-41,0,0,-18,442,0,0
2022-07-13,194000,194500,192500,194000,1292,250648000,0.5181,-687,208,-21,0,0,-1,0,0,-20,500,0,0
2022-07-14,194000,194000,191500,194000,1133,219802000,0.0,-516,78,-62,0,0,0,-46,0,-16,500,0,0
2022-07-15,195000,200000,194000,194000,1326,257244000,0.0,170,68,-359,0,-427,61,0,0,7,121,0,0
2022-07-18,195000,195000,194500,195000,279,54405000,0.5155,-65,69,-4,0,0,0,0,0,-4,0,0,0
2022-07-19,195000,195000,194000,195000,1298,253110000,0.0,-988,22,-2,0,0,0,0,0,-2,968,0,0
2022-07-20,195000,195500,194500,195500,1092,213486000,0.2564,-369,23,-280,-103,0,-142,-45,0,10,626,0,0
2022-07-21,195500,196500,193000,196000,2070,405720000,0.2558,-921,27,-12,-6,0,-2,0,0,-4,906,0,0
2022-07-22,196000,196500,195000,196500,755,148357500,0.2551,-486,-14,0,0,0,0,0,0,0,500,0,0
2022-07-25,196500,196500,195000,196000,1050,205800000,-0.2545,-501,3,-2,0,0,0,0,0,-2,500,0,0
2022-07-26,196000,196000,194000,196000,1641,321636000,0.0,-802,0,7,0,0,0,0,0,7,795,0,0
2022-07-27,196000,196500,193000,196500,2382,468063000,0.2551,-1006,12,72,0,0,21,0,0,51,922,0,0
2022-07-28,196000,196000,193000,194500,2361,459214500,-1.0178,-870,27,14,0,0,0,6,0,8,829,0,0
2022-07-29,194500,194500,193500,194500,884,171938000,0.0,-541,8,33,0,0,0,0,0,33,500,0,0
2022-08-01,194500,194500,193500,194000,738,143172000,-0.2571,-540,32,8,0,0,0,0,0,8,500,0,0
2022-08-02,194000,194000,192500,192500,1160,223300000,-0.7732,-547,-25,-28,0,-1,-22,0,0,-5,600,0,0
2022-08-03,192000,192500,189500,192000,2106,404352000,-0.2597,-700,-5,5,0,5,7,0,0,-7,700,0,0
2022-08-04,192000,192000,191000,192000,1351,259392000,0.0,-816,-17,133,127,0,0,0,0,6,700,0,0
2022-08-05,192000,192000,191000,191000,1378,263198000,-0.5208,-831,101,30,35,0,0,6,0,-11,700,0,0
2022-08-08,191000,192000,191000,192000,875,168000000,0.5236,-597,-63,-6,0,0,0,0,0,-6,666,0,0
2022-08-09,192500,192500,192000,192500,331,63717500,0.2604,-220,-11,30,45,0,-7,0,0,-8,201,0,0
2022-08-10,193500,193500,189000,192500,2088,401940000,0.0,452,-91,-1061,-1067,0,0,0,0,6,700,0,0
2022-08-11,192500,193000,192000,193000,947,182771000,0.2597,-793,100,-7,0,0,0,0,0,-7,700,0,0
2022-08-12,193000,193500,193000,193500,826,159831000,0.2591,-517,143,-20,0,0,-9,0,0,-11,393,1,0
2022-08-16,194500,194500,193500,194500,633,123118500,0.5168,-475,203,7,-4,0,12,0,0,-1,265,0,0
2022-08-17,195500,195500,194000,194000,961,186434000,-0.2571,-652,-44,-4,0,0,0,0,0,-4,700,0,0
2022-08-18,194000,194500,194000,194500,329,63990500,0.2577,-262,64,-13,-7,-5,0,0,0,-1,211,0,0
2022-08-19,195000,195000,192500,194000,944,183136000,-0.2571,-870,49,121,6,0,0,139,0,-24,700,0,0
2022-08-22,194000,194000,191500,194000,1296,251424000,0.0,-766,58,3,0,0,-9,15,0,-3,705,0,0
2022-08-23,194000,194000,192000,193000,984,189912000,-0.5155,-907,121,86,46,-1,-3,1,0,43,700,0,0
2022-08-24,193000,194000,192000,192500,913,175752500,-0.2591,-718,31,-13,-11,0,0,0,0,-2,700,0,0
2022-08-25,192500,193500,192500,192500,309,59482500,0.0,-240,0,-2,0,0,0,0,0,-2,242,0,0
2022-08-26,192500,193000,192500,193000,770,148610000,0.2597,-616,37,3,0,0,0,6,0,-3,576,0,0
2022-08-29,193000,193000,191000,192000,1441,276672000,-0.5181,-720,31,-11,-8,0,0,0,0,-3,700,0,0
2022-08-30,192000,192500,190000,192000,1753,336576000,0.0,-952,94,158,-52,210,0,0,0,0,700,0,0
2022-08-31,192000,192000,191000,191500,817,156455500,-0.2604,-644,-55,-1,0,0,0,0,0,-1,700,0,0
2022-09-01,192000,192000,191500,191500,805,154157500,0.0,-775,48,27,27,0,0,0,0,0,700,0,0
2022-09-02,191500,192500,191500,191500,553,105899500,0.0,-462,-13,-10,0,0,-5,-5,0,0,485,0,0
2022-09-05,191500,192500,191500,191500,244,46726000,0.0,-167,36,1,0,0,0,0,0,1,130,0,0
2022-09-06,191500,192500,191500,192500,503,96827500,0.5222,-487,77,6,0,0,-2,0,0,8,404,0,0
2022-09-07,192500,193000,187500,187500,1528,286500000,-2.5974,888,174,-1112,13,-347,-679,-1,0,-98,50,0,0
2022-09-08,188500,191000,182000,184000,3176,584384000,-1.8667,773,357,-1130,7,-516,-238,0,0,-383,0,0,0
2022-09-13,185000,185000,178500,181500,4617,837985500,-1.3587,-842,446,-555,4,-635,156,0,0,-80,951,0,0
2022-09-14,181500,193500,181000,190500,1718,327279000,4.9587,-1182,290,192,0,0,14,0,0,178,700,0,0
2022-09-15,190500,190500,186000,187500,1065,199687500,-1.5748,-392,-304,179,30,0,141,2,0,6,517,0,0
2022-09-16,187500,188500,184000,186500,1643,306419500,-0.5333,-426,-48,-26,4,-24,53,-42,0,-17,500,0,0
2022-09-19,186500,186500,184000,185500,1456,270088000,-0.5362,-912,43,-31,-53,0,0,16,0,6,900,0,0
2022-09-20,185500,188000,185500,187500,1180,221250000,1.0782,-537,7,32,26,0,0,0,0,6,498,0,0
2022-09-21,187500,187500,184000,184000,1066,196144000,-1.8667,-681,54,120,0,0,0,0,0,120,507,0,0
2022-09-22,183500,184000,183000,183500,859,157626500,-0.2717,-236,141,-56,4,0,0,0,0,-60,151,0,0
2022-09-23,184500,184500,183000,184000,110,20240000,0.2725,-34,20,-10,0,0,-3,0,0,-7,24,0,0
2022-09-26,183000,184000,181000,183000,1583,289689000,-0.5435,-1186,242,11,34,-6,9,-2,0,-24,933,0,0
2022-09-27,183000,183500,181000,183500,569,104411500,0.2732,-495,92,14,8,0,0,0,0,6,389,0,0
2022-09-28,182500,182500,180000,181000,1402,253762000,-1.3624,-972,-131,12,0,-1,7,0,0,6,1091,0,0
2022-09-29,182000,182500,180500,182000,140,25480000,0.5525,29,-15,16,0,0,5,0,0,11,-30,0,0
2022-09-30,182000,182000,180000,182000,505,91910000,0.0,-465,0,22,0,0,6,8,0,8,443,0,0
2022-10-04,182000,182000,179000,181000,753,136293000,-0.5495,-594,65,36,0,0,19,0,0,17,493,0,0
2022-10-05,181000,182000,179000,182000,803,146146000,0.5525,-163,148,15,0,0,7,0,0,8,0,0,0
2022-10-06,181000,182000,180500,180500,706,127433000,-0.8242,-566,68,4,0,0,0,0,0,4,494,0,0
2022-10-07,180500,181000,180000,180000,604,108720000,-0.277,-529,73,98,0,0,-4,104,0,-2,358,0,0
2022-10-11,179500,179500,176500,177000,577,102129000,-1.6667,-414,3,-6,0,0,-4,0,0,-2,417,0,0
2022-10-12,177000,177000,174000,174000,1645,286230000,-1.6949,-980,-48,78,0,0,10,1,0,67,950,0,0
2022-10-13,174000,174000,170000,172000,2099,361028000,-1.1494,-1244,-102,-154,-52,0,3,-45,0,-60,1500,0,0
2022-10-14,172500,174000,171500,171500,538,92267000,-0.2907,-239,-32,3,26,0,-7,0,0,-16,268,0,0
2022-10-17,171500,172000,170000,171500,507,86950500,0.0,-117,176,-59,-50,0,0,0,0,-9,0,0,0
2022-10-18,172000,172000,170000,170000,372,63240000,-0.8746,11,-5,1,0,0,2,0,0,-1,-7,0,0
2022-10-19,170500,174000,169500,170000,772,131240000,0.0,-2,-8,10,-55,0,0,0,0,65,0,0,0
2022-10-20,170000,172000,170000,171000,98,16758000,0.5882,-89,30,59,23,0,24,0,0,12,0,0,0
2022-10-21,173000,173000,170000,171000,251,42921000,0.0,-5,3,2,54,0,9,0,0,-61,0,0,0
2022-10-24,171500,172000,170000,171000,893,152703000,0.0,-720,13,207,0,190,0,0,0,17,500,0,0
2022-10-25,171000,172000,170000,171000,549,93879000,0.0,-404,153,5,0,0,0,0,0,5,246,0,0
2022-10-26,171000,171000,170000,171000,580,99180000,0.0,-446,105,-40,0,0,0,-67,0,27,381,0,0
2022-10-27,171000,171000,167500,168500,1081,182148500,-1.462,-557,34,22,0,0,1,-6,0,27,501,0,0
2022-10-28,168500,169000,167000,168500,460,77510000,0.0,39,22,-41,0,0,-50,0,0,9,-20,0,0
2022-10-31,167500,169500,166500,167500,830,139025000,-0.5935,-502,-5,7,0,0,0,0,0,7,500,0,0
2022-11-01,167500,168500,167000,167000,554,92518000,-0.2985,130,37,-167,0,0,0,-161,0,-6,0,0,0
2022-11-02,167000,167500,165500,166000,1560,258960000,-0.5988,-977,-6,-17,0,0,0,0,0,-17,1000,0,0
2022-11-03,165500,166000,162000,164000,1737,284868000,-1.2048,-340,-100,-340,0,0,0,0,0,0,780,0,-340
2022-11-04,164500,166000,162500,164500,407,66951500,0.3049,-11,31,-5,0,0,0,0,0,-5,-15,0,0
2022-11-07,164500,165000,160500,161500,898,145027000,-1.8237,49,-15,-20,-65,0,-8,0,0,53,-14,0,0
2022-11-08,161500,161500,158500,159500,1013,161573500,-1.2384,54,0,-56,12,0,0,-2,0,-66,2,0,0
2022-11-09,160000,161500,156500,160000,1569,251040000,0.3135,115,44,-159,0,0,-64,-9,0,-86,0,0,0
2022-11-10,160000,160000,159000,160000,308,49280000,0.0,-48,59,-11,0,0,-8,0,0,-3,0,0,0
2022-11-11,160500,162500,160000,160500,929,149104500,0.3125,197,-166,84,0,53,47,-2,0,-14,-115,0,0
2022-11-14,161000,163500,159000,159500,2012,320914000,-0.6231,363,-356,-7,0,0,0,0,0,-7,0,0,0
2022-11-15,159500,161000,158000,158500,1103,174825500,-0.627,-46,77,-31,0,5,-21,0,0,-15,0,0,0
2022-11-16,159500,160500,157000,159500,1420,226490000,0.6309,-285,34,249,65,0,10,171,0,3,0,2,0
2022-11-17,159500,160000,157500,159500,593,94583500,0.0,151,-319,-60,-64,0,-2,0,0,6,228,0,0
2022-11-18,160000,160000,156500,157000,278,43646000,-1.5674,106,-137,30,-5,0,14,0,0,21,0,1,0
2022-11-21,157500,158000,154500,157000,1391,218387000,0.0,-27,-469,-4,0,0,0,0,0,-4,500,0,0
2022-11-22,157000,157000,152000,152500,2032,309880000,-2.8662,-142,-599,240,0,0,100,20,0,120,500,1,0
2022-11-23,152500,156000,149000,156000,3494,545064000,2.2951,493,-488,30,0,0,94,0,0,-64,-35,0,0
2022-11-24,153500,155000,152500,155000,493,76415000,-0.641,1,-145,143,32,0,30,0,0,81,0,1,0
2022-11-25,154500,155000,152500,154500,970,149865000,-0.3226,-601,-102,158,0,0,0,0,0,158,545,0,0
2022-11-28,155000,155000,148500,149500,1768,264316000,-3.2362,397,-316,29,-157,150,3,-3,0,36,-109,-1,0
2022-11-29,149000,149500,146500,148000,1322,195656000,-1.0033,80,-135,55,0,-18,100,0,0,-27,0,0,0
2022-11-30,148000,149500,146500,149500,816,121992000,1.0135,76,-80,-2,0,0,0,0,0,-1,6,0,-1
2022-12-01,149500,150000,147000,149000,2071,308579000,-0.3344,331,-416,-416,-415,0,0,0,0,-1,500,1,0
2022-12-02,149000,149000,146000,147500,1733,255617500,-1.0067,374,-156,-215,-416,0,200,0,0,1,-3,0,0
2022-12-05,147500,153000,147000,150000,2372,355800000,1.6949,-56,-87,143,136,0,6,0,0,1,0,0,0
2022-12-06,150000,151500,149500,149500,560,83720000,-0.3333,24,4,-28,0,0,-10,0,0,-18,0,0,0
2022-12-07,149500,155500,149500,154500,2730,421785000,3.3445,-91,98,-1,0,0,0,0,0,-1,-6,0,0
2022-12-08,155000,177500,154000,165000,8082,1333530000,6.7961,-600,507,92,64,32,0,0,0,-4,0,1,0
2022-12-09,168000,168000,159000,159500,1303,207828500,-3.3333,358,-253,-105,-130,13,3,0,0,9,0,0,0
2022-12-12,159500,165500,158000,164500,1131,186049500,3.1348,-52,-131,183,92,-1,2,82,0,8,0,0,0
2022-12-13,164500,164500,158500,160500,1579,253429500,-2.4316,824,-389,-435,-7,0,-433,0,0,5,0,0,0
2022-12-14,160000,160500,158000,158000,381,60198000,-1.5576,150,-85,-65,-68,3,5,-2,0,-3,0,0,0
2022-12-15,159000,164000,159000,161500,776,125324000,2.2152,-27,5,12,0,0,14,0,0,-2,0,10,0
2022-12-16,159500,161000,159000,159000,404,64236000,-1.548,115,-26,-89,-14,0,-90,3,0,12,0,0,0
2022-12-19,158500,161000,157000,157000,363,56991000,-1.2579,94,-105,1,0,0,0,0,0,1,0,10,0
2022-12-20,158500,158500,154000,155000,881,136555000,-1.2739,271,-278,-93,-111,-4,10,0,0,12,100,0,0
2022-12-21,157000,157000,152500,154500,1932,298494000,-0.3226,-57,-36,-1326,-114,-4,11,0,0,-1219,1409,10,0
2022-12-22,154500,155500,154000,154500,418,64581000,0.0,-40,-1,0,-19,-3,17,-5,0,10,41,0,0
2022-12-23,154000,154000,151000,153000,1524,233172000,-0.9709,-1068,-1,10,0,-2,5,0,0,7,1050,9,0
2022-12-26,151000,154000,151000,154000,2957,455378000,0.6536,-520,0,20,0,0,10,0,0,10,500,0,0
2022-12-27,154000,157500,152500,154500,2040,315180000,0.3247,19,-45,26,0,7,0,8,0,11,0,0,0
2022-12-28,154500,155000,152500,154000,300,46200000,-0.3236,43,-7,-31,0,0,-20,0,0,-11,0,-5,0
2022-12-29,154500,155000,152000,154000,725,111650000,0.0,67,-74,7,0,0,8,1,0,-2,0,0,0
2023-01-02,154000,154500,152000,154000,999,153846000,0.0,-49,-22,71,0,18,32,0,0,21,0,0,0
2023-01-03,151500,153500,148500,150000,1347,202050000,-2.5974,10,20,-30,0,0,37,-77,0,10,0,0,0
2023-01-04,149500,150000,147500,147500,376,55460000,-1.6667,115,-30,-85,0,1,-65,0,0,-21,0,0,0
2023-01-05,149500,149500,147000,147000,489,71883000,-0.339,184,-15,-169,0,0,-32,0,0,-137,0,0,0
2023-01-06,147000,147500,143000,144500,1284,185538000,-1.7007,272,90,-362,0,-2,-192,0,0,-168,0,0,0
2023-01-09,145000,145000,142000,142000,3009,427278000,-1.7301,64,75,-139,-128,0,2,0,0,-13,0,0,0
2023-01-10,142000,143500,138500,140000,2429,340060000,-1.4085,58,-34,-24,0,-1,0,0,0,-23,0,0,0
2023-01-11,141000,142000,139000,141000,1452,204732000,0.7143,147,-62,-85,-200,0,109,0,0,6,0,0,0
2023-01-12,142000,143500,140500,142000,1475,209450000,0.7092,-47,39,8,0,0,3,0,0,5,0,0,0
2023-01-13,143000,143000,140000,140000,542,75880000,-1.4085,23,-21,-12,0,0,-12,0,0,0,0,10,0
2023-01-16,141500,144000,140500,141500,1505,212957500,1.0714,29,155,-184,0,0,-9,-173,0,-2,0,0,0
2023-01-17,141500,142500,141500,142000,523,74266000,0.3534,7,-71,64,68,0,-3,0,0,-1,0,0,0
2023-01-18,142500,142500,140500,140500,294,41307000,-1.0563,134,-130,-11,0,3,-8,0,0,-6,0,7,0
2023-01-19,141500,141500,140500,141000,367,51747000,0.3559,-49,50,-1,0,0,0,0,0,-1,0,0,0
2023-01-20,141000,141500,140000,140500,481,67580500,-0.3546,15,-3,-12,-4,-2,0,-2,0,-4,0,0,0
2023-01-25,140600,141100,138000,138400,3177,439696800,-1.4947,50,-50,-4,0,0,0,0,0,-4,0,4,0
2023-01-26,139600,140000,139000,140000,755,105700000,1.1561,-151,14,137,0,0,0,138,0,-1,0,0,0
2023-01-27,141000,142000,139800,141200,2894,408632800,0.8571,41,-50,9,0,0,11,-1,0,-1,0,0,0
2023-01-30,141500,141500,139800,140000,1463,204820000,-0.8499,-95,-217,304,0,3,-11,0,0,312,7,1,0
2023-01-31,140100,140600,139500,139600,1415,197534000,-0.2857,19,-35,13,0,0,0,0,0,13,0,3,0
2023-02-01,139800,140000,138900,139400,1294,180383600,-0.1433,377,-149,-228,0,0,0,0,0,-228,0,0,0
2023-02-02,139500,141000,139400,140000,2756,385840000,0.4304,-516,282,42,0,0,0,0,0,42,192,0,0
2023-02-03,141900,141900,137000,139700,2608,364337600,-0.2143,-956,551,-99,-8,0,-56,0,0,-35,500,4,0
2023-02-06,139700,141500,139700,141500,2572,363938000,1.2885,-810,13,300,0,6,102,-3,0,195,497,0,0
2023-02-07,141500,149000,141500,146500,6723,984919500,3.5336,-1559,1392,89,0,0,1,0,0,87,85,-7,1
2023-02-08,146600,148000,145400,147400,3805,560857000,0.6143,-687,-276,467,0,0,3,0,0,464,496,0,0
2023-02-09,147400,148800,146400,147800,3059,452120200,0.2714,168,307,-975,-486,0,-1,0,0,-488,500,0,0
2023-02-10,148800,148800,147000,148000,1705,252340000,0.1353,-374,-213,85,69,0,1,0,0,15,502,0,0
2023-02-13,148000,149000,145500,147500,2312,341020000,-0.3378,138,-617,-58,-68,0,1,0,0,9,537,0,0
2023-02-14,147200,147200,145000,145000,1665,241425000,-1.6949,-413,-182,106,0,0,-2,-1,0,109,488,1,0
2023-02-15,145000,145300,143000,143900,2603,374571700,-0.7586,-217,-213,-66,0,0,0,0,0,-66,494,2,0
2023-02-16,143700,144000,142200,143900,2029,291973100,0.0,-354,-91,-65,0,0,0,0,0,-65,495,15,0
2023-02-17,143800,143900,142400,143800,1275,183345000,-0.0695,-642,23,118,0,0,-22,0,0,140,501,0,0
2023-02-20,143500,143500,141600,142100,2709,384948900,-1.1822,-423,-275,209,0,0,86,0,0,123,479,10,0
2023-02-21,142100,142100,141100,142100,1364,193824400,0.0,-510,168,-159,0,0,0,0,0,-159,500,1,0
2023-02-22,142100,142100,140500,141000,1605,226305000,-0.7741,-305,-115,-80,-3,0,7,0,0,-84,500,0,0
2023-02-23,141000,141000,139600,140400,1915,268866000,-0.4255,-446,-32,-22,0,0,14,4,0,-40,500,0,0
2023-02-24,140400,141600,140400,141400,1297,183395800,0.7123,-373,57,69,1,0,3,0,0,65,247,0,0
2023-02-27,141900,142200,141400,142200,835,118737000,0.5658,-62,-33,-49,0,2,9,0,0,-60,144,0,0
2023-02-28,142300,143700,142300,143700,706,101452200,1.0549,30,-32,2,0,0,0,0,0,2,0,0,0
2023-03-02,143700,143900,142000,143500,1465,210227500,-0.1392,-359,-134,-6,0,0,-9,0,0,3,500,-1,0
2023-03-03,143500,143500,142200,143300,1548,221828400,-0.1394,-321,-185,11,12,0,0,0,0,-1,495,0,0
2023-03-06,143300,143300,141700,142300,1198,170475400,-0.6978,-516,-47,61,0,0,3,0,0,58,500,2,0
2023-03-07,142300,142700,142300,142500,734,104595000,0.1405,-290,-3,-13,0,-6,11,-7,0,-11,306,0,0
2023-03-08,142700,142900,142000,142900,1256,179482400,0.2807,-353,-113,-34,0,0,0,0,0,-34,500,0,0
2023-03-09,142900,143200,142600,142900,833,119035700,0.0,-497,-13,10,0,-1,9,0,0,2,500,0,0
2023-03-10,142900,143100,142100,142600,600,85560000,-0.2099,-392,-11,-97,0,-100,1,0,0,2,500,0,0
2023-03-13,142600,142900,141700,142800,1082,154509600,0.1403,-519,-47,66,0,-49,0,0,0,115,500,0,0
2023-03-14,142800,142800,135200,135200,1500,202800000,-5.3221,-272,-91,-137,0,0,-36,0,0,-101,500,0,0
2023-03-15,138000,141300,138000,138600,1819,252113400,2.5148,1,77,-78,0,0,-6,-1,0,-71,0,0,0
2023-03-16,140000,140000,139000,139900,173,24202700,0.938,9,-21,12,0,2,0,0,0,10,0,0,0
2023-03-17,140600,140600,139400,139600,700,97720000,-0.2144,-417,-19,-64,0,0,-5,0,0,12,500,0,-71
2023-03-20,139600,140000,137400,138800,1510,209588000,-0.5731,-527,-10,37,0,0,0,0,0,37,500,0,0
2023-03-21,138800,139800,138600,138800,531,73702800,0.0,-491,-7,-2,0,0,0,-1,0,-1,500,0,0
2023-03-22,138800,139000,137800,138400,926,128158400,-0.2882,-313,-186,-1,0,0,0,0,0,-1,500,0,0
2023-03-23,138400,138600,138000,138600,865,119889000,0.1445,-388,-29,19,50,0,-26,0,0,-5,400,-2,0
2023-03-24,138900,139900,138600,139900,247,34555300,0.938,-219,0,8,0,0,7,0,0,1,211,0,0
2023-03-27,139900,140000,137700,138500,1215,168277500,-1.0007,-608,108,0,0,0,0,0,0,0,500,0,0
2023-03-28,138500,139100,137900,137900,671,92530900,-0.4332,-622,113,9,0,0,0,-2,0,11,500,0,0
2023-03-29,139900,139900,137700,137700,1279,176118300,-0.145,-298,-74,-65,0,0,-24,0,0,-41,437,0,0
2023-03-30,137800,138300,137700,138300,365,50479500,0.4357,-266,0,61,0,0,0,69,0,-8,205,0,0
2023-03-31,139100,139100,137700,137800,661,91085800,-0.3615,-499,0,-1,0,5,0,0,0,-6,500,0,0
2023-04-03,138700,138700,137800,138600,310,42966000,0.5806,-194,-3,-3,0,0,0,0,0,-3,200,0,0
2023-04-04,138800,140100,138700,140000,599,83860000,1.0101,-113,266,-153,0,3,-101,-43,0,-12,0,0,0
2023-04-05,140000,140800,140000,140100,785,109978500,0.0714,-552,-12,63,73,0,0,0,0,-10,500,1,0
2023-04-06,140800,141000,139700,140500,761,106920500,0.2855,-465,-100,65,0,0,8,0,0,57,500,0,0
2023-04-07,141000,141400,140500,140900,429,60446100,0.2847,-262,3,-80,0,0,-9,-1,0,-70,339,0,0
2023-04-10,142000,142000,138900,138900,1739,241547100,-1.4194,-633,-83,216,0,0,-16,-18,0,250,500,0,0
2023-04-11,138900,143800,138900,140100,4582,641938200,0.8639,-2389,1640,335,0,0,-9,188,0,156,414,0,0
2023-04-12,140200,140400,138700,138700,1432,198618400,-0.9993,-16,-598,-48,-76,0,-7,-1,0,35,662,0,1
2023-04-13,138700,138700,135200,138000,329,45402000,-0.5047,184,-136,-48,0,6,-10,0,0,-44,-1,1,0
2023-04-14,138000,142000,135400,136500,2210,301665000,-1.087,835,-174,-663,0,-627,-232,-2,0,198,0,2,0
2023-04-17,135800,136800,135000,135900,1481,201267900,-0.4396,24,-53,27,0,0,-10,0,0,38,1,1,-1
2023-04-18,135700,140000,134400,137100,3319,455034900,0.883,-273,51,222,0,0,338,0,0,-117,0,0,1
2023-04-19,138600,144700,137200,138300,1565,216439500,0.8753,-60,150,-105,0,75,-1,-3,0,-176,15,0,0
2023-04-20,138400,139300,138300,139300,883,123001900,0.7231,-363,5,-77,0,0,0,0,0,-77,435,0,0
2023-04-21,139300,142900,139300,140700,569,80058300,1.005,0,-94,60,0,0,-3,0,0,63,34,0,0
2023-04-24,140800,141400,140700,140800,1324,186419200,0.0711,-585,-131,2,0,0,4,0,0,-2,714,0,0
2023-04-25,140800,141000,138500,140600,2086,293291600,-0.142,-956,-353,11,0,0,0,0,0,11,1298,0,0
2023-04-26,140600,140600,138900,139500,665,92767500,-0.7824,-340,-168,6,6,-2,0,0,0,2,502,0,0
2023-04-27,139500,140000,136600,140000,904,126560000,0.3584,-187,-78,-216,0,0,4,-27,0,-193,481,0,0
2023-04-28,140000,140900,138600,140000,913,127820000,0.0,-524,-3,27,0,0,21,0,0,6,500,0,0
2023-05-02,140000,140000,137600,137600,1450,199520000,-1.7143,-453,14,-61,-7,0,-14,0,0,-40,500,0,0
2023-05-03,137600,137900,137000,137000,665,91105000,-0.436,-467,7,-40,0,0,-22,-2,0,-16,500,0,0
2023-05-04,137000,138100,136900,137100,1270,174117000,0.073,-547,59,-112,0,1,-9,0,0,-104,600,0,0
2023-05-08,137200,137900,136200,136300,1144,155927200,-0.5835,-556,6,-50,0,5,-21,0,0,-34,600,0,0
2023-05-09,136400,136600,134800,135600,1083,146854800,-0.5136,-580,-6,-14,0,-3,5,0,0,-16,600,0,0
2023-05-10,135600,136200,135600,135700,301,40845700,0.0737,-107,-5,3,0,0,7,-3,0,0,109,0,-1
2023-05-11,135700,136500,135700,136000,407,55352000,0.2211,-180,110,70,73,0,10,0,0,-13,0,0,0
2023-05-12,136200,136800,136200,136200,434,59110800,0.1471,-29,130,-101,3,-24,-84,0,0,4,0,0,0
2023-05-15,136400,141000,136400,140000,1525,213500000,2.79,-836,248,590,573,0,4,0,0,13,0,-2,0
2023-05-16,140000,140000,138000,139600,823,114890800,-0.2857,-537,-12,49,48,0,0,0,0,1,500,0,0
2023-05-17,139600,140000,138000,138000,814,112332000,-1.1461,-409,-96,5,3,0,1,0,0,1,500,0,0
2023-05-18,138100,138500,137600,138400,782,108228800,0.2899,-515,-105,20,27,0,0,-7,0,0,600,0,0
2023-05-19,138400,138400,137100,138200,876,121063200,-0.1445,-499,-107,6,0,0,6,0,0,0,600,0,0
2023-05-22,138200,138500,137600,137600,866,119161600,-0.4342,-598,0,-2,0,0,-3,1,0,0,600,0,0
2023-05-23,137600,138200,137100,137100,925,126817500,-0.3634,-508,-65,-27,0,-5,-20,0,0,-2,600,0,0
2023-05-24,137100,137700,137100,137200,276,37867200,0.0729,-123,-33,-1,0,0,1,0,0,-2,157,0,0
2023-05-25,137200,137700,137200,137500,640,88000000,0.2187,-496,-1,8,0,0,7,0,0,1,489,0,0
2023-05-26,137500,137500,136600,136800,1140,155952000,-0.5091,-431,-13,-156,0,0,-23,-1,0,-132,600,0,0
2023-05-30,136800,136900,134800,136000,1328,180608000,-0.5848,-748,-2,150,0,0,-1,0,0,151,600,0,0
2023-05-31,136000,136700,136000,136100,672,91459200,0.0735,-576,0,-21,-5,14,-7,-13,0,-10,597,0,0
2023-06-01,136100,136700,136100,136200,615,83763000,0.0735,-374,0,-19,-6,0,-12,0,0,-1,393,0,0
2023-06-02,136300,136400,136200,136400,567,77338800,0.1468,-436,-3,-2,0,0,0,0,0,-2,441,0,0
2023-06-05,136400,136500,136400,136500,829,113158500,0.0733,-499,1,-2,0,0,0,-1,0,-1,500,0,0
2023-06-07,136500,136500,135200,136200,382,52028400,-0.2198,-36,2,30,0,0,-7,-1,0,38,0,4,0
2023-06-08,135300,135400,134800,134900,560,75544000,-0.9545,-39,-1,40,0,0,3,-1,0,38,0,0,0
2023-06-09,134400,134800,134100,134100,460,61686000,-0.593,-7,46,-39,0,0,0,-1,0,-38,0,0,0
2023-06-12,133700,133900,129000,129000,1381,178149000,-3.8031,609,-2,-477,-5,0,0,-189,0,-283,-130,0,0
2023-06-13,129600,131400,128000,128100,1576,201885600,-0.6977,78,75,-153,0,0,-152,0,0,-1,0,0,0
2023-06-14,128200,130100,128100,128400,1232,158188800,0.2342,-38,11,27,0,54,7,-32,0,-2,0,0,0
2023-06-15,128200,131500,128000,131500,868,114142000,2.4143,-74,75,-1,0,0,1,0,0,-2,0,0,0
2023-06-16,131500,133400,130600,131100,1173,153780300,-0.3042,138,-140,2,0,0,3,0,0,-1,0,0,0
2023-06-19,131100,133500,131100,133100,1275,169702500,1.5256,-997,-5,2,5,0,0,0,0,-3,1000,0,0
2023-06-20,135200,136500,133200,136000,1461,198696000,2.1788,-939,101,-162,-162,1,0,0,0,-1,1000,0,0
2023-06-21,136100,138000,136000,137400,1110,152514000,1.0294,-368,7,-71,0,5,-5,0,0,-71,432,0,0
2023-06-22,137500,143800,137500,143800,1314,188953200,4.6579,-911,316,3,0,0,4,0,0,-1,592,0,0
2023-06-23,144600,148000,143800,148000,1949,288452000,2.9207,-958,258,-7,0,0,0,0,0,-7,707,0,0
2023-06-26,148200,152500,148100,148100,1424,210894400,0.0676,-112,220,-11,-7,0,1,0,0,-5,0,-97,0
2023-06-27,148700,155300,148700,153600,3440,528384000,3.7137,-2014,439,7,0,8,0,0,0,-1,1568,0,0
2023-06-28,155500,158300,153600,155700,1087,169245900,1.3672,-258,-26,73,70,0,3,0,0,0,211,0,0
2023-06-29,156000,156000,155700,155700,1636,254725200,0.0,-1071,-18,-45,-47,1,2,0,0,-1,1134,0,0
2023-06-30,155800,156700,155700,155800,483,75251400,0.0642,-230,56,0,0,0,0,0,0,0,174,0,0
2023-07-03,155800,156000,149500,149500,4265,637617500,-4.0436,-2220,-778,-2,0,2,-2,0,0,-2,3000,0,0
2023-07-04,149600,152500,149500,152500,587,89517500,2.0067,-440,44,251,243,5,3,0,0,0,145,0,0
2023-07-05,152500,156800,152500,156300,2961,462804300,2.4918,-2649,1075,479,481,0,0,-2,0,0,1095,0,0
2023-07-06,156300,160900,156300,160900,6108,982777200,2.9431,-3024,1305,-329,706,0,149,0,0,-4,2047,1,-1180
2023-07-07,161000,161800,153700,160100,4014,642641400,-0.4972,-369,-963,242,-15,113,139,5,0,0,1088,2,0
2023-07-10,160100,160100,155200,155200,490,76048000,-3.0606,177,-157,-20,-23,0,3,0,0,0,0,0,0
2023-07-11,154500,155200,148500,148500,1128,167508000,-4.317,160,-428,46,0,53,0,-1,0,-6,222,0,0
2023-07-12,148500,148500,143100,143300,1019,146022700,-3.5017,195,-189,-9,0,0,-3,0,0,-6,2,1,0
2023-07-13,143700,154000,143700,151200,2918,441201600,5.5129,566,-600,9,0,23,-46,0,0,32,25,0,0
2023-07-14,149800,150700,147900,148000,556,82288000,-2.1164,56,-64,-3,0,-34,29,0,0,2,11,0,0
2023-07-17,148000,148100,143600,148100,1866,276354600,0.0676,-491,84,7,0,4,14,0,0,-11,402,-2,0
2023-07-18,148100,148100,143800,143800,973,139917400,-2.9034,-137,-136,-127,0,-118,-4,0,0,-5,400,0,0
2023-07-19,143800,144500,141600,143800,907,130426600,0.0,-260,-86,-35,0,0,-33,0,0,-2,387,-6,0
2023-07-20,144000,147000,143900,145100,263,38161300,0.904,45,-44,-1,0,0,1,0,0,-2,0,0,0
2023-07-21,145100,149400,144100,148900,902,134307800,2.6189,-515,-102,217,0,0,24,0,0,193,400,0,0
2023-07-24,149000,149800,146100,148900,1126,167661400,0.0,-376,-26,3,0,0,0,0,0,3,400,-1,0
2023-07-25,148900,148900,145600,147600,909,134168400,-0.8731,-350,-70,20,7,6,6,0,0,1,400,0,0
2023-07-26,147600,147600,141700,142600,1138,162278800,-3.3875,-206,-127,-67,6,0,8,0,0,-81,400,0,0
2023-07-27,142600,144000,139600,142600,936,133473600,0.0,-282,-39,-19,-32,13,0,0,0,0,340,0,0
2023-07-28,142600,142600,138200,141300,578,81671400,-0.9116,-387,-12,-1,0,0,0,0,0,-1,400,0,0
2023-07-31,141300,142300,141300,142000,139,19738000,0.4954,-57,16,-3,0,0,0,-1,0,-2,44,0,0
2023-08-01,142100,149500,142000,145500,802,116691000,2.4648,-199,233,-36,-78,16,10,0,0,16,2,0,0
2023-08-02,145500,145600,143800,143900,633,91088700,-1.0997,-413,15,-2,0,-2,1,0,0,-1,400,0,0
2023-08-03,144000,144500,143400,144500,675,97537500,0.417,-421,23,-2,0,0,0,-1,0,-1,400,0,0
2023-08-04,144500,147000,142000,144500,1004,145078000,0.0,-118,-83,-199,-201,1,1,0,0,0,400,0,0
2023-08-07,144400,144400,143000,143900,539,77562100,-0.4152,-447,-2,49,0,-1,1,50,0,-1,400,0,0
2023-08-08,143900,149900,143900,144500,588,84966000,0.417,-346,133,20,21,0,0,0,0,-1,193,0,0
2023-08-09,144400,144400,141000,142600,1428,203632800,-1.3149,-381,12,-31,0,-32,3,0,0,-2,400,0,0
2023-08-10,140500,142500,137600,141200,2268,320241600,-0.9818,553,-257,-730,-725,0,-3,0,0,-2,434,0,0
2023-08-11,140000,140000,136500,136500,1876,256074000,-3.3286,258,-51,-627,-641,15,0,0,0,-1,420,0,0
2023-08-14,136500,136500,134100,134200,1103,148022600,-1.685,-218,10,-192,-122,-37,0,-32,0,-1,400,0,0
2023-08-16,134200,134200,132100,133800,782,104631600,-0.2981,-346,-1,-53,-53,0,0,0,0,0,400,0,0
2023-08-17,133800,133800,131500,131900,691,91142900,-1.42,-320,-63,-17,-20,7,4,4,0,-12,400,0,0
2023-08-18,131900,131900,130100,131800,911,120069800,-0.0758,-455,59,-4,0,-1,-1,0,0,-2,400,0,0
2023-08-21,131800,131800,129300,131800,1325,174635000,0.0,-348,-7,-45,-62,5,15,-1,0,-2,400,0,0
2023-08-22,131700,131700,130500,131400,470,61758000,-0.3035,-412,-6,-2,0,0,0,0,0,-2,400,20,0
2023-08-23,131200,131200,129000,129000,824,106296000,-1.8265,-333,-26,-41,-40,0,0,0,0,-1,400,0,0
2023-08-24,129000,129700,128100,129600,657,85147200,0.4651,-281,-81,-38,-40,0,2,0,0,0,400,0,0
2023-08-25,129600,130000,129600,129700,463,60051100,0.0772,-392,-8,0,0,-21,6,0,0,15,400,0,0
2023-08-28,129700,130400,129700,130400,657,85672800,0.5397,-48,65,-31,-34,0,0,0,0,3,14,0,0
2023-08-29,130600,132700,130600,132500,277,36702500,1.6104,-45,39,6,0,0,4,0,0,2,0,0,0
2023-08-30,132500,133000,132500,133000,143,19019000,0.3774,-72,38,3,2,0,1,0,0,0,31,0,0
2023-08-31,133000,134000,133000,134000,411,55074000,0.7519,-204,51,-2,0,1,-3,0,0,0,155,0,0
2023-09-01,134400,134400,132800,133900,624,83553600,-0.0746,-282,24,-142,-144,0,3,0,0,-1,400,0,0
2023-09-04,133900,133900,132600,133800,461,61681800,-0.0747,-384,-2,-14,0,0,-6,0,0,-8,400,0,0
2023-09-05,133800,133800,131900,132900,597,79341300,-0.6726,-424,-18,42,45,1,0,0,0,-4,400,0,0
2023-09-06,132900,133000,131900,132800,500,66400000,-0.0752,-196,-194,-10,5,0,-13,0,0,-2,400,0,0
2023-09-07,132700,132700,130700,132400,183,24229200,-0.3012,39,15,-59,3,0,-60,-1,0,-1,0,5,0
2023-09-08,132100,132200,131000,131000,223,29213000,-1.0574,-2,-14,16,1,0,0,0,0,15,0,0,0
2023-09-11,131000,131800,131000,131000,612,80172000,0.0,-80,79,1,0,3,-1,0,0,-1,0,0,0
2023-09-12,131000,131300,131000,131300,848,111342400,0.229,7,-11,4,0,0,3,0,0,1,0,0,0
2023-09-13,131500,131700,131000,131400,1370,180018000,0.0762,-44,44,0,0,0,0,0,0,0,0,0,0
2023-09-14,131500,131900,131400,131800,198,26096400,0.3044,-43,18,16,0,0,0,0,0,16,9,0,0
2023-09-15,131900,137600,131800,136900,817,111847300,3.8695,-53,10,-4,0,0,-3,-1,0,0,47,0,0
2023-09-18,136900,141100,136900,138500,498,68973000,1.1687,-300,125,4,0,4,0,0,0,0,171,0,0
2023-09-19,138500,140900,138500,139500,626,87327000,0.722,-359,-24,103,103,0,0,0,0,0,280,0,0
2023-09-20,139600,141500,139600,141000,1658,233778000,1.0753,-959,474,-14,0,7,0,-19,0,-2,499,0,0
2023-09-21,141100,146600,141100,146300,1979,289527700,3.7589,-1273,501,25,0,0,10,-1,0,16,747,0,0
2023-09-22,147000,147000,144900,145900,2559,373358100,-0.2734,-1833,-174,7,0,0,6,-1,0,2,2000,0,0
2023-09-25,145900,146300,141400,145900,2677,390574300,0.0,-1537,-470,7,0,2,6,0,0,-1,2000,0,0
2023-09-26,143700,144600,141400,142800,833,118952400,-2.1247,-744,-10,14,0,-1,15,0,0,0,740,0,0
2023-09-27,141300,142800,141300,142800,55,7854000,0.0,-4,-19,23,0,0,15,3,0,5,0,0,0
2023-10-04,142300,142300,139000,141400,2020,285628000,-0.9804,-1861,-22,5,0,0,3,0,0,2,1878,0,0
2023-10-05,140900,140900,136600,137300,272,37345600,-2.8996,11,0,-11,-7,-4,0,0,0,0,0,0,0
2023-10-06,135800,138300,135800,138300,64,8851200,0.7283,-6,0,6,0,0,3,0,0,3,0,0,0
2023-10-10,136600,138100,134600,134600,657,88432200,-2.6753,332,-218,-114,-115,0,0,0,0,1,0,0,0
2023-10-11,134600,135300,132000,132000,1446,190872000,-1.9316,-14,-91,105,-99,-1,3,0,0,202,0,0,0
2023-10-12,133100,133200,131300,132200,615,81303000,0.1515,184,18,-202,0,-1,0,0,0,-201,0,0,0
2023-10-13,132300,134800,132300,134700,928,125001600,1.8911,89,-172,62,-6,-1,69,0,0,0,21,0,0
2023-10-16,136900,136900,133900,135400,968,131067200,0.5197,-528,73,-24,0,0,-66,0,0,42,479,0,0
2023-10-17,135400,136400,135400,136400,475,64790000,0.7386,-278,16,14,13,0,0,-1,0,2,248,0,0
2023-10-18,136400,137200,135800,136700,985,134649500,0.2199,-811,92,19,0,15,4,-1,0,1,700,0,0
2023-10-19,136700,137400,136700,136800,505,69084000,0.0732,-378,-30,-73,-40,6,1,0,0,-40,481,0,0
2023-10-20,136800,136900,136800,136800,625,85500000,0.0,-603,-1,4,0,0,4,0,0,0,600,0,0
2023-10-23,136800,137700,136100,137400,651,89447400,0.4386,-443,-57,0,0,0,0,0,0,0,500,0,0
2023-10-24,137500,138200,137400,138200,292,40354400,0.5822,-58,-172,2,0,0,0,-1,0,3,228,0,0
2023-10-25,138300,141000,138300,141000,597,84177000,2.026,-145,33,112,96,0,9,0,0,7,0,0,0
2023-10-26,140400,141700,139900,141700,759,107550300,0.4965,-315,61,116,99,0,-3,0,0,20,138,0,0
2023-10-27,142000,143400,141700,142800,2686,383560800,0.7763,-2012,57,8,0,1,0,-1,0,8,1947,0,0
2023-10-30,142800,142800,140500,141500,697,98625500,-0.9104,-355,-151,6,0,0,3,0,0,3,500,0,0
2023-10-31,141500,141600,139100,140500,558,78399000,-0.7067,-453,-48,1,0,0,0,0,0,1,500,0,0
2023-11-01,140700,141600,140500,141200,599,84578800,0.4982,-512,-1,13,11,0,0,-2,0,4,500,0,0
2023-11-02,141000,141000,139700,140500,148,20794000,-0.4958,-6,0,2,0,0,1,0,0,1,4,0,0
2023-11-03,140500,140600,139500,140500,1408,197824000,0.0,-916,-84,0,0,0,0,0,0,0,1000,0,0
2023-11-06,140500,141200,139200,141200,904,127644800,0.4982,-194,-171,-135,-138,0,6,-7,0,4,500,0,0
2023-11-07,141200,141200,140200,141000,595,83895000,-0.1416,-425,-91,16,0,0,-3,0,0,19,500,0,0
2023-11-08,141100,141700,141000,141000,372,52452000,0.0,-291,0,-35,0,0,-15,0,0,-20,326,0,0
2023-11-09,141000,141300,140300,140300,743,104242900,-0.4965,-684,0,-16,0,0,-15,0,0,-1,700,0,0
2023-11-10,140400,140500,139000,140300,959,134547700,0.0,-599,2,97,0,0,107,0,0,-10,500,0,0
2023-11-13,140300,141000,140300,140300,441,61872300,0.0,-380,-3,-28,-16,0,-9,0,0,-3,411,0,0
2023-11-14,141000,141000,139000,140500,1090,153145000,0.1426,-767,114,-9,0,0,-4,-2,0,-3,662,0,0
2023-11-15,140500,141200,138800,140300,880,123464000,-0.1423,-582,52,30,0,0,-3,0,0,33,500,0,0
2023-11-16,140300,140300,138600,139500,652,90954000,-0.5702,-458,-31,-41,0,0,-18,0,0,-23,530,0,0
2023-11-17,139500,139500,138300,139400,848,118211200,-0.0717,-472,-9,-19,0,0,-18,0,0,-1,500,0,0
2023-11-20,139400,139400,137500,138300,1214,167896200,-0.7891,-533,33,-1,0,0,0,0,0,-1,501,0,0
2023-11-21,138300,138500,136500,137900,1555,214434500,-0.2892,-478,-40,-2,0,0,0,0,0,-2,520,0,0
2023-11-22,137900,137900,135200,136700,2297,313999900,-0.8702,-531,23,8,0,0,0,-3,0,11,500,0,0
2023-11-23,136700,136900,135700,136000,761,103496000,-0.5121,-351,-156,7,4,0,2,-1,0,2,500,0,0
2023-11-24,136000,136000,134100,134900,1506,203159400,-0.8088,-386,-35,-79,-102,1,0,0,0,22,500,0,0
2023-11-27,134900,134900,133600,134800,1032,139113600,-0.0741,-428,-42,-20,0,0,0,0,0,-20,490,0,0
2023-11-28,134800,135400,134600,135400,699,94644600,0.4451,-566,46,20,0,12,8,0,0,0,500,0,0
2023-11-29,136200,137600,135400,136300,1527,208130100,0.6647,-132,-28,105,103,0,0,0,0,2,55,0,0
2023-11-30,136500,137700,136500,136900,527,72146300,0.4402,-17,17,0,0,0,0,0,0,0,0,0,0
2023-12-01,136900,136900,129000,136700,2266,309762200,-0.1461,-1514,13,1,0,0,0,0,0,1,1500,0,0
2023-12-04,136200,136400,134000,136100,1059,144129900,-0.4389,-474,-64,-2,0,0,0,-2,0,0,540,0,0
2023-12-05,134000,135400,132900,132900,2025,269122500,-2.3512,-612,22,0,0,0,0,0,0,0,590,0,0
2023-12-06,133800,133800,132100,133300,1046,139431800,0.301,-432,-1,-82,-76,0,-3,0,0,-3,515,0,0
2023-12-07,133300,133500,132600,132600,815,108069000,-0.5251,-500,-69,0,-9,0,0,0,0,9,569,0,0
2023-12-08,131800,133000,131800,133000,163,21679000,0.3017,-39,0,39,0,1,15,0,0,23,0,0,0
2023-12-11,133700,133700,131900,132000,318,41976000,-0.7519,-5,0,5,0,0,0,0,0,5,0,0,0
2023-12-12,131700,133100,131300,131500,1015,133472500,-0.3788,180,0,-190,-193,0,1,0,0,2,10,0,0
2023-12-13,131300,132900,131300,132700,128,16985600,0.9125,-20,2,18,0,0,12,0,0,6,0,0,0
2023-12-14,132000,132500,131400,131800,206,27150800,-0.6782,76,10,-86,-92,3,1,-1,0,3,0,0,0
2023-12-15,132800,140800,132300,140800,1797,253017600,6.8285,-661,652,-28,-53,0,24,0,0,1,37,0,0
2023-12-18,140500,140500,135100,137100,847,116123700,-2.6278,-139,-83,243,4,0,17,0,0,222,-21,0,0
2023-12-19,135500,138100,134600,135000,2032,274320000,-1.5317,224,45,-279,-99,1,23,0,0,-204,10,0,0
2023-12-20,135000,136600,135000,136000,1630,221680000,0.7407,56,4,78,0,0,24,0,0,54,-138,0,0
2023-12-21,135100,139500,135100,138200,1616,223331200,1.6176,-241,182,33,-80,-12,18,0,0,107,26,0,0
2023-12-22,137600,139500,137600,138000,585,80730000,-0.1447,57,-47,-14,-3,-22,11,0,0,0,4,0,0
2023-12-26,138000,139000,136600,136600,618,84418800,-1.0145,-39,35,-14,-27,0,11,0,0,2,18,0,0
2023-12-27,136500,138900,136200,138500,1161,160798500,1.3909,-127,90,37,0,-15,29,0,0,23,0,0,0
2023-12-28,136900,138500,136900,137400,393,53998200,-0.7942,81,-49,-31,-35,8,-3,-1,0,0,-1,0,0
2024-01-02,137400,137400,134400,135500,299,40514500,-1.3828,28,-43,6,0,1,4,0,0,1,9,0,0
2024-01-03,135800,136500,135600,136500,728,99372000,0.738,202,-43,-160,-77,1,-8,-4,0,-72,1,0,0
2024-01-04,136200,136300,134100,134100,548,73486800,-1.7582,54,-17,-38,8,0,-10,0,0,-36,1,0,0
2024-01-05,134200,135300,133000,134600,1138,153174800,0.3729,-627,-160,-17,1,0,6,-1,0,-23,804,0,0
2024-01-08,133100,134400,133000,133100,843,112203300,-1.1144,168,-9,-79,10,1,-11,-61,0,-18,-80,0,0
2024-01-09,133200,133300,133100,133100,795,105814500,0.0,-300,0,-262,-319,0,-11,0,0,68,562,0,0
2024-01-10,133800,133800,133100,133400,389,51892600,0.2254,-64,-26,-138,-142,0,10,0,0,-6,228,0,0
2024-01-11,134100,134100,133400,133700,789,105489300,0.2249,-173,0,-201,-174,0,-18,0,0,-9,374,0,0
2024-01-12,134100,134500,133700,134500,1101,148084500,0.5984,-372,-37,-131,-175,1,-20,0,0,63,540,0,0
2024-01-15,134600,134800,134500,134800,758,102178400,0.223,-227,0,-284,-232,0,-14,0,0,-38,511,0,0
2024-01-16,134800,135000,133300,134500,1815,244117500,-0.2226,-506,3,-226,-182,0,-6,0,0,-38,729,0,0
2024-01-17,134500,134500,133500,134500,1711,230129500,0.0,-1028,10,-182,-183,0,1,0,0,0,1200,0,0
2024-01-18,134500,134700,134000,134600,1266,170403600,0.0743,-370,8,-15,0,0,-14,0,0,-1,377,0,0
2024-01-19,135300,135300,133900,134500,1290,173505000,-0.0743,-1174,-10,-16,0,2,-16,0,0,-2,1200,0,0
2024-01-22,134500,134500,131700,131700,1661,218753700,-2.0818,-993,-7,-1,0,0,-1,0,0,0,1001,0,0
2024-01-23,132100,132400,131200,131700,1777,234030900,0.0,-1035,6,-50,0,0,0,0,0,-50,1079,0,0
2024-01-24,131700,131800,130600,130600,1856,242393600,-0.8352,-922,127,-405,-320,0,0,0,0,-85,1200,0,0
2024-01-25,130600,130900,130600,130800,649,84889200,0.1531,-344,0,-177,-177,0,3,0,0,-3,521,0,0
2024-01-26,130800,132000,130800,131500,542,71273000,0.5352,-93,19,-120,-3,-6,-40,0,0,-71,194,0,0
2024-01-29,131500,133700,131500,133300,2037,271532100,1.3688,-1714,-21,-10,0,-5,-5,0,0,0,1745,0,0
2024-01-30,134200,134200,132200,133800,1135,151863000,0.3751,-1001,0,1,0,0,0,0,0,1,1000,0,0
2024-01-31,133800,133800,132600,133800,1216,162700800,0.0,-990,-6,-4,0,0,0,-4,0,0,1000,0,0
2024-02-01,133800,134400,133800,134400,548,73651200,0.4484,-487,53,126,159,-4,0,0,0,-29,308,0,0
2024-02-02,135400,135400,134400,135400,683,92478200,0.744,-472,143,51,74,-6,-9,-3,0,-5,278,0,0
2024-02-05,135400,135900,135400,135700,2469,335043300,0.2216,-2106,54,52,58,0,0,0,0,-6,2000,0,0
2024-02-06,136100,136100,134400,134500,1813,243848500,-0.8843,-1518,55,90,142,0,-49,0,0,-3,1373,0,0
2024-02-07,135700,135700,134200,134200,309,41467800,-0.223,69,6,-75,0,-87,7,0,0,5,0,0,0
2024-02-08,134900,135000,134300,134300,144,19339200,0.0745,-103,0,103,0,36,66,0,0,1,0,0,0
2024-02-13,134800,135000,132600,135000,508,68580000,0.5212,-142,30,110,0,36,72,0,0,2,2,0,0
2024-02-14,136000,136000,132300,135000,216,29160000,0.0,-110,0,110,0,107,3,0,0,0,0,0,0
2024-02-15,132600,134400,132500,132900,125,16612500,-1.5556,-16,2,14,29,-11,0,-1,0,-3,0,0,0
2024-02-16,134900,134900,134000,134500,372,50034000,1.2039,27,-10,-17,-20,5,0,0,0,-2,0,0,0
2024-02-19,134500,134600,132000,132700,1312,174102400,-1.3383,-677,-21,10,-28,-2,48,0,0,-8,688,0,0
2024-02-20,132700,132700,131800,132200,1063,140528600,-0.3768,-535,-8,-67,-108,20,22,0,0,-1,610,0,0
2024-02-21,132200,132500,132200,132300,685,90625500,0.0756,-444,-11,-145,-8,-135,-3,0,0,1,600,0,0
2024-02-22,132400,132900,131800,132400,781,103404400,0.0756,-558,-24,26,0,4,23,0,0,-1,554,2,0
2024-02-23,132400,133400,131800,133400,1262,168350800,0.7553,-573,-19,3,0,2,4,0,0,-3,589,0,0
2024-02-26,133400,134100,132400,133400,844,112589600,0.0,-654,-54,107,107,0,3,0,0,-3,601,0,0
2024-02-27,133400,133800,132800,133800,1117,149454600,0.2999,-638,63,-23,0,-20,0,0,0,-3,600,-2,0
2024-02-28,133800,133800,133000,133300,714,95176200,-0.3737,-547,-26,-27,0,3,-2,0,0,-28,600,0,0
2024-02-29,133300,133500,132600,133500,775,103462500,0.15,-594,0,-5,0,0,6,0,0,-11,599,0,0
2024-03-04,133500,134700,132200,134200,2446,328253200,0.5243,-785,174,1,0,0,5,0,0,-4,610,0,0
2024-03-05,134200,134200,132100,133800,1177,157482600,-0.2981,-453,-145,13,0,5,10,0,0,-2,585,0,0
2024-03-06,133800,133800,132400,133700,1082,144663400,-0.0747,-555,0,-48,-41,8,-7,-2,0,-6,603,0,0
2024-03-07,133700,133700,133000,133100,850,113135000,-0.4488,-585,0,-27,0,-30,4,0,0,-1,612,0,0
2024-03-08,133000,133000,131200,132400,1306,172914400,-0.5259,-626,20,5,0,2,4,0,0,-1,601,0,0
2024-03-11,132400,132400,131400,132200,986,130349200,-0.1511,-429,10,-108,3,0,-111,0,0,0,527,0,0
2024-03-12,132200,132900,131800,132900,1234,163998600,0.5295,-485,1,-115,-108,-1,-4,0,0,-2,599,0,0
2024-03-13,132000,132000,131600,132000,878,115896000,-0.6772,-580,2,-22,0,0,-20,0,0,-2,600,0,0
2024-03-14,131600,132200,131200,132200,1468,194069600,0.1515,-632,35,-3,0,0,0,0,0,-3,600,0,0
2024-03-15,132200,132300,131500,131700,854,112471800,-0.3782,-504,-93,-3,0,0,-2,0,0,-1,600,0,0
2024-03-18,131800,132200,131700,131800,402,52983600,0.0759,-136,-15,-3,0,0,0,0,0,-3,154,0,0
2024-03-19,131900,133400,131900,133400,770,102718000,1.214,16,31,-12,0,0,0,-1,0,-11,-35,0,0
2024-03-20,133400,135600,133400,135600,1362,184687200,1.6492,-572,32,149,145,4,0,0,0,0,391,0,0
2024-03-21,135800,136400,134600,136200,1508,205389600,0.4425,-1028,48,-20,0,1,-11,-4,0,-6,1000,0,0
2024-03-22,136200,136600,135500,136600,1080,147528000,0.2937,-551,-49,0,0,1,0,0,0,-1,600,0,0
2024-03-25,136700,137300,136600,137300,740,101602000,0.5124,-123,27,-7,0,0,0,0,0,-7,103,0,0
2024-03-26,137900,138600,137400,138300,204,28213200,0.7283,-130,26,104,107,0,0,0,0,-3,0,0,0
2024-03-27,139200,139200,138300,138600,1375,190575000,0.2169,-833,17,4,0,2,4,0,0,-2,812,0,0
2024-03-28,138800,139000,138600,138800,202,28037600,0.1443,14,-15,1,0,1,0,0,0,0,0,0,0
2024-03-29,138800,139700,138800,139200,295,41064000,0.2882,-22,27,-5,0,0,0,-4,0,-1,0,0,0
2024-04-01,139200,142300,139200,142000,603,85626000,2.0115,-116,53,63,0,14,45,0,0,4,0,0,0
2024-04-02,142900,143300,142000,143300,982,140720600,0.9155,-478,246,188,209,-19,5,0,0,-7,44,0,0
2024-04-03,143300,144100,143300,143900,1123,161599700,0.4187,-894,74,5,0,4,3,0,0,-2,815,0,0
2024-04-04,143900,143900,142800,143700,712,102314400,-0.139,-460,-43,3,0,0,4,0,0,-1,500,0,0
2024-04-05,143700,144000,142900,142900,774,110604600,-0.5567,-440,3,-63,0,-4,0,0,0,-59,500,0,0
2024-04-08,142900,143500,142900,143200,406,58139200,0.2099,-288,169,36,0,36,0,0,0,0,83,0,0
2024-04-09,143600,143600,143200,143200,86,12315200,0.0,-27,-3,-34,0,0,0,0,0,-34,64,0,0
2024-04-11,143200,143900,141200,143000,737,105391000,-0.1397,-423,-69,-8,0,0,0,-8,0,0,500,0,0
2024-04-12,143000,143200,141900,142900,1202,171765800,-0.0699,-598,-29,27,23,4,0,0,0,0,600,0,0
2024-04-15,142800,143000,141000,142600,1059,151013400,-0.2099,-633,-2,35,29,2,3,0,0,1,600,0,0
2024-04-16,142500,142500,140200,141400,774,109443600,-0.8415,-501,-3,4,-5,4,3,0,0,2,500,0,0
2024-04-17,141300,141300,139900,141200,1159,163650800,-0.1414,-486,-25,11,0,0,9,0,0,2,500,0,0
2024-04-18,140900,140900,139000,140200,1204,168800800,-0.7082,-384,-34,18,0,3,12,0,0,3,400,0,0
2024-04-19,139900,139900,138000,138200,776,107243200,-1.4265,-226,-61,-114,-152,3,28,0,0,7,401,0,0
2024-04-22,137700,138900,137400,138700,191,26491700,0.3618,1,-8,7,0,-6,9,0,0,4,0,0,0
2024-04-23,138700,138800,138000,138100,244,33696400,-0.4326,24,-22,-2,0,3,-7,0,0,2,0,0,0
2024-04-24,138800,138800,135400,137700,537,73944900,-0.2896,35,-56,21,0,1,9,0,0,11,0,0,0
2024-04-25,137200,138700,136200,138500,505,69942500,0.581,75,-29,-46,-52,0,0,0,0,6,0,0,0
2024-04-26,137800,138600,137800,138200,56,7739200,-0.2166,-13,-4,17,15,-7,0,0,0,9,0,0,0
2024-04-29,138300,138500,138200,138400,278,38475200,0.1447,10,-16,6,0,3,0,0,0,3,0,0,0
2024-04-30,138500,138700,138500,138600,142,19681200,0.1445,17,-8,-9,0,-9,-2,0,0,2,0,0,0
2024-05-02,137700,138900,137700,138500,87,12049500,-0.0722,6,-7,1,0,3,2,0,0,-4,0,0,0
2024-05-03,138500,138500,137800,138400,150,20760000,-0.0722,3,-8,5,0,0,3,0,0,2,0,0,0
2024-05-07,138500,139100,138100,139100,1238,172205800,0.5058,-57,53,4,0,0,1,1,0,2,0,0,0
2024-05-08,139100,139300,139000,139200,334,46492800,0.0719,-67,70,-3,0,-2,-2,0,0,1,0,0,0
2024-05-09,139700,142800,139300,141900,1346,190997400,1.9397,-485,316,169,160,3,0,0,0,6,0,0,0
2024-05-10,141900,143100,141900,142500,709,101032500,0.4228,50,63,-113,0,0,-123,0,0,10,0,0,0
2024-05-13,142500,145000,142500,144800,862,124817600,1.614,-160,157,3,0,1,0,0,0,2,0,0,0
2024-05-14,145900,146000,144300,146000,309,45114000,0.8287,-15,15,0,0,0,-3,0,0,3,0,0,0
2024-05-16,147500,152100,146100,150300,2139,321491700,2.9452,-191,194,-3,0,0,0,0,0,-3,0,0,0
2024-05-17,153000,154000,149700,149700,673,100748100,-0.3992,0,0,0,0,0,0,0,0,0,0,0,0
2024-05-20,149500,152000,148800,152000,1470,223440000,1.5364,178,-182,4,0,5,0,0,0,-1,0,0,0
2024-05-21,154000,156900,150500,150500,1116,167958000,-0.9868,64,-57,-7,0,0,4,-10,0,-1,0,0,0
2024-05-22,152500,163900,151500,160200,1426,228445200,6.4452,142,-159,17,0,9,0,0,0,8,0,0,0
2024-05-23,161000,165200,159600,164000,3132,513648000,2.372,95,-74,-21,0,0,-23,0,0,2,0,0,0
2024-05-24,164000,165200,159000,159100,1290,205239000,-2.9878,171,-64,-107,0,3,-100,-12,0,2,0,0,0
2024-05-27,159100,163000,155000,155700,807,125649900,-2.137,-29,31,-2,0,0,0,-8,0,6,0,0,0
2024-05-28,153600,157600,152000,152000,544,82688000,-2.3764,-19,15,4,0,3,0,0,0,1,0,0,0
2024-05-29,150100,152200,149700,150200,694,104238800,-1.1842,-22,28,-7,0,3,0,-12,0,2,0,1,0
2024-05-30,148900,150400,148800,148900,590,87851000,-0.8655,52,89,-141,-144,3,0,0,0,0,0,0,0
2024-05-31,149200,151700,149000,151700,340,51578000,1.8805,-162,149,13,0,0,12,-1,0,2,0,0,0
2024-06-03,150200,157500,150200,157400,520,81848000,3.7574,-236,85,152,153,-7,4,0,0,3,0,-1,-1
2024-06-04,158000,158000,152000,156500,202,31613000,-0.5718,73,-22,-51,0,-64,13,0,0,0,0,0,0
2024-06-05,155500,156500,153100,153400,321,49241400,-1.9808,28,-19,-8,0,0,-7,0,0,-1,0,-1,0
2024-06-07,153500,153500,148000,149500,1974,295113000,-2.5424,-269,270,-1,0,0,0,0,0,-1,0,0,0
2024-06-10,148500,149600,148300,149500,723,108088500,0.0,56,110,-166,-148,-4,-9,0,0,-5,0,0,0
2024-06-11,149500,154800,148500,149000,694,103406000,-0.3344,-185,182,3,0,0,4,0,0,-1,0,0,0
2024-06-12,149400,150500,149000,149400,254,37947600,0.2685,37,-33,-4,0,0,-3,0,0,-1,0,0,0
2024-06-13,149700,151300,149100,149100,304,45326400,-0.2008,41,-12,-30,-5,0,-12,-6,0,-7,1,0,0
2024-06-14,149200,151100,149100,149800,915,137067000,0.4695,249,-193,-56,-52,-5,0,0,0,1,0,0,0
2024-06-17,150500,150600,149900,150500,316,47558000,0.4673,-16,19,-3,0,2,0,0,0,-5,0,0,0
2024-06-18,149600,151900,149200,151900,607,92203300,0.9302,-24,26,-2,0,0,3,0,0,-5,0,0,0
2024-06-19,156000,156000,148000,148000,1208,178784000,-2.5675,120,-82,-38,0,-17,-12,0,0,-9,0,0,0
2024-06-20,151200,154300,148000,148600,440,65384000,0.4054,84,-68,-16,0,0,-3,0,0,-13,0,0,0
2024-06-21,151100,151100,148000,148000,2169,321012000,-0.4038,726,-482,-244,-2,-241,0,0,0,-1,0,0,0
2024-06-24,148100,148500,147300,148000,1813,268324000,0.0,-60,59,1,0,0,0,0,0,1,0,0,0
2024-06-25,147300,150400,147000,147100,153,22506300,-0.6081,30,-8,-22,0,0,0,0,0,-22,0,0,0
2024-06-26,147200,147500,147000,147200,98,14425600,0.068,2,0,-2,0,0,3,0,0,-5,0,0,0
2024-06-27,147000,147000,145300,145500,287,41758500,-1.1549,42,-43,1,0,0,5,0,0,-4,0,0,0
2024-06-28,145000,151200,144900,151200,274,41428800,3.9175,14,-18,4,0,1,6,0,0,-3,0,0,0
2024-07-01,151200,151200,148000,148100,151,22363100,-2.0503,19,-11,-8,0,0,0,0,0,-8,0,0,0
2024-07-02,149100,149900,148100,148100,37,5479700,0.0,4,0,-4,0,0,0,0,0,-4,0,0,0
2024-07-03,146000,147000,143600,145900,493,71928700,-1.4855,57,-55,-2,0,0,0,0,0,-2,0,0,0
2024-07-04,145900,145900,143600,144300,367,52958100,-1.0966,223,-13,-210,0,0,-205,1,0,-6,0,0,0
2024-07-05,146800,146800,142200,145500,509,74059500,0.8316,307,20,-327,0,4,-318,0,0,-13,0,0,0
2024-07-08,144300,144500,142100,142400,421,59950400,-2.1306,33,-17,-16,0,0,-6,-3,0,-7,0,0,0
2024-07-09,142100,143700,141900,142100,86,12220600,-0.2107,16,-11,-5,0,0,-3,0,0,-2,0,0,0
2024-07-10,142900,143700,142100,142100,90,12789000,0.0,6,0,-6,0,-4,2,0,0,-4,0,0,0
2024-07-11,143300,146500,142700,145900,405,59089500,2.6742,21,-5,-16,-3,0,-6,0,0,-7,0,0,0
2024-07-12,145900,145900,144700,145900,111,16194900,0.0,18,-8,-10,0,1,-9,0,0,-2,0,0,0
2024-07-15,145800,145800,143300,145500,125,18187500,-0.2742,14,0,-14,-3,-3,-5,0,0,-3,0,0,0
2024-07-16,145900,148000,145900,146000,550,80300000,0.3436,-419,6,88,0,97,-7,0,0,-2,325,0,0
2024-07-17,147000,147000,145300,145900,150,21885000,-0.0685,-4,0,4,0,3,0,0,0,1,0,0,0
2024-07-18,148100,148100,146100,146100,123,17970300,0.1371,2,-1,-1,0,6,-4,0,0,-3,0,0,0
2024-07-19,148800,148800,145700,146000,215,31390000,-0.0684,3,-2,-1,0,10,-11,0,0,0,0,0,0
2024-07-22,146000,146000,144100,144100,144,20750400,-1.3014,-73,0,37,0,0,32,2,0,3,36,0,0
2024-07-23,143000,145000,143000,144000,64,9216000,-0.0694,0,-1,-6,0,-1,-5,0,0,0,7,0,0
2024-07-24,144000,149500,144000,144500,452,65314000,0.3472,-45,0,45,0,10,35,0,0,0,0,0,0
2024-07-25,143300,144200,142200,142800,311,44410800,-1.1765,-32,-4,36,0,0,36,0,0,0,0,0,0
2024-07-26,142800,147300,142800,143500,73,10475500,0.4902,-1,0,1,0,0,2,0,0,-1,0,0,0
2024-07-29,149900,149900,144200,144900,72,10432800,0.9756,6,0,-6,0,0,-7,0,0,1,0,0,0
2024-07-30,148500,148500,142000,142000,107,15194000,-2.0014,64,0,-64,0,3,-40,0,0,-27,0,0,0
2024-07-31,144100,144100,140500,140800,327,46041600,-0.8451,-7,-2,9,10,2,0,0,0,-3,0,0,0
2024-08-01,140600,141100,140000,140700,408,57405600,-0.071,-12,1,-5,0,0,1,-1,0,-5,16,0,0
2024-08-02,139500,141000,139000,139300,266,37053800,-0.995,4,1,-5,0,-3,0,0,0,-2,0,0,0
2024-08-05,139300,142900,134600,137500,526,72325000,-1.2922,-60,-29,89,-10,15,0,0,0,84,0,0,0
2024-08-06,137500,138600,137200,137400,590,81066000,-0.0727,-30,3,27,13,0,0,7,0,7,0,0,0
2024-08-07,137500,137500,135500,136600,332,45351200,-0.5822,-40,-2,33,8,6,0,0,0,19,9,0,0
2024-08-08,134900,139500,134900,138900,125,17362500,1.6837,-15,-1,16,0,5,10,1,0,0,0,0,0
2024-08-09,139700,140100,139100,139900,63,8813700,0.7199,-49,-1,50,0,3,0,0,0,47,0,0,0
2024-08-12,140000,140100,138500,140100,476,66687600,0.143,-324,4,320,319,0,0,0,0,1,0,0,0
2024-08-13,140100,140100,139200,139200,25,3480000,-0.6424,5,0,-5,0,0,-3,-2,0,0,0,0,0
2024-08-14,139200,140000,139200,139200,67,9326400,0.0,2,0,-2,0,0,-1,-1,0,0,0,0,0
2024-08-16,140400,140400,139000,139000,551,76589000,-0.1437,10,0,-10,0,0,-7,0,0,-3,0,0,0
2024-08-19,143200,144800,138200,138300,203,28074900,-0.5036,2,0,-2,0,0,0,0,0,-2,0,0,0
2024-08-20,138300,139600,138200,138900,93,12917700,0.4338,1,0,-1,0,0,1,0,0,-2,0,0,0
2024-08-21,138800,139500,138200,139500,34,4743000,0.432,-9,2,7,0,0,3,0,0,4,0,0,0
2024-08-22,139700,139700,138300,138300,80,11064000,-0.8602,-3,-7,10,10,0,0,0,0,0,0,0,0
2024-08-23,137800,139600,137000,138500,314,43489000,0.1446,-2,0,2,0,0,0,0,0,2,0,0,0
2024-08-26,137900,139900,137900,139700,273,38138100,0.8664,1,0,-1,-2,0,0,0,0,1,0,0,0
2024-08-27,138500,140000,138400,138600,50,6930000,-0.7874,7,0,-7,-2,0,5,-8,0,-2,0,0,0
2024-08-28,138600,139000,137400,139000,135,18765000,0.2886,-26,-3,29,0,0,33,0,0,-4,0,0,0
2024-08-29,137800,139500,137100,137500,294,40425000,-1.0791,3,-2,-1,0,0,-3,0,0,2,0,0,0
2024-08-30,137000,137000,136100,136300,262,35710600,-0.8727,2,-6,4,0,3,1,0,0,0,0,0,0
2024-09-02,136300,136700,133000,134800,895,120646000,-1.1005,17,-17,0,0,0,0,0,0,0,0,0,0
2024-09-03,134800,134800,133200,133900,191,25574900,-0.6677,13,-23,10,10,0,0,0,0,0,0,0,0
2024-09-04,133700,136000,132800,133800,88,11774400,-0.0747,14,-15,1,0,0,0,0,0,1,0,0,0
2024-09-05,135900,137000,131100,131500,1871,246036500,-1.719,7,-22,15,0,3,0,1,0,11,0,0,0
2024-09-06,136600,136600,130800,131900,1180,155642000,0.3042,-1,-18,19,0,0,0,1,0,18,0,0,0
2024-09-09,131800,131800,128200,131800,244,32159200,-0.0758,26,4,-30,0,9,-36,-10,0,7,0,0,0
2024-09-10,132600,132700,130200,132700,329,43658300,0.6829,0,-21,21,0,10,1,0,0,10,0,0,0
2024-09-11,132700,136800,131100,131900,104,13717600,-0.6029,48,-20,-28,-30,0,0,0,0,2,0,0,0
2024-09-12,131800,135600,131800,132000,290,38280000,0.0758,68,-18,-50,-51,-3,3,0,0,1,0,0,0
2024-09-13,132000,133800,131800,133800,128,17126400,1.3636,6,-20,14,0,12,2,0,0,0,0,0,0
2024-09-19,132000,134300,131100,133000,513,68229000,-0.5979,19,-19,0,0,0,0,0,0,0,0,0,0
2024-09-20,132900,133900,132100,133900,470,62933000,0.6767,-16,-21,37,0,0,37,0,0,0,0,0,0
2024-09-23,133900,135000,133100,135000,726,98010000,0.8215,26,-26,0,0,0,0,0,0,0,0,0,0
2024-09-24,135000,135100,134100,135000,338,45630000,0.0,28,-28,0,0,0,0,0,0,0,0,0,0
2024-09-25,134000,135200,133900,135000,348,46980000,0.0,98,-21,-77,-18,-60,0,0,0,1,0,0,0
2024-09-26,135000,135500,134400,135500,202,27371000,0.3704,2,-26,24,0,22,2,0,0,0,0,0,0
2024-09-27,135500,135900,134700,135900,280,38052000,0.2952,31,-32,1,0,0,1,0,0,0,0,0,0
2024-09-30,135900,135900,133900,135000,136,18360000,-0.6623,16,-26,10,0,0,0,0,0,10,0,0,0
2024-10-02,135100,135100,133000,133000,417,55461000,-1.4815,8,-16,8,0,6,1,0,0,1,0,0,0
2024-10-04,137400,137400,131700,131700,661,87053700,-0.9774,18,-19,1,0,0,0,0,0,1,0,0,0
2024-10-07,133000,133000,131200,131300,171,22452300,-0.3037,34,-26,-8,-5,0,-5,0,0,2,0,0,0
2024-10-08,130300,132100,130300,132000,307,40524000,0.5331,-183,-34,217,213,0,0,0,0,4,0,0,0
2024-10-10,130900,132900,130000,131600,398,52376800,-0.303,52,-22,-30,-57,8,19,0,0,0,0,0,0
2024-10-11,130500,131600,130500,131600,305,40138000,0.0,56,-34,-22,-28,5,1,0,0,0,0,0,0
2024-10-14,133000,134900,133000,134900,1356,182924400,2.5076,-247,-26,235,-86,75,24,0,0,222,38,0,0
2024-10-15,134900,139000,134900,139000,1181,164159000,3.0393,-567,-31,171,115,2,27,0,0,27,427,0,0
2024-10-16,139000,144900,139000,144500,1082,156349000,3.9568,-582,-9,455,91,0,28,0,0,336,136,0,0
2024-10-17,144500,149200,144500,148200,1242,184064400,2.5606,-408,-25,134,107,0,28,0,0,-1,299,0,0
2024-10-18,148300,150000,148300,149500,760,113620000,0.8772,-16,-31,49,52,0,-3,0,0,0,-2,0,0
2024-10-21,150100,150100,145900,147900,2121,313695900,-1.0702,-510,-23,41,0,1,40,0,0,0,492,0,0
2024-10-22,147900,149000,146300,147900,1675,247732500,0.0,-1082,-1,84,0,3,81,0,0,0,999,0,0
2024-10-23,146500,148100,145500,146900,340,49946000,-0.6761,-54,4,48,2,0,46,0,0,0,2,0,0
2024-10-24,146900,147400,144800,146400,996,145814400,-0.3404,-39,6,46,0,0,46,0,0,0,-13,0,0
2024-10-25,146400,146500,144500,146000,442,64532000,-0.2732,-85,46,38,4,6,28,0,0,0,1,0,0
2024-10-28,144500,145800,141800,144200,265,38213000,-1.2329,-23,0,24,56,0,-35,0,0,3,-1,0,0
2024-10-29,143900,144000,142000,143600,368,52844800,-0.4161,24,5,-29,0,6,-35,0,0,0,0,0,0
2024-10-30,143600,143600,141600,142000,246,34932000,-1.1142,-16,0,15,0,3,11,0,0,1,1,0,0
2024-10-31,142500,142500,140000,141900,158,22420200,-0.0704,-54,0,53,32,0,7,0,0,14,1,0,0
2024-11-01,140000,141000,139900,140800,109,15347200,-0.7752,-26,51,-22,0,0,-26,0,0,4,-3,0,0
2024-11-04,140800,140800,139600,140100,688,96388800,-0.4972,-112,0,102,-85,7,22,0,0,158,10,0,0
2024-11-05,139500,140100,138700,139800,318,44456400,-0.2141,55,0,-34,0,0,-33,0,0,-1,-21,0,0
2024-11-06,139500,139700,136400,137000,404,55348000,-2.0029,-33,0,33,0,30,4,0,0,-1,0,0,0
2024-11-07,136000,136300,134100,134800,394,53111200,-1.6058,39,3,-34,25,-3,-56,0,0,0,-8,0,0
2024-11-08,134800,135800,133000,133200,749,99766800,-1.1869,31,19,-50,0,-8,-51,0,0,9,0,0,0
2024-11-11,133200,134200,131900,133600,1033,138008800,0.3003,37,5,-42,0,28,-70,0,0,0,0,0,0
2024-11-12,133700,135000,131100,132200,868,114749600,-1.0479,13,-3,-10,1,0,-32,0,0,21,0,0,0
2024-11-13,131200,132100,130000,132100,1561,206208100,-0.0756,-32,4,28,26,-6,3,0,0,5,0,0,0
2024-11-14,131000,134000,129700,134000,847,113498000,1.4383,-256,3,253,54,181,16,0,0,2,0,0,0
2024-11-15,135800,135800,133500,135500,310,42005000,1.1194,-163,-1,164,0,12,36,0,0,116,0,0,0
2024-11-18,134500,136100,132300,134200,836,112191200,-0.9594,230,8,-269,-266,-11,4,0,0,4,31,0,0
2024-11-19,135800,135800,133400,133400,224,29881600,-0.5961,16,-7,-9,-11,7,-5,0,0,0,0,0,0
2024-11-20,133400,133900,132300,133900,145,19415500,0.3748,4,-1,-3,0,0,-3,0,0,0,0,0,0
2024-11-21,132800,134000,132800,134000,129,17286000,0.0747,-43,0,43,52,0,-9,0,0,0,0,0,0
2024-11-22,134000,135000,132900,134900,503,67854700,0.6716,-49,0,49,0,49,-3,0,0,3,0,0,0
2024-11-25,135000,137000,133700,135800,615,83517000,0.6672,-49,0,49,58,-3,-6,0,0,0,0,0,0
2024-11-26,136200,137000,134900,136900,1032,141280800,0.81,-101,20,81,79,0,0,0,0,2,0,0,0
2024-11-27,136200,139900,136000,138600,610,84546000,1.2418,-16,-51,67,67,0,0,0,0,0,0,0,0
2024-11-28,139900,142000,138200,140500,508,71374000,1.3709,-66,0,66,67,-3,2,0,0,0,0,0,0
2024-11-29,139100,141500,139100,141000,501,70641000,0.3559,0,-5,10,10,0,0,0,0,0,-5,0,0
2024-12-02,142500,142500,137000,140600,313,44007800,-0.2837,-27,7,20,20,0,0,0,0,0,0,0,0
2024-12-03,140600,142300,140000,141800,951,134851800,0.8535,-46,4,42,42,0,0,0,0,0,0,0,0
2024-12-04,138000,143600,138000,142000,1461,207462000,0.141,9,-19,10,-46,0,51,0,0,5,0,0,0
2024-12-05,143500,143500,142000,142700,1377,196497900,0.493,-24,-1,25,23,0,0,0,0,2,0,0,0
2024-12-06,142700,143300,142700,143300,1126,161355800,0.4205,-633,33,61,41,-1,9,9,0,3,539,0,0
2024-12-09,143300,144000,142100,143000,1641,234663000,-0.2094,-1040,-21,61,15,37,3,0,0,6,1000,0,0
2024-12-10,143000,144400,135900,143100,1741,249137100,0.0699,-1019,18,501,489,0,1,1,0,10,500,0,0
2024-12-11,143100,143100,141500,143000,1327,189761000,-0.0699,-1083,25,57,26,2,18,0,0,11,1001,0,0
2024-12-12,143000,143000,141300,143000,1209,172887000,0.0,-786,-47,333,325,0,2,0,0,6,500,0,0
2024-12-13,144000,144000,142000,142900,908,129753200,-0.0699,-572,63,9,30,1,-19,0,0,-3,500,0,0
2024-12-16,142900,143500,141700,143500,862,123697000,0.4199,-453,51,-98,-90,-13,5,0,0,0,500,0,0
2024-12-17,143500,143500,140900,143500,1938,278103000,0.0,-412,-86,-502,-522,12,0,0,0,8,1000,0,0
2024-12-18,143500,144900,142400,144900,1540,223146000,0.9756,-1018,132,16,16,-3,-4,0,0,7,870,0,0
2024-12-19,144500,144800,143700,144800,1589,230087200,-0.069,-1283,152,129,115,-1,1,13,0,1,1002,0,0
2024-12-20,144800,146500,144000,146500,1592,233228000,1.174,-1031,26,5,-1,0,6,0,0,0,1000,0,0
2024-12-23,146500,146500,144100,146500,1453,212864500,0.0,-1020,-2,22,13,14,0,0,0,-5,1000,0,0
2024-12-24,146500,147500,145900,147000,1189,174783000,0.3413,-838,-169,7,5,0,2,0,0,0,1000,0,0
2024-12-26,147000,150000,147000,150000,1566,234900000,2.0408,-826,514,-43,-46,2,1,0,0,0,355,0,0
2024-12-27,150000,151300,148500,149300,363,54195900,-0.4667,6,-76,70,66,0,3,0,0,1,0,0,0
2024-12-30,149200,149900,148000,149600,913,136584800,0.2009,-284,-74,360,360,0,0,0,0,0,-2,0,0
2025-01-02,149600,150900,147700,149400,2878,429973200,-0.1337,-1296,-316,112,110,0,-2,0,0,4,1500,0,0
2025-01-03,149400,149500,147500,148900,1925,286632500,-0.3347,-1225,-287,12,8,0,0,0,0,4,1500,0,0
2025-01-06,148900,149000,146300,148300,1770,262491000,-0.403,-803,-199,2,5,0,-4,0,0,1,1000,0,0
2025-01-07,148200,148200,146100,148200,1430,211926000,-0.0674,-962,-55,17,6,7,9,-5,0,0,1000,0,0
2025-01-08,147200,147200,143600,145000,2228,323060000,-2.1592,-851,-175,26,0,-4,5,0,0,25,1000,0,0
2025-01-09,144000,144000,139400,141500,1574,222721000,-2.4138,-608,37,-127,-109,0,3,0,0,-21,698,0,0
2025-01-10,131200,141600,131200,138900,648,90007200,-1.8375,256,34,-290,-335,0,3,0,0,42,0,0,0
2025-01-13,136200,136800,135200,135200,456,61651200,-2.6638,254,24,-278,-227,0,0,0,0,-51,0,0,0
2025-01-14,135100,138900,133800,136000,340,46240000,0.5917,-19,29,-10,0,0,-9,0,0,-1,0,0,0
2025-01-15,140000,141400,135300,136000,319,43384000,0.0,-66,76,-10,10,0,-31,0,0,11,0,0,0
2025-01-16,137700,137700,135900,137400,258,35449200,1.0294,29,-20,-9,0,1,3,0,0,-13,0,0,0
2025-01-17,137700,138000,136900,137500,285,39187500,0.0728,-26,9,17,0,12,6,0,0,-1,0,0,0
2025-01-20,146000,146000,135500,135600,789,106988400,-1.3818,152,-62,10,0,0,7,0,0,3,-100,0,0
2025-01-21,135700,136200,135000,135200,549,74224800,-0.295,-257,76,-2,0,-3,3,0,0,-2,183,0,0
2025-01-22,135200,135800,134600,135800,297,40332600,0.4438,-148,11,-2,0,0,0,0,0,-2,139,0,0
2025-01-23,135300,136500,135000,136000,159,21624000,0.1473,-131,-4,-10,0,0,-8,0,0,-2,145,0,0
2025-01-24,136600,136700,135600,135800,321,43591800,-0.1471,-181,59,54,0,0,0,0,0,54,68,0,0
2025-01-31,135500,137200,134800,135000,821,110835000,-0.5891,-309,48,-50,0,1,0,0,0,-51,311,0,0
2025-02-03,135000,135000,133200,133800,550,73590000,-0.8889,-238,-43,181,10,0,172,-1,0,0,100,0,0
2025-02-04,133800,134000,132800,133800,584,78139200,0.0,-169,143,27,0,0,8,0,0,19,-1,0,0
2025-02-05,134700,134700,132500,133000,668,88844000,-0.5979,-98,90,8,0,10,0,0,0,-2,0,0,0
2025-02-06,139800,142900,133500,141900,1625,230587500,6.6917,-701,420,282,20,0,0,0,0,262,-1,0,0
2025-02-07,142200,148100,142200,145500,1674,243567000,2.537,-917,176,711,459,0,85,0,0,167,30,0,0
2025-02-10,145300,145300,135600,141000,1985,279885000,-3.0928,-658,179,183,121,-13,9,45,0,21,296,0,0
2025-02-11,137500,140900,136000,140200,714,100102800,-0.5674,-159,100,-145,-181,0,13,0,0,23,204,0,0
2025-02-12,139100,139900,138100,138500,305,42242500,-1.2126,40,5,-52,-71,0,44,0,0,-25,7,0,0
2025-02-13,139000,140100,138700,139800,382,53403600,0.9386,-28,114,-95,-59,-13,-17,0,0,-6,9,0,0
2025-02-14,140900,142400,139800,142300,711,101175300,1.7883,-11,1,6,-59,0,-17,-12,0,94,4,0,0
2025-02-17,142300,144000,141200,143400,1677,240481800,0.773,-1250,268,484,468,-14,-11,0,0,41,498,0,0
2025-02-18,143300,143300,141000,141900,1181,167583900,-1.046,-288,-174,-33,0,0,9,0,0,-42,495,0,0
2025-02-19,141900,143400,140200,142000,2977,422734000,0.0705,-1297,243,104,103,2,2,0,0,-3,950,0,0
2025-02-20,143900,144100,142500,144100,525,75652500,1.4789,-190,146,40,53,0,-11,0,0,-2,4,0,0
2025-02-21,144100,145000,144100,144200,427,61573400,0.0694,-163,104,-2,4,0,-7,0,0,1,61,0,0
2025-02-24,144300,145000,144200,145000,386,55970000,0.5548,-280,54,42,20,0,-5,0,0,27,184,0,0
2025-02-25,145000,145500,143000,145500,1557,226543500,0.3448,-296,103,-416,-410,0,-5,0,0,-1,609,0,0
2025-02-26,145500,146000,144300,146000,1086,158556000,0.3436,-585,44,-59,-58,0,1,0,0,-2,600,0,0
2025-02-27,145900,147200,144000,147100,1598,235065800,0.7534,-1067,413,54,12,60,111,0,0,-129,600,0,0
2025-02-28,147100,147100,144300,144600,1836,265485600,-1.6995,-453,41,-177,34,-3,-57,0,0,-151,589,0,0
2025-03-04,144600,146900,143000,145000,1227,177915000,0.2766,-557,-61,8,8,0,35,0,0,-35,610,0,0
2025-03-05,144900,148100,143900,147700,2500,369250000,1.8621,-2121,1096,425,6,264,259,0,0,-104,600,0,0
2025-03-06,147700,148000,144800,145800,1323,192893400,-1.2864,-112,-444,-44,0,-8,3,-36,0,-3,600,0,0
2025-03-07,145800,146200,144800,146000,1312,191552000,0.1372,-538,-164,2,0,1,0,0,0,1,700,0,0
2025-03-10,146000,146000,144000,144900,1256,181994400,-0.7534,-502,-206,8,0,5,0,0,0,3,700,0,0
2025-03-11,144900,147900,144900,147000,1554,228438000,1.4493,-1363,583,551,520,0,3,0,0,28,229,0,0
2025-03-12,147000,147000,145900,146500,255,37357500,-0.3401,-14,44,-30,0,0,2,0,0,-32,0,0,0
2025-03-13,147200,148000,146500,147500,1552,228920000,0.6826,-1015,498,0,13,1,0,0,0,-14,517,0,0
2025-03-14,147500,148500,147300,147400,1346,198400400,-0.0678,-221,88,-567,0,-100,-297,0,0,-170,700,0,0
2025-03-17,147500,149500,147500,149200,1179,175906800,1.2212,-864,968,-4,0,0,0,0,0,-4,-100,0,0
2025-03-18,150000,150000,149200,150000,298,44700000,0.5362,-60,127,-87,-81,-3,-2,0,0,-1,20,0,0
2025-03-19,150100,150700,148600,149700,1433,214520100,-0.2,-605,-14,-81,-63,-11,0,-6,0,-1,700,0,0
2025-03-20,149900,150600,149700,150100,83,12458300,0.2672,-55,5,50,46,1,3,0,0,0,0,0,0
2025-03-21,148300,149900,148300,149700,245,36676500,-0.2665,43,-29,-14,0,-3,-3,0,0,-8,0,0,0
2025-03-24,149800,150500,148900,149400,1226,183164400,-0.2004,-619,-115,34,114,0,-74,0,0,-6,700,0,0
2025-03-25,149600,150000,149300,149900,1794,268920600,0.3347,-1124,388,36,39,0,1,0,0,-4,700,0,0
2025-03-26,149900,150000,149000,149900,1342,201165800,0.0,-616,-110,26,30,0,-3,0,0,-1,700,0,0
2025-03-27,149900,151000,149900,150900,1022,154219800,0.6671,-715,300,52,50,0,0,0,0,2,363,0,0
2025-03-28,150900,151000,150100,150900,1501,226500900,0.0,-1152,402,50,40,0,2,0,0,8,700,0,0
2025-03-31,150900,151000,148400,149500,1648,246376000,-0.9278,-703,-87,90,60,16,7,0,0,7,700,0,0
2025-04-01,149500,149700,149500,149700,369,55239300,0.1338,-339,77,1,8,0,-8,0,0,1,261,0,0
2025-04-02,149700,150100,149600,149800,1267,189796600,0.0668,-1236,538,-2,0,-1,0,0,0,-1,700,0,0
2025-04-03,150400,150900,149800,149900,169,25333100,0.0668,-93,54,14,0,0,9,0,0,5,25,0,0
2025-04-04,150100,152000,149900,151400,1601,242391400,1.0007,-1019,885,122,107,3,12,0,0,0,12,0,0
2025-04-07,151400,151400,147800,150800,1540,232232000,-0.3963,-835,176,-41,-55,0,15,0,0,-1,700,0,0
2025-04-08,150800,151200,149400,150100,1505,225900500,-0.4642,-1044,168,176,100,6,64,0,0,6,700,0,0
2025-04-09,150100,150100,148100,149700,1223,183083100,-0.2665,-478,-304,-118,57,0,12,5,0,-192,900,0,0
2025-04-10,149800,149900,148400,149600,991,148253600,-0.0668,-730,92,-62,-87,27,0,0,0,-2,700,0,0
2025-04-11,149600,150000,149100,149900,1155,173134500,0.2005,-66,-130,-550,102,9,0,0,0,-661,746,0,0
2025-04-14,149900,152800,148200,149900,1195,179130500,0.0,-485,-17,1,0,0,0,0,0,1,500,1,0
2025-04-15,149900,149900,146800,149700,1986,297304200,-0.1334,388,-263,-625,-637,9,3,0,0,0,500,0,0
2025-04-16,149700,149700,148200,149600,1040,155584000,-0.0668,-774,223,51,50,3,0,0,0,-2,500,0,0
2025-04-17,149600,149800,148600,149400,702,104878800,-0.1337,-566,46,20,0,20,0,0,0,0,500,0,0
2025-04-18,149900,149900,148400,148400,741,109964400,-0.6693,-505,-50,55,0,67,4,0,0,-16,500,0,0
2025-04-21,149600,149700,148800,148800,163,24254400,0.2695,-68,71,-3,0,0,0,0,0,-3,0,0,0
2025-04-22,149100,153500,148900,151900,1859,282382100,2.0833,-1018,542,476,433,13,33,0,0,-3,0,0,0
2025-04-23,152000,154900,151900,153100,2659,407092900,0.79,-1537,1463,-7,0,0,0,0,0,-7,81,0,0
2025-04-24,153000,153400,150500,153400,1572,241144800,0.196,-263,-411,-26,0,0,0,0,0,-26,700,0,0
2025-04-25,153200,153200,151500,152500,1340,204350000,-0.5867,-693,-8,201,206,3,-3,0,0,-5,500,0,0
2025-04-28,152500,153600,151100,152400,958,145999200,-0.0656,-382,-5,-113,-108,0,-6,0,0,1,500,0,0
2025-04-29,152400,154900,152400,154900,2034,315066600,1.6404,-1524,571,516,108,-7,417,0,0,-2,437,0,0
2025-04-30,153100,160000,153100,158800,1509,239629200,2.5178,-907,674,233,100,0,135,0,0,-2,0,0,0
2025-05-02,158800,159000,154000,155000,575,89125000,-2.3929,-44,20,24,0,2,37,0,0,-15,0,0,0
2025-05-07,152600,164600,151700,164600,3836,631405600,6.1935,-1808,1679,129,50,0,81,0,0,-2,0,0,0
2025-05-08,164900,164900,155600,157900,1886,297799400,-4.0705,494,-495,-19,96,7,-131,0,0,9,20,0,0
2025-05-09,157900,159500,155400,155500,514,79927000,-1.5199,10,-102,92,106,0,0,0,0,-14,0,0,0
2025-05-12,155500,157900,153800,154500,939,145075500,-0.6431,-166,162,4,0,0,0,8,0,-4,0,0,0
2025-05-13,155000,159900,153300,157100,679,106670900,1.6828,-189,151,38,30,4,4,1,0,-1,0,0,0
2025-05-14,157100,160800,157100,157900,1131,178584900,0.5092,-381,308,73,50,13,16,0,0,-6,0,0,0
2025-05-15,156200,157900,155700,157900,934,147478600,0.0,-203,352,-149,-162,7,10,0,0,-4,0,0,0
2025-05-16,157900,158200,155500,155600,1202,187031200,-1.4566,108,-190,81,107,0,0,0,0,-26,0,1,0
2025-05-19,155700,159900,154000,156700,1342,210291400,0.7069,-341,159,183,247,0,-11,0,0,-53,0,-1,0
2025-05-20,156900,163600,156600,162600,3475,565035000,3.7652,-1740,993,747,357,366,6,15,0,3,0,0,0
2025-05-21,160300,167200,160300,165800,2510,416158000,1.968,-1283,783,500,318,17,0,177,0,-12,0,0,0
2025-05-22,165800,167100,160300,163300,1457,237928100,-1.5078,231,-323,92,100,0,1,0,0,-9,0,0,0
2025-05-23,163300,164500,160600,164000,1461,239604000,0.4287,-512,252,280,278,0,5,0,0,-3,-20,0,0
2025-05-26,167900,167900,161000,164700,1602,263849400,0.4268,-246,-486,732,365,350,17,0,0,0,0,0,0
2025-05-27,166900,166900,161800,163000,415,67645000,-1.0322,-167,113,54,0,0,0,0,0,54,0,0,0
2025-05-28,166000,166000,161700,163800,680,111384000,0.4908,-293,300,-6,50,0,-6,0,0,-50,0,-1,0
2025-05-29,163700,164300,160900,163400,1146,187256400,-0.2442,-148,247,-99,-105,-1,10,-4,0,1,0,0,0
2025-05-30,163900,164700,161400,161900,1291,209012900,-0.918,2,30,-32,0,0,0,0,0,-32,0,0,0
2025-06-02,160900,165000,160700,163500,1428,233478000,0.9883,-785,803,-18,-54,4,28,-1,0,5,0,0,0
2025-06-04,164700,166700,162000,164000,2076,340464000,0.3058,-1006,1017,-11,0,1,0,-6,0,-6,0,0,0
2025-06-05,161200,164700,161000,161000,1065,171465000,-1.8293,-297,327,-30,0,-1,-9,-3,0,-17,0,0,0
2025-06-09,161000,164500,161000,161900,839,135834100,0.559,-191,149,42,48,11,-10,-6,0,-1,0,0,0
2025-06-10,163400,163400,160900,163300,1067,174241100,0.8647,93,7,-107,-244,69,41,26,0,1,7,0,0
2025-06-11,165200,165200,156700,157100,3844,603892400,-3.7967,2039,-2371,279,3,178,27,82,0,4,53,0,-15
2025-06-12,158900,169500,157200,166900,20055,3347179500,6.2381,-4725,-7625,12365,601,11003,374,1353,0,-966,-15,0,0
2025-06-13,166900,170000,152300,152800,7455,1139124000,-8.4482,2861,-3219,342,-309,690,13,883,0,-892,16,0,-43
2025-06-16,155000,159000,152800,158900,1308,207841200,3.9921,-617,271,344,60,254,65,-6,0,-29,2,0,0
2025-06-17,154100,156900,151900,151900,1779,270230100,-4.4053,456,-456,-24,-39,173,-16,-9,0,-133,24,0,0
2025-06-18,150300,152500,149300,150500,1311,197305500,-0.9217,522,-422,-173,-4,-15,-8,2,0,-148,73,0,0
2025-06-19,149000,150200,147000,147000,1401,205947000,-2.3256,741,-513,-237,-118,-5,-8,1,0,-107,9,0,0
2025-06-20,148200,148200,145400,145400,653,94946200,-1.0884,324,-226,-98,-39,8,-6,0,0,-61,0,0,0
2025-06-23,144000,146500,140500,140700,1576,221743200,-3.2325,714,-367,-391,-61,160,-35,10,0,-465,44,0,0
2025-06-24,144800,145100,140900,140900,759,106943100,0.1421,-17,-21,42,-37,-22,0,-22,0,123,-4,0,0
2025-06-25,140900,145200,140200,143300,1814,259946200,1.7033,175,-218,40,0,343,-66,-6,0,-231,3,0,0
2025-06-26,142000,147100,141800,147100,1919,282284900,2.6518,-126,-194,317,68,138,-17,111,0,17,3,0,0
2025-06-27,145900,149200,144200,144200,663,95604600,-1.9714,123,-252,127,135,-9,-2,2,0,1,2,0,0
2025-06-30,145700,148700,144200,147200,899,132332800,2.0804,94,-550,467,127,11,48,44,0,237,-11,0,0
2025-07-01,160000,160000,149500,151900,1753,266280700,3.1929,-150,-143,288,127,-3,29,1,0,184,0,5,-50
2025-07-02,151400,155900,148800,151400,912,138076800,-0.3292,37,-156,119,0,0,3,-5,0,149,0,0,-28
2025-07-03,151400,154000,150300,151000,689,104039000,-0.2642,-108,-105,217,0,-4,-1,-5,0,227,-4,0,0
2025-07-04,151000,152800,148400,149300,1067,159303100,-1.1258,165,55,-278,-68,7,-26,-23,0,-87,58,0,-81
2025-07-07,149200,152600,144500,145800,1281,186769800,-2.3443,235,249,-464,-22,-50,-10,-240,0,-99,-20,0,-43
2025-07-08,151100,151100,145200,145200,1009,146506800,-0.4115,223,134,-361,-377,-4,0,-52,0,75,4,0,-3
2025-07-09,145200,149200,144200,145500,774,112617000,0.2066,238,36,-277,-140,-14,-2,-19,0,-102,3,0,0
2025-07-10,144600,152500,144600,151300,1382,209096600,3.9863,-137,67,70,0,-7,-7,-10,0,152,0,0,-58
2025-07-11,152700,157000,149300,155000,1743,270165000,2.4455,-391,169,274,70,-8,73,15,0,270,-52,0,-146
2025-07-14,153700,157900,153700,154400,600,92640000,-0.3871,90,-75,-17,0,-2,69,-1,0,-81,2,0,-2
2025-07-15,152900,152900,147900,150700,1090,164263000,-2.3964,525,-364,-164,0,1,22,-2,0,-185,3,0,0
2025-07-16,149200,151400,147800,150900,1074,162066600,0.1327,137,-77,-87,0,62,6,-5,0,-150,27,0,0
2025-07-17,150900,151700,147200,151500,1627,246490500,0.3976,25,-529,120,0,51,-4,2,0,71,384,0,0
2025-07-18,149000,153800,149000,153800,1859,285914200,1.5182,-770,542,173,0,-5,92,2,0,84,55,0,0
2025-07-21,153800,156500,151200,153700,1495,229781500,-0.065,-144,-228,-28,0,-3,15,3,0,-43,400,0,0
2025-07-22,153600,153600,148400,149900,1480,221852000,-2.4723,-26,-523,154,0,-7,101,6,0,54,395,0,0
2025-07-23,149900,153400,147500,147500,1244,183490000,-1.6011,-239,-329,180,0,-6,20,5,0,161,388,0,0
2025-07-24,147500,151000,146500,148900,1102,164087800,0.9492,-105,-384,59,0,15,6,-1,0,39,430,0,0
2025-07-25,148900,151000,146800,146800,664,97475200,-1.4103,0,-349,-51,0,-5,-10,5,0,-41,400,0,0
2025-07-28,147000,149900,146800,146800,511,75014800,0.0,-116,-51,151,-1,-20,14,3,0,155,16,0,0
2025-07-29,146800,151000,145600,146300,1017,148787100,-0.3406,-341,-93,41,0,-3,-29,2,0,71,393,0,0
2025-07-30,146300,149800,146300,146300,549,80318700,0.0,-165,58,96,0,-3,-20,-5,0,124,11,0,0
2025-07-31,146300,147500,145800,147200,969,142636800,0.6152,-520,111,-3,0,-9,1,11,0,-6,418,-6,0
2025-08-01,147200,147800,142800,142800,1131,161506800,-2.9891,210,-436,-175,0,-2,1,3,0,-177,401,0,0
2025-08-04,143000,145700,141200,141200,943,133151600,-1.1204,-186,25,-186,0,-3,-49,-2,0,-132,347,0,0
2025-08-05,141400,144900,141400,142000,716,101672000,0.5666,239,208,-448,0,-3,-75,0,0,-370,1,0,0
2025-08-06,142100,145800,142100,142800,428,61118400,0.5634,70,168,-238,0,1,-64,5,0,-180,0,0,0
2025-08-07,142800,144800,141600,143300,861,123381300,0.3501,-310,-5,-87,0,-32,-16,-21,0,-18,402,0,0
2025-08-08,143300,145900,142200,142500,597,85072500,-0.5583,-335,-62,-3,0,2,-26,0,0,21,400,0,0
2025-08-11,142700,143600,142400,143100,782,111904200,0.4211,-213,-211,24,-43,29,11,42,0,-15,400,0,0
2025-08-12,143100,145100,143100,144900,569,82448100,1.2579,-232,214,-119,-6,-104,13,-11,0,-11,137,0,0
2025-08-13,144900,147400,144000,145000,1013,146885000,0.069,-356,-25,-19,0,-5,-21,0,0,7,400,0,0
2025-08-14,145400,146400,143500,145800,1297,189102600,0.5517,-292,131,60,50,0,0,0,0,10,399,-298,0
2025-08-18,145700,145700,143100,144400,856,123606400,-0.9602,-429,-125,156,100,16,0,0,0,39,398,0,1
2025-08-19,144400,145200,140900,144100,1480,213268000,-0.2078,-297,-338,230,100,10,2,-1,0,119,405,0,0
2025-08-20,144100,144100,139600,141100,2186,308444600,-2.0819,-971,-97,370,100,4,18,4,0,244,698,0,0
2025-08-21,141100,141100,139100,140400,1297,182098800,-0.4961,-394,-26,-89,0,-1,-10,0,0,-79,509,0,1
2025-08-22,140400,141100,138700,141000,824,116184000,0.4274,-398,-80,81,100,1,-3,5,0,-22,397,0,0
2025-08-25,141000,143000,139600,142900,734,104888600,1.3475,-454,-14,68,0,2,-17,-1,0,84,400,0,0
2025-08-26,142900,144500,135000,140800,1632,229785600,-1.4696,-256,-49,-94,50,0,-8,-1,0,-135,399,0,0
2025-08-27,140800,141200,137800,139600,1457,203397200,-0.8523,-83,-340,-214,-74,6,6,0,0,-152,637,0,0
2025-08-28,139600,142200,138100,141600,1844,261110400,1.4327,-887,424,62,49,0,7,35,0,-29,401,0,0
2025-08-29,141600,143400,140600,143400,920,131928000,1.2712,-571,113,58,0,63,1,46,0,-52,400,0,0
2025-09-01,143400,143500,141100,141100,455,64200500,-1.6039,-39,-52,-30,0,0,0,-1,0,-28,121,0,-1
2025-09-02,141100,143700,138600,138600,344,47678400,-1.7718,131,-57,-105,-4,-3,0,1,0,-99,31,0,0
2025-09-03,137400,139400,137200,137800,337,46438600,-0.5772,106,29,-135,-10,0,0,0,0,-125,0,0,0
2025-09-04,136500,140600,136500,140600,323,45413800,2.0319,9,45,-54,-8,0,0,-9,0,-37,0,0,0
2025-09-05,138600,140700,137600,140200,343,48088600,-0.2845,-38,93,-55,-74,-11,0,-2,0,32,0,0,0
2025-09-08,139500,141400,138300,139400,447,62311800,-0.5706,-155,-93,248,244,-4,-8,-1,0,17,0,0,0
2025-09-09,139100,140900,137400,137600,631,86825600,-1.2912,148,-83,-65,-75,-64,-1,-60,0,135,0,0,0
2025-09-10,136500,142400,136500,138000,1648,227424000,0.2907,-589,148,425,50,-23,3,-13,0,408,16,0,0
2025-09-11,138000,142900,138000,142900,1660,237214000,3.5507,-961,468,510,64,63,2,-1,0,382,-17,0,0
2025-09-12,141500,142900,141500,141800,625,88625000,-0.7698,11,-268,257,0,20,3,-5,0,239,0,0,0
2025-09-15,140100,141900,140100,140500,363,51001500,-0.9168,6,-4,-2,0,-10,-19,-14,0,41,0,0,0
2025-09-16,139500,141200,139200,139400,566,78900400,-0.7829,265,-152,-113,-88,-23,-1,-5,0,4,0,0,0
2025-09-17,138000,141900,138000,139300,442,61570600,-0.0717,178,-18,-160,0,-36,-10,-12,0,-102,0,0,0
2025-09-18,138100,141500,138100,140500,536,75308000,0.8615,-19,42,-23,-9,-6,4,-4,0,-8,0,0,0
2025-09-19,138700,141500,138700,139900,529,74007100,-0.427,-85,160,-75,-2,0,1,-3,0,-71,0,0,0
2025-09-22,139500,149200,139500,141000,813,114633000,0.7863,-45,19,35,-10,2,0,-7,0,50,-9,0,0
2025-09-23,139700,142200,139700,139700,311,43446700,-0.922,107,-10,-93,-10,1,1,-3,0,-82,-4,0,0
2025-09-24,141000,141100,138600,140000,847,118580000,0.2147,-7,-98,111,38,7,-1,-3,0,70,-6,0,0
2025-09-25,138700,140900,138700,140500,251,35265500,0.3571,4,-25,21,1,19,-13,-8,0,22,0,0,0
2025-09-26,138800,140900,137600,140700,659,92721300,0.1423,207,-46,-161,-80,38,0,0,0,-119,0,0,0
2025-09-29,142100,143000,138200,138400,582,80548800,-1.6347,76,-241,168,-7,-10,-6,-9,0,200,-3,0,0
2025-09-30,137100,140700,136100,137300,867,119039100,-0.7948,244,73,-317,-180,-4,-12,12,0,-133,0,0,0
2025-10-01,138700,141500,137100,139600,1006,140437600,1.6752,-359,-55,419,-83,383,0,0,0,119,-5,0,0
2025-10-02,141400,141700,138200,138200,998,137923600,-1.0029,5,-154,151,-60,0,6,-18,0,223,-2,0,0
2025-10-10,136900,141400,135900,138000,936,129168000,-0.1447,293,3,-298,0,-15,-5,-12,0,-266,2,0,0
2025-10-13,139300,141200,135000,138700,761,105550700,0.5072,220,-56,-180,41,16,-2,-5,0,-230,16,0,0
2025-10-14,135500,138500,135000,136500,839,114523500,-1.5862,291,-59,-230,116,3,-3,-12,0,-334,-2,0,0
2025-10-15,134700,137800,134700,135800,1240,168392000,-0.5128,-122,342,-260,-268,-5,-18,-30,0,61,40,0,0
2025-10-16,134100,138800,133700,138800,803,111456400,2.2091,-218,58,169,0,-6,-4,-18,0,197,-9,0,0
2025-10-17,137100,138900,135800,137100,637,87332700,-1.2248,-106,84,22,87,39,5,-4,0,-105,0,0,0
2025-10-20,135800,138400,135500,138400,884,122345600,0.9482,-275,113,154,0,0,4,-7,0,157,8,0,0
2025-10-21,137100,140800,137100,138900,794,110286600,0.3613,-123,92,40,-89,-2,10,-19,0,140,-9,0,0
2025-10-22,137100,140700,137100,140000,626,87640000,0.7919,-110,-78,195,1,7,14,-2,0,175,-7,0,0
2025-10-23,138600,141700,138200,139000,1148,159572000,-0.7143,-90,207,-62,124,1,1,0,0,-188,-55,0,0
2025-10-24,137800,141000,137800,140600,977,137366200,1.1511,-203,51,167,0,-5,3,-2,0,171,-15,0,0
2025-10-27,139200,141800,139100,140700,1125,158287500,0.0711,-114,-216,385,-1,-14,-43,-17,0,460,-55,0,0
2025-10-28,139300,140400,138800,140000,741,103740000,-0.4975,301,-56,-245,-7,-18,0,-1,0,-219,0,0,0
2025-10-29,139800,141000,137600,140900,1075,151467500,0.6429,-47,-48,109,-4,-27,0,-4,0,144,-14,0,0
2025-10-30,138900,139200,137000,137300,931,127826300,-2.555,175,-73,-101,0,0,-25,-10,0,-66,-1,0,0
2025-10-31,137900,141400,136100,140500,1420,199510000,2.3307,59,-193,137,45,-37,-3,26,0,106,-3,0,0
2025-11-03,138800,140400,138200,139200,1378,191817600,-0.9253,-205,-37,165,13,-12,136,-11,0,39,77,0,0
2025-11-04,137900,138900,136500,136700,700,95690000,-1.796,315,-57,-258,-102,21,-1,-15,0,-161,0,0,0
2025-11-05,138100,139800,136600,137500,1520,209000000,0.5852,-676,472,-4,0,-3,-3,-1,0,3,208,0,0
2025-11-06,138900,139900,136200,139900,850,118915000,1.7455,-198,127,75,4,-19,-35,-4,0,129,-4,0,0
2025-11-07,141200,141200,137100,139000,821,114119000,-0.6433,150,-246,89,97,16,10,26,0,-60,7,0,0
2025-11-10,139000,139900,136600,136600,558,76222800,-1.7266,38,-119,76,-5,1,0,-4,0,84,5,0,0
2025-11-11,135300,140000,135300,137900,1190,164101000,0.9517,-339,58,282,315,-14,0,-4,0,-15,-1,0,0
2025-11-12,138000,139800,136700,138500,457,63294500,0.4351,-108,47,61,0,-23,-38,2,0,120,0,0,0
2025-11-13,136300,139600,136000,136800,1235,168948000,-1.2274,-247,330,-83,0,-10,-12,-1,0,-60,0,0,0
2025-11-14,138100,139600,135400,137900,639,88118100,0.8041,-181,117,66,10,0,-2,8,0,50,-2,0,0
2025-11-17,136600,138000,135800,136900,428,58593200,-0.7252,-51,27,26,0,12,-15,-8,0,37,-2,0,0
2025-11-18,136000,139000,135300,135300,739,99986700,-1.1687,56,-34,-23,0,3,-1,4,0,-29,1,0,0
2025-11-19,136600,139900,134700,134700,960,129312000,-0.4435,-298,170,138,100,1,0,1,0,36,-10,0,0
2025-11-20,134400,138700,134400,136500,1144,156156000,1.3363,-273,160,125,0,2,-1,-5,0,129,-12,0,0
2025-11-21,137800,138900,135300,137200,1652,226654400,0.5128,-446,363,77,0,-5,1,3,0,78,6,0,0
2025-11-24,138500,141400,135800,135900,2551,346680900,-0.9475,-333,-264,653,197,41,12,-1,0,404,-56,0,0
2025-11-25,136800,139400,134300,134300,2338,313993400,-1.1773,48,56,-105,4,-11,-10,-1,0,-87,1,0,0
2025-11-26,139200,139800,135700,138600,3341,463062600,3.2018,-557,814,-249,106,11,5,0,0,-371,-8,0,0
2025-11-27,137400,139500,135600,136200,1024,139468800,-1.7316,278,-162,-121,3,3,0,-6,0,-121,5,0,0
2025-11-28,135100,137300,132800,132800,1772,235321600,-2.4963,1123,-375,-749,-158,-35,-5,-30,0,-521,1,0,0
2025-12-01,134500,135800,133500,135700,635,86169500,2.1837,-224,156,68,0,64,-5,0,0,9,0,0,0
2025-12-02,134400,137300,134400,135200,544,73548800,-0.3685,-232,94,144,0,5,-4,37,0,106,-6,0,0
2025-12-03,134200,138300,134200,138300,1066,147427800,2.2929,-534,235,302,100,27,4,6,0,165,-3,0,0
2025-12-04,136400,138900,135400,138800,830,115204000,0.3615,-123,104,11,95,-3,5,0,0,-86,8,0,0
2025-12-05,137500,139900,136600,138700,1361,188770700,-0.072,-100,101,5,-6,10,-20,-27,0,48,-6,0,0
2025-12-08,141900,141900,115500,138200,972,134330400,-0.3605,48,133,-182,0,0,3,-3,0,-182,1,0,0
2025-12-09,138800,140000,136200,138700,1160,160892000,0.3618,-33,206,-170,-84,20,3,0,0,-109,-3,0,0
2025-12-10,141900,143300,137900,140000,1632,228480000,0.9373,-798,778,24,97,-9,-9,0,0,-55,-4,0,0
2025-12-11,144800,144800,137300,137300,4049,555927700,-1.9286,858,765,-1627,-4,-1085,-23,-410,0,-105,4,0,0
2025-12-12,141200,141800,138600,140100,1025,143602500,2.0393,-394,-162,529,0,21,142,1,0,365,27,0,0
2025-12-15,140100,141800,140100,140100,1199,167979900,0.0,-544,280,-144,0,-24,63,0,0,-183,408,0,0
2025-12-16,141000,141900,138500,140800,1561,219788800,0.4996,-230,-490,75,0,-1,54,-2,0,24,645,0,0
2025-12-17,141800,142500,141500,142400,1053,149947200,1.1364,-853,514,327,0,159,-51,80,0,139,12,0,0
2025-12-18,142400,144000,139300,141000,2529,356589000,-0.9831,-366,-467,265,0,24,-24,182,0,83,568,0,0
2025-12-19,142300,147500,142200,146900,2740,402506000,4.1844,-1806,1394,560,140,39,76,15,0,290,-148,0,0
2025-12-22,149200,149200,145700,145700,2182,317917400,-0.8169,-553,-709,653,442,-11,18,-4,0,208,609,0,0
2025-12-23,145800,147300,143600,145600,1479,215342400,-0.0686,-139,-364,-76,-273,5,21,-3,0,174,579,0,0
2025-12-24,145600,147900,145600,146200,1399,204533800,0.4121,-520,-72,522,0,32,19,4,0,467,70,0,0
2025-12-26,146200,147400,145600,146800,1919,281709200,0.4104,-530,-203,-61,1,51,11,102,0,-226,794,0,0
2025-12-29,143700,143700,139900,140300,1228,172288400,-4.4278,710,-740,17,0,-1,-17,-8,0,43,13,0,0
2025-12-30,140300,141800,138300,140300,1445,202733500,0.0,127,149,-271,4,-265,-3,1,0,-8,-5,0,0
2026-01-02,139100,139100,137600,137800,817,112582600,-1.7819,393,-170,-251,-97,-3,-139,-2,0,-10,28,0,0
2026-01-05,137800,139100,136200,136200,1038,141375600,-1.1611,439,-96,-255,0,1,-102,-15,0,-139,-88,0,0
2026-01-06,138700,138700,135700,135700,1015,137735500,-0.3671,129,-115,-4,25,11,0,39,0,-79,-10,0,0
2026-01-07,134100,139500,134100,138200,1214,167774800,1.8423,259,255,-517,0,0,-209,-12,0,-296,3,0,0
2026-01-08,136200,138300,135900,135900,1446,196511400,-1.6643,382,362,-741,-15,-2,-4,1,0,-721,-3,0,0
2026-01-09,136000,138500,135100,137500,1499,206112500,1.1773,37,30,-76,-52,-5,2,4,0,-25,9,0,0
2026-01-12,137500,138400,133200,136300,3765,513169500,-0.8727,-49,51,-6,-11,2,0,-63,0,66,4,0,0
2026-01-13,137500,140100,136700,138900,1886,261965400,1.9076,-488,399,91,-162,-7,-3,-12,0,275,-2,0,0
2026-01-14,138900,139000,136200,138700,1984,275180800,-0.144,-123,-443,-49,-116,0,0,1,0,66,615,0,0
2026-01-15,138500,138500,134900,136300,2424,330391200,-1.7304,-244,-292,-75,0,-10,-22,-53,0,10,611,0,0
2026-01-16,136300,136600,132800,134700,3349,451110300,-1.1739,-265,-400,66,0,30,2,-9,0,43,599,0,0
2026-01-19,134600,137600,132300,137600,3272,450227200,2.1529,-862,-110,413,-58,-3,-1,2,0,473,559,0,0
2026-01-20,137600,137900,132900,137900,4063,560287700,0.218,-418,-189,-412,-62,-38,-39,-2,0,-271,1019,0,0
2026-01-21,137900,138100,135000,137500,3136,431200000,-0.2901,-451,-189,-357,-8,1,-38,-7,0,-305,997,0,0
2026-01-22,137500,137700,134700,137400,2384,327561600,-0.0727,-240,-108,-248,-100,1,-42,-7,0,-100,596,0,0
2026-01-23,137000,137200,134800,137100,2398,328765800,-0.2183,-1056,-29,592,-91,16,1,-1,0,667,493,0,0
2026-01-26,137100,137700,134800,137100,2853,391146300,0.0,100,289,-789,-119,-4,2,1,0,-669,400,0,0
2026-01-27,136900,136900,134100,136800,2401,328456800,-0.2188,22,-593,82,-62,-4,-7,-14,0,169,489,0,0
2026-01-28,136600,136600,134100,135200,2627,355170400,-1.1696,-225,-155,-156,0,-2,-17,-6,0,-131,536,0,0
2026-01-29,135000,135000,132000,132000,3074,405768000,-2.3669,-583,78,53,0,2,-25,-6,0,82,451,1,0
2026-01-30,132000,134900,130700,134900,4057,547289300,2.197,-556,-4,83,0,-44,-39,-8,0,174,477,0,0
2026-02-02,134600,134600,129700,132000,3477,458964000,-2.1497,967,-518,-949,0,-174,-21,-83,0,-671,500,0,0
2026-02-03,132000,132700,130100,132000,2393,315876000,0.0,-190,-208,-307,-60,6,2,-3,0,-252,705,0,0
2026-02-04,132000,133400,130700,133300,2905,387236500,0.9848,-1356,578,270,0,3,163,-4,0,108,508,0,0
2026-02-05,133300,133300,130800,132800,4582,608489600,-0.3751,6,-5,-501,0,-5,-10,5,0,-491,500,0,0
2026-02-06,132800,136800,130000,136800,3974,543643200,3.012,-1940,1272,175,-98,244,8,-70,0,91,493,0,0
2026-02-09,136800,143000,136800,142700,4174,595629800,4.3129,-2648,1888,386,-46,-4,-17,-5,0,458,374,0,0
2026-02-10,142600,143500,140100,142100,1560,221676000,-0.4205,-224,-74,306,102,-8,2,-4,0,214,-8,0,0
2026-02-11,142300,143600,140800,141300,1705,240916500,-0.563,-589,56,534,209,0,-18,-1,0,344,-1,0,0
2026-02-12,142400,145100,141700,144900,3291,476865900,2.5478,-1895,1346,512,-8,7,7,-2,0,508,42,-5,0
2026-02-13,144900,145100,138600,140500,3705,520552500,-3.0366,-78,-1019,827,0,-10,-11,-5,0,853,270,0,0
2026-02-19,137300,141700,137300,138500,2298,318273000,-1.4235,-471,97,49,11,-29,2,-3,0,68,325,0,0
2026-02-20,137400,141900,137400,140600,2789,392133400,1.5162,-577,338,-148,-30,19,11,2,0,-150,384,3,0
2026-02-23,140300,144400,140300,143500,1445,207357500,2.0626,-421,313,111,0,2,5,-6,0,110,0,-3,0
2026-02-24,143500,144500,141200,143100,1796,257007600,-0.2787,-196,-159,355,0,-17,9,0,0,363,0,0,0
2026-02-25,141600,141700,136100,136100,3554,483699400,-4.8917,816,-484,-364,0,3,7,-9,0,-365,0,32,0
2026-02-26,137100,137200,133500,133900,3044,407591600,-1.6165,36,437,-442,-144,-11,6,0,0,-293,0,-31,0
2026-02-27,134900,134900,131100,131200,5243,687881600,-2.0164,181,-148,-36,0,12,-3,-16,0,-29,0,3,0
2026-03-03,130900,132500,129600,132400,2733,361849200,0.9146,-737,751,69,0,-1,237,2,0,-169,-80,-3,0
2026-03-04,132500,133000,124600,125000,4930,616250000,-5.5891,882,-981,-501,0,-22,-4,5,0,-480,600,0,0
2026-03-05,126300,131500,124700,128600,1877,241382200,2.88,412,7,-419,-200,2,-4,-7,0,-210,0,0,0
2026-03-06,126100,129900,124100,128900,3061,394562900,0.2333,7,-142,134,0,-7,-11,2,0,150,0,1,0
2026-03-09,123400,124600,122000,124600,1579,196743400,-3.3359,378,247,-624,0,-50,-42,-6,0,-526,0,-1,0
2026-03-10,123800,126600,122000,123400,2250,277650000,-0.9631,481,-644,-351,0,-58,-2,-5,0,-286,514,0,0
2026-03-11,124300,130400,124100,127400,1663,211866200,3.2415,11,-56,188,-50,-28,0,-3,0,269,-143,0,0
2026-03-12,130500,130500,125200,125200,2252,281950400,-1.7268,395,-236,-159,-395,539,1,-5,0,-299,0,0,0
2026-03-13,122000,126400,122000,123400,1501,185223400,-1.4377,-128,617,-489,5,5,-14,6,0,-491,0,0,0
2026-03-16,122200,127200,122200,122200,808,98737600,-0.9724,80,134,-214,0,-9,-15,2,0,-192,0,0,0
2026-03-17,121700,125900,121700,125900,1282,161403800,3.0278,-186,238,-52,-147,-7,-1,-3,0,106,0,0,0
2026-03-18,129900,129900,124700,126200,1539,194221800,0.2383,-23,-328,351,-145,-14,-8,-4,0,522,0,0,0
2026-03-19,123000,124600,121500,121500,1267,153940500,-3.7242,783,-469,-314,0,-2,-3,0,0,-309,0,0,0
2026-03-20,121700,123700,121600,122300,718,87811400,0.6584,26,161,-187,-154,4,2,-1,0,-38,0,0,0
2026-03-23,119700,121200,119000,119000,2070,246330000,-2.6983,163,238,-401,0,70,-24,2,0,-449,0,0,0
2026-03-24,121900,128000,119700,125800,3953,497287400,5.7143,-475,-337,812,0,772,-6,-6,0,52,0,0,0
2026-03-25,127700,129000,125500,128500,2658,341553000,2.1463,-366,695,-330,0,-719,-1,-1,0,391,1,0,0
2026-03-26,129000,129000,123700,126800,2877,364803600,-1.323,181,-14,-167,0,0,2,0,0,-169,0,0,0
2026-03-27,126500,126500,121900,125800,1100,138380000,-0.7886,34,137,-171,0,-60,0,1,0,-112,0,0,0
2026-03-30,120000,125000,119400,124800,1252,156249600,-0.7949,-161,2,159,0,-31,1,1,0,188,0,0,0
2026-03-31,123500,126500,120700,122900,4507,553910300,-1.5224,-130,-155,284,0,208,-80,-1,0,157,1,0,0
2026-04-01,129200,129200,121400,121400,2913,353638200,-1.2205,258,-955,689,-100,76,135,-8,0,586,8,0,0
2026-04-02,121500,123300,119800,120800,1150,138920000,-0.4942,162,40,-206,0,-1,2,-4,0,-203,4,0,0
2026-04-03,119900,122200,119900,120400,1521,183128400,-0.3311,116,69,-185,-116,1,29,-50,0,-49,0,0,0
2026-04-06,120900,121100,119100,120900,629,76046100,0.4153,36,-204,168,0,32,12,0,0,124,0,0,0
2026-04-07,119400,121500,119100,120600,754,90932400,-0.2481,-119,311,-192,-23,-8,-5,3,0,-159,0,0,0
2026-04-08,124800,125000,121500,121600,2073,252076800,0.8292,-445,169,276,0,23,0,-5,0,258,0,0,0
2026-04-09,122900,123800,120400,120400,1903,229121200,-0.9868,-131,482,-351,21,48,1,0,0,-421,0,0,0
2026-04-10,120800,129300,120800,125600,3213,403552800,4.3189,-1311,587,724,25,1,0,409,0,289,0,0,0
2026-04-13,126800,126800,121900,123500,1474,182039000,-1.672,27,140,-168,9,23,0,-2,0,-198,0,1,0
2026-04-14,122400,123700,122300,123400,1439,177572600,-0.081,374,-483,94,23,13,0,0,0,57,15,0,1
2026-04-15,122700,123700,122000,123600,1917,236941200,0.1621,-117,16,101,4,-213,14,-6,0,302,0,0,0
2026-04-16,123500,125700,122300,125000,1381,172625000,1.1327,-269,187,72,-42,0,2,-1,0,113,10,0,0
2026-04-17,124600,125900,123900,125800,1671,210211800,0.64,-502,499,3,-162,1,4,-6,0,166,0,0,0
2026-04-20,127000,128700,122900,123100,991,121992100,-2.1463,329,-325,-20,0,1,-1,-2,0,-18,16,0,0
2026-04-21,123000,124000,121800,121800,784,95491200,-1.0561,304,-199,-105,-70,3,1,1,0,-40,0,0,0
2026-04-22,120800,121800,119100,119900,1897,227450300,-1.5599,141,128,-236,-163,10,0,-1,0,-82,-33,0,0
2026-04-23,123800,123800,119800,120700,1336,161255200,0.6672,56,-373,317,0,-13,-23,-5,0,358,0,0,0
2026-04-24,119900,123100,119900,121400,3623,439832200,0.58,-571,293,278,-43,-315,57,-1,0,580,0,0,0
2026-04-27,121100,122100,120200,120600,2639,318263400,-0.659,219,178,-397,0,1,-1,0,0,-397,0,0,0
2026-04-28,120200,122400,119850,121700,3074,374105800,0.9121,-620,668,-49,0,-97,-15,0,0,63,1,0,0
2026-04-29,122000,122900,120100,121400,3555,431577000,-0.2465,464,32,-443,10,-5,-21,2,0,-429,-98,45,0
2026-04-30,120200,123000,120200,122500,2543,311517500,0.9061,-347,248,141,0,28,-28,9,0,132,0,-42,0
2026-05-04,123200,123200,120200,120300,1732,208359600,-1.7959,825,-627,-197,-177,-2,-3,-2,0,-13,0,-1,0
2026-05-06,120700,120700,119100,119100,3352,399223200,-0.9975,1675,-1109,-568,-189,-5,-4,-24,0,-346,0,2,0
2026-05-07,119100,120100,118000,118800,2225,264330000,-0.2519,1157,-78,-1082,-881,-9,-22,-6,0,-164,0,3,0
2026-05-08,119800,119800,117700,119400,1489,177786600,0.5051,377,-133,-254,-207,-4,-1,-1,0,-41,0,10,0
2026-05-11,118500,119100,114500,115100,3389,390073900,-3.6013,958,-822,-125,0,-7,-70,-16,0,-32,0,-11,0
2026-05-12,116000,116000,111100,111600,2883,321742800,-3.0408,520,-342,-170,0,-27,-9,-1,0,-133,-8,0,0
2026-05-13,114100,114100,109200,109300,1282,140122600,-2.0609,298,-139,-94,0,4,-1,-2,0,-95,-69,4,0
2026-05-14,110000,111900,107000,108800,3971,432044800,-0.4575,-587,266,320,-234,78,-13,-19,0,508,0,1,0
2026-05-15,111400,113100,108100,109600,4395,481692000,0.7353,-1008,1181,-170,0,-14,1,0,0,-157,-11,8,0
2026-05-18,114300,114300,106200,111800,2242,250655600,2.0073,347,-231,-175,100,-17,4,21,0,-283,5,54,0
2026-05-19,113700,113700,109100,111200,2075,230740000,-0.5367,-10,4,34,0,-67,11,2,0,88,11,-39,0
2026-05-20,111300,113800,108000,109700,3019,331184300,-1.3489,-506,-109,632,1,-52,-33,3,0,713,1,-18,0
2026-05-21,110100,110100,106200,106200,2322,246596400,-3.1905,271,-466,185,217,14,-62,-8,0,24,10,0,0
2026-05-22,107200,107200,104600,105400,2954,311351600,-0.7533,-273,429,-130,-178,-6,-106,-16,0,176,-27,1,0
2026-05-26,106200,106200,102000,102000,2759,281418000,-3.2258,1223,-721,-507,-243,2,-1,-6,0,-259,10,-5,0
2026-05-27,102000,103500,100000,100700,2698,271688600,-1.2745,-423,-367,-136,50,-60,-21,-8,0,-97,936,-10,0
2026-05-28,100000,100400,97300,99000,2041,202059000,-1.6882,554,439,-978,-261,9,8,-66,0,-668,-30,15,0
2026-05-29,100000,101600,98900,100400,1860,186744000,1.4141,-393,258,157,5,20,20,-1,0,113,-7,-15,0
2026-06-01,99500,101800,98100,98500,1414,139279000,-1.8924,-354,220,129,0,-5,-16,-31,0,181,0,5,0
2026-06-02,101900,101900,95600,100000,3007,300700000,1.5228,543,-260,-281,-223,1,-1,-1,0,-57,0,-2,0
2026-06-04,102000,103600,98500,98500,2678,263783000,-1.5,-58,49,-5,15,87,37,99,0,-243,3,11,0
2026-06-05,102900,102900,96100,96200,1693,162866600,-2.335,191,25,-206,0,-11,-5,-4,0,-186,2,-12,0
2026-06-08,89600,97900,89600,96300,2247,216386100,0.104,36,52,-100,0,-9,-9,-1,0,-81,-2,14,0
2026-06-09,95600,99100,94400,95500,2341,223565500,-0.8307,-328,-368,718,758,2,0,-2,0,-40,-18,-4,0
2026-06-10,94800,98300,92600,98300,1448,142338400,2.9319,-339,326,11,49,-1,0,-1,0,-36,0,2,0
2026-06-11,93100,106900,93100,104900,7993,838465700,6.7141,-1860,32,1845,867,350,59,-25,0,594,-3,-14,0
2026-06-12,106900,111100,99600,99700,2643,263507100,-4.9571,91,-82,-19,241,6,2,-5,0,-262,-13,23,-1
2026-06-15,99500,107500,99500,104900,2185,229206500,5.2156,-109,363,-253,16,-51,-57,-3,0,-158,0,-1,0
2026-06-16,104900,105400,101700,101700,1387,141057900,-3.0505,286,248,-552,-265,-3,4,-1,0,-287,1,17,0
2026-06-17,103700,104300,100800,101400,1129,114480600,-0.295,28,-81,49,-279,-9,-10,-2,0,349,-15,19,0
2026-06-18,100400,104000,100200,101700,4172,424292400,0.2959,-659,-29,692,-283,-5,-5,-3,0,988,-45,41,0
2026-06-19,100600,108000,100600,107100,7929,849195900,5.3097,-942,-482,1444,2128,-8,-3,-3,0,-670,-27,7,0
2026-06-22,105400,108900,102600,102600,4659,478013400,-4.2017,-3,-52,62,274,0,-2,-4,0,-206,0,-7,0
2026-06-23,102500,104000,97600,97700,3726,364030200,-4.7758,-55,244,-147,-293,-24,-181,-7,0,357,5,-47,1
2026-06-24,104500,104500,94800,99900,6876,686912400,2.2518,-80,250,-161,246,-19,-5,-1,0,-382,0,-9,0
2026-06-25,99900,105000,99100,101600,5006,508609600,1.7017,-110,-286,435,-370,494,-1,-7,0,319,0,-39,0
2026-06-26,105900,105900,95600,97600,6227,607755200,-3.937,187,434,-625,-112,-31,-2,4,0,-484,0,4,0
2026-06-29,105000,105000,95000,101900,8187,834255300,4.4057,151,-154,-26,-1,-10,1,0,0,-15,10,19,-1
2026-06-30,101800,105600,98200,105600,7828,826636800,3.631,381,-1157,756,286,11,-117,13,0,563,-3,23,0
2026-07-01,105700,106900,101900,106300,10452,1111047600,0.6629,898,333,-1181,-146,-597,-4,1,0,-435,0,-50,0
2026-07-02,106200,107200,101600,105200,1399,147174800,-1.0348,112,-363,250,2,3,57,3,0,185,0,1,0
2026-07-03,106000,109500,101300,109300,5517,603008100,3.8973,-1080,-345,1425,236,7,0,4,0,1178,0,0,0
2026-07-06,109300,109300,102600,103600,1224,126806400,-5.215,79,-9,-103,-1,-7,-1,-4,0,-90,0,33,0
