date,open,high,low,close,volume,trading_value,change_rate,individual_net,foreign_net,institution_net,pension_net,trust_net,privateequity_net,insurance_net,bank_net,financial_net,other_corp_net,other_foreign_net,other_finance_net
2018-01-05,74059,76060,62383,71724,1921824,137840904576,0.0,-116303,5125,119858,33412,101758,-27648,29275,-2795,-14084,-8724,44,-60
2018-01-08,72724,72724,66586,67387,799820,53897470340,-6.0468,82680,21512,-103039,-35394,-41806,-31427,2566,0,3405,147,-1300,-383
2018-01-09,68388,79730,67720,77395,1172606,90753841370,14.8515,-55182,89269,-30078,-34087,-5486,7780,10726,0,-9015,-1443,-2566,4
2018-01-10,77395,80731,74726,76061,536183,40782615163,-1.7236,-11675,11027,1490,-1818,-6858,-135,-5763,0,16000,44,-886,64
2018-01-11,76394,78729,74726,76061,291102,22141509222,0.0,4462,5430,-9285,405,-4172,-11054,-3755,-361,9652,-587,-20,0
2018-01-12,76060,80397,72724,79063,545550,43132819650,3.9468,-38651,71,40338,-3095,-7475,20800,21299,-203,7522,-2538,780,1490
2018-01-15,79730,85735,79396,81398,699636,56948971128,2.9533,17810,11015,-18525,-30612,5031,-3305,17732,0,-5971,-7720,-2580,-1400
2018-01-16,81398,81398,78729,80064,275456,22054109184,-1.6389,2749,5073,-3056,-471,1412,-779,14,0,-3232,-5741,975,0
2018-01-17,80397,80397,74726,75060,338784,25429127040,-6.25,31559,5267,-38134,-18045,-22370,1905,-11338,-277,12313,856,452,-322
2018-01-18,76394,76728,73725,74393,217927,16212243311,-0.8886,2361,3629,-7092,-951,-853,34,-13608,515,7771,1098,4,0
2018-01-19,74392,76728,74059,74059,164717,12198776303,-0.449,1435,11189,-14782,339,-6440,572,-7208,44,-2089,2141,17,0
2018-01-22,73725,74059,71724,73058,167437,12232612346,-1.3516,13588,-88,-14029,-15897,-2748,3911,-4418,0,5025,494,35,98
2018-01-23,73725,75727,72724,74059,149658,11083521822,1.3701,-3886,-1431,11400,-2177,3756,3904,38,0,3931,-6153,70,1948
2018-01-24,74392,77395,74392,76728,202573,15543021144,3.6039,-28175,820,25168,-5535,4594,3534,5124,10182,7269,1915,272,0
2018-01-25,77395,77395,75727,76728,120718,9262450704,0.0,-18038,-839,21528,2358,4109,1823,7717,0,5521,-2491,-160,0
2018-01-26,76728,77395,74392,75060,169736,12740384160,-2.1739,20897,3351,-23229,-6928,-20671,2474,-200,937,1159,-842,-177,0
2018-01-29,75393,75393,74059,74726,154047,11511316122,-0.445,-4846,-999,5025,-2230,1523,-255,-2961,0,7148,854,-34,1800
2018-01-30,74726,78062,74726,77062,298374,22993297188,3.1261,-36660,14605,20600,-1195,2418,724,13628,0,5025,671,784,0
2018-01-31,76394,78062,75393,76728,216751,16630870728,-0.4334,3881,-672,-2366,-1783,-4563,-1,5808,0,-1836,-999,156,9
2018-02-01,77061,77728,74726,74726,155838,11645150388,-2.6092,19395,-1986,-17597,-5553,-5741,-2460,-6348,0,3122,750,-562,-617
2018-02-02,75060,75727,72057,72725,187247,13617538075,-2.6778,14191,3064,-17379,-15,-1540,-4036,-6794,95,-3389,202,-78,-1700
2018-02-05,70723,71724,67720,68388,202451,13845218988,-5.9636,-7299,1933,3602,-5974,1433,1569,-304,-2000,8883,1649,115,-5
2018-02-06,65519,69055,63984,67721,283808,19219761568,-0.9753,-2472,-15050,25019,-1375,18978,2633,17034,-9885,-2346,-7476,-21,-20
2018-02-07,69388,69388,66119,66186,191263,12658932918,-2.2667,-4305,8967,-5079,-2422,3627,1110,1132,0,-6775,402,15,-1751
2018-02-08,66052,67720,65519,66720,174783,11661521760,0.8068,5348,-6354,573,-1603,6826,223,424,0,-5297,561,-128,0
2018-02-09,64985,68054,64384,67054,164931,11059283274,0.5006,10536,-2310,-8713,-10788,2711,-11823,9891,0,1296,370,117,0
2018-02-12,65919,68721,65852,68722,259819,17855281318,2.4875,19662,-5008,-21818,-2708,-2840,3399,-200,0,-19660,1943,5221,191
2018-02-13,76728,77728,70389,71390,889649,63512042110,3.8823,-64625,4354,65103,-3667,9405,11498,-13697,601,60182,45,-4877,781
2018-02-14,71724,73058,68721,70056,230844,16172007264,-1.8686,-29999,-4115,32050,9155,15507,2712,3974,-527,1202,1662,402,27
2018-02-19,72724,74059,72057,73058,177608,12975685264,4.2851,-37848,6860,30985,16186,1765,9199,94,0,3894,43,-40,-153
2018-02-20,72724,75393,72391,73058,162890,11900417620,0.0,-17607,-1057,18119,3921,6388,3708,1343,-46,2963,586,-41,-158
2018-02-21,73725,76060,72724,75394,181676,13697280344,3.1975,-38944,-341,40045,14908,18842,1853,1378,1800,1264,-579,-181,0
2018-02-22,75060,75393,73725,74059,106599,7894615341,-1.7707,-2266,-1540,6961,1713,7794,-1082,-84,0,-1380,-3002,-153,0
2018-02-23,74726,75727,74392,75727,146671,11106954817,2.2523,-8920,3341,251,-390,-161,-1005,1566,33,208,2363,2965,0
2018-02-26,75727,76060,72724,73392,228633,16779833136,-3.0834,-3101,9206,-3859,7159,-12345,2848,-8309,0,6788,-1994,-252,0
2018-02-27,73725,74392,71724,72725,135706,9869218850,-0.9088,-10346,3705,6662,10306,-5379,-153,1133,-468,1304,-50,29,-81
2018-02-28,72057,73392,71724,72725,109382,7954805950,0.0,-23876,11103,14841,7297,3304,3266,1002,-15,456,-2006,-62,-469
2018-03-02,71390,72057,70389,71057,125159,8893423063,-2.2936,8023,4375,-12746,-16854,2130,1251,218,0,518,48,300,-9
2018-03-05,70723,71390,69388,69722,118161,8238421242,-1.8788,-10699,1411,9292,2971,-3862,5014,-384,0,5438,0,-4,115
2018-03-06,70723,71390,69722,70056,116697,8175325032,0.479,-9297,3497,5900,-13280,11064,-11826,1121,-146,18967,0,-100,0
2018-03-07,70056,71724,69722,70723,96980,6858716540,0.9521,-4971,3237,1733,-3181,6743,-1333,921,0,-1417,1,0,0
2018-03-08,71390,73058,70723,72725,114084,8296758900,2.8308,-7962,507,7558,9349,2274,-11777,3470,-1,4246,-103,0,-3
2018-03-09,72724,73392,72057,72725,96148,6992363300,0.0,-1593,570,2019,-322,-4374,1053,532,0,4939,-996,0,191
2018-03-12,73392,73392,72391,73058,108991,7962664478,0.4579,5348,633,-6308,484,-4925,-1407,-1340,-90,789,180,147,181
2018-03-13,73058,73725,71724,73726,114014,8405796164,0.9143,-20846,4581,16283,16066,2063,-2055,2245,27,-2063,-18,0,0
2018-03-14,73058,75393,72724,75394,147801,11143308594,2.2624,-27525,6133,20103,23616,-5436,-9,115,1211,606,1127,162,0
2018-03-15,75727,75727,73725,74726,101884,7613383784,-0.886,-3331,-3022,4122,13768,-9648,-21,197,250,-424,2631,-400,0
2018-03-16,74726,75393,73725,73726,74754,5511313404,-1.3382,5068,-2632,-3863,-5393,2152,-1106,-13,0,514,1456,-29,-17
2018-03-19,74392,74726,73392,73726,73846,5444370196,0.0,2819,-6442,865,-1224,2242,2,293,0,-448,2754,4,0
2018-03-20,73058,73392,71056,72058,91040,6560160320,-2.2624,-5502,-6134,7490,2141,239,-998,-198,1250,5056,4146,0,0
2018-03-21,72724,73392,72057,72725,53305,3876606125,0.9256,-946,1163,-355,548,-810,-2046,603,0,1350,138,0,0
2018-03-22,73058,75060,72057,73726,140339,10346633114,1.3764,-20390,7761,12188,2527,1731,-3647,972,-1014,11619,441,0,0
2018-03-23,71390,72724,70056,70056,133659,9363614904,-4.9779,12938,-3290,-11671,-3205,-3593,556,-2643,-320,-2466,2009,14,0
2018-03-26,70056,70723,68054,70056,90528,6342029568,0.0,-5856,23,7831,16445,-1712,-812,-1148,-492,-4450,-2003,5,0
2018-03-27,70389,71056,69722,69722,122011,8506850942,-0.4768,-11056,-13918,24455,15961,-1430,2796,-45,1000,6173,499,20,0
2018-03-28,69055,70056,66720,68054,134038,9121822052,-2.3924,-14525,-4662,18931,3420,159,-370,-2363,-10,18095,216,40,0
2018-03-29,68054,69722,67720,69389,66031,4581825059,1.9617,-4160,-4510,6197,6361,29,1069,-4585,0,3323,2622,-149,0
2018-03-30,70056,70723,68721,70056,76325,5347024200,0.9612,-9763,-7480,19043,2694,165,-10,-5230,0,21427,-1800,0,-3
2018-04-02,69722,70723,68388,69055,114594,7913288670,-1.4289,22462,-8490,-12556,-17729,129,3377,1355,43,272,-1423,7,-3
2018-04-03,67720,70389,67387,69389,81716,5670191524,0.4837,-7425,-349,7859,872,-175,451,577,-736,6870,0,-85,0
2018-04-04,69388,69722,68054,68722,117451,8071467622,-0.9612,-4392,-7177,9846,1053,4247,1215,728,0,2603,1723,0,0
2018-04-05,68721,69055,67387,67721,124020,8398758420,-1.4566,16260,-6683,-10125,-5711,-509,-2588,-86,0,-1231,551,-3,0
2018-04-06,67387,68054,66720,67721,120790,8180019590,0.0,-514,2362,-2148,-1622,490,-26694,3670,0,22008,300,0,0
2018-04-09,67720,70723,67387,70056,125303,8778226968,3.448,-20853,-1504,23343,1423,8656,400,1359,0,8945,-896,-90,2560
2018-04-10,69722,70056,68721,69722,73651,5135095022,-0.4768,1157,-4579,3310,-75,2256,-509,1735,0,-97,112,0,0
2018-04-11,69388,72057,69388,71390,117245,8370120550,2.3924,-5975,-7927,11182,2665,827,1700,-1015,0,6029,2720,0,976
2018-04-12,71724,72057,70389,71057,81566,5795835262,-0.4665,-7276,-8261,16770,4502,1577,-225,5887,0,5029,-1155,-78,0
2018-04-13,71056,72391,70056,71057,107632,7648007024,0.0,-2431,-5996,9097,910,2428,-49,-3274,0,9082,-772,102,0
2018-04-16,71724,72057,70723,71390,62824,4485005360,0.4686,-2727,3985,655,-1514,-529,-996,-1070,0,4764,-599,-1314,0
2018-04-17,71056,71724,69055,70723,97699,6909566377,-0.9343,-13990,-2828,17819,1829,1907,667,-994,0,14410,-1013,12,0
2018-04-18,70389,71056,68054,69055,136595,9432567725,-2.3585,12642,7123,-19517,-25784,-5365,1000,-2503,-5000,18135,-246,-2,0
2018-04-19,68388,70056,68054,68388,99613,6812333844,-0.9659,474,900,-753,-8737,636,-1190,4347,0,4191,-616,-5,0
2018-04-20,68388,70056,68054,68722,113073,7770602706,0.4884,957,11420,14492,573,-3213,5284,-952,0,12800,-26429,-440,0
2018-04-23,68721,70723,68388,70723,84765,5994835095,2.9117,-20935,14697,6350,-926,1712,9,1201,0,4335,-109,-3,19
2018-04-24,71056,71390,69722,70056,61076,4278740256,-0.9431,2326,-4642,2316,-139,-2051,4220,-2309,0,3573,0,0,-978
2018-04-25,69722,70389,69388,70056,62056,4347395136,0.0,-27212,3500,23727,19969,2386,43,73,0,1256,0,-15,0
2018-04-26,70056,70723,69388,70056,67839,4752528984,0.0,3173,-1059,-2078,-3806,-3000,-759,3597,0,1890,-38,2,0
2018-04-27,70056,70389,68388,68388,71965,4921542420,-2.381,9971,2297,-12645,204,-186,-10551,-1329,3,-798,388,-11,12
2018-04-30,68721,69055,67053,67721,129667,8781178907,-0.9753,25035,2740,-27717,-14677,-3478,321,-3254,0,-6629,-48,-10,0
2018-05-02,67053,68388,66653,67054,150595,10097997130,-0.9849,18735,9599,-28393,-20880,-3154,-92,-3658,0,-609,59,0,0
2018-05-03,68721,69055,67720,68388,96923,6628370124,1.9894,-29283,2815,26468,10602,15584,1725,240,0,-1683,0,0,0
2018-05-04,68054,68054,66720,67054,96742,6486938068,-1.9506,-4978,-2104,7042,3108,462,-10418,229,0,14675,120,-80,-1014
2018-05-08,67053,67720,65852,65853,137067,9026273151,-1.7911,8353,216,-8517,-11972,-670,3518,3935,0,-3241,-52,0,-87
2018-05-09,65852,66719,65585,65652,84224,5529474048,-0.3052,475,203,-1394,215,386,-6760,4145,0,620,716,0,0
2018-05-10,65719,65852,64851,65185,104856,6835038360,-0.7113,-1443,2303,221,-2328,2847,-560,-3497,0,3759,-1101,20,0
2018-05-11,65318,66319,65052,65452,84228,5512891056,0.4096,-282,-3437,3988,542,1274,-999,3121,0,50,-270,1,0
2018-05-14,66052,66186,65385,65386,52481,3431522666,-0.1008,-5541,-1596,8047,3070,1241,111,1340,0,2285,-910,0,0
2018-05-15,65519,65719,63784,64518,111440,7189885920,-1.3275,16371,-10278,-6065,-5917,-6521,-5,5997,0,381,-38,10,0
2018-05-16,64451,65118,63584,64452,79409,5118068868,-0.1023,-11076,-3964,15137,9378,-1551,-37,5589,0,2311,-100,3,-553
2018-05-17,64518,64584,62916,63050,107593,6783738650,-2.1753,15217,-5260,-10211,-1657,-709,0,1854,-66,-9197,195,59,-436
2018-05-18,63384,63917,61382,62583,168790,10563384570,-0.7407,10052,16143,-24889,-19081,-593,-2420,5346,0,-7557,-471,-835,-584
2018-05-21,62850,63050,61048,61316,183053,11224077748,-2.0245,32886,9756,-42854,-9080,-645,-22164,-7453,0,-3591,164,48,79
2018-05-23,61048,62516,60048,60181,191268,11510699508,-1.8511,40325,-226,-40258,-7261,1375,-23236,-10854,0,-282,109,50,0
2018-05-24,60381,60648,58513,58647,196942,11550057474,-2.549,26889,6686,-34792,-814,-5683,-12257,-10480,-260,-5298,1162,55,0
2018-05-25,58246,58847,56178,56378,263368,14848161104,-3.8689,36616,-3766,-32860,722,-12718,-1083,-14600,1200,-5898,433,-423,-483
2018-05-28,56378,57379,54243,56779,299658,17014281582,0.7113,4160,6007,-13926,-2932,8069,-3565,-8063,0,-8291,3717,42,856
2018-05-29,56778,59781,56445,59114,232875,13766172750,4.1124,-32849,-11221,39889,31225,6088,3691,4185,0,-5874,4217,-36,574
2018-05-30,58646,59380,57646,58247,109565,6381832555,-1.4667,-562,-5584,6904,4547,8327,2375,819,0,-10064,-798,40,900
2018-05-31,58246,59314,57979,59314,102346,6070550644,1.8319,-7251,-4318,11870,222,6103,2022,2780,0,693,-302,1,50
2018-06-01,59380,59380,58179,58780,54348,3194575440,-0.9003,7220,-9215,1944,307,3417,-2244,457,0,-1297,0,51,1304
2018-06-04,58379,58646,56712,57179,108702,6215471658,-2.7237,26298,-6796,-19767,-4178,-1096,-1265,-10079,0,-3149,10,255,0
2018-06-05,56978,58380,56978,57646,100100,5770364600,0.8167,7814,16049,-21926,-17237,771,-5432,2499,0,-2541,-1937,0,14
2018-06-07,57912,58847,57579,58714,74967,4401612438,1.8527,-2229,14572,-7475,-6669,786,211,127,0,-1930,-4868,0,0
2018-06-08,58913,60448,58913,59181,106097,6278926557,0.7954,-24928,2089,17774,-83,-1661,18136,1386,0,-4,5000,65,0
2018-06-11,59714,60048,59514,59848,67211,4022443928,1.1271,-14933,-2882,7674,827,3829,3895,352,0,-1229,10111,30,0
2018-06-12,59914,60648,59113,60115,87262,5245755130,0.4461,1547,-7828,-8705,-1750,-12754,1831,-283,0,4251,15000,-14,0
2018-06-14,60448,61849,60114,60782,157690,9584713580,1.1095,-17108,20783,-8818,-3237,-9504,-2402,1968,0,6576,4998,145,-2219
2018-06-15,61115,64251,60715,64251,318207,20445117957,5.7073,-99612,58608,42810,6416,7768,26784,-1801,0,3643,-1664,-142,0
2018-06-18,64451,64518,60982,62050,147427,9147845350,-3.4256,-6482,-9950,6988,745,-10196,12870,724,0,2929,9411,33,-84
2018-06-19,61982,61982,58913,59181,137485,8136499785,-4.6237,25032,-14926,-21230,1211,1005,-14971,-7041,0,-1434,11184,-60,0
2018-06-20,59514,61715,59380,61382,74655,4582473210,3.7191,-22406,10390,10036,331,10529,-1548,1131,0,-507,1982,-2,100
2018-06-21,61182,62783,61048,61583,76932,4737703356,0.3275,-12889,13999,-3812,-2451,4128,-443,518,0,-5564,2712,-10,0
2018-06-22,60848,62183,60114,62050,73362,4552112100,0.7583,-5404,-1587,2055,-2355,4974,2350,-1141,0,-1773,4964,-28,0
2018-06-25,62049,62650,60915,61583,51652,3180885116,-0.7526,-410,2680,-7252,-2289,-6680,538,338,0,841,4982,0,0
2018-06-26,60314,63050,60314,61849,93428,5778428372,0.4319,-15491,14874,-3429,966,-521,-3047,-1647,0,820,4046,0,0
2018-06-27,61849,62316,60848,61249,43215,2646875535,-0.9701,214,-4497,1423,3714,-1089,398,-132,0,-1468,3060,-200,0
2018-06-28,61248,62383,60448,61916,64837,4014447692,1.089,-20168,11478,4080,286,60,-74,2944,0,864,4611,-1,0
2018-06-29,61382,62449,60648,61983,368396,22834289268,0.1082,-7126,5751,-3624,-2620,1221,1559,140,-410,-3593,4999,0,79
2018-07-02,62116,63317,61515,61716,103017,6357797172,-0.4308,-3368,5098,-4409,-15057,3155,9060,3078,0,-4672,2669,10,27
2018-07-03,61916,62249,60648,61049,72274,4412255426,-1.0808,-173,7371,-11856,-975,495,-2340,-4555,-76,-3863,4643,15,-542
2018-07-04,60515,62850,60515,61516,75423,4639721268,0.765,-10617,14357,-13740,-17484,350,5,3916,0,-537,10000,0,10
2018-07-05,61382,61982,60181,60448,42546,2571820608,-1.7361,519,-1719,-4807,95,-614,-13,-3868,-105,-302,6006,1,0
2018-07-06,60448,62583,60181,62583,83536,5227933488,3.532,-18582,16107,-2117,-1770,2061,-4748,618,-728,2450,4692,-100,0
2018-07-09,62049,62716,61649,61983,31607,1959096681,-0.9587,116,-1933,-2999,36,-19,-2474,-2976,0,2406,4796,20,28
2018-07-10,61782,62850,61782,62250,53345,3320726250,0.4308,-5546,-45,533,2270,-1106,1157,-1374,0,-414,4998,60,0
2018-07-11,61515,62850,61449,62717,48540,3044283180,0.7502,-13017,8069,8,2273,-172,560,-2064,0,-589,5000,-60,0
2018-07-12,62983,63117,62383,62717,47310,2967141270,0.0,-6460,1850,1230,-325,3369,429,-2445,0,202,3200,180,0
2018-07-13,62716,64051,62716,63451,68666,4356926366,1.1703,-14937,9935,16,1290,2053,9,1508,0,-4844,5166,-180,0
2018-07-16,63517,64584,62916,62984,65698,4137922832,-0.736,-251,-3486,-1263,2620,-5166,2923,33,0,-1696,5000,0,23
2018-07-17,62983,63717,62916,62984,69350,4367940400,0.0,-8252,-6894,10126,809,-7321,4728,11716,0,194,5000,20,0
2018-07-18,62983,63584,62583,62850,45072,2832775200,-0.2128,-9711,2726,2040,1650,1961,840,-911,0,-1500,4931,14,0
2018-07-19,62716,63183,62049,62183,51899,3227235517,-1.0613,-8108,-3671,6548,12013,-1603,-1508,-850,0,-1534,5000,231,30
2018-07-20,62183,62183,60781,61649,50294,3100574806,-0.8588,-1068,-2235,-1488,238,-1476,-2130,267,0,1613,4998,-207,0
2018-07-23,62183,62183,59714,59981,72519,4349762139,-2.7056,3180,-1596,-6596,598,-1733,-14573,5122,0,3990,5000,12,0
2018-07-24,60248,60781,59981,60315,34723,2094317745,0.5568,-6111,3612,-2181,-2348,-206,-2278,200,0,2451,4677,3,0
2018-07-25,59580,60181,57712,58447,113949,6659977203,-3.0971,-5581,-1,1204,-1491,-257,-5207,7533,-678,1288,4360,18,16
2018-07-26,58246,59847,57846,58980,56721,3345404580,0.9119,-16286,14472,-3182,-210,-678,-2695,264,0,137,5000,-4,0
2018-07-27,59047,59380,58446,58780,47701,2803864780,-0.3391,4023,-163,-8957,-7375,-1915,2004,-596,0,-1075,5102,-5,0
2018-07-30,58713,58780,57846,58113,50635,2942551755,-1.1347,6514,53,-11573,-6434,-1910,840,-516,-306,-2644,5000,6,-603
2018-07-31,58446,60048,58113,59848,57536,3443414528,2.9856,-15343,-1276,8626,789,7108,-1570,1401,0,868,7999,-6,30
2018-08-01,60114,61115,60047,60115,33689,2025214235,0.4461,-3260,212,-1154,-114,393,26,-43,0,-1431,4202,0,15
2018-08-02,59914,60581,58780,58980,28016,1652383680,-1.888,3230,-4785,-3445,-1132,-407,-31,-221,0,-1654,5000,0,0
2018-08-03,59113,60048,58780,59247,30688,1818171936,0.4527,3918,1032,-9952,236,-4064,-2356,-2883,0,-893,5002,0,8
2018-08-06,59380,60381,59314,60048,38593,2317432464,1.352,-5083,-4428,4511,60,171,2328,-895,0,2847,5000,0,0
2018-08-07,59714,60048,59047,59381,45099,2678023719,-1.1108,10453,-7245,-13208,-2486,-10495,1566,-1259,0,-534,10000,0,0
2018-08-08,59113,59981,58580,58847,44421,2614042587,-0.8993,3018,-1889,-11129,-4818,-2297,-2847,84,0,-1251,10000,0,0
2018-08-09,58913,59314,58246,58380,52254,3050588520,-0.7936,5051,-5948,-9103,-9375,-1327,-344,-54,0,1997,10000,0,0
2018-08-10,58313,59047,58179,58714,44597,2618468258,0.5721,-4206,-939,-4567,-4326,-44,-2515,25,0,2293,10000,-288,0
2018-08-13,58446,58713,55644,57046,89903,5128606538,-2.8409,19574,-8639,-23151,-7468,-15289,-870,289,-25,212,12695,-479,0
2018-08-14,56378,56912,55444,56312,88704,4995099648,-1.2867,7548,-3976,-18718,-11705,-1973,-2609,2,0,-2164,15150,-4,-269
2018-08-16,56244,56645,54710,55111,94820,5225625020,-2.1328,6467,-5345,-16322,-7569,-6693,-4899,8415,22,-6446,15200,0,848
2018-08-17,54910,55511,54510,54710,92259,5047489890,-0.7276,19256,-881,-33395,-12975,-13573,-61,-255,7,-8049,15020,0,1511
2018-08-20,54777,55177,53442,54243,102848,5578784064,-0.8536,5097,2870,-19911,-7771,-10144,-193,-131,10,-2341,12006,-62,659
2018-08-21,54176,55444,53976,55044,82632,4548395808,1.4767,1850,3113,-14963,-6211,-3504,157,-1355,0,-4050,10000,0,0
2018-08-22,55044,55177,53442,53710,128683,6911563930,-2.4235,45445,2665,-63111,-24624,-9341,-7072,-4418,308,-17807,15000,1,-157
2018-08-23,54176,54243,53042,53243,101400,5398840200,-0.8695,13277,-2303,-30072,-16628,-8519,-1529,-3036,11,-1237,19093,5,866
2018-08-24,53709,54910,53242,54577,95343,5203534911,2.5055,-18207,10585,-7396,-2894,-5088,0,-726,0,1812,15019,-1,-500
2018-08-27,54977,55044,54376,54977,68408,3760866616,0.7329,5438,-3069,-17410,-6638,-8340,-132,-2139,0,212,15041,0,-373
2018-08-28,55110,55310,54777,55111,43540,2399532940,0.2437,-5068,-1637,-3295,-1442,57,-64,-631,0,-967,10000,0,-248
2018-08-29,54843,57112,54843,56845,80234,4560901730,3.1464,-24804,1219,13501,-518,6507,6165,174,0,2223,9978,106,-1050
2018-08-30,56845,58046,56178,57379,86061,4938094119,0.9394,-6488,-12192,3776,-1186,-1530,10856,159,0,-3423,14999,-95,-1100
2018-08-31,57379,58446,56778,57780,85097,4916904660,0.6989,-7673,1534,-8851,-12353,-6187,10663,67,0,-20,15000,-10,-1021
2018-09-03,58179,58980,57712,57846,97543,5642472378,0.1142,-923,-6909,-7148,-3333,-6690,8983,-1213,-272,-3399,14980,0,-1224
2018-09-04,57912,58913,57912,58780,68150,4005857000,1.6146,-15024,-2143,2167,-8155,-580,9236,-313,0,2529,15000,0,-550
2018-09-05,58847,59514,58513,58580,66566,3899436280,-0.3403,-18234,1357,4877,-573,725,6007,-261,0,-1021,12000,0,0
2018-09-06,58713,59580,58713,59381,65370,3881735970,1.3674,-14269,-9566,8822,-1484,-1188,10932,-259,-147,968,15006,7,0
2018-09-07,59647,60114,58847,60048,65049,3906062352,1.1233,-20388,-9382,14553,5538,313,5373,-210,0,3539,15234,-17,0
2018-09-10,60047,60715,59714,60515,55790,3376131850,0.7777,-15134,-1951,7200,-1039,4565,2719,-1037,-408,2400,9895,-10,0
2018-09-11,60048,60048,58713,59247,85231,5049681057,-2.0953,744,4304,-14974,-16658,-1100,5345,-1254,-180,-1020,9930,-4,-107
2018-09-12,59981,59981,57712,58980,77869,4592713620,-0.4507,768,1391,-7072,-2900,-4790,-3247,2708,-177,1334,4913,0,0
2018-09-13,59380,59380,57846,58113,60597,3521473461,-1.47,5925,-4524,-6401,-7924,105,117,-404,0,1705,5000,0,0
2018-09-14,57779,58446,57579,57780,42305,2444382900,-0.573,762,8787,-9549,-5826,-2551,-705,-549,0,82,0,0,0
2018-09-17,57779,58513,57379,57513,39750,2286141750,-0.4621,-1304,2693,-1389,-6854,1908,5060,-526,0,-977,0,0,0
2018-09-18,57245,57379,55777,56112,91184,5116516608,-2.436,15533,5,-15553,-9453,14,-2516,-3509,0,-89,15,0,0
2018-09-19,56111,56111,54843,55044,87038,4790919672,-1.9033,13097,7558,-22190,-13375,-1578,-7079,-1151,0,993,1532,3,0
2018-09-20,55044,56111,54710,55244,70686,3904977384,0.3633,3018,3568,-9953,-451,-3386,-7853,-1423,0,3160,3364,3,0
2018-09-21,56178,57512,55844,56312,105147,5921037864,1.9332,-9128,17857,-8520,-6950,-68,2248,-5693,0,1943,-214,5,0
2018-09-27,56578,57379,56511,56845,47656,2709005320,0.9465,-5255,5476,-25,4339,-4,-2,-4291,0,-67,-200,4,0
2018-09-28,57312,57379,56778,56845,32128,1826316160,0.0,-1780,-877,2655,-172,-52,-23,-680,0,3582,0,2,0
2018-10-01,57379,57512,56244,56712,38500,2183412000,-0.234,1411,-6839,1733,-518,86,2183,257,0,-275,3687,8,0
2018-10-02,56511,57512,55911,56112,44218,2481160416,-1.058,-2464,-4653,1535,384,994,-208,2,0,363,5574,8,0
2018-10-04,56311,56311,53976,53976,64988,3507792288,-3.8067,3504,-625,-4784,-2820,833,-1467,-3343,0,2013,1883,22,0
2018-10-05,53776,54243,52308,53376,73383,3916891008,-1.1116,5445,-4771,-591,977,1529,-371,-1776,0,-950,4,-87,0
2018-10-08,53042,53642,51774,51775,100261,5191013275,-2.9995,18278,3560,-32027,560,-5032,164,-15530,35,-12224,10164,25,0
2018-10-10,51708,52241,48371,48839,172341,8416962099,-5.6707,27007,24725,-60091,-9558,1325,-200,-12068,80,-39359,8349,10,-311
2018-10-11,46704,49306,46704,48172,123919,5969426068,-1.3657,-28507,34707,-7933,-2933,2253,100,2432,25,-9895,1710,23,85
2018-10-12,48972,49306,47704,48038,52609,2527231142,-0.2782,8579,-6729,-3867,-740,585,234,443,15,-4521,2017,0,117
2018-10-15,47771,48638,47771,47838,32743,1566359634,-0.4163,-1272,2845,-2476,133,1226,372,-132,0,-4075,900,3,0
2018-10-16,47571,48438,46637,47104,55052,2593169408,-1.5343,8112,-167,-8558,-3270,63,0,-1790,-119,-3554,612,1,112
2018-10-17,47571,47971,47304,47838,36728,1756994064,1.5583,-2916,2800,-1229,198,-13,-18,-32,-150,-1214,1345,0,0
2018-10-18,47838,47904,46704,47104,28495,1342228480,-1.5343,442,1051,-1493,126,-1350,0,76,10,-359,0,0,4
2018-10-19,46904,46970,45970,46571,66942,3117555882,-1.1315,2621,-1358,-1414,1064,30,-15,-3515,25,-528,150,1,1525
2018-10-22,46437,46503,43901,45036,202755,9131274180,-3.296,12786,12880,-30288,-22484,-7522,312,9510,68,-12197,4621,1,2025
2018-10-23,45036,45636,43101,43702,98825,4318850150,-2.9621,-3027,20299,-17372,-2716,273,2179,-11280,90,-6216,127,-27,298
2018-10-24,44302,44568,43701,44302,72527,3213091154,1.3729,-11849,10709,1238,671,970,-1,-2688,0,2286,-100,2,0
2018-10-25,43434,44101,42167,43835,55853,2448316255,-1.0541,-8062,1434,6713,766,169,832,-1298,10,6234,-100,15,0
2018-10-26,44035,44568,41366,42367,69723,2953954341,-3.3489,-4939,3622,1047,2605,-2715,568,-346,0,1164,260,10,-229
2018-10-29,41900,42700,38230,38698,203617,7879570666,-8.66,-13518,23629,-13620,-14779,2086,-1780,117,-433,4717,3500,9,-3548
2018-10-30,38630,40499,38297,40165,90357,3629188905,3.7909,-18562,14139,4427,3387,1155,-92,-680,-191,848,0,-4,0
2018-10-31,40165,40499,39031,40299,56030,2257952970,0.3336,-1872,3961,-2095,-632,4292,54,78,0,-5887,0,6,0
2018-11-01,40432,41966,40165,40566,54342,2204437572,0.6625,5875,-1271,-4916,-1596,3072,0,-2870,0,-3522,-87,399,0
2018-11-02,40565,43101,40565,43034,82561,3552930074,6.0839,-6144,-424,5962,40,8149,1108,-1213,0,-2122,1624,-1018,0
2018-11-05,43835,44568,42700,43368,79231,3436090008,0.7761,14361,-10443,-1406,2140,1142,20,-3465,0,-3991,-2000,-512,2748
2018-11-06,44101,44502,43368,44235,71183,3148780005,1.9992,-1493,-754,4047,6873,-1282,999,223,0,-4066,-1300,-500,1300
2018-11-07,44235,44835,42967,43101,90273,3890856573,-2.5636,25429,-13231,-12198,-11556,1643,-1,67,0,-2440,0,0,89
2018-11-08,44168,48171,43501,46704,207175,9675901200,8.3594,-32873,-19919,53213,18846,26337,-1869,9411,1345,2843,-415,-6,-3700
2018-11-09,46704,49239,46236,48505,160321,7776370105,3.8562,-21577,-20820,41737,24276,4729,-266,10340,0,2574,1265,-605,84
2018-11-12,48038,48505,46704,47304,76275,3608112600,-2.476,3619,-3041,-1019,9031,-3,-290,-10451,0,694,440,1,0
2018-11-13,46704,47304,46036,46837,76992,3606074304,-0.9872,-2706,6199,-3494,4859,952,23,-2039,0,-6589,0,1,-700
2018-11-14,48839,48839,46170,46637,36033,1680471021,-0.427,8424,-5974,-3154,-746,-1399,-1070,-18,0,379,700,4,-300
2018-11-15,46236,47237,46170,47104,25941,1221924864,1.0014,-1914,-1049,2467,711,-653,1500,-37,0,880,496,0,66
2018-11-16,47171,47437,46437,47171,22845,1077621495,0.1422,-3303,2375,823,1611,-358,408,-37,0,-801,104,1,0
2018-11-19,47237,47904,46503,47772,54676,2611981872,1.2741,-102,6260,-6685,-1079,-2956,-2000,-82,0,1980,517,10,-2548
2018-11-20,47371,48572,46036,48572,80865,3927774780,1.6746,1791,-8749,5881,-6338,1580,213,8066,0,924,1087,-10,1436
2018-11-21,48305,52842,47437,51908,227431,11805488348,6.8682,-44579,-166,45359,4383,7273,4718,17081,1251,8113,-577,-37,2540
2018-11-22,52041,53109,50974,52776,89309,4713371784,1.6722,-15270,-15921,31332,14595,6907,984,7652,0,1194,-106,-35,0
2018-11-23,52441,53309,51708,52375,60391,3162978625,-0.7598,-14251,-4494,19494,4194,1634,851,13086,0,-271,-743,-6,0
2018-11-26,52041,53376,52041,53243,73020,3887803860,1.6573,-22250,-1431,24806,12281,5209,1279,77,0,5960,-1125,0,0
2018-11-27,52975,53242,51974,52442,31728,1663879776,-1.5044,2661,-4577,2077,-226,-20,282,1095,0,946,-200,39,0
2018-11-28,52975,53376,52175,52575,37608,1977240600,0.2536,-3223,4858,-1235,2275,-1590,-1114,-1099,0,293,-400,0,0
2018-11-29,52842,53242,51040,52042,63582,3308934444,-1.0138,-7404,4879,6245,-43,4048,274,-96,0,2062,-3731,11,0
2018-11-30,52041,52308,51240,51841,55054,2854054414,-0.3862,-665,175,488,5248,-2736,-8901,5029,1202,551,0,2,95
2018-12-03,52508,52708,51841,52308,54279,2839225932,0.9008,-2685,10253,-8389,3057,3036,-6854,-4774,0,-2983,746,75,129
2018-12-04,51841,52308,50373,51108,85658,4377809064,-2.2941,3991,10059,-11038,-123,4206,-5486,-7497,0,-2138,-3030,18,0
2018-12-05,50173,51441,49839,50240,59594,2994002560,-1.6984,4752,7778,-12439,-2077,-1193,-4753,-6110,31,1594,-91,0,69
2018-12-06,50707,50707,49105,49239,51222,2522120058,-1.9924,-5741,3514,-6343,-3049,1487,-153,-5934,0,1306,2770,5800,0
2018-12-07,49239,49973,47638,48372,59239,2865508908,-1.7608,3661,7591,-12262,-4190,-1763,-119,-6619,65,-57,1010,0,421
2018-12-10,47704,48705,47571,48172,45219,2178289668,-0.4135,-4597,1417,3180,2345,-832,-889,-644,22,3178,0,0,0
2018-12-11,48372,48638,46637,46637,57560,2684425720,-3.1865,11373,-2336,-9137,-2142,-130,-4373,-6290,47,3709,200,-100,42
2018-12-12,47171,49172,46837,48772,70448,3435889856,4.5779,-7018,7366,362,-4463,6609,-522,-4563,0,3301,-700,-10,0
2018-12-13,48905,50373,48171,49106,123486,6063903516,0.6848,2940,21748,-24923,-8327,-7772,5456,-11058,0,-2984,200,35,-238
2018-12-14,48839,49372,47104,47571,47747,2271372537,-3.1259,10936,-3839,-6618,-1407,1986,-219,-6925,0,-53,-479,0,0
2018-12-17,46970,48372,46970,47838,28659,1370989242,0.5613,167,1930,-2097,-631,295,-461,-4677,0,3377,0,0,0
2018-12-18,47437,48438,46770,47171,43894,2070523874,-1.3943,5236,-1935,-3991,-89,-4667,-905,-1605,0,3245,690,0,30
2018-12-19,47171,49706,46904,48772,49858,2431674376,3.394,-13563,-26,13439,3196,1683,664,1590,0,6306,150,0,0
2018-12-20,49239,49239,47904,48372,26117,1263331524,-0.8201,-1593,-4228,6659,4648,286,2382,-1057,71,306,-1388,550,23
2018-12-21,47971,48839,47371,48105,34083,1639562715,-0.552,-4169,-1933,6411,-1506,5184,326,-184,0,2591,-759,450,0
2018-12-24,48105,48105,47104,47571,26000,1236846000,-1.1101,255,-1234,909,-1070,483,1420,-242,91,227,70,0,0
2018-12-26,46970,47504,45903,47038,49552,2330826976,-1.1204,-50,-7034,7226,-1533,1992,129,3547,0,2248,-143,1,843
2018-12-27,47037,48105,46236,46571,31601,1471690171,-0.9928,2869,2318,-5290,-2544,-478,111,1141,0,-3866,1,102,346
2018-12-28,46370,47371,46370,46704,30349,1417419696,0.2856,3049,3733,-6184,-2001,-4299,931,134,0,-940,-100,-498,-9
2019-01-02,46637,46904,46036,46504,28924,1345081696,-0.4282,-3980,-2681,7190,6188,2671,-46,36,0,-1648,61,-590,-11
2019-01-03,46637,46970,45903,46104,32914,1517467056,-0.8601,-5165,281,5083,481,2305,1153,731,0,13,-199,0,400
2019-01-04,46170,46503,44235,44369,99222,4402380918,-3.7632,30584,4289,-35173,-16548,-4397,370,-10308,-1183,-547,300,0,-2560
2019-01-07,44168,44769,44101,44169,72969,3222967761,-0.4508,11743,7116,-19367,-9932,-5229,-2099,-733,0,-1374,503,5,0
2019-01-08,44502,44969,44368,44502,27401,1219399302,0.7539,-6743,3770,2973,-8,14,0,2290,0,677,0,0,0
2019-01-09,44502,45503,44435,45169,41072,1855181168,1.4988,-3138,6298,-2880,-14,-1817,17,-45,0,-1021,-281,1,0
2019-01-10,44902,45903,44902,45837,28969,1327852053,1.4789,-3904,3160,624,3208,-154,562,-215,0,-3077,100,20,300
2019-01-11,45836,45903,45102,45103,48647,2194125641,-1.6013,16378,-3149,-14509,-127,-1944,436,-8738,0,-4136,1270,10,0
2019-01-14,45102,45436,44435,44436,41186,1830141096,-1.4788,8607,-3858,-4454,-2108,708,-1096,-1256,0,-1502,-300,5,800
2019-01-15,44835,45236,43234,43368,88076,3819679968,-2.4035,11165,3624,-14911,-6728,-3098,282,-5428,0,61,110,12,0
2019-01-16,43368,43768,42367,42834,111296,4767252864,-1.2313,29832,10293,-37322,-17095,-7614,-5129,-4005,0,-3473,-2819,16,-6
2019-01-17,43101,43234,42367,42501,79257,3368501757,-0.7774,25281,3404,-24691,-22902,808,-1043,-698,0,-856,-4094,100,0
2019-01-18,42567,42900,42367,42701,54973,2347402073,0.4706,16834,3503,-20837,-14390,-2456,-245,-2102,0,-1644,500,0,0
2019-01-21,42967,44368,42967,43835,71478,3133238130,2.6557,-8577,6573,2010,-143,11,281,1882,0,-21,100,-106,0
2019-01-22,44235,45169,44035,44903,70646,3172217338,2.4364,-12015,4438,7274,7132,-3047,172,3055,0,-38,300,3,0
2019-01-23,44902,45236,44502,44769,38058,1703818602,-0.2984,2136,-2888,792,1774,-102,-4995,-5,0,4120,0,-40,0
2019-01-24,44702,45302,44368,44836,52653,2360749908,0.1497,-4460,-1385,5570,7865,-432,-246,35,434,-2086,75,200,0
2019-01-25,44769,45569,44635,45169,53374,2410850206,0.7427,4860,-65,-2822,2836,-7020,-1,1118,0,245,-2252,279,0
2019-01-28,45236,45903,44702,45570,82142,3743210940,0.8878,1519,-5553,3979,9161,-1263,-4112,854,-6,-650,55,0,-5
2019-01-29,45836,46036,45169,45303,44580,2019607740,-0.5859,3986,-7263,3277,4652,10,-161,14,0,-1238,0,0,0
2019-01-30,45636,45636,44969,45370,44077,1999773490,0.1479,1595,4099,-5694,-948,-3619,-237,-217,0,-673,0,0,0
2019-01-31,45836,46036,45169,45703,53209,2431810927,0.734,-8221,7533,688,4217,-4172,-12,874,-389,180,0,0,-10
2019-02-01,45636,45970,44835,45036,57010,2567502360,-1.4594,10658,-1835,-9552,-5537,-2578,-51,1208,-14,-2580,729,0,0
2019-02-07,45302,45302,44368,44569,61175,2726508575,-1.0369,12066,1594,-14970,-7516,-3248,-73,-375,0,-3529,1310,0,-229
2019-02-08,44902,48038,44902,47238,215737,10190984406,5.9885,-37589,20698,16679,2740,10897,-1550,-166,0,5258,214,-2,-500
2019-02-11,47704,47771,46770,47638,81575,3886069850,0.8468,2390,-5808,3456,5497,6297,-1603,5031,0,-9681,-38,0,-2085
2019-02-12,47971,48772,47304,48305,132017,6377081185,1.4001,-25038,-7442,34080,14060,21237,-5211,10476,0,-6482,-1600,0,0
2019-02-13,48038,49639,48038,49573,103339,5122824247,2.625,-23451,-3852,32144,22854,7024,112,895,0,1259,-4841,0,0
2019-02-14,49439,50040,48839,50040,66529,3329111160,0.942,-6152,-10111,18714,7652,1,3000,1580,0,6481,-2451,0,0
2019-02-15,50040,50173,49506,49973,53007,2648918811,-0.1339,-9533,-603,10176,5708,273,2579,1386,0,230,-50,10,0
2019-02-18,50240,50240,49372,50107,42352,2122131664,0.2681,-2360,-1603,5313,1335,-323,2000,-130,0,2431,-1350,0,0
2019-02-19,49906,50106,48705,49973,67954,3395865242,-0.2674,-15514,5506,12322,1680,6097,1022,2714,0,848,-2314,0,-39
2019-02-20,49773,49973,48839,49173,81969,4030661637,-1.6009,10733,3189,-12932,-9737,-4315,995,478,0,-353,-940,-50,0
2019-02-21,49172,49439,48572,49039,38528,1889374592,-0.2725,-2109,8351,-1148,-383,-16,202,-28,0,-923,-5094,0,0
2019-02-22,48705,49172,48305,48439,26490,1283149110,-1.2235,2977,-795,-3226,-2728,6,100,-1217,0,613,1044,0,0
2019-02-25,48171,48972,48171,48706,23132,1126667192,0.5512,-3242,-162,2754,1903,-165,947,-469,0,538,685,-35,0
2019-02-26,48572,49105,48238,48439,24805,1201529395,-0.5482,574,-1480,1001,1875,410,-58,-194,-977,141,-95,0,-196
2019-02-27,48905,48905,48371,48839,21742,1061857538,0.8258,452,-412,-90,1050,-2803,702,-466,0,1427,50,0,0
2019-02-28,48972,51040,48372,49173,129619,6373755087,0.6839,-27879,-12122,41853,25647,5303,173,8627,0,2076,-1852,0,27
2019-03-04,49773,52108,49773,51575,119628,6169814100,4.8848,-28322,12659,16348,7276,7325,-4824,2604,0,3943,-686,1,24
2019-03-05,51107,51841,50240,50574,36836,1862943864,-1.9409,7601,-9618,1867,-232,126,449,324,-93,1293,150,0,0
2019-03-06,50573,50974,49839,50640,38769,1963262160,0.1305,2826,-60,-3424,477,-1615,0,569,-1502,-1353,658,0,0
2019-03-07,50974,51107,48972,49373,37389,1846007097,-2.502,5381,-6303,913,-93,548,1184,-2025,0,1299,0,9,0
2019-03-08,48972,49172,48105,48706,33405,1627023930,-1.3509,-805,-1646,2440,-196,1956,0,1270,0,-590,20,-9,0
2019-03-11,48105,48705,47371,48305,28197,1362056085,-0.8233,-1431,1187,244,-151,-563,368,32,0,558,0,0,0
2019-03-12,48105,49039,47571,47972,62545,3000408740,-0.6894,18513,3860,-22373,-2765,-3972,-1917,-15257,0,1696,0,0,-158
2019-03-13,48438,49239,47904,48372,35827,1733023644,0.8338,-1439,4655,-3217,-1510,-298,-17,-714,0,-678,0,1,0
2019-03-14,47304,48171,46503,47104,112504,5299388416,-2.6214,5620,5247,-10754,-6115,-3086,1002,-901,0,-1352,0,-113,-302
2019-03-15,46904,47638,46837,47104,50169,2363160576,0.0,-7326,1972,5454,1332,276,16,894,0,2836,0,-100,100
2019-03-18,47371,48905,47371,48772,35626,1737551272,3.5411,-6872,1887,5076,4985,-2273,-16,199,0,2281,-51,-40,-100
2019-03-19,48905,49105,47571,47772,25424,1214555328,-2.0504,6621,-3396,-3325,-3545,-599,-16,538,0,297,100,0,0
2019-03-20,47504,48105,46837,47972,39171,1879111212,0.4187,-1325,-3420,4645,2961,1632,-515,253,0,314,100,0,0
2019-03-21,48238,48238,46837,46837,44448,2081810976,-2.366,11514,-3136,-9069,502,-1874,-345,-3428,0,-3924,691,0,0
2019-03-22,46503,46837,45102,45303,77849,3526793247,-3.2752,5019,-5623,-2944,-400,-40,329,-155,0,-3195,3538,10,517
2019-03-25,45236,45836,45036,45036,31625,1424263500,-0.5894,302,1079,-1354,-1202,0,-56,18,0,-587,-29,2,473
2019-03-26,45369,45903,44969,45436,24412,1109183632,0.8882,-3341,1269,2072,-744,-154,-1100,-204,0,1344,0,0,2930
2019-03-27,45436,45769,45102,45236,18816,851160576,-0.4402,2337,-1370,-967,-691,-92,-124,-109,0,49,0,0,0
2019-03-28,45169,46637,44635,46170,62971,2907371070,2.0647,-19867,207,19563,6472,10777,68,2314,0,-668,97,0,600
2019-03-29,46570,46637,45503,46237,33754,1560683698,0.1451,-4614,-961,5573,4377,3947,120,273,0,-3136,-68,70,-8
2019-04-01,46170,47237,46170,46971,28044,1317254724,1.5875,-10980,1637,9343,3347,3682,1334,764,0,225,0,0,-9
2019-04-02,46704,46970,46036,46037,35535,1635924795,-1.9885,6101,-1122,-4979,-301,289,-3034,-80,0,-2369,0,0,516
2019-04-03,45836,47304,45836,46971,25656,1205087976,2.0288,-5613,7205,-1592,-1015,-63,-247,-99,0,-168,0,0,0
2019-04-04,46770,47304,46770,46971,21311,1000998981,0.0,-1726,2134,-416,-1837,-91,-36,-256,0,1804,8,0,0
2019-04-05,46970,47171,46437,46571,14376,669504696,-0.8516,167,698,-851,-1467,-370,31,18,0,937,0,-14,0
2019-04-08,46303,46970,45836,46037,35079,1614931923,-1.1466,1663,2710,-3876,-5208,-1175,253,37,0,-643,-40,-457,2860
2019-04-09,46036,46236,45302,45503,48094,2188421282,-1.1599,3151,4560,-8029,-2938,-55,0,-4785,0,-251,318,0,0
2019-04-10,45503,46837,45436,46571,39993,1862514003,2.3471,-10146,9575,321,-3183,-282,999,845,0,2459,0,250,-517
2019-04-11,46770,47838,46770,47505,57085,2711822925,2.0055,-1696,9742,-6184,-7362,-150,451,17,0,860,-1862,0,0
2019-04-12,47571,47571,46904,47104,34528,1626406912,-0.8441,3159,5134,-7568,-7453,-17,-12,-2679,0,2593,-476,-249,0
2019-04-15,47371,47704,47104,47438,33507,1589505066,0.7091,3293,4406,-7322,-4039,241,348,-2620,0,-1252,-385,8,0
2019-04-16,47504,47904,46837,47104,33542,1579962368,-0.7041,2542,2877,-5439,-4010,-886,120,-213,0,-450,0,20,0
2019-04-17,47037,48572,46970,48572,96839,4703663908,3.1165,-22478,20695,2831,-2370,-1021,504,-845,0,6563,0,-1048,0
2019-04-18,48638,49172,45703,47304,80626,3813932304,-2.6106,3232,1910,-5239,-533,628,649,-6917,0,934,0,97,0
2019-04-19,47304,47971,46570,47772,29098,1390069656,0.9893,-2682,4033,-1612,-489,0,-191,50,0,-982,-1,262,0
2019-04-22,47437,47638,46303,46637,43153,2012526461,-2.3759,10534,-1783,-8768,-1797,-4502,189,-631,0,-2027,0,17,0
2019-04-23,46370,46970,46236,46571,36769,1712369099,-0.1415,6462,4354,-11095,-5370,-2719,17,-2463,0,-560,279,0,0
2019-04-24,46570,46704,45369,45703,44432,2030675696,-1.8638,7460,-3959,-3303,730,14,-144,-28,0,-3875,-198,0,0
2019-04-25,45970,46103,44835,44969,52488,2360332872,-1.606,15952,1112,-16455,-6318,-4054,19,-3875,0,-2227,-593,-16,0
2019-04-26,44835,45169,44035,44035,50216,2211261560,-2.077,15078,-3610,-11499,-8168,-1502,-12,-77,0,-1740,94,-63,0
2019-04-29,44568,45369,44502,45169,37744,1704858736,2.5752,-2685,2407,367,-1987,18,-64,-93,0,2493,-100,11,0
2019-04-30,45169,45503,44835,45169,21299,962054531,0.0,476,-682,327,2236,155,-1171,-86,0,-807,0,-121,0
2019-05-02,45436,45436,44635,45036,37119,1671691284,-0.2944,3412,3173,-6237,-1011,-1993,-2637,-2835,1542,697,-352,4,0
2019-05-03,45302,45302,44502,44836,39900,1788956400,-0.4441,5376,-2533,-3948,-289,-988,22,-467,290,-2516,1105,0,0
2019-05-07,44435,44435,43367,43635,63606,2775447810,-2.6787,20723,-675,-20366,-64,-3800,-3540,-1840,380,-11143,229,89,-359
2019-05-08,43368,44101,43034,43568,41437,1805327216,-0.1535,-1855,3833,62,-49,-520,0,-708,0,839,-2040,0,500
2019-05-09,43968,43968,42767,42768,55647,2379910896,-1.8362,1561,2593,-6054,-4264,2781,-263,-2360,0,-1948,1900,0,0
2019-05-10,42700,43301,42100,42300,43351,1833747300,-1.0943,10843,-3976,-7193,-102,-1923,-102,-4565,0,-424,315,11,-77
2019-05-13,42033,42033,40298,40699,79868,3250547732,-3.7849,17830,-6097,-11944,-10547,-1715,-1520,-200,0,738,211,0,1300
2019-05-14,40632,40632,39631,40299,62007,2498820093,-0.9828,14367,-7862,-6553,-1902,178,-2496,242,0,-2559,46,2,-16
2019-05-15,40031,41099,40031,40899,42543,1739966157,1.4889,-1150,-82,1104,483,1289,1541,791,0,-1310,128,0,-1690
2019-05-16,40298,40966,40165,40699,30604,1245552196,-0.489,2014,-4833,2801,1221,2179,522,130,0,-1251,-15,33,0
2019-05-17,40765,41433,40032,40299,29230,1177939770,-0.9828,6520,-7616,1096,-199,2549,0,56,0,-1310,0,0,0
2019-05-20,40298,40699,39965,39965,21109,843621185,-0.8288,-895,-40,635,156,-4,0,-189,0,672,300,0,0
2019-05-21,39765,40032,39431,39565,36993,1463628045,-1.0009,4025,-3891,-461,-3627,-1136,270,4520,0,-488,327,0,0
2019-05-22,39564,40032,39431,39765,20361,809655165,0.5055,4148,78,-4236,-484,-627,129,-1919,0,-1335,0,10,0
2019-05-23,40032,40032,38564,38564,43052,1660257328,-3.0202,6126,-2990,-3398,-3013,32,-2,-150,0,-265,260,2,0
2019-05-24,38564,38897,38230,38831,29336,1139146216,0.6924,-3855,2560,1286,376,-173,-142,-182,0,1407,9,0,0
2019-05-27,38497,39431,38430,39432,25418,1002282576,1.5477,-1797,1598,354,94,130,-71,-175,0,376,0,-155,0
2019-05-28,39498,39765,38764,38898,62896,2446528608,-1.3542,7007,-5484,-3303,-65,-1653,78,-2310,0,647,1780,0,0
2019-05-29,38697,39231,37963,38030,38276,1455636280,-2.2315,6096,4259,-10448,-516,-6851,59,-640,0,-2467,113,-20,-33
2019-05-30,38363,38363,37429,37630,43476,1636001880,-1.0518,3794,4885,-8784,-5175,72,1974,971,0,-2469,105,0,-4157
2019-05-31,37630,37963,37363,37964,47609,1807428076,0.8876,11035,9724,-20763,-16212,32,-457,61,-415,-3772,3,1,0
2019-06-03,37696,37696,37163,37563,44528,1672605264,-1.0563,6035,4381,-10306,-8536,1482,42,632,0,-3926,-60,-50,0
2019-06-04,37696,38697,37563,38364,55411,2125787604,2.1324,-4932,10144,-2812,19,55,24,-1894,0,-1016,-100,-2300,0
2019-06-05,38564,38897,38163,38297,36841,1410899777,-0.1746,2570,2136,-4122,-2425,2607,548,-3647,0,-1205,-84,-500,0
2019-06-07,38497,39298,38430,38898,26748,1040443704,1.5693,828,-1788,2087,815,65,278,746,47,136,-15,-1112,0
2019-06-10,39298,39364,38630,38964,19459,758200476,0.1697,-379,639,-178,364,6,96,-445,0,-199,15,-97,0
2019-06-11,38964,39765,38964,39632,28323,1122497136,1.7144,-917,3657,-795,-424,-23,-178,-444,0,274,100,-2045,0
2019-06-12,39364,39898,39364,39498,21968,867692064,-0.3381,1604,600,-2181,-1275,884,-1260,-59,0,-471,0,-23,0
2019-06-13,39298,39631,38230,39432,71141,2805231912,-0.1671,2134,1207,-4198,-5675,3357,333,-3420,0,1207,17,840,0
2019-06-14,39031,39364,38564,38631,37728,1457470368,-2.0313,2981,2806,-5778,-2746,1664,-554,-482,0,-3660,1,-10,0
2019-06-17,38497,38697,37563,37563,68756,2582681628,-2.7646,22409,3875,-26300,-16836,-4625,222,-5736,0,675,15,1,0
2019-06-18,37496,37896,37429,37697,30940,1166345180,0.3567,1381,1114,-2514,-4830,2125,0,-219,0,410,6,13,0
2019-06-19,37896,38630,37830,38097,28485,1085193045,1.0611,-4360,3373,974,-2999,3918,73,-126,0,108,0,13,0
2019-06-20,38364,38964,38163,38698,24805,959903890,1.5776,-848,3442,-2600,-900,-507,674,-449,0,-1418,0,6,0
2019-06-21,38564,39498,38163,39365,42512,1673484880,1.7236,-862,-3611,1474,-1029,3470,-185,1,0,-783,3000,-1,0
2019-06-24,39364,39431,38697,38898,24721,961597458,-1.1863,4320,-2463,-2380,1048,-2630,13,-1848,0,1037,500,23,0
2019-06-25,39097,39231,38163,38297,34200,1309757400,-1.5451,7008,-1431,-6284,-2202,342,0,-3907,0,-517,702,5,0
2019-06-26,38097,38430,37830,37964,43161,1638564204,-0.8695,2279,279,-3583,-2273,-1152,-486,-245,0,-1607,1025,0,2180
2019-06-27,37830,39031,37496,38698,55949,2165114402,1.9334,-721,3725,-2493,-1604,-317,-466,-877,0,771,-525,14,0
2019-06-28,38630,39031,38030,38364,17681,678313884,-0.8631,2150,-2522,233,-172,817,304,-1201,0,485,139,0,0
2019-07-01,38630,39765,38497,38898,38922,1513987956,1.3919,96,1497,-2475,-1291,-1167,2,-147,0,128,881,1,0
2019-07-02,38897,38964,38364,38564,21425,826233700,-0.8587,6987,-4362,-2645,-1331,-1787,437,116,0,-80,0,20,0
2019-07-03,38964,38964,37696,37964,43494,1651206216,-1.5559,9222,-4738,-1132,-1139,115,325,-532,0,99,-500,-2852,0
2019-07-04,38163,38163,36762,37296,82692,3084080832,-1.7596,20056,-8342,-11136,-7211,-3566,-1170,10,0,786,-398,-180,15
2019-07-05,37363,37429,36762,37296,37956,1415606976,0.0,796,306,1596,-2039,1697,0,-276,0,2214,14,-2712,0
2019-07-08,37363,37363,35761,35762,75238,2690661356,-4.113,4968,-2441,-2735,-5106,1641,116,-3,0,617,76,132,0
2019-07-09,35361,36362,34961,35161,66514,2338698754,-1.6806,2281,3963,-4247,-4004,3597,136,-4775,0,799,-1997,0,0
2019-07-10,35028,35962,35028,35495,34907,1239023965,0.9499,-2903,5230,-1843,-1922,3078,-1051,-219,0,-1729,-498,14,0
2019-07-11,35361,35895,35361,35628,38359,1366654452,0.3747,1488,4929,-7441,-5051,-612,-554,-1514,0,290,87,937,0
2019-07-12,36228,36228,34694,34961,86445,3022203645,-1.8721,28561,-13843,-12875,-9597,-606,385,-2897,-363,203,-1855,12,0
2019-07-15,34827,35028,33426,33760,103659,3499527840,-3.4353,25141,2284,-27711,-18097,-4212,14,-4926,-374,-116,286,0,0
2019-07-16,33893,34294,33560,34094,77242,2633488748,0.9893,4817,11209,-15067,1855,-12143,-4419,-142,0,-218,5,-964,0
2019-07-17,33893,34093,32492,32793,134900,4423775700,-3.8159,44568,-23493,-27329,-11132,-4859,-10531,-690,0,-117,6252,2,0
2019-07-18,32759,32926,32292,32493,73850,2399608050,-0.9148,11923,2827,-15745,-1491,-3840,-9296,-699,0,-419,939,56,0
2019-07-19,32692,32892,32359,32893,49988,1644255284,1.231,3718,-3227,-1203,725,259,-4,-4365,0,2182,711,1,0
2019-07-22,32759,33693,32759,33227,60540,2011562580,1.0154,1773,4135,-2374,-283,1102,-2235,-21,0,-937,-2134,-1400,0
2019-07-23,33226,33493,32459,32760,81259,2662044840,-1.4055,26227,-13873,-12398,-4960,-4784,-23,-1072,0,-72,44,0,-1487
2019-07-24,32425,33093,32425,32693,33888,1107900384,-0.2045,-3368,6886,-3532,-2909,-659,0,43,0,-7,14,0,0
2019-07-25,32492,32659,31658,31792,57233,1819551536,-2.7559,11100,-33,-11752,-5978,-3481,-63,-677,0,-1553,685,0,0
2019-07-26,31224,31792,31158,31358,39739,1246135562,-1.3651,-4118,6313,-2239,640,-3412,-1140,42,0,1631,50,-6,0
2019-07-29,31792,31792,30224,30391,39969,1214697879,-3.0837,3318,1209,-4497,-2699,-1044,-1111,-176,0,533,130,-160,0
2019-07-30,30390,30657,30290,30358,34907,1059706706,-0.1086,-5549,5434,115,-121,236,-7,-11,0,18,0,0,0
2019-07-31,30090,30491,29256,29690,81921,2432234490,-2.2004,3678,14958,-18747,-3393,-13642,-10,-242,0,-1461,110,1,1
2019-08-01,29490,30357,29290,29390,48620,1428941800,-1.0104,-648,8101,-7460,-2520,-3682,37,-286,0,-1009,7,0,0
2019-08-02,29356,29356,28489,28489,100748,2870209772,-3.0657,17086,10016,-27006,-2050,-17844,-1483,-3489,0,-2140,-96,0,0
2019-08-05,28556,28789,27455,27722,150298,4166561156,-2.6923,4230,21442,-36291,3798,-19529,-15145,690,0,-5955,10770,-151,-150
2019-08-06,26954,28022,26554,26821,105766,2836749886,-3.2501,-11299,14934,-3959,4085,-4709,-366,-5006,0,2087,93,231,-50
2019-08-07,27521,28589,27421,27856,149338,4159959328,3.8589,1595,11538,-13373,1297,-7790,-4130,-349,0,-2401,132,108,0
2019-08-08,27989,28522,27521,28456,75707,2154318392,2.1539,3088,4241,-6996,734,-3644,-195,-5534,0,1643,1,-334,0
2019-08-09,28456,29023,28322,28423,53158,1510909834,-0.116,10155,588,-11193,-1000,-5512,-298,-1441,0,-2942,400,50,0
2019-08-12,28222,28456,27989,28122,63668,1790471496,-1.059,6570,9759,-5629,-202,-2377,199,-1258,0,-1991,-10700,0,0
2019-08-13,27955,28356,27588,28356,36906,1046506536,0.8321,-1386,2251,-1418,478,-2444,-475,1145,0,-122,0,553,0
2019-08-14,28355,29290,28155,28389,72543,2059423227,0.1164,8148,-3217,-5281,-300,-3610,-81,310,-242,-1358,300,50,0
2019-08-16,28055,28255,27588,28056,25097,704121432,-1.173,-1528,1869,-344,89,52,49,180,0,-714,3,0,0
2019-08-19,28222,29056,28089,29057,58100,1688211700,3.5679,-12600,9119,3411,3069,-84,6,-151,0,571,0,70,0
2019-08-20,29290,29623,28856,29424,78242,2302192608,1.263,7315,10987,-17292,-15298,-257,-10,-779,0,-948,-513,-497,0
2019-08-21,29456,29657,28989,29090,60889,1771261010,-1.1351,15394,-1683,-13760,176,-8099,-407,-4630,0,-800,105,-56,0
2019-08-22,29123,29890,29056,29490,94823,2796330270,1.375,3476,14920,-18396,-14446,-6207,0,248,0,2009,0,0,0
2019-08-23,29256,29723,29123,29457,43132,1270539324,-0.1119,6248,-3138,-3110,-28,-3194,-41,-8,0,161,0,0,0
2019-08-26,28889,29490,28289,28956,41304,1195998624,-1.7008,-3576,-3935,7509,1178,5247,-575,887,289,483,1,1,0
2019-08-27,28689,29690,28422,28723,40394,1160236862,-0.8047,2844,3421,-5319,269,-1378,0,0,0,-4210,-946,0,0
2019-08-28,28489,29023,28489,28890,30655,885622950,0.5814,-4470,6072,-1827,-161,-951,0,104,0,-819,7,218,0
2019-08-29,28923,29089,28489,28656,43704,1252381824,-0.81,-871,8505,-7636,-5237,-41,-500,-597,0,-1261,2,0,0
2019-08-30,28823,29523,28823,29057,59221,1720784597,1.3994,7147,12069,-19240,-17973,-275,-19,-374,-427,-172,23,1,0
2019-09-02,28956,29423,28856,29290,38877,1138707330,0.8019,-986,3172,-2238,-2558,-76,0,338,0,58,0,52,0
2019-09-03,29023,30290,29023,29824,57070,1702055680,1.8231,-1964,4505,-2589,-1657,-741,-425,176,0,58,45,3,0
2019-09-04,29757,29957,29390,29857,46809,1397576313,0.1106,8163,-6703,-1761,-3280,-1190,72,138,-142,2641,300,1,0
2019-09-05,29723,30424,29690,30024,70739,2123867736,0.5593,-5417,10048,-6028,-2875,-1458,437,-219,-136,-1777,1397,0,0
2019-09-06,30057,30257,29356,29490,55555,1638316950,-1.7786,1590,4066,-5747,644,-1329,-416,-557,0,-4089,103,-12,0
2019-09-09,29490,29857,28923,29023,60656,1760419088,-1.5836,10034,9706,-20995,-811,-15058,5,6,-143,-4994,1255,0,0
2019-09-10,29023,30691,28923,30491,61259,1867848169,5.0581,-13471,9318,5073,6336,326,1153,-859,0,-1883,-911,-9,0
2019-09-11,30557,31058,30491,30658,68861,2111140538,0.5477,-3184,-3735,7558,4791,-1330,228,-171,-133,4173,-639,0,0
2019-09-16,30991,32225,30757,32092,81872,2627436224,4.6774,-12151,3499,8354,4959,-2316,-719,-1,-134,6565,299,-1,0
2019-09-17,32092,32559,31625,32159,51244,1647955796,0.2088,7720,-11484,3464,3737,84,-52,-103,164,-366,300,0,0
2019-09-18,32425,32425,31792,32092,31829,1021456268,-0.2083,2743,2870,-2628,144,-2503,-28,-75,0,-166,-2990,5,0
2019-09-19,31892,32359,31825,31859,29730,947168070,-0.726,753,-1999,-1794,52,-10,-398,114,-168,-1384,3040,0,0
2019-09-20,31858,32159,31558,32092,34390,1103643880,0.7313,-571,2024,47,3610,-2547,22,-155,104,-987,-1500,0,0
2019-09-23,31958,32092,31625,31926,28536,911040336,-0.5173,3463,-3748,284,919,-1739,85,598,123,298,0,1,0
2019-09-24,31958,32225,31692,32226,32125,1035260250,0.9397,-1657,334,1723,870,-2241,1417,-282,0,1959,-400,0,0
2019-09-25,32225,32359,31291,31358,42905,1345414990,-2.6935,1585,-5923,4121,195,832,-335,-80,254,3255,217,0,0
2019-09-26,31391,31725,31058,31292,26512,829613504,-0.2105,1795,-807,-1069,-318,-550,-18,-391,36,172,81,0,0
2019-09-27,31024,31425,30691,30791,23618,727221838,-1.601,2933,-759,-2216,-442,-437,-405,-592,447,-787,40,2,0
2019-09-30,30991,30991,30024,30224,23566,712258784,-1.8414,-474,736,-404,377,-261,0,-374,-275,129,210,-68,0
2019-10-01,29923,31158,29923,31058,30222,938634876,2.7594,-7364,6025,1449,325,-451,1052,-115,-136,774,-110,0,0
2019-10-02,31024,31024,30257,30258,28873,873639234,-2.5758,8754,-6820,-2334,-1690,693,3,124,431,-1895,70,330,0
2019-10-04,30257,30524,29523,29524,31695,935763180,-2.4258,1525,-1506,-108,418,-86,17,-90,0,-367,87,2,0
2019-10-07,29556,30023,29256,29524,27615,815305260,0.0,754,-281,-481,212,148,151,-658,146,-480,5,3,0
2019-10-08,29390,29890,29356,29824,36067,1075662208,1.0161,-1423,3323,-1900,733,279,-1146,-1588,-241,63,0,0,0
2019-10-10,29423,30057,29423,29690,36761,1091434090,-0.4493,864,960,-1824,262,1769,43,-1185,135,-2848,0,0,0
2019-10-11,29690,30390,29690,30324,33639,1020069036,2.1354,-4317,2001,2616,-548,6625,587,-1358,-148,-2542,-300,0,0
2019-10-14,30357,31658,30357,31458,40076,1260710808,3.7396,-9938,5879,4209,205,2351,-51,1013,-485,1176,-150,0,0
2019-10-15,31458,32359,31458,32159,41706,1341223254,2.2284,-7714,3488,4686,1135,1296,-365,1804,0,816,-140,-320,0
2019-10-16,32225,32525,31692,31926,46745,1492380870,-0.7245,242,3228,-3610,1492,-2976,9,-39,-1618,-478,0,140,0
2019-10-17,32259,32292,31692,31725,28722,911205450,-0.6296,396,-2270,1854,561,913,299,49,0,32,0,20,0
2019-10-18,31425,31925,31358,31559,31872,1005848448,-0.5232,1891,-4298,2407,853,29,-54,14,0,1489,0,0,76
2019-10-21,31558,31925,31425,31625,23266,735787250,0.2091,-727,-409,1186,182,54,-60,9,0,1001,-50,0,0
2019-10-22,31525,31825,31091,31492,37008,1165455936,-0.4206,-1302,-3339,4641,910,1350,-477,-81,0,2939,0,0,0
2019-10-23,31224,31825,31224,31559,33494,1057037146,0.2128,-1254,-171,1425,-767,1106,37,1367,0,-318,0,0,0
2019-10-24,31191,31725,30991,31625,37364,1181636500,0.2091,-1219,-3813,5032,390,-10,5761,-248,0,-861,0,0,0
2019-10-25,31691,31792,31191,31325,22761,712988325,-0.9486,-604,-1213,1474,672,0,224,-37,-48,663,343,0,0
2019-10-28,31591,31792,31224,31659,27374,866633466,1.0662,-3647,541,3106,390,648,5,-59,0,2122,0,0,0
2019-10-29,31625,32092,31625,31825,36622,1165495150,0.5243,-625,-2590,3215,1778,920,3,-67,0,581,0,0,0
2019-10-30,31691,32025,31525,31625,24171,764407875,-0.6284,3193,-5393,2200,-462,2736,28,-119,0,17,0,0,0
2019-10-31,31625,32058,31124,31492,45989,1448285588,-0.4206,-5342,-4379,9721,2775,3613,4282,33,0,-982,0,0,0
2019-11-01,31558,31925,31291,31759,28823,915389657,0.8478,-1985,-5888,7858,195,7550,951,147,0,-985,0,15,0
2019-11-04,31858,34360,31858,33960,137446,4667666160,6.9303,-29054,14784,14073,2413,4198,3233,155,0,4074,183,14,0
2019-11-05,33560,34294,33493,34027,54102,1840928754,0.1973,2947,-3341,394,-312,1927,-42,-110,0,-1069,0,0,0
2019-11-06,33560,34294,32692,33627,137888,4636759776,-1.1755,5022,-25041,20019,-3579,3340,15267,-447,0,5438,0,0,0
2019-11-07,33426,34160,33426,34027,48245,1641632615,1.1895,-2924,-6086,9010,-8,6733,0,2030,0,255,0,0,0
2019-11-08,34093,35628,34093,35028,180369,6317965332,2.9418,-19209,7270,12503,-26972,16956,10442,42,0,10035,-540,-24,2000
2019-11-11,35228,36028,34961,35628,118765,4231359420,1.7129,-4460,-14523,18842,5043,1978,4347,6405,0,1069,-148,289,0
2019-11-12,35628,36562,35628,36563,104393,3816921259,2.6243,-15080,398,14499,6200,9111,-1472,273,0,387,160,23,0
2019-11-13,36562,36896,34827,36029,110701,3988446329,-1.4605,-5184,-6445,11654,9519,4663,-116,-1327,0,-1085,-2,-23,0
2019-11-14,36028,36562,35628,36563,58969,2156083547,1.4821,-5019,3537,1771,-204,-139,0,-479,0,2593,0,-289,0
2019-11-15,36562,36829,35761,36162,38023,1374987726,-1.0967,1584,-3209,1625,1502,-1410,-2271,-851,0,4655,0,0,0
2019-11-18,35895,36362,35561,35962,41383,1488215446,-0.5531,-2637,-1980,4617,7143,27,-2736,-801,0,984,0,0,0
2019-11-19,35695,36228,34894,35495,46130,1637384350,-1.2986,-2267,-265,2332,5608,-187,-787,-1376,-45,-881,200,0,0
2019-11-20,35361,35561,34694,34895,42212,1472987740,-1.6904,-4505,102,4303,7313,28,-2379,-137,-46,-476,100,0,0
2019-11-21,34961,35361,34294,34761,35579,1236761619,-0.384,-9703,-1209,10968,7106,1062,321,-31,0,2510,-56,0,0
2019-11-22,35361,43835,34827,36296,1462605,53086711080,4.4159,113632,-25227,-84147,-1998,-22586,-29606,-5317,0,-24640,-4223,-35,0
2019-11-25,36162,38897,36028,38097,632828,24108848316,4.962,-26687,27051,-102,-1507,-1871,1026,-1001,0,3251,-303,41,0
2019-11-26,37963,39097,36429,37697,305944,11533170968,-1.05,-18196,7350,10974,10836,-4366,389,61,0,4054,-125,-3,0
2019-11-27,37363,48972,37363,48972,2087491,102228609252,29.9095,211811,-32318,-185431,-164030,-12067,-8570,-2816,0,8105,-283,6221,-6053
2019-11-28,56845,59447,50040,51508,8080952,416233675616,5.1785,642220,-83064,-541162,-269029,-138230,-92337,-15829,0,-25434,-16486,-1508,-303
2019-11-29,50040,50907,46036,46837,2387746,111834859402,-9.0685,132460,-50174,-84861,-17904,591,2906,-2705,0,-67749,3936,-1361,0
2019-12-02,46904,48505,44302,44569,2823209,125827601921,-4.8423,6071,-72819,63425,507,-83,4669,-34,0,58366,3172,151,0
2019-12-03,44235,45769,42700,43501,1302540,56661792540,-2.3963,6296,-28315,14907,-6152,-981,7212,-2017,0,16845,8507,-1395,0
2019-12-04,43368,44035,42233,42567,791532,33693142644,-2.1471,-7202,-3659,14710,10080,4430,87,308,0,-195,-4098,249,0
2019-12-05,43167,43234,40632,41700,898284,37458442800,-2.0368,-34224,27637,3660,-2899,-2169,6042,-1488,0,4174,2647,280,0
2019-12-06,41766,42300,41099,41833,477558,19977683814,0.3189,-34081,10001,21700,-640,-104,18731,-2,0,4215,2350,30,-500
2019-12-09,42300,43167,40699,40833,694167,28344921111,-2.3905,68183,-59908,-9538,-4748,-2928,3558,-2105,0,-7315,448,815,4000
2019-12-10,40699,42433,40298,40966,639597,26201730702,0.3257,19811,-44237,17614,-150,4123,8885,-423,0,5179,7131,-319,0
2019-12-11,41032,41699,40699,41100,367475,15103222500,0.3271,-17854,-13941,33761,237,-336,26696,327,0,6837,-2038,72,0
2019-12-12,43034,43034,41366,41500,700225,29059337500,0.9732,38029,-63705,25908,-258,3155,5079,-278,10,18144,312,-544,56
2019-12-13,41966,42033,41032,41567,376202,15637588534,0.1614,12319,-27238,9504,-7672,-3058,15665,-10016,0,14195,5000,415,390
2019-12-16,41699,42100,41366,41366,247593,10241932038,-0.4836,-3050,-18703,24017,3202,-362,11126,-1607,1314,10344,-2368,104,0
2019-12-17,41299,41366,40565,40632,333913,13567553016,-1.7744,10027,-16629,3097,2581,4388,2148,-382,0,-5481,4102,-597,-157
2019-12-18,40499,40966,40365,40366,203414,8211009524,-0.6547,1427,-13949,10058,2364,5270,8,-7,0,2423,2810,-346,0
2019-12-19,40632,40899,40232,40432,202755,8197790160,0.1635,3322,-14397,14004,13254,823,825,-107,0,-791,-2989,60,0
2019-12-20,40499,40699,39765,40366,202010,8154335660,-0.1632,-17493,1004,19640,4339,7676,1507,15,0,6103,-3236,85,0
2019-12-23,40432,41700,40432,40766,336983,13737448978,0.9909,-28759,10281,18066,4639,5250,1497,961,0,5719,603,-191,0
2019-12-24,40899,42367,40832,42100,515340,21695814000,3.2723,-45503,-2159,48436,9454,2389,11180,-143,3689,21567,-863,89,300
2019-12-26,42033,42033,41232,41500,243825,10118737500,-1.4252,907,-12276,9794,2110,2010,2577,-335,0,3432,93,1482,0
2019-12-27,41433,42500,41433,42034,246885,10377564090,1.2867,-9701,7035,738,859,1109,-9,216,0,-1137,1895,33,-300
2019-12-30,42033,42700,41900,42701,279059,11916098359,1.5868,-3521,-27395,27982,172,1436,12885,1812,0,11677,2846,88,0
2020-01-02,42834,44835,42500,44502,674510,30017044020,4.2177,-31956,-14262,46161,-636,12191,5204,7278,0,25814,94,-37,-3690
2020-01-03,44568,44769,43968,44702,320399,14322476098,0.4494,-13036,-5121,23261,3065,5645,7588,4778,669,1216,-5033,-71,300
2020-01-06,44502,45169,43568,44302,392476,17387471752,-0.8948,18340,-21977,14181,-759,9772,5424,1779,0,-2035,-10778,234,0
2020-01-07,44368,45102,43701,43902,314338,13800066876,-0.9029,-24752,7136,17135,-648,6212,195,-203,0,11579,499,-18,0
2020-01-08,43701,43768,41032,42100,468152,19709199200,-4.1046,-27715,35319,-9114,-1143,9945,-3982,64,-4114,-9884,1975,-465,0
2020-01-09,42967,43634,42634,43435,286554,12446472990,3.171,-46234,40156,8801,-1956,-455,4791,151,0,6270,-620,-2103,0
2020-01-10,43501,47838,43034,46037,1936832,89165934784,5.9906,-62259,63664,-7274,11486,-4347,-3160,428,0,-11581,5891,-22,-100
2020-01-13,45636,45769,44168,44369,546144,24231863136,-3.6232,39498,-52870,13312,7710,-2570,-3972,-1029,0,13173,57,3,0
2020-01-14,44502,44969,43835,44702,305624,13662004048,0.7505,403,-3581,3563,7715,-4792,7703,572,0,-7535,-416,31,-100
2020-01-15,45036,45036,44035,44169,185126,8176830294,-1.1923,1514,-14530,12965,7546,-625,2099,-670,16,4573,87,-36,26
2020-01-16,43968,44168,43434,44102,166814,7356831028,-0.1517,-16788,2720,11963,6801,5572,995,-64,0,-1341,2079,26,0
2020-01-17,44235,44568,43701,44169,181096,7998829224,0.1519,-9127,6790,2221,7388,655,-853,-8,0,-5161,99,17,200
2020-01-20,44035,45703,43701,45036,460123,20722099428,1.9629,-61883,34568,31532,15921,982,18617,53,84,-5325,-4061,-156,1200
2020-01-21,45436,45903,44168,44169,306608,13542568752,-1.9251,14450,-41773,27168,10284,11251,9368,-339,19,-3415,176,-21,0
2020-01-22,44368,44568,43768,44235,174930,7738028550,0.1494,-2037,-9266,10817,16718,-3168,-5137,-66,33,2637,-128,614,-200
2020-01-23,44568,45236,43768,44169,204350,9025935150,-0.1492,7562,-9356,-570,7171,1331,5413,-266,25,-15244,2345,19,1000
2020-01-28,44568,44568,42634,42768,313510,13408195680,-3.1719,-26551,-15674,42565,28600,1129,5255,30,85,6910,-280,-60,556
2020-01-29,42900,43234,41833,41833,267582,11193757806,-2.1862,-17900,6811,9286,9002,2778,965,2686,0,-6145,1813,-10,0
2020-01-30,41833,42033,40165,40432,330719,13371630608,-3.349,1114,11644,-13456,10190,-1247,2712,122,0,-25233,745,-47,0
2020-01-31,40699,40832,38097,38631,317663,12271639353,-4.4544,-6692,28651,-22032,11316,419,-23831,82,0,-9327,161,-88,-691
2020-02-03,37096,39298,36962,38698,301314,11660249172,0.1734,8191,44747,-52912,515,1545,-11617,171,0,-43208,-32,6,-318
2020-02-04,38564,40032,38564,39899,261142,10419304658,3.1035,31925,-23585,-8912,-561,-5226,4942,-1148,0,-7146,-200,772,227
2020-02-05,41833,48238,41366,44569,2911788,129775479372,11.7046,-239149,290585,-29647,47737,3010,-69846,-3364,-697,-6487,-20218,-1571,0
2020-02-06,44835,46637,44101,46637,669949,31244411513,4.64,-86308,119345,-33488,14336,-33233,-15898,-6969,0,7276,449,2,1000
2020-02-07,46370,46904,45436,46637,289224,13488539688,0.0,6673,-7354,355,3502,-101,-139,-3364,0,457,170,156,0
2020-02-10,46103,46637,45236,45570,179141,8163455370,-2.2879,-4653,-3529,6939,6265,6,400,-296,0,514,1250,-7,50
2020-02-11,46904,47104,45903,46637,350501,16346315137,2.3415,-39285,6895,27103,24925,-1304,2622,-116,23,2003,5300,-13,-1050
2020-02-12,46637,47904,46103,47171,317525,14977971775,1.145,-41883,28628,14691,23764,-962,-544,-98,0,-7469,-1505,69,0
2020-02-13,47037,47571,46503,46704,187633,8763211632,-0.99,-19464,16551,5412,7065,-82,-26,1952,0,-3497,-2490,-9,0
2020-02-14,46970,46970,45903,45970,182479,8388559630,-1.5716,6340,3112,-9932,-15326,6643,123,-778,-889,295,480,0,0
2020-02-17,45703,46437,45036,45370,164224,7450842880,-1.3052,-1949,17107,-14541,-11544,-1606,-4,-750,0,-637,-285,-332,0
2020-02-18,45369,46570,44702,44769,198503,8886780807,-1.3247,6760,2514,-10446,-4387,-648,-266,-17,0,-5128,935,237,0
2020-02-19,45102,45302,44101,44636,133629,5964664044,-0.2971,19323,-3716,-16225,-10380,-1081,-171,-3787,0,-806,611,7,0
2020-02-20,44835,45769,44435,45636,149264,6811811904,2.2403,-15182,-6593,21794,-540,26826,-254,-704,0,-2154,150,-169,-1380
2020-02-21,44769,46236,44635,44769,159763,7152429747,-1.8998,10045,-8611,-1014,-2653,7975,714,-5473,0,-1577,-419,-1,0
2020-02-24,43501,44101,42367,42434,205396,8715773864,-5.2157,-10867,10473,360,-78,-33,636,36,0,-201,16,18,0
2020-02-25,41900,42967,41900,42634,170535,7270589190,0.4713,21429,4549,-26103,-20686,-4807,99,254,0,-963,203,-78,0
2020-02-26,41699,42033,40765,41100,265106,10895856600,-3.5981,14789,15142,-28401,1877,-25472,-1854,101,0,-3896,-1559,29,843
2020-02-27,41499,41499,40031,40099,227085,9105881415,-2.4355,-13538,3845,9399,2338,-405,-2770,-384,0,5420,294,0,5200
2020-02-28,39298,40765,38364,38364,242549,9305149836,-4.3268,-5243,1925,2934,2273,54,1752,-2481,0,1336,243,141,0
2020-03-02,38630,40098,38163,40032,174311,6978017952,4.3478,5574,-10678,5373,2074,-1284,5266,920,1005,-4347,-103,-166,1739
2020-03-03,40432,42433,40098,40699,311793,12689663307,1.6662,10664,-15586,3671,-624,1177,5760,-648,0,-1994,218,1033,0
2020-03-04,44101,45970,41099,41433,760700,31518083100,1.8035,77800,-63208,-12756,742,-13814,220,1792,342,-2306,-972,-864,268
2020-03-05,42100,42100,40966,41300,170637,7047308100,-0.321,-5430,3473,1681,1587,-503,498,77,-291,313,281,-5,0
2020-03-06,41032,41032,40098,40432,145746,5892802272,-2.1017,-5701,3760,1661,3447,1969,-28,163,0,-3890,250,30,0
2020-03-09,40165,43901,39564,42768,647392,27687661056,5.7776,-9418,-1746,12902,20290,-1345,277,-8550,1649,-229,-1776,38,810
2020-03-10,41833,42967,40365,41366,329468,13628773288,-3.2782,10005,-20453,9981,2029,5515,1368,48,0,891,437,30,130
2020-03-11,41833,43101,39631,39965,367323,14680063695,-3.3868,8188,-19709,10539,1656,9840,726,264,-62,-1730,975,7,-155
2020-03-12,40032,40499,37696,38030,239552,9110162560,-4.8417,-3136,-1781,4939,-1955,2147,1837,353,-1558,4315,202,-224,-200
2020-03-13,34761,36495,32759,35028,327128,11458639584,-7.8938,-5949,-1049,6653,4119,-27,2017,221,-18,376,124,221,-35
2020-03-16,35361,41900,34694,36229,573889,20791424581,3.4287,-28112,1136,28252,19975,6760,4496,615,500,-4094,-1094,-182,0
2020-03-17,34761,41833,34694,40699,825091,33580378609,12.3382,-35301,-3366,40487,21985,14330,1768,1292,0,1117,-1828,8,-5
2020-03-18,42233,46904,40832,42901,1834227,78690172527,5.4105,-15467,9764,13893,6727,-7299,18052,-6359,1352,1870,-8022,-168,-450
2020-03-19,45036,48171,34294,37830,2360337,89291548710,-11.8202,10261,69064,-70160,-1031,-28934,-15556,-24439,0,69,-9470,305,-269
2020-03-20,39364,41900,38364,41900,635809,26640397100,10.7587,-80594,4513,76797,7660,16947,32349,537,-1384,20688,-580,-136,0
2020-03-23,40432,45703,39498,42300,952076,40272814800,0.9547,-1533,6503,-5297,9240,-1852,-10484,-494,0,-1760,-177,504,53
2020-03-24,43568,44769,42433,43235,610298,26386234030,2.2104,-12263,491,11607,13603,809,-2884,-360,0,979,10,155,-540
2020-03-25,43901,44368,42433,43235,657049,28407513515,0.0,13754,22085,-37075,-2293,-2801,-29195,6185,0,-8971,1556,-320,0
2020-03-26,44101,51040,43368,47772,2798158,133673603976,10.4938,-43542,45470,-1051,-5435,3516,3129,143,1057,-3261,-253,-624,-200
2020-03-27,54043,56511,45236,51241,3415061,174991140701,7.2616,38319,-36686,980,-14076,-12322,19513,2924,0,4898,-2833,220,43
2020-03-30,53376,58980,50907,58247,3500947,203919659909,13.6726,-55945,15446,60661,1758,16696,26127,7418,0,8582,-19612,-550,80
2020-03-31,59380,59514,53576,56445,1924877,108649682265,-3.0937,66056,-11653,-53212,-9929,-9923,-21933,-1741,0,-9686,-1066,-125,0
2020-04-01,57779,62183,53242,54377,2128817,115758682009,-3.6637,26648,-6633,-26945,-8697,-4652,-13509,1495,8539,-10136,750,6180,15
2020-04-02,55177,55310,51174,53710,968867,52037846570,-1.2266,-22332,54027,-30821,16834,-28403,-11710,134,-177,-7499,-1287,413,0
2020-04-03,53709,57712,52041,54043,2206581,119250256983,0.62,52610,-43246,-12535,-5056,-3988,99,-806,0,-2784,2646,525,0
2020-04-06,54176,55911,53909,54710,904862,49505000020,1.2342,19305,8101,-24532,-26344,-4292,421,-554,0,6237,-1958,-916,0
2020-04-07,55044,55044,52508,53776,844850,45432653600,-1.7072,11378,23821,-36130,-2639,-32976,35,-666,0,116,916,15,0
2020-04-08,54443,55711,52775,52776,1033435,54540565560,-1.8596,39589,-29594,-13514,1454,-8894,-2581,-1195,0,-2298,2684,835,0
2020-04-09,53709,54376,52775,53843,747615,40253834445,2.0218,7805,20750,-27769,-10755,-11959,-333,-387,0,-4335,-480,-306,0
2020-04-10,56044,56578,52908,54043,1250472,67579258296,0.3715,3086,-20306,-8199,962,-8907,411,-1012,0,347,23016,2403,0
2020-04-13,54510,56845,54376,55978,1017660,56966571480,3.5805,7070,-7312,12336,-9430,6809,3587,7267,1113,-1302,-11093,-1001,4292
2020-04-14,55711,56311,54243,54977,605099,33266527723,-1.7882,34495,-16972,4585,8170,2618,43,960,0,-7206,-23934,1826,0
2020-04-16,54576,54910,52842,53509,480644,25718779796,-2.6702,2161,8820,-11280,-104,-12970,-208,1739,0,255,-2048,2347,8
2020-04-17,53843,53976,52241,52909,560325,29646235425,-1.1213,32004,504,-31011,-8938,-4399,-3901,-2994,-5306,-4877,-1505,8,-596
2020-04-20,53375,54243,52642,52842,583309,30823214178,-0.1266,4824,3969,-8148,2456,-7051,-95,-422,0,-3036,-610,-35,0
2020-04-21,53376,53709,49372,51841,644200,33395972200,-1.8943,-12238,17224,-2418,2901,-4480,-246,1743,0,-2336,-2493,-75,0
2020-04-22,51908,52642,50773,52642,308825,16257165650,1.5451,-14177,3509,10687,12524,-176,1355,-104,0,-2912,0,-19,0
2020-04-23,52842,53242,51908,51908,301237,15636610196,-1.3943,26895,542,-27678,13321,-44212,2900,281,0,32,135,106,0
2020-04-24,51708,52708,51174,51575,316628,16330089100,-0.6415,-18718,7314,9497,9226,358,0,-15,1400,-1472,-2083,3990,0
2020-04-27,51841,52308,51441,51841,191475,9926255475,0.5158,-1456,-1142,2423,774,-2214,0,1585,-394,2672,35,140,0
2020-04-28,53309,53709,51908,52442,438766,23009766572,1.1593,-19682,27938,-10919,-102,-8617,-124,-147,0,-1929,1850,813,0
2020-04-29,52508,52642,51708,51841,215271,11159863911,-1.146,12488,-12400,-1559,-268,-2602,-981,975,-63,1412,1473,-2,-32
2020-05-04,50974,51507,50306,50374,218453,11004351422,-2.8298,37417,-21928,-15498,-2466,-5970,263,-1067,0,-6258,114,-105,0
2020-05-06,50507,54176,50373,51841,1029958,53394052678,2.9122,10399,-12310,1906,245,790,-80,345,0,608,230,-225,-2
2020-05-07,52108,52708,51307,52575,240615,12650333625,1.4159,5508,-1735,-6001,209,-1252,0,-5493,0,535,2210,18,0
2020-05-08,53042,53109,52441,53042,310724,16481422408,0.8883,-35502,4670,23525,18817,5001,-15,-476,0,198,7242,65,0
2020-05-11,54043,55244,53109,55244,827371,45707283524,4.1514,-75842,17609,59268,41675,16535,-84,3131,0,-1989,-1452,417,0
2020-05-12,55310,55511,54043,54310,406418,22072561580,-1.6907,29509,-44289,11190,9894,578,371,3245,0,-2898,3081,509,0
2020-05-13,54043,54043,52975,53643,326954,17538793422,-1.2281,4379,-11992,8816,14793,-5742,112,-1019,0,680,-1208,5,-8
2020-05-14,54043,65652,53509,63251,4733455,299395762205,17.911,33625,23867,65614,32052,14049,4803,18027,-1400,-1914,-118242,-4864,-3
2020-05-15,68054,78396,64718,65052,8279681,538609808412,2.8474,291090,-63292,-71193,-39797,-1272,-7023,-5353,-6126,-10804,-158559,1954,-818
2020-05-18,63650,70723,61916,68722,3378892,232204216024,5.6416,257,15518,-20407,-722,-6126,-62,-11162,189,-2608,4799,-167,84
2020-05-19,66453,70389,62850,62917,3297149,207446723633,-8.4471,117014,-32611,-67984,-55989,-8757,1519,-11046,0,6448,-13447,-2972,-159
2020-05-20,63584,65252,62049,62116,1074014,66713453624,-1.2731,47362,1452,-50282,-37022,-7234,-743,-5594,0,311,205,1263,0
2020-05-21,62583,63917,62249,62850,769888,48387460800,1.1817,9073,-1304,-10550,-2976,3790,-2472,-5064,0,-3828,2944,-163,0
2020-05-22,63650,64384,62916,63184,661496,41795963264,0.5314,6218,-7277,-3158,-352,-765,21,-154,0,-1908,4055,162,0
2020-05-25,63450,63851,62049,62517,403411,25220045487,-1.0556,8203,1769,-9817,-5741,-4437,-147,-20,0,528,-150,-5,0
2020-05-26,62916,62916,60848,61916,517617,32048774172,-0.9613,9588,8307,-18124,-13553,-4849,13,-318,0,583,-1027,1256,0
2020-05-27,62316,62383,60448,60582,411021,24900474222,-2.1545,987,5166,-5050,-52,-4602,-134,59,0,-308,523,-1626,-13
2020-05-28,60848,62516,60114,61716,480130,29631703080,1.8718,-11298,-6112,13306,14930,-895,-177,90,0,-629,4200,-96,-13
2020-05-29,61916,62383,61048,61316,319342,19580774072,-0.6481,1558,-10136,6723,6796,-775,-37,35,0,717,1800,55,-13
2020-06-01,60982,61315,60448,60782,376037,22856280934,-0.8709,28041,18293,-47505,-30781,-13658,352,-2588,0,-817,1356,-185,-13
2020-06-02,60848,61449,60381,61382,324969,19947247158,0.9871,-13805,13494,-3537,-4518,-136,138,173,0,806,4007,-159,0
2020-06-03,61716,63384,61115,61849,750310,46405923190,0.7608,3922,-5201,1357,-5589,-3221,0,1523,-135,8779,113,-191,0
2020-06-04,63050,63183,61515,61583,363981,22415041923,-0.4301,-1117,-5229,5198,-1718,-403,441,74,-10,6840,1444,-296,-26
2020-06-05,61582,63650,61182,62917,505643,31813540631,2.1662,-6585,4488,1191,-941,452,198,559,0,923,759,147,0
2020-06-08,63717,64251,62716,62917,496250,31222561250,0.0,582,-517,-2217,-2116,114,-4,82,0,-293,2002,150,0
2020-06-09,62716,66586,62316,65719,1628698,107036403862,4.4535,-39292,38678,9982,-1253,815,318,10192,0,-90,-8023,-1345,0
2020-06-10,67387,67720,64851,65586,919633,60315049938,-0.2024,24436,-31283,-1270,-5281,404,-21,1170,0,2458,7710,407,0
2020-06-11,65585,66319,64251,64518,660839,42636010602,-1.6284,-3078,-1979,2269,1670,7934,-622,2071,0,-8778,3022,-234,-6
2020-06-12,61649,63784,61182,63050,670923,42301695150,-2.2753,-6059,10226,-3882,-1461,-107,140,-3315,0,861,78,-363,0
2020-06-15,64384,71724,63317,64118,3489197,223720333246,1.6939,-729,12414,-2657,-1976,2320,-2550,3355,0,-3805,-6306,-2722,-1
2020-06-16,68054,68054,64384,65452,958375,62727560500,2.0805,49897,-40816,-8791,897,155,-1480,-10336,0,1976,-524,234,-3
2020-06-17,65118,66720,63317,64919,610088,39606302872,-0.8143,-15148,11717,387,-143,-228,2422,1522,0,-3186,5,3039,0
2020-06-18,65852,66319,64384,65386,430671,28159854006,0.7194,-27580,3092,24378,-578,12302,6443,3029,3150,32,69,41,0
2020-06-19,65986,66052,64051,64985,387251,25165506235,-0.6133,-8832,12427,-5725,133,-4545,-233,221,0,-1301,2100,30,0
2020-06-22,65385,68054,64518,67054,758216,50841415664,3.1838,-41938,26925,15510,3532,9892,-279,3021,0,-656,-752,255,0
2020-06-23,68054,68388,65052,65652,542951,35645819052,-2.0909,28680,-31997,1871,-1111,236,-1197,104,0,3839,1264,182,0
2020-06-24,66052,69722,65385,68388,914868,62565992784,4.1674,-33870,14952,12422,8764,4500,-23,354,0,-1173,6738,-242,0
2020-06-25,67387,79063,66719,76061,5518356,419731675716,11.2198,-153816,59292,101912,-7391,8725,61664,499,3414,35001,-1021,-6367,0
2020-06-26,80731,83066,72724,74059,2435787,180391949433,-2.6321,56873,-14962,-13558,30958,-4070,-8110,2228,-3079,-31485,-21935,-6418,0
2020-06-29,73392,91406,72391,89738,8033621,720921081298,21.171,-210749,30059,182196,74461,48894,31128,17626,0,10134,-3282,1776,-47
2020-06-30,88737,91406,82399,85735,3040827,260705302845,-4.4608,79813,685,-92236,7972,-18821,-64440,313,-430,-16444,2802,8936,-386
2020-07-01,86402,93074,82732,90406,4511536,407869923616,5.4482,-43624,-38909,85692,36718,12273,14271,796,4694,15376,-4514,1355,1564
2020-07-02,91406,91406,76060,81732,3278073,267923462436,-9.5945,-25759,-38971,50199,-1968,26853,6435,3729,1479,14679,6524,8007,-1008
2020-07-03,84067,85401,80397,84401,1347161,113701735561,3.2656,-120223,52857,75564,23366,18805,9774,4426,0,19193,-8861,663,0
2020-07-06,85401,92073,82065,88070,1705328,150188236960,4.3471,-144517,52418,84408,10018,9687,12410,10910,4572,37028,6931,760,-217
2020-07-07,87736,88404,84400,85402,705925,60287406850,-3.0294,8442,-6404,-997,9423,-4410,-4919,2151,0,-3139,-2383,1342,-103
2020-07-08,85068,97411,84734,93742,2816189,263995189238,9.7656,-182350,110156,80907,17626,22936,17556,-14491,-2719,46865,-7595,-1118,-6866
2020-07-09,94408,98078,90405,94742,1122794,106375749148,1.0668,-35197,-2691,35904,14401,8584,8606,8919,-3391,-1286,1861,123,71
2020-07-10,94742,99746,93074,94742,1171445,110985042190,0.0,-6176,21802,-15410,-35190,2639,13437,-3940,102,7542,424,-640,0
2020-07-13,95743,97077,92740,93742,547167,51292528914,-1.0555,9386,7186,-12975,2275,1702,-812,-82,0,-16058,-3492,-105,0
2020-07-14,95076,104083,93408,103750,1764260,183041975000,10.6761,-31206,19763,15076,13166,20467,8352,3160,311,-30380,-3702,69,0
2020-07-15,102081,103082,95409,100080,1255096,125610007680,-3.5373,72044,-48298,-9503,-25345,-9611,-15522,-2464,4245,39313,-5237,-9006,-119
2020-07-16,101748,108753,100747,107419,1462555,157106195545,7.3331,-80082,94389,-12819,-11165,3453,1997,849,2566,-10519,-930,-558,0
2020-07-17,106418,110421,105083,109421,703492,76976798132,1.8637,-44625,60207,-11080,-4368,-12508,-631,-3804,-1492,11723,407,-4909,0
2020-07-20,111422,119428,108753,118762,1383213,164273142306,8.5368,18980,-15266,1829,21863,-31380,-2520,-3039,-2190,19095,-3811,-1732,0
2020-07-21,113424,120763,112089,119095,1651568,196693490960,0.2804,99729,-49937,-54771,-8263,-39067,257,-12283,-5187,10771,-3481,8460,-999
2020-07-22,139778,154790,139778,154790,1962611,303792556690,29.9719,282786,-47831,-210493,-150750,-11772,-20240,-4611,505,-23622,-25175,713,-3
2020-07-23,176808,193488,158460,159127,7495570,1192747567390,2.8019,133671,63551,-194643,17305,-22489,-66065,80,-2095,-121498,8757,-11336,119
2020-07-24,152121,206832,149452,187150,10302621,1928135520150,17.6105,-64267,59518,8561,14743,-5587,-2180,4501,3043,-5834,-1943,-1869,-125
2020-07-27,219175,233519,201828,206832,6950103,1437503703696,10.5167,204474,-94807,-113344,-60345,-6011,-8546,7,-1128,-37941,5175,-1498,620
2020-07-28,200160,213170,188817,195156,1822875,355744993500,-5.6452,34551,-26876,-21556,-12717,-11285,-9598,-676,-662,13080,13159,722,302
2020-07-29,188484,190485,176474,179143,1618984,290029650712,-8.2052,-18499,17033,4546,-2402,-3798,2366,-772,-2513,12102,-3917,837,-437
2020-07-30,177475,190152,176474,182813,1073759,196297104067,2.0486,2969,-10910,575,-2405,1741,-808,-507,0,2328,7321,45,226
2020-07-31,182145,185815,178809,179477,497436,89278320972,-1.8248,3563,-9229,10821,-535,441,11676,-1077,0,316,-5487,332,0
2020-08-03,181478,184147,166800,179810,866932,155883042920,0.1855,-9921,-5827,12958,-609,-2038,171,-402,0,15836,3087,-297,0
2020-08-04,182812,200160,180477,200160,1615892,323436942720,11.3175,-56670,-4676,48346,-1302,6890,16245,454,-96,25145,11113,1887,1010
2020-08-05,209834,214838,199826,203496,1191733,242512898568,1.6667,-48213,23080,21318,-1095,9338,6163,-832,0,7744,3026,789,0
2020-08-06,203829,213504,196490,213170,809921,172650859570,4.7539,-62290,22454,39270,-184,1933,-3558,-174,0,41253,280,286,0
2020-08-07,216840,232519,210168,226181,1100358,248880072798,6.1036,-50069,-5745,37100,-457,8901,4209,-162,0,24609,16600,2114,0
2020-08-10,221510,289231,219508,267881,2720595,728795709195,18.4366,-106235,-6481,96972,473,-3462,12571,-848,0,82188,14726,1018,6050
2020-08-11,267880,276554,256538,267547,864636,231330767892,-0.1247,24960,63,-26144,-2764,-5657,-21939,-1095,0,5311,1231,-110,0
2020-08-12,268214,280891,252868,266880,717149,191392725120,-0.2493,50417,-21388,-27513,13,-128,-27309,-590,0,501,-2254,738,0
2020-08-13,278222,302908,273218,290899,1706550,496433688450,8.9999,-12158,15225,12966,-3349,2627,-3022,468,2265,13966,-16350,317,11
2020-08-14,294902,310915,253869,257539,2901541,747259967599,-11.4679,130341,-3040,-116216,26419,-28403,-65669,4455,0,-51811,-11381,296,-1207
2020-08-18,264878,269882,247531,252869,980953,248052604157,-1.8133,-48512,42039,6344,6617,-592,9590,4922,167,-14327,-275,404,-33
2020-08-19,256538,274886,254536,274886,1203743,330892098298,8.7069,-95297,32004,63602,18750,9409,20733,4513,906,9291,2158,-2467,0
2020-08-20,271884,276220,254870,267881,981649,262965115769,-2.5483,-9231,-39843,46332,27899,6682,8116,4461,-111,-765,110,2632,50
2020-08-21,273552,273885,261876,263878,593255,156546942890,-1.4943,23093,10500,-27819,555,161,-26620,493,-736,-1972,-4989,-785,300
2020-08-24,266880,268548,258539,266880,495331,132193937280,1.1376,-45185,23042,19074,10929,3799,-345,2541,49,2086,3449,-380,15
2020-08-25,275220,288230,271216,277889,1003829,278953036981,4.1251,-18777,-12352,25713,12529,4125,13519,-1388,7,-3109,5893,-477,30
2020-08-26,275887,279890,268548,276221,573513,158416334373,-0.6002,-23328,23551,-1058,4899,872,-4203,2168,0,-4818,729,106,24
2020-08-27,276888,277221,267547,268214,450609,120859642326,-2.8988,3977,2987,-5465,3496,812,-3717,664,0,-6720,-1503,4,0
2020-08-28,267213,272551,261208,262210,519011,136089874310,-2.2385,18645,6208,-23856,436,-11296,-9828,-645,0,-2523,-1443,446,0
2020-08-31,266880,268881,261875,262543,471186,123706585998,0.127,35934,7540,-42121,-13313,-2098,-16812,-853,-693,-8352,865,-2218,0
2020-09-01,266880,286896,261876,276888,1224643,339088950984,5.4639,-33675,12042,18758,8533,3808,733,2839,-328,3173,3883,-1008,0
2020-09-02,274886,285895,274552,277222,504084,139743174648,0.1206,1477,-21891,19724,8108,6448,788,1229,173,2978,674,16,0
2020-09-03,281224,282892,275553,276554,367705,101690288570,-0.241,-11457,7710,4710,5940,-973,-1765,1770,0,-262,-959,-4,0
2020-09-04,265212,270549,264544,269882,576640,155624756480,-2.4125,64705,-36288,-27177,3065,-5334,-13056,966,-2210,-10315,-1245,5,-293
2020-09-07,266212,267213,257872,262877,578536,152083808072,-2.5956,40041,-8841,-31558,4857,-3026,-21620,-435,0,-11334,2970,-2612,0
2020-09-08,260207,262876,243528,247198,933867,230850054666,-5.9644,46025,6491,-51648,-4378,-10662,-6388,-5136,0,-25054,-1571,703,-30
2020-09-09,214504,226180,201494,212170,3575135,758536392950,-14.17,11567,65052,-89230,-55307,-45202,-12125,-2197,-626,26402,12145,466,-175
2020-09-10,222511,237189,218508,230851,1936715,447092594465,8.8047,-12389,-46001,66313,11279,19260,24020,-336,0,12090,-6212,-1711,0
2020-09-11,232852,237856,225180,233186,659078,153687762508,1.0115,18420,-16575,-1325,-2148,-5632,-16015,4273,824,17373,-813,293,0
2020-09-14,246864,247531,229516,230851,842400,194468882400,-1.0013,95834,-33006,-55942,-2506,-4560,4924,-589,0,-53206,-7119,233,-5
2020-09-15,228849,242860,224846,242527,869543,210887655161,5.0578,-71521,33358,36552,-348,6925,19975,-574,-124,10661,1411,200,37
2020-09-16,240859,242193,231518,232186,623195,144697154270,-4.2639,53224,-33337,-22772,-6657,-10592,5820,-1085,0,-10258,1622,1263,0
2020-09-17,233853,236188,221843,225514,438019,98779416766,-2.8736,14996,-9358,-5836,-6607,2704,1762,258,0,-3953,75,123,0
2020-09-18,222844,229516,222177,224846,315538,70947457148,-0.2962,-31834,41028,-8960,-7465,1185,-2969,-8,-46,343,16,-250,0
2020-09-21,224846,226180,208166,211169,693112,146363767928,-6.0828,45969,15806,-58127,-20885,-13514,-7589,-2954,-279,-12901,-3351,-297,-5
2020-09-22,208833,209834,197824,203496,614501,125048495496,-3.6336,-68722,79328,-10163,2740,-2789,-2604,-1144,-103,-6263,-648,205,0
2020-09-23,205831,209500,192153,203162,574891,116796005342,-0.1641,-23350,22703,1611,9609,-2530,-411,-22,0,-5022,-1003,39,-13
2020-09-24,197824,198825,181812,183480,728835,133726645800,-9.6878,-5354,35869,-24104,-4350,-6388,149,-4266,-114,-9135,-5610,-801,0
2020-09-25,188150,213837,184480,200827,2114856,424720185912,9.4544,90368,-108748,17310,8848,5415,2812,-177,0,412,1449,-379,0
2020-09-28,204830,206832,190819,192821,568570,109632235970,-3.9865,35246,-23790,-10129,13,-2217,-9144,345,-1030,1904,-1554,227,0
2020-09-29,194488,201828,193154,197825,440111,87064958575,2.5952,-27521,29314,-1339,208,694,-305,2085,0,-4021,-301,-153,0
2020-10-05,199826,200827,194822,199493,224162,44718749866,0.8432,-4330,-2350,6797,-4044,-1106,10204,-1356,0,3099,-123,6,0
2020-10-06,199492,214504,198492,209834,729189,153008644626,5.1836,-77288,22161,55582,9413,17335,25902,1628,114,1190,-624,169,0
2020-10-07,207832,214504,207832,209834,322416,67653838944,0.0,11049,-22826,12462,9548,2863,-1811,331,0,1531,-520,-165,0
2020-10-08,213503,239191,211835,232853,1521060,354183384180,10.9701,-109118,35075,78617,40151,13241,16200,5329,1234,1226,-3031,-1543,1236
2020-10-12,235187,246196,230851,237190,732767,173805004730,1.8625,-6161,-32501,39299,9534,7043,14760,1923,0,6039,-410,-227,0
2020-10-13,245196,245196,234187,236189,509976,120450721464,-0.422,-6553,-16280,22329,9607,5868,5077,2187,248,-658,508,-4,0
2020-10-14,236522,238524,224846,230851,490935,113332835685,-2.2601,-5538,-801,6473,906,889,-2168,1652,-276,5640,-223,89,-170
2020-10-15,231852,239524,229516,237523,655758,155757607434,2.8902,-52188,37045,15557,-308,4021,9436,-1625,14,4016,-330,-84,3
2020-10-16,237189,237856,223845,228182,439514,100289183548,-3.9327,11136,-3548,-9387,4076,440,-1655,-1452,-71,-10727,1663,136,2
2020-10-19,231518,235855,218508,226181,435814,98572846334,-0.8769,-23215,22448,1500,-2322,-297,5513,435,-2470,640,-543,-190,1
2020-10-20,221510,224179,204163,214838,638330,137137540540,-5.015,53478,11126,-67106,-5368,-6292,-50632,-2500,0,-2314,2589,-87,0
2020-10-21,216506,222844,209167,214171,428731,91821747001,-0.3105,-5184,17054,-10804,8541,-8492,-12410,642,0,915,-1069,3,0
2020-10-22,207832,212503,202828,203496,535932,109060018272,-4.9843,49916,-27524,-25302,2010,-10881,-12422,-863,0,-3148,2576,334,2
2020-10-23,203162,214838,199826,209834,416740,87446221160,3.1146,-56873,27435,28535,21212,6313,-244,3005,0,-1752,657,246,1
2020-10-26,213837,223512,211836,222845,530770,118279440650,6.2006,-86384,17582,69088,21545,16261,23312,3296,236,4437,-231,-55,1
2020-10-27,227848,234854,224512,227849,585189,133334728461,2.2455,-20011,-6258,27663,2987,13169,12908,-431,89,-960,-1317,-77,-99
2020-10-28,232185,236522,227181,230851,391057,90275899507,1.3175,-23371,14530,8653,1723,3807,2341,1284,132,-619,61,127,-15
2020-10-29,227181,243194,224846,242194,1003044,242931238536,4.9136,-97084,59161,36086,15302,12352,4545,4710,328,-1773,2283,-446,622
2020-10-30,242860,242860,228849,230851,706854,163177952754,-4.6834,36328,-65494,31813,22690,4669,4360,-29,1393,-1270,-2609,-38,0
2020-11-02,233853,234854,226848,231852,293681,68090527212,0.4336,4635,4373,-6669,8807,149,-8875,-603,0,-6147,-2361,22,0
2020-11-03,233520,245195,231851,245196,928744,227724313824,5.7554,-48929,42531,7998,18849,3156,-19813,4582,-1406,2597,-1566,-34,33
2020-11-04,250533,267547,245863,261542,2138073,559195888566,6.6665,-97650,35520,51966,7701,23541,-1586,10112,2701,9497,10406,-242,0
2020-11-05,263210,266546,253536,259874,856703,222634835422,-0.6378,-7687,18599,-6995,-13355,4725,-3421,2697,-132,3128,-3836,-81,-637
2020-11-06,261208,274552,256538,272885,1141263,311433553755,5.0067,-85486,72767,10667,-22663,10448,19758,-1310,140,4294,2646,-594,0
2020-11-09,285561,303576,281224,299906,1761037,528145562522,9.902,-130634,120036,5904,-913,7669,-561,-667,-1060,2463,5215,-521,-1027
2020-11-10,289564,306578,279223,304243,1512972,460311140196,1.4461,55540,-52974,-3237,8266,-1311,-10112,-681,1954,-1353,1815,-1144,0
2020-11-11,305577,305577,269548,270216,1602259,432956017944,-11.1842,100934,-1593,-103092,-28188,-25165,-37099,-8625,-79,-3956,2621,1130,20
2020-11-12,275887,283560,262876,266546,917436,244538896056,-1.3582,24629,-16369,-5624,2304,-1505,-2207,-402,-32,-3782,-2554,-82,0
2020-11-13,266546,277221,248531,268882,1113221,299325088922,0.8764,-15601,-15335,30441,28946,788,-585,1160,30,958,385,110,-856
2020-11-16,267547,271550,264211,266880,377391,100718110080,-0.7446,259,12551,-13185,-4836,-4907,-2529,42,-1147,1163,465,-90,-971
2020-11-17,269215,285561,268548,282893,996114,281793677802,6.0001,-16837,10247,6142,348,1820,837,-493,41,3602,533,-85,-13
2020-11-18,292567,297237,285895,289231,896311,259240926841,2.2404,-4533,-3420,9457,-3893,1152,7366,420,31,4298,-1556,52,83
2020-11-19,291566,298905,283893,295570,685340,202565943800,2.1917,-25121,24124,2107,2355,5391,-2395,-1519,0,-1728,-723,-387,3
2020-11-20,297904,302908,290565,294902,653981,192860304862,-0.226,-21106,14937,8106,-1517,813,7879,83,14,827,-2117,180,7
2020-11-23,297571,300240,292233,299573,490111,146824022603,1.5839,-24960,28395,-1613,-2408,456,-671,-1043,0,2130,-1069,-753,-77
2020-11-24,300240,300240,281892,285562,1130534,322837550108,-4.677,65641,-29706,-34576,-2541,-13726,-12623,-2674,-23,-2995,-1331,-28,6
2020-11-25,287896,289898,274886,277555,864922,240063425710,-2.8039,27865,-1987,-27285,-11835,-8784,352,-3573,0,-3452,1126,281,7
2020-11-26,274886,287229,271884,277555,704342,195493643810,0.0,-57415,56869,2830,10123,-3684,-651,-684,0,-2303,-2981,697,29
2020-11-27,268881,289564,267213,289565,891355,258105210575,4.3271,-86111,114739,-31227,-18587,-4880,-286,-6064,-14,-1439,2992,-393,43
2020-11-30,293234,293234,281558,284227,1760007,500241509589,-1.8435,-58498,155488,-95123,-61952,-4885,-6997,-11861,0,-8853,-1757,-110,-575
2020-12-01,280891,285227,273218,274219,634501,173992229719,-3.5211,111707,-69422,-39788,-20777,-11364,-2114,-5477,0,-56,-3125,628,0
2020-12-02,275553,277221,268548,269215,497674,133981305910,-1.8248,44974,-18919,-26656,-9596,-8995,-699,-1697,-165,-5504,-685,1286,0
2020-12-03,272217,275887,268214,271217,369630,100249939710,0.7436,9813,3400,-12388,-530,-4385,-4910,-1010,-270,-1283,-351,-474,0
2020-12-04,269882,269882,260875,261542,599901,156899307342,-3.5673,67595,-20976,-46072,-21583,-11993,-5004,-7757,-231,508,-530,-17,-12
2020-12-07,261876,263877,250200,259541,699615,181578776715,-0.7651,-64897,80558,-17383,-3748,-3692,431,-2037,-122,-2215,1197,525,-6000
2020-12-08,263544,265212,251200,251868,569528,143445878304,-2.9564,59464,-65384,123,503,-3963,987,946,-153,1803,5271,526,0
2020-12-09,254536,261208,251868,255538,376033,96090720754,1.4571,-12060,11245,840,-840,-1065,676,221,0,1848,-655,630,0
2020-12-10,251868,261876,250200,258540,410045,106013034300,1.1748,-252,-12237,12760,10923,-2249,168,-2390,0,5984,-342,71,324
2020-12-11,258539,259874,254536,255538,214237,54745694506,-1.1611,23107,-9212,-13741,-4282,-6258,-1153,-193,0,-1855,-627,473,0
2020-12-14,255537,257205,250200,250867,249654,62629950018,-1.8279,2891,-1483,-1486,3095,-1567,760,-61,-135,-3578,383,-305,0
2020-12-15,249199,250533,241526,248532,321046,79790204472,-0.9308,-13772,5993,7238,10248,-1510,1070,-12,0,-2558,338,203,0
2020-12-16,250867,259874,250867,253536,387400,98219846400,2.0134,-17090,13991,4294,433,419,-161,1875,0,1728,-1536,341,0
2020-12-17,256538,256871,251534,253870,151009,38336654830,0.1317,-11803,5916,6289,7770,-1649,-2910,1543,88,1447,-441,39,0
2020-12-18,255537,266212,252868,257539,554218,142732749502,1.4452,-23655,503,20553,16501,671,-261,2320,0,1306,2456,143,16
2020-12-21,264211,269548,260875,268882,588850,158331165700,4.4044,-56105,25259,33694,30419,-271,2332,2177,0,-903,-2455,-393,-60
2020-12-22,268881,268881,255871,256872,399597,102645280584,-4.4666,60880,-61703,-97,-265,-85,-201,3,0,451,669,251,0
2020-12-23,257205,259540,251534,252869,283261,71627925809,-1.5584,7751,6677,-16056,-11366,-1805,-1417,-995,-13,-454,1605,23,-6
2020-12-24,252535,255204,248198,251201,206401,51848137601,-0.6596,3816,-3661,1654,-669,-1300,194,-35,-12,3476,-1923,114,0
2020-12-28,256872,265212,250867,252202,591733,149236246066,0.3985,-77997,61641,21186,-264,2859,9723,-26,0,8565,-5106,276,329
2020-12-29,257872,269548,254203,267881,700510,187653319310,6.2168,-128752,121438,10636,-2980,2425,13230,2980,71,-5086,-2660,-662,-4
2020-12-30,263210,264544,258206,261876,523807,137172481932,-2.2417,76843,-55762,-24365,-4123,-1793,-14837,-2006,2,-970,3214,70,-638
2021-01-04,267547,268548,257205,264211,545112,144024586632,0.8916,37405,10216,-54984,-41715,-5802,-3649,-1738,0,-2080,7386,-23,0
2021-01-05,262209,266880,258540,261209,298237,77902188533,-1.1362,39825,-12488,-26624,-19530,-1765,-420,-633,0,-4385,-918,205,109
2021-01-06,260541,263210,256871,256872,281781,72381649032,-1.6604,28779,-7740,-21348,-12130,-2342,-2272,-82,-122,-4400,228,81,0
2021-01-07,257539,260207,254536,257206,265725,68346064350,0.13,7545,10797,-18097,-11658,-7578,-4099,-1415,54,6599,17,-262,0
2021-01-08,259207,260875,253536,254870,389717,99327171790,-0.9082,29945,19742,-52583,-41083,-6259,-477,-2219,-200,-2271,2820,76,-74
2021-01-11,254203,254203,240191,242194,575751,139443437694,-4.9735,53179,-19515,-32648,-3650,-6885,-2896,-6291,-231,-12637,-1296,280,-58
2021-01-12,244195,247531,239524,240192,220802,53034873984,-0.8266,6639,3798,-12249,-2846,-1463,-2078,-642,0,-5220,1729,83,0
2021-01-13,243861,246864,240859,240859,177540,42762106860,0.2777,9540,-4509,-6143,-3437,-2896,-117,-1257,0,1564,1155,-43,0
2021-01-14,239524,242193,234854,237523,217546,51672178558,-1.385,3515,6560,-6709,4108,-5389,-525,-950,-440,-3422,-3418,52,-91
2021-01-15,237523,241860,231184,233186,294090,68577670740,-1.8259,4816,13724,-19663,-12846,-2623,-111,-561,0,-3454,789,334,-68
2021-01-18,235855,252201,234854,250867,641070,160823307690,7.5824,-77461,45719,20576,4610,7752,-1340,3675,0,5260,11153,13,619
2021-01-19,254870,262543,245863,261542,626257,163792508294,4.2552,-101091,66048,36001,6484,7385,1423,7890,0,12686,-574,-384,133
2021-01-20,265545,270216,250533,263210,1199672,315765667120,0.6378,-129263,101295,32649,-623,6231,21308,51,0,6135,-4438,-243,-453
2021-01-21,274886,281892,266546,279557,1331957,372357903049,6.2106,-198582,146353,54477,11341,12808,16923,5520,0,7885,-1534,-714,0
2021-01-22,283226,286228,271550,273886,571930,156643619980,-2.0286,31737,-25310,-7464,-2649,-2480,-8084,2429,127,3101,642,395,92
2021-01-25,279556,284560,275220,276221,363572,100426221412,0.8525,-9017,-2504,11997,3340,3336,-607,47,0,5881,-215,-261,0
2021-01-26,283226,299906,280224,293234,1347885,395245710090,6.1592,-145553,121270,24454,3283,6553,10943,3727,0,-161,1535,-1706,109
2021-01-27,289564,295903,263877,275220,982884,270509334480,-6.1432,50032,-55444,6323,7342,1651,-2577,1257,45,-1106,-1536,625,-289
2021-01-28,266546,283560,265545,277889,394813,109714189757,0.9698,3902,-1784,-4156,-3725,1475,-5121,-258,1500,1973,2281,-243,0
2021-01-29,299572,299572,275887,280891,942821,264829933511,1.0803,-10270,2241,10269,2462,3017,3130,-284,500,1444,-3275,1035,0
2021-02-01,288897,295236,277888,293234,671972,197045037448,4.3942,-44006,35700,9068,-12979,4035,1121,6196,1000,9606,-1559,797,89
2021-02-02,290899,294568,283893,290566,581709,169024857294,-0.9099,-67403,48114,17835,-3295,1532,1483,-129,1626,16490,1245,209,128
2021-02-03,293901,311582,286228,308580,1091193,336720335940,6.1996,-96171,66844,38621,-10988,12038,5999,20452,871,9809,-8318,-976,440
2021-02-04,304910,305244,289898,295570,674655,199407778350,-4.2161,75518,-55420,-25438,-10557,-5118,-4690,9286,0,-14359,4939,401,0
2021-02-05,293901,298571,282225,282226,650543,183600148718,-4.5147,8885,-7035,139,-5691,-322,-3164,3438,749,3729,-2031,42,1400
2021-02-08,278889,283226,270883,280224,461658,129367651392,-0.7094,-10981,37434,-28858,-16926,-7533,-4313,-467,0,256,2107,298,125
2021-02-09,281892,284227,274219,274553,295018,80998076954,-2.0237,-14995,31885,-9682,-12970,1740,1714,-665,0,421,-7206,-2,78
2021-02-10,271884,276554,260875,267214,630318,168429794052,-2.6731,67600,-19688,-49038,-23274,-10949,-6692,-2084,0,-6039,452,674,0
2021-02-15,266546,266546,258540,260875,362750,94632406250,-2.3723,61201,1150,-61680,-19836,-5630,-3605,-26002,-1025,-5555,-857,186,-27
2021-02-16,262876,268214,260875,261209,376418,98323769362,0.128,45749,-18246,-33323,-15185,-3049,57,-11756,0,-3274,5853,-33,-116
2021-02-17,262543,262876,252535,254203,385424,97975937072,-2.6821,78613,-25663,-53455,-29021,-8400,-3636,-7996,0,-4402,-509,1014,0
2021-02-18,252201,257872,246196,246530,345808,85252046240,-3.0185,45401,-19729,-30643,-15871,-215,-8963,-757,0,-4837,4652,319,0
2021-02-19,246530,251200,234187,250534,543844,136251412696,1.6241,24528,5845,-34334,-23839,-5897,172,-1273,-8,-3480,4104,-143,-9
2021-02-22,253869,253869,238857,241193,305597,73707857221,-3.7284,60053,-21125,-39338,-22442,-9094,-5463,-524,-94,-1661,189,221,-60
2021-02-23,240191,248532,234854,244529,330303,80768662287,1.3831,23950,17718,-42526,-34773,-5801,463,-1952,0,-463,728,130,0
2021-02-24,246196,260541,244528,256872,605914,155642341008,5.0477,-30693,24679,5637,-8443,6160,5953,373,45,1549,337,40,0
2021-02-25,262209,264878,254203,257206,314466,80882541996,0.13,26331,-18848,-8047,-3183,-3710,-3110,-1124,0,3083,526,38,-3
2021-02-26,249532,252868,245529,251534,272833,68626775822,-2.2052,5141,8199,-11602,-3590,-1269,-2673,-146,0,-3855,-1757,19,-69
2021-03-02,256204,256204,241860,243862,283728,69190477536,-3.0501,31240,-12055,-15740,-8898,-5819,-3976,-2844,0,5797,-3471,26,0
2021-03-03,242527,246196,229183,231518,535520,123982519360,-5.0619,91311,-48906,-40736,-22852,-13176,-1385,-3173,-200,50,-2398,729,0
2021-03-04,229183,229516,209167,210502,917344,193102746688,-9.0775,166174,-104246,-65654,-40305,-13181,5289,-5769,-2112,-8270,5273,-1547,-1306
2021-03-05,205497,214838,202495,210168,623125,130960935000,-0.1587,50966,-15171,-37868,-19313,-6743,-2462,-2339,-72,-6939,1791,282,0
2021-03-08,212836,213170,196824,196824,602475,118581539400,-6.3492,34665,1677,-38577,-19481,-5401,-5586,-2582,-75,-5452,2437,-202,0
2021-03-09,197157,202161,187816,192487,582920,112204522040,-2.2035,6417,22633,-30626,-30628,-1937,1682,-2576,0,2833,1206,370,0
2021-03-10,194488,196156,184480,184814,655626,121168863564,-3.9862,49599,-24773,-28817,-19416,-6343,-1789,-596,0,-673,4061,-70,0
2021-03-11,185815,189151,179810,182813,598494,109412483622,-1.0827,53045,27064,-84146,-60737,-17899,1349,-5344,0,-1515,4118,-81,0
2021-03-12,186482,203829,185481,202495,1098534,222447642330,10.7662,38422,-35245,-4488,-12334,7023,4748,-2298,0,-1627,762,549,0
2021-03-15,203162,203496,195489,199826,357617,71461174642,-1.3181,45177,-29743,-18291,-3943,-5236,-435,-4110,0,-4567,1912,945,0
2021-03-16,200160,202161,194155,199493,392524,78305790332,-0.1666,1490,2118,-4468,841,-950,-750,-3364,0,-245,817,43,0
2021-03-17,201827,212169,198825,212170,724598,153737957660,6.3546,-12112,11006,205,-1386,6610,-4395,90,0,-714,1152,-251,0
2021-03-18,221176,221510,200160,200827,1184498,237879179846,-5.3462,-3044,16034,-12758,-3388,-6914,-4837,-983,0,3364,-747,515,0
2021-03-19,195489,197491,190152,193488,722113,139720200144,-3.6544,-4741,11759,-8810,-1491,-940,-1342,-3111,0,-1926,1071,721,0
2021-03-22,193488,193488,183480,183480,346007,63485364360,-5.1724,11603,-8511,-3025,-716,-1273,-232,-1997,0,1193,-216,149,0
2021-03-23,185148,189818,182145,182479,301614,55038221106,-0.5456,29336,-20549,-6747,-5265,-1337,423,-959,0,301,-2170,130,90
2021-03-24,180477,182812,177141,178142,216409,38551532078,-2.3767,7221,-4885,-2414,-4846,-362,-107,106,0,2795,148,-70,0
2021-03-25,178142,181478,174472,176808,229323,40546140984,-0.7488,-11150,19429,-9672,-11407,-349,583,-1102,0,2603,1275,118,0
2021-03-26,177475,181812,176140,180144,177522,31979523168,1.8868,8279,-10107,386,-683,-343,131,-129,0,1410,1186,256,0
2021-03-29,180144,180144,172137,172471,300535,51833571985,-4.2594,10352,2446,-12831,-12972,275,-24,190,0,-300,-278,311,0
2021-03-30,173805,176140,171470,173806,191109,33215890854,0.774,6338,-8979,2675,-2138,-182,2,-128,0,5121,6,-40,0
2021-03-31,176140,176140,166800,167134,378698,63293311532,-3.8388,55364,-40564,-15470,-11247,-577,164,261,0,-4071,592,78,0
2021-04-01,167133,174472,163797,171137,332275,56864546675,2.3951,-23524,23054,-927,616,588,233,56,0,-2420,1528,-131,0
2021-04-02,173138,177475,172804,176808,210622,37239654576,3.3137,-450,-6570,6153,3407,1518,394,608,0,226,909,-42,0
2021-04-05,178476,179143,172137,172805,181646,31389337030,-2.264,44567,-39382,-4828,3170,-3566,-2886,-37,0,-1509,-425,68,0
2021-04-06,173472,173805,166466,167467,248119,41551744573,-3.089,36549,-39259,759,3393,-5,-3,-424,0,-2202,1860,91,0
2021-04-07,164798,168468,161462,166800,227139,37886785200,-0.3983,-17151,14006,2941,3709,-272,80,11,0,-587,284,-80,0
2021-04-08,166800,172471,163130,170136,329408,56044159488,2.0,-13006,18496,-4137,2278,-1216,-175,-240,0,-4784,-1345,-8,0
2021-04-09,171470,175807,169135,173472,233933,40580825376,1.9608,-7706,9543,410,3685,255,356,101,0,-3987,-2075,-172,0
2021-04-12,176474,179476,174139,175807,233530,41056208710,1.346,19127,-23875,1503,3380,3,-339,-14,0,-1527,2759,486,0
2021-04-13,179476,184814,178809,184147,389122,71655648934,4.7438,-17697,9436,6947,3700,1091,198,989,-141,1110,1549,-235,0
2021-04-14,185148,187816,180811,184814,236138,43641608332,0.3622,22070,-35528,10991,9113,-68,-20,222,0,1744,2017,450,0
2021-04-15,185481,185815,181812,183146,128488,23532063248,-0.9025,-2183,3544,-1179,26,-224,-110,47,0,-1099,-172,-10,181
2021-04-16,183480,184814,180144,183480,163690,30033841200,0.1824,-636,-5809,7486,9976,-177,-40,255,0,-2528,-920,-121,0
2021-04-19,182812,187816,180477,186816,232310,43399224960,1.8182,-38061,26187,11560,10212,155,422,-22,0,793,548,-234,0
2021-04-20,187483,188484,185815,186482,137618,25663279876,-0.1788,10842,-24433,12302,10320,-95,-107,518,0,1666,1276,13,0
2021-04-21,185481,187483,182812,186816,165273,30875640768,0.1791,-16920,9894,5994,9197,-92,586,85,0,-3782,1063,-31,0
2021-04-22,188150,195156,187816,191486,391254,74919663444,2.4998,-19739,2984,19649,9568,1149,-28,8380,0,580,-1827,-1067,0
2021-04-23,191820,192153,187816,191486,138765,26571554790,0.0,-5234,-4601,11166,9395,410,0,1274,0,87,-1073,-258,0
2021-04-26,193154,194488,190152,190152,164621,31303012392,-0.6967,605,-8719,8688,9941,-967,75,-636,0,275,-548,-26,0
2021-04-27,192820,192820,188484,190819,135151,25789378669,0.3508,-5950,-5635,9649,8872,-25,461,8,0,333,2045,-109,0
2021-04-28,191820,197157,188150,189818,258449,49058272282,-0.5246,-4885,-178,7403,8727,-982,401,-63,0,-680,-1857,-483,0
2021-04-29,189484,189484,177808,178810,313137,55992026970,-5.7992,34694,-40770,5532,9891,-826,-411,-3230,0,108,217,327,0
2021-04-30,180144,181144,176140,177809,115730,20577835570,-0.5598,-11625,1204,10410,9726,801,-9,-55,0,-53,-60,71,0
2021-05-03,176474,177808,169135,170136,185279,31522627944,-4.3153,23873,-4201,-12997,-1298,21,-5723,-6099,0,102,-6693,18,0
2021-05-04,166800,170469,164464,170136,173088,29448499968,0.0,-2161,20068,-18237,-2529,-122,-15768,-633,0,815,226,104,0
2021-05-06,170136,172137,167467,170803,104859,17910231777,0.392,10632,-9860,-1514,-112,14,-3774,-323,0,2681,721,21,0
2021-05-07,169135,172137,169135,170470,104134,17751722980,-0.195,9168,-10884,1613,280,-176,56,8,0,1535,41,62,-90
2021-05-10,177475,185148,175807,182479,353420,64491728180,7.0446,-51631,29383,23759,-294,2178,9200,324,0,6051,-1301,-210,6300
2021-05-11,182812,185481,173805,174139,268554,46765725006,-4.5704,89367,-78668,-6803,-186,241,-2562,128,0,-4424,-4109,213,0
2021-05-12,174472,174806,167133,168134,258584,43476762256,-3.4484,46459,-45526,-1290,-811,-844,-1056,-129,0,1550,206,151,0
2021-05-13,163797,169802,163464,166800,145856,24328780800,-0.7934,3535,-13078,8998,2616,-62,27,8,0,6409,432,113,0
2021-05-14,167800,170469,167800,169802,92515,15709232030,1.7998,-11100,11404,-322,-270,446,150,8,0,-1141,104,-86,485
2021-05-17,170803,175140,170803,171470,99472,17056463840,0.9823,-6601,941,5649,-132,2591,4728,-2210,0,672,-31,42,0
2021-05-18,171136,175473,170803,170803,95863,16373687989,-0.389,-7990,-531,8330,78,-241,3299,3,0,5191,189,2,0
2021-05-20,171136,171136,166132,167467,139688,23393130296,-1.9531,24531,-27277,2541,-279,740,2970,148,0,-1038,68,137,0
2021-05-21,168134,170136,167467,167801,63188,10603009588,0.1994,-916,490,253,-39,4,34,-1,0,255,154,19,0
2021-05-24,169468,169802,163464,164131,119209,19565892379,-2.1871,35499,-26257,-9343,-4268,-4113,45,-2192,0,1185,164,-63,0
2021-05-25,163797,165799,163797,165799,80656,13372684144,1.0163,-17844,13452,4718,52,-11,173,65,0,4492,-332,6,-53
2021-05-26,165465,167133,164798,165799,87962,14584011638,0.0,-17196,21800,-1351,-896,-1203,4,-649,0,1215,-2224,-1029,178
2021-05-27,166466,166466,159794,162130,219466,35582022580,-2.2129,37456,-19580,-2095,26,-1156,-20,-695,0,750,-15787,6,-1000
2021-05-28,162463,169802,160128,169135,188405,31865879675,4.3206,-81539,82149,-23,113,-2291,143,-487,0,2499,-540,-47,0
2021-05-31,169468,170469,167800,169135,87572,14811490220,0.0,4940,2910,-7461,1592,-4862,257,-34,0,-4414,-377,-12,0
2021-06-01,170136,171136,168134,170136,68790,11703655440,0.5918,-8344,3443,4892,1662,-506,-158,-82,0,3976,14,-5,0
2021-06-02,170135,172137,167800,171137,90820,15542662340,0.5884,-13109,9665,2797,1310,1670,14,569,0,-766,750,-103,0
2021-06-03,171804,174806,171470,172805,121039,20916144395,0.9747,-11646,9023,2290,1339,-135,8,-65,0,1143,-34,367,0
2021-06-04,173138,173472,169135,170470,79679,13582879130,-1.3512,21779,-20249,-1686,1102,115,101,53,0,-3057,121,35,0
2021-06-07,170803,171804,168801,169135,70685,11955307475,-0.7831,-5401,2754,2467,1505,-161,208,5,0,910,143,37,0
2021-06-08,170803,172804,170803,171470,77791,13338822770,1.3806,-15280,10722,3893,1592,144,-62,-122,0,2341,666,-1,0
2021-06-09,171804,173472,168134,168802,103303,17437753006,-1.556,23109,-26659,3239,5505,1404,-2265,-94,0,-1311,274,37,0
2021-06-10,168801,176808,168801,176141,220325,38808265825,4.3477,-80412,71724,10449,8380,-1550,358,8327,0,-5066,-330,-1431,0
2021-06-11,176808,177475,174139,174473,102403,17866558619,-0.947,12507,-16757,3755,4621,-626,-34,161,0,-367,366,129,0
2021-06-14,175140,177141,174472,176808,73116,12927493728,1.3383,-9326,2470,6059,5179,-472,-353,3083,0,-1378,815,-18,0
2021-06-15,178142,181144,171803,173806,209633,36435473198,-1.6979,54589,-57391,1869,3833,-654,-442,-1039,0,171,776,157,0
2021-06-16,174139,175140,171470,174473,57260,9990323980,0.3838,-3942,4158,38,1223,-365,-28,-179,0,-674,-269,15,61
2021-06-17,173472,183813,172471,183146,367046,67223006716,4.971,-132974,95734,36754,11846,12595,13985,2378,0,-4050,813,-327,0
2021-06-18,183813,184480,180143,180478,143717,25937756726,-1.4568,27999,-38094,9006,1387,2055,3274,-278,0,2645,1312,-223,-77
2021-06-21,179810,180477,176474,179477,110109,19762032993,-0.5546,21675,-25043,1271,4683,-6,-513,49,0,-2942,1967,130,0
2021-06-22,180144,181478,176140,177142,125680,22263206560,-1.301,42701,-34617,-7083,1485,-724,-7473,-9,0,-362,-1117,116,0
2021-06-23,177141,181144,175473,178810,158650,28368206500,0.9416,-14134,12705,796,1122,-483,-277,-26,0,460,563,70,0
2021-06-24,179476,181144,175473,175474,138162,24243838788,-1.8657,34703,-37979,965,1324,-2047,-8,-244,0,1940,2483,-172,0
2021-06-25,175807,176140,172804,174139,118281,20597335059,-0.7608,12632,-11576,469,-2474,-22,-27,71,0,2921,-1631,106,0
2021-06-28,174139,174806,172471,173806,77056,13392795136,-0.1912,3478,-1730,-823,1061,-270,-61,-17,0,-1536,-996,71,0
2021-06-29,175140,176474,173138,174473,94421,16473915133,0.3838,11653,-5473,-7165,1402,-3219,-2552,51,0,-2847,935,50,0
2021-06-30,174472,174806,172804,173472,77439,13433498208,-0.5737,7817,-5585,-4206,1079,-2058,-2415,-134,0,-678,1834,140,0
2021-07-01,172804,173138,170136,172805,122389,21149431145,-0.3845,25045,-17681,-12560,-2031,-2033,-2316,-3151,0,-3029,5240,-44,0
2021-07-02,172137,172471,170469,171137,67780,11599665860,-0.9652,7572,-4577,-2550,26,-459,-1949,167,0,-335,-340,-105,0
2021-07-05,170803,173805,170469,173138,75526,13076420588,1.1692,-12221,6968,6156,3610,192,6,1325,0,1023,-916,13,0
2021-07-06,173805,174472,172137,173138,60007,10389491966,0.0,-2174,3243,-550,-399,-365,-47,-408,0,669,-552,33,0
2021-07-07,172471,173138,170135,171137,83272,14250920264,-1.1557,6585,-4511,-2262,-3168,2088,-13,304,0,-1473,169,19,0
2021-07-08,171136,171136,167467,167467,135586,22706180662,-2.1445,34601,-31150,-2739,-882,-15,-214,-1496,0,-132,-653,-59,0
2021-07-09,166466,166466,163464,164798,110883,18273296634,-1.5937,11029,-6999,-1459,-316,556,177,643,0,-2519,-2597,26,0
2021-07-12,164798,166800,164131,165132,57109,9430523388,0.2027,8098,-7214,-684,-1298,-43,71,-3223,0,3809,-277,77,0
2021-07-13,165132,167133,165132,166133,57857,9611956981,0.6062,4170,-3913,-250,-2849,0,6,966,0,1627,-34,27,0
2021-07-14,166800,172471,166466,171470,141494,24261976180,3.2125,-36480,36647,-1298,500,-2006,34,1999,0,-1825,1047,84,0
2021-07-15,171470,173138,169468,170470,63657,10851608790,-0.5832,10184,-12211,2327,-37,39,36,594,0,1687,-282,-18,8
2021-07-16,169468,171136,168468,169135,63702,10774237770,-0.7831,1144,4019,-5513,-331,50,54,-3440,0,-1846,457,-107,0
2021-07-19,168134,169468,167467,168802,54792,9248999184,-0.1969,-452,6655,-4822,-3776,-52,10,19,0,-1023,-1235,-146,0
2021-07-20,167467,170469,167467,167801,59928,10055978328,-0.593,-762,-1052,1294,52,811,-3,-210,0,644,510,10,0
2021-07-21,169468,169802,165799,166466,63416,10556607856,-0.7956,8779,-6309,-401,-13,-21,35,-23,0,-379,-2796,727,0
2021-07-22,167133,167133,165799,166800,39191,6537058800,0.2006,-3094,-1788,4961,182,-80,-41,-5,0,4905,0,-79,0
2021-07-23,166800,167800,166132,167467,48633,8144422611,0.3999,-9597,1239,8486,6656,-58,-156,9,0,2035,-70,-58,0
2021-07-26,167800,167800,164131,164465,64150,10550429750,-1.7926,8230,-7998,-1119,-78,-58,-54,-153,0,-776,808,79,0
2021-07-27,164798,166132,164131,164465,63135,10383497775,0.0,28,-3383,3380,2381,3,-1,12,0,985,-2,-23,0
2021-07-28,163797,164464,162463,162797,87025,14167408925,-1.0142,7079,-10123,248,26,-1482,-728,-39,0,2471,598,2198,0
2021-07-29,162463,163797,161128,161462,63389,10234914718,-0.82,11748,-12281,476,-807,64,59,-298,0,1458,-83,140,0
2021-07-30,160461,161796,158126,158126,124586,19700285836,-2.0661,18168,-18936,512,2810,-445,-225,2,0,-1630,-359,615,0
2021-08-02,158126,168801,157125,167801,236659,39711616859,6.1185,-45369,30232,18210,6231,1920,1156,2794,0,5799,-55,-3018,310
2021-08-03,168801,173472,165132,173472,232485,40329637920,3.3796,-64028,51493,13810,6808,830,3238,524,0,2410,-1054,-221,0
2021-08-04,173472,173805,170136,173806,95802,16650962412,0.1925,-12794,5834,7077,1236,613,617,37,0,4574,-11,-106,0
2021-08-05,174139,178809,170803,171137,316640,54188819680,-1.5356,-1966,-26137,27947,14333,4920,1704,2982,0,4152,250,-94,-144
2021-08-06,174472,178809,173805,178810,405908,72580409480,4.4835,-26515,-8735,34112,15178,7469,10161,1644,0,-589,1885,-747,249
2021-08-09,180144,180477,171136,171470,296581,50854744070,-4.1049,91371,-76764,-15738,-3433,-622,-9115,-1459,0,-1109,983,148,0
2021-08-10,174139,216840,173138,196824,6193834,1219095183216,14.7863,-93729,-14660,134216,58335,33713,2538,28615,1007,9090,-26065,238,918
2021-08-11,200160,209500,194155,202495,1554356,314749318220,2.8813,-44771,-9683,42668,16230,25118,-6656,-92,167,7901,9847,1939,0
2021-08-12,200827,203829,188817,195490,861626,168439266740,-3.4593,-37963,22781,27752,20656,5402,-1887,3756,0,-175,-12598,28,0
2021-08-13,193488,203829,191486,197491,792289,156469946899,1.0236,-21787,2422,17921,9632,3442,2325,298,97,1758,1286,158,369
2021-08-17,196156,214171,196156,199826,1825997,364881676522,1.1823,-39315,-1232,39321,12121,18080,3209,3786,141,2169,2855,-1629,-185
2021-08-18,204830,205831,191486,192154,690580,132697709320,-3.8393,13829,-28114,11799,7719,-2926,2492,-523,38,4999,1547,939,0
2021-08-19,191820,199826,188817,190819,555920,106080098480,-0.6948,-60473,60130,4806,5993,7784,-12548,6767,4,-3194,-4153,-310,0
2021-08-20,191486,195489,180144,185148,466847,86435788356,-2.9719,-18983,15269,7473,-699,1264,11141,1026,645,-5904,-3561,-198,0
2021-08-23,186816,199826,186148,197158,669679,132032572282,6.4867,-76239,84825,-7820,-6923,6615,-6583,-24,6,-911,-670,-96,0
2021-08-24,198825,199159,185481,185482,604924,112202513368,-5.9222,101229,-111543,8601,3539,4474,723,-695,0,750,2325,-612,-190
2021-08-25,185481,188150,178809,186816,340755,63658486080,0.7192,-19073,11883,8710,4482,-2060,3846,354,0,-52,-1351,-169,2140
2021-08-26,184814,187816,182145,182813,237037,43333445081,-2.1428,26631,-25089,-3143,66,1243,-50,-1267,0,-3135,433,1168,0
2021-08-27,182812,183146,176474,178476,253972,45327906672,-2.3724,15453,-6962,-8600,-6662,-3508,-5733,1134,175,4854,292,-183,1140
2021-08-30,178476,180144,174806,177809,201262,35786194958,-0.3737,-14599,15105,-7778,-3847,-2969,-816,-906,0,1071,6645,627,-311
2021-08-31,180144,183480,178142,180144,261736,47150169984,1.3132,11989,-8413,-3491,-1292,-2216,140,1539,0,-1662,18,-103,0
2021-09-01,180477,182479,178476,179477,377713,67790796101,-0.3703,1535,-161473,1032,6037,-38,-2333,-1287,-953,-394,159219,-313,0
2021-09-02,181812,186816,180477,181812,239765,43592154180,1.301,-7798,-4710,13310,4714,2275,6905,2126,-175,-2587,-574,-228,52
2021-09-03,184480,190152,182479,185482,331043,61402517726,2.0186,-15356,3741,9662,4809,-422,5640,130,-181,-172,2674,-721,-142
2021-09-06,187483,187483,181144,181478,162627,29513222706,-2.1587,17822,-13969,-1170,2245,-998,112,-796,-363,-1370,-2688,5,0
2021-09-07,181478,183480,178142,178142,141725,25247174950,-1.8382,14208,-16082,1943,4195,-503,-967,831,0,-1613,57,-126,0
2021-09-08,177141,195823,176140,193822,902665,174956335630,8.802,-107383,59978,48653,20080,6666,14301,1218,0,6171,-1301,53,217
2021-09-09,197491,206164,191152,202495,1076169,217918841655,4.4747,-104916,65974,38306,45830,-5293,988,1714,3,-4586,983,-347,-350
2021-09-10,202161,207499,199159,200827,403089,80951154603,-0.8237,-47151,27594,20744,15840,4321,1944,-3251,-2,1856,-858,-329,36
2021-09-13,204163,222177,201828,219842,1105916,243126785272,9.4683,-109545,77435,36064,14045,7881,3554,5219,0,918,-3429,-525,4447
2021-09-14,212169,215839,195156,197491,1184711,233969760101,-10.1668,60834,-108914,46712,28761,-2503,6565,2259,0,10201,1494,-126,1429
2021-09-15,200493,204830,198158,199159,381878,76054440602,0.8446,-39342,30033,6706,6024,1793,-844,1371,0,-1701,2612,-9,63
2021-09-16,201494,201828,195823,198492,226584,44975111328,-0.3349,-14336,26853,-10252,-7361,-1092,965,-463,0,-2346,-1570,-695,45
2021-09-17,194488,195823,190485,192154,264095,50746910630,-3.1931,-11782,14328,-3642,-775,364,-29,-242,259,-3242,1054,42,23
2021-09-23,189151,194822,185148,193154,208843,40338860822,0.5204,-12362,7518,4496,2592,-403,-138,983,0,175,473,-125,1287
2021-09-24,195155,198491,188817,188818,225631,42603194158,-2.2448,32050,-28992,-2758,-726,226,-1217,-223,0,-919,-326,26,101
2021-09-27,188817,191486,184814,185482,149135,27661858070,-1.7668,10682,-2653,-8614,-816,-3967,-3800,-464,0,433,575,10,0
2021-09-28,186816,186816,179810,181145,218357,39554278765,-2.3382,11423,-12,-11764,-139,-1807,-216,-2959,0,-6450,231,122,-193
2021-09-29,175473,181144,174139,178810,274591,49099616710,-1.289,13685,-3399,-12010,600,-7157,-1438,-1493,0,-2635,1371,353,113
2021-09-30,179143,192153,176808,189485,419598,79507527030,5.97,-5171,6367,3636,6230,-1978,-214,1509,-259,-1899,-4962,130,247
2021-10-01,190819,200160,189151,196157,486114,95354663898,3.5211,-44598,-7776,54639,21001,20045,3556,8557,0,-909,-2621,356,2389
2021-10-05,190819,192820,175473,176808,599341,105968283528,-9.864,115439,-88079,-32443,-10600,-11926,-4883,-2713,153,-2421,5098,-15,-53
2021-10-06,180143,188150,172804,180478,534131,96398894618,2.0757,36778,-12300,-25289,-5573,-16604,-2431,-843,0,162,1206,-395,0
2021-10-07,181478,194822,178476,194489,606147,117888923883,7.7633,-70337,58895,9132,1400,-1293,580,-210,0,8572,2823,-513,83
2021-10-08,218174,219508,198825,200494,1727208,346294840752,3.0876,222637,-135748,-87315,-27296,-10265,-33305,-7208,0,-8657,-388,814,-584
2021-10-12,197157,213170,197157,208834,613188,128054502792,4.1597,-107529,96055,15936,2751,10324,2774,-137,0,224,-4244,-218,0
2021-10-13,208833,212836,205164,210168,310805,65321265240,0.6388,-34219,33213,527,276,-3088,826,53,0,2460,458,21,0
2021-10-14,208166,214838,208166,209501,231009,48396616509,-0.3174,-3217,5304,-3832,-778,-3218,-1350,-593,0,2107,1703,42,0
2021-10-15,211836,218174,208500,213838,362854,77591973652,2.0702,-41578,40082,1547,-2036,-1885,7317,247,0,-2096,-29,-22,0
2021-10-18,214838,227515,212836,224513,513323,115247686699,4.9921,-52533,29715,22744,1026,13399,6531,270,0,2118,-20,94,-600
2021-10-19,227181,228849,213170,213838,543428,116205556664,-4.7547,46079,-36874,-5063,481,-9789,-112,-529,0,5562,-3884,-258,-676
2021-10-20,212169,216172,207499,208500,454327,94727179500,-2.4963,-30904,39148,-3723,2154,-3666,-281,-1480,0,-450,-4453,-68,0
2021-10-21,210500,211000,199000,200000,280487,56097400000,-4.0767,76702,-56477,-21564,-9573,-6269,392,-1329,0,-3481,1157,182,-1304
2021-10-22,199000,199500,189000,190000,281218,53431420000,-5.0,71784,-48564,-25972,-22280,-5212,-1673,-2434,0,5627,3070,-318,0
2021-10-25,189000,192500,185000,190500,182384,34744152000,0.2632,43179,-40267,-4050,-1067,-3284,-48,-632,0,1096,998,140,-115
2021-10-26,191000,192000,186500,188500,172339,32485901500,-1.0499,22699,-19395,-4361,-4290,23,37,278,0,-409,1133,-76,0
2021-10-27,188500,190500,187000,187000,121362,22694694000,-0.7958,25430,-15841,-12537,-1020,-7343,-410,-422,0,-3342,2303,645,0
2021-10-28,188000,190500,185500,186000,134249,24970314000,-0.5348,21242,-21180,353,1215,-2655,129,2967,6,-1309,-763,348,0
2021-10-29,187000,188500,179500,180000,143497,25829460000,-3.2258,38902,-37055,-4303,-49,-201,-159,141,0,-4035,2657,-201,0
2021-11-01,178500,182000,176000,179500,109572,19668174000,-0.2778,-921,1624,-3410,-4508,17,-1519,-3451,0,6311,2692,15,-260
2021-11-02,183000,189000,181000,181500,153023,27773674500,1.1142,20144,-42521,22780,-2214,10321,28,-44,0,14689,-538,135,0
2021-11-03,184000,184000,178500,181500,106187,19272940500,0.0,29412,-21423,-7654,-2615,-1108,-73,1140,0,-4998,-440,105,0
2021-11-04,184000,184500,178000,178000,105139,18714742000,-1.9284,28525,-27341,-2743,-4875,84,219,-3014,0,5024,1526,33,-181
2021-11-05,176500,177500,173500,174000,106823,18587202000,-2.2472,3611,2249,-7013,-98,-905,344,6,0,-6360,563,590,0
2021-11-08,170500,171000,165000,169000,194057,32795633000,-2.8736,-16612,48613,-33435,-10153,-4409,-845,-2092,0,-15936,1296,138,0
2021-11-09,165000,167000,158000,158500,454731,72074863500,-6.213,102371,-74901,-34830,-17658,-10842,-1903,-4505,-1016,1266,7671,-311,-172
2021-11-10,156000,160000,151000,151500,322990,48932985000,-4.4164,19007,14102,-34197,-5346,-24584,-913,-1289,0,-2037,-1029,2117,-28
2021-11-11,151000,155500,144500,147000,365048,53662056000,-2.9703,-3416,24141,-16106,-2869,-3642,-3260,-5514,0,-185,-4730,111,-636
2021-11-12,148000,153000,147000,151000,207543,31338993000,2.7211,-28913,24544,5020,-733,-765,-12,1547,0,5248,-684,33,-265
2021-11-15,151000,155000,149000,152500,151860,23158650000,0.9934,11638,-12181,-273,-3576,-1445,-27,588,0,4187,271,545,0
2021-11-16,152000,155000,150000,150500,129238,19450319000,-1.3115,27357,-26873,-482,-921,161,93,194,0,-9,87,-89,0
2021-11-17,150500,150500,145500,147500,181165,26721837500,-1.9934,14441,16934,-31704,-6873,-17059,-242,-209,0,-7162,117,212,-159
2021-11-18,147000,147000,143500,144000,131264,18902016000,-2.3729,12211,11375,-22744,-4880,-16221,111,-1141,0,-613,-217,-625,0
2021-11-19,144000,149000,142000,145500,139740,20332170000,1.0417,-14386,26458,-12219,-12575,22,-77,-237,0,648,42,105,0
2021-11-22,145000,150500,145000,150000,137945,20691750000,3.0928,-15618,14507,1145,-1422,-1405,-64,129,0,3907,-79,45,0
2021-11-23,150000,150000,146500,146500,106749,15638728500,-2.3333,12145,-6847,-7452,-69,-3724,458,1435,0,-5552,2174,-20,0
2021-11-24,147000,151500,145000,146500,112795,16524467500,0.0,7098,-5663,-1650,1493,381,-186,1894,0,-5232,199,16,0
2021-11-25,146000,147500,145500,146000,58560,8549760000,-0.3413,3794,394,-2103,-1396,67,-24,69,0,-819,-1942,-143,0
2021-11-26,145000,153500,145000,150500,212999,32056349500,3.0822,-35409,18148,17371,10322,4841,348,3544,0,-1740,-6,-104,56
2021-11-29,149500,154000,144500,145500,220654,32105157000,-3.3223,27868,-32447,2628,-40,1543,451,262,0,412,1825,126,0
2021-11-30,145500,146500,139000,139000,214575,29825925000,-4.4674,-16808,18146,342,2429,1128,1167,489,0,-4871,-1709,29,0
2021-12-01,139500,144500,136000,141500,170870,24178105000,1.7986,-44498,50146,-4177,189,-17,-1633,-631,0,-2085,-1404,-67,0
2021-12-02,139000,142500,139000,142500,95828,13655490000,0.7067,-15518,16482,909,725,498,739,-533,0,-520,-1871,-2,0
2021-12-03,142500,146000,139500,144500,90059,13013525500,1.4035,-12892,16181,-3840,-1103,-1903,784,10,0,-1570,553,-2,-58
2021-12-06,144000,148000,142000,147000,84124,12366228000,1.7301,-15726,20121,-1783,-1493,-46,1038,-453,0,-829,-2684,72,0
2021-12-07,146500,146500,142000,143000,116382,16642626000,-2.7211,38497,-24521,-13971,-4050,-7927,-356,-716,-4,-755,-118,113,-163
2021-12-08,146000,149500,144500,145500,147238,21423129000,1.7483,-29568,19675,10396,2110,48,556,-622,-2,8306,-314,-189,0
2021-12-09,145500,148000,144500,146500,91111,13347761500,0.6873,176,-8226,9631,-435,-1749,3845,-2318,0,10283,-1599,18,5
2021-12-10,148000,151500,146500,148000,120748,17870704000,1.0239,-7632,-8858,16341,9732,10274,2113,-4176,0,-602,75,74,-1000
2021-12-13,147000,150500,147000,147500,80322,11847495000,-0.3378,-6857,-3476,10258,-535,646,3986,781,0,5380,98,-23,0
2021-12-14,147000,150500,147000,149000,82148,12240052000,1.0169,-13642,9158,4318,-38,679,5443,-274,0,-1492,101,65,0
2021-12-15,148500,149500,147500,147500,48289,7122627500,-1.0067,5633,-6919,1591,-686,470,2132,629,0,-954,-357,52,0
2021-12-16,148500,150000,147500,148000,60815,9000620000,0.339,-5489,13636,-7413,162,-10432,2330,13,0,514,-999,265,0
2021-12-17,150500,165500,149500,161000,663478,106819958000,8.7838,-47278,32659,25979,15355,-207,6446,5177,0,-1689,-10673,-687,897
2021-12-20,162000,163000,155500,157000,235387,36955759000,-2.4845,12480,-16472,3144,1968,64,2865,916,0,-2669,861,-13,0
2021-12-21,157000,158500,150000,157500,221429,34875067500,0.3185,-12175,4339,8413,-6445,-298,10896,-571,0,4831,-358,-219,0
2021-12-22,157000,157500,151000,151500,162123,24561634500,-3.8095,50287,-44688,-2706,-3404,-1028,3418,-1224,0,-468,-2666,-227,0
2021-12-23,153000,156000,149500,151500,162045,24549817500,0.0,-14294,5894,8326,698,1146,3177,231,0,3074,79,-5,0
2021-12-24,151500,155500,151500,153000,105301,16111053000,0.9901,-41774,28212,13145,4785,-72,2966,541,0,5384,446,-29,-459
2021-12-27,153000,155000,152000,153500,68795,10560032500,0.3268,-13983,4926,10655,3943,108,2963,235,0,1825,-1564,-34,1581
2021-12-28,154500,155500,152500,155500,108567,16882168500,1.3029,-20283,-10321,32603,7865,236,3038,455,1,21008,-1965,-34,0
2021-12-29,153000,153500,149500,151500,86913,13167319500,-2.5723,26223,-228,-26684,-148,100,1,-474,0,-26163,615,74,0
2021-12-30,151500,151500,148000,149000,79194,11799906000,-1.6502,7360,-520,-6763,-143,570,608,38,0,-7836,-88,11,0
2022-01-03,148000,150000,147000,148500,62156,9230166000,-0.3356,-4603,9111,-3766,169,-2698,-526,-268,0,-443,-643,-99,0
2022-01-04,147500,148500,145500,146500,68155,9984707500,-1.3468,8196,-3226,-5429,-200,338,-114,254,0,-5715,278,181,8
2022-01-05,146500,146500,143500,144500,93415,13498467500,-1.3652,-9167,17651,-8862,-820,-67,-522,-282,0,-7171,473,-95,0
2022-01-06,141500,144500,139000,139500,136208,19001016000,-3.4602,4889,2861,-6999,-212,356,-189,-806,0,-6148,-1037,286,0
2022-01-07,139000,145500,139000,145500,78238,11383629000,4.3011,-27462,29645,-2007,-2468,194,-285,-394,3000,-2054,-19,-157,0
2022-01-10,146500,147000,143500,145500,55366,8055753000,0.0,-8641,8117,524,-533,-472,-1769,-588,0,3886,1,-1,0
2022-01-11,145500,151500,145500,147000,96021,14115087000,1.0309,-17651,16140,2736,2196,234,-48,-582,0,936,-64,-1161,0
2022-01-12,149000,155500,148000,152500,180809,27573372500,3.7415,-92017,88967,4408,103,-344,647,-3347,0,7349,-13,-1345,0
2022-01-13,153000,153500,149000,149000,93698,13961002000,-2.2951,6631,2032,-8757,-599,-84,29,-1909,0,-6194,-115,209,0
2022-01-14,147500,147500,145000,147000,63241,9296427000,-1.3423,-1931,7969,-6358,2049,-48,-127,-1200,-3000,-3959,580,-260,-73
2022-01-17,145500,146500,140500,142000,70396,9996232000,-3.4014,21609,-18167,-2961,-19,-3133,12,-384,0,563,-278,-203,0
2022-01-18,141000,143500,139500,141000,57135,8056035000,-0.7042,-8478,11235,-2040,-1373,14,26,-215,-9,-483,-716,-1,0
2022-01-19,138500,142000,138000,138500,68501,9487388500,-1.773,10772,-8971,-1939,-336,-1139,-462,69,0,-71,26,112,0
2022-01-20,138000,144500,137000,144000,60080,8651520000,3.9711,-19703,19764,-156,-266,-598,-2347,-33,0,3088,100,-5,0
2022-01-21,143000,144500,141500,142500,40637,5790772500,-1.0417,-8195,6837,990,1399,110,-268,870,0,-1121,349,19,0
2022-01-24,140500,141500,137000,139500,64250,8962875000,-2.1053,-16,-7180,4968,-83,-7,-413,-785,0,8489,2109,119,-2233
2022-01-25,138000,139000,126500,126500,276221,34941956500,-9.319,90651,-84495,-8072,-8847,-3273,-594,1996,-15,2984,721,1195,-323
2022-01-26,127000,131500,127000,128500,131179,16856501500,1.581,-40202,40739,557,-2488,-1787,190,-2533,0,7175,-986,-108,0
2022-01-27,126500,128500,121000,121000,149197,18052837000,-5.8366,-18666,19224,-3871,-5134,-430,-130,1051,0,812,3240,73,-40
2022-01-28,121000,127000,120000,125500,89514,11234007000,3.719,-29084,33883,-4257,-1327,-7543,151,446,0,3942,-25,-517,74
2022-02-03,128500,131500,128000,129500,92858,12025111000,3.1873,-9366,27907,-19044,-12482,608,50,-2104,0,-5116,100,403,0
2022-02-04,128500,132000,128000,130500,58032,7573176000,0.7722,-44,4103,-3860,-1838,144,126,-345,0,-1947,51,-250,0
2022-02-07,130500,130500,126500,130000,52093,6772090000,-0.3831,4304,5561,-9036,-95,-1411,-47,-175,0,-7308,-750,-79,0
2022-02-08,131000,132500,128000,128500,63957,8218474500,-1.1538,5871,5062,-11191,91,-3608,-2698,-2395,0,-2581,257,1,0
2022-02-09,129000,134000,129000,132500,80667,10688377500,3.1128,-14852,23633,-9979,-828,-240,-543,2973,0,-11485,1197,1,144
2022-02-10,135000,135500,130000,133000,59583,7924539000,0.3774,-805,7576,-12783,-8032,93,132,-98,0,-4878,6010,2,0
2022-02-11,130500,131000,128000,128500,54927,7058119500,-3.3835,9210,-4302,-4695,-483,199,41,-957,0,-3352,-229,16,-143
2022-02-14,127500,128000,125000,125500,61470,7714485000,-2.3346,2943,-6540,1648,1008,-45,17,-58,0,829,1946,3,-103
2022-02-15,125000,125500,120500,121500,83351,10127146500,-3.1873,2183,-8282,5075,3524,-26,-134,-538,0,2249,795,229,0
2022-02-16,124000,131000,123000,130000,92124,11976120000,6.9959,-50520,41029,10078,6870,970,51,-182,0,2369,-367,-220,0
2022-02-17,128500,130000,125000,125500,104232,13081116000,-3.4615,30538,-16299,-13245,-16948,769,2139,1,0,794,-224,-770,0
2022-02-18,123000,128000,122500,128000,60621,7759488000,1.992,-8991,10276,-1297,-2563,253,-34,928,0,119,-11,23,0
2022-02-21,126000,128000,124500,126000,54415,6856290000,-1.5625,7192,6776,-14167,-13547,9,-35,117,0,-742,362,-163,31
2022-02-22,124500,125000,121500,123000,74603,9176169000,-2.381,-2644,7817,-5412,-3315,-1,-1,-33,0,-2078,261,-22,16
2022-02-23,124000,126000,122500,125000,51865,6483125000,1.626,-11885,15874,-3995,-3185,-1222,-161,-753,0,1326,102,-96,0
2022-02-24,122000,123500,117500,118000,118112,13937216000,-5.6,41732,-25742,-16018,-3019,85,-8267,-1456,0,-3128,207,-179,-233
2022-02-25,120000,123000,119500,122000,66789,8148258000,3.3898,-34928,33315,1850,-177,31,38,-392,0,2347,9,-246,3
2022-02-28,121000,125000,120000,125000,62256,7782000000,2.459,-19396,19553,-1470,-109,647,254,-23,0,-2239,1667,-354,0
2022-03-02,124500,127000,124000,125000,55694,6961750000,0.0,-7045,8231,-1859,-162,165,-239,44,0,-1667,892,-219,0
2022-03-03,126000,129000,125000,128500,63909,8212306500,2.8,-16451,20658,-4481,90,-496,-43,-2948,0,-1084,700,-426,0
2022-03-04,127000,127500,124000,124500,58065,7229092500,-3.1128,20283,-15065,-6585,-3861,-334,-181,252,0,-2461,1225,142,0
2022-03-07,122500,122500,119500,120500,66805,8050002500,-3.2129,18923,-10555,-8975,-3200,-703,-274,9,0,-4807,568,39,0
2022-03-08,119000,119500,116000,116000,105948,12289968000,-3.7344,48164,-27129,-22534,-18615,-2933,-179,132,0,-939,1522,-23,0
2022-03-10,119500,120500,117500,119000,72604,8639876000,2.5862,-15786,9639,5656,-2277,405,203,706,0,6619,166,325,0
2022-03-11,118000,120000,116500,118000,53886,6358548000,-0.8403,4590,-2024,-4015,-3667,-632,-470,-474,0,1228,1151,298,0
2022-03-14,117500,118500,114000,115000,87174,10025010000,-2.5424,23369,-14900,-8253,-9708,-79,-124,-3590,0,5328,-66,-150,-80
2022-03-15,114000,115000,111000,112500,82539,9285637500,-2.1739,-1624,10024,-9057,54,3,-140,49,0,-9023,656,1,0
2022-03-16,114500,117000,114000,116000,61378,7119848000,3.1111,-21439,24843,-3340,-2077,-207,-2080,-787,0,1811,125,-189,0
2022-03-17,118000,120000,118000,118500,50036,5929266000,2.1552,-10034,9319,816,-128,108,560,-1697,0,1973,119,-220,0
2022-03-18,119500,121500,118000,120000,86793,10415160000,1.2658,1682,7532,-9491,-8104,-244,1067,-3903,0,1843,263,14,-150
2022-03-21,120000,121000,119500,120500,46673,5624096500,0.4167,-1094,4005,-3531,-2694,-12,719,-3,0,-1541,607,13,0
2022-03-22,125000,125000,121000,123000,100479,12358917000,2.0747,-10440,-5465,15566,1948,383,9576,-1043,0,4702,-27,366,0
2022-03-23,123000,124500,122500,124000,47833,5931292000,0.813,-5733,3132,2289,380,-9,-21,-62,0,2001,301,11,0
2022-03-24,122500,126000,122500,126000,69758,8789508000,1.6129,-29036,17754,11211,8,-11,-127,4112,0,7229,110,-39,0
2022-03-25,126000,128500,125500,127500,67994,8669235000,1.1905,-17168,7202,9772,3905,-456,156,78,0,6089,194,0,0
2022-03-28,127500,129000,125500,128500,59092,7593322000,0.7843,-7019,-2024,8701,-2371,9,-18,-23,0,11104,307,35,0
2022-03-29,129000,130500,127500,130500,56088,7319484000,1.5564,-20735,10228,10472,-1300,-202,-22,-48,0,12044,55,-20,0
2022-03-30,131000,135500,131000,134500,122385,16460782500,3.0651,-43153,33705,4525,1120,-1033,-936,395,0,4979,4950,-27,0
2022-03-31,135500,136000,133500,136000,81452,11077472000,1.1152,-17908,4397,17768,2584,2184,782,497,0,11721,-4399,142,0
2022-04-01,136000,137000,134000,134500,63413,8529048500,-1.1029,-2936,5187,424,-3525,-160,387,19,0,3703,-2612,-63,0
2022-04-04,133500,136000,132500,136000,41387,5628632000,1.1152,-16720,9151,8090,-107,5,121,-50,0,8121,-182,-339,0
2022-04-05,136000,136500,133500,135500,39604,5366342000,-0.3676,-6462,-7,7255,-51,-158,3,-259,0,7720,-792,6,0
2022-04-06,134000,137500,133500,137000,95952,13145424000,1.107,-6863,-6030,13753,-277,735,690,4212,0,8393,-838,-22,0
2022-04-07,135000,136500,131500,135500,80041,10845555500,-1.0949,-4171,4946,-773,-4669,-2263,10228,-26,0,-4043,-55,53,0
2022-04-08,134500,136500,133500,136500,60649,8278588500,0.738,-18440,1950,17299,-85,2,7387,-136,0,10131,-811,2,0
2022-04-11,135000,137500,133000,135000,67999,9179865000,-1.0989,-7641,-1142,10674,112,712,3743,-2007,0,8114,-1891,0,0
2022-04-12,133500,135000,129500,131500,79304,10428476000,-2.5926,-21535,13867,7387,177,-53,-17,-2550,0,9830,172,109,0
2022-04-13,131500,134000,130500,132500,46367,6143627500,0.7605,-6901,3570,3514,-7106,-103,-1928,326,0,12325,-314,131,0
2022-04-14,131500,132500,130500,131000,40295,5278645000,-1.1321,-4211,-3960,8150,-367,-887,37,-387,0,9754,1,20,0
2022-04-15,130000,130500,126500,126500,70605,8931532500,-3.4351,20283,-18782,-1630,-7062,285,115,-73,0,5105,90,39,0
2022-04-18,128000,128000,125000,125500,43646,5477573000,-0.7905,1759,-2789,988,-5343,-688,-1819,-769,0,9607,17,25,0
2022-04-19,125000,129500,125000,129000,38695,4991655000,2.7888,-15240,11016,4099,180,3,-864,-27,0,4807,117,8,0
2022-04-20,128500,130000,128000,129000,42147,5436963000,0.0,-6179,1311,4602,-55,-682,-375,-120,0,5834,267,-1,0
2022-04-21,130000,130000,128500,129000,43704,5637816000,0.0,-10335,-1611,11606,269,-1393,-1864,-35,0,14629,343,-3,0
2022-04-22,128000,128500,125500,126500,42688,5400032000,-1.938,5885,-840,-5049,-433,-2842,-1396,120,0,-203,-10,14,-295
2022-04-25,124000,131000,124000,125000,76160,9520000000,-1.1858,1917,-8222,5929,-180,-1780,-1107,65,0,8931,375,1,0
2022-04-26,126000,126500,124500,125000,48136,6017000000,0.0,-404,-10400,10994,0,-518,-336,76,0,11772,-201,11,0
2022-04-27,122000,123500,121000,122000,56050,6838100000,-2.4,-12327,3867,8640,-1021,-183,729,61,0,9054,-183,3,0
2022-04-28,123500,125500,120500,125000,64811,8101375000,2.459,-26231,19399,6780,-225,-222,-1163,105,0,8285,52,0,0
2022-04-29,124500,128000,124000,127500,47729,6085447500,2.0,-13660,-1735,15253,136,-769,6164,-105,0,9827,120,22,0
2022-05-02,126500,129000,126000,128500,32872,4224052000,0.7843,-2833,-757,2954,-247,-2891,1411,35,0,4646,736,-100,0
2022-05-03,130000,130000,127500,128000,36866,4718848000,-0.3891,-3278,-6648,10014,-307,806,1664,-176,0,8027,135,-223,0
2022-05-04,128000,130000,127000,128500,45586,5857801000,0.3906,-20047,8140,11979,-60,140,1537,-101,0,10463,107,-179,0
2022-05-06,126500,128500,125000,125500,44443,5577596500,-2.3346,362,-7245,7387,-193,-1246,-18,-8,0,8852,-488,-16,0
2022-05-09,125000,125500,121500,122500,51259,6279227500,-2.3904,-6688,-8372,14991,-983,3095,691,423,0,11614,9,60,151
2022-05-10,120000,122000,115000,117000,105325,12323025000,-4.4898,23853,-15803,-7778,-17984,341,987,-955,0,9833,-177,-95,0
2022-05-11,117500,122000,115000,122000,102542,12510124000,4.2735,-27175,22742,4142,-1567,3467,-7927,746,0,12615,266,25,-3192
2022-05-12,120000,127000,120000,122500,85179,10434427500,0.4098,-20617,3898,16641,-6279,10645,-177,1665,0,10232,88,-10,555
2022-05-13,123500,127500,123500,127000,57672,7324344000,3.6735,-24487,7520,16496,-6800,7542,-70,833,0,14626,470,1,365
2022-05-16,128000,129500,126000,129500,60339,7813900500,1.9685,-16104,10759,925,-10547,2498,-295,1246,0,7757,4422,-2,266
2022-05-17,127500,130000,127500,129500,51400,6656300000,0.0,-6488,-1805,8834,-8004,2057,-75,453,0,14403,-307,-234,0
2022-05-18,129000,130000,126000,126000,49359,6219234000,-2.7027,1274,-6497,6054,599,-1463,423,-227,0,6785,-397,-434,-63
2022-05-19,122500,124000,121500,122000,66974,8170828000,-3.1746,8868,-3187,-5050,-10213,-1988,-158,786,0,6523,-710,79,0
2022-05-20,122500,126500,121000,124000,58209,7217916000,1.6393,-11093,-1139,12329,198,-3233,74,-123,0,15413,15,-112,0
2022-05-23,124000,128000,124000,127000,50584,6424168000,2.4194,-10727,-2221,12922,-1033,18,54,53,0,13830,40,-14,0
2022-05-24,126500,126500,122500,123000,36839,4531197000,-3.1496,2379,-3651,1033,-1768,35,11,0,0,2755,211,28,0
2022-05-25,122500,126000,122000,123500,41504,5125744000,0.4065,-7535,-1398,9006,-555,-165,-566,2666,0,7626,1,-74,0
2022-05-26,123500,126500,123500,124500,28387,3534181500,0.8097,-2869,2696,-74,-285,-11,12,403,0,-193,240,7,0
2022-05-27,126500,127000,124500,125500,22709,2849979500,0.8032,-5307,1243,4164,-872,-198,-13,-180,0,5427,-36,-64,0
2022-05-30,127500,128000,126000,126500,30620,3873430000,0.7968,-8594,5706,3041,-1747,2074,-46,237,0,2426,-50,-103,97
2022-05-31,126000,129000,124000,129000,129637,16723173000,1.9763,-11363,16757,-5272,1272,-29,-132,168,0,-6551,3,-125,0
2022-06-02,127000,127500,123000,124000,70968,8800032000,-3.876,34812,-21776,-13402,-8997,4951,-1250,-1319,0,-6879,287,79,92
2022-06-03,125500,127000,124000,125000,41533,5191625000,0.8065,-13288,5529,7595,5561,134,-13,-120,0,2033,14,150,0
2022-06-07,124000,124500,121500,121500,51530,6260895000,-2.8,10069,-2715,-7475,-1277,-129,85,438,0,-6704,-8,129,112
2022-06-08,122000,124000,121000,121000,34655,4193255000,-0.4115,510,4849,-5326,-5120,-35,-192,-115,0,136,-31,-2,0
2022-06-09,121500,122000,119000,122000,38480,4694560000,0.8264,975,-812,-233,-4356,-2036,-370,182,0,6348,70,0,-1
2022-06-10,119500,121000,118500,120500,36634,4414397000,-1.2295,3092,-3053,-85,2094,1070,-484,695,0,-3460,41,5,0
2022-06-13,118000,119000,115000,115500,55347,6392578500,-4.1494,14113,-13825,-365,-3393,-1015,797,2363,0,883,105,-28,0
2022-06-14,113000,114500,109000,111500,84644,9437806000,-3.4632,-1377,5204,-4388,-4109,-428,-240,-375,0,764,519,42,0
2022-06-15,110000,111500,104000,105000,86988,9133740000,-5.8296,9373,-3026,-6089,-6478,-1495,255,459,0,1170,-226,-32,0
2022-06-16,106000,108000,101500,102000,78774,8034948000,-2.8571,5681,-3202,-3670,-1340,10,645,-2508,0,-477,-27,1218,0
2022-06-17,98800,101000,98600,100000,113437,11343700000,-1.9608,-8558,20537,-12760,-13578,-186,-123,-2522,0,3717,610,171,-68
2022-06-20,100000,101500,92700,94600,159653,15103173800,-5.4,16218,6139,-21422,-21258,-1942,15,-3844,0,5690,300,-1235,-83
2022-06-21,94700,95300,93200,93700,104374,9779843800,-0.9514,11701,-4222,-9140,-9676,-1373,12,-2482,0,4487,1908,-247,-108
2022-06-22,95000,95500,91900,91900,77232,7097620800,-1.921,-1603,-2981,4306,2841,-346,1094,-311,0,1028,278,0,0
2022-06-23,91900,93200,88200,88200,131230,11574486000,-4.0261,5093,-11500,7047,-2319,9,671,-217,0,10948,-588,-52,-2045
2022-06-24,87400,93600,87400,93300,99796,9310966800,5.7823,-34584,25130,9793,2439,485,147,1341,0,4909,-336,-3,472
2022-06-27,93700,96700,93100,94900,74492,7069290800,1.7149,-9027,12488,-3582,-1722,1858,262,21,0,-4001,120,1,0
2022-06-28,95300,96900,94600,96700,51268,4957615600,1.8967,-5286,8453,-2944,-1370,-140,-1092,-11,0,-331,-225,2,0
2022-06-29,95200,95900,94000,94800,52434,4970743200,-1.9648,11017,-4888,-8910,-1695,-2250,-30,35,0,-5359,2665,116,389
2022-06-30,95700,95800,92100,92100,57200,5268120000,-2.8481,15413,-4875,-8868,-1506,-4466,-179,-206,0,-2511,-1677,7,0
2022-07-01,92900,94700,90000,90800,38870,3529396000,-1.4115,-5431,2284,3458,2214,-284,-48,20,0,1556,-316,5,0
2022-07-04,90800,91800,89200,89700,54250,4866225000,-1.2115,-3484,2226,3516,-1860,-5,-137,30,0,5488,-2259,1,0
2022-07-05,89600,98700,89600,98200,159354,15648562800,9.476,-11742,8665,4433,-2928,3144,976,2996,0,245,-1343,-13,0
2022-07-06,96500,98900,96000,96700,96000,9283200000,-1.5275,-3625,6849,-2793,197,935,-116,2017,0,-5826,-528,97,0
2022-07-07,97000,103500,96900,100500,137954,13864377000,3.9297,-15166,7673,8220,5290,398,-608,805,0,2335,-782,55,0
2022-07-08,102000,104500,99900,102000,83072,8473344000,1.4925,-16337,17779,-171,4032,-2545,-217,516,0,-1957,-1159,-112,0
2022-07-11,103000,109000,103000,105000,146973,15432165000,2.9412,11843,-24406,13696,8993,5627,-122,-330,0,-472,-874,-259,0
2022-07-12,104500,105500,101500,103500,65923,6823030500,-1.4286,-1696,-3102,5517,2558,1892,3996,-505,0,-2424,-665,-54,0
2022-07-13,104000,107000,103000,104000,58881,6123624000,0.4831,-6490,2521,5119,4285,-1381,-208,-167,0,2590,-1153,3,0
2022-07-14,103000,105000,102000,105000,45610,4789050000,0.9615,-7077,14730,-7143,-1029,18,-117,232,0,-6247,-506,-4,0
2022-07-15,104500,105500,102500,103500,63798,6603093000,-1.4286,-7331,17295,-7173,-964,-2825,-347,-4,0,-3033,-2790,-1,0
2022-07-18,104500,104500,100000,102000,59241,6042582000,-1.4493,8044,7963,-16030,-9972,-3102,-122,17,0,-2851,33,-10,0
2022-07-19,101000,107000,101000,104000,74701,7768904000,1.9608,-3074,14406,-11545,-10601,1282,0,-9,0,-2217,213,0,0
2022-07-20,105500,107000,104500,105500,40805,4304927500,1.4423,-5344,10582,-5002,-3598,22,-81,-207,0,-1138,-236,0,0
2022-07-21,104500,106500,103000,105000,66932,7027860000,-0.4739,-9756,27286,-17043,-9233,-2641,-60,-2258,0,-2655,-487,0,-196
2022-07-22,104500,108000,104500,104500,48282,5045469000,-0.4762,-1970,4900,-2902,-1865,-222,-237,79,0,-657,-130,102,0
2022-07-25,103500,107000,103500,105500,41632,4392176000,0.9569,-7559,4846,2836,54,571,-182,-42,0,2435,-20,-103,0
2022-07-26,107000,110500,105500,105500,62293,6571911500,0.0,7256,-7466,538,-396,777,-200,68,0,289,-341,13,0
2022-07-27,106000,106500,103500,104500,30949,3234170500,-0.9479,968,-2259,1202,-1199,-79,58,34,0,2388,-20,109,0
2022-07-28,105500,106000,103000,104000,52043,5412472000,-0.4785,-8769,19984,-11261,-2162,-3685,-2536,-124,0,-2754,40,6,0
2022-07-29,105000,107000,103500,105000,55101,5785605000,0.9615,-99,7834,-6755,-6410,-3595,56,-38,0,3232,-920,-60,0
2022-08-01,105000,106500,103500,106000,39969,4236714000,0.9524,-10711,15974,-3074,-71,-1378,-169,-826,0,-509,-2210,21,-121
2022-08-02,106000,106500,101500,102500,53316,5464890000,-3.3019,19349,-1068,-18398,-2645,-7670,-3137,-919,0,-4027,47,70,0
2022-08-03,102000,103500,101500,103000,33414,3441642000,0.4878,-1458,2472,-1583,-1229,290,809,-741,0,-712,666,-97,0
2022-08-04,103500,104500,101500,102000,47769,4872438000,-0.9709,6881,-2827,-4331,-158,-2193,25,-50,0,-1955,133,144,0
2022-08-05,102000,105500,102000,104500,57358,5993911000,2.451,-17010,15921,956,-29,-85,18,126,0,926,133,0,0
2022-08-08,104500,107500,103500,106500,55290,5888385000,1.9139,-15173,19745,-4711,-954,-83,-168,-292,0,-3214,150,-11,0
2022-08-09,107500,108000,104500,106500,68891,7336891500,0.0,-2309,24594,-22367,-23891,197,12,-22,0,1337,27,55,0
2022-08-10,106500,107500,105000,106000,42211,4474366000,-0.4695,2715,7168,-9705,-8708,-213,18,91,0,-893,-179,1,0
2022-08-11,106500,107500,106000,106500,39961,4255846500,0.4717,5906,-6126,7,-5115,103,640,-14,0,4393,200,13,0
2022-08-12,107000,109500,105500,106500,63850,6800025000,0.0,6068,-1560,-4504,-7110,-7,838,-151,0,1959,13,-17,-33
2022-08-16,106500,109500,106500,107000,49607,5307949000,0.4695,-3145,11064,-8036,-7624,-397,-18,-256,0,259,115,2,0
2022-08-17,107500,108000,104500,106000,72713,7707578000,-0.9346,9717,2228,-14570,-9403,-6623,53,-255,0,1658,2375,250,0
2022-08-18,105000,105000,101500,101500,83677,8493215500,-4.2453,23828,-1136,-23331,-14014,-2851,0,-3188,0,-3072,627,12,-206
2022-08-19,101500,102000,98900,99000,65745,6508755000,-2.4631,16223,-8407,-8154,-514,-888,-3632,-2453,0,-452,330,8,-215
2022-08-22,98200,98200,96800,97800,44115,4314447000,-1.2121,4348,3048,-7555,-3347,-813,-524,-1902,0,-969,-99,258,0
2022-08-23,96700,97800,96400,96400,54971,5299204400,-1.4315,12818,-10881,-2082,-168,-451,6,-535,0,-934,125,20,0
2022-08-24,96200,97000,94500,95700,47639,4559052300,-0.7261,12894,-9973,-2933,-950,636,-76,-416,0,-2127,-38,50,0
2022-08-25,95800,98900,95800,98300,47679,4686845700,2.7168,-2893,8476,-6786,-3175,109,237,-3939,0,10,1118,85,-28
2022-08-26,98800,102000,98600,101000,58097,5867797000,2.7467,-12755,9783,2972,136,-31,1906,142,0,819,56,-56,0
2022-08-29,98000,98600,96100,96100,57937,5567745700,-4.8515,30653,-19437,-11414,-6099,-1293,-51,-24,0,-3947,57,141,0
2022-08-30,97000,97400,96300,97200,30190,2934468000,1.1446,5875,-5754,-1194,-18,-200,-37,-58,0,-881,1094,-21,0
2022-08-31,96400,97900,95600,97800,60140,5881692000,0.6173,2918,3530,-6200,-1816,-142,-1040,-930,0,-2187,-250,2,-85
2022-09-01,96700,97500,94600,94600,76677,7253644200,-3.272,20502,-13477,-6130,-2363,-245,-974,-16,0,-2532,-971,76,0
2022-09-02,106000,107500,102000,105000,491066,51561930000,10.9937,-62810,1650,49242,-14155,6433,9653,1938,0,45958,12034,-116,-585
2022-09-05,105500,108500,105000,106000,211343,22402358000,0.9524,-47291,13677,37312,-7052,43521,1774,2003,0,-2962,-3775,77,28
2022-09-06,106500,107000,105500,106000,70041,7424346000,0.0,-5094,-8418,11182,3442,816,3,-54,0,6975,2408,-78,0
2022-09-07,106000,106000,104500,104500,59331,6200089500,-1.4151,-1788,-16887,18724,1972,4822,1987,-503,0,10446,-59,10,0
2022-09-08,105000,106000,104500,105000,74604,7833420000,0.4785,-4884,-3963,14093,-611,775,509,-75,0,13495,-5249,3,0
2022-09-13,105000,105500,104500,105000,89064,9351720000,0.0,7689,-17821,11623,3283,-74,-4641,-249,0,13304,-1511,20,0
2022-09-14,105000,105000,104000,105000,73588,7726740000,0.0,-10333,-8866,23017,3437,1932,8252,-576,0,9972,-3817,-1,0
2022-09-15,105000,105000,104500,104500,32640,3410880000,-0.4762,-6515,-6174,12639,1414,-465,3706,7,0,7977,50,0,0
2022-09-16,104500,105000,104500,104500,60685,6341582500,0.0,-24073,-4328,28329,3022,315,2009,247,0,22736,11,61,0
2022-09-19,104500,105500,104500,105000,68426,7184730000,0.4785,-18023,-8472,27416,3435,-9274,7981,1839,0,23435,-921,0,0
2022-09-20,104500,104500,101000,101500,66508,6750562000,-3.3333,-4719,-17321,21906,3633,2002,8382,-819,0,8708,215,-81,0
2022-09-21,100500,102500,97400,101500,87231,8853946500,0.0,-3610,-16115,22394,-17705,-294,4101,3503,0,32789,-2691,22,0
2022-09-22,103500,105500,101500,105000,80013,8401365000,3.4483,-36617,12707,24027,5689,-3289,4719,-1153,0,18061,-115,-2,0
2022-09-23,103000,103500,101000,101000,54699,5524599000,-3.8095,-3374,-11567,14920,3881,-3424,-2769,-904,0,19886,18,3,-1750
2022-09-26,98300,104500,98300,100000,65228,6522800000,-0.9901,-21204,-6330,27614,2267,-579,582,-66,0,25410,-84,4,0
2022-09-27,99700,101500,98000,98700,93267,9205452900,-1.3,-1830,-37364,39507,4437,-7,5883,-270,0,29464,-324,11,0
2022-09-28,97200,99800,93100,94900,100036,9493416400,-3.8501,9016,-32387,23201,3874,78,6286,-1089,0,14542,162,8,-490
2022-09-29,97200,101500,95200,95400,77555,7398747000,0.5269,-8601,-4410,12948,5044,169,-332,22,0,8045,65,-2,0
2022-09-30,94900,97700,90700,91000,88867,8086897000,-4.6122,24046,-32916,8815,3967,-1588,-502,-370,0,7308,69,-14,0
2022-10-04,91100,93200,90600,92300,47325,4368097500,1.4286,-698,-8774,9697,300,19,-59,-31,0,9468,-225,0,0
2022-10-05,93400,93800,91000,91000,42366,3855306000,-1.4085,9408,-4206,-5253,501,-1201,-137,-490,0,-3927,51,0,1
2022-10-06,90200,91900,90200,90200,51406,4636821200,-0.8791,21153,-18013,-3025,-2623,-1895,1053,-1865,0,2305,-121,6,0
2022-10-07,89500,89600,84500,85700,135451,11608150700,-4.9889,54668,-37791,-22132,-813,-11574,-4916,-2325,0,-2504,5227,28,0
2022-10-11,83900,84500,80100,80700,105302,8497871400,-5.8343,6819,2093,-8795,-78,-2442,-1867,-1227,0,-3089,-119,2,-92
2022-10-12,80000,80700,78900,80100,87947,7044554700,-0.7435,10146,-9815,-360,-60,-2197,3298,-305,0,-1096,20,9,0
2022-10-13,79100,80400,77700,78700,90151,7094883700,-1.7478,-446,5558,-5160,-282,-2389,1591,-1962,0,-1921,55,-7,-197
2022-10-14,79400,82700,79400,82700,90071,7448871700,5.0826,-48832,40488,8336,-1179,1602,5327,116,0,2470,0,8,0
2022-10-17,82000,83200,80000,82900,33952,2814620800,0.2418,-5421,6270,-859,308,502,-481,983,0,-2171,10,0,0
2022-10-18,84000,91200,83900,90000,147142,13242780000,8.5645,-40197,45463,-2180,-3274,-175,-235,-72,0,1576,-3181,95,0
2022-10-19,90000,91400,89500,90200,48867,4407803400,0.2222,-1826,5183,-3460,456,-67,-2828,157,0,-1179,113,-10,1
2022-10-20,89200,90600,88500,90600,105992,9602875200,0.4435,-7847,16318,-8467,-7030,667,-162,136,0,-2078,-4,0,0
2022-10-21,90600,93000,87000,87500,85214,7456225000,-3.4216,14401,-18185,3581,605,419,-54,-113,0,2724,103,100,0
2022-10-24,88400,89700,86500,86700,67638,5864214600,-0.9143,6845,-10561,3442,313,-29,0,-54,0,3212,266,8,0
2022-10-25,87400,88400,86300,88400,54945,4857138000,1.9608,-7448,6113,1521,-140,0,-60,-19,0,1740,-180,-6,0
2022-10-26,89000,89000,86100,86100,52755,4542205500,-2.6018,7189,-5312,-1885,-116,-115,-130,-84,0,-1440,-6,14,0
2022-10-27,86100,89400,86100,88800,50837,4514325600,3.1359,-24841,18894,6213,-108,169,4,-214,0,6362,-249,-17,0
2022-10-28,88800,89300,88000,89200,41988,3745329600,0.4505,-7656,9688,-1805,-6670,-167,-315,363,0,4984,-188,-39,0
2022-10-31,89300,89700,87500,88400,38945,3442738000,-0.8969,4246,-1930,-2268,-2385,-337,-3,373,0,84,2,-50,0
2022-11-01,87300,89200,87100,89200,45732,4079294400,0.905,-1385,-87,1482,139,-8,11,-23,0,1363,-11,1,0
2022-11-02,88100,92000,87900,91200,49156,4483027200,2.2422,-7494,8558,-42,877,1274,-442,2453,0,-4204,-1018,-4,0
2022-11-03,89500,90200,88700,88700,63379,5621717300,-2.7412,24343,-14012,-10482,36,92,-3086,512,0,-8036,166,-15,0
2022-11-04,88100,88700,86000,87000,71384,6210408000,-1.9166,29511,-26557,-3201,2066,0,-53,35,0,-5249,319,-72,0
2022-11-07,87300,90500,87100,90400,61359,5546853600,3.908,-18935,15221,4301,1973,-130,-61,-108,0,2627,-587,0,0
2022-11-08,91000,91900,88600,90600,50511,4576296600,0.2212,1626,-5652,4054,-758,-39,-170,-82,0,5103,-78,50,0
2022-11-09,91400,91700,90300,90600,58671,5315592600,0.0,-407,-285,1024,-2771,-283,-30,98,0,4010,-215,-117,0
2022-11-10,90200,91500,89200,90000,50491,4544190000,-0.6623,232,2675,-2966,-1733,1147,17,-7,0,-2390,109,-50,0
2022-11-11,93000,93200,90800,92200,120001,11064092200,2.4444,-11496,-3881,15739,5132,23,-565,3086,0,8063,-362,0,0
2022-11-14,93000,103000,92800,101000,200150,20215150000,9.5445,-66165,48683,17944,13052,1317,1601,766,0,1208,-498,36,0
2022-11-15,101500,108000,99900,107500,155650,16732375000,6.4356,-43525,8130,35378,32070,1074,-1044,305,0,2974,77,-60,-1
2022-11-16,107500,107500,101500,102000,115938,11825676000,-5.1163,8471,-28948,21501,20152,-238,766,-314,0,1135,-837,-187,0
2022-11-17,101000,104000,100500,103000,73120,7531360000,0.9804,-4568,-26824,31383,29690,-22,94,413,0,1208,0,9,0
2022-11-18,103000,104500,101500,103500,73240,7580340000,0.4854,-7436,-7808,12549,12808,-37,-827,358,0,247,2695,0,0
2022-11-21,103500,106500,99600,100500,89425,8987212500,-2.8986,-5260,-10698,15744,9159,3626,-309,48,0,3219,206,8,1
2022-11-22,100000,101500,96000,96200,55577,5346507400,-4.2786,6140,-17118,7738,4511,503,1044,13,0,1667,3246,-6,0
2022-11-23,96100,96100,90500,91300,141661,12933649300,-5.0936,66460,-51490,-15545,-13971,-126,317,-3032,0,1267,535,40,0
2022-11-24,91900,92400,90600,92000,68770,6326840000,0.7667,9046,-9190,-32,-721,53,237,266,0,133,100,76,0
2022-11-25,92000,92400,91100,91300,60856,5556152800,-0.7609,3815,-5910,586,97,12,279,-4,0,202,1700,-191,0
2022-11-28,91500,93100,89300,91500,90836,8311494000,0.2191,-8809,10236,-2036,-762,-176,231,-20,0,-1309,602,7,0
2022-11-29,92300,95100,91500,94800,76749,7275805200,3.6066,-33131,30299,2856,580,-123,-92,0,0,2491,-10,-14,0
2022-11-30,93000,93000,88800,88800,1374484,122054179200,-6.3291,153426,-118754,-34647,-9402,-30862,370,796,0,4452,-71,46,-1
2022-12-01,90100,90700,88400,88500,221366,19590891000,-0.3378,79367,-98536,13539,19239,-447,-4634,-371,0,-248,5513,117,0
2022-12-02,89000,89000,87800,88500,108702,9620127000,0.0,36336,-37910,-3104,-116,925,170,-10,0,-4073,4785,-107,0
2022-12-05,89300,89800,88300,88500,101577,8989564500,0.0,-8248,9481,-1244,146,-2398,29,-558,0,1537,-9,20,0
2022-12-06,88300,88800,87000,87000,73491,6393717000,-1.6949,36526,-36178,-1538,672,-192,-242,-6,0,-1770,1176,14,0
2022-12-07,86400,86400,85100,85100,79657,6778810700,-2.1839,36729,-35029,-1695,-2203,-209,-152,-3,0,872,-87,82,0
2022-12-08,85500,85500,83200,83700,138546,11596300200,-1.6451,7665,18510,-28474,-703,-21169,-1403,-9207,0,4024,2298,1,-16
2022-12-09,84100,84700,82800,84300,77122,6501384600,0.7168,-1737,-4563,3483,-883,-3197,-38,-2494,0,4395,2813,4,5700
2022-12-12,84200,84200,82700,83200,56183,4674425600,-1.3049,15194,-8035,-5188,0,-2818,314,-2773,0,89,-1980,9,0
2022-12-13,83800,83800,82700,82900,46723,3873336700,-0.3606,8554,-12743,3192,-24,-12,2842,-1,0,387,944,53,0
2022-12-14,83200,86100,83100,84400,85951,7254264400,1.8094,-690,-1901,2399,-352,-38,309,4,0,2477,-142,334,-1
2022-12-15,84500,85800,84000,84000,53762,4516008000,-0.4739,5270,-2953,-1223,2804,-70,-155,-78,0,-3724,-1293,199,0
2022-12-16,83000,83000,81700,82500,168910,13935075000,-1.7857,16807,-13778,-2867,432,-523,-345,1,0,-2433,-304,142,1
2022-12-19,82200,82300,80400,80400,99676,8013950400,-2.5455,47752,-48417,-47,-600,-86,-295,-96,0,1030,673,39,0
2022-12-20,80200,80400,78600,78600,97389,7654775400,-2.2388,33742,-34921,442,-2307,2020,45,-176,0,860,809,-72,0
2022-12-21,79000,80000,77600,78700,67021,5274552700,0.1272,7298,-3477,-5876,-969,610,84,-6704,0,1103,1908,147,0
2022-12-22,79400,80400,78900,79900,58765,4695323500,1.5248,-8184,1966,2565,-2016,500,48,-149,0,4182,3510,143,0
2022-12-23,79400,79400,77800,78700,59504,4682964800,-1.5019,-1821,-7943,9090,6066,637,80,75,0,2232,361,313,0
2022-12-26,78700,79700,78500,79200,46852,3710678400,0.6353,2101,-6114,4058,-98,315,-25,430,0,3436,-95,50,0
2022-12-27,79000,80400,79000,80100,46986,3763578600,1.1364,573,-10252,10068,930,757,-327,727,0,7981,-318,-71,0
2022-12-28,78800,79000,77900,77900,51772,4033038800,-2.7466,26174,-18422,-7642,-1586,98,-152,-17,0,-5985,-870,760,0
2022-12-29,77400,77500,73000,73200,153476,11234443200,-6.0334,63308,-61064,-5547,-2664,1152,1450,-186,0,-5299,2875,428,0
2023-01-02,73700,76400,73000,73200,75586,5532895200,0.0,-20124,24496,-2842,-207,-564,-546,15,0,-1540,-1450,-80,0
2023-01-03,72700,74100,70900,73600,74041,5449417600,0.5464,36,8119,-8164,-3646,-365,-63,124,0,-4214,-32,41,0
2023-01-04,72900,75400,72600,75000,61317,4598775000,1.9022,-11933,16420,-4432,-2454,12,-397,274,0,-1776,-49,-6,-91
2023-01-05,75600,76300,74600,75100,62222,4672872200,0.1333,-4414,6869,-2087,1699,49,-254,17,0,-3690,0,-368,92
2023-01-06,74200,76400,74200,75600,44310,3349836000,0.6658,-6916,8841,1952,1542,1482,-616,589,0,-1045,-3902,25,0
2023-01-09,76400,78400,76300,78000,55454,4325412000,3.1746,-16350,12349,4297,-87,376,85,742,0,3182,-6,-290,-1
2023-01-10,78000,79200,77700,77900,74400,5795760000,-0.1282,-10816,12047,1865,-903,-243,-109,334,0,2786,-3097,1,0
2023-01-11,78100,79500,77600,79400,97545,7745073000,1.9255,-18002,23336,-5724,-5600,-2065,10,152,0,1779,590,-200,0
2023-01-12,80000,81400,79400,80900,92536,7486162400,1.8892,-34714,37275,-1226,15,-750,2683,270,0,-3444,-1340,5,0
2023-01-13,81400,81500,79700,80100,86192,6903979200,-0.9889,7417,-9898,1991,-15,-116,-178,-92,0,2392,612,-122,0
2023-01-16,80100,81200,79700,80900,43496,3518826400,0.9988,-16510,6169,10586,-330,-901,5529,311,0,5977,-183,-62,0
2023-01-17,80900,81600,80000,80100,35246,2823204600,-0.9889,-831,2828,-1551,-316,-352,-36,-102,0,-745,1,-447,0
2023-01-18,79900,81200,79700,81000,55101,4463181000,1.1236,-20110,19145,1165,0,2185,-47,-23,0,-950,-147,-53,0
2023-01-19,80400,81000,80000,80500,26073,2098876500,-0.6173,-367,-1727,2268,0,1879,-15,-3,0,407,-175,1,0
2023-01-20,80200,80900,79800,80500,68734,5533087000,0.0,11749,5694,-17974,-1319,-3193,-235,-10983,0,-2244,0,531,0
2023-01-25,81000,82600,80400,82100,91937,7548027700,1.9876,-26405,26372,16038,4305,5929,5531,-55,0,328,-16049,44,0
2023-01-26,81800,82800,81400,82500,34430,2840475000,0.4872,-5742,4223,1954,-1219,2470,562,5,0,136,46,-481,0
2023-01-27,82700,85800,82200,85400,113890,9726206000,3.5152,-52135,21247,32027,5156,7429,13911,2867,0,2664,-1000,-139,0
2023-01-30,85300,86000,83800,83800,72903,6109271400,-1.8735,8341,-5761,-2630,217,-996,-550,-17,0,-1284,0,50,0
2023-01-31,83800,84400,82900,83800,48402,4056087600,0.0,-7407,5695,1727,-198,-495,-216,-3,0,2639,0,-15,0
2023-02-01,83800,84800,83700,83900,25542,2142973800,0.1193,-3238,5086,-1903,-788,-628,-265,205,0,-426,38,17,-1
2023-02-02,84100,86500,84100,85900,79743,6849923700,2.3838,-27807,30310,-2572,-927,-88,-56,33,0,-1535,0,69,1
2023-02-03,85700,85800,85000,85500,35664,3049272000,-0.4657,109,2397,-2557,-112,-1894,-227,74,0,-398,-182,233,0
2023-02-06,85300,86400,84400,85200,42105,3587346000,-0.3509,-953,3186,-2675,2330,860,-459,10,0,-5416,259,183,0
2023-02-07,84600,86600,84500,86400,55878,4827859200,1.4085,-14091,19376,-2286,500,-340,-54,-57,0,-2335,-3000,1,0
2023-02-08,86600,86700,85300,85800,45291,3885967800,-0.6944,499,3334,-3852,-2641,-64,-129,-73,0,-945,-1,20,0
2023-02-09,85000,85500,84600,85200,56936,4850947200,-0.6993,5296,-2752,-2744,230,-170,-74,231,0,-2961,-90,290,0
2023-02-10,84800,85200,83500,84100,37861,3184110100,-1.2911,8510,-973,-7800,-79,-3036,-265,-126,0,-4294,221,42,0
2023-02-13,83800,83800,82200,82400,46279,3813389600,-2.0214,5772,-10392,2207,2927,1004,-265,44,0,-1503,2377,36,0
2023-02-14,83100,83700,82300,83300,42743,3560491900,1.0922,-8292,11614,-3488,-5468,-295,-62,-301,0,2638,186,-20,0
2023-02-15,83400,83400,80600,80900,48188,3898409200,-2.8812,3027,-7695,-4782,-80,-33,-44,-112,0,-4513,9443,7,0
2023-02-16,80900,83800,80900,83400,43580,3634572000,3.0902,-23099,15619,7486,0,438,-15,-74,0,7137,0,-6,0
2023-02-17,82000,82800,81600,81600,24735,2018376000,-2.1583,7341,-3144,-4235,-274,-119,-199,-131,0,-3512,20,18,0
2023-02-20,81700,83500,81300,83300,21672,1805277600,2.0833,-6940,1954,929,0,-607,-150,-31,0,1717,4026,31,0
2023-02-21,82600,83700,82400,82900,32095,2660675500,-0.4802,4538,-1825,-4416,1647,-18,-3029,-259,0,-2757,1686,17,0
2023-02-22,82300,82700,81100,82100,45044,3698112400,-0.965,-5357,12812,-14116,162,-5005,-3510,-848,0,-4915,6638,23,0
2023-02-23,82000,82800,81100,81600,46612,3803539200,-0.609,8456,2167,-12865,-11771,-230,-2638,-1,0,1775,2230,12,0
2023-02-24,81900,82300,81200,81300,45817,3724922100,-0.3676,1505,2392,-3905,5,-131,-25,3,0,-3757,0,8,0
2023-02-27,80000,81000,78100,78500,59647,4682289500,-3.444,16478,-16466,-5628,-120,-148,-9,-742,0,-4609,5386,230,0
2023-02-28,79300,79500,78300,78300,40317,3156821100,-0.2548,3524,-5733,-813,-3518,261,10,185,0,2249,3020,2,0
2023-03-02,78400,80300,78400,79500,42289,3361975500,1.5326,-11845,22042,-10225,-3734,-464,877,-20,0,-6884,0,28,0
2023-03-03,79500,85100,79500,82400,112653,9282607200,3.6478,-23331,19474,3,1378,1163,-270,187,0,-2455,3957,-103,0
2023-03-06,82400,83800,82200,83400,57705,4812597000,1.2136,-16877,9684,7487,2012,-235,763,825,0,4122,-320,26,0
2023-03-07,84000,86700,84000,84900,118279,10041887100,1.7986,-28257,22049,12872,7343,3547,116,1126,0,740,-6691,27,0
2023-03-08,83400,83400,80200,80400,152770,12282708000,-5.3004,76396,-79329,-1687,3202,-3,-58,3103,0,-8176,4502,118,245
2023-03-09,80400,80600,78600,78900,111637,8808159300,-1.8657,43281,-54883,3207,-1379,10,-28,691,0,3913,5527,2868,0
2023-03-10,78100,79100,77100,78000,59415,4634370000,-1.1407,8945,-16791,-2102,1191,684,-355,-2,0,-3621,13588,-3640,1
2023-03-13,78000,79300,76700,77400,58900,4558860000,-0.7692,6089,-22974,1933,877,-194,-91,-31,0,1373,14800,152,-1
2023-03-14,76400,77300,74700,74800,80341,6009506800,-3.3592,29552,-36864,-724,-356,-119,-348,-370,0,469,7853,183,0
2023-03-15,75600,76100,74300,74400,58837,4377472800,-0.5348,13990,-9149,-9876,-11623,-60,-75,-285,0,2167,4210,825,0
2023-03-16,73700,73800,72300,73300,59969,4395727700,-1.4785,-5886,1304,-1473,0,-331,-84,-20,0,-1038,6048,7,0
2023-03-17,73600,74200,73200,74000,63308,4684792000,0.955,5980,-7045,658,0,11,-48,1213,0,-519,302,105,1
2023-03-20,74200,74400,73100,73400,53009,3890860600,-0.8108,11956,-10022,-2148,0,-2278,-30,-42,0,202,59,155,0
2023-03-21,73500,73700,72300,72700,63570,4621539000,-0.9537,34373,-31365,-3138,-2447,-929,-105,87,0,256,109,21,0
2023-03-22,73200,73200,72100,72400,74281,5377944400,-0.4127,29381,-28793,-1150,-1763,-1100,-15,116,0,1612,562,0,0
2023-03-23,72000,72300,71400,71800,67858,4872204400,-0.8287,12901,-10048,-2702,-4602,-251,-60,-15,0,2226,-3,-148,0
2023-03-24,71800,72000,70800,71700,82321,5902415700,-0.1393,19534,-16603,-2272,15,415,323,-2,0,-3023,95,-754,0
2023-03-27,71700,72900,70700,72200,75100,5422220000,0.6974,6394,-3921,-2387,0,-230,-3096,-23,0,962,-66,-20,0
2023-03-28,72200,72500,71300,72400,44939,3253583600,0.277,2532,-5098,2066,0,-89,-59,269,0,1945,453,47,0
2023-03-29,72500,73000,72100,72700,51804,3766150800,0.4144,-4018,3859,31,-1249,0,-357,-3,0,1640,-1,129,0
2023-03-30,73200,75300,72900,74300,117370,8720591000,2.2008,-40722,38926,2589,0,-125,-177,230,0,2661,-1006,213,0
2023-03-31,74900,75100,73500,74500,63879,4758985500,0.2692,-2370,-191,1620,105,377,299,40,0,799,812,129,0
2023-04-03,75300,76000,73500,73900,75348,5568217200,-0.8054,11356,-8828,-1719,0,502,78,6,0,-2305,-755,-54,0
2023-04-04,74100,77900,74000,77400,151326,11712632400,4.7361,-65263,51817,20176,7879,473,318,2358,0,9148,-6805,75,0
2023-04-05,77000,78000,76000,76700,52986,4064026200,-0.9044,2410,-4494,4682,2026,817,143,399,0,1162,-2823,225,135
2023-04-06,76100,77200,75800,75800,62030,4701874000,-1.1734,-5873,18703,-12878,-4195,2405,21,309,0,-11588,38,10,170
2023-04-07,75800,76900,75300,76700,36861,2827238700,1.1873,-5517,3955,1564,-4586,5172,754,398,0,-447,94,-96,273
2023-04-10,76000,76600,75100,75600,59687,4512337200,-1.4342,-3290,6429,-3156,-2831,-200,-181,56,0,274,-1,18,-274
2023-04-11,75600,78800,75600,77900,88627,6904043300,3.0423,-36119,34312,-3029,-5455,-20,509,-5,0,1942,4835,1,0
2023-04-12,78000,78000,76800,77500,43843,3397832500,-0.5135,4144,-6573,2089,0,1002,2910,73,0,-1896,395,-55,0
2023-04-13,77500,78900,77000,78900,74897,5909373300,1.8065,-8003,4583,3303,-3349,873,1335,377,0,4067,12,105,0
2023-04-14,79200,80100,78500,79400,66882,5310430800,0.6337,89,-2346,2347,-1888,5090,-3438,-36,192,2428,-118,28,-1
2023-04-17,79400,79800,78700,78700,55369,4357540300,-0.8816,2668,1914,-4481,-49,722,-1645,-127,-700,-2683,-82,-19,1
2023-04-18,78100,78700,76800,78200,79380,6207516000,-0.6353,3496,14020,-20996,-6695,-399,-9638,239,0,-4503,3553,-73,0
2023-04-19,78600,79600,77500,77600,67503,5238232800,-0.7673,892,5391,-15274,-4946,-68,-10407,-75,0,222,8967,24,0
2023-04-20,77400,77400,76100,76300,61695,4707328500,-1.6753,21586,-22697,-4364,-5915,711,313,-5,0,532,5441,34,0
2023-04-21,76000,76700,75100,75200,40616,3054323200,-1.4417,3940,1234,-5011,0,814,-7369,-21,0,1565,-173,10,0
2023-04-24,75000,75200,73300,73400,71832,5272468800,-2.3936,27545,-12233,-17861,-7654,-153,-10693,0,0,639,2544,5,0
2023-04-25,73500,73900,71900,72000,74447,5360184000,-1.9074,42220,-32231,-14090,-4541,-8763,-640,0,0,-147,4090,11,1
2023-04-26,72000,72700,71000,72000,41582,2993904000,0.0,5802,-2440,-4472,-4703,1587,-853,-60,0,-443,1073,37,0
2023-04-27,71500,72000,70600,71700,50784,3641212800,-0.4167,9736,-1763,-10287,-4755,-3,189,-39,0,-5679,2068,246,0
2023-04-28,72500,72500,71200,71300,47124,3359941200,-0.5579,21206,-8518,-13982,-5785,710,-1207,-3593,0,-4107,470,824,0
2023-05-02,71300,72500,70900,72200,25730,1857706000,1.2623,-7441,5682,1644,-23,350,-320,-6,0,1643,10,105,0
2023-05-03,72200,72200,71500,72000,20934,1507248000,-0.277,4839,-2936,-1886,-141,-156,6,-120,0,-1475,10,-27,0
2023-05-04,71500,74900,71300,74600,78811,5879300600,3.6111,-11385,5691,6691,-4323,2,13307,-784,0,-1511,-372,-625,0
2023-05-08,74000,74900,73600,74100,25879,1917633900,-0.6702,-1379,-1560,2870,-321,91,-93,37,0,3156,112,-43,0
2023-05-09,73800,74700,73600,74100,26744,1981730400,0.0,6539,-5454,-1586,-269,-242,-869,-62,0,-144,488,13,0
2023-05-10,73900,74600,73500,73800,34279,2529790200,-0.4049,-4121,5654,-1038,-3292,3468,-292,-26,0,-895,-498,3,-1
2023-05-11,73700,74500,72800,72800,35294,2569403200,-1.355,5091,-2520,-4644,-3257,-221,12,-1245,0,67,1995,78,0
2023-05-12,72700,73500,72000,73100,33630,2458353000,0.4121,-4212,-776,4931,-1883,3501,4547,-1,0,-1234,82,-25,1
2023-05-15,72400,73200,71900,72900,27735,2021881500,-0.2736,-6529,-2101,8879,6111,1076,-27,-2,0,1721,-499,250,0
2023-05-16,72600,73500,71800,71900,35514,2553456600,-1.3717,13877,-10657,-3304,-2928,-14,-14,-17,0,-331,102,-18,0
2023-05-17,71300,72700,71300,72000,16082,1157904000,0.1391,-377,91,-314,9,-10,-38,-16,0,-258,600,0,-1
2023-05-18,72600,72600,71800,72200,19894,1436346800,0.2778,4421,-3462,-1085,81,-71,-51,-12,0,-1032,20,106,0
2023-05-19,72200,72800,72100,72800,28486,2073780800,0.831,-4191,-1344,4899,0,-665,82,-97,0,5579,700,-64,0
2023-05-22,73000,74700,72900,74300,43565,3236879500,2.0604,-13383,10409,4071,-1247,-1232,2002,-60,0,4607,-1089,-8,1
2023-05-23,74900,74900,74300,74400,29973,2229991200,0.1346,-510,-1734,2836,-3137,-55,3803,-30,0,2256,-659,67,-1
2023-05-24,74400,74600,73800,73900,18073,1335594700,-0.672,-2843,1613,1202,-247,37,2379,197,0,-1165,15,13,1
2023-05-25,73000,75000,73000,73600,30379,2235894400,-0.406,2148,-4002,1874,7557,-1750,-30,96,0,-3999,12,-32,0
2023-05-26,73300,73800,73100,73200,18986,1389775200,-0.5435,5181,-1064,-4257,-2142,-62,-29,-244,0,-1691,-86,226,-89
2023-05-30,73700,74600,73200,74400,30773,2289511200,1.6393,-10410,3057,7383,-6,-43,7151,-157,0,438,0,-30,0
2023-05-31,74000,77300,74000,75000,83147,6236025000,0.8065,-9219,12747,-2028,-3270,2324,-3,-242,0,-836,-1389,-111,-1
2023-06-01,75000,75100,74100,74100,32909,2438556900,-1.2,13459,-8719,-4863,-3212,274,2,6,0,-1933,61,62,0
2023-06-02,74600,74700,73900,74100,26037,1929341700,0.0,-4708,2637,787,-1000,854,0,-68,0,1001,121,1163,0
2023-06-05,74300,75500,74200,74300,24878,1848435400,0.2699,734,-1269,525,0,-1380,-15,-23,0,1943,12,-2,0
2023-06-07,74700,76400,74600,75700,53303,4035037100,1.8843,-15072,1045,15645,-1787,14540,-549,12,0,3429,-388,-1230,0
2023-06-08,75200,75300,74500,74900,39072,2926492800,-1.0568,11608,-15627,3957,354,5433,-222,355,0,-1637,84,-22,-326
2023-06-09,74900,76000,74800,75200,29661,2230507200,0.4005,7577,-7688,995,-1,472,84,-125,0,565,-884,0,0
2023-06-12,75500,75700,74300,74800,30950,2315060000,-0.5319,1831,-1697,743,-72,-1063,0,-273,0,2151,-254,-623,0
2023-06-13,74800,75300,73300,73300,49309,3614349700,-2.0053,17702,-15651,-2988,-1974,159,3,-159,-5000,3983,923,14,0
2023-06-14,73300,73700,72600,73300,31808,2331526400,0.0,2313,-7730,5102,4004,12,-2,-26,0,1114,315,0,0
2023-06-15,73200,73500,72400,72800,34289,2496239200,-0.6821,7723,-13222,2714,1782,-19,20,-3,0,934,3002,-217,0
2023-06-16,72700,73500,72500,73200,32679,2392102800,0.5495,-6796,4415,2408,-1761,228,6535,-328,0,-1940,1,-28,-326
2023-06-19,73300,74300,72500,73300,27900,2045070000,0.1366,3105,-906,-2060,-5188,283,0,-39,0,2884,15,-154,0
2023-06-20,73700,74300,72900,73700,36768,2709801600,0.5457,-8525,314,8318,6343,-27,970,-13,0,1045,-87,-20,0
2023-06-21,73400,73700,72000,72200,52999,3826527800,-2.0353,26346,-31457,1679,-485,-92,-81,-2,0,2339,3457,-25,0
2023-06-22,72200,72200,71400,71800,26669,1914834200,-0.554,6984,-10132,-290,-163,-701,-44,-153,0,771,3433,5,0
2023-06-23,71700,71800,71100,71200,38192,2719270400,-0.8357,9893,-19732,-4239,-195,9,-298,-83,0,-3672,14035,43,0
2023-06-26,71700,71700,70500,71000,25968,1843728000,-0.2809,3614,-7545,1422,-250,18,-153,-135,0,1949,2547,-38,-7
2023-06-27,70600,71100,70600,70800,24956,1766884800,-0.2817,3333,-9190,-1357,-110,34,-121,0,0,-1160,7203,11,0
2023-06-28,70600,71100,69800,69800,62440,4358312000,-1.4124,31959,-30791,718,0,7,-50,-4,0,765,-1891,5,0
2023-06-29,70000,70300,69800,69800,35086,2449002800,0.0,5666,-7806,47,-160,-575,1447,-222,0,-443,2010,83,0
2023-06-30,69800,70200,68300,70200,56602,3973460400,0.5731,12171,-13013,-3822,-4629,299,-90,-39,0,637,4691,-27,0
2023-07-03,70200,71300,70000,70400,22484,1582873600,0.2849,-1890,-3406,5393,-1975,527,-6,-332,0,7179,-97,0,0
2023-07-04,70000,70300,68900,69200,41361,2862181200,-1.7045,4034,-3291,-4869,-3649,67,69,-11,0,-1345,4129,-3,0
2023-07-05,68800,69400,68400,68600,38582,2646725200,-0.8671,641,1722,-5146,-125,8,-60,5,0,-4974,2771,12,0
2023-07-06,68200,68300,66900,67000,55257,3702219000,-2.3324,26762,-22785,-4449,1429,1,-948,-107,-1,-4823,325,147,0
2023-07-07,66700,66700,64200,65000,79617,5175105000,-2.9851,24992,-22839,-5514,-1388,365,-1269,-37,0,-3185,3331,30,0
2023-07-10,64800,65300,64300,64300,29596,1903022800,-1.0769,4126,-4002,-4365,-28,351,-1939,-31,0,-2718,4204,37,0
2023-07-11,64300,65000,64300,64500,24211,1561609500,0.311,3884,-1835,-2059,-860,4,-2036,-23,0,856,5,5,0
2023-07-12,64600,65300,64500,65000,31181,2026765000,0.7752,1298,-500,-2821,-106,-2,-1669,-24,0,-1020,2017,6,0
2023-07-13,65600,67300,65400,65900,51550,3397145000,1.3846,2271,-554,-1820,-3895,304,-1424,11,0,3184,70,33,0
2023-07-14,66800,66800,65000,66000,38111,2515326000,0.1517,192,-7283,5219,-679,-674,-698,-6,0,7276,1850,22,0
2023-07-17,65500,65900,65000,65300,19460,1270738000,-1.0606,1186,964,-2354,0,-732,-1695,-18,0,91,5,199,0
2023-07-18,65000,65800,64500,64700,33659,2177737300,-0.9188,5190,-4315,-959,75,-76,-777,23,0,-204,108,-24,0
2023-07-19,64700,65700,64500,65200,29927,1951240400,0.7728,-6228,7191,-968,90,-1,-94,17,0,-980,0,5,0
2023-07-20,65400,65700,64400,64900,72226,4687467400,-0.4601,-5123,9407,-3872,1163,-2506,4,-2,0,-2531,-394,-18,0
2023-07-21,79500,82000,69600,70000,1322562,92579340000,7.8582,162468,-130202,-15356,-1345,-23159,19735,-7694,0,-2893,-16496,-414,0
2023-07-24,68700,68900,64600,64600,374379,24184883400,-7.7143,113139,-73061,-51851,-2957,-5131,-40491,46,0,-3318,11608,165,0
2023-07-25,64900,65100,63200,63200,167648,10595353600,-2.1672,-15782,180,6123,8209,-130,-1508,68,0,-516,9186,293,0
2023-07-26,62500,62900,59300,60000,226286,13577160000,-5.0633,15330,-6410,-2131,-2225,1492,-2942,-5,0,1549,-6820,31,0
2023-07-27,60000,64000,60000,63300,150429,9522155700,5.5,-55698,44460,9383,11313,260,-5626,376,0,3060,1873,-18,0
2023-07-28,62200,62500,61400,62100,79997,4967813700,-1.8957,14887,-13605,-3436,-576,-48,5,-31,0,-2786,2105,49,0
2023-07-31,62100,64300,61900,63500,85710,5442585000,2.2544,-20584,17735,6159,9853,-228,-189,-124,0,-3153,-3457,147,0
2023-08-01,63300,66300,62600,65700,120848,7939713600,3.4646,-42029,36443,5703,100,1115,2748,-55,0,1794,-57,-60,1
2023-08-02,65700,66700,64700,64900,92617,6010843300,-1.2177,-6251,489,6475,0,2863,6891,-21,0,-3258,-600,-113,0
2023-08-03,64900,66800,64500,66000,112268,7409688000,1.6949,-5232,3732,6054,3479,1121,5842,225,-2,-4611,-4514,-40,0
2023-08-04,66400,66500,64700,65900,52668,3470821200,-0.1515,5949,-4455,-1918,-72,-28,-78,-25,0,-1715,574,-150,0
2023-08-07,65100,66000,64600,65000,44599,2898935000,-1.3657,5070,-1748,-4211,-363,-227,-374,-379,0,-2868,886,3,0
2023-08-08,64800,65200,63300,63300,62875,3979987500,-2.6154,5670,-2548,-2600,-170,1,-61,-163,0,-2207,-561,39,0
2023-08-09,62900,64300,62800,63900,34116,2180012400,0.9479,1942,464,-2541,-444,-254,-132,-2,0,-1709,142,-7,0
2023-08-10,63500,65900,63500,65900,61096,4026226400,3.1299,-20454,22194,-18,-621,177,-75,189,0,312,-1600,-122,0
2023-08-11,65900,66300,65100,66200,48982,3242608400,0.4552,-13592,14022,1870,920,45,1356,-32,0,-419,-2300,0,0
2023-08-14,66300,67200,65400,66000,51424,3393984000,-0.3021,-832,5948,-2986,-400,0,6,-32,-2,-2558,-2126,-4,0
2023-08-16,64900,65900,63700,63800,56880,3628944000,-3.3333,4969,-12559,-1511,902,-44,-42,-381,0,-1946,9103,-2,0
2023-08-17,63100,63500,61400,61400,94549,5805308600,-3.7618,26556,-15395,-5286,-3507,-7,113,19,0,-1904,-5903,28,0
2023-08-18,60600,61900,60300,61300,77484,4749769200,-0.1629,-477,978,-5635,-1752,5,-299,-1050,0,-2539,5141,-7,0
2023-08-21,61100,62200,61000,61700,34349,2119333300,0.6525,657,-16,-645,-413,2,33,-16,0,26,-2,6,-277
2023-08-22,61800,62000,61100,61600,23563,1451480800,-0.1621,808,-1542,-411,-221,33,107,-7,0,-323,1074,71,0
2023-08-23,61200,62000,61000,61000,28091,1713551000,-0.974,-6845,5640,-843,-588,-45,-66,0,0,-144,2017,31,0
2023-08-24,61300,61600,60700,61100,34471,2106178100,0.1639,8727,-4916,-6595,-7060,-77,9,62,0,471,2801,-17,0
2023-08-25,60500,61500,60500,61300,27283,1672447900,0.3273,-5652,6599,-1147,-244,122,414,-1,0,-1438,220,-20,0
2023-08-28,61800,62700,61500,62200,34143,2123694600,1.4682,-16467,15927,650,-156,-41,0,-1,0,848,-100,-10,0
2023-08-29,62300,63200,62300,63000,25883,1630629000,1.2862,-10725,10787,-62,0,3,13,-26,0,-52,0,0,0
2023-08-30,63400,63900,62800,63000,28547,1798461000,0.0,-5289,4958,260,-195,-76,-213,-97,0,1051,91,-20,-210
2023-08-31,62900,64200,62800,62900,33294,2094192600,-0.1587,-7680,5878,1800,-312,-412,34,-6,0,2496,0,2,0
2023-09-01,62600,63300,62500,62500,22681,1417562500,-0.6359,1811,149,-2173,-328,20,-174,-2,0,-1689,221,-8,0
2023-09-04,62000,63400,62000,63300,30491,1930080300,1.28,-7826,10367,-2250,-1960,-123,404,-54,0,-517,-214,-77,0
2023-09-05,62800,63200,62300,62800,25907,1626959600,-0.7899,3949,6504,-10453,-7817,-332,-1299,-7,0,-998,-1,1,0
2023-09-06,62500,62700,62000,62000,28744,1782128000,-1.2739,7695,-3159,-4511,-1840,-72,-261,-332,0,-2006,-27,2,0
2023-09-07,61500,62200,61000,61100,33828,2066890800,-1.4516,4470,-2911,-1288,-768,-20,208,-223,0,-485,5,-276,0
2023-09-08,61700,62800,61600,61900,23386,1447593400,1.3093,-6117,5721,563,-1322,-7,360,-76,0,1608,0,-167,0
2023-09-11,62000,62200,61400,61700,20869,1287617300,-0.3231,-1112,1810,-1301,-1271,-7,199,-70,-2,-150,600,3,0
2023-09-12,62200,62800,61400,61400,28710,1762794000,-0.4862,789,-2748,756,15,-260,91,-76,0,986,1200,3,0
2023-09-13,60900,61500,60200,60400,56934,3438813600,-1.6287,15651,-20703,-400,-1058,-44,26,-78,0,754,5448,4,0
2023-09-14,60800,61700,60500,61500,50454,3102921000,1.8212,-21361,11673,9748,690,145,362,-9,0,8560,-66,6,0
2023-09-15,61700,63100,61400,62100,65868,4090402800,0.9756,-20885,23766,-3274,-4821,-6918,-12,-38,0,8515,368,25,0
2023-09-18,62000,62400,61500,61500,18051,1110136500,-0.9662,4660,-4280,-411,0,0,278,-1,0,-688,6,25,0
2023-09-19,61500,62000,61200,61700,16656,1027675200,0.3252,1263,-28,-1203,2688,-775,-92,-3,0,-3021,-6,-26,0
2023-09-20,61400,61800,61300,61500,19646,1208229000,-0.3241,1904,-3378,2239,-2183,3831,-92,-99,0,782,-780,15,0
2023-09-21,61200,67300,60100,60100,321107,19298530700,-2.2764,62700,-63009,-5486,455,-122,-319,-22,0,-5478,5239,556,0
2023-09-22,61000,66200,59900,64600,297450,19215270000,7.4875,-92119,41105,56923,16129,19643,17456,3919,246,-510,-5235,-674,40
2023-09-25,64300,66000,62600,63900,102931,6577290900,-1.0836,-13216,-13733,29562,6696,354,2632,3902,236,15704,-2512,-101,38
2023-09-26,63200,64500,62500,63200,58719,3711040800,-1.0955,-16823,7724,6827,7444,245,264,1697,233,-2759,2272,0,-297
2023-09-27,62000,64100,62000,63100,36520,2304412000,-0.1582,-4929,-571,6283,5221,-215,-230,91,0,1416,-783,0,0
2023-10-04,63100,63800,61100,63400,66522,4217494800,0.4754,-334,-1067,1348,8035,-762,-3587,933,0,-3271,48,5,0
2023-10-05,63400,64500,62200,63000,58360,3676680000,-0.6309,-13493,14280,494,-20,-11,-166,-191,0,882,-1282,1,0
2023-10-06,62300,63500,62300,62800,32391,2034154800,-0.3175,8218,-9844,1663,47,-153,-7,-9,0,1785,-37,0,0
2023-10-10,63800,63900,60900,61000,54148,3303028000,-2.8662,3328,-7167,2225,-10,328,-3700,-88,0,5695,1502,112,0
2023-10-11,61800,62100,61100,61600,33428,2059164800,0.9836,-3190,-628,3927,284,-10,-174,8,0,3819,-111,2,0
2023-10-12,61700,62900,61700,62500,27128,1695500000,1.461,-4580,1816,2864,14,271,-8,103,0,2484,0,-100,0
2023-10-13,61600,61900,61000,61000,25993,1585573000,-2.4,6363,-4832,-1916,-41,-98,-9,-44,0,-1724,104,281,0
2023-10-16,60600,61200,59500,61200,60678,3713493600,0.3279,12649,-23818,10873,8710,46,-20,1872,271,-50,298,-2,44
2023-10-17,61000,61500,60400,60500,30479,1843979500,-1.1438,15842,-7215,-8638,-7118,44,26,-276,0,-1314,6,5,0
2023-10-18,60700,60800,59700,60200,89114,5364662800,-0.4959,3173,-8197,536,850,37,15,-50,0,-316,4060,428,0
2023-10-19,59800,59800,58500,59200,49451,2927499200,-1.6611,19206,-23088,3490,1820,108,3106,-150,0,-1394,343,49,0
2023-10-20,58000,58700,56300,57200,82616,4725635200,-3.3784,14908,-26057,9601,8814,-395,-139,1840,255,-816,1345,203,42
2023-10-23,57100,57800,56600,57000,28846,1644222000,-0.3497,-1458,-1788,3132,0,257,786,42,0,2047,103,11,0
2023-10-24,57000,57400,55600,57400,47520,2727648000,0.7018,1125,-2465,1377,742,-323,1537,-11,0,-568,52,-89,0
2023-10-25,57100,58200,57100,57700,26416,1524203200,0.5226,-6286,4707,1683,690,2237,-715,-30,0,-499,-100,-4,0
2023-10-26,56700,57800,56000,56500,35845,2025242500,-2.0797,10466,-13271,2990,1811,34,-1378,-9,0,2616,-177,-8,-84
2023-10-27,56500,56900,55900,56200,25568,1436921600,-0.531,1100,1160,-1738,-13,1103,-4107,13,0,1182,-689,167,84
2023-10-30,55600,57000,55600,56600,22277,1260878200,0.7117,-5644,7898,-2276,0,-1484,-304,29,0,-517,20,2,0
2023-10-31,57100,57700,55900,56400,21986,1240010400,-0.3534,-2794,4945,-1698,-21,85,-122,-40,0,-1600,-409,-44,0
2023-11-01,56500,57400,56300,57200,21124,1208292800,1.4184,-9031,4538,4693,1277,27,45,-207,0,3551,-100,-100,0
2023-11-02,58000,58300,57400,57900,32849,1901957100,1.2238,-5362,6665,-1303,-1653,-66,61,-1354,0,1709,0,0,0
2023-11-03,58500,58600,57600,58000,44309,2569922000,0.1727,-8418,10601,-2183,505,-484,-2431,-368,0,595,0,0,0
2023-11-06,59200,60900,58600,60900,88493,5389223700,5.0,-39969,36099,3404,-1280,200,2114,-185,0,2555,468,-2,0
2023-11-07,61300,61800,60300,61400,63299,3886558600,0.821,-12940,17671,-4526,399,-3712,-214,0,0,-968,-201,-4,-31
2023-11-08,61800,62000,61200,61400,26660,1636924000,0.0,-4682,3590,1542,-49,-15,-55,-371,12,2019,-444,-6,1
2023-11-09,61500,62000,61200,61900,26986,1670433400,0.8143,-4064,529,3429,-30,3245,-477,-90,0,781,100,6,0
2023-11-10,61400,62500,60600,60600,25098,1520938800,-2.1002,1933,-1242,-531,-1000,1270,-24,8,0,-785,-160,0,0
2023-11-13,61400,61500,60400,60500,15155,916877500,-0.165,-1918,2002,-11,392,53,-1039,-55,0,638,100,-173,0
2023-11-14,61400,62100,61000,61200,23522,1439546400,1.157,-12856,4717,8100,-36,4,4044,-20,0,4109,40,-1,-1
2023-11-15,62500,62700,61800,62200,31773,1976280600,1.634,-18609,8632,10084,0,64,158,84,0,9778,-88,-19,0
2023-11-16,62300,63600,62200,63200,42105,2661036000,1.6077,-20556,16508,-545,494,290,-47,45,0,-1327,-355,4948,0
2023-11-17,63200,63700,62200,62800,10941,687094800,-0.6329,908,213,-831,0,-7,-16,-74,0,-734,-289,-1,0
2023-11-20,63100,64400,62900,63500,39795,2526982500,1.1146,-16381,12087,4282,456,1057,225,-53,0,2597,-1,13,0
2023-11-21,64000,64700,63700,64600,41142,2657773200,1.7323,-23482,23993,1278,-689,973,160,5,0,830,-1789,0,-1
2023-11-22,64000,64800,63500,64700,21457,1388267900,0.1548,-5874,1328,5538,-1006,7073,83,-69,0,-543,-977,-15,0
2023-11-23,64500,64900,63500,64900,26041,1690060900,0.3091,-7471,4875,4852,-3451,5654,2628,41,0,-20,-2259,3,0
2023-11-24,65000,65000,64600,64700,22056,1427023200,-0.3082,-5268,105,9692,0,6471,2122,82,0,1017,-4528,-1,0
2023-11-27,63900,65300,63900,64900,30092,1952970800,0.3091,-12637,16425,3979,0,1742,45,74,0,2118,-7787,20,0
2023-11-28,65000,65200,64100,64300,28789,1851132700,-0.9245,-1539,-5802,9311,0,5192,607,-183,0,3695,-2060,90,0
2023-11-29,63900,64900,63900,64300,19909,1280148700,0.0,-6346,3876,3047,34,2340,2511,418,0,-2256,-580,3,0
2023-11-30,64300,64800,63700,64300,24745,1591103500,0.0,-3225,-3384,5777,0,2260,1496,-63,0,2084,829,3,0
2023-12-01,64500,65400,64400,64900,27467,1782608300,0.9331,-3561,10971,-1414,705,7,318,22,0,-2466,-6076,80,0
2023-12-04,65400,65500,64500,64500,13950,899775000,-0.6163,2046,-2649,579,-15,-52,48,-52,0,650,22,2,0
2023-12-05,64200,65800,64000,65400,46243,3024292200,1.3953,-23661,16307,8173,10275,174,185,-23,0,-2438,-801,-18,0
2023-12-06,65300,65900,65200,65300,19439,1269366700,-0.1529,-6035,1539,4535,-252,2551,83,37,0,2116,38,-77,0
2023-12-07,64500,65800,64500,65600,18316,1201529600,0.4594,-7564,5991,1556,-278,2035,1897,53,0,-2152,3,14,1
2023-12-08,65600,65900,64800,65200,17902,1167210400,-0.6098,-5220,-2319,7419,90,2322,2725,-107,0,2389,117,3,0
2023-12-11,65800,65900,65200,65600,13508,886124800,0.6135,-351,-2273,2772,1067,-56,117,-17,0,1662,-86,-62,-1
2023-12-12,64900,65900,64900,65800,23386,1538798800,0.3049,-8500,-1226,9216,2295,20,305,350,0,6246,10,500,0
2023-12-13,67000,67000,65400,65400,21059,1377258600,-0.6079,1626,-4550,2936,2697,-2,30,51,0,160,-5,-7,0
2023-12-14,66600,66600,65000,65900,42142,2777157800,0.7645,-4823,-2841,7658,5864,517,193,-200,0,1215,51,-45,69
2023-12-15,66000,68300,65900,67400,81086,5465196400,2.2762,-34082,2630,31287,23189,8030,-124,-168,0,361,470,-305,-1
2023-12-18,67100,67600,66600,67000,20924,1401908000,-0.5935,4379,-2684,-1156,1027,234,-218,40,0,-2239,-419,-120,0
2023-12-19,66900,67100,66600,66600,20204,1345586400,-0.597,-2796,554,2466,2356,-183,-459,-41,0,793,76,-300,0
2023-12-20,67700,67700,66900,67400,25192,1697940800,1.2012,-12381,2677,9716,1160,-31,104,99,0,8384,-20,8,0
2023-12-21,67400,67700,66500,66600,20831,1387344600,-1.1869,-1423,1463,-24,-1004,-278,-87,-9,0,1354,9,-25,0
2023-12-22,66600,67100,66000,66700,23761,1584858700,0.1502,-10653,8509,2157,-482,18,60,-161,0,2721,0,-13,1
2023-12-26,67000,67300,66500,66600,21451,1428636600,-0.1499,-4768,-1287,5979,-171,85,2,-373,0,6436,-5,81,0
2023-12-27,66600,66800,65700,66600,28261,1882182600,0.0,-2580,4600,-81,-243,355,-142,-353,0,302,-2018,79,0
2023-12-28,66900,67500,66500,67300,30600,2059380000,1.0511,-18909,7567,11254,3425,1362,-25,-141,0,6577,104,-16,56
2024-01-02,67000,67500,66500,67200,21119,1419196800,-0.1486,-4192,3365,982,-151,-1471,-44,305,0,2357,-100,-55,-14
2024-01-03,66800,74100,66700,71500,257226,18391659000,6.3988,-62087,42847,16099,26476,647,-3067,283,0,-8240,2850,291,0
2024-01-04,71200,71300,69200,69300,52151,3614064300,-3.0769,12374,-9200,-2100,3003,-131,-425,163,0,-4710,-644,-430,0
2024-01-05,69300,71900,69000,70700,58716,4151221200,2.0202,-4730,3303,2559,5590,999,-4011,1803,0,-1821,-1131,-1,-1
2024-01-08,70100,71000,69300,69300,23082,1599582600,-1.9802,3391,-2963,-445,1751,-182,-82,91,0,-2023,-2,19,0
2024-01-09,69700,71300,69700,70600,30587,2159442200,1.8759,-6298,613,7085,869,2202,2276,842,0,762,-1501,101,134
2024-01-10,70700,71200,69500,69500,18423,1280398500,-1.5581,1998,-1537,-425,1126,65,0,-7,0,-1609,-35,-1,0
2024-01-11,70200,70400,69100,69100,25177,1739730700,-0.5755,931,-1614,1698,273,860,2199,950,0,-2718,-1005,-10,134
2024-01-12,68200,68900,66400,66500,66129,4397578500,-3.7627,12126,-1589,-10525,22,-35,-105,-7328,0,-3079,50,-62,0
2024-01-15,66000,67000,65800,66100,22205,1467750500,-0.6015,697,-844,152,-2454,1361,50,113,0,1082,-8,3,0
2024-01-16,65100,66800,65100,65900,14148,932353200,-0.3026,-686,3683,-2998,80,4,28,83,0,-3193,1,0,0
2024-01-17,66300,66300,64600,64800,19379,1255759200,-1.6692,3742,-3742,-26,-415,108,30,128,0,117,11,15,6
2024-01-18,64400,65400,63400,63400,25391,1609789400,-2.1605,13747,-13144,-708,79,35,-34,79,0,-867,104,1,0
2024-01-19,63100,64500,63100,63200,24473,1546693600,-0.3155,995,-699,-306,-281,133,3,67,0,-228,11,-1,0
2024-01-22,63000,63900,63000,63400,13981,886395400,0.3165,-2854,2726,563,109,438,21,-211,0,206,2,-437,0
2024-01-23,63100,64700,63100,64600,27815,1796849000,1.8927,-7197,3569,3637,1701,850,32,-476,773,757,0,-9,0
2024-01-24,64900,65700,64400,65200,24446,1593879200,0.9288,-631,2545,-1350,-2473,1262,6,32,0,-177,-570,6,0
2024-01-25,65300,65400,64300,65300,16669,1088485700,0.1534,-3442,-3204,6646,916,4802,19,46,0,863,0,0,0
2024-01-26,64700,66400,64700,65300,17123,1118131900,0.0,-5397,4513,774,1230,155,-47,-4,0,-560,0,110,0
2024-01-29,65300,66500,65200,65400,29630,1937802000,0.1531,-1918,11810,-9747,-7205,-1181,-1130,1,0,-232,-146,1,0
2024-01-30,65900,67000,65100,65800,70652,4648901600,0.6116,5072,24239,-28620,-23397,-4409,-1247,101,0,332,-724,33,0
2024-01-31,65100,65700,63900,64500,33503,2160943500,-1.9757,8080,-1576,-4915,-1363,-6477,26,138,0,2761,-1624,35,0
2024-02-01,63900,67300,63500,66900,54493,3645581700,3.7209,-28704,8952,20021,-1406,208,15587,59,0,5573,-199,-70,0
2024-02-02,66900,69600,66300,68900,98754,6804150600,2.9895,-50430,-3600,55780,8449,5900,12950,18307,0,10194,-1896,146,-20
2024-02-05,69900,71400,68100,69000,72967,5034723000,0.1451,-4031,1904,2432,2628,-890,326,-12,0,380,0,-305,0
2024-02-06,69000,70500,68400,69200,34425,2382210000,0.2899,-10445,1631,9806,-23,2,10100,-171,0,-100,-975,-17,-2
2024-02-07,68900,70400,68800,69500,37647,2616466500,0.4335,-15240,-3005,19541,4008,-44,10135,166,0,5276,-1285,-11,0
2024-02-08,69900,70200,67900,68700,29488,2025825600,-1.1511,-1033,-3142,2073,-420,-54,28,-99,0,2618,2229,-127,0
2024-02-13,69300,70000,69000,69500,32313,2245753500,1.1645,-11185,-5966,17242,-49,-2796,9435,-162,0,10814,-76,-15,0
2024-02-14,68600,69300,67100,68000,21191,1440988000,-2.1583,3769,468,-4647,279,186,210,-94,0,-5228,398,12,0
2024-02-15,67700,68200,66000,66100,59422,3927794200,-2.7941,19470,8571,-27470,-5640,64,-1026,-5160,0,-15708,-630,59,0
2024-02-16,66700,70800,66400,70100,87066,6103326600,6.0514,-60744,28719,33076,634,46,30020,-2108,0,4484,-980,-71,0
2024-02-19,70100,70400,69100,69300,20113,1393830900,-1.1412,2069,-4758,2282,44,2,51,-144,-70,2399,20,387,0
2024-02-20,69400,71500,69000,69500,72015,5005042500,0.2886,-20153,20947,6730,494,-11,-59,5675,-228,896,-7554,30,-37
2024-02-21,70200,70900,69500,70500,69409,4893334500,1.4388,-17236,443,16858,8283,-4588,12080,0,0,1084,0,-65,-1
2024-02-22,71000,71000,69100,70000,41303,2891210000,-0.7092,12727,-13237,470,794,20,-58,-1077,-230,1059,5,35,-38
2024-02-23,70000,70500,69000,69900,39437,2756646300,-0.1429,-3601,-5891,9523,2715,18,92,101,0,6597,0,-31,0
2024-02-26,70300,70300,68300,69100,63542,4390752200,-1.1445,10050,1854,2749,221,-100,4945,-48,0,-2269,-14677,24,0
2024-02-27,70000,70000,68500,69400,35390,2456066000,0.4342,-8441,-6315,15134,-1366,3605,12227,-13,0,732,13,-391,-51
2024-02-28,69000,70300,68300,68900,24294,1673856600,-0.7205,-1937,-8458,10891,6,-10,9918,-35,0,1012,2,-498,0
2024-02-29,68300,69000,67900,67900,21488,1459035200,-1.4514,5156,-1408,-5012,-1683,-1360,-45,14,0,-1938,1247,17,0
2024-03-04,68500,70200,67900,68900,52637,3626689300,1.4728,-22487,12826,9663,-3852,-254,15314,-159,0,-1386,0,-2,0
2024-03-05,68200,69800,67900,67900,22753,1544928700,-1.4514,585,5670,-5936,-1731,-27,-167,27,0,-4038,-288,-31,0
2024-03-06,67500,70000,67500,69400,54871,3808047400,2.2091,-18768,-17445,38013,9602,26303,-37,2569,0,-965,-1665,-135,541
2024-03-07,69400,70000,69100,69500,28014,1946973000,0.1441,-6856,-6044,12890,-833,2751,-178,7629,0,3521,0,10,0
2024-03-08,70300,70300,68700,68800,28943,1991278400,-1.0072,245,-2783,2393,495,2338,-323,87,0,-202,0,145,-2
2024-03-11,68000,68700,67600,67800,20157,1366644600,-1.4535,6161,-1665,-3820,-2425,-34,-619,35,0,-777,-901,225,0
2024-03-12,68500,68900,67600,68300,20255,1383416500,0.7375,2287,-5384,3207,-1276,201,1577,-1,0,2706,-100,-10,0
2024-03-13,68300,69000,67700,68300,25174,1719384200,0.0,-3974,-2520,6595,-3648,-188,11114,-305,0,-378,-103,2,0
2024-03-14,68400,68400,67000,67000,46714,3129838000,-1.9034,18245,-6963,-11192,-6975,450,273,66,0,-5009,-184,94,3
2024-03-15,67000,67500,65200,65200,67986,4432687200,-2.6866,22587,-14711,-8058,-6994,-213,5,-11,0,-846,151,31,1
2024-03-18,65400,65700,64800,64800,23579,1527919200,-0.6135,2207,-1533,227,-476,1260,-16,7,0,-548,-1119,218,0
2024-03-19,64500,64800,63700,64100,24465,1568206500,-1.0802,3764,197,-3953,-30,440,-203,-113,0,-4047,-73,65,0
2024-03-20,64500,64500,63800,63800,29224,1864491200,-0.468,11289,-4544,-6750,-8303,44,47,-1,0,1463,0,5,0
2024-03-21,64400,64800,64200,64600,28298,1828050800,1.2539,-2761,-6040,8821,-636,-27,177,16,0,9291,-42,22,0
2024-03-22,64200,65200,64000,65200,48810,3182412000,0.9288,-25640,11782,3818,4068,-153,12,-300,0,191,10010,30,0
2024-03-25,65200,65200,64000,64100,34317,2199719700,-1.6871,11941,-10422,-1747,-943,-47,0,-13,0,-744,100,128,0
2024-03-26,64400,64700,64000,64100,29247,1874732700,0.0,3388,-5263,1831,-3438,-9,55,-14,0,5237,-497,541,0
2024-03-27,63700,64100,63600,63800,31426,2004978800,-0.468,6361,-8657,3099,2864,-1157,65,-710,0,2037,-921,118,0
2024-03-28,63700,63900,63200,63200,31164,1969564800,-0.9404,11989,-7509,-8572,-8159,9,277,-214,0,-485,4100,-8,0
2024-03-29,63100,63300,62200,62300,35518,2212771400,-1.4241,12688,-10460,-4328,-3119,-527,-54,-63,0,-565,2004,96,0
2024-04-01,62600,62900,62100,62800,16366,1027784800,0.8026,4325,-4329,25,45,126,-586,-57,0,497,-20,-1,0
2024-04-02,62100,62400,61900,61900,22620,1400178000,-1.4331,9999,-5691,-4433,-45,-1696,-74,-5,0,-2613,102,23,0
2024-04-03,61500,61900,60900,61500,30810,1894815000,-0.6462,1711,-628,-1242,5034,-445,-201,-8,0,-5622,141,18,0
2024-04-04,61900,61900,60900,60900,22193,1351553700,-0.9756,11094,-6545,-4564,-75,-1549,-16,-27,-1490,-1407,20,-5,0
2024-04-05,60400,60900,60100,60500,21438,1296999000,-0.6568,961,-551,-1423,3086,-232,-1114,0,0,-3163,1001,12,0
2024-04-08,60600,61000,59600,59800,15710,939458000,-1.157,1959,-93,-2867,105,153,-26,-17,0,-3083,1001,0,1
2024-04-09,59900,60400,59700,59800,12431,743373800,0.0,1723,-1592,-148,215,5,-15,6,0,-359,10,7,0
2024-04-11,59000,59400,58500,59000,28298,1669582000,-1.3378,6377,-3125,-3295,4832,43,-223,0,0,-7947,26,17,0
2024-04-12,58600,59000,58200,58400,18411,1075202400,-1.0169,3937,545,-4594,150,394,-245,26,0,-4919,112,0,0
2024-04-15,57700,58200,57200,57500,22442,1290415000,-1.5411,985,463,-1490,-737,-10,-281,-1,0,-461,22,20,0
2024-04-16,56700,57200,56400,56500,20004,1130226000,-1.7391,2651,-2564,49,1621,-84,-234,6,0,-1132,6,-142,-128
2024-04-17,56300,57000,56300,56800,17933,1018594400,0.531,-72,1140,-1198,-60,-54,-113,-44,0,-1433,115,15,506
2024-04-18,56800,57200,56700,57000,13381,762717000,0.3521,4405,-2424,-1889,-577,-471,-168,-3,0,-670,-100,8,0
2024-04-19,56200,56500,55300,55500,59938,3326559000,-2.6316,38742,-29889,-8991,-1597,-1160,-570,68,0,-5733,102,36,1
2024-04-22,56000,58500,55800,58500,48544,2839824000,5.4054,-31141,20756,10445,7398,-86,-20,6,0,3147,-100,40,0
2024-04-23,58500,58800,57800,58400,13192,770412800,-0.1709,178,-551,331,30,-32,-91,11,0,413,0,42,0
2024-04-24,59000,59100,58100,58100,16069,933608900,-0.5137,6665,-7281,732,-1,-96,7,26,0,796,-70,-46,0
2024-04-25,57500,58200,57500,57500,12301,707307500,-1.0327,2158,2080,-4258,-50,-1190,-289,-35,0,-2694,0,20,0
2024-04-26,57900,58000,57400,57800,7949,459452200,0.5217,1982,-1785,-201,-183,-247,-171,-14,0,414,0,4,0
2024-04-29,58500,60700,58500,60400,47725,2882590000,4.4983,-30455,16094,14468,8251,75,32,84,0,6026,-64,-43,0
2024-04-30,60400,60500,59400,60500,19261,1165290500,0.1656,2361,-7471,5105,3660,152,-27,-11,0,1331,3,2,0
2024-05-02,59900,61400,59500,59500,20932,1245454000,-1.6529,6445,-4653,-1793,-40,-9,-95,-18,0,-1631,0,1,0
2024-05-03,59800,60300,59600,59600,12743,759482800,0.1681,2832,-637,-2193,-1203,-1045,-8,-63,0,126,2,-4,0
2024-05-07,60800,60800,59500,59600,23221,1383971600,0.0,-167,-3254,3455,-3045,-142,66,-10,0,6586,-1,-33,0
2024-05-08,59500,59600,59000,59100,11638,687805800,-0.8389,2980,1214,-4202,-4100,-36,-220,-23,0,324,0,8,-147
2024-05-09,58900,59600,58600,58600,35467,2078366200,-0.846,7603,-5277,-2528,-4080,-1756,-51,14,0,3340,202,0,5
2024-05-10,59700,59900,58600,59000,11234,662806000,0.6826,-19,-4237,4381,30,-137,30,-27,0,4485,-125,0,0
2024-05-13,59400,59400,58400,58400,15093,881431200,-1.0169,5270,-1558,-3397,-3759,-169,9,-76,0,598,0,-315,0
2024-05-14,58600,58600,58200,58200,16640,968448000,-0.3425,5349,-3075,-2275,-1059,-8,217,52,0,-1477,0,1,0
2024-05-16,59500,59600,58000,58000,33704,1954832000,-0.3436,8137,-6262,-1484,-5085,88,56,-226,0,3683,10,-401,0
2024-05-17,57900,58200,57500,57700,13590,784143000,-0.5172,7384,-5551,-1933,15,-496,-222,-196,0,-1034,100,0,0
2024-05-20,57900,58100,57500,57600,14160,815616000,-0.1733,168,-1826,-848,-3148,-197,-140,-193,0,2830,2529,-23,0
2024-05-21,57200,58000,56200,56200,28140,1581468000,-2.4306,20915,-15076,-5748,-4100,-90,-268,-129,0,-1162,100,-191,1
2024-05-22,56200,56800,55900,55900,23078,1290060200,-0.5338,3981,-653,-5883,-2791,-35,-2749,-128,0,-180,2016,539,0
2024-05-23,55900,56100,55400,55400,59610,3302394000,-0.8945,32029,-215,-36915,-34234,385,-833,-301,0,-1932,5150,-49,0
2024-05-24,55200,55200,53800,53800,68068,3662058400,-2.8881,44987,-28448,-18013,-2981,-4536,-1686,-1628,0,-7182,1451,23,0
2024-05-27,53800,54200,53100,53700,53261,2860115700,-0.1859,23250,-1287,-22129,-3535,-3583,-18018,-38,0,3045,17,149,0
2024-05-28,53700,54500,53300,54000,24231,1308474000,0.5587,5566,-4470,-1051,9,-57,-30,236,0,-1209,0,-45,0
2024-05-29,53600,54400,53200,53700,19161,1028945700,-0.5556,5893,-3628,-2265,10,-34,-94,-352,0,-1795,0,0,0
2024-05-30,53200,53200,51200,51400,77428,3979799200,-4.2831,51459,-15540,-36180,-15404,-9482,-16,-6185,0,-5093,11,250,0
2024-05-31,51800,53100,51600,53100,47489,2521665900,3.3074,-16150,9477,6663,73,-691,92,121,0,7068,10,0,0
2024-06-03,53200,54300,53200,54100,21085,1140698500,1.8832,-3000,2621,369,88,-31,66,-606,0,853,0,10,-1
2024-06-04,53100,54100,51900,52000,42476,2208752000,-3.8817,20173,-4469,-15907,-12061,117,-200,-1216,0,-1620,202,1,-927
2024-06-05,52100,53000,52000,52500,33138,1739745000,0.9615,-4064,12609,-8547,-12289,727,5309,-52,0,-2242,0,2,0
2024-06-07,52600,53200,52200,53000,16997,900841000,0.9524,-202,-198,742,-797,-1021,205,-1,0,2356,-100,-242,0
2024-06-10,52500,52900,51900,52300,24557,1284331100,-1.3208,4092,-3919,-194,-2747,-92,8609,-904,0,-5060,1,20,0
2024-06-11,52200,53000,52000,52700,17569,925886300,0.7648,-3619,2955,673,30,1171,1088,-18,0,-1598,1,-10,0
2024-06-12,52500,52900,51600,52200,32811,1712734200,-0.9488,17726,-2739,-14992,-6423,661,-9075,-1058,-132,1057,0,5,-22
2024-06-13,52000,52700,51200,51200,58321,2986035200,-1.9157,15069,-2228,-12920,-7068,-2982,-10,-126,0,-2733,101,-22,-1
2024-06-14,51100,51600,50100,50300,46208,2324262400,-1.7578,23506,-15288,-8314,-2764,370,-1074,-5,0,-4841,91,5,0
2024-06-17,50300,50500,49850,49950,24174,1207491300,-0.6958,3829,101,-3922,-42,-2122,-470,-96,-56,-1136,-35,27,0
2024-06-18,49950,50300,49700,49750,38416,1911196000,-0.4004,24828,-11836,-12843,-7355,-888,-268,-1517,-212,-2568,-1,-148,-35
2024-06-19,49850,51000,49450,51000,48923,2495073000,2.5126,-14528,-1767,14102,3272,3565,3917,-17,0,3365,2156,37,0
2024-06-20,50600,51700,50400,51200,21270,1089024000,0.3922,101,-459,358,336,-450,-45,-48,0,565,0,0,0
2024-06-21,51000,51300,49900,50300,31347,1576754100,-1.7578,10357,-9361,-1005,9,-243,-111,-3,-31,-626,0,9,0
2024-06-24,50400,50400,49450,49450,23896,1181657200,-1.6899,15826,-11295,-4536,-1615,-119,15,12,0,-2829,-20,25,0
2024-06-25,49000,49650,49000,49250,16103,793072750,-0.4044,-1426,-425,674,22,8,-13,101,0,556,1202,-25,0
2024-06-26,49100,49600,48700,48750,31847,1552541250,-1.0152,11391,-5800,-5729,-390,9,-254,-75,0,-5019,0,138,0
2024-06-27,48700,50000,48300,48700,50758,2471914600,-0.1026,12062,-10604,-3554,-674,-526,-997,-610,0,-747,2098,-2,0
2024-06-28,48400,49200,48400,48800,17320,845216000,0.2053,397,-1447,1050,0,-836,-494,88,0,2292,0,0,0
2024-07-01,48750,49300,48500,49200,38499,1894150800,0.8197,-7452,492,6944,-2968,5117,4122,-19,0,692,22,-6,0
2024-07-02,48750,49100,48100,48200,35913,1731006600,-2.0325,12811,-14292,1532,-4121,5121,2109,-53,0,-1524,0,-51,0
2024-07-03,48450,48450,47300,47850,59005,2823389250,-0.7261,29064,-8996,-20307,-16394,-538,-148,-3008,-417,270,100,139,-72
2024-07-04,47600,48500,47550,48250,29894,1442385500,0.8359,-6727,3808,3079,-2910,230,261,-22,0,5520,-100,-60,0
2024-07-05,48350,48650,48050,48350,30692,1483958200,0.2073,-11814,1675,10112,-2682,6785,255,-59,0,5943,0,27,-130
2024-07-08,48100,48400,47950,48250,17515,845098750,-0.2068,3415,537,-4079,-2712,-152,-118,-43,0,-1055,0,127,1
2024-07-09,48200,48800,48150,48450,28752,1393034400,0.4145,3996,1678,-4846,-6959,-106,-8,-13,0,2239,-838,10,1
2024-07-10,48150,48300,47800,48050,18698,898438900,-0.8256,3934,-2236,-2725,-2647,-215,-77,-477,0,691,1030,-3,0
2024-07-11,48250,48300,47850,48300,29717,1435331100,0.5203,-892,-612,1495,-979,725,1002,451,0,296,7,2,0
2024-07-12,48600,49050,48200,49050,48974,2402174700,1.5528,-10598,7641,2457,-1951,195,25,720,0,3468,500,0,0
2024-07-15,49050,49450,48900,49000,25635,1256115000,-0.1019,872,-1406,-3656,-2683,-46,-17,-1,0,-909,3857,333,0
2024-07-16,49100,49100,48100,48100,21712,1044347200,-1.8367,9901,-6997,-2986,-2691,-23,-81,13,0,-204,30,52,0
2024-07-17,48100,49150,48000,48700,30439,1482379300,1.2474,-14673,14100,598,-108,-2714,-39,23,0,3436,0,-25,0
2024-07-18,48700,49200,48300,48750,21288,1037790000,0.1027,-49,2971,-2926,-4901,211,-71,19,0,1815,2,2,1
2024-07-19,48750,48750,48000,48550,19793,960950150,-0.4103,1480,-966,-505,-2732,3745,-105,-5,0,-1408,-9,0,0
2024-07-22,48550,48850,48000,48450,19263,933292350,-0.206,-1494,4303,-2912,-2546,-2105,-3,5,0,1737,84,19,0
2024-07-23,48450,48750,47850,47900,22249,1065727100,-1.1352,3800,-3023,-743,-2862,3799,-44,-25,0,-1611,-4,-30,0
2024-07-24,47550,48150,47500,48000,18465,886320000,0.2088,-2960,3114,-174,-2752,-275,1869,12,0,972,2,18,0
2024-07-25,47850,48000,46950,47400,28117,1332745800,-1.25,-3835,6561,-2727,-2732,-1002,5,0,0,1002,100,-99,0
2024-07-26,47850,47900,47150,47600,18279,870080400,0.4219,-4557,4019,538,-2759,-8,0,-52,0,3357,0,0,0
2024-07-29,47600,49000,47600,48900,26370,1289493000,2.7311,-12834,7068,5886,5992,-15,971,-24,0,-1038,-122,2,0
2024-07-30,48500,49500,48300,48850,25690,1254956500,-0.1022,-4846,2207,2639,-693,4994,-94,10,0,-1578,0,0,0
2024-07-31,49200,50200,48850,49700,40874,2031437800,1.74,-13396,9911,3395,978,1095,43,-127,0,1406,100,-10,0
2024-08-01,49550,51200,49550,50900,32967,1678020300,2.4145,-8415,9848,-1248,-1992,1488,16,-66,0,-694,0,-185,0
2024-08-02,50000,50800,49450,49850,25403,1266339550,-2.0629,-4225,1830,2383,-2015,4271,18,-1,0,-8,32,-20,118
2024-08-05,49800,49850,43400,43950,86496,3801499200,-11.8355,20450,-15771,-4205,-1344,196,143,20,0,-3220,-564,90,0
2024-08-06,43650,47200,43650,46200,52217,2412425400,5.1195,-4238,6614,-2352,1635,18,-1,86,0,-4090,6,-30,0
2024-08-07,45750,49000,45250,47800,53751,2569297800,3.4632,-11388,1000,10499,5445,3193,-276,4015,0,-1878,-11,-100,0
2024-08-08,47700,49050,47000,48800,45369,2214007200,2.0921,-187,-5077,5223,-1466,547,1098,165,0,4879,25,16,0
2024-08-09,48400,48750,47850,47900,22198,1063284200,-1.8443,8624,-5364,-3433,-1951,-236,26,-2,0,-1270,100,73,0
2024-08-12,47900,49900,47900,49900,34061,1699643900,4.1754,-17039,12962,4077,693,1485,27,888,0,984,0,0,0
2024-08-13,49800,50000,49100,49100,24276,1191951600,-1.6032,1567,-2063,612,-2538,3813,-12,-62,0,-589,-116,0,0
2024-08-14,49100,49750,48450,49400,27319,1349558600,0.611,-6110,6870,-760,-1325,107,-487,-25,0,970,0,0,0
2024-08-16,50000,50600,48800,49000,26322,1289778000,-0.8097,2019,-4356,2337,-1927,938,-21,-71,0,3418,0,0,0
2024-08-19,49550,50700,49350,50500,38760,1957380000,3.0612,-18287,10301,7883,-1943,9137,-96,0,0,785,8,95,0
2024-08-20,50500,51000,50100,50600,21861,1106166600,0.198,-128,93,-1749,-1780,480,-60,0,0,-389,1784,0,0
2024-08-21,51000,51100,50100,51000,23051,1175601000,0.7905,-11607,8177,3456,-2052,1396,4037,-38,0,113,173,-199,0
2024-08-22,50700,52400,50600,52100,49517,2579835700,2.1569,-8181,4116,4356,-1917,2000,1240,-32,0,3065,389,-680,0
2024-08-23,52300,52400,50900,51200,17725,907520000,-1.7274,3658,-3972,322,-1060,-1,-138,0,0,1521,-7,-1,0
2024-08-26,51500,52100,51100,51500,15206,783109000,0.5859,-1158,-1305,2603,-1347,593,-26,272,0,3111,-140,0,0
2024-08-27,51000,52200,51000,51300,19218,985883400,-0.3883,-4563,2538,2025,-1789,-14,-188,-26,0,4042,0,0,0
2024-08-28,51400,51500,49650,49700,23284,1157214800,-3.1189,10691,-3015,-5093,-1743,346,-109,0,0,-3587,-2583,0,0
2024-08-29,49500,50400,49150,49550,17013,842994150,-0.3018,-2040,1691,433,-1794,-65,72,20,0,2200,-84,0,0
2024-08-30,50100,50100,49000,49600,18793,932132800,0.1009,6946,-4021,-3074,-1656,233,71,-1,0,-1721,-1,150,0
2024-09-02,49500,49500,48250,48750,27609,1345938750,-1.7137,10074,-3884,-5528,-30,-38,-99,-6,0,-5355,-773,111,0
2024-09-03,48750,49350,48500,48600,8426,409503600,-0.3077,2393,-1305,-1053,-553,679,-15,270,0,-1434,-32,-3,0
2024-09-04,48000,48250,47050,47150,22615,1066297250,-2.9835,7239,-1085,-6062,315,-376,-1238,-177,0,-4586,20,-112,0
2024-09-05,46950,48300,46950,47950,10411,499207450,1.6967,-3416,3301,115,65,-166,-3,0,0,220,0,0,-1
2024-09-06,47900,47900,47000,47250,19611,926619750,-1.4599,5374,-7072,2044,68,454,452,232,0,838,-258,-88,0
2024-09-09,46400,47350,46100,47100,17667,832115700,-0.3175,395,-1499,-77,385,329,-92,21,0,-721,1183,-2,1
2024-09-10,47100,48800,47100,48700,29362,1429929400,3.397,-16758,11879,5159,627,-136,5005,5,0,-342,-330,50,0
2024-09-11,48800,48900,47950,48700,31233,1521047100,0.0,-10800,-3697,12506,251,1216,-109,28,0,11120,1990,1,0
2024-09-12,48700,49200,48100,48950,46541,2278181950,0.5133,-6268,9659,-3391,446,2116,-2349,142,0,-3746,0,0,0
2024-09-13,49450,49450,48350,49000,14978,733922000,0.1021,-2531,-1050,3577,44,16,2799,-189,0,907,0,4,0
2024-09-19,49000,49700,48300,49350,20372,1005358200,0.7143,-7047,501,6366,505,150,-47,0,0,5758,180,0,0
2024-09-20,49450,50500,48200,48200,169633,8176310600,-2.3303,13391,-21224,7926,825,171,-1257,0,0,8187,-93,0,0
2024-09-23,48050,48550,46300,47850,60972,2917510200,-0.7261,-677,-7649,7351,955,-73,-213,0,0,6682,975,0,0
2024-09-24,47600,50200,47600,50200,44349,2226319800,4.9112,-19330,6711,12520,1276,87,5000,12,0,6145,100,-1,0
2024-09-25,50800,51700,50500,50600,44179,2235457400,0.7968,-23588,3668,20337,487,1951,10000,0,0,7899,-418,1,0
2024-09-26,51000,51400,50400,51200,21952,1123942400,1.1858,-5801,-888,8444,230,2264,13,-15,0,5952,-1750,-5,0
2024-09-27,51300,51900,51000,51100,21551,1101256100,-0.1953,-7441,3297,4142,-445,48,4997,191,0,-649,2,0,0
2024-09-30,51900,52000,50800,51000,29113,1484763000,-0.1957,-3273,-4934,8452,-423,-104,9931,4,0,-956,-204,-41,0
2024-10-02,50400,51900,49750,50600,31192,1578315200,-0.7843,-634,1692,-1030,-710,854,5982,-2,0,-7153,-20,-8,-1
2024-10-04,50900,51500,50100,50800,18538,941730400,0.3953,792,1001,-1773,-275,569,-42,94,0,-2119,-20,0,0
2024-10-07,50600,51700,50000,51200,18595,952064000,0.7874,-2767,3888,-1120,-984,-61,-443,-140,0,508,0,-1,0
2024-10-08,51200,51200,50000,50100,18858,944785800,-2.1484,3538,-666,-2892,1083,-260,-490,-12,0,-3213,0,20,0
2024-10-10,51000,51000,49250,49250,28531,1405151750,-1.6966,3119,1701,-4921,-1531,832,-197,170,0,-4195,101,0,0
2024-10-11,49950,50900,49650,50500,22333,1127816500,2.5381,-7911,7377,634,-124,738,-408,-90,0,518,-100,0,0
2024-10-14,50500,50900,49500,50200,20018,1004903600,-0.5941,-200,-2060,2260,-59,3,-205,-1,0,2522,0,0,0
2024-10-15,50200,50900,49750,50900,23231,1182457900,1.3944,-8413,1834,6579,7192,107,-38,0,0,-682,0,0,0
2024-10-16,50500,52300,50200,51300,57728,2961446400,0.7859,-13954,2787,17961,11860,19,5976,-52,0,158,-6534,-260,0
2024-10-17,51800,51800,50600,50800,17430,885444000,-0.9747,-776,-5755,6531,6311,-3,-1,20,0,204,0,0,0
2024-10-18,50900,52100,50700,51100,23181,1184549100,0.5906,-5555,-479,6034,4415,2023,-1,-17,0,-386,0,0,0
2024-10-21,51300,51500,50100,50100,24613,1233111300,-1.9569,-4471,-113,4584,4751,-520,302,2,0,49,0,0,0
2024-10-22,50000,50100,48050,48150,33102,1593861300,-3.8922,17373,-8931,-8656,-629,2,192,0,0,-8221,243,-29,0
2024-10-23,48200,49850,48200,49150,27981,1375266150,2.0768,-10283,8066,2216,3496,448,-23,-432,0,-1273,-99,100,0
2024-10-24,49450,49500,48650,49200,15435,759402000,0.1017,-2314,400,2014,2794,1,45,0,0,-802,0,-100,-24
2024-10-25,49200,49200,47300,47350,33087,1566669450,-3.7602,12136,-13178,997,2087,-7,630,-31,0,-1678,25,20,-4
2024-10-28,48150,49800,47550,49250,30927,1523154750,4.0127,-6067,-6872,13089,5126,-100,-13,-415,0,8491,-142,-8,0
2024-10-29,49450,49500,48350,48750,19551,953111250,-1.0152,1960,-3875,1914,3509,16,6000,245,0,-7856,0,1,0
2024-10-30,48750,49400,48500,49300,13771,678910300,1.1282,-3612,902,2711,855,11,-20,0,0,1865,0,-1,0
2024-10-31,50300,50300,48700,50000,20637,1031850000,1.4199,-4342,99,4243,3066,126,17,86,0,948,0,0,0
2024-11-01,50000,50100,48700,48800,20803,1015186400,-2.4,2822,709,-3632,-288,31,6,737,0,-4118,100,1,0
2024-11-04,48750,50000,47950,48450,38995,1889307750,-0.7172,-2749,4606,-2102,38,-1116,-4911,119,0,3768,183,62,0
2024-11-05,48150,48700,48000,48500,14731,714453500,0.1032,-1116,1949,-833,15,62,54,-131,0,-833,0,0,0
2024-11-06,48450,48450,47150,47250,36692,1733697000,-2.5773,22561,-16433,-6151,-3,117,-2,-55,0,-6208,22,1,0
2024-11-07,47000,47000,45800,46650,33425,1559276250,-1.2698,14527,-11947,-2683,-443,-43,-81,-27,0,-2089,100,3,0
2024-11-08,46650,46900,46000,46000,21864,1005744000,-1.3934,2231,-4836,2605,1990,-209,34,-5,0,795,-1,1,0
2024-11-11,45950,46100,44550,44800,32914,1474547200,-2.6087,8159,-8323,166,66,2965,-175,-82,0,-2608,0,-2,0
2024-11-12,44250,45450,43600,43700,26307,1149615900,-2.4554,5604,-3623,-1887,-581,1420,-169,-11,0,-2546,-93,-1,0
2024-11-13,43000,43650,41350,41550,40206,1670559300,-4.9199,9404,-7907,-1631,-4009,-110,3972,0,0,-1484,134,0,0
2024-11-14,41400,41550,40450,40750,33044,1346543000,-1.9254,3312,-3060,-322,2460,930,-14,6,0,-3704,37,33,0
2024-11-15,40550,40650,39800,40350,28510,1150378500,-0.9816,444,942,-1499,-78,15,-35,-8,0,-1393,12,101,0
2024-11-18,40100,41250,40050,41000,21167,867847000,1.6109,-1554,1593,-39,1488,16,-200,-650,0,-693,0,0,0
2024-11-19,40700,42750,40700,42700,28406,1212936200,4.1463,-7763,3,7760,1792,3393,689,-10,0,1896,0,0,0
2024-11-20,42300,43550,42100,43200,14849,641476800,1.171,2490,-4686,1355,1098,-16,-46,-12,0,333,831,10,-2
2024-11-21,43400,43450,42750,42850,12733,545609050,-0.8102,-1092,95,982,1272,-16,-31,0,0,-243,8,7,0
2024-11-22,43300,43300,42800,43050,8323,358305150,0.4667,-544,-1602,2146,1703,225,-9,2,0,228,0,0,-3
2024-11-25,43500,43500,42350,42550,27143,1154934650,-1.1614,2937,-1831,-1103,-2752,-1479,-380,42,0,3468,-3,0,-2
2024-11-26,42400,42700,42000,42600,11242,478909200,0.1175,-1179,1853,-679,-712,626,271,36,0,-898,3,2,-2
2024-11-27,42450,43050,42100,42700,17330,739991000,0.2347,-3989,-2286,6200,264,3028,1827,1,0,1080,105,-30,0
2024-11-28,42800,44200,42500,43800,23719,1038892200,2.5761,-9574,7736,1954,1188,60,-47,3,0,750,-2,-114,0
2024-11-29,43250,43700,41600,42050,32496,1366456800,-3.9954,15688,-13234,-2797,-3474,-118,-317,2,0,1110,309,34,0
2024-12-02,42200,42550,41600,42300,19932,843123600,0.5945,-6715,108,6556,1231,-401,30,-73,0,5769,50,1,0
2024-12-03,42700,43750,42000,43600,25247,1100769200,3.0733,-13246,3290,9532,8164,15,0,138,0,1215,547,-123,0
2024-12-04,42300,43300,42200,42550,17479,743731450,-2.4083,-821,-400,851,2213,-618,99,-12,0,-831,350,20,0
2024-12-05,42500,42500,41350,41450,15585,645998250,-2.5852,1702,-3657,925,145,1018,-20,-44,0,-174,1006,24,0
2024-12-06,41450,41950,40650,40950,19217,786936150,-1.2063,-5591,-1797,7340,4007,-34,79,41,0,3246,40,8,1
2024-12-09,40800,40800,39100,39200,29457,1154714400,-4.2735,3102,-7879,4597,1202,-907,71,-9,0,4240,139,41,0
2024-12-10,39350,41500,39350,41250,27211,1122453750,5.2296,-13403,9240,4278,84,12,51,119,0,4013,-100,-15,-1
2024-12-11,41350,45600,41050,45000,69912,3146040000,9.0909,-25962,8356,20034,6471,1642,7204,3197,0,1520,-2540,112,0
2024-12-12,45000,45900,44400,45900,43850,2012715000,2.0,-14394,3710,10993,7355,-4040,685,680,0,6312,-249,-60,1
2024-12-13,45450,46450,45000,45900,23202,1064971800,0.0,-4793,730,-1246,-258,-84,277,2,0,-1182,5317,-8,-1
2024-12-16,45900,46300,44900,44900,11911,534803900,-2.1786,2057,-682,-333,9,-280,-7,-11,0,-44,-1042,0,0
2024-12-17,45400,46250,44200,46000,22804,1048984000,2.4499,-11639,8212,3827,1271,756,-165,1007,0,958,-400,0,0
2024-12-18,46000,47350,45300,47250,34904,1649214000,2.7174,-10981,1941,9630,2253,107,5244,1432,0,594,-600,10,0
2024-12-19,46100,47000,46000,46200,17294,798982800,-2.2222,737,-2727,2151,4015,277,-802,410,0,-1749,-160,-1,0
2024-12-20,45700,47000,45450,47000,26256,1234032000,1.7316,-5289,3121,2044,3058,-158,263,1721,0,-3028,120,4,188
2024-12-23,47050,47050,45700,46550,26769,1246096950,-0.9574,-340,-5682,10349,2431,4916,-912,181,185,3516,-4320,-7,32
2024-12-24,45900,46550,45550,45550,15064,686165200,-2.1482,3742,-4851,1146,2626,-1143,-103,-189,0,-45,-132,95,0
2024-12-26,46350,46350,44500,44500,13451,598569500,-2.3052,1734,-2944,1077,1514,6,9,4,0,-456,-30,163,0
2024-12-27,44600,45400,43950,45400,17864,811025600,2.0225,-2722,208,2954,3555,1297,-115,-99,0,-1684,-437,-3,0
2024-12-30,45350,45700,44300,44300,9695,429488500,-2.4229,1733,-83,-1459,105,-27,-25,0,0,-1512,0,-191,0
2025-01-02,44050,44900,43900,44400,15985,709734000,0.2257,479,-839,337,2833,5,-103,-2,0,-2396,0,23,0
2025-01-03,44000,46400,44000,45550,19652,895148600,2.5901,-6675,3100,3187,1412,1040,-99,-1,0,835,500,-112,0
2025-01-06,45450,45700,44950,45150,19671,888145650,-0.8782,3518,-1637,-1914,1983,-3267,-492,-19,0,-119,30,3,0
2025-01-07,45150,45750,44500,44750,18109,810377750,-0.8859,6773,-8673,1900,1993,881,81,-102,0,-953,0,0,0
2025-01-08,44400,45300,44250,44450,23439,1041863550,-0.6704,5105,-125,-4477,-3363,247,-132,-3,0,-1224,-478,-25,-2
2025-01-09,44100,44350,43200,43500,41472,1804032000,-2.1372,12508,-5018,-7575,-4731,234,-1062,-10,0,-2006,140,-55,0
2025-01-10,43100,43800,42600,42750,22509,962259750,-1.7241,6066,-4841,-1336,2912,-276,-735,-7,0,-3230,120,-9,0
2025-01-13,42750,43000,42050,42650,20807,887418550,-0.2339,2054,-2848,826,1587,-556,-748,0,0,543,-32,0,0
2025-01-14,42850,43100,41600,42100,21223,893488300,-1.2896,9181,-6993,-2262,15,-651,-147,-262,0,-1217,24,50,0
2025-01-15,42150,42600,41550,41650,14056,585432400,-1.0689,5619,-3791,-1925,-30,1052,-512,-8,0,-2427,100,-3,0
2025-01-16,43500,43500,41500,42400,23154,981729600,1.8007,6142,-2700,-3592,-568,-2694,-462,0,0,132,200,-50,0
2025-01-17,42000,42000,41500,41750,16671,696014250,-1.533,4462,-3172,-1290,60,-558,-296,-28,0,-468,0,0,0
2025-01-20,41800,43100,41750,42350,20132,852590200,1.4371,-153,641,-390,-15,290,-12,-1,0,-649,-100,2,-3
2025-01-21,42200,42650,41500,41850,16119,674580150,-1.1806,6833,-7436,582,477,316,-71,0,0,-140,0,21,0
2025-01-22,42250,42700,41700,42050,25363,1066514150,0.4779,-3896,-1818,6161,2772,321,83,-41,0,3026,-446,-1,0
2025-01-23,42450,42450,41000,41250,27479,1133508750,-1.9025,11280,-9459,-3253,2201,-8,50,-3,0,-5489,1433,-1,-4
2025-01-24,41400,42150,41150,41650,20246,843245900,0.9697,-5329,-1289,2617,0,290,0,7,0,2320,4001,0,0
2025-01-31,42100,42500,41300,41400,18439,763374600,-0.6002,-313,-537,950,-19,377,32,-5,0,569,-100,0,-4
2025-02-03,40950,40950,39300,40350,33709,1360158150,-2.5362,11710,-10222,-2035,862,-115,-919,12,0,-1874,518,29,-1
2025-02-04,40400,41000,40200,40200,19737,793427400,-0.3717,741,-2597,1954,1723,-67,-629,-85,0,1012,-98,0,0
2025-02-05,40100,41450,40100,40900,21179,866221100,1.7413,-4072,1024,3085,1000,1309,62,3,0,713,-37,0,-2
2025-02-06,40950,41500,40750,41450,23254,963878300,1.3447,-2904,-2024,5015,2078,70,150,48,0,2669,-86,-1,0
2025-02-07,41050,41750,40800,40950,16447,673504650,-1.2063,4352,-2035,-3173,0,129,-542,0,0,-2758,854,2,-2
2025-02-10,41100,43500,41100,43000,77951,3351893000,5.0061,-14108,8672,5758,3905,690,-48,-2059,0,3270,-280,-42,0
2025-02-11,43100,43500,42400,43300,35153,1522124900,0.6977,-1650,-4098,5321,3615,485,5,-34,0,1252,326,101,-2
2025-02-12,43600,43600,42250,42250,19700,832325000,-2.4249,6137,-4230,-1876,-1929,3,61,-10,0,-1,-35,4,0
2025-02-13,42100,43450,42100,42650,38450,1639892500,0.9467,-7285,6440,895,115,-87,29,-46,0,884,0,-50,0
2025-02-14,42600,43500,42550,42650,27798,1185584700,0.0,1721,-3495,1929,53,-167,-44,-100,0,2189,-150,-5,-2
2025-02-17,42750,44000,42600,43750,40907,1789681250,2.5791,-10930,6900,4143,3381,-50,-36,-459,0,1307,4,-117,0
2025-02-18,43550,44750,43050,44250,35014,1549369500,1.1429,-5411,-1426,7076,5037,177,184,-28,0,1706,-100,-139,0
2025-02-19,44000,45150,44000,44850,32978,1479063300,1.3559,-6438,-1987,7997,2153,1090,-85,-173,0,5012,275,153,0
2025-02-20,44850,45300,44400,45200,28768,1300313600,0.7804,-2922,3173,-261,1269,-183,-53,-80,0,-1214,0,10,0
2025-02-21,45000,45150,44550,44950,19394,871760300,-0.5531,-1625,1439,163,135,-11,-72,-8,0,121,29,-6,-2
2025-02-24,44950,45900,44500,44600,36734,1638336400,-0.7786,7429,-4437,-2881,254,-2880,-54,2,0,-203,-31,-80,0
2025-02-25,44650,44650,43550,43600,30369,1324088400,-2.2422,6676,-3726,-2901,1183,-3229,-88,34,0,-801,-50,1,0
2025-02-26,43600,44350,43400,44200,29320,1295944000,1.3761,-8206,4962,3192,378,30,-37,-24,0,2846,0,52,-1
2025-02-27,44000,44200,43400,43900,30728,1348959200,-0.6787,4764,-811,-4053,1397,-19,-207,-85,0,-5139,100,0,0
2025-02-28,43350,43550,41800,41800,45814,1915025200,-4.7836,31097,-24439,-6825,-729,42,-222,162,0,-6078,100,67,0
2025-03-04,41750,41750,40600,40650,25761,1047184650,-2.7512,6871,-4666,-2260,-206,-9,-52,60,0,-2053,50,5,0
2025-03-05,40650,42300,40650,42300,27865,1178689500,4.059,-5944,7030,-986,455,-596,-201,78,0,-722,-100,0,0
2025-03-06,41850,42500,41700,42300,19963,844434900,0.0,3161,-1172,-2013,-34,-3118,586,248,0,-48,0,24,353
2025-03-07,42400,44500,41400,43500,64366,2799921000,2.8369,-21834,15388,6630,10234,-730,-2,-25,0,-2843,-90,-94,-4
2025-03-10,43500,43600,42450,43300,22030,953899000,-0.4598,5400,-5144,-316,2351,184,-135,-1,0,-2715,10,50,0
2025-03-11,42500,42500,41500,41800,28505,1191509000,-3.4642,8623,-7210,-1494,43,-62,-104,48,0,-1419,82,-1,0
2025-03-12,41550,42050,41500,41950,27108,1137180600,0.3589,7126,1985,-9947,15,-8382,-109,-1145,0,9,834,2,-335
2025-03-13,41950,42750,41750,41850,29670,1241689500,-0.2384,-745,-3133,3857,3176,-122,-820,-54,0,1677,20,1,0
2025-03-14,41850,42900,41750,42100,21133,889699300,0.5974,1925,-131,-1096,30,5,-274,-4,0,-853,-699,1,0
2025-03-17,42450,42800,41900,42600,23634,1006808400,1.1876,-540,-2548,3054,-784,161,-19,199,0,3496,49,-15,1
2025-03-18,42600,42900,42200,42250,20498,866040500,-0.8216,-612,-1012,1718,-710,-44,184,198,0,2090,-90,-4,0
2025-03-19,42100,43250,42100,42950,21570,926431500,1.6568,-7216,3853,3363,-874,-17,-4,-109,0,4367,0,0,0
2025-03-20,42800,43150,42200,42550,31180,1326709000,-0.9313,-6640,6038,593,-1676,75,-1,-84,0,2279,20,-11,0
2025-03-21,42300,42600,41650,42600,36161,1540458600,0.1175,4259,-4141,-261,-15,-18,-27,86,0,-285,138,5,-2
2025-03-24,42200,42600,41950,42000,19232,807744000,-1.4085,3304,-3667,362,-1500,4,-5,-28,0,1891,0,1,0
2025-03-25,41800,42150,41400,41700,19406,809230200,-0.7143,5841,-6069,-92,210,-109,-674,-51,0,534,219,101,-2
2025-03-26,41400,42200,41400,41550,33305,1383822750,-0.3597,-13684,10391,3512,-68,-129,-153,-42,0,3904,-219,0,0
2025-03-27,41350,41500,40850,40900,24919,1019187100,-1.5644,2176,-4967,-412,-343,-91,-454,209,0,267,3200,3,0
2025-03-28,40700,41000,39800,40500,29589,1198354500,-0.978,16272,-12574,-3736,-1,-90,-558,4,0,-3091,36,2,0
2025-03-31,40100,40150,38900,39300,39920,1568856000,-2.963,18028,-17512,-564,-829,3103,-75,62,0,-2825,47,1,0
2025-04-01,39300,39950,39300,39450,18577,732862650,0.3817,8796,-3460,-5432,-2637,-658,-41,-144,0,-1952,-36,132,0
2025-04-02,39500,39600,38400,38550,38372,1479240600,-2.2814,25695,-18886,-7143,-2686,-17,77,0,0,-4517,254,80,0
2025-04-03,37950,38000,36900,37150,55544,2063459600,-3.6316,30846,-24970,-6432,-51,-1800,-88,10,0,-4503,493,63,0
2025-04-04,36250,38200,36250,38050,50011,1902918550,2.4226,-8355,10534,-2543,775,-2350,38,17,0,-1023,290,74,0
2025-04-07,37000,37150,36000,36600,39507,1445956200,-3.8108,12108,-17775,5547,981,1224,5777,14,-142,-2232,114,6,-75
2025-04-08,36800,37000,35950,36050,39210,1413520500,-1.5027,2502,637,-2931,-457,68,141,-13,0,-2670,-244,36,0
2025-04-09,35750,35950,33500,33800,102789,3474268200,-6.2413,22050,-15172,-6964,-389,-3986,315,-481,0,-2423,73,13,0
2025-04-10,35300,35350,34350,35350,55348,1956551800,4.5858,-10546,29388,-18937,-5570,-15623,-38,-1831,0,4126,95,0,-1
2025-04-11,34800,35200,34200,35200,48190,1696288000,-0.4243,7401,10692,-18270,-417,-8458,-8439,81,0,-1037,147,30,0
2025-04-14,35200,36350,35100,36250,32821,1189761250,2.983,-7040,2211,4772,9633,1294,-28,-3834,0,-2293,57,0,0
2025-04-15,36100,37450,36100,37250,19059,709947750,2.7586,-4314,2094,2234,3374,18,4,-8,0,-1154,-14,0,0
2025-04-16,37250,37300,36350,36400,17094,622221600,-2.2819,678,100,-673,-687,3,-27,-4,0,42,0,-105,0
2025-04-17,36400,37100,36100,37000,14133,522921000,1.6484,-1238,598,599,0,91,-29,0,0,537,-9,50,0
2025-04-18,36850,37100,36400,36900,9734,359184600,-0.2703,970,1602,-2578,-15,-1967,-81,-1,0,-514,97,-91,0
2025-04-21,36500,37150,35550,36650,13711,502508150,-0.6775,-2740,3893,-1252,-1058,9,-23,-6,0,-174,88,11,0
2025-04-22,36150,37000,36150,36650,11626,426092900,0.0,-557,789,-601,1304,-402,33,-8,0,-1528,368,1,0
2025-04-23,37050,37750,37050,37450,19288,722335600,2.1828,-4275,868,3437,0,0,0,-27,0,3464,-29,-1,0
2025-04-24,37550,38000,37150,37750,18118,683954500,0.8011,-870,5072,-3796,0,-3668,-26,46,0,-148,-408,2,0
2025-04-25,38150,40700,38150,40500,111020,4496310000,7.2848,-40326,25808,2798,-30,1756,-5,-58,0,1136,11725,-5,-1
2025-04-28,40050,40400,39650,39750,18663,741854250,-1.8519,-947,-1028,1902,0,-49,63,-29,0,1917,73,0,0
2025-04-29,40000,40900,39950,40400,24101,973680400,1.6352,-5762,1162,4533,0,1270,112,930,0,2221,28,39,0
2025-04-30,40000,40350,39550,39800,14034,558553200,-1.4851,3834,-3598,-371,13,39,0,-71,0,-352,134,1,0
2025-05-02,39450,40900,39150,40600,26495,1075697000,2.0101,-5836,-5638,11592,7497,1822,72,242,0,1959,-118,0,0
2025-05-07,41000,41000,39400,39850,30342,1209128700,-1.8473,-8410,183,8651,5283,1597,193,-9,0,1587,-310,-114,0
2025-05-08,39650,42950,39650,42900,87792,3766276800,7.6537,-36955,7381,29441,15330,6192,-82,1818,0,6182,-428,561,1
2025-05-09,45900,50000,45100,48850,437034,21349110900,13.8695,-94748,3074,93034,48177,25099,855,19309,344,-930,-1167,-193,180
2025-05-12,48800,51700,48150,50900,133291,6784511900,4.1965,-27254,-8792,36656,12544,10915,814,12203,0,180,-440,-170,0
2025-05-13,50000,50600,49450,50300,77759,3911277700,-1.1788,-20659,4140,17015,15784,3635,-809,165,0,-1760,-11,-485,0
2025-05-14,50100,50500,48000,49700,122871,6106688700,-1.1928,-21719,-9818,31439,20439,804,119,718,149,9134,10,88,76
2025-05-15,49000,54400,49000,53700,223806,12018382200,8.0483,-37698,-1562,39061,43622,2775,-9726,2787,0,-5200,125,74,4803
2025-05-16,54900,54900,52700,53200,102056,5429379200,-0.9311,-7576,-30980,45309,19599,14877,3846,4964,0,2022,-6943,190,1
2025-05-19,53300,55500,52900,53700,116243,6242249100,0.9398,-10683,-11949,29119,15768,11793,2265,796,0,-1503,-7040,553,0
2025-05-20,53900,54200,52300,53700,62258,3343254600,0.0,-16969,-4871,22168,11670,6207,1993,883,0,1415,-165,-163,0
2025-05-21,54100,55000,52900,53700,48796,2620345200,0.0,-9804,940,9005,3179,4175,66,736,0,851,-311,170,-2
2025-05-22,53100,54300,52800,53000,59835,3171255000,-1.3035,-18966,1501,17391,10725,3342,-386,858,0,2852,73,1,0
2025-05-23,53500,55400,53000,54200,69031,3741480200,2.2642,-6858,-8815,15835,6785,5787,2422,3718,0,-2877,80,-242,0
2025-05-26,53600,55100,53600,54500,66567,3627901500,0.5535,-1498,3171,-1678,1383,-7084,1125,-63,0,2961,78,-73,0
2025-05-27,53900,54900,53800,54400,34990,1903456000,-0.1835,4124,-7003,2495,913,2460,10,212,0,-1101,283,101,1
2025-05-28,53900,55400,53200,54400,80036,4353958400,0.0,-25266,4670,19978,4847,6425,18,-591,0,9282,624,-6,-3
2025-05-29,55100,55400,54000,55000,44985,2474175000,1.1029,-12642,4443,8651,1870,1508,2068,277,0,2936,-493,41,-8
2025-05-30,54400,58100,54000,57400,211150,12120010000,4.3636,-40836,2380,31494,11468,3706,1654,290,0,14375,5505,1457,1
2025-06-02,56800,59900,56100,58900,185801,10943678900,2.6132,-12730,-37516,42751,43891,-10608,10231,3054,-3,-3814,7416,79,0
2025-06-04,58900,62100,58900,61900,92400,5719560000,5.0934,-25508,-1839,23934,8826,9312,-2191,559,0,7428,3405,8,0
2025-06-05,62400,62400,59600,61200,112763,6901095600,-1.1309,-10929,-21314,34161,15106,22984,-4582,-1708,0,2462,-1735,-183,-101
2025-06-09,60700,60800,59000,59500,124856,7428932000,-2.7778,529,-21970,20680,1961,12980,11100,-5644,0,289,1084,-323,-6
2025-06-10,60300,62500,59400,60900,104144,6342369600,2.3529,-8931,14699,-5787,6952,-20549,-84,-320,0,8214,7,12,0
2025-06-11,60300,62300,60300,60700,48231,2927621700,-0.3284,-9668,1943,7850,1200,-98,931,-32,-382,6248,9,-134,-17
2025-06-12,60300,61400,60000,60400,61279,3701251600,-0.4942,-6846,-248,7004,2117,3188,-3971,4234,0,1437,23,67,-1
2025-06-13,60300,60800,58600,59300,74231,4401898300,-1.8212,-8936,14752,-5703,-2830,-6738,233,3971,0,-338,46,-159,-1
2025-06-16,58800,59700,57500,58100,64184,3729090400,-2.0236,-14087,18688,-4625,-2462,-3762,636,3790,0,-2827,6,18,0
2025-06-17,57800,58300,56300,57000,75311,4292727000,-1.8933,224,13806,-13955,-6383,-7543,-73,-3586,0,3630,114,-189,0
2025-06-18,56500,57100,55500,56100,67008,3759148800,-1.5789,-1552,29281,-24895,-10044,-13455,-776,-200,0,-420,-2820,-14,0
2025-06-19,55900,56700,54500,55300,61293,3389502900,-1.426,-2779,23127,-20407,-17004,-2358,575,-521,0,-1093,41,18,-6
2025-06-20,56100,65200,54700,63900,394061,25180497900,15.5515,-84121,-61748,147417,51716,56327,28972,19492,0,-9090,-1084,-464,0
2025-06-23,62200,71700,61700,69400,448906,31154076400,8.6072,-53852,-58569,106189,60727,29552,16057,11722,0,-11864,6195,37,-5
2025-06-24,68500,71400,67200,69100,211505,14614995500,-0.4323,-58343,-21299,79724,13461,56634,12950,-1677,0,-1574,-9,-73,-70
2025-06-25,69100,70000,67700,69000,135678,9361782000,-0.1447,-17505,20064,-1251,7871,-28930,21774,3126,0,-5092,-1212,-96,0
2025-06-26,68700,73400,68100,73000,242206,17681038000,5.7971,-24884,-55420,83891,39619,25211,15148,5798,0,-1884,-3880,293,-1
2025-06-27,71900,72200,69700,69700,87485,6097704500,-4.5205,-4112,-21937,25834,7598,21610,-1551,-658,0,-1165,221,-6,0
2025-06-30,69800,73000,69800,72000,134573,9689256000,3.2999,-29523,-19913,50614,28446,8700,307,5935,0,7226,-1104,-74,0
2025-07-01,71300,72500,71000,71800,76953,5525225400,-0.2778,-15332,-11731,31216,14691,14791,-299,277,0,1756,-4153,0,0
2025-07-02,72000,73500,70600,72300,90080,6512784000,0.6964,-12807,-9899,25643,13974,6894,-679,2499,0,2955,-2969,32,0
2025-07-03,71900,76800,71750,76700,185721,14244800700,6.0858,-18663,-22387,54014,33755,100,7685,10450,0,2024,-13082,118,0
2025-07-04,76700,76800,73300,74000,67588,5001512000,-3.5202,345,-13980,13886,10560,2200,-285,5163,0,-3753,46,-297,1
2025-07-07,73700,74500,72500,73300,60564,4439341200,-0.9459,-10522,-428,15394,7436,4400,613,2965,0,-20,-3914,-530,0
2025-07-08,72400,74700,72000,72500,53744,3896440000,-1.0914,-7425,-195,8319,2267,2572,386,-156,0,3250,-698,-1,0
2025-07-09,72200,73500,70500,72400,80704,5842969600,-0.1379,-15195,13143,3197,-3064,8499,-2770,56,0,476,929,-2074,0
2025-07-10,72200,74200,71300,72900,63409,4622516100,0.6906,-5822,-7956,20488,8147,1015,-2684,1551,0,12459,-6710,0,0
2025-07-11,72500,73700,71700,72800,41362,3011153600,-0.1372,-2554,-624,3498,7179,1971,-2715,-472,0,-2465,-320,0,0
2025-07-14,72100,73900,71500,72800,63705,4637724000,0.0,-11755,4538,11754,14002,-2332,-970,3908,0,-2854,-4354,-183,0
2025-07-15,72200,74000,72000,73800,49061,3620701800,1.3736,2155,-6848,9920,787,2476,9937,-81,0,-3199,-5335,108,0
2025-07-16,73300,75500,72800,73000,56797,4146181000,-1.084,2962,-4963,10410,400,6592,2666,1100,0,-348,-8358,-51,0
2025-07-17,73100,76400,71200,73600,101898,7499692800,0.8219,-18840,9865,10132,-4,5976,-2989,-130,0,7279,-1032,-125,0
2025-07-18,74000,75700,72400,73100,56506,4130588600,-0.6793,-7441,7183,1747,-4242,4603,-62,-191,0,1639,-1506,17,0
2025-07-21,73100,74000,70900,71000,67687,4805777000,-2.8728,15343,14908,-30447,-21243,-9092,-10,-1380,0,1279,260,-64,-1
2025-07-22,71100,74900,70500,73400,117484,8623325600,3.3803,-36950,38350,12210,8629,5378,-5,-116,0,-1676,-13567,-43,0
2025-07-23,73400,73500,71400,72000,66472,4785984000,-1.9074,3301,9707,-13066,-15765,-418,730,-3347,0,5734,-19,77,0
2025-07-24,71600,73000,69800,71000,71083,5046893000,-1.3889,-3445,20810,-17749,-7073,-3077,-3170,-2297,0,-2121,396,-12,-11
2025-07-25,70200,71200,69600,69900,51563,3604253700,-1.5493,709,15696,-16310,-11702,4428,-3470,-4607,0,-958,-97,2,-1
2025-07-28,69500,70300,67900,68500,48597,3328894500,-2.0029,-10273,17046,-6189,-8133,1727,-188,-3371,0,3776,-576,-8,0
2025-07-29,67900,69300,66000,69100,65319,4513542900,0.8759,-13433,5978,5977,-993,541,-243,17,0,6655,1182,296,0
2025-07-30,68500,69000,67500,68300,38296,2615616800,-1.1577,532,8148,-6936,-8039,-424,-84,-763,0,2374,-1745,1,0
2025-07-31,67800,68500,67600,68000,27688,1882784000,-0.4392,-850,5717,-6289,-358,-1940,-192,1555,0,-5354,1420,2,0
2025-08-01,67100,67500,64500,64600,66902,4321869200,-5.0,-535,20949,-22329,-6200,-5851,306,-10261,0,-323,1947,-32,0
2025-08-04,65600,67200,64800,66300,54099,3586763700,2.6316,9253,-8367,-1953,4822,-4283,437,-326,0,-2603,841,226,0
2025-08-05,66500,67500,66100,66700,55039,3671101300,0.6033,4998,16205,-21157,1884,2260,-384,-493,0,-24424,-57,11,0
2025-08-06,65800,69400,65600,69000,75754,5227026000,3.4483,-12187,11161,-1826,-4099,1707,1099,-103,0,-430,2714,138,0
2025-08-07,68400,68800,66900,67300,41453,2789786900,-2.4638,11178,-16001,-3445,9,-1170,-178,-1133,0,-973,8401,-133,0
2025-08-08,66600,66700,61500,64900,229177,14873587300,-3.5661,11277,-22482,9765,2497,-18435,39896,-5666,0,-8527,1358,82,0
2025-08-11,65500,66800,63700,66200,54275,3593005000,2.0031,-20435,16446,4354,3999,1322,29,700,0,-1696,-365,0,0
2025-08-12,65000,65900,63500,63500,48865,3102927500,-4.0785,15625,-1746,-12623,-9959,-720,393,-373,0,-1964,-1257,1,0
2025-08-13,63600,63900,61400,62000,58222,3609764000,-2.3622,1659,13703,-17183,-10714,-225,-3061,-2655,0,-367,1820,1,-161
2025-08-14,62000,62800,62000,62500,38328,2395500000,0.8065,-4979,10023,-5019,-5168,-4609,1707,112,0,2940,-18,-7,-1
2025-08-18,62300,62800,61200,61400,37595,2308333000,-1.76,174,7677,-9070,-11682,-1438,127,-1806,0,5729,1218,1,0
2025-08-19,62300,62300,61000,61600,35207,2168751200,0.3257,-1821,10195,-9089,-6135,-2941,-1641,-3370,0,4998,715,0,0
2025-08-20,62100,62100,59900,60500,34170,2067285000,-1.7857,-84,4578,-5043,-1633,14,-8842,106,0,5312,603,-54,0
2025-08-21,61300,62300,60300,61000,27886,1701046000,0.8264,-1132,7726,-6637,60,-2203,11,-3054,0,-1451,-16,59,0
2025-08-22,61600,61700,59900,60300,35323,2129976900,-1.1475,-3573,9889,-5944,128,-1525,-39,-5156,0,649,-296,-76,-1
2025-08-25,60400,61400,60400,60900,19276,1173908400,0.995,-1009,3880,-2820,0,-602,-553,-440,0,-1225,-100,49,0
2025-08-26,60300,61700,60300,61000,13733,837713000,0.1642,2222,-283,-1949,-671,59,-22,1,0,-1316,0,10,0
2025-08-27,61000,61400,59700,60000,28325,1699500000,-1.6393,5503,3126,-9458,-8004,-39,-419,-352,0,-644,727,102,0
2025-08-28,60300,60700,59800,60000,23914,1434840000,0.0,-1338,7473,-6650,-4604,-576,-2835,-82,0,1447,515,0,0
2025-08-29,60500,60500,58500,59500,23437,1394501500,-0.8333,-1905,1161,-785,-2768,1630,0,2141,0,-1788,1511,18,0
2025-09-01,59500,59500,57800,58100,24842,1443320200,-2.3529,-1396,9300,-8504,-5362,294,-1501,-893,0,-1042,704,-104,0
2025-09-02,58000,58800,57400,58500,49999,2924941500,0.6885,-8451,19321,-11005,-4330,-6486,-143,-2471,0,2425,273,-138,0
2025-09-03,58000,59300,57900,58200,41005,2386491000,-0.5128,5258,20680,-25764,-94,-10583,-4871,-8312,0,-1904,0,-174,0
2025-09-04,58200,62200,58200,61400,64362,3951826800,5.4983,-13817,-475,14606,892,3974,5180,2426,0,1798,-180,-134,336
2025-09-05,61500,61500,60100,60500,18448,1116104000,-1.4658,-220,-157,377,213,648,-1416,-127,0,1059,0,0,0
2025-09-08,61800,62200,60400,60700,29435,1786704500,0.3306,1359,683,-2232,1211,-322,-1202,-1645,0,-274,200,-10,0
2025-09-09,60300,62300,60300,62100,50272,3121891200,2.3064,-4653,-1937,6463,-1232,1770,-3467,-23,0,9416,77,50,-1
2025-09-10,61500,62300,60000,60300,63360,3820608000,-2.8986,12291,3328,-16632,-16442,-4534,78,-1985,0,6251,1004,9,0
2025-09-11,60600,61000,60000,60500,43492,2631266000,0.3317,-361,12909,-12541,-1870,-8108,-10,-1325,0,-1227,-27,20,-1
2025-09-12,60500,62300,60300,61600,58684,3614934400,1.8182,-6036,-4622,11296,-3564,-8388,21103,-2355,0,4500,-658,20,0
2025-09-15,61100,62700,61000,62300,30818,1919961400,1.1364,-3849,-2808,6657,-3027,357,8671,-2815,0,3471,21,-21,0
2025-09-16,62200,66300,61600,64400,111283,7166625200,3.3708,-25497,-5726,31753,17400,-934,16043,-925,0,169,-531,1,0
2025-09-17,64200,64400,62800,64000,36014,2304896000,-0.6211,3856,-17416,13587,6405,898,8945,-397,0,-2264,-27,0,0
2025-09-18,64600,65600,63000,63900,53165,3397243500,-0.1562,15269,-7011,-8058,1205,-5479,5155,-130,0,-8809,-27,-173,0
2025-09-19,63900,65700,63600,64900,69596,4516780400,1.5649,-12941,-9833,22822,9706,-1463,19199,299,0,-4919,-1,-47,0
2025-09-22,65400,66100,63350,63500,50628,3214878000,-2.1572,-2449,2289,-3564,-2241,-11108,1946,-603,0,8442,3725,-1,0
2025-09-23,63100,63900,61600,62500,42276,2642250000,-1.5748,5958,4483,-11430,2725,-13658,-1134,-645,0,1283,891,98,-1
2025-09-24,62000,63400,61100,61600,43454,2676766400,-1.44,-3155,6026,-2939,-523,-6012,204,4299,0,-907,68,0,0
2025-09-25,61700,62000,60600,60700,21547,1307902900,-1.461,722,-1238,-305,-189,-1422,404,-169,0,1071,1021,-200,0
2025-09-26,60100,60900,59200,59300,27081,1605903300,-2.3064,8757,-5493,-6045,370,-3132,-29,-22,0,-3232,2730,51,0
2025-09-29,60500,61200,59100,59500,16122,959259000,0.3373,2646,2248,-5066,-566,-6043,-17,1874,0,-314,36,136,0
2025-09-30,59000,59500,57700,57900,45159,2614706100,-2.6891,15826,9918,-26212,-14840,-6451,-1116,-547,0,-3258,553,-85,0
2025-10-01,58500,58500,56400,56600,47363,2680745800,-2.2453,9992,-5809,-5655,-5414,-1378,134,-306,0,1647,1380,92,-338
2025-10-02,57600,58600,56600,58000,41335,2397430000,2.4735,-7300,13996,-6781,-1687,-604,233,-605,0,-4118,57,28,0
2025-10-10,57400,59000,57000,58700,36421,2137912700,1.2069,-3494,7820,-4553,1162,-156,-64,-880,0,-4614,223,4,-1
2025-10-13,58700,58700,56900,58300,27695,1614618500,-0.6814,3687,-205,-4083,338,-2612,1214,-352,0,-2671,551,50,0
2025-10-14,57300,59800,57300,59100,50354,2975921400,1.3722,-4998,11125,-6091,1471,-7162,-769,3446,0,-3077,-36,0,0
2025-10-15,58300,60000,58300,59600,37055,2208478000,0.846,-3339,8539,-6713,-11858,-1398,-102,3860,0,2785,1473,40,0
2025-10-16,59200,60700,59100,60400,38455,2322682000,1.3423,3798,2542,-6369,-7336,-763,-2575,-276,0,4581,-63,92,0
2025-10-17,59700,62300,59100,60500,72164,4365922000,0.1656,-13060,10376,3085,-16575,2271,17699,-278,0,-30,-399,-2,-2
2025-10-20,60500,61400,58800,61100,42182,2577320200,0.9917,-2709,706,1997,-10153,-2405,13479,-627,0,1703,5,1,0
2025-10-21,60300,61500,60200,60900,38270,2330643000,-0.3273,-2387,6658,-1991,-8004,5784,1129,-2382,0,1482,-2179,-101,0
2025-10-22,60400,69400,60400,68900,327905,22592654500,13.1363,-62978,26192,52266,36198,-6813,19772,3263,0,-154,-14967,-513,0
2025-10-23,76800,79200,67600,68100,433258,29504869800,-1.1611,151293,-97114,-49667,-9378,-12796,-395,-1177,0,-25921,-4562,50,0
2025-10-24,67300,68500,65300,67700,183258,12406566600,-0.5874,-18552,6667,7833,-314,586,30,-867,0,8398,4062,-10,0
2025-10-27,66900,67900,66100,67300,83218,5600571400,-0.5908,-2690,-757,4196,-125,-2359,658,-1965,0,7988,-762,13,-1
2025-10-28,67000,68000,66500,68000,80483,5472844000,1.0401,-10550,10622,-167,2039,-141,449,-405,0,-2109,27,68,0
2025-10-29,67300,67500,65500,66300,94868,6289748400,-2.5,13153,-6552,-6895,-9172,-2611,527,-1849,0,6210,370,-76,0
2025-10-30,65500,66300,64000,64200,53761,3451456200,-3.1674,4535,3615,-8739,-124,-2354,-413,-410,0,-5438,605,-16,0
2025-10-31,63900,64300,63200,63200,62850,3972120000,-1.5576,16481,-4686,-12384,-12411,-3018,1244,-1919,0,3720,533,56,0
2025-11-03,63800,65800,63500,65500,75037,4914923500,3.6392,-16792,1555,15472,21722,-4139,1250,-520,0,-2841,36,-271,0
2025-11-04,65000,71700,64900,70700,293834,20774063800,7.9389,-79758,45923,66566,37775,-2838,30122,-329,0,1836,-32649,-82,0
2025-11-05,70000,70100,66700,67500,86384,5830920000,-4.5262,10778,-23656,7008,-322,1060,4512,-7,0,1767,5881,-11,-2
2025-11-06,69000,70500,66900,69500,136245,9469027500,2.963,-22507,-12479,38200,14580,5909,8923,6144,0,2668,-3218,4,-24
2025-11-07,68700,71300,67700,70300,111143,7813352900,1.1511,-12850,-23616,37777,21530,9437,9719,989,0,-3898,-1324,13,0
2025-11-10,71000,72800,69800,71900,126586,9101533400,2.276,-36759,-15348,58919,26120,9150,8898,9876,-1,4876,-6624,-188,0
2025-11-11,72000,75900,71900,73700,142481,10500849700,2.5035,-49125,27234,25468,16134,504,229,134,0,8467,-3513,-64,0
2025-11-12,73500,76200,73000,76000,90843,6904068000,3.1208,-29127,8551,23644,6715,5134,8907,-257,0,3145,-3134,66,0
2025-11-13,76000,79900,75250,79800,211161,16850647800,5.0,-44142,13356,47752,19277,6307,5188,2592,0,13945,-17051,85,443
2025-11-14,77200,81800,77100,78900,136948,10805197200,-1.1278,-39013,22826,21493,12791,4455,7617,-311,0,-3059,-5013,-293,0
2025-11-17,79200,80300,76000,78000,93410,7285980000,-1.1407,-6385,6112,-782,1332,1225,7642,228,0,-11208,1116,-61,-1
2025-11-18,76400,79500,74450,74800,84882,6349173600,-4.1026,-20179,26489,-1574,326,-405,-2721,73,0,1153,-4682,-54,0
2025-11-19,75600,75700,71900,74100,98078,7267579800,-0.9358,-12899,23738,-13761,-13596,188,13987,-8733,0,-5607,3027,-105,0
2025-11-20,74200,75200,73300,73800,44126,3256498800,-0.4049,-350,2548,-2359,-4817,97,61,-122,0,2422,176,-15,0
2025-11-21,73300,73300,70600,71200,51945,3698484000,-3.523,-7677,15064,-7393,-5474,643,-4690,-63,0,2256,153,-147,-65
2025-11-24,71900,72000,68800,69000,87994,6071586000,-3.0899,-1516,10494,-9119,-11548,-291,-2691,2741,0,2669,173,-32,1
2025-11-25,69600,70200,67500,68300,52777,3604669100,-1.0145,-10213,14915,-4878,-5724,-1238,4465,-37,0,-2344,174,2,0
2025-11-26,69300,72000,69200,70500,55050,3881025000,3.2211,-2044,-912,2675,-5518,3041,82,-38,0,5108,446,-165,0
2025-11-27,70500,71300,69100,70300,32717,2300005100,-0.2837,-624,-8571,9335,-218,1042,9086,-53,0,-522,-7,-133,0
2025-11-28,72500,72700,70900,71300,51302,3657832600,1.4225,-2848,-12819,15708,7570,5016,2935,310,0,-122,-15,-26,-1
2025-12-01,72400,73200,71100,71500,48733,3484409500,0.2805,-406,-8971,9560,936,-1205,8759,-17,0,1086,-174,-9,1
2025-12-02,72000,72500,70500,72000,37320,2687040000,0.6993,-5316,4415,795,1129,-251,6,966,0,-1055,106,0,0
2025-12-03,72100,73000,71500,72600,56240,4083024000,0.8333,4779,10855,-15666,-79,-14604,-10187,35,0,9169,24,8,0
2025-12-04,71900,72700,71200,71900,53095,3817530500,-0.9642,2452,7744,-10272,898,-12739,75,5,0,1489,73,3,0
2025-12-05,71300,71900,70300,71500,53788,3845842000,-0.5563,-4777,14887,-10394,-10576,-128,-3518,-822,0,4650,321,-37,0
2025-12-08,71000,73200,70400,71000,68859,4888989000,-0.6993,4394,31010,-35486,-18341,-399,89,-93,0,-16742,90,-8,0
2025-12-09,71100,71600,70300,71200,34376,2447571200,0.2817,-7696,14197,-6505,1906,-3399,75,-1681,0,-3345,0,4,-61
2025-12-10,71500,71500,68800,69600,63923,4449040800,-2.2472,8974,9739,-20560,-12103,-7392,1531,-1256,0,-1341,1571,276,1
2025-12-11,70500,70500,68100,68200,68823,4693728600,-2.0115,18002,15286,-34513,-22597,-3994,-146,-465,117,-7427,1218,7,-1
2025-12-12,68800,69800,68500,69700,27149,1892285300,2.1994,-3653,-677,4666,-68,34,688,-9,0,4021,-340,4,0
2025-12-15,69400,77500,68400,74900,263587,19742666300,7.4605,-59241,48679,32540,13447,10779,4099,1554,321,2340,-21790,-188,0
2025-12-16,74100,75300,72500,72900,75793,5525309700,-2.6702,-5135,-9035,8238,11024,2077,41,-372,0,-4532,5920,12,0
2025-12-17,74200,74300,70500,71600,73834,5286514400,-1.7833,28025,-26372,4112,4930,19,-3245,1160,0,1248,-5821,56,0
2025-12-18,70400,70800,69000,69500,40442,2810719000,-2.933,4494,-4421,4499,-1647,1033,7708,613,0,-3208,-4574,2,0
2025-12-19,70900,70900,69100,69600,40430,2813928000,0.1439,4541,-6446,1579,-603,176,53,-22,0,1975,326,0,0
2025-12-22,70100,70900,69200,70600,39560,2792936000,1.4368,-3409,1808,1607,-1238,-5071,4345,-85,0,3656,-22,16,0
2025-12-23,71000,71400,69900,70100,41631,2918333100,-0.7082,1195,5895,-7100,-4773,-6301,-833,-98,0,4905,15,-5,0
2025-12-24,70200,71100,69500,69500,24193,1681413500,-0.8559,1883,-1665,-84,1180,-1478,-163,201,0,176,-134,0,0
2025-12-26,69300,69300,66600,66600,62779,4181081400,-4.1727,30873,-11642,-19964,-10516,-4544,70,100,0,-5074,580,153,0
2025-12-29,65700,66300,64700,65600,77588,5089772800,-1.5015,6569,18021,-24582,-200,-5393,-142,-1808,0,-17039,-122,114,0
2025-12-30,65600,65900,65000,65500,22971,1504600500,-0.1524,-2925,1322,1455,-211,-44,249,1906,0,-439,249,-101,-6
2026-01-02,65700,67000,65700,66100,33398,2207607800,0.916,-2522,-4577,8141,15,-590,6967,-508,0,2258,-1043,1,-1
2026-01-05,68000,68000,66100,67300,51843,3489033900,1.8154,-6822,11890,-4667,630,-3697,-224,-2241,0,865,-359,-42,0
2026-01-06,68000,68000,66200,67500,32001,2160067500,0.2972,-1189,-491,1639,4171,-563,-72,-2700,0,803,17,24,0
2026-01-07,66900,68400,66200,67100,36301,2435797100,-0.5926,-6019,7793,-1673,85,-3384,3806,-1001,0,-1178,-86,-15,-1
2026-01-08,66200,67600,66000,66600,49048,3266596800,-0.7452,-4523,9029,-4434,-6445,-585,-130,-361,0,3087,-42,-30,0
2026-01-09,66700,67000,66000,66200,24866,1646129200,-0.6006,1811,-4226,2367,-844,-270,38,1315,0,2167,43,5,-39
2026-01-12,66200,68500,66000,66500,34219,2275563500,0.4532,-2091,8476,-6303,-4644,-242,11,-294,67,-1201,-87,5,0
2026-01-13,67300,68200,65500,68000,49049,3335332000,2.2556,-9892,4802,5336,-4088,495,4348,258,0,4315,-246,0,8
2026-01-14,68500,71000,67200,69800,71140,4965572000,2.6471,-28281,18098,10441,1856,-615,6904,-261,0,2557,-121,-137,0
2026-01-15,70400,71200,69500,70300,50874,3576442200,0.7163,-6098,4166,1212,-4373,5409,-154,-147,0,753,752,-32,-276
2026-01-16,70500,71000,67800,67900,61880,4201652000,-3.4139,17248,-5334,-12382,-8881,1580,52,-3388,0,-1745,205,263,0
2026-01-19,67600,68100,65800,67700,75084,5083186800,-0.2946,3636,3977,-6592,-11455,4164,-546,-4424,-438,6108,-1036,15,-1
2026-01-20,66600,68700,66500,67300,46904,3156639200,-0.5908,-1581,16527,-14935,-14719,-124,-109,-1055,0,1072,-21,10,0
2026-01-21,66700,66800,64300,65700,84465,5549350500,-2.3774,20156,-6602,-14644,-22922,7543,4286,-3442,0,-109,1055,35,0
2026-01-22,65700,68700,65700,66900,58565,3917998500,1.8265,-10189,21384,-7203,-313,-3725,-632,-404,0,-2128,-3986,-6,-1
2026-01-23,67000,69000,66800,68100,57677,3927803700,1.7937,-14005,20360,-4755,-7731,-4331,126,63,0,7118,-1590,-10,0
2026-01-26,67900,69500,67700,68000,48430,3293240000,-0.1468,-5235,11204,-5349,-791,-208,7,-197,-59,-4101,-645,25,0
2026-01-27,68000,68500,66900,68200,48124,3282056800,0.2941,893,3942,-4688,338,4629,-543,-8712,0,-399,-36,-111,-1
2026-01-28,68500,70100,68100,68900,79578,5482924200,1.0264,7178,7988,-15086,-4782,-2623,-751,-4513,0,-2417,-16,-64,0
2026-01-29,68300,68800,66000,68400,87881,6011060400,-0.7257,-3216,20285,-18070,-10005,-6901,-195,-249,0,-719,853,148,-1
2026-01-30,67800,68600,66000,67200,126052,8470694400,-1.7544,-644,-1003,2299,14745,-7410,-94,-125,0,-4817,-642,-10,0
2026-02-02,67100,67100,64000,64200,84384,5417452800,-4.4643,5551,-17790,7192,9611,3769,-206,76,0,-6058,5074,-27,0
2026-02-03,65400,66600,64200,65900,64048,4220763200,2.648,4557,8926,-13620,-7986,-7028,120,-30,0,1304,137,0,0
2026-02-04,65000,68100,65000,68000,63812,4339216000,3.1866,-28432,25592,4906,2662,-30,129,-1432,0,3577,-2021,-45,0
2026-02-05,67400,67400,65300,65400,50952,3332260800,-3.8235,23421,-16727,-7114,2167,-90,-440,61,-2,-8810,414,6,0
2026-02-06,64500,65600,63000,64800,46469,3011191200,-0.9174,14651,-13672,-891,2513,560,227,-381,0,-3810,-101,13,0
2026-02-09,66800,67700,65000,65500,73718,4828529000,1.0802,3378,9156,-5087,-2338,-7862,-2143,-1058,0,8314,-7310,-137,0
2026-02-10,65800,66200,65000,65900,47018,3098486200,0.6107,1585,5690,-6750,-356,-5746,1,-3057,0,2407,-540,15,1
2026-02-11,66300,66800,63800,64300,101908,6552684400,-2.4279,63298,-14433,-49086,-33649,-8128,-542,-6599,0,-168,187,34,0
2026-02-12,64900,65100,63700,64000,81645,5225280000,-0.4666,28895,-9227,-18044,-20243,-1184,-3523,-4971,0,11878,-1769,145,-1
2026-02-13,63300,63700,62500,63000,75951,4784913000,-1.5625,36931,-16653,-21063,-14401,-2316,-53,-3626,0,-592,805,-20,-75
2026-02-19,63400,64300,63000,64300,51645,3320773500,2.0635,-8099,8728,-589,2810,-2810,-2739,-2946,0,5098,-75,35,-2
2026-02-20,64400,65000,64100,64400,49178,3167063200,0.1555,-917,10886,-5811,-10760,-860,-123,-296,0,6228,-4161,3,0
2026-02-23,64800,64900,63500,64100,30978,1985689800,-0.4658,1411,1686,-2943,2178,21,59,-4135,0,-1066,-149,-5,0
2026-02-24,64300,64900,63700,64700,43366,2805780200,0.936,-1590,-2691,4190,2022,-280,71,-3889,0,6266,91,0,0
2026-02-25,65100,69200,64300,68300,137058,9361061400,5.5641,-30134,28904,11269,12140,-836,101,-1764,0,1629,-9601,-438,-1
2026-02-26,70200,72700,68200,68300,110138,7522425400,0.0,-1907,6260,-2441,2427,-348,89,-161,125,-4573,-2271,359,0
2026-02-27,68700,70200,67400,68800,105198,7237622400,0.7321,-6937,2053,748,382,11770,5640,-541,14,-16517,4265,-129,0
2026-03-03,67800,68500,64300,64400,108517,6988494800,-6.3953,1566,-26659,13650,985,-687,12963,10,7,372,11440,3,0
2026-03-04,62000,62900,53000,54800,145484,7972523200,-14.9068,32733,-41342,-11496,-10665,-888,4001,192,0,-4137,19720,385,1
2026-03-05,58900,60400,58000,59400,52430,3114342000,8.3942,11351,-5958,-7375,-24,-706,-1648,-314,4,-4686,1982,0,-1
2026-03-06,58000,60500,57600,59200,36369,2153044800,-0.3367,3409,2767,-6239,-219,-1306,-77,-95,0,-4542,81,-18,0
2026-03-09,56100,56800,53900,55200,43341,2392423200,-6.7568,10670,1730,-12930,-17,-161,-4080,-1263,0,-7409,287,243,0
2026-03-10,57900,57900,55900,56900,28899,1644353100,3.0797,6501,-698,-5713,15,-1546,-3586,-14,0,-582,-79,-11,0
2026-03-11,57400,61700,57400,60000,43103,2586180000,5.4482,-6823,6587,-137,-5,-463,479,-44,0,-103,74,299,-1
2026-03-12,59100,60400,58200,58900,42657,2512497300,-1.8333,8953,-21098,6448,-64,1650,676,-38,0,4224,5265,432,0
2026-03-13,57000,58000,56700,57400,26718,1533613200,-2.5467,11426,-5495,-5940,-1059,2020,-209,521,0,-7213,8,1,0
2026-03-16,57100,57600,56300,56300,28992,1632249600,-1.9164,7293,-2686,-4723,-15,-139,502,36,0,-5107,114,2,0
2026-03-17,57000,58500,56800,57800,23370,1350786000,2.6643,-2951,6012,-3059,22,-2401,689,-57,0,-1311,0,-2,-1
2026-03-18,58500,59700,58000,59500,40891,2433014500,2.9412,-634,-6685,7321,376,-1976,56,-85,0,8950,-2,0,0
2026-03-19,58100,58100,56800,57100,37299,2129772900,-4.0336,23002,-17919,-5407,0,6,-122,-19,0,-5272,22,302,0
2026-03-20,57400,59500,57400,58600,39733,2328353800,2.627,-6800,12876,-3032,6,-4528,13,-21,0,1498,-3051,7,0
2026-03-23,58400,58900,55100,55100,65569,3612851900,-5.9727,40108,-27685,-12704,-468,-1796,-469,675,0,-10646,253,28,0
2026-03-24,56500,57200,54300,55500,46734,2593737000,0.726,15605,-18752,2925,25,-87,-98,-95,0,3180,202,20,0
2026-03-25,56800,58100,55900,56200,56162,3156304400,1.2613,5878,4062,-9947,-17722,-1032,-30,-34,-35,8906,4,3,0
2026-03-26,57900,57900,54200,54300,45828,2488460400,-3.3808,24621,-11352,-13538,-1761,-6329,-785,-2769,0,-1894,255,14,0
2026-03-27,54800,55000,52500,55000,50215,2761825000,1.2891,11100,1330,-12684,-7579,-1462,-3405,648,0,-886,43,211,0
2026-03-30,52900,52900,51500,52800,61757,3260769600,-4.0,12420,-7003,-5701,-9074,352,1060,341,-2,1623,281,3,-1
2026-03-31,52200,52800,51200,52600,36751,1933102600,-0.3788,-4095,3175,-213,385,-1444,-1452,159,0,2139,1133,0,0
2026-04-01,54200,54500,52700,54400,43656,2374886400,3.4221,4689,-12511,7940,-2479,-2687,-670,-97,0,13874,-113,-5,-1
2026-04-02,54600,55200,50700,51100,50739,2592762900,-6.0662,27790,-10078,-18081,-877,-7844,-1564,-40,0,-7756,350,19,0
2026-04-03,51600,52500,51100,51300,26558,1362425400,0.3914,-357,3442,-3013,-323,-1133,-362,-518,-4,-673,-71,-1,0
2026-04-06,51800,52400,51000,51600,28795,1485822000,0.5848,-3019,5073,-2184,-2821,-1216,0,0,0,1853,80,50,0
2026-04-07,51600,53300,51200,51400,35288,1813803200,-0.3876,3146,6220,-9288,-195,-3437,-930,-2661,0,-2065,-90,12,0
2026-04-08,54100,54700,52800,54300,57121,3101670300,5.642,-7422,9701,-1416,-269,-6427,-1674,-67,0,7021,-812,-51,0
2026-04-09,54400,56300,54200,55500,68456,3799308000,2.2099,-3946,6918,-2853,1189,-12481,8181,-487,0,746,-118,-1,-1
2026-04-10,55600,57200,55600,57000,38185,2176545000,2.7027,-9557,8519,1158,-22,2044,-1,-25,0,-837,-113,-7,-1
2026-04-13,57000,57700,55200,57200,46203,2642811600,0.3509,3601,-7947,4334,299,1546,249,210,0,2030,-3,15,0
2026-04-14,57500,57900,56200,56900,35952,2045668800,-0.5245,8181,-2801,-5613,-124,-8947,-6,-22,0,3495,229,4,-9
2026-04-15,57900,58700,57300,57700,52442,3025903400,1.406,-3233,7523,-4188,2946,-11710,316,-1697,0,5957,-105,3,0
2026-04-16,58500,60200,57500,59600,80186,4779085600,3.2929,-22452,10538,11659,13700,-11431,30,-178,0,9538,231,24,0
2026-04-17,60200,60500,58400,59300,53529,3174269700,-0.5034,8840,-4130,-4685,4327,173,-9837,-90,-17,766,19,-44,-7
2026-04-20,59800,59800,57700,57800,49150,2840870000,-2.5295,15009,-1084,-14297,-762,-357,-11897,-26,0,-1255,209,163,0
2026-04-21,58000,58600,57600,57800,30093,1739375400,0.0,6833,-1369,-5699,-2543,-240,17,-24,0,-2909,145,90,0
2026-04-22,57600,58500,56900,58200,30829,1794247800,0.692,-3590,4884,-1554,26,844,-74,-70,0,-2280,125,135,0
2026-04-23,59500,59800,56900,58400,63561,3711962400,0.3436,18937,-6439,-12390,-900,-982,-8147,-89,0,-2272,43,-151,0
2026-04-24,58300,59600,58000,58700,43628,2560963600,0.5137,-2564,8463,-5785,-7501,-1187,157,-17,0,2763,-115,1,0
2026-04-27,58700,58700,57400,57700,51808,2989321600,-1.7036,25293,-9559,-16103,-7002,-861,-7025,-39,0,-1176,327,42,0
2026-04-28,57700,58900,57000,57700,78155,4509543500,0.0,6783,13512,-20276,-18786,-3200,-82,-293,-15,2100,5,-24,0
2026-04-29,58300,62500,57800,62400,142229,8875089600,8.1456,-20590,15160,6356,-929,5258,-146,-56,0,2229,-591,-335,0
2026-04-30,61400,61900,59200,59400,105425,6262245000,-4.8077,31519,-36545,3250,2422,982,962,-3723,0,2607,1531,245,0
2026-05-04,60300,60500,59200,59700,40933,2443700100,0.5051,11519,-7614,-3942,-2001,-76,-30,-50,0,-1785,0,37,0
2026-05-06,59600,60000,57400,58200,82885,4823907000,-2.5126,31706,-16358,-15579,-5357,-1013,604,-532,0,-9281,157,74,0
2026-05-07,58500,58500,55600,56400,90296,5092694400,-3.0928,43093,-7487,-35361,-26540,-6279,-3514,-177,0,1149,-333,88,0
2026-05-08,56500,57000,54700,55400,45807,2537707800,-1.773,22306,-11737,-10423,-5845,-63,-22,-579,0,-3914,-200,54,0
2026-05-11,54700,54800,53000,53100,82722,4392538200,-4.1516,37420,-12529,-25129,-22252,-529,-53,-259,0,-2035,322,-84,-1
2026-05-12,54000,54300,50000,50500,126099,6367999500,-4.8964,78179,-31145,-50759,-38567,-5748,-3536,-177,0,-2732,3699,26,1
2026-05-13,51800,52000,49350,49500,88768,4394016000,-1.9802,54604,-27200,-34625,-25827,180,-5825,226,0,-3380,7128,93,1
2026-05-14,49950,51500,49500,51500,95110,4898165000,4.0404,31471,-30428,-1363,-17334,-98,56,-289,0,16302,7,313,0
2026-05-15,51300,51400,48600,48700,126055,6138878500,-5.4369,69942,-42603,-34821,-1531,-2076,-17055,-16,0,-14143,7424,58,0
2026-05-18,49450,49650,46600,46950,63808,2995785600,-3.5934,25970,-15298,-11177,-9042,-26,-143,279,0,-2245,361,144,0
2026-05-19,46800,47350,45000,45450,104609,4754479050,-3.1949,23740,4475,-26413,-28000,-165,389,-12,0,1375,-1951,149,0
2026-05-20,46500,46500,42950,43300,103066,4462757800,-4.7305,22402,8486,-30827,-24223,-824,-1095,-680,0,-4005,-89,28,0
2026-05-21,44150,45500,43750,44050,79802,3515278100,1.7321,8356,2374,-11033,-8979,-3221,-234,-184,0,1585,-83,386,0
2026-05-22,45200,46950,45000,46300,113845,5271023500,5.1078,11650,26365,-39039,-29411,-3527,-6989,-219,0,1108,967,57,-1
2026-05-26,47500,47500,45750,46250,66682,3084042500,-0.108,29881,-9052,-20626,-13,-3090,-16987,-130,0,-407,192,-395,1
2026-05-27,46600,46800,43750,43800,92203,4038491400,-5.2973,45629,-14269,-30985,13,-2990,-23795,-205,0,-4008,-543,168,0
2026-05-28,44350,44650,42100,43550,84759,3691254450,-0.5708,15177,12144,-29086,0,-111,-19985,-2663,0,-6327,1230,535,0
2026-05-29,44200,44650,42400,43150,91152,3933208800,-0.9185,9139,10451,-19048,-1680,-1937,-17386,-2223,0,4178,-15,-527,0
2026-06-01,42900,43100,41000,41550,113513,4716465150,-3.708,35812,-3925,-32937,-20476,-745,-10267,-1242,0,-207,1287,-237,0
2026-06-02,41250,42200,40500,41850,64363,2693591550,0.722,-6153,14173,-8824,329,-6780,-4076,-312,0,2015,299,505,0
2026-06-04,41450,42450,40900,42000,59937,2517354000,0.3584,4947,-1140,-3737,146,-851,-4007,252,0,723,-47,-23,0
2026-06-05,42700,42700,40050,41450,54452,2257035400,-1.3095,10676,-6415,-4134,0,0,-3503,2,0,-633,34,-161,0
2026-06-08,39050,39350,38300,38750,64582,2502552500,-6.5139,19590,-26379,6663,4124,2240,-2384,3744,0,-1061,395,-269,0
2026-06-09,38800,41700,38800,40500,68534,2775627000,4.5161,-4404,16297,-12590,1865,16,-10006,-298,0,-4167,143,554,0
2026-06-10,40050,41500,39550,40750,63638,2593248500,0.6173,11394,211,-11584,-670,6,-10241,8,0,-687,76,-97,0
2026-06-11,40350,44550,39650,44550,173663,7736686650,9.3252,-25991,-40118,66669,53010,14603,-10933,-97,0,10086,-69,-491,0
2026-06-12,44950,45300,43050,44050,76772,3381806600,-1.1223,9337,-7728,-3034,-179,6645,-11641,2836,0,-695,1031,394,0
2026-06-15,44400,47200,44400,45850,85979,3942137150,4.0863,-17832,5657,12763,13514,1748,-2581,392,0,-309,106,-694,-1
2026-06-16,45850,47050,45100,46700,95377,4454105900,1.8539,351,9835,-10222,-13048,-731,-2085,2190,-223,3728,56,-20,-53
2026-06-17,47200,47200,44700,45750,63949,2925666750,-2.0343,6621,2307,-10253,5220,-416,-11540,-9,0,-3508,1301,24,0
2026-06-18,45150,45950,44350,44400,80558,3576775200,-2.9508,-1981,1650,-258,5647,-156,3479,-62,0,-9166,602,-13,0
2026-06-19,44400,44650,43300,44050,75801,3339034050,-0.7883,-4851,6212,-1421,5491,4649,-10052,-258,0,-1251,60,0,0
2026-06-22,44050,44075,40550,40700,80565,3278995500,-7.605,20949,1759,-22010,-5685,-827,-10038,-333,0,-5127,-862,164,0
2026-06-23,40800,40800,38800,38850,97517,3788535450,-4.5455,10251,7539,-18037,-5478,-563,-10044,-51,0,-1901,361,-114,0
2026-06-24,38900,40200,38400,39400,73783,2907050200,1.4157,4331,14790,-19659,-7036,-349,-10056,-69,0,-2149,609,-71,0
2026-06-25,39500,41000,39150,39200,49893,1955805600,-0.5076,-3341,14260,-10949,-6922,-81,-8,-127,0,-3811,-2,32,0
2026-06-26,39450,39450,36600,37300,73909,2756805700,-4.8469,11955,857,-12932,-10080,71,-25,-602,0,-2296,137,-17,0
