date,open,high,low,close,volume,trading_value,change_rate,individual_net,foreign_net,institution_net,pension_net,trust_net,privateequity_net,insurance_net,bank_net,financial_net,other_corp_net,other_foreign_net,other_finance_net
2019-03-28,75500,94400,73100,88700,4171304,369994664800,0.0,77590,-303918,202118,56070,35839,122172,14436,-641,-9821,23132,1078,-15937
2019-03-29,92500,94500,80300,82100,1131418,92889417800,-7.4408,89211,-9266,-79524,-948,-1118,-72849,5069,0,-9289,-860,439,-389
2019-04-01,81800,83600,79100,79600,365847,29121421200,-3.0451,17863,-15222,-2640,8230,-8202,-7324,-49,0,4705,171,-172,0
2019-04-02,80200,82400,78700,81100,247372,20061869200,1.8844,-18038,1280,15139,5934,4080,-1783,1438,0,5143,1650,-31,327
2019-04-03,81600,82900,79000,79600,199453,15876458800,-1.8496,10984,-465,-10517,4487,1757,-19589,470,0,1073,0,-2,1285
2019-04-04,79600,80000,78000,78000,111902,8728356000,-2.0101,-2677,82,1950,634,-868,1199,0,0,985,540,105,0
2019-04-05,78400,78500,74200,75200,206446,15524739200,-3.5897,9013,-2077,-7612,3127,-2925,3136,286,0,-12136,1621,-945,900
2019-04-08,75100,77200,73100,76700,153072,11740622400,1.9947,-30394,1869,27746,4250,1036,7160,3454,0,11546,835,-56,300
2019-04-09,77200,80800,75000,80300,241415,19385624500,4.6936,-66436,5615,59994,41272,4714,3657,-664,0,12215,916,-89,-1200
2019-04-10,80300,87500,79100,84100,398111,33481135100,4.7323,-62618,-2595,71519,48347,13160,-6166,8860,-204,7522,-6209,-97,0
2019-04-11,84400,89900,83000,89100,290864,25915982400,5.9453,-51162,18491,36344,29205,19316,-13320,5086,894,-5126,-3759,86,289
2019-04-12,88600,91200,86500,87300,143161,12497955300,-2.0202,2935,-16660,17103,10798,3290,1683,1220,0,1612,-3355,-23,-1500
2019-04-15,87900,88400,85000,86300,113001,9751986300,-1.1455,-11848,4815,7429,11876,-1235,-4156,-202,274,576,-724,328,296
2019-04-16,86500,89400,82800,88500,156540,13853790000,2.5492,-8752,-1530,10835,28942,-2421,-13150,-55,800,-3281,-554,1,0
2019-04-17,90000,91100,87600,88000,90505,7964440000,-0.565,5835,425,-5534,-1095,-952,-1746,50,0,-1791,-738,12,0
2019-04-18,87300,88300,83600,83700,93744,7846372800,-4.8864,19189,85,-17206,0,2528,-10695,1049,0,-9588,-2072,4,-500
2019-04-19,83400,85500,83100,84300,27684,2333761200,0.7168,-3712,196,3516,405,1566,1932,71,0,-458,0,0,0
2019-04-22,84000,84700,81300,81500,67344,5488536000,-3.3215,4605,1646,-6352,76,-2740,-1540,118,47,-2313,210,-109,0
2019-04-23,80500,82000,79900,81600,46667,3808027200,0.1227,-1839,827,1472,395,3183,-1481,679,0,-1304,-461,1,0
2019-04-24,82000,82300,79500,80600,54016,4353689600,-1.2255,11120,842,-9992,-3365,-4684,-1000,1236,-1240,-939,-1980,10,0
2019-04-25,80600,80900,79200,79200,35872,2841062400,-1.737,2669,-404,-1932,1405,-258,-2429,500,0,-1150,7,-340,0
2019-04-26,78800,79600,77900,78400,25472,1997004800,-1.0101,-1113,-208,1321,1173,-45,-701,874,0,20,0,0,0
2019-04-29,76000,79500,75900,79100,128295,10148134500,0.8929,55350,-1376,-48160,7951,-11875,-35331,-1128,0,8823,-5856,42,-16600
2019-04-30,78800,80300,77400,77900,53683,4181905700,-1.5171,11598,492,-12597,3499,-4055,-10437,108,0,-212,497,10,-1500
2019-05-02,77600,77800,76700,77100,39085,3013453500,-1.027,7993,276,-8190,1057,-4038,-6214,993,0,12,-100,21,0
2019-05-03,77100,77700,76300,76300,25599,1953203700,-1.0376,5324,273,-6150,445,-55,-5404,127,0,-1263,550,3,0
2019-05-07,75500,75900,73300,73300,82181,6023867300,-3.9318,14016,28,-14526,1988,-5488,-4350,-290,0,-6386,451,31,0
2019-05-08,73100,77200,72400,77000,83513,6430501000,5.0477,-7255,3622,4049,7748,2006,-11976,6380,0,-18,-455,39,-91
2019-05-09,76800,77600,74300,75100,38595,2898484500,-2.4675,-6927,-1045,7878,10581,137,-2108,1482,-1754,106,100,-6,-566
2019-05-10,74900,75900,72700,73200,39704,2906332800,-2.53,6420,-2434,-5219,1353,-288,-859,638,0,-6063,1233,0,0
2019-05-13,72100,72600,67500,67900,99364,6746815600,-7.2404,29020,20,-28988,-15911,-1871,-4065,-2794,0,-4347,12,-64,0
2019-05-14,65700,67400,62800,63300,173465,10980334500,-6.7747,68056,-43239,-26762,-8373,-9038,3602,-5373,-2000,-5406,1940,5,-174
2019-05-15,64200,66100,60300,65100,115687,7531223700,2.8436,-8905,6025,2994,13253,-549,-5340,-2494,0,-1876,0,-114,0
2019-05-16,65700,67600,65100,66100,50942,3367266200,1.5361,-7859,1220,6627,7191,0,-502,662,0,-724,0,12,0
2019-05-17,65200,67700,63300,63500,29709,1886521500,-3.9334,1809,-1787,-145,659,0,-2071,0,0,1267,153,-30,0
2019-05-20,62300,64000,61000,61200,34129,2088694800,-3.622,-1271,725,547,888,485,41,1111,0,632,0,-1,-2610
2019-05-21,60500,62300,60200,61300,46126,2827523800,0.1634,1638,145,-1408,-11360,8580,-609,2488,0,-507,-375,0,0
2019-05-22,61300,63200,60400,62100,35459,2202003900,1.3051,-5301,-3236,8627,1682,1982,2243,1750,0,970,-100,10,0
2019-05-23,61500,62900,60800,62700,30430,1907961000,0.9662,-607,-2269,2876,-3313,0,1986,2131,0,1706,0,0,366
2019-05-24,62500,62500,60300,60300,44144,2661883200,-3.8278,16984,-10961,-6021,-12324,-384,6448,-613,0,852,18,-20,0
2019-05-27,59000,60000,56800,57400,67040,3848096000,-4.8093,12858,-11580,-1446,914,-44,641,-2001,0,-956,-49,217,0
2019-05-28,57900,61100,57100,61000,41565,2535465000,6.2718,-14384,2239,13086,5100,1775,1865,276,0,4070,0,-941,0
2019-05-29,60900,60900,59400,59600,17037,1015405200,-2.2951,1980,-841,-1119,1628,-4987,0,2174,0,66,0,-20,0
2019-05-30,60000,63400,59300,63200,52816,3337971200,6.0403,-12532,-2378,15658,5210,3931,-320,4872,0,997,-748,0,968
2019-05-31,63200,65700,62200,63900,55729,3561083100,1.1076,-18318,-3920,22357,15895,3606,-1726,1513,0,2440,-95,-24,629
2019-06-03,63100,64400,62100,62900,15485,974006500,-1.5649,446,-3087,2640,2382,0,-1103,-98,1027,432,-1,2,0
2019-06-04,62900,64000,60800,61200,25289,1547686800,-2.7027,6657,-4372,-2217,1483,22,-3746,-90,0,114,-69,1,0
2019-06-05,63000,63000,60300,61200,11653,713163600,0.0,3589,-18,-3654,35,-1802,-100,-669,0,-1118,52,31,0
2019-06-07,61800,62300,60700,61600,13197,812935200,0.6536,-2186,-1085,3271,-16,801,600,281,0,1971,0,0,-366
2019-06-10,61600,66000,60800,65300,47809,3121927700,6.0065,-12506,-1087,13854,2021,9022,238,2000,0,573,0,-261,0
2019-06-11,66000,70000,65200,69000,103764,7159716000,5.6662,-10665,-5317,15847,19278,6090,-1750,5455,0,-13528,178,-43,302
2019-06-12,69000,70400,67100,69500,44823,3115198500,0.7246,-5101,-5888,10959,15582,-2613,-1095,2159,0,-3074,0,30,0
2019-06-13,69500,70500,68700,69400,17788,1234487200,-0.1439,-6953,790,6473,5817,1262,-1133,243,0,-16,-271,-39,300
2019-06-14,70300,70900,68000,68500,20193,1383220500,-1.2968,-2549,-2072,4601,4138,2013,356,-1414,0,-492,0,20,0
2019-06-17,68500,69500,65400,67000,26530,1777510000,-2.1898,-2546,502,2078,-4187,2485,1136,1751,0,737,0,-34,156
2019-06-18,66300,69500,66000,68000,26611,1809548000,1.4925,-4290,-1675,5965,7014,-3756,700,2144,0,-761,0,0,624
2019-06-19,68300,68300,63100,65600,66803,4382276800,-3.5294,-1798,-479,2277,2361,-5402,1128,-325,0,4199,0,0,316
2019-06-20,65300,66400,64800,66000,23892,1576872000,0.6098,-7647,604,6745,5741,-801,0,-244,0,2049,300,-2,0
2019-06-21,66600,66600,64100,64100,20172,1293025200,-2.8788,4790,-863,-4127,-3835,-51,0,0,0,-241,200,0,0
2019-06-24,63800,64500,62000,62200,22291,1386500200,-2.9641,4328,-63,-2811,-1188,-7,-1218,-208,0,-190,-1454,0,0
2019-06-25,61500,62500,60400,60800,34227,2081001600,-2.2508,11595,-6000,-3895,-579,1354,-3125,2302,-759,-3139,-1700,0,51
2019-06-26,60800,61800,60100,60800,18212,1107289600,0.0,1192,-1667,472,1704,-143,418,-1719,0,173,3,0,39
2019-06-27,61000,64300,60900,63000,36594,2305422000,3.6184,-11287,874,10413,4812,3461,1654,1949,0,-1594,0,0,131
2019-06-28,58800,62800,58000,61100,269756,16482091600,-3.0159,67306,-3472,-44871,26070,5328,-45485,8067,-321,-12331,-18994,31,-26199
2019-07-01,61200,61500,58700,59200,82759,4899332800,-3.1097,27736,-3677,-26313,-5066,-6234,-13257,-285,0,-1024,1303,951,-447
2019-07-02,59200,59200,57500,57600,60234,3469478400,-2.7027,27289,514,-26016,-10658,-2502,-6738,-537,0,-5581,-1982,195,0
2019-07-03,58200,58500,56600,56700,44188,2505459600,-1.5625,18782,502,-16168,-2257,-4867,-6650,357,0,-2751,-3116,0,0
2019-07-04,56200,57700,55400,56300,40557,2283359100,-0.7055,15098,1252,-15797,-233,-1889,-11855,-400,-100,-1073,-572,19,-247
2019-07-05,56500,56800,54800,55600,51076,2839825600,-1.2433,25538,657,-24103,-20,-14047,-6863,-533,0,-2638,-2092,0,-2
2019-07-08,55600,55700,51100,51200,109598,5611417600,-7.9137,45025,7288,-50540,-10866,-10299,-11962,-11710,0,-5703,-1781,8,0
2019-07-09,50800,54600,50800,53300,84566,4507367800,4.1016,-32093,20449,14663,13554,2304,-84,4363,754,-3020,-3019,0,-3208
2019-07-10,53300,55600,52800,53100,43812,2326417200,-0.3752,-733,3163,-2630,-1198,2127,-3252,-360,0,53,200,0,0
2019-07-11,52700,55000,52700,53200,41173,2190403600,0.1883,12407,3487,-15814,-18941,-556,2165,-357,0,1875,-118,38,0
2019-07-12,52900,53500,52400,52400,24627,1290454800,-1.5038,7440,2726,-10196,0,-3052,-984,-3011,0,-1769,30,0,-1380
2019-07-15,52600,53500,51900,52300,19253,1006931900,-0.1908,4169,2841,-7010,-500,-1027,191,-2175,0,1,0,0,-3500
2019-07-16,52100,52700,51000,51200,45483,2328729600,-2.1033,17980,2875,-20597,-19998,-659,200,-802,0,800,-258,0,-138
2019-07-17,51100,52000,51000,51500,23198,1194697000,0.5859,-5098,3509,1573,5084,-726,-206,-2292,0,-287,6,10,0
2019-07-18,51500,51900,50800,51200,20087,1028454400,-0.5825,3735,2512,-6274,0,-240,0,-6184,0,150,27,0,0
2019-07-19,51000,54400,51000,53400,49236,2629202400,4.2969,-16742,7181,9560,13983,-1693,-1973,598,0,-1355,1,0,0
2019-07-22,54000,55700,53500,54800,47062,2578997600,2.6217,-3039,-10235,12068,0,9520,-1500,965,433,2214,1080,126,436
2019-07-23,55000,55400,53800,54100,23645,1279194500,-1.2774,5029,-4315,-1623,0,-621,-369,-660,0,27,0,909,0
2019-07-24,53900,54700,53200,53200,21882,1164122400,-1.6636,2960,-3721,800,-33,1241,-1854,1467,0,-21,0,-39,0
2019-07-25,52900,54200,52200,53500,19185,1026397500,0.5639,-5394,-1390,6784,1023,4968,1267,524,-460,-84,0,0,-454
2019-07-26,52500,54300,52500,53900,19863,1070615700,0.7477,-3390,-1318,4598,591,5695,376,-481,-834,27,100,10,-776
2019-07-29,53500,53500,51000,51700,25489,1317781300,-4.0816,3284,-5575,1920,681,1981,0,578,0,7,3,368,-1327
2019-07-30,51700,52300,51400,52000,14368,747136000,0.5803,-1621,-832,2262,0,4496,-22,418,0,-99,201,-10,-2531
2019-07-31,51500,51900,50200,51500,19936,1026704000,-0.9615,-2815,547,2368,723,1086,-70,855,0,-238,-100,0,12
2019-08-01,51400,53500,51400,52100,20616,1074093600,1.165,-5687,780,5276,0,4735,-300,1114,0,-213,-409,40,-60
2019-08-02,51200,52900,50700,52000,19554,1016808000,-0.1919,-6743,-156,6844,6811,134,-661,540,0,20,6,49,0
2019-08-05,51200,52200,48800,48850,51705,2525789250,-6.0577,10234,-7908,-2652,6795,231,-8018,310,0,-1970,-159,485,0
2019-08-06,47250,48450,46500,47000,36884,1733548000,-3.7871,-139,689,-331,-41,-868,1849,-1128,0,-143,-194,-25,0
2019-08-07,46500,54500,46500,52500,117671,6177727500,11.7021,-25028,-7410,32136,4072,13726,6618,6478,0,1242,299,3,0
2019-08-08,52900,54700,52900,53900,50875,2742162500,2.6667,-13658,-234,13527,12302,3356,-2981,5129,0,-4279,332,33,0
2019-08-09,54000,54600,52300,52700,32422,1708639400,-2.2263,2686,-494,-1131,7511,-9713,0,1101,0,-30,-169,-892,0
2019-08-12,52800,54100,52200,53900,21974,1184398600,2.277,-1020,1141,-136,-1368,-1509,1249,152,0,1340,-8,23,0
2019-08-13,53300,53700,52700,53200,16108,856945600,-1.2987,1369,-171,-1218,224,1489,-2880,-1990,0,1939,0,20,0
2019-08-14,53700,54000,52600,53400,12006,641120400,0.3759,1935,-847,-1088,1440,-1921,0,1295,0,-1842,0,0,-60
2019-08-16,52200,53700,52200,53500,13088,700208000,0.1873,-4068,347,3785,229,1784,1469,402,0,-99,0,-64,0
2019-08-19,54200,56000,53700,55700,45924,2557966800,4.1121,-15978,2370,13739,4369,588,8532,0,0,250,-231,100,0
2019-08-20,55700,56100,54800,55900,26306,1470505400,0.3591,-7025,-4627,11957,12986,0,-800,330,0,-559,-305,0,0
2019-08-21,56300,56700,55300,56600,27503,1556669800,1.2522,-14158,-1260,15112,17473,-31,-2057,-12,0,-261,296,10,0
2019-08-22,56800,57000,55800,56100,16704,937094400,-0.8834,-73,-3113,3292,3941,-102,0,196,0,-743,-6,-100,0
2019-08-23,55200,57600,54700,57400,27957,1604731800,2.3173,-14112,-51,14209,11678,786,-265,1433,0,577,-4,-42,0
2019-08-26,55700,56400,54300,54500,490999,26759445500,-5.0523,3432,443406,4931,14218,-7664,1090,-3022,0,458,-451769,0,-149
2019-08-27,55500,56100,53100,53800,29910,1609158000,-1.2844,13886,-3256,-10842,1202,-6352,243,-1986,0,-3942,212,0,-7
2019-08-28,54900,54900,52700,53200,25697,1367080400,-1.1152,8017,933,-8877,-2623,-2399,-168,592,0,-4279,-5,-68,0
2019-08-29,53100,53200,51900,52800,27583,1456382400,-0.7519,2188,-1007,-1055,5326,-2713,-3609,-96,0,37,-117,-9,0
2019-08-30,53200,54100,53100,53300,12363,658947900,0.947,-540,327,245,1601,-197,-230,-311,0,-618,-32,0,0
2019-09-02,53800,53800,51900,52500,22605,1186762500,-1.5009,8699,-577,-8324,3748,-8798,0,-2919,0,-355,200,2,0
2019-09-03,52100,52900,50800,51500,66571,3428406500,-1.9048,24739,2357,-27112,19089,-18388,-17579,-7358,0,-2876,9,7,0
2019-09-04,50700,53200,50600,53100,26209,1391697900,3.1068,-9596,3188,7179,3667,0,607,16,0,2889,-768,-3,0
2019-09-05,53300,53600,52400,53000,27631,1464443000,-0.1883,139,-425,91,-1479,1853,-250,-21,0,-12,195,0,0
2019-09-06,53000,53400,52200,52300,7800,407940000,-1.3208,1958,-130,-1830,684,-1510,-9,-521,0,-474,0,2,0
2019-09-09,52400,53000,50700,51100,19159,979024900,-2.2945,6368,-671,-5696,-4821,0,-25,0,0,-850,-1,0,0
2019-09-10,51400,51800,50900,51100,15922,813614200,0.0,4780,-741,-3945,-6960,1000,0,-182,0,2197,-99,5,0
2019-09-11,51000,51600,50900,51600,14674,757178400,0.9785,2125,406,-2531,519,-613,-11,-2136,0,-290,0,0,0
2019-09-16,51800,51800,51100,51600,7709,397784400,0.0,1408,-621,-788,241,-678,0,0,0,-351,0,1,0
2019-09-17,51600,52500,51600,51800,14835,768453000,0.3876,-1200,894,2021,1439,-2365,-54,374,0,2627,100,-1815,0
2019-09-18,52700,52900,51800,52300,26577,1389977100,0.9653,11359,-732,-11428,-9494,-1488,-4,0,0,-442,299,502,0
2019-09-19,52700,54300,51800,54000,55572,3000888000,3.2505,-15429,6471,10013,16106,0,-700,19,0,-3412,-603,-452,-2000
2019-09-20,54500,55400,53200,55200,48919,2700328800,2.2222,-22029,681,20834,15690,5337,-2540,465,0,1882,514,0,0
2019-09-23,55500,55500,54500,55400,24023,1330874200,0.3623,-6387,-386,6515,7844,-764,-800,-107,0,342,298,-40,0
2019-09-24,55800,57900,55800,57500,88889,5111117500,3.7906,-26476,-6754,33006,7910,12253,9828,2799,0,616,233,-9,-400
2019-09-25,57500,58200,56100,57300,50346,2884825800,-0.3478,-7593,-10550,17945,12859,9381,-5077,799,0,-17,199,-1,0
2019-09-26,57400,57700,54800,56000,58822,3294032000,-2.2688,4511,-5232,621,9676,313,-8684,137,0,-734,100,0,-87
2019-09-27,56500,56500,55200,55500,12629,700909500,-0.8929,-3106,-1127,4233,2781,-68,1750,0,0,-230,0,0,0
2019-09-30,52000,54400,52000,54100,239174,12939313400,-2.5225,81024,24455,-91200,43963,-9030,-80521,3285,97,-19992,-14279,0,-29002
2019-10-01,53900,54700,53700,54700,86168,4713389600,1.1091,2511,12587,-13598,36190,-4896,-30774,1399,564,-3581,-1500,0,-12500
2019-10-02,54000,54300,53200,53900,50360,2714404000,-1.4625,8240,966,-9427,14131,-9591,-14703,-107,-11,865,221,0,-11
2019-10-04,54100,54300,52300,52300,45427,2375832100,-2.9685,9101,5338,-12453,10097,-8232,-14877,-714,0,1273,-1991,5,0
2019-10-07,52500,52700,51000,51100,57323,2929205300,-2.2945,22964,3875,-25542,6629,-11487,-19796,-1766,0,878,-1297,0,0
2019-10-08,51100,52300,50500,51500,42715,2199822500,0.7828,4621,11996,-13168,6654,462,-10685,-988,0,-7811,-3448,-1,-800
2019-10-10,51500,53500,51200,52700,30430,1603661000,2.3301,-5185,1964,4922,5614,2422,147,475,0,-3736,-1701,0,0
2019-10-11,52500,53200,52500,53200,29138,1550141600,0.9488,8509,-15171,7462,484,4953,-1036,2564,0,497,-800,0,0
2019-10-14,53300,53700,52700,53000,30704,1627312000,-0.3759,5070,-6684,1608,5640,-566,-44,1684,0,-5106,6,0,0
2019-10-15,53000,54200,53000,53500,48726,2606841000,0.9434,6818,-1327,-3990,2086,2274,-1858,1413,0,-7005,-1501,0,-900
2019-10-16,54000,54200,52500,53000,22748,1205644000,-0.9346,4574,-2133,-3069,0,-1410,-1170,41,0,-530,628,0,0
2019-10-17,52700,52800,50900,51700,68664,3549928800,-2.4528,-711,6039,-4922,8286,-9014,-4788,-1266,0,2110,-417,11,-250
2019-10-18,52200,53300,51800,53100,36755,1951690500,2.7079,-9318,2788,6539,9424,-2332,-1777,-40,0,1515,-9,0,-251
2019-10-21,52800,53200,52200,52900,16771,887185900,-0.3766,-1409,-3325,4727,1439,998,1815,511,0,-36,7,0,0
2019-10-22,52600,54300,52000,53700,60685,3258784500,1.5123,-3966,-985,5271,17131,-2051,-3987,-1104,0,-4218,-342,22,-500
2019-10-23,53500,54400,52300,52700,22279,1174103300,-1.8622,-151,-1220,1371,2608,-1835,2030,-299,0,-1133,0,0,0
2019-10-24,52500,53100,52100,52400,17651,924912400,-0.5693,3384,-417,-2967,0,-2371,0,-554,0,-42,0,0,0
2019-10-25,52500,53200,51700,52900,24928,1318691200,0.9542,-1453,1641,-151,3122,1118,-3267,-1280,0,156,-37,0,0
2019-10-28,52900,53700,52400,53200,25685,1366442000,0.5671,-938,1990,-1062,0,-619,-1131,746,0,-58,0,10,0
2019-10-29,52900,53500,52800,53400,18730,1000182000,0.3759,1188,-1995,647,2004,154,-4569,2650,0,408,150,10,0
2019-10-30,53300,53900,52600,53100,32151,1707218100,-0.5618,6447,-3367,-3046,4638,1535,-4714,-689,0,-3816,0,-34,0
2019-10-31,53100,53600,52000,52200,39656,2070043200,-1.6949,11847,881,-12728,-1599,-3574,-7982,1325,0,-898,0,0,0
2019-11-01,52500,53300,51400,53300,41474,2210564200,2.1073,-7912,2426,6735,10715,5007,-8813,574,0,-748,-1252,3,0
2019-11-04,54200,55500,54000,54400,106920,5816448000,2.0638,13207,-21856,9148,7224,-3394,-3972,3336,831,5123,-500,1,0
2019-11-05,54400,54600,53700,53900,40974,2208498600,-0.9191,16276,-5067,-11763,0,-6582,-5234,-29,0,82,554,0,0
2019-11-06,54000,54300,53300,53900,22254,1199490600,0.0,5404,-777,-5581,-500,-1138,-1406,-2556,0,19,953,1,0
2019-11-07,54200,54200,53500,53600,17476,936713600,-0.5566,1527,-2500,1489,154,-398,-122,1393,0,462,-516,0,0
2019-11-08,53400,54500,53300,54000,31863,1720602000,0.7463,2931,-1772,-547,0,-89,-714,-94,0,350,-611,-1,0
2019-11-11,54200,54300,53600,53900,23688,1276783200,-0.1852,1255,-2495,1240,1302,-36,0,-18,0,-8,0,0,0
2019-11-12,53800,54200,53300,53800,23917,1286734600,-0.1855,-1245,-3407,4864,4309,-188,-207,344,0,606,-210,-2,0
2019-11-13,53800,54000,49300,52000,78774,4096248000,-3.3457,32815,-2867,-31911,-1416,-13388,1119,-6026,-831,-11369,1963,0,0
2019-11-14,52000,52400,50200,50600,78627,3978526200,-2.6923,50321,1900,-52328,-4643,-21395,-12282,-6454,0,-7687,100,7,133
2019-11-15,50800,52100,50400,52100,48167,2509500700,2.9644,-5872,5541,294,8036,-7364,-238,-18,0,-122,17,20,0
2019-11-18,51600,52400,51300,51900,19259,999542100,-0.3839,967,645,-1592,103,-2083,76,62,0,250,0,-20,0
2019-11-19,51700,52300,51100,51500,14985,771727500,-0.7707,-1418,121,1297,1508,-172,0,58,0,11,0,0,-108
2019-11-20,51600,51800,50600,51000,25073,1278723000,-0.9709,254,-647,391,-535,-3663,0,0,0,4589,0,2,0
2019-11-21,50800,51200,49950,50800,28326,1438960800,-0.3922,-7970,1578,6443,938,4458,-170,-1169,0,2280,-22,-29,106
2019-11-22,50500,51000,50100,50600,19581,990798600,-0.3937,-1096,380,1647,0,0,1923,-13,0,-263,-907,-24,0
2019-11-25,50400,51500,49950,51300,24649,1264493700,1.3834,-1789,-1224,3010,3821,-840,-3000,209,0,2820,2,1,0
2019-11-26,51500,51600,50600,50800,67546,3431336800,-0.9747,7338,-7347,-91,97,-757,-3155,82,0,3642,100,0,0
2019-11-27,50700,51100,50300,50500,22955,1159227500,-0.5906,10083,-7064,-3080,59,21,-3000,12,0,-172,61,0,0
2019-11-28,50500,50700,50100,50100,15754,789275400,-0.7921,9903,-4985,-4741,0,-1331,-3053,-370,0,13,-177,0,0
2019-11-29,50000,50600,48850,49150,36125,1775543750,-1.8962,22214,-6159,-16083,0,-2004,-15099,-29,0,1049,29,-1,0
2019-12-02,48750,49400,48750,49200,17633,867543600,0.1017,2169,-698,-2083,480,0,-267,-2409,0,113,610,2,0
2019-12-03,49150,49150,48500,48850,18029,880716650,-0.7114,5569,-5163,-1609,0,224,-2200,354,0,13,1203,0,0
2019-12-04,48650,50700,48200,49800,40214,2002657200,1.9447,-11228,-1225,9274,2774,2605,-74,1474,0,3251,3179,0,-756
2019-12-05,49600,49800,48300,48400,32255,1561142000,-2.8112,6908,-4865,-1608,4765,-1955,-2803,0,0,-1615,-409,-26,0
2019-12-06,48550,49200,48350,48650,17083,831087950,0.5165,6684,-159,-6590,-311,-1388,-2969,0,0,-1922,60,5,0
2019-12-09,48550,49550,48450,49400,17009,840244600,1.5416,-4196,3476,820,1,3877,-3,0,0,-3055,-100,0,0
2019-12-10,49200,50000,48800,49700,17531,871290700,0.6073,-1584,110,1474,12,4246,-4529,1761,0,-16,0,0,0
2019-12-11,50000,50000,48800,49450,17577,869182650,-0.503,2570,-3828,658,92,-773,-495,-61,0,1895,600,0,0
2019-12-12,49500,49900,49150,49900,17832,889816800,0.91,-4033,-3383,7016,160,7106,0,782,0,-711,400,0,-321
2019-12-13,50300,50300,49850,49900,13981,697651900,0.0,419,-4169,3746,11,4972,-251,-4,0,-502,4,0,-480
2019-12-16,49900,50100,49550,49650,9687,480959550,-0.501,9,-3298,3289,1176,3112,0,-53,0,-430,0,0,-516
2019-12-17,49600,50100,49600,50000,13612,680600000,0.7049,-2263,1017,1246,0,-2820,-11,-21,0,4098,0,0,0
2019-12-18,49700,50200,49250,49350,19319,953392650,-1.3,8527,-2319,-6214,0,-1186,-28,-1119,0,-3881,5,1,0
2019-12-19,49650,49650,48750,49250,16212,798441000,-0.2026,4716,-1455,-3263,3600,-2515,0,-601,0,-3747,2,0,0
2019-12-20,49250,49450,48700,49100,13296,652833600,-0.3046,3044,-1186,-1858,0,-1865,-309,415,0,-99,0,0,0
2019-12-23,49300,49450,48800,49000,35985,1763265000,-0.2037,-5783,8329,-3293,0,1209,-2000,-257,0,-2245,-1,748,0
2019-12-24,48900,49450,48800,49000,50806,2489494000,0.0,-6857,9574,-1126,-3703,3871,0,1960,0,-3254,-1591,0,0
2019-12-26,48950,50200,48500,49800,47896,2385220800,1.6327,-12505,10747,1758,-8182,4736,2298,2008,0,1390,0,0,-492
2019-12-27,49650,50800,49300,50400,50318,2536027200,1.2048,5387,-384,-4996,-3402,1856,-3905,2598,0,-2143,-7,0,0
2019-12-30,50400,51200,50200,50400,47953,2416831200,0.0,-48,-433,681,306,1093,-215,2472,0,-2975,-200,0,0
2020-01-02,50900,50900,49100,49400,41406,2045456400,-1.9841,24562,-14134,-11075,-2776,-2230,-1459,-1334,0,-3276,613,34,0
2020-01-03,49400,49750,48450,48500,43535,2111447500,-1.8219,19213,-3632,-16958,-10045,-2434,-2285,-1929,-46,-219,1387,-10,0
2020-01-06,48500,48500,46600,46950,54126,2541215700,-3.1959,27501,-5530,-22215,-9436,-3935,-4665,-4355,0,176,214,30,0
2020-01-07,47300,47400,46850,47000,33838,1590386000,0.1065,12366,-2385,-9983,-15386,6734,-3791,279,0,2181,0,2,0
2020-01-08,46900,46900,44150,44350,72261,3204775350,-5.6383,24785,-3484,-21230,-16253,2374,-58,-4023,0,-3270,-73,2,0
2020-01-09,45150,45650,44100,44450,55310,2458529500,0.2255,19535,4326,-24505,-8347,-3773,-9004,-2385,-16,-980,639,5,0
2020-01-10,44450,47650,44450,46700,47685,2226889500,5.0619,-5139,4581,-602,4018,-4583,-139,-33,0,135,1060,100,0
2020-01-13,46950,47000,45600,45900,44821,2057283900,-1.7131,25574,-395,-24875,-15274,-3365,-3112,-1459,0,-1665,-204,-100,0
2020-01-14,45900,47350,45900,47000,38861,1826467000,2.3965,-3353,6676,-2919,-2541,-10,0,-373,0,5,-404,0,0
2020-01-15,46650,47150,46600,47000,23459,1102573000,0.0,4096,-644,-3452,-2098,-424,-2167,-274,0,1511,0,0,0
2020-01-16,47000,47950,46900,47550,25700,1222035000,1.1702,-2997,5974,-4503,82,-1830,-3745,4,0,986,1526,0,0
2020-01-17,47800,48600,47000,47100,38438,1810429800,-0.9464,4370,1468,-5642,-2264,-2678,-1267,-1035,0,1602,-196,0,0
2020-01-20,47100,48100,47100,47600,44050,2096780000,1.0616,3962,7438,-11540,-11584,378,-2622,90,0,2198,140,0,0
2020-01-21,47600,47950,47050,47200,14827,699834400,-0.8403,5870,-3859,-2011,-559,-21,-1173,19,-22,-255,0,0,0
2020-01-22,47450,48300,47150,48100,27875,1340787500,1.9068,-1432,-155,2270,6148,-3904,0,19,0,16,-683,0,-9
2020-01-23,48100,49600,47950,49000,69943,3427207000,1.8711,-19272,-1581,21314,10557,7619,0,990,0,2148,-461,0,0
2020-01-28,47900,47950,46350,46600,45058,2099702800,-4.898,15220,-14121,-1292,-4356,1775,552,15,-37,201,205,-12,558
2020-01-29,47000,47600,46600,47100,20848,981940800,1.073,10371,-1328,-9053,-7320,-1504,-1,14,0,-242,0,10,0
2020-01-30,46900,47300,45650,46200,25564,1181056800,-1.9108,9711,-4069,-5276,-3850,466,-624,38,0,-1306,-366,0,0
2020-01-31,45900,46850,45800,45800,28073,1285743400,-0.8658,3050,-8581,3911,-742,-5,177,1784,0,2253,1620,0,444
2020-02-03,44950,45800,44050,45000,42857,1928565000,-1.7467,2594,-4906,3509,4356,-482,-478,72,0,41,-1197,0,0
2020-02-04,45600,46300,45400,46150,16642,768028300,2.5556,2179,2312,-4490,-216,-1554,45,0,0,-2765,-1,0,0
2020-02-05,46050,46100,43300,45750,27060,1237995000,-0.8667,844,595,-340,0,-460,46,0,0,74,-1099,0,0
2020-02-06,45600,46050,45500,45700,18872,862450400,-0.1093,7218,-3509,-3709,-2969,-23,-1437,874,0,-154,0,0,0
2020-02-07,45950,46000,45350,45900,14476,664448400,0.4376,-711,-1567,1333,0,324,-1179,-305,0,2493,925,20,0
2020-02-10,45600,45800,44500,44850,39293,1762291050,-2.2876,18531,-10870,-10315,-8921,-529,-883,0,0,18,2654,0,0
2020-02-11,45150,45850,44850,45150,25168,1136335200,0.6689,9315,476,-9795,-7557,-1999,46,0,0,-285,4,0,0
2020-02-12,45350,45350,44550,45050,23434,1055701700,-0.2215,11083,-5792,-4819,1173,-3600,-1539,-180,0,-673,-499,27,0
2020-02-13,45300,45900,44650,44700,25299,1130865300,-0.7769,9112,-2762,-6415,-5882,-448,0,-51,0,-34,92,-27,0
2020-02-14,45150,45150,44050,44200,46400,2050880000,-1.1186,20928,-10218,-12417,-6486,-1691,-3534,-70,0,-636,1707,0,0
2020-02-17,43700,44200,42650,42800,77881,3333306800,-3.1674,50781,-4939,-44576,-34068,-4907,-1595,-2695,0,-1311,-1307,41,0
2020-02-18,42900,43350,42400,42750,27693,1183875750,-0.1168,4705,-1385,-3871,-19,-2162,-1500,-262,0,72,551,0,0
2020-02-19,42550,43000,42000,42350,27944,1183428400,-0.9357,3122,991,-4273,0,-2987,0,232,0,-1518,160,0,0
2020-02-20,42450,43200,41500,41650,38785,1615395250,-1.6529,14769,-5534,-11236,-880,-6508,-3061,-660,0,-127,2001,0,0
2020-02-21,41050,41500,39950,40200,79108,3180141600,-3.4814,16950,-792,-17744,-4038,-9540,-1739,-818,0,-1609,1586,0,0
2020-02-24,38750,39450,37950,38000,90258,3429804000,-5.4726,24220,13442,-36021,-10208,-14852,-3055,-3299,-509,-4098,-1641,0,0
2020-02-25,37550,40400,37550,39750,81786,3250993500,4.6053,5722,13487,-19635,-14016,2212,-5918,95,0,-2008,360,66,0
2020-02-26,39050,39750,38650,38900,30443,1184232700,-2.1384,10525,-6116,-4386,3576,-3033,-1200,-870,0,-2859,77,-100,0
2020-02-27,38900,39600,37300,37750,52533,1983120750,-2.9563,20204,2006,-22512,-10000,-5875,-1350,-5065,0,-222,300,2,0
2020-02-28,37050,37650,36050,37100,56615,2100416500,-1.7219,-1293,-2186,2942,-544,2396,0,913,0,177,507,30,0
2020-03-02,36500,38500,36500,38450,31696,1218711200,3.6388,-5090,4461,129,4058,-62,-577,-34,0,-3256,500,0,0
2020-03-03,38900,39500,37900,38100,32206,1227048600,-0.9103,8269,-7554,285,78,67,67,-2,0,75,-1000,0,0
2020-03-04,37950,38700,37850,38650,26862,1038216300,1.4436,3205,3074,-6279,1814,-4159,129,-4088,0,25,0,0,0
2020-03-05,38750,39500,38750,39350,26414,1039390900,1.8111,-1025,-1562,2853,7673,66,0,-4911,0,25,-266,0,0
2020-03-06,39300,39600,38900,39500,33479,1322420500,0.3812,-8066,-2776,13572,13898,0,66,58,0,-450,-2730,0,0
2020-03-09,38300,39500,38300,38800,46609,1808429200,-1.7722,-20586,-8260,29946,32772,792,-1434,151,0,-2610,-1100,0,275
2020-03-10,38100,38350,37100,37900,32764,1241755600,-2.3196,7747,-4983,-2758,1969,-259,-3776,59,0,-751,-6,0,0
2020-03-11,37800,38700,37300,37300,21650,807545000,-1.5831,-1596,-796,2392,4432,12,0,-1013,0,-1039,0,0,0
2020-03-12,36700,37300,34400,34500,74904,2584188000,-7.5067,3228,-4168,962,3004,-337,-3740,343,0,1692,0,-22,0
2020-03-13,30550,33050,29500,32250,124362,4010674500,-6.5217,-14840,20020,-5580,2982,-638,9776,-1060,0,-16109,400,0,-531
2020-03-16,32300,33900,29950,30000,58836,1765080000,-6.9767,12279,662,-12948,4469,-13723,-2478,-965,0,-251,7,0,0
2020-03-17,27100,29250,26950,28450,98806,2811030700,-5.1667,3382,17071,-18802,-592,-10729,-5209,-2124,0,-148,-1918,267,0
2020-03-18,28450,28750,25300,25300,74083,1874299900,-11.0721,19850,4457,-24042,0,-13413,-1813,-2997,0,-5819,0,-265,0
2020-03-19,25250,26000,21350,21800,99529,2169732200,-13.834,-22633,13702,9100,14166,-436,-561,-1400,0,-2669,-169,0,0
2020-03-20,21800,24500,21600,24350,66240,1612944000,11.6972,-8243,1544,6633,11581,-224,-3603,-28,0,-85,66,0,-1008
2020-03-23,22500,23100,22150,22600,41596,940069600,-7.1869,4495,2892,-7387,-2392,-1900,-2435,-111,0,-549,0,0,0
2020-03-24,23000,24350,22650,24350,37164,904943400,7.7434,-6308,3250,3058,8784,-5015,-547,-222,0,58,0,0,0
2020-03-25,25250,28200,25250,28000,117102,3278856000,14.9897,6611,-20868,14257,28022,-9385,-6816,2941,0,-505,0,0,0
2020-03-26,28500,30600,27100,29100,108871,3168146100,3.9286,-6028,-10357,15702,20800,395,-5764,-1508,0,-171,510,173,1950
2020-03-27,30500,32550,29800,30950,103747,3210969650,6.3574,-10598,-12912,23767,27485,-2237,-1296,-2,0,-183,-577,320,0
2020-03-30,29550,31450,29400,30800,43131,1328434800,-0.4847,641,-5701,5027,4115,-243,1256,51,0,-152,33,0,0
2020-03-31,32300,32550,31000,31450,69859,2197065550,2.1104,5864,-1434,-4880,-3325,-3464,4650,-1700,0,-1041,450,0,0
2020-04-01,31400,33300,31000,31800,65339,2077780200,1.1129,-12503,-5280,16783,15060,687,-2614,2296,0,1354,1000,0,0
2020-04-02,31800,33100,31050,32700,35434,1158691800,2.8302,6767,-7921,1654,-521,1402,-52,-224,0,1049,-500,0,0
2020-04-03,34000,34000,32350,32900,27913,918337700,0.6116,6823,-7572,549,367,0,-998,722,0,458,200,0,0
2020-04-06,32900,33850,32400,33850,31481,1065631850,2.8875,6441,-2403,-4194,-6232,738,1429,-46,0,-83,0,156,0
2020-04-07,34750,35000,33550,34450,34483,1187939350,1.7725,8052,-997,-7055,-9173,83,-700,559,0,2176,0,0,0
2020-04-08,34450,35900,34000,35850,48003,1720907550,4.0639,-9951,7485,806,940,31,-2200,1404,0,631,1650,10,0
2020-04-09,36100,38650,36050,38650,74720,2887928000,7.8103,-13516,-1147,13435,10961,2043,-4614,4083,0,962,1223,5,0
2020-04-10,39400,39450,37500,38850,54846,2130767100,0.5175,-9734,-4082,14311,7472,1,161,6071,217,-53,-490,-5,442
2020-04-13,38800,38800,36250,36450,58870,2145811500,-6.1776,5988,-444,-5544,0,-4412,-89,-1145,0,102,0,0,0
2020-04-14,36450,38450,36450,38000,39708,1508904000,4.2524,-13847,8944,5603,1875,3856,-900,419,0,353,-700,0,0
2020-04-16,37300,38250,36850,38200,21878,835739600,0.5263,-1294,-1347,4209,-492,918,-643,1198,3096,132,-500,-1068,0
2020-04-17,38800,38850,38000,38450,71240,2739178000,0.6545,-14835,1051,9929,1188,16476,-577,161,0,-7319,3855,0,0
2020-04-20,38600,40150,38500,39000,42524,1658436000,1.4304,51,-1036,373,-506,1511,-605,142,0,-169,600,12,0
2020-04-21,39000,39350,36750,38400,260591,10006694400,-1.5385,-1381,-7411,218803,133905,49347,1677,34181,0,-307,-209900,-111,0
2020-04-22,37350,39050,36950,38800,40257,1561971600,1.0417,-6321,-408,6599,1762,-1784,0,6673,0,-52,100,30,0
2020-04-23,40550,40550,38950,39250,39602,1554378500,1.1598,20132,-19338,-914,-528,349,-752,-77,0,94,0,120,0
2020-04-24,39000,39450,37750,37750,28062,1059340500,-3.8217,6974,-215,-7542,-5517,-931,-662,-437,0,5,0,783,0
2020-04-27,37750,38650,37750,38650,18137,700995050,2.3841,2753,-1630,-1123,0,-1727,0,602,0,2,0,0,0
2020-04-28,38650,39750,37950,39150,65208,2552893200,1.2937,-20185,-3449,23657,7566,-3201,0,4350,12932,2010,-40,17,0
2020-04-29,39200,39550,38650,39450,37349,1473418050,0.7663,899,-8998,8015,7512,-1348,0,18,0,1833,79,5,0
2020-05-04,38650,40200,38450,39450,41354,1631415300,0.0,15974,-4527,-12129,-2390,-8486,367,720,0,-2340,682,0,0
2020-05-06,40000,41250,39700,40750,49569,2019936750,3.2953,-1001,-8337,7720,5001,-3292,-162,5126,0,1047,1618,0,0
2020-05-07,40850,42550,40850,42200,77969,3290291800,3.5583,-17564,7440,11397,2940,-1072,-161,9611,0,79,-1273,0,0
2020-05-08,42300,42950,41350,42750,41567,1776989250,1.3033,3012,-5565,3895,0,0,0,3562,0,333,-1342,0,0
2020-05-11,42750,45100,42700,44600,91691,4089418600,4.3275,-26003,-6298,31897,6134,10030,0,18081,-4354,2006,756,-352,0
2020-05-12,45200,45550,43700,44900,47832,2147656800,0.6726,2693,-6230,3399,1906,-205,-703,1927,0,474,0,138,0
2020-05-13,44000,45650,43950,45200,44534,2012936800,0.6682,5199,-5895,594,0,2672,-2387,96,0,213,84,18,0
2020-05-14,45150,45800,44800,45450,38358,1743371100,0.5531,3465,-3961,-1265,0,-333,-419,-371,0,57,1711,50,-199
2020-05-15,45450,45700,43950,43950,36300,1595385000,-3.3003,3576,707,-5133,15,-2951,-1089,-87,-1298,277,850,0,0
2020-05-18,43950,44750,42450,43100,42836,1846231600,-1.934,-1546,4440,-3274,-3526,-3184,-11,413,0,3034,10,370,0
2020-05-19,43250,43800,42050,42650,52327,2231746550,-1.0441,7721,-234,-9178,-590,-2414,-36,-1787,-2809,-1542,1590,101,0
2020-05-20,42250,42950,42050,42950,30914,1327756300,0.7034,-2716,1805,911,0,0,-11,2090,0,-1168,0,0,0
2020-05-21,43000,43250,41950,42450,36600,1553670000,-1.1641,-1853,4066,-1302,-332,578,-11,676,0,-2213,-880,-31,0
2020-05-22,42400,42450,40600,41000,60651,2486691000,-3.4158,4823,-5625,776,7459,-7098,-2189,-3306,5056,-67,20,6,921
2020-05-25,41050,45500,40300,43750,134131,5868231250,6.7073,6679,-16429,9199,5219,1705,4,-2128,4222,177,553,-2,0
2020-05-26,43450,45150,43400,44800,69848,3129190400,2.4,-21636,3108,18876,15467,1990,-11,1479,0,-675,0,-348,626
2020-05-27,45300,45550,44400,44400,44537,1977442800,-0.8929,8640,-6156,-2775,3469,-4424,-14,-1461,0,-345,291,0,0
2020-05-28,44500,45000,42800,44950,66966,3010121700,1.2387,4729,-1387,-3208,3460,-3283,-356,-2696,0,-333,0,-134,0
2020-05-29,44600,45050,44350,44900,21231,953271900,-0.1112,-7785,1460,6325,2817,341,-11,3491,0,-313,0,0,0
2020-06-01,45000,45150,44500,44950,24404,1096959800,0.1114,-6356,543,5813,0,4768,-11,1039,0,17,0,0,0
2020-06-02,44550,45250,44100,44750,26521,1186814750,-0.4449,3002,-2271,-1231,-3,3032,-218,1024,-4670,-541,500,0,145
2020-06-03,44750,45500,44200,45300,66076,2993242800,1.2291,1102,3632,-7334,2018,284,-3657,-4881,0,-1098,2600,0,0
2020-06-04,45950,46000,44150,45300,59763,2707263900,0.0,17235,-3710,-16457,-1976,-10176,-18,-3006,-533,-748,2932,0,0
2020-06-05,45300,45450,43850,44900,49086,2203961400,-0.883,1882,4119,-7201,0,-4990,-317,-63,0,-1831,1200,0,0
2020-06-08,44950,45200,44600,45000,29845,1343025000,0.2227,458,4396,-6151,-2098,-553,-2911,-207,0,-382,1297,0,0
2020-06-09,45000,45200,44250,44600,40784,1818966400,-0.8889,20027,-4665,-16662,-9250,-130,-1141,-1197,-4443,-501,1308,-8,0
2020-06-10,44600,44600,43300,43350,42902,1859801700,-2.8027,4206,-4557,-1581,-3574,2440,88,-20,0,-334,1932,0,-181
2020-06-11,43050,43300,42100,42100,52903,2227216300,-2.8835,5007,379,-6031,-4798,1994,-1310,-1526,0,-219,644,1,-172
2020-06-12,41000,41000,39800,40200,62099,2496379800,-4.5131,4110,4737,-10570,-4244,-4501,-11,-1199,0,-615,333,1390,0
2020-06-15,40000,40600,38000,38450,46975,1806188750,-4.3532,679,-946,-1833,4378,-5278,-2321,1448,0,-60,1200,900,0
2020-06-16,38500,39850,38500,39600,32962,1305295200,2.9909,138,2943,-3279,0,145,-1148,-619,0,-1657,199,-1,0
2020-06-17,39000,39800,38400,39400,31629,1246182600,-0.5051,4621,-114,-4707,6209,-1991,-1041,-9543,0,1659,200,0,0
2020-06-18,38950,40350,38600,38750,34651,1342726250,-1.6497,12281,1520,-13832,-8722,-3010,-50,-2546,0,-319,0,31,815
2020-06-19,39000,39250,38200,38500,18072,695772000,-0.6452,8076,-423,-8019,-5665,-2,0,-1934,0,-418,210,156,0
2020-06-22,38500,40000,38250,39400,30379,1196932600,2.3377,-848,-555,1403,1807,4903,-1517,-3492,0,-298,0,0,0
2020-06-23,39500,40200,39350,39700,30552,1212914400,0.7614,1385,-8253,7519,2440,3666,-15,1477,0,-49,-750,99,0
2020-06-24,40050,40150,38850,39200,24550,962360000,-1.2594,9378,208,-9377,134,-9286,-2093,1666,0,202,-215,6,0
2020-06-25,38800,38850,38300,38750,14361,556488750,-1.148,2761,-5007,2463,-486,2766,-28,180,0,31,-60,-157,0
2020-06-26,39000,39200,38250,38250,16509,631469250,-1.2903,3615,-771,-2864,1500,226,-10,48,-4636,8,0,20,0
2020-06-29,38100,38250,37350,37350,18649,696540150,-2.3529,134,-3387,3212,3160,-643,0,689,0,6,0,41,0
2020-06-30,38050,38050,36900,37550,27357,1027255350,0.5355,2432,2948,-4563,2166,2073,661,258,0,-8062,-829,12,-1659
2020-07-01,37400,38650,37400,37600,11972,450147200,0.1332,-4345,-778,5123,3035,1818,-25,679,0,-384,0,0,0
2020-07-02,37550,38400,37550,38150,7060,269339000,1.4628,157,793,-728,-53,-20,-500,14,0,-169,-253,31,0
2020-07-03,38100,38750,37750,38300,9348,358028400,0.3932,3250,-440,-2074,-827,-835,0,-421,0,9,-726,-10,0
2020-07-06,38950,38950,37950,38250,6812,260559000,-0.1305,711,463,-1174,-53,-274,-272,-526,0,-49,0,0,0
2020-07-07,38500,38500,37100,37300,28488,1062602400,-2.4837,12143,-1229,-10724,-4090,-5670,0,-926,0,-38,-200,10,0
2020-07-08,37400,37700,37150,37600,9980,375248000,0.8043,1086,986,-2322,-170,-40,0,-1,0,-40,250,0,-2071
2020-07-09,37300,37750,36900,37650,23174,872501100,0.133,5506,556,-6313,-1413,-1025,-60,-750,0,-2488,250,1,-577
2020-07-10,37150,37850,36500,37000,30007,1110259000,-1.7264,13774,-1782,-12491,-10010,-1147,0,-1289,0,-45,500,-1,0
2020-07-13,37050,37450,36850,37400,16679,623794600,1.0811,-1277,1102,1170,-854,1930,0,782,0,-688,-1000,5,0
2020-07-14,37400,37700,37000,37700,16184,610136800,0.8021,308,-315,-454,399,-310,-502,-12,0,-29,461,0,0
2020-07-15,37800,39100,37200,38000,54416,2067808000,0.7958,14125,1,-14500,-1827,-13128,-27,574,0,-92,347,27,0
2020-07-16,38100,38900,37950,38350,25984,996486400,0.9211,-4170,532,3685,-709,3517,0,420,0,457,-47,0,0
2020-07-17,38350,38850,38150,38800,14833,575520400,1.1734,2372,-2204,-131,0,-37,-41,-83,0,30,-37,0,0
2020-07-20,39050,39900,38300,39900,38061,1518633900,2.8351,-8249,-1956,10327,0,3810,-2000,129,0,8388,-122,0,0
2020-07-21,40050,43550,40050,41100,130932,5381305200,3.0075,9393,-96,-8304,-11726,-3881,4151,-422,0,3574,-622,-371,0
2020-07-22,41150,42000,39700,40000,41003,1640120000,-2.6764,7998,-3136,-5076,-8570,938,-178,157,0,2577,210,4,0
2020-07-23,40150,41200,38950,40150,46095,1850714250,0.375,-9548,-2015,10672,7129,2731,-744,-1,0,1557,869,22,0
2020-07-24,40050,40350,39100,39250,37740,1481295000,-2.2416,4397,-895,-3966,-3006,-476,0,-2441,0,1957,464,0,0
2020-07-27,39250,39800,38850,39350,25929,1020306150,0.2548,-503,1153,-650,5396,-2862,-2092,-245,0,-847,0,0,0
2020-07-28,39950,39950,39050,39350,29675,1167711250,0.0,11016,-2819,-8237,44,-8528,0,-537,0,784,40,0,0
2020-07-29,39350,39700,38750,39350,26155,1029199250,0.0,2306,1058,-3344,1885,144,-4305,-754,0,-314,0,-20,0
2020-07-30,39350,40450,39100,40350,39382,1589063700,2.5413,-6011,5114,81,3341,2595,-1623,-1280,0,-2952,816,0,0
2020-07-31,40550,40800,39100,39750,77876,3095571000,-1.487,28316,-5316,-22078,-15046,1686,-325,-9903,0,2526,-922,0,-1016
2020-08-03,39600,39700,37450,38800,47650,1848820000,-2.3899,1316,2970,-4744,4058,-5799,0,-3004,0,1,458,0,0
2020-08-04,39050,39650,38750,39500,33491,1322894500,1.8041,-8097,6106,2154,1013,1676,-300,-668,0,433,-153,-10,0
2020-08-05,39500,39950,39050,39200,28381,1112535200,-0.7595,10777,-2515,-8955,4152,-7438,-937,-4393,0,-339,670,23,0
2020-08-06,39500,41950,39200,41000,113075,4636075000,4.5918,-30095,23616,7909,4698,3073,1635,-1137,0,-360,-1372,-58,0
2020-08-07,41150,41800,40400,41200,44474,1832328800,0.4878,6423,-9152,4999,0,2869,-42,-17,0,2189,-2223,-47,0
2020-08-10,41700,43550,41300,42500,136169,5787182500,3.1553,659,560,-7402,0,265,-6358,-3521,0,2212,6253,-70,0
2020-08-11,43100,43100,41550,41900,49454,2072122600,-1.4118,7025,-12084,-1466,-60,2865,0,-4958,0,687,6225,300,0
2020-08-12,41650,44550,40200,44400,108811,4831208400,5.9666,-2923,901,184,4861,-3404,0,-282,-2201,1210,1685,153,0
2020-08-13,45100,45700,43550,43650,384151,16768191150,-1.6892,58023,154713,-3292,7497,-14411,1021,-14,0,2615,-209463,19,0
2020-08-14,44000,44350,41700,42800,79296,3393868800,-1.9473,24813,-26073,1478,0,91,-46,-779,0,2212,-220,2,0
2020-08-18,42500,43950,41000,41000,118290,4849890000,-4.2056,25415,-25024,1998,-10108,7901,4286,-258,0,177,-2400,11,0
2020-08-19,41000,41350,40550,40950,50016,2048155200,-0.122,11372,-13065,458,-5,-64,-462,-499,0,1488,1220,15,0
2020-08-20,41000,41000,39350,39600,52333,2072386800,-3.2967,7622,-10367,2546,0,1808,0,-1758,0,2496,105,94,0
2020-08-21,39650,40250,39300,39400,30982,1220690800,-0.5051,14185,-13520,-711,525,-1017,0,-342,0,123,35,11,0
2020-08-24,39250,39500,38350,39200,39913,1564589600,-0.5076,17704,-4495,-12853,192,-10619,-3489,142,0,921,-367,11,0
2020-08-25,39500,41250,39300,41100,73596,3024795600,4.8469,14802,-11303,-3698,0,-4708,1347,-708,0,371,199,0,0
2020-08-26,41100,42000,40200,41600,59697,2483395200,1.2165,9930,-7758,-2418,1791,-6076,294,921,0,652,245,1,0
2020-08-27,41500,41650,40250,40400,84391,3409396400,-2.8846,13260,-7166,-6094,0,-7184,-142,42,0,1190,0,0,0
2020-08-28,40500,45400,40450,43300,296910,12856203000,7.1782,-6849,10605,-8946,-386,4969,-6193,-687,0,-6649,5230,-40,0
2020-08-31,43150,43900,42200,42300,66792,2825301600,-2.3095,13877,-10115,-1856,0,-3981,-611,-314,0,3050,-1911,5,0
2020-09-01,42300,43050,41850,42850,49847,2135943950,1.3002,1821,724,-2365,0,-1832,-258,-214,0,-61,-220,40,0
2020-09-02,42850,44150,42450,43200,54126,2338243200,0.8168,-1406,1191,-48,0,72,0,-383,0,263,-67,330,0
2020-09-03,43200,44900,43050,44700,89942,4020407400,3.4722,-1779,10551,-7622,0,-1201,-11250,3309,0,1520,-931,-219,0
2020-09-04,43000,44450,43000,44000,75402,3317688000,-1.566,3389,-930,-1023,-308,-159,88,-415,0,-229,-1447,11,0
2020-09-07,43600,43900,42700,42900,49378,2118316200,-2.5,9093,-4615,-4454,-182,-2836,799,-4476,0,2241,0,-24,0
2020-09-08,42950,44700,42700,44350,81960,3634926000,3.38,7536,4622,-12113,107,-2143,-4290,-11,0,-5776,-443,398,0
2020-09-09,44000,48650,43700,48200,506493,24412962600,8.6809,-18550,-37384,61980,32442,11541,2313,8149,0,6919,-7003,957,616
2020-09-10,49850,53400,49100,51300,613665,31481014500,6.4315,-11831,-23674,37693,29174,5597,4453,5824,0,-2371,-6175,3987,-4984
2020-09-11,50100,51900,48450,51900,1349313,70029344700,1.1696,184203,53607,382953,194480,49397,107204,4839,0,26820,-621743,980,213
2020-09-14,53200,58500,52300,58000,873821,50681618000,11.7534,36820,-83173,47756,22844,8183,-13509,2370,16015,13116,-1463,60,-1263
2020-09-15,58100,61500,55000,59100,536763,31722693300,1.8966,-24193,-477,25406,33946,9642,6132,203,0,-25715,-602,-134,1198
2020-09-16,58600,60800,57700,57900,171840,9949536000,-2.0305,-25375,5927,18252,14993,2459,-449,-1233,0,2482,996,200,0
2020-09-17,57800,61400,56900,60500,337657,20428248500,4.4905,-16810,22087,-3548,15778,2686,1859,3234,0,-27105,-1737,8,0
2020-09-18,59900,61200,58200,60300,166781,10056894300,-0.3306,-5670,1229,5185,15339,-2872,-7219,-1,0,-62,-761,17,0
2020-09-21,60000,62000,58500,59100,178103,10525887300,-1.99,18865,5911,-25060,8305,-948,-5774,-2472,0,-23406,370,-86,-765
2020-09-22,58400,58800,55000,56000,252091,14117096000,-5.2453,-12900,22426,-9474,285,-9976,-14863,-3227,0,19030,78,-130,-723
2020-09-23,57000,59600,55900,59200,301667,17858686400,5.7143,-24926,-9004,36089,16872,17984,12474,111,-83,-11477,-2109,-50,208
2020-09-24,58000,58900,56400,57500,208490,11988175000,-2.8716,8728,-8513,565,19580,-473,-13946,-124,0,-4511,-810,30,39
2020-09-25,58000,59000,56300,56700,150538,8535504600,-1.3913,5014,8340,-16884,3257,106,-13603,129,112,-7251,3500,30,366
2020-09-28,58100,62500,57900,62500,485511,30344437500,10.2293,13797,12336,-20358,-11494,3810,9732,579,0,-22985,-4301,-1474,0
2020-09-29,63000,63200,60600,61900,214046,13249447400,-0.96,39581,-27607,-12502,-10007,-2262,13,-893,0,647,439,89,0
2020-10-05,61900,68500,61900,67200,355104,23862988800,8.5622,-17353,6294,6933,-686,20262,-9124,116,0,-3635,4456,-330,0
2020-10-06,66600,67200,65100,66200,161117,10665945400,-1.4881,27852,-15210,-14634,-341,-4192,-5535,-1192,0,-3374,1835,157,0
2020-10-07,65300,68600,64800,67700,155524,10528974800,2.2659,10744,2718,-14908,-41,-3627,-2535,-1627,0,-78,1753,-307,-7000
2020-10-08,69000,70500,68000,68500,188890,12938965000,1.1817,17063,7084,-24798,-15393,-3953,-3032,439,0,-2859,633,18,0
2020-10-12,67700,68700,65700,66900,178304,11928537600,-2.3358,20009,5603,-29237,-2934,-6765,-6489,-212,-11815,-1022,3471,154,0
2020-10-13,67900,68400,65900,67900,153008,10389243200,1.4948,-9551,10608,544,-1387,769,6396,-1441,-4050,426,-3111,1510,-169
2020-10-14,69000,70000,65200,66500,226830,15084195000,-2.0619,-7907,13935,-20972,-5548,-7384,-4485,-3516,0,-39,-106,15050,0
2020-10-15,66500,71900,65500,70800,418711,29644738800,6.4662,-28453,11834,18706,-21095,16849,0,24809,0,-857,-2288,201,-1000
2020-10-16,70800,74000,67400,68000,352513,23970884000,-3.9548,49066,-14818,-35073,-21117,-10189,3163,-2251,-395,-4132,-1447,2272,-152
2020-10-19,67500,67700,61600,62900,327283,20586100700,-7.5,50015,24871,-74641,-49098,-21775,-1389,-4561,-272,3626,2121,-2366,-1172
2020-10-20,60500,71600,59600,68400,854068,58418251200,8.744,-63563,-4700,69674,19146,2981,24092,10419,0,13036,-1882,471,0
2020-10-21,68500,69800,65900,67000,186476,12493892000,-2.0468,16524,-8588,-6876,-784,1675,-2124,-3437,4714,-6819,-1045,-15,-101
2020-10-22,66700,67000,62500,63000,181143,11412009000,-5.9701,20638,10763,-30061,-13049,-16640,-2843,83,0,2388,-1576,236,0
2020-10-23,63700,66500,63100,65100,125706,8183460600,3.3333,-17833,-5234,22058,8999,9632,7100,-3637,0,-36,899,110,0
2020-10-26,64900,66800,63100,63600,118657,7546585200,-2.3041,25882,2073,-29164,1511,-4374,4907,-22900,0,-8308,1102,107,0
2020-10-27,63400,65400,63000,63300,143804,9102793200,-0.4717,-6334,16694,-9251,-8291,2521,1986,118,0,-5585,-134,-975,0
2020-10-28,63500,66900,62800,66700,138348,9227811600,5.3712,-7834,-924,6090,5693,-1245,1989,-141,0,-206,2847,-179,0
2020-10-29,65400,67800,64800,67500,129022,8708985000,1.1994,-12512,-4287,18965,18896,-1454,20,1006,0,497,-1081,-1085,0
2020-10-30,67600,68500,63500,64500,149379,9634945500,-4.4444,13807,-790,-13013,0,-10430,-3338,84,0,671,-14,10,0
2020-11-02,65000,65600,63200,65000,77228,5019820000,0.7752,4003,-3304,-196,2721,0,-1130,-37,0,-1750,36,-539,0
2020-11-03,64600,66000,63500,63900,89801,5738283900,-1.6923,15542,-2376,-10729,-4118,-1097,-5715,80,0,121,-2441,4,0
2020-11-04,64400,65500,63500,63800,63267,4036434600,-0.1565,5072,1899,-6439,7,-4736,-1128,181,0,-401,303,-835,-362
2020-11-05,64100,65500,63700,65300,99162,6475278600,2.3511,12614,6161,-18845,865,-13876,-3095,-3506,0,767,645,-575,0
2020-11-06,65300,66000,64200,64600,50853,3285103800,-1.072,-491,400,-100,94,45,-69,-34,0,-136,191,0,0
2020-11-09,65000,67700,64800,67400,159183,10728934200,4.3344,-6970,11968,-5432,-2048,497,-12244,9037,0,-674,238,196,0
2020-11-10,67400,68800,65000,68000,134782,9165176000,0.8902,-7122,2792,3548,-3585,2223,2632,604,0,1412,773,9,262
2020-11-11,69200,73400,69200,71300,366220,26111486000,4.8529,-10457,22348,-10180,7272,-11471,5990,6667,0,-18638,-605,-1106,0
2020-11-12,71400,76200,70200,75800,342747,25980222600,6.3114,-26949,6649,20588,-459,22779,7864,-1435,3521,-7689,-76,-212,-3993
2020-11-13,75800,82400,74200,81000,520838,42187878000,6.8602,-16242,-6776,16293,-14295,15945,2208,20096,0,-7661,12003,-5278,0
2020-11-16,81200,81500,76700,78700,262045,20622941500,-2.8395,23968,-18374,-9320,-3666,-10849,3290,-457,0,2325,3571,155,37
2020-11-17,78700,84700,77600,84600,345277,29210434200,7.4968,25755,-1211,-24604,-29872,1820,6588,-1169,2043,-1818,80,-20,-2196
2020-11-18,84900,89200,82600,82600,358267,29592854200,-2.3641,57992,-10484,-48338,-9880,-16251,-5182,-9904,0,-7140,-149,979,19
2020-11-19,81800,84100,79300,80200,273324,21920584800,-2.9056,16009,20401,-41786,-26660,-10886,-744,-7770,0,4254,5342,34,20
2020-11-20,80200,81700,78800,80700,124416,10040371200,0.6234,3595,4353,-7086,-10621,3113,1122,-796,0,56,-726,-136,40
2020-11-23,80400,84800,80100,82900,181691,15062183900,2.7261,19487,-3402,-16205,-19991,2225,-1979,3136,0,386,125,-5,18
2020-11-24,83000,83700,80400,81000,147914,11981034000,-2.2919,43280,1892,-45921,-29375,-7301,-9611,-76,0,407,712,37,35
2020-11-25,82300,82400,78000,78600,195598,15374002800,-2.963,42811,11240,-44946,-18124,-5069,-12048,-543,0,-9227,-9597,492,65
2020-11-26,78600,80200,77200,78700,80044,6299462800,0.1272,16334,-2838,-13486,-13937,-84,-56,1640,0,-1089,18,-28,40
2020-11-27,78500,81400,78000,81000,117074,9482994000,2.9225,-16835,3385,13979,6982,30,9155,-17,0,-2209,-496,-33,38
2020-11-30,81300,83400,79500,80400,181496,14592278400,-0.7407,1099,2472,-6306,-2003,211,-1031,818,0,-4301,2650,85,0
2020-12-01,80100,84000,80100,83900,202281,16971375900,4.3532,-41880,24432,16652,-1739,6652,7337,519,0,3880,839,-43,3
2020-12-02,84900,88900,83800,86700,325329,28206024300,3.3373,-30537,1151,24371,-7941,11592,1584,17329,0,1807,4811,204,0
2020-12-03,86400,93700,84900,93400,375682,35088698800,7.7278,-31727,24976,1109,-512,3388,12476,-8566,0,-5677,6898,-1256,0
2020-12-04,95000,99200,90000,92200,426939,39363775800,-1.2848,16689,9736,-31945,-5452,-15843,4046,-10835,-136,-3195,4352,1168,-530
2020-12-07,92200,94600,90800,94000,186623,17542562000,1.9523,22825,-4443,-9208,959,-1972,5484,-9014,-4898,233,-9076,-98,0
2020-12-08,94600,96600,90800,91200,180728,16482393600,-2.9787,30479,-29,-19917,-4207,-8127,2024,-7064,-719,-1824,-10539,6,0
2020-12-09,91200,93500,90500,92500,144280,13345900000,1.4254,11164,3214,-14098,246,-2032,-302,-13698,0,1688,-260,-20,0
2020-12-10,92600,98500,91600,98500,313772,30906542000,6.4865,-5904,38008,-28048,-8342,-2649,-13334,1922,0,-5645,-4090,34,0
2020-12-11,99000,105000,98100,102000,400279,40828458000,3.5533,47252,3637,-46971,-301,-14993,-19757,-1972,0,-9948,-1348,-2570,0
2020-12-14,111000,122000,106000,111500,1118606,124724569000,9.3137,127612,-34741,-93702,-8616,-30965,-30882,-1994,-1449,-19754,3214,-2383,-42
2020-12-15,112000,139500,111000,127500,1581998,201704745000,14.3498,47843,-6983,-47094,-27327,-5251,76,-2381,-1686,-10335,4869,1365,-190
2020-12-16,130000,134000,122500,127500,491053,62609257500,0.0,33759,-7008,-26748,-8365,-10182,-3072,-4026,0,-1103,4842,-4845,0
2020-12-17,127500,129000,125000,126000,198465,25006590000,-1.1765,10424,-2231,-7196,-4021,-1160,-806,-745,0,-276,-920,-77,-188
2020-12-18,125500,125500,120000,121500,309222,37570473000,-3.5714,13160,9026,-21315,-16580,-2539,-650,-426,0,-1120,-485,-386,0
2020-12-21,120000,121000,114000,115500,370650,42810075000,-4.9383,-32317,63685,-31714,-10971,-12783,-3698,-2063,0,-2199,139,207,0
2020-12-22,115500,121500,111500,112500,425174,47832075000,-2.5974,-24283,24832,-2889,-286,-1463,276,-97,0,-1319,2247,93,0
2020-12-23,112500,122500,109000,118000,532046,62781428000,4.8889,-30954,28062,4679,3975,1535,-659,171,0,-343,-1864,77,0
2020-12-24,120500,121000,115000,116000,198442,23019272000,-1.6949,30669,-24031,-3112,-930,-1958,7,115,0,-346,-3400,-126,0
2020-12-28,115000,117000,111000,115500,217973,25175881500,-0.431,-4940,9295,-8668,-5490,-2614,-29,-85,0,-450,4321,-8,0
2020-12-29,117500,121500,114500,116500,336817,39239180500,0.8658,140838,-137494,-6429,1457,-5392,-157,-1985,0,-352,1535,1550,0
2020-12-30,116500,126000,116500,123500,396484,48965774000,6.0086,-19519,13559,3213,-410,6075,471,-181,0,-2768,3320,-573,26
2021-01-04,125000,144500,122500,138500,634892,87932542000,12.1457,-29082,-9733,35688,26431,-372,2287,4031,340,1739,3020,107,1232
2021-01-05,135500,140000,131000,137500,284472,39114900000,-0.722,52175,-35675,-11217,-10311,-3180,-98,-148,0,2414,-4855,-428,106
2021-01-06,137500,143000,134000,136500,214678,29303547000,-0.7273,13181,-15201,2947,298,2332,-122,868,273,-922,-844,-83,220
2021-01-07,139500,147500,136500,137500,412431,56709262500,0.7326,30825,-34057,-6410,-11921,8182,-154,-1368,178,-2601,9320,322,1274
2021-01-08,150500,161500,139000,141500,1148111,162457706500,2.9091,67394,-35068,-35555,-34825,-881,1028,371,0,1008,5315,-2086,-2256
2021-01-11,144500,152000,133500,135500,545565,73924057500,-4.2403,2122,13352,-9402,-5429,-1156,-3140,-298,0,873,-5717,-355,-252
2021-01-12,135000,135500,126000,132000,242658,32030856000,-2.583,31983,-11724,-18068,-15688,-352,-3,-245,0,-1780,1823,-4014,0
2021-01-13,129500,135000,128500,129500,170611,22094124500,-1.8939,42481,-6963,-32800,-25454,-8329,-400,2114,0,-646,-2659,-59,-85
2021-01-14,128500,133000,128500,129500,111751,14471754500,0.0,19133,5559,-24474,-16588,-5373,2,-727,0,-1788,-174,-44,0
2021-01-15,130500,131500,125000,125000,136823,17102875000,-3.4749,25469,-10886,-12073,-5932,-4891,-893,-277,0,-80,-2528,18,0
2021-01-18,122000,127500,119000,122000,194496,23728512000,-2.4,9386,11483,-21735,-13975,-3900,-2339,-2447,0,788,355,511,138
2021-01-19,122500,127000,122500,124000,215131,26676244000,1.6393,20018,7704,-34516,-35311,-1,179,-186,160,547,6718,76,96
2021-01-20,130000,137500,127500,137500,356867,49069212500,10.8871,-9159,-14647,12904,5789,4110,0,3915,0,-910,10977,-75,0
2021-01-21,139500,147500,133500,142500,394282,56185185000,3.6364,-3145,-4624,6636,1350,1804,7,772,0,2703,16,1117,0
2021-01-22,142500,146000,138000,139500,150580,21005910000,-2.1053,6919,-8027,-925,1489,-1604,-8,-45,0,-757,1447,586,0
2021-01-25,138000,141500,135000,140000,133184,18645760000,0.3584,6006,-3313,-3354,2342,-3914,128,-931,0,-979,201,460,0
2021-01-26,142000,142000,135500,136500,114367,15611095500,-2.5,4312,-5702,914,1659,-994,69,-38,-31,249,208,268,0
2021-01-27,136000,139000,132000,135000,95804,12933540000,-1.0989,7677,-3959,-1997,1478,-1361,28,-184,275,-2158,-1870,149,-75
2021-01-28,130500,136000,129000,131000,123085,16124135000,-2.963,7424,-3254,-2565,1566,-1253,328,-1505,0,-1701,-1955,350,0
2021-01-29,132000,132500,121000,122500,182496,22355760000,-6.4885,-1608,689,-2484,4649,-3586,21,-1819,0,-1749,3218,185,0
2021-02-01,120000,130000,117500,129500,132633,17175973500,5.7143,-1841,8401,-3041,7703,-6373,-6,-809,0,-3641,-3419,-100,85
2021-02-02,131000,132000,125500,127000,75546,9594342000,-1.9305,15154,-7373,-6902,-3937,-590,54,-1699,0,-656,-999,120,-74
2021-02-03,130500,135000,129000,130500,156346,20403153000,2.7559,5628,-960,-3394,-4328,325,-1016,313,0,1312,-1302,28,0
2021-02-04,132500,132500,127500,129500,89307,11565256500,-0.7663,-76,3205,-3239,-1980,-2974,61,307,0,1347,100,10,0
2021-02-05,130500,130500,123500,126500,96117,12158800500,-2.3166,7850,-1994,-5456,4172,-3764,45,-4418,0,-1371,-587,187,-120
2021-02-08,121000,124000,118500,122000,127003,15494366000,-3.5573,-861,7022,-6353,-1617,-791,-2242,-2319,179,1235,191,1,-798
2021-02-09,122000,133000,122000,130000,221390,28780700000,6.5574,-63826,54399,10040,-9163,9585,1608,628,0,7402,-713,100,-20
2021-02-10,131500,132500,128500,132000,83665,11043780000,1.5385,785,-4847,1699,-447,-665,122,397,0,2292,2326,37,0
2021-02-15,132000,132000,129000,130500,76003,9918391500,-1.1364,-9951,1553,7864,8736,-730,12,-2575,0,2421,634,-100,0
2021-02-16,132000,139000,130500,136000,190169,25862984000,4.2146,7744,-8158,907,830,-2,-49,-79,0,207,138,-631,0
2021-02-17,138500,138500,135000,135500,120280,16297940000,-0.3676,-926,1893,-38,529,-304,84,-11,-783,447,-721,-208,0
2021-02-18,136000,136500,129000,129000,95302,12293958000,-4.797,13870,-13329,664,842,-117,255,-522,0,206,-1252,47,0
2021-02-19,128500,134500,125500,134500,142687,19191401500,4.2636,-21533,23242,-233,510,540,-1427,-1,0,145,-1386,-90,0
2021-02-22,134500,141000,134000,137000,342851,46970587000,1.8587,-49814,62393,-6978,796,-1520,1241,-279,0,-7216,-4364,-1237,0
2021-02-23,134500,137000,130000,134500,184036,24752842000,-1.8248,20497,-19190,665,492,196,42,19,0,-84,-2253,281,0
2021-02-24,134500,135500,127000,127000,135260,17178020000,-5.5762,-1204,4765,-3112,-420,-1028,-965,-320,0,-379,-298,-151,0
2021-02-25,130500,131000,127000,128500,72361,9298388500,1.1811,9058,-5788,-3185,432,0,-220,-323,0,-3074,-80,-5,0
2021-02-26,124000,133000,124000,130000,139382,18119660000,1.1673,-8625,-8297,14343,15125,188,42,-52,0,-800,1892,687,-160
2021-03-02,133000,134000,128000,129500,95985,12430057500,-0.3846,1815,4871,632,-19,51,176,12,0,412,-6908,-410,0
2021-03-03,128000,130500,127000,127500,65836,8394090000,-1.5444,15742,6210,-22533,-13504,-5692,-418,-2381,0,-538,558,23,0
2021-03-04,126000,129000,125500,126500,58524,7403286000,-0.7843,-3770,10993,-4240,-3389,-859,0,-101,0,109,-2992,9,0
2021-03-05,125000,126000,119500,122500,104564,12809090000,-3.1621,7336,2927,-10561,147,-3204,-369,-6712,0,-423,282,16,0
2021-03-08,122500,124000,115500,115500,132104,15258012000,-5.7143,299,11176,-6509,7469,-5997,7,-3372,0,-4616,-5078,112,0
2021-03-09,115500,116000,107500,114000,205098,23381172000,-1.2987,-13884,32178,-13322,-2607,-4362,-1973,-610,0,-3770,-4992,20,0
2021-03-10,117500,118000,111000,111000,78301,8691411000,-2.6316,-3764,-3494,6808,8134,-148,0,-136,0,-1042,192,258,0
2021-03-11,110500,116500,110500,115500,53957,6232033500,4.0541,-19038,17450,-653,366,2,0,28,0,-1049,1911,330,0
2021-03-12,116500,120000,116500,118500,55892,6623202000,2.5974,3527,-2053,-440,256,1324,0,-83,0,-1936,-1113,79,-1
2021-03-15,119000,122000,116500,121000,41900,5069900000,2.1097,-6301,4887,1270,2508,-72,-79,-154,0,-933,456,-312,0
2021-03-16,121500,122500,119000,121000,51280,6204880000,0.0,11153,-1377,99,864,0,16,2,0,-783,-9885,10,0
2021-03-17,120500,123000,119000,122000,53067,6474174000,0.8264,-20801,20315,-54,1064,0,7,-42,0,-1083,304,236,0
2021-03-18,123000,125500,123000,125000,66154,8269250000,2.459,-26546,20162,6602,7339,-421,389,-25,0,-680,-89,-129,0
2021-03-19,122000,127000,121500,127000,132058,16771366000,1.6,-7077,9351,-726,839,462,-403,-9,0,-1615,-1303,-245,0
2021-03-22,127000,128000,124500,125500,37794,4743147000,-1.1811,-2653,4860,-2215,508,-236,100,-42,0,-2545,67,-59,0
2021-03-23,126000,127000,123000,123500,31147,3846654500,-1.5936,400,-3588,3981,4465,86,14,5,0,-589,-797,4,0
2021-03-24,122000,123000,119000,122500,41805,5121112500,-0.8097,-6466,9766,-2630,-1108,180,100,38,0,-1840,-685,15,0
2021-03-25,122500,123500,119500,120500,46339,5583849500,-1.6327,2982,4109,-3896,-2545,-60,0,-317,0,-974,-2916,-279,0
2021-03-26,122000,125500,118000,125000,76472,9559000000,3.7344,-11070,3455,6789,8235,61,20,-1093,0,-434,822,4,0
2021-03-29,125000,125500,120000,120500,57025,6871512500,-3.6,17392,-16278,1212,746,660,-38,1134,0,-1290,-2338,12,0
2021-03-30,119500,122000,119500,119500,49183,5877368500,-0.8299,2588,-5662,3351,3541,500,0,575,0,-1265,-286,9,0
2021-03-31,121000,121000,118000,118000,49184,5803712000,-1.2552,13918,-12912,-554,0,481,-35,647,0,-1647,-494,42,0
2021-04-01,118000,120000,115000,116000,70102,8131832000,-1.6949,8115,-9257,28,464,218,16,157,0,-827,1087,27,0
2021-04-02,118500,132500,117000,125500,429644,53920322000,8.1897,-9786,15843,-4285,-26562,14947,-97,5706,0,1628,-1719,-53,93
2021-04-05,125000,125500,121500,124000,64597,8010028000,-1.1952,11989,-6488,-5383,-2826,-381,0,-1507,0,-669,-132,14,0
2021-04-06,125000,125500,118500,119500,78025,9323987500,-3.629,9690,-13196,77,527,-2,-8,-75,0,-365,3299,130,0
2021-04-07,119000,122000,118000,119000,57827,6881413000,-0.4184,-1736,6623,-3930,-1307,59,14,-1602,0,-1094,-958,1,0
2021-04-08,119000,120500,117000,119000,72652,8645588000,0.0,24581,-33322,8311,10306,-938,7,-791,0,-273,416,14,0
2021-04-09,120500,120500,117000,117500,63507,7462072500,-1.2605,23572,-25628,358,-411,387,1443,-771,0,-290,1647,51,0
2021-04-12,117500,119000,115000,119000,52722,6273918000,1.2766,1272,3273,-4837,4484,260,164,100,0,177,291,1,-10022
2021-04-13,119000,124500,119000,122000,99916,12189752000,2.521,-6668,-126,7125,1242,1233,1979,24,0,2647,-304,-27,0
2021-04-14,117500,121500,116500,121000,223928,27095288000,-0.8197,-15359,9578,-543,16142,1293,-18,1803,-710,3244,6150,174,-22297
2021-04-15,120500,124500,118500,119000,107917,12842123000,-1.6529,6080,-7655,-523,375,240,-2121,4,413,566,2188,-90,0
2021-04-16,120500,121500,119000,119500,70177,8386151500,0.4202,-7092,2572,4075,1948,326,-161,730,0,1232,-157,602,0
2021-04-19,120000,120500,117500,119000,61195,7282205000,-0.4184,-946,-4117,4859,7445,-1238,7,69,0,-1224,333,-129,-200
2021-04-20,118500,119500,118000,118000,60757,7169326000,-0.8403,5988,-12869,6675,6381,286,0,-67,0,75,424,-218,0
2021-04-21,117500,118000,115500,115500,113376,13094928000,-2.1186,12634,-13565,6034,9031,-2369,28,-111,0,-545,-5167,64,0
2021-04-22,117000,117500,115000,115500,71706,8282043000,0.0,8675,-6278,-1945,129,-51,-76,283,0,-2230,-404,-48,0
2021-04-23,114000,115000,113500,113500,59399,6741786500,-1.7316,1742,542,-3068,-83,87,0,-1183,0,-1779,592,192,-110
2021-04-26,114500,115000,112000,114500,78438,8981151000,0.8811,-6718,-3368,8385,9763,457,-169,1576,0,-3242,1532,169,0
2021-04-27,115500,115500,111500,112000,88440,9905280000,-2.1834,2004,-4563,3542,7492,-1636,100,30,0,-2490,-1056,73,46
2021-04-28,112000,112500,108000,108000,127283,13746564000,-3.5714,-1106,4909,-5013,-3139,-1299,-1002,309,0,118,1000,210,0
2021-04-29,108000,108500,102000,104000,144079,14984216000,-3.7037,-14563,25354,-13107,-8639,19,0,-2788,0,-1699,2213,103,0
2021-04-30,104000,106500,102000,103500,78739,8149486500,-0.4808,-8456,2721,4285,4413,711,13,278,0,-900,1389,61,-230
2021-05-03,104000,106500,102000,102500,69646,7138715000,-0.9662,17395,-13271,-3576,1448,-6584,-6,423,0,1143,-265,-283,0
2021-05-04,104000,105000,100500,104500,75838,7925071000,1.9512,1533,6940,-10535,-41,90,20,-121,0,-10483,2086,-24,0
2021-05-06,105000,106500,104000,105500,49363,5207796500,0.9569,4212,-6674,2428,1852,154,325,7,0,90,-10,44,0
2021-05-07,106500,110000,105500,107500,58155,6251662500,1.8957,8714,-7218,-1434,-1805,128,76,149,0,18,0,-62,0
2021-05-10,109000,114000,107500,113000,147417,16658121000,5.1163,-42678,-1985,39995,16510,13819,4495,340,0,4831,4703,-35,0
2021-05-11,112000,112500,109000,109500,63042,6903099000,-3.0973,805,-7867,7578,6288,632,88,11,0,559,-403,-113,0
2021-05-12,109500,112500,107000,109000,56082,6112938000,-0.4566,1783,-1185,-1263,8034,-68,125,-7,0,-9347,686,-21,0
2021-05-13,106000,109500,105000,107000,48357,5174199000,-1.8349,-8645,535,8216,7954,0,0,108,0,154,-76,-30,0
2021-05-14,110500,110500,107500,109000,35922,3915498000,1.8692,-2973,-269,3227,1632,551,137,628,0,70,70,-55,209
2021-05-17,110000,111000,104500,105000,57765,6065325000,-3.6697,19194,-3719,-16274,2025,-289,-17604,-161,0,-245,753,46,0
2021-05-18,105000,108000,105000,106500,27844,2965386000,1.4286,-6588,3703,2673,809,217,1871,-476,0,252,212,0,0
2021-05-20,106500,106500,104000,105000,28335,2975175000,-1.4085,-3692,2459,1227,787,356,49,12,0,23,14,-8,0
2021-05-21,106000,108000,105500,106000,24032,2547392000,0.9524,-1787,1175,527,1268,-133,9,0,0,-617,95,-10,0
2021-05-24,106500,107000,105000,105500,32297,3407333500,-0.4717,-472,-1793,5031,5718,-100,100,4,0,-389,-2766,0,-302
2021-05-25,106500,106500,105000,105500,32790,3459345000,0.0,-9508,3153,6252,1115,1377,0,-710,0,4470,92,11,0
2021-05-26,105000,106500,105000,106500,28994,3087861000,0.9479,-3959,1334,2244,2996,-156,0,-2945,0,2349,403,-22,0
2021-05-27,107000,112500,105000,112500,91867,10335037500,5.6338,-48382,45797,3044,1487,1546,0,291,0,-280,-418,-41,0
2021-05-28,112000,115500,110000,113000,83335,9416855000,0.4444,-12371,-14726,25487,23479,43,321,796,0,434,1628,-18,414
2021-05-31,113000,113500,111000,113000,41029,4636277000,0.0,-4974,-557,4654,3827,523,0,19,0,285,878,-1,0
2021-06-01,113000,114500,111000,111500,53678,5985097000,-1.3274,4041,-590,-3833,-4230,-434,-62,-968,0,1861,381,1,0
2021-06-02,111000,113000,108500,108500,59211,6424393500,-2.6906,10863,-6128,-4942,-3315,128,-10,-1474,0,-271,212,-5,0
2021-06-03,108000,109000,106000,108500,54605,5924642500,0.0,12154,-1490,-12248,-6420,-2893,1408,-4673,0,330,1379,205,0
2021-06-04,109000,109500,107000,108500,51546,5592741000,0.0,5537,7052,-8297,0,-6254,0,-903,0,-1140,-4300,8,0
2021-06-07,109500,121000,109000,119500,508958,60820481000,10.1382,-146160,80706,71193,41537,797,4486,6796,0,17175,-5100,-639,402
2021-06-08,120000,124000,118000,122000,261081,31851882000,2.0921,-42670,-21273,58572,31731,10480,-235,8009,0,8587,4958,413,0
2021-06-09,122000,123500,120000,120500,97875,11793937500,-1.2295,-3410,-13815,15479,4944,5009,-52,-552,6,6124,1772,-26,0
2021-06-10,121500,128000,121000,122000,242631,29600982000,1.2448,-14052,-39927,51900,28354,16239,755,5504,3,1045,2191,-112,0
2021-06-11,123500,127000,121000,124000,123057,15259068000,1.6393,-5189,-13858,19450,13476,4422,245,442,0,865,-426,23,0
2021-06-14,124000,124000,119500,120500,118758,14310339000,-2.8226,-23277,1038,20675,26728,-2960,2660,-1250,0,-4503,1543,21,0
2021-06-15,121000,127500,120500,125000,149254,18656750000,3.7344,-55081,16709,36797,28086,693,345,159,0,7514,1736,-161,0
2021-06-16,125000,128500,123000,128000,148876,19056128000,2.4,-32352,-3520,30662,22446,1217,2550,2083,0,2366,4624,586,0
2021-06-17,127000,129500,126500,128500,128674,16534609000,0.3906,-26824,3543,21533,17467,5487,-3771,2284,0,66,1578,170,0
2021-06-18,129500,134500,128000,134000,215174,28833316000,4.2802,-33113,14592,24461,14406,6432,2027,3755,0,-2158,-6089,149,-1
2021-06-21,132000,134000,129000,132500,111586,14785145000,-1.1194,1938,-16511,9958,2238,4112,835,75,0,2698,4558,57,0
2021-06-22,133000,135000,131000,134000,111059,14881906000,1.1321,-20287,-49,21136,8022,8624,551,4613,0,-668,-739,-61,-6
2021-06-23,134000,136000,129500,134000,157928,21162352000,0.0,-32648,-7238,43498,21117,11083,-1389,2993,130,9251,-2183,-1429,313
2021-06-24,137000,148500,135000,142500,626188,89231790000,6.3433,-135574,59881,82856,41174,27830,7757,11637,0,-2424,-6265,-898,-3118
2021-06-25,143000,144500,139000,143500,170162,24418247000,0.7018,-9976,-27635,35198,26879,7328,62,684,0,245,2458,-45,0
2021-06-28,141500,143000,138000,138000,113906,15719028000,-3.8328,-3204,-3961,2531,5153,623,-382,1325,0,-4188,4733,-99,0
2021-06-29,138000,139500,134500,137500,92838,12765225000,-0.3623,-19629,15824,4418,2398,727,-71,-53,0,1417,-591,-22,0
2021-06-30,137500,138500,134500,135500,91607,12412748500,-1.4545,4401,4524,233,2250,1573,-241,-654,0,-2695,-9176,18,0
2021-07-01,135500,139000,134000,139000,90989,12647471000,2.583,-3344,-2310,7688,1985,1592,36,3171,0,904,-2226,192,0
2021-07-02,140000,140000,131000,132000,140529,18549828000,-5.036,34132,-17027,-15550,-9694,-1586,-408,-975,0,-2887,-1405,-150,0
2021-07-05,131500,133500,129000,132500,73416,9727620000,0.3788,-323,7144,-6194,1556,-917,200,-5563,0,-1470,-631,4,0
2021-07-06,132500,132500,127500,128500,140171,18011973500,-3.0189,36611,-1874,-36081,-4200,-18237,-2150,-4975,0,-6519,1677,-333,0
2021-07-07,128000,131000,127000,129500,72521,9391469500,0.7782,-25161,-221,22989,17656,2581,-25,367,0,2410,2430,-37,0
2021-07-08,129500,129500,125000,126500,72043,9113439500,-2.3166,-13527,11004,2492,1951,66,516,370,0,-411,75,-44,0
2021-07-09,124500,128500,123000,128000,76616,9806848000,1.1858,-3952,5793,-4726,1118,-7504,1570,-592,2,680,2828,57,0
2021-07-12,129000,129500,127000,128000,41396,5298688000,0.0,1759,-9699,6540,7428,748,-2109,0,0,473,1330,70,0
2021-07-13,129000,130000,127500,128500,43793,5627400500,0.3906,317,-3534,3645,3819,0,-482,-1178,0,1486,-428,0,0
2021-07-14,127500,129000,125000,125000,62656,7832000000,-2.7237,23294,-1669,-11783,1532,-2801,18,-4432,0,-6100,-9859,17,0
2021-07-15,125500,127500,125000,126500,50092,6336638000,1.2,11823,596,-7126,-699,-1441,206,-445,0,-4747,-5321,28,0
2021-07-16,126000,126000,122500,123500,83912,10363132000,-2.3715,16809,8427,-26064,-7731,-17235,17,-1505,0,390,802,26,0
2021-07-19,122500,125000,120000,125000,71417,8927125000,1.2146,-4300,8786,-5172,14174,-10643,-5849,483,166,-3899,670,16,396
2021-07-20,122000,125500,122000,124000,51580,6395920000,-0.8,6177,-2749,-4760,-787,-696,-2829,-746,0,298,1312,20,0
2021-07-21,126000,126000,123000,123000,42380,5212740000,-0.8065,6612,-12729,7003,5543,328,79,401,0,652,-851,-35,0
2021-07-22,124000,124500,122500,123000,37014,4552722000,0.0,-3780,1351,1935,1254,0,-22,-12,0,715,471,23,0
2021-07-23,124500,124500,123000,123500,31737,3919519500,0.4065,370,3163,-6225,-4729,-1870,28,-267,0,613,2745,-53,0
2021-07-26,124000,126500,124000,124500,49399,6150175500,0.8097,-4337,-2826,1800,1838,-2,8,0,0,-44,5338,25,0
2021-07-27,125000,125000,121500,121500,47441,5764081500,-2.4096,5743,-4907,-735,-653,-583,5,0,0,496,-110,9,0
2021-07-28,120500,126500,120000,126500,107026,13538789000,4.1152,-29888,-4094,29592,6698,2229,13548,718,0,6399,4398,-8,0
2021-07-29,129500,131500,127500,130000,146796,19083480000,2.7668,-30920,-8196,39752,25293,4305,4460,3945,0,1749,-596,-40,0
2021-07-30,132500,132500,128000,128000,61641,7890048000,-1.5385,-2129,-6875,8898,9580,1575,2411,0,0,-4668,135,-29,0
2021-08-02,128000,129000,123000,124500,75972,9458514000,-2.7344,12790,1426,-11843,-12731,-1260,3792,-2411,0,767,-2407,34,0
2021-08-03,124000,132000,124000,130500,156295,20396497500,4.8193,-51976,21132,32063,15057,5730,9425,1144,464,243,-1153,-66,0
2021-08-04,131500,134000,129500,130500,107677,14051848500,0.0,8896,-17140,8904,-7565,439,5756,-90,0,10364,-759,99,0
2021-08-05,131000,132500,128000,130500,52398,6837939000,0.0,4949,-1476,-2577,-3412,-1102,689,-354,0,1602,-776,-120,0
2021-08-06,130500,131000,127500,127500,54697,6973867500,-2.2989,11912,-508,-11689,-6529,-686,-13,-4620,0,159,365,-80,0
2021-08-09,127500,130000,125000,128500,53059,6818081500,0.7843,-12955,5946,7478,5776,1906,-192,-802,0,790,-430,-39,0
2021-08-10,128000,128500,125500,126000,35355,4454730000,-1.9455,6075,-1365,-4111,-2444,-161,-180,-1749,0,423,-599,0,0
2021-08-11,126000,128000,124500,125500,35157,4412203500,-0.3968,3979,-718,-1566,-1066,-1515,-24,-32,0,1071,-1696,1,0
2021-08-12,125000,130500,125000,128000,72833,9322624000,1.992,-7492,2453,8165,4269,1818,144,758,0,1176,-3079,-47,0
2021-08-13,129000,129500,121500,123000,93077,11448471000,-3.9062,21830,1693,-23800,-13463,3030,-14981,449,0,1165,250,27,0
2021-08-17,123000,124500,113500,114000,183055,20868270000,-7.3171,41279,18321,-59766,-21990,-7888,-12179,-2344,0,-15365,57,109,0
2021-08-18,114000,117000,113000,116500,66474,7744221000,2.193,-3963,-3654,7283,3232,435,-100,350,0,3366,336,-2,0
2021-08-19,115500,115500,109500,110500,133172,14715506000,-5.1502,-3128,15633,-15175,-589,-14686,-3670,-1935,0,5705,2583,87,0
2021-08-20,110500,112000,107000,109000,89482,9753538000,-1.3575,6948,5019,-12815,-15092,1486,44,37,0,710,842,6,0
2021-08-23,111000,113500,109500,111500,79995,8919442500,2.2936,6833,592,-1482,294,0,255,12,0,-2043,-5928,-15,0
2021-08-24,113000,116000,112500,114500,84895,9720477500,2.6906,665,-7216,5949,2639,3499,860,23,0,-1072,492,110,0
2021-08-25,116000,116000,113500,115500,60446,6981513000,0.8734,-7592,1197,6229,1396,3537,1,395,0,900,192,-26,0
2021-08-26,116000,118000,114500,116000,63733,7393028000,0.4329,-7832,2275,7421,5507,735,70,-3069,0,4178,-1859,-5,0
2021-08-27,116000,117000,114500,115000,36121,4153915000,-0.8621,4218,-3084,64,-2527,1084,135,1010,0,362,-1220,22,0
2021-08-30,117000,117500,114500,117000,51069,5975073000,1.7391,2018,7040,-9590,-10838,930,85,142,0,91,500,32,0
2021-08-31,116500,118500,115500,117000,67200,7862400000,0.0,-6728,6472,-2786,-5704,781,78,1528,0,531,3029,13,0
2021-09-01,118000,124000,118000,119500,109438,13077841000,2.1368,-7663,14470,-8187,-6117,-210,-1314,-523,80,-103,1398,-18,0
2021-09-02,119000,121000,118000,119500,46705,5581247500,0.0,-823,2585,-3513,-6174,3522,0,-961,0,100,1580,171,0
2021-09-03,121000,121000,118500,119500,49126,5870557000,0.0,3055,1854,-8990,-9244,75,0,-247,0,426,4076,5,0
2021-09-06,120000,120000,117000,117000,76588,8960796000,-2.0921,10521,11618,-22203,-23258,-1051,-392,-442,0,2940,25,39,0
2021-09-07,116000,119000,115000,118000,72795,8589810000,0.8547,-1642,5559,-2797,-4168,-844,-36,64,0,2187,-1120,0,0
2021-09-08,118000,118000,111000,111500,203861,22730501500,-5.5085,90137,-2490,-89444,-74118,-11240,-2353,-2537,0,804,1685,112,0
2021-09-09,112000,112500,108000,109500,178099,19501840500,-1.7937,56017,11059,-67562,-70149,1235,-1906,2371,0,887,452,34,0
2021-09-10,109500,111500,107500,109000,71414,7784126000,-0.4566,19082,-3426,-15313,-17708,62,782,59,0,1580,450,-793,-88
2021-09-13,108000,110000,107000,107500,78398,8427785000,-1.3761,15227,-1710,-15358,-9314,-2117,-11,-3124,0,-792,1789,52,0
2021-09-14,108500,110000,107500,109000,80418,8765562000,1.3953,32013,-4576,-29413,-26326,-1081,-2034,46,0,-18,1714,262,0
2021-09-15,108500,108500,106000,107500,70957,7627877500,-1.3761,14835,-1253,-5651,-4606,-1937,-3816,1760,0,2948,-8025,94,0
2021-09-16,108500,110500,107000,109000,69295,7553155000,1.3953,-11547,2272,9069,1799,1,7546,-75,0,-202,217,-11,0
2021-09-17,109000,109500,107500,108000,48527,5240916000,-0.9174,10620,-4734,-5904,-7910,266,1717,-19,0,42,18,0,0
2021-09-23,106500,107500,105000,107000,38644,4134908000,-0.9259,-2691,3954,-1350,-973,-62,0,-244,0,-71,80,7,0
2021-09-24,107000,109000,105000,105500,62583,6602506500,-1.4019,1238,14,-5209,-320,-74,52,-149,0,-161,3926,31,-4557
2021-09-27,104500,105000,102500,104000,82338,8563152000,-1.4218,-4200,13235,-11417,-1974,-1457,-1917,-2564,0,-3503,2403,-21,-2
2021-09-28,104500,104500,100000,101500,113714,11541971000,-2.4038,14662,12532,-12524,-1510,-4211,-1,-5974,0,-755,-14778,108,-73
2021-09-29,99200,100500,98300,99500,101472,10096464000,-1.9704,-4799,11664,-5057,-280,-3332,-6,1432,0,-1361,-1785,-23,-1510
2021-09-30,98500,102000,98000,98500,102866,10132301000,-1.005,33837,1426,-36016,-21850,-5445,-2513,496,-4,-6700,674,79,0
2021-10-01,97100,100000,96100,96200,105436,10142943200,-2.335,-10722,18242,-6748,-4881,371,-12,-970,-80,-651,-701,-71,-525
2021-10-05,94400,98000,92900,95200,105807,10072826400,-1.0395,-17179,16525,-1748,-641,93,1424,-1069,0,-643,2367,35,-912
2021-10-06,95700,97700,92600,93300,84369,7871627700,-1.9958,190,5192,-3392,-8033,1156,3800,160,0,-445,-1790,-200,-30
2021-10-07,93900,101500,93900,100500,159210,16000605000,7.717,-30622,-6775,33177,29160,2855,2266,-520,0,-584,4218,2,0
2021-10-08,104000,112000,102000,111000,291913,32402343000,10.4478,-96755,-13962,104922,56348,23604,8025,8255,0,8690,5816,-21,0
2021-10-12,109500,112500,107500,109500,126621,13864999500,-1.3514,11256,-28795,16236,10907,838,4000,56,0,435,1298,5,0
2021-10-13,108500,116000,108000,112500,153762,17298225000,2.7397,-12093,-7813,19715,4644,10305,4185,337,0,529,176,15,-285
2021-10-14,112500,115000,111000,113500,76236,8652786000,0.8889,-17725,-209,17989,12596,4864,1,762,0,-234,-65,10,0
2021-10-15,113500,113500,110500,112500,62223,7000087500,-0.8811,-10406,-574,12328,11836,141,-390,586,0,155,-1381,33,0
2021-10-18,112500,117000,108500,116000,115509,13399044000,3.1111,-11146,3835,9018,2474,5598,336,-34,0,644,-1682,-25,0
2021-10-19,117000,117500,114500,115000,85442,9825830000,-0.8621,-7039,2018,5303,3878,1730,0,-2,0,-303,-383,101,0
2021-10-20,116000,122500,114500,120500,264115,31825857500,4.7826,-62673,10093,51410,16196,29588,1671,2556,0,1399,999,171,0
2021-10-21,122500,126000,119500,120000,170705,20484600000,-0.4149,-12723,-6965,19477,13827,4117,1215,77,0,241,294,-83,0
2021-10-22,121000,125000,120000,123000,114883,14130609000,2.5,-32853,-3612,37698,24567,12111,0,1323,0,-303,-1305,72,0
2021-10-25,123000,127000,120000,121500,91327,11096230500,-1.2195,-3792,-1431,6259,8060,1860,118,-28,0,-3751,-993,-43,0
2021-10-26,123500,124000,120000,121500,99275,12061912500,0.0,7433,-964,-5417,-16,1120,0,11,0,-6532,-1018,-34,0
2021-10-27,121000,122000,118500,119000,95851,11406269000,-2.0576,-12599,16858,25,2432,-602,196,-317,0,-1684,-4293,9,0
2021-10-28,119000,122000,118000,118000,78785,9296630000,-0.8403,-1658,-7302,6206,6836,1761,-2557,-24,0,190,2754,0,0
2021-10-29,119000,122500,114000,116500,123907,14435165500,-1.2712,-10832,18446,-8835,-2244,-5838,0,-1250,0,671,1251,-30,-174
2021-11-01,116500,119500,114000,116500,94467,11005405500,0.0,-9677,14287,-10201,-1535,-6123,-410,-2054,0,216,5457,134,-295
2021-11-02,116500,118000,115500,116000,46118,5349688000,-0.4292,-2635,-6397,7940,4898,2630,0,-261,0,673,1111,-19,0
2021-11-03,116500,117500,113000,115500,68966,7965573000,-0.431,1223,-6205,8367,8539,-18,-125,107,0,-136,-2821,-564,0
2021-11-04,117000,122000,116500,121000,146721,17753241000,4.7619,-2978,-5792,11126,5995,4561,-57,-67,0,694,-2349,-7,0
2021-11-05,122000,123000,118500,119000,71732,8536108000,-1.6529,880,-6201,4121,1934,3935,0,242,0,-1990,1153,47,0
2021-11-08,119000,119000,114500,118500,67290,7973865000,-0.4202,-7997,6357,586,996,213,-31,-114,0,-478,1020,34,0
2021-11-09,118000,119500,113500,114500,80112,9172824000,-3.3755,18945,5737,-22192,-16357,-2999,378,-4163,0,949,-2532,42,0
2021-11-10,114000,114500,110500,111500,63881,7122731500,-2.6201,-3530,9029,-5503,-3326,-1832,0,-1177,0,832,-57,61,0
2021-11-11,109000,113000,109000,112500,62571,7039237500,0.8969,-14534,17400,-3728,-723,-6277,375,-305,2900,-70,815,47,372
2021-11-12,112000,115000,112000,114000,41985,4786290000,1.3333,-5880,-1683,8507,6585,-308,1763,-249,0,716,-800,-144,0
2021-11-15,116000,117500,114500,117000,62408,7301736000,2.6316,-10992,9632,410,-2262,-2560,6121,485,0,-1374,938,12,0
2021-11-16,116500,116500,112500,113500,51340,5827090000,-2.9915,24099,-7628,-18046,-14942,-1250,111,-2005,0,40,1598,-23,0
2021-11-17,113500,113500,110000,112500,68727,7731787500,-0.8811,1964,4952,-6564,-1834,-4080,-1327,162,0,515,-589,237,0
2021-11-18,112500,112500,107000,107500,112002,12040215000,-4.4444,26790,10075,-39851,-24912,-4927,-8071,-267,0,-1674,2777,209,0
2021-11-19,108500,116500,108500,115000,149191,17156965000,6.9767,-12111,13342,-5505,-20287,6865,-263,-83,8060,203,4189,85,0
2021-11-22,115500,116500,110000,115000,109949,12644135000,0.0,17344,-10673,-7676,-4158,1308,334,-414,2,-4748,992,13,0
2021-11-23,115000,118500,114000,115000,74370,8552550000,0.0,5982,-9247,2422,3158,1493,-49,-2199,0,19,813,30,0
2021-11-24,117500,118000,113500,114000,55329,6307506000,-0.8696,5608,-3490,-130,1531,-1728,-7,31,0,43,-1957,-31,0
2021-11-25,113500,116500,113500,114000,42295,4821630000,0.0,375,-6413,5980,2789,58,-83,-9,0,3225,51,7,0
2021-11-26,114000,115000,110000,110500,56885,6285792500,-3.0702,-4163,-918,4543,4326,208,11,0,0,-2,548,-10,0
2021-11-29,109000,117500,106500,116000,177508,20590928000,4.9774,-78059,17343,71477,59314,8018,2460,2620,226,-1161,-10708,-53,0
2021-11-30,116000,118000,110000,112000,101025,11314800000,-3.4483,16857,-18436,2033,3876,-142,98,102,0,-1901,-333,-121,0
2021-12-01,111500,114000,109000,114000,52284,5960376000,1.7857,487,-3443,3425,560,2727,25,191,0,-78,-503,34,0
2021-12-02,111000,115500,111000,113000,49773,5624349000,-0.8772,-6902,7627,641,103,626,28,1,0,-117,-1266,-100,0
2021-12-03,114000,118000,113500,117000,89986,10528362000,3.5398,-18127,8160,11251,12665,-717,-289,-109,0,-18,-1262,-22,-281
2021-12-06,116000,116500,114000,116000,52714,6114824000,-0.8547,11658,-7044,-5041,-1955,231,16,-189,0,-3124,427,0,-20
2021-12-07,116000,116000,113000,114000,48430,5521020000,-1.7241,8309,-6609,-2053,-2237,913,39,3,0,-771,330,23,0
2021-12-08,115500,118500,114500,116500,105436,12283294000,2.193,-16214,12587,4328,1595,2361,10,-502,0,874,-684,-17,-10
2021-12-09,117000,119000,115500,117500,63211,7427292500,0.8584,8121,-1103,-5592,-3494,-2842,-485,127,0,1345,-1386,-40,-243
2021-12-10,117500,119000,115500,119000,54450,6479550000,1.2766,-23231,5591,17533,14815,2461,22,310,0,-70,107,0,-5
2021-12-13,120000,127000,120000,124000,242092,30019408000,4.2017,-30042,17077,17479,1385,5928,5983,2107,-452,2910,-4246,-268,-382
2021-12-14,123000,127500,123000,126000,175094,22061844000,1.6129,-13180,-13579,34913,18942,10710,2038,2429,-226,1020,-8092,-62,0
2021-12-15,126000,132000,124500,130000,268517,34907210000,3.1746,-32426,18784,26653,10757,7268,175,4201,-226,4513,-12766,-245,-35
2021-12-16,132000,132500,128000,130000,105166,13671580000,0.0,1324,-6164,4776,6185,-384,-1115,-122,0,212,75,-11,0
2021-12-17,128000,138000,128000,132500,377695,50044587500,1.9231,-27713,8415,29856,25448,5825,-4191,1434,-452,2144,-10222,-336,-352
2021-12-20,132500,136000,130000,131000,135760,17784560000,-1.1321,-5559,-5937,9015,6070,906,3228,57,-2900,1669,2500,-19,-15
2021-12-21,132000,133500,125500,129500,185158,23977961000,-1.145,-23623,12062,15216,16820,-48,553,76,20,-2205,-3980,325,0
2021-12-22,130500,131000,127000,129500,92846,12023557000,0.0,-13467,6592,8292,7318,81,-286,1958,0,-779,-1385,-32,0
2021-12-23,130000,135000,129500,134000,181486,24319124000,3.4749,-9248,13599,1183,0,802,2045,-36,0,-1578,-5202,-332,-50
2021-12-24,136000,139000,134500,135500,209705,28415027500,1.1194,-12934,-4542,22896,3125,295,3521,-184,0,16144,-5463,43,-5
2021-12-27,136500,139500,136500,137500,173740,23889250000,1.476,-32061,6692,27819,4738,6538,2043,2232,588,11685,-2465,15,-5
2021-12-28,139500,140000,135500,136500,274859,37518253500,-0.7273,-96949,6886,97661,5554,1869,149,468,183,89438,-7719,121,0
2021-12-29,140000,142500,137500,140000,331060,46348400000,2.5641,153356,-27441,-125276,-12400,110,2319,558,-42,-115775,-1275,636,-46
2021-12-30,139500,140000,135000,138000,127292,17566296000,-1.4286,2182,-79,-320,-2150,-229,213,-55,4050,-2129,-1829,46,-20
2022-01-03,138500,138500,134000,137000,120509,16509733000,-0.7246,-15809,5347,9704,9735,92,-897,-133,0,907,963,-205,0
2022-01-04,138500,144500,137000,142000,324826,46125292000,3.6496,-43959,21489,21989,8177,5778,6838,-68,143,1146,597,-116,-25
2022-01-05,143000,147500,139000,143500,301398,43250613000,1.0563,33866,-11969,-19386,-6198,-1252,-14900,-666,-226,3864,-2540,29,-8
2022-01-06,139500,144000,133500,133500,321309,42894751500,-6.9686,3746,6140,-8953,2232,-1090,3953,-3125,0,-10623,-1226,293,-300
2022-01-07,136000,139500,133500,139500,204523,28530958500,4.4944,-6404,-4291,10449,5518,1450,5355,905,241,-3196,209,37,176
2022-01-10,138000,139500,134500,135000,132085,17831475000,-3.2258,9608,-4928,-4167,1279,-4096,-1652,-485,0,787,-544,31,0
2022-01-11,135500,137500,128500,129500,190334,24648253000,-4.0741,2722,18152,-21704,-14176,-7386,1684,-1969,474,95,602,228,-426
2022-01-12,130500,132000,128500,131000,123156,16133436000,1.1583,12383,-10046,-4399,56,1039,-3343,-1308,0,-843,2030,32,0
2022-01-13,132000,132000,128500,128500,100104,12863364000,-1.9084,21340,-8393,-13719,-1616,-9142,-5547,2672,-97,11,668,104,0
2022-01-14,125500,136500,125500,136500,206581,28198306500,6.2257,-46344,-7983,48621,32316,5096,-2731,11379,252,2359,4901,805,-50
2022-01-17,136500,138000,133000,137000,125744,17226928000,0.3663,59,-8041,4444,5104,-4118,-199,1477,110,2070,3361,177,0
2022-01-18,137500,144500,134500,140500,262288,36851464000,2.5547,-60820,-5611,68759,33131,27063,4656,4640,-82,-624,-2460,132,-25
2022-01-19,139000,144000,137500,140500,136363,19159001500,0.0,-12563,-5505,21520,11147,2302,-31,5493,691,1214,-3557,105,704
2022-01-20,140500,142000,137000,140500,91671,12879775500,0.0,15390,-7520,-7287,-1646,-5007,-24,-82,0,-528,-559,-24,0
2022-01-21,138000,139500,134000,136500,94267,12867445500,-2.847,-12021,949,10727,7818,2092,-722,1598,0,-59,300,45,0
2022-01-24,134000,134500,130500,132500,117682,15592865000,-2.9304,-11464,9771,469,940,-2570,1468,1442,-31,-775,1265,-41,-5
2022-01-25,133500,135000,127000,128000,202409,25908352000,-3.3962,2870,16538,-18908,-2624,-11226,91,-3808,248,831,-780,280,-2420
2022-01-26,127500,130000,122500,123500,169895,20982032500,-3.5156,26584,1114,-33479,-10694,-13759,-964,-1332,248,-6702,5695,86,-276
2022-01-27,124500,128000,122000,124000,184411,22866964000,0.4049,-2657,-21075,24036,17744,-1999,1967,2951,245,3436,-283,-21,-308
2022-01-28,125000,131500,124500,130000,155070,20159100000,4.8387,-3861,-8818,16403,-2627,17982,-1442,1094,0,1431,-3701,-23,-35
2022-02-03,133000,133000,130000,131500,99088,13030072000,1.1538,-18679,-7538,28444,20589,5692,-33,136,0,2060,-2189,-38,0
2022-02-04,130500,131500,127000,128000,150258,19233024000,-2.6616,51826,-11560,-44625,-33573,-5773,-1636,-1719,0,-1327,4394,-35,-597
2022-02-07,127000,127500,125000,125000,66764,8345500000,-2.3438,2762,-1089,-2228,739,280,-177,-1011,-691,-659,538,17,-709
2022-02-08,125000,127000,121000,121500,102274,12426291000,-2.8,22812,1233,-23376,-11926,-5682,-35,-2623,76,-3186,-740,71,0
2022-02-09,123500,124000,121000,121500,72566,8816769000,0.0,18314,-13095,-6099,-566,-1145,-31,-2583,0,-1774,528,352,0
2022-02-10,123000,123500,121000,122000,65257,7961354000,0.4115,11690,-2507,-8624,-7377,-2958,-139,-469,0,2319,-608,49,0
2022-02-11,120500,120500,114500,114500,199378,22828781000,-6.1475,31995,7978,-33796,-18241,-5026,-7145,-2458,0,-926,-6281,104,0
2022-02-14,111000,113500,109500,110000,139151,15306610000,-3.9301,-1099,28037,-26459,-18759,-7051,-11,-1108,1082,-612,-532,53,0
2022-02-15,110500,113000,107500,109500,110677,12119131500,-0.4545,17829,-5574,-8962,708,-83,151,452,248,-10538,-2949,-344,100
2022-02-16,113500,114000,111500,112000,76690,8589280000,2.2831,-10164,238,9156,30,4288,-40,-63,105,4648,370,400,188
2022-02-17,112500,116500,111000,113500,120532,13680382000,1.3393,11219,-4931,-9241,-15139,3809,-1352,0,0,3441,3294,-341,0
2022-02-18,111000,113500,110500,113000,69429,7845477000,-0.4405,15763,-59,-15107,-12826,-1233,-43,-88,0,-917,-206,-391,0
2022-02-21,111000,112500,109000,112000,80171,8979152000,-0.885,-900,9056,-6316,-1197,-1371,-83,-1864,0,-1801,-1843,3,0
2022-02-22,108500,110500,107500,108500,112826,12241621000,-3.125,31937,-2777,-29372,-15569,-7999,-135,-4495,0,-1174,104,108,0
2022-02-23,109000,110500,108500,110000,53991,5939010000,1.3825,2416,-345,-4447,-3759,-755,8,-462,0,596,2328,48,-75
2022-02-24,108000,109500,104500,105000,97806,10269630000,-4.5455,-2963,7379,-3080,-26,-1433,-91,0,1026,-2556,-1415,79,0
2022-02-25,107000,108000,105000,108000,81499,8801892000,2.8571,-7299,1695,-2435,-693,-6403,7006,-1720,0,-625,8031,8,0
2022-02-28,107000,108000,105500,107500,99826,10731295000,-0.463,23163,4705,-31183,-18168,-12416,4070,-3960,0,-709,3353,-38,0
2022-03-02,106000,109500,106000,108000,72125,7789500000,0.4651,15604,1663,-14270,-8056,-2656,-283,-471,0,-2804,-3371,374,0
2022-03-03,111500,115000,110500,114000,130287,14852718000,5.5556,-1137,-7939,10857,-5193,5812,865,7374,105,1894,-1410,-371,0
2022-03-04,113500,115500,111500,115000,86651,9964865000,0.8772,-9580,-9765,18374,12492,2628,55,3184,0,15,944,27,0
2022-03-07,112500,120500,111500,118500,200654,23777499000,3.0435,-66012,-13083,82047,83351,1624,-11319,5448,-528,2659,-2926,-26,812
2022-03-08,116000,123000,116000,120000,185443,22253160000,1.2658,-53547,-917,54033,49277,6163,2186,1711,330,-5634,294,137,0
2022-03-10,122500,125500,119000,123000,142815,17566245000,2.5,-56801,-10096,67420,67298,493,-2365,804,194,996,-400,-123,0
2022-03-11,123000,124500,120000,120500,70502,8495491000,-2.0325,-9198,-5584,17014,15420,829,-201,204,230,412,-2139,-93,120
2022-03-14,119500,119500,115000,117000,76688,8972496000,-2.9046,-3346,-5617,10831,13078,-1059,-184,-223,200,-981,-1908,40,0
2022-03-15,116500,121000,116500,117000,76381,8936577000,0.0,230,3420,-4471,7984,-7971,-4194,-168,0,54,841,-20,-176
2022-03-16,119000,119000,116500,118500,31569,3740926500,1.2821,3202,-4024,1535,0,0,-57,8,0,1584,-714,1,0
2022-03-17,121000,122000,119500,120000,45216,5425920000,1.2658,2754,334,1391,4864,-1931,-168,-113,0,-1261,-4500,21,0
2022-03-18,122500,125500,120000,121500,129500,15734250000,1.25,-5070,6031,1621,-3682,424,-2040,-612,300,7231,-2497,-85,0
2022-03-21,121500,122000,119000,119000,38662,4600778000,-2.0576,-3212,-919,4251,4788,618,-8,1312,-2119,-254,-139,19,-86
2022-03-22,118500,120500,118000,119500,31913,3813603500,0.4202,962,274,-1215,180,-374,0,-1,0,-1020,10,-31,0
2022-03-23,120500,122500,119000,119000,53033,6310927000,-0.4184,2700,-1636,-1076,-1017,-6,-43,-3,0,-7,5,7,0
2022-03-24,118000,119000,116000,117000,57644,6744348000,-1.6807,4549,1385,-6008,157,-1184,-79,-2290,0,-2612,29,45,0
2022-03-25,118000,119500,116500,118000,43342,5114356000,0.8547,-3669,1458,2558,4621,-307,0,-1449,-290,-17,-369,22,0
2022-03-28,118500,118500,116000,116500,39802,4636933000,-1.2712,9096,-997,-5132,501,-11,0,-22,0,-5600,-2996,29,0
2022-03-29,117000,119500,117000,118000,37186,4387948000,1.2876,6892,-1489,-5408,-1944,-30,-52,-3297,0,-85,2,3,0
2022-03-30,118500,122000,118000,119500,60498,7229511000,1.2712,-2585,422,1639,1349,396,-60,57,0,-103,541,-17,0
2022-03-31,119000,121000,118500,120500,30814,3713087000,0.8368,-5863,1234,4659,1272,99,1187,-85,0,2186,-32,2,0
2022-04-01,120000,125000,118000,125000,100484,12560500000,3.7344,-33898,8963,24953,3475,15669,-234,377,0,3041,74,-92,2625
2022-04-04,124500,128000,124000,127000,80990,10285730000,1.6,-8380,-7383,14356,677,11052,100,51,-226,52,1090,317,2650
2022-04-05,128000,128000,125500,126000,45456,5727456000,-0.7874,3372,-6968,4030,0,-288,2549,1305,0,464,-446,12,0
2022-04-06,125000,127500,123500,127000,73802,9372854000,0.7937,-18842,2418,17999,2871,1789,10727,2047,0,565,-1566,-9,0
2022-04-07,126500,130000,126000,128000,107219,13724032000,0.7874,-29390,-4657,35109,2253,17306,1379,9641,240,950,-803,-259,3340
2022-04-08,129500,129500,125000,128000,58142,7442176000,0.0,-5376,-4671,10394,2668,3245,102,4329,0,50,-343,-4,0
2022-04-11,127500,128500,125500,126000,34878,4394628000,-1.5625,3407,-3050,-791,1257,-305,-7,-47,0,-1376,490,-56,-313
2022-04-12,125000,126000,123000,123000,42679,5249517000,-2.381,-3656,2116,1103,1677,150,-450,0,0,-274,398,39,0
2022-04-13,124500,130500,124000,130500,131346,17140653000,6.0976,-41352,17304,24706,24539,1306,-2075,1351,-226,-181,-527,-131,-8
2022-04-14,131000,134000,129000,129500,87270,11301465000,-0.7663,-3831,-5677,9521,4254,393,4,4709,0,161,-23,10,0
2022-04-15,128500,132500,128000,132000,83398,11008536000,1.9305,-20285,-232,20743,11188,406,4627,3013,0,1509,-279,53,0
2022-04-18,133500,137000,132000,135000,120357,16248195000,2.2727,-26749,10436,19488,13626,2078,77,3260,14,433,-3049,-126,0
2022-04-19,136000,136500,133500,135500,60805,8239077500,0.3704,-7187,-4429,11531,8097,-1551,635,4359,0,-9,290,-205,0
2022-04-20,136500,137000,134500,135000,51297,6925095000,-0.369,-11064,2225,8494,6615,1487,399,197,0,-204,339,6,0
2022-04-21,135000,136000,133000,133500,67627,9028204500,-1.1111,-5266,2891,2618,2764,-43,-115,-182,0,194,-235,-8,0
2022-04-22,135000,135000,131500,135000,63350,8552250000,1.1236,-7420,-344,8124,7281,437,1818,-1067,0,-345,-350,-10,0
2022-04-25,132000,133500,129000,131000,74869,9807839000,-2.963,-3236,-9246,12242,9423,1382,1211,-52,0,278,296,-56,0
2022-04-26,133000,138000,132500,135000,146198,19736730000,3.0534,-21367,6641,20448,17195,2626,156,771,-248,-52,-5474,-248,0
2022-04-27,132500,138000,131000,138000,109193,15068634000,2.2222,-24843,521,23378,13314,2945,4135,2844,0,140,981,-37,0
2022-04-28,137000,138000,134500,137000,68411,9372307000,-0.7246,-1115,-4814,5672,3113,1010,866,699,0,-16,203,54,0
2022-04-29,137000,139500,134000,135000,114016,15392160000,-1.4599,-13152,5393,7683,2257,1925,5101,-473,0,-1127,55,21,0
2022-05-02,133000,139500,133000,139000,128823,17906397000,2.963,-49458,872,49632,50444,14,85,-1120,0,209,-1004,-42,0
2022-05-03,140000,141000,136500,138000,78463,10827894000,-0.7194,-1336,-8877,9939,4658,1508,3438,4862,-3000,-1527,254,20,0
2022-05-04,138500,139000,135500,135500,58415,7915232500,-1.8116,136,1245,-1707,8580,-1215,-4227,-1108,-3336,53,315,11,-454
2022-05-06,133000,136000,133000,134500,35725,4805012500,-0.738,-131,-3060,876,2001,-292,-731,-80,0,-22,2321,-6,0
2022-05-09,134500,134500,125000,126000,176104,22189104000,-6.3197,-835,11685,-8524,9272,1095,-16070,353,-412,-2064,-2370,44,-698
2022-05-10,124000,128000,123500,127000,89676,11388852000,0.7937,8042,-3169,-4980,-3166,-767,-379,-771,0,153,107,0,-50
2022-05-11,127000,132000,125500,130500,62928,8212104000,2.7559,-9341,4055,5283,4845,1178,-257,1397,0,102,48,-45,-1982
2022-05-12,128500,131500,127500,127500,64349,8204497500,-2.2989,-6873,5117,2695,2450,319,-334,1253,0,-993,-960,21,0
2022-05-13,130000,132000,128000,131000,65628,8597268000,2.7451,-7553,-4996,12578,6041,-81,44,6643,0,-69,28,-57,0
2022-05-16,133000,133000,129500,130500,37801,4933030500,-0.3817,-6624,457,5911,6422,-440,-70,0,0,-1,278,-22,0
2022-05-17,130500,131500,126500,128000,60673,7766144000,-1.9157,11175,3070,-14503,-8370,-172,-3814,-1111,-290,-746,258,0,0
2022-05-18,129000,129500,126500,128000,78235,10014080000,0.0,3356,-16109,12550,12108,5089,-3421,-1364,0,138,200,3,0
2022-05-19,125000,131000,124000,130000,82235,10690550000,1.5625,-28156,8406,21800,19523,391,29,1900,-290,247,-2040,-10,0
2022-05-20,131000,132000,128500,129000,50990,6577710000,-0.7692,553,1744,-2230,-2286,-1335,1526,-80,0,-55,-75,8,0
2022-05-23,131000,136000,131000,132500,100771,13352157500,2.7132,-5554,1562,4460,1435,2096,-57,1837,0,-851,-470,2,0
2022-05-24,134000,134000,130000,130000,47669,6196970000,-1.8868,61,-6689,6582,5239,3,19,874,0,447,69,-23,0
2022-05-25,131500,135000,130000,133500,79309,10587751500,2.6923,-8225,3264,5372,8144,-397,20,607,-2800,-202,-404,-7,0
2022-05-26,133500,134500,131000,131500,52149,6857593500,-1.4981,158,-2387,2186,-3920,195,1822,0,3700,389,30,13,0
2022-05-27,133000,133500,131000,132500,41264,5467480000,0.7605,-7440,-1370,8892,7988,-82,126,104,0,756,-82,0,0
2022-05-30,134000,135000,132000,134500,42373,5699168500,1.5094,-10008,-136,10046,3552,1264,389,1853,0,2988,108,-10,0
2022-05-31,135500,136500,132500,134000,97668,13087512000,-0.3717,2338,8605,-10956,-10898,-26,-807,-845,0,1620,-1,14,0
2022-06-02,133500,134500,131500,132500,38349,5081242500,-1.1194,-8818,4758,4041,7596,-538,-723,-2624,0,330,0,19,0
2022-06-03,133500,134000,131500,131500,35648,4687712000,-0.7547,-4311,-1043,4075,3828,-1370,2493,-70,0,-806,1279,0,0
2022-06-07,131000,131000,125500,127000,78500,9969500000,-3.4221,21770,918,-22505,-13865,-2506,-1986,-240,-3700,-208,-208,25,0
2022-06-08,127000,128500,124500,124500,55040,6852480000,-1.9685,11309,-968,-11005,-3016,-3665,-970,-3012,0,-342,188,476,0
2022-06-09,124500,126000,123500,124500,39500,4917750000,0.0,14226,-4970,-9271,-750,-4205,-1143,-3814,0,641,0,15,0
2022-06-10,123500,126500,123000,124000,36167,4484708000,-0.4016,7642,-7228,-485,592,-1166,-138,-4,0,231,41,30,0
2022-06-13,121000,121500,115500,116000,116391,13501356000,-6.4516,1729,715,-7052,-1603,-4548,-1348,101,474,-128,4483,125,0
2022-06-14,113000,117000,112000,115000,78627,9042105000,-0.8621,4804,1206,-6144,-173,102,479,9,-4180,-2381,135,-1,0
2022-06-15,114500,117000,111000,111500,63521,7082591500,-3.0435,11981,-7006,-3459,-1600,-2278,-45,0,0,464,-1562,46,0
2022-06-16,114500,116500,112500,113000,52127,5890351000,1.3453,-2914,-6885,10974,6694,291,-43,2161,0,1871,-1178,3,0
2022-06-17,110500,114500,110000,113000,47448,5361624000,0.0,434,-5203,4512,7573,1089,-1754,-470,0,-1926,246,11,0
2022-06-20,114000,114000,108500,110000,50354,5538940000,-2.6549,11083,-9788,-1166,0,-758,-166,-294,0,52,-148,19,0
2022-06-21,110500,113000,109500,112000,35752,4004224000,1.8182,-1332,1384,1020,0,741,-332,222,0,389,-1007,-65,0
2022-06-22,113000,113000,105500,105500,73750,7780625000,-5.8036,-26,483,-924,3952,-5654,1241,-373,0,-90,378,89,0
2022-06-23,105500,107000,101000,101500,108856,11048884000,-3.7915,-3335,20763,-18205,-1278,-14475,438,-2672,0,-218,708,69,0
2022-06-24,101500,105500,101500,104500,41821,4370294500,2.9557,1560,2931,-4549,0,-1507,-2168,129,0,-1003,54,4,0
2022-06-27,106000,115000,106000,113500,96872,10994972000,8.6124,-23005,-9186,31601,24654,5671,2126,-383,0,-467,603,-13,0
2022-06-28,113500,118000,113000,116000,70754,8207464000,2.2026,-1035,-10106,12054,12284,2386,-2426,-310,0,120,-900,-13,0
2022-06-29,112500,115000,111000,113500,55197,6264859500,-2.1552,-6373,4704,1590,12092,-9190,-1241,74,0,-145,-34,113,0
2022-06-30,113000,116000,111000,112500,76543,8611087500,-0.8811,5464,-5662,-350,14283,-16019,123,4120,0,-2827,-49,597,-30
2022-07-01,113500,118500,112000,117000,61902,7242534000,4.0,-5202,-7516,13727,6122,8343,-2297,1708,0,-119,-356,-653,-30
2022-07-04,117000,117500,112000,116000,55995,6495420000,-0.8547,-2492,-7263,10762,3112,5905,1,1861,0,-117,-603,-404,0
2022-07-05,116500,117500,114500,117000,36064,4219488000,0.8621,-5257,-1845,7126,5241,357,1216,660,0,91,-24,0,-439
2022-07-06,117000,118000,111500,112500,50603,5692837500,-3.8462,5550,291,-5579,2032,-3155,-5574,1129,0,-11,-255,-7,0
2022-07-07,114000,115500,112000,114500,29004,3320958000,1.7778,-2786,326,2452,4295,-2651,-16,293,0,531,-4,12,0
2022-07-08,116500,116500,113500,113500,36952,4194052000,-0.8734,4446,-2416,-2049,1203,-4564,-4,203,0,1113,0,19,0
2022-07-11,113500,117000,113500,115500,46057,5319583500,1.7621,-16438,3608,13245,6352,6937,969,0,0,-1013,-1,-414,0
2022-07-12,115500,117000,114500,117000,40135,4695795000,1.2987,-8605,-3112,11762,3827,2872,2710,2263,0,90,-33,-12,0
2022-07-13,117000,122000,116000,119500,87500,10456250000,2.1368,-30617,7456,23226,12866,1478,-21,4223,0,4680,11,-76,0
2022-07-14,119000,124500,118000,123000,90497,11131131000,2.9289,-32059,-1366,34793,19908,4798,885,681,0,6160,-1343,-25,2361
2022-07-15,123000,123500,121000,122500,36175,4431437500,-0.4065,282,-2202,1906,1774,-36,138,0,0,30,22,-8,0
2022-07-18,124000,125500,122500,124000,40264,4992736000,1.2245,-1519,-3204,5825,5658,-174,-11,375,0,-23,-1185,83,0
2022-07-19,124000,126500,122500,123500,51254,6329869000,-0.4032,-813,1620,-853,3009,-238,39,501,0,-4164,15,31,0
2022-07-20,125000,125000,120500,121000,55291,6690211000,-2.0243,7442,-83,-7902,-2647,-3048,-2190,-46,0,29,576,-33,0
2022-07-21,121500,123500,120500,122500,37581,4603672500,1.2397,-10554,4773,5831,1932,-291,5,4272,0,-87,-60,10,0
2022-07-22,123000,125500,122500,124500,45517,5666866500,1.6327,-6070,1692,4038,7563,-2332,-667,-273,0,-253,350,-10,0
2022-07-25,125000,128000,124500,127500,68320,8710800000,2.4096,-13100,6509,6013,5952,2123,-5,-1957,0,-100,20,558,0
2022-07-26,127500,128000,125500,127500,27948,3563370000,0.0,3078,-5992,2134,1812,-260,-309,158,0,733,20,760,0
2022-07-27,127500,127500,124500,126000,33282,4193532000,-1.1765,6134,-1666,-4548,-717,-682,149,-3870,13,559,80,0,0
2022-07-28,128000,128000,125500,126500,40375,5107437500,0.3968,8378,1406,-9579,-9183,-880,116,341,0,27,-208,3,0
2022-07-29,127000,127500,124500,125500,50399,6325074500,-0.7905,1776,5053,-7129,-5835,-2342,-1,732,0,317,301,-1,0
2022-08-01,125500,126000,123500,124000,66888,8294112000,-1.1952,-9548,3294,5334,4985,-3391,10,5643,0,-1464,917,3,-449
2022-08-02,124000,125000,122500,123500,37518,4633473000,-0.4032,-3170,3981,-987,19,-1215,60,77,0,72,-265,441,0
2022-08-03,123000,128000,123000,128000,95931,12279168000,3.6437,-34864,19175,16629,4684,9889,1849,563,0,-144,-929,-11,-212
2022-08-04,128500,130500,128000,130000,74734,9715420000,1.5625,-23023,6877,15327,1286,2208,3318,7674,0,841,806,13,0
2022-08-05,130500,131000,128000,130000,47057,6117410000,0.0,-2686,-1648,5042,3239,397,-92,1534,0,-36,-655,-53,0
2022-08-08,129000,130500,127500,129000,44998,5804742000,-0.7692,1274,2359,-3781,1199,1473,22,-6519,0,44,98,50,0
2022-08-09,129500,130000,126500,129500,56483,7314548500,0.3876,-5235,3960,1856,5313,-442,-5536,1850,0,671,-578,-3,0
2022-08-10,129000,129000,125500,126000,76432,9630432000,-2.7027,3843,-3797,598,3831,-1132,-176,-717,0,-1208,-257,-387,0
2022-08-11,127500,127500,125000,126500,38935,4925277500,0.3968,10128,-2951,-6875,-3595,-2480,66,-539,0,-327,-391,89,0
2022-08-12,125500,132000,125000,130000,85101,11063130000,2.7668,-8887,589,7290,54,7143,274,-51,0,-130,743,265,0
2022-08-16,131500,137000,131000,136500,214489,29277748500,5.0,-76104,24972,51931,33955,1205,3755,1535,-60,6671,-1012,213,4870
2022-08-17,136500,137500,128000,128500,169631,21797583500,-5.8608,28626,-9173,-19065,-12663,-2323,-301,-5699,2972,-1051,-683,295,0
2022-08-18,126500,127000,119000,120500,330795,39860797500,-6.2257,84786,-26648,-54933,-30104,-3702,-4578,-16731,6339,-6157,-2933,-272,0
2022-08-19,120500,121000,117500,118000,189742,22389556000,-2.0747,63436,-2685,-62692,-21078,-28669,355,-10965,-195,-2139,1981,-40,-1
2022-08-22,116500,120500,115500,119500,110484,13202838000,1.2712,-21803,-4503,26134,16190,8622,-618,1795,149,-4,128,44,0
2022-08-23,118500,120500,118500,119000,44301,5271819000,-0.4184,3095,-811,-2290,-2756,1808,-49,-1380,0,87,12,-6,0
2022-08-24,119500,120500,117500,119000,50236,5978084000,0.0,13966,-1821,-12775,-3931,-2331,-1011,-3146,0,-2356,331,299,0
2022-08-25,119000,120000,118500,119500,50039,5979660500,0.4202,15728,-1092,-14683,-11803,-1274,-276,-888,0,-432,58,-11,-10
2022-08-26,120000,120000,118000,118500,52262,6193047000,-0.8368,5932,-1934,-4699,2463,-2867,-2799,-387,0,-1109,570,131,0
2022-08-29,114500,116500,114000,115000,59872,6885280000,-2.9536,3380,6179,-9774,-6335,-2259,0,-1256,264,-188,309,-94,0
2022-08-30,117000,121000,116500,120500,100259,12081209500,4.7826,-28298,12975,14933,6524,4010,-14,3138,0,678,183,207,597
2022-08-31,119500,121000,118500,120500,51472,6202376000,0.0,8643,-5217,-3237,-7598,-850,300,422,0,4489,148,-337,0
2022-09-01,119000,120500,117500,118500,40200,4763700000,-1.6598,-8336,-1598,10958,5953,3881,0,0,0,1100,-1053,29,24
2022-09-02,120000,123500,119500,121000,85430,10337030000,2.1097,-12363,-2918,15417,14841,94,10,-1007,0,1479,-107,-29,0
2022-09-05,120000,122000,118500,119000,48018,5714142000,-1.6529,-1730,-135,1759,-415,1074,-6,-11,0,1117,0,106,0
2022-09-06,118500,120000,118000,118000,26941,3179038000,-0.8403,2321,927,-3285,-2984,-130,587,-1175,0,417,-68,105,0
2022-09-07,118500,119000,115500,116500,49390,5753935000,-1.2712,10401,5571,-16517,-6583,-7258,62,-1589,0,-1149,550,-5,0
2022-09-08,118000,119000,116500,117500,33224,3903820000,0.8584,-10049,-195,10164,9110,-107,34,-59,0,1051,130,-50,135
2022-09-13,120500,120500,118000,119000,46808,5570152000,1.2766,2727,-1449,-1256,-998,14,-19,-351,0,31,0,-22,67
2022-09-14,115000,118000,115000,117500,32983,3875502500,-1.2605,-5522,3255,2212,3457,-862,66,-499,0,33,50,5,17
2022-09-15,118000,119000,115500,116000,44359,5145644000,-1.2766,4525,-3178,-1481,22,-457,-198,-346,0,-502,101,33,0
2022-09-16,115500,116500,115000,115500,29790,3440745000,-0.431,-1966,3272,-1347,-77,-542,27,-760,0,5,8,33,0
2022-09-19,115500,116000,111500,112000,73516,8233792000,-3.0303,-25328,12081,13024,15269,-2287,0,36,200,-159,152,71,-35
2022-09-20,113500,117000,113500,115000,52235,6007025000,2.6786,82,3097,-3099,-2438,-476,-25,-140,0,-20,-12,-68,0
2022-09-21,113500,115000,112500,113500,28465,3230777500,-1.3043,-3600,6885,-3398,0,-2576,0,0,0,-906,100,13,84
2022-09-22,112500,113500,111000,113000,35717,4036021000,-0.4405,3808,1588,-4976,4,97,-2,-3744,64,-1437,-475,55,42
2022-09-23,112000,113500,109000,109000,52170,5686530000,-3.5398,9441,-8220,-2042,21,-768,37,812,115,-459,703,118,-1800
2022-09-26,107500,108000,104000,104000,69928,7272512000,-4.5872,8614,-3458,-3650,9,-1732,-1832,289,528,-912,-1549,43,0
2022-09-27,103500,106000,103500,105500,39356,4152058000,1.4423,-4304,4127,164,-44,-20,0,256,0,-28,110,-97,0
2022-09-28,105500,106500,101500,102500,43182,4426155000,-2.8436,-1255,-109,1036,-109,-145,3274,545,149,-778,324,4,-1900
2022-09-29,105000,106000,102500,102500,29471,3020777500,0.0,1035,728,-1259,265,628,-61,-567,0,-1524,-505,1,0
2022-09-30,101000,106000,100500,103500,39939,4133686500,0.9756,-2145,7132,-3975,106,-2139,-519,88,115,-1626,-228,-784,0
2022-10-04,106500,112500,106500,111000,58473,6490503000,7.2464,-14263,1009,13274,1605,12492,100,-563,-115,-246,95,-115,1
2022-10-05,114000,114500,109000,110500,40153,4436906500,-0.4505,-877,-2530,4490,2621,2069,-131,70,-149,9,-1047,-36,1
2022-10-06,111500,114000,110500,113500,30689,3483201500,2.7149,-6856,-2922,9805,-232,6826,85,3152,0,-26,10,-37,0
2022-10-07,112500,115500,111500,113000,27365,3092245000,-0.4405,-4720,-1563,6260,4495,2017,-25,-91,-115,-21,30,-7,0
2022-10-11,109000,110000,107500,108000,35336,3816288000,-4.4248,364,633,-1079,-649,-314,13,-113,0,-16,75,7,0
2022-10-12,108000,112500,107500,112000,28664,3210368000,3.7037,-4359,-5190,9628,7632,2365,37,-388,0,-18,-65,-14,0
2022-10-13,112500,117500,112000,115000,106902,12293730000,2.6786,-22026,8337,11960,-274,14093,-681,-366,-264,-548,1899,-170,0
2022-10-14,117000,118500,114000,115000,64074,7368510000,0.0,7133,-1978,-6772,-10152,3014,-41,152,0,255,1626,-9,0
2022-10-17,113000,116000,112000,114500,41453,4746368500,-0.4348,-8278,1454,7245,4372,3454,1827,-1994,0,-414,-426,5,0
2022-10-18,116500,117500,114500,116500,55972,6520738000,1.7467,-14636,1814,12965,11920,2336,-1456,2183,0,-2018,-131,-12,0
2022-10-19,115500,119000,115000,115500,40523,4680406500,-0.8584,-8767,4893,4030,3539,629,0,125,0,-301,-443,287,38
2022-10-20,115500,117000,115000,116500,23610,2750565000,0.8658,-9902,2402,7228,4237,2979,-54,0,0,230,191,81,-164
2022-10-21,116000,120000,116000,117000,48049,5621733000,0.4292,-12073,7727,-678,2258,-3286,57,-149,0,442,5039,-15,0
2022-10-24,119000,119500,116000,116500,39438,4594527000,-0.4274,-13090,595,12914,9449,-954,981,2646,0,792,-586,167,0
2022-10-25,116000,117000,112000,114000,43211,4926054000,-2.1459,-3530,6285,-3178,-884,-1943,452,79,0,-881,64,359,-1
2022-10-26,114000,116000,113000,114000,24409,2782626000,0.0,29,1252,-1463,-1061,422,-781,-38,0,-5,0,182,0
2022-10-27,114500,116000,113500,114500,33626,3850177000,0.4386,4458,4070,-8731,-2847,-5482,861,-89,0,-1174,-59,262,0
2022-10-28,114500,119500,114000,118500,81542,9662727000,3.4934,-34432,10841,22187,11547,5345,-6,5093,-149,357,1291,113,0
2022-10-31,119500,120500,117000,118500,37225,4411162500,0.0,1123,-3626,3438,2220,620,791,0,0,-147,-719,-216,-46
2022-11-01,118000,119000,117000,117500,34342,4035185000,-0.8439,-7182,994,6887,3261,474,84,3160,0,-93,-503,-196,1
2022-11-02,117500,118000,113500,114000,63570,7246980000,-2.9787,19978,-600,-12506,-2731,-6399,-3181,-156,0,-39,-6903,31,0
2022-11-03,112000,115500,111500,114000,23203,2645142000,0.0,-5266,2914,2985,2118,501,6,620,0,-260,-383,-250,0
2022-11-04,113500,115500,112500,114000,30406,3466284000,0.0,2468,1807,-4299,2870,-7037,-134,23,0,-21,16,8,0
2022-11-07,115500,117000,114500,115500,29693,3429541500,1.3158,2268,-1748,14,1877,-253,-960,-305,0,-345,-14,-520,0
2022-11-08,116000,116500,114500,115500,34104,3939012000,0.0,6123,4490,-10325,-4923,-616,-1471,-3227,0,-88,-260,-28,0
2022-11-09,116000,117500,115000,116000,34375,3987500000,0.4329,-5822,8001,-2165,2024,-3,-2836,-703,0,-647,-4,-10,0
2022-11-10,115000,118000,114500,116000,36832,4272512000,0.0,-5825,7956,-2625,2005,-1495,-72,-2775,0,-287,554,-60,-1
2022-11-11,119000,119000,115500,117000,90052,10536084000,0.8621,22138,5590,-27541,-13502,-5837,-8327,-161,0,285,-147,-40,1
2022-11-14,117000,119500,117000,118500,94317,11176564500,1.2821,-26468,13277,17918,13574,133,1617,2472,0,122,-4714,-13,0
2022-11-15,119500,119500,116000,119000,58358,6944602000,0.4219,9757,-15626,5992,11017,1456,-110,-6558,0,381,-93,-30,-194
2022-11-16,119000,119500,116500,118000,36634,4322812000,-0.8403,-6226,-680,6899,6058,388,37,25,0,391,0,7,0
2022-11-17,118000,118000,114000,114000,43772,4990008000,-3.3898,14885,-17990,2291,1926,67,4,-8,0,302,749,65,0
2022-11-18,114500,115500,113000,114000,36245,4131930000,0.0,14978,-5524,-9530,-11969,1757,-312,-76,0,1070,10,66,0
2022-11-21,114000,114500,111500,111500,34102,3802373000,-2.193,7071,-5860,-1255,-231,-1610,0,-3,0,589,40,4,0
2022-11-22,111000,111500,109000,109000,34232,3731288000,-2.2422,8342,77,-8137,-8995,-100,0,-3,0,961,-387,105,0
2022-11-23,110000,111000,109000,109500,19721,2159449500,0.4587,73,-711,778,90,-247,-50,-548,0,1619,71,-211,-86
2022-11-24,110500,112000,110000,111000,20020,2222220000,1.3699,-518,-1290,1642,741,860,157,-439,0,323,3,163,0
2022-11-25,111000,112000,111000,111000,12371,1373181000,0.0,-572,-1384,1933,2886,-16,62,-1846,0,847,0,23,0
2022-11-28,111500,111500,109500,110000,13804,1518440000,-0.9009,-997,1089,55,183,-27,-207,-196,0,302,50,-197,0
2022-11-29,109500,112000,109000,111500,12714,1417611000,1.3636,-2221,-1032,3258,3541,3,0,-367,0,81,-10,5,0
2022-11-30,110500,112000,110000,111000,23729,2633919000,-0.4484,7762,-1412,-6179,-5336,-1050,0,-47,0,254,0,-171,0
2022-12-01,112000,112500,110500,111000,26084,2895324000,0.0,10736,-2800,-7978,-1332,-6196,-6,-612,0,168,30,12,0
2022-12-02,111000,111500,108500,109500,25370,2778015000,-1.3514,8895,-1487,-7403,-1312,-4852,-10,-1240,163,107,-27,22,-259
2022-12-05,109500,109500,105500,106500,43915,4676947500,-2.7397,15773,371,-17031,-15721,-2898,1273,-85,264,136,602,285,0
2022-12-06,106000,109000,105500,107500,34251,3681982500,0.939,-11258,-830,12194,9018,-3240,-435,5889,0,962,-110,4,0
2022-12-07,107000,108000,105500,106000,16855,1786630000,-1.3953,4851,-4433,-598,-391,0,-339,0,0,132,136,44,0
2022-12-08,106000,106000,103000,103500,40922,4235427000,-2.3585,13203,-3054,-10635,0,-12262,1142,-216,115,586,471,15,0
2022-12-09,104000,106000,103500,104000,32971,3428984000,0.4831,-1978,71,1157,7185,-5781,20,-135,0,-167,747,3,35
2022-12-12,103500,106000,103000,105500,23896,2521028000,1.4423,-10069,6570,3360,452,-69,3154,-428,0,207,130,9,44
2022-12-13,106000,107500,101500,102500,63347,6493067500,-2.8436,22360,2999,-26571,-16211,-8218,-2465,-34,0,330,1153,59,27
2022-12-14,103000,105500,102500,104000,30674,3190096000,1.4634,2789,5577,-7906,-9275,-587,12,1819,4,121,-480,20,0
2022-12-15,103500,105000,103000,104500,18258,1907961000,0.4808,-6395,6945,-562,-72,-535,-181,23,0,203,10,2,0
2022-12-16,103000,105500,103000,104000,14836,1542944000,-0.4785,-3217,1016,2180,1747,269,-245,637,0,-228,0,21,0
2022-12-19,103500,103500,100000,100500,72709,7307254500,-3.3654,27382,-4812,-22889,-11147,-12299,0,-896,1223,278,247,72,-48
2022-12-20,100500,101000,99700,100000,34351,3435100000,-0.4975,318,3833,-766,-721,-275,67,0,0,163,-3304,-81,0
2022-12-21,100000,101000,100000,100500,20442,2054421000,0.5,-3057,1511,2557,3612,21,70,0,0,58,-1000,-11,-1204
2022-12-22,100500,102000,100500,101500,21512,2183468000,0.995,3590,115,-3620,-51,-1013,281,-2958,0,121,-101,16,0
2022-12-23,99800,101000,99500,100000,21254,2125400000,-1.4778,-3681,1023,2219,2246,9,53,-106,0,17,-300,739,0
2022-12-26,100500,101000,99200,99500,25773,2564413500,-0.5,7879,-2965,-1868,79,150,94,-75,0,-2117,-3062,16,1
2022-12-27,99800,101000,99400,101000,88284,8916684000,1.5075,-44746,-909,45935,80,-6023,0,210,0,51668,-282,2,0
2022-12-28,100500,100500,98800,99600,97565,9717474000,-1.3861,74100,-4191,-70084,-19164,308,-96,-201,0,-50931,151,24,0
2022-12-29,99600,99600,94800,95500,52687,5031608500,-4.1165,7002,-2084,-4841,-2257,297,-1920,944,379,-285,-64,-13,-1999
2023-01-02,96800,98700,95400,95900,25216,2418214400,0.4188,1878,977,-2827,471,1390,-2849,-353,0,-1486,0,-28,0
2023-01-03,96300,96500,94100,95800,32540,3117332000,-0.1043,4877,3059,-7930,-6538,-544,-954,-146,149,103,7,-13,0
2023-01-04,95200,96100,94600,95000,32897,3125215000,-0.8351,13649,1072,-15152,-4384,167,-340,-2006,-8105,-484,421,10,0
2023-01-05,95000,96400,93000,93600,40933,3831328800,-1.4737,763,2513,-3384,-3865,954,103,-149,500,-928,89,19,1
2023-01-06,93000,96900,92700,96200,52837,5082919400,2.7778,-5361,3483,1736,-6227,10067,-64,-1955,0,-85,129,13,0
2023-01-09,97000,101000,96400,100500,67714,6805257000,4.4699,-6529,3238,3296,-4178,4554,1549,2266,0,-894,-40,35,-1
2023-01-10,100000,102500,99400,101500,37038,3759357000,0.995,-15060,257,14450,6574,1000,32,4243,0,2600,350,3,1
2023-01-11,102000,102500,100500,101000,16406,1657006000,-0.4926,3008,-2889,101,615,-117,9,-1059,0,653,-230,10,0
2023-01-12,102000,102000,100500,100500,21720,2182860000,-0.495,4261,-3787,-351,0,-460,752,-979,0,429,-151,28,-93
2023-01-13,101000,103500,100500,103500,37405,3871417500,2.9851,-7629,3867,3828,1422,780,375,1459,0,-208,-25,-41,0
2023-01-16,103500,104000,102000,102500,39515,4050287500,-0.9662,-1167,-4447,5773,1233,107,2013,2479,0,207,-183,24,-266
2023-01-17,102000,102500,99800,100000,35254,3525400000,-2.439,7544,-285,-7063,-3952,-592,-88,-3130,0,699,-217,21,0
2023-01-18,100000,101000,99800,100500,12159,1221979500,0.5,-2404,3052,-681,0,25,-36,-565,0,-105,30,3,0
2023-01-19,99700,102000,99600,101000,22967,2319667000,0.4975,-5178,4481,852,842,159,-14,694,0,-829,-161,6,0
2023-01-20,100500,101500,99900,101000,19412,1960612000,0.0,-3468,3395,260,-2076,182,4,-340,0,2489,-190,3,1
2023-01-25,102000,104600,101500,104400,44389,4634211600,3.3663,-17770,6515,11042,5886,-350,3239,433,0,1835,253,-40,-1
2023-01-26,105000,108000,104300,107700,68383,7364849100,3.1609,-29018,6049,20187,9534,1549,2172,813,0,6119,2796,-14,0
2023-01-27,108700,108700,106000,106800,45365,4844982000,-0.8357,57,-3013,749,5098,47,-188,-4098,0,-111,2230,-23,1
2023-01-30,106900,107200,104300,104500,24846,2596407000,-2.1536,1131,-2992,-863,-67,-540,-53,-65,0,-138,0,2724,0
2023-01-31,104000,114300,103000,112000,230631,25830672000,7.177,-56763,247,58127,33780,7547,90,12957,0,3754,-2387,776,-1
2023-02-01,115000,117200,113300,116600,192628,22460424800,4.1071,-95637,26566,72166,8180,27643,24991,6718,0,4633,-2947,-148,1
2023-02-02,116600,119200,114300,114800,104203,11962504400,-1.5437,-15040,15766,-977,-1260,3341,-942,-1164,0,-952,172,79,0
2023-02-03,114900,116600,114500,115300,43352,4998485600,0.4355,-8449,8231,74,-978,1751,-1304,386,0,219,140,4,0
2023-02-06,114500,117500,113700,116900,55603,6499990700,1.3877,-21115,15043,6677,3539,1616,-701,206,0,2017,-823,218,0
2023-02-07,116600,117000,114500,116400,41545,4835838000,-0.4277,-8577,4886,3677,5701,9,969,120,0,-3122,1,13,0
2023-02-08,117200,118600,116900,118000,39897,4707846000,1.3746,-13955,7719,5878,-78,1067,6,3138,0,1745,486,-128,0
2023-02-09,118000,120900,117800,119800,85692,10265901600,1.5254,-19840,6831,7681,-1318,1223,2199,2759,0,2819,6386,-1058,-1
2023-02-10,119500,122200,118800,120500,56810,6845605000,0.5843,-9595,4121,5795,-2313,3340,4891,-614,0,490,325,-646,1
2023-02-13,120600,121300,117800,118000,39820,4698760000,-2.0747,-2229,5233,-3267,-602,-430,-2892,104,0,554,803,-540,-1
2023-02-14,119200,121900,119100,120400,64550,7771820000,2.0339,-17017,5631,11834,1052,7759,-1607,4687,0,-58,-443,-5,1
2023-02-15,122000,122500,119900,120000,66837,8020440000,-0.3322,-13849,361,13951,7427,7903,26,1374,0,-2779,-386,-77,0
2023-02-16,120400,120900,118700,119600,42226,5050229600,-0.3333,4927,2066,-6879,-4193,-1328,1150,-688,0,-1820,-122,8,0
2023-02-17,118900,119000,116100,116400,66151,7699976400,-2.6756,-8005,21387,-13534,-5919,-819,-35,-5443,0,-1320,433,-281,2
2023-02-20,116400,117400,115300,116600,33807,3941896200,0.1718,-7361,6760,996,5320,-108,-3115,-1088,0,-13,-340,-55,0
2023-02-21,116900,121200,116600,118400,72801,8619638400,1.5437,-12781,-4258,15612,2646,4267,2671,3045,0,2983,2097,-670,0
2023-02-22,116500,119200,116300,116900,36501,4266966900,-1.2669,1880,-1370,250,2540,870,-3201,1308,0,-1267,-510,-250,0
2023-02-23,118200,119400,116500,117000,61263,7167771000,0.0855,4067,22763,-25539,-8719,-5221,-6779,-1709,0,-3111,-1289,-2,0
2023-02-24,116800,117800,113700,115100,63988,7365018800,-1.6239,4624,16270,-19037,-10276,-3052,-749,-3636,0,-1324,-1810,-47,0
2023-02-27,113600,114900,112600,113400,63594,7211559600,-1.477,5207,27474,-30705,-24890,-780,-2165,-666,0,-2205,-1984,8,1
2023-02-28,114300,115700,113400,113600,54175,6154280000,0.1764,-6793,17516,-11023,-5763,104,-1037,-319,0,-4188,300,0,180
2023-03-02,114000,115500,113600,114700,37625,4315587500,0.9683,605,4379,-5057,-5232,45,567,231,0,-665,156,-83,-3
2023-03-03,114700,115500,112300,113900,48057,5473692300,-0.6975,3786,11746,-15250,-6477,-9913,-1185,1915,0,410,126,-408,0
2023-03-06,113900,115800,112100,115700,55456,6416259200,1.5803,-1451,18779,-17012,-13440,-987,15,-409,0,-2191,-2,-314,0
2023-03-07,115100,115800,112800,113000,51735,5846055000,-2.3336,16434,5453,-21578,-19917,281,79,-2387,0,366,-145,-164,0
2023-03-08,112300,112900,111000,112400,42377,4763174800,-0.531,3053,8040,-11817,-8923,140,52,-289,0,-2852,835,-111,55
2023-03-09,113100,119000,112500,115400,93715,10814711000,2.669,-20204,14570,7337,-213,3662,4183,-498,0,34,-1537,-166,169
2023-03-10,115000,117500,113900,114400,57765,6608316000,-0.8666,-2216,5194,-2987,-1830,721,3484,-258,-5300,191,278,-269,5
2023-03-13,113500,116900,112500,116700,43737,5104107900,2.0105,-1590,4687,-2621,26,681,-4919,2533,0,-937,-472,-4,-5
2023-03-14,115900,116700,111400,111500,63097,7035315500,-4.4559,10138,-2248,-8139,-4451,-3266,-2318,5032,0,-3136,35,214,0
2023-03-15,113400,115000,112400,114200,38863,4438154600,2.4215,-13742,-584,13439,10049,-857,622,3693,0,-153,920,-33,85
2023-03-16,112700,115300,112100,114200,24746,2825993200,0.0,-5406,-2003,7493,231,558,3472,2741,0,438,162,-246,53
2023-03-17,115400,116700,114000,114300,30581,3495408300,0.0876,326,1733,-2633,-3688,511,-87,255,0,376,592,-18,0
2023-03-20,114300,114800,112100,112200,25480,2858856000,-1.8373,10124,-4219,-5949,-1876,-3393,-1202,40,0,481,11,33,1
2023-03-21,113900,113900,111400,111700,25886,2891466200,-0.4456,6960,-1073,-6212,-730,-366,-3466,-1666,0,-37,339,-14,53
2023-03-22,112500,112500,111400,111700,24664,2754968800,0.0,5775,1768,-5067,-4990,-656,0,924,0,-435,-2472,-4,90
2023-03-23,111400,113500,110400,111600,46051,5139291600,-0.0895,-5963,10822,-5040,-899,-1465,-115,-3116,0,554,397,-216,1
2023-03-24,112400,112400,108400,109200,54793,5983395600,-2.1505,28817,-5784,-22365,-11763,-2972,47,-7764,0,87,-671,3,0
2023-03-27,109400,109900,105800,107100,73576,7879989600,-1.9231,12495,14573,-27157,-19459,-4778,-18,-2632,0,-270,-264,353,0
2023-03-28,107200,111000,107200,109700,44555,4887683500,2.4276,-8279,9839,-1530,-7752,635,4771,169,0,647,0,-30,0
2023-03-29,109800,114200,109600,113700,67101,7629383700,3.6463,-30912,24893,5557,3265,-297,292,2428,0,-130,491,-29,-1
2023-03-30,113700,113700,111100,111500,41244,4598706000,-1.9349,19832,-14182,-5924,89,-818,-2159,-3195,0,158,200,74,1
2023-03-31,111600,113600,111300,112600,29369,3306949400,0.9865,-3943,1555,1519,400,56,35,103,0,926,940,-71,-1
2023-04-03,113700,117500,113700,115500,78857,9107983500,2.5755,-12991,19976,-7711,-8368,-272,0,-142,0,1072,780,-54,-1
2023-04-04,116500,118400,114200,115700,58237,6738020900,0.1732,-2648,7751,-4822,-4622,42,54,-422,0,124,-271,-10,2
2023-04-05,116300,116300,113700,115600,48061,5555851600,-0.0864,-4370,6188,2571,89,988,1580,-323,0,237,-4390,1,0
2023-04-06,115600,115600,113000,113000,44182,4992566000,-2.2491,6415,3469,-11598,-6510,-2843,865,-2624,0,-486,1710,4,0
2023-04-07,113300,114400,112900,113000,24058,2718554000,0.0,-1892,-410,2173,389,-694,149,2053,0,276,125,4,0
2023-04-10,112700,112700,110700,111400,37255,4150207000,-1.4159,1171,6675,-8323,-7090,-215,-267,-578,0,-124,377,100,-49
2023-04-11,112000,123400,110900,123300,244626,30162385800,10.6822,-77010,50893,17886,6346,1281,5307,-3187,0,8225,8124,107,-86
2023-04-12,127100,132400,125800,128700,381290,49072023000,4.3796,-26445,-24904,40869,7639,14649,3496,7258,220,7557,10694,-214,50
2023-04-13,129800,129800,123500,124700,131473,16394683100,-3.108,12092,2092,-15054,-11734,207,2788,-8110,0,1794,862,8,1
2023-04-14,126000,128600,124400,125600,89115,11192844000,0.7217,-3231,-9511,12029,-9386,7403,11998,2010,0,5,765,-52,-1
2023-04-17,126000,128500,124200,125100,53790,6729129000,-0.3981,6401,-5889,-84,-232,425,-45,-229,0,-4,-338,-90,1
2023-04-18,125100,125100,118700,120400,126824,15269609600,-3.757,9165,-8189,-205,-2581,-1298,10207,-3132,0,-3491,-958,187,90
2023-04-19,120500,122800,119500,122800,58104,7135171200,1.9934,-11759,11215,3073,1379,1885,-777,657,0,-71,-3207,678,0
2023-04-20,121700,121900,117300,117800,66409,7822980200,-4.0717,19751,-222,-19058,-4,-6627,-6842,-2717,0,-2868,-266,-205,0
2023-04-21,117900,118500,114500,116900,45620,5332978000,-0.764,9616,-4719,-5783,-90,-4982,-1463,77,0,675,820,66,0
2023-04-24,117500,124400,117300,124000,148726,18442024000,6.0736,-47912,35540,10268,4889,2057,182,353,0,2843,1383,721,-56
2023-04-25,123500,127000,120700,124600,128911,16062310600,0.4839,-10584,-11254,22615,7384,6691,1018,5745,0,1862,-692,-85,-85
2023-04-26,125700,127600,122100,124700,122483,15273630100,0.0803,-22804,-11846,35339,18460,8530,0,6324,0,1775,-834,145,250
2023-04-27,124400,125600,122500,122600,32887,4031946200,-1.684,1094,-2835,1095,459,905,-399,150,0,-20,644,2,0
2023-04-28,123400,123400,120400,122800,51104,6275571200,0.1631,-2055,8150,-3388,4013,-3612,-2711,98,0,-1176,-3536,829,0
2023-05-02,123000,126500,122800,124500,66151,8235799500,1.3844,-21289,10083,11354,4370,6690,446,-54,0,-98,370,-518,0
2023-05-03,124700,125200,119700,119700,76047,9102825900,-3.8554,26020,-23940,3702,2398,341,1386,316,0,-739,-4428,-1354,0
2023-05-04,120300,127400,120000,125000,83137,10392125000,4.4277,-33884,19872,15714,4580,7164,336,4095,-53,-408,-1483,-219,0
2023-05-08,126000,127400,123500,124000,46867,5811508000,-0.8,15401,-16902,606,1729,-571,-196,-357,0,1,1149,-254,0
2023-05-09,123500,125000,121500,124900,35745,4464550500,0.7258,-486,-3511,5168,2676,2431,-387,125,90,233,-891,-280,0
2023-05-10,124600,128000,123200,126300,89466,11299555800,1.1209,-10131,417,8144,3313,1841,270,2802,0,-81,1552,18,-1
2023-05-11,126900,126900,123300,124500,47358,5896071000,-1.4252,10751,-12461,1386,1049,817,-173,-984,143,533,315,9,1
2023-05-12,123900,126200,121800,124500,61277,7628986500,0.0,-5214,1002,3960,2084,-224,4037,-29,0,-1908,213,39,0
2023-05-15,124000,124000,121000,122800,45257,5557559600,-1.3655,8661,-2038,-6159,2199,-1100,-1767,-1583,0,-3909,-447,-17,1
2023-05-16,125300,125400,119200,119600,57987,6935245200,-2.6059,27483,-18075,-10215,804,-1782,-4405,-4780,0,-52,830,-23,0
2023-05-17,120700,127500,120100,127500,141937,18096967500,6.6054,-55834,29581,30507,10927,12184,247,7373,80,-250,-4541,287,-54
2023-05-18,127000,127500,125600,126600,48455,6134403000,-0.7059,9397,-16966,7466,2969,1463,-2652,5721,0,-35,119,-16,0
2023-05-19,127000,127300,123800,124300,35545,4418243500,-1.8167,9582,-11160,1679,1216,-119,-27,407,0,201,-121,20,1
2023-05-22,124900,128600,124000,128100,75627,9687818700,3.0571,-22449,19727,3067,1866,-1027,1893,500,90,-255,6,-351,0
2023-05-23,128200,129200,126000,127700,65670,8386059000,-0.3123,8794,-11695,3371,787,-305,-2489,95,0,1282,-312,-158,4001
2023-05-24,126500,127800,126000,126100,35562,4484368200,-1.2529,2106,885,-2746,4976,-7576,-961,8,0,807,-139,-106,0
2023-05-25,126500,126600,123800,124300,40154,4991142200,-1.4274,9035,-4284,-5273,2562,-752,-432,99,0,-6750,512,10,0
2023-05-26,123900,125500,123200,124100,22538,2796965800,-0.1609,-2198,-485,3217,2773,-180,-144,311,0,457,-536,2,0
2023-05-30,125000,125100,122100,123000,38476,4732548000,-0.8864,1996,-7312,5558,2014,362,204,1560,0,1418,-266,24,0
2023-05-31,122500,126800,122500,126000,45077,5679702000,2.439,-13449,2901,10820,6860,4325,-1096,99,0,493,-300,28,139
2023-06-01,126000,126000,123000,123700,41950,5189215000,-1.8254,4177,-9108,4149,4964,-370,-24,-395,0,-31,710,72,5
2023-06-02,124300,124900,122900,124800,34217,4270281600,0.8892,-1076,2951,-2418,295,-600,-2454,199,0,142,508,35,0
2023-06-05,125400,127500,124100,127200,53463,6800493600,1.9231,-16329,17995,-1337,0,-110,-490,-489,0,-176,-350,21,-72
2023-06-07,128000,128100,124800,126400,60436,7639110400,-0.6289,4589,-8529,4013,13623,-3758,-3124,-2596,0,-131,-143,70,-1
2023-06-08,126200,127800,125200,126200,39202,4947292400,-0.1582,-4967,4861,-294,0,-2732,17,104,0,2451,398,2,-134
2023-06-09,126200,126400,125300,125900,34428,4334485200,-0.2377,8842,-922,-9005,-7922,-1366,81,-95,0,296,1185,-100,1
2023-06-12,125400,125800,122600,123000,61040,7507920000,-2.3034,21074,-4397,-18003,-3810,-11257,325,-3194,0,-68,1423,-97,1
2023-06-13,123600,123900,122600,123300,37181,4584417300,0.2439,640,9835,-11166,-6456,-2344,-3056,-89,0,779,455,236,0
2023-06-14,122500,124000,121100,121900,47444,5783423600,-1.1354,5968,-2780,-2989,-673,-55,-121,-1814,-50,-276,-141,-58,0
2023-06-15,121500,123400,120700,121300,41065,4981184500,-0.4922,10644,3400,-14077,-7231,-3232,-243,-3209,-80,-82,-9,42,0
2023-06-16,122100,124100,121900,124100,106015,13156461500,2.3083,-18033,19400,-1423,3750,-4892,2,-286,0,3,10,46,0
2023-06-19,124500,124500,120900,121600,52332,6363571200,-2.0145,24446,-2250,-23706,-5294,-19602,25,86,0,1078,1548,-38,1
2023-06-20,121300,121500,119600,120000,37234,4468080000,-1.3158,11071,1666,-13226,-10979,370,-2,-2721,-80,186,337,152,0
2023-06-21,120200,124200,120000,122700,60366,7406908200,2.25,-24464,23599,2977,944,2519,-35,-2498,0,2048,-2106,-6,-1
2023-06-22,122200,122200,120200,120800,35799,4324519200,-1.5485,15610,-11065,-4723,-3399,-362,40,-1003,0,1,48,130,0
2023-06-23,121000,121000,119600,119800,22638,2712032400,-0.8278,6347,-116,-6394,0,286,25,-5207,0,-1499,162,1,1
2023-06-26,120000,121000,119300,119500,24530,2931335000,-0.2504,4293,-182,-4031,-1616,-2289,7,-945,600,212,-80,0,0
2023-06-27,119300,121600,119100,121100,20471,2479038100,1.3389,-3255,1041,1749,0,217,21,125,-330,1716,520,-55,0
2023-06-28,121300,133400,120800,132100,308705,40779930500,9.0834,-133305,49815,85979,47915,28463,-2436,9962,0,2576,-2400,-89,-501
2023-06-29,131500,140000,130000,138900,498474,69238038600,5.1476,-156193,60720,98102,41383,17242,32833,-374,0,7429,-2506,-123,-411
2023-06-30,139200,147500,139000,140200,270382,37907556400,0.9359,-38435,49285,-9240,-6350,-1410,-2644,-682,0,2007,-1360,-250,-161
2023-07-03,140500,147000,140000,141700,179589,25447761300,1.0699,-44681,66424,-19930,-5268,-2885,-13619,-4141,0,5981,-2110,297,2
2023-07-04,142900,149500,142900,145900,190317,27767250300,2.964,-17521,16502,-1200,5394,-3782,-2553,-1804,617,928,2140,79,0
2023-07-05,147800,151900,145000,146500,159536,23372024000,0.4112,-33676,18523,14140,4906,887,-1831,5618,0,4583,1066,-53,-23
2023-07-06,147500,153900,146400,151300,234825,35529022500,3.2765,-34835,-7485,44235,745,4141,36753,2672,0,-56,-1765,-150,-20
2023-07-07,154700,154700,142400,146400,179603,26293879200,-3.2386,11377,-19422,4640,-1165,563,-3133,528,200,7647,3421,-16,0
2023-07-10,146400,149500,142600,146400,103747,15188560800,0.0,-14208,-8193,22637,1547,13123,2311,2048,0,3608,-173,-63,0
2023-07-11,148000,151000,146100,149500,78835,11785832500,2.1175,-6235,10242,-2643,-6171,202,1323,273,0,1730,-1304,-60,0
2023-07-12,149500,149600,145000,147200,110522,16268838400,-1.5385,5462,14450,-20346,-8368,1504,-1995,375,0,-11862,435,-1,0
2023-07-13,147500,149100,145800,146500,89678,13137827000,-0.4755,-6855,24136,-12875,-2369,-945,-2733,-1143,-4000,-1685,-4482,76,0
2023-07-14,147000,160000,147000,159000,334768,53228112000,8.5324,-55144,9131,46129,-3516,10262,23504,9971,0,5908,310,-426,0
2023-07-17,157800,160500,148400,149500,284707,42563696500,-5.9748,61512,-70000,2370,7134,946,-1505,2316,0,-6693,6066,52,172
2023-07-18,151000,151900,147000,151400,185382,28066834800,1.2709,-25179,17993,12001,10410,1567,-10126,9505,200,445,-4874,59,0
2023-07-19,151400,152900,144300,147600,193172,28512187200,-2.5099,31600,37618,-66915,-1067,-9348,-49381,-264,0,-6856,-2477,174,1
2023-07-20,146700,148400,145800,146700,50091,7348349700,-0.6098,-49,5737,-5306,-5470,1367,-199,-788,0,-216,-181,-201,0
2023-07-21,145600,150100,143600,148500,98558,14635863000,1.227,-20056,-1140,21138,-1607,10507,516,3614,2226,882,26,32,5000
2023-07-24,148500,148500,142500,142600,105122,14990397200,-3.9731,6582,1597,-9441,-7720,-3637,0,1307,112,497,1140,122,0
2023-07-25,143000,147600,142600,143500,93893,13473645500,0.6311,306,9188,-9179,-2664,-170,-2558,-4932,0,1185,-346,31,-40
2023-07-26,143700,143800,138200,141100,112356,15853431600,-1.6725,-13482,14343,-3434,-2041,943,-5017,495,224,2042,2640,-67,-80
2023-07-27,143200,149700,137600,139600,155766,21744933600,-1.0631,20906,-7638,-13954,779,-5020,-2122,-5031,0,-2560,828,-142,0
2023-07-28,138600,142000,138100,141300,57083,8065827900,1.2178,-414,-6398,5963,-1396,4222,105,300,0,2732,54,795,0
2023-07-31,145000,157700,142800,153000,333653,51048909000,8.2803,-2254,-35638,39605,3046,13352,9163,2221,-84,11801,-2299,586,106
2023-08-01,154000,154000,147800,151200,171088,25868505600,-1.1765,-9026,-7755,14329,11709,4561,-1287,-4075,0,3332,3100,-648,89
2023-08-02,151100,165000,150900,160000,445990,71358400000,5.8201,-41769,41351,-2400,12025,-8166,25,-1529,-224,-4622,3719,-901,91
2023-08-03,160000,162400,151400,153200,192751,29529453200,-4.25,42785,-28870,-14664,-5829,3260,-13341,-1826,0,1167,619,130,1905
2023-08-04,154500,160900,150700,157100,137896,21663461600,2.5457,-23856,19968,8832,6824,974,81,-109,0,1062,-4871,-73,0
2023-08-07,157000,171500,156200,164500,327368,53852036000,4.7104,-15188,15740,-1480,-1235,-5140,954,1350,-5112,6089,1331,-403,1614
2023-08-08,164000,167500,160300,166100,107386,17836814600,0.9726,18638,-18836,-2544,-1942,-431,-280,174,0,-66,2723,19,1
2023-08-09,165000,165900,162500,163200,97608,15929625600,-1.7459,4351,8506,-12934,-12020,-751,-774,150,0,461,72,5,0
2023-08-10,161900,161900,155300,155300,132823,20627411900,-4.8407,11761,17944,-28722,-20010,-3147,32,-1132,0,-4401,-1113,130,-64
2023-08-11,156000,159500,153800,155500,93811,14587610500,0.1288,15571,20666,-38551,-28082,-5700,-1705,-2333,0,-731,2315,-1,0
2023-08-14,153900,157200,151900,154600,47151,7289544600,-0.5788,-1319,3089,-195,-3090,1533,50,132,123,1057,-1551,-24,0
2023-08-16,154000,156000,150000,151300,83650,12656245000,-2.1345,-6378,23722,-11967,-9935,133,240,-600,0,-1742,-5403,26,-63
2023-08-17,150800,154000,145300,153000,70836,10837908000,1.1236,-1193,-228,-729,-100,-1430,168,969,198,-534,921,1229,0
2023-08-18,150400,154400,150000,152400,41878,6382207200,-0.3922,-431,-1090,1364,-91,447,180,104,0,724,157,0,0
2023-08-21,152900,154000,150200,153100,42501,6506903100,0.4593,-4574,6842,-1494,-1564,564,99,74,0,-286,-752,-22,-381
2023-08-22,152600,156400,151500,151500,54276,8222814000,-1.0451,12007,-9845,-2274,-1187,-7,-18,-1079,0,17,-16,128,0
2023-08-23,151600,157200,151000,156000,72127,11251812000,2.9703,-21228,13566,8072,2102,4204,189,1948,0,266,-489,79,-637
2023-08-24,157600,159100,154300,156800,59317,9300905600,0.5128,-414,-7294,8309,1029,3377,91,2947,0,865,-635,34,0
2023-08-25,155000,156100,150000,150100,68849,10334234900,-4.273,8133,-1101,-8478,-431,-3353,355,-4256,0,-793,1446,0,0
2023-08-28,150500,154500,148000,154000,49394,7606676000,2.5983,-10802,3574,10081,3648,5738,0,1867,0,-1172,-2849,-4,0
2023-08-29,155000,157300,153200,155600,37565,5845114000,1.039,1366,-2646,1182,-1180,12,45,74,0,2231,66,32,0
2023-08-30,158100,176600,158100,174900,387722,67812577800,12.4036,-79205,52734,29071,791,3473,11224,6560,-433,8734,-2443,-157,-1278
2023-08-31,176000,176900,171200,175700,181606,31908174200,0.4574,169,-15639,16907,4509,2246,3808,1018,0,5325,-1444,7,1
2023-09-01,175800,193700,175700,189900,419791,79718310900,8.082,-2043,-1363,1632,5452,-414,2724,1371,-448,-6862,2252,-478,-191
2023-09-04,189700,197800,186500,189600,212012,40197475200,-0.158,11728,5100,-16302,-6489,-5386,4187,1876,-112,-10408,-492,-34,30
2023-09-05,193600,193900,187900,189500,114465,21691117500,-0.0527,16014,-12507,-1045,103,-606,1513,-2086,0,11,-2746,284,20
2023-09-06,189200,207000,187200,200500,347660,69705830000,5.8047,-19297,-36372,54509,571,29094,16921,211,-224,7786,1604,-444,150
2023-09-07,201000,219000,200000,215500,389952,84034656000,7.4813,44165,-41141,-3698,-6876,-482,4068,-737,-224,527,690,-16,26
2023-09-08,219000,223000,210500,217500,226199,49198282500,0.9281,28814,-18103,-12114,-12529,-5396,6677,-380,0,-486,1512,-109,0
2023-09-11,220500,240000,218000,240000,401235,96296400000,10.3448,-3128,46824,-40926,-19857,-9061,-6318,-3765,0,-1385,-2639,-131,-540
2023-09-12,249000,263000,201000,204500,875662,179072879000,-14.7917,53570,72005,-119413,-32410,-48662,-16802,-8889,625,-13275,-6042,-120,0
2023-09-13,201500,206000,188000,191100,666741,127414205100,-6.5526,45648,70739,-120300,-36086,-21000,-30180,-27072,-653,-4759,3880,33,-550
2023-09-14,191800,198300,189100,193000,342687,66138591000,0.9942,30308,-13826,-15898,-13598,2996,-2985,-838,0,-1473,-658,74,0
2023-09-15,191100,198300,187700,189700,278764,52881530800,-1.7098,7243,5477,-16004,-5348,-3718,3111,-5035,0,-5014,3280,4,0
2023-09-18,188900,192000,185200,185400,183287,33981409800,-2.2667,13972,28632,-44183,-45279,2038,2033,-4135,153,907,1026,553,100
2023-09-19,185900,188400,181800,183800,146075,26848585000,-0.863,-2086,11078,-8679,-5584,-4252,40,-746,-122,2185,-1168,855,-200
2023-09-20,184300,187400,180500,181400,141188,25611503200,-1.3058,13624,-9045,-5232,-1652,-2460,1798,-2893,41,-66,585,68,0
2023-09-21,181400,183200,175600,176000,125681,22119856000,-2.9768,-7832,18651,-11427,-3347,2308,-2490,5,153,-8056,615,-7,0
2023-09-22,173000,186300,172500,181800,200499,36450718200,3.2955,-4072,-24495,24800,6473,15450,-3464,1577,112,4652,4044,-277,0
2023-09-25,182800,182800,173500,176900,111495,19723465500,-2.6953,10223,-6063,-4975,-1069,-1126,190,-427,-344,-2199,750,65,0
2023-09-26,176200,182200,175800,178300,84971,15150329300,0.7914,-5816,789,5054,2379,1268,637,1529,0,119,193,-220,-878
2023-09-27,177300,187700,177300,186600,183152,34176163200,4.6551,17555,-46598,28223,15718,7680,3737,1011,0,277,876,-56,-200
2023-10-04,181100,183000,176600,177100,121419,21503304900,-5.0911,17847,-23759,5310,5862,480,-211,1202,0,-2023,729,-127,0
2023-10-05,180500,180700,167500,172100,139063,23932742300,-2.8233,-14091,13670,-2388,1973,-893,-876,670,153,-3415,2780,29,0
2023-10-06,170500,183700,170500,181100,111065,20113871500,5.2295,-18107,3,18949,3142,4924,2258,10250,0,-1625,-652,-193,0
2023-10-10,180300,181000,172300,173000,104060,18002380000,-4.4727,-1507,6712,-3244,-3586,-1502,2047,-145,0,132,-1927,-34,-190
2023-10-11,177700,178000,172700,174700,77465,13533135500,0.9827,15529,-14722,2131,99,-1289,3490,-313,0,143,-3079,141,1
2023-10-12,178500,185400,178000,180100,114333,20591373300,3.091,2385,-9550,4216,6,4465,-3185,3092,0,-161,2938,11,-1
2023-10-13,180200,180200,174200,176700,69254,12237181800,-1.8878,21439,-21667,917,500,-230,230,234,0,182,-368,-321,1
2023-10-16,173000,174200,169500,171500,78617,13482815500,-2.9428,9882,-6740,-2408,1378,-569,508,-4040,0,315,-757,23,0
2023-10-17,173300,174500,169100,171300,67632,11585361600,-0.1166,12942,-12388,-60,748,-1683,244,-300,0,931,-475,-19,0
2023-10-18,170500,172500,168200,170400,59150,10079160000,-0.5254,607,3576,-4401,-5498,523,156,237,0,180,205,13,1
2023-10-19,167100,167100,162000,163300,122778,20049647400,-4.1667,-7640,27816,-15747,-1468,-3856,-1544,-3858,205,-4926,-4507,78,-300
2023-10-20,161000,162300,155400,157900,117378,18533986200,-3.3068,-2084,14146,-12463,-2507,-9016,362,347,265,-974,342,59,-940
2023-10-23,157000,162100,157000,159100,53162,8458074200,0.76,-440,-1608,1810,2674,30,5,-1025,0,126,-125,363,0
2023-10-24,160600,163400,154200,162400,68570,11135768000,2.0742,7571,-18134,10582,7318,1604,835,619,0,206,-19,0,0
2023-10-25,164300,169400,163200,166000,100158,16626228000,2.2167,-5464,-17427,22818,12524,5091,2561,1821,495,325,38,35,1
2023-10-26,161300,162900,157700,158400,90310,14305104000,-4.5783,18277,-6928,-12072,-8517,-3534,139,-1825,0,1565,738,-15,100
2023-10-27,158400,163900,152900,153900,123987,19081599300,-2.8409,-7030,28770,-23236,-14376,-3041,-3804,-1303,176,-701,1499,-3,-187
2023-10-30,151200,151200,138000,140000,330318,46244520000,-9.0318,57343,-13216,-43513,-27922,-12183,32,-2660,593,-1123,-1268,654,-250
2023-10-31,141100,141200,129400,130000,273435,35546550000,-7.1429,45774,-6649,-37810,-25494,-8929,822,-3104,306,-1204,-1467,152,-207
2023-11-01,132000,134400,130000,130500,107381,14013220500,0.3846,6457,-4681,-3738,-2757,-18,-232,-327,0,-404,1942,20,0
2023-11-02,134000,137400,133100,133300,143978,19192267400,2.1456,27549,-25958,-5443,-10270,231,1739,471,0,1224,3679,173,1162
2023-11-03,136100,142700,136100,140100,177068,24807226800,5.1013,33052,-34117,-989,-6822,1183,1852,-321,2000,1119,1815,239,0
2023-11-06,143300,148300,142000,146600,177388,26005080800,4.6395,15452,-14662,-3859,-6372,0,-820,1453,0,1893,2878,191,-13
2023-11-07,146600,146600,138700,140200,140114,19643982800,-4.3656,42122,-35146,-9480,-3472,-1739,-4251,541,0,-560,2508,-4,1
2023-11-08,141000,141300,136200,136600,123241,16834720600,-2.5678,27717,-4660,-22658,-18219,17,-3387,-1095,0,26,8,-407,0
2023-11-09,137300,140500,135000,139800,86610,12108078000,2.3426,8690,-539,-9777,-3136,-9336,831,813,0,1051,1619,7,0
2023-11-10,137100,137400,133300,135900,89714,12192132600,-2.7897,10409,1540,-12387,-13083,-2280,5692,-2517,0,-200,473,-35,1
2023-11-13,137200,138000,133500,134700,58989,7945818300,-0.883,5543,1616,-6301,-1531,1315,-3420,-168,0,-2497,-874,16,0
2023-11-14,135700,143700,135700,143600,132565,19036334000,6.6073,-16730,639,18055,15468,1074,1874,-884,227,296,-2075,111,0
2023-11-15,147700,151300,143600,150600,196476,29589285600,4.8747,6216,-51318,43250,20095,21065,-2257,2549,0,1799,2021,-169,-1
2023-11-16,152000,162500,152000,159700,369296,58976571200,6.0425,-22541,-53755,79965,-2069,41887,27392,9420,0,2685,-4436,767,650
2023-11-17,161800,165000,156500,163300,255886,41786183800,2.2542,-18920,-40783,60226,21106,7534,15765,11361,-415,4459,-443,-80,416
2023-11-20,158300,166700,156000,163600,176544,28882598400,0.1837,-4637,-176,7388,-4765,9251,-1314,4738,0,-498,-2708,133,-24
2023-11-21,164400,172800,163000,164300,176621,29018830300,0.4279,3204,-6660,2549,-8152,1637,984,2978,190,4912,1952,-1045,0
2023-11-22,162000,172400,161800,171500,156846,26899089000,4.3822,-8064,-1398,11705,1409,6789,1604,5400,0,-3497,-2324,81,0
2023-11-23,171000,174300,168800,169500,124030,21023085000,-1.1662,20167,-6685,-15253,-6628,420,-7591,1819,-780,-2494,1859,-88,1
2023-11-24,169000,173300,165100,172700,144531,24960503700,1.8879,-10520,-7055,13724,-8532,3154,17489,1480,0,133,3837,14,0
2023-11-27,172800,183800,169000,181800,255821,46508257800,5.2693,-47312,-16442,63888,40425,8434,9287,2343,0,3599,-78,-56,-200
2023-11-28,182300,188900,178100,184000,290451,53442984000,1.2101,234,-40765,39251,20182,10115,2508,4108,0,2338,1286,-6,0
2023-11-29,183000,196600,181500,191200,394295,75389204000,3.913,-61001,-6371,73663,42536,7277,19216,3784,90,760,-6144,-147,0
2023-11-30,191800,193500,184000,185000,342504,63363240000,-3.2427,28101,-39122,13500,21817,-1551,129,-2404,-125,-4305,-2379,-100,-61
2023-12-01,183200,186500,175400,177300,313544,55591351200,-4.1622,3945,-2820,-842,1095,1902,478,924,0,-5241,-525,242,0
2023-12-04,174500,180000,172400,173600,158230,27468728000,-2.0869,3957,-9091,5048,219,2874,4763,1480,0,-3126,378,-292,-1162
2023-12-05,172300,175700,170900,172200,122424,21081412800,-0.8065,-3576,-9435,15083,13067,-860,37,3864,0,-1025,-2033,-39,0
2023-12-06,173500,178100,173200,175100,108604,19016560400,1.6841,14192,-25864,9530,-453,2133,5606,4465,0,-2222,1807,335,1
2023-12-07,174500,178800,169300,171300,119982,20552916600,-2.1702,6728,-7637,-1879,-1474,-1327,-1529,2377,0,26,2353,435,48
2023-12-08,173200,175000,170000,174500,86978,15177661000,1.8681,-3604,3705,23,-2702,-2630,-1379,4707,0,2027,-310,186,0
2023-12-11,174400,178700,170900,171600,122501,21021171600,-1.6619,34609,-20597,-13040,-1928,-3355,-5623,-1743,0,-391,-71,-901,0
2023-12-12,169800,171800,165900,168200,139348,23438333600,-1.9814,-963,11660,-9961,-380,-2769,-4726,-2293,0,206,-694,-42,1
2023-12-13,168000,168400,163600,164300,111978,18397985400,-2.3187,4980,13593,-16440,-6372,-3186,-5545,-831,0,-556,-2156,23,50
2023-12-14,166700,171500,165500,171000,163459,27951489000,4.0779,17024,-19813,557,5979,3646,-11696,3738,0,-1110,2143,89,0
2023-12-15,171800,177000,170200,172000,137654,23676488000,0.5848,9785,-13656,4353,1561,624,-3173,93,0,5248,-428,-54,0
2023-12-18,172000,176700,169800,175500,90716,15920658000,2.0349,966,-9846,7468,2994,933,2065,1356,0,44,1403,9,76
2023-12-19,176300,177000,173600,176500,67615,11934047500,0.5698,-4123,-7391,10274,6760,-2842,808,4266,0,1282,1171,69,0
2023-12-20,177900,190800,175500,190500,288300,54921150000,7.932,-41009,11656,28416,12311,6962,5451,2576,2,1114,907,30,0
2023-12-21,187100,205500,187100,203000,580641,117870123000,6.5617,-34782,10292,27512,9835,1028,15452,-620,0,2017,-2823,-199,-200
2023-12-22,205500,207000,198400,202500,214006,43336215000,-0.2463,-18699,-20381,36727,30261,3807,-558,509,0,2732,2437,-84,-24
2023-12-26,203000,205000,193400,196800,203509,40050571200,-2.8148,-12080,13218,-6474,-10323,-1041,5459,653,0,-1222,5258,78,0
2023-12-27,196500,216000,196500,211500,268592,56807208000,7.4695,-1852,5505,5928,819,3114,276,79,-113,1099,-9281,-300,654
2023-12-28,213000,214500,205500,211500,161220,34098030000,0.0,5675,-2168,180,3396,-561,-3095,85,0,402,-3760,73,-47
2024-01-02,212500,214000,199000,199400,290140,57853916000,-5.721,41867,6272,-49285,-2314,-27615,-18251,-286,0,-687,1018,128,-132
2024-01-03,197300,197400,188500,189500,247614,46922853000,-4.9649,44379,8170,-53430,-22515,-3744,-17897,-6358,0,-3116,556,325,200
2024-01-04,187500,197300,187100,191900,214081,41082143900,1.2665,40453,-30134,-12429,7200,-3187,-14110,-282,0,-2100,1892,218,50
2024-01-05,189500,191000,183600,184700,208631,38534145700,-3.752,48158,3115,-49832,-11604,-9731,-25631,-3288,0,321,-1640,199,101
2024-01-08,186200,191900,186100,189000,183972,34770708000,2.3281,2558,-10542,6726,12725,-5741,-4425,-1012,0,5179,1203,55,0
2024-01-09,190900,192100,185100,187500,123782,23209125000,-0.7937,22599,-23928,3547,4628,-4630,381,2401,0,716,-2132,-86,51
2024-01-10,187600,192400,185700,190700,122290,23320703000,1.7067,-143,-8699,8094,8633,1631,-1132,676,0,-1714,760,-12,0
2024-01-11,191200,192900,188500,192000,100366,19270272000,0.6817,4568,-9545,5085,5316,-571,-309,-746,0,1395,-402,294,0
2024-01-12,191000,191900,182200,185200,141617,26227468400,-3.5417,24421,-18508,-3776,362,564,-1514,-2078,0,-1210,-2159,22,100
2024-01-15,183700,186200,181900,184000,81481,14992504000,-0.6479,-14124,13937,216,-727,1526,495,-2818,0,1739,-178,149,1
2024-01-16,184100,185700,179600,180200,81085,14611517000,-2.0652,-9832,19125,-9387,-7017,-6038,2686,-647,0,1529,132,-38,100
2024-01-17,180000,180900,173400,174800,149212,26082257600,-2.9967,-3379,50695,-46538,-19916,-24215,-267,-2093,0,-152,-823,45,105
2024-01-18,174000,176900,170500,174700,139929,24445596300,-0.0572,-1989,7222,-6710,-1434,-2597,842,272,47,-3840,1396,81,0
2024-01-19,177200,182000,175400,177000,114303,20231631000,1.3165,20048,-25449,1702,-368,1597,-243,1253,0,139,3590,109,-676
2024-01-22,178500,184100,173500,182600,122393,22348961800,3.1638,6555,-14579,7640,2151,1364,-429,3013,0,1542,339,45,-1
2024-01-23,180800,181400,176100,176200,99798,17584407600,-3.5049,20052,-19796,72,-155,-232,186,-763,0,985,-346,18,51
2024-01-24,175700,177100,172000,173500,100750,17480125000,-1.5323,22869,6562,-29478,-21001,-4793,-1046,-1793,0,-845,-42,89,0
2024-01-25,172500,177800,171200,175000,127124,22246700000,0.8646,-8168,18179,-11555,-14236,2979,-3828,1781,0,1749,1520,24,0
2024-01-26,176800,181000,175600,178200,133566,23801461200,1.8286,-21802,10271,11181,6188,641,-2011,6534,0,-170,224,126,-1
2024-01-29,178000,178000,155900,156100,535596,83606535600,-12.4018,232101,-79119,-164340,-88707,-37422,-2004,-30938,-220,-4956,10905,453,-93
2024-01-30,157100,157400,148200,148800,404588,60202694400,-4.6765,100724,20320,-123393,-64494,-28632,1346,-27196,0,-4203,2183,166,-214
2024-01-31,148600,152700,147800,148000,193869,28692612000,-0.5376,34044,3215,-38954,-34915,-473,-2742,-9,0,-815,1551,144,0
2024-02-01,150000,155400,149100,151300,228320,34544816000,2.2297,44220,-9662,-36646,-25127,-9420,-4639,398,0,2142,1985,103,0
2024-02-02,151900,156400,150900,155300,159436,24760410800,2.6438,18112,2000,-19924,-18694,-921,-295,-1092,0,507,-1233,1045,571
2024-02-05,157000,161900,154500,154600,217360,33603856000,-0.4507,23076,-15608,-5031,-6862,246,1156,148,140,141,-2220,-217,0
2024-02-06,153800,155300,149800,150300,125935,18928030500,-2.7814,29043,-2975,-28458,-22490,-2118,-167,-2665,0,-1016,2275,115,-2
2024-02-07,150300,153500,147900,149700,167325,25048552500,-0.3992,39905,16000,-60036,-37544,-13677,-6312,-4657,0,2276,4079,52,-122
2024-02-08,151100,155100,150700,154300,129140,19926302000,3.0728,-1957,5644,-2295,-3102,640,-457,-343,269,697,-1501,109,1
2024-02-13,154700,159600,154700,156800,141207,22141257600,1.6202,9153,-6670,-2611,-3814,247,406,-274,108,716,123,5,0
2024-02-14,154000,158900,152600,158700,120011,19045745700,1.2117,6388,1564,-7740,-10180,-767,1920,604,0,684,-66,-146,-1
2024-02-15,161500,161500,156500,156700,96320,15093344000,-1.2602,35227,-28416,-8181,-6310,-165,-1718,-85,0,97,1166,204,0
2024-02-16,157500,158700,155200,156800,81074,12712403200,0.0638,7140,26,-8309,-3348,-442,-3265,-624,-593,-38,1505,-362,1
2024-02-19,156000,157200,153800,155300,98144,15241763200,-0.9566,438,11511,-11635,-3900,-5755,-12,-1799,0,-169,-281,-33,0
2024-02-20,155200,161000,154500,156000,128353,20023068000,0.4507,-695,-781,-700,-3936,2937,-454,656,-153,1010,2049,127,-760
2024-02-21,155300,155900,152800,152800,90884,13887075200,-2.0513,29388,-18031,-11772,-4915,-5014,-539,-704,0,-600,397,18,0
2024-02-22,153300,155300,152100,154800,82587,12784467600,1.3089,-14880,22115,-7191,-3444,-169,-71,-2681,0,-827,-135,91,1
2024-02-23,155400,155800,152600,152600,83815,12790169000,-1.4212,23159,-10693,-13340,-10793,-1390,-1176,-240,0,259,269,605,0
2024-02-26,152100,153700,150500,150600,88372,13308823200,-1.3106,17617,11212,-30093,-21962,-6949,-169,-452,0,-562,1201,63,1
2024-02-27,150100,151100,149000,149100,96138,14334175800,-0.996,4012,11241,-16245,-12827,-909,-2717,-100,0,308,1183,-191,0
2024-02-28,148500,153000,148300,150100,105352,15813335200,0.6707,2286,11581,-12941,-12553,-215,-12,-359,0,198,-958,32,0
2024-02-29,150000,151400,148000,149300,67184,10030571200,-0.533,11216,-7471,-2896,-2419,-768,6092,-1000,0,-4801,-865,16,0
2024-03-04,150100,151600,147200,147300,122173,17996082900,-1.3396,31035,-27868,-5347,765,-926,-3689,-512,0,-986,1818,362,1
2024-03-05,146200,150900,145800,146400,107637,15758056800,-0.611,-3947,6694,367,2048,438,-609,-560,0,-950,-1442,-1672,0
2024-03-06,146400,148000,145100,145800,79007,11519220600,-0.4098,3516,5113,-8147,-5028,-2302,-232,-219,123,-539,-509,27,50
2024-03-07,146100,150500,145000,146600,132144,19372310400,0.5487,3397,-4408,524,4782,-234,-3193,-895,0,64,373,114,0
2024-03-08,148000,149200,145900,146300,74896,10957284800,-0.2046,16941,-13678,-5913,-2504,-963,-54,-1631,0,-756,2752,-102,-5
2024-03-11,146100,149000,145600,146300,71261,10425484300,0.0,12107,-738,-11700,-7604,-1339,-1700,-31,0,-1026,307,24,0
2024-03-12,146100,148700,146000,146300,72573,10617429900,0.0,10485,-2447,-9269,-1794,-2630,-4711,-280,0,46,1356,-125,100
2024-03-13,147000,150800,146600,150600,139334,20983700400,2.9392,-11586,14572,-4228,597,-2339,-1137,-174,0,-1175,1264,-22,0
2024-03-14,150100,150300,148500,149900,83613,12533588700,-0.4648,17600,-5756,-10160,-8364,-193,0,-1239,-438,74,-1770,86,0
2024-03-15,149900,149900,144500,144500,228097,32960016500,-3.6024,47886,-41390,-7076,-7671,2232,-532,-254,0,-851,554,26,0
2024-03-18,145200,145200,141700,142600,107191,15285436600,-1.3149,12456,5520,-16196,-5227,-7165,12,-3820,74,-71,-1725,-55,1
2024-03-19,142900,143700,141500,141800,65368,9269182400,-0.561,7321,-4982,3113,710,1762,314,167,0,160,-5520,68,0
2024-03-20,142800,149500,142800,145900,150118,21902216200,2.8914,-19441,13931,1563,561,284,130,241,297,49,3340,607,1
2024-03-21,148500,150400,145100,148800,110263,16407134400,1.9877,-25676,17566,8469,450,4481,1468,-106,0,2177,309,-668,-1
2024-03-22,150200,151800,146600,147300,104029,15323471700,-1.0081,32250,-32088,-595,225,8,112,-514,0,-426,259,174,0
2024-03-25,147100,148000,143400,143800,96066,13814290800,-2.3761,36136,-28034,-7228,-5382,-1643,-25,0,0,-178,-855,-19,0
2024-03-26,143900,146000,143800,144600,53207,7693732200,0.5563,-5039,4854,-611,-218,-14,-75,-2,0,-302,841,-45,0
2024-03-27,145500,151300,142900,151100,194646,29411010600,4.4952,-43612,15164,28630,5893,16133,4498,1903,0,-34,-304,122,237
2024-03-28,152700,152700,146800,147400,156707,23098611800,-2.4487,60858,-67467,5827,0,2285,1656,139,0,1747,595,187,0
2024-03-29,148000,148400,143700,144000,106073,15274512000,-2.3066,40571,-33508,-3433,0,-3601,-13,-183,0,363,-3748,118,1
2024-04-01,145000,147700,145000,146400,61374,8985153600,1.6667,-4574,3232,1686,758,-269,449,-112,0,860,-398,54,0
2024-04-02,148000,151500,147500,148700,190590,28340733000,1.571,-7934,-2027,9529,-271,2654,-176,5209,147,1966,919,-487,0
2024-04-03,148700,148700,145500,145700,92390,13461223000,-2.0175,14258,-14047,-531,2289,-3163,-4,905,0,-558,280,40,0
2024-04-04,146500,147100,144200,147100,65132,9580917200,0.9609,-3216,-705,3652,3496,-143,112,1098,-936,24,262,7,1
2024-04-05,145600,147200,144500,145000,54864,7955280000,-1.4276,3175,-12253,9224,10390,-47,0,-332,0,-787,-863,717,0
2024-04-08,147300,154000,146900,154000,386081,59456474000,6.2069,-92256,40953,45183,31411,9391,-3863,4999,129,3170,6624,-504,-54
2024-04-09,157000,158500,150100,150300,290721,43695366300,-2.4026,36339,-49928,8891,5566,1396,901,576,-168,570,4845,-147,50
2024-04-11,149100,151600,148000,150600,95334,14357300400,0.1996,2786,-5383,2604,5453,837,-230,29,0,-3485,38,-45,0
2024-04-12,152000,152000,148500,149400,92887,13877317800,-0.7968,12283,-12279,2491,1683,-2066,-3,2754,0,123,-2514,19,0
2024-04-15,147300,148600,145000,147700,88356,13050181200,-1.1379,7370,-6254,-2002,-5720,4834,-1197,325,0,-244,893,-7,0
2024-04-16,145900,149300,142000,142000,141774,20131908000,-3.8592,33277,-22282,-11020,-613,-11285,-896,2153,49,172,55,-30,-600
2024-04-17,143000,143400,136300,136300,204787,27912468100,-4.0141,74139,-49619,-22416,-7552,-7685,-3487,-703,456,-3446,-2235,131,1
2024-04-18,136100,138500,135600,138300,79892,11049063600,1.4674,5549,7487,-11367,-7596,36,69,-3155,0,-621,-1642,-27,-100
2024-04-19,138000,138500,133500,136000,83456,11350016000,-1.6631,-2689,-4534,3991,6043,-1430,187,-1546,168,568,3165,67,1
2024-04-22,138000,141700,137900,141300,76970,10875861000,3.8971,-17613,11887,6779,6980,-964,88,972,0,-296,-1028,-25,-1
2024-04-23,142000,143100,139700,140200,57161,8013972200,-0.7785,14072,-5101,-9602,-9966,-5,-54,87,0,336,522,109,0
2024-04-24,143200,154700,142500,154200,413460,63755532000,9.9857,-172749,142161,38278,21075,9269,-1039,7865,-348,1456,-7760,70,0
2024-04-25,152900,153600,150200,151500,114046,17277969000,-1.751,19700,-27639,6844,94,7156,-542,2,0,134,979,116,0
2024-04-26,154200,154500,150000,153700,102742,15791445400,1.4521,-7705,-6110,8532,10,8359,-68,569,179,-517,5190,93,0
2024-04-29,157100,162500,153200,161400,436688,70481443200,5.0098,-67183,-20874,91874,28790,29589,16790,5444,-307,11481,-3795,-22,87
2024-04-30,170000,173500,154000,154000,1092422,168232988000,-4.5849,-32670,-43895,79150,-4810,21380,52024,7439,-371,3586,-4159,1574,-98
2024-05-02,155000,160800,150600,151600,343019,52001680400,-1.5584,67485,-17159,-56049,-4135,1001,-57944,3316,193,1469,7047,-1324,51
2024-05-03,151200,154300,151000,151900,148094,22495478600,0.1979,7245,957,-11290,3675,3057,-18857,314,0,521,3246,-158,0
2024-05-07,152300,156600,152300,154600,120228,18587248800,1.7775,-24395,11044,8357,5053,-693,-134,-330,0,4461,4991,3,0
2024-05-08,153200,156100,152000,152700,77473,11830127100,-1.229,13355,-5158,-6740,-1444,-5012,-8,-388,0,76,-1502,45,36
2024-05-09,151300,152500,148300,148500,152826,22694661000,-2.7505,53789,-23178,-21530,-6083,-5087,-2135,-5880,168,-2516,-8887,-194,3
2024-05-10,148500,149500,145700,145800,127750,18625950000,-1.8182,26519,-4573,-21571,-3771,-10560,-402,-2462,0,-4376,-439,64,0
2024-05-13,145800,148300,145100,148300,69340,10283122000,1.7147,-14752,7395,7784,8875,1004,200,-2198,123,-220,-435,8,0
2024-05-14,148800,151900,147000,150500,80122,12058361000,1.4835,-22304,9267,12880,11343,587,55,769,162,-36,65,92,0
2024-05-16,150600,151600,148900,150400,60470,9094688000,-0.0664,-1188,2574,-2119,1204,-3166,64,-125,0,-96,888,-155,0
2024-05-17,149400,150200,148100,148200,52472,7776350400,-1.4628,13835,-10819,-3444,3045,-1017,-5407,-86,0,20,425,3,1
2024-05-20,148200,150700,146700,150400,59561,8957974400,1.4845,-16778,13455,2284,3287,59,-1257,63,0,132,1047,-8,0
2024-05-21,150100,152000,148300,151200,64409,9738640800,0.5319,-11896,5714,4021,3445,-309,678,189,0,18,2138,23,0
2024-05-22,152400,155000,149800,155000,124584,19310520000,2.5132,-14347,647,10579,8492,1521,596,-73,0,43,2919,202,0
2024-05-23,155500,155500,152500,152900,74249,11352672100,-1.3548,5188,-5924,2199,2982,-704,-543,-432,0,896,-1477,14,0
2024-05-24,151100,153800,150500,153100,56028,8577886800,0.1308,-12417,114,12839,7692,4732,450,-26,0,-9,-536,0,0
2024-05-27,153700,153800,150300,152500,69154,10545985000,-0.3919,-4703,-235,3908,5089,61,-242,-962,0,-39,1020,10,1
2024-05-28,155800,157800,152100,152100,112840,17162964000,-0.2623,15931,-19356,4019,3392,-10,369,365,0,-96,-679,85,-1
2024-05-29,152700,152700,149100,149100,68326,10187406600,-1.9724,5265,-8773,3148,3287,95,-18,-21,0,29,359,1,-224
2024-05-30,148600,150000,147900,147900,48145,7120645500,-0.8048,4159,-5282,-227,516,-479,63,92,0,-419,1335,15,0
2024-05-31,148300,149200,147500,148000,38752,5735296000,0.0676,367,-5402,4560,3380,1238,327,-301,0,-85,485,-10,1
2024-06-03,149000,152300,148700,150100,54072,8116207200,1.4189,-6596,2714,3391,-333,4157,-69,10,0,-374,266,225,0
2024-06-04,148800,150500,148800,148800,34032,5063961600,-0.8661,6173,-6990,571,0,1120,-507,23,0,-65,153,93,0
2024-06-05,149700,149700,146700,147400,83033,12239064200,-0.9409,13419,-10048,-4407,-3618,283,-1075,-67,0,69,854,182,1
2024-06-07,147800,148200,146400,146800,45475,6675730000,-0.4071,7560,-3485,-4620,22,-1949,-1000,-2065,0,372,429,116,0
2024-06-10,145900,148700,145500,148100,48816,7229649600,0.8856,-11260,4818,5245,-1650,5004,44,1811,0,36,1201,-4,0
2024-06-11,148000,148500,146400,147000,41452,6093444000,-0.7427,4161,-6657,3000,0,2871,20,62,0,47,-543,39,0
2024-06-12,147000,147500,146400,147300,36625,5394862500,0.2041,4349,-282,-4131,-4227,35,-489,319,0,231,155,-91,0
2024-06-13,148500,153700,148000,152700,189125,28879387500,3.666,-63440,51998,11034,17176,-9412,1027,1017,0,1226,489,-81,0
2024-06-14,153900,159700,151200,155200,394309,61196756800,1.6372,-62470,18366,45236,27144,2045,1610,7058,0,7380,-1216,84,-1
2024-06-17,155300,159100,151300,153500,152029,23336451500,-1.0954,23118,-22494,152,10195,-1806,-1470,-3671,0,-3097,-860,84,1
2024-06-18,157500,163000,156600,161700,388097,62755284900,5.342,-78558,28028,59263,30225,12990,1788,6346,-123,7537,-8291,-442,500
2024-06-19,163400,163500,155200,156000,280739,43795284000,-3.525,49793,-66637,17190,28266,-10119,1684,-5537,-45,2641,-418,72,300
2024-06-20,156600,159300,154000,155400,108000,16783200000,-0.3846,13303,-11314,-2646,1249,2,-2813,-95,0,-990,495,162,1
2024-06-21,156000,157400,153500,156700,78024,12226360800,0.8366,-10972,-4386,14245,12808,1210,0,-9,0,236,-572,1685,0
2024-06-24,156200,158600,155500,156800,57306,8985580800,0.0638,3864,-9958,8487,9030,-1263,116,39,0,565,-1125,-1268,0
2024-06-25,156400,162300,156400,160600,160947,25848088200,2.4235,-39177,19884,17694,1176,9301,6569,2817,0,-2169,1564,35,0
2024-06-26,162000,162000,157500,159000,113869,18105171000,-0.9963,16794,-14860,-2575,1605,-424,-1336,-658,0,-1762,475,166,0
2024-06-27,159800,161300,158000,160700,77676,12482533200,1.0692,-11847,7320,4689,5195,928,-183,1992,0,-3243,-254,92,0
2024-06-28,161000,167300,159500,164400,211039,34694811600,2.3024,-51257,17197,29250,11871,6093,1803,3918,-123,5688,4651,159,0
2024-07-01,166600,168700,162100,162600,147057,23911468200,-1.0949,10341,-10344,-1511,3355,728,-609,-3775,405,-1616,1249,265,1
2024-07-02,165000,165200,156500,157400,142053,22359142200,-3.198,9166,-16559,9958,8218,846,2315,-526,0,-895,-2409,-156,0
2024-07-03,161000,172800,160200,168300,569958,95923931400,6.925,-159224,93407,68142,24756,19807,15773,6503,0,1303,-1330,-995,0
2024-07-04,172600,178000,170500,174000,402884,70101816000,3.3868,-15970,-4513,23987,15876,3417,1949,1972,-265,1038,-3229,-275,0
2024-07-05,172900,174300,168300,170500,221151,37706245500,-2.0115,50605,-41514,-10374,-11478,6346,-5089,-460,0,-262,1022,261,569
2024-07-08,171500,178500,171100,177000,234418,41491986000,3.8123,-60354,21346,39116,29686,3469,1459,842,0,3660,505,-613,0
2024-07-09,177300,181000,174400,176600,179761,31745792600,-0.226,-983,-14739,20667,22048,-1825,1463,-949,-41,272,-4734,-211,-301
2024-07-10,176600,179000,170700,177300,174172,30880695600,0.3964,-2208,-8023,17251,3436,13979,118,-2145,0,1863,-6961,-59,0
2024-07-11,177600,181900,175000,175000,168755,29532125000,-1.2972,379,-12479,11459,98,6137,1780,4226,0,-682,1676,-1035,-100
2024-07-12,168600,172000,165900,166500,252181,41988136500,-4.8571,57807,-8328,-45363,-21950,-3789,-9095,-6938,0,-3592,-4466,350,1
2024-07-15,167500,169200,164900,169000,88965,15035085000,1.5015,-212,-3421,1804,-654,876,1041,-111,0,552,1745,84,100
2024-07-16,170100,175800,169500,175400,196405,34449437000,3.787,-72472,37470,35314,18170,9501,591,2529,0,4523,129,-441,0
2024-07-17,176500,176500,169200,169300,120123,20336823900,-3.4778,16697,-24591,8513,3122,2809,3578,-201,0,-795,-885,266,0
2024-07-18,165500,169100,165500,166000,85485,14190510000,-1.9492,-405,1824,-61,782,-37,2974,-194,0,-3586,-1135,-223,0
2024-07-19,165900,166000,161000,163000,91394,14897222000,-1.8072,11793,-4839,-6986,3306,-4589,1436,-2360,157,-4936,-83,115,0
2024-07-22,161600,163000,157400,159500,111526,17788397000,-2.1472,-11170,20490,-7488,-5267,-2003,-656,865,-553,125,-1647,-185,1
2024-07-23,160600,162600,158400,158400,86894,13764009600,-0.6897,20124,-5547,-14978,-1672,-3480,-4846,389,0,-5368,289,112,-1
2024-07-24,158500,159400,155200,158900,70242,11161453800,0.3157,11032,-1853,-8466,-677,-852,-4350,-2873,112,118,-759,46,56
2024-07-25,156000,156700,153900,154300,82822,12779434600,-2.8949,4658,-1701,-4424,-1509,-1561,296,-863,0,-888,1511,-44,101
2024-07-26,154000,167300,148000,166500,306342,51005943000,7.9067,-52100,9435,41809,7806,10596,14812,2463,193,5839,878,-22,100
2024-07-29,166700,172000,164000,170200,179185,30497287000,2.2222,-71710,24985,46477,13602,18142,10273,5328,-52,-986,162,86,170
2024-07-30,169000,172400,165500,165800,86270,14303566000,-2.5852,1314,-4716,3375,-606,2022,1574,36,0,350,96,-69,-1
2024-07-31,166000,166500,160200,164300,60712,9974981600,-0.9047,5572,-11390,5949,3351,1230,1477,-180,0,-194,71,-202,265
2024-08-01,165000,169900,165000,166800,59827,9979143600,1.5216,-8005,-397,8011,7231,-1912,4388,-1266,0,-430,522,-131,0
2024-08-02,162000,162400,157700,157800,105892,16709757600,-5.3957,14224,-22097,5843,4326,2480,-1202,828,0,96,2084,-54,-685
2024-08-05,151100,154000,139700,144500,178185,25747732500,-8.4284,-23798,-651,20820,12897,3183,-369,1351,744,3014,3764,-135,0
2024-08-06,146200,153200,146100,151000,96300,14541300000,4.4983,-7623,-5808,13672,11236,2124,372,801,0,-861,-152,-89,0
2024-08-07,148300,157000,148300,155600,67864,10559638400,3.0464,-11301,-101,11566,11781,102,-80,2814,-148,-2903,-180,16,0
2024-08-08,152000,155200,150000,154500,48931,7559839500,-0.7069,-6837,-2986,9346,2815,3942,1023,300,0,813,476,1,453
2024-08-09,158000,158100,153900,155600,41605,6473738000,0.712,-269,-8717,6777,6352,-337,-12,26,0,747,2254,-45,1
2024-08-12,156500,157400,153400,153500,43573,6688455500,-1.3496,12747,-2970,-9819,-4049,-5489,419,-649,0,-51,-169,211,0
2024-08-13,153500,155100,150000,150500,41651,6268475500,-1.9544,6153,-2016,-1071,-230,861,-807,-402,0,-493,-2875,-191,0
2024-08-14,152300,152800,150300,150900,41528,6266575200,0.2658,5747,1922,1933,-1188,-381,3477,-231,0,256,-9679,77,0
2024-08-16,154500,160600,153300,160400,106267,17045226800,6.2956,-52194,27871,23743,10159,2656,6666,4486,-188,-36,630,-50,0
2024-08-19,160400,161800,157800,158900,59404,9439295600,-0.9352,7732,-8343,676,364,327,0,-106,0,113,-69,4,-22
2024-08-20,159100,161500,157500,161400,49988,8068063200,1.5733,-10521,8042,3135,-544,268,1219,290,0,1902,-656,0,0
2024-08-21,160400,162400,159300,161100,41120,6624432000,-0.1859,-4068,4921,-954,451,-64,-257,-849,0,-235,94,7,0
2024-08-22,162000,162600,155500,155800,67384,10498427200,-3.2899,31765,-17308,-14799,-7193,-953,-4280,-2681,0,208,297,45,100
2024-08-23,154800,157600,154000,157500,36654,5773005000,1.0911,-4040,3679,211,5909,-734,-5258,812,0,-519,109,41,1
2024-08-26,158000,158800,154400,154700,41800,6466460000,-1.7778,10468,-4572,-8673,5,-4246,-4442,-186,0,196,2738,39,0
2024-08-27,154300,156400,151000,155300,50354,7819976200,0.3878,-1931,2905,132,1476,3129,-2720,99,0,-1852,-1192,86,0
2024-08-28,156400,164500,155000,163200,104544,17061580800,5.0869,-32217,12889,17575,10359,2951,546,2459,-197,1457,821,932,0
2024-08-29,165700,168700,161400,163200,182949,29857276800,0.0,-40772,-9076,51112,17216,19411,-2224,14929,11,1517,-1016,-248,252
2024-08-30,164800,166100,159900,161300,70732,11409071600,-1.1642,23435,-6567,-14042,244,-9484,-3097,-5,0,-1701,-3197,371,1
2024-09-02,162000,163100,159300,163100,55223,9006871300,1.1159,4607,3835,-5243,-634,-3488,709,-737,326,-1308,-2992,-207,-111
2024-09-03,163300,163300,155000,155000,107803,16709465000,-4.9663,22229,-9942,-11315,1257,-7097,1066,-1331,0,-5210,-1187,215,0
2024-09-04,150000,153400,148000,152100,53853,8191041300,-1.871,-7240,5807,118,2179,-503,-1726,-122,202,87,1303,12,1
2024-09-05,153800,156400,151900,155200,60574,9401084800,2.0381,-8650,1163,7426,4543,2942,-2334,2202,0,72,-123,184,1
2024-09-06,157100,161400,152400,153000,155332,23765796000,-1.4175,-12073,2655,10263,4109,4062,-400,2146,439,-93,-1099,254,0
2024-09-09,150000,157000,148500,155700,56218,8753142600,1.7647,-13984,803,12232,6899,1711,534,659,0,2429,807,142,0
2024-09-10,157700,158000,151500,151700,32934,4996087800,-2.569,6457,-6980,-350,274,-2969,3,1138,0,1204,861,12,0
2024-09-11,153000,160000,152800,155600,79835,12422326000,2.5709,-25175,13890,11622,3990,3309,434,3396,98,394,-643,306,1
2024-09-12,157100,158500,155700,157100,24041,3776841100,0.964,4470,-4981,527,192,-289,6,-21,-120,759,-33,17,0
2024-09-13,159000,164400,159000,160300,127017,20360825100,2.0369,-33332,10742,22814,5706,12271,1781,2671,0,385,-64,-160,0
2024-09-19,163400,165800,161000,165400,87327,14443885800,3.1815,-25426,13684,11939,257,3749,3765,1635,0,2534,-391,194,-1
2024-09-20,166000,168800,163700,165300,106855,17663131500,-0.0605,-20180,-4147,23779,3490,9944,2475,2283,-26,3686,529,19,1927
2024-09-23,167000,167100,162700,165800,56723,9404673400,0.3025,96,-4181,3872,4152,-255,-164,-289,0,427,199,14,1
2024-09-24,167700,168000,160700,162900,109646,17861333400,-1.7491,36164,-10359,-25926,-2373,-6878,-8348,-6490,0,-1573,109,12,-264
2024-09-25,163000,163100,158500,159000,76610,12180990000,-2.3941,22235,-9667,-11254,985,-5158,-4126,-3820,0,815,-1364,50,50
2024-09-26,160700,161900,159000,161900,78511,12710930900,1.8239,15512,11483,-27213,-6085,-15472,-1359,-4817,0,520,181,37,0
2024-09-27,162400,162400,159400,159700,45187,7216363900,-1.3589,14077,-5448,-9694,-7007,-2189,-35,-509,0,46,1072,-7,0
2024-09-30,160400,160400,156000,156300,60898,9518357400,-2.129,18335,-3494,-15014,-6652,-5577,1002,-1619,0,-2168,0,173,0
2024-10-02,155500,156600,153700,155200,42449,6588084800,-0.7038,8293,-5273,-3065,0,1235,784,-1,0,-5053,-25,70,-30
2024-10-04,155000,158600,153400,158500,38325,6074512500,2.1263,-1326,-4915,7238,1767,3070,2070,-3,0,334,-1004,7,0
2024-10-07,160400,161200,158200,158900,41516,6596892400,0.2524,3785,-4219,86,-575,-30,-2437,7,0,3121,346,2,0
2024-10-08,157200,157300,154100,154100,71628,11037874800,-3.0208,32389,-17446,-14584,-8819,-4207,2363,-3985,0,64,-306,-53,0
2024-10-10,155000,156100,153800,154000,48710,7501340000,-0.0649,11105,-3705,-7328,256,-5608,151,-1032,0,-1095,-51,-21,0
2024-10-11,154100,154800,150000,150300,94155,14151496500,-2.4026,38103,-694,-38372,-25023,-4949,-1111,-913,0,-6427,707,256,51
2024-10-14,149000,149800,142900,143100,200940,28754514000,-4.7904,83548,-10818,-72790,-25066,-23490,-6113,-14119,0,-3946,131,-71,-56
2024-10-15,143100,144700,142700,143000,78068,11163724000,-0.0699,24473,475,-23486,-16830,-2541,-188,-1706,-30,-1995,-1746,284,-196
2024-10-16,142500,147700,141900,146300,90659,13263411700,2.3077,-3403,8835,-5718,-10439,1991,2033,117,0,630,399,-113,-50
2024-10-17,145500,145800,142500,142800,75375,10763550000,-2.3923,39229,-3204,-36999,-19159,-1809,-4601,-9370,0,-2060,912,62,0
2024-10-18,142800,143900,139600,139800,77547,10841070600,-2.1008,20624,2071,-21980,-12583,-2390,111,-4830,0,-2289,-677,-38,1
2024-10-21,139900,140600,138000,138700,55896,7752775200,-0.7868,19065,4371,-23568,-5992,-10390,-3788,-3029,260,-629,71,61,0
2024-10-22,139000,139600,135100,135400,73093,9896792200,-2.3792,15924,5893,-22183,-6231,-9770,-2817,-1461,0,-1807,305,61,-97
2024-10-23,136100,140600,134500,140600,57191,8041054600,3.8405,-6992,7482,-725,-4137,2443,-1420,2901,0,-512,173,62,0
2024-10-24,140500,141000,139100,139700,32723,4571403100,-0.6401,7311,-5157,-2671,962,-2662,-1720,-394,0,1143,508,9,0
2024-10-25,141000,144600,139800,142300,57386,8166027800,1.8611,-12833,6394,5347,116,2072,1610,1185,0,80,941,151,284
2024-10-28,142400,142800,141100,142000,24792,3520464000,-0.2108,7662,-5288,-2393,-669,-579,-987,-25,0,-133,-4,23,0
2024-10-29,142000,142000,138700,140100,35437,4964723700,-1.338,7419,-1118,-5688,-1054,-1856,-1199,268,0,-1847,-492,-121,0
2024-10-30,140600,141700,137600,138000,41161,5680218000,-1.4989,10422,-5372,-4888,-2055,68,363,-1888,306,-1683,-168,6,1
2024-10-31,139000,139000,134700,135100,62247,8409569700,-2.1014,19490,-1924,-17101,-3720,-11004,-124,-2007,0,-46,-304,-161,-200
2024-11-01,134100,134800,131000,131100,74934,9823847400,-2.9608,25185,-801,-25393,251,-6267,-12249,-3844,-1769,-1415,982,27,-100
2024-11-04,131100,133200,130500,132500,38381,5085482500,1.0679,5318,5215,-10433,-322,-812,-1065,-1629,0,-6606,-55,-45,1
2024-11-05,132500,133300,132000,132600,19221,2548704600,0.0755,2112,56,-2184,-1757,177,58,-286,0,-376,62,-46,0
2024-11-06,133500,133600,128700,128700,50366,6482104200,-2.9412,9093,-3162,-5789,799,146,-1742,-1891,-179,-2675,-434,292,-247
2024-11-07,130800,141500,130800,138700,186508,25868659600,7.77,-63206,22542,38960,25277,8496,1725,-341,188,3616,1728,-24,-1
2024-11-08,138700,144400,137000,143500,95711,13734528500,3.4607,-31853,-1924,34177,16035,6698,270,4308,0,6867,-27,-373,-1
2024-11-11,144200,144400,140100,142300,63645,9056683500,-0.8362,-7015,3579,6740,6109,-1283,600,1200,0,113,-3255,-49,1
2024-11-12,143200,145400,137200,137800,80791,11132999800,-3.1623,13929,-5976,-7193,-4967,-2656,195,-648,0,882,-685,-75,1
2024-11-13,136200,136700,128800,129000,103728,13380912000,-6.3861,33043,-12912,-21792,-11029,-4966,-1268,-3826,0,-753,1505,156,50
2024-11-14,129300,133200,128400,128400,48492,6226372800,-0.4651,2506,-1384,-929,-74,-502,-166,155,0,-342,-15,-178,0
2024-11-15,127600,129400,123000,127800,85035,10867473000,-0.4673,6530,6623,-12878,-6445,-3766,-247,-1120,0,-468,-125,-150,-832
2024-11-18,129300,142900,128500,141100,165200,23309720000,10.4069,-33179,-2376,34491,6497,3585,6030,2918,0,15462,927,137,-1
2024-11-19,144000,149800,142800,147900,246916,36518876400,4.8193,-69263,7081,64114,18336,32114,5320,5898,0,2446,-1845,-87,0
2024-11-20,148500,148500,144600,146000,68149,9949754000,-1.2847,-10312,-6610,16557,5213,4641,1232,6391,-961,42,150,215,-1
2024-11-21,145800,145900,142600,143500,42038,6032453000,-1.7123,-3977,3719,1730,5575,-981,-1829,-646,-305,-84,-1474,2,0
2024-11-22,144400,145900,142100,145800,46861,6832333800,1.6028,-9363,1507,6357,849,1876,804,33,0,2795,1469,30,0
2024-11-25,146500,146500,141900,143200,70854,10146292800,-1.7833,7294,-2663,-5061,-950,-4500,-105,688,-429,236,397,33,-1
2024-11-26,143500,143500,139200,140400,46958,6592903200,-1.9553,6152,-2909,-3216,-3001,-430,1172,-1246,0,290,-7,-20,-1
2024-11-27,140700,146700,138600,145700,88895,12952001500,3.7749,-19782,2802,18585,3511,9479,5781,-121,426,-491,-1535,-70,0
2024-11-28,145700,145700,140200,141400,50654,7162475600,-2.9513,12208,-9533,-2660,-4117,-235,776,-248,0,1164,42,-57,0
2024-11-29,142300,143000,139200,140000,37498,5249720000,-0.9901,6151,-3239,-2954,489,-4447,-1729,2472,0,261,38,4,0
2024-12-02,139400,141500,133100,133100,82828,11024406800,-4.9286,20629,-12520,-8418,-2427,-6333,2355,-1480,-32,-379,158,151,-122
2024-12-03,134000,134700,132900,134200,44220,5934324000,0.8264,3667,6303,-9987,-215,-8567,-404,-246,-554,-1,20,-3,0
2024-12-04,130200,133500,130100,131800,48149,6346038200,-1.7884,68,1770,-2201,2250,-2122,22,-1780,-356,-215,348,15,0
2024-12-05,132800,132900,130200,131200,31247,4099606400,-0.4552,-309,3570,-2920,1885,-188,69,-960,174,-3900,-343,2,0
2024-12-06,131200,132400,124500,129200,80307,10375664400,-1.5244,2859,9465,-13964,-3592,-5360,-848,-399,-2045,-1770,1597,43,50
2024-12-09,124100,128600,123800,124500,67183,8364283500,-3.6378,-15738,8707,7878,7291,669,-25,895,0,-653,-767,-80,-299
2024-12-10,124900,131000,124900,130600,45292,5915135200,4.8996,-16057,18717,-1494,577,-47,-1078,-48,0,-451,-1152,-14,-447
2024-12-11,131000,133200,129100,132900,31707,4213860300,1.7611,-2221,-5355,7932,5667,1387,-515,1638,0,-245,-388,32,0
2024-12-12,135300,136300,132400,134200,55268,7416965600,0.9782,-3368,-8028,10476,10235,-188,377,541,0,-488,981,-61,-1
2024-12-13,134000,134000,130600,132600,53199,7054187400,-1.1923,21511,-4791,-16687,-5896,-2415,-289,-5748,0,-2339,-95,62,0
2024-12-16,135500,137100,131500,131900,49022,6466001800,-0.5279,9774,-7067,-3971,-152,-87,-4145,355,0,59,90,1174,-1
2024-12-17,132600,133300,129700,130500,63001,8221630500,-1.0614,6174,-1540,-3362,5283,-4976,-2118,-1590,0,38,-1259,-13,1
2024-12-18,130500,137400,130300,137100,103660,14211786000,5.0575,-35153,20408,15035,4632,2265,6468,1404,0,268,-201,-89,-2
2024-12-19,133600,136600,132600,134400,53807,7231660800,-1.9694,-9064,-7241,16369,12286,4776,63,688,0,-1445,-70,6,1
2024-12-20,133100,134400,130300,131500,46158,6069777000,-2.1577,5833,-4896,-573,-820,-32,80,0,0,399,-345,-19,-200
2024-12-23,132100,133300,130500,132300,23837,3153635100,0.6084,-83,1860,-2010,-928,83,-581,0,0,-585,235,-2,1
2024-12-24,132400,132700,129000,129000,68686,8860494000,-2.4943,36028,-10853,-23461,-8022,-10503,-869,-1021,0,-3046,-1662,-52,0
2024-12-26,129600,130000,126400,127500,53395,6807862500,-1.1628,12448,5357,-16805,-11869,-1011,23,-3652,0,-296,-1021,21,0
2024-12-27,127400,128600,125600,126600,33315,4217679000,-0.7059,861,-1246,688,1862,-1246,57,151,0,-136,-319,16,0
2024-12-30,126500,127100,125000,126100,44930,5665673000,-0.3949,16191,6256,-22462,-3211,-14775,-2,-4884,0,410,26,-11,0
2025-01-02,126700,135000,126700,135000,116483,15725205000,7.0579,-62256,41047,16038,2644,12001,665,762,0,1199,5210,-39,-1233
2025-01-03,134000,134500,132000,132300,55805,7383001500,-2.0,19768,-13527,-4004,-1443,-2225,-3140,1324,0,1480,-2109,-128,0
2025-01-06,133800,134800,132100,134500,41395,5567627500,1.6629,-2800,2773,16,-3265,-424,-34,164,0,3576,-5,16,-1
2025-01-07,134600,135500,131800,132400,65213,8634201200,-1.5613,18695,-13855,-3359,-4292,-1631,180,2159,0,224,-1547,66,1
2025-01-08,131700,134300,130800,133300,52866,7047037800,0.6798,-3870,12652,-6620,47,-2893,-1260,562,-351,-2724,-1144,-1018,-1
2025-01-09,133300,135300,132700,133500,72873,9728545500,0.15,-14259,1906,6847,10000,-4520,3,-2634,0,3998,6622,-1116,0
2025-01-10,138300,146600,138200,142000,401806,57056452000,6.367,-58876,43733,15166,22605,-8863,-1122,-1272,-84,3902,-406,383,0
2025-01-13,141300,143400,138600,141100,107881,15222009100,-0.6338,-13286,-24695,37363,22194,2914,-296,10947,0,1605,634,-16,-1
2025-01-14,142000,143800,139900,140400,52317,7345306800,-0.4961,4279,-13111,9748,8540,133,2,1022,0,51,-879,-37,0
2025-01-15,143000,144400,140300,140300,83175,11669452500,-0.0712,-8029,-14711,23615,11372,5056,333,8552,0,-1648,-856,-19,-50
2025-01-16,142400,143100,141000,141500,42262,5980073000,0.8553,1776,-5601,4348,4577,-1216,-562,343,0,1206,-529,6,0
2025-01-17,140700,140700,137600,138000,49022,6765036000,-2.4735,-438,824,-1400,-1562,-378,58,251,0,230,978,36,1
2025-01-20,138500,138500,136000,136400,44524,6073073600,-1.1594,460,4901,-5915,-511,-2522,47,-92,0,-2836,531,23,-1
2025-01-21,136400,139200,135800,138600,55656,7713921600,1.6129,-8554,5856,6470,755,-62,3811,251,0,1715,-3773,1,0
2025-01-22,138400,140300,137200,139700,38668,5401919600,0.7937,-11140,3659,5550,1863,2141,65,914,0,568,1916,15,-1
2025-01-23,139700,139800,136900,137700,39484,5436946800,-1.4316,-4563,-3749,5941,4606,-158,-4347,5762,0,27,2356,15,51
2025-01-24,137900,142300,137000,138300,60123,8315010900,0.4357,577,1133,-1729,-2124,699,414,1743,0,-2461,53,-34,0
2025-01-31,138500,143600,138200,143000,91432,13074776000,3.3984,-32769,17088,14872,5519,4617,2371,2902,451,-1231,939,-130,243
2025-02-03,140200,146800,138000,144400,133052,19212708800,0.979,-21436,-7266,30461,20216,6820,189,4686,423,-2152,-1203,-556,279
2025-02-04,145700,145800,140400,141300,101216,14301820800,-2.1468,11243,-27489,14659,9477,1141,3050,568,177,246,1524,63,0
2025-02-05,142300,149900,142300,149900,191494,28704950600,6.0863,-102501,58082,44576,28265,8189,1814,8147,0,-2057,-91,-66,218
2025-02-06,149900,149900,145800,147800,86075,12721885000,-1.4009,16788,-14916,-2838,177,-4196,0,99,-15,1096,850,116,1
2025-02-07,147800,150200,146100,147700,63882,9435371400,-0.0677,243,-8437,6957,7934,446,-620,-118,-69,-616,1245,-8,0
2025-02-10,147300,153200,147200,150800,143731,21674634800,2.0988,-74769,15417,57531,28244,8921,17922,102,0,2343,1694,127,-1
2025-02-11,150800,151400,148000,148300,56722,8411872600,-1.6578,12549,-8054,-4640,848,241,-4852,-208,-343,-326,221,-76,0
2025-02-12,146900,147100,141600,141700,114805,16267868500,-4.4504,41092,-19272,-22237,4616,-7363,-16012,-3611,-678,781,399,18,30
2025-02-13,142800,144600,141400,141500,78694,11135201000,-0.1411,16839,6541,-23395,363,-7431,-7826,-9444,0,943,-160,175,0
2025-02-14,142800,142800,139200,140500,53070,7456335000,-0.7067,9360,1561,-10789,-3366,-2241,-56,-5642,0,516,-308,176,0
2025-02-17,140000,140500,138400,138900,67416,9364082400,-1.1388,24463,-2589,-22839,-10043,-5484,-6248,-1324,0,260,849,116,0
2025-02-18,138600,140500,138300,140500,48578,6825209000,1.1519,-627,11038,-8383,-4514,-1738,-240,-2321,0,430,-2037,9,0
2025-02-19,140000,141100,139300,140300,50589,7097636700,-0.1423,1322,4062,-5238,-2741,-235,-458,-3324,0,1520,-144,-2,0
2025-02-20,140500,141600,136800,137000,85273,11682401000,-2.3521,33740,-16607,-17130,-458,-4018,-1371,-4775,0,-6508,-109,106,0
2025-02-21,138100,140500,137400,138900,50687,7040424300,1.3869,-6010,5879,-580,4059,-1666,-1257,-2507,0,792,662,49,-1
2025-02-24,137900,139800,136600,139000,33992,4724888000,0.072,2509,942,-3464,-3035,17,-130,-173,0,-143,36,-23,0
2025-02-25,138900,138900,136900,136900,37168,5088299200,-1.5108,18739,-7151,-12003,-8791,-2009,17,-1681,0,461,335,80,0
2025-02-26,136800,136900,134200,134800,67826,9142944800,-1.534,28057,382,-28855,-16652,-9519,-1077,-1011,84,-679,315,101,-1
2025-02-27,134800,135400,133800,134500,31400,4223300000,-0.2226,3628,2584,-6244,-5415,-969,32,57,0,51,20,12,0
2025-02-28,133300,133900,131500,131700,43065,5671660500,-2.0818,10201,2032,-11603,-4166,-2082,97,-2673,-638,-2141,-501,-129,0
2025-03-04,129100,133000,129000,131500,25718,3381917000,-0.1519,-4779,6542,-1787,-914,-1284,-543,296,833,-175,3,21,0
2025-03-05,131600,134200,131300,132200,33978,4491891600,0.5323,10772,2777,-13409,-5757,-5362,-1183,-1759,0,652,-116,-24,0
2025-03-06,133400,136800,132100,133000,82683,10996839000,0.6051,-4602,4304,-25,9370,-57,-421,-135,0,-8781,335,-12,-1
2025-03-07,131400,135500,131400,133000,34965,4650345000,0.0,-6298,-3237,9977,10138,341,-381,-11,0,-110,-402,-40,0
2025-03-10,133000,134000,130100,130300,54851,7147085300,-2.0301,26823,-11232,-18502,-9483,-4135,-1258,-3050,0,-576,2894,17,0
2025-03-11,128300,131000,127300,129600,38972,5050771200,-0.5372,-2290,4250,-1850,-5421,3395,416,-429,126,293,0,-110,-230
2025-03-12,129600,137500,129600,134800,75336,10155292800,4.0123,-37898,11375,29751,35678,-352,-517,-5167,0,141,-3197,-31,-32
2025-03-13,136000,139300,134600,136700,95390,13039813000,1.4095,-51003,-3332,54473,55988,77,-560,-294,0,-338,-103,-35,-400
2025-03-14,136700,138100,134900,136700,26470,3618449000,0.0,-4293,-4598,8819,5000,3356,18,37,0,408,61,11,0
2025-03-17,137200,137300,134100,134200,35664,4786108800,-1.8288,20536,-8980,-11434,-10190,-48,0,-1081,0,-115,-93,-29,0
2025-03-18,134700,134800,132100,132400,37761,4999556400,-1.3413,22184,-9596,-12785,-7528,-4035,-790,-358,0,-74,188,9,0
2025-03-19,132400,133300,132300,133000,23774,3161942000,0.4532,6914,-1584,-5329,-1309,-2657,16,-1325,0,-54,-2,1,0
2025-03-20,133900,135000,131200,131600,35795,4710622000,-1.0526,8209,-2132,-5980,-1384,-2250,-1655,-964,0,273,-106,9,0
2025-03-21,131200,132700,131200,131900,27324,3604035600,0.228,4133,5530,-9405,-3972,-4034,59,-838,0,-619,-260,2,-1
2025-03-24,132600,136600,131600,134400,49389,6637881600,1.8954,-9620,10431,-434,-345,2038,-407,-2337,0,617,-443,66,0
2025-03-25,139000,139200,134500,135200,77262,10445822400,0.5952,-4943,1871,3713,-1842,1329,3936,-261,0,552,-613,-28,-1
2025-03-26,135900,136400,134900,135200,23154,3130420800,0.0,-2384,-930,3181,0,335,1798,188,0,861,158,-25,-1
2025-03-27,133500,134400,131000,131100,34512,4524523200,-3.0325,12021,-9573,-2742,-1301,-1382,-612,-269,0,821,322,-28,1
2025-03-28,131000,131000,127700,128000,50955,6522240000,-2.3646,24498,-20924,-3908,-2904,-35,-96,-1197,0,324,384,-50,0
2025-03-31,125500,127500,119000,119300,65753,7844332900,-6.7969,38014,-17818,-20682,-11307,-662,-5403,-1198,378,-2490,454,32,0
2025-04-01,120100,121100,117800,120300,36100,4342830000,0.8382,15551,-7756,-8688,-3121,-2919,-1432,-2342,0,1126,562,331,0
2025-04-02,120300,121000,118400,118500,21955,2601667500,-1.4963,7140,-4431,-2900,-274,-2314,-616,-112,405,11,108,83,0
2025-04-03,114700,119400,114500,118400,35965,4258256000,-0.0844,364,-3339,2744,4231,-1043,-22,553,126,-1101,216,15,0
2025-04-04,116200,119900,116200,119400,28019,3345468600,0.8446,-3569,5809,-2254,-2625,14,72,-4,0,288,3,11,1
2025-04-07,115000,116400,111200,111500,44460,4957290000,-6.6164,5351,-14879,9543,1115,7664,-165,-130,210,849,345,-360,0
2025-04-08,112500,114900,110100,110100,23268,2561806800,-1.2556,5233,-5575,297,-664,195,973,-30,42,-219,3,42,0
2025-04-09,107200,112900,107000,112000,40438,4529056000,1.7257,-1826,2241,-368,4004,-2927,71,-242,4,-995,-62,15,-283
2025-04-10,116700,118500,115200,118400,29939,3544777600,5.7143,1615,1367,-2954,67,-2742,0,142,0,-420,-28,0,-1
2025-04-11,115100,119300,114200,118600,46768,5546684800,0.1689,-3751,2909,895,12170,-6328,-2504,59,0,-2502,105,-158,0
2025-04-14,119200,120000,117600,118900,34784,4135817600,0.253,5223,7411,-12632,-2345,-5712,0,-1635,-126,-2814,-7,5,0
2025-04-15,121200,122400,120100,120200,35757,4297991400,1.0934,2531,-2364,-109,-2693,-1349,316,3349,-126,394,-58,0,0
2025-04-16,119500,122900,118100,120400,52675,6342070000,0.1664,-11756,21415,-9692,4656,223,-14491,68,0,-148,34,-1,0
2025-04-17,119200,120600,117300,118300,42676,5048570800,-1.7442,13942,9928,-23932,-12098,361,-12770,408,0,167,33,29,0
2025-04-18,118600,120000,117800,120000,29064,3487680000,1.437,-2,13189,-13877,0,-277,-13921,234,0,87,690,0,0
2025-04-21,120000,120700,118200,119000,13569,1614711000,-0.8333,4409,-1776,-2600,2,-2075,-5,-535,0,79,-36,3,-66
2025-04-22,117300,118900,117300,117800,11627,1369660600,-1.0084,2133,596,-2711,-627,-624,95,464,-2166,146,-18,0,1
2025-04-23,119000,119800,117500,119800,27583,3304443400,1.6978,-3769,11103,-7308,-4962,-4112,1834,858,-1085,159,-15,-11,0
2025-04-24,120500,120600,116900,117900,36084,4254303600,-1.586,11133,7244,-18339,-8239,-3518,-6958,507,0,-131,13,-51,0
2025-04-25,118500,119100,117800,118700,21340,2533058000,0.6785,-3460,9979,-6435,-5901,6,-61,-206,0,-273,0,-84,0
2025-04-28,120300,121100,117000,117800,42980,5063044000,-0.7582,-2191,5266,-2978,-1809,-388,-533,-414,0,166,-56,-41,0
2025-04-29,117800,123400,114300,122300,129302,15813634600,3.82,-36285,5831,30795,3583,14275,5658,1764,0,5515,-360,19,0
2025-04-30,123300,124500,120600,123200,57287,7057758400,0.7359,-17602,-17042,34941,25808,3447,2068,3367,0,252,-237,-60,-1
2025-05-02,123400,126800,123400,125400,45772,5739808800,1.7857,-11009,-11059,22566,3795,3337,36,1987,0,13411,-438,-60,0
2025-05-07,125500,127500,123800,126800,33779,4283177200,1.1164,-12076,-9992,22157,9790,3050,576,2709,0,6032,-87,-2,0
2025-05-08,127000,130200,127000,129000,47143,6081447000,1.735,-19581,7710,12127,8511,836,126,1233,0,1421,-191,-65,0
2025-05-09,129000,130900,127700,130300,45359,5910277700,1.0078,-14740,-10934,25692,7288,8271,3594,5947,0,593,2,-20,-1
2025-05-12,130300,133600,129800,132700,54022,7168719400,1.8419,-33526,6948,27429,9462,6072,5428,4808,0,1302,-850,-1,357
2025-05-13,132700,135300,132000,134000,58184,7796656000,0.9797,-27623,-6814,34654,18192,9498,363,2386,0,4050,-48,-169,165
2025-05-14,135600,138100,135000,137900,80359,11081506100,2.9104,-50592,10444,40526,30999,6654,1838,1910,0,-875,-350,-28,0
2025-05-15,136500,137800,135700,136400,40395,5509878000,-1.0877,-10473,7908,2670,4406,2168,-4162,362,0,-105,-76,-29,1
2025-05-16,135300,137400,135200,135200,28599,3866584800,-0.8798,-9838,1459,8586,6695,704,-62,459,0,790,-136,-71,0
2025-05-19,133600,135200,133000,134200,36187,4856295400,-0.7396,-9408,7863,1630,7316,-3964,-2053,224,0,107,-80,-5,0
2025-05-20,134200,135600,131200,131700,32132,4231784400,-1.8629,506,-9024,8532,1336,6878,-24,-1924,0,2265,-28,14,1
2025-05-21,131900,136200,131800,133000,32097,4268901000,0.9871,-6985,4455,2897,951,240,1211,275,0,221,-359,-8,-1
2025-05-22,131700,140500,131700,139200,89509,12459652800,4.6617,-31798,-12394,44026,21404,9092,2944,10365,0,94,41,125,127
2025-05-23,138400,143500,138400,141800,92859,13167406200,1.8678,-18167,-10270,29125,18778,7320,-1314,3479,0,863,-675,-13,-1
2025-05-26,141800,144500,140100,141400,53850,7614390000,-0.2821,-10802,-4825,15588,12164,-25,-1593,515,0,4527,45,-6,0
2025-05-27,142000,145000,140300,144300,75054,10830292200,2.0509,-23659,0,23232,9587,7901,0,3576,0,2168,526,-99,0
2025-05-28,145000,145500,141600,141900,53196,7548512400,-1.6632,-7141,-11966,19125,15678,3482,-1563,1075,0,452,-13,-5,1
2025-05-29,142700,144500,141700,144000,40346,5809824000,1.4799,-13698,-1783,17180,13849,5476,-787,-237,0,-1120,-1699,0,-1
2025-05-30,143000,143400,139200,143400,201368,28876171200,-0.4167,-6804,12067,-5251,-1139,2397,-413,-820,0,-5277,-43,31,1
2025-06-02,141400,141800,137800,139000,34531,4799809000,-3.0683,530,-4761,4382,7512,1438,-1615,-3201,0,248,-153,2,0
2025-06-04,139000,142700,138300,141500,33133,4688319500,1.7986,-10031,555,8970,1106,9242,-356,-1047,0,25,562,-56,0
2025-06-05,140400,142200,138000,139800,66510,9298098000,-1.2014,-22926,22822,71,29,2374,-285,-2318,0,290,-76,109,-19
2025-06-09,140000,148800,139400,147100,105284,15487276400,5.2217,-58755,16980,42239,11207,12625,15016,1634,0,1757,-225,-239,0
2025-06-10,149500,149600,145700,147300,56991,8394774300,0.136,-10783,-524,11915,9467,961,172,1999,0,-684,-611,3,0
2025-06-11,148100,150400,147600,148700,69352,10312642400,0.9504,-19743,5934,14249,-2719,6396,-334,5346,0,5582,-231,-209,-22
2025-06-12,148800,150000,147300,147400,39596,5836450400,-0.8742,-10602,-678,11342,5335,7192,-2792,805,0,802,16,-78,0
2025-06-13,146000,147500,141600,143000,55900,7993700000,-2.9851,-11690,23569,-10957,-1831,133,-7616,-671,0,-972,-930,8,0
2025-06-16,140900,152200,140700,148500,69727,10354459500,3.8462,-29962,16833,13748,11870,21,-462,2169,0,150,-659,40,0
2025-06-17,151000,151200,145200,147200,39349,5792172800,-0.8754,-2702,5039,-2368,-3215,695,171,1163,0,-1156,13,18,-26
2025-06-18,145300,161500,144600,161000,239584,38573024000,9.375,-146889,59256,86661,51517,17263,13766,5977,0,-1862,1639,-667,0
2025-06-19,162000,168400,159500,164700,216628,35678631600,2.2981,-64378,-21794,87106,38556,30455,1487,3851,0,12757,-706,-228,0
2025-06-20,164500,169200,161800,168700,106304,17933484800,2.4287,-30348,-13079,43455,6814,13379,15848,682,0,6733,0,-28,-1
2025-06-23,163200,165300,162000,164100,61363,10069668300,-2.7267,-5352,4741,771,-1430,-1973,-374,-89,0,4636,-191,31,1
2025-06-24,171000,185000,161800,183700,491623,90311145100,11.9439,-92458,54900,45533,-3338,12870,18493,3207,0,14237,-8342,367,64
2025-06-25,179500,184300,172100,178100,214812,38258017200,-3.0484,26590,-30418,466,-7221,286,-4482,6491,0,5568,3575,-213,-176
2025-06-26,181900,189700,175600,186200,180212,33555474400,4.548,-11630,-7090,14996,7155,1772,324,964,0,4781,2952,772,0
2025-06-27,191000,191800,184500,190500,117445,22373272500,2.3093,-2294,-21295,20598,4872,4385,9386,-366,0,2321,1941,1050,0
2025-06-30,187100,188200,170000,170600,275390,46981534000,-10.4462,31820,20094,-51609,-18904,-20315,-20196,-6312,0,14117,-534,229,1
2025-07-01,172100,174600,167800,169400,108022,18298926800,-0.7034,-15304,31476,-14080,-1400,-4757,-11855,-195,0,4127,-1159,-933,0
2025-07-02,171200,173100,167600,170800,78785,13456478000,0.8264,-5684,-15515,21756,8916,2609,1148,3482,0,5601,391,-948,0
2025-07-03,170900,172900,167700,169300,73648,12468606400,-0.8782,6945,10186,-16223,-10225,-1916,-2910,-49,-193,-764,-1249,341,-166
2025-07-04,169300,174300,166200,166200,62976,10466611200,-1.8311,3790,-2613,-2832,-4347,-197,45,651,0,1016,1649,6,0
2025-07-07,165300,168300,165000,167500,37208,6232340000,0.7822,-4616,-7726,12560,13059,-1427,-1041,-316,0,2285,-222,4,0
2025-07-08,165600,170100,165000,168800,58468,9869398400,0.7761,-7747,-517,8172,7566,-638,-492,38,0,1698,29,63,0
2025-07-09,169400,169400,166400,168400,53053,8934125200,-0.237,11412,5244,-15180,-13473,-4572,-2251,-300,0,4916,-1217,-259,500
2025-07-10,169000,170200,166800,168300,41626,7005655800,-0.0594,4417,3384,-7725,-2559,-3303,-1280,-311,0,-272,-57,-19,0
2025-07-11,169000,171900,167300,168400,43615,7344766000,0.0594,2223,-972,-1849,-2518,-2545,198,689,0,2327,-49,647,0
2025-07-14,168300,168300,164100,166100,80565,13381846500,-1.3658,8057,18333,-24614,-16878,-6476,-2733,1044,0,429,-1279,-497,0
2025-07-15,165300,167000,161200,165400,60073,9936074200,-0.4214,-1444,21721,-19762,-8883,-4995,-3059,-884,0,-1941,-532,17,0
2025-07-16,165600,166100,163000,163700,43595,7136501500,-1.0278,4216,12420,-16058,-6861,1393,-5854,-2211,0,-2525,-603,25,0
2025-07-17,164300,165000,162500,164100,32919,5402007900,0.2443,-7660,1448,6298,203,3916,694,40,0,1445,-112,26,0
2025-07-18,165000,167300,162700,163800,41064,6726283200,-0.1828,8120,-10103,2034,-1331,3693,90,407,0,-825,-39,-12,0
2025-07-21,162300,164200,162200,162700,31796,5173209200,-0.6716,6785,7512,-12845,-1376,-3295,-785,-5702,0,-1687,-1369,-83,0
2025-07-22,162200,162900,157700,158900,70775,11246147500,-2.3356,-11023,22953,-11809,-1766,-3859,-456,-901,0,-4799,-38,-83,-28
2025-07-23,160800,162500,158000,159200,74957,11933154400,0.1888,8362,28544,-36016,-13514,-5744,-1142,-4313,0,-11303,-899,9,0
2025-07-24,159300,160600,154500,156000,89333,13935948000,-2.0101,13505,24977,-38699,-29705,-6468,210,-2648,0,-88,164,53,0
2025-07-25,156400,158600,155200,157100,43918,6899517800,0.7051,257,14124,-14488,-9154,-8277,-1241,3808,0,376,72,35,0
2025-07-28,158600,164200,155200,162000,111864,18121968000,3.119,-7558,-18210,25339,17349,1735,-204,3173,0,3286,364,65,0
2025-07-29,161000,161000,152600,155200,84305,13084136000,-4.1975,34790,-36121,-503,-1855,-1827,437,2726,0,16,862,972,0
2025-07-30,156000,157900,154900,156300,58817,9193097100,0.7088,-1911,1845,346,2307,-1162,-1217,2767,0,-2349,-324,44,0
2025-07-31,159000,159400,151500,154100,72116,11113075600,-1.4075,10551,-12004,1282,4857,-3629,-3151,1205,0,2000,146,25,0
2025-08-01,151300,153700,148000,148700,47040,6994848000,-3.5042,9310,8516,-16916,-5616,-5343,353,294,0,-6609,15,-925,5
2025-08-04,146300,149200,146100,148600,39267,5835076200,-0.0672,-3383,18418,-14888,-13929,-2290,306,-62,0,1083,-57,-90,4
2025-08-05,149000,150800,148400,149600,44430,6646728000,0.6729,-1182,16528,-15982,-12301,-2336,-841,-759,0,254,94,542,1
2025-08-06,150300,150700,148300,149600,29109,4354706400,0.0,6251,-2719,-3152,819,-1474,-1014,-618,0,-366,8,-388,-499
2025-08-07,151000,151300,149000,150500,36526,5497163000,0.6016,10999,10786,-22082,-4011,-4389,-569,-4021,0,-9092,265,32,0
2025-08-08,153000,156500,152000,153200,46874,7181096800,1.794,2958,-11306,6644,3842,789,298,-208,0,1924,1099,605,-1
2025-08-11,154000,154000,151700,152400,28069,4277715600,-0.5222,5039,-9782,5688,4887,1532,-24,-884,0,187,-345,-600,-10
2025-08-12,153800,155900,150200,151200,40229,6082624800,-0.7874,6546,1582,-8363,-5008,-1022,-3797,-152,0,1615,-37,272,1
2025-08-13,151800,153600,150900,151800,33551,5093041800,0.3968,-361,-7868,8146,7004,96,-797,396,0,1385,-57,140,62
2025-08-14,151800,154600,151800,152400,27721,4224680400,0.3953,3023,2326,-5534,5210,-9636,254,-821,0,-572,90,95,31
2025-08-18,152400,152400,149300,150500,40656,6118728000,-1.2467,1337,224,-1515,5166,-6361,0,-1928,0,1608,-36,-10,0
2025-08-19,150500,153500,148900,152900,34249,5236672100,1.5947,-14354,-2201,15579,13903,1101,0,610,0,-72,1018,-42,37
2025-08-20,150500,151900,149000,151000,30552,4613352000,-1.2426,-1385,-1334,2877,3433,2067,-2160,1097,0,-1560,17,-175,0
2025-08-21,151300,153300,150200,150200,20501,3079250200,-0.5298,2872,-1958,-1174,1081,-813,-499,-9,0,-934,260,0,0
2025-08-22,151200,153500,150700,151300,18984,2872279200,0.7324,-3397,3480,-124,1000,66,394,-1585,0,1,10,31,0
2025-08-25,153000,163500,152900,162000,137865,22334130000,7.072,-53472,25344,29582,15666,-806,6425,1345,0,6937,-1373,-81,15
2025-08-26,160900,163800,160200,162500,53626,8714225000,0.3086,2034,-3514,763,1023,-2021,1412,498,0,-149,457,260,0
2025-08-27,166000,171200,163100,163600,148756,24336481600,0.6769,9586,-22446,12463,1599,3980,838,184,0,5541,423,-26,321
2025-08-28,167700,170500,165000,165500,107146,17732663000,1.1614,-1847,-9075,10766,2725,6354,1040,208,0,439,-68,224,0
2025-08-29,168100,176000,167000,175600,178800,31397280000,6.1027,-51157,3158,45021,33956,647,4028,6832,0,-466,2860,118,24
2025-09-01,174300,174600,169200,170300,96811,16486913300,-3.0182,12704,-5748,-7383,-420,-2699,1464,-696,0,-5051,482,-55,19
2025-09-02,172700,174000,165000,166700,71271,11880875700,-2.1139,8505,-5355,-4825,-107,-1500,-2377,451,0,-1292,1223,452,0
2025-09-03,168200,170000,165500,167400,57028,9546487200,0.4199,-1117,-3034,3813,-1530,8584,-877,114,0,-2478,487,-149,0
2025-09-04,167300,167300,164900,166400,45332,7543244800,-0.5974,1984,12411,-13757,-762,-7184,-4431,-226,0,-1154,-704,66,0
2025-09-05,166400,166700,163000,166200,41327,6868547400,-0.1202,1150,3181,-772,4545,-2511,-209,591,0,-3188,-3591,32,0
2025-09-08,165800,170300,165000,169100,63076,10666151600,1.7449,-14402,-7165,21759,8749,5898,1444,4156,0,1512,-77,-115,0
2025-09-09,172300,172400,168700,170400,54441,9276746400,0.7688,-16185,2201,12859,13391,-534,922,-1757,0,837,1153,-28,0
2025-09-10,171500,173200,169700,171200,41857,7165918400,0.4695,-11632,2105,8688,7838,762,163,-1624,0,1549,958,-119,0
2025-09-11,172500,172500,167300,170000,51798,8805660000,-0.7009,-585,5799,-949,375,-3009,-1831,-620,0,4136,-4313,48,0
2025-09-12,170000,174300,168700,173500,65300,11329550000,2.0588,-9491,13680,-3581,-3791,-2442,248,-2358,0,4762,-493,-115,0
2025-09-15,174500,179000,172600,173600,81422,14134859200,0.0576,-11847,1974,10132,6050,4419,1153,-2754,0,1264,-297,38,0
2025-09-16,174000,174200,171000,172300,34562,5955032600,-0.7488,-2918,8985,-6676,-3426,-3451,-817,111,0,907,952,-343,0
2025-09-17,170700,173300,169600,170700,24995,4266646500,-0.9286,-1506,5362,-3969,-1432,-1018,-551,-439,0,-522,430,-317,-7
2025-09-18,171400,172700,169800,172100,35618,6129857800,0.8202,-6379,18029,-11787,-3804,-5361,-2762,-478,0,618,-13,150,0
2025-09-19,172000,172200,166100,168000,86430,14520240000,-2.3823,8743,30491,-38754,-21215,-8877,-2163,-2209,0,-4290,-88,-392,0
2025-09-22,166600,167200,163400,164500,59944,9860788000,-2.0833,4021,18904,-24001,-10199,-11927,203,-1756,0,-322,979,97,0
2025-09-23,166400,168700,165000,165200,36998,6112069600,0.4255,4956,5356,-10357,-1266,-1264,-152,-949,0,-6726,176,-131,0
2025-09-24,166000,166700,160300,161100,103647,16697531700,-2.4818,39688,35212,-74966,-30469,-21469,-3802,-9812,0,-8818,-29,95,-596
2025-09-25,160500,161200,155600,156600,117963,18473005800,-2.7933,50753,23603,-74718,-59033,-2432,-424,-7687,0,-5142,297,65,0
2025-09-26,156800,157000,150600,151700,62226,9439684200,-3.129,19740,-403,-19551,-13689,40,-1141,-1124,0,-3637,67,147,0
2025-09-29,152200,154000,149800,152700,68295,10428646500,0.6592,28393,5456,-34535,-22323,-5513,-1265,-3154,0,-2281,772,-86,1
2025-09-30,153000,155400,152400,152700,30290,4625283000,0.0,14040,-6866,-7815,-4204,-2906,429,-1229,0,95,570,71,0
2025-10-01,153700,154600,150700,151700,52657,7988066900,-0.6549,22663,3714,-27338,-21096,-2469,-291,-783,0,-2689,664,297,-10
2025-10-02,153600,153800,151500,153300,45662,6999984600,1.0547,14542,8197,-21345,-10332,-9974,-460,-1039,0,466,-1391,-3,-6
2025-10-10,152300,153700,150800,152000,59138,8988976000,-0.848,17544,8948,-27370,-20557,-1596,-1185,-2822,0,-1189,653,225,-21
2025-10-13,148900,150200,147600,149300,57042,8516370600,-1.7763,27616,5713,-32956,-18489,-2999,-1548,-2393,0,-7527,-50,-323,0
2025-10-14,150000,152400,148200,149500,39235,5865632500,0.134,13990,-5326,-8440,-6683,-897,195,-242,0,-813,-235,11,0
2025-10-15,150100,151700,149600,150400,45541,6849366400,0.602,20164,2751,-22889,-19192,-3172,-390,-1725,0,1590,-39,13,0
2025-10-16,158900,160600,154200,156500,129029,20193038500,4.0559,25368,-30647,3651,-3102,6580,-37,-597,0,807,1509,119,0
2025-10-17,155400,156200,153300,154000,52709,8117186000,-1.5974,22849,-10635,-12743,-8590,-5611,295,-1529,0,2692,-94,623,0
2025-10-20,156200,157500,152800,156200,44668,6977141600,1.4286,-4822,3895,174,0,-588,-107,-830,-35,1734,654,99,0
2025-10-21,158900,160800,156100,156800,74852,11736793600,0.3841,22308,-12909,-7961,-4492,-2495,-1779,-139,0,944,-958,-480,0
2025-10-22,159100,159100,155500,157500,40606,6395445000,0.4464,15884,-17195,996,0,80,0,-32,0,948,281,34,0
2025-10-23,156500,157400,155200,156000,42815,6679140000,-0.9524,6866,2161,-9120,-7056,-283,-2012,-1428,0,1659,35,58,0
2025-10-24,157100,157400,155100,156700,56540,8859818000,0.4487,4146,22902,-27787,-23675,-1311,-44,-3391,0,634,690,49,0
2025-10-27,158600,159000,156700,157700,51698,8152774600,0.6382,5648,11726,-17889,-15338,-629,-389,-1647,0,115,515,0,-1
2025-10-28,158000,158100,155000,156200,66532,10392298400,-0.9512,11273,22325,-33584,-33552,-156,0,-173,0,296,12,-26,1
2025-10-29,158100,164800,157800,161700,139925,22625872500,3.5211,-13063,32061,-20256,1134,669,110,-22977,0,808,913,345,0
2025-10-30,171300,171300,160100,161400,149162,24074746800,-0.1855,44410,-61187,17598,12023,-2079,2678,1532,-540,3984,-1478,657,0
2025-10-31,170600,209000,170600,203500,1417312,288422992000,26.0843,-196847,103023,86516,30502,5126,24553,4654,1240,18730,7955,-647,1711
2025-11-03,230000,238000,214000,225000,687913,154780425000,10.5651,-26154,18105,18703,4409,12640,1503,-1364,0,1527,-10885,231,-12
2025-11-04,219000,235000,216000,226000,412803,93293478000,0.4444,-20276,19899,-7641,-1684,-6330,1263,-443,-982,535,8250,-232,0
2025-11-05,216500,219500,203500,207500,279468,57989610000,-8.1858,3483,26662,-25662,-1259,-2062,-15495,-89,0,-6757,-4037,-446,0
2025-11-06,210500,211500,189800,193400,304343,58859936200,-6.7952,13181,5013,-13930,-14653,-3502,556,-3981,0,7650,-3830,-434,0
2025-11-07,184100,193000,184000,188800,149294,28186707200,-2.3785,-15474,14338,-1987,-4254,-1589,1952,299,0,1604,3154,-31,1
2025-11-10,189200,191900,186100,188700,121188,22868175600,-0.053,18629,-581,-19056,-12056,-2103,-4729,-2503,-4,2339,987,21,0
2025-11-11,191500,195400,185100,187100,120862,22613280200,-0.8479,-16155,15183,1285,-4392,-647,5892,-728,0,1160,-418,105,0
2025-11-12,189700,193700,186500,191900,88916,17062980400,2.5655,3189,-7891,3782,69,2360,847,3,0,503,680,240,0
2025-11-13,192200,192300,184800,190600,91512,17442187200,-0.6774,6842,9742,-16930,-17571,-191,-819,303,0,1348,249,97,0
2025-11-14,184300,187900,181000,181000,89700,16235700000,-5.0367,19401,6747,-26621,-22089,-305,-2251,-537,0,-717,398,75,-722
2025-11-17,200500,200500,187100,189000,236659,44728551000,4.4199,68334,-74333,5085,2352,-3489,401,-2284,-2,8107,872,42,0
2025-11-18,185800,187900,181100,181200,78494,14223112800,-4.127,-1825,3377,-1907,0,-3185,-332,51,0,1560,350,5,-1
2025-11-19,188600,190800,183600,186500,146782,27374843000,2.9249,18433,-43609,23723,11530,257,771,8097,0,3067,1504,-51,1
2025-11-20,190200,194600,188200,191800,128353,24618105400,2.8418,-6159,-7558,14412,13133,5167,3262,1885,0,-9033,-873,178,-2
2025-11-21,182900,189500,181700,186100,71076,13227243600,-2.9718,-8137,5481,647,589,1306,-756,-682,0,133,2153,-144,57
2025-11-24,188200,188300,180700,184100,95246,17534788600,-1.0747,-5653,16465,-10394,-5599,-2627,103,-355,0,-1910,-375,-43,-6
2025-11-25,186700,188000,182800,183900,55375,10183462500,-0.1086,-6922,8050,-1614,-1569,2619,-248,-404,0,-2012,78,408,0
2025-11-26,183700,186000,183000,186000,54405,10119330000,1.1419,-14638,15683,-998,-40,-981,-864,-1281,0,2168,-71,24,0
2025-11-27,187600,191200,186900,188100,72152,13571791200,1.129,-4503,1049,2780,15,337,329,164,0,1935,548,126,0
2025-11-28,191900,203500,191800,202000,256497,51812394000,7.3897,-43921,18787,25811,7256,8283,4177,3304,0,2800,-189,-488,-9
2025-12-01,202500,203000,196300,196800,119177,23454033600,-2.5743,-19651,-6856,25600,12805,3153,6379,1713,0,1662,-384,1291,-112
2025-12-02,208000,234500,205500,233500,760336,177538456000,18.6484,-28339,-6871,36117,15419,11187,7544,-493,0,2415,-1004,97,45
2025-12-03,227500,228500,221500,222500,201906,44924085000,-4.7109,24215,-37352,11083,1279,9489,990,34,0,-329,1913,141,-380
2025-12-04,248500,289000,245000,283000,1443665,408557195000,27.191,-119319,25815,100343,46071,11912,44613,8845,0,-8191,-7007,168,-2907
2025-12-05,286000,293000,276500,283500,554055,157074592500,0.1767,3155,-32231,26598,-4412,14959,18829,-1924,0,-855,2940,-462,1
2025-12-08,298000,307000,282000,302000,586809,177216318000,6.5256,62105,-77397,13037,15050,2855,-680,-2553,0,-1635,1459,796,0
2025-12-09,292000,303500,283500,301500,321776,97015464000,-0.1656,14807,-3381,-11574,5147,-13163,3972,-6433,-8,-913,136,12,-176
2025-12-10,299000,303500,292000,294500,229149,67484380500,-2.3217,39094,-20313,-19132,-9200,-6237,-1773,210,0,-2104,551,-200,-28
2025-12-11,296000,306000,290500,299000,497765,148831735000,1.528,-32318,-104071,136680,6957,124367,-3279,20969,0,-12334,-660,369,0
2025-12-12,301500,303500,291000,294000,244361,71842134000,-1.6722,54178,-33452,-21408,4188,-18483,-8413,992,0,308,620,62,0
2025-12-15,282500,296500,281000,292500,201889,59052532500,-0.5102,-36460,42212,-5916,2284,-3436,-2776,-1509,0,-479,290,-126,0
2025-12-16,303500,309000,277500,282000,384512,108432384000,-3.5897,22171,-17774,-4435,-136,-4328,-336,-308,0,678,-801,839,-5
2025-12-17,290000,294500,266500,272500,365064,99479940000,-3.3688,-20683,36105,-16663,-5310,-5771,-5306,-286,0,9,1620,-379,1
2025-12-18,262500,268500,256000,257500,249345,64206337500,-5.5046,6078,42553,-46679,-23108,-9519,-10801,-1812,0,-1439,-1757,-195,0
2025-12-19,264000,319000,257000,305000,1221039,372416895000,18.4466,-38734,-21721,58584,43211,7581,12556,3023,0,-7781,1662,209,-6
2025-12-22,298000,321500,290000,307000,667938,205056966000,0.6557,64437,-68168,3655,-2389,480,4558,289,0,717,-123,199,0
2025-12-23,308500,314000,293000,294500,274214,80756023000,-4.0717,22154,-10644,-4074,-3215,1647,-1195,58,0,-1370,-7232,-204,1
2025-12-24,296500,304000,285000,287500,296982,85382325000,-2.3769,10674,-11259,-1195,-3071,4755,-1486,-526,0,-867,1531,249,0
2025-12-26,299500,300000,284000,290000,225841,65493890000,0.8696,47157,-30822,-15587,-12556,306,-2139,2276,0,-3474,-497,-251,0
2025-12-29,288000,319000,285000,312000,578225,180406200000,7.5862,-45716,26975,20741,3880,-1299,19431,-409,0,-861,-1508,-492,-1
2025-12-30,317500,337000,302000,332000,640032,212490624000,6.4103,40357,-63759,15206,4440,9197,-3644,-526,0,5762,8137,59,-23
2026-01-02,326500,344000,319000,331500,454465,150655147500,-0.1506,27780,-40025,10376,11610,-3848,-2872,-529,0,6019,2577,-708,-4
2026-01-05,325000,326500,306500,312000,392664,122511168000,-5.8824,86760,-55982,-30691,-14056,-4413,-8810,-4744,0,1344,-620,533,-12
2026-01-06,327500,363000,310000,312000,1365091,425908392000,0.0,86166,-70004,-16965,-1320,-11062,-5775,-4491,-4,6107,761,42,-420
2026-01-07,319500,405000,317500,394500,2617269,1032512620500,26.4423,-172257,113867,66824,6988,19370,35212,1337,0,4052,-9092,658,-135
2026-01-08,416500,417000,390500,395000,587132,231917140000,0.1267,38133,-32067,-4610,6018,-3254,-7617,-1198,0,1448,-1478,22,-7
2026-01-09,422000,475500,399000,471500,1496947,705810510500,19.3671,19375,-37010,16082,23881,-926,-9778,1668,49,1122,943,610,66
2026-01-12,475500,481500,448000,460000,471774,217016040000,-2.439,26395,-10392,-13967,-7704,-1729,-3311,-3939,24,2691,-2399,363,1
2026-01-13,483500,534000,483500,501000,1113037,557631537000,8.913,-11122,30885,-22962,-6647,-675,-1015,-2318,0,-12300,4270,-1071,-7
2026-01-14,490500,498500,475500,492500,270794,133366045000,-1.6966,21776,-8670,-12256,-394,-3662,-11557,-1818,0,5176,-829,-21,-1
2026-01-15,484000,492000,468500,492000,308814,151936488000,-0.1015,12781,-15201,1717,616,-2603,-2761,-201,0,7067,377,326,-401
2026-01-16,507000,509000,465000,476500,350661,167089966500,-3.1504,21047,-9372,-8812,-19815,-2116,-960,-2939,0,17018,-3116,253,0
2026-01-19,479000,508000,474500,488500,563006,275028431000,2.5184,-32047,47084,-14585,-6397,-1229,-21485,577,0,14226,-805,353,-277
2026-01-20,488000,488500,451000,466500,405585,189205402500,-4.5036,10683,28597,-40060,-18771,-10025,-19465,-5456,0,13695,-568,1348,-38
2026-01-21,447500,495000,446000,485000,700873,339923405000,3.9657,-37440,8170,28084,6820,966,-2315,280,0,22333,1275,-89,0
2026-01-22,517000,528000,465500,465500,501292,233351426000,-4.0206,32501,-9639,-19325,-5705,-1917,-16249,-1441,0,6006,-4038,501,-19
2026-01-23,465500,477000,445500,447500,217148,97173730000,-3.8668,19226,-10352,-7993,-18504,1247,-1281,-432,0,11093,-1565,684,-116
2026-01-26,439500,452500,430000,433500,230209,99795601500,-3.1285,36690,-12215,-22476,-10403,-128,400,-2161,-14,-10079,-1888,-111,-91
2026-01-27,420000,447500,415500,443000,273067,120968681000,2.1915,16293,-7123,-7582,-12388,-500,2425,-2784,0,5671,-1583,-5,-6
2026-01-28,453000,453000,435500,441000,161942,71416422000,-0.4515,14033,-283,-15276,-4864,-146,-1882,-274,0,-8110,1340,186,0
2026-01-29,450500,495500,441000,484000,788207,381492188000,9.7506,-31739,13254,19667,-848,2553,13357,-1000,0,5605,-234,-948,0
2026-01-30,472000,480000,460500,461500,204539,94394748500,-4.6488,6143,-7033,-511,-2164,-1062,205,-600,0,3109,506,895,1
2026-02-02,450000,474000,426500,430000,205190,88231700000,-6.8256,19843,-5114,-14789,-3940,-2303,-7028,-889,0,-622,-77,137,-7
2026-02-03,438500,446000,420000,442000,167544,74054448000,2.7907,13318,-25433,11675,2931,414,-906,1766,0,7470,392,48,0
2026-02-04,449000,460000,438000,447000,126878,56714466000,1.1312,1028,-9060,7774,-222,528,3195,-411,0,4683,134,124,1
2026-02-05,437500,445500,414000,416000,173631,72230496000,-6.9351,31109,-10833,-20313,-4214,-3778,-7779,-477,0,-4048,-228,265,-17
2026-02-06,396000,403500,382000,391500,162390,63575685000,-5.8894,-8639,29735,-19610,-8566,-5958,1048,-1315,0,-4820,-1638,152,1
2026-02-09,407500,432500,402000,417000,157244,65570748000,6.5134,-17499,17655,-63,-10,-1643,-2446,-195,0,4231,161,-254,0
2026-02-10,454000,465000,429000,431000,317109,136673979000,3.3573,32523,-29740,-4313,-1367,3508,-4569,259,0,-2143,1218,312,-1
2026-02-11,436000,452500,423000,445500,175578,78219999000,3.3643,-12606,-509,12991,5195,3935,212,-936,0,4585,478,-354,0
2026-02-12,442000,463000,434000,456000,183909,83862504000,2.3569,-66272,43404,23572,72,182,19018,-986,0,5286,-456,-248,0
2026-02-13,443500,447500,435500,436500,123274,53809101000,-4.2763,28757,-22740,-7314,-4037,-1892,-93,-426,0,-867,1249,48,1
2026-02-19,439000,445500,423000,438500,144639,63424201500,0.4582,15850,-2985,-11889,-9652,-630,-2224,-1534,0,2151,-1356,380,0
2026-02-20,440000,443000,431500,434000,88905,38584770000,-1.0262,18363,8926,-29260,-22125,-1154,-4386,-2001,0,406,1962,9,0
2026-02-23,440500,448500,430500,435000,103346,44955510000,0.2304,-7907,9558,-2491,-1312,725,1130,-531,0,-2503,721,119,0
2026-02-24,433500,434500,425000,432500,75974,32858755000,-0.5747,19043,-3631,-15125,-7066,-10487,-546,-946,0,3920,-356,69,0
2026-02-25,442500,530000,441000,495000,1270989,629139555000,14.4509,-144867,82251,59356,33391,6500,12923,2380,0,4148,2890,370,14
2026-02-26,491500,513000,482000,505000,357644,180610220000,2.0202,-27748,28592,619,6399,-12681,3491,1553,28,1783,-617,-846,46
2026-02-27,495000,543000,483000,501000,791146,396364146000,-0.7921,32710,-61137,32127,24388,3763,-2023,3128,2,2869,-3728,28,0
2026-03-03,490000,493500,441500,447000,296900,132714300000,-10.7784,99492,-59162,-42038,-2011,-14508,-21368,371,1,-4514,1501,207,-9
2026-03-04,424000,430000,357000,371500,265659,98692318500,-16.8904,17059,19326,-36132,-8057,-16197,-4290,324,0,-7913,-48,-205,1
2026-03-05,406500,419500,393500,402500,178893,72004432500,8.3445,43023,-25253,-18134,-3661,3745,-14808,-900,0,-2509,-711,1075,-1
2026-03-06,400500,429500,388500,409000,141073,57698857000,1.6149,22072,-25788,640,300,2227,-1448,399,0,-834,2926,150,-4
2026-03-09,372000,384500,365500,383500,103050,39519675000,-6.2347,-9397,15035,-4082,-717,4022,-4402,11,0,-2997,-1489,-67,1
2026-03-10,404000,407500,391000,399500,87510,34960245000,4.1721,8197,-4403,-1868,-362,1048,880,131,0,-3564,-1971,45,-1
2026-03-11,439500,439500,402000,414000,135021,55898694000,3.6295,-2738,-19866,22941,10435,8887,1404,-141,0,2357,-292,-45,-1
2026-03-12,405000,411000,398500,406500,65238,26519247000,-1.8116,18513,-18146,-186,-1473,644,-2422,-330,0,3394,-236,55,1
2026-03-13,394000,429500,391500,412500,105008,43315800000,1.476,6758,1008,-7935,3506,-7105,-1363,287,0,-3260,124,45,0
2026-03-16,408000,431000,407000,420000,84302,35406840000,1.8182,-11330,8609,2969,304,1547,2229,528,0,-1645,-133,-115,6
2026-03-17,446000,465500,422500,422500,284029,120002252500,0.5952,13748,-17159,4685,2059,1888,-3334,479,0,3595,-1264,-10,-2
2026-03-18,434000,440500,426500,434000,89550,38864700000,2.7219,-1355,-6185,7937,2615,-1799,1486,257,0,5378,-213,-184,0
2026-03-19,421500,444000,420500,426000,91591,39017766000,-1.8433,-4091,18761,-14706,-1021,-40,-11998,-70,0,-1577,34,2,0
2026-03-20,437000,438000,425500,430500,61029,26272984500,1.0563,-1847,-6443,8019,-387,496,6342,-41,0,1609,239,32,0
2026-03-23,417500,418000,395000,395000,89074,35184230000,-8.2462,7255,-1822,-5524,-116,-1688,-675,-15,0,-3031,119,-28,1
2026-03-24,416000,418000,393500,405500,50373,20426251500,2.6582,-2654,10126,-7362,-384,-1258,-6481,-238,0,999,-140,30,0
2026-03-25,418500,424500,403500,405500,60366,24478413000,0.0,7307,-4031,-3006,-669,792,-5165,-307,-8,2381,-302,32,-30
2026-03-26,405000,405500,385000,387500,60515,23449562500,-4.439,28059,-12181,-15963,50,-10086,-5426,-13,0,-488,-72,157,0
2026-03-27,376000,396000,367000,394000,58858,23190052000,1.6774,-4149,835,3187,-998,1089,4935,-1868,0,29,388,-261,0
2026-03-30,373000,379500,369500,375500,38360,14404180000,-4.6954,642,2173,-2921,-3466,-1559,1389,-140,-1,856,69,37,0
2026-03-31,371500,376000,357000,358500,55623,19940845500,-4.5273,-2884,-1390,4856,40,393,3063,-447,0,1807,-423,-159,0
2026-04-01,381000,393000,376000,391000,61221,23937411000,9.0656,-8592,4855,3601,-3072,-772,1252,-222,0,6416,158,-22,-1
2026-04-02,413500,416000,373500,379500,105751,40132504500,-2.9412,-382,-5815,4826,3126,-137,3205,30,0,-1398,1329,42,0
2026-04-03,391000,398500,375000,380500,40440,15387420000,0.2635,10156,-9920,849,-160,273,-378,-10,-1,1125,-1270,185,0
2026-04-06,380000,384500,368000,373000,40334,15044582000,-1.9711,3276,751,-4027,-3729,-1657,-98,205,0,1236,-2,2,16
2026-04-07,380000,383000,365000,370000,34640,12816800000,-0.8043,9679,-4358,-5382,-449,-3795,-22,16,0,-1132,-33,94,0
2026-04-08,393500,416000,387000,415500,101352,42111756000,12.2973,-28485,27287,1547,-6017,558,3106,-1886,0,5905,-190,-159,-119
2026-04-09,421500,421500,388000,393500,98168,38629108000,-5.2948,30688,-12451,-18270,-8339,-507,-5244,-2178,0,-2002,-56,89,0
2026-04-10,406500,406500,391500,391500,68177,26691295500,-0.5083,29389,-14858,-14691,-12130,-3081,-987,-752,-54,2344,32,128,-31
2026-04-13,385500,388000,379000,388000,68711,26659868000,-0.894,13271,14091,-25669,-21249,936,-1719,-1924,0,-1712,-1855,162,-1
2026-04-14,401000,406000,396000,401000,58985,23652985000,3.3505,-19836,16665,3063,-63,177,360,-492,0,2994,106,2,87
2026-04-15,417500,422500,411000,416000,97497,40558752000,3.7406,-26558,16409,8266,486,-1848,5262,-430,0,4798,1908,-25,-2
2026-04-16,440000,455500,432000,437000,217679,95125723000,5.0481,-17779,3680,14350,8227,496,194,75,0,5365,75,-326,-7
2026-04-17,442500,443000,427500,432000,59113,25536816000,-1.1442,6073,-6479,650,1141,-1592,-862,-191,-19,2172,-183,-61,1
2026-04-20,427000,433000,421500,423000,55256,23373288000,-2.0833,6883,-5279,-1872,-1720,-446,-425,-314,0,1033,258,10,0
2026-04-21,432000,445000,425500,442500,93249,41262682500,4.6099,-9597,1426,7003,3209,234,175,1589,0,1795,1284,-116,1
2026-04-22,438000,446000,427500,444500,71505,31783972500,0.452,4675,1672,-6550,-2601,-655,-812,215,0,-2696,164,39,-1
2026-04-23,456000,460500,431000,440000,166605,73306200000,-1.0124,-29341,14103,14529,12352,328,-222,1115,0,956,730,-21,0
2026-04-24,440500,441500,423500,429500,103989,44663275500,-2.3864,30317,-10141,-20070,-18171,-1312,-882,-1037,0,1332,-216,110,0
2026-04-27,438500,453000,433000,441000,96705,42646905000,2.6775,-1031,-5537,6507,-499,3568,498,-168,0,3108,215,-154,0
2026-04-28,451500,498000,445500,478000,421491,201472698000,8.39,-90438,55922,30474,5916,11508,1288,3326,0,8467,4282,-240,-31
2026-04-29,485500,485500,468000,474000,111914,53047236000,-0.8368,10032,-12904,3277,-295,564,1014,-135,0,2129,-440,35,0
2026-04-30,484000,484000,450000,450500,119826,53981613000,-4.9578,17862,-17640,-319,-2263,3338,-2484,1252,0,-162,-80,177,0
2026-05-04,457500,457500,444000,446000,95770,42713420000,-0.9989,34965,-21038,-13870,-15473,-1354,1242,-404,0,2122,-118,61,-3
2026-05-06,449000,455000,437500,441000,123486,54457326000,-1.1211,46816,-18266,-25491,-10483,442,-4166,-2029,0,-9255,-3772,713,0
2026-05-07,460000,481000,447500,455500,193307,88051338500,3.288,-16020,-3695,18612,13210,3841,675,476,0,411,1152,-49,-1
2026-05-08,490000,592000,481000,592000,1144257,677400144000,29.9671,-94557,82625,51643,11976,11299,16407,5847,0,6072,-39646,-65,42
2026-05-11,574000,676000,560000,635000,1242571,789032585000,7.2635,15325,-46450,33061,8339,19404,3497,839,0,964,-3690,1754,18
2026-05-12,652000,670000,561000,615000,546681,336208815000,-3.1496,-39546,15722,23784,22414,-1260,-6234,-98,0,8971,984,-944,-9
2026-05-13,633000,723000,616000,699000,877770,613561230000,13.6585,-26468,-30,25252,7201,2063,534,1943,0,13526,-688,1934,-15
2026-05-14,702000,709000,670000,689000,216888,149435832000,-1.4306,-11517,-579,15083,5329,-118,-1829,-4678,0,16378,-1155,-1832,1
2026-05-15,693000,723000,624000,648000,340298,220513104000,-5.9507,3932,-14908,12892,11711,-2148,-5851,533,0,8646,-1998,82,1
2026-05-18,626000,637000,579000,596000,249416,148651936000,-8.0247,15017,-633,-15221,-8487,-4645,-3879,-2515,0,4301,698,139,4
2026-05-19,592000,594000,523000,536000,216292,115932512000,-10.0671,24520,1461,-25364,-17880,-4837,-4314,-1378,0,3045,-1765,1148,0
2026-05-20,537000,567000,521000,558000,239120,133428960000,4.1045,13845,-28539,15098,1095,6819,6298,1263,0,-408,684,-1088,31
2026-05-21,580000,646000,578000,629000,305998,192472742000,12.724,-12597,-6900,18580,898,1108,13355,-279,0,3565,-97,1014,-67
2026-05-22,621000,638000,599000,631000,121469,76646939000,0.318,-16436,7700,10860,1021,2915,1005,190,0,5729,-938,-1186,0
2026-05-26,647000,652000,623000,638000,122188,77955944000,1.1094,-4966,814,5173,66,11,2020,-519,0,3597,-943,-78,-2
2026-05-27,630000,768000,610000,765000,643526,492297390000,19.906,-56649,12205,45864,9874,26894,10750,717,0,-2268,-1504,84,-103
2026-05-28,756000,783000,696000,746000,379134,282833964000,-2.4837,-4858,-3789,5928,421,2794,768,332,0,1720,2753,-34,-107
2026-05-29,783000,953000,775000,931000,1007516,937997396000,24.7989,-14305,-11471,23548,7491,5459,-2104,632,0,12556,2024,204,-486
2026-06-01,931000,1066000,905000,938000,748576,702164288000,0.7519,12681,-19055,3952,-3891,-8258,-3774,-1989,0,21860,1186,1236,4
2026-06-02,900000,928000,805000,898000,305512,274349776000,-4.2644,-7738,7795,419,-1199,-4363,-8918,689,0,14221,462,-938,-11
2026-06-04,843000,873000,812000,839000,122019,102373941000,-6.5702,-8261,4560,2848,878,-968,-2554,-500,0,5991,816,37,1
