date,open,high,low,close,volume,trading_value,change_rate,individual_net,foreign_net,institution_net,pension_net,trust_net,privateequity_net,insurance_net,bank_net,financial_net,other_corp_net,other_foreign_net,other_finance_net
2022-01-27,597000,598000,450000,505000,15946992,8053230960000,0.0,-2743204,-2886124,5773397,4002015,664433,449310,542337,-8124,139692,-148906,4837,-16266
2022-01-28,476000,483000,445000,450000,4559773,2051897850000,-10.8911,501613,-834320,316180,312808,17859,-21802,38484,134,-27354,9891,6636,-3949
2022-02-03,458000,495500,441000,477000,2918435,1392093495000,6.0,-467707,179980,287194,152154,28137,36559,42296,2751,24410,2575,-2042,887
2022-02-04,476500,505000,476000,504000,2088996,1052853984000,5.6604,-526906,118232,419222,188247,49957,132264,34352,5617,18210,-8116,-2432,-9425
2022-02-07,520000,548000,511000,548000,1911176,1047324448000,8.7302,-378665,116144,266914,88741,41790,46261,7042,384,86750,2223,-6616,-4054
2022-02-08,554000,577000,524000,542000,2583335,1400167570000,-1.0949,-97139,-48222,163113,50455,93118,2797,-12849,1426,30635,-18187,435,-2469
2022-02-09,550000,557000,505000,511000,2070704,1058129744000,-5.7196,79192,15282,-86434,23266,10111,-81234,-21409,296,-13992,-7537,-503,-3472
2022-02-10,507000,507000,471500,474500,2306815,1094583717500,-7.1429,573292,-321412,-261231,34920,-14493,-148997,-7076,897,-125553,10674,-1323,-929
2022-02-11,463500,484000,457000,482000,1411055,680128510000,1.5806,59526,56671,-121039,-18813,21991,-60071,-233,0,-63244,4438,404,-669
2022-02-14,473000,482000,459500,463000,3285402,1521141126000,-3.9419,-55436,271496,-214998,-78638,77006,-98997,-7084,-1634,-105219,-1261,199,-432
2022-02-15,460000,468000,450000,451500,825406,372670809000,-2.4838,160811,-212668,52742,31590,43252,-9260,-2823,-261,-9610,-3626,2741,-146
2022-02-16,464000,465000,449500,455500,961669,438040229500,0.8859,322816,-390247,61803,21397,51220,-6095,-736,0,-3981,4222,1406,-2
2022-02-17,454500,460000,447000,454500,711183,323232673500,-0.2195,32105,-127697,95176,35992,63112,-4976,1769,461,-1118,-112,528,-64
2022-02-18,448500,454500,448000,454500,418728,190311876000,0.0,-3094,-53072,56901,20764,51513,-6528,-5648,0,-3198,-883,148,-2
2022-02-21,450000,453000,447500,453000,327509,148361577000,-0.33,-20470,-44757,66145,33778,38614,-4149,-1134,0,-900,-909,-9,-64
2022-02-22,444500,448000,440000,440000,557179,245158760000,-2.8698,121968,-152740,21745,35508,-5282,-6244,-1127,168,-1266,8698,329,-12
2022-02-23,443500,446000,438000,442000,381560,168649520000,0.4545,10135,-76896,66899,70449,-6426,222,4755,0,-2098,412,-550,-3
2022-02-24,435000,438000,416000,416500,883314,367900281000,-5.7692,144764,-177014,19988,50992,-7007,-21845,-5263,232,3673,12819,-557,-794
2022-02-25,425000,430000,418500,420000,465140,195358800000,0.8403,16924,-5002,-13300,-4776,2549,-4925,-3842,187,-4593,1482,-104,2100
2022-02-28,404500,422000,404000,412000,970088,399676256000,-1.9048,311533,-146608,-154817,81966,-43806,-111120,-3391,-16802,-60184,-10576,468,-1480
2022-03-02,411000,434500,408500,434000,895460,388629640000,5.3398,-96896,-10547,120233,117629,9322,-30226,24728,-50,365,-14039,1249,-1535
2022-03-03,439500,441000,430000,437000,460544,201257728000,0.6912,7207,-45599,41972,49126,-4079,-15543,10703,3626,-1749,-3809,229,-112
2022-03-04,433500,436500,427000,428500,310930,133233505000,-1.9451,36654,-36195,1550,19067,-7675,-6633,-2026,70,-1276,-1209,-800,23
2022-03-07,420500,421000,412000,414000,370588,153423432000,-3.3839,96150,-43263,-53899,-26617,-3706,-1341,-20880,-3,-831,1017,-5,-521
2022-03-08,406000,417000,402500,410500,393413,161496036500,-0.8454,3722,-1861,-361,37180,958,-4767,-26732,113,-7113,-1795,295,0
2022-03-10,421000,430500,417500,417500,1076446,449416205000,1.7052,-122685,-182486,305936,-56657,420491,-27145,41789,700,-72027,-298,-467,-1215
2022-03-11,411500,412000,390500,391000,1811373,708246843000,-6.3473,707330,-474976,-240472,-144352,27192,-37751,-22056,-1866,-60785,6409,1709,-854
2022-03-14,385000,385500,361500,363500,1999479,726810616500,-7.0332,688624,-813816,119385,184942,-66026,-1016,-3487,555,3926,5723,84,491
2022-03-15,363000,370000,355000,359500,1064506,382689907000,-1.1004,232184,-310547,74097,111391,-33536,-7784,6102,284,-1164,3717,549,-1196
2022-03-16,367000,367500,360000,363500,625328,227306728000,1.1127,11742,-123395,108868,89123,10189,-5810,5700,1066,7155,2708,77,1445
2022-03-17,374000,381500,373000,376000,816118,306860368000,3.4388,-65597,-72360,134702,77356,23160,1004,14829,307,15218,3223,32,2828
2022-03-18,377500,384000,370500,382000,643915,245975530000,1.5957,-47867,-63574,111663,110487,3843,110,-576,500,-2727,143,-365,26
2022-03-21,385000,397500,384000,386000,655247,252925342000,1.0471,-51020,-1841,49678,16437,16259,-1481,23212,-1479,-3549,2959,224,279
2022-03-22,388500,399000,388000,397500,413972,164553870000,2.9793,-131178,57930,71625,64980,4230,-2283,1145,0,3555,-272,1895,-2
2022-03-23,403000,407500,398000,407000,523438,213039266000,2.3899,-107740,52557,57845,40282,10011,1334,7181,-342,-643,-2534,-128,22
2022-03-24,405000,410000,398000,408000,320746,130864368000,0.2457,-27075,8027,20891,17969,3724,1802,2059,0,-4163,-1625,-218,-500
2022-03-25,418500,444000,417500,439000,1528600,671055400000,7.598,-522700,276685,253882,107325,73969,56642,26356,134,-11800,-7355,-512,1256
2022-03-28,439000,443000,430000,436500,481311,210092251500,-0.5695,-64431,23361,44042,34545,5865,1239,5147,0,-2729,-2401,-571,-25
2022-03-29,443000,448500,440500,441000,375894,165769254000,1.0309,-82787,39193,45851,26840,11235,2989,-705,-222,5339,-2283,26,375
2022-03-30,444500,445000,427000,440500,440195,193905897500,-0.1134,-16484,-37676,59688,46520,6415,6780,2014,-440,-1323,-5266,-262,-278
2022-03-31,437000,444000,435000,442000,272318,120364556000,0.3405,-82527,46431,38092,24246,13498,-798,4425,-80,-3199,-1838,-158,0
2022-04-01,438500,439500,425000,428000,456080,195202240000,-3.1674,80564,-96246,18944,38694,-4608,-1035,-1575,-240,-12315,-4302,1040,23
2022-04-04,422000,440500,417500,438500,362727,159055789500,2.4533,-106840,-19381,129985,116514,8832,4790,2319,-2491,42,-3363,-401,-21
2022-04-05,442500,450000,437000,449000,491410,220643090000,2.3945,-227282,47143,181110,164043,20619,-2752,16978,-7636,-9600,-339,-632,-542
2022-04-06,436000,448500,436000,444500,415524,184700418000,-1.0022,-58673,-30020,91384,116266,-4058,-13365,4960,0,-12283,-2026,-665,-136
2022-04-07,438000,442000,431000,436500,316409,138112528500,-1.7998,-17004,-14598,33249,51874,11837,-23191,1627,-100,-8711,-870,-777,-87
2022-04-08,449000,449000,437500,439500,395489,173817415500,0.6873,-14791,43095,-25187,-4136,7664,-17139,-3597,152,-8153,-3211,94,22
2022-04-11,435000,435500,423500,425000,289205,122912125000,-3.2992,56911,-47470,-8212,5946,-5402,-670,-4706,0,-3380,-825,-404,0
2022-04-12,417000,421500,410000,411000,382240,157100640000,-3.2941,59003,-59450,-4222,16930,-10147,-1803,-9309,2325,-2218,4278,391,0
2022-04-13,414000,431500,404000,431000,386194,166449614000,4.8662,-71415,-47553,118972,78127,22161,2004,180,524,15106,226,-230,870
2022-04-14,434000,441000,427500,441000,321259,141675219000,2.3202,-115875,-30857,148810,102812,65821,-551,-1078,-6661,-11851,-1556,-522,318
2022-04-15,435500,445000,431500,435000,307347,133695945000,-1.3605,-90830,-13475,103366,128098,-1449,-3957,8615,-15080,-12483,941,-2,-378
2022-04-18,434000,439500,432500,433000,115652,50077316000,-0.4598,-831,-23118,26679,30250,-1059,-3136,1930,0,-2070,-2729,-1,764
2022-04-19,438000,441500,434000,435500,124432,54190136000,0.5774,-15265,-6813,24184,29338,-3845,-4572,-586,-2050,5925,-2073,-33,-26
2022-04-20,437500,438000,432000,436500,202657,88459780500,0.2296,-16031,2713,14407,25686,-887,-4574,1620,0,-8735,-683,-406,1297
2022-04-21,437500,440000,434500,437000,234128,102313936000,0.1145,-30798,14608,18838,34553,-10037,661,-1756,-5164,981,-2689,41,-400
2022-04-22,434000,437500,428500,436500,266806,116460819000,-0.1144,-26813,35696,-7843,34740,-5361,-2814,-762,-153,-33515,-1028,-12,22
2022-04-25,430000,436000,428500,433000,254452,110177716000,-0.8018,-37207,52499,-14011,11034,-6196,-5378,-8662,0,-4809,-1230,-51,0
2022-04-26,432000,432000,414500,423500,520529,220444031500,-2.194,-2697,-96981,101628,92005,-4268,26542,-13815,0,1866,-1217,-733,-702
2022-04-27,399500,427000,397000,418000,1478354,617951972000,-1.2987,192831,47246,-195959,326817,-316733,-116160,18714,1122,-80052,-44992,874,-29667
2022-04-28,420500,421000,412500,417500,358325,149600687500,-0.1196,12943,70549,-76611,56161,-23551,-93753,11175,399,-24153,-6893,12,-2889
2022-04-29,418000,426000,414000,417000,332582,138686694000,-0.1198,-18097,88827,-63598,29329,-10981,-75308,1180,0,577,-6683,-449,-8395
2022-05-02,412500,414500,407000,408500,365546,149325541000,-2.0384,116561,-26809,-94235,42632,-30844,-86981,-3541,0,-15352,3989,494,-149
2022-05-03,409500,415000,406500,407500,254850,103851375000,-0.2448,4695,-11967,8312,31920,-10101,-10824,-99,0,-2575,-1269,229,-9
2022-05-04,409500,410500,399500,401500,364195,146224292500,-1.4724,123633,-5902,-116251,39131,-30688,-111587,-1080,0,-9397,-2522,1042,-2630
2022-05-06,395000,401500,390000,401500,350875,140876312500,0.0,16636,-81908,54408,47942,-5193,17271,-1663,0,-3770,10141,723,-179
2022-05-09,397000,400000,390000,394000,289113,113910522000,-1.868,81776,-37560,-53418,29648,-18180,-61164,-1215,46,-1800,8602,600,-753
2022-05-10,387500,398500,382000,393500,407928,160519668000,-0.1269,226,41125,-44122,59925,-23225,-65136,-10259,5,-3943,1884,887,-1489
2022-05-11,394000,398000,391500,391500,239355,93707482500,-0.5083,11067,-23161,11441,32424,4965,-29697,1815,0,2586,215,438,-652
2022-05-12,390000,395500,386000,388000,251570,97609160000,-0.894,-19384,-21387,40265,54873,614,-11748,-929,0,-1334,334,172,-1211
2022-05-13,390500,401500,390500,400500,228636,91568718000,3.2216,-81157,36630,48236,40921,-1757,-6545,12,45,17228,-2991,-718,-1668
2022-05-16,407000,407500,397000,400500,200731,80392765500,0.0,-19249,13010,9525,42208,-1679,-16369,-1340,0,-12849,-3264,-22,-446
2022-05-17,400500,411000,399000,408500,230327,94088579500,1.9975,-75546,8482,70014,93368,-1950,-20940,-2549,0,2717,-2900,-50,-632
2022-05-18,410000,413000,407500,410000,233063,95555830000,0.3672,-30385,17600,15727,59361,-1732,-27093,-1476,16,-12431,-2370,-572,-918
2022-05-19,398500,417000,398500,415500,320709,133254589500,1.3415,-107296,40818,66612,62596,543,-4519,6140,0,1802,1407,-1541,50
2022-05-20,421000,439000,418000,434000,881979,382778886000,4.4525,-359739,250208,122212,123025,8873,15971,3600,-14031,-7538,-12032,-649,-7688
2022-05-23,438500,444000,432500,438000,361437,158309406000,0.9217,-96890,105142,-5055,31753,2478,-31373,-271,-10000,2443,-3198,1,-85
2022-05-24,438500,444000,436500,438500,350284,153599534000,0.1142,-138223,140611,2387,35774,1251,5096,-1040,-20000,-17695,-4254,-521,-999
2022-05-25,439000,439000,422000,426500,365195,155755667500,-2.7366,68707,-44746,-30469,26116,-23349,-34279,-14580,-20,15643,6461,47,0
2022-05-26,426500,432500,424500,430500,162583,69991981500,0.9379,-53253,40493,12772,18353,-4838,-6734,-643,0,6804,-187,175,-170
2022-05-27,434500,437000,427500,430500,214801,92471830500,0.0,-10006,1964,8613,4880,-5674,-2709,-2908,127,15474,-531,-40,-577
2022-05-30,434500,440000,432000,439500,229834,101012043000,2.0906,-122755,107198,16995,21468,3447,-9433,890,35,593,-1075,-363,-5
2022-05-31,441500,444000,436000,444000,345830,153548520000,1.0239,-102757,104771,-26,12706,3101,4765,-1087,0,-19511,-1426,-562,0
2022-06-02,440500,442000,438000,440500,153596,67659038000,-0.7883,-12604,17775,-5149,17353,-669,-6107,652,0,-14870,39,-61,-1508
2022-06-03,443500,444000,437500,437500,154981,67804187500,-0.681,-10656,-6235,15441,19182,-1602,-882,-773,-1526,2013,1456,-6,-971
2022-06-07,436500,439500,432000,432000,180249,77867568000,-1.2571,-18303,34327,-16165,15317,-2207,-10012,616,0,-19879,395,-254,0
2022-06-08,432500,434500,422500,425500,215828,91834814000,-1.5046,3473,22614,-25475,11701,-7288,-18630,-3190,0,-8068,-629,17,0
2022-06-09,426000,426000,419000,422500,208712,88180820000,-0.7051,15683,-10486,-5201,-2869,5524,-5330,-7845,0,6370,43,-39,-1051
2022-06-10,418000,426000,412500,425000,285077,121157725000,0.5917,8710,-42434,30650,25957,35248,-8296,-1201,0,-21058,3416,-342,0
2022-06-13,414000,420500,413500,415000,267003,110806245000,-2.3529,9490,-12006,3186,22603,15102,-33879,-613,0,-27,-836,166,0
2022-06-14,411000,432500,410500,426500,417106,177895709000,2.7711,-83734,42032,40668,25210,17995,-6154,2242,0,1375,1094,-60,0
2022-06-15,426000,427500,417000,420000,275832,115849440000,-1.524,-21337,-9545,33973,32822,-2975,-9319,3366,-274,10353,-2877,-214,0
2022-06-16,424500,439500,424500,427000,365836,156211972000,1.6667,-102367,72975,29612,28772,10025,-9927,2559,84,903,-200,-20,-2804
2022-06-17,419500,430000,417000,425500,1211937,515679193500,-0.3513,35767,37119,-72459,-16456,-8632,-47947,-60,1861,-1365,-546,119,140
2022-06-20,426500,427000,408500,411500,285056,117300544000,-3.2902,78015,-92340,13272,18126,-1236,-8631,-3711,0,8915,954,99,-191
2022-06-21,414500,416500,406000,413000,204026,84262738000,0.3645,19355,-33090,13049,27480,-18971,-8887,-2370,96,15701,839,-153,0
2022-06-22,415000,416500,401000,401000,210875,84560875000,-2.9056,17781,-30926,13453,22053,-4497,-7531,113,137,4536,-412,104,-1358
2022-06-23,401000,404500,391000,400000,298719,119487600000,-0.2494,6147,-38682,26991,26478,3629,-11896,-1401,108,10361,5887,-343,-288
2022-06-24,399000,405000,398000,405000,235758,95481990000,1.25,-10217,-4883,16077,5353,-865,10623,-10184,27,11428,-1057,80,-305
2022-06-27,408500,414500,403500,412000,206869,85230028000,1.7284,-44562,41938,3876,23330,-6061,-1853,1907,-3,-13405,-1239,-13,-39
2022-06-28,412000,415000,406500,410500,129697,53240618500,-0.3641,-2766,9776,-7620,14176,-3458,-18113,882,0,-1107,561,49,0
2022-06-29,402000,403500,391500,391500,327192,128095668000,-4.6285,160264,-95605,-70887,-22653,-15551,-15852,-2026,0,-14776,5700,528,-29
2022-06-30,388500,389000,370500,371000,459845,170602495000,-5.2363,141103,-71735,-69484,-37948,-11917,-10272,-10817,241,1446,-952,1068,-217
2022-07-01,371000,371500,356000,356500,434833,155017964500,-3.9084,113766,-41818,-71541,-40952,-22917,8528,-9243,-1732,-5227,-836,429,2
2022-07-04,356500,361000,352000,356000,161015,57321340000,-0.1403,6147,-4228,-4236,9899,-1991,-11158,-5787,0,4834,2247,70,-33
2022-07-05,356500,362500,356000,361500,219192,79237908000,1.5449,10762,-44366,35110,20055,4869,2665,-3261,-343,11257,-1576,70,-132
2022-07-06,367500,374500,364000,370500,393886,145934763000,2.4896,-17639,-18549,39833,64776,3435,-12808,2350,0,-17805,-3671,26,-115
2022-07-07,374500,375000,367500,373500,223247,83382754500,0.8097,-34420,2872,32018,26449,3166,-1547,-425,0,4375,-473,3,0
2022-07-08,375000,392500,375000,388000,397140,154090320000,3.8822,-123777,30269,91243,48918,22390,17684,9428,53,-7154,2400,-135,-76
2022-07-11,389000,402000,380500,395000,345052,136295540000,1.8041,-127985,24835,112147,47953,27324,36850,4867,130,-5134,-8826,-171,157
2022-07-12,393000,403000,387500,401000,324262,130029062000,1.519,-120451,56425,65556,35505,22558,5062,8723,116,-6512,-609,-921,104
2022-07-13,398500,404000,392000,400000,223258,89303200000,-0.2494,-57382,16604,42044,26803,6291,-8745,4907,0,12840,-865,-401,-52
2022-07-14,400000,404000,399000,399500,197883,79054258500,-0.125,-18295,58866,-40834,15265,-18574,-12920,-10,-1518,-22812,411,-148,-265
2022-07-15,401500,402000,394000,400000,146816,58726400000,0.1252,-13898,15748,-1391,2142,9201,-5884,-1218,-229,-5432,-402,-57,29
2022-07-18,400000,400500,387000,393000,233929,91934097000,-1.75,35981,13398,-49138,-16067,-1301,-20179,-1673,1151,-10969,-7,-234,-100
2022-07-19,391500,393500,382500,383000,205688,78778504000,-2.5445,66860,-46606,-26435,346,-166,-3353,-8113,-5880,-9025,8084,-1903,-244
2022-07-20,387000,389500,383500,384000,181936,69863424000,0.2611,38729,-29368,-9577,8895,-2115,-6904,-2076,-89,-7221,198,18,-67
2022-07-21,385000,390500,384500,390500,185937,72608398500,1.6927,-37198,39367,-2062,14593,5976,-10563,1477,61,-13506,-10,-97,-100
2022-07-22,391500,392500,382000,382000,300672,114856704000,-2.1767,50044,-57916,4521,11148,-4562,4820,-3138,-89,-2658,3135,216,-1000
2022-07-25,376000,393500,371000,391000,653865,255661215000,2.356,-167350,88657,79686,53504,8705,102618,-14918,-65,-69773,-575,-418,-385
2022-07-26,388000,409500,386500,394000,691524,272460456000,0.7673,-218158,132435,90613,89374,21412,-1456,14020,698,-35682,-4533,-357,2247
2022-07-27,383000,397000,382500,393500,2624439,1032716746500,-0.1269,247692,319716,-502932,345886,-271876,-635008,33234,-5956,69764,-64676,200,-38976
2022-07-28,396000,419000,393500,415500,1654973,687641281500,5.5909,-360742,521204,-142787,124588,-82964,-207133,32123,96,8514,-16760,-915,-18011
2022-07-29,416000,423000,411000,422000,721315,304394930000,1.5644,-83682,80085,11496,59502,-22231,-65552,15558,3485,27900,-7917,18,-7166
2022-08-01,420000,428000,416500,419500,370740,155525430000,-0.5924,-36588,29905,9195,65886,-24607,-41969,6829,-391,4253,-2430,-82,-806
2022-08-02,420000,424000,413000,417000,282849,117948033000,-0.5959,31401,32974,-64186,29095,-23038,-62135,5143,45,-10963,-295,106,-2333
2022-08-03,416000,437000,415500,437000,733137,320380869000,4.7962,-203759,229204,-26441,50109,-15912,-84893,30700,2244,-11618,1333,-337,2929
2022-08-04,444500,446500,438500,443000,573214,253933802000,1.373,-123136,113803,14100,96106,-15151,-66974,12698,180,-12134,-4473,-294,-625
2022-08-05,443500,449000,440500,446000,409770,182757420000,0.6772,-91202,71823,21623,80382,-8256,-48709,4282,-42,-6067,-1899,-345,33
2022-08-08,443000,448500,440500,447000,256471,114642537000,0.2242,-63999,7002,57230,42696,26715,1582,405,821,-13301,-44,-189,-1688
2022-08-09,448000,458500,444000,457500,593954,271733955000,2.349,-96163,105478,1087,63891,-4297,-35514,5421,63,-25637,-10122,-280,-2840
2022-08-10,455500,459500,452500,458000,280484,128461672000,0.1093,-24951,45071,-20278,25259,-5192,-28469,1072,1059,-17007,88,70,3000
2022-08-11,462000,474000,461000,472000,641654,302860688000,3.0568,-169001,190279,-1675,28327,13618,10606,21445,-899,-69535,-18987,-616,-5237
2022-08-12,469000,473000,455500,460500,430857,198409648500,-2.4364,36980,31958,-66843,18829,-14312,-60996,-8435,-1345,-103,-2065,-30,-481
2022-08-16,464500,469500,458500,460500,327692,150902166000,0.0,-4262,30200,-19121,21666,-6633,-29946,2929,-2621,-4516,-6668,-149,0
2022-08-17,461000,461500,450000,453500,343740,155886090000,-1.5201,18639,67747,-84381,6354,-30659,-40629,-8740,-1232,-9475,-2226,221,0
2022-08-18,450000,455000,445000,452000,255728,115589056000,-0.3308,19056,23553,-41250,16887,-10544,-41535,-1645,800,-5213,-1581,222,0
2022-08-19,452500,455000,445500,447000,225884,100970148000,-1.1062,1811,63788,-63669,21206,-25852,-45334,-516,0,-12014,-2992,1062,-1159
2022-08-22,441500,447500,438500,442500,207144,91661220000,-1.0067,-1795,7657,-5126,36330,-5518,-18931,-245,0,-16762,211,-947,0
2022-08-23,441500,449000,439500,445000,225611,100396895000,0.565,-6991,13063,-5797,27817,-5034,-18728,1535,0,-11393,-458,183,6
2022-08-24,449500,454000,441500,451000,242174,109220474000,1.3483,-23276,15050,8762,38222,-3022,-12818,733,180,-14875,-516,-20,342
2022-08-25,452500,459000,449000,459000,262145,120324555000,1.7738,-68258,69369,-1716,34558,-11685,-25586,2154,7,-431,860,-255,-733
2022-08-26,461000,467000,460500,465500,316072,147131516000,1.4161,-115926,77980,39585,43779,-15082,1894,6867,192,3017,-1369,-270,-1082
2022-08-29,451000,465000,447500,459500,339935,156200132500,-1.2889,-33410,3452,29033,50263,-3995,-10596,1304,-602,-8084,934,-9,743
2022-08-30,470500,478000,463500,465500,422011,196446120500,1.3058,-44272,45112,-977,10752,-385,-10363,2425,1032,-3340,668,-531,-1098
2022-08-31,462500,466000,455000,462500,432953,200240762500,-0.6445,35663,12626,-50447,-1093,-7528,-28869,-840,0,-12191,2083,75,74
2022-09-01,455500,469000,455000,463000,289808,134181104000,0.1081,-52407,27651,23836,50645,-3886,-6748,6899,-190,-22384,866,54,-500
2022-09-02,467500,487000,466500,482000,731539,352601798000,4.1037,-290050,206591,89343,33469,12889,47958,7347,-317,-6423,-4303,-1581,-5580
2022-09-05,481500,492000,480500,483000,323405,156204615000,0.2075,-16719,-25448,44225,19766,12030,9785,6280,114,-3750,-1959,-99,0
2022-09-06,483000,486000,475000,483500,205898,99551683000,0.1035,-20659,-10365,31161,30688,-177,2283,1488,2135,-5936,-189,52,680
2022-09-07,481500,490500,481000,488000,276296,134832448000,0.9307,-41242,16689,23877,42304,-14731,-9413,4789,-1312,3580,563,113,-1340
2022-09-08,492500,494000,486000,486500,327964,159554486000,-0.3074,-24183,42280,-17492,27570,-35540,-31391,2709,-63,19103,-163,-442,120
2022-09-13,492000,500000,485500,497000,437949,217660653000,2.1583,-124680,117343,10063,28731,-26162,-10681,-929,-294,21957,-2205,-521,-2559
2022-09-14,487000,500000,486500,498500,412616,205689076000,0.3018,-55385,16945,42886,72142,-29098,10387,1305,341,-8097,-4079,-367,-4094
2022-09-15,499500,513000,497500,511000,447162,228499782000,2.5075,-131967,67376,75227,47794,15957,21658,618,771,-11119,-10374,-262,-452
2022-09-16,512000,516000,501000,506000,975540,493623240000,-0.9785,-23523,277,20872,30109,1723,-19248,9973,-190,551,2597,-223,-2046
2022-09-19,507000,507000,475000,477500,524253,250330807500,-5.6324,56706,17457,-76155,13415,-26271,-49056,-4692,-222,-8397,866,1126,-932
2022-09-20,484000,491000,475500,483500,321658,155521643000,1.2565,-12712,32902,-23412,4335,-6263,-12998,-3435,-1091,-3828,3128,94,-132
2022-09-21,481500,487500,476500,479500,251723,120701178500,-0.8273,-8111,-7477,15924,27144,-1753,-4406,-249,-20,-4792,-452,116,0
2022-09-22,475500,492000,473500,488500,270673,132223760500,1.877,-28621,16842,13390,14243,144,3677,2311,160,-7145,-1629,18,0
2022-09-23,489000,489500,460000,460500,434212,199954626000,-5.7318,117419,-45660,-69835,16728,-11336,-47152,-476,695,-28272,-2166,242,-22
2022-09-26,453000,458000,440000,446500,446277,199262680500,-3.0402,34370,39098,-21174,21324,-4529,-18195,-4246,559,-15908,-50854,-1440,-179
2022-09-27,447500,451000,435000,444000,365111,162109284000,-0.5599,28695,-56599,27340,39278,-6052,-380,-289,1000,-6290,567,-3,73
2022-09-28,444000,451500,427000,433500,434645,188418607500,-2.3649,32770,-39751,8304,28285,1749,-21002,4477,2378,-7561,-1524,201,-22
2022-09-29,440500,448000,436500,440000,315304,138733760000,1.4994,-54609,1431,52364,43407,14591,-5843,735,224,-750,607,207,0
2022-09-30,433000,438500,420000,426500,359392,153280688000,-3.0682,38552,-51108,12137,23723,-10235,-16015,-860,720,12223,-297,716,2581
2022-10-04,429500,446000,415000,444500,385281,171257404500,4.2204,-30513,35549,-3767,11513,-14490,-8476,-1491,712,8463,-1065,-204,2
2022-10-05,455000,470500,448500,469000,500217,234601773000,5.5118,-143889,51315,91209,37382,15775,17457,6330,-831,15100,1000,365,-4
2022-10-06,470000,487000,466500,478000,355060,169718680000,1.919,-67595,-1599,69077,13703,11989,24934,3534,-1299,16316,1439,-1322,-100
2022-10-07,474500,486000,474000,482500,278082,134174565000,0.9414,-50172,55612,-4564,18072,-920,-15475,-3107,1989,-3705,-667,-209,-1418
2022-10-11,482000,497500,477500,497500,482189,239889027500,3.1088,-127428,159518,-27517,45519,-3774,-12083,-1457,505,-56017,-4571,-2,-210
2022-10-12,497500,498000,475500,483000,372446,179891418000,-2.9146,42194,-17248,-23454,12539,-10312,-32724,-764,-281,8088,-1623,131,0
2022-10-13,484500,492500,476500,477000,305035,145501695000,-1.2422,-15606,56049,-43769,-1792,-30882,-16530,-884,30,6289,3406,-80,0
2022-10-14,487000,489500,479000,483000,234212,113124396000,1.2579,-14731,19171,-3872,2362,-6222,3794,-1995,0,-1812,-686,118,1
2022-10-17,479500,491500,477000,491500,234777,115392895500,1.7598,-54655,13904,47561,26772,6560,19057,-627,0,-4313,-6732,-78,112
2022-10-18,497000,499500,481500,489000,338046,165304494000,-0.5086,37939,4068,-42220,-2378,-7379,-28732,-4741,-42,1454,-182,395,-402
2022-10-19,491000,500000,489500,497500,347663,172962342500,1.7382,-110394,112937,-12188,8441,5239,-12087,3178,-240,-16650,9315,330,-69
2022-10-20,499000,500000,484500,495000,301938,149459310000,-0.5025,15672,-951,-23062,10102,-7120,-11647,-2875,-906,-10526,9325,-984,-90
2022-10-21,491000,499000,489000,499000,211677,105626823000,0.8081,-45047,17495,15366,9273,-529,19087,-107,28,-12286,12431,-245,-100
2022-10-24,504000,510000,500000,509000,346950,176597550000,2.004,-152910,62392,90550,34706,4936,34194,4127,0,14469,236,-268,-1882
2022-10-25,510000,526000,509000,511000,473847,242135817000,0.3929,-125115,52098,70865,24957,6603,7124,2676,-234,29902,2387,-235,-163
2022-10-26,517000,530000,514000,529000,445935,235899615000,3.5225,-151140,92416,62144,393,16020,36188,6514,-1265,4934,-2911,-509,-640
2022-10-27,535000,545000,532000,540000,370279,199950660000,2.0794,-59421,41126,23606,3328,7398,8375,4489,-407,1499,-5039,-272,-1076
2022-10-28,540000,549000,530000,532000,381489,202952148000,-1.4815,-67433,99790,-31391,8182,150,-45836,614,-773,6281,-1215,249,-9
2022-10-31,539000,542000,516000,528000,627381,331257168000,-0.7519,4966,21939,-26961,8340,-4863,-28731,4301,80,-5751,-1516,1572,-337
2022-11-01,534000,563000,533000,563000,516467,290770921000,6.6288,-207463,182155,28725,-1231,7436,28697,-610,-308,-5209,-2270,-1147,-50
2022-11-02,564000,585000,560000,569000,587884,334505996000,1.0657,-102915,129764,-24584,14107,-4871,10663,-2895,-266,-41092,-2092,-173,-230
2022-11-03,560000,593000,557000,589000,423465,249420885000,3.5149,-95775,52516,45604,34692,9450,7803,7613,-272,-13612,-2684,339,-70
2022-11-04,590000,598000,583000,592000,363743,215335856000,0.5093,-37122,69630,-13907,-2648,-7781,212,-400,-1114,-2222,-18825,224,46
2022-11-07,591000,596000,581000,587000,260646,152999202000,-0.8446,618,38069,-37775,-4873,-7179,-22673,-763,-217,-1972,-1030,118,-98
2022-11-08,590000,590000,570000,588000,367102,215855976000,0.1704,-27077,68618,-41457,3265,-5981,-39870,-3075,0,4215,-214,130,-11
2022-11-09,591000,599000,581000,599000,304293,182271507000,1.8707,-67362,80665,-11447,2243,-7607,-7830,-3811,-2997,8554,-1752,-104,1
2022-11-10,595000,610000,593000,605000,381672,230911560000,1.0017,-52159,53017,4741,-10359,-2770,-1117,-1458,-401,20846,-5481,-118,0
2022-11-11,623000,629000,613000,624000,447112,278997888000,3.1405,-62947,104066,-20098,-20618,-1179,10637,2729,-461,-11153,-21837,816,-53
2022-11-14,618000,628000,602000,604000,433612,261901648000,-3.2051,109943,-17610,-90298,-21322,-26576,-19266,-4090,-285,-18760,-1159,-876,1
2022-11-15,604000,610000,586000,596000,380071,226522316000,-1.3245,21499,104457,-124207,-30109,-27514,-45659,-8256,-82,-12466,-1375,-374,-121
2022-11-16,599000,603000,585000,600000,246738,148042800000,0.6711,-20242,55092,-34510,-5002,-5753,-18228,265,263,-6056,-317,-23,1
2022-11-17,596000,606000,593000,597000,157723,94160631000,-0.5,-9188,26316,-15943,-2050,-274,-14572,658,3,292,-1145,-40,0
2022-11-18,600000,613000,597000,598000,237076,141771448000,0.1675,-9078,25079,-16532,-6999,-2324,-2099,-2878,3616,-5847,421,110,-1
2022-11-21,600000,600000,571000,573000,375953,215421069000,-4.1806,65437,26992,-89859,-29344,-10851,-35499,-10017,134,-4236,-3022,452,-46
2022-11-22,569000,578000,558000,571000,323986,184996006000,-0.349,28947,69387,-98681,-28509,-19907,-30404,-6974,698,-11667,136,211,-1918
2022-11-23,574000,576000,557000,561000,313170,175688370000,-1.7513,49690,30722,-81997,-31206,-14777,-26759,-8077,124,-1288,1583,2,-14
2022-11-24,568000,574000,565000,568000,202426,114977968000,1.2478,-28333,41626,-13357,1294,-7544,-8724,-1818,29,3405,-358,422,1
2022-11-25,568000,577000,566000,571000,189536,108225056000,0.5282,846,24840,-26162,-10981,-2528,-23084,2539,3,7889,-1,477,0
2022-11-28,573000,584000,554000,562000,327688,184160656000,-1.5762,52570,10543,-63307,-35867,506,-25393,1365,790,-4808,782,-588,100
2022-11-29,562000,568000,558000,567000,276910,157007970000,0.8897,-5839,52690,-47253,-19067,-2328,-24042,-2519,0,702,317,85,1
2022-11-30,563000,587000,556000,587000,1549820,909744340000,3.5273,-68769,194460,-125490,-48650,22279,-65473,-10741,-2575,-20330,2,-203,0
2022-12-01,589000,591000,579000,585000,360664,210988440000,-0.3407,29879,27893,-55341,-17478,-15590,-12722,-2505,36,-7082,-2579,148,0
2022-12-02,585000,590000,578000,584000,239024,139590016000,-0.1709,-35920,78249,-42908,-25185,-2136,-4680,-1493,-289,-9125,140,439,0
2022-12-05,582000,582000,562000,562000,370292,208104104000,-3.7671,68142,44766,-113856,-44370,-31031,-21967,-12830,-1043,-2576,552,396,-39
2022-12-06,555000,568000,553000,559000,249853,139667827000,-0.5338,10247,39242,-50194,-39430,-8814,-5648,-1098,-142,5270,688,17,-332
2022-12-07,558000,565000,553000,563000,209953,118203539000,0.7156,-31408,50624,-20760,-22024,-3969,-3832,55,-38,9048,1638,-94,0
2022-12-08,564000,567000,525000,531000,928841,493214571000,-5.6838,175332,-301574,71534,-69306,141258,-7564,26726,2104,-21508,54225,483,-176
2022-12-09,533000,534000,507000,515000,621086,319859290000,-3.0132,46907,35840,-82565,-101958,31763,13607,-9978,276,-16136,-507,325,-139
2022-12-12,506000,514000,501000,502000,410188,205914376000,-2.5243,30496,80244,-111459,-52522,-35060,2402,-20572,127,-5933,711,8,99
2022-12-13,506000,506000,489000,496500,409056,203096304000,-1.0956,54296,-30065,-24943,-34196,-7590,6945,2473,-65,7447,353,359,43
2022-12-14,492500,502000,488000,498500,321107,160071839500,0.4028,12586,-46864,33427,-14283,-2000,23654,-3212,226,29144,431,420,-102
2022-12-15,499000,502000,483000,486000,324362,157639932000,-2.5075,63143,-28127,-35979,-43039,-16174,24154,-4630,710,2982,618,345,18
2022-12-16,476500,489500,476500,485500,312213,151579411500,-0.1029,2448,-10799,7388,-16480,6507,26364,-57,-496,-8084,804,159,-366
2022-12-19,482500,483000,473000,482000,333848,160914736000,-0.7209,25410,1655,-29614,-22274,-9959,7966,-6172,462,362,2388,161,1
2022-12-20,478500,497500,477000,487500,328234,160014075000,1.1411,-16837,-23294,39269,4208,15009,15415,1050,98,3489,990,-128,0
2022-12-21,489500,493000,475000,477000,244350,116554950000,-2.1538,61900,-40843,-22491,-14617,-9332,209,-4409,44,5582,1238,196,32
2022-12-22,479500,481000,466500,471500,340815,160694272500,-1.153,38015,-11812,-29531,-40256,-2675,-23890,-4597,1315,40579,3138,190,-7
2022-12-23,464000,465500,455000,455500,287228,130832354000,-3.3934,22655,6459,-25821,-31259,404,-13877,-3771,529,22152,-3539,246,1
2022-12-26,454000,459500,454000,457500,149013,68173447500,0.4391,-16544,17214,-2069,-12357,-5397,-1131,-70,-3773,20697,803,596,-38
2022-12-27,457500,460000,449500,457000,231365,105733805000,-0.1093,36637,-43705,4907,-22518,-1710,-3295,3496,-1822,31605,1792,369,-849
2022-12-28,450500,450500,432500,436500,446129,194735308500,-4.4858,143655,21418,-167245,-97370,3568,-23674,-3571,1527,-48205,1490,682,480
2022-12-29,435500,442500,432500,435500,265226,115505923000,-0.2291,22929,16054,-40654,-45638,2657,23990,2490,4060,-28369,1417,254,156
2023-01-02,442000,455000,441500,446000,250046,111520516000,2.411,-18132,1558,14088,11565,25251,-16186,4255,88,-10923,2494,-8,38
2023-01-03,446000,449500,435000,440500,218710,96341755000,-1.2332,43804,-28638,-15877,-19468,-413,3257,-3937,0,3705,127,584,979
2023-01-04,433000,445000,421000,443000,291720,129231960000,0.5675,39115,-50542,9892,-8457,4045,-1115,-2444,211,16391,1377,158,1261
2023-01-05,447000,450000,433000,433500,291874,126527379000,-2.1445,66429,-45508,-22078,-11257,-11227,7759,-374,15,-6994,783,374,0
2023-01-06,429500,444000,423000,444000,294525,130769100000,2.4221,-29391,28552,947,-9,2116,1831,2758,78,-5869,447,-555,42
2023-01-09,449500,465000,448500,464000,395601,183558864000,4.5045,-96113,26664,70388,7236,32042,940,19509,-171,10478,-697,-242,354
2023-01-10,473500,484000,467000,473500,608987,288355344500,2.0474,-33086,8095,24942,22190,30198,16355,5789,-83,-49958,-229,278,451
2023-01-11,474000,478500,469000,474500,254291,120661079500,0.2112,6593,-27224,21226,5652,8655,61,1621,100,5137,-741,146,0
2023-01-12,481000,482000,472000,478000,287924,137627672000,0.7376,-5975,415,2368,3744,17960,28815,2528,143,-50923,3391,-199,101
2023-01-13,479500,482000,475500,478000,181006,86520868000,0.0,-7594,22240,-15345,-1021,-727,-14115,2172,6,-1661,498,201,1
2023-01-16,478500,480500,475500,480500,138434,66517537000,0.523,-23406,39051,-14277,-5298,-2993,-3339,-338,-19,-2290,-1394,26,0
2023-01-17,478500,479000,454500,458000,390507,178852206000,-4.6826,137803,5744,-147234,-25809,-25612,-38836,-8626,450,-48802,2469,1218,1
2023-01-18,464000,467000,454500,458000,282241,129266378000,0.0,8044,21287,-30605,22952,-20593,-13687,1278,93,-20774,1128,146,126
2023-01-19,458000,463000,448000,456000,271694,123892464000,-0.4367,26518,47243,-73556,-14911,-21146,-20566,3742,100,-20732,211,-416,-43
2023-01-20,456500,471500,450500,469500,266206,124983717000,2.9605,-65869,18659,47652,20769,12395,20257,6150,-833,-11097,-170,-272,11
2023-01-25,470000,484000,470000,484000,366937,177597508000,3.0884,-147516,32576,119572,56096,15084,25580,3084,-303,19731,-3694,-938,300
2023-01-26,485500,520000,476500,517000,686493,354916881000,6.8182,-221410,64451,147839,62225,31719,11268,15351,-1533,27794,9346,-226,1015
2023-01-27,525000,526000,504000,506000,459245,232377970000,-2.1277,270,10129,-6313,35377,7547,-20073,2232,1600,-33218,-3471,-615,222
2023-01-30,498500,515000,490000,510000,1609558,820874580000,0.7905,-97654,58722,31562,123483,39460,68760,24982,2902,-228063,6543,827,38
2023-01-31,504000,528000,501000,521000,722845,376602245000,2.1569,-98495,-3954,104386,35133,12027,36278,5650,105,15090,-1256,-681,103
2023-02-01,527000,531000,518000,522000,428384,223616448000,0.1919,-17052,-3197,16018,9678,5972,2985,4930,-837,-7210,4019,212,500
2023-02-02,529000,534000,522000,533000,367389,195818337000,2.1073,-76738,60730,14966,15589,9829,-8002,16893,0,-19343,862,180,0
2023-02-03,533000,541000,530000,535000,311193,166488255000,0.3752,-30244,41527,-22948,-6134,3388,-912,5831,-1263,-23856,12180,-515,-2
2023-02-06,530000,533000,521000,525000,280165,147086625000,-1.8692,-6781,8585,-4274,3382,5781,12124,3240,30,-28832,2451,19,1
2023-02-07,520000,544000,520000,542000,363799,197179058000,3.2381,-102041,27496,73270,75611,10642,19193,1983,10,-34169,1555,-280,0
2023-02-08,545000,549000,542000,546000,301262,164489052000,0.738,-26059,28180,-4045,6581,-178,15621,1301,2473,-29879,2306,-382,36
2023-02-09,544000,550000,540000,550000,355020,195261000000,0.7326,-33884,36662,-3780,7042,7145,15026,2262,-46,-35135,1013,-11,-74
2023-02-10,547000,548000,535000,542000,260831,141370402000,-1.4545,-1190,15247,-15063,13342,-3567,714,-2593,-3,-21483,1487,-481,-1473
2023-02-13,536000,537000,522000,522000,415228,216749016000,-3.69,79429,-19958,-59858,-25012,-9026,881,1073,69,-27319,346,41,-524
2023-02-14,526000,532000,520000,525000,299950,157473750000,0.5747,9140,-15323,1415,3263,-596,-4876,-461,1307,2777,3454,1314,1
2023-02-15,531000,543000,526000,527000,313034,164968918000,0.381,-38006,29202,10900,6840,7137,7123,2635,-62,-12655,-1562,-534,-118
2023-02-16,534000,549000,531000,549000,390488,214377912000,4.1746,-142745,85252,53585,23770,16237,-385,2102,0,11861,4716,-808,0
2023-02-17,540000,548000,529000,533000,334707,178398831000,-2.9144,61061,-36928,-23908,3038,-4783,-5203,-363,14,-16612,-123,-102,1
2023-02-20,534000,534000,511000,516000,380832,196509312000,-3.1895,136956,-73565,-71604,-15684,-16092,-25406,-3753,-402,-10262,6213,2000,-5
2023-02-21,517000,522000,511000,520000,211255,109852600000,0.7752,19371,-34569,14559,12944,728,-1993,-1101,179,3814,788,-149,-12
2023-02-22,507000,516000,504000,508000,315931,160492948000,-2.3077,72754,-37513,-35722,-5313,-10114,-1409,-283,-183,-18107,-1254,1735,-313
2023-02-23,511000,515000,504000,507000,218469,110763783000,-0.1969,49649,-33466,-16644,-6245,-8831,-1976,-7041,-3,7453,931,-470,-1
2023-02-24,508000,522000,507000,511000,239646,122459106000,0.789,-18839,-25744,44378,28061,13158,1654,2168,266,-2566,664,-459,1637
2023-02-27,507000,512000,499000,508000,256666,130386328000,-0.5871,37348,-27032,-10143,15841,3421,-1627,793,26,-29125,-398,225,528
2023-02-28,516000,532000,515000,523000,419180,219231140000,2.9528,-63655,11626,53551,19651,21108,2716,6117,99,3834,172,-1694,26
2023-03-02,520000,542000,516000,535000,506812,271144420000,2.2945,-105835,87762,17109,19930,10513,17774,2380,0,-33461,995,-31,-27
2023-03-03,539000,542000,533000,538000,288004,154946152000,0.5607,-5915,1205,5649,14324,2289,-6603,0,0,-4370,0,-939,9
2023-03-06,545000,547000,533000,547000,418951,229166197000,1.6729,-36500,1445,36996,56236,6643,206,2399,5,-28545,-2411,470,52
2023-03-07,548000,570000,543000,566000,834010,472049660000,3.4735,-190589,162531,26437,44296,24956,18680,9837,55,-72231,1934,-313,844
2023-03-08,559000,569000,551000,562000,374233,210318946000,-0.7067,3450,-10936,5334,7772,5355,18728,4935,35,-31539,2073,79,48
2023-03-09,564000,569000,545000,549000,411910,226138590000,-2.3132,2734,-32038,31531,16230,-1643,6607,910,-484,9910,-1992,-235,1
2023-03-10,537000,553000,534000,551000,270554,149075254000,0.3643,-47353,21823,25809,20666,16396,11653,-642,4,-22280,-15,-264,12
2023-03-13,554000,565000,549000,563000,365145,205576635000,2.1779,-48283,18483,31824,18490,16793,-2733,-568,0,-146,-1357,-667,-12
2023-03-14,560000,561000,545000,548000,306944,168205312000,-2.6643,15222,-20697,4135,19655,7751,-26250,-1847,11,3696,1315,25,1119
2023-03-15,551000,573000,549000,565000,455274,257229810000,3.1022,-92472,4731,88013,18539,13336,52208,6029,-35,-2309,-110,-162,245
2023-03-16,561000,578000,558000,576000,499942,287966592000,1.9469,-88880,15237,70405,40346,30818,27806,7357,87,-37486,3750,-512,1477
2023-03-17,579000,579000,550000,553000,461982,255476046000,-3.9931,100923,-100141,-2500,16501,1326,-23711,-4017,11,6989,1461,257,401
2023-03-20,546000,551000,537000,544000,229510,124853440000,-1.6275,6441,10975,-8444,-3686,-6148,-5688,397,-88,6683,-9226,254,86
2023-03-21,549000,559000,545000,546000,186781,101982426000,0.3676,-9515,4503,5000,-5488,4218,-3316,2330,58,7198,-68,80,0
2023-03-22,557000,577000,555000,573000,534061,306016953000,4.9451,-167357,130521,34800,20769,17817,-6801,9868,-4,-8128,2329,-293,1279
2023-03-23,568000,580000,566000,575000,457612,263126900000,0.349,-55402,-24984,79905,54374,21456,29829,7894,152,-34728,911,-430,928
2023-03-24,577000,578000,556000,569000,317648,180741712000,-1.0435,52596,-97352,39552,17487,11934,13507,2241,-50,-5567,4928,276,0
2023-03-27,588000,594000,572000,574000,553025,317436350000,0.8787,56135,-85313,30425,33872,1075,5342,-11,-30,-6823,-1234,-13,-3000
2023-03-28,578000,579000,566000,577000,264318,152511486000,0.5226,15914,-1495,-14060,-7940,-1061,-19513,-1224,-442,17120,-537,178,-1000
2023-03-29,578000,585000,577000,583000,368772,214994076000,1.0399,-16230,6386,15107,48332,-1218,-27249,-2922,-36,-1801,-4811,-452,1
2023-03-30,587000,590000,576000,588000,334990,196974120000,0.8576,-38520,85360,-46596,-2946,-8294,-20781,-2909,-915,-10937,242,-486,186
2023-03-31,582000,590000,571000,584000,298469,174305896000,-0.6803,44569,-51139,5293,3991,3600,-10306,1957,0,5750,1166,111,301
2023-04-03,588000,590000,577000,586000,330892,193902712000,0.3425,16433,-11661,-6306,16099,6614,-2160,1258,-2849,-25268,898,636,0
2023-04-04,586000,598000,572000,575000,444861,255795075000,-1.8771,12777,28963,-37235,-1311,-6516,-28888,3480,-164,-2037,-5293,788,-1799
2023-04-05,575000,589000,574000,588000,235578,138519864000,2.2609,-45415,40933,3789,5333,-1394,-12366,2510,-99,9787,436,257,18
2023-04-06,587000,590000,578000,580000,278416,161481280000,-1.3605,22243,-41713,16398,10492,15378,-5297,2468,-43,-7600,2734,338,1000
2023-04-07,581000,590000,579000,580000,366225,212410500000,0.0,53448,-60470,6396,15054,-879,-10457,3360,-14,-760,112,514,92
2023-04-10,587000,598000,584000,596000,597900,356348400000,2.7586,-118052,206846,-41488,6123,5537,-8442,6974,47,-51673,-46921,-385,-54
2023-04-11,600000,613000,596000,610000,811886,495250460000,2.349,-140296,194707,-55165,12290,-2565,-3126,3466,265,-65297,1671,-917,-198
2023-04-12,608000,610000,588000,590000,541299,319366410000,-3.2787,150421,-98989,-51496,-28498,-5122,-3786,-4744,-90,-9257,467,-403,1
2023-04-13,581000,599000,575000,599000,386450,231483550000,1.5254,-43091,5476,41789,4322,26733,1368,-575,-34,9975,-4630,456,0
2023-04-14,603000,604000,586000,594000,339843,201866742000,-0.8347,90507,-79063,-13071,3486,-7991,-8405,-1097,-562,3034,1207,420,-1536
2023-04-17,588000,593000,584000,591000,276643,163496013000,-0.5051,49947,-31263,-16703,4688,1868,-1776,-5102,-852,-15786,-2124,143,257
2023-04-18,593000,598000,586000,592000,247157,146316944000,0.1692,-37194,35535,806,15030,2360,1056,3145,-594,-19692,965,-112,-499
2023-04-19,593000,593000,581000,582000,300756,175039992000,-1.6892,91125,-66797,-22332,-5556,-4352,-13009,-3532,-38,4010,-2663,667,145
2023-04-20,582000,586000,575000,580000,247483,143540140000,-0.3436,2346,35347,-40322,-1321,-8414,-36972,-2682,-59,9126,2427,202,0
2023-04-21,577000,578000,563000,572000,267430,152969960000,-1.3793,-13959,59208,-45276,-16086,-16909,-16396,-3995,-23,8213,-352,379,-80
2023-04-24,566000,575000,563000,566000,189996,107537736000,-1.049,7587,1903,-9925,-7272,-8744,-3064,56,495,8602,953,-518,2
2023-04-25,570000,575000,548000,551000,328253,180867403000,-2.6502,14887,11435,-30580,-172,-17655,-4771,-5053,-7,-3195,4003,255,273
2023-04-26,551000,572000,550000,567000,296105,167891535000,2.9038,-16164,2823,14321,5925,9656,7747,3690,7,-13380,-938,-42,676
2023-04-27,573000,588000,567000,587000,463287,271949469000,3.5273,-44328,28024,25623,22270,20396,3918,8911,-37,-29697,-10019,700,-138
2023-04-28,590000,591000,573000,581000,316880,184107280000,-1.0221,30938,-40278,10539,13756,7898,1833,1113,93,-14791,-802,-397,637
2023-05-02,580000,592000,579000,591000,273527,161654457000,1.7212,-84764,65689,16907,6796,3014,2659,540,175,3652,2178,-10,71
2023-05-03,587000,587000,566000,567000,243943,138315681000,-4.0609,104522,-98710,-8708,480,-791,1889,96,21,-10404,2681,215,1
2023-05-04,563000,571000,560000,564000,244181,137718084000,-0.5291,46445,-58018,10709,857,1163,9503,9366,0,-10180,460,404,0
2023-05-08,565000,572000,558000,558000,202092,112767336000,-1.0638,8235,-22946,13734,-19318,2704,11465,4683,-261,14461,1101,-124,0
2023-05-09,558000,567000,550000,563000,169554,95458902000,0.8961,8660,58,-10845,2237,-3285,-6123,-1577,56,-2153,2007,120,0
2023-05-10,561000,570000,559000,566000,144538,81808508000,0.5329,-9110,14436,-5781,1561,712,64,-1922,1,-6198,435,20,1
2023-05-11,568000,572000,550000,553000,290645,160726685000,-2.2968,74107,-71015,-4210,2497,-11846,-3461,-6085,-114,14800,575,543,-1
2023-05-12,547000,549000,542000,547000,184132,100720204000,-1.085,20578,4553,-28535,-10343,-77,-9790,-3438,-91,-4788,3141,263,-8
2023-05-15,542000,546000,530000,545000,211398,115211910000,-0.3656,-10771,21393,-9906,-6565,-1245,-5491,2220,-320,1700,-799,83,-205
2023-05-16,549000,552000,538000,540000,178059,96151860000,-0.9174,44614,-40279,-4949,-1579,-1138,-920,-898,-479,64,479,135,1
2023-05-17,538000,560000,534000,560000,185024,103613440000,3.7037,-63138,38205,25555,10923,1986,5306,6548,-6,549,-488,-134,249
2023-05-18,563000,564000,555000,562000,144616,81274192000,0.3571,-12512,27705,-13673,-1208,477,-6784,-583,-35,-5541,-1641,121,1
2023-05-19,560000,561000,552000,552000,156070,86150640000,-1.7794,36928,-19376,-17980,-16757,-5750,-6752,-6269,0,17697,348,80,-149
2023-05-22,553000,562000,547000,560000,154752,86661120000,1.4493,-30039,35861,-6955,556,1242,10895,-431,2,-19219,1201,-68,0
2023-05-23,564000,579000,563000,574000,243135,139559490000,2.5,-99134,50173,50192,16619,16390,3889,1675,159,11205,-1035,-196,255
2023-05-24,574000,585000,572000,585000,257248,150490080000,1.9164,-94294,102636,-8311,4088,2460,-10100,-438,-3,-4337,231,-262,19
2023-05-25,579000,591000,576000,583000,199907,116545781000,-0.3419,-6451,27732,-20919,-6838,11695,-7850,-308,4,-17637,-25,-337,15
2023-05-26,580000,583000,575000,578000,113909,65839402000,-0.8576,7611,12449,-20208,-7374,-5148,-1046,-459,5,-6186,120,28,0
2023-05-30,583000,586000,575000,580000,175179,101603820000,0.346,16280,-13170,-1057,3532,-5286,-155,-151,0,790,-2301,248,213
2023-05-31,581000,604000,581000,599000,610868,365909932000,3.2759,-233655,174474,61768,35454,23958,11100,3086,496,-12673,-2060,-527,347
2023-06-01,595000,597000,584000,584000,204800,119603200000,-2.5042,60209,-62274,-3781,2145,2279,663,-207,376,-9069,5614,232,32
2023-06-02,588000,591000,586000,588000,155137,91220556000,0.6849,683,-6629,8240,236,8213,-2400,-1391,943,2639,-2135,-159,0
2023-06-05,590000,595000,587000,594000,198113,117679122000,1.0204,-51826,32918,17732,2379,-370,6125,1072,-59,8506,1209,-33,79
2023-06-07,597000,605000,597000,604000,498286,300964744000,1.6835,-233288,216644,19631,4604,11356,27397,621,154,-24441,-1968,-1019,-60
2023-06-08,601000,602000,588000,591000,286608,169385328000,-2.1523,58703,-96171,30910,1602,-4372,7478,2514,21,23964,6597,-39,-297
2023-06-09,597000,610000,597000,609000,449434,273705306000,3.0457,-219145,153608,67127,6259,16785,58095,-1450,-23,-15388,-787,-803,2849
2023-06-12,614000,614000,603000,612000,231274,141539688000,0.4926,-34133,-13285,46438,6443,19474,22665,3933,1,-5878,1295,-315,-200
2023-06-13,612000,613000,604000,607000,194004,117760428000,-0.817,40771,-41781,-4184,-3363,2728,-10244,1768,-186,5101,5178,16,12
2023-06-14,610000,614000,588000,589000,300834,177191226000,-2.9654,-11469,29923,-10516,2537,-1118,-9397,-1042,-3,-1914,-8241,303,421
2023-06-15,594000,600000,581000,585000,340106,198962010000,-0.6791,51563,-22100,-29274,6225,-9381,-23002,-3338,-98,349,-583,394,-29
2023-06-16,591000,592000,582000,588000,271773,159802524000,0.5128,20890,30849,-52167,-5054,-2781,-42977,4241,-380,-5216,-19,447,0
2023-06-19,579000,580000,558000,561000,900555,505211355000,-4.5918,546372,-324738,-233238,-86936,-49575,-82644,-17638,475,3912,9819,1785,-832
2023-06-20,561000,568000,555000,561000,337706,189453066000,0.0,81893,-9709,-77796,-34732,-5681,-51219,-1703,-2,15540,5349,263,1
2023-06-21,563000,565000,556000,558000,267829,149448582000,-0.5348,37113,-4,-39032,-34115,-4452,-9066,3126,-180,5623,1745,178,32
2023-06-22,556000,575000,556000,569000,319585,181843865000,1.9713,-76083,56555,17692,21378,757,-11432,-688,6,7221,1811,25,450
2023-06-23,570000,574000,561000,563000,176724,99495612000,-1.0545,29092,-4512,-25526,4561,166,-15244,737,67,-15812,857,89,-1
2023-06-26,562000,567000,559000,564000,136695,77095980000,0.1776,-5201,-5289,5338,194,1231,-8153,5499,-60,6658,4892,260,-31
2023-06-27,561000,562000,556000,561000,214674,120432114000,-0.5319,22040,-37520,-11716,-2227,-9187,2825,6007,0,-9035,27353,-157,-99
2023-06-28,561000,566000,545000,547000,300378,164306766000,-2.4955,87098,-66208,-41474,-29116,-8907,-3443,-2762,10,2875,20272,312,-131
2023-06-29,548000,561000,547000,550000,230986,127042300000,0.5484,6270,19036,-26138,-5316,-7426,-13247,7906,45,-8100,723,109,0
2023-06-30,551000,556000,548000,553000,173743,96079879000,0.5455,31550,-25707,-6537,-8780,-3496,-3981,2395,9,7315,524,170,1
2023-07-03,557000,576000,556000,573000,290579,166501767000,3.6166,-108444,39602,68622,10701,11788,7572,9355,8,29198,83,137,0
2023-07-04,573000,574000,564000,569000,252640,143752160000,-0.6981,12337,6852,-21135,-12406,2659,-2921,-625,-492,-7653,1682,264,303
2023-07-05,569000,571000,564000,567000,159456,90411552000,-0.3515,1206,17257,-14445,4269,6687,-4630,2729,4,-23505,-4030,12,1
2023-07-06,569000,572000,562000,565000,200896,113506240000,-0.3527,18684,-782,-17831,11124,-2654,-8970,3588,-1,-20918,4,-75,0
2023-07-07,570000,574000,556000,562000,287258,161438996000,-0.531,87587,-7981,-81670,5652,-14443,-42104,3667,-9,-34418,1086,978,-15
2023-07-10,564000,564000,550000,550000,302475,166361250000,-2.1352,108960,-77494,-35913,-9526,2978,-24933,-3963,6,-477,3026,1421,2
2023-07-11,553000,557000,547000,550000,257343,141538650000,0.0,63250,-25192,-40726,-11901,-5803,-28862,-2111,-73,10752,2648,20,-2728
2023-07-12,538000,539000,530000,534000,1969703,1051821402000,-2.9091,263429,-280569,14310,-10333,7962,28562,-9728,-59,-1794,2202,628,-300
2023-07-13,535000,544000,534000,542000,503736,273024912000,1.4981,20216,-100549,75732,19658,17779,11646,1718,-374,25304,4243,358,1
2023-07-14,544000,546000,538000,542000,324259,175748378000,0.0,47328,-24180,-22915,-6860,-4983,-35500,-5162,-557,30901,-371,138,-754
2023-07-17,541000,542000,533000,538000,248574,133732812000,-0.738,48896,-6453,-44103,-12936,-1779,-6604,-2799,121,-19856,1172,488,-250
2023-07-18,539000,553000,534000,549000,557507,306071343000,2.0446,68069,-53711,-15594,22567,7909,-727,7632,2,-52854,614,622,-123
2023-07-19,550000,564000,546000,560000,494088,276689280000,2.0036,-43082,2507,41033,27048,7040,25364,4778,2,-23264,1200,-1658,65
2023-07-20,560000,563000,551000,556000,319843,177832708000,-0.7143,37474,-9999,-30554,183,124,-11475,-2916,-4,-16366,2284,795,-100
2023-07-21,549000,574000,543000,569000,508472,289320568000,2.3381,-81302,67145,14153,8136,2799,5499,-4154,-25,1897,188,-184,1
2023-07-24,573000,602000,568000,597000,1074661,641572617000,4.9209,-204865,164757,58221,20445,15003,37771,8151,-1058,-22086,-14734,-3379,-5
2023-07-25,607000,610000,585000,594000,756355,449274870000,-0.5025,58882,-37468,-15942,-322,-2584,184,1222,1,-14319,-3881,-1591,-124
2023-07-26,595000,620000,560000,580000,1706916,990011280000,-2.3569,-137259,90019,56521,11503,-2131,61998,-1106,-445,-13354,-8880,-401,56
2023-07-27,577000,577000,535000,540000,1180424,637428960000,-6.8966,388055,-330537,-71697,-14126,-24034,-17210,-22308,-23,6200,12792,1387,-196
2023-07-28,540000,552000,540000,542000,561173,304155766000,0.3704,113892,-121757,-659,-12160,4461,3484,5557,-181,-1439,8834,-310,-381
2023-07-31,545000,562000,545000,560000,378890,212178400000,3.321,-45058,30131,13340,16299,1062,-1385,-865,7,-1726,1204,383,-52
2023-08-01,562000,568000,550000,557000,406755,226562535000,-0.5357,-10547,13271,-6838,-19143,1217,5716,-923,-307,6602,4590,-476,0
2023-08-02,551000,559000,543000,544000,273058,148543552000,-2.3339,47219,-15877,-31108,-5019,-8876,-4632,-2352,-351,-9575,474,-708,-303
2023-08-03,541000,551000,539000,543000,299858,162822894000,-0.1838,37225,-2028,-30185,-21182,1835,-2497,806,-120,-9028,-4884,-128,1
2023-08-04,545000,548000,540000,540000,164545,88854300000,-0.5525,51449,-21543,-30169,-12738,-383,-11916,-1534,0,-3598,1,262,0
2023-08-07,540000,542000,513000,514000,549808,282601312000,-4.8148,182227,-105281,-83986,-31051,-11764,-27601,-9413,-430,-3642,6888,152,-85
2023-08-08,517000,535000,517000,525000,328379,172398975000,2.1401,9443,48987,-58159,-19380,829,-34771,-3413,10,-1469,-538,267,35
2023-08-09,530000,553000,528000,553000,485515,268489795000,5.3333,-116494,113656,4559,-3759,6030,16794,122,-40,-14685,-1380,-341,97
2023-08-10,549000,560000,543000,556000,344272,191415232000,0.5425,-45659,48785,1268,-12357,3410,3512,-1492,-14,8278,-4320,-74,-69
2023-08-11,559000,559000,543000,547000,228274,124865878000,-1.6187,5136,207,-4975,-3175,-1772,342,-1548,-55,1212,-299,-69,21
2023-08-14,545000,551000,536000,542000,238615,129329330000,-0.9141,1547,-28916,27401,6005,5913,23643,-792,-7,-7361,-99,67,0
2023-08-16,533000,540000,524000,526000,289809,152439534000,-2.952,33498,-46696,12807,10675,-5184,9407,-379,-20,-1693,233,158,1
2023-08-17,522000,543000,522000,540000,306424,165468960000,2.6616,-158,-17444,18661,2107,12293,-1669,2062,219,1267,-737,-322,2382
2023-08-18,534000,538000,525000,529000,205838,108888302000,-2.037,31591,-28107,-5261,7065,375,1984,-1499,-140,-13047,1612,165,1
2023-08-21,530000,534000,522000,526000,251626,132355276000,-0.5671,-11940,-21098,32437,5248,3683,17281,302,-40,5973,672,-71,-10
2023-08-22,531000,542000,531000,539000,195045,105129255000,2.4715,-72249,49115,23334,2478,11240,-634,4473,-266,5679,-228,28,364
2023-08-23,535000,538000,525000,525000,191350,100458750000,-2.5974,40059,-26452,-12970,-2472,-1477,-8383,18,-170,114,-743,106,-600
2023-08-24,532000,537000,523000,535000,191114,102245990000,1.9048,-18799,-958,20194,3158,5390,5081,526,-100,6138,-354,-83,1
2023-08-25,527000,549000,525000,546000,249493,136223178000,2.0561,-102671,57699,45966,3474,36058,97,4967,-1000,-338,-701,-293,2708
2023-08-28,550000,553000,542000,553000,246291,136198923000,1.2821,-79347,77499,2752,3336,-2939,-3798,-750,0,6983,-888,-16,-80
2023-08-29,554000,555000,546000,552000,225090,124249680000,-0.1808,-12778,9020,2356,10891,2655,-1204,-2573,0,-7414,1358,44,1
2023-08-30,557000,558000,550000,553000,224096,123925088000,0.1812,-25965,49220,-21363,2362,804,-2711,-20387,-73,-1123,-1822,-70,-235
2023-08-31,554000,554000,543000,544000,1211809,659224096000,-1.6275,4606,-23285,20047,8438,15448,-8804,-3994,0,8959,-1165,-203,0
2023-09-01,544000,544000,520000,522000,496771,259314462000,-4.0441,258893,-204417,-60402,-6687,-15428,-11355,-6068,784,-21588,5129,797,-60
2023-09-04,522000,531000,520000,530000,218035,115558550000,1.5326,-25847,25259,-1770,1143,-3060,-6103,875,-87,5482,2328,30,-20
2023-09-05,528000,537000,528000,536000,156600,83937600000,1.1321,-46559,33477,12547,-22,462,10950,-814,0,2011,401,134,-40
2023-09-06,537000,540000,526000,527000,189937,100096799000,-1.6791,10368,12792,-26732,-6779,394,-4147,-2572,0,-13502,3240,332,-126
2023-09-07,523000,529000,514000,517000,308430,159458310000,-1.8975,109927,-45031,-66134,-7675,-7665,-25391,-1820,-179,-23226,1363,-125,-178
2023-09-08,520000,521000,505000,509000,287513,146344117000,-1.5474,96635,-75161,-22518,-16244,-6064,-2286,-6132,500,7892,1318,-274,-184
2023-09-11,512000,512000,505000,508000,159612,81082896000,-0.1965,2387,-16436,13427,3388,-2732,6854,-3505,-96,9551,242,380,-33
2023-09-12,513000,516000,499500,499500,300881,150290059500,-1.6732,70960,-88137,15353,1268,-865,5365,-441,229,9801,498,1326,-4
2023-09-13,491000,502000,490000,494500,271068,134043126000,-1.001,15525,-11403,-3823,-9716,2508,-999,-2171,841,5713,-583,284,1
2023-09-14,496500,511000,495000,508000,294550,149631400000,2.73,-28999,-74814,104410,5014,25544,18445,-1413,-500,57250,-636,39,70
2023-09-15,506000,521000,504000,514000,515495,264964430000,1.1811,-45065,-4666,50785,-7146,25720,7409,-357,-17,25170,-713,-341,6
2023-09-18,513000,514000,505000,507000,164941,83625087000,-1.3619,29368,-58442,26395,-3589,18861,12942,-1267,-198,-286,2447,232,-68
2023-09-19,508000,511000,496000,496500,209840,104185560000,-2.071,78202,-60230,-17214,336,13392,-7353,-11298,0,-12291,-1025,267,0
2023-09-20,495000,502000,494000,499500,153389,76617805500,0.6042,18949,-26080,5656,-236,4777,-4643,835,3,4920,1404,71,0
2023-09-21,497000,497500,486000,487000,292854,142619898000,-2.5025,76833,-69589,-8568,-995,5881,13927,-1157,309,-26259,927,397,-274
2023-09-22,479000,495000,478500,491000,249462,122485842000,0.8214,-10176,-10269,19966,-2231,3095,18307,-5554,-8,6258,416,63,99
2023-09-25,491500,491500,461500,476000,410299,195302324000,-3.055,63150,-33375,-30155,-32720,-5403,289,-4231,-21,11935,1207,-827,-4
2023-09-26,471500,479000,468500,475500,252369,120001459500,-0.105,-2880,11629,-9206,-5105,2894,359,-531,-34,-7184,449,8,395
2023-09-27,469500,476500,466500,476500,256074,122019261000,0.2103,9172,-2791,-6677,-8016,1098,3301,-373,-231,-2837,233,63,381
2023-10-04,467000,471500,455500,456000,423482,193107792000,-4.3022,65059,-38970,-30172,-5225,-8187,5724,-2724,259,-19749,3645,438,-270
2023-10-05,468500,477000,463000,467500,370971,173428942500,2.5219,-17995,-38662,55762,25213,6675,3314,2729,-280,18211,775,120,-100
2023-10-06,468000,476500,462500,464000,205780,95481920000,-0.7487,49220,-55758,7135,3798,1212,1620,2129,430,-2055,-727,130,1
2023-10-10,467500,473000,458000,458500,344073,157757470500,-1.1853,-57,-71413,72163,11768,7800,26321,1538,-10,24537,-351,-342,209
2023-10-11,464500,496500,464500,492000,670584,329927328000,7.3064,-80646,-73860,154130,44570,36676,37813,9372,-963,25270,527,-151,1392
2023-10-12,494000,501000,490000,493500,477829,235808611500,0.3049,24721,-113173,88075,50626,14730,5382,8657,58,8520,386,-9,102
2023-10-13,490000,490000,480000,484000,300483,145433772000,-1.925,34737,-49892,14846,21876,-2021,-12619,1518,0,6092,126,183,0
2023-10-16,479500,481500,471500,474000,255899,121296126000,-2.0661,29144,-41156,11754,15849,-6946,-3773,-942,-1,7067,115,143,500
2023-10-17,479500,482500,474000,475000,189464,89995400000,0.211,29967,-44479,14217,9274,630,-2851,-557,2,7618,133,162,101
2023-10-18,471500,472500,462000,465000,317384,147583560000,-2.1053,81181,-29322,-52375,-4467,-4592,-28862,-1905,-40,-12510,-65,581,1
2023-10-19,455500,457000,450000,452500,358437,162192742500,-2.6882,74784,-9616,-67689,-6934,-16296,-34232,-4827,260,-3660,1648,873,-2000
2023-10-20,445500,446000,435500,436500,363181,158528506500,-3.5359,90688,-74188,-17421,-12716,-3981,-930,-7246,-705,7941,842,79,216
2023-10-23,438000,442500,430500,436500,296136,129263364000,0.0,-8251,-36184,44491,11463,3271,-550,2945,-1,27363,-572,516,0
2023-10-24,439500,449000,423000,448500,393138,176322393000,2.7491,23512,-82763,60476,23040,28036,-2923,4480,30,7712,-1258,33,101
2023-10-25,449000,449500,409000,409500,1005968,411943896000,-8.6957,441034,-306906,-142343,-68660,-13727,-11388,-6795,-452,-37728,6803,1412,-3593
2023-10-26,398000,407000,395000,399500,534523,213541938500,-2.442,-17632,14371,1457,-22194,-11155,23762,2750,738,7286,1654,150,270
2023-10-27,399500,411000,396500,400000,500087,200034800000,0.1252,31544,-71315,38803,24477,1920,-8492,552,-887,20332,466,502,901
2023-10-30,397000,413000,397000,405000,342974,138904470000,1.25,-5893,-21836,26504,-4930,6026,3892,4791,418,16300,918,307,7
2023-10-31,404500,404500,382500,385500,719190,277247745000,-4.8148,131457,-110361,-26918,-12244,-6454,-15633,-6208,-578,13006,5115,707,1193
2023-11-01,389500,391500,375500,377500,348415,131526662500,-2.0752,80070,-50565,-31277,-25363,-863,1226,-5217,-1404,518,1499,273,-174
2023-11-02,383500,394000,380000,391500,485126,189926829000,3.7086,4867,-72342,66699,-5667,21597,4502,6853,-124,39070,704,72,468
2023-11-03,402500,404500,396500,402000,442376,177835152000,2.682,-1593,-50089,53571,19609,21291,14452,3814,1091,-8551,-1878,-11,1865
2023-11-06,451500,500000,435000,493500,1894906,935136111000,22.7612,-322052,320064,6305,64139,16069,-8142,-2759,-1527,-61479,-2734,-1583,4
2023-11-07,488500,488500,440500,443000,825182,365555626000,-10.233,114274,-93468,-22583,-7416,1832,3295,-1416,-311,-18411,-331,2108,-156
2023-11-08,446000,459500,437500,437500,367858,160937875000,-1.2415,-15596,56938,-41412,-14133,183,-8188,-9393,1,-9882,78,-8,0
2023-11-09,439000,447000,426500,429000,348224,149388096000,-1.9429,5788,-25342,20308,-800,8940,7306,10480,-636,-4825,-666,-88,-157
2023-11-10,418500,422000,411000,411000,290145,119249595000,-4.1958,55523,-15401,-41278,-14185,-12568,-4228,-4953,7,-5351,878,278,0
2023-11-13,413000,425000,408000,415500,258047,107218528500,1.0949,-7567,4022,2477,-328,-5611,9085,-907,4,321,1030,38,-87
2023-11-14,424500,444000,420500,437000,318068,138995716000,5.1745,-39013,-1891,38280,560,10779,5399,-863,47,22079,2730,-106,279
2023-11-15,460000,460000,446000,451500,354065,159860347500,3.3181,-52437,-3534,57308,3144,9284,5713,8056,8,30904,-980,-357,199
2023-11-16,447500,449500,439000,442500,186484,82519170000,-1.9934,37802,-18626,-19483,-3107,-2399,-1954,-255,0,-11768,279,28,0
2023-11-17,436000,437000,428000,432000,223340,96482880000,-2.3729,29405,-36778,8689,4922,-1286,5879,-1558,0,732,-1473,157,0
2023-11-20,432000,445500,431500,444000,250872,111387168000,2.7778,-57666,-16123,75165,9494,7343,17084,8857,0,32385,-1526,150,2
2023-11-21,450000,452000,444000,447000,158805,70985835000,0.6757,-13735,23547,-10432,-13562,-277,9,-2348,2,5743,681,-61,1
2023-11-22,443000,446000,437000,442000,136059,60138078000,-1.1186,27364,-13358,-14036,7642,-3983,47,-3463,0,-14279,220,-190,0
2023-11-23,440500,450500,440500,448500,142291,63817513500,1.4706,-38082,7162,31242,11797,665,854,-3292,0,21218,-249,-73,0
2023-11-24,449500,452500,442500,442500,134085,59332612500,-1.3378,27669,-36318,8026,-6015,435,-452,242,0,13816,568,55,0
2023-11-27,446000,447500,432500,434500,154442,67105049000,-1.8079,39888,-20882,-19673,-17499,-1519,-121,-909,0,375,533,134,0
2023-11-28,436500,440500,434000,435000,140561,61144035000,0.1151,12108,-16441,4149,-3141,982,555,276,0,5477,317,-133,0
2023-11-29,440000,447500,434000,447000,203907,91146429000,2.7586,-42292,28677,13549,25287,2565,-191,3707,0,-17907,245,-179,88
2023-11-30,444000,454500,440500,454500,289478,131567751000,1.6779,-27004,42085,-4777,-600,-2208,-367,130,403,-2135,-10379,75,0
2023-12-01,444000,448000,428500,428500,498100,213435850000,-5.7206,310255,-109459,-203318,-81075,-73029,-16206,-19464,-719,-12615,2059,463,-210
2023-12-04,429500,436000,428000,430000,238728,102653040000,0.3501,-33155,43025,-9755,-21816,2500,-1767,-3256,0,14644,-346,231,-60
2023-12-05,425000,434500,423000,430000,156615,67344450000,0.0,-36752,41403,-4632,-269,114,2478,110,0,-7065,36,-55,0
2023-12-06,430500,435000,424500,424500,178434,75745233000,-1.2791,47741,-37372,-10554,-24072,3084,118,230,-185,10515,-167,352,-244
2023-12-07,428000,429500,420000,426500,166343,70945289500,0.4711,7450,-291,-7113,-12296,2236,6677,1777,-15,-5349,-53,7,-143
2023-12-08,431500,436000,427500,430500,156894,67542867000,0.9379,4402,5337,-11225,-23763,2623,281,1332,-47,8354,1423,63,-5
2023-12-11,434000,434000,427000,428500,139380,59724330000,-0.4646,25547,-17672,-8208,-12855,-600,-976,1417,18,4737,252,81,51
2023-12-12,427000,430500,424000,424500,174436,74048082000,-0.9335,41535,-6707,-34857,-51995,-4226,351,-1437,-525,22975,-71,100,0
2023-12-13,423000,424500,409500,410000,260657,106869370000,-3.4158,124225,-11491,-119503,-80635,-11837,-3451,-6043,-20,-17063,6322,447,-454
2023-12-14,419500,422500,415000,422500,330547,139656107500,3.0488,-42638,57847,-22764,-51645,26561,-778,-8913,-29,11792,7696,-141,248
2023-12-15,426500,431000,422000,422000,341008,143905376000,-0.1183,40840,1605,-38149,-23519,-10883,687,-959,0,-3793,-4399,103,318
2023-12-18,429500,430000,422000,422000,207795,87689490000,0.0,45152,37573,-73058,-45430,-15374,-441,-3522,0,-8245,-9904,237,-46
2023-12-19,422000,428000,419000,426000,195288,83192688000,0.9479,-37392,36554,-1759,-8109,-7927,3233,966,0,10078,1431,1166,0
2023-12-20,429000,434000,428000,432500,243818,105451285000,1.5258,-58940,29974,25444,-38978,3119,300,1298,0,61064,3605,-83,-1359
2023-12-21,428500,430000,421000,423000,198534,83979882000,-2.1965,84513,-31729,-53226,-52189,-5227,271,-1035,36,4918,266,176,0
2023-12-22,425500,425500,419000,419500,181449,76117855500,-0.8274,67479,-14526,-53607,-45829,-6303,866,-3473,-3260,4391,531,123,1
2023-12-26,423500,423500,415000,415500,150973,62729281500,-0.9535,26496,-4813,-21446,-34387,-4413,179,-4757,-111,22043,-229,-8,0
2023-12-27,417000,422000,417000,421000,130675,55014175000,1.3237,-21096,29545,-6241,-15971,2868,-715,-1763,-1,9341,-2072,-136,0
2023-12-28,421500,427500,421000,427500,190673,81512707500,1.5439,-64313,53531,10658,-28783,3213,41,-1866,1170,37181,-108,232,-298
2024-01-02,425000,429500,422000,429500,152929,65683005500,0.4678,-30908,27757,2790,-1748,1526,1320,-885,-86,2937,486,-125,-274
2024-01-03,425500,426000,416000,416000,196510,81748160000,-3.1432,113935,-39043,-76834,-4563,-2839,104,-3758,-109,-65630,134,1808,-39
2024-01-04,414000,419000,410000,419000,131106,54933414000,0.7212,9940,24313,-34671,-1088,-12130,-3899,111,43,-17609,205,213,-99
2024-01-05,416500,420500,414500,416000,138131,57462496000,-0.716,28340,4772,-33441,-12000,-7952,-398,-2951,-3,-10137,-549,878,0
2024-01-08,419500,419500,414500,415000,112716,46777140000,-0.2404,14716,18436,-32280,-5926,-14718,-403,-3460,0,-7833,-973,101,60
2024-01-09,419500,419500,415000,417500,141094,58906745000,0.6024,3434,11260,-13998,-18058,-3080,-1546,764,-195,8105,-468,-228,12
2024-01-10,417500,417500,405500,410500,195832,80389036000,-1.6766,21171,-3640,-18564,-6460,-12684,-916,-4999,-177,6711,460,573,-39
2024-01-11,409500,420000,409500,415500,234974,97631697000,1.218,-63364,53102,11156,-12629,33669,-40,-233,1,-9600,-895,1,-12
2024-01-12,415000,415500,409000,413000,151154,62426602000,-0.6017,5998,21798,-27681,-5578,-12870,-6333,-1011,-50,-1319,-51,-64,-520
2024-01-15,409000,409500,397000,399500,283565,113284217500,-3.2688,123965,-25094,-99820,-23329,-72571,-3176,-5168,-22,4708,495,454,-262
2024-01-16,396500,404000,394500,400500,246497,98722048500,0.2503,-26075,37013,-11498,-8684,4721,3268,980,0,-11783,419,141,0
2024-01-17,400000,400500,387000,390000,263868,102908520000,-2.6217,38346,-23164,-16187,1974,-25204,-784,561,78,7261,945,60,-73
2024-01-18,390000,399000,387000,390500,190739,74483579500,0.1282,7070,28284,-35427,-10434,-19101,3086,846,0,-9824,95,-22,0
2024-01-19,390500,397000,378500,383500,263399,101013516500,-1.7926,80188,-8485,-72864,-21049,-38551,-7549,-1144,-40,-4524,1630,-469,-7
2024-01-22,383500,387000,371500,372000,214410,79760520000,-2.9987,22595,-12750,-10090,3796,-13643,-123,-4104,700,3259,223,22,25
2024-01-23,370500,379000,370500,373500,170955,63851692500,0.4032,-12552,-9080,21296,14264,6568,174,177,53,29,-39,375,31
2024-01-24,372500,385000,370500,380500,218985,83323792500,1.8742,-28111,-44279,73247,38218,5392,4361,1280,3,24009,-492,-365,-16
2024-01-25,375000,375500,363000,368000,317036,116669248000,-3.2852,84755,-54254,-30604,-21229,-16713,-920,-5035,-159,13452,343,-240,0
2024-01-26,364000,392000,362000,381000,331129,126160149000,3.5326,-57519,47162,10645,-5785,7205,7879,-1219,12,2236,-423,135,317
2024-01-29,385000,387000,377500,377500,216167,81603042500,-0.9186,52509,-11644,-41814,432,249,-395,-4693,0,-37573,761,188,166
2024-01-30,382500,387500,373000,375000,222999,83624625000,-0.6623,30143,-30183,-1790,9494,3294,594,-1261,102,-13939,1668,162,-74
2024-01-31,379000,387500,377000,381000,212973,81142713000,1.6,-21818,6246,15913,8270,7453,1685,3464,46,-5373,-415,74,368
2024-02-01,378000,383000,373000,381500,232165,88570947500,0.1312,33447,-13547,-20312,3844,-5540,-6675,-4005,22,-7933,389,23,-25
2024-02-02,384500,392500,381500,387500,261741,101424637500,1.5727,-23837,28406,-4750,6454,6760,-8276,-2384,83,-7373,48,133,-14
2024-02-05,389000,393000,385500,389000,210367,81832763000,0.3871,33352,-34506,1192,32042,5378,-2618,-3541,-3442,-26620,30,-68,-7
2024-02-06,385000,387500,376000,377000,196337,74019049000,-3.0848,66802,-25457,-41354,-18604,-13749,-825,-3246,75,-5093,-195,204,88
2024-02-07,382000,394000,382000,386000,244380,94330680000,2.3873,-53223,32858,22068,11897,1013,503,3757,115,4743,-1706,3,40
2024-02-08,397500,397500,386500,394000,314399,123873206000,2.0725,30336,-77268,46558,19876,-3273,12309,4114,-56,13594,-5,379,-6
2024-02-13,395000,395500,390000,393500,178139,70097696500,-0.1269,-17660,31545,-12652,-13017,-11596,1423,-2494,-83,13115,-432,-801,0
2024-02-14,390000,390000,380000,388000,184384,71540992000,-1.3977,38257,27370,-66012,-15067,-17110,-11043,-6363,0,-16401,344,41,-28
2024-02-15,393500,397500,389000,395500,192353,76075611500,1.933,-44283,30900,13580,21101,2945,-3578,-4177,132,-2843,-313,116,0
2024-02-16,401500,412000,401000,410000,354959,145533190000,3.6662,-176303,64408,116287,53079,16708,5950,3300,1008,36232,-3407,-985,10
2024-02-19,412000,412500,395500,397500,289496,115074660000,-3.0488,140623,-44829,-95279,-25303,-18745,-13209,-7486,-782,-29575,-856,341,-179
2024-02-20,397500,404500,392000,404000,157923,63800892000,1.6352,-39377,40723,-1250,12756,782,-1913,-3781,-10,-9085,25,-121,1
2024-02-21,402500,408000,398000,407000,153418,62441126000,0.7426,-28800,23228,5499,21355,-2582,-4932,-3065,-88,-5022,141,-68,-167
2024-02-22,410000,415500,405000,408500,177713,72595760500,0.3686,-22896,20900,1562,7229,-1458,-513,-901,250,-3760,372,62,715
2024-02-23,411500,411500,402000,402000,146754,58995108000,-1.5912,11939,21710,-34134,6993,-15644,-9104,-1400,-527,-14452,433,52,0
2024-02-26,402500,414000,402000,409500,142484,58347198000,1.8657,-53944,38422,15444,14454,5333,-3405,-373,0,-565,-913,991,0
2024-02-27,413500,417000,400500,403500,138018,55690263000,-1.4652,-5413,4102,461,-2690,3186,-589,-267,0,821,189,661,0
2024-02-28,403500,408500,399500,400500,133998,53666199000,-0.7435,30421,-4035,-29846,-5904,-20548,-478,705,-142,-3480,3378,82,1
2024-02-29,399000,407000,394000,401500,355999,142933598500,0.2497,-26521,58351,-27791,2406,-7530,-6003,-1984,-5,-14229,-3999,-40,-446
2024-03-04,401000,406000,398500,398500,170895,68101657500,-0.7472,29400,-57567,26119,14214,-326,-153,261,-123,12247,2099,-51,-1
2024-03-05,396000,398500,387000,387500,240864,93334800000,-2.7604,80352,-11035,-68965,-28159,-18862,-2611,-1827,2,-17509,-633,281,1
2024-03-06,386500,391000,386000,387000,118343,45798741000,-0.129,18544,2631,-20636,1246,-8711,-3059,-3169,-242,-6629,-556,17,-72
2024-03-07,391000,402000,387500,399500,199901,79860449500,3.23,-47467,42327,2383,4281,2572,4135,-539,0,-8067,2693,64,1
2024-03-08,403500,406500,399500,402500,162446,65384515000,0.7509,-35363,11374,22950,10919,-1323,1134,-16,0,11762,1079,-40,474
2024-03-11,402500,407000,399000,400500,104044,41669622000,-0.4969,-15658,2450,12150,11536,-1604,-243,1164,63,1234,1054,4,0
2024-03-12,404500,420000,404500,419500,381220,159921790000,4.7441,-193107,57521,136062,35488,37525,8570,4064,-575,50591,101,-577,399
2024-03-13,419500,422000,415000,418500,212299,88847131500,-0.2384,-21813,171,20897,19710,-2150,3810,-1330,-60,916,947,-202,1
2024-03-14,416500,417000,405000,416000,306911,127674976000,-0.5974,35378,-8326,-26682,3779,-3479,-7893,335,-282,-19072,-598,228,-70
2024-03-15,407000,410000,398500,398500,247909,98791736500,-4.2067,127496,-71329,-59094,-5540,-19039,-7406,-8257,-38,-18836,-85,3012,22
2024-03-18,402000,408500,401000,407500,134399,54767592500,2.2585,-55405,28253,28987,21014,-144,641,-1937,42,9372,-1787,-48,-1
2024-03-19,412000,412000,402000,403000,118968,47944104000,-1.1043,15049,-12278,-3482,13255,-1504,388,-186,0,-15550,661,50,115
2024-03-20,405000,410000,404000,407500,114805,46783037500,1.1166,-30106,3254,28299,19080,1076,3179,56,-24,4932,-1125,-322,0
2024-03-21,409500,414000,409000,413500,154423,63853910500,1.4724,-65591,20845,45232,22224,-97,1239,-1361,-2319,26918,-318,-168,-1372
2024-03-22,410500,415500,409000,413500,136480,56434480000,0.0,-8672,7140,-486,13218,-4747,897,-2412,-182,-6480,2153,-135,-780
2024-03-25,416500,417000,412000,414500,162037,67164336500,0.2418,-8599,523,8046,24309,-1189,1204,-432,0,-15847,101,-71,1
2024-03-26,417000,417500,405500,406000,198659,80655554000,-2.0507,32438,-28444,-2181,6780,-12413,-5608,-1978,-598,11791,-1811,-2,-155
2024-03-27,406000,412500,404500,409000,138182,56516438000,0.7389,13709,-32930,20202,21904,2186,-195,-8996,0,5385,-1054,73,-82
2024-03-28,410000,411000,401000,401500,183993,73873189500,-1.8337,81603,-75633,-6582,15878,-11511,-105,-4132,54,-6766,633,-21,0
2024-03-29,401500,402500,393000,395000,200531,79209745000,-1.6189,95055,-31122,-67471,-14957,-34491,-517,-9475,-379,-7442,3067,471,-210
2024-04-01,395000,398500,392500,395500,105333,41659201500,0.1266,18590,4763,-22688,-15185,-2316,-6240,-2969,45,4062,-1159,494,-85
2024-04-02,395500,400000,392500,393000,163860,64396980000,-0.6321,61965,-32872,-28761,-19468,6915,-34,-2997,0,-13128,30,-362,-49
2024-04-03,391500,391500,376000,376000,365852,137560352000,-4.3257,252808,-117835,-135249,-39548,-50908,-4792,-21529,39,-18504,-237,513,-7
2024-04-04,379500,384000,376000,379500,175633,66652723500,0.9309,34869,-5081,-29830,-13594,-3098,-2169,-7993,1613,-4589,-49,91,0
2024-04-05,375500,380000,373000,376000,152154,57209904000,-0.9223,37756,-29558,-9383,8723,-5128,-1234,-3314,0,-8430,790,395,0
2024-04-08,374000,375500,358000,373000,307183,114579259000,-0.7979,63398,-30637,-31985,-24005,-9655,974,-4396,4,5092,-896,120,1
2024-04-09,376500,382500,372500,374000,180102,67358148000,0.2681,-4560,-402,4338,13922,-5780,1024,141,0,-4969,520,104,0
2024-04-11,368500,380000,365000,380000,341170,129644600000,1.6043,-4317,-62529,67109,14173,90397,-6674,4306,0,-35094,-119,-144,1
2024-04-12,380000,381500,371500,371500,172629,64131673500,-2.2368,51058,-55270,5344,8896,21123,-2297,-6215,0,-15143,-1175,43,-1020
2024-04-15,367000,377000,365500,373000,106708,39802084000,0.4038,-22549,3312,20046,21772,2463,-94,176,0,-4271,-634,-175,0
2024-04-16,368000,372500,366000,366000,119203,43628298000,-1.8767,16495,-21340,5049,19548,-4851,-1227,-1142,56,-7335,-211,7,0
2024-04-17,366000,372000,364000,364500,99287,36190111500,-0.4098,18873,-8309,-10786,322,-2229,-2104,795,0,-7764,-74,296,194
2024-04-18,364000,378500,364000,377000,156443,58979011000,3.4294,-56633,26684,29893,10617,10947,6879,1362,25,-902,36,20,965
2024-04-19,372000,372000,364500,367000,143664,52724688000,-2.6525,50109,-24278,-26630,7769,-3006,-1277,-1145,274,-29320,643,156,75
2024-04-22,373000,378500,369000,378500,144221,54587648500,3.1335,-53521,4073,49596,19912,32,-665,-1121,0,31352,-13,-135,86
2024-04-23,377000,379000,370000,370000,121904,45104480000,-2.2457,34885,-38117,2893,4717,-3337,-1548,-2614,-29,5713,69,270,-9
2024-04-24,380500,389500,378000,385000,241390,92935150000,4.0541,-84816,10192,74907,32911,14053,-1442,-177,1333,27890,53,-336,339
2024-04-25,380000,381000,372000,372500,176196,65633010000,-3.2468,74359,-40626,-32715,-754,-2427,-1412,-2462,40,-25696,-1138,120,-4
2024-04-26,373000,375000,367500,372000,143701,53456772000,-0.1342,7091,-18491,11506,12591,4189,-4906,-3078,-794,3514,-130,24,-10
2024-04-29,375000,378500,372000,378500,150391,56922993500,1.7473,-19085,-3408,22545,11531,-457,256,-1452,-753,13420,56,-108,0
2024-04-30,382500,390000,382500,389000,276918,107721102000,2.7741,-142840,72659,71171,14300,21398,6236,8350,110,20609,-823,-167,168
2024-05-02,385000,392000,381000,389000,121266,47172474000,0.0,-25449,2161,24653,14623,6821,-39,-124,-198,3519,-1333,-32,51
2024-05-03,391000,394000,387000,391000,121565,47531915000,0.5141,-51910,3769,48170,20262,7669,522,4773,-200,15143,38,-67,1
2024-05-07,394500,397000,390500,391500,117367,45949180500,0.1279,-22391,-9510,32707,9078,-2430,494,1762,0,23804,-632,-174,-1
2024-05-08,391000,395000,387500,393000,144291,56706363000,0.3831,-30473,9207,23497,12866,-3957,77,1766,-1410,14189,-2123,-108,-34
2024-05-09,390000,393000,383000,388500,239286,92962611000,-1.145,29979,-42807,12630,-37373,40940,3561,1882,0,3729,174,24,-109
2024-05-10,390500,390500,383500,383500,115093,44138165500,-1.287,22330,-32917,10525,1383,-3191,-483,-1390,0,14205,-74,136,1
2024-05-13,384000,384500,379000,381500,125868,48018642000,-0.5215,3271,18753,-21945,-1446,-11392,88,-1411,0,-7784,-112,33,0
2024-05-14,382500,388000,382500,385500,119763,46168636500,1.0485,-33246,46318,-12481,3065,839,587,843,0,-17815,-613,22,0
2024-05-16,389000,390000,381500,381500,140797,53714055500,-1.0376,40072,-17773,-22679,-6767,-3546,691,-2915,-26,-8852,379,1,-1264
2024-05-17,381500,384000,376000,376500,175717,66157450500,-1.3106,48220,-26855,-21797,6630,-1299,-1013,3287,4,-29406,346,86,0
2024-05-20,379000,379500,370000,372000,159484,59328048000,-1.1952,24486,-22289,-2231,-1026,1195,4124,-2558,-1,-3525,-320,354,-440
2024-05-21,367500,370000,364000,364500,224181,81713974500,-2.0161,123406,-49900,-74473,-17038,-37028,-5231,-3839,-471,-10642,673,294,-224
2024-05-22,366500,369500,364000,364000,130152,47375328000,-0.1372,31655,-23578,-8208,448,-4810,-169,-1003,2,-2676,-94,225,0
2024-05-23,364000,366000,360000,362000,157841,57138442000,-0.5495,52843,15024,-68160,1500,-7436,-6702,-9385,0,-46089,141,152,-48
2024-05-24,358500,359000,355500,356000,213011,75831916000,-1.6575,110498,-54721,-56232,1662,-33960,-4120,-4401,2,-15416,119,336,1
2024-05-27,357000,366000,355500,364500,157232,57311064000,2.3876,-25559,2170,22441,20201,644,-1460,1993,-6,1069,780,168,0
2024-05-28,363500,363500,359000,360000,136480,49132800000,-1.2346,31607,-18048,-13941,-4856,-3864,-352,-1559,0,-3310,363,19,0
2024-05-29,356500,361000,342000,342000,386788,132281496000,-5.0,198596,-47452,-153938,-45284,-38601,-23098,-27295,0,-16944,2685,109,-2716
2024-05-30,342000,343500,326000,328000,401661,131744808000,-4.0936,164786,-24317,-138386,-40650,-60024,-1807,-15997,-53,-19165,-2162,79,-690
2024-05-31,331500,335500,328000,331000,264516,87554796000,0.9146,15736,-34454,18300,-4916,712,-362,3719,0,19146,356,62,1
2024-06-03,330500,341000,329500,332000,194056,64426592000,0.3021,30516,7908,-38466,-34148,-4076,-4205,-740,214,4489,-104,146,0
2024-06-04,329500,340000,329000,336500,146087,49158275500,1.3554,-13970,7272,6951,-8233,-1088,7119,2381,62,6709,-163,-90,1
2024-06-05,339000,359500,338000,351500,395864,139146196000,4.4577,-90917,32907,55433,-3558,44337,-2612,14475,164,2673,2522,55,-46
2024-06-07,355000,360000,352500,359000,208870,74984330000,2.1337,-37573,14587,21415,-1433,10197,685,225,0,11741,1646,-75,0
2024-06-10,355500,358500,350000,353000,180618,63758154000,-1.6713,7386,34254,-41763,-2294,-12325,-521,-238,2,-26387,40,83,0
2024-06-11,354000,365000,353000,356500,219013,78078134500,0.9915,-26238,2557,23037,22731,-24,-635,5890,2,-5062,681,-37,135
2024-06-12,356500,361000,350500,351500,163853,57594329500,-1.4025,39973,12467,-52877,-13869,-2466,-3162,-4234,4,-29158,423,14,8
2024-06-13,356000,363000,349000,363000,412793,149843859000,3.2717,-47506,-71407,119073,-14149,80681,17299,28670,2,6413,-38,-122,157
2024-06-14,363000,363000,349000,349000,302758,105662542000,-3.8567,87457,29945,-118174,12364,-82983,-15071,-7520,0,-24964,522,250,0
2024-06-17,345000,346000,336500,336500,273382,91993043000,-3.5817,121497,14257,-137463,-25078,-64864,-9105,-12830,-51,-25526,858,851,-9
2024-06-18,340000,343500,331000,331000,213956,70819436000,-1.6345,96912,-10258,-88254,-13801,-51383,-1147,-4931,-7,-16284,991,609,-701
2024-06-19,332500,344500,332000,343000,220974,75794082000,3.6254,-69812,56212,15482,2577,4401,-1613,-156,4,10841,-1652,-230,-572
2024-06-20,343000,346000,340000,340000,105297,35800980000,-0.8746,19605,-5156,-14238,3349,-6705,-516,-1431,4,-8938,-102,-109,-1
2024-06-21,338000,343000,333000,333000,165513,55115829000,-2.0588,55309,-48012,-7890,1420,-2848,-897,-1410,-64,-4124,569,24,33
2024-06-24,334000,336000,330500,331000,102798,34026138000,-0.6006,16722,4409,-21245,-9359,-2225,50,-1076,0,-8635,189,-75,0
2024-06-25,334000,336000,331000,331000,124542,41223402000,0.0,10628,-25348,14621,-12842,1970,503,-4635,3,29622,66,33,0
2024-06-26,330500,338000,330000,331000,113087,37431797000,0.0,16739,-24067,7020,1015,205,-308,1300,20,4788,-112,420,0
2024-06-27,331500,334000,327500,328000,122751,40262328000,-0.9063,56870,-23644,-34284,-196,-920,-916,-1693,-748,-29811,831,227,0
2024-06-28,327000,331500,322500,326500,152685,49851652500,-0.4573,27096,-2711,-24132,-26757,-7488,-2120,-639,0,12871,29,-282,1
2024-07-01,328000,348500,325500,347000,305328,105948816000,6.2787,-157168,74453,84886,28945,23071,4841,11196,0,16833,-1650,-521,0
2024-07-02,353000,362000,341500,343500,352020,120918870000,-1.0086,33157,-28436,3099,8094,11402,3446,10537,2,-30382,-8054,234,0
2024-07-03,360000,369500,353000,358000,714015,255617370000,4.2213,-133324,35298,92698,127967,30473,2954,11109,1083,-81010,5164,164,122
2024-07-04,364000,367000,355500,359000,226816,81426944000,0.2793,-1255,-25860,27047,5122,2413,-18,-1585,-44,21166,400,-332,-7
2024-07-05,359000,361500,352000,357500,207422,74153365000,-0.4178,10595,4489,-21078,-5902,-29177,-2389,-6257,-1224,24024,6107,-113,-153
2024-07-08,358000,364000,352500,358500,229191,82164973500,0.2797,-33281,42338,-7638,-5947,-4312,5008,-1212,-3,-2543,-1286,-133,1371
2024-07-09,359000,370000,358000,363000,273777,99381051000,1.2552,-103175,13600,85685,25686,7942,1254,4204,0,46598,3986,-96,1
2024-07-10,363000,367000,360500,362000,172607,62483734000,-0.2755,4832,4526,-8967,9443,-10727,544,-1338,-49,-6731,-209,-182,-109
2024-07-11,364500,375000,357500,375000,516468,193675500000,3.5912,-143289,-61777,207838,1571,142646,40152,31204,-59,-7595,-1944,-828,-81
2024-07-12,371000,375000,368500,373000,182104,67924792000,-0.5333,-14704,-19514,37058,13869,22373,2248,669,-6,-1661,-2513,-327,-434
2024-07-15,373000,373500,357500,358500,245160,87889860000,-3.8874,80699,4088,-81815,-25472,-26389,-1340,-1572,0,-26956,-2957,-15,-86
2024-07-16,359000,360000,343000,346500,345755,119804107500,-3.3473,84896,-21245,-64552,-39040,-22236,-6519,-11063,2,14330,514,387,-26
2024-07-17,346000,348000,335500,336500,262255,88248807500,-2.886,95657,-9777,-88207,-49515,-17758,-3338,-4930,-123,-12518,1458,869,-25
2024-07-18,333000,342500,331500,335000,197622,66203370000,-0.4458,19852,4271,-24754,-22328,-3201,-6638,-1749,2,9183,420,211,-23
2024-07-19,335000,347500,335000,345500,237970,82218635000,3.1343,-52325,-15292,68885,41724,-294,-1033,687,-50,27886,-1095,-173,-35
2024-07-22,343000,343000,328000,328500,268882,88327737000,-4.9204,131984,-66070,-71703,-26167,-23011,-2807,-7130,0,-12588,5298,491,0
2024-07-23,330500,333500,324000,326000,152694,49778244000,-0.761,31427,-2277,-26714,-7656,-9920,-1307,-668,0,-7144,-2789,353,-19
2024-07-24,324000,330000,320000,321500,158027,50805680500,-1.3804,57707,3688,-61761,-23484,-22810,-1797,-2688,3,-10866,339,27,-119
2024-07-25,315000,342500,313000,332500,464700,154512750000,3.4215,-46599,-65197,111755,5238,9469,16318,1870,-49,79332,789,-748,-423
2024-07-26,332000,334000,322500,325000,165067,53646775000,-2.2556,14386,-19347,4812,-2513,-7332,2888,415,-653,11139,163,-14,868
2024-07-29,323500,333000,321500,329500,95268,31390806000,1.3846,-9984,11482,-1551,-1362,334,1831,995,0,-3349,193,-140,0
2024-07-30,326000,342000,326000,333000,164442,54759186000,1.0622,-35032,25882,10231,13579,7961,-1928,2359,800,-12540,-914,-167,0
2024-07-31,334000,335000,323000,324000,181873,58926852000,-2.7027,65155,-22323,-44402,-19144,-15060,-787,-5203,-61,-4507,1241,329,360
2024-08-01,325000,337000,322000,333500,219837,73315639500,2.9321,-55143,-15340,71914,21604,9508,30,-134,0,40906,-1290,-141,0
2024-08-02,326000,337500,324000,336000,200803,67469808000,0.7496,-41063,4408,36761,544,-4558,188,-976,0,41462,-266,160,101
2024-08-05,332500,340000,311000,322000,408563,131557286000,-4.1667,-103250,-316,104999,32687,11649,-1741,3837,-490,59105,-1058,-375,-48
2024-08-06,331500,342000,328000,337000,370935,125005095000,4.6584,-123980,50017,68365,30166,12625,249,3534,-198,21989,6234,-636,0
2024-08-07,332500,338500,322500,324500,290231,94179959500,-3.7092,104575,-44084,-60683,-1441,-8871,-14852,-1497,-5,-34017,-279,471,0
2024-08-08,324500,325500,311000,321000,425356,136539276000,-1.0786,95337,-14077,-79194,-4481,-1983,3836,26737,0,-103542,-1850,-216,239
2024-08-09,323000,329000,317000,322000,260609,83916098000,0.3115,14229,-6001,-8974,9132,5686,898,-461,0,-23928,632,114,-301
2024-08-12,321000,330000,321000,328500,144514,47472849000,2.0186,-72115,32255,39904,26148,6230,11,424,0,7374,-22,-22,-283
2024-08-13,325500,331500,322000,329500,127711,42080774500,0.3044,-27683,11502,16513,8445,1971,-142,4710,0,1529,-201,-131,0
2024-08-14,334000,342000,332000,337000,196856,66340472000,2.2762,-50339,56779,-6670,-4140,15739,208,3483,585,-22545,605,-375,0
2024-08-16,343500,344500,335500,336500,151534,50991191000,-0.1484,761,15543,-15307,7004,2222,968,267,67,-26007,-716,-281,172
2024-08-19,336500,336500,328000,329500,126345,41630677500,-2.0802,22115,10752,-33127,6912,-5628,-837,-1210,0,-32351,204,56,-13
2024-08-20,333000,334000,327000,330000,104179,34379070000,0.1517,8288,2143,-10725,14765,-6134,-159,-2945,-51,-16193,313,-19,-8
2024-08-21,333000,353000,332000,350000,489967,171488450000,6.0606,-189262,147354,40164,31174,23633,6305,13751,0,-34590,2203,-459,-109
2024-08-22,351500,364000,348500,363000,474976,172416288000,3.7143,-72983,69459,3309,39547,42197,1204,7921,844,-90051,718,-503,1647
2024-08-23,359500,366000,357000,359000,232206,83361954000,-1.1019,-12679,20362,-9888,22048,-5070,-6832,-3033,-14,-16988,-285,2490,1
2024-08-26,365500,378000,361500,378000,512014,193541292000,5.2925,-152054,90983,62343,22620,24650,4157,9752,1,1462,-529,-743,-299
2024-08-27,378500,383000,371500,376500,341089,128420008500,-0.3968,12266,-31498,19991,51895,7251,393,1593,-61,-41567,-622,-137,487
2024-08-28,375000,379000,366500,368500,259901,95773518500,-2.1248,-8178,5169,4559,24288,-5685,2253,-3105,0,-13192,-1415,-135,0
2024-08-29,371000,394000,370000,391000,725018,283482038000,6.1058,-271510,161552,111782,69299,52436,8519,11988,0,-30459,-1201,-623,-1
2024-08-30,391000,391500,381500,388000,316463,122787644000,-0.7673,-3194,-15733,19569,27375,-4285,252,2922,68,-6763,-569,-73,0
2024-09-02,392000,416500,392000,412000,792620,326559440000,6.1856,-308986,107997,201699,115538,51060,17794,18131,-699,-383,275,-985,258
2024-09-03,416500,419000,407000,411000,340713,140033043000,-0.2427,-25709,50700,-25291,9593,-4230,-624,2271,88,-32330,681,-381,-59
2024-09-04,399000,410000,396500,399500,373803,149334298500,-2.7981,-27356,-9866,37095,44342,-2184,-12313,2843,375,3944,25,102,88
2024-09-05,410500,418000,401000,410000,463032,189843120000,2.6283,-65936,32520,31893,14317,21266,7141,-200,-380,-10507,1943,-420,256
2024-09-06,412000,412500,392500,395000,419682,165774390000,-3.6585,-19807,12471,8191,14385,-17788,-369,-2868,-4,14834,-1039,184,1
2024-09-09,388500,404000,386000,399500,302125,120698937500,1.1392,1090,16764,-17446,-4809,8700,-1473,2693,44,-22582,-285,-123,-19
2024-09-10,398500,400000,378000,379500,421418,159928131000,-5.0063,45888,3815,-49571,17499,-22360,-6667,-6523,400,-32028,19,-151,108
2024-09-11,380500,402500,380500,399000,365687,145909113000,5.1383,-64802,48213,16995,17142,18276,-2233,-1507,-383,-13428,-419,13,-872
2024-09-12,403500,414000,395000,414000,361481,149653134000,3.7594,-86154,-10504,97113,32395,-6392,7878,18962,0,44243,-294,-161,27
2024-09-13,413500,414000,399500,399500,302530,120860735000,-3.5024,72435,8351,-82082,21049,-82925,-3281,-1834,0,-15093,759,537,2
2024-09-19,405000,409500,391000,391500,303860,118961190000,-2.0025,37578,36317,-75546,2898,-92085,-2080,-5196,0,20843,1261,390,74
2024-09-20,398500,407000,392500,393500,468352,184296512000,0.5109,-48056,56792,-5912,35086,-105124,5747,1433,72,57322,468,-3292,-448
2024-09-23,397000,402500,390500,397000,233849,92838053000,0.8895,-26535,-38934,62837,19971,15617,3226,4177,493,18083,2669,-37,1270
2024-09-24,401000,413000,401000,413000,447420,184784460000,4.0302,-187949,-32751,224840,80972,35613,9699,12265,12,86229,-135,-4005,50
2024-09-25,415000,420000,409000,413500,349449,144497161500,0.1211,-125054,37413,87831,-4729,9568,4842,6138,1268,70239,232,-422,505
2024-09-26,410500,415500,402500,413500,304509,125914471500,0.0,25591,-40626,18649,11910,-7019,1093,-436,-400,13500,-3497,-117,1
2024-09-27,413000,418000,406500,414500,250953,104020018500,0.2418,-37891,8485,31295,23661,-977,-1586,-1463,-470,12130,-1309,-580,0
2024-09-30,419500,430000,414500,414500,445787,184778711500,0.0,-51296,654,52204,24839,12674,4539,3348,-96,6901,-1349,-213,-1
2024-10-02,409500,421500,408500,408500,245424,100255704000,-1.4475,24868,-4759,-20892,-8798,1418,1532,-79,-491,-14474,1002,-219,0
2024-10-04,403500,406000,396000,403500,255155,102955042500,-1.224,4844,-10723,6637,24761,-2111,1545,-90,0,-17468,-1511,753,0
2024-10-07,413500,426000,409000,420000,433698,182153160000,4.0892,-119259,76297,45902,2018,8862,6646,2626,259,25489,-2763,-177,2
2024-10-08,416500,444000,412000,436500,803706,350817669000,3.9286,-124210,41616,84844,52814,10422,7937,7127,-170,6568,-1275,-975,146
2024-10-10,432000,433000,421000,427000,635669,271430663000,-2.1764,102994,-84367,-19830,56886,-42444,-15248,-1767,29,-17532,806,397,246
2024-10-11,426500,428500,408500,411000,441897,181619667000,-3.7471,98290,-75914,-22460,13256,-29687,-4391,-4661,0,2973,-1204,1288,50
2024-10-14,407500,413500,402500,406000,245480,99664880000,-1.2165,28038,13349,-39696,-13645,-7657,-1689,-2664,-29,-13990,-387,-1304,-22
2024-10-15,407500,409000,389500,403500,631127,254659744500,-0.6158,131234,-7324,-124537,821,-16817,1564,-405,0,-109700,669,-42,0
2024-10-16,415000,415000,404500,404500,495248,200327816000,0.2478,69542,-14101,-55584,17592,1124,-4860,1852,17,-71288,-368,511,-21
2024-10-17,403000,411000,397000,397000,250437,99423489000,-1.8541,-11379,26204,-12861,1358,-1235,-1329,2331,0,-14036,-944,-1020,50
2024-10-18,396500,399000,385000,388500,250780,97428030000,-2.1411,19476,3952,-22974,14875,-15223,-11071,-5759,0,-5736,-495,41,-60
2024-10-21,389000,393500,387500,389500,135508,52780366000,0.2574,2743,-18722,15785,8696,2099,3201,-2456,6,3380,149,45,859
2024-10-22,386500,388000,376500,381500,213207,81338470500,-2.0539,4943,9367,-11245,-593,-5881,2151,550,0,-7469,-3185,120,-3
2024-10-23,381500,405500,381500,403000,332684,134071652000,5.6356,-103164,26437,77517,21709,19442,3426,8285,436,24170,-673,-117,49
2024-10-24,411000,419000,403000,406500,405512,164840628000,0.8685,-42767,9865,33913,18415,18198,4815,4967,258,-12740,-1019,8,0
2024-10-25,419000,419000,406500,407000,242245,98593715000,0.123,-10817,-14562,24116,17799,9266,3533,7283,238,-15636,875,388,1633
2024-10-28,403000,417500,403000,416500,360352,150086608000,2.3342,-89756,31567,55941,34825,7318,1040,285,0,12453,1807,441,20
2024-10-29,410000,412500,400500,409000,281126,114980534000,-1.8007,-5120,34194,-28691,-1793,-9206,-2900,-5946,-136,-8667,472,-855,-43
2024-10-30,406500,417500,405000,411500,174514,71812511000,0.6112,-30421,33290,-3384,17451,-3939,388,-322,-46,-16916,410,105,0
2024-10-31,408000,417000,404500,407500,266013,108400297500,-0.9721,-38584,6113,33379,18965,386,260,2666,0,11502,-672,-236,-400
2024-11-01,405000,419000,404500,412500,254445,104958562500,1.227,-80066,58364,24812,14931,6743,454,2687,58,-62,-2794,-316,1
2024-11-04,417000,427000,408000,426000,418485,178274610000,3.2727,-88413,5386,88179,46504,19842,3719,9070,0,9035,-4259,-893,9
2024-11-05,422000,425500,416500,420000,177179,74415180000,-1.4085,-18771,-1496,20681,13883,1575,400,585,0,4099,-341,-73,139
2024-11-06,426500,429000,386000,390500,689223,269141581500,-7.0238,132430,-51084,-84587,-13343,-38440,-87,-4286,-660,-27835,2725,516,64
2024-11-07,389000,391000,375000,386000,456391,176166926000,-1.1524,48177,-3141,-37365,16047,-16916,-15971,-6101,-97,-13948,-7534,-137,-379
2024-11-08,394500,408500,394000,398500,379413,151196080500,3.2383,-81848,48287,34158,5314,10309,7612,2448,2,8448,-215,-382,25
2024-11-11,435000,435500,415000,416000,969362,403254592000,4.3915,-19467,-43681,60249,40800,25368,3597,-2150,1000,-8342,2634,265,-24
2024-11-12,418000,433500,416000,427000,642992,274557584000,2.6442,-170913,19810,153777,58125,26267,27061,3726,445,38153,-2469,-205,0
2024-11-13,421500,425000,411500,412000,349926,144169512000,-3.5129,1826,-15631,14863,18043,-5051,-3700,-802,-970,7253,-722,-336,90
2024-11-14,421500,423000,405000,422000,461180,194617960000,2.4272,-33449,-17118,51017,-3133,-3868,-32097,3215,343,86459,-196,-254,98
2024-11-15,403000,403500,371000,371000,1016392,377081432000,-12.0853,295996,-87461,-214304,-17432,-43042,-10537,-413,-1171,-141840,4982,787,131
2024-11-18,375000,385500,375000,383500,365846,140301941000,3.3693,-40289,44178,-2510,27140,-4500,-4602,-2005,-228,-18325,-1600,221,10
2024-11-19,384500,395500,380500,393500,292704,115179024000,2.6076,-69068,51878,18696,34348,1082,-6824,557,7,-10474,-921,-585,0
2024-11-20,393500,402500,390000,400500,216309,86631754500,1.7789,-65935,36722,29998,37603,2568,-5210,-860,0,-4099,-442,-343,-4
2024-11-21,399000,406500,394500,400500,209853,84046126500,0.0,-33132,-10914,46125,45977,4896,620,1705,0,-7084,-1903,-176,11
2024-11-22,403500,409500,402000,405000,142194,57588570000,1.1236,-41268,12801,29040,19697,9456,600,1605,0,-2224,-548,-25,-94
2024-11-25,410000,425000,408000,419500,446632,187362124000,3.5802,-156643,91728,71858,49550,23153,-3929,6889,-10,-4666,-6411,-532,871
2024-11-26,417000,422000,405000,406000,215592,87530352000,-3.2181,43825,-24357,-20525,12061,-5174,-9240,-5622,0,-12570,1138,-81,20
2024-11-27,408500,414000,399500,400500,174304,69808752000,-1.3547,-5867,-12808,15806,29236,-8713,-1143,-179,-397,-2999,2787,82,1
2024-11-28,400000,405500,399000,402500,116484,46884810000,0.4994,-3169,3,2763,14299,-12931,-1994,2362,-2,1029,314,89,0
2024-11-29,400000,402500,380000,381500,280997,107200355500,-5.2174,124831,-97613,-31015,9328,-13604,-14048,-8178,-212,-4331,3379,418,30
2024-12-02,387000,397500,385000,391500,185989,72814693500,2.6212,-33013,51791,-18257,-3222,2198,-2579,-4288,-339,-10827,-722,201,800
2024-12-03,393500,401000,385000,397000,241946,96052562000,1.4049,-39228,68726,-29559,749,2879,-11198,-7923,0,-13970,-27,88,-96
2024-12-04,391000,395000,384500,389000,246025,95703725000,-2.0151,12537,-765,-10854,34877,-5835,-5829,-9833,2,-24256,-1040,122,20
2024-12-05,389000,395000,382000,382000,170616,65175312000,-1.7995,5449,1760,-7605,4621,2088,-3879,575,0,-11010,410,-14,0
2024-12-06,383000,397000,383000,390500,265117,103528188500,2.2251,-68696,29517,39096,29113,442,2060,5268,392,1387,80,3,434
2024-12-09,385500,397500,379500,387500,254353,98561787500,-0.7682,-70017,-14380,84952,60192,8150,1451,770,-600,14989,-547,-8,0
2024-12-10,392000,396000,384500,385000,249658,96118330000,-0.6452,92249,-28941,-64171,-13715,-6871,-454,-7782,14,-35362,923,-60,-1
2024-12-11,388000,391000,376500,378000,260700,98544600000,-1.8182,90027,-1442,-88962,-14039,-17817,-19132,-8374,18,-29668,364,13,50
2024-12-12,383000,404500,374000,404500,586555,237261497500,7.0106,-144906,-12320,157660,17195,15375,8491,3693,603,110887,-270,-164,1416
2024-12-13,396000,400000,389500,400000,330114,132045600000,-1.1125,71222,-26135,-44136,602,41213,-11771,-8092,0,-66134,-901,-50,46
2024-12-16,399000,402500,394500,398000,204346,81329708000,-0.5,-42569,26470,17724,-2480,53225,-1043,-1363,-277,-29997,-1382,-243,-341
2024-12-17,398500,405000,378500,382500,392455,150114037500,-3.8945,116271,-12154,-104376,-36777,21943,2764,-8337,-115,-83908,-90,349,54
2024-12-18,384000,386000,380000,381500,208785,79651477500,-0.2614,35656,42975,-80511,-15909,-17638,-447,-2613,0,-43904,1801,79,0
2024-12-19,373500,380000,368000,372000,247458,92054376000,-2.4902,43975,10212,-52512,8461,-9971,1265,-2681,2,-47588,-1543,-132,-2000
2024-12-20,375000,377000,356000,357500,359300,128449750000,-3.8978,86570,-25301,-59467,3256,-7258,172,-445,100,-55307,-2085,283,15
2024-12-23,359000,361500,345000,359000,284110,101995490000,0.4196,10090,58398,-67374,-18324,-30808,-695,-2653,0,-14787,-1133,19,-107
2024-12-24,361500,362000,350000,350000,172107,60237450000,-2.507,52874,-2847,-50038,-16817,-4524,90,-1184,2,-27605,-161,172,0
2024-12-26,351500,352000,343500,344500,174814,60223423000,-1.5714,8935,12358,-14654,-1163,-5330,1572,-1307,0,-8146,-6360,-279,-280
2024-12-27,341000,350500,340500,348000,200696,69842208000,1.016,-51984,12764,39250,20356,914,16024,1333,0,623,-207,177,0
2024-12-30,345000,358500,345000,348000,169683,59049684000,0.0,2511,-7702,5717,-8849,12919,836,2334,0,-1523,-88,-438,0
2025-01-02,348500,352500,342500,346000,139219,48169774000,-0.5747,-444,3797,-3391,12976,-6221,833,388,2,-11369,-14,52,0
2025-01-03,343000,360500,343000,356000,237676,84612656000,2.8902,-58039,19042,39407,20521,15556,-1670,13383,172,-8505,-406,-4,-50
2025-01-06,358000,365500,353500,361500,205797,74395615500,1.5449,-20428,-22091,42597,39329,4500,4925,4322,2,-10480,-8,-70,-1
2025-01-07,363500,372000,361500,365500,236305,86369477500,1.1065,-35125,4024,30233,16424,4922,-2296,121,226,10703,632,236,133
2025-01-08,364500,376000,364000,373500,356433,133127725500,2.1888,-58131,5131,54899,32501,567,-823,-3695,260,26093,-2230,331,-4
2025-01-09,371500,373000,348500,358500,694920,249128820000,-4.0161,215224,-105121,-109103,-27792,-5451,-6084,23213,-337,-90334,-940,-60,-2318
2025-01-10,356000,357500,348000,348500,280639,97802691500,-2.7894,125168,650,-128824,-661,-24711,-3714,-2730,-545,-96024,2463,543,-439
2025-01-13,346500,350500,345500,347500,165688,57576580000,-0.2869,-2470,1130,-187,15439,-275,-2371,-1899,0,-11081,1348,179,0
2025-01-14,350000,360000,350000,358000,290092,103852936000,3.0216,-115992,26485,91239,38694,11868,11939,2925,0,25790,-1231,-501,23
2025-01-15,359000,361000,351500,351500,149879,52682468500,-1.8156,23415,-28052,4491,8034,-731,-1399,1745,-17,-3085,103,43,-56
2025-01-16,358500,361500,352000,352000,162319,57136288000,0.1422,37685,-50224,12268,12356,879,-657,1895,0,-2205,314,-43,0
2025-01-17,352000,355500,350500,350500,151960,53261980000,-0.4261,-3686,-13053,15848,16560,287,-152,1557,0,-2404,730,161,0
2025-01-20,352000,372000,351500,370500,402884,149268522000,5.7061,-182562,49997,137009,76815,11261,2268,10975,638,34680,-4128,-316,372
2025-01-21,365000,370000,349500,354500,317052,112394934000,-4.3185,49790,-47762,-3620,-990,-9764,-1431,-2145,250,10460,1240,352,0
2025-01-22,356000,363000,355500,360000,158528,57070080000,1.5515,-52853,28154,23535,20561,-2086,-3795,-2474,0,11329,718,446,0
2025-01-23,356500,359500,353500,353500,136125,48120187500,-1.8056,13710,8471,-22011,4791,-509,-129,704,0,-26867,-315,145,-1
2025-01-24,355500,357500,348000,353500,126762,44810367000,0.0,12930,-10210,-2512,7674,-246,241,2508,33,-12723,-307,99,1
2025-01-31,353500,356500,346500,352000,147908,52063616000,-0.4243,-4997,2396,3263,11027,-5040,-380,-80,0,-2264,-275,-387,0
2025-02-03,345000,345500,335000,336500,225738,75960837000,-4.4034,39656,22549,-63488,2641,-7076,-5178,-2024,-127,-51074,1132,151,-650
2025-02-04,340500,343500,332000,333000,196605,65469465000,-1.0401,30320,-15115,-15269,7505,-2864,-689,-1567,300,-17908,-32,96,-46
2025-02-05,336000,347000,335000,345000,171086,59024670000,3.6036,-75313,43136,32672,26914,6681,172,-539,0,-1146,-419,-76,590
2025-02-06,344500,350500,338500,342000,129145,44167590000,-0.8696,23001,-15685,-6840,-11132,-368,-410,-1026,-172,6341,-396,-80,-73
2025-02-07,341500,345000,336000,336000,119390,40115040000,-1.7544,42680,-3154,-39933,-6669,-2140,-7045,-363,30,-23221,132,275,-525
2025-02-10,333000,349500,329000,346500,230067,79718215500,3.125,-73456,16351,61202,43105,8439,3957,431,-275,5661,-4126,29,-116
2025-02-11,348000,350500,342500,343000,178558,61245394000,-1.0101,38,12946,-14171,13983,-1721,-4605,-1900,242,-20166,1339,-152,-4
2025-02-12,343500,347500,338000,338500,165759,56109421500,-1.312,30266,-6667,-25844,-15288,3275,-5502,-1720,-287,-6322,2262,-17,0
2025-02-13,341500,366500,341000,358000,672554,240774332000,5.7607,-160344,109342,51591,6182,14185,13295,27915,0,-10686,-186,-403,700
2025-02-14,355500,359500,352000,353000,162202,57257306000,-1.3966,-5304,-19067,24560,26568,-1379,247,1360,10,-2242,-234,45,-4
2025-02-17,354500,362000,352500,353500,166506,58859871000,0.1416,9487,12163,-22678,4946,6661,-465,5288,-10,-39097,843,185,-1
2025-02-18,355000,355000,347500,350500,132978,46608789000,-0.8487,15298,6043,-19585,6441,-4631,-1590,-267,0,-19539,-1402,-354,1
2025-02-19,353500,370500,353500,366000,332886,121836276000,4.4223,-137397,35126,101565,37737,32739,8982,8245,-158,14020,1178,-472,0
2025-02-20,367500,378500,365000,376500,316958,119334687000,2.8689,-56342,-21016,75656,57862,20504,-2792,8470,1296,-9668,1725,-23,-16
2025-02-21,378500,379000,373500,378500,141193,53441550500,0.5312,-21776,-4569,26109,24589,8523,-2487,-15,1129,-5769,368,-132,139
2025-02-24,377500,386500,375000,385500,237103,91403206500,1.8494,-53010,-11776,64998,26203,29140,5660,3933,-26,-5,319,-531,93
2025-02-25,386000,386000,372500,373500,140338,52416243000,-3.1128,30137,-13016,-17132,7372,-12351,-1,-1424,1008,-11737,46,-35,1
2025-02-26,369500,376000,368000,374000,143098,53518652000,0.1339,11946,13516,-24504,-5998,-234,412,-165,500,-19016,-1056,98,-3
2025-02-27,374000,375000,366500,370500,124821,46246180500,-0.9358,17522,-1361,-17119,5979,-6798,-2815,-90,0,-13395,873,85,0
2025-02-28,366000,368000,351500,352000,291801,102713952000,-4.9933,64166,-55464,-9910,10477,-9223,511,-1231,2240,-12684,1014,194,0
2025-03-04,351000,351500,332000,332000,361892,120148144000,-5.6818,204605,-81085,-125096,-40261,-15536,-3764,-4114,3005,-64427,557,1019,1
2025-03-05,336000,339000,327500,334000,306239,102283826000,0.6024,128723,-43290,-85517,-14283,-20700,-6071,-3579,416,-41300,-155,239,0
2025-03-06,337500,343500,331500,334000,251173,83891782000,0.0,56359,-10259,-46406,-18457,-3880,-862,-609,-124,-22472,502,-196,-2
2025-03-07,331000,341000,328000,339000,208637,70727943000,1.497,-36445,37377,-1042,21618,1873,-3267,531,-379,-21658,482,-372,240
2025-03-10,339000,352000,336000,349500,273181,95476759500,3.0973,-98360,16451,82168,34480,2900,1757,-1672,-2639,47466,-139,-120,-124
2025-03-11,338500,344500,336000,341000,150783,51417003000,-2.432,6037,-7588,1303,9514,-5981,1179,-89,0,-3320,215,33,0
2025-03-12,344000,349500,341500,348500,189492,66037962000,2.1994,-44932,4223,40884,3022,4573,983,-3868,0,36159,28,-203,15
2025-03-13,352500,354500,338500,340500,336473,114569056500,-2.2956,66059,9129,-75443,-22004,10879,478,4552,0,-69349,125,130,1
2025-03-14,339500,340000,325000,326500,448904,146567156000,-4.1116,236047,-98021,-139031,-22505,-76384,-11836,-32679,-67,6099,395,610,-1659
2025-03-17,328000,330500,325000,325000,255211,82943575000,-0.4594,87240,-50896,-36769,-16515,-39779,479,8268,191,10068,159,266,519
2025-03-18,326500,332000,325000,325000,184156,59850700000,0.0,14652,29858,-44894,-8477,-41556,101,-2738,1101,6675,301,83,0
2025-03-19,326000,333000,325000,330500,251845,83234772500,1.6923,-74034,-29805,105192,22550,1307,-1221,13562,14,68980,-899,-454,0
2025-03-20,334500,337500,330500,334500,224094,74959443000,1.2103,5836,-6452,1048,-8062,4672,3361,-2134,0,3271,-455,23,-60
2025-03-21,334000,335000,324000,329000,302913,99658377000,-1.6442,27867,-53541,24839,-48,2812,1840,1155,70,18917,319,516,93
2025-03-24,331000,335000,328500,331500,148739,49306978500,0.7599,7136,24203,-31591,7069,-1093,-3048,1326,3,-35859,171,81,11
2025-03-25,336500,342500,334000,335500,179131,60098450500,1.2066,-36295,582,35944,23969,4125,2329,3143,0,2380,-140,-91,-2
2025-03-26,338500,365000,337500,360000,537163,193378680000,7.3025,-227777,42921,181406,61849,52307,14766,16120,-769,37035,2083,1367,98
2025-03-27,354500,365000,353000,356500,228114,81322641000,-0.9722,-7803,-22023,27249,36927,5735,-7350,8946,86,-17619,2984,-407,524
2025-03-28,360000,363000,354000,356000,188128,66973568000,-0.1403,-26536,-38227,64320,39225,-14583,1691,4478,34,33475,395,48,0
2025-03-31,346000,348000,328500,334500,575113,192375298500,-6.0393,71731,-146853,78252,-10913,-6329,5286,-1629,-381,92218,-2920,-210,0
2025-04-01,337500,337500,325500,328000,413352,135579456000,-1.9432,116668,-158105,44370,-6488,-3391,3378,-2301,0,53172,-2976,43,0
2025-04-02,330000,331000,324000,329000,300758,98949382000,0.3049,43419,-69693,24679,-7884,-9363,-9012,-7705,-455,59142,1541,54,-44
2025-04-03,320000,323000,310500,315000,388422,122352930000,-4.2553,139837,-197312,58101,13951,-822,-9122,-4886,-782,59800,-928,302,-38
2025-04-04,311000,331000,310500,329000,363443,119572747000,4.4444,-87500,-37240,125453,10124,14042,56876,-1276,0,45777,-311,-402,-90
2025-04-07,318000,331000,316000,323000,398358,128669634000,-1.8237,21970,-118808,95469,49985,-6496,-7063,-9882,-320,69258,1170,199,-13
2025-04-08,331000,333000,315000,318000,394764,125534952000,-1.548,47028,-117827,70311,29044,-10594,-7268,-4566,3,63692,511,-23,0
2025-04-09,317000,325000,314000,314000,330125,103659250000,-1.2579,1878,-90329,88941,25258,-2940,5719,-562,320,61146,-548,58,0
2025-04-10,335500,349500,326500,349500,777090,271592955000,11.3057,-229774,12869,218499,2967,-47771,-2756,-1463,0,267520,-1202,-392,2
2025-04-11,337000,341500,329000,335500,260102,87264221000,-4.0057,79076,-40909,-38538,9812,465,778,-3748,290,-46136,140,231,1
2025-04-14,337500,344500,336000,343000,192936,66177048000,2.2355,-56689,48733,8047,12729,6322,4,219,-24,-11232,-176,85,29
2025-04-15,342500,348500,340500,345000,171756,59255820000,0.5831,-30388,88642,-58015,-1105,-13572,-29,-12432,606,-31507,-99,-140,24
2025-04-16,350000,353000,341500,343000,155592,53368056000,-0.5797,1234,-12173,10858,16540,-251,-531,-3002,14,-1313,-7,88,-599
2025-04-17,341500,346500,334500,342500,136846,46869755000,-0.1458,2830,-25780,22632,13404,-2522,2315,-2542,0,11977,223,95,0
2025-04-18,344000,345000,337500,338000,70190,23724220000,-1.3139,19203,-12271,-6955,-8540,-3013,-1221,-3107,0,8926,2,21,0
2025-04-21,337000,340500,332000,332500,78331,26045057500,-1.6272,11076,-13303,2374,4532,-4987,-1266,-1232,0,5327,-154,7,0
2025-04-22,332000,337000,329000,332000,98130,32579160000,-0.1504,8987,-14546,5485,2120,-461,-147,-2112,-3,6093,18,56,-5
2025-04-23,339000,349500,338500,349000,231174,80679726000,5.1205,-120558,44482,77096,12336,12412,26073,3382,30,22863,-318,-702,0
2025-04-24,349500,350000,339000,341500,167826,57312579000,-2.149,16340,35725,-52066,-10021,-11121,-4676,-704,10,-25554,-522,523,0
2025-04-25,347500,347500,340000,343500,104822,36006357000,0.5857,4603,11274,-15856,-9993,-4085,-4505,-1070,-30,3827,-32,11,0
2025-04-28,349500,349500,343000,346000,132948,46000008000,0.7278,-29499,-6312,36088,26363,4443,1531,673,0,2910,-278,1,168
2025-04-29,346500,350000,343500,350000,154760,54166000000,1.1561,-36149,-35520,71794,7469,2792,26489,6405,-62,28701,-111,-14,0
2025-04-30,347500,348500,323000,324500,471209,152907320500,-7.2857,309604,-156158,-157098,-60156,-26919,-16618,-9651,-1020,-42717,2891,761,-17
2025-05-02,325000,327500,320500,320500,202479,64894519500,-1.2327,120010,-54472,-65942,-9841,-15712,-5893,-13321,-1630,-19545,-114,518,0
2025-05-07,322000,324500,319000,322500,217160,70034100000,0.624,39342,-45144,5903,10283,-3135,-17475,-1364,0,17594,-124,23,0
2025-05-08,322000,329000,319500,327500,384939,126067522500,1.5504,-3557,-103005,107750,-25583,6487,-2175,2769,0,126252,-1211,23,0
2025-05-09,327500,327500,317500,318000,252119,80173842000,-2.9008,189096,-88065,-102040,-17500,-14323,-22010,-16522,42,-31082,443,566,-645
2025-05-12,320500,322000,318000,321500,133817,43022165500,1.1006,-473,-26895,27477,26620,-1036,-2795,-1324,0,6011,-133,24,1
2025-05-13,323500,323500,310500,312000,286158,89281296000,-2.9549,164661,-102545,-63326,-20575,-30531,31007,-13855,-7,-29335,545,665,-30
2025-05-14,313000,315000,306000,313500,223695,70128382500,0.4808,-5845,-29020,35409,-21731,-20790,14619,-3949,-17,67303,-322,-222,-26
2025-05-15,313500,321000,306500,307000,316371,97125897000,-2.0734,104976,-31124,-65834,-12674,-3187,-21589,-542,6,-27564,-8030,12,-284
2025-05-16,305000,307000,290000,290500,583328,169456784000,-5.3746,375770,-180860,-207692,-45722,-31438,-5438,-20620,-1083,-101527,11361,1421,-1864
2025-05-19,291500,297000,290500,291500,158255,46131332500,0.3442,-7971,28836,-23468,-3544,-6553,3867,-3293,1095,-15766,2513,90,726
2025-05-20,292000,293000,278000,279500,445299,124461070500,-4.1166,115292,-113066,-3682,-41801,-18608,-2126,-6825,56,67097,1017,439,-1475
2025-05-21,278500,285000,277500,277500,179424,49790160000,-0.7156,29225,24883,-54026,-25403,-7465,-2439,-2639,43,-16119,-228,146,-4
2025-05-22,277000,284000,268000,274500,331567,91015141500,-1.0811,16340,30865,-47259,-17246,-25425,3441,-6957,6,712,454,-400,-1790
2025-05-23,276500,277000,266000,268000,213740,57282320000,-2.3679,50636,2923,-55446,-30050,-15682,-6249,-2652,40,-853,2014,-127,0
2025-05-26,268500,280000,268500,278000,205921,57246038000,3.7313,-43549,2770,40581,-10120,12555,1487,-1122,-79,37841,-208,406,19
2025-05-27,275500,276500,268500,272500,149335,40693787500,-1.9784,39650,25733,-66102,-36877,-9473,-124,-5518,117,-14227,476,243,0
2025-05-28,276500,290000,272500,289000,395192,114210488000,6.055,-103926,-11644,115355,22177,42509,17109,10224,-97,24225,581,-366,-792
2025-05-29,289000,291000,283000,288000,189663,54622944000,-0.346,16702,-43032,26521,1918,-2611,3576,2719,2,20876,-274,83,41
2025-05-30,286000,290000,283500,286000,224384,64173824000,-0.6944,2098,6896,-9603,5147,-6929,-3350,-3457,-154,-848,586,23,-12
2025-06-02,290500,291500,281500,284500,174819,49736005500,-0.5245,46016,-44185,-2283,7503,-3552,1278,-520,0,-7027,277,175,35
2025-06-04,288000,293000,286000,288500,214348,61839398000,1.406,-29269,-16171,45185,13722,-1735,12977,-793,0,21218,194,61,-204
2025-06-05,287500,295000,284500,291000,207656,60427896000,0.8666,-17716,-2586,18677,5512,3466,790,-5956,16,16058,1628,-3,-1209
2025-06-09,291500,291500,280500,285000,297462,84776670000,-2.0619,41821,-25469,-17702,-8146,-13336,28586,2501,-767,-26461,1191,159,-79
2025-06-10,286500,292000,285000,288500,213404,61567054000,1.2281,-27697,13712,14120,-1988,16071,1144,12193,-262,-12432,-52,-83,-606
2025-06-11,291000,296000,289000,292500,278005,81316462500,1.3865,-40542,204,39615,2723,-284,601,6243,-176,30673,773,-50,-165
2025-06-12,292500,304000,291000,304000,555229,168789616000,3.9316,-138570,-2339,140774,-10626,18051,11866,28101,6,93404,298,-163,-28
2025-06-13,300000,300000,290000,296000,325863,96455448000,-2.6316,91846,-15331,-72290,-7580,31310,-11793,-3362,-15,-80466,-4430,205,-384
2025-06-16,292000,293500,288000,293000,192457,56389901000,-1.0135,4236,-5049,2547,-15671,36941,1988,-2618,0,-18078,-1759,25,-15
2025-06-17,298000,301500,292000,294000,243494,71587236000,0.3413,-5122,27397,-22294,-14876,22686,-1393,-4208,-6,-24651,153,-134,154
2025-06-18,291500,296500,290500,292000,193404,56473968000,-0.6803,49335,26005,-75406,-28673,-12999,-539,-5395,3,-26803,-30,96,-1000
2025-06-19,293500,294000,289000,291000,146199,42543909000,-0.3425,30401,31191,-62441,-14888,-6862,-7572,-6331,0,-26730,802,47,-58
2025-06-20,291000,306000,289500,305000,498474,152034570000,4.811,-210082,150441,61170,17042,13709,2151,2185,1352,25534,-1378,-151,-803
2025-06-23,298500,300000,291000,294000,193331,56839314000,-3.6066,90360,-32770,-49841,-3580,-8718,-3079,1714,0,-36178,-7808,59,0
2025-06-24,299500,306000,298000,300500,275626,82825613000,2.2109,-27749,31141,-1999,4131,-22679,45,-6849,-1345,25431,-1227,-166,-733
2025-06-25,301500,301500,295000,298000,185031,55139238000,-0.8319,47383,-34523,-12767,11905,-17234,-841,-483,0,-6114,-282,189,0
2025-06-26,299000,300500,294500,297000,162439,48244383000,-0.3356,21307,-10638,-9980,-8047,-17908,348,3212,7,12409,-698,9,-1
2025-06-27,297500,297500,287000,288000,219699,63273312000,-3.0303,133601,-58037,-76408,-26144,-12560,-2375,1317,3,-36650,516,328,1
2025-06-30,290000,297500,290000,297000,209821,62316837000,3.125,-108126,63016,47284,14422,-2193,-1185,283,3,35054,-2081,-93,900
2025-07-01,296500,300000,292500,297500,226370,67345075000,0.1684,814,6158,-7471,-12034,-1115,-4983,-3214,0,14122,682,-183,-247
2025-07-02,295500,303000,291500,302500,292735,88552337500,1.6807,-102821,44967,57755,3832,289,20956,-3627,0,36305,391,-292,0
2025-07-03,304500,325000,303000,318500,640510,204002435000,5.2893,-302377,52362,247579,72453,109990,40648,12193,21,11630,3342,-906,644
2025-07-04,313000,314500,307000,310500,237717,73811128500,-2.5118,14464,-35184,20577,4195,17970,-8558,-1017,-3,7990,92,51,0
2025-07-07,327500,331000,306500,315000,610772,192393180000,1.4493,-18994,-7027,23443,36976,18114,1688,8647,220,-42202,1587,991,0
2025-07-08,314000,318500,305000,307000,325080,99799560000,-2.5397,87377,-13763,-74543,-2783,-18029,-35519,-5196,0,-13016,1330,-401,0
2025-07-09,310000,316000,302000,305000,246419,75157795000,-0.6515,20238,-27075,5603,-3573,153,-5325,-3496,0,17844,1333,-99,0
2025-07-10,309500,318000,307000,318000,583717,185622006000,4.2623,-103533,-22209,126439,-17483,25723,-22076,1010,0,139195,-703,6,70
2025-07-11,316000,326000,315000,321500,390914,125678851000,1.1006,-125081,33254,96629,32256,12914,1232,5662,0,44571,-4358,-444,-6
2025-07-14,321000,321000,313500,315000,191507,60324705000,-2.0218,84719,-46114,-40059,-12717,-9248,-358,-6463,23,-11297,1449,5,1
2025-07-15,317000,319000,314500,316500,137843,43627309500,0.4762,16799,-11326,-4154,14643,-4863,310,-1107,-2,-13223,-1448,129,88
2025-07-16,315000,315500,310500,311000,155707,48424877000,-1.7378,34720,-6638,-28709,471,-12975,238,-3041,6,-13408,317,310,0
2025-07-17,314500,318500,310500,317000,146499,46440183000,1.9293,-44943,30996,14049,-1189,4247,294,1091,0,9606,24,-126,0
2025-07-18,317000,323000,317000,322500,281309,90722152500,1.735,-68787,16779,51384,12067,22774,7204,1406,5,7927,624,0,1
2025-07-21,324500,333000,320000,331000,329882,109190942000,2.6357,-124393,12051,114112,13010,34673,22921,2485,-15,40849,-1519,-251,189
2025-07-22,333000,341500,330000,333500,298394,99514399000,0.7553,-103720,50914,51729,25836,16744,4255,4946,-159,-44,1408,-331,151
2025-07-23,337500,339500,330000,336500,177219,59634193500,0.8996,-36905,-13665,50646,24554,5501,-2412,2577,-133,20559,10,-86,0
2025-07-24,340500,370000,340000,368000,1038021,381991728000,9.3611,-505467,207975,313393,147889,71540,40567,20747,-15,32524,-11734,-4167,141
2025-07-25,363500,366500,356500,363500,379275,137866462500,-1.2228,-40213,-88619,130110,51113,30477,-20416,7959,4,60327,-1571,293,646
2025-07-28,369500,384000,369500,380500,716214,272519427000,4.6768,-133833,-187447,323994,73925,89334,21765,33493,-12,104790,-3052,338,699
2025-07-29,373000,394500,370000,392000,623554,244433168000,3.0223,-131943,-281,142956,62349,39914,12707,13802,0,14184,-10131,-601,0
2025-07-30,390500,397000,382500,393000,676449,265844457000,0.2551,40139,-94220,55023,25189,24608,8026,7712,9,-10582,-939,-3,61
2025-07-31,400500,403000,377000,382500,694580,265676850000,-2.6718,31306,42951,-76716,6620,11447,-37639,198,1290,-58232,2421,38,-400
2025-08-01,382500,385000,371500,373000,339780,126737940000,-2.4837,-33367,6112,25548,24207,-15666,-10800,6325,25,21386,1940,-233,71
2025-08-04,379000,381000,369000,375500,299735,112550492500,0.6702,5203,-23794,20253,7606,8086,-9542,1505,0,11892,-1603,-59,706
2025-08-05,380500,393500,380000,386500,457186,176702389000,2.9294,24252,-66813,40993,34026,15115,11892,5695,1300,-27151,1109,459,116
2025-08-06,382500,391000,379500,384000,308979,118647936000,-0.6468,-20157,-7979,27960,41651,-17420,2025,-4732,0,6936,312,-136,-500
2025-08-07,387000,390000,380500,386500,208461,80570176500,0.651,-33326,-23010,55864,33679,-1461,2060,1777,0,20069,535,-63,-260
2025-08-08,385000,385500,374000,378500,268294,101549279000,-2.0699,7768,-12931,5171,-6150,-22541,-31434,-10580,1426,74450,-60,52,0
2025-08-11,382500,390000,380000,389000,317685,123579465000,2.7741,-71789,43100,30359,9237,3754,6777,-1204,-4,11799,-1579,-91,0
2025-08-12,384500,394500,382500,388500,199075,77340637500,-0.1285,-58758,16221,44394,20867,11882,815,1114,2,9725,-1639,-218,-11
2025-08-13,392500,392500,383000,389500,161247,62805706500,0.2574,-12450,-5795,21473,7176,8152,-2199,-526,-12,8882,-3157,-71,0
2025-08-14,391000,399500,391000,394000,316057,124526458000,1.1553,-62467,45689,14909,14837,29550,10290,14079,-4004,-49841,2026,-157,-2
2025-08-18,392000,393000,382500,383000,187924,71974892000,-2.7919,6601,-5654,-785,24003,32,-5204,-1486,-22,-18108,-172,10,0
2025-08-19,384000,386500,378000,384000,108072,41499648000,0.2611,-19071,2210,17126,18801,1481,-214,-652,2,-2292,-445,180,0
2025-08-20,378500,383500,375000,377500,149517,56442667500,-1.6927,-5748,19911,-13106,-7041,-182,-2806,-471,-2,-2599,-1072,15,-5
2025-08-21,379000,382000,371000,372500,166077,61863682500,-1.3245,6762,22924,-30138,1703,-8732,-7824,-1155,12,-14142,402,50,0
2025-08-22,373000,376000,365000,367500,168692,61994310000,-1.3423,18956,30296,-49076,-8044,-15505,-9946,-4349,-13,-11217,-169,-7,-2
2025-08-25,373000,380000,371000,380000,131387,49927060000,3.4014,-44959,20767,23754,10731,8104,1429,1700,-6,1796,315,123,0
2025-08-26,377500,386000,377500,381000,167140,63680340000,0.2632,-10676,23421,-13379,13790,-504,-824,4060,-8,-30593,406,228,700
2025-08-27,382500,382500,372000,373500,146277,54634459500,-1.9685,30673,-2185,-28107,7186,-5418,1010,-3781,6,-27110,-340,-41,0
2025-08-28,374500,377000,363000,364000,166059,60445476000,-2.5435,52635,-1285,-56894,-7599,-36164,-2481,-6807,0,-3758,5427,117,-85
2025-08-29,367000,367000,351500,352000,285675,100557600000,-3.2967,51893,3201,-54283,-14418,-38547,3478,-20458,9,15767,-893,82,-114
2025-09-01,352000,353500,345000,349000,122899,42891751000,-0.8523,9469,19237,-29556,-16976,-8186,-1946,-274,0,-2165,916,-66,-9
2025-09-02,349500,351500,345000,350000,144808,50682800000,0.2865,7869,-5353,-2386,4331,-7680,-2627,-2121,0,5711,117,-247,0
2025-09-03,353500,359500,347000,348500,222771,77635693500,-0.4286,85799,-34302,-51500,-15504,-5054,-9515,-1332,1400,-21495,-10,13,0
2025-09-04,365500,365500,350000,351000,381451,133889301000,0.7174,243342,-108293,-139316,-2888,-19051,-28495,-5809,0,-83071,3208,1059,-2
2025-09-05,350500,351000,342000,343000,199629,68472747000,-2.2792,78866,-15190,-64336,-31755,-13348,-743,-8497,0,-9494,511,149,-499
2025-09-08,337000,345500,336500,343500,185815,63827452500,0.1458,-29221,-5701,37843,9770,-9124,11677,363,-51,25208,-2813,-108,0
2025-09-09,344500,349000,341500,347000,169345,58762715000,1.0189,-28958,1285,29918,-11993,-744,11959,-2933,2,33629,-2199,-46,-2
2025-09-10,347500,347500,339500,340500,246196,83829738000,-1.8732,91664,-80872,-9564,-28793,-23047,607,-9510,0,51179,-1366,138,0
2025-09-11,347500,353000,344000,350000,381294,133452900000,2.79,-59625,4667,55592,-19139,-9450,-828,8029,0,76983,-616,-18,-3
2025-09-12,354500,356500,350500,355500,292617,104025343500,1.5714,25125,-80642,56043,-13499,56342,5440,-4220,-3586,15566,-513,-13,0
2025-09-15,356000,359000,352500,355500,211120,75053160000,0.0,-37524,15352,22887,-7207,54336,-496,-7591,3,-16158,-781,66,0
2025-09-16,357000,359000,346500,349500,293554,102597123000,-1.6878,36263,-54830,20737,655,67875,-1005,-11425,0,-35364,-1786,-384,1
2025-09-17,351000,356000,348000,350000,184541,64589350000,0.1431,-25984,1651,26075,24132,-3297,-859,-1887,0,7991,-1760,18,-5
2025-09-18,351500,354500,347000,354500,173795,61610327500,1.2857,-18485,6551,11097,7585,-1741,-1178,-1142,14,7559,710,127,0
2025-09-19,351500,354500,347500,349500,185906,64974147000,-1.4104,35472,-24435,-10244,-4994,-5473,-6730,801,0,6206,-757,-36,-54
2025-09-22,350000,355000,348000,349000,137479,47980171000,-0.1431,10714,-12386,322,-8160,-3776,-5995,-8121,0,26374,1331,19,0
2025-09-23,348500,357000,347000,357000,177389,63327873000,2.2923,-63065,23851,39463,18883,853,-942,271,2,20399,-190,-59,-3
2025-09-24,358500,361500,346500,348000,185199,64449252000,-2.521,73819,-5090,-69130,-36710,-15931,-1354,-2619,-2812,-9658,302,99,-46
2025-09-25,349500,363000,345500,361500,297003,107366584500,3.8793,-172468,78619,96522,45038,17060,10031,-1189,1187,24395,-2338,-335,0
2025-09-26,356000,356000,349000,349000,122326,42691774000,-3.4578,38669,-17936,-21462,-7641,-9648,-782,792,0,-2883,704,25,-1300
2025-09-29,350500,353500,349000,351500,134044,47116466000,0.7163,-17602,7465,10032,-7658,32996,-932,2809,0,-17183,65,40,0
2025-09-30,348500,355000,346500,347500,138045,47970637500,-1.138,9816,-11135,878,13682,-6394,-3417,-5553,0,2409,394,47,151
2025-10-01,349000,351000,341000,347500,141477,49163257500,0.0,14041,10012,-23773,-19111,-9641,10651,-3821,79,-1928,-364,84,-2
2025-10-02,350000,399000,347500,399000,644612,257200188000,14.8201,-140150,4449,139356,-32373,-7960,16006,-6652,-3,170431,-2961,-694,-93
2025-10-10,367500,367500,352500,359500,541859,194798310500,-9.8997,213569,-142521,-73321,-3655,-8963,-2862,-8310,-2,-49461,1588,685,-68
2025-10-13,363500,366500,352500,360000,378056,136100160000,0.1391,51509,49489,-96836,-21930,-6301,4001,-1861,16,-70762,-3401,-761,1
2025-10-14,361000,389500,361000,385000,859960,331084600000,6.9444,-363368,95373,270108,113099,46108,34973,21056,-11,54854,-1154,-959,29
2025-10-15,384000,387500,375000,386500,320758,123972967000,0.3896,-18240,8657,8009,-4044,17276,451,735,-200,-6209,1207,367,0
2025-10-16,385500,421000,385500,420500,874761,367837000500,8.7969,-381974,123268,269837,56197,53153,45211,12022,-1011,103266,-10019,-1112,999
2025-10-17,416000,443000,411500,434000,946272,410682048000,3.2105,-168465,76267,95110,41825,32881,-33009,7487,583,45478,-2951,39,-135
2025-10-20,433000,435000,421000,432500,382756,165541970000,-0.3456,31482,-11883,-21499,21863,-5995,-40250,10,686,2252,1849,51,-65
2025-10-21,432500,449500,431000,437000,462927,202299099000,1.0405,-89476,-45939,133695,33880,4018,16265,-7324,328,86473,1589,131,55
2025-10-22,444000,458500,441000,454500,608320,276481440000,4.0046,-81806,-52711,134483,29165,29858,179,11793,46,63141,-237,271,301
2025-10-23,451000,457000,443000,447500,300756,134588310000,-1.5402,3368,23138,-29340,2186,-7024,-24877,-5362,0,5737,2759,75,0
2025-10-24,452000,496000,448500,492000,976594,480484248000,9.9441,-234922,166,227205,60583,70101,41732,14570,-328,40588,7860,-309,-41
2025-10-27,495000,499500,480000,495000,599572,296788140000,0.6098,-57012,68203,-7552,2209,21296,20045,-3179,-30,-47890,-3382,-257,-3
2025-10-28,494500,510000,485500,510000,560608,285910080000,3.0303,-132135,73870,56334,25496,9770,24419,659,-43,-3966,2321,-390,-1
2025-10-29,510000,527000,505000,514000,439194,225745716000,0.7843,-58844,32474,32827,28339,5387,-17094,3663,-140,12551,-6355,-102,121
2025-10-30,511000,522000,483000,486500,728528,354428872000,-5.3502,-26399,172872,-132640,-35026,-28730,-56115,-13848,50,1456,-13370,-463,-427
2025-10-31,476500,491500,469500,473000,499652,236335396000,-2.7749,59476,53900,-111119,-32579,-34245,-28897,-13019,8,-2247,-2021,-236,-140
2025-11-03,480000,480500,465500,475500,337955,160697602500,0.5285,6905,-21894,8682,13695,-3578,-120,-6618,6,5296,6125,182,1
2025-11-04,490000,492000,472000,473000,397941,188226093000,-0.5258,18855,48114,-43970,-44967,8333,-6713,-1718,7,1089,-23062,63,-1
2025-11-05,469000,472000,452000,464000,443887,205963568000,-1.9027,-46439,83105,-20560,639,-9028,-5991,-7079,423,311,-15696,-410,165
2025-11-06,481500,495000,469500,470000,600184,282086480000,1.2931,-23715,-11936,66894,4344,42560,-3152,6134,43,17529,-31555,312,-564
2025-11-07,470000,481000,457000,463500,279860,129715110000,-1.383,20171,-18104,8778,5641,-13274,6958,3133,218,6102,-11009,164,0
2025-11-10,465500,470000,457500,465500,244077,113617843500,0.4315,13446,-37036,38067,20183,4179,-7407,-2220,32,23300,-14505,28,0
2025-11-11,471500,490000,467500,473000,396429,187510917000,1.6112,-41681,-46104,110524,20344,8367,14538,702,-2,66594,-23133,394,-19
2025-11-12,481500,481500,470500,475500,258727,123024688500,0.5285,-8044,-23662,49344,-13658,12848,5373,1862,2,42759,-17760,122,158
2025-11-13,475000,491500,468000,484500,617757,299303266500,1.8927,-13911,58914,-21462,-35491,12529,9140,3971,0,-11611,-23348,-193,0
2025-11-14,470000,480500,461000,463000,282819,130945197000,-4.4376,40406,11836,-39097,-8782,-14467,-21166,96,105,5204,-13481,336,-87
2025-11-17,469000,469000,456000,463000,157725,73026675000,0.0,7035,29286,-22317,-12991,-4704,-5594,31,814,127,-14104,100,0
2025-11-18,461000,465500,443000,443000,291156,128982108000,-4.3197,22744,64792,-66406,-6643,-13573,-20192,-3061,-600,-22237,-20879,-251,-100
2025-11-19,444000,446000,428500,437500,249097,108979937500,-1.2415,-17019,45152,-7798,14636,-17248,-8842,-1294,0,4950,-20056,-279,0
2025-11-20,445500,449500,440500,441000,156626,69072066000,0.8,4199,-1153,11948,-21778,14501,1218,-1400,47,19345,-14900,-94,15
2025-11-21,428000,432000,422500,425500,242702,103269701000,-3.5147,1328,43623,-29304,-15369,-22118,-2022,-442,0,10939,-15725,78,-292
2025-11-24,429500,429500,412000,412000,438358,180603496000,-3.1727,14496,34689,-26748,-10121,-17302,-22090,-529,0,23294,-22236,-201,0
2025-11-25,419500,419500,412000,413500,240842,99588167000,0.3641,4345,4157,10832,11307,-4674,6879,-918,-2,-1760,-19362,28,0
2025-11-26,419000,436000,418500,435500,415285,180856617500,5.3204,-28453,-57348,115518,25263,35869,1958,187,0,51679,-29282,-435,562
2025-11-27,437000,444500,432500,438000,363930,159401340000,0.5741,-9214,11121,23829,5226,5588,-844,361,0,13497,-25392,-344,1
2025-11-28,441500,442500,408000,408000,712913,290868504000,-6.8493,373051,-96982,-256409,-129354,-57755,-16536,-20725,3,-31864,-21052,1392,-178
2025-12-01,411500,417500,406000,413000,286573,118354649000,1.2255,-39020,37630,21845,13798,-1856,-12136,-975,-500,23726,-20441,-14,-212
2025-12-02,415000,416000,410000,415000,200833,83345695000,0.4843,5682,-31822,40913,6017,-13871,4797,-1160,0,45130,-14650,-123,0
2025-12-03,416000,424500,413500,418000,231552,96788736000,0.7229,-19416,37131,-2172,-30744,551,10582,-450,-2,17954,-15649,106,-63
2025-12-04,420500,422500,405500,410000,381430,156386300000,-1.9139,96227,-52983,-23117,-21532,-13725,-5163,-3154,0,20457,-20546,419,0
2025-12-05,413500,427000,412500,426000,438931,186984606000,3.9024,-56023,8957,73488,20759,6707,8461,2644,-6,34924,-26536,114,-1
2025-12-08,435500,455000,425000,451500,593075,267773362500,5.9859,-59913,40138,57173,10238,33564,-2166,1252,4,14258,-38350,952,23
2025-12-09,444000,451000,438500,443500,232158,102962073000,-1.7719,32637,-31297,13886,11311,-1231,1139,-836,2002,1797,-15299,73,-296
2025-12-10,451000,452500,438500,441500,204015,90072622500,-0.451,36383,-25506,-554,18357,-24483,-3621,-4542,-171,13950,-10368,45,-44
2025-12-11,446000,446000,433000,446000,715032,318904272000,1.0193,-8133,-165946,197588,-36745,251537,10291,43573,2,-71070,-23497,-12,0
2025-12-12,445000,446500,437500,445500,215489,96000349500,-0.1121,16995,-29907,25976,-1955,21561,-11226,676,6,16913,-13067,3,1
2025-12-15,439000,449000,433500,442500,192535,85196737500,-0.6734,-12761,5975,16456,12113,20500,-6351,-617,4,-9250,-9533,-137,57
2025-12-16,441000,441500,414000,418000,397656,166220208000,-5.5367,103060,34017,-123764,-75105,-39787,-13766,-6107,4,10996,-13529,216,1
2025-12-17,422500,425500,413000,415500,265161,110174395500,-0.5981,62314,25496,-68385,-41139,-28835,-3235,-5667,18,10472,-19430,5,1
2025-12-18,392000,393500,377000,378500,720096,272556336000,-8.9049,213257,-23780,-181076,-118139,-58003,-7855,-15069,-55,18876,-8981,580,-831
2025-12-19,381000,381000,365500,379000,641564,243152756000,0.1321,45635,96381,-106112,-92791,-53525,-12981,-4563,-558,58489,-35981,77,-183
2025-12-22,385000,391500,380000,389500,297525,115885987500,2.7704,-44187,52337,10095,-11655,-9668,-6716,-1541,0,39253,-18347,102,422
2025-12-23,391000,392000,383500,388000,184844,71719472000,-0.3851,4682,6527,1023,-14960,-19476,12079,1011,0,22368,-12343,111,1
2025-12-24,390500,398500,388000,390500,173638,67805639000,0.6443,7054,24861,-19347,-10114,-11096,-3654,-1134,0,6651,-12676,108,0
2025-12-26,391500,391500,381000,383500,206573,79220745500,-1.7926,39997,20558,-46580,-55432,-8602,3776,-313,2,13988,-14103,128,1
2025-12-29,370000,381500,367000,380000,348113,132282940000,-0.9126,-12345,134125,-93013,-68794,-26149,-10548,-2969,9,15438,-28886,119,0
2025-12-30,375000,375000,366000,368500,344347,126891869500,-3.0263,91968,47476,-121919,-78331,-22063,-11409,-4015,2,-6016,-17871,346,-87
2026-01-02,368500,368500,358500,361000,329529,118959969000,-2.0353,70869,40649,-91982,-37710,-34362,4079,-9448,-9,-14523,-18923,-613,-9
2026-01-05,358500,373500,358500,371500,355352,132013268000,2.9086,-12889,51646,-17512,-14791,1042,5311,-9319,14,328,-21226,-19,-97
2026-01-06,379000,383000,373500,378000,316118,119492604000,1.7497,19012,21544,-24790,-31988,1332,3731,-3651,12,5774,-17014,1248,0
2026-01-07,378500,383500,367500,370500,275402,102036441000,-1.9841,92977,-1562,-75191,-27063,-14011,-4606,-8167,-101,-21144,-16311,87,-99
2026-01-08,369000,371000,363500,366000,413793,151448238000,-1.2146,68093,28909,-73203,-13640,-11247,2361,-6471,8,-44191,-23336,-463,-23
2026-01-09,370000,371000,361000,363000,344929,125209227000,-0.8197,85425,-6656,-60349,-62478,-8850,8018,-12982,4,15854,-19540,1120,85
2026-01-12,364500,379500,363000,379000,429789,162890031000,4.4077,-107471,55652,78247,8251,23604,12781,-2010,-15,35628,-25305,-1123,8
2026-01-13,385500,394500,378000,394000,473453,186540482000,3.9578,-23720,-20641,71891,15548,31015,-8970,-2737,-3,37016,-27179,-351,22
2026-01-14,394000,396000,387000,389500,270844,105493738000,-1.1421,2942,15666,-2154,-7429,-8230,366,-1625,0,14764,-16316,-138,0
2026-01-15,390000,395500,384500,392000,284050,111347600000,0.6418,28666,-10891,80,-15641,2182,-3900,-5950,9,23380,-17793,-62,0
2026-01-16,394000,398000,388000,391000,289648,113252368000,-0.2551,-10167,81318,-54640,-28730,-13269,-11088,-6117,-1,4565,-16712,201,0
2026-01-19,389500,401000,384000,398500,408315,162713527500,1.9182,1131,48353,-28463,-20356,7031,-124,-5483,-30,-9499,-21173,152,-2
2026-01-20,398000,413500,396500,403000,455475,183556425000,1.1292,-31034,41390,14015,-11218,11128,8772,50,5,5391,-24533,162,-113
2026-01-21,395500,398000,389000,394500,280563,110682103500,-2.1092,21929,42046,-54285,-34227,-15533,-3160,-3688,-80,2402,-9870,180,1
2026-01-22,397500,418000,395500,417000,680002,283560834000,5.7034,-96179,49693,82551,21587,24530,1231,4771,1911,28628,-35900,-165,-107
2026-01-23,427500,430500,407000,412000,486387,200391444000,-1.199,70551,-29141,-10910,-23283,-4082,11925,-701,-53,5284,-30203,-297,0
2026-01-26,415000,422000,411000,416000,323197,134449952000,0.9709,17334,23027,-23964,8561,7399,-2901,164,-129,-36562,-16619,222,-496
2026-01-27,410000,416500,404500,408500,330244,134904674000,-1.8029,37553,43400,-63880,-24615,-9304,-32734,-4910,18,7768,-16588,-485,-103
2026-01-28,421500,455000,421500,431000,1462794,630464214000,5.508,162975,-98741,51220,57374,39410,13229,3204,6513,-68520,-116132,678,10
2026-01-29,435000,435000,411500,416500,709422,295474263000,-3.3643,266099,-85157,-137993,-23070,-10597,-9287,-3606,-4273,-87158,-43752,803,-2
2026-01-30,417000,419500,398000,398000,579004,230443592000,-4.4418,234293,-120482,-79384,-15678,-21591,-3823,-4627,-2161,-31504,-34951,524,0
2026-02-02,392500,400500,379000,380000,401037,152394060000,-4.5226,101897,22955,-100794,-13792,-3296,-1931,-785,69,-81060,-24486,428,1
2026-02-03,391000,391500,381500,391000,271188,106034508000,2.8947,60861,-78030,35455,10660,7859,551,-3851,-48,20284,-18386,100,0
2026-02-04,398000,405000,394000,402500,337066,135669065000,2.9412,20713,-54953,61074,18086,15962,3079,-728,66,24609,-26867,33,0
2026-02-05,399500,408500,392000,395000,338536,133721720000,-1.8634,56012,8582,-39597,1267,-7526,-5506,2288,16,-30158,-25135,138,22
2026-02-06,383500,386000,377000,385000,265446,102196710000,-2.5316,38130,-18311,-1563,3561,-9640,-12292,-216,12,17012,-18461,205,0
2026-02-09,398000,401500,388000,394500,230057,90757486500,2.4675,27926,-23170,14204,-20824,3451,-1416,-2281,1,35317,-19015,55,-44
2026-02-10,397500,399000,386500,390500,302157,117992308500,-1.0139,70320,-47881,-529,9716,-1378,-1890,-2863,-46,-4067,-21860,-50,-1
2026-02-11,393500,397500,388000,392000,187479,73491768000,0.3841,24776,-2674,-5729,-5311,-5636,837,-77,-53,4511,-16375,2,0
2026-02-12,400000,411000,393000,410000,583824,239367840000,4.5918,-141888,22282,162755,16472,22638,-1232,-4423,-7,129308,-42681,-468,-1
2026-02-13,404000,404500,394500,395000,321449,126972355000,-3.6585,146342,-61727,-64746,-16414,-21213,-4869,-2061,4,-20194,-20215,346,1
2026-02-19,399500,403500,395500,403500,267049,107754271500,2.1519,-13735,13699,22829,14033,8909,-4155,-6534,1,10627,-24006,1213,-52
2026-02-20,403500,406500,400000,401500,219069,87956203500,-0.4957,24826,8136,-12456,14380,-10279,-14114,-5375,15,2916,-20588,82,1
2026-02-23,403500,405000,395500,396000,268719,106412724000,-1.3699,77406,27025,-79587,-41770,-11846,-1727,-8365,40,-15918,-25172,328,-1
2026-02-24,407000,416500,403000,412500,588995,242960437500,4.1667,-153430,94829,121640,42675,28335,12109,5423,-46,33144,-62580,-459,0
2026-02-25,417500,429000,409000,426000,650523,277122798000,3.2727,-101262,107782,41117,5136,5178,410,-4353,-17,34799,-45977,-1660,-36
2026-02-26,431500,440000,419000,427000,540625,230846875000,0.2347,30809,33361,-19646,-26736,26732,38,118,-20,-19774,-44477,-47,-4
2026-02-27,420000,434000,415500,427000,591387,252522249000,0.0,-21180,39592,15044,83,10335,354,-11266,15,15523,-33867,411,0
2026-03-03,414500,418000,389000,393000,489727,192462711000,-7.9625,40898,45413,-63828,-16828,-22046,12294,4321,27,-41597,-21458,-1025,1
2026-03-04,380000,390000,346000,347500,826847,287329332500,-11.5776,2079,178845,-133359,-14838,-27137,-9191,-2313,-87,-79796,-47090,-475,3
2026-03-05,376500,382000,366000,371500,541523,201175794500,6.9065,99832,5982,-25283,-11005,29831,-17645,-2398,-157,-23908,-80983,452,-1
2026-03-06,372000,382500,365000,377500,350799,132426622500,1.6151,60048,16607,-47573,-17645,-27367,-712,-334,97,-1612,-29134,52,0
2026-03-09,360000,364500,350500,359500,414051,148851334500,-4.7682,70901,23673,-72980,-11020,-62930,4119,-348,2,-2772,-21985,391,-31
2026-03-10,375500,376500,360000,367000,298332,109487844000,2.0862,63043,-29707,-6606,-33470,6578,-8144,-1107,3,29533,-26807,77,1
2026-03-11,375000,380750,367000,369500,263280,97281960000,0.6812,23029,10956,-8598,-35740,-903,-3283,-1683,0,33022,-25424,37,-11
2026-03-12,369500,384000,367000,384000,345803,132788352000,3.9242,-26291,-66089,113714,-26480,104670,9706,630,0,25188,-21387,53,0
2026-03-13,370000,372500,363500,369000,370087,136562103000,-3.9062,96328,-89642,17556,-14898,74245,-3014,-6026,-2,-32750,-24796,554,1
2026-03-16,368500,373000,363500,366000,280349,102607734000,-0.813,17385,-62869,69738,-7765,85045,-1403,-355,2,-5786,-24258,4,0
2026-03-17,371000,380500,370000,380500,345242,131364581000,3.9617,-69510,8660,89302,295,102196,-28224,-1892,0,16929,-28510,58,-2
2026-03-18,390500,390500,381500,383500,279721,107273003500,0.7884,75591,-20090,-13574,-19356,-1650,-29156,-3920,-4,41662,-42176,249,-1150
2026-03-19,374500,378500,371000,371000,213253,79116863000,-3.2595,70328,18665,-73261,-6672,-18287,-28219,-34,-4,-20046,-15893,161,1
2026-03-20,377000,378000,372000,375500,200932,75449966000,1.2129,34029,-9360,-8328,-2364,-17187,41,-2090,3,13269,-16471,130,0
2026-03-23,362000,365000,355000,356000,302070,107536920000,-5.1931,82444,6010,-70584,9589,-63397,1070,300,0,-18147,-18208,338,1
2026-03-24,371500,392500,368000,392500,656541,257692342500,10.2528,-272638,146571,183602,70580,14566,12056,12725,-40,72480,-57251,-284,1235
2026-03-25,392000,400000,386500,394000,352715,138969710000,0.3822,-52433,6397,75052,25139,15440,-1446,-314,-297,36518,-28751,-265,12
2026-03-26,392500,393000,380000,384500,274503,105546403500,-2.4112,16100,40273,-36709,-11983,-21594,2059,460,2,-5653,-19748,84,0
2026-03-27,374000,396000,366000,394500,372863,147094453500,2.6008,-36129,67614,-5764,-15658,3336,-2964,2983,-44,6582,-25620,-101,1
2026-03-30,379500,414000,377000,410000,747897,306637770000,3.929,-247627,47834,256858,140165,43793,32152,16732,542,23449,-56681,-384,25
2026-03-31,406000,410000,390500,394500,518297,204468166500,-3.7805,-13688,489,37428,24396,34985,-12448,5677,32,-15214,-23997,-232,0
2026-04-01,409500,410000,393500,407000,343583,139838281000,3.1686,-38785,-18632,77437,9581,24010,692,-2013,0,44069,-19692,-328,1098
2026-04-02,407500,421500,399500,404500,532803,215518813500,-0.6143,-138795,58141,109391,87663,35228,9117,17995,583,-41239,-28461,-276,44
2026-04-03,410000,414500,396500,398500,254074,101248489000,-1.4833,41591,-36308,8279,19645,12905,-28711,737,0,3703,-13393,-169,0
2026-04-06,399500,418000,399500,412500,393045,162131062500,3.5132,-135532,43503,112106,16947,44289,39259,5303,-1000,7264,-19957,-120,44
2026-04-07,408000,423000,406000,408500,311134,127098239000,-0.9697,-47756,49116,18099,22309,22001,-9577,4777,0,-21426,-19376,-83,15
2026-04-08,419500,422000,400500,406000,521932,211904392000,-0.612,210478,-79350,-105555,-45279,-6852,-38549,-10956,-37,-3848,-26003,430,-34
2026-04-09,408000,422000,403000,421000,719468,302896028000,3.6946,-272075,179851,123838,22175,82626,26836,7049,-20,-15755,-31363,-251,927
2026-04-10,421000,421000,410500,412000,273394,112638328000,-2.1378,93658,-20468,-57899,-16600,-5258,-8317,-2315,-523,-25208,-15264,-27,322
2026-04-13,409500,414500,399000,401500,218403,87688804500,-2.5485,86326,-10968,-64113,1084,-9519,-7435,-540,3,-47739,-11437,192,33
2026-04-14,406500,406500,399500,400000,269254,107701600000,-0.3736,79935,-50961,-15055,-15903,4306,-12128,-2962,1,11201,-14208,289,430
2026-04-15,406000,412000,403500,408000,272401,111139608000,2.0,-37831,38263,19029,-10423,-5844,15122,-9366,0,29530,-19178,-283,10
2026-04-16,412000,416500,408500,416000,317064,131898624000,1.9608,-97090,36971,77773,-957,30865,33138,-55,330,14260,-17001,-653,192
2026-04-17,415500,422000,412000,418000,336530,140669540000,0.4808,1582,-1441,16700,-902,3878,18211,1244,-122,-5783,-16803,-38,174
2026-04-20,419500,435500,416500,429000,563779,241861191000,2.6316,-114485,103084,40478,13051,25469,14216,7464,4,-19938,-28791,-286,212
2026-04-21,441500,478000,434000,478000,1363543,651773554000,11.4219,-304889,182355,191253,79386,92677,25878,16939,48,-24765,-66950,-1769,1090
2026-04-22,491500,493000,468000,484500,880220,426466590000,1.3598,54219,-38022,11409,35046,30199,4359,376,13,-58568,-27815,209,-16
2026-04-23,481500,484000,460000,466500,529996,247243134000,-3.7152,46371,-50453,16616,34524,29153,-2745,-1764,0,-42582,-12640,106,30
2026-04-24,473000,486000,464000,481000,402718,193707358000,3.1083,-71659,18655,65185,29728,35359,-1066,137,6,1020,-12403,222,1
2026-04-27,478500,481000,461000,464000,433687,201230768000,-3.5343,168173,-83732,-60658,-10772,-21484,-18209,-866,24,-9380,-24377,594,29
2026-04-28,471500,478000,465000,472000,431570,203701040000,1.7241,6305,27433,-9874,27291,-7783,-422,-3251,-213,-24972,-23912,48,-524
2026-04-29,472000,476000,464000,473000,306780,145106940000,0.2119,36054,-11367,242,21985,18401,-8916,1790,0,-33050,-24890,-39,32
2026-04-30,471000,471500,457000,460500,485223,223445191500,-2.6427,69428,-45718,1973,8640,1653,-7576,3054,8,-3830,-26029,346,24
2026-05-04,469000,478000,461000,472000,425260,200722720000,2.4973,-55364,15433,70368,43935,11651,11305,-273,-5,3800,-30432,-5,-45
2026-05-06,476000,486500,466000,482000,589631,284202142000,2.1186,-42023,52716,30990,20142,15463,20047,-13128,-412,-11203,-41529,-154,81
2026-05-07,482000,483000,464000,483000,463457,223849731000,0.2075,-39787,13738,53884,14167,40306,9427,-1162,-238,-8616,-27700,-135,0
2026-05-08,479500,489500,471500,476500,353449,168418448500,-1.3458,8323,11997,3082,-4358,-16245,-2208,-2277,-193,28370,-23276,-126,-7
2026-05-11,478000,478500,463000,468000,407574,190744632000,-1.7838,34915,26910,-25875,-14238,-8097,788,-9963,-12,7543,-36068,118,-1896
2026-05-12,470000,480000,430500,443000,668326,296068418000,-5.3419,47332,65783,-82917,-10269,-25258,-6099,-6079,-22,-34484,-31043,845,-706
2026-05-13,443500,445000,425000,430000,455234,195750620000,-2.9345,61666,45151,-76510,-18802,-11040,-4113,-9210,5,-33295,-30667,360,-55
2026-05-14,447000,447000,432000,442000,368128,162712576000,2.7907,-9356,14681,20108,-8763,14092,920,-7171,-3009,24048,-25275,-158,-9
2026-05-15,450000,470000,410500,417000,798242,332866914000,-5.6561,96044,-11680,-53436,22626,-17884,-34608,1137,4,-25711,-32527,1599,1000
2026-05-18,414500,416500,391500,408000,373359,152330472000,-2.1583,28755,24700,-22740,-4279,-632,-16406,-3931,-681,3669,-30732,17,-480
2026-05-19,411000,416000,389500,400000,376633,150653200000,-1.9608,-664,5916,23540,-3309,-17190,2604,-156,0,41591,-28760,-32,0
2026-05-20,404000,406000,382000,384500,411862,158360939000,-3.875,18287,31376,-19959,-14552,-37372,4216,-1477,-2,29226,-29131,-573,2
2026-05-21,397500,401000,391000,401000,300978,120692178000,4.2913,65696,-48761,4657,-26242,-6877,-4838,-3034,2,47279,-21839,247,-1633
2026-05-22,411500,416000,394500,398500,435706,173628841000,-0.6234,142504,-66912,-48020,-66613,-6245,-5053,-5340,6,35219,-28267,695,6
2026-05-26,408000,411000,397000,399500,321431,128411684500,0.2509,77127,41519,-94523,-47725,-8371,-28815,-11352,12,1736,-24198,75,-8
2026-05-27,400500,404000,383000,383500,463463,177738060500,-4.005,153165,9077,-133742,-9088,-45121,-27101,-13809,13,-38267,-28716,216,-369
2026-05-28,429500,447000,413000,442000,1665103,735975526000,15.2542,-58818,92096,67317,90266,46203,15106,1610,-68,-85806,-102366,1771,6
2026-05-29,444500,465000,432000,458000,1260652,577378616000,3.6199,-174653,34982,210151,62449,50343,39549,18764,0,38236,-69734,-746,810
2026-06-01,469500,476000,446000,455000,778389,354166995000,-0.655,-55435,133890,-24389,8276,-19431,-10043,-6398,54,4269,-54093,27,-1116
2026-06-02,458500,497500,438000,442500,1496730,662303025000,-2.7473,-66987,84811,66473,45791,-6772,-7203,11362,433,22808,-87745,3448,54
2026-06-04,448000,463000,413500,422000,708012,298781064000,-4.6328,82265,-66338,18854,-14252,14191,7155,-1262,0,13090,-31645,-3136,-68
2026-06-05,422500,428500,405500,414000,445122,184280508000,-1.8957,-17193,24529,22639,-4115,-2941,32767,-304,12,-2781,-28321,-1654,1
2026-06-08,388500,404000,383000,388500,422550,164160675000,-6.1594,38559,45715,-72711,6366,-57289,-2349,4754,-943,-23221,-11883,320,-29
2026-06-09,393500,401500,385500,396500,420962,166911433000,2.0592,13703,23348,-11073,-9880,-24865,7751,-5906,3,21825,-26108,130,-1
2026-06-10,393000,407000,375000,385500,353989,136462759500,-2.7743,65086,5180,-48027,-5704,-35836,-2336,-6962,50,2762,-22115,-124,-1
2026-06-11,377000,392000,367000,384500,449781,172940794500,-0.2594,26160,-16868,14512,-17067,1510,-2186,-1789,0,34059,-23894,90,-15
2026-06-12,399500,414000,392000,400000,459206,183682400000,4.0312,-13001,20306,22261,-23648,-7518,9669,-2121,0,45881,-29656,90,-2
2026-06-15,412000,425000,407000,420500,312604,131449982000,5.125,-52288,45133,33941,-3043,1732,2739,-6531,-63,39112,-26408,-378,-5
2026-06-16,423000,423500,406500,410500,327489,134434234500,-2.3781,27226,71842,-72621,-23482,-43939,3126,-8460,0,180,-24754,-1693,-46
2026-06-17,414000,421500,406000,416000,224023,93193568000,1.3398,-15912,48578,-14013,-14498,-6429,-3204,-900,-38,11079,-20565,1912,-23
2026-06-18,411500,415000,398000,400000,341036,136414400000,-3.8462,34178,76241,-89899,-16395,-18026,-31639,-6131,258,-17938,-20520,0,-28
2026-06-19,402000,422000,391000,404500,746415,301924867500,1.125,-41317,148997,-73868,-37285,-19436,12537,-16395,25,-13309,-34374,562,-5
2026-06-22,407500,407500,385000,385500,358905,138357877500,-4.6972,93213,-2147,-71434,-15043,-22195,-1359,-93,12,-32756,-20504,872,0
2026-06-23,387500,399500,360000,362000,484181,175273522000,-6.096,30291,78238,-82699,-8786,-47701,-4260,942,-460,-22298,-24355,-1475,-136
2026-06-24,364500,368500,354000,365500,353220,129101910000,0.9669,48020,-31812,9786,2591,-16967,673,3019,-14,20483,-24953,-1041,1
2026-06-25,371000,374000,352000,352000,448299,157801248000,-3.6936,88979,50921,-124341,-51032,-58762,-3738,-4536,-14,-4935,-15493,-66,-1324
2026-06-26,353000,356500,323000,331500,582890,193228035000,-5.8239,62943,7811,-71553,4765,-59855,-9156,-5840,-3,-1457,686,113,-7
2026-06-29,336000,400500,334000,400500,833095,333654547500,20.8145,-198241,157637,81990,62686,42709,11971,1619,8,-36833,-40762,-624,-170
2026-06-30,391500,392000,362000,362000,672385,243403370000,-9.613,220307,-119568,-58896,-25928,-27126,-17219,66,41,11324,-42338,495,-54
2026-07-01,366500,366500,345000,348000,395443,137614164000,-3.8674,127948,-26422,-85535,-30029,-41508,-7625,-5628,-1,-747,-16278,287,3
2026-07-02,348500,363500,339000,354000,358138,126780852000,1.7241,-66668,14247,80911,19507,10362,757,-1996,6,51275,-28414,-76,1000
2026-07-03,359500,363500,342500,362500,397490,144090125000,2.4011,-10248,81525,-34946,-29591,-5650,-2566,1788,60,1013,-36435,104,0
2026-07-06,362000,362500,347500,354500,330389,117122900500,-2.2069,17261,-3492,4013,4865,-14008,-28035,-3123,-1,44314,-18389,607,1
2026-07-07,350000,352000,323000,332000,564535,187425620000,-6.347,158722,38220,-198176,-93370,-36226,-51011,-9391,0,-8182,-1846,3080,4
2026-07-08,329000,329500,312500,315500,372285,117455917500,-4.9699,41537,-19368,-26434,-13298,-15873,-26721,-168,0,29625,3185,1080,1
2026-07-09,316000,333500,309500,313500,505757,158554819500,-0.6339,-30075,2631,27440,5372,-14920,-4948,1448,0,40487,100,-96,1
2026-07-10,323000,333000,321500,326000,263154,85788204000,3.9872,-2963,1866,979,-20343,10839,-10080,308,0,20255,60,58,0
